Date,Timestamp,SensorID,HeartRate,AccNorm
2026-05-25,2026-05-25 11:07:11,V002,,1.0151648740423878
2026-05-25,2026-05-25 11:07:12,V002,,1.016130702619541
2026-05-25,2026-05-25 11:07:13,V002,,1.0157149164505535
2026-05-25,2026-05-25 11:07:14,V002,,1.0159129289705873
2026-05-25,2026-05-25 11:07:15,V002,,1.0152953701723753
2026-05-25,2026-05-25 11:07:16,V002,,1.0146741117039904
2026-05-25,2026-05-25 11:07:17,V002,,1.015021062087027
2026-05-25,2026-05-25 11:07:18,V002,,1.0148419948141896
2026-05-25,2026-05-25 11:07:19,V002,,1.0158694605616228
2026-05-25,2026-05-25 11:07:20,V002,,1.0161770961726195
2026-05-25,2026-05-25 11:07:21,V002,,1.0142934840615923
2026-05-25,2026-05-25 11:07:22,V002,,1.0141490768206887
2026-05-25,2026-05-25 11:07:23,V002,,1.0156079998764207
2026-05-25,2026-05-25 11:07:24,V002,,1.0135554352871334
2026-05-25,2026-05-25 11:07:25,V002,,1.0151378353722325
2026-05-25,2026-05-25 11:07:26,V002,,1.014544806182064
2026-05-25,2026-05-25 11:07:27,V002,,1.0146824089503574
2026-05-25,2026-05-25 11:07:28,V002,,1.0142984612830852
2026-05-25,2026-05-25 11:07:29,V002,,1.0144645443385718
2026-05-25,2026-05-25 11:07:30,V002,,1.0145972720189944
2026-05-25,2026-05-25 11:07:31,V002,,1.0148673710652283
2026-05-25,2026-05-25 11:07:32,V002,,1.0146385192595697
2026-05-25,2026-05-25 11:07:33,V002,,1.0154259578546172
2026-05-25,2026-05-25 11:07:34,V002,,1.0146479871826393
2026-05-25,2026-05-25 11:07:35,V002,,1.015141340981168
2026-05-25,2026-05-25 11:07:36,V002,,1.015164370848911
2026-05-25,2026-05-25 11:07:37,V002,,1.0145304002065094
2026-05-25,2026-05-25 11:07:38,V002,,1.015429301835237
2026-05-25,2026-05-25 11:07:39,V002,,1.015310836911877
2026-05-25,2026-05-25 11:07:40,V002,,1.0156480656477
2026-05-25,2026-05-25 11:07:41,V002,,1.014456035097233
2026-05-25,2026-05-25 11:07:42,V002,,1.0157336735686577
2026-05-25,2026-05-25 11:07:43,V002,,1.0148406103605847
2026-05-25,2026-05-25 11:07:44,V002,,1.0151979835724472
2026-05-25,2026-05-25 11:07:45,V002,,1.0148680434530069
2026-05-25,2026-05-25 11:07:46,V002,,1.0147394493313089
2026-05-25,2026-05-25 11:07:47,V002,,1.014805991397003
2026-05-25,2026-05-25 11:07:48,V002,,1.0128083997861526
2026-05-25,2026-05-25 11:07:49,V002,,1.0154615879030722
2026-05-25,2026-05-25 11:07:50,V002,,1.0136340373128265
2026-05-25,2026-05-25 11:07:51,V002,,1.0142279159832652
2026-05-25,2026-05-25 11:07:52,V002,,1.0133779622562038
2026-05-25,2026-05-25 11:07:53,V002,,1.0129285920845281
2026-05-25,2026-05-25 11:07:54,V002,,1.0174560954339613
2026-05-25,2026-05-25 11:07:55,V002,,1.0153424056956148
2026-05-25,2026-05-25 11:07:56,V002,,1.0154220574554877
2026-05-25,2026-05-25 11:07:57,V002,,1.0145306604668747
2026-05-25,2026-05-25 11:07:58,V002,,1.0152138009192493
2026-05-25,2026-05-25 11:07:59,V002,,1.0149165487076297
2026-05-25,2026-05-25 11:08:00,V002,,1.014806664743118
2026-05-25,2026-05-25 11:08:01,V002,,1.0151924428933725
2026-05-25,2026-05-25 11:08:02,V002,,1.0146253636845208
2026-05-25,2026-05-25 11:08:03,V002,,1.0150210932437178
2026-05-25,2026-05-25 11:08:04,V002,,1.0129850205897344
2026-05-25,2026-05-25 11:08:05,V002,,1.014930055628035
2026-05-25,2026-05-25 11:08:06,V002,,1.0149965365446298
2026-05-25,2026-05-25 11:08:07,V002,,1.0152184722212343
2026-05-25,2026-05-25 11:08:08,V002,,1.0151726593716452
2026-05-25,2026-05-25 11:08:09,V002,,1.0139635421055355
2026-05-25,2026-05-25 11:08:10,V002,,1.0142711614065583
2026-05-25,2026-05-25 11:08:11,V002,,1.0146145530189046
2026-05-25,2026-05-25 11:08:12,V002,,1.0154699320424139
2026-05-25,2026-05-25 11:08:13,V002,,1.0147620855781367
2026-05-25,2026-05-25 11:08:14,V002,,1.0155524701394272
2026-05-25,2026-05-25 11:08:15,V002,,1.0150560615426583
2026-05-25,2026-05-25 11:08:16,V002,,1.015310913777087
2026-05-25,2026-05-25 11:08:17,V002,,1.014352029589604
2026-05-25,2026-05-25 11:08:18,V002,,1.0146768173775336
2026-05-25,2026-05-25 11:08:19,V002,,1.0145993906788584
2026-05-25,2026-05-25 11:08:20,V002,,1.0150772027996797
2026-05-25,2026-05-25 11:08:21,V002,,1.0144341655667357
2026-05-25,2026-05-25 11:08:22,V002,,1.0136078196397205
2026-05-25,2026-05-25 11:08:23,V002,,1.0139130613194833
2026-05-25,2026-05-25 11:08:24,V002,,1.014519003312215
2026-05-25,2026-05-25 11:08:25,V002,,1.0143468079412399
2026-05-25,2026-05-25 11:08:26,V002,,1.014780088763921
2026-05-25,2026-05-25 11:08:27,V002,,1.0151719538371582
2026-05-25,2026-05-25 11:08:28,V002,,1.0135506055897847
2026-05-25,2026-05-25 11:08:29,V002,,1.0157853592906931
2026-05-25,2026-05-25 11:08:30,V002,,1.0148838106607474
2026-05-25,2026-05-25 11:08:31,V002,,1.0129163791938023
2026-05-25,2026-05-25 11:08:32,V002,,1.0150026786234574
2026-05-25,2026-05-25 11:08:33,V002,,1.0159307349247564
2026-05-25,2026-05-25 11:08:34,V002,,1.0146333403072296
2026-05-25,2026-05-25 11:08:35,V002,,1.014175414433098
2026-05-25,2026-05-25 11:08:36,V002,,1.014269126203372
2026-05-25,2026-05-25 11:08:37,V002,,1.014850872657287
2026-05-25,2026-05-25 11:08:38,V002,,1.015311505737838
2026-05-25,2026-05-25 11:08:39,V002,,1.0149283728832235
2026-05-25,2026-05-25 11:08:40,V002,,1.0146695243249828
2026-05-25,2026-05-25 11:08:41,V002,,1.014540895386412
2026-05-25,2026-05-25 11:08:42,V002,,1.014807324723226
2026-05-25,2026-05-25 11:08:43,V002,,1.0137927382947758
2026-05-25,2026-05-25 11:08:44,V002,,1.0149491679476954
2026-05-25,2026-05-25 11:08:45,V002,,1.0153018758549883
2026-05-25,2026-05-25 11:08:46,V002,,1.0149011875429303
2026-05-25,2026-05-25 11:08:47,V002,,1.013829547492469
2026-05-25,2026-05-25 11:08:48,V002,,1.0149106049956333
2026-05-25,2026-05-25 11:08:49,V002,,1.014726710594116
2026-05-25,2026-05-25 11:08:50,V002,,1.014328284648483
2026-05-25,2026-05-25 11:08:51,V002,,1.0158387526631447
2026-05-25,2026-05-25 11:08:52,V002,,1.0145984019927037
2026-05-25,2026-05-25 11:08:53,V002,,1.018082555519731
2026-05-25,2026-05-25 11:08:54,V002,,1.0117353551420718
2026-05-25,2026-05-25 11:08:55,V002,,1.0150495563184654
2026-05-25,2026-05-25 11:08:56,V002,,1.015654963777119
2026-05-25,2026-05-25 11:08:57,V002,,1.013308721234683
2026-05-25,2026-05-25 11:08:58,V002,,1.0159447919959605
2026-05-25,2026-05-25 11:08:59,V002,,1.0150953916418335
2026-05-25,2026-05-25 11:09:00,V002,,1.024928306049766
2026-05-25,2026-05-25 11:09:01,V002,,1.014691037293577
2026-05-25,2026-05-25 11:09:02,V002,,1.014034272305703
2026-05-25,2026-05-25 11:09:03,V002,,1.0143007817240612
2026-05-25,2026-05-25 11:09:04,V002,,1.014887567038303
2026-05-25,2026-05-25 11:09:05,V002,,1.0140883808156105
2026-05-25,2026-05-25 11:09:06,V002,,1.014877333988453
2026-05-25,2026-05-25 11:09:07,V002,,1.0148298693908806
2026-05-25,2026-05-25 11:09:08,V002,,1.014391311590421
2026-05-25,2026-05-25 11:09:09,V002,,1.0148284752045904
2026-05-25,2026-05-25 11:09:10,V002,,1.014769398033147
2026-05-25,2026-05-25 11:09:11,V002,,1.0152725997287388
2026-05-25,2026-05-25 11:09:12,V002,,1.0148885539093873
2026-05-25,2026-05-25 11:09:13,V002,,1.0150415866827311
2026-05-25,2026-05-25 11:09:14,V002,,1.0154427737661575
2026-05-25,2026-05-25 11:09:15,V002,,1.0147993150111083
2026-05-25,2026-05-25 11:09:16,V002,,1.0156805379051457
2026-05-25,2026-05-25 11:09:17,V002,,1.014457479712641
2026-05-25,2026-05-25 11:09:18,V002,,1.01546934269006
2026-05-25,2026-05-25 11:09:19,V002,,1.0155650276614516
2026-05-25,2026-05-25 11:09:20,V002,,1.014222229299554
2026-05-25,2026-05-25 11:09:21,V002,,1.0150713824363455
2026-05-25,2026-05-25 11:09:22,V002,,1.0148204533663958
2026-05-25,2026-05-25 11:09:23,V002,,1.0146425568065214
2026-05-25,2026-05-25 11:09:24,V002,,1.0148476196418577
2026-05-25,2026-05-25 11:09:25,V002,,1.014433389607621
2026-05-25,2026-05-25 11:09:26,V002,,1.0143679772797156
2026-05-25,2026-05-25 11:09:27,V002,,1.0146000658469387
2026-05-25,2026-05-25 11:09:28,V002,,1.0147444909674348
2026-05-25,2026-05-25 11:09:29,V002,,1.015131876964296
2026-05-25,2026-05-25 11:09:30,V002,,1.015202573040369
2026-05-25,2026-05-25 11:09:31,V002,,1.0153741732958597
2026-05-25,2026-05-25 11:09:32,V002,,1.0152343952865521
2026-05-25,2026-05-25 11:09:33,V002,,1.014540609176267
2026-05-25,2026-05-25 11:09:34,V002,,1.0144986578961581
2026-05-25,2026-05-25 11:09:35,V002,,1.015442667573454
2026-05-25,2026-05-25 11:09:36,V002,,1.0151420911522142
2026-05-25,2026-05-25 11:09:37,V002,,1.0155063290302133
2026-05-25,2026-05-25 11:09:38,V002,,1.0147261572942625
2026-05-25,2026-05-25 11:09:39,V002,,1.0145318178172875
2026-05-25,2026-05-25 11:09:40,V002,,1.0149048181162852
2026-05-25,2026-05-25 11:09:41,V002,,1.0141434065462505
2026-05-25,2026-05-25 11:09:42,V002,,1.0157585698361093
2026-05-25,2026-05-25 11:09:43,V002,,1.0140243881011823
2026-05-25,2026-05-25 11:09:44,V002,,1.0164657976987408
2026-05-25,2026-05-25 11:09:45,V002,,1.0133371098971327
2026-05-25,2026-05-25 11:09:46,V002,,1.015970797675475
2026-05-25,2026-05-25 11:09:47,V002,,1.0163495831601004
2026-05-25,2026-05-25 11:09:48,V002,,1.011132004616483
2026-05-25,2026-05-25 11:09:49,V002,,0.9832691766154055
2026-05-25,2026-05-25 11:09:50,V002,,1.0145502479877895
2026-05-25,2026-05-25 11:09:51,V002,,1.0145849038597319
2026-05-25,2026-05-25 11:09:52,V002,,1.0154802757355117
2026-05-25,2026-05-25 11:09:53,V002,,1.0150512911615874
2026-05-25,2026-05-25 11:09:54,V002,,1.0147096869953705
2026-05-25,2026-05-25 11:09:55,V002,,1.0149125808421429
2026-05-25,2026-05-25 11:09:56,V002,,1.0148513361828588
2026-05-25,2026-05-25 11:09:57,V002,,1.0150350342184897
2026-05-25,2026-05-25 11:09:58,V002,,1.0144785579435802
2026-05-25,2026-05-25 11:09:59,V002,,1.0148878596096496
2026-05-25,2026-05-25 11:10:00,V002,,1.0150169652356036
2026-05-25,2026-05-25 11:10:01,V002,,1.0145948370483442
2026-05-25,2026-05-25 11:10:02,V002,,1.0147629204590494
2026-05-25,2026-05-25 11:10:03,V002,,1.0147944954255954
2026-05-25,2026-05-25 11:10:04,V002,,1.0148548529584556
2026-05-25,2026-05-25 11:10:05,V002,,1.014359693242204
2026-05-25,2026-05-25 11:10:06,V002,,1.0146228948442033
2026-05-25,2026-05-25 11:10:07,V002,,1.0146371498309297
2026-05-25,2026-05-25 11:10:08,V002,,1.0150818924892493
2026-05-25,2026-05-25 11:10:09,V002,,1.0152324050842172
2026-05-25,2026-05-25 11:10:10,V002,,1.0150846858708913
2026-05-25,2026-05-25 11:10:11,V002,,1.0149113245006114
2026-05-25,2026-05-25 11:10:12,V002,,1.0149873962546012
2026-05-25,2026-05-25 11:10:13,V002,,1.014823954207441
2026-05-25,2026-05-25 11:10:14,V002,,1.014899948670529
2026-05-25,2026-05-25 11:10:15,V002,,1.0147495040696437
2026-05-25,2026-05-25 11:10:16,V002,,1.012752018159916
2026-05-25,2026-05-25 11:10:17,V002,,1.0150002577980963
2026-05-25,2026-05-25 11:10:18,V002,,1.0148063734498352
2026-05-25,2026-05-25 11:10:19,V002,,1.014337538301683
2026-05-25,2026-05-25 11:10:20,V002,,1.0220319065626597
2026-05-25,2026-05-25 11:10:21,V002,,1.0134483017878204
2026-05-25,2026-05-25 11:10:22,V002,,1.0201587012759301
2026-05-25,2026-05-25 11:10:23,V002,,1.1593620489930079
2026-05-25,2026-05-25 11:10:24,V002,,1.0155037653163368
2026-05-25,2026-05-25 11:10:25,V002,,1.0162907250702444
2026-05-25,2026-05-25 11:10:26,V002,,1.0130457932524943
2026-05-25,2026-05-25 11:10:27,V002,,1.0143294180923714
2026-05-25,2026-05-25 11:10:28,V002,,1.0150560007203526
2026-05-25,2026-05-25 11:10:29,V002,,1.0146072320270778
2026-05-25,2026-05-25 11:10:30,V002,,1.0147703645947561
2026-05-25,2026-05-25 11:10:31,V002,,1.012130989927788
2026-05-25,2026-05-25 11:10:32,V002,,1.021044863588061
2026-05-25,2026-05-25 11:10:33,V002,,1.0149825466224076
2026-05-25,2026-05-25 11:10:34,V002,,1.0147529142520124
2026-05-25,2026-05-25 11:10:35,V002,,1.0148954292976833
2026-05-25,2026-05-25 11:10:36,V002,,1.0150951976942821
2026-05-25,2026-05-25 11:10:37,V002,,1.0139133253112314
2026-05-25,2026-05-25 11:10:38,V002,,1.0147848159246797
2026-05-25,2026-05-25 11:10:39,V002,,1.01451266833225
2026-05-25,2026-05-25 11:10:40,V002,,1.0152464479494379
2026-05-25,2026-05-25 11:10:41,V002,,1.0195073067122147
2026-05-25,2026-05-25 11:10:42,V002,,1.0294355966724076
2026-05-25,2026-05-25 11:10:43,V002,,1.07300660208184
2026-05-25,2026-05-25 11:10:44,V002,,0.995913591614539
2026-05-25,2026-05-25 11:10:45,V002,,1.0171976623148324
2026-05-25,2026-05-25 11:10:46,V002,,0.9944015063254489
2026-05-25,2026-05-25 11:10:47,V002,,1.0354251755195083
2026-05-25,2026-05-25 11:10:48,V002,,1.0132113136483738
2026-05-25,2026-05-25 11:10:49,V002,,1.0207156569778055
2026-05-25,2026-05-25 11:10:50,V002,,1.0137022814427366
2026-05-25,2026-05-25 11:10:51,V002,95.0,1.01350501960764
2026-05-25,2026-05-25 11:10:52,V002,94.0,1.01402369592777
2026-05-25,2026-05-25 11:10:53,V002,94.0,1.0307595679975954
2026-05-25,2026-05-25 11:10:54,V002,93.0,0.9612965207731219
2026-05-25,2026-05-25 11:10:55,V002,93.0,1.0149501757251134
2026-05-25,2026-05-25 11:10:56,V002,93.0,1.0144547155741312
2026-05-25,2026-05-25 11:10:57,V002,92.0,1.0147964104204947
2026-05-25,2026-05-25 11:10:58,V002,92.0,1.0151426110199446
2026-05-25,2026-05-25 11:10:59,V002,92.0,1.0152317476786434
2026-05-25,2026-05-25 11:11:00,V002,92.0,1.0155635025054235
2026-05-25,2026-05-25 11:11:01,V002,92.0,1.0151476746855814
2026-05-25,2026-05-25 11:11:02,V002,92.0,1.0150156477938617
2026-05-25,2026-05-25 11:11:03,V002,92.0,1.014686180645788
2026-05-25,2026-05-25 11:11:04,V002,92.0,1.0150595447805955
2026-05-25,2026-05-25 11:11:05,V002,91.0,1.0147723891977798
2026-05-25,2026-05-25 11:11:06,V002,91.0,1.0152312674393957
2026-05-25,2026-05-25 11:11:07,V002,91.0,1.0150301900506948
2026-05-25,2026-05-25 11:11:08,V002,91.0,1.0151376522087332
2026-05-25,2026-05-25 11:11:09,V002,91.0,1.014927244558025
2026-05-25,2026-05-25 11:11:10,V002,91.0,1.0156247873595594
2026-05-25,2026-05-25 11:11:11,V002,90.0,1.0144810423847583
2026-05-25,2026-05-25 11:11:12,V002,90.0,1.0150236523075324
2026-05-25,2026-05-25 11:11:13,V002,90.0,1.0149529854443298
2026-05-25,2026-05-25 11:11:14,V002,90.0,1.0148408318244104
2026-05-25,2026-05-25 11:11:15,V002,90.0,1.0158287791377658
2026-05-25,2026-05-25 11:11:16,V002,89.0,1.0155491868376356
2026-05-25,2026-05-25 11:11:17,V002,89.0,1.014889584054488
2026-05-25,2026-05-25 11:11:18,V002,89.0,1.014848370728618
2026-05-25,2026-05-25 11:11:19,V002,89.0,1.014545361045879
2026-05-25,2026-05-25 11:11:20,V002,89.0,1.0160777783566664
2026-05-25,2026-05-25 11:11:21,V002,89.0,1.0146882705082974
2026-05-25,2026-05-25 11:11:22,V002,89.0,1.0150543616216698
2026-05-25,2026-05-25 11:11:23,V002,89.0,1.0146219381783645
2026-05-25,2026-05-25 11:11:24,V002,89.0,1.0151079799900997
2026-05-25,2026-05-25 11:11:25,V002,88.0,1.0150630252736497
2026-05-25,2026-05-25 11:11:26,V002,88.0,1.015111527357276
2026-05-25,2026-05-25 11:11:27,V002,88.0,1.0154691931188857
2026-05-25,2026-05-25 11:11:28,V002,88.0,1.0155989142104103
2026-05-25,2026-05-25 11:11:29,V002,87.0,1.015445179815894
2026-05-25,2026-05-25 11:11:30,V002,87.0,1.0152029398122482
2026-05-25,2026-05-25 11:11:31,V002,87.0,1.0150587685985921
2026-05-25,2026-05-25 11:11:32,V002,87.0,1.0150146566129903
2026-05-25,2026-05-25 11:11:33,V002,87.0,1.014397862978287
2026-05-25,2026-05-25 11:11:34,V002,87.0,1.0154600064582266
2026-05-25,2026-05-25 11:11:35,V002,87.0,1.0150095523775753
2026-05-25,2026-05-25 11:11:36,V002,87.0,1.0153644415668166
2026-05-25,2026-05-25 11:11:37,V002,86.0,1.014364289164724
2026-05-25,2026-05-25 11:11:38,V002,86.0,1.0146733688983047
2026-05-25,2026-05-25 11:11:39,V002,86.0,1.0154494177691367
2026-05-25,2026-05-25 11:11:40,V002,85.0,1.015400530024757
2026-05-25,2026-05-25 11:11:41,V002,85.0,1.0177651375301415
2026-05-25,2026-05-25 11:11:42,V002,85.0,1.0133957188042921
2026-05-25,2026-05-25 11:11:43,V002,86.0,1.016073134074526
2026-05-25,2026-05-25 11:11:44,V002,86.0,1.0164794305241354
2026-05-25,2026-05-25 11:11:45,V002,87.0,1.0142303602956937
2026-05-25,2026-05-25 11:11:46,V002,88.0,1.0146433601534222
2026-05-25,2026-05-25 11:11:47,V002,88.0,1.0166143077149032
2026-05-25,2026-05-25 11:11:48,V002,88.0,1.0138454072117817
2026-05-25,2026-05-25 11:11:49,V002,89.0,1.015805094811858
2026-05-25,2026-05-25 11:11:50,V002,89.0,1.0155901606393123
2026-05-25,2026-05-25 11:11:51,V002,89.0,1.0138542602246587
2026-05-25,2026-05-25 11:11:52,V002,89.0,1.0153183800419177
2026-05-25,2026-05-25 11:11:53,V002,89.0,1.0150414201045426
2026-05-25,2026-05-25 11:11:54,V002,88.0,1.0151786324865635
2026-05-25,2026-05-25 11:11:55,V002,88.0,1.0153615045624236
2026-05-25,2026-05-25 11:11:56,V002,88.0,1.0140362368190516
2026-05-25,2026-05-25 11:11:57,V002,88.0,1.0164844612071786
2026-05-25,2026-05-25 11:11:58,V002,88.0,1.0156123280096365
2026-05-25,2026-05-25 11:11:59,V002,88.0,1.0136290197106033
2026-05-25,2026-05-25 11:12:00,V002,88.0,1.0147360030335473
2026-05-25,2026-05-25 11:12:01,V002,88.0,1.0147510823083286
2026-05-25,2026-05-25 11:12:02,V002,88.0,1.014136734831321
2026-05-25,2026-05-25 11:12:03,V002,89.0,1.0139140182147393
2026-05-25,2026-05-25 11:12:04,V002,89.0,1.0158983263718548
2026-05-25,2026-05-25 11:12:05,V002,90.0,1.014450016137242
2026-05-25,2026-05-25 11:12:06,V002,90.0,1.0157544515822172
2026-05-25,2026-05-25 11:12:07,V002,90.0,1.014644759925868
2026-05-25,2026-05-25 11:12:08,V002,89.0,1.016127825039903
2026-05-25,2026-05-25 11:12:09,V002,90.0,1.0143319186660555
2026-05-25,2026-05-25 11:12:10,V002,90.0,1.0150256074802437
2026-05-25,2026-05-25 11:12:11,V002,90.0,1.0152288962357456
2026-05-25,2026-05-25 11:12:12,V002,91.0,1.0156292197460337
2026-05-25,2026-05-25 11:12:13,V002,91.0,1.015107251275208
2026-05-25,2026-05-25 11:12:14,V002,91.0,1.01316400142069
2026-05-25,2026-05-25 11:12:15,V002,90.0,1.0141848653194903
2026-05-25,2026-05-25 11:12:16,V002,90.0,1.0136620309106381
2026-05-25,2026-05-25 11:12:17,V002,90.0,1.0139524718707638
2026-05-25,2026-05-25 11:12:18,V002,89.0,1.0150953583931992
2026-05-25,2026-05-25 11:12:19,V002,89.0,1.015290816260578
2026-05-25,2026-05-25 11:12:20,V002,89.0,1.0148380286823475
2026-05-25,2026-05-25 11:12:21,V002,89.0,1.0143986180899094
2026-05-25,2026-05-25 11:12:22,V002,89.0,1.0140178164699247
2026-05-25,2026-05-25 11:12:23,V002,89.0,1.0154608694184741
2026-05-25,2026-05-25 11:12:24,V002,89.0,1.015377570784784
2026-05-25,2026-05-25 11:12:25,V002,89.0,1.0141065142453174
2026-05-25,2026-05-25 11:12:26,V002,89.0,1.0145650943097613
2026-05-25,2026-05-25 11:12:27,V002,89.0,1.0155139427661461
2026-05-25,2026-05-25 11:12:28,V002,88.0,1.0142633612951313
2026-05-25,2026-05-25 11:12:29,V002,88.0,1.0137270446751119
2026-05-25,2026-05-25 11:12:30,V002,87.0,1.015120571259393
2026-05-25,2026-05-25 11:12:31,V002,88.0,1.0000633351218164
2026-05-25,2026-05-25 11:12:32,V002,88.0,1.0519703386408616
2026-05-25,2026-05-25 11:12:33,V002,88.0,1.015930272112445
2026-05-25,2026-05-25 11:12:34,V002,88.0,1.0150291789163588
2026-05-25,2026-05-25 11:12:35,V002,88.0,1.0147490784921813
2026-05-25,2026-05-25 11:12:36,V002,88.0,1.0163577264071324
2026-05-25,2026-05-25 11:12:37,V002,88.0,1.0150194658082918
2026-05-25,2026-05-25 11:12:38,V002,88.0,1.0151540057420194
2026-05-25,2026-05-25 11:12:39,V002,89.0,1.0154735852063843
2026-05-25,2026-05-25 11:12:40,V002,89.0,1.015466972039566
2026-05-25,2026-05-25 11:12:41,V002,89.0,1.0158263479091891
2026-05-25,2026-05-25 11:12:42,V002,88.0,1.0146912125264052
2026-05-25,2026-05-25 11:12:43,V002,88.0,1.015439861684044
2026-05-25,2026-05-25 11:12:44,V002,87.0,1.0145156574272556
2026-05-25,2026-05-25 11:12:45,V002,87.0,1.0130089919989154
2026-05-25,2026-05-25 11:12:46,V002,87.0,1.0149211738905712
2026-05-25,2026-05-25 11:12:47,V002,87.0,1.0146428685042386
2026-05-25,2026-05-25 11:12:48,V002,87.0,1.015240753145213
2026-05-25,2026-05-25 11:12:49,V002,87.0,1.0144733736097835
2026-05-25,2026-05-25 11:12:50,V002,88.0,1.014785739387857
2026-05-25,2026-05-25 11:12:51,V002,89.0,1.0153802514489305
2026-05-25,2026-05-25 11:12:52,V002,90.0,1.0146528158551988
2026-05-25,2026-05-25 11:12:53,V002,91.0,1.0148003567958939
2026-05-25,2026-05-25 11:12:54,V002,92.0,1.0141437023473807
2026-05-25,2026-05-25 11:12:55,V002,92.0,1.014441619953614
2026-05-25,2026-05-25 11:12:56,V002,91.0,1.0159570355662604
2026-05-25,2026-05-25 11:12:57,V002,91.0,1.0147240355659142
2026-05-25,2026-05-25 11:12:58,V002,91.0,1.0153153162709487
2026-05-25,2026-05-25 11:12:59,V002,91.0,1.0143232952273404
2026-05-25,2026-05-25 11:13:00,V002,91.0,1.014845510398172
2026-05-25,2026-05-25 11:13:01,V002,91.0,1.014974369144795
2026-05-25,2026-05-25 11:13:02,V002,92.0,1.0148177802804172
2026-05-25,2026-05-25 11:13:03,V002,92.0,1.0146354997660116
2026-05-25,2026-05-25 11:13:04,V002,93.0,1.0148373458184987
2026-05-25,2026-05-25 11:13:05,V002,92.0,1.0138552277228592
2026-05-25,2026-05-25 11:13:06,V002,92.0,1.0141798365193726
2026-05-25,2026-05-25 11:13:07,V002,92.0,1.0147029506592786
2026-05-25,2026-05-25 11:13:08,V002,91.0,1.0145329801562069
2026-05-25,2026-05-25 11:13:09,V002,91.0,1.014586485398854
2026-05-25,2026-05-25 11:13:10,V002,90.0,1.017565684630881
2026-05-25,2026-05-25 11:13:11,V002,90.0,1.0138576890840443
2026-05-25,2026-05-25 11:13:12,V002,90.0,1.0147922900212205
2026-05-25,2026-05-25 11:13:13,V002,90.0,1.014348922279615
2026-05-25,2026-05-25 11:13:14,V002,90.0,1.0145750818902528
2026-05-25,2026-05-25 11:13:15,V002,90.0,1.0157935535790605
2026-05-25,2026-05-25 11:13:16,V002,90.0,1.0157272918774083
2026-05-25,2026-05-25 11:13:17,V002,89.0,1.0167207823751518
2026-05-25,2026-05-25 11:13:18,V002,89.0,1.014750533008377
2026-05-25,2026-05-25 11:13:19,V002,89.0,1.015668936220554
2026-05-25,2026-05-25 11:13:20,V002,89.0,1.0141893617897477
2026-05-25,2026-05-25 11:13:21,V002,90.0,1.015713999928796
2026-05-25,2026-05-25 11:13:22,V002,90.0,1.0151558472996727
2026-05-25,2026-05-25 11:13:23,V002,90.0,1.0140606863917085
2026-05-25,2026-05-25 11:13:24,V002,90.0,1.0149249997610739
2026-05-25,2026-05-25 11:13:25,V002,90.0,1.013959238854675
2026-05-25,2026-05-25 11:13:26,V002,90.0,1.014266394653511
2026-05-25,2026-05-25 11:13:27,V002,90.0,1.0139613981923814
2026-05-25,2026-05-25 11:13:28,V002,90.0,1.0151333376927452
2026-05-25,2026-05-25 11:13:29,V002,90.0,1.0146821340409287
2026-05-25,2026-05-25 11:13:30,V002,90.0,1.014351303258637
2026-05-25,2026-05-25 11:13:31,V002,90.0,1.021365814431111
2026-05-25,2026-05-25 11:13:32,V002,89.0,1.0147634626188455
2026-05-25,2026-05-25 11:13:33,V002,89.0,1.0155706646536125
2026-05-25,2026-05-25 11:13:34,V002,89.0,1.0157342077804212
2026-05-25,2026-05-25 11:13:35,V002,89.0,1.0151053776619046
2026-05-25,2026-05-25 11:13:36,V002,89.0,1.0140241684610412
2026-05-25,2026-05-25 11:13:37,V002,89.0,1.0146176953034551
2026-05-25,2026-05-25 11:13:38,V002,89.0,1.015433407913919
2026-05-25,2026-05-25 11:13:39,V002,89.0,1.0138912692005286
2026-05-25,2026-05-25 11:13:40,V002,89.0,1.0152225246124171
2026-05-25,2026-05-25 11:13:41,V002,88.0,1.015624190576145
2026-05-25,2026-05-25 11:13:42,V002,88.0,1.0151411696401778
2026-05-25,2026-05-25 11:13:43,V002,86.0,1.0154835252363634
2026-05-25,2026-05-25 11:13:44,V002,85.0,1.0150653450229121
2026-05-25,2026-05-25 11:13:45,V002,85.0,1.015013464675091
2026-05-25,2026-05-25 11:13:46,V002,84.0,1.0147709486176577
2026-05-25,2026-05-25 11:13:47,V002,84.0,1.0155297018332943
2026-05-25,2026-05-25 11:13:48,V002,84.0,1.0149048049488443
2026-05-25,2026-05-25 11:13:49,V002,84.0,1.015207095858691
2026-05-25,2026-05-25 11:13:50,V002,84.0,1.0150308862559823
2026-05-25,2026-05-25 11:13:51,V002,84.0,1.0148634546779614
2026-05-25,2026-05-25 11:13:52,V002,84.0,1.0139862862339937
2026-05-25,2026-05-25 11:13:53,V002,83.0,1.0138311742852013
2026-05-25,2026-05-25 11:13:54,V002,83.0,1.0151541924153262
2026-05-25,2026-05-25 11:13:55,V002,83.0,1.0147745768312155
2026-05-25,2026-05-25 11:13:56,V002,83.0,1.0144492625771797
2026-05-25,2026-05-25 11:13:57,V002,83.0,1.0151564975577525
2026-05-25,2026-05-25 11:13:58,V002,83.0,1.0151990510195712
2026-05-25,2026-05-25 11:13:59,V002,83.0,1.01491869587374
2026-05-25,2026-05-25 11:14:00,V002,83.0,1.0161199109756172
2026-05-25,2026-05-25 11:14:01,V002,83.0,1.0155321020756984
2026-05-25,2026-05-25 11:14:02,V002,83.0,1.0146679861601031
2026-05-25,2026-05-25 11:14:03,V002,83.0,1.015722378189664
2026-05-25,2026-05-25 11:14:04,V002,82.0,1.0086082699137326
2026-05-25,2026-05-25 11:14:05,V002,83.0,1.0109011287807157
2026-05-25,2026-05-25 11:14:06,V002,83.0,1.0158517080510896
2026-05-25,2026-05-25 11:14:07,V002,84.0,1.01572693023897
2026-05-25,2026-05-25 11:14:08,V002,84.0,1.014214614040244
2026-05-25,2026-05-25 11:14:09,V002,84.0,1.0142549136775503
2026-05-25,2026-05-25 11:14:10,V002,83.0,1.0145652556436295
2026-05-25,2026-05-25 11:14:11,V002,83.0,1.015238268252554
2026-05-25,2026-05-25 11:14:12,V002,83.0,1.0146163239049326
2026-05-25,2026-05-25 11:14:13,V002,83.0,1.014686853633492
2026-05-25,2026-05-25 11:14:14,V002,83.0,1.0150137076920354
2026-05-25,2026-05-25 11:14:15,V002,84.0,1.0139923652461147
2026-05-25,2026-05-25 11:14:16,V002,84.0,1.0147240448056303
2026-05-25,2026-05-25 11:14:17,V002,84.0,1.0155666039927318
2026-05-25,2026-05-25 11:14:18,V002,84.0,1.0150175602930238
2026-05-25,2026-05-25 11:14:19,V002,85.0,1.0148252519900465
2026-05-25,2026-05-25 11:14:20,V002,85.0,1.0149032661830157
2026-05-25,2026-05-25 11:14:21,V002,85.0,1.0150734102927292
2026-05-25,2026-05-25 11:14:22,V002,85.0,1.0149866426394027
2026-05-25,2026-05-25 11:14:23,V002,84.0,1.0124515496415183
2026-05-25,2026-05-25 11:14:24,V002,84.0,1.0150794560869425
2026-05-25,2026-05-25 11:14:25,V002,84.0,1.015280820207188
2026-05-25,2026-05-25 11:14:26,V002,84.0,1.0132975121094463
2026-05-25,2026-05-25 11:14:27,V002,84.0,1.015178040565405
2026-05-25,2026-05-25 11:14:28,V002,84.0,1.014416087969278
2026-05-25,2026-05-25 11:14:29,V002,84.0,1.0147718111831339
2026-05-25,2026-05-25 11:14:30,V002,84.0,1.0137468708420128
2026-05-25,2026-05-25 11:14:31,V002,85.0,1.0157730284714817
2026-05-25,2026-05-25 11:14:32,V002,86.0,1.0194420773837154
2026-05-25,2026-05-25 11:14:33,V002,85.0,1.021348421713412
2026-05-25,2026-05-25 11:14:34,V002,85.0,1.017420399491614
2026-05-25,2026-05-25 11:14:35,V002,85.0,1.0143541901070314
2026-05-25,2026-05-25 11:14:36,V002,84.0,1.0009452351681853
2026-05-25,2026-05-25 11:14:37,V002,84.0,1.0117510258854046
2026-05-25,2026-05-25 11:14:38,V002,84.0,1.034834773989334
2026-05-25,2026-05-25 11:14:39,V002,84.0,1.0161102721352433
2026-05-25,2026-05-25 11:14:40,V002,85.0,1.0122886335699142
2026-05-25,2026-05-25 11:14:41,V002,85.0,1.024242361928131
2026-05-25,2026-05-25 11:14:42,V002,86.0,1.0128157993344595
2026-05-25,2026-05-25 11:14:43,V002,86.0,1.0155333109204312
2026-05-25,2026-05-25 11:14:44,V002,87.0,1.0154610639707908
2026-05-25,2026-05-25 11:14:45,V002,88.0,1.0170980573375266
2026-05-25,2026-05-25 11:14:46,V002,88.0,1.0152100140110318
2026-05-25,2026-05-25 11:14:47,V002,88.0,1.0145779883155526
2026-05-25,2026-05-25 11:14:48,V002,88.0,0.9874459825895078
2026-05-25,2026-05-25 11:14:49,V002,88.0,1.0705841738839836
2026-05-25,2026-05-25 11:14:50,V002,88.0,1.0135221959731688
2026-05-25,2026-05-25 11:14:51,V002,88.0,1.040037555921396
2026-05-25,2026-05-25 11:14:52,V002,88.0,1.0401756947126566
2026-05-25,2026-05-25 11:14:53,V002,88.0,1.0311063099538516
2026-05-25,2026-05-25 11:14:54,V002,88.0,1.0089670909203667
2026-05-25,2026-05-25 11:14:55,V002,88.0,1.0560184948027633
2026-05-25,2026-05-25 11:14:56,V002,88.0,1.0509160906780053
2026-05-25,2026-05-25 11:14:57,V002,87.0,1.0023339102025115
2026-05-25,2026-05-25 11:14:58,V002,87.0,1.059564622613436
2026-05-25,2026-05-25 11:14:59,V002,87.0,1.0401157459651136
2026-05-25,2026-05-25 11:15:00,V002,88.0,1.0445799203935695
2026-05-25,2026-05-25 11:15:01,V002,88.0,1.0394826625135203
2026-05-25,2026-05-25 11:15:02,V002,87.0,1.0186359760402113
2026-05-25,2026-05-25 11:15:03,V002,87.0,1.0395000045677596
2026-05-25,2026-05-25 11:15:04,V002,87.0,1.0447673743735642
2026-05-25,2026-05-25 11:15:05,V002,87.0,1.0482602769917442
2026-05-25,2026-05-25 11:15:06,V002,87.0,1.06703941243924
2026-05-25,2026-05-25 11:15:07,V002,86.0,1.049202381201655
2026-05-25,2026-05-25 11:15:08,V002,86.0,1.0734384858156896
2026-05-25,2026-05-25 11:15:09,V002,86.0,1.0349513069472271
2026-05-25,2026-05-25 11:15:10,V002,86.0,1.044830722946061
2026-05-25,2026-05-25 11:15:11,V002,86.0,1.0070098289768672
2026-05-25,2026-05-25 11:15:12,V002,86.0,1.048741288508362
2026-05-25,2026-05-25 11:15:13,V002,86.0,1.0503173916612247
2026-05-25,2026-05-25 11:15:14,V002,86.0,1.0430507878352333
2026-05-25,2026-05-25 11:15:15,V002,86.0,1.0484451325549629
2026-05-25,2026-05-25 11:15:16,V002,86.0,1.0472237048861381
2026-05-25,2026-05-25 11:15:17,V002,85.0,1.0521420394617667
2026-05-25,2026-05-25 11:15:18,V002,85.0,1.0172940584178525
2026-05-25,2026-05-25 11:15:19,V002,85.0,1.0404924806165117
2026-05-25,2026-05-25 11:15:20,V002,85.0,1.048528145421968
2026-05-25,2026-05-25 11:15:21,V002,85.0,1.0780529571333741
2026-05-25,2026-05-25 11:15:22,V002,85.0,1.0214641776461568
2026-05-25,2026-05-25 11:15:23,V002,85.0,1.055782077196343
2026-05-25,2026-05-25 11:15:24,V002,85.0,1.0202560815381034
2026-05-25,2026-05-25 11:15:25,V002,85.0,1.0443549295680077
2026-05-25,2026-05-25 11:15:26,V002,85.0,1.0090353918057777
2026-05-25,2026-05-25 11:15:27,V002,84.0,1.0481582805015985
2026-05-25,2026-05-25 11:15:28,V002,84.0,1.0186764421964618
2026-05-25,2026-05-25 11:15:29,V002,84.0,1.0231243873993114
2026-05-25,2026-05-25 11:15:30,V002,84.0,0.990847657895561
2026-05-25,2026-05-25 11:15:31,V002,84.0,1.0317481049722366
2026-05-25,2026-05-25 11:15:32,V002,84.0,0.9993039561324091
2026-05-25,2026-05-25 11:15:33,V002,84.0,1.062665226052621
2026-05-25,2026-05-25 11:15:34,V002,84.0,1.073243776401117
2026-05-25,2026-05-25 11:15:35,V002,83.0,1.0069215841397496
2026-05-25,2026-05-25 11:15:36,V002,83.0,1.026863392292488
2026-05-25,2026-05-25 11:15:37,V002,82.0,1.0108249378486365
2026-05-25,2026-05-25 11:15:38,V002,81.0,1.0026401789820796
2026-05-25,2026-05-25 11:15:39,V002,81.0,1.011502556502866
2026-05-25,2026-05-25 11:15:40,V002,81.0,1.1724402395835591
2026-05-25,2026-05-25 11:15:41,V002,81.0,1.0213729571554957
2026-05-25,2026-05-25 11:15:42,V002,81.0,1.031696860688668
2026-05-25,2026-05-25 11:15:43,V002,81.0,1.0060176285957452
2026-05-25,2026-05-25 11:15:44,V002,81.0,1.2244218308107715
2026-05-25,2026-05-25 11:15:45,V002,81.0,1.0461635883894442
2026-05-25,2026-05-25 11:15:46,V002,81.0,1.0335235986805509
2026-05-25,2026-05-25 11:15:47,V002,81.0,1.0446338008173337
2026-05-25,2026-05-25 11:15:48,V002,81.0,0.9862474297271331
2026-05-25,2026-05-25 11:15:49,V002,81.0,1.1361556356587201
2026-05-25,2026-05-25 11:15:50,V002,82.0,1.1135267316854578
2026-05-25,2026-05-25 11:15:51,V002,82.0,1.0043343118539678
2026-05-25,2026-05-25 11:15:52,V002,82.0,1.0202837796032176
2026-05-25,2026-05-25 11:15:53,V002,82.0,1.0090157383760545
2026-05-25,2026-05-25 11:15:54,V002,82.0,1.0476659843534961
2026-05-25,2026-05-25 11:15:55,V002,82.0,1.0840105129069157
2026-05-25,2026-05-25 11:15:56,V002,82.0,1.2003791433851705
2026-05-25,2026-05-25 11:15:57,V002,83.0,1.046289263935976
2026-05-25,2026-05-25 11:15:58,V002,83.0,1.005084811664583
2026-05-25,2026-05-25 11:15:59,V002,83.0,1.0070209514040362
2026-05-25,2026-05-25 11:16:00,V002,84.0,1.0078779296424272
2026-05-25,2026-05-25 11:16:01,V002,84.0,1.0307783033052378
2026-05-25,2026-05-25 11:16:02,V002,85.0,1.0085258110166517
2026-05-25,2026-05-25 11:16:03,V002,85.0,1.0099094379837499
2026-05-25,2026-05-25 11:16:04,V002,85.0,1.015100380404568
2026-05-25,2026-05-25 11:16:05,V002,86.0,1.0494702229470532
2026-05-25,2026-05-25 11:16:06,V002,86.0,1.0182879600235009
2026-05-25,2026-05-25 11:16:07,V002,86.0,1.0140590467508415
2026-05-25,2026-05-25 11:16:08,V002,86.0,1.050153557217718
2026-05-25,2026-05-25 11:16:09,V002,86.0,1.0301841613135023
2026-05-25,2026-05-25 11:16:10,V002,87.0,1.0096630551555295
2026-05-25,2026-05-25 11:16:11,V002,87.0,1.000597350169166
2026-05-25,2026-05-25 11:16:12,V002,87.0,1.025767548935203
2026-05-25,2026-05-25 11:16:13,V002,88.0,1.0195885605806234
2026-05-25,2026-05-25 11:16:14,V002,88.0,1.0430356562302234
2026-05-25,2026-05-25 11:16:15,V002,88.0,1.0407940119130492
2026-05-25,2026-05-25 11:16:16,V002,87.0,1.1488641539482494
2026-05-25,2026-05-25 11:16:17,V002,87.0,1.1119488169936318
2026-05-25,2026-05-25 11:16:18,V002,86.0,1.2938948606268788
2026-05-25,2026-05-25 11:16:19,V002,86.0,1.086345583124392
2026-05-25,2026-05-25 11:16:20,V002,86.0,1.100839297625676
2026-05-25,2026-05-25 11:16:21,V002,86.0,1.1320909096646103
2026-05-25,2026-05-25 11:16:22,V002,86.0,1.2715704570692747
2026-05-25,2026-05-25 11:16:23,V002,86.0,1.5279390915011728
2026-05-25,2026-05-25 11:16:24,V002,86.0,1.820233820265086
2026-05-25,2026-05-25 11:16:25,V002,86.0,1.2161309818351562
2026-05-25,2026-05-25 11:16:26,V002,86.0,1.3178543348871188
2026-05-25,2026-05-25 11:16:27,V002,85.0,1.0483648143160518
2026-05-25,2026-05-25 11:16:28,V002,85.0,1.0533481828639868
2026-05-25,2026-05-25 11:16:29,V002,86.0,1.028729578780191
2026-05-25,2026-05-25 11:16:30,V002,87.0,1.0313817116187207
2026-05-25,2026-05-25 11:16:31,V002,88.0,1.0259832555866486
2026-05-25,2026-05-25 11:16:32,V002,89.0,1.1130538000865047
2026-05-25,2026-05-25 11:16:33,V002,91.0,0.9867087795106902
2026-05-25,2026-05-25 11:16:34,V002,92.0,0.9936533313008696
2026-05-25,2026-05-25 11:16:35,V002,93.0,0.9954022122818458
2026-05-25,2026-05-25 11:16:36,V002,95.0,1.4029477288407812
2026-05-25,2026-05-25 11:16:37,V002,99.0,1.2958841026050596
2026-05-25,2026-05-25 11:16:38,V002,102.0,0.9919927319942384
2026-05-25,2026-05-25 11:16:39,V002,105.0,0.9778220423801138
2026-05-25,2026-05-25 11:16:40,V002,108.0,1.0191996332069257
2026-05-25,2026-05-25 11:16:41,V002,109.0,0.9705799336439698
2026-05-25,2026-05-25 11:16:42,V002,110.0,0.9997902221581052
2026-05-25,2026-05-25 11:16:43,V002,110.0,0.9905229472028847
2026-05-25,2026-05-25 11:16:44,V002,110.0,0.9762704177071769
2026-05-25,2026-05-25 11:16:45,V002,109.0,0.9828034841195222
2026-05-25,2026-05-25 11:16:46,V002,109.0,0.9782651690241517
2026-05-25,2026-05-25 11:16:47,V002,109.0,0.9792592565951026
2026-05-25,2026-05-25 11:16:48,V002,109.0,0.9791233783670324
2026-05-25,2026-05-25 11:16:49,V002,108.0,0.997931009609294
2026-05-25,2026-05-25 11:16:50,V002,107.0,0.9834713641431982
2026-05-25,2026-05-25 11:16:51,V002,106.0,0.974742151773679
2026-05-25,2026-05-25 11:16:52,V002,104.0,0.9896160013024471
2026-05-25,2026-05-25 11:16:53,V002,103.0,1.0067272490705654
2026-05-25,2026-05-25 11:16:54,V002,101.0,1.0259145422811278
2026-05-25,2026-05-25 11:16:55,V002,95.0,0.9795873140570925
2026-05-25,2026-05-25 11:16:56,V002,91.0,0.9876567402543753
2026-05-25,2026-05-25 11:16:57,V002,88.0,0.9778799187283859
2026-05-25,2026-05-25 11:16:58,V002,86.0,0.999067438686655
2026-05-25,2026-05-25 11:16:59,V002,85.0,0.9919422919253954
2026-05-25,2026-05-25 11:17:00,V002,84.0,0.9605227601921057
2026-05-25,2026-05-25 11:17:01,V002,83.0,1.0215279751550665
2026-05-25,2026-05-25 11:17:02,V002,82.0,0.9853317647078405
2026-05-25,2026-05-25 11:17:03,V002,81.0,0.9796342148001486
2026-05-25,2026-05-25 11:17:04,V002,81.0,1.0020430703090728
2026-05-25,2026-05-25 11:17:05,V002,80.0,0.9749708356135852
2026-05-25,2026-05-25 11:17:06,V002,79.0,1.0237348283077872
2026-05-25,2026-05-25 11:17:07,V002,78.0,0.9952624630671917
2026-05-25,2026-05-25 11:17:08,V002,77.0,1.1779397539650551
2026-05-25,2026-05-25 11:17:09,V002,77.0,1.039342758762966
2026-05-25,2026-05-25 11:17:10,V002,76.0,0.9807540317663599
2026-05-25,2026-05-25 11:17:11,V002,76.0,0.9899332638527576
2026-05-25,2026-05-25 11:17:12,V002,76.0,1.1072403513180757
2026-05-25,2026-05-25 11:17:13,V002,76.0,0.9948339056556657
2026-05-25,2026-05-25 11:17:14,V002,76.0,1.0177238082721667
2026-05-25,2026-05-25 11:17:15,V002,77.0,1.0456603100307418
2026-05-25,2026-05-25 11:17:16,V002,78.0,1.0923397370665426
2026-05-25,2026-05-25 11:17:17,V002,78.0,0.9496544816763265
2026-05-25,2026-05-25 11:17:18,V002,79.0,1.0725264637495764
2026-05-25,2026-05-25 11:17:19,V002,79.0,1.0229313546149652
2026-05-25,2026-05-25 11:17:20,V002,79.0,1.0057964261429049
2026-05-25,2026-05-25 11:17:21,V002,80.0,1.026351188641844
2026-05-25,2026-05-25 11:17:22,V002,80.0,0.9953150855747606
2026-05-25,2026-05-25 11:17:23,V002,81.0,1.0049987400071634
2026-05-25,2026-05-25 11:17:24,V002,82.0,1.0024333910798233
2026-05-25,2026-05-25 11:17:25,V002,83.0,0.9950591072373814
2026-05-25,2026-05-25 11:17:26,V002,84.0,1.022616429375282
2026-05-25,2026-05-25 11:17:27,V002,84.0,0.9906006634669796
2026-05-25,2026-05-25 11:17:28,V002,84.0,0.9760743630896282
2026-05-25,2026-05-25 11:17:29,V002,84.0,0.9808827165510345
2026-05-25,2026-05-25 11:17:30,V002,83.0,0.9777919087321989
2026-05-25,2026-05-25 11:17:31,V002,83.0,0.9941537597621043
2026-05-25,2026-05-25 11:17:32,V002,83.0,0.9843546812999884
2026-05-25,2026-05-25 11:17:33,V002,82.0,0.9806346997506203
2026-05-25,2026-05-25 11:17:34,V002,82.0,0.9827740805034969
2026-05-25,2026-05-25 11:17:35,V002,82.0,0.9833793781280005
2026-05-25,2026-05-25 11:17:36,V002,82.0,0.9829280069278112
2026-05-25,2026-05-25 11:17:37,V002,82.0,0.9997041101399945
2026-05-25,2026-05-25 11:17:38,V002,82.0,1.0146407052145519
2026-05-25,2026-05-25 11:17:39,V002,81.0,0.9805246435006584
2026-05-25,2026-05-25 11:17:40,V002,81.0,0.9824033763445154
2026-05-25,2026-05-25 11:17:41,V002,80.0,1.013601159544992
2026-05-25,2026-05-25 11:17:42,V002,79.0,0.9908095808211987
2026-05-25,2026-05-25 11:17:43,V002,79.0,1.0576377904199146
2026-05-25,2026-05-25 11:17:44,V002,79.0,0.9743108069648743
2026-05-25,2026-05-25 11:17:45,V002,79.0,0.9972481565161995
2026-05-25,2026-05-25 11:17:46,V002,79.0,0.9944568350909232
2026-05-25,2026-05-25 11:17:47,V002,79.0,0.9633856431641769
2026-05-25,2026-05-25 11:17:48,V002,79.0,1.002862759984646
2026-05-25,2026-05-25 11:17:49,V002,78.0,0.9817231212113477
2026-05-25,2026-05-25 11:17:50,V002,78.0,0.9897756510332671
2026-05-25,2026-05-25 11:17:51,V002,78.0,0.9765331644119024
2026-05-25,2026-05-25 11:17:52,V002,78.0,0.9891481572094554
2026-05-25,2026-05-25 11:17:53,V002,78.0,0.9909797614675153
2026-05-25,2026-05-25 11:17:54,V002,78.0,0.9782802282938035
2026-05-25,2026-05-25 11:17:55,V002,78.0,0.9978024528286008
2026-05-25,2026-05-25 11:17:56,V002,78.0,0.991463247543004
2026-05-25,2026-05-25 11:17:57,V002,78.0,0.9994733946190079
2026-05-25,2026-05-25 11:17:58,V002,78.0,0.9799931319976021
2026-05-25,2026-05-25 11:17:59,V002,78.0,0.9816511135572183
2026-05-25,2026-05-25 11:18:00,V002,79.0,0.9835737288247134
2026-05-25,2026-05-25 11:18:01,V002,79.0,0.9929579688893374
2026-05-25,2026-05-25 11:18:02,V002,79.0,0.9816499517769984
2026-05-25,2026-05-25 11:18:03,V002,80.0,0.9825339234449726
2026-05-25,2026-05-25 11:18:04,V002,80.0,0.99525879882269
2026-05-25,2026-05-25 11:18:05,V002,80.0,0.9810304396618413
2026-05-25,2026-05-25 11:18:06,V002,80.0,0.9893587207190896
2026-05-25,2026-05-25 11:18:07,V002,80.0,0.9829432598139209
2026-05-25,2026-05-25 11:18:08,V002,79.0,0.987792787944989
2026-05-25,2026-05-25 11:18:09,V002,79.0,0.9907853666244735
2026-05-25,2026-05-25 11:18:10,V002,79.0,0.9742037521510162
2026-05-25,2026-05-25 11:18:11,V002,78.0,1.02169139378434
2026-05-25,2026-05-25 11:18:12,V002,77.0,0.9459205863139152
2026-05-25,2026-05-25 11:18:13,V002,76.0,1.112906664798486
2026-05-25,2026-05-25 11:18:14,V002,75.0,0.9943206664045101
2026-05-25,2026-05-25 11:18:15,V002,74.0,0.9802078467421107
2026-05-25,2026-05-25 11:18:16,V002,74.0,0.9933736385364104
2026-05-25,2026-05-25 11:18:17,V002,73.0,0.9963410439044682
2026-05-25,2026-05-25 11:18:18,V002,73.0,0.9869920140391154
2026-05-25,2026-05-25 11:18:19,V002,73.0,1.0086322289320904
2026-05-25,2026-05-25 11:18:20,V002,73.0,0.9846003262216355
2026-05-25,2026-05-25 11:18:21,V002,73.0,0.9779747093818281
2026-05-25,2026-05-25 11:18:22,V002,73.0,0.9913020391022789
2026-05-25,2026-05-25 11:18:23,V002,73.0,0.991963600165763
2026-05-25,2026-05-25 11:18:24,V002,74.0,1.0139908263000512
2026-05-25,2026-05-25 11:18:25,V002,74.0,0.9939909056399443
2026-05-25,2026-05-25 11:18:26,V002,75.0,1.0019413453268498
2026-05-25,2026-05-25 11:18:27,V002,76.0,0.9809503076518226
2026-05-25,2026-05-25 11:18:28,V002,76.0,1.0196586235726497
2026-05-25,2026-05-25 11:18:29,V002,76.0,1.0059437153872843
2026-05-25,2026-05-25 11:18:30,V002,77.0,0.9911226136309723
2026-05-25,2026-05-25 11:18:31,V002,77.0,1.003883967248493
2026-05-25,2026-05-25 11:18:32,V002,77.0,0.9790034143125468
2026-05-25,2026-05-25 11:18:33,V002,77.0,0.989214183916164
2026-05-25,2026-05-25 11:18:34,V002,77.0,0.9893730345593862
2026-05-25,2026-05-25 11:18:35,V002,77.0,0.9822320573459558
2026-05-25,2026-05-25 11:18:36,V002,76.0,1.0063327719981756
2026-05-25,2026-05-25 11:18:37,V002,76.0,0.9947037878490211
2026-05-25,2026-05-25 11:18:38,V002,75.0,0.9788651058993161
2026-05-25,2026-05-25 11:18:39,V002,75.0,0.9958524923835617
2026-05-25,2026-05-25 11:18:40,V002,75.0,0.9791168369581623
2026-05-25,2026-05-25 11:18:41,V002,75.0,0.9887517383835811
2026-05-25,2026-05-25 11:18:42,V002,75.0,0.9911071042276447
2026-05-25,2026-05-25 11:18:43,V002,75.0,0.9946052773323941
2026-05-25,2026-05-25 11:18:44,V002,74.0,0.9696312609925679
2026-05-25,2026-05-25 11:18:45,V002,73.0,0.9982495465196324
2026-05-25,2026-05-25 11:18:46,V002,73.0,0.9826555237469262
2026-05-25,2026-05-25 11:18:47,V002,72.0,0.9824834120164195
2026-05-25,2026-05-25 11:18:48,V002,72.0,0.9820922044733301
2026-05-25,2026-05-25 11:18:49,V002,72.0,0.9826809743174351
2026-05-25,2026-05-25 11:18:50,V002,72.0,0.9829110613685502
2026-05-25,2026-05-25 11:18:51,V002,72.0,0.9823532898337096
2026-05-25,2026-05-25 11:18:52,V002,72.0,0.9820201651237922
2026-05-25,2026-05-25 11:18:53,V002,73.0,0.9825290236820139
2026-05-25,2026-05-25 11:18:54,V002,73.0,0.9825535672486799
2026-05-25,2026-05-25 11:18:55,V002,74.0,0.9822643885964177
2026-05-25,2026-05-25 11:18:56,V002,74.0,0.9824683089437235
2026-05-25,2026-05-25 11:18:57,V002,73.0,0.9800888524981198
2026-05-25,2026-05-25 11:18:58,V002,73.0,0.9777146471491445
2026-05-25,2026-05-25 11:18:59,V002,72.0,0.9798755553405831
2026-05-25,2026-05-25 11:19:00,V002,72.0,1.0011935462920227
2026-05-25,2026-05-25 11:19:01,V002,71.0,1.4266129555099327
2026-05-25,2026-05-25 11:19:02,V002,71.0,0.9964365993150096
2026-05-25,2026-05-25 11:19:03,V002,70.0,0.9924577039921681
2026-05-25,2026-05-25 11:19:04,V002,70.0,0.988479705376052
2026-05-25,2026-05-25 11:19:05,V002,69.0,0.98561496888754
2026-05-25,2026-05-25 11:19:06,V002,69.0,0.9819883114627763
2026-05-25,2026-05-25 11:19:07,V002,69.0,0.9811164604377243
2026-05-25,2026-05-25 11:19:08,V002,68.0,0.9810306986806971
2026-05-25,2026-05-25 11:19:09,V002,69.0,0.9810325006508342
2026-05-25,2026-05-25 11:19:10,V002,69.0,0.9812471050487419
2026-05-25,2026-05-25 11:19:11,V002,70.0,0.9815787409685904
2026-05-25,2026-05-25 11:19:12,V002,71.0,0.9810822625979881
2026-05-25,2026-05-25 11:19:13,V002,71.0,0.9808303945366146
2026-05-25,2026-05-25 11:19:14,V002,72.0,0.9813778776832219
2026-05-25,2026-05-25 11:19:15,V002,71.0,0.9811400800895975
2026-05-25,2026-05-25 11:19:16,V002,71.0,0.9814730018366105
2026-05-25,2026-05-25 11:19:17,V002,71.0,0.9804990131305421
2026-05-25,2026-05-25 11:19:18,V002,70.0,0.9809948763120472
2026-05-25,2026-05-25 11:19:19,V002,69.0,0.9786725972295316
2026-05-25,2026-05-25 11:19:20,V002,68.0,0.9937155978254291
2026-05-25,2026-05-25 11:19:21,V002,67.0,0.9857284182962492
2026-05-25,2026-05-25 11:19:22,V002,66.0,0.9768089521144964
2026-05-25,2026-05-25 11:19:23,V002,65.0,0.9982957914969376
2026-05-25,2026-05-25 11:19:24,V002,64.0,0.9904279050095712
2026-05-25,2026-05-25 11:19:25,V002,64.0,0.9850345824200643
2026-05-25,2026-05-25 11:19:26,V002,64.0,0.9809088570236046
2026-05-25,2026-05-25 11:19:27,V002,64.0,0.9778919418803947
2026-05-25,2026-05-25 11:19:28,V002,64.0,0.9804379607436863
2026-05-25,2026-05-25 11:19:29,V002,64.0,0.9803521000214545
2026-05-25,2026-05-25 11:19:30,V002,65.0,0.9798870663065091
2026-05-25,2026-05-25 11:19:31,V002,66.0,0.9791321095614797
2026-05-25,2026-05-25 11:19:32,V002,67.0,0.9799270752084236
2026-05-25,2026-05-25 11:19:33,V002,68.0,0.979621764344548
2026-05-25,2026-05-25 11:19:34,V002,69.0,0.978595015022754
2026-05-25,2026-05-25 11:19:35,V002,70.0,0.9806587989294869
2026-05-25,2026-05-25 11:19:36,V002,71.0,0.979311524005169
2026-05-25,2026-05-25 11:19:37,V002,72.0,0.9799883965756248
2026-05-25,2026-05-25 11:19:38,V002,73.0,0.9888538697246635
2026-05-25,2026-05-25 11:19:39,V002,74.0,0.9806599185132022
2026-05-25,2026-05-25 11:19:40,V002,74.0,0.9817690448539552
2026-05-25,2026-05-25 11:19:41,V002,74.0,0.9813950241999744
2026-05-25,2026-05-25 11:19:42,V002,74.0,0.9816084016997323
2026-05-25,2026-05-25 11:19:43,V002,74.0,0.9807633097594274
2026-05-25,2026-05-25 11:19:44,V002,74.0,0.9822429570379758
2026-05-25,2026-05-25 11:19:45,V002,74.0,0.9808057579056982
2026-05-25,2026-05-25 11:19:46,V002,74.0,0.9807407721650163
2026-05-25,2026-05-25 11:19:47,V002,75.0,0.9806916345502387
2026-05-25,2026-05-25 11:19:48,V002,76.0,0.9834179020456685
2026-05-25,2026-05-25 11:19:49,V002,77.0,0.9784721108003207
2026-05-25,2026-05-25 11:19:50,V002,77.0,0.9822600388126165
2026-05-25,2026-05-25 11:19:51,V002,78.0,0.9815886420633501
2026-05-25,2026-05-25 11:19:52,V002,78.0,0.9816025570706188
2026-05-25,2026-05-25 11:19:53,V002,77.0,0.9812218774610875
2026-05-25,2026-05-25 11:19:54,V002,77.0,0.9804458406462223
2026-05-25,2026-05-25 11:19:55,V002,76.0,0.981564843080326
2026-05-25,2026-05-25 11:19:56,V002,76.0,0.981463380066545
2026-05-25,2026-05-25 11:19:57,V002,76.0,0.9768842074948807
2026-05-25,2026-05-25 11:19:58,V002,76.0,0.9869879679440315
2026-05-25,2026-05-25 11:19:59,V002,76.0,0.987513902892731
2026-05-25,2026-05-25 11:20:00,V002,76.0,0.9733415383250467
2026-05-25,2026-05-25 11:20:01,V002,75.0,0.980668584304647
2026-05-25,2026-05-25 11:20:02,V002,75.0,0.9816213221464803
2026-05-25,2026-05-25 11:20:03,V002,74.0,0.9847746649074498
2026-05-25,2026-05-25 11:20:04,V002,73.0,0.9804977777467682
2026-05-25,2026-05-25 11:20:05,V002,73.0,0.9811516799889453
2026-05-25,2026-05-25 11:20:06,V002,72.0,0.9812727146818605
2026-05-25,2026-05-25 11:20:07,V002,72.0,0.9813945623577889
2026-05-25,2026-05-25 11:20:08,V002,72.0,0.9811251269485365
2026-05-25,2026-05-25 11:20:09,V002,72.0,0.9814824207354729
2026-05-25,2026-05-25 11:20:10,V002,73.0,0.9807192261933444
2026-05-25,2026-05-25 11:20:11,V002,74.0,0.9807234956646858
2026-05-25,2026-05-25 11:20:12,V002,75.0,0.9815873049897808
2026-05-25,2026-05-25 11:20:13,V002,75.0,0.9814849816525866
2026-05-25,2026-05-25 11:20:14,V002,76.0,0.9805749593960036
2026-05-25,2026-05-25 11:20:15,V002,75.0,0.9805505172356377
2026-05-25,2026-05-25 11:20:16,V002,75.0,0.9811148926926626
2026-05-25,2026-05-25 11:20:17,V002,74.0,0.9793337245042635
2026-05-25,2026-05-25 11:20:18,V002,73.0,0.9810775146017987
2026-05-25,2026-05-25 11:20:19,V002,72.0,0.9817845380522108
2026-05-25,2026-05-25 11:20:20,V002,72.0,0.9806667138420719
2026-05-25,2026-05-25 11:20:21,V002,71.0,0.9804617100566553
2026-05-25,2026-05-25 11:20:22,V002,71.0,0.9810961177324004
2026-05-25,2026-05-25 11:20:23,V002,70.0,0.9803557672010037
2026-05-25,2026-05-25 11:20:24,V002,69.0,0.9809363323146875
2026-05-25,2026-05-25 11:20:25,V002,69.0,0.9805720817813401
2026-05-25,2026-05-25 11:20:26,V002,69.0,0.9804758094098279
2026-05-25,2026-05-25 11:20:27,V002,69.0,0.9802877635326618
2026-05-25,2026-05-25 11:20:28,V002,69.0,0.9802978469622783
2026-05-25,2026-05-25 11:20:29,V002,69.0,0.9803597473764295
2026-05-25,2026-05-25 11:20:30,V002,69.0,0.9804991171075784
2026-05-25,2026-05-25 11:20:31,V002,69.0,0.9802953198297699
2026-05-25,2026-05-25 11:20:32,V002,69.0,0.979838312107994
2026-05-25,2026-05-25 11:20:33,V002,68.0,1.0140751696858314
2026-05-25,2026-05-25 11:20:34,V002,68.0,0.9616276224095412
2026-05-25,2026-05-25 11:20:35,V002,67.0,0.9791238802398564
2026-05-25,2026-05-25 11:20:36,V002,67.0,0.9992495762447879
2026-05-25,2026-05-25 11:20:37,V002,67.0,0.9810158248099491
2026-05-25,2026-05-25 11:20:38,V002,66.0,0.9809970477491384
2026-05-25,2026-05-25 11:20:39,V002,66.0,0.9815073403378554
2026-05-25,2026-05-25 11:20:40,V002,66.0,0.9817964061390991
2026-05-25,2026-05-25 11:20:41,V002,66.0,0.9812400532057061
2026-05-25,2026-05-25 11:20:42,V002,66.0,0.9815354840402601
2026-05-25,2026-05-25 11:20:43,V002,66.0,0.9811937355049611
2026-05-25,2026-05-25 11:20:44,V002,66.0,0.981313775913078
2026-05-25,2026-05-25 11:20:45,V002,67.0,0.9816330820038067
2026-05-25,2026-05-25 11:20:46,V002,67.0,0.9812514256500436
2026-05-25,2026-05-25 11:20:47,V002,67.0,0.9811020590678121
2026-05-25,2026-05-25 11:20:48,V002,67.0,0.981089050889986
2026-05-25,2026-05-25 11:20:49,V002,67.0,0.98145981763452
2026-05-25,2026-05-25 11:20:50,V002,66.0,0.9816562780601784
2026-05-25,2026-05-25 11:20:51,V002,67.0,0.9812559847474969
2026-05-25,2026-05-25 11:20:52,V002,68.0,0.9813114690894622
2026-05-25,2026-05-25 11:20:53,V002,68.0,0.9817495275822009
2026-05-25,2026-05-25 11:20:54,V002,68.0,0.9813647267719199
2026-05-25,2026-05-25 11:20:55,V002,67.0,0.9811898254777744
2026-05-25,2026-05-25 11:20:56,V002,67.0,0.979859459812678
2026-05-25,2026-05-25 11:20:57,V002,66.0,0.9826703392056276
2026-05-25,2026-05-25 11:20:58,V002,65.0,0.9801697170991344
2026-05-25,2026-05-25 11:20:59,V002,64.0,0.9803662296724863
2026-05-25,2026-05-25 11:21:00,V002,63.0,0.981574043676601
2026-05-25,2026-05-25 11:21:01,V002,62.0,0.9801262845435188
2026-05-25,2026-05-25 11:21:02,V002,61.0,0.9811131172643874
2026-05-25,2026-05-25 11:21:03,V002,61.0,0.9814915303132713
2026-05-25,2026-05-25 11:21:04,V002,61.0,0.9808106907193382
2026-05-25,2026-05-25 11:21:05,V002,61.0,0.9852118732667364
2026-05-25,2026-05-25 11:21:06,V002,62.0,0.990423541685168
2026-05-25,2026-05-25 11:21:07,V002,63.0,1.027928473571755
2026-05-25,2026-05-25 11:21:08,V002,64.0,0.998292144376075
2026-05-25,2026-05-25 11:21:09,V002,64.0,0.9858900109353663
2026-05-25,2026-05-25 11:21:10,V002,63.0,1.0039121507398447
2026-05-25,2026-05-25 11:21:11,V002,62.0,0.9984079515504355
2026-05-25,2026-05-25 11:21:12,V002,62.0,1.025480365477918
2026-05-25,2026-05-25 11:21:13,V002,62.0,1.0226149710656185
2026-05-25,2026-05-25 11:21:14,V002,63.0,1.076981077840873
2026-05-25,2026-05-25 11:21:15,V002,64.0,1.044492722266445
2026-05-25,2026-05-25 11:21:16,V002,65.0,1.046395323295145
2026-05-25,2026-05-25 11:21:17,V002,66.0,1.0574276829808844
2026-05-25,2026-05-25 11:21:18,V002,67.0,1.0815002638486504
2026-05-25,2026-05-25 11:21:19,V002,68.0,1.0888740029142931
2026-05-25,2026-05-25 11:21:20,V002,69.0,1.1299650731703847
2026-05-25,2026-05-25 11:21:21,V002,70.0,0.9647062142963269
2026-05-25,2026-05-25 11:21:22,V002,71.0,0.9953892832505312
2026-05-25,2026-05-25 11:21:23,V002,72.0,0.9941159370548863
2026-05-25,2026-05-25 11:21:24,V002,72.0,1.0231373351617632
2026-05-25,2026-05-25 11:21:25,V002,72.0,1.0001393985586096
2026-05-25,2026-05-25 11:21:26,V002,71.0,1.007691977929285
2026-05-25,2026-05-25 11:21:27,V002,72.0,0.9863008768539447
2026-05-25,2026-05-25 11:21:28,V002,73.0,1.011340937515161
2026-05-25,2026-05-25 11:21:29,V002,74.0,0.9798911052182946
2026-05-25,2026-05-25 11:21:30,V002,75.0,1.0136342420835207
2026-05-25,2026-05-25 11:21:31,V002,76.0,0.9662676926771228
2026-05-25,2026-05-25 11:21:32,V002,77.0,0.9876796345616208
2026-05-25,2026-05-25 11:21:33,V002,79.0,0.9915685772033537
2026-05-25,2026-05-25 11:21:34,V002,80.0,0.9964287100403727
2026-05-25,2026-05-25 11:21:35,V002,81.0,1.0005663626841381
2026-05-25,2026-05-25 11:21:36,V002,82.0,1.0085850123527866
2026-05-25,2026-05-25 11:21:37,V002,82.0,1.030427190452298
2026-05-25,2026-05-25 11:21:38,V002,82.0,0.951942201772043
2026-05-25,2026-05-25 11:21:39,V002,82.0,1.0298369140440427
2026-05-25,2026-05-25 11:21:40,V002,81.0,0.9614985943325897
2026-05-25,2026-05-25 11:21:41,V002,81.0,1.0066984727810537
2026-05-25,2026-05-25 11:21:42,V002,81.0,0.9761883434667189
2026-05-25,2026-05-25 11:21:43,V002,80.0,1.0328358231333319
2026-05-25,2026-05-25 11:21:44,V002,80.0,0.9767430619783736
2026-05-25,2026-05-25 11:21:45,V002,79.0,0.9754586423469832
2026-05-25,2026-05-25 11:21:46,V002,79.0,1.0247611884524488
2026-05-25,2026-05-25 11:21:47,V002,79.0,1.0026043592670784
2026-05-25,2026-05-25 11:21:48,V002,79.0,0.9973142817523954
2026-05-25,2026-05-25 11:21:49,V002,80.0,0.975132935466297
2026-05-25,2026-05-25 11:21:50,V002,80.0,1.0351340934001212
2026-05-25,2026-05-25 11:21:51,V002,81.0,0.9874519022027438
2026-05-25,2026-05-25 11:21:52,V002,81.0,1.0217513245832173
2026-05-25,2026-05-25 11:21:53,V002,82.0,1.0076091855353475
2026-05-25,2026-05-25 11:21:54,V002,82.0,0.9923337298417966
2026-05-25,2026-05-25 11:21:55,V002,83.0,0.9799373455890869
2026-05-25,2026-05-25 11:21:56,V002,83.0,1.0161870759856888
2026-05-25,2026-05-25 11:21:57,V002,82.0,1.00636015552305
2026-05-25,2026-05-25 11:21:58,V002,82.0,1.0032665990797813
2026-05-25,2026-05-25 11:21:59,V002,82.0,0.9755854496316542
2026-05-25,2026-05-25 11:22:00,V002,82.0,0.9939654745553986
2026-05-25,2026-05-25 11:22:01,V002,82.0,0.99047972175058
2026-05-25,2026-05-25 11:22:02,V002,82.0,1.0072077861057276
2026-05-25,2026-05-25 11:22:03,V002,82.0,1.0196126473146563
2026-05-25,2026-05-25 11:22:04,V002,82.0,0.9889531623399762
2026-05-25,2026-05-25 11:22:05,V002,82.0,0.9907278255247133
2026-05-25,2026-05-25 11:22:06,V002,82.0,0.9883738503808499
2026-05-25,2026-05-25 11:22:07,V002,82.0,0.9890588964142586
2026-05-25,2026-05-25 11:22:08,V002,82.0,0.982979456760968
2026-05-25,2026-05-25 11:22:09,V002,82.0,0.9812534054929942
2026-05-25,2026-05-25 11:22:10,V002,82.0,0.9804043449150807
2026-05-25,2026-05-25 11:22:11,V002,82.0,0.9767304725384726
2026-05-25,2026-05-25 11:22:12,V002,82.0,0.994675446584212
2026-05-25,2026-05-25 11:22:13,V002,81.0,0.9696628247262674
2026-05-25,2026-05-25 11:22:14,V002,81.0,1.001630848924128
2026-05-25,2026-05-25 11:22:15,V002,81.0,1.0013028649900755
2026-05-25,2026-05-25 11:22:16,V002,80.0,0.9745030621400037
2026-05-25,2026-05-25 11:22:17,V002,79.0,1.050824800511298
2026-05-25,2026-05-25 11:22:18,V002,79.0,0.9872539833757603
2026-05-25,2026-05-25 11:22:19,V002,78.0,0.9889055852903114
2026-05-25,2026-05-25 11:22:20,V002,78.0,1.0136791379573207
2026-05-25,2026-05-25 11:22:21,V002,78.0,1.0349779574814657
2026-05-25,2026-05-25 11:22:22,V002,78.0,0.9708062869027412
2026-05-25,2026-05-25 11:22:23,V002,78.0,0.9951934176356918
2026-05-25,2026-05-25 11:22:24,V002,78.0,1.0250712349384672
2026-05-25,2026-05-25 11:22:25,V002,78.0,1.0262346721765934
2026-05-25,2026-05-25 11:22:26,V002,78.0,1.0091777428976587
2026-05-25,2026-05-25 11:22:27,V002,78.0,1.008224764620401
2026-05-25,2026-05-25 11:22:28,V002,78.0,1.0204475503384547
2026-05-25,2026-05-25 11:22:29,V002,78.0,0.9896698528861273
2026-05-25,2026-05-25 11:22:30,V002,77.0,0.9934098548486936
2026-05-25,2026-05-25 11:22:31,V002,77.0,0.998567068171256
2026-05-25,2026-05-25 11:22:32,V002,77.0,1.029694591929116
2026-05-25,2026-05-25 11:22:33,V002,77.0,1.0070830565656492
2026-05-25,2026-05-25 11:22:34,V002,77.0,0.9570735888667883
2026-05-25,2026-05-25 11:22:35,V002,78.0,1.0429731626629415
2026-05-25,2026-05-25 11:22:36,V002,78.0,1.0243340714842983
2026-05-25,2026-05-25 11:22:37,V002,78.0,1.0214472253791809
2026-05-25,2026-05-25 11:22:38,V002,78.0,1.0381868858185472
2026-05-25,2026-05-25 11:22:39,V002,78.0,1.0377778082731621
2026-05-25,2026-05-25 11:22:40,V002,79.0,1.0210490342632823
2026-05-25,2026-05-25 11:22:41,V002,79.0,1.0684037187629938
2026-05-25,2026-05-25 11:22:42,V002,79.0,1.0210885443124642
2026-05-25,2026-05-25 11:22:43,V002,80.0,0.9204180737550286
2026-05-25,2026-05-25 11:22:44,V002,80.0,1.0599438479676246
2026-05-25,2026-05-25 11:22:45,V002,81.0,0.9904594099755332
2026-05-25,2026-05-25 11:22:46,V002,81.0,0.9792564419072111
2026-05-25,2026-05-25 11:22:47,V002,82.0,0.9950084325963988
2026-05-25,2026-05-25 11:22:48,V002,82.0,1.0047814601137783
2026-05-25,2026-05-25 11:22:49,V002,83.0,1.0621963841826658
2026-05-25,2026-05-25 11:22:50,V002,83.0,0.9966171790648598
2026-05-25,2026-05-25 11:22:51,V002,83.0,1.0250623771834113
2026-05-25,2026-05-25 11:22:52,V002,84.0,0.995813095329166
2026-05-25,2026-05-25 11:22:53,V002,85.0,0.9976697562061559
2026-05-25,2026-05-25 11:22:54,V002,85.0,1.019205263268184
2026-05-25,2026-05-25 11:22:55,V002,85.0,0.9934941843092906
2026-05-25,2026-05-25 11:22:56,V002,85.0,1.000819429671629
2026-05-25,2026-05-25 11:22:57,V002,85.0,0.9922301862953498
2026-05-25,2026-05-25 11:22:58,V002,85.0,1.0191885418762263
2026-05-25,2026-05-25 11:22:59,V002,85.0,1.0167601420367238
2026-05-25,2026-05-25 11:23:00,V002,86.0,1.0162764872969703
2026-05-25,2026-05-25 11:23:01,V002,85.0,0.9969684887197031
2026-05-25,2026-05-25 11:23:02,V002,85.0,1.015556621432589
2026-05-25,2026-05-25 11:23:03,V002,85.0,0.9934063510592631
2026-05-25,2026-05-25 11:23:04,V002,85.0,0.9799359196467584
2026-05-25,2026-05-25 11:23:05,V002,85.0,1.0156769487741493
2026-05-25,2026-05-25 11:23:06,V002,85.0,1.0329488909594036
2026-05-25,2026-05-25 11:23:07,V002,85.0,1.0468256537681162
2026-05-25,2026-05-25 11:23:08,V002,85.0,1.003171927911039
2026-05-25,2026-05-25 11:23:09,V002,85.0,1.005190888954326
2026-05-25,2026-05-25 11:23:10,V002,85.0,1.0146121492349258
2026-05-25,2026-05-25 11:23:11,V002,85.0,1.0034529279137427
2026-05-25,2026-05-25 11:23:12,V002,86.0,0.9800920749038085
2026-05-25,2026-05-25 11:23:13,V002,86.0,1.013511957733108
2026-05-25,2026-05-25 11:23:14,V002,86.0,0.9946403063325227
2026-05-25,2026-05-25 11:23:15,V002,86.0,0.9929287884274262
2026-05-25,2026-05-25 11:23:16,V002,86.0,0.9835001731604593
2026-05-25,2026-05-25 11:23:17,V002,85.0,0.9884353654498946
2026-05-25,2026-05-25 11:23:18,V002,85.0,1.0186690425172176
2026-05-25,2026-05-25 11:23:19,V002,84.0,1.0101875338931408
2026-05-25,2026-05-25 11:23:20,V002,84.0,1.001919417196595
2026-05-25,2026-05-25 11:23:21,V002,84.0,0.9529260886780822
2026-05-25,2026-05-25 11:23:22,V002,84.0,0.9989632540879139
2026-05-25,2026-05-25 11:23:23,V002,85.0,0.9917093944748151
2026-05-25,2026-05-25 11:23:24,V002,85.0,1.0074590785938844
2026-05-25,2026-05-25 11:23:25,V002,85.0,0.996642029517452
2026-05-25,2026-05-25 11:23:26,V002,85.0,1.0032868777807291
2026-05-25,2026-05-25 11:23:27,V002,85.0,1.0891638795556629
2026-05-25,2026-05-25 11:23:28,V002,86.0,1.0352918255561738
2026-05-25,2026-05-25 11:23:29,V002,86.0,0.9945475928673275
2026-05-25,2026-05-25 11:23:30,V002,86.0,1.0115575591660522
2026-05-25,2026-05-25 11:23:31,V002,85.0,0.9891343203404128
2026-05-25,2026-05-25 11:23:32,V002,85.0,1.002462009658975
2026-05-25,2026-05-25 11:23:33,V002,85.0,0.9984569323683208
2026-05-25,2026-05-25 11:23:34,V002,85.0,1.002093102033466
2026-05-25,2026-05-25 11:23:35,V002,84.0,1.0136064019030466
2026-05-25,2026-05-25 11:23:36,V002,83.0,0.9993182287956335
2026-05-25,2026-05-25 11:23:37,V002,83.0,1.0155420569478262
2026-05-25,2026-05-25 11:23:38,V002,83.0,0.9984302587617797
2026-05-25,2026-05-25 11:23:39,V002,83.0,0.9900609965240461
2026-05-25,2026-05-25 11:23:40,V002,83.0,0.9960430851690828
2026-05-25,2026-05-25 11:23:41,V002,84.0,0.9983458287309384
2026-05-25,2026-05-25 11:23:42,V002,84.0,1.0031032549433412
2026-05-25,2026-05-25 11:23:43,V002,84.0,1.01520120957045
2026-05-25,2026-05-25 11:23:44,V002,84.0,1.027847643963066
2026-05-25,2026-05-25 11:23:45,V002,84.0,1.012019359083522
2026-05-25,2026-05-25 11:23:46,V002,84.0,1.008119545246921
2026-05-25,2026-05-25 11:23:47,V002,84.0,0.9818183061037064
2026-05-25,2026-05-25 11:23:48,V002,84.0,0.996475092954951
2026-05-25,2026-05-25 11:23:49,V002,84.0,1.0116796947166449
2026-05-25,2026-05-25 11:23:50,V002,83.0,1.0198542433645337
2026-05-25,2026-05-25 11:23:51,V002,83.0,0.9661279781755469
2026-05-25,2026-05-25 11:23:52,V002,83.0,0.9668714041915627
2026-05-25,2026-05-25 11:23:53,V002,83.0,1.0242635757077012
2026-05-25,2026-05-25 11:23:54,V002,82.0,1.028770467605239
2026-05-25,2026-05-25 11:23:55,V002,82.0,1.0709283211522733
2026-05-25,2026-05-25 11:23:56,V002,82.0,0.99927528560377
2026-05-25,2026-05-25 11:23:57,V002,82.0,0.9971389880385001
2026-05-25,2026-05-25 11:23:58,V002,82.0,0.9866147494616921
2026-05-25,2026-05-25 11:23:59,V002,82.0,0.988570423218591
2026-05-25,2026-05-25 11:24:00,V002,82.0,0.9953373132668187
2026-05-25,2026-05-25 11:24:01,V002,83.0,0.9767356821367719
2026-05-25,2026-05-25 11:24:02,V002,83.0,1.0013377117912345
2026-05-25,2026-05-25 11:24:03,V002,83.0,1.0048810913755204
2026-05-25,2026-05-25 11:24:04,V002,83.0,1.0080855587535469
2026-05-25,2026-05-25 11:24:05,V002,84.0,1.0047690760502515
2026-05-25,2026-05-25 11:24:06,V002,84.0,1.013913489487917
2026-05-25,2026-05-25 11:24:07,V002,84.0,1.0187429980415161
2026-05-25,2026-05-25 11:24:08,V002,84.0,1.0021820603742158
2026-05-25,2026-05-25 11:24:09,V002,84.0,0.9943920621247275
2026-05-25,2026-05-25 11:24:10,V002,84.0,1.012419957080187
2026-05-25,2026-05-25 11:24:11,V002,85.0,0.9894745013283688
2026-05-25,2026-05-25 11:24:12,V002,85.0,1.0089457316189863
2026-05-25,2026-05-25 11:24:13,V002,85.0,0.9972963681696123
2026-05-25,2026-05-25 11:24:14,V002,85.0,1.0133877245130907
2026-05-25,2026-05-25 11:24:15,V002,85.0,1.0107701074190272
2026-05-25,2026-05-25 11:24:16,V002,85.0,1.0258147317897799
2026-05-25,2026-05-25 11:24:17,V002,85.0,1.0195972668519142
2026-05-25,2026-05-25 11:24:18,V002,85.0,1.008891456769515
2026-05-25,2026-05-25 11:24:19,V002,85.0,0.9941330981973282
2026-05-25,2026-05-25 11:24:20,V002,85.0,0.9834507503492624
2026-05-25,2026-05-25 11:24:21,V002,85.0,0.9956949466115225
2026-05-25,2026-05-25 11:24:22,V002,85.0,0.9883558798330321
2026-05-25,2026-05-25 11:24:23,V002,85.0,1.0013651282167984
2026-05-25,2026-05-25 11:24:24,V002,85.0,1.005414613405348
2026-05-25,2026-05-25 11:24:25,V002,85.0,1.002625363609536
2026-05-25,2026-05-25 11:24:26,V002,85.0,1.0143123548450936
2026-05-25,2026-05-25 11:24:27,V002,85.0,1.0133453912916277
2026-05-25,2026-05-25 11:24:28,V002,85.0,0.9770071983317645
2026-05-25,2026-05-25 11:24:29,V002,85.0,0.9846217268527228
2026-05-25,2026-05-25 11:24:30,V002,85.0,0.984284311477549
2026-05-25,2026-05-25 11:24:31,V002,85.0,1.00841982985513
2026-05-25,2026-05-25 11:24:32,V002,85.0,0.9937486349437794
2026-05-25,2026-05-25 11:24:33,V002,85.0,1.1291034867925935
2026-05-25,2026-05-25 11:24:34,V002,85.0,1.0108751505934694
2026-05-25,2026-05-25 11:24:35,V002,84.0,1.0161034000064213
2026-05-25,2026-05-25 11:24:36,V002,84.0,1.0190437110478434
2026-05-25,2026-05-25 11:24:37,V002,84.0,1.0071550427567741
2026-05-25,2026-05-25 11:24:38,V002,84.0,1.023074142930534
2026-05-25,2026-05-25 11:24:39,V002,84.0,0.9898053974375522
2026-05-25,2026-05-25 11:24:40,V002,84.0,1.007563887643364
2026-05-25,2026-05-25 11:24:41,V002,84.0,1.0020607834532698
2026-05-25,2026-05-25 11:24:42,V002,84.0,1.0140675086033095
2026-05-25,2026-05-25 11:24:43,V002,84.0,1.0364426335791388
2026-05-25,2026-05-25 11:24:44,V002,85.0,1.01263524644817
2026-05-25,2026-05-25 11:24:45,V002,85.0,1.0228916979427765
2026-05-25,2026-05-25 11:24:46,V002,85.0,1.010672132665538
2026-05-25,2026-05-25 11:24:47,V002,85.0,0.9996530774812037
2026-05-25,2026-05-25 11:24:48,V002,85.0,0.9824716993381871
2026-05-25,2026-05-25 11:24:49,V002,85.0,0.9976413843013151
2026-05-25,2026-05-25 11:24:50,V002,85.0,1.0110043355598295
2026-05-25,2026-05-25 11:24:51,V002,85.0,1.0051904343987648
2026-05-25,2026-05-25 11:24:52,V002,85.0,1.0271120065219843
2026-05-25,2026-05-25 11:24:53,V002,85.0,1.0030114041825715
2026-05-25,2026-05-25 11:24:54,V002,85.0,1.0308636927528996
2026-05-25,2026-05-25 11:24:55,V002,85.0,1.005943081329929
2026-05-25,2026-05-25 11:24:56,V002,85.0,1.03661902656504
2026-05-25,2026-05-25 11:24:57,V002,84.0,1.0216843537999527
2026-05-25,2026-05-25 11:24:58,V002,84.0,1.0094255058834176
2026-05-25,2026-05-25 11:24:59,V002,84.0,1.0355125022735274
2026-05-25,2026-05-25 11:25:00,V002,84.0,0.9919442504543686
2026-05-25,2026-05-25 11:25:01,V002,84.0,0.9837008264881067
2026-05-25,2026-05-25 11:25:02,V002,84.0,0.999017157912975
2026-05-25,2026-05-25 11:25:03,V002,84.0,1.0218276614821717
2026-05-25,2026-05-25 11:25:04,V002,85.0,0.994884030177782
2026-05-25,2026-05-25 11:25:05,V002,85.0,1.0069508792002302
2026-05-25,2026-05-25 11:25:06,V002,85.0,0.9975738518466576
2026-05-25,2026-05-25 11:25:07,V002,86.0,0.9949048884996431
2026-05-25,2026-05-25 11:25:08,V002,86.0,1.000311046593031
2026-05-25,2026-05-25 11:25:09,V002,86.0,1.004673533251071
2026-05-25,2026-05-25 11:25:10,V002,86.0,1.0144927786998852
2026-05-25,2026-05-25 11:25:11,V002,87.0,1.0164834669876797
2026-05-25,2026-05-25 11:25:12,V002,87.0,1.0149242337365654
2026-05-25,2026-05-25 11:25:13,V002,87.0,0.9986603789904391
2026-05-25,2026-05-25 11:25:14,V002,87.0,0.9919276800020728
2026-05-25,2026-05-25 11:25:15,V002,87.0,0.9772772298636292
2026-05-25,2026-05-25 11:25:16,V002,87.0,0.9903361297257125
2026-05-25,2026-05-25 11:25:17,V002,87.0,0.9882560977989272
2026-05-25,2026-05-25 11:25:18,V002,87.0,0.9935272847659123
2026-05-25,2026-05-25 11:25:19,V002,87.0,1.0029587645005966
2026-05-25,2026-05-25 11:25:20,V002,87.0,0.9970054563702229
2026-05-25,2026-05-25 11:25:21,V002,87.0,0.9964453191851536
2026-05-25,2026-05-25 11:25:22,V002,87.0,1.0119476488475427
2026-05-25,2026-05-25 11:25:23,V002,87.0,1.0131106444255957
2026-05-25,2026-05-25 11:25:24,V002,87.0,1.0167612974572906
2026-05-25,2026-05-25 11:25:25,V002,87.0,1.0279606011539182
2026-05-25,2026-05-25 11:25:26,V002,87.0,1.0065127131863203
2026-05-25,2026-05-25 11:25:27,V002,87.0,1.0095459378509386
2026-05-25,2026-05-25 11:25:28,V002,87.0,1.0081128117079137
2026-05-25,2026-05-25 11:25:29,V002,87.0,1.0027157376717892
2026-05-25,2026-05-25 11:25:30,V002,87.0,0.9935320063078101
2026-05-25,2026-05-25 11:25:31,V002,88.0,1.0038172159249585
2026-05-25,2026-05-25 11:25:32,V002,88.0,1.0003832868090077
2026-05-25,2026-05-25 11:25:33,V002,88.0,0.9804363075626256
2026-05-25,2026-05-25 11:25:34,V002,88.0,0.9905562747546817
2026-05-25,2026-05-25 11:25:35,V002,88.0,1.0035994906585672
2026-05-25,2026-05-25 11:25:36,V002,88.0,0.9987898535415426
2026-05-25,2026-05-25 11:25:37,V002,88.0,1.075529040274472
2026-05-25,2026-05-25 11:25:38,V002,88.0,1.0546546132718828
2026-05-25,2026-05-25 11:25:39,V002,87.0,1.0000453492557448
2026-05-25,2026-05-25 11:25:40,V002,87.0,1.0180550500549927
2026-05-25,2026-05-25 11:25:41,V002,87.0,1.018437717274105
2026-05-25,2026-05-25 11:25:42,V002,87.0,0.9933310875781541
2026-05-25,2026-05-25 11:25:43,V002,87.0,0.9879443973389112
2026-05-25,2026-05-25 11:25:44,V002,87.0,0.9702218449792032
2026-05-25,2026-05-25 11:25:45,V002,87.0,0.9905578409357316
2026-05-25,2026-05-25 11:25:46,V002,87.0,0.9913816730026574
2026-05-25,2026-05-25 11:25:47,V002,86.0,1.013791435425385
2026-05-25,2026-05-25 11:25:48,V002,86.0,1.0045010720733543
2026-05-25,2026-05-25 11:25:49,V002,86.0,1.0130639265393973
2026-05-25,2026-05-25 11:25:50,V002,86.0,1.0251732220405305
2026-05-25,2026-05-25 11:25:51,V002,86.0,1.000358826933516
2026-05-25,2026-05-25 11:25:52,V002,86.0,1.0227129523447727
2026-05-25,2026-05-25 11:25:53,V002,86.0,1.009416576079299
2026-05-25,2026-05-25 11:25:54,V002,86.0,1.019328935280151
2026-05-25,2026-05-25 11:25:55,V002,86.0,1.0097544520777937
2026-05-25,2026-05-25 11:25:56,V002,86.0,1.0152447920501748
2026-05-25,2026-05-25 11:25:57,V002,86.0,0.9975314556116005
2026-05-25,2026-05-25 11:25:58,V002,86.0,1.0043304167446314
2026-05-25,2026-05-25 11:25:59,V002,86.0,1.013516089249133
2026-05-25,2026-05-25 11:26:00,V002,86.0,0.991764948453058
2026-05-25,2026-05-25 11:26:01,V002,86.0,1.0120404312247435
2026-05-25,2026-05-25 11:26:02,V002,86.0,1.0099032819262639
2026-05-25,2026-05-25 11:26:03,V002,85.0,1.0070315775434906
2026-05-25,2026-05-25 11:26:04,V002,85.0,1.026850177793045
2026-05-25,2026-05-25 11:26:05,V002,85.0,1.0226626553262166
2026-05-25,2026-05-25 11:26:06,V002,84.0,1.0275142878446268
2026-05-25,2026-05-25 11:26:07,V002,84.0,1.0052680448677973
2026-05-25,2026-05-25 11:26:08,V002,84.0,0.9923669890421912
2026-05-25,2026-05-25 11:26:09,V002,84.0,0.9889629369238555
2026-05-25,2026-05-25 11:26:10,V002,84.0,1.0024762859030827
2026-05-25,2026-05-25 11:26:11,V002,84.0,0.9909925965935688
2026-05-25,2026-05-25 11:26:12,V002,84.0,1.0153038197788902
2026-05-25,2026-05-25 11:26:13,V002,84.0,1.0060751571871207
2026-05-25,2026-05-25 11:26:14,V002,84.0,1.0357735720847125
2026-05-25,2026-05-25 11:26:15,V002,84.0,1.00628025783528
2026-05-25,2026-05-25 11:26:16,V002,84.0,1.0154442108830999
2026-05-25,2026-05-25 11:26:17,V002,84.0,1.0006050515875737
2026-05-25,2026-05-25 11:26:18,V002,84.0,0.9948460717240529
2026-05-25,2026-05-25 11:26:19,V002,84.0,1.0025871838531175
2026-05-25,2026-05-25 11:26:20,V002,84.0,0.9846775365058862
2026-05-25,2026-05-25 11:26:21,V002,84.0,1.0119238850855858
2026-05-25,2026-05-25 11:26:22,V002,84.0,1.0242658331402756
2026-05-25,2026-05-25 11:26:23,V002,84.0,0.9851989752027344
2026-05-25,2026-05-25 11:26:24,V002,83.0,1.0084775745139163
2026-05-25,2026-05-25 11:26:25,V002,83.0,1.0044185256963498
2026-05-25,2026-05-25 11:26:26,V002,83.0,1.0260806565491298
2026-05-25,2026-05-25 11:26:27,V002,84.0,1.0232709750001983
2026-05-25,2026-05-25 11:26:28,V002,84.0,1.0121564826643634
2026-05-25,2026-05-25 11:26:29,V002,84.0,1.0289897872788778
2026-05-25,2026-05-25 11:26:30,V002,85.0,1.0277709233612753
2026-05-25,2026-05-25 11:26:31,V002,85.0,1.0112830265146369
2026-05-25,2026-05-25 11:26:32,V002,85.0,1.0143775003517432
2026-05-25,2026-05-25 11:26:33,V002,85.0,0.9949658668706861
2026-05-25,2026-05-25 11:26:34,V002,85.0,0.9935438055722742
2026-05-25,2026-05-25 11:26:35,V002,85.0,0.9962037739127735
2026-05-25,2026-05-25 11:26:36,V002,85.0,0.9999947100003063
2026-05-25,2026-05-25 11:26:37,V002,85.0,0.9960664878984455
2026-05-25,2026-05-25 11:26:38,V002,85.0,1.0123821773258859
2026-05-25,2026-05-25 11:26:39,V002,85.0,1.0162632904079463
2026-05-25,2026-05-25 11:26:40,V002,85.0,1.0074746242301493
2026-05-25,2026-05-25 11:26:41,V002,85.0,1.0084286630162043
2026-05-25,2026-05-25 11:26:42,V002,85.0,0.9992607482015577
2026-05-25,2026-05-25 11:26:43,V002,85.0,1.00246334999109
2026-05-25,2026-05-25 11:26:44,V002,85.0,0.9952190066886142
2026-05-25,2026-05-25 11:26:45,V002,85.0,0.9901703622283772
2026-05-25,2026-05-25 11:26:46,V002,85.0,1.0130494240556733
2026-05-25,2026-05-25 11:26:47,V002,85.0,0.9994805085866597
2026-05-25,2026-05-25 11:26:48,V002,85.0,1.030709627029826
2026-05-25,2026-05-25 11:26:49,V002,84.0,1.0303184648388428
2026-05-25,2026-05-25 11:26:50,V002,84.0,1.034474620048908
2026-05-25,2026-05-25 11:26:51,V002,84.0,1.0352863919451074
2026-05-25,2026-05-25 11:26:52,V002,84.0,0.9977420092960106
2026-05-25,2026-05-25 11:26:53,V002,84.0,0.9787917603369319
2026-05-25,2026-05-25 11:26:54,V002,84.0,0.978134660554526
2026-05-25,2026-05-25 11:26:55,V002,84.0,0.9885487325772891
2026-05-25,2026-05-25 11:26:56,V002,85.0,1.004043825787388
2026-05-25,2026-05-25 11:26:57,V002,85.0,1.0055185060793874
2026-05-25,2026-05-25 11:26:58,V002,85.0,1.023769229837201
2026-05-25,2026-05-25 11:26:59,V002,85.0,1.0108884237523776
2026-05-25,2026-05-25 11:27:00,V002,86.0,1.0127513163196837
2026-05-25,2026-05-25 11:27:01,V002,86.0,0.9979416489037258
2026-05-25,2026-05-25 11:27:02,V002,86.0,1.0044953772803482
2026-05-25,2026-05-25 11:27:03,V002,85.0,0.9780694683576087
2026-05-25,2026-05-25 11:27:04,V002,85.0,1.0133630000017213
2026-05-25,2026-05-25 11:27:05,V002,85.0,1.0059500351708743
2026-05-25,2026-05-25 11:27:06,V002,85.0,1.0125042034144431
2026-05-25,2026-05-25 11:27:07,V002,85.0,1.030104709397177
2026-05-25,2026-05-25 11:27:08,V002,85.0,1.0122625233878935
2026-05-25,2026-05-25 11:27:09,V002,85.0,1.0072776364943241
2026-05-25,2026-05-25 11:27:10,V002,84.0,0.9820212498674982
2026-05-25,2026-05-25 11:27:11,V002,85.0,1.0016061503181064
2026-05-25,2026-05-25 11:27:12,V002,86.0,0.9928650273955751
2026-05-25,2026-05-25 11:27:13,V002,87.0,1.0080591409735047
2026-05-25,2026-05-25 11:27:14,V002,88.0,1.046182731057616
2026-05-25,2026-05-25 11:27:15,V002,88.0,1.0191129468812583
2026-05-25,2026-05-25 11:27:16,V002,89.0,1.0158645548096674
2026-05-25,2026-05-25 11:27:17,V002,89.0,1.029480718302363
2026-05-25,2026-05-25 11:27:18,V002,89.0,1.01139160546727
2026-05-25,2026-05-25 11:27:19,V002,89.0,1.0066767851343663
2026-05-25,2026-05-25 11:27:20,V002,89.0,0.982148589262892
2026-05-25,2026-05-25 11:27:21,V002,89.0,0.9951280152586145
2026-05-25,2026-05-25 11:27:22,V002,89.0,0.9966815918916161
2026-05-25,2026-05-25 11:27:23,V002,89.0,1.0068369815850056
2026-05-25,2026-05-25 11:27:24,V002,89.0,1.0205473021614606
2026-05-25,2026-05-25 11:27:25,V002,89.0,1.0297955213756178
2026-05-25,2026-05-25 11:27:26,V002,89.0,1.0558329265010826
2026-05-25,2026-05-25 11:27:27,V002,89.0,1.0033187427573131
2026-05-25,2026-05-25 11:27:28,V002,89.0,1.021336990357613
2026-05-25,2026-05-25 11:27:29,V002,89.0,1.0050473030241551
2026-05-25,2026-05-25 11:27:30,V002,89.0,1.0193522423056434
2026-05-25,2026-05-25 11:27:31,V002,90.0,1.055724541189141
2026-05-25,2026-05-25 11:27:32,V002,90.0,1.0661849790261415
2026-05-25,2026-05-25 11:27:33,V002,90.0,1.004866500546103
2026-05-25,2026-05-25 11:27:34,V002,90.0,1.0107864006176583
2026-05-25,2026-05-25 11:27:35,V002,90.0,0.9861053460733199
2026-05-25,2026-05-25 11:27:36,V002,90.0,1.0132060515278938
2026-05-25,2026-05-25 11:27:37,V002,91.0,0.999050745075205
2026-05-25,2026-05-25 11:27:38,V002,91.0,1.0142158741533165
2026-05-25,2026-05-25 11:27:39,V002,91.0,1.0153237597529725
2026-05-25,2026-05-25 11:27:40,V002,92.0,1.0204277697266384
2026-05-25,2026-05-25 11:27:41,V002,92.0,1.0224610323403116
2026-05-25,2026-05-25 11:27:42,V002,92.0,0.9975050490512325
2026-05-25,2026-05-25 11:27:43,V002,93.0,1.0047277100009564
2026-05-25,2026-05-25 11:27:44,V002,93.0,0.9944045291647281
2026-05-25,2026-05-25 11:27:45,V002,93.0,1.0169699972864155
2026-05-25,2026-05-25 11:27:46,V002,93.0,1.0158834203971199
2026-05-25,2026-05-25 11:27:47,V002,93.0,1.004163609456576
2026-05-25,2026-05-25 11:27:48,V002,93.0,1.010949411242395
2026-05-25,2026-05-25 11:27:49,V002,92.0,1.016505514902333
2026-05-25,2026-05-25 11:27:50,V002,92.0,1.0167955490471865
2026-05-25,2026-05-25 11:27:51,V002,92.0,1.0147171862405828
2026-05-25,2026-05-25 11:27:52,V002,92.0,1.0001508665661778
2026-05-25,2026-05-25 11:27:53,V002,91.0,0.9922648692582969
2026-05-25,2026-05-25 11:27:54,V002,91.0,0.9953285919922278
2026-05-25,2026-05-25 11:27:55,V002,91.0,0.9986107229346114
2026-05-25,2026-05-25 11:27:56,V002,91.0,0.9952460675998456
2026-05-25,2026-05-25 11:27:57,V002,90.0,1.0294125266191174
2026-05-25,2026-05-25 11:27:58,V002,90.0,1.0242127391754623
2026-05-25,2026-05-25 11:27:59,V002,89.0,0.9883938324210426
2026-05-25,2026-05-25 11:28:00,V002,89.0,0.9819765043026468
2026-05-25,2026-05-25 11:28:01,V002,89.0,0.9909807482310558
2026-05-25,2026-05-25 11:28:02,V002,89.0,1.0086408549002124
2026-05-25,2026-05-25 11:28:03,V002,88.0,1.0009698767751152
2026-05-25,2026-05-25 11:28:04,V002,88.0,1.0284598434171794
2026-05-25,2026-05-25 11:28:05,V002,88.0,0.9558299553784517
2026-05-25,2026-05-25 11:28:06,V002,87.0,0.982829476533244
2026-05-25,2026-05-25 11:28:07,V002,88.0,1.0059344916877684
2026-05-25,2026-05-25 11:28:08,V002,88.0,0.9847380122721233
2026-05-25,2026-05-25 11:28:09,V002,88.0,0.9758601561855285
2026-05-25,2026-05-25 11:28:10,V002,88.0,1.0208166041813511
2026-05-25,2026-05-25 11:28:11,V002,88.0,0.9811031938220668
2026-05-25,2026-05-25 11:28:12,V002,89.0,0.9937949439129248
2026-05-25,2026-05-25 11:28:13,V002,89.0,0.9793813647299412
2026-05-25,2026-05-25 11:28:14,V002,89.0,0.9845081365094623
2026-05-25,2026-05-25 11:28:15,V002,89.0,0.9809704787149613
2026-05-25,2026-05-25 11:28:16,V002,89.0,0.9932934105371483
2026-05-25,2026-05-25 11:28:17,V002,89.0,0.9745077026716157
2026-05-25,2026-05-25 11:28:18,V002,89.0,1.0030874675437038
2026-05-25,2026-05-25 11:28:19,V002,89.0,0.9692718081384659
2026-05-25,2026-05-25 11:28:20,V002,89.0,0.9892136464830582
2026-05-25,2026-05-25 11:28:21,V002,89.0,1.0028205460598156
2026-05-25,2026-05-25 11:28:22,V002,89.0,0.9724345318494543
2026-05-25,2026-05-25 11:28:23,V002,89.0,0.9878362852893606
2026-05-25,2026-05-25 11:28:24,V002,89.0,1.0021335211884543
2026-05-25,2026-05-25 11:28:25,V002,88.0,0.9759406216012717
2026-05-25,2026-05-25 11:28:26,V002,88.0,0.9889256794414133
2026-05-25,2026-05-25 11:28:27,V002,88.0,0.9819413935589579
2026-05-25,2026-05-25 11:28:28,V002,87.0,1.0101130823129643
2026-05-25,2026-05-25 11:28:29,V002,87.0,0.9623626035340781
2026-05-25,2026-05-25 11:28:30,V002,86.0,1.0133363361653909
2026-05-25,2026-05-25 11:28:31,V002,86.0,1.0212588748915223
2026-05-25,2026-05-25 11:28:32,V002,85.0,0.9766190033470287
2026-05-25,2026-05-25 11:28:33,V002,84.0,0.9974856600717072
2026-05-25,2026-05-25 11:28:34,V002,82.0,1.0001935671456268
2026-05-25,2026-05-25 11:28:35,V002,83.0,0.9837239399894082
2026-05-25,2026-05-25 11:28:36,V002,84.0,0.9951700946173433
2026-05-25,2026-05-25 11:28:37,V002,84.0,0.9890238705065343
2026-05-25,2026-05-25 11:28:38,V002,84.0,0.9813046450426794
2026-05-25,2026-05-25 11:28:39,V002,85.0,1.0530379156114835
2026-05-25,2026-05-25 11:28:40,V002,85.0,0.9404747970482651
2026-05-25,2026-05-25 11:28:41,V002,86.0,0.991236745014032
2026-05-25,2026-05-25 11:28:42,V002,87.0,0.9777494250341263
2026-05-25,2026-05-25 11:28:43,V002,87.0,1.0825104335025424
2026-05-25,2026-05-25 11:28:44,V002,87.0,0.9487421111946389
2026-05-25,2026-05-25 11:28:45,V002,87.0,0.9905637433427539
2026-05-25,2026-05-25 11:28:46,V002,87.0,1.0296336553526693
2026-05-25,2026-05-25 11:28:47,V002,86.0,1.0128164230761267
2026-05-25,2026-05-25 11:28:48,V002,86.0,0.9858787963670713
2026-05-25,2026-05-25 11:28:49,V002,86.0,0.9730479654062613
2026-05-25,2026-05-25 11:28:50,V002,85.0,1.0301912306554528
2026-05-25,2026-05-25 11:28:51,V002,86.0,0.9967641460256387
2026-05-25,2026-05-25 11:28:52,V002,87.0,1.0078300140421752
2026-05-25,2026-05-25 11:28:53,V002,87.0,1.0248195079613704
2026-05-25,2026-05-25 11:28:54,V002,87.0,0.9585889093705535
2026-05-25,2026-05-25 11:28:55,V002,87.0,1.0129134324233198
2026-05-25,2026-05-25 11:28:56,V002,88.0,1.0134620282878792
2026-05-25,2026-05-25 11:28:57,V002,88.0,0.9978262665522606
2026-05-25,2026-05-25 11:28:58,V002,89.0,1.0595084274497484
2026-05-25,2026-05-25 11:28:59,V002,90.0,0.9813114954667995
2026-05-25,2026-05-25 11:29:00,V002,91.0,1.0198318515818645
2026-05-25,2026-05-25 11:29:01,V002,92.0,1.0202612777582538
2026-05-25,2026-05-25 11:29:02,V002,92.0,1.0118447256469727
2026-05-25,2026-05-25 11:29:03,V002,92.0,1.0027353235978567
2026-05-25,2026-05-25 11:29:04,V002,91.0,0.9961659784183691
2026-05-25,2026-05-25 11:29:05,V002,91.0,1.0069223807738317
2026-05-25,2026-05-25 11:29:06,V002,90.0,0.9929661116861429
2026-05-25,2026-05-25 11:29:07,V002,90.0,1.0098647636253681
2026-05-25,2026-05-25 11:29:08,V002,90.0,1.1061542398005424
2026-05-25,2026-05-25 11:29:09,V002,90.0,1.0344379543057725
2026-05-25,2026-05-25 11:29:10,V002,89.0,1.030218575448813
2026-05-25,2026-05-25 11:29:11,V002,89.0,0.9876636501403535
2026-05-25,2026-05-25 11:29:12,V002,89.0,1.030449740268573
2026-05-25,2026-05-25 11:29:13,V002,89.0,0.9850554476499457
2026-05-25,2026-05-25 11:29:14,V002,89.0,1.0212025109139722
2026-05-25,2026-05-25 11:29:15,V002,89.0,0.9919269704282406
2026-05-25,2026-05-25 11:29:16,V002,89.0,1.0148130575487078
2026-05-25,2026-05-25 11:29:17,V002,89.0,1.025678503607879
2026-05-25,2026-05-25 11:29:18,V002,90.0,0.9693612484111546
2026-05-25,2026-05-25 11:29:19,V002,90.0,0.9898145439170003
2026-05-25,2026-05-25 11:29:20,V002,91.0,1.0015258821781023
2026-05-25,2026-05-25 11:29:21,V002,91.0,1.0528498956302101
2026-05-25,2026-05-25 11:29:22,V002,91.0,1.0562159932494088
2026-05-25,2026-05-25 11:29:23,V002,90.0,1.0470789457069627
2026-05-25,2026-05-25 11:29:24,V002,90.0,0.9939639235342558
2026-05-25,2026-05-25 11:29:25,V002,90.0,0.9935214714948899
2026-05-25,2026-05-25 11:29:26,V002,90.0,0.9951353169679988
2026-05-25,2026-05-25 11:29:27,V002,90.0,0.9921537557284175
2026-05-25,2026-05-25 11:29:28,V002,91.0,1.0040527251093063
2026-05-25,2026-05-25 11:29:29,V002,90.0,1.0010789281704533
2026-05-25,2026-05-25 11:29:30,V002,90.0,0.9897334203344259
2026-05-25,2026-05-25 11:29:31,V002,90.0,0.994471087362827
2026-05-25,2026-05-25 11:29:32,V002,89.0,0.9910239709726849
2026-05-25,2026-05-25 11:29:33,V002,89.0,1.0091403982747165
2026-05-25,2026-05-25 11:29:34,V002,88.0,0.9987652972855492
2026-05-25,2026-05-25 11:29:35,V002,88.0,0.9937674085238798
2026-05-25,2026-05-25 11:29:36,V002,87.0,0.9920928810825431
2026-05-25,2026-05-25 11:29:37,V002,87.0,0.9921318135791587
2026-05-25,2026-05-25 11:29:38,V002,86.0,0.9949757636864411
2026-05-25,2026-05-25 11:29:39,V002,86.0,0.9897320005702642
2026-05-25,2026-05-25 11:29:40,V002,86.0,0.9926425860549422
2026-05-25,2026-05-25 11:29:41,V002,85.0,0.9929226062691435
2026-05-25,2026-05-25 11:29:42,V002,85.0,0.9917199897197433
2026-05-25,2026-05-25 11:29:43,V002,84.0,0.9932092118550461
2026-05-25,2026-05-25 11:29:44,V002,84.0,0.9910917123008812
2026-05-25,2026-05-25 11:29:45,V002,83.0,0.9923136295012273
2026-05-25,2026-05-25 11:29:46,V002,82.0,0.9916840043243893
2026-05-25,2026-05-25 11:29:47,V002,81.0,0.9931043967568519
2026-05-25,2026-05-25 11:29:48,V002,80.0,0.9923868129401902
2026-05-25,2026-05-25 11:29:49,V002,80.0,0.9920839817315377
2026-05-25,2026-05-25 11:29:50,V002,79.0,0.9927254000228991
2026-05-25,2026-05-25 11:29:51,V002,79.0,0.9922432991254543
2026-05-25,2026-05-25 11:29:52,V002,79.0,0.9930896879499781
2026-05-25,2026-05-25 11:29:53,V002,80.0,0.9929426494539437
2026-05-25,2026-05-25 11:29:54,V002,80.0,0.9968615338879077
2026-05-25,2026-05-25 11:29:55,V002,80.0,0.9888116943659088
2026-05-25,2026-05-25 11:29:56,V002,80.0,0.9925342461648902
2026-05-25,2026-05-25 11:29:57,V002,79.0,0.9909079592870673
2026-05-25,2026-05-25 11:29:58,V002,79.0,0.9919461590168152
2026-05-25,2026-05-25 11:29:59,V002,78.0,0.9922739421756925
2026-05-25,2026-05-25 11:30:00,V002,78.0,0.9905117965813707
2026-05-25,2026-05-25 11:30:01,V002,78.0,0.9917156511669809
2026-05-25,2026-05-25 11:30:02,V002,77.0,0.9898565343455479
2026-05-25,2026-05-25 11:30:03,V002,77.0,0.992853363435204
2026-05-25,2026-05-25 11:30:04,V002,77.0,0.9991649479809643
2026-05-25,2026-05-25 11:30:05,V002,76.0,0.9863436574713862
2026-05-25,2026-05-25 11:30:06,V002,76.0,0.9892751452148631
2026-05-25,2026-05-25 11:30:07,V002,75.0,0.9905841083896348
2026-05-25,2026-05-25 11:30:08,V002,74.0,0.995866382038953
2026-05-25,2026-05-25 11:30:09,V002,74.0,0.9901007414453367
2026-05-25,2026-05-25 11:30:10,V002,73.0,0.9909873600787082
2026-05-25,2026-05-25 11:30:11,V002,73.0,0.9906881904407677
2026-05-25,2026-05-25 11:30:12,V002,72.0,0.9893978571282583
2026-05-25,2026-05-25 11:30:13,V002,72.0,0.9972368083032034
2026-05-25,2026-05-25 11:30:14,V002,73.0,0.9901411300551217
2026-05-25,2026-05-25 11:30:15,V002,73.0,1.0095177192468148
2026-05-25,2026-05-25 11:30:16,V002,73.0,0.990727339980414
2026-05-25,2026-05-25 11:30:17,V002,73.0,1.0096111101699714
2026-05-25,2026-05-25 11:30:18,V002,73.0,0.9967339400889105
2026-05-25,2026-05-25 11:30:19,V002,72.0,0.9829194022050108
2026-05-25,2026-05-25 11:30:20,V002,72.0,1.006461050200846
2026-05-25,2026-05-25 11:30:21,V002,71.0,1.005444625277685
2026-05-25,2026-05-25 11:30:22,V002,71.0,1.0067888962962563
2026-05-25,2026-05-25 11:30:23,V002,71.0,0.9573365216686284
2026-05-25,2026-05-25 11:30:24,V002,71.0,1.136032569000149
2026-05-25,2026-05-25 11:30:25,V002,71.0,0.9448107538150174
2026-05-25,2026-05-25 11:30:26,V002,71.0,1.064218996785855
2026-05-25,2026-05-25 11:30:27,V002,72.0,0.9823364520219765
2026-05-25,2026-05-25 11:30:28,V002,72.0,0.9798798369092231
2026-05-25,2026-05-25 11:30:29,V002,72.0,0.983742659367747
2026-05-25,2026-05-25 11:30:30,V002,72.0,0.9801140298381853
2026-05-25,2026-05-25 11:30:31,V002,72.0,0.9800380508722719
2026-05-25,2026-05-25 11:30:32,V002,73.0,0.9806879009381614
2026-05-25,2026-05-25 11:30:33,V002,73.0,0.9821284854550624
2026-05-25,2026-05-25 11:30:34,V002,74.0,0.9989713790314068
2026-05-25,2026-05-25 11:30:35,V002,75.0,1.0088556694968887
2026-05-25,2026-05-25 11:30:36,V002,75.0,0.9986115016331267
2026-05-25,2026-05-25 11:30:37,V002,76.0,1.0028449238263075
2026-05-25,2026-05-25 11:30:38,V002,76.0,0.996239284958865
2026-05-25,2026-05-25 11:30:39,V002,76.0,0.995648725407175
2026-05-25,2026-05-25 11:30:40,V002,76.0,0.990697014787471
2026-05-25,2026-05-25 11:30:41,V002,76.0,0.9899276795573945
2026-05-25,2026-05-25 11:30:42,V002,76.0,0.9903326504901716
2026-05-25,2026-05-25 11:30:43,V002,75.0,0.9881111072562195
2026-05-25,2026-05-25 11:30:44,V002,75.0,0.9907278248148406
2026-05-25,2026-05-25 11:30:45,V002,76.0,0.9907006137405834
2026-05-25,2026-05-25 11:30:46,V002,76.0,0.9905628958232597
2026-05-25,2026-05-25 11:30:47,V002,77.0,0.9927729038038425
2026-05-25,2026-05-25 11:30:48,V002,77.0,0.9864163196536359
2026-05-25,2026-05-25 11:30:49,V002,77.0,0.9996424070126847
2026-05-25,2026-05-25 11:30:50,V002,77.0,0.9898176684462355
2026-05-25,2026-05-25 11:30:51,V002,77.0,0.9900126475399834
2026-05-25,2026-05-25 11:30:52,V002,77.0,0.9905055309786563
2026-05-25,2026-05-25 11:30:53,V002,76.0,0.9920374011726092
2026-05-25,2026-05-25 11:30:54,V002,76.0,0.9900853814453617
2026-05-25,2026-05-25 11:30:55,V002,76.0,0.9924730668872902
2026-05-25,2026-05-25 11:30:56,V002,76.0,0.9916085119980628
2026-05-25,2026-05-25 11:30:57,V002,76.0,0.9929717315174706
2026-05-25,2026-05-25 11:30:58,V002,76.0,0.992398206068596
2026-05-25,2026-05-25 11:30:59,V002,76.0,0.9914385655399196
2026-05-25,2026-05-25 11:31:00,V002,76.0,0.990727014932009
2026-05-25,2026-05-25 11:31:01,V002,76.0,0.9959460883765842
2026-05-25,2026-05-25 11:31:02,V002,76.0,0.9940815805266757
2026-05-25,2026-05-25 11:31:03,V002,76.0,0.9993180451127772
2026-05-25,2026-05-25 11:31:04,V002,76.0,1.0008889556633582
2026-05-25,2026-05-25 11:31:05,V002,76.0,0.9876403070114762
2026-05-25,2026-05-25 11:31:06,V002,76.0,0.9971718464650214
2026-05-25,2026-05-25 11:31:07,V002,76.0,0.9901478700384817
2026-05-25,2026-05-25 11:31:08,V002,76.0,0.9913188049304756
2026-05-25,2026-05-25 11:31:09,V002,75.0,0.9889467871364562
2026-05-25,2026-05-25 11:31:10,V002,75.0,0.9888606252990527
2026-05-25,2026-05-25 11:31:11,V002,75.0,0.9898930548327013
2026-05-25,2026-05-25 11:31:12,V002,75.0,0.9897454924142223
2026-05-25,2026-05-25 11:31:13,V002,75.0,0.9900964946530031
2026-05-25,2026-05-25 11:31:14,V002,76.0,1.0096877033346143
2026-05-25,2026-05-25 11:31:15,V002,76.0,0.9907697383745262
2026-05-25,2026-05-25 11:31:16,V002,76.0,0.998190420375674
2026-05-25,2026-05-25 11:31:17,V002,76.0,0.9884349368022051
2026-05-25,2026-05-25 11:31:18,V002,76.0,0.9845268484230845
2026-05-25,2026-05-25 11:31:19,V002,76.0,1.0195938468695351
2026-05-25,2026-05-25 11:31:20,V002,76.0,1.0016184001527555
2026-05-25,2026-05-25 11:31:21,V002,76.0,1.0150392610676309
2026-05-25,2026-05-25 11:31:22,V002,76.0,0.9909314479355749
2026-05-25,2026-05-25 11:31:23,V002,76.0,0.9911935798720839
2026-05-25,2026-05-25 11:31:24,V002,76.0,0.9915335096418748
2026-05-25,2026-05-25 11:31:25,V002,76.0,1.00529517265193
2026-05-25,2026-05-25 11:31:26,V002,76.0,0.9817728436123465
2026-05-25,2026-05-25 11:31:27,V002,77.0,0.9851372942154895
2026-05-25,2026-05-25 11:31:28,V002,77.0,0.987376120512256
2026-05-25,2026-05-25 11:31:29,V002,77.0,0.9859310898881466
2026-05-25,2026-05-25 11:31:30,V002,78.0,0.9804421716317124
2026-05-25,2026-05-25 11:31:31,V002,78.0,0.9949221003010774
2026-05-25,2026-05-25 11:31:32,V002,78.0,0.9941875285288468
2026-05-25,2026-05-25 11:31:33,V002,78.0,1.0033495716635674
2026-05-25,2026-05-25 11:31:34,V002,78.0,1.011232922477227
2026-05-25,2026-05-25 11:31:35,V002,77.0,0.9896084807020519
2026-05-25,2026-05-25 11:31:36,V002,77.0,0.9956853597869604
2026-05-25,2026-05-25 11:31:37,V002,76.0,0.992918403309418
2026-05-25,2026-05-25 11:31:38,V002,75.0,0.9942584622319514
2026-05-25,2026-05-25 11:31:39,V002,75.0,0.995978281767768
2026-05-25,2026-05-25 11:31:40,V002,75.0,0.9966043490903844
2026-05-25,2026-05-25 11:31:41,V002,75.0,0.9894324527984875
2026-05-25,2026-05-25 11:31:42,V002,75.0,0.9903905965650732
2026-05-25,2026-05-25 11:31:43,V002,76.0,0.9913359268907486
2026-05-25,2026-05-25 11:31:44,V002,77.0,0.9884325068372202
2026-05-25,2026-05-25 11:31:45,V002,77.0,0.9909062424997063
2026-05-25,2026-05-25 11:31:46,V002,78.0,0.9906392819042794
2026-05-25,2026-05-25 11:31:47,V002,78.0,0.9918854884122882
2026-05-25,2026-05-25 11:31:48,V002,79.0,0.9901735591539776
2026-05-25,2026-05-25 11:31:49,V002,79.0,0.9930953956374744
2026-05-25,2026-05-25 11:31:50,V002,79.0,0.9773319175894032
2026-05-25,2026-05-25 11:31:51,V002,79.0,0.9923180037802929
2026-05-25,2026-05-25 11:31:52,V002,79.0,0.9786987985403945
2026-05-25,2026-05-25 11:31:53,V002,79.0,0.9854284776852394
2026-05-25,2026-05-25 11:31:54,V002,79.0,0.9845058541224497
2026-05-25,2026-05-25 11:31:55,V002,78.0,0.9838608873818855
2026-05-25,2026-05-25 11:31:56,V002,78.0,0.980367314029881
2026-05-25,2026-05-25 11:31:57,V002,77.0,1.002482938332515
2026-05-25,2026-05-25 11:31:58,V002,77.0,0.975890519300995
2026-05-25,2026-05-25 11:31:59,V002,77.0,0.9756849975766329
2026-05-25,2026-05-25 11:32:00,V002,77.0,0.9953633084799818
2026-05-25,2026-05-25 11:32:01,V002,77.0,0.984111085685836
2026-05-25,2026-05-25 11:32:02,V002,78.0,0.9834141982530056
2026-05-25,2026-05-25 11:32:03,V002,78.0,0.9892024052951072
2026-05-25,2026-05-25 11:32:04,V002,78.0,0.9768565567254925
2026-05-25,2026-05-25 11:32:05,V002,78.0,0.9821709905286419
2026-05-25,2026-05-25 11:32:06,V002,79.0,0.979686972134647
2026-05-25,2026-05-25 11:32:07,V002,79.0,0.9797855232821684
2026-05-25,2026-05-25 11:32:08,V002,79.0,0.9885505849576147
2026-05-25,2026-05-25 11:32:09,V002,80.0,0.9890823237671594
2026-05-25,2026-05-25 11:32:10,V002,80.0,0.9886729769411464
2026-05-25,2026-05-25 11:32:11,V002,80.0,0.9823782345197486
2026-05-25,2026-05-25 11:32:12,V002,80.0,0.9888141368009056
2026-05-25,2026-05-25 11:32:13,V002,79.0,0.9822933250078221
2026-05-25,2026-05-25 11:32:14,V002,79.0,0.9840749092854492
2026-05-25,2026-05-25 11:32:15,V002,79.0,0.9809033069973281
2026-05-25,2026-05-25 11:32:16,V002,79.0,0.9803510856605114
2026-05-25,2026-05-25 11:32:17,V002,79.0,0.9805389931927746
2026-05-25,2026-05-25 11:32:18,V002,79.0,0.9802325936535696
2026-05-25,2026-05-25 11:32:19,V002,80.0,0.980357114296665
2026-05-25,2026-05-25 11:32:20,V002,80.0,0.9801187305389406
2026-05-25,2026-05-25 11:32:21,V002,81.0,0.9814695339562036
2026-05-25,2026-05-25 11:32:22,V002,81.0,0.98085231535712
2026-05-25,2026-05-25 11:32:23,V002,81.0,0.9801747684670816
2026-05-25,2026-05-25 11:32:24,V002,81.0,0.9810177920157318
2026-05-25,2026-05-25 11:32:25,V002,81.0,0.9793028942036021
2026-05-25,2026-05-25 11:32:26,V002,81.0,0.9903440497841277
2026-05-25,2026-05-25 11:32:27,V002,80.0,0.9754435015090417
2026-05-25,2026-05-25 11:32:28,V002,80.0,0.9809231879814349
2026-05-25,2026-05-25 11:32:29,V002,80.0,0.9840080699900589
2026-05-25,2026-05-25 11:32:30,V002,79.0,0.9812671108059476
2026-05-25,2026-05-25 11:32:31,V002,79.0,0.9807597305027803
2026-05-25,2026-05-25 11:32:32,V002,79.0,0.9856847478269203
2026-05-25,2026-05-25 11:32:33,V002,80.0,0.9803765186208208
2026-05-25,2026-05-25 11:32:34,V002,80.0,0.9891911378894163
2026-05-25,2026-05-25 11:32:35,V002,79.0,0.976616398075601
2026-05-25,2026-05-25 11:32:36,V002,79.0,0.9836501945990614
2026-05-25,2026-05-25 11:32:37,V002,79.0,0.9792530034456159
2026-05-25,2026-05-25 11:32:38,V002,80.0,0.9811526899379479
2026-05-25,2026-05-25 11:32:39,V002,80.0,0.9796712183456724
2026-05-25,2026-05-25 11:32:40,V002,80.0,0.9808487629166047
2026-05-25,2026-05-25 11:32:41,V002,80.0,0.9798652084680759
2026-05-25,2026-05-25 11:32:42,V002,81.0,0.9808226391101891
2026-05-25,2026-05-25 11:32:43,V002,81.0,0.9810633266624414
2026-05-25,2026-05-25 11:32:44,V002,81.0,0.9800694392943538
2026-05-25,2026-05-25 11:32:45,V002,81.0,0.9803555553816057
2026-05-25,2026-05-25 11:32:46,V002,81.0,0.9849558640938315
2026-05-25,2026-05-25 11:32:47,V002,80.0,0.9857691964868652
2026-05-25,2026-05-25 11:32:48,V002,80.0,0.980777670112324
2026-05-25,2026-05-25 11:32:49,V002,80.0,0.9803376026739421
2026-05-25,2026-05-25 11:32:50,V002,80.0,0.981824086527882
2026-05-25,2026-05-25 11:32:51,V002,80.0,0.9795467490455426
2026-05-25,2026-05-25 11:32:52,V002,81.0,0.9811701370226135
2026-05-25,2026-05-25 11:32:53,V002,81.0,0.9804452980295146
2026-05-25,2026-05-25 11:32:54,V002,81.0,0.9895457801343723
2026-05-25,2026-05-25 11:32:55,V002,81.0,0.9818539824734583
2026-05-25,2026-05-25 11:32:56,V002,81.0,0.9756958431333086
2026-05-25,2026-05-25 11:32:57,V002,81.0,0.9873035840380868
2026-05-25,2026-05-25 11:32:58,V002,81.0,0.9792654970814654
2026-05-25,2026-05-25 11:32:59,V002,80.0,0.9800762163260984
2026-05-25,2026-05-25 11:33:00,V002,80.0,0.9788331181434956
2026-05-25,2026-05-25 11:33:01,V002,80.0,0.9801470086533273
2026-05-25,2026-05-25 11:33:02,V002,80.0,0.9801258559290329
2026-05-25,2026-05-25 11:33:03,V002,80.0,0.9795008520814774
2026-05-25,2026-05-25 11:33:04,V002,81.0,0.9703516512114836
2026-05-25,2026-05-25 11:33:05,V002,80.0,1.0039423173899036
2026-05-25,2026-05-25 11:33:06,V002,80.0,1.0226596627214584
2026-05-25,2026-05-25 11:33:07,V002,79.0,1.0086907940777692
2026-05-25,2026-05-25 11:33:08,V002,78.0,0.990987042119898
2026-05-25,2026-05-25 11:33:09,V002,77.0,0.9896763510575177
2026-05-25,2026-05-25 11:33:10,V002,76.0,0.9897464607182505
2026-05-25,2026-05-25 11:33:11,V002,75.0,0.9874279971459002
2026-05-25,2026-05-25 11:33:12,V002,75.0,0.9875027106570394
2026-05-25,2026-05-25 11:33:13,V002,75.0,0.987952802265652
2026-05-25,2026-05-25 11:33:14,V002,75.0,0.988331079540922
2026-05-25,2026-05-25 11:33:15,V002,76.0,0.9885643478120679
2026-05-25,2026-05-25 11:33:16,V002,77.0,0.9876915485953603
2026-05-25,2026-05-25 11:33:17,V002,78.0,0.9878692586054597
2026-05-25,2026-05-25 11:33:18,V002,78.0,0.9877451481517815
2026-05-25,2026-05-25 11:33:19,V002,79.0,0.9885982019718758
2026-05-25,2026-05-25 11:33:20,V002,80.0,0.987697229712079
2026-05-25,2026-05-25 11:33:21,V002,81.0,0.98814229083517
2026-05-25,2026-05-25 11:33:22,V002,82.0,0.987486018360423
2026-05-25,2026-05-25 11:33:23,V002,82.0,0.987990837372938
2026-05-25,2026-05-25 11:33:24,V002,83.0,0.9878135354434681
2026-05-25,2026-05-25 11:33:25,V002,83.0,0.9872357686743665
2026-05-25,2026-05-25 11:33:26,V002,83.0,0.9877283511651878
2026-05-25,2026-05-25 11:33:27,V002,83.0,0.9875103585813075
2026-05-25,2026-05-25 11:33:28,V002,82.0,0.9871654761598029
2026-05-25,2026-05-25 11:33:29,V002,81.0,0.9878596049655448
2026-05-25,2026-05-25 11:33:30,V002,80.0,0.9878511877480356
2026-05-25,2026-05-25 11:33:31,V002,80.0,0.9871359427972493
2026-05-25,2026-05-25 11:33:32,V002,79.0,0.987627787919667
2026-05-25,2026-05-25 11:33:33,V002,78.0,0.9873997139673599
2026-05-25,2026-05-25 11:33:34,V002,78.0,0.9872917933439627
2026-05-25,2026-05-25 11:33:35,V002,77.0,0.9870990337193696
2026-05-25,2026-05-25 11:33:36,V002,77.0,0.9869359145811355
2026-05-25,2026-05-25 11:33:37,V002,77.0,0.987413105962353
2026-05-25,2026-05-25 11:33:38,V002,77.0,0.9871258926387663
2026-05-25,2026-05-25 11:33:39,V002,76.0,0.987124518500319
2026-05-25,2026-05-25 11:33:40,V002,76.0,0.9872954355354543
2026-05-25,2026-05-25 11:33:41,V002,75.0,0.9870110594978287
2026-05-25,2026-05-25 11:33:42,V002,75.0,0.9868327423679389
2026-05-25,2026-05-25 11:33:43,V002,75.0,0.9866857603554513
2026-05-25,2026-05-25 11:33:44,V002,74.0,0.9863953970496899
2026-05-25,2026-05-25 11:33:45,V002,74.0,0.9873700364183633
2026-05-25,2026-05-25 11:33:46,V002,74.0,0.9868362515324188
2026-05-25,2026-05-25 11:33:47,V002,74.0,0.9867094061414251
2026-05-25,2026-05-25 11:33:48,V002,74.0,0.9871913850036301
2026-05-25,2026-05-25 11:33:49,V002,73.0,0.986914012712676
2026-05-25,2026-05-25 11:33:50,V002,73.0,0.9866737788446059
2026-05-25,2026-05-25 11:33:51,V002,74.0,0.9867634913288206
2026-05-25,2026-05-25 11:33:52,V002,74.0,0.9872620370715527
2026-05-25,2026-05-25 11:33:53,V002,74.0,0.9756441058179304
2026-05-25,2026-05-25 11:33:54,V002,74.0,1.0015651577804439
2026-05-25,2026-05-25 11:33:55,V002,74.0,0.9859771430838901
2026-05-25,2026-05-25 11:33:56,V002,73.0,0.9868600367574557
2026-05-25,2026-05-25 11:33:57,V002,73.0,0.98883653734847
2026-05-25,2026-05-25 11:33:58,V002,73.0,0.9852953811385382
2026-05-25,2026-05-25 11:33:59,V002,72.0,0.9802311381455866
2026-05-25,2026-05-25 11:34:00,V002,71.0,0.9874395669949952
2026-05-25,2026-05-25 11:34:01,V002,71.0,0.9786177652465392
2026-05-25,2026-05-25 11:34:02,V002,71.0,0.9802866291973984
2026-05-25,2026-05-25 11:34:03,V002,71.0,0.9796521330012271
2026-05-25,2026-05-25 11:34:04,V002,71.0,0.9792324909826743
2026-05-25,2026-05-25 11:34:05,V002,71.0,0.9792379202917469
2026-05-25,2026-05-25 11:34:06,V002,70.0,0.979938481467036
2026-05-25,2026-05-25 11:34:07,V002,70.0,0.9787624786968834
2026-05-25,2026-05-25 11:34:08,V002,70.0,0.979969504364978
2026-05-25,2026-05-25 11:34:09,V002,71.0,0.9805208228425113
2026-05-25,2026-05-25 11:34:10,V002,72.0,0.9789866246517239
2026-05-25,2026-05-25 11:34:11,V002,72.0,0.9794181297476239
2026-05-25,2026-05-25 11:34:12,V002,72.0,0.9792695550245987
2026-05-25,2026-05-25 11:34:13,V002,72.0,0.9795497943261887
2026-05-25,2026-05-25 11:34:14,V002,71.0,0.9795758011077333
2026-05-25,2026-05-25 11:34:15,V002,70.0,0.9795862136604082
2026-05-25,2026-05-25 11:34:16,V002,70.0,0.9790388697175527
2026-05-25,2026-05-25 11:34:17,V002,70.0,0.9792217792580981
2026-05-25,2026-05-25 11:34:18,V002,70.0,0.9791662804900786
2026-05-25,2026-05-25 11:34:19,V002,69.0,0.9788057752244753
2026-05-25,2026-05-25 11:34:20,V002,69.0,0.9795434355145671
2026-05-25,2026-05-25 11:34:21,V002,68.0,0.9789424859491614
2026-05-25,2026-05-25 11:34:22,V002,68.0,0.9793387407947952
2026-05-25,2026-05-25 11:34:23,V002,67.0,0.9791674373020676
2026-05-25,2026-05-25 11:34:24,V002,66.0,0.9787982403460717
2026-05-25,2026-05-25 11:34:25,V002,65.0,0.9788899316294103
2026-05-25,2026-05-25 11:34:26,V002,65.0,0.9793677988567797
2026-05-25,2026-05-25 11:34:27,V002,64.0,0.9796868826437128
2026-05-25,2026-05-25 11:34:28,V002,64.0,0.9793360590017861
2026-05-25,2026-05-25 11:34:29,V002,64.0,0.9790991631612076
2026-05-25,2026-05-25 11:34:30,V002,64.0,0.9791004832072645
2026-05-25,2026-05-25 11:34:31,V002,64.0,0.9794485502696767
2026-05-25,2026-05-25 11:34:32,V002,64.0,0.9789742663250656
2026-05-25,2026-05-25 11:34:33,V002,64.0,0.979027051203778
2026-05-25,2026-05-25 11:34:34,V002,65.0,0.9797708186175832
2026-05-25,2026-05-25 11:34:35,V002,65.0,0.9794232710209276
2026-05-25,2026-05-25 11:34:36,V002,65.0,0.9789060079278024
2026-05-25,2026-05-25 11:34:37,V002,65.0,0.9793646933728855
2026-05-25,2026-05-25 11:34:38,V002,65.0,0.9792818523531485
2026-05-25,2026-05-25 11:34:39,V002,65.0,0.9792628382711641
2026-05-25,2026-05-25 11:34:40,V002,66.0,0.9794224178938695
2026-05-25,2026-05-25 11:34:41,V002,66.0,0.9793167886601866
2026-05-25,2026-05-25 11:34:42,V002,66.0,0.9797897046439433
2026-05-25,2026-05-25 11:34:43,V002,67.0,0.9789768807444957
2026-05-25,2026-05-25 11:34:44,V002,67.0,0.9789973011972869
2026-05-25,2026-05-25 11:34:45,V002,66.0,0.9792548116479943
2026-05-25,2026-05-25 11:34:46,V002,66.0,0.9792420524762347
2026-05-25,2026-05-25 11:34:47,V002,66.0,0.9792280645918814
2026-05-25,2026-05-25 11:34:48,V002,65.0,0.9784225804758947
2026-05-25,2026-05-25 11:34:49,V002,65.0,0.9796339292436529
2026-05-25,2026-05-25 11:34:50,V002,65.0,0.9793833612479339
2026-05-25,2026-05-25 11:34:51,V002,65.0,0.9789017142318264
2026-05-25,2026-05-25 11:34:52,V002,65.0,0.9794033970565446
2026-05-25,2026-05-25 11:34:53,V002,66.0,0.9791080130843927
2026-05-25,2026-05-25 11:34:54,V002,66.0,0.979430410944588
2026-05-25,2026-05-25 11:34:55,V002,67.0,0.9790232065747209
2026-05-25,2026-05-25 11:34:56,V002,68.0,0.9792299532859158
2026-05-25,2026-05-25 11:34:57,V002,68.0,0.9790807825243245
2026-05-25,2026-05-25 11:34:58,V002,68.0,0.9798059151047674
2026-05-25,2026-05-25 11:34:59,V002,67.0,0.9796765124355423
2026-05-25,2026-05-25 11:35:00,V002,67.0,0.9788128861393404
2026-05-25,2026-05-25 11:35:01,V002,67.0,0.979184948801326
2026-05-25,2026-05-25 11:35:02,V002,67.0,0.9789971776673635
2026-05-25,2026-05-25 11:35:03,V002,67.0,0.9796442251323484
2026-05-25,2026-05-25 11:35:04,V002,67.0,0.9787456868189242
2026-05-25,2026-05-25 11:35:05,V002,67.0,0.9792204368298639
2026-05-25,2026-05-25 11:35:06,V002,67.0,0.9790503754856317
2026-05-25,2026-05-25 11:35:07,V002,67.0,0.9791474032143987
2026-05-25,2026-05-25 11:35:08,V002,67.0,0.9794111124158781
2026-05-25,2026-05-25 11:35:09,V002,67.0,0.9797274447996588
2026-05-25,2026-05-25 11:35:10,V002,67.0,0.9790049506207933
2026-05-25,2026-05-25 11:35:11,V002,66.0,0.9789375945598239
2026-05-25,2026-05-25 11:35:12,V002,66.0,0.9791879127410217
2026-05-25,2026-05-25 11:35:13,V002,66.0,0.9783359276820431
2026-05-25,2026-05-25 11:35:14,V002,65.0,0.9790134441583138
2026-05-25,2026-05-25 11:35:15,V002,65.0,0.9797556325121954
2026-05-25,2026-05-25 11:35:16,V002,65.0,0.9790622638692
2026-05-25,2026-05-25 11:35:17,V002,65.0,0.9792522461878574
2026-05-25,2026-05-25 11:35:18,V002,65.0,0.979282540111999
2026-05-25,2026-05-25 11:35:19,V002,65.0,0.9795088893397755
2026-05-25,2026-05-25 11:35:20,V002,65.0,0.9787647192232874
2026-05-25,2026-05-25 11:35:21,V002,65.0,0.9793150332556081
2026-05-25,2026-05-25 11:35:22,V002,65.0,0.9794348954462504
2026-05-25,2026-05-25 11:35:23,V002,65.0,0.9789774482155719
2026-05-25,2026-05-25 11:35:24,V002,66.0,0.97912585477339
2026-05-25,2026-05-25 11:35:25,V002,66.0,0.9873737430747079
2026-05-25,2026-05-25 11:35:26,V002,66.0,0.9696522937859146
2026-05-25,2026-05-25 11:35:27,V002,66.0,0.9906730825229141
2026-05-25,2026-05-25 11:35:28,V002,66.0,0.9850520676258608
2026-05-25,2026-05-25 11:35:29,V002,66.0,0.9783362323520146
2026-05-25,2026-05-25 11:35:30,V002,66.0,0.979947877589092
2026-05-25,2026-05-25 11:35:31,V002,66.0,0.979513074046759
2026-05-25,2026-05-25 11:35:32,V002,67.0,0.9797719826959657
2026-05-25,2026-05-25 11:35:33,V002,67.0,0.9802129607848709
2026-05-25,2026-05-25 11:35:34,V002,67.0,0.9794409842245895
2026-05-25,2026-05-25 11:35:35,V002,68.0,0.9802049795184609
2026-05-25,2026-05-25 11:35:36,V002,68.0,0.9794057270246498
2026-05-25,2026-05-25 11:35:37,V002,70.0,0.9799102357594756
2026-05-25,2026-05-25 11:35:38,V002,71.0,0.9798479199877858
2026-05-25,2026-05-25 11:35:39,V002,72.0,0.9787949182587272
2026-05-25,2026-05-25 11:35:40,V002,72.0,0.9798263573528585
2026-05-25,2026-05-25 11:35:41,V002,72.0,0.9795885909611597
2026-05-25,2026-05-25 11:35:42,V002,72.0,0.9799123352604849
2026-05-25,2026-05-25 11:35:43,V002,72.0,0.9792748017110781
2026-05-25,2026-05-25 11:35:44,V002,71.0,0.9796708525822129
2026-05-25,2026-05-25 11:35:45,V002,71.0,0.9799905112034903
2026-05-25,2026-05-25 11:35:46,V002,71.0,0.979867874908125
2026-05-25,2026-05-25 11:35:47,V002,71.0,0.9791117747767472
2026-05-25,2026-05-25 11:35:48,V002,71.0,0.9791114615254763
2026-05-25,2026-05-25 11:35:49,V002,70.0,0.9796730935175666
2026-05-25,2026-05-25 11:35:50,V002,70.0,0.9799587238623023
2026-05-25,2026-05-25 11:35:51,V002,69.0,0.9798247098005521
2026-05-25,2026-05-25 11:35:52,V002,68.0,0.9797873825133157
2026-05-25,2026-05-25 11:35:53,V002,67.0,0.9798909093411206
2026-05-25,2026-05-25 11:35:54,V002,67.0,0.9795465069644623
2026-05-25,2026-05-25 11:35:55,V002,66.0,0.9795804268018573
2026-05-25,2026-05-25 11:35:56,V002,66.0,0.9797295565842788
2026-05-25,2026-05-25 11:35:57,V002,66.0,0.9792462978314278
2026-05-25,2026-05-25 11:35:58,V002,66.0,0.9796605161990813
2026-05-25,2026-05-25 11:35:59,V002,67.0,0.9799523144364026
2026-05-25,2026-05-25 11:36:00,V002,67.0,0.9795866978436166
2026-05-25,2026-05-25 11:36:01,V002,67.0,0.9799874633906737
2026-05-25,2026-05-25 11:36:02,V002,66.0,0.9828510020435611
2026-05-25,2026-05-25 11:36:03,V002,66.0,0.9861363640363443
2026-05-25,2026-05-25 11:36:04,V002,66.0,0.9890944007910583
2026-05-25,2026-05-25 11:36:05,V002,66.0,1.0103525558105824
2026-05-25,2026-05-25 11:36:06,V002,66.0,1.0229901251196238
2026-05-25,2026-05-25 11:36:07,V002,67.0,0.9917591131560429
2026-05-25,2026-05-25 11:36:08,V002,67.0,0.9992414881472322
2026-05-25,2026-05-25 11:36:09,V002,67.0,0.9950521652222923
2026-05-25,2026-05-25 11:36:10,V002,67.0,0.996736959763661
2026-05-25,2026-05-25 11:36:11,V002,67.0,0.993737291901025
2026-05-25,2026-05-25 11:36:12,V002,68.0,0.9945621372655309
2026-05-25,2026-05-25 11:36:13,V002,69.0,0.9948283698362756
2026-05-25,2026-05-25 11:36:14,V002,70.0,0.9944486824161386
2026-05-25,2026-05-25 11:36:15,V002,72.0,0.9945334594440538
2026-05-25,2026-05-25 11:36:16,V002,73.0,0.9941013646329883
2026-05-25,2026-05-25 11:36:17,V002,74.0,0.9941394708369927
2026-05-25,2026-05-25 11:36:18,V002,76.0,0.9947290829614192
2026-05-25,2026-05-25 11:36:19,V002,77.0,0.9942512212744207
2026-05-25,2026-05-25 11:36:20,V002,78.0,0.994370639003757
2026-05-25,2026-05-25 11:36:21,V002,78.0,0.9942035385564659
2026-05-25,2026-05-25 11:36:22,V002,79.0,0.9945662587054289
2026-05-25,2026-05-25 11:36:23,V002,80.0,0.9938683352251872
2026-05-25,2026-05-25 11:36:24,V002,80.0,0.9948258186908621
2026-05-25,2026-05-25 11:36:25,V002,80.0,0.9942111683268378
2026-05-25,2026-05-25 11:36:26,V002,80.0,0.994699068875913
2026-05-25,2026-05-25 11:36:27,V002,80.0,0.9946271361122713
2026-05-25,2026-05-25 11:36:28,V002,80.0,0.9944297625304477
2026-05-25,2026-05-25 11:36:29,V002,79.0,0.9945399121829241
2026-05-25,2026-05-25 11:36:30,V002,79.0,0.9950930905203879
2026-05-25,2026-05-25 11:36:31,V002,78.0,0.9938720157387857
2026-05-25,2026-05-25 11:36:32,V002,77.0,0.9938550799519652
2026-05-25,2026-05-25 11:36:33,V002,76.0,0.9941831668851964
2026-05-25,2026-05-25 11:36:34,V002,74.0,0.9935715737763776
2026-05-25,2026-05-25 11:36:35,V002,72.0,0.9941978899066595
2026-05-25,2026-05-25 11:36:36,V002,70.0,0.9946966022695873
2026-05-25,2026-05-25 11:36:37,V002,68.0,0.9953712222834683
2026-05-25,2026-05-25 11:36:38,V002,67.0,0.9938400151343915
2026-05-25,2026-05-25 11:36:39,V002,66.0,0.9954717077263218
2026-05-25,2026-05-25 11:36:40,V002,65.0,0.9946543810004204
2026-05-25,2026-05-25 11:36:41,V002,64.0,0.9950978136082722
2026-05-25,2026-05-25 11:36:42,V002,63.0,0.9940412740265683
2026-05-25,2026-05-25 11:36:43,V002,63.0,0.9948316085596469
2026-05-25,2026-05-25 11:36:44,V002,62.0,0.9952879384265899
2026-05-25,2026-05-25 11:36:45,V002,62.0,0.9939312636780286
2026-05-25,2026-05-25 11:36:46,V002,63.0,0.9948577080615767
2026-05-25,2026-05-25 11:36:47,V002,63.0,0.9951397854929993
2026-05-25,2026-05-25 11:36:48,V002,64.0,0.9946726380225
2026-05-25,2026-05-25 11:36:49,V002,64.0,0.9955777520661284
2026-05-25,2026-05-25 11:36:50,V002,64.0,0.9952041226363004
2026-05-25,2026-05-25 11:36:51,V002,63.0,0.9955167452644815
2026-05-25,2026-05-25 11:36:52,V002,63.0,0.9948374604003611
2026-05-25,2026-05-25 11:36:53,V002,62.0,0.995177384680073
2026-05-25,2026-05-25 11:36:54,V002,62.0,0.9951691483655944
2026-05-25,2026-05-25 11:36:55,V002,62.0,0.9948667190876256
2026-05-25,2026-05-25 11:36:56,V002,62.0,0.9956175307169018
2026-05-25,2026-05-25 11:36:57,V002,62.0,0.9948342065217571
2026-05-25,2026-05-25 11:36:58,V002,62.0,0.9937692341763387
2026-05-25,2026-05-25 11:36:59,V002,62.0,0.9936996916303883
2026-05-25,2026-05-25 11:37:00,V002,62.0,0.9942872983528903
2026-05-25,2026-05-25 11:37:01,V002,62.0,0.9942204605559991
2026-05-25,2026-05-25 11:37:02,V002,61.0,0.9937166300475774
2026-05-25,2026-05-25 11:37:03,V002,61.0,0.9939526587968168
2026-05-25,2026-05-25 11:37:04,V002,61.0,0.9941475656725193
2026-05-25,2026-05-25 11:37:05,V002,62.0,0.9939847749914321
2026-05-25,2026-05-25 11:37:06,V002,62.0,0.9938707427823417
2026-05-25,2026-05-25 11:37:07,V002,62.0,0.9939423197848006
2026-05-25,2026-05-25 11:37:08,V002,63.0,0.9935221077570685
2026-05-25,2026-05-25 11:37:09,V002,62.0,0.9944327108722101
2026-05-25,2026-05-25 11:37:10,V002,61.0,0.9939140614632479
2026-05-25,2026-05-25 11:37:11,V002,61.0,0.9941900433005368
2026-05-25,2026-05-25 11:37:12,V002,61.0,0.9941502064658877
2026-05-25,2026-05-25 11:37:13,V002,61.0,0.9943285199043705
2026-05-25,2026-05-25 11:37:14,V002,61.0,0.9942105451349061
2026-05-25,2026-05-25 11:37:15,V002,61.0,0.994042801467468
2026-05-25,2026-05-25 11:37:16,V002,61.0,0.9944787874326371
2026-05-25,2026-05-25 11:37:17,V002,60.0,0.9942422035180911
2026-05-25,2026-05-25 11:37:18,V002,60.0,0.9938118370918645
2026-05-25,2026-05-25 11:37:19,V002,59.0,0.9941296452330718
2026-05-25,2026-05-25 11:37:20,V002,58.0,0.9943200182576541
2026-05-25,2026-05-25 11:37:21,V002,58.0,0.9941600167316086
2026-05-25,2026-05-25 11:37:22,V002,58.0,0.9939330123943173
2026-05-25,2026-05-25 11:37:23,V002,59.0,0.9940142740052021
2026-05-25,2026-05-25 11:37:24,V002,60.0,0.9940805408671674
2026-05-25,2026-05-25 11:37:25,V002,61.0,0.9940068571656839
2026-05-25,2026-05-25 11:37:26,V002,61.0,0.9938553518283478
2026-05-25,2026-05-25 11:37:27,V002,62.0,0.994142685136904
2026-05-25,2026-05-25 11:37:28,V002,63.0,0.9938718653666304
2026-05-25,2026-05-25 11:37:29,V002,63.0,0.994397683116256
2026-05-25,2026-05-25 11:37:30,V002,64.0,0.9941038437437776
2026-05-25,2026-05-25 11:37:31,V002,64.0,0.9939773498722142
2026-05-25,2026-05-25 11:37:32,V002,64.0,0.9943499951513346
2026-05-25,2026-05-25 11:37:33,V002,64.0,0.993916484515193
2026-05-25,2026-05-25 11:37:34,V002,64.0,0.993632522081521
2026-05-25,2026-05-25 11:37:35,V002,64.0,0.9940275135718433
2026-05-25,2026-05-25 11:37:36,V002,64.0,0.9944843969637124
2026-05-25,2026-05-25 11:37:37,V002,63.0,0.9940250435682795
2026-05-25,2026-05-25 11:37:38,V002,63.0,0.9938726540738478
2026-05-25,2026-05-25 11:37:39,V002,64.0,0.9937059467068918
2026-05-25,2026-05-25 11:37:40,V002,64.0,0.9938068538941248
2026-05-25,2026-05-25 11:37:41,V002,64.0,0.9939017670298892
2026-05-25,2026-05-25 11:37:42,V002,64.0,0.9941294424804469
2026-05-25,2026-05-25 11:37:43,V002,64.0,0.9936247161311919
2026-05-25,2026-05-25 11:37:44,V002,63.0,0.993954008633696
2026-05-25,2026-05-25 11:37:45,V002,64.0,0.9938620745144157
2026-05-25,2026-05-25 11:37:46,V002,64.0,0.9940649581179926
2026-05-25,2026-05-25 11:37:47,V002,64.0,0.9942323800846017
2026-05-25,2026-05-25 11:37:48,V002,64.0,0.9938764654120239
2026-05-25,2026-05-25 11:37:49,V002,64.0,0.9936144873889882
2026-05-25,2026-05-25 11:37:50,V002,64.0,0.9941145035602947
2026-05-25,2026-05-25 11:37:51,V002,63.0,0.9939666040597629
2026-05-25,2026-05-25 11:37:52,V002,63.0,0.9939146706452151
2026-05-25,2026-05-25 11:37:53,V002,63.0,0.9941394031245864
2026-05-25,2026-05-25 11:37:54,V002,62.0,0.9933393040028432
2026-05-25,2026-05-25 11:37:55,V002,62.0,0.9939557335229597
2026-05-25,2026-05-25 11:37:56,V002,62.0,0.9938572647786122
2026-05-25,2026-05-25 11:37:57,V002,63.0,0.9938172758347059
2026-05-25,2026-05-25 11:37:58,V002,64.0,0.9939690187392243
2026-05-25,2026-05-25 11:37:59,V002,64.0,0.9937174843759781
2026-05-25,2026-05-25 11:38:00,V002,64.0,0.994062228061554
2026-05-25,2026-05-25 11:38:01,V002,63.0,0.9937147235034901
2026-05-25,2026-05-25 11:38:02,V002,63.0,0.9938823568097552
2026-05-25,2026-05-25 11:38:03,V002,63.0,0.9938062706417666
2026-05-25,2026-05-25 11:38:04,V002,64.0,0.9936737753516912
2026-05-25,2026-05-25 11:38:05,V002,63.0,0.9938727241484188
2026-05-25,2026-05-25 11:38:06,V002,63.0,0.9941016249737539
2026-05-25,2026-05-25 11:38:07,V002,63.0,0.994199492567787
2026-05-25,2026-05-25 11:38:08,V002,62.0,0.9936334613526429
2026-05-25,2026-05-25 11:38:09,V002,62.0,0.993921432317658
2026-05-25,2026-05-25 11:38:10,V002,62.0,0.9941675708011304
2026-05-25,2026-05-25 11:38:11,V002,62.0,0.9938481936782546
2026-05-25,2026-05-25 11:38:12,V002,61.0,0.9939971909646148
2026-05-25,2026-05-25 11:38:13,V002,62.0,0.9946516567062286
2026-05-25,2026-05-25 11:38:14,V002,62.0,0.9939739976364976
2026-05-25,2026-05-25 11:38:15,V002,62.0,0.9937360540647683
2026-05-25,2026-05-25 11:38:16,V002,63.0,0.9935139073123933
2026-05-25,2026-05-25 11:38:17,V002,63.0,0.9937468371781529
2026-05-25,2026-05-25 11:38:18,V002,63.0,0.9940806519007387
2026-05-25,2026-05-25 11:38:19,V002,63.0,0.9935984059849566
2026-05-25,2026-05-25 11:38:20,V002,64.0,0.994259256059645
2026-05-25,2026-05-25 11:38:21,V002,64.0,0.9937525678125847
2026-05-25,2026-05-25 11:38:22,V002,65.0,0.9935784038058318
2026-05-25,2026-05-25 11:38:23,V002,66.0,0.9936608276245125
2026-05-25,2026-05-25 11:38:24,V002,66.0,0.9937282406252183
2026-05-25,2026-05-25 11:38:25,V002,67.0,0.9940420585142629
2026-05-25,2026-05-25 11:38:26,V002,68.0,0.9937815768867903
2026-05-25,2026-05-25 11:38:27,V002,68.0,0.9939110167659748
2026-05-25,2026-05-25 11:38:28,V002,67.0,0.9940432433405704
2026-05-25,2026-05-25 11:38:29,V002,66.0,0.9939335905346521
2026-05-25,2026-05-25 11:38:30,V002,65.0,0.9941255931366006
2026-05-25,2026-05-25 11:38:31,V002,65.0,0.9938546284398001
2026-05-25,2026-05-25 11:38:32,V002,65.0,0.993697438674912
2026-05-25,2026-05-25 11:38:33,V002,65.0,0.9939997730502437
2026-05-25,2026-05-25 11:38:34,V002,65.0,0.9938252578991676
2026-05-25,2026-05-25 11:38:35,V002,65.0,0.9938855417353581
2026-05-25,2026-05-25 11:38:36,V002,65.0,0.9939464708084844
2026-05-25,2026-05-25 11:38:37,V002,65.0,0.9935056226290503
2026-05-25,2026-05-25 11:38:38,V002,65.0,0.994838876735035
2026-05-25,2026-05-25 11:38:39,V002,64.0,0.9943528673431853
2026-05-25,2026-05-25 11:38:40,V002,64.0,0.9945835191396516
2026-05-25,2026-05-25 11:38:41,V002,64.0,0.9947743436022222
2026-05-25,2026-05-25 11:38:42,V002,64.0,0.9947208039169201
2026-05-25,2026-05-25 11:38:43,V002,63.0,0.9946311213882361
2026-05-25,2026-05-25 11:38:44,V002,62.0,0.9943606057331753
2026-05-25,2026-05-25 11:38:45,V002,62.0,0.9944994627976756
2026-05-25,2026-05-25 11:38:46,V002,62.0,0.9942285879303131
2026-05-25,2026-05-25 11:38:47,V002,63.0,0.9938525300273368
2026-05-25,2026-05-25 11:38:48,V002,64.0,0.9940950266259597
2026-05-25,2026-05-25 11:38:49,V002,64.0,0.9939076538504067
2026-05-25,2026-05-25 11:38:50,V002,65.0,0.9943099328289313
2026-05-25,2026-05-25 11:38:51,V002,65.0,0.9946131718002799
2026-05-25,2026-05-25 11:38:52,V002,65.0,0.994089528849058
2026-05-25,2026-05-25 11:38:53,V002,65.0,0.994127470021172
2026-05-25,2026-05-25 11:38:54,V002,65.0,0.9938883249444277
2026-05-25,2026-05-25 11:38:55,V002,65.0,0.9941971566733624
2026-05-25,2026-05-25 11:38:56,V002,64.0,0.9938157134137192
2026-05-25,2026-05-25 11:38:57,V002,64.0,0.9940450400379713
2026-05-25,2026-05-25 11:38:58,V002,63.0,0.9942203671369964
2026-05-25,2026-05-25 11:38:59,V002,63.0,0.994116270920849
2026-05-25,2026-05-25 11:39:00,V002,63.0,0.9936831827202998
2026-05-25,2026-05-25 11:39:01,V002,62.0,0.9940643705217459
2026-05-25,2026-05-25 11:39:02,V002,62.0,0.9945782986182907
2026-05-25,2026-05-25 11:39:03,V002,62.0,0.9943254071081088
2026-05-25,2026-05-25 11:39:04,V002,61.0,0.9936746257733041
2026-05-25,2026-05-25 11:39:05,V002,61.0,0.9935773781263878
2026-05-25,2026-05-25 11:39:06,V002,61.0,0.9943794089450415
2026-05-25,2026-05-25 11:39:07,V002,61.0,0.9936734177094286
2026-05-25,2026-05-25 11:39:08,V002,61.0,0.9946254447546754
2026-05-25,2026-05-25 11:39:09,V002,60.0,0.9940262792894594
2026-05-25,2026-05-25 11:39:10,V002,60.0,0.9935645023125701
2026-05-25,2026-05-25 11:39:11,V002,59.0,0.9941237962595652
2026-05-25,2026-05-25 11:39:12,V002,59.0,0.994129257779491
2026-05-25,2026-05-25 11:39:13,V002,59.0,0.9935145903787411
2026-05-25,2026-05-25 11:39:14,V002,60.0,0.9944074771960797
2026-05-25,2026-05-25 11:39:15,V002,60.0,0.9944022085628419
2026-05-25,2026-05-25 11:39:16,V002,60.0,0.9937954359713304
2026-05-25,2026-05-25 11:39:17,V002,61.0,0.9943119162719672
2026-05-25,2026-05-25 11:39:18,V002,61.0,0.9936389581611117
2026-05-25,2026-05-25 11:39:19,V002,61.0,0.9938654001740942
2026-05-25,2026-05-25 11:39:20,V002,61.0,0.9938286517273169
2026-05-25,2026-05-25 11:39:21,V002,60.0,0.9939924616254937
2026-05-25,2026-05-25 11:39:22,V002,60.0,0.9935940249379452
2026-05-25,2026-05-25 11:39:23,V002,60.0,0.9943840376740887
2026-05-25,2026-05-25 11:39:24,V002,60.0,0.9940821012996558
2026-05-25,2026-05-25 11:39:25,V002,60.0,0.9938878997432115
2026-05-25,2026-05-25 11:39:26,V002,60.0,0.9935423082120248
2026-05-25,2026-05-25 11:39:27,V002,61.0,0.9940281496453843
2026-05-25,2026-05-25 11:39:28,V002,61.0,0.994196869384285
2026-05-25,2026-05-25 11:39:29,V002,62.0,0.9938933344401023
2026-05-25,2026-05-25 11:39:30,V002,62.0,0.9942511976470547
2026-05-25,2026-05-25 11:39:31,V002,62.0,0.9944189907532242
2026-05-25,2026-05-25 11:39:32,V002,62.0,0.9940013826999595
2026-05-25,2026-05-25 11:39:33,V002,62.0,0.9939447143137381
2026-05-25,2026-05-25 11:39:34,V002,62.0,0.9941317657636687
2026-05-25,2026-05-25 11:39:35,V002,62.0,0.9943011943574273
2026-05-25,2026-05-25 11:39:36,V002,62.0,0.9942662280092023
2026-05-25,2026-05-25 11:39:37,V002,62.0,0.9943941335843214
2026-05-25,2026-05-25 11:39:38,V002,63.0,0.9944291336644852
2026-05-25,2026-05-25 11:39:39,V002,63.0,0.9942519283894079
2026-05-25,2026-05-25 11:39:40,V002,63.0,0.9942170639192847
2026-05-25,2026-05-25 11:39:41,V002,63.0,0.9946999724359447
2026-05-25,2026-05-25 11:39:42,V002,63.0,0.9942504067618008
2026-05-25,2026-05-25 11:39:43,V002,63.0,0.9943068995907968
2026-05-25,2026-05-25 11:39:44,V002,63.0,0.9944482805398855
2026-05-25,2026-05-25 11:39:45,V002,64.0,0.9940507402184177
2026-05-25,2026-05-25 11:39:46,V002,64.0,0.9939925907214446
2026-05-25,2026-05-25 11:39:47,V002,64.0,0.994530978525613
2026-05-25,2026-05-25 11:39:48,V002,64.0,0.9944040603967863
2026-05-25,2026-05-25 11:39:49,V002,64.0,0.9941000605386963
2026-05-25,2026-05-25 11:39:50,V002,63.0,0.994016248443406
2026-05-25,2026-05-25 11:39:51,V002,63.0,0.9939602905496122
2026-05-25,2026-05-25 11:39:52,V002,62.0,0.9941333726909779
2026-05-25,2026-05-25 11:39:53,V002,62.0,0.9939591091429365
2026-05-25,2026-05-25 11:39:54,V002,63.0,0.9940637031817239
2026-05-25,2026-05-25 11:39:55,V002,62.0,0.9936762231790255
2026-05-25,2026-05-25 11:39:56,V002,62.0,0.9939725316921172
2026-05-25,2026-05-25 11:39:57,V002,62.0,0.9942068300736018
2026-05-25,2026-05-25 11:39:58,V002,62.0,0.994612489334183
2026-05-25,2026-05-25 11:39:59,V002,63.0,0.9940134608762436
2026-05-25,2026-05-25 11:40:00,V002,63.0,0.9936569847879485
2026-05-25,2026-05-25 11:40:01,V002,63.0,0.9942541310568832
2026-05-25,2026-05-25 11:40:02,V002,63.0,0.9943139157180497
2026-05-25,2026-05-25 11:40:03,V002,64.0,0.9946556739605387
2026-05-25,2026-05-25 11:40:04,V002,64.0,0.994604829549201
2026-05-25,2026-05-25 11:40:05,V002,65.0,0.993914470883861
2026-05-25,2026-05-25 11:40:06,V002,66.0,0.9935812623480078
2026-05-25,2026-05-25 11:40:07,V002,67.0,0.9937348328045462
2026-05-25,2026-05-25 11:40:08,V002,69.0,0.9940516380494251
2026-05-25,2026-05-25 11:40:09,V002,69.0,0.9938173519587099
2026-05-25,2026-05-25 11:40:10,V002,70.0,0.993853069460287
2026-05-25,2026-05-25 11:40:11,V002,70.0,0.993978671489661
2026-05-25,2026-05-25 11:40:12,V002,69.0,0.9939768102293834
2026-05-25,2026-05-25 11:40:13,V002,68.0,0.9936592455890141
2026-05-25,2026-05-25 11:40:14,V002,68.0,0.9946568831882738
2026-05-25,2026-05-25 11:40:15,V002,67.0,0.9941634463311462
2026-05-25,2026-05-25 11:40:16,V002,67.0,0.9939895318078367
2026-05-25,2026-05-25 11:40:17,V002,67.0,0.993746271417521
2026-05-25,2026-05-25 11:40:18,V002,66.0,0.9938621127882696
2026-05-25,2026-05-25 11:40:19,V002,66.0,0.9942014713566598
2026-05-25,2026-05-25 11:40:20,V002,66.0,0.9937610817396849
2026-05-25,2026-05-25 11:40:21,V002,66.0,0.9942635115494707
2026-05-25,2026-05-25 11:40:22,V002,66.0,0.9939134162820248
2026-05-25,2026-05-25 11:40:23,V002,66.0,0.993579083321942
2026-05-25,2026-05-25 11:40:24,V002,66.0,0.9943144229455809
2026-05-25,2026-05-25 11:40:25,V002,65.0,0.9942732081520816
2026-05-25,2026-05-25 11:40:26,V002,65.0,0.994307541978132
2026-05-25,2026-05-25 11:40:27,V002,65.0,0.9935391455473807
2026-05-25,2026-05-25 11:40:28,V002,65.0,0.9939123748147047
2026-05-25,2026-05-25 11:40:29,V002,65.0,0.9945316171964645
2026-05-25,2026-05-25 11:40:30,V002,65.0,0.9935289376639219
2026-05-25,2026-05-25 11:40:31,V002,65.0,0.9939750628522716
2026-05-25,2026-05-25 11:40:32,V002,65.0,0.9940884451570864
2026-05-25,2026-05-25 11:40:33,V002,65.0,0.9934923282064249
2026-05-25,2026-05-25 11:40:34,V002,65.0,0.9939226596587107
2026-05-25,2026-05-25 11:40:35,V002,65.0,0.9946559962101027
2026-05-25,2026-05-25 11:40:36,V002,66.0,0.9942712127417704
2026-05-25,2026-05-25 11:40:37,V002,66.0,0.9938137975420557
2026-05-25,2026-05-25 11:40:38,V002,66.0,0.9940313994986333
2026-05-25,2026-05-25 11:40:39,V002,66.0,0.9935646957511495
2026-05-25,2026-05-25 11:40:40,V002,66.0,0.994193879665622
2026-05-25,2026-05-25 11:40:41,V002,66.0,0.9939330961927371
2026-05-25,2026-05-25 11:40:42,V002,66.0,0.9942722521959361
2026-05-25,2026-05-25 11:40:43,V002,66.0,0.9938304762122879
2026-05-25,2026-05-25 11:40:44,V002,66.0,0.9943543864235024
2026-05-25,2026-05-25 11:40:45,V002,66.0,0.9945033057657722
2026-05-25,2026-05-25 11:40:46,V002,67.0,0.9934439031079064
2026-05-25,2026-05-25 11:40:47,V002,67.0,0.993762712128275
2026-05-25,2026-05-25 11:40:48,V002,67.0,0.9940630947581178
2026-05-25,2026-05-25 11:40:49,V002,67.0,0.9941866130148584
2026-05-25,2026-05-25 11:40:50,V002,67.0,0.9942800715415752
2026-05-25,2026-05-25 11:40:51,V002,67.0,0.9936260233685843
2026-05-25,2026-05-25 11:40:52,V002,66.0,0.9937184876611844
2026-05-25,2026-05-25 11:40:53,V002,66.0,0.99404470172028
2026-05-25,2026-05-25 11:40:54,V002,66.0,0.9937325287468428
2026-05-25,2026-05-25 11:40:55,V002,66.0,0.9939400532354605
2026-05-25,2026-05-25 11:40:56,V002,66.0,0.9943783527924336
2026-05-25,2026-05-25 11:40:57,V002,66.0,0.993402444990076
2026-05-25,2026-05-25 11:40:58,V002,65.0,0.9943714931807845
2026-05-25,2026-05-25 11:40:59,V002,65.0,0.994718725589318
2026-05-25,2026-05-25 11:41:00,V002,65.0,0.9942980552555025
2026-05-25,2026-05-25 11:41:01,V002,64.0,0.9938373590002872
2026-05-25,2026-05-25 11:41:02,V002,64.0,0.9943091249276763
2026-05-25,2026-05-25 11:41:03,V002,64.0,0.9944350372599818
2026-05-25,2026-05-25 11:41:04,V002,64.0,0.9937991952564801
2026-05-25,2026-05-25 11:41:05,V002,64.0,0.9939425475061847
2026-05-25,2026-05-25 11:41:06,V002,64.0,0.9946210936816686
2026-05-25,2026-05-25 11:41:07,V002,64.0,0.993898077255125
2026-05-25,2026-05-25 11:41:08,V002,64.0,0.9941426345869607
2026-05-25,2026-05-25 11:41:09,V002,64.0,0.9937200186571703
2026-05-25,2026-05-25 11:41:10,V002,64.0,0.9943018435750949
2026-05-25,2026-05-25 11:41:11,V002,64.0,0.9941616848188427
2026-05-25,2026-05-25 11:41:12,V002,65.0,0.99314133821831
2026-05-25,2026-05-25 11:41:13,V002,64.0,0.9939162668543164
2026-05-25,2026-05-25 11:41:14,V002,64.0,0.9940101395668244
2026-05-25,2026-05-25 11:41:15,V002,64.0,0.9940681638783175
2026-05-25,2026-05-25 11:41:16,V002,64.0,0.994350054187465
2026-05-25,2026-05-25 11:41:17,V002,64.0,0.994119897318191
2026-05-25,2026-05-25 11:41:18,V002,64.0,0.9948485641572135
2026-05-25,2026-05-25 11:41:19,V002,65.0,0.9939222723910544
2026-05-25,2026-05-25 11:41:20,V002,65.0,0.9978395744337746
2026-05-25,2026-05-25 11:41:21,V002,65.0,0.9931484338017085
2026-05-25,2026-05-25 11:41:22,V002,66.0,1.0087274298168452
2026-05-25,2026-05-25 11:41:23,V002,65.0,0.9832057049170416
2026-05-25,2026-05-25 11:41:24,V002,65.0,0.9838533466228054
2026-05-25,2026-05-25 11:41:25,V002,65.0,1.0108735086753589
2026-05-25,2026-05-25 11:41:26,V002,64.0,0.938234708396867
2026-05-25,2026-05-25 11:41:27,V002,65.0,1.0140726100702948
2026-05-25,2026-05-25 11:41:28,V002,65.0,0.9830498509413644
2026-05-25,2026-05-25 11:41:29,V002,67.0,0.9981124617410405
2026-05-25,2026-05-25 11:41:30,V002,68.0,0.9607802143064572
2026-05-25,2026-05-25 11:41:31,V002,70.0,0.9937456802652218
2026-05-25,2026-05-25 11:41:32,V002,72.0,0.9973700960111862
2026-05-25,2026-05-25 11:41:33,V002,73.0,0.9716679723899199
2026-05-25,2026-05-25 11:41:34,V002,75.0,0.9782669385044334
2026-05-25,2026-05-25 11:41:35,V002,77.0,0.981881448214364
2026-05-25,2026-05-25 11:41:36,V002,78.0,1.3743293737432252
2026-05-25,2026-05-25 11:41:37,V002,80.0,1.0041997772391038
2026-05-25,2026-05-25 11:41:38,V002,81.0,1.0438519293189978
2026-05-25,2026-05-25 11:41:39,V002,84.0,0.9950998922798548
2026-05-25,2026-05-25 11:41:40,V002,85.0,1.0676182204105296
2026-05-25,2026-05-25 11:41:41,V002,87.0,1.0043579779912202
2026-05-25,2026-05-25 11:41:42,V002,88.0,1.2784790611265093
2026-05-25,2026-05-25 11:41:43,V002,89.0,1.1992551605069663
2026-05-25,2026-05-25 11:41:44,V002,90.0,1.8831052333788347
2026-05-25,2026-05-25 11:41:45,V002,92.0,1.0565846506152432
2026-05-25,2026-05-25 11:41:46,V002,93.0,1.0118061904750761
2026-05-25,2026-05-25 11:41:47,V002,93.0,1.0105473490386432
2026-05-25,2026-05-25 11:41:48,V002,93.0,1.0347103124448145
2026-05-25,2026-05-25 11:41:49,V002,93.0,1.026406436593519
2026-05-25,2026-05-25 11:41:50,V002,93.0,1.0439412022923171
2026-05-25,2026-05-25 11:41:51,V002,92.0,1.0516237304571623
2026-05-25,2026-05-25 11:41:52,V002,92.0,1.0071919010235306
2026-05-25,2026-05-25 11:41:53,V002,92.0,1.0329953677737413
2026-05-25,2026-05-25 11:41:54,V002,92.0,0.9930371887562991
2026-05-25,2026-05-25 11:41:55,V002,91.0,1.0716687406325376
2026-05-25,2026-05-25 11:41:56,V002,91.0,1.0159622692020276
2026-05-25,2026-05-25 11:41:57,V002,90.0,1.015222000005834
2026-05-25,2026-05-25 11:41:58,V002,90.0,1.0155762049161219
2026-05-25,2026-05-25 11:41:59,V002,89.0,1.0148329922267034
2026-05-25,2026-05-25 11:42:00,V002,89.0,1.0154831320152031
2026-05-25,2026-05-25 11:42:01,V002,89.0,1.015157304234306
2026-05-25,2026-05-25 11:42:02,V002,88.0,1.0154031201440141
2026-05-25,2026-05-25 11:42:03,V002,88.0,1.0149967057551328
2026-05-25,2026-05-25 11:42:04,V002,88.0,1.0143570648567815
2026-05-25,2026-05-25 11:42:05,V002,88.0,1.0144497610630934
2026-05-25,2026-05-25 11:42:06,V002,88.0,1.0153381523284692
2026-05-25,2026-05-25 11:42:07,V002,88.0,1.014407476308577
2026-05-25,2026-05-25 11:42:08,V002,88.0,1.0146977953662648
2026-05-25,2026-05-25 11:42:09,V002,88.0,1.0755386312947643
2026-05-25,2026-05-25 11:42:10,V002,88.0,1.091358579902618
2026-05-25,2026-05-25 11:42:11,V002,88.0,1.0260199188160175
2026-05-25,2026-05-25 11:42:12,V002,88.0,1.0224270151241452
2026-05-25,2026-05-25 11:42:13,V002,88.0,1.0231806997183934
2026-05-25,2026-05-25 11:42:14,V002,88.0,1.020449262372236
2026-05-25,2026-05-25 11:42:15,V002,89.0,1.022859801518499
2026-05-25,2026-05-25 11:42:16,V002,89.0,1.0188538985779148
2026-05-25,2026-05-25 11:42:17,V002,88.0,1.021081726258509
2026-05-25,2026-05-25 11:42:18,V002,88.0,1.0343206464607824
2026-05-25,2026-05-25 11:42:19,V002,88.0,1.022205471609174
2026-05-25,2026-05-25 11:42:20,V002,88.0,1.0220961834935798
2026-05-25,2026-05-25 11:42:21,V002,88.0,1.0238595744524217
2026-05-25,2026-05-25 11:42:22,V002,88.0,1.0366913277064371
2026-05-25,2026-05-25 11:42:23,V002,88.0,1.057399834225773
2026-05-25,2026-05-25 11:42:24,V002,88.0,1.0429137354931033
2026-05-25,2026-05-25 11:42:25,V002,88.0,1.0339935926127872
2026-05-25,2026-05-25 11:42:26,V002,88.0,1.0150448029559207
2026-05-25,2026-05-25 11:42:27,V002,89.0,1.0196591987129882
2026-05-25,2026-05-25 11:42:28,V002,89.0,1.0191186911899384
2026-05-25,2026-05-25 11:42:29,V002,89.0,1.0191441649173778
2026-05-25,2026-05-25 11:42:30,V002,89.0,1.0207586016091046
2026-05-25,2026-05-25 11:42:31,V002,89.0,1.068798336531556
2026-05-25,2026-05-25 11:42:32,V002,89.0,1.1162252547048912
2026-05-25,2026-05-25 11:42:33,V002,88.0,1.1239644732768903
2026-05-25,2026-05-25 11:42:34,V002,87.0,1.1200526682518617
2026-05-25,2026-05-25 11:42:35,V002,87.0,1.0687841564184608
2026-05-25,2026-05-25 11:42:36,V002,86.0,0.9653950418271838
2026-05-25,2026-05-25 11:42:37,V002,87.0,1.142093278039972
2026-05-25,2026-05-25 11:42:38,V002,87.0,1.039546040088014
2026-05-25,2026-05-25 11:42:39,V002,87.0,1.0340438204299465
2026-05-25,2026-05-25 11:42:40,V002,87.0,1.0233376724088208
2026-05-25,2026-05-25 11:42:41,V002,87.0,1.023357407351383
2026-05-25,2026-05-25 11:42:42,V002,86.0,1.0228064576371358
2026-05-25,2026-05-25 11:42:43,V002,86.0,1.009726074910178
2026-05-25,2026-05-25 11:42:44,V002,87.0,1.0450509215706194
2026-05-25,2026-05-25 11:42:45,V002,87.0,1.0299397065511544
2026-05-25,2026-05-25 11:42:46,V002,87.0,1.0403378621113748
2026-05-25,2026-05-25 11:42:47,V002,87.0,1.017192172104485
2026-05-25,2026-05-25 11:42:48,V002,88.0,1.024479208156548
2026-05-25,2026-05-25 11:42:49,V002,88.0,1.0211889755236392
2026-05-25,2026-05-25 11:42:50,V002,88.0,1.0164430734470153
2026-05-25,2026-05-25 11:42:51,V002,89.0,1.0192475782605972
2026-05-25,2026-05-25 11:42:52,V002,90.0,1.0240270278483656
2026-05-25,2026-05-25 11:42:53,V002,91.0,1.03067156841125
2026-05-25,2026-05-25 11:42:54,V002,91.0,1.0978615834668917
2026-05-25,2026-05-25 11:42:55,V002,92.0,1.1430846201893312
2026-05-25,2026-05-25 11:42:56,V002,92.0,0.9936716151588599
2026-05-25,2026-05-25 11:42:57,V002,92.0,0.9976307341772949
2026-05-25,2026-05-25 11:42:58,V002,92.0,1.010682253870369
2026-05-25,2026-05-25 11:42:59,V002,92.0,1.014132410931012
2026-05-25,2026-05-25 11:43:00,V002,92.0,0.9971635169834746
2026-05-25,2026-05-25 11:43:01,V002,93.0,1.0308795985746713
2026-05-25,2026-05-25 11:43:02,V002,93.0,1.0186206926198575
2026-05-25,2026-05-25 11:43:03,V002,93.0,1.0176119280720886
2026-05-25,2026-05-25 11:43:04,V002,92.0,1.0179378736069977
2026-05-25,2026-05-25 11:43:05,V002,92.0,1.0274926912149522
2026-05-25,2026-05-25 11:43:06,V002,92.0,1.0170730102730703
2026-05-25,2026-05-25 11:43:07,V002,92.0,1.0168912956000604
2026-05-25,2026-05-25 11:43:08,V002,92.0,1.0205186644822934
2026-05-25,2026-05-25 11:43:09,V002,92.0,1.0182189447012198
2026-05-25,2026-05-25 11:43:10,V002,91.0,1.0183593022893391
2026-05-25,2026-05-25 11:43:11,V002,91.0,1.0148345172033542
2026-05-25,2026-05-25 11:43:12,V002,91.0,1.0078347200363047
2026-05-25,2026-05-25 11:43:13,V002,91.0,1.0009255445412797
2026-05-25,2026-05-25 11:43:14,V002,91.0,1.0159591542890112
2026-05-25,2026-05-25 11:43:15,V002,91.0,1.0029270208303427
2026-05-25,2026-05-25 11:43:16,V002,90.0,1.0156994441901481
2026-05-25,2026-05-25 11:43:17,V002,90.0,1.0173608900917663
2026-05-25,2026-05-25 11:43:18,V002,90.0,1.01542299205211
2026-05-25,2026-05-25 11:43:19,V002,88.0,1.0152155304012422
2026-05-25,2026-05-25 11:43:20,V002,87.0,1.0138262703743417
2026-05-25,2026-05-25 11:43:21,V002,86.0,1.0166611693923688
2026-05-25,2026-05-25 11:43:22,V002,84.0,1.0142105360273421
2026-05-25,2026-05-25 11:43:23,V002,84.0,1.0145031251427965
2026-05-25,2026-05-25 11:43:24,V002,84.0,1.0164893492729343
2026-05-25,2026-05-25 11:43:25,V002,84.0,1.01927837285259
