Date,Timestamp,SensorID,HeartRate,AccNorm
2026-05-25,2026-05-25 11:08:21,V010,,1.0262070941091763
2026-05-25,2026-05-25 11:08:22,V010,,1.0242751845810583
2026-05-25,2026-05-25 11:08:23,V010,,1.0241540737745016
2026-05-25,2026-05-25 11:08:24,V010,,1.023991303682776
2026-05-25,2026-05-25 11:08:25,V010,,1.0246494645645523
2026-05-25,2026-05-25 11:08:26,V010,,1.0245951406289076
2026-05-25,2026-05-25 11:08:27,V010,,1.0241585494935628
2026-05-25,2026-05-25 11:08:28,V010,,1.0235188704934846
2026-05-25,2026-05-25 11:08:29,V010,,1.0234391480872056
2026-05-25,2026-05-25 11:08:30,V010,,1.024428221009426
2026-05-25,2026-05-25 11:08:31,V010,,1.0229610421871638
2026-05-25,2026-05-25 11:08:32,V010,,1.025265360546006
2026-05-25,2026-05-25 11:08:33,V010,,1.0238666477137834
2026-05-25,2026-05-25 11:08:34,V010,,1.024107190012217
2026-05-25,2026-05-25 11:08:35,V010,,1.02493303376557
2026-05-25,2026-05-25 11:08:36,V010,,1.0237400099983982
2026-05-25,2026-05-25 11:08:37,V010,,1.0237394475904595
2026-05-25,2026-05-25 11:08:38,V010,,1.0248741176684169
2026-05-25,2026-05-25 11:08:39,V010,,1.0229889157487044
2026-05-25,2026-05-25 11:08:40,V010,,1.0238588166631903
2026-05-25,2026-05-25 11:08:41,V010,,1.023363047575029
2026-05-25,2026-05-25 11:08:42,V010,,1.0258388142020138
2026-05-25,2026-05-25 11:08:43,V010,,1.0242078672025294
2026-05-25,2026-05-25 11:08:44,V010,,1.0249604206204588
2026-05-25,2026-05-25 11:08:45,V010,,1.023470339452959
2026-05-25,2026-05-25 11:08:46,V010,,1.0249614396066833
2026-05-25,2026-05-25 11:08:47,V010,,1.0239488734548419
2026-05-25,2026-05-25 11:08:48,V010,,1.0240483020794953
2026-05-25,2026-05-25 11:08:49,V010,,1.0226411631823553
2026-05-25,2026-05-25 11:08:50,V010,,1.0234380237631406
2026-05-25,2026-05-25 11:08:51,V010,,1.0226861212568228
2026-05-25,2026-05-25 11:08:52,V010,,1.0247109820310207
2026-05-25,2026-05-25 11:08:53,V010,,1.0210893830285788
2026-05-25,2026-05-25 11:08:54,V010,,1.0209267846382202
2026-05-25,2026-05-25 11:08:55,V010,,1.022625974356643
2026-05-25,2026-05-25 11:08:56,V010,,1.024612646517174
2026-05-25,2026-05-25 11:08:57,V010,,1.0248049039277942
2026-05-25,2026-05-25 11:08:58,V010,,1.0231871619116129
2026-05-25,2026-05-25 11:08:59,V010,,1.0221569102679662
2026-05-25,2026-05-25 11:09:00,V010,,1.0232723794851066
2026-05-25,2026-05-25 11:09:01,V010,,1.0224476721166282
2026-05-25,2026-05-25 11:09:02,V010,,1.0243878487747557
2026-05-25,2026-05-25 11:09:03,V010,,1.023524169678243
2026-05-25,2026-05-25 11:09:04,V010,,1.0240337554550953
2026-05-25,2026-05-25 11:09:05,V010,,1.024147475088867
2026-05-25,2026-05-25 11:09:06,V010,,1.024159140395487
2026-05-25,2026-05-25 11:09:07,V010,,1.0236997129181358
2026-05-25,2026-05-25 11:09:08,V010,,1.0250092982063754
2026-05-25,2026-05-25 11:09:09,V010,,1.023865353359683
2026-05-25,2026-05-25 11:09:10,V010,,1.023788758810497
2026-05-25,2026-05-25 11:09:11,V010,,1.0242106991088213
2026-05-25,2026-05-25 11:09:12,V010,,1.0231452581925615
2026-05-25,2026-05-25 11:09:13,V010,,1.0241932942313767
2026-05-25,2026-05-25 11:09:14,V010,,1.0243210070008204
2026-05-25,2026-05-25 11:09:15,V010,,1.0239269806786488
2026-05-25,2026-05-25 11:09:16,V010,,1.0226877786482256
2026-05-25,2026-05-25 11:09:17,V010,,1.0231661008913904
2026-05-25,2026-05-25 11:09:18,V010,,1.0229292537739687
2026-05-25,2026-05-25 11:09:19,V010,,1.0236651684297227
2026-05-25,2026-05-25 11:09:20,V010,,1.0245131887076446
2026-05-25,2026-05-25 11:09:21,V010,,1.0244938967995387
2026-05-25,2026-05-25 11:09:22,V010,,1.0235999135647018
2026-05-25,2026-05-25 11:09:23,V010,,1.0240439259466152
2026-05-25,2026-05-25 11:09:24,V010,,1.023661397282307
2026-05-25,2026-05-25 11:09:25,V010,,1.0248030443816516
2026-05-25,2026-05-25 11:09:26,V010,,1.0252008433398596
2026-05-25,2026-05-25 11:09:27,V010,,1.0239754867105233
2026-05-25,2026-05-25 11:09:28,V010,,1.0238216667360713
2026-05-25,2026-05-25 11:09:29,V010,,1.0221280633535852
2026-05-25,2026-05-25 11:09:30,V010,,1.0238296500678106
2026-05-25,2026-05-25 11:09:31,V010,,1.0241750239210585
2026-05-25,2026-05-25 11:09:32,V010,,1.0238662713007738
2026-05-25,2026-05-25 11:09:33,V010,,1.023146468249743
2026-05-25,2026-05-25 11:09:34,V010,,1.0227216001778658
2026-05-25,2026-05-25 11:09:35,V010,,1.0236794232312678
2026-05-25,2026-05-25 11:09:36,V010,,1.0239951565736929
2026-05-25,2026-05-25 11:09:37,V010,,1.023943509911702
2026-05-25,2026-05-25 11:09:38,V010,,1.0233943738029188
2026-05-25,2026-05-25 11:09:39,V010,,1.0235936451757601
2026-05-25,2026-05-25 11:09:40,V010,,1.024026389773296
2026-05-25,2026-05-25 11:09:41,V010,,1.0234860353902535
2026-05-25,2026-05-25 11:09:42,V010,,1.02355706906363
2026-05-25,2026-05-25 11:09:43,V010,,1.0240431715036629
2026-05-25,2026-05-25 11:09:44,V010,,1.0223236104548972
2026-05-25,2026-05-25 11:09:45,V010,,1.0280637723055643
2026-05-25,2026-05-25 11:09:46,V010,,1.0280293052920975
2026-05-25,2026-05-25 11:09:47,V010,,1.0233124589796176
2026-05-25,2026-05-25 11:09:48,V010,,0.9898441500988363
2026-05-25,2026-05-25 11:09:49,V010,,1.0229961434603323
2026-05-25,2026-05-25 11:09:50,V010,,1.0234726903253406
2026-05-25,2026-05-25 11:09:51,V010,,1.0236031081410522
2026-05-25,2026-05-25 11:09:52,V010,,1.0240375890588118
2026-05-25,2026-05-25 11:09:53,V010,,1.0237249075310912
2026-05-25,2026-05-25 11:09:54,V010,,1.0243247823311108
2026-05-25,2026-05-25 11:09:55,V010,,1.0238811686191673
2026-05-25,2026-05-25 11:09:56,V010,,1.024397716346032
2026-05-25,2026-05-25 11:09:57,V010,,1.024141586849764
2026-05-25,2026-05-25 11:09:58,V010,,1.0242533885226657
2026-05-25,2026-05-25 11:09:59,V010,,1.024195954036903
2026-05-25,2026-05-25 11:10:00,V010,,1.0235496787230525
2026-05-25,2026-05-25 11:10:01,V010,,1.022418206817821
2026-05-25,2026-05-25 11:10:02,V010,,1.0237073907600516
2026-05-25,2026-05-25 11:10:03,V010,,1.0233757076487888
2026-05-25,2026-05-25 11:10:04,V010,,1.0239473059162076
2026-05-25,2026-05-25 11:10:05,V010,,1.024355559254627
2026-05-25,2026-05-25 11:10:06,V010,,1.0234409452862636
2026-05-25,2026-05-25 11:10:07,V010,,1.0234767592568617
2026-05-25,2026-05-25 11:10:08,V010,,1.0236995061537393
2026-05-25,2026-05-25 11:10:09,V010,,1.0238662265972236
2026-05-25,2026-05-25 11:10:10,V010,,1.0242058276075974
2026-05-25,2026-05-25 11:10:11,V010,,1.0249300090787619
2026-05-25,2026-05-25 11:10:12,V010,,1.0243816222200057
2026-05-25,2026-05-25 11:10:13,V010,,1.0239855149746542
2026-05-25,2026-05-25 11:10:14,V010,,1.0239188190437643
2026-05-25,2026-05-25 11:10:15,V010,,1.025667327214176
2026-05-25,2026-05-25 11:10:16,V010,,1.0246369721851643
2026-05-25,2026-05-25 11:10:17,V010,,1.0237802673738658
2026-05-25,2026-05-25 11:10:18,V010,,1.0241606059469452
2026-05-25,2026-05-25 11:10:19,V010,,1.024827050905414
2026-05-25,2026-05-25 11:10:20,V010,,1.0257108944659812
2026-05-25,2026-05-25 11:10:21,V010,,0.9722187499316993
2026-05-25,2026-05-25 11:10:22,V010,,1.0815472657710428
2026-05-25,2026-05-25 11:10:23,V010,,1.0250315412344497
2026-05-25,2026-05-25 11:10:24,V010,,1.0243437554645087
2026-05-25,2026-05-25 11:10:25,V010,,1.019983277239708
2026-05-25,2026-05-25 11:10:26,V010,,1.0234870198876136
2026-05-25,2026-05-25 11:10:27,V010,,1.0242139596017827
2026-05-25,2026-05-25 11:10:28,V010,,1.0242755129171317
2026-05-25,2026-05-25 11:10:29,V010,,1.0236081102013952
2026-05-25,2026-05-25 11:10:30,V010,,1.0180257873427796
2026-05-25,2026-05-25 11:10:31,V010,,1.0239523684583347
2026-05-25,2026-05-25 11:10:32,V010,,1.0226361847613203
2026-05-25,2026-05-25 11:10:33,V010,,1.0241862528815289
2026-05-25,2026-05-25 11:10:34,V010,,1.024146092952519
2026-05-25,2026-05-25 11:10:35,V010,,1.0243520896204212
2026-05-25,2026-05-25 11:10:36,V010,,1.0238072031457688
2026-05-25,2026-05-25 11:10:37,V010,,1.0240790714139476
2026-05-25,2026-05-25 11:10:38,V010,,1.023920718328851
2026-05-25,2026-05-25 11:10:39,V010,,1.0240358959593494
2026-05-25,2026-05-25 11:10:40,V010,,1.0240348298262534
2026-05-25,2026-05-25 11:10:41,V010,,1.0446216324411646
2026-05-25,2026-05-25 11:10:42,V010,,1.0932404326278442
2026-05-25,2026-05-25 11:10:43,V010,,1.020301875142822
2026-05-25,2026-05-25 11:10:44,V010,,1.0082941037057152
2026-05-25,2026-05-25 11:10:45,V010,,1.0354199431949276
2026-05-25,2026-05-25 11:10:46,V010,,1.0592234044520739
2026-05-25,2026-05-25 11:10:47,V010,,1.024038127482772
2026-05-25,2026-05-25 11:10:48,V010,,1.0232318722170617
2026-05-25,2026-05-25 11:10:49,V010,,1.020328651435065
2026-05-25,2026-05-25 11:10:50,V010,,1.0240679617741089
2026-05-25,2026-05-25 11:10:51,V010,,1.023925081481936
2026-05-25,2026-05-25 11:10:52,V010,99.0,1.0607979055385994
2026-05-25,2026-05-25 11:10:53,V010,99.0,1.0500909196363313
2026-05-25,2026-05-25 11:10:54,V010,98.0,1.0244127318082519
2026-05-25,2026-05-25 11:10:55,V010,98.0,1.024760038297108
2026-05-25,2026-05-25 11:10:56,V010,98.0,1.024041074493971
2026-05-25,2026-05-25 11:10:57,V010,97.0,1.0241871303236416
2026-05-25,2026-05-25 11:10:58,V010,97.0,1.024033912598521
2026-05-25,2026-05-25 11:10:59,V010,97.0,1.024314220123255
2026-05-25,2026-05-25 11:11:00,V010,96.0,1.0242571591049083
2026-05-25,2026-05-25 11:11:01,V010,96.0,1.0240671237686099
2026-05-25,2026-05-25 11:11:02,V010,95.0,1.0240140503012791
2026-05-25,2026-05-25 11:11:03,V010,95.0,1.023517659340114
2026-05-25,2026-05-25 11:11:04,V010,94.0,1.023646099486404
2026-05-25,2026-05-25 11:11:05,V010,93.0,1.024403596114316
2026-05-25,2026-05-25 11:11:06,V010,92.0,1.0239307528358996
2026-05-25,2026-05-25 11:11:07,V010,92.0,1.0242744691197343
2026-05-25,2026-05-25 11:11:08,V010,92.0,1.0245441502726036
2026-05-25,2026-05-25 11:11:09,V010,92.0,1.0239713347580264
2026-05-25,2026-05-25 11:11:10,V010,92.0,1.0241968585269512
2026-05-25,2026-05-25 11:11:11,V010,92.0,1.0242974893523749
2026-05-25,2026-05-25 11:11:12,V010,92.0,1.0241540314782238
2026-05-25,2026-05-25 11:11:13,V010,92.0,1.0242097808317565
2026-05-25,2026-05-25 11:11:14,V010,92.0,1.024186763655478
2026-05-25,2026-05-25 11:11:15,V010,92.0,1.0243612211021673
2026-05-25,2026-05-25 11:11:16,V010,92.0,1.0245195218638945
2026-05-25,2026-05-25 11:11:17,V010,92.0,1.024493116143392
2026-05-25,2026-05-25 11:11:18,V010,92.0,1.0239494008803895
2026-05-25,2026-05-25 11:11:19,V010,92.0,1.0236246532900166
2026-05-25,2026-05-25 11:11:20,V010,91.0,1.0235951019210128
2026-05-25,2026-05-25 11:11:21,V010,91.0,1.0242728012949178
2026-05-25,2026-05-25 11:11:22,V010,91.0,1.0239194612880769
2026-05-25,2026-05-25 11:11:23,V010,91.0,1.024821349228513
2026-05-25,2026-05-25 11:11:24,V010,91.0,1.0242388308645702
2026-05-25,2026-05-25 11:11:25,V010,91.0,1.0253464296122754
2026-05-25,2026-05-25 11:11:26,V010,90.0,1.024834122977421
2026-05-25,2026-05-25 11:11:27,V010,90.0,1.0240619289996151
2026-05-25,2026-05-25 11:11:28,V010,90.0,1.0190351659192647
2026-05-25,2026-05-25 11:11:29,V010,90.0,1.024136496775682
2026-05-25,2026-05-25 11:11:30,V010,90.0,1.0238220828347355
2026-05-25,2026-05-25 11:11:31,V010,89.0,1.0242477204667289
2026-05-25,2026-05-25 11:11:32,V010,89.0,1.023831389387719
2026-05-25,2026-05-25 11:11:33,V010,89.0,1.0241660545700693
2026-05-25,2026-05-25 11:11:34,V010,89.0,1.0244372587023358
2026-05-25,2026-05-25 11:11:35,V010,88.0,1.0244315123788816
2026-05-25,2026-05-25 11:11:36,V010,89.0,1.0245690547834914
2026-05-25,2026-05-25 11:11:37,V010,89.0,1.0233913937142938
2026-05-25,2026-05-25 11:11:38,V010,89.0,1.0246837965810158
2026-05-25,2026-05-25 11:11:39,V010,89.0,1.0221764128875401
2026-05-25,2026-05-25 11:11:40,V010,89.0,1.0249980568335413
2026-05-25,2026-05-25 11:11:41,V010,89.0,1.023568825940631
2026-05-25,2026-05-25 11:11:42,V010,89.0,1.027273260741732
2026-05-25,2026-05-25 11:11:43,V010,89.0,1.022942107751169
2026-05-25,2026-05-25 11:11:44,V010,90.0,1.0238725376213482
2026-05-25,2026-05-25 11:11:45,V010,90.0,1.0242880632837414
2026-05-25,2026-05-25 11:11:46,V010,90.0,1.0250227491859154
2026-05-25,2026-05-25 11:11:47,V010,90.0,1.0246269939393449
2026-05-25,2026-05-25 11:11:48,V010,89.0,1.0254565091867704
2026-05-25,2026-05-25 11:11:49,V010,88.0,1.0230247816423368
2026-05-25,2026-05-25 11:11:50,V010,88.0,1.026090896881871
2026-05-25,2026-05-25 11:11:51,V010,87.0,1.0232311212302485
2026-05-25,2026-05-25 11:11:52,V010,87.0,1.022665418423726
2026-05-25,2026-05-25 11:11:53,V010,86.0,1.0234575913421196
2026-05-25,2026-05-25 11:11:54,V010,86.0,1.0241332764203548
2026-05-25,2026-05-25 11:11:55,V010,86.0,1.0267936803583722
2026-05-25,2026-05-25 11:11:56,V010,85.0,1.0242607251322942
2026-05-25,2026-05-25 11:11:57,V010,85.0,1.0229978898716838
2026-05-25,2026-05-25 11:11:58,V010,84.0,1.0248419589767683
2026-05-25,2026-05-25 11:11:59,V010,83.0,1.024160373549441
2026-05-25,2026-05-25 11:12:00,V010,83.0,1.0238451595328029
2026-05-25,2026-05-25 11:12:01,V010,82.0,1.024052829344011
2026-05-25,2026-05-25 11:12:02,V010,82.0,1.0242069443105988
2026-05-25,2026-05-25 11:12:03,V010,81.0,1.0264443528085554
2026-05-25,2026-05-25 11:12:04,V010,81.0,1.0266149324994276
2026-05-25,2026-05-25 11:12:05,V010,81.0,1.0251058464328648
2026-05-25,2026-05-25 11:12:06,V010,81.0,1.0250824922336068
2026-05-25,2026-05-25 11:12:07,V010,80.0,1.023311142616172
2026-05-25,2026-05-25 11:12:08,V010,80.0,1.0248154573817891
2026-05-25,2026-05-25 11:12:09,V010,80.0,1.0244268549315807
2026-05-25,2026-05-25 11:12:10,V010,80.0,1.0230472855638892
2026-05-25,2026-05-25 11:12:11,V010,79.0,1.0235492821823602
2026-05-25,2026-05-25 11:12:12,V010,79.0,1.0248256820572639
2026-05-25,2026-05-25 11:12:13,V010,80.0,1.0220612726299694
2026-05-25,2026-05-25 11:12:14,V010,80.0,1.0258500349477715
2026-05-25,2026-05-25 11:12:15,V010,80.0,1.0244628533276174
2026-05-25,2026-05-25 11:12:16,V010,80.0,1.0161247652122207
2026-05-25,2026-05-25 11:12:17,V010,80.0,1.0246009378008771
2026-05-25,2026-05-25 11:12:18,V010,79.0,1.025789961893052
2026-05-25,2026-05-25 11:12:19,V010,79.0,1.0247577277062712
2026-05-25,2026-05-25 11:12:20,V010,80.0,1.0234193670308769
2026-05-25,2026-05-25 11:12:21,V010,80.0,1.0244681290405078
2026-05-25,2026-05-25 11:12:22,V010,81.0,1.022926167825794
2026-05-25,2026-05-25 11:12:23,V010,82.0,1.0245257787135127
2026-05-25,2026-05-25 11:12:24,V010,82.0,1.0235134668834334
2026-05-25,2026-05-25 11:12:25,V010,81.0,1.0243469586130522
2026-05-25,2026-05-25 11:12:26,V010,80.0,1.0255811642179256
2026-05-25,2026-05-25 11:12:27,V010,80.0,1.0256766989274972
2026-05-25,2026-05-25 11:12:28,V010,80.0,1.024854515640815
2026-05-25,2026-05-25 11:12:29,V010,79.0,1.0231922800379174
2026-05-25,2026-05-25 11:12:30,V010,79.0,1.0259466100491486
2026-05-25,2026-05-25 11:12:31,V010,79.0,1.0340016991102878
2026-05-25,2026-05-25 11:12:32,V010,79.0,1.0520790779482867
2026-05-25,2026-05-25 11:12:33,V010,78.0,1.0252540295196786
2026-05-25,2026-05-25 11:12:34,V010,79.0,1.0241867003456853
2026-05-25,2026-05-25 11:12:35,V010,79.0,1.0249273269280452
2026-05-25,2026-05-25 11:12:36,V010,80.0,1.0253307303534838
2026-05-25,2026-05-25 11:12:37,V010,80.0,1.023821978366453
2026-05-25,2026-05-25 11:12:38,V010,80.0,1.0248114919407902
2026-05-25,2026-05-25 11:12:39,V010,80.0,1.024240866041217
2026-05-25,2026-05-25 11:12:40,V010,80.0,1.0231341557556042
2026-05-25,2026-05-25 11:12:41,V010,80.0,1.0258198469679938
2026-05-25,2026-05-25 11:12:42,V010,80.0,1.0239217582509585
2026-05-25,2026-05-25 11:12:43,V010,79.0,1.0242392558284705
2026-05-25,2026-05-25 11:12:44,V010,79.0,1.024703494814301
2026-05-25,2026-05-25 11:12:45,V010,80.0,1.0243704352233858
2026-05-25,2026-05-25 11:12:46,V010,80.0,1.0248734969869204
2026-05-25,2026-05-25 11:12:47,V010,80.0,1.0248557034790544
2026-05-25,2026-05-25 11:12:48,V010,80.0,1.0232359435606526
2026-05-25,2026-05-25 11:12:49,V010,80.0,1.023740430649709
2026-05-25,2026-05-25 11:12:50,V010,79.0,1.0248366990951212
2026-05-25,2026-05-25 11:12:51,V010,79.0,1.0249444568009105
2026-05-25,2026-05-25 11:12:52,V010,79.0,1.0248829049269501
2026-05-25,2026-05-25 11:12:53,V010,79.0,1.0226276752819623
2026-05-25,2026-05-25 11:12:54,V010,79.0,1.023850184556851
2026-05-25,2026-05-25 11:12:55,V010,79.0,1.0226080182918045
2026-05-25,2026-05-25 11:12:56,V010,78.0,1.0242724162236376
2026-05-25,2026-05-25 11:12:57,V010,78.0,1.0236678241049122
2026-05-25,2026-05-25 11:12:58,V010,78.0,1.0242987848022802
2026-05-25,2026-05-25 11:12:59,V010,79.0,1.0258767111776965
2026-05-25,2026-05-25 11:13:00,V010,79.0,1.0258620319855332
2026-05-25,2026-05-25 11:13:01,V010,80.0,1.0233870252412482
2026-05-25,2026-05-25 11:13:02,V010,79.0,1.023685961731836
2026-05-25,2026-05-25 11:13:03,V010,79.0,1.022964947661857
2026-05-25,2026-05-25 11:13:04,V010,78.0,1.0235727053751937
2026-05-25,2026-05-25 11:13:05,V010,78.0,1.0252705553633437
2026-05-25,2026-05-25 11:13:06,V010,77.0,1.0257856916011656
2026-05-25,2026-05-25 11:13:07,V010,77.0,1.023733864334614
2026-05-25,2026-05-25 11:13:08,V010,77.0,1.0250186891327966
2026-05-25,2026-05-25 11:13:09,V010,76.0,1.0238157735329394
2026-05-25,2026-05-25 11:13:10,V010,76.0,1.0231340177850512
2026-05-25,2026-05-25 11:13:11,V010,76.0,1.023647916335369
2026-05-25,2026-05-25 11:13:12,V010,76.0,1.0238190833016139
2026-05-25,2026-05-25 11:13:13,V010,76.0,1.0243864569360304
2026-05-25,2026-05-25 11:13:14,V010,76.0,1.0248050767101082
2026-05-25,2026-05-25 11:13:15,V010,75.0,1.0242767187010584
2026-05-25,2026-05-25 11:13:16,V010,75.0,1.0232312169950344
2026-05-25,2026-05-25 11:13:17,V010,75.0,1.0242260859598988
2026-05-25,2026-05-25 11:13:18,V010,75.0,1.0246057972778864
2026-05-25,2026-05-25 11:13:19,V010,75.0,1.0237364081216938
2026-05-25,2026-05-25 11:13:20,V010,75.0,1.0215863777313654
2026-05-25,2026-05-25 11:13:21,V010,76.0,1.0248200454047376
2026-05-25,2026-05-25 11:13:22,V010,75.0,1.0241874016929524
2026-05-25,2026-05-25 11:13:23,V010,75.0,1.0241481269125905
2026-05-25,2026-05-25 11:13:24,V010,75.0,1.0259566886262659
2026-05-25,2026-05-25 11:13:25,V010,75.0,1.0235781767540932
2026-05-25,2026-05-25 11:13:26,V010,75.0,1.0245794078795358
2026-05-25,2026-05-25 11:13:27,V010,76.0,1.025828807692952
2026-05-25,2026-05-25 11:13:28,V010,76.0,1.0244836598888596
2026-05-25,2026-05-25 11:13:29,V010,76.0,1.024418469696668
2026-05-25,2026-05-25 11:13:30,V010,76.0,1.034574433166095
2026-05-25,2026-05-25 11:13:31,V010,75.0,1.0245388251479983
2026-05-25,2026-05-25 11:13:32,V010,75.0,1.025207714502236
2026-05-25,2026-05-25 11:13:33,V010,75.0,1.0241567282065156
2026-05-25,2026-05-25 11:13:34,V010,74.0,1.0240915550278549
2026-05-25,2026-05-25 11:13:35,V010,74.0,1.0246870049947652
2026-05-25,2026-05-25 11:13:36,V010,74.0,1.0239146428451016
2026-05-25,2026-05-25 11:13:37,V010,73.0,1.0243163274924636
2026-05-25,2026-05-25 11:13:38,V010,73.0,1.0243553668181542
2026-05-25,2026-05-25 11:13:39,V010,73.0,1.0237859164618595
2026-05-25,2026-05-25 11:13:40,V010,73.0,1.023850151783435
2026-05-25,2026-05-25 11:13:41,V010,72.0,1.024765306888671
2026-05-25,2026-05-25 11:13:42,V010,72.0,1.0243747517463138
2026-05-25,2026-05-25 11:13:43,V010,72.0,1.0252584930502913
2026-05-25,2026-05-25 11:13:44,V010,72.0,1.0232113795080817
2026-05-25,2026-05-25 11:13:45,V010,72.0,1.0238528012414712
2026-05-25,2026-05-25 11:13:46,V010,73.0,1.0257148197849726
2026-05-25,2026-05-25 11:13:47,V010,73.0,1.0242725620945827
2026-05-25,2026-05-25 11:13:48,V010,73.0,1.0242206229688815
2026-05-25,2026-05-25 11:13:49,V010,73.0,1.0241754616043586
2026-05-25,2026-05-25 11:13:50,V010,72.0,1.024633793913997
2026-05-25,2026-05-25 11:13:51,V010,72.0,1.0242658531499664
2026-05-25,2026-05-25 11:13:52,V010,72.0,1.0235748401246199
2026-05-25,2026-05-25 11:13:53,V010,73.0,1.0265927269805921
2026-05-25,2026-05-25 11:13:54,V010,73.0,1.023654077286507
2026-05-25,2026-05-25 11:13:55,V010,73.0,1.0250321230932458
2026-05-25,2026-05-25 11:13:56,V010,73.0,1.0247749324193298
2026-05-25,2026-05-25 11:13:57,V010,73.0,1.0246083426967842
2026-05-25,2026-05-25 11:13:58,V010,73.0,1.0244251693309898
2026-05-25,2026-05-25 11:13:59,V010,73.0,1.0244263441731278
2026-05-25,2026-05-25 11:14:00,V010,73.0,1.0239226056507746
2026-05-25,2026-05-25 11:14:01,V010,73.0,1.0241459211527368
2026-05-25,2026-05-25 11:14:02,V010,73.0,1.0237505428817781
2026-05-25,2026-05-25 11:14:03,V010,73.0,1.0267876452138112
2026-05-25,2026-05-25 11:14:04,V010,73.0,1.0260261034594074
2026-05-25,2026-05-25 11:14:05,V010,73.0,1.0244573524031202
2026-05-25,2026-05-25 11:14:06,V010,73.0,1.0247097608057494
2026-05-25,2026-05-25 11:14:07,V010,72.0,1.0252540551590557
2026-05-25,2026-05-25 11:14:08,V010,73.0,1.0181028471726463
2026-05-25,2026-05-25 11:14:09,V010,73.0,1.02445657571353
2026-05-25,2026-05-25 11:14:10,V010,73.0,1.0240784598225507
2026-05-25,2026-05-25 11:14:11,V010,73.0,1.0241580980681362
2026-05-25,2026-05-25 11:14:12,V010,73.0,1.0243380449173958
2026-05-25,2026-05-25 11:14:13,V010,73.0,1.0256368139146899
2026-05-25,2026-05-25 11:14:14,V010,74.0,1.0240517728927916
2026-05-25,2026-05-25 11:14:15,V010,74.0,1.0242519975571316
2026-05-25,2026-05-25 11:14:16,V010,74.0,1.0242715325885472
2026-05-25,2026-05-25 11:14:17,V010,74.0,1.0244543101257013
2026-05-25,2026-05-25 11:14:18,V010,73.0,1.0253422727586703
2026-05-25,2026-05-25 11:14:19,V010,73.0,1.0245710289633754
2026-05-25,2026-05-25 11:14:20,V010,73.0,1.0248804768044852
2026-05-25,2026-05-25 11:14:21,V010,74.0,1.0261787795703938
2026-05-25,2026-05-25 11:14:22,V010,74.0,1.020935354537085
2026-05-25,2026-05-25 11:14:23,V010,75.0,1.0253749106004522
2026-05-25,2026-05-25 11:14:24,V010,74.0,1.0251481368020605
2026-05-25,2026-05-25 11:14:25,V010,74.0,1.0233180109138136
2026-05-25,2026-05-25 11:14:26,V010,74.0,1.0239740610467927
2026-05-25,2026-05-25 11:14:27,V010,74.0,1.024293617676376
2026-05-25,2026-05-25 11:14:28,V010,74.0,1.0234354063046258
2026-05-25,2026-05-25 11:14:29,V010,74.0,1.0251790366662719
2026-05-25,2026-05-25 11:14:30,V010,74.0,1.026994247437404
2026-05-25,2026-05-25 11:14:31,V010,75.0,1.0245563891971303
2026-05-25,2026-05-25 11:14:32,V010,75.0,1.0308152350622604
2026-05-25,2026-05-25 11:14:33,V010,75.0,1.028028328711233
2026-05-25,2026-05-25 11:14:34,V010,75.0,1.0217286738162976
2026-05-25,2026-05-25 11:14:35,V010,75.0,1.023489202682932
2026-05-25,2026-05-25 11:14:36,V010,74.0,1.0289794821968843
2026-05-25,2026-05-25 11:14:37,V010,74.0,1.0257489337190606
2026-05-25,2026-05-25 11:14:38,V010,74.0,1.0273245692233821
2026-05-25,2026-05-25 11:14:39,V010,74.0,1.023795170073714
2026-05-25,2026-05-25 11:14:40,V010,75.0,1.015021227123933
2026-05-25,2026-05-25 11:14:41,V010,75.0,1.0282673997268428
2026-05-25,2026-05-25 11:14:42,V010,75.0,1.022626338235683
2026-05-25,2026-05-25 11:14:43,V010,75.0,1.0245311597557107
2026-05-25,2026-05-25 11:14:44,V010,75.0,1.024578814445418
2026-05-25,2026-05-25 11:14:45,V010,75.0,1.0217433162181733
2026-05-25,2026-05-25 11:14:46,V010,75.0,1.0246812266142595
2026-05-25,2026-05-25 11:14:47,V010,75.0,1.024316480191957
2026-05-25,2026-05-25 11:14:48,V010,75.0,1.0257729456411488
2026-05-25,2026-05-25 11:14:49,V010,75.0,1.0246580530910727
2026-05-25,2026-05-25 11:14:50,V010,75.0,1.0102707432792235
2026-05-25,2026-05-25 11:14:51,V010,75.0,1.025174717770313
2026-05-25,2026-05-25 11:14:52,V010,75.0,1.0242484852219838
2026-05-25,2026-05-25 11:14:53,V010,75.0,1.0243375823976826
2026-05-25,2026-05-25 11:14:54,V010,75.0,1.0255448224442087
2026-05-25,2026-05-25 11:14:55,V010,74.0,1.021937639875615
2026-05-25,2026-05-25 11:14:56,V010,74.0,1.0222250240594548
2026-05-25,2026-05-25 11:14:57,V010,74.0,1.0303083842377732
2026-05-25,2026-05-25 11:14:58,V010,74.0,1.024614001417217
2026-05-25,2026-05-25 11:14:59,V010,74.0,1.0241323061981213
2026-05-25,2026-05-25 11:15:00,V010,74.0,1.0240709009822466
2026-05-25,2026-05-25 11:15:01,V010,74.0,1.0234375000070053
2026-05-25,2026-05-25 11:15:02,V010,74.0,1.0225312658488515
2026-05-25,2026-05-25 11:15:03,V010,75.0,1.192515647970081
2026-05-25,2026-05-25 11:15:04,V010,75.0,1.083424168962728
2026-05-25,2026-05-25 11:15:05,V010,75.0,1.0118647159684748
2026-05-25,2026-05-25 11:15:06,V010,74.0,1.065856947775298
2026-05-25,2026-05-25 11:15:07,V010,74.0,1.0420993994950052
2026-05-25,2026-05-25 11:15:08,V010,74.0,1.0727395608554557
2026-05-25,2026-05-25 11:15:09,V010,75.0,1.1333696750647553
2026-05-25,2026-05-25 11:15:10,V010,75.0,1.066553138510703
2026-05-25,2026-05-25 11:15:11,V010,75.0,1.0469553998431735
2026-05-25,2026-05-25 11:15:12,V010,75.0,1.0588762391713586
2026-05-25,2026-05-25 11:15:13,V010,75.0,1.040238327654437
2026-05-25,2026-05-25 11:15:14,V010,75.0,1.2217561382453024
2026-05-25,2026-05-25 11:15:15,V010,76.0,0.9818021572755461
2026-05-25,2026-05-25 11:15:16,V010,76.0,1.5446525456129447
2026-05-25,2026-05-25 11:15:17,V010,77.0,1.1670129749156266
2026-05-25,2026-05-25 11:15:18,V010,77.0,1.0774305329761014
2026-05-25,2026-05-25 11:15:19,V010,77.0,1.1898407983331445
2026-05-25,2026-05-25 11:15:20,V010,77.0,1.0231562454318976
2026-05-25,2026-05-25 11:15:21,V010,77.0,1.2378690610704912
2026-05-25,2026-05-25 11:15:22,V010,78.0,1.0268115293504687
2026-05-25,2026-05-25 11:15:23,V010,78.0,1.0268778805858703
2026-05-25,2026-05-25 11:15:24,V010,80.0,1.0727915328851796
2026-05-25,2026-05-25 11:15:25,V010,81.0,1.0254986516233295
2026-05-25,2026-05-25 11:15:26,V010,82.0,1.0961715856789511
2026-05-25,2026-05-25 11:15:27,V010,83.0,1.0785986468586257
2026-05-25,2026-05-25 11:15:28,V010,84.0,1.0249279050745708
2026-05-25,2026-05-25 11:15:29,V010,84.0,1.0508549672065615
2026-05-25,2026-05-25 11:15:30,V010,85.0,1.0203955558768072
2026-05-25,2026-05-25 11:15:31,V010,85.0,1.0298714745803956
2026-05-25,2026-05-25 11:15:32,V010,84.0,1.0841462443883518
2026-05-25,2026-05-25 11:15:33,V010,84.0,1.0904679406419628
2026-05-25,2026-05-25 11:15:34,V010,84.0,1.0283804632225273
2026-05-25,2026-05-25 11:15:35,V010,83.0,1.1673682516962571
2026-05-25,2026-05-25 11:15:36,V010,83.0,1.0149541907185213
2026-05-25,2026-05-25 11:15:37,V010,84.0,1.0909005102657146
2026-05-25,2026-05-25 11:15:38,V010,84.0,1.0971461587318572
2026-05-25,2026-05-25 11:15:39,V010,84.0,1.3626898929796112
2026-05-25,2026-05-25 11:15:40,V010,84.0,1.4673469782414927
2026-05-25,2026-05-25 11:15:41,V010,84.0,1.1915630610837729
2026-05-25,2026-05-25 11:15:42,V010,84.0,1.1187473326592718
2026-05-25,2026-05-25 11:15:43,V010,84.0,1.1637288744133718
2026-05-25,2026-05-25 11:15:44,V010,84.0,1.0633590104610717
2026-05-25,2026-05-25 11:15:45,V010,84.0,1.0227122700427824
2026-05-25,2026-05-25 11:15:46,V010,84.0,1.100933238100582
2026-05-25,2026-05-25 11:15:47,V010,84.0,1.0166263141757397
2026-05-25,2026-05-25 11:15:48,V010,84.0,1.0703028090708693
2026-05-25,2026-05-25 11:15:49,V010,85.0,1.053829789014496
2026-05-25,2026-05-25 11:15:50,V010,85.0,1.4895021293700443
2026-05-25,2026-05-25 11:15:51,V010,86.0,0.9916294207108821
2026-05-25,2026-05-25 11:15:52,V010,87.0,0.9945475970853542
2026-05-25,2026-05-25 11:15:53,V010,88.0,1.0223741786601177
2026-05-25,2026-05-25 11:15:54,V010,89.0,0.9938912924252563
2026-05-25,2026-05-25 11:15:55,V010,89.0,1.041617979300907
2026-05-25,2026-05-25 11:15:56,V010,90.0,1.0082873653624944
2026-05-25,2026-05-25 11:15:57,V010,91.0,0.9860151914274634
2026-05-25,2026-05-25 11:15:58,V010,92.0,0.9894768639421193
2026-05-25,2026-05-25 11:15:59,V010,93.0,0.989282284086133
2026-05-25,2026-05-25 11:16:00,V010,92.0,1.00074797751509
2026-05-25,2026-05-25 11:16:01,V010,92.0,0.9953467224045142
2026-05-25,2026-05-25 11:16:02,V010,92.0,1.0190657959828957
2026-05-25,2026-05-25 11:16:03,V010,92.0,1.0071840659344558
2026-05-25,2026-05-25 11:16:04,V010,91.0,0.9999725094158843
2026-05-25,2026-05-25 11:16:05,V010,91.0,1.011037539058063
2026-05-25,2026-05-25 11:16:06,V010,91.0,1.0027974809782634
2026-05-25,2026-05-25 11:16:07,V010,91.0,0.988326049769477
2026-05-25,2026-05-25 11:16:08,V010,91.0,0.9871975188843933
2026-05-25,2026-05-25 11:16:09,V010,90.0,0.9879536924565818
2026-05-25,2026-05-25 11:16:10,V010,90.0,0.981948359857219
2026-05-25,2026-05-25 11:16:11,V010,91.0,1.0110628436206877
2026-05-25,2026-05-25 11:16:12,V010,91.0,1.0017217502628006
2026-05-25,2026-05-25 11:16:13,V010,91.0,0.9679133213982571
2026-05-25,2026-05-25 11:16:14,V010,90.0,0.9809086568193577
2026-05-25,2026-05-25 11:16:15,V010,90.0,0.9946105572405992
2026-05-25,2026-05-25 11:16:16,V010,90.0,0.9888729659950256
2026-05-25,2026-05-25 11:16:17,V010,90.0,1.0002693738592618
2026-05-25,2026-05-25 11:16:18,V010,90.0,0.9962114261003147
2026-05-25,2026-05-25 11:16:19,V010,90.0,0.9980122756274602
2026-05-25,2026-05-25 11:16:20,V010,89.0,0.9974656425700451
2026-05-25,2026-05-25 11:16:21,V010,89.0,0.9966586753582234
2026-05-25,2026-05-25 11:16:22,V010,89.0,0.996826129860291
2026-05-25,2026-05-25 11:16:23,V010,89.0,0.9975828947449166
2026-05-25,2026-05-25 11:16:24,V010,89.0,0.9968896153284653
2026-05-25,2026-05-25 11:16:25,V010,89.0,0.9966996021544747
2026-05-25,2026-05-25 11:16:26,V010,89.0,0.9965013902727623
2026-05-25,2026-05-25 11:16:27,V010,89.0,0.9969804554017603
2026-05-25,2026-05-25 11:16:28,V010,89.0,0.997264411355603
2026-05-25,2026-05-25 11:16:29,V010,89.0,0.9970592346788435
2026-05-25,2026-05-25 11:16:30,V010,88.0,0.9974536838632295
2026-05-25,2026-05-25 11:16:31,V010,88.0,0.9972637210738007
2026-05-25,2026-05-25 11:16:32,V010,88.0,0.9964220218831301
2026-05-25,2026-05-25 11:16:33,V010,88.0,1.0015580316260866
2026-05-25,2026-05-25 11:16:34,V010,88.0,0.9744424761268866
2026-05-25,2026-05-25 11:16:35,V010,88.0,0.9828926918394089
2026-05-25,2026-05-25 11:16:36,V010,88.0,0.9605087104844441
2026-05-25,2026-05-25 11:16:37,V010,88.0,0.9697626189211683
2026-05-25,2026-05-25 11:16:38,V010,87.0,1.0838435057307532
2026-05-25,2026-05-25 11:16:39,V010,87.0,1.0226439578473414
2026-05-25,2026-05-25 11:16:40,V010,87.0,0.9958191106145717
2026-05-25,2026-05-25 11:16:41,V010,88.0,1.000252335876032
2026-05-25,2026-05-25 11:16:42,V010,88.0,0.9977157273875347
2026-05-25,2026-05-25 11:16:43,V010,89.0,0.9991205977275694
2026-05-25,2026-05-25 11:16:44,V010,88.0,0.9988625890295384
2026-05-25,2026-05-25 11:16:45,V010,88.0,0.998162904863334
2026-05-25,2026-05-25 11:16:46,V010,88.0,1.000250508536317
2026-05-25,2026-05-25 11:16:47,V010,87.0,0.9939849756912866
2026-05-25,2026-05-25 11:16:48,V010,88.0,0.9972865300213857
2026-05-25,2026-05-25 11:16:49,V010,88.0,1.0096253993896938
2026-05-25,2026-05-25 11:16:50,V010,88.0,0.9988943273428373
2026-05-25,2026-05-25 11:16:51,V010,88.0,0.9924473695459813
2026-05-25,2026-05-25 11:16:52,V010,89.0,0.9922215036031342
2026-05-25,2026-05-25 11:16:53,V010,89.0,0.9918952127352156
2026-05-25,2026-05-25 11:16:54,V010,89.0,0.9918747775417808
2026-05-25,2026-05-25 11:16:55,V010,89.0,0.9915715052223298
2026-05-25,2026-05-25 11:16:56,V010,90.0,0.9931719497066167
2026-05-25,2026-05-25 11:16:57,V010,91.0,0.9911597384720536
2026-05-25,2026-05-25 11:16:58,V010,92.0,0.9933160964247396
2026-05-25,2026-05-25 11:16:59,V010,92.0,0.9923141217677853
2026-05-25,2026-05-25 11:17:00,V010,92.0,0.9919239477377236
2026-05-25,2026-05-25 11:17:01,V010,93.0,0.9922449201851354
2026-05-25,2026-05-25 11:17:02,V010,93.0,0.9918637608481279
2026-05-25,2026-05-25 11:17:03,V010,93.0,0.991642369960443
2026-05-25,2026-05-25 11:17:04,V010,93.0,0.9915906217376045
2026-05-25,2026-05-25 11:17:05,V010,93.0,0.9912403953338248
2026-05-25,2026-05-25 11:17:06,V010,93.0,0.9917509380254224
2026-05-25,2026-05-25 11:17:07,V010,93.0,0.9915392857011551
2026-05-25,2026-05-25 11:17:08,V010,93.0,0.9915114157427419
2026-05-25,2026-05-25 11:17:09,V010,93.0,0.9916564960413301
2026-05-25,2026-05-25 11:17:10,V010,93.0,0.991772369686328
2026-05-25,2026-05-25 11:17:11,V010,93.0,0.991776246627646
2026-05-25,2026-05-25 11:17:12,V010,93.0,0.9918425352465625
2026-05-25,2026-05-25 11:17:13,V010,93.0,0.997078528937569
2026-05-25,2026-05-25 11:17:14,V010,,0.9917296263706146
2026-05-25,2026-05-25 11:17:15,V010,,1.053056819035427
2026-05-25,2026-05-25 11:17:16,V010,,0.9651014242342886
2026-05-25,2026-05-25 11:17:17,V010,,1.0475960396907031
2026-05-25,2026-05-25 11:17:18,V010,,1.0049872459481015
2026-05-25,2026-05-25 11:17:19,V010,,0.9977707319538622
2026-05-25,2026-05-25 11:17:20,V010,,0.9933310336358511
2026-05-25,2026-05-25 11:17:21,V010,,1.0100998303250397
2026-05-25,2026-05-25 11:17:22,V010,,1.021190432311935
2026-05-25,2026-05-25 11:17:23,V010,,1.0224184415498927
2026-05-25,2026-05-25 11:17:24,V010,,1.0101714158155863
2026-05-25,2026-05-25 11:17:25,V010,,0.9811323383529191
2026-05-25,2026-05-25 11:17:26,V010,93.0,0.9963283097726879
2026-05-25,2026-05-25 11:17:27,V010,92.0,0.9897233685588661
2026-05-25,2026-05-25 11:17:28,V010,91.0,1.0025608171671687
2026-05-25,2026-05-25 11:17:29,V010,91.0,1.0304563536862654
2026-05-25,2026-05-25 11:17:30,V010,90.0,0.989862314770112
2026-05-25,2026-05-25 11:17:31,V010,90.0,0.9886088207259951
2026-05-25,2026-05-25 11:17:32,V010,89.0,0.9830685014774366
2026-05-25,2026-05-25 11:17:33,V010,88.0,1.1060097615458975
2026-05-25,2026-05-25 11:17:34,V010,88.0,0.9960853346444659
2026-05-25,2026-05-25 11:17:35,V010,89.0,0.9876096243183282
2026-05-25,2026-05-25 11:17:36,V010,88.0,0.9847783856238088
2026-05-25,2026-05-25 11:17:37,V010,87.0,0.9850491199677002
2026-05-25,2026-05-25 11:17:38,V010,87.0,0.9842818741205268
2026-05-25,2026-05-25 11:17:39,V010,86.0,0.984458364373127
2026-05-25,2026-05-25 11:17:40,V010,85.0,0.9885674097492284
2026-05-25,2026-05-25 11:17:41,V010,84.0,0.9985019935012305
2026-05-25,2026-05-25 11:17:42,V010,85.0,0.9967380304924757
2026-05-25,2026-05-25 11:17:43,V010,85.0,0.9895865103950489
2026-05-25,2026-05-25 11:17:44,V010,85.0,0.9877500773291675
2026-05-25,2026-05-25 11:17:45,V010,85.0,0.9871152764267679
2026-05-25,2026-05-25 11:17:46,V010,84.0,0.9877537127238384
2026-05-25,2026-05-25 11:17:47,V010,84.0,0.9872743644924573
2026-05-25,2026-05-25 11:17:48,V010,84.0,0.9875454056051441
2026-05-25,2026-05-25 11:17:49,V010,85.0,0.9878092060160975
2026-05-25,2026-05-25 11:17:50,V010,85.0,0.987489470262863
2026-05-25,2026-05-25 11:17:51,V010,85.0,0.9872206020504808
2026-05-25,2026-05-25 11:17:52,V010,85.0,0.9871932245258563
2026-05-25,2026-05-25 11:17:53,V010,85.0,0.9868701186546628
2026-05-25,2026-05-25 11:17:54,V010,85.0,0.986538647033298
2026-05-25,2026-05-25 11:17:55,V010,85.0,0.9866009618033948
2026-05-25,2026-05-25 11:17:56,V010,85.0,0.9869669473925092
2026-05-25,2026-05-25 11:17:57,V010,85.0,0.9878595361983306
2026-05-25,2026-05-25 11:17:58,V010,85.0,0.9874380966124886
2026-05-25,2026-05-25 11:17:59,V010,85.0,0.9878874556187281
2026-05-25,2026-05-25 11:18:00,V010,85.0,0.9883256108638947
2026-05-25,2026-05-25 11:18:01,V010,85.0,0.9882511376581212
2026-05-25,2026-05-25 11:18:02,V010,85.0,0.9880605089236562
2026-05-25,2026-05-25 11:18:03,V010,85.0,0.9878385449185338
2026-05-25,2026-05-25 11:18:04,V010,85.0,0.9880878653546205
2026-05-25,2026-05-25 11:18:05,V010,85.0,0.9763428951568351
2026-05-25,2026-05-25 11:18:06,V010,85.0,0.9721499884530354
2026-05-25,2026-05-25 11:18:07,V010,85.0,0.9713330383303449
2026-05-25,2026-05-25 11:18:08,V010,85.0,0.9726836279945578
2026-05-25,2026-05-25 11:18:09,V010,85.0,0.9721282841412604
2026-05-25,2026-05-25 11:18:10,V010,85.0,0.9750318089580128
2026-05-25,2026-05-25 11:18:11,V010,85.0,0.9738469051861656
2026-05-25,2026-05-25 11:18:12,V010,85.0,0.9788315766200841
2026-05-25,2026-05-25 11:18:13,V010,85.0,0.9904582438487324
2026-05-25,2026-05-25 11:18:14,V010,85.0,1.0109438927984966
2026-05-25,2026-05-25 11:18:15,V010,86.0,0.996377168741113
2026-05-25,2026-05-25 11:18:16,V010,86.0,1.0059373486533092
2026-05-25,2026-05-25 11:18:17,V010,87.0,0.9934161963177612
2026-05-25,2026-05-25 11:18:18,V010,87.0,1.1051736010756903
2026-05-25,2026-05-25 11:18:19,V010,88.0,1.0007818708474712
2026-05-25,2026-05-25 11:18:20,V010,88.0,1.021602893599725
2026-05-25,2026-05-25 11:18:21,V010,89.0,1.2658950434508704
2026-05-25,2026-05-25 11:18:22,V010,88.0,1.0195767283976735
2026-05-25,2026-05-25 11:18:23,V010,88.0,1.00614320640531
2026-05-25,2026-05-25 11:18:24,V010,87.0,1.0196508288610346
2026-05-25,2026-05-25 11:18:25,V010,87.0,1.023371603207555
2026-05-25,2026-05-25 11:18:26,V010,86.0,1.0118316800252196
2026-05-25,2026-05-25 11:18:27,V010,85.0,0.9961550904629484
2026-05-25,2026-05-25 11:18:28,V010,85.0,0.9977452296167907
2026-05-25,2026-05-25 11:18:29,V010,85.0,0.9978307247669812
2026-05-25,2026-05-25 11:18:30,V010,84.0,0.997284636442426
2026-05-25,2026-05-25 11:18:31,V010,83.0,0.997084588122464
2026-05-25,2026-05-25 11:18:32,V010,83.0,0.9968867624496148
2026-05-25,2026-05-25 11:18:33,V010,82.0,0.9971384242185684
2026-05-25,2026-05-25 11:18:34,V010,82.0,0.9970554589269324
2026-05-25,2026-05-25 11:18:35,V010,82.0,0.996557016940004
2026-05-25,2026-05-25 11:18:36,V010,82.0,0.9972712422571205
2026-05-25,2026-05-25 11:18:37,V010,82.0,0.9967498183369332
2026-05-25,2026-05-25 11:18:38,V010,82.0,0.996914802134589
2026-05-25,2026-05-25 11:18:39,V010,82.0,0.996193993718936
2026-05-25,2026-05-25 11:18:40,V010,82.0,0.9964730600653199
2026-05-25,2026-05-25 11:18:41,V010,82.0,0.9970297871205298
2026-05-25,2026-05-25 11:18:42,V010,82.0,0.9971134343159272
2026-05-25,2026-05-25 11:18:43,V010,82.0,0.9967772010395199
2026-05-25,2026-05-25 11:18:44,V010,82.0,0.9967593548137523
2026-05-25,2026-05-25 11:18:45,V010,82.0,0.9967257825309294
2026-05-25,2026-05-25 11:18:46,V010,82.0,0.996706674204617
2026-05-25,2026-05-25 11:18:47,V010,82.0,0.9961130650752801
2026-05-25,2026-05-25 11:18:48,V010,82.0,0.9964006929088453
2026-05-25,2026-05-25 11:18:49,V010,82.0,0.9960878851308905
2026-05-25,2026-05-25 11:18:50,V010,82.0,0.9964949557795875
2026-05-25,2026-05-25 11:18:51,V010,82.0,0.996284344996831
2026-05-25,2026-05-25 11:18:52,V010,82.0,0.9963814128833025
2026-05-25,2026-05-25 11:18:53,V010,82.0,1.0005353212791406
2026-05-25,2026-05-25 11:18:54,V010,82.0,1.0080622831126647
2026-05-25,2026-05-25 11:18:55,V010,82.0,1.0004716348752958
2026-05-25,2026-05-25 11:18:56,V010,82.0,1.0014178654922135
2026-05-25,2026-05-25 11:18:57,V010,82.0,1.0020997183440765
2026-05-25,2026-05-25 11:18:58,V010,82.0,1.001616040682166
2026-05-25,2026-05-25 11:18:59,V010,82.0,1.0030627365524376
2026-05-25,2026-05-25 11:19:00,V010,82.0,1.0015423092601197
2026-05-25,2026-05-25 11:19:01,V010,82.0,1.000572072756298
2026-05-25,2026-05-25 11:19:02,V010,82.0,1.016608570172273
2026-05-25,2026-05-25 11:19:03,V010,82.0,0.9948784762811397
2026-05-25,2026-05-25 11:19:04,V010,82.0,1.0151485131664864
2026-05-25,2026-05-25 11:19:05,V010,82.0,1.0076895762699087
2026-05-25,2026-05-25 11:19:06,V010,84.0,1.0075110718410583
2026-05-25,2026-05-25 11:19:07,V010,85.0,1.0083676148955651
2026-05-25,2026-05-25 11:19:08,V010,87.0,0.9864582467942974
2026-05-25,2026-05-25 11:19:09,V010,87.0,1.0398196419798171
2026-05-25,2026-05-25 11:19:10,V010,88.0,1.1400333164786656
2026-05-25,2026-05-25 11:19:11,V010,88.0,0.9522681571326095
2026-05-25,2026-05-25 11:19:12,V010,88.0,0.9799983278731287
2026-05-25,2026-05-25 11:19:13,V010,87.0,0.9726060052850258
2026-05-25,2026-05-25 11:19:14,V010,87.0,0.9771259073715638
2026-05-25,2026-05-25 11:19:15,V010,87.0,0.986235890090025
2026-05-25,2026-05-25 11:19:16,V010,86.0,1.01665795468892
2026-05-25,2026-05-25 11:19:17,V010,86.0,1.066322859037657
2026-05-25,2026-05-25 11:19:18,V010,86.0,1.037193608598628
2026-05-25,2026-05-25 11:19:19,V010,86.0,1.0127107680086491
2026-05-25,2026-05-25 11:19:20,V010,85.0,1.008836351705813
2026-05-25,2026-05-25 11:19:21,V010,85.0,1.0024249206192337
2026-05-25,2026-05-25 11:19:22,V010,85.0,1.00079852753954
2026-05-25,2026-05-25 11:19:23,V010,84.0,0.9914849574433126
2026-05-25,2026-05-25 11:19:24,V010,84.0,1.022952384024511
2026-05-25,2026-05-25 11:19:25,V010,83.0,1.0011897541222892
2026-05-25,2026-05-25 11:19:26,V010,84.0,0.9972332376277865
2026-05-25,2026-05-25 11:19:27,V010,84.0,0.9940616177383866
2026-05-25,2026-05-25 11:19:28,V010,84.0,0.9936225274725597
2026-05-25,2026-05-25 11:19:29,V010,84.0,0.9936020209204911
2026-05-25,2026-05-25 11:19:30,V010,84.0,0.9931313315782125
2026-05-25,2026-05-25 11:19:31,V010,85.0,0.9929284839476626
2026-05-25,2026-05-25 11:19:32,V010,85.0,0.9982638056908034
2026-05-25,2026-05-25 11:19:33,V010,85.0,0.9979936655673626
2026-05-25,2026-05-25 11:19:34,V010,86.0,0.996921729631908
2026-05-25,2026-05-25 11:19:35,V010,86.0,0.9973567151644042
2026-05-25,2026-05-25 11:19:36,V010,86.0,0.9962119112793739
2026-05-25,2026-05-25 11:19:37,V010,86.0,0.9960575846872092
2026-05-25,2026-05-25 11:19:38,V010,87.0,0.9969896763884161
2026-05-25,2026-05-25 11:19:39,V010,87.0,0.9969569474708578
2026-05-25,2026-05-25 11:19:40,V010,87.0,0.9954896599628432
2026-05-25,2026-05-25 11:19:41,V010,87.0,0.9958059961292713
2026-05-25,2026-05-25 11:19:42,V010,87.0,0.9955571622275947
2026-05-25,2026-05-25 11:19:43,V010,87.0,0.9953009964117538
2026-05-25,2026-05-25 11:19:44,V010,87.0,0.9956117259036746
2026-05-25,2026-05-25 11:19:45,V010,87.0,0.9959098332988106
2026-05-25,2026-05-25 11:19:46,V010,87.0,0.996173078692538
2026-05-25,2026-05-25 11:19:47,V010,87.0,0.9954374493709564
2026-05-25,2026-05-25 11:19:48,V010,86.0,0.9953152581351388
2026-05-25,2026-05-25 11:19:49,V010,86.0,0.9954413407587933
2026-05-25,2026-05-25 11:19:50,V010,85.0,0.9952889254891167
2026-05-25,2026-05-25 11:19:51,V010,85.0,0.993736707668561
2026-05-25,2026-05-25 11:19:52,V010,83.0,1.0070970501478718
2026-05-25,2026-05-25 11:19:53,V010,81.0,1.0011434732899336
2026-05-25,2026-05-25 11:19:54,V010,80.0,1.0012573889078522
2026-05-25,2026-05-25 11:19:55,V010,79.0,1.0009833448929917
2026-05-25,2026-05-25 11:19:56,V010,79.0,1.0006793047365394
2026-05-25,2026-05-25 11:19:57,V010,78.0,1.0010435271787494
2026-05-25,2026-05-25 11:19:58,V010,77.0,1.000736310312836
2026-05-25,2026-05-25 11:19:59,V010,77.0,1.0003821734992127
2026-05-25,2026-05-25 11:20:00,V010,76.0,1.0003796791871997
2026-05-25,2026-05-25 11:20:01,V010,76.0,1.0001948996814942
2026-05-25,2026-05-25 11:20:02,V010,76.0,1.0010124330994168
2026-05-25,2026-05-25 11:20:03,V010,76.0,1.0008400615936452
2026-05-25,2026-05-25 11:20:04,V010,76.0,1.0001126409015964
2026-05-25,2026-05-25 11:20:05,V010,76.0,1.0005702602304456
2026-05-25,2026-05-25 11:20:06,V010,76.0,1.000557363392799
2026-05-25,2026-05-25 11:20:07,V010,76.0,1.0005745578775163
2026-05-25,2026-05-25 11:20:08,V010,76.0,1.0008783240730503
2026-05-25,2026-05-25 11:20:09,V010,76.0,1.0008585926691127
2026-05-25,2026-05-25 11:20:10,V010,76.0,1.0003187766605277
2026-05-25,2026-05-25 11:20:11,V010,76.0,1.000554744638265
2026-05-25,2026-05-25 11:20:12,V010,76.0,1.0006421667181462
2026-05-25,2026-05-25 11:20:13,V010,76.0,1.0003069315487996
2026-05-25,2026-05-25 11:20:14,V010,76.0,1.000542033923332
2026-05-25,2026-05-25 11:20:15,V010,76.0,0.9999226433287544
2026-05-25,2026-05-25 11:20:16,V010,76.0,1.0011206733474325
2026-05-25,2026-05-25 11:20:17,V010,76.0,1.0010062305287648
2026-05-25,2026-05-25 11:20:18,V010,76.0,1.000607709578114
2026-05-25,2026-05-25 11:20:19,V010,76.0,1.000600090307574
2026-05-25,2026-05-25 11:20:20,V010,76.0,1.0001324926909623
2026-05-25,2026-05-25 11:20:21,V010,76.0,1.0006108112419496
2026-05-25,2026-05-25 11:20:22,V010,76.0,1.0008936246317193
2026-05-25,2026-05-25 11:20:23,V010,76.0,0.9994525456303759
2026-05-25,2026-05-25 11:20:24,V010,76.0,1.0006575629168046
2026-05-25,2026-05-25 11:20:25,V010,76.0,1.0004011699698938
2026-05-25,2026-05-25 11:20:26,V010,76.0,1.0007114262337253
2026-05-25,2026-05-25 11:20:27,V010,76.0,1.0002811203363122
2026-05-25,2026-05-25 11:20:28,V010,76.0,1.0007641658263997
2026-05-25,2026-05-25 11:20:29,V010,76.0,1.0010225348889121
2026-05-25,2026-05-25 11:20:30,V010,,1.0009036168050611
2026-05-25,2026-05-25 11:20:31,V010,,1.0006610789856583
2026-05-25,2026-05-25 11:20:32,V010,,1.0005096151577861
2026-05-25,2026-05-25 11:20:33,V010,,1.0006227761246058
2026-05-25,2026-05-25 11:20:34,V010,,1.0003246437971156
2026-05-25,2026-05-25 11:20:35,V010,,1.0004195519875028
2026-05-25,2026-05-25 11:20:36,V010,,1.0005520535404104
2026-05-25,2026-05-25 11:20:37,V010,,1.0005642635944152
2026-05-25,2026-05-25 11:20:38,V010,,1.0000889439187384
2026-05-25,2026-05-25 11:20:39,V010,,1.0007608369642476
2026-05-25,2026-05-25 11:20:40,V010,,1.0006395997221071
2026-05-25,2026-05-25 11:20:41,V010,,1.0001680755520357
2026-05-25,2026-05-25 11:20:42,V010,,1.0006493206989022
2026-05-25,2026-05-25 11:20:43,V010,,0.999983260918106
2026-05-25,2026-05-25 11:20:44,V010,,1.0010062493180216
2026-05-25,2026-05-25 11:20:45,V010,,1.000485111041891
2026-05-25,2026-05-25 11:20:46,V010,,0.999967700982973
2026-05-25,2026-05-25 11:20:47,V010,,1.0000038182347415
2026-05-25,2026-05-25 11:20:48,V010,,1.0000675245348263
2026-05-25,2026-05-25 11:20:49,V010,,1.000177725767497
2026-05-25,2026-05-25 11:20:50,V010,,1.0001308388898478
2026-05-25,2026-05-25 11:20:51,V010,,0.9997193002757324
2026-05-25,2026-05-25 11:20:52,V010,,0.9995977927948628
2026-05-25,2026-05-25 11:20:53,V010,,1.0000799869095558
2026-05-25,2026-05-25 11:20:54,V010,,1.0001929746114542
2026-05-25,2026-05-25 11:20:55,V010,,0.9996460372597017
2026-05-25,2026-05-25 11:20:56,V010,,1.0000579353542873
2026-05-25,2026-05-25 11:20:57,V010,,0.9998292343330335
2026-05-25,2026-05-25 11:20:58,V010,,1.0001769082229064
2026-05-25,2026-05-25 11:20:59,V010,,1.0000450027713277
2026-05-25,2026-05-25 11:21:00,V010,,0.9997294460590213
2026-05-25,2026-05-25 11:21:01,V010,,1.001182048649822
2026-05-25,2026-05-25 11:21:02,V010,,1.0045341568228823
2026-05-25,2026-05-25 11:21:03,V010,,1.005422676536095
2026-05-25,2026-05-25 11:21:04,V010,,1.0079929332172783
2026-05-25,2026-05-25 11:21:05,V010,,1.0026943249160702
2026-05-25,2026-05-25 11:21:06,V010,,1.0075499299711914
2026-05-25,2026-05-25 11:21:07,V010,,0.9948653275153029
2026-05-25,2026-05-25 11:21:08,V010,,1.005452262268105
2026-05-25,2026-05-25 11:21:09,V010,,1.023785055335704
2026-05-25,2026-05-25 11:21:10,V010,,1.0423479167223875
2026-05-25,2026-05-25 11:21:11,V010,,1.0021686464207966
2026-05-25,2026-05-25 11:21:12,V010,,1.0427177580345588
2026-05-25,2026-05-25 11:21:13,V010,,1.0125460698694357
2026-05-25,2026-05-25 11:21:14,V010,76.0,1.0100937470349896
2026-05-25,2026-05-25 11:21:15,V010,76.0,1.02048834737767
2026-05-25,2026-05-25 11:21:16,V010,76.0,1.0205232737279808
2026-05-25,2026-05-25 11:21:17,V010,76.0,0.947365308934647
2026-05-25,2026-05-25 11:21:18,V010,76.0,0.967113550593582
2026-05-25,2026-05-25 11:21:19,V010,77.0,0.9734698788775024
2026-05-25,2026-05-25 11:21:20,V010,77.0,0.971396096099482
2026-05-25,2026-05-25 11:21:21,V010,77.0,0.9348291166052768
2026-05-25,2026-05-25 11:21:22,V010,78.0,1.4055568352891807
2026-05-25,2026-05-25 11:21:23,V010,78.0,1.0524470853647556
2026-05-25,2026-05-25 11:21:24,V010,79.0,1.0225355826605647
2026-05-25,2026-05-25 11:21:25,V010,79.0,1.0148409545995316
2026-05-25,2026-05-25 11:21:26,V010,79.0,0.9779163919672561
2026-05-25,2026-05-25 11:21:27,V010,80.0,1.077531614924293
2026-05-25,2026-05-25 11:21:28,V010,81.0,1.0234794312307973
2026-05-25,2026-05-25 11:21:29,V010,81.0,0.979783160862977
2026-05-25,2026-05-25 11:21:30,V010,82.0,1.0186372669131694
2026-05-25,2026-05-25 11:21:31,V010,82.0,1.0042153270456402
2026-05-25,2026-05-25 11:21:32,V010,82.0,1.0441391628993322
2026-05-25,2026-05-25 11:21:33,V010,83.0,1.1385517594393797
2026-05-25,2026-05-25 11:21:34,V010,83.0,0.9978112679768769
2026-05-25,2026-05-25 11:21:35,V010,83.0,1.0635490145372268
2026-05-25,2026-05-25 11:21:36,V010,83.0,0.9939929686532339
2026-05-25,2026-05-25 11:21:37,V010,84.0,0.9952581058849524
2026-05-25,2026-05-25 11:21:38,V010,84.0,0.9917412252444785
2026-05-25,2026-05-25 11:21:39,V010,84.0,1.000641804952289
2026-05-25,2026-05-25 11:21:40,V010,84.0,0.9772447584889076
2026-05-25,2026-05-25 11:21:41,V010,84.0,1.0067919072505764
2026-05-25,2026-05-25 11:21:42,V010,84.0,0.9837552595097674
2026-05-25,2026-05-25 11:21:43,V010,84.0,1.0209779787527553
2026-05-25,2026-05-25 11:21:44,V010,85.0,0.9830851327546846
2026-05-25,2026-05-25 11:21:45,V010,85.0,1.0147931548162235
2026-05-25,2026-05-25 11:21:46,V010,85.0,1.0282422256033912
2026-05-25,2026-05-25 11:21:47,V010,86.0,1.0009026223643933
2026-05-25,2026-05-25 11:21:48,V010,86.0,0.9968448050739717
2026-05-25,2026-05-25 11:21:49,V010,87.0,1.0260391667621127
2026-05-25,2026-05-25 11:21:50,V010,87.0,1.0007232530047303
2026-05-25,2026-05-25 11:21:51,V010,88.0,0.9890324377911002
2026-05-25,2026-05-25 11:21:52,V010,88.0,1.0191760512566563
2026-05-25,2026-05-25 11:21:53,V010,89.0,1.018129572938662
2026-05-25,2026-05-25 11:21:54,V010,89.0,0.9684817835637288
2026-05-25,2026-05-25 11:21:55,V010,89.0,1.0312344331176593
2026-05-25,2026-05-25 11:21:56,V010,89.0,1.0003053247410842
2026-05-25,2026-05-25 11:21:57,V010,89.0,0.9906176307914408
2026-05-25,2026-05-25 11:21:58,V010,88.0,1.0067166357830641
2026-05-25,2026-05-25 11:21:59,V010,88.0,0.9920636681863058
2026-05-25,2026-05-25 11:22:00,V010,88.0,0.9862050142222045
2026-05-25,2026-05-25 11:22:01,V010,87.0,0.9985283933748765
2026-05-25,2026-05-25 11:22:02,V010,87.0,1.002254566578545
2026-05-25,2026-05-25 11:22:03,V010,86.0,0.9955852566323239
2026-05-25,2026-05-25 11:22:04,V010,85.0,1.0226164524519517
2026-05-25,2026-05-25 11:22:05,V010,85.0,0.9950960411243821
2026-05-25,2026-05-25 11:22:06,V010,85.0,1.0382949296920687
2026-05-25,2026-05-25 11:22:07,V010,85.0,1.0158512891510822
2026-05-25,2026-05-25 11:22:08,V010,84.0,1.0091424461580891
2026-05-25,2026-05-25 11:22:09,V010,84.0,0.9962801439184982
2026-05-25,2026-05-25 11:22:10,V010,84.0,1.0304517143251741
2026-05-25,2026-05-25 11:22:11,V010,84.0,0.9723588747850819
2026-05-25,2026-05-25 11:22:12,V010,84.0,0.9920445620845939
2026-05-25,2026-05-25 11:22:13,V010,84.0,1.0204690262714302
2026-05-25,2026-05-25 11:22:14,V010,84.0,1.0297589568771528
2026-05-25,2026-05-25 11:22:15,V010,85.0,1.1166574400356628
2026-05-25,2026-05-25 11:22:16,V010,85.0,1.037892639673315
2026-05-25,2026-05-25 11:22:17,V010,85.0,0.9782274574951836
2026-05-25,2026-05-25 11:22:18,V010,85.0,1.015075985855723
2026-05-25,2026-05-25 11:22:19,V010,86.0,1.007961503794802
2026-05-25,2026-05-25 11:22:20,V010,86.0,1.0004189513244734
2026-05-25,2026-05-25 11:22:21,V010,86.0,0.9675661057743773
2026-05-25,2026-05-25 11:22:22,V010,87.0,1.050483940797832
2026-05-25,2026-05-25 11:22:23,V010,87.0,1.0706973677609364
2026-05-25,2026-05-25 11:22:24,V010,87.0,0.9305439840686602
2026-05-25,2026-05-25 11:22:25,V010,87.0,1.0690775351097535
2026-05-25,2026-05-25 11:22:26,V010,87.0,1.0400066744678278
2026-05-25,2026-05-25 11:22:27,V010,87.0,1.1037938596488626
2026-05-25,2026-05-25 11:22:28,V010,87.0,0.9801082588028196
2026-05-25,2026-05-25 11:22:29,V010,88.0,1.0290196913061822
2026-05-25,2026-05-25 11:22:30,V010,88.0,1.0292761452532937
2026-05-25,2026-05-25 11:22:31,V010,88.0,0.9776111636974788
2026-05-25,2026-05-25 11:22:32,V010,89.0,1.00315114262405
2026-05-25,2026-05-25 11:22:33,V010,89.0,1.078430459431731
2026-05-25,2026-05-25 11:22:34,V010,89.0,0.9820620734660828
2026-05-25,2026-05-25 11:22:35,V010,89.0,0.9663877429864834
2026-05-25,2026-05-25 11:22:36,V010,88.0,1.0926924765547525
2026-05-25,2026-05-25 11:22:37,V010,87.0,1.0638871654675637
2026-05-25,2026-05-25 11:22:38,V010,86.0,1.0737715590165344
2026-05-25,2026-05-25 11:22:39,V010,86.0,0.9885823944348998
2026-05-25,2026-05-25 11:22:40,V010,86.0,1.0130312226868423
2026-05-25,2026-05-25 11:22:41,V010,86.0,1.023490828715997
2026-05-25,2026-05-25 11:22:42,V010,86.0,0.9401108707437902
2026-05-25,2026-05-25 11:22:43,V010,87.0,0.9975036506805307
2026-05-25,2026-05-25 11:22:44,V010,87.0,1.012718208510163
2026-05-25,2026-05-25 11:22:45,V010,87.0,1.0397451935859485
2026-05-25,2026-05-25 11:22:46,V010,88.0,1.1095749248905107
2026-05-25,2026-05-25 11:22:47,V010,88.0,1.0109340395272561
2026-05-25,2026-05-25 11:22:48,V010,88.0,1.009180492330171
2026-05-25,2026-05-25 11:22:49,V010,88.0,1.0209127045257949
2026-05-25,2026-05-25 11:22:50,V010,88.0,0.994613785197868
2026-05-25,2026-05-25 11:22:51,V010,89.0,0.99705414371814
2026-05-25,2026-05-25 11:22:52,V010,89.0,0.9899241359720977
2026-05-25,2026-05-25 11:22:53,V010,89.0,1.0228476447218144
2026-05-25,2026-05-25 11:22:54,V010,90.0,1.075199282250882
2026-05-25,2026-05-25 11:22:55,V010,90.0,1.068316158100133
2026-05-25,2026-05-25 11:22:56,V010,91.0,1.0380837214783236
2026-05-25,2026-05-25 11:22:57,V010,92.0,1.108678218627969
2026-05-25,2026-05-25 11:22:58,V010,93.0,1.0406981591412676
2026-05-25,2026-05-25 11:22:59,V010,94.0,1.0339610906716685
2026-05-25,2026-05-25 11:23:00,V010,95.0,1.0382822995789713
2026-05-25,2026-05-25 11:23:01,V010,96.0,1.0421722789166292
2026-05-25,2026-05-25 11:23:02,V010,96.0,1.0542215120648843
2026-05-25,2026-05-25 11:23:03,V010,96.0,1.014144667288788
2026-05-25,2026-05-25 11:23:04,V010,96.0,1.0151653840871695
2026-05-25,2026-05-25 11:23:05,V010,96.0,1.004862672894659
2026-05-25,2026-05-25 11:23:06,V010,96.0,1.070033984333461
2026-05-25,2026-05-25 11:23:07,V010,96.0,1.1188097738435447
2026-05-25,2026-05-25 11:23:08,V010,96.0,1.0345493395033194
2026-05-25,2026-05-25 11:23:09,V010,96.0,0.9957202967882273
2026-05-25,2026-05-25 11:23:10,V010,96.0,1.0105072306679121
2026-05-25,2026-05-25 11:23:11,V010,96.0,0.9620638692924176
2026-05-25,2026-05-25 11:23:12,V010,96.0,1.000276848614673
2026-05-25,2026-05-25 11:23:13,V010,96.0,1.0901355830072545
2026-05-25,2026-05-25 11:23:14,V010,96.0,1.0138177444185916
2026-05-25,2026-05-25 11:23:15,V010,96.0,1.0510068264800778
2026-05-25,2026-05-25 11:23:16,V010,96.0,1.10243168342762
2026-05-25,2026-05-25 11:23:17,V010,96.0,1.1230501694353499
2026-05-25,2026-05-25 11:23:18,V010,96.0,1.0082397205860496
2026-05-25,2026-05-25 11:23:19,V010,96.0,0.9927755940655413
2026-05-25,2026-05-25 11:23:20,V010,97.0,1.0134130949917717
2026-05-25,2026-05-25 11:23:21,V010,97.0,1.0339785006661806
2026-05-25,2026-05-25 11:23:22,V010,97.0,1.009020064275561
2026-05-25,2026-05-25 11:23:23,V010,97.0,0.993253763106248
2026-05-25,2026-05-25 11:23:24,V010,98.0,0.9915623197014909
2026-05-25,2026-05-25 11:23:25,V010,98.0,1.0242297063173387
2026-05-25,2026-05-25 11:23:26,V010,98.0,1.0242542557063183
2026-05-25,2026-05-25 11:23:27,V010,98.0,1.032254369094109
2026-05-25,2026-05-25 11:23:28,V010,98.0,1.0175282481390502
2026-05-25,2026-05-25 11:23:29,V010,99.0,0.9785373647058241
2026-05-25,2026-05-25 11:23:30,V010,99.0,1.0246974967001785
2026-05-25,2026-05-25 11:23:31,V010,100.0,1.046070434899858
2026-05-25,2026-05-25 11:23:32,V010,101.0,1.028134267907648
2026-05-25,2026-05-25 11:23:33,V010,102.0,1.0039321008600393
2026-05-25,2026-05-25 11:23:34,V010,102.0,1.0124816416246007
2026-05-25,2026-05-25 11:23:35,V010,102.0,0.9881957696447671
2026-05-25,2026-05-25 11:23:36,V010,102.0,1.0065998406659034
2026-05-25,2026-05-25 11:23:37,V010,102.0,1.0288549614958398
2026-05-25,2026-05-25 11:23:38,V010,102.0,1.02500513347763
2026-05-25,2026-05-25 11:23:39,V010,102.0,1.0062475537957825
2026-05-25,2026-05-25 11:23:40,V010,102.0,1.0701734160420686
2026-05-25,2026-05-25 11:23:41,V010,102.0,1.0123516984786536
2026-05-25,2026-05-25 11:23:42,V010,102.0,0.9911729733939761
2026-05-25,2026-05-25 11:23:43,V010,102.0,0.9734237323249038
2026-05-25,2026-05-25 11:23:44,V010,102.0,1.0002684503154111
2026-05-25,2026-05-25 11:23:45,V010,102.0,1.0521792436807909
2026-05-25,2026-05-25 11:23:46,V010,102.0,0.9821519470617338
2026-05-25,2026-05-25 11:23:47,V010,102.0,0.9903183641881167
2026-05-25,2026-05-25 11:23:48,V010,102.0,1.0344355321594672
2026-05-25,2026-05-25 11:23:49,V010,102.0,1.1398303335301094
2026-05-25,2026-05-25 11:23:50,V010,102.0,1.064821881006349
2026-05-25,2026-05-25 11:23:51,V010,101.0,1.0329728936037101
2026-05-25,2026-05-25 11:23:52,V010,102.0,1.0457061902407794
2026-05-25,2026-05-25 11:23:53,V010,102.0,1.0512711314481717
2026-05-25,2026-05-25 11:23:54,V010,102.0,1.0362591006216362
2026-05-25,2026-05-25 11:23:55,V010,103.0,1.0295190171513111
2026-05-25,2026-05-25 11:23:56,V010,103.0,1.0048754928435437
2026-05-25,2026-05-25 11:23:57,V010,103.0,1.009279704226416
2026-05-25,2026-05-25 11:23:58,V010,103.0,1.0052415424860452
2026-05-25,2026-05-25 11:23:59,V010,103.0,1.024696273359678
2026-05-25,2026-05-25 11:24:00,V010,103.0,1.0347104818473922
2026-05-25,2026-05-25 11:24:01,V010,103.0,1.0215117255058148
2026-05-25,2026-05-25 11:24:02,V010,103.0,1.0306627306588019
2026-05-25,2026-05-25 11:24:03,V010,103.0,0.9720932727587462
2026-05-25,2026-05-25 11:24:04,V010,103.0,1.008583757097691
2026-05-25,2026-05-25 11:24:05,V010,103.0,1.0389659706743095
2026-05-25,2026-05-25 11:24:06,V010,103.0,1.0422106614666402
2026-05-25,2026-05-25 11:24:07,V010,103.0,1.044708205523122
2026-05-25,2026-05-25 11:24:08,V010,103.0,1.007763181441872
2026-05-25,2026-05-25 11:24:09,V010,103.0,1.028737845606303
2026-05-25,2026-05-25 11:24:10,V010,103.0,0.9787398670272257
2026-05-25,2026-05-25 11:24:11,V010,103.0,1.0040261598589533
2026-05-25,2026-05-25 11:24:12,V010,103.0,1.0319178789803245
2026-05-25,2026-05-25 11:24:13,V010,103.0,1.0650338292359653
2026-05-25,2026-05-25 11:24:14,V010,103.0,1.039169047356632
2026-05-25,2026-05-25 11:24:15,V010,103.0,1.0148465480365183
2026-05-25,2026-05-25 11:24:16,V010,103.0,0.9764459129655514
2026-05-25,2026-05-25 11:24:17,V010,103.0,1.0308649041470561
2026-05-25,2026-05-25 11:24:18,V010,103.0,1.0608091381144875
2026-05-25,2026-05-25 11:24:19,V010,103.0,1.0469056928880294
2026-05-25,2026-05-25 11:24:20,V010,103.0,0.9701581408229485
2026-05-25,2026-05-25 11:24:21,V010,103.0,1.0060322612554193
2026-05-25,2026-05-25 11:24:22,V010,103.0,1.0333217943284196
2026-05-25,2026-05-25 11:24:23,V010,102.0,1.018744911389492
2026-05-25,2026-05-25 11:24:24,V010,102.0,1.017239202668132
2026-05-25,2026-05-25 11:24:25,V010,102.0,0.9980848212709226
2026-05-25,2026-05-25 11:24:26,V010,102.0,1.026881885807407
2026-05-25,2026-05-25 11:24:27,V010,102.0,1.0177285751696767
2026-05-25,2026-05-25 11:24:28,V010,102.0,1.030095792623149
2026-05-25,2026-05-25 11:24:29,V010,102.0,1.0422100088067563
2026-05-25,2026-05-25 11:24:30,V010,102.0,1.0450167251923939
2026-05-25,2026-05-25 11:24:31,V010,102.0,1.032495569542452
2026-05-25,2026-05-25 11:24:32,V010,103.0,1.0239231652521896
2026-05-25,2026-05-25 11:24:33,V010,103.0,1.0109992797951635
2026-05-25,2026-05-25 11:24:34,V010,103.0,0.9961183114251316
2026-05-25,2026-05-25 11:24:35,V010,103.0,1.0165417463174407
2026-05-25,2026-05-25 11:24:36,V010,103.0,1.0271063627088548
2026-05-25,2026-05-25 11:24:37,V010,103.0,1.024835886395747
2026-05-25,2026-05-25 11:24:38,V010,102.0,1.0416676465692212
2026-05-25,2026-05-25 11:24:39,V010,102.0,1.0388630194422748
2026-05-25,2026-05-25 11:24:40,V010,102.0,1.0407283264075615
2026-05-25,2026-05-25 11:24:41,V010,102.0,1.0484985875430097
2026-05-25,2026-05-25 11:24:42,V010,101.0,1.0646505642491997
2026-05-25,2026-05-25 11:24:43,V010,101.0,1.0474191797388053
2026-05-25,2026-05-25 11:24:44,V010,101.0,1.0847341667892336
2026-05-25,2026-05-25 11:24:45,V010,101.0,1.0622000116410906
2026-05-25,2026-05-25 11:24:46,V010,101.0,1.069394653958632
2026-05-25,2026-05-25 11:24:47,V010,101.0,1.037872338960504
2026-05-25,2026-05-25 11:24:48,V010,101.0,1.2312358339024851
2026-05-25,2026-05-25 11:24:49,V010,101.0,0.9997211225898228
2026-05-25,2026-05-25 11:24:50,V010,101.0,1.0412778165974221
2026-05-25,2026-05-25 11:24:51,V010,101.0,1.011594975988527
2026-05-25,2026-05-25 11:24:52,V010,101.0,1.0385917556519777
2026-05-25,2026-05-25 11:24:53,V010,101.0,1.0306438154823276
2026-05-25,2026-05-25 11:24:54,V010,100.0,1.0983186443085469
2026-05-25,2026-05-25 11:24:55,V010,100.0,1.0985713660904775
2026-05-25,2026-05-25 11:24:56,V010,99.0,1.1017428893609467
2026-05-25,2026-05-25 11:24:57,V010,99.0,1.094749446384673
2026-05-25,2026-05-25 11:24:58,V010,97.0,1.0556201887441186
2026-05-25,2026-05-25 11:24:59,V010,95.0,1.0519105673917106
2026-05-25,2026-05-25 11:25:00,V010,94.0,1.0402340570366666
2026-05-25,2026-05-25 11:25:01,V010,93.0,1.0412643460863766
2026-05-25,2026-05-25 11:25:02,V010,92.0,1.0568376232907504
2026-05-25,2026-05-25 11:25:03,V010,92.0,1.0723357532072533
2026-05-25,2026-05-25 11:25:04,V010,92.0,1.0898475174070235
2026-05-25,2026-05-25 11:25:05,V010,92.0,1.0568582499984003
2026-05-25,2026-05-25 11:25:06,V010,92.0,1.1628048936379232
2026-05-25,2026-05-25 11:25:07,V010,92.0,1.0711283944813443
2026-05-25,2026-05-25 11:25:08,V010,92.0,1.073685854357485
2026-05-25,2026-05-25 11:25:09,V010,93.0,1.0361731611279759
2026-05-25,2026-05-25 11:25:10,V010,93.0,1.0295279425258597
2026-05-25,2026-05-25 11:25:11,V010,93.0,1.0624123500665004
2026-05-25,2026-05-25 11:25:12,V010,93.0,1.0582803044721685
2026-05-25,2026-05-25 11:25:13,V010,94.0,1.041547208319518
2026-05-25,2026-05-25 11:25:14,V010,94.0,1.0461453817231479
2026-05-25,2026-05-25 11:25:15,V010,94.0,1.0567559158773523
2026-05-25,2026-05-25 11:25:16,V010,94.0,1.058404542791826
2026-05-25,2026-05-25 11:25:17,V010,94.0,1.0666425010918275
2026-05-25,2026-05-25 11:25:18,V010,94.0,1.037829550039885
2026-05-25,2026-05-25 11:25:19,V010,94.0,1.061908758927985
2026-05-25,2026-05-25 11:25:20,V010,95.0,1.0398284658901302
2026-05-25,2026-05-25 11:25:21,V010,95.0,1.0495177348872704
2026-05-25,2026-05-25 11:25:22,V010,95.0,1.0711292624346413
2026-05-25,2026-05-25 11:25:23,V010,95.0,1.0456457856651564
2026-05-25,2026-05-25 11:25:24,V010,95.0,1.0739740498970007
2026-05-25,2026-05-25 11:25:25,V010,95.0,1.0446114468498853
2026-05-25,2026-05-25 11:25:26,V010,95.0,1.040047900070235
2026-05-25,2026-05-25 11:25:27,V010,95.0,1.0048917654359564
2026-05-25,2026-05-25 11:25:28,V010,95.0,1.0349135231803264
2026-05-25,2026-05-25 11:25:29,V010,95.0,1.0644490022808137
2026-05-25,2026-05-25 11:25:30,V010,96.0,1.0633585338867346
2026-05-25,2026-05-25 11:25:31,V010,96.0,1.042333767611952
2026-05-25,2026-05-25 11:25:32,V010,96.0,1.0712141616415531
2026-05-25,2026-05-25 11:25:33,V010,96.0,1.0505215289591137
2026-05-25,2026-05-25 11:25:34,V010,96.0,1.0446657042986265
2026-05-25,2026-05-25 11:25:35,V010,96.0,1.0346084097756982
2026-05-25,2026-05-25 11:25:36,V010,96.0,1.0563894346051317
2026-05-25,2026-05-25 11:25:37,V010,96.0,1.0587046359693673
2026-05-25,2026-05-25 11:25:38,V010,96.0,1.0663981989205888
2026-05-25,2026-05-25 11:25:39,V010,96.0,1.041104006050322
2026-05-25,2026-05-25 11:25:40,V010,96.0,1.0146210200305177
2026-05-25,2026-05-25 11:25:41,V010,96.0,1.07266201755135
2026-05-25,2026-05-25 11:25:42,V010,96.0,1.054778297943663
2026-05-25,2026-05-25 11:25:43,V010,96.0,1.0381439687238363
2026-05-25,2026-05-25 11:25:44,V010,96.0,1.030032845144391
2026-05-25,2026-05-25 11:25:45,V010,96.0,1.0387986188343763
2026-05-25,2026-05-25 11:25:46,V010,96.0,1.0521270856802978
2026-05-25,2026-05-25 11:25:47,V010,97.0,1.0364098959583055
2026-05-25,2026-05-25 11:25:48,V010,97.0,1.0490822464627967
2026-05-25,2026-05-25 11:25:49,V010,97.0,1.0340790416403742
2026-05-25,2026-05-25 11:25:50,V010,97.0,1.0427232174112397
2026-05-25,2026-05-25 11:25:51,V010,97.0,1.0660706198282026
2026-05-25,2026-05-25 11:25:52,V010,98.0,1.0527148131561301
2026-05-25,2026-05-25 11:25:53,V010,98.0,1.0684493138370867
2026-05-25,2026-05-25 11:25:54,V010,98.0,1.0488039371200715
2026-05-25,2026-05-25 11:25:55,V010,98.0,1.0265896219835928
2026-05-25,2026-05-25 11:25:56,V010,98.0,1.0313344759270693
2026-05-25,2026-05-25 11:25:57,V010,98.0,1.046637096376563
2026-05-25,2026-05-25 11:25:58,V010,98.0,1.049044505484537
2026-05-25,2026-05-25 11:25:59,V010,98.0,1.0759396816447375
2026-05-25,2026-05-25 11:26:00,V010,98.0,1.1040411193916562
2026-05-25,2026-05-25 11:26:01,V010,98.0,1.0570567469767767
2026-05-25,2026-05-25 11:26:02,V010,98.0,1.0525595717336846
2026-05-25,2026-05-25 11:26:03,V010,99.0,1.0351003923607347
2026-05-25,2026-05-25 11:26:04,V010,99.0,1.0560650602625279
2026-05-25,2026-05-25 11:26:05,V010,99.0,1.055909808675584
2026-05-25,2026-05-25 11:26:06,V010,99.0,1.0235571043170726
2026-05-25,2026-05-25 11:26:07,V010,99.0,1.0846748653275764
2026-05-25,2026-05-25 11:26:08,V010,100.0,1.0481414203965271
2026-05-25,2026-05-25 11:26:09,V010,100.0,1.0463058439612292
2026-05-25,2026-05-25 11:26:10,V010,100.0,1.0511955780111288
2026-05-25,2026-05-25 11:26:11,V010,100.0,1.0660030786347612
2026-05-25,2026-05-25 11:26:12,V010,100.0,1.0177870401238516
2026-05-25,2026-05-25 11:26:13,V010,100.0,1.0320435053883288
2026-05-25,2026-05-25 11:26:14,V010,101.0,1.0453085675608431
2026-05-25,2026-05-25 11:26:15,V010,101.0,1.0627714074481647
2026-05-25,2026-05-25 11:26:16,V010,101.0,1.0477289067611604
2026-05-25,2026-05-25 11:26:17,V010,101.0,1.042394434243654
2026-05-25,2026-05-25 11:26:18,V010,102.0,1.0438471501642552
2026-05-25,2026-05-25 11:26:19,V010,102.0,1.0379336545150692
2026-05-25,2026-05-25 11:26:20,V010,102.0,1.0532972267236518
2026-05-25,2026-05-25 11:26:21,V010,102.0,1.0443144541251588
2026-05-25,2026-05-25 11:26:22,V010,102.0,1.0337712377376453
2026-05-25,2026-05-25 11:26:23,V010,102.0,1.0313960243674236
2026-05-25,2026-05-25 11:26:24,V010,102.0,1.0353899955831407
2026-05-25,2026-05-25 11:26:25,V010,102.0,1.0457307171572625
2026-05-25,2026-05-25 11:26:26,V010,102.0,1.0401068974392593
2026-05-25,2026-05-25 11:26:27,V010,101.0,1.056189137030668
2026-05-25,2026-05-25 11:26:28,V010,101.0,1.0855152807130994
2026-05-25,2026-05-25 11:26:29,V010,101.0,1.029742457123485
2026-05-25,2026-05-25 11:26:30,V010,100.0,1.050995216642271
2026-05-25,2026-05-25 11:26:31,V010,100.0,1.0359178567103708
2026-05-25,2026-05-25 11:26:32,V010,100.0,1.0771237263998252
2026-05-25,2026-05-25 11:26:33,V010,100.0,1.035499033734173
2026-05-25,2026-05-25 11:26:34,V010,100.0,1.029742637701393
2026-05-25,2026-05-25 11:26:35,V010,100.0,1.0516521663395881
2026-05-25,2026-05-25 11:26:36,V010,100.0,1.04897216736215
2026-05-25,2026-05-25 11:26:37,V010,100.0,1.0562196729948523
2026-05-25,2026-05-25 11:26:38,V010,100.0,1.0449527946724266
2026-05-25,2026-05-25 11:26:39,V010,100.0,1.0483561962031385
2026-05-25,2026-05-25 11:26:40,V010,100.0,1.0774754988953599
2026-05-25,2026-05-25 11:26:41,V010,100.0,1.0331979372520674
2026-05-25,2026-05-25 11:26:42,V010,100.0,1.015924093805996
2026-05-25,2026-05-25 11:26:43,V010,100.0,1.0267247572107099
2026-05-25,2026-05-25 11:26:44,V010,100.0,1.0732554007313793
2026-05-25,2026-05-25 11:26:45,V010,100.0,1.046113334064964
2026-05-25,2026-05-25 11:26:46,V010,101.0,1.0612287800878741
2026-05-25,2026-05-25 11:26:47,V010,101.0,1.0727135717699876
2026-05-25,2026-05-25 11:26:48,V010,101.0,1.0462705026407344
2026-05-25,2026-05-25 11:26:49,V010,101.0,0.9982284896067029
2026-05-25,2026-05-25 11:26:50,V010,101.0,1.0360421659952894
2026-05-25,2026-05-25 11:26:51,V010,101.0,1.0761760561527562
2026-05-25,2026-05-25 11:26:52,V010,102.0,1.0891123872350916
2026-05-25,2026-05-25 11:26:53,V010,102.0,1.061841450608229
2026-05-25,2026-05-25 11:26:54,V010,102.0,1.0318586589420464
2026-05-25,2026-05-25 11:26:55,V010,102.0,1.0562974622285346
2026-05-25,2026-05-25 11:26:56,V010,102.0,1.0456425486115222
2026-05-25,2026-05-25 11:26:57,V010,102.0,1.0495991194004162
2026-05-25,2026-05-25 11:26:58,V010,102.0,1.0651507653206134
2026-05-25,2026-05-25 11:26:59,V010,102.0,1.046608419328779
2026-05-25,2026-05-25 11:27:00,V010,102.0,1.0232355661554122
2026-05-25,2026-05-25 11:27:01,V010,102.0,1.0234426322339276
2026-05-25,2026-05-25 11:27:02,V010,102.0,1.033949233580596
2026-05-25,2026-05-25 11:27:03,V010,102.0,1.0882015429885614
2026-05-25,2026-05-25 11:27:04,V010,103.0,1.0726243314776402
2026-05-25,2026-05-25 11:27:05,V010,103.0,1.0479773191093202
2026-05-25,2026-05-25 11:27:06,V010,103.0,1.0610539766128582
2026-05-25,2026-05-25 11:27:07,V010,103.0,1.0662657544314285
2026-05-25,2026-05-25 11:27:08,V010,103.0,1.0499672817316508
2026-05-25,2026-05-25 11:27:09,V010,103.0,1.0543929559742147
2026-05-25,2026-05-25 11:27:10,V010,103.0,1.0457185333925538
2026-05-25,2026-05-25 11:27:11,V010,104.0,1.0453933579871184
2026-05-25,2026-05-25 11:27:12,V010,104.0,1.0631487359483294
2026-05-25,2026-05-25 11:27:13,V010,104.0,1.085618302540439
2026-05-25,2026-05-25 11:27:14,V010,104.0,1.0608580476474052
2026-05-25,2026-05-25 11:27:15,V010,104.0,1.0384087650597535
2026-05-25,2026-05-25 11:27:16,V010,104.0,1.17073087427884
2026-05-25,2026-05-25 11:27:17,V010,104.0,1.0544581150230852
2026-05-25,2026-05-25 11:27:18,V010,104.0,1.0851788650179417
2026-05-25,2026-05-25 11:27:19,V010,104.0,1.0871188666528233
2026-05-25,2026-05-25 11:27:20,V010,103.0,1.0583859165303684
2026-05-25,2026-05-25 11:27:21,V010,103.0,1.0602816826662393
2026-05-25,2026-05-25 11:27:22,V010,103.0,1.025151201943311
2026-05-25,2026-05-25 11:27:23,V010,103.0,1.0426592088326816
2026-05-25,2026-05-25 11:27:24,V010,103.0,1.0526379648032214
2026-05-25,2026-05-25 11:27:25,V010,103.0,1.04377434246572
2026-05-25,2026-05-25 11:27:26,V010,102.0,1.055261662403448
2026-05-25,2026-05-25 11:27:27,V010,101.0,1.0375730171441921
2026-05-25,2026-05-25 11:27:28,V010,101.0,1.0309210676225633
2026-05-25,2026-05-25 11:27:29,V010,101.0,1.0363855249874725
2026-05-25,2026-05-25 11:27:30,V010,101.0,1.0422417733240557
2026-05-25,2026-05-25 11:27:31,V010,101.0,1.0399897023435702
2026-05-25,2026-05-25 11:27:32,V010,100.0,1.0339922377970503
2026-05-25,2026-05-25 11:27:33,V010,100.0,1.0643526519680169
2026-05-25,2026-05-25 11:27:34,V010,100.0,1.029279713097821
2026-05-25,2026-05-25 11:27:35,V010,100.0,1.0615942797622449
2026-05-25,2026-05-25 11:27:36,V010,100.0,1.0881686596645066
2026-05-25,2026-05-25 11:27:37,V010,100.0,1.0750057836917775
2026-05-25,2026-05-25 11:27:38,V010,100.0,1.070363317786722
2026-05-25,2026-05-25 11:27:39,V010,100.0,1.040428386339046
2026-05-25,2026-05-25 11:27:40,V010,99.0,1.067851031223373
2026-05-25,2026-05-25 11:27:41,V010,99.0,1.067112606594385
2026-05-25,2026-05-25 11:27:42,V010,99.0,1.054187357541684
2026-05-25,2026-05-25 11:27:43,V010,99.0,1.03810657055641
2026-05-25,2026-05-25 11:27:44,V010,99.0,1.0472166732294923
2026-05-25,2026-05-25 11:27:45,V010,99.0,1.0143055677470887
2026-05-25,2026-05-25 11:27:46,V010,99.0,1.053538141909968
2026-05-25,2026-05-25 11:27:47,V010,99.0,1.0410137370799226
2026-05-25,2026-05-25 11:27:48,V010,99.0,1.0511904423476353
2026-05-25,2026-05-25 11:27:49,V010,100.0,1.0528368011401767
2026-05-25,2026-05-25 11:27:50,V010,100.0,1.0840390828321913
2026-05-25,2026-05-25 11:27:51,V010,100.0,1.1396975180707496
2026-05-25,2026-05-25 11:27:52,V010,101.0,1.0858898769244827
2026-05-25,2026-05-25 11:27:53,V010,101.0,1.03905677085081
2026-05-25,2026-05-25 11:27:54,V010,102.0,1.0461750933906793
2026-05-25,2026-05-25 11:27:55,V010,102.0,1.0325077565646714
2026-05-25,2026-05-25 11:27:56,V010,103.0,1.0725649175312448
2026-05-25,2026-05-25 11:27:57,V010,103.0,1.051140913046028
2026-05-25,2026-05-25 11:27:58,V010,103.0,1.043822937811896
2026-05-25,2026-05-25 11:27:59,V010,103.0,1.0265612119823357
2026-05-25,2026-05-25 11:28:00,V010,104.0,1.0558712797555876
2026-05-25,2026-05-25 11:28:01,V010,104.0,1.049410276909036
2026-05-25,2026-05-25 11:28:02,V010,105.0,1.003006382606059
2026-05-25,2026-05-25 11:28:03,V010,105.0,1.0468799170791712
2026-05-25,2026-05-25 11:28:04,V010,106.0,0.9911787049227214
2026-05-25,2026-05-25 11:28:05,V010,106.0,0.9864345809844614
2026-05-25,2026-05-25 11:28:06,V010,106.0,1.033134053138502
2026-05-25,2026-05-25 11:28:07,V010,107.0,0.9984181245589869
2026-05-25,2026-05-25 11:28:08,V010,107.0,0.9852052392890297
2026-05-25,2026-05-25 11:28:09,V010,107.0,0.9911106473820551
2026-05-25,2026-05-25 11:28:10,V010,108.0,1.0102069954620965
2026-05-25,2026-05-25 11:28:11,V010,108.0,0.982162949462907
2026-05-25,2026-05-25 11:28:12,V010,109.0,1.0196205877767495
2026-05-25,2026-05-25 11:28:13,V010,110.0,1.0404003306867458
2026-05-25,2026-05-25 11:28:14,V010,110.0,0.9422901013860175
2026-05-25,2026-05-25 11:28:15,V010,111.0,0.9980690336214562
2026-05-25,2026-05-25 11:28:16,V010,110.0,1.0080673720950175
2026-05-25,2026-05-25 11:28:17,V010,110.0,0.9768070529161232
2026-05-25,2026-05-25 11:28:18,V010,110.0,1.0048918985134956
2026-05-25,2026-05-25 11:28:19,V010,110.0,0.9915933059657419
2026-05-25,2026-05-25 11:28:20,V010,110.0,0.9737408631696847
2026-05-25,2026-05-25 11:28:21,V010,110.0,1.0327039706425643
2026-05-25,2026-05-25 11:28:22,V010,110.0,0.9955981663298706
2026-05-25,2026-05-25 11:28:23,V010,110.0,0.9929530969345148
2026-05-25,2026-05-25 11:28:24,V010,110.0,0.9880877246318233
2026-05-25,2026-05-25 11:28:25,V010,110.0,0.9944208448185441
2026-05-25,2026-05-25 11:28:26,V010,110.0,1.0125702336822997
2026-05-25,2026-05-25 11:28:27,V010,110.0,1.0083792140709529
2026-05-25,2026-05-25 11:28:28,V010,109.0,1.0150644482916378
2026-05-25,2026-05-25 11:28:29,V010,109.0,0.9802414048992025
2026-05-25,2026-05-25 11:28:30,V010,108.0,1.0611779863862685
2026-05-25,2026-05-25 11:28:31,V010,107.0,1.0701223831816098
2026-05-25,2026-05-25 11:28:32,V010,108.0,1.0190431298696003
2026-05-25,2026-05-25 11:28:33,V010,108.0,1.032034914686871
2026-05-25,2026-05-25 11:28:34,V010,108.0,0.9576490288009026
2026-05-25,2026-05-25 11:28:35,V010,108.0,1.0197270313750058
2026-05-25,2026-05-25 11:28:36,V010,108.0,1.004577461324863
2026-05-25,2026-05-25 11:28:37,V010,108.0,1.0178471224783143
2026-05-25,2026-05-25 11:28:38,V010,108.0,0.9786807231022773
2026-05-25,2026-05-25 11:28:39,V010,109.0,1.017747521677968
2026-05-25,2026-05-25 11:28:40,V010,109.0,1.032894646550157
2026-05-25,2026-05-25 11:28:41,V010,109.0,1.008687160530168
2026-05-25,2026-05-25 11:28:42,V010,109.0,0.9999209397748718
2026-05-25,2026-05-25 11:28:43,V010,109.0,1.0216630881524087
2026-05-25,2026-05-25 11:28:44,V010,110.0,1.0158949739875514
2026-05-25,2026-05-25 11:28:45,V010,110.0,1.010830886363631
2026-05-25,2026-05-25 11:28:46,V010,110.0,0.9630451194214923
2026-05-25,2026-05-25 11:28:47,V010,111.0,1.0164267002877938
2026-05-25,2026-05-25 11:28:48,V010,111.0,1.0757672404255592
2026-05-25,2026-05-25 11:28:49,V010,111.0,1.011528810346534
2026-05-25,2026-05-25 11:28:50,V010,112.0,1.01575896980298
2026-05-25,2026-05-25 11:28:51,V010,112.0,1.0239391087851593
2026-05-25,2026-05-25 11:28:52,V010,112.0,1.0184695560480619
2026-05-25,2026-05-25 11:28:53,V010,112.0,1.0342491522007637
2026-05-25,2026-05-25 11:28:54,V010,112.0,1.0413121863927743
2026-05-25,2026-05-25 11:28:55,V010,112.0,1.081927151831991
2026-05-25,2026-05-25 11:28:56,V010,112.0,1.0220984163407671
2026-05-25,2026-05-25 11:28:57,V010,112.0,0.9935504503279493
2026-05-25,2026-05-25 11:28:58,V010,112.0,1.0262590496025832
2026-05-25,2026-05-25 11:28:59,V010,112.0,0.967039681721295
2026-05-25,2026-05-25 11:29:00,V010,112.0,0.9743834025958096
2026-05-25,2026-05-25 11:29:01,V010,112.0,1.071624318217514
2026-05-25,2026-05-25 11:29:02,V010,112.0,0.8588829388973636
2026-05-25,2026-05-25 11:29:03,V010,112.0,1.2258491267575964
2026-05-25,2026-05-25 11:29:04,V010,112.0,0.9129144412469912
2026-05-25,2026-05-25 11:29:05,V010,113.0,1.0021920828698976
2026-05-25,2026-05-25 11:29:06,V010,112.0,0.975385056266239
2026-05-25,2026-05-25 11:29:07,V010,112.0,0.9929135985145137
2026-05-25,2026-05-25 11:29:08,V010,112.0,0.9763640735662783
2026-05-25,2026-05-25 11:29:09,V010,111.0,0.9837328031604516
2026-05-25,2026-05-25 11:29:10,V010,111.0,1.0140142666359575
2026-05-25,2026-05-25 11:29:11,V010,110.0,1.0157551642916582
2026-05-25,2026-05-25 11:29:12,V010,110.0,1.0086918001233398
2026-05-25,2026-05-25 11:29:13,V010,109.0,1.0939925232647552
2026-05-25,2026-05-25 11:29:14,V010,109.0,0.9468444163020913
2026-05-25,2026-05-25 11:29:15,V010,109.0,1.02226121862684
2026-05-25,2026-05-25 11:29:16,V010,109.0,1.0222874023872928
2026-05-25,2026-05-25 11:29:17,V010,108.0,1.0398899114673101
2026-05-25,2026-05-25 11:29:18,V010,108.0,1.0223958241678868
2026-05-25,2026-05-25 11:29:19,V010,108.0,1.009157387780652
2026-05-25,2026-05-25 11:29:20,V010,109.0,1.0140011984093271
2026-05-25,2026-05-25 11:29:21,V010,109.0,1.0252919976297101
2026-05-25,2026-05-25 11:29:22,V010,109.0,1.0429337663173015
2026-05-25,2026-05-25 11:29:23,V010,109.0,1.0061947262425415
2026-05-25,2026-05-25 11:29:24,V010,109.0,1.0285183551497294
2026-05-25,2026-05-25 11:29:25,V010,110.0,1.0882288702639586
2026-05-25,2026-05-25 11:29:26,V010,111.0,1.0308067158815784
2026-05-25,2026-05-25 11:29:27,V010,112.0,0.9871943742629667
2026-05-25,2026-05-25 11:29:28,V010,111.0,1.0311809033301924
2026-05-25,2026-05-25 11:29:29,V010,111.0,1.0270957553086442
2026-05-25,2026-05-25 11:29:30,V010,110.0,1.0323683546756868
2026-05-25,2026-05-25 11:29:31,V010,109.0,0.996842414825627
2026-05-25,2026-05-25 11:29:32,V010,110.0,1.0588885333573188
2026-05-25,2026-05-25 11:29:33,V010,111.0,1.025262373463237
2026-05-25,2026-05-25 11:29:34,V010,111.0,1.0359924979492463
2026-05-25,2026-05-25 11:29:35,V010,112.0,0.9893330719399419
2026-05-25,2026-05-25 11:29:36,V010,112.0,1.021898164601014
2026-05-25,2026-05-25 11:29:37,V010,112.0,1.1293080576779695
2026-05-25,2026-05-25 11:29:38,V010,112.0,1.0486717238905323
2026-05-25,2026-05-25 11:29:39,V010,112.0,1.0377773970231627
2026-05-25,2026-05-25 11:29:40,V010,112.0,0.9708186997529421
2026-05-25,2026-05-25 11:29:41,V010,111.0,0.9877522583305581
2026-05-25,2026-05-25 11:29:42,V010,111.0,1.0294442536251114
2026-05-25,2026-05-25 11:29:43,V010,111.0,0.9825342195307988
2026-05-25,2026-05-25 11:29:44,V010,111.0,1.0126045162599124
2026-05-25,2026-05-25 11:29:45,V010,111.0,1.0013401253789573
2026-05-25,2026-05-25 11:29:46,V010,111.0,1.2122587844488357
2026-05-25,2026-05-25 11:29:47,V010,111.0,1.0025913996729068
2026-05-25,2026-05-25 11:29:48,V010,111.0,1.0630671473349957
2026-05-25,2026-05-25 11:29:49,V010,111.0,1.0480689181678338
2026-05-25,2026-05-25 11:29:50,V010,111.0,1.0237508327963245
2026-05-25,2026-05-25 11:29:51,V010,111.0,0.9935260435733079
2026-05-25,2026-05-25 11:29:52,V010,111.0,0.9972291340713735
2026-05-25,2026-05-25 11:29:53,V010,111.0,0.997989353153255
2026-05-25,2026-05-25 11:29:54,V010,111.0,0.9891919166576415
2026-05-25,2026-05-25 11:29:55,V010,111.0,0.9882275910526228
2026-05-25,2026-05-25 11:29:56,V010,111.0,0.9887223829212977
2026-05-25,2026-05-25 11:29:57,V010,110.0,0.9899459754970223
2026-05-25,2026-05-25 11:29:58,V010,110.0,0.9887729509521211
2026-05-25,2026-05-25 11:29:59,V010,109.0,0.9922168729133349
2026-05-25,2026-05-25 11:30:00,V010,109.0,0.9907799544592542
2026-05-25,2026-05-25 11:30:01,V010,108.0,0.9910137216077817
2026-05-25,2026-05-25 11:30:02,V010,108.0,0.9908847189152183
2026-05-25,2026-05-25 11:30:03,V010,108.0,1.0097707906490476
2026-05-25,2026-05-25 11:30:04,V010,107.0,0.997322112206637
2026-05-25,2026-05-25 11:30:05,V010,106.0,0.9967052289252654
2026-05-25,2026-05-25 11:30:06,V010,105.0,0.9949109334347078
2026-05-25,2026-05-25 11:30:07,V010,105.0,0.9983664686108626
2026-05-25,2026-05-25 11:30:08,V010,104.0,1.0121885956864634
2026-05-25,2026-05-25 11:30:09,V010,104.0,1.0015632997456643
2026-05-25,2026-05-25 11:30:10,V010,103.0,1.0094503893766926
2026-05-25,2026-05-25 11:30:11,V010,103.0,0.9960098536734017
2026-05-25,2026-05-25 11:30:12,V010,102.0,1.0001075181375054
2026-05-25,2026-05-25 11:30:13,V010,101.0,0.9987932511532743
2026-05-25,2026-05-25 11:30:14,V010,100.0,1.0133172231824903
2026-05-25,2026-05-25 11:30:15,V010,100.0,1.000576546336613
2026-05-25,2026-05-25 11:30:16,V010,100.0,0.9976433826253026
2026-05-25,2026-05-25 11:30:17,V010,101.0,0.9992786879970817
2026-05-25,2026-05-25 11:30:18,V010,101.0,0.9964255519942918
2026-05-25,2026-05-25 11:30:19,V010,101.0,0.995761965944164
2026-05-25,2026-05-25 11:30:20,V010,101.0,0.9995543385120992
2026-05-25,2026-05-25 11:30:21,V010,101.0,0.998085093684087
2026-05-25,2026-05-25 11:30:22,V010,101.0,0.9976374440791282
2026-05-25,2026-05-25 11:30:23,V010,102.0,0.9976589820541344
2026-05-25,2026-05-25 11:30:24,V010,103.0,0.9959062052343096
2026-05-25,2026-05-25 11:30:25,V010,104.0,0.9955402219482962
2026-05-25,2026-05-25 11:30:26,V010,104.0,1.00056371446912
2026-05-25,2026-05-25 11:30:27,V010,104.0,0.9962289660599581
2026-05-25,2026-05-25 11:30:28,V010,104.0,0.9957040960527879
2026-05-25,2026-05-25 11:30:29,V010,104.0,1.0039058231939373
2026-05-25,2026-05-25 11:30:30,V010,104.0,0.9948485079324854
2026-05-25,2026-05-25 11:30:31,V010,104.0,0.9960381885077174
2026-05-25,2026-05-25 11:30:32,V010,104.0,0.9949606855565265
2026-05-25,2026-05-25 11:30:33,V010,104.0,0.9942737201906389
2026-05-25,2026-05-25 11:30:34,V010,104.0,0.9993681752322704
2026-05-25,2026-05-25 11:30:35,V010,104.0,0.9902784570013832
2026-05-25,2026-05-25 11:30:36,V010,104.0,0.9966229049056508
2026-05-25,2026-05-25 11:30:37,V010,103.0,0.9922875216954747
2026-05-25,2026-05-25 11:30:38,V010,104.0,0.9959436632429383
2026-05-25,2026-05-25 11:30:39,V010,104.0,0.9959524314739892
2026-05-25,2026-05-25 11:30:40,V010,104.0,0.994551263248198
2026-05-25,2026-05-25 11:30:41,V010,104.0,0.9956838578268814
2026-05-25,2026-05-25 11:30:42,V010,104.0,0.9961091689878576
2026-05-25,2026-05-25 11:30:43,V010,104.0,0.997692467030621
2026-05-25,2026-05-25 11:30:44,V010,104.0,1.0065526475571613
2026-05-25,2026-05-25 11:30:45,V010,104.0,0.9958243590933167
2026-05-25,2026-05-25 11:30:46,V010,104.0,0.9934783699263611
2026-05-25,2026-05-25 11:30:47,V010,104.0,0.9958501268438427
2026-05-25,2026-05-25 11:30:48,V010,104.0,0.9960956492011259
2026-05-25,2026-05-25 11:30:49,V010,104.0,0.9972876922236276
2026-05-25,2026-05-25 11:30:50,V010,103.0,0.9928889643690395
2026-05-25,2026-05-25 11:30:51,V010,103.0,0.9936752546661303
2026-05-25,2026-05-25 11:30:52,V010,101.0,0.9953626065585746
2026-05-25,2026-05-25 11:30:53,V010,100.0,0.9971613635828928
2026-05-25,2026-05-25 11:30:54,V010,100.0,0.9994372747935095
2026-05-25,2026-05-25 11:30:55,V010,100.0,0.9956030491192297
2026-05-25,2026-05-25 11:30:56,V010,,1.005044059191903
2026-05-25,2026-05-25 11:30:57,V010,,1.0063670174882027
2026-05-25,2026-05-25 11:30:58,V010,,1.00002730844331
2026-05-25,2026-05-25 11:30:59,V010,,0.9932235076801235
2026-05-25,2026-05-25 11:31:00,V010,,1.002152309403119
2026-05-25,2026-05-25 11:31:01,V010,,0.9966159622877032
2026-05-25,2026-05-25 11:31:02,V010,,1.0000048238981665
2026-05-25,2026-05-25 11:31:03,V010,,0.9968266327278659
2026-05-25,2026-05-25 11:31:04,V010,,0.9992596722930596
2026-05-25,2026-05-25 11:31:05,V010,,1.006050913680928
2026-05-25,2026-05-25 11:31:06,V010,,0.9960680103481921
2026-05-25,2026-05-25 11:31:07,V010,,0.9973355884923235
2026-05-25,2026-05-25 11:31:08,V010,100.0,0.9936525665234062
2026-05-25,2026-05-25 11:31:09,V010,100.0,0.9963870524002487
2026-05-25,2026-05-25 11:31:10,V010,100.0,0.99949040814144
2026-05-25,2026-05-25 11:31:11,V010,99.0,0.9964246412232414
2026-05-25,2026-05-25 11:31:12,V010,99.0,0.9995157334869833
2026-05-25,2026-05-25 11:31:13,V010,99.0,0.9957593383904184
2026-05-25,2026-05-25 11:31:14,V010,99.0,0.998091692851068
2026-05-25,2026-05-25 11:31:15,V010,99.0,0.9970934052576339
2026-05-25,2026-05-25 11:31:16,V010,99.0,0.9982933013898397
2026-05-25,2026-05-25 11:31:17,V010,99.0,0.9951516441961031
2026-05-25,2026-05-25 11:31:18,V010,,0.9982493133411304
2026-05-25,2026-05-25 11:31:19,V010,,1.0007307351437777
2026-05-25,2026-05-25 11:31:20,V010,,1.0045296781461013
2026-05-25,2026-05-25 11:31:21,V010,,1.0082089980816726
2026-05-25,2026-05-25 11:31:22,V010,,0.9845461731551634
2026-05-25,2026-05-25 11:31:23,V010,,0.999590736453397
2026-05-25,2026-05-25 11:31:24,V010,,0.9955764458471265
2026-05-25,2026-05-25 11:31:25,V010,,1.0006497137797268
2026-05-25,2026-05-25 11:31:26,V010,,0.9962562555187912
2026-05-25,2026-05-25 11:31:27,V010,,0.9940463089245068
2026-05-25,2026-05-25 11:31:28,V010,,1.0260635243623855
2026-05-25,2026-05-25 11:31:29,V010,,0.9955425557524455
2026-05-25,2026-05-25 11:31:30,V010,96.0,0.9969301068861957
2026-05-25,2026-05-25 11:31:31,V010,94.0,0.9983744221945773
2026-05-25,2026-05-25 11:31:32,V010,93.0,1.0160302947047855
2026-05-25,2026-05-25 11:31:33,V010,92.0,1.0025623758209905
2026-05-25,2026-05-25 11:31:34,V010,,1.0058968570153852
2026-05-25,2026-05-25 11:31:35,V010,,1.0000559993138252
2026-05-25,2026-05-25 11:31:36,V010,92.0,1.008473813873789
2026-05-25,2026-05-25 11:31:37,V010,92.0,1.010999315346319
2026-05-25,2026-05-25 11:31:38,V010,92.0,1.0382089994859602
2026-05-25,2026-05-25 11:31:39,V010,92.0,1.009838881282812
2026-05-25,2026-05-25 11:31:40,V010,92.0,1.224893163793171
2026-05-25,2026-05-25 11:31:41,V010,92.0,1.0663477809521502
2026-05-25,2026-05-25 11:31:42,V010,92.0,1.103030046478227
2026-05-25,2026-05-25 11:31:43,V010,92.0,1.1555421619643922
2026-05-25,2026-05-25 11:31:44,V010,92.0,2.0822271331868367
2026-05-25,2026-05-25 11:31:45,V010,93.0,1.122935413952034
2026-05-25,2026-05-25 11:31:46,V010,93.0,1.0903625534118857
2026-05-25,2026-05-25 11:31:47,V010,93.0,1.0756820971538497
2026-05-25,2026-05-25 11:31:48,V010,93.0,1.029191386495809
2026-05-25,2026-05-25 11:31:49,V010,94.0,1.0956202868281921
2026-05-25,2026-05-25 11:31:50,V010,94.0,1.051455919709705
2026-05-25,2026-05-25 11:31:51,V010,95.0,1.0395951671364632
2026-05-25,2026-05-25 11:31:52,V010,96.0,1.0290598227069234
2026-05-25,2026-05-25 11:31:53,V010,97.0,1.050542054553258
2026-05-25,2026-05-25 11:31:54,V010,99.0,1.0183229992798504
2026-05-25,2026-05-25 11:31:55,V010,102.0,1.0042771539198865
2026-05-25,2026-05-25 11:31:56,V010,103.0,1.0143124183570806
2026-05-25,2026-05-25 11:31:57,V010,104.0,1.0253197936467915
2026-05-25,2026-05-25 11:31:58,V010,104.0,1.155755572870578
2026-05-25,2026-05-25 11:31:59,V010,104.0,1.2868984684964686
2026-05-25,2026-05-25 11:32:00,V010,104.0,1.023393609124678
2026-05-25,2026-05-25 11:32:01,V010,105.0,1.2544692533822945
2026-05-25,2026-05-25 11:32:02,V010,105.0,1.0423079449522281
2026-05-25,2026-05-25 11:32:03,V010,106.0,1.5766828151757262
2026-05-25,2026-05-25 11:32:04,V010,107.0,1.2692013081140137
2026-05-25,2026-05-25 11:32:05,V010,107.0,1.085902112661488
2026-05-25,2026-05-25 11:32:06,V010,108.0,1.0920174379387773
2026-05-25,2026-05-25 11:32:07,V010,108.0,1.0923465272305881
2026-05-25,2026-05-25 11:32:08,V010,109.0,1.0532799789970841
2026-05-25,2026-05-25 11:32:09,V010,110.0,1.6997765280514832
2026-05-25,2026-05-25 11:32:10,V010,110.0,1.118353680706282
2026-05-25,2026-05-25 11:32:11,V010,110.0,1.0399865786683435
2026-05-25,2026-05-25 11:32:12,V010,111.0,1.014914238448561
2026-05-25,2026-05-25 11:32:13,V010,112.0,1.0276512707844419
2026-05-25,2026-05-25 11:32:14,V010,113.0,1.008893357218354
2026-05-25,2026-05-25 11:32:15,V010,114.0,0.987445001223718
2026-05-25,2026-05-25 11:32:16,V010,115.0,1.0064024920030539
2026-05-25,2026-05-25 11:32:17,V010,115.0,1.01687373837409
2026-05-25,2026-05-25 11:32:18,V010,114.0,0.9943141338920785
2026-05-25,2026-05-25 11:32:19,V010,114.0,0.9958124885368435
2026-05-25,2026-05-25 11:32:20,V010,113.0,0.9949782356105985
2026-05-25,2026-05-25 11:32:21,V010,113.0,0.9964969611580262
2026-05-25,2026-05-25 11:32:22,V010,112.0,0.9950885127520488
2026-05-25,2026-05-25 11:32:23,V010,111.0,0.9956131668219765
2026-05-25,2026-05-25 11:32:24,V010,110.0,0.9955559384934857
2026-05-25,2026-05-25 11:32:25,V010,110.0,0.9960292109858948
2026-05-25,2026-05-25 11:32:26,V010,109.0,0.9976905314786002
2026-05-25,2026-05-25 11:32:27,V010,109.0,0.9882216989435381
2026-05-25,2026-05-25 11:32:28,V010,108.0,0.9978646948530577
2026-05-25,2026-05-25 11:32:29,V010,107.0,0.9980649606753387
2026-05-25,2026-05-25 11:32:30,V010,105.0,0.9968461155488639
2026-05-25,2026-05-25 11:32:31,V010,104.0,0.9899410715769489
2026-05-25,2026-05-25 11:32:32,V010,102.0,0.9909694792471746
2026-05-25,2026-05-25 11:32:33,V010,100.0,0.9922862293783286
2026-05-25,2026-05-25 11:32:34,V010,95.0,0.9891979700624149
2026-05-25,2026-05-25 11:32:35,V010,90.0,0.988619034317164
2026-05-25,2026-05-25 11:32:36,V010,87.0,0.9910726668397999
2026-05-25,2026-05-25 11:32:37,V010,84.0,0.9926607372476515
2026-05-25,2026-05-25 11:32:38,V010,83.0,0.9910322771287428
2026-05-25,2026-05-25 11:32:39,V010,81.0,0.9976651769952041
2026-05-25,2026-05-25 11:32:40,V010,81.0,0.9953870215557993
2026-05-25,2026-05-25 11:32:41,V010,80.0,0.994892468583602
2026-05-25,2026-05-25 11:32:42,V010,81.0,0.9963100805990122
2026-05-25,2026-05-25 11:32:43,V010,81.0,0.9910497182850212
2026-05-25,2026-05-25 11:32:44,V010,82.0,0.9910841553091292
2026-05-25,2026-05-25 11:32:45,V010,82.0,0.9850845066513013
2026-05-25,2026-05-25 11:32:46,V010,82.0,0.9865906628525148
2026-05-25,2026-05-25 11:32:47,V010,82.0,0.9797319801607517
2026-05-25,2026-05-25 11:32:48,V010,82.0,1.0030034100810226
2026-05-25,2026-05-25 11:32:49,V010,82.0,0.991162465441734
2026-05-25,2026-05-25 11:32:50,V010,82.0,0.9817977080167406
2026-05-25,2026-05-25 11:32:51,V010,81.0,0.9904278786420366
2026-05-25,2026-05-25 11:32:52,V010,81.0,1.0029268014560273
2026-05-25,2026-05-25 11:32:53,V010,81.0,0.9880984105339904
2026-05-25,2026-05-25 11:32:54,V010,82.0,0.9918443131765678
2026-05-25,2026-05-25 11:32:55,V010,82.0,0.9903206693557103
2026-05-25,2026-05-25 11:32:56,V010,83.0,0.9944447099405569
2026-05-25,2026-05-25 11:32:57,V010,83.0,0.9915147198313572
2026-05-25,2026-05-25 11:32:58,V010,84.0,1.0032676598834198
2026-05-25,2026-05-25 11:32:59,V010,84.0,0.9924170164441571
2026-05-25,2026-05-25 11:33:00,V010,85.0,0.9895655092095028
2026-05-25,2026-05-25 11:33:01,V010,86.0,0.995657953990063
2026-05-25,2026-05-25 11:33:02,V010,86.0,0.9897682228768172
2026-05-25,2026-05-25 11:33:03,V010,86.0,0.9479225652351347
2026-05-25,2026-05-25 11:33:04,V010,86.0,1.008228533215627
2026-05-25,2026-05-25 11:33:05,V010,85.0,1.0144747484411398
2026-05-25,2026-05-25 11:33:06,V010,85.0,0.9695877886176948
2026-05-25,2026-05-25 11:33:07,V010,85.0,1.0316832733129104
2026-05-25,2026-05-25 11:33:08,V010,85.0,1.001472522614289
2026-05-25,2026-05-25 11:33:09,V010,85.0,1.0095381545986661
2026-05-25,2026-05-25 11:33:10,V010,84.0,1.0066066793332658
2026-05-25,2026-05-25 11:33:11,V010,84.0,0.9960136403101661
2026-05-25,2026-05-25 11:33:12,V010,84.0,0.9999583160982207
2026-05-25,2026-05-25 11:33:13,V010,84.0,1.0015489977760947
2026-05-25,2026-05-25 11:33:14,V010,84.0,1.001569215636841
2026-05-25,2026-05-25 11:33:15,V010,83.0,0.9997592766586628
2026-05-25,2026-05-25 11:33:16,V010,84.0,1.001295604544258
2026-05-25,2026-05-25 11:33:17,V010,84.0,1.0011613108877082
2026-05-25,2026-05-25 11:33:18,V010,84.0,1.000653611031447
2026-05-25,2026-05-25 11:33:19,V010,84.0,1.0008467701528305
2026-05-25,2026-05-25 11:33:20,V010,84.0,1.0021207460713928
2026-05-25,2026-05-25 11:33:21,V010,84.0,1.0005699818047207
2026-05-25,2026-05-25 11:33:22,V010,83.0,1.0013317452723327
2026-05-25,2026-05-25 11:33:23,V010,83.0,1.0013992493576618
2026-05-25,2026-05-25 11:33:24,V010,82.0,1.0010669525817435
2026-05-25,2026-05-25 11:33:25,V010,81.0,1.001489709886096
2026-05-25,2026-05-25 11:33:26,V010,79.0,1.001231586458499
2026-05-25,2026-05-25 11:33:27,V010,78.0,1.0019178903425838
2026-05-25,2026-05-25 11:33:28,V010,77.0,1.0015291631207761
2026-05-25,2026-05-25 11:33:29,V010,76.0,1.0012411596472832
2026-05-25,2026-05-25 11:33:30,V010,75.0,1.0018956591567167
2026-05-25,2026-05-25 11:33:31,V010,73.0,1.0024623935614017
2026-05-25,2026-05-25 11:33:32,V010,72.0,1.0012791418220122
2026-05-25,2026-05-25 11:33:33,V010,71.0,1.0024773401453626
2026-05-25,2026-05-25 11:33:34,V010,70.0,0.9990487952640601
2026-05-25,2026-05-25 11:33:35,V010,69.0,0.9967408631901455
2026-05-25,2026-05-25 11:33:36,V010,68.0,0.9977899894651573
2026-05-25,2026-05-25 11:33:37,V010,67.0,0.9971528519409867
2026-05-25,2026-05-25 11:33:38,V010,66.0,0.9975425706567599
2026-05-25,2026-05-25 11:33:39,V010,66.0,0.9977480918761024
2026-05-25,2026-05-25 11:33:40,V010,66.0,0.9980177023746067
2026-05-25,2026-05-25 11:33:41,V010,66.0,0.9976688705583596
2026-05-25,2026-05-25 11:33:42,V010,66.0,0.9975336164147264
2026-05-25,2026-05-25 11:33:43,V010,66.0,0.9980920002362669
2026-05-25,2026-05-25 11:33:44,V010,67.0,0.9976746372854636
2026-05-25,2026-05-25 11:33:45,V010,68.0,0.9959826002880371
2026-05-25,2026-05-25 11:33:46,V010,69.0,0.996670977672791
2026-05-25,2026-05-25 11:33:47,V010,70.0,0.9982972979030594
2026-05-25,2026-05-25 11:33:48,V010,70.0,0.9983539336192264
2026-05-25,2026-05-25 11:33:49,V010,71.0,0.9974250961197074
2026-05-25,2026-05-25 11:33:50,V010,71.0,0.99775393643925
2026-05-25,2026-05-25 11:33:51,V010,72.0,0.9972603008716493
2026-05-25,2026-05-25 11:33:52,V010,71.0,0.9971787966298671
2026-05-25,2026-05-25 11:33:53,V010,71.0,0.9975328250101251
2026-05-25,2026-05-25 11:33:54,V010,70.0,0.9968251340895558
2026-05-25,2026-05-25 11:33:55,V010,70.0,0.9968475659343425
2026-05-25,2026-05-25 11:33:56,V010,70.0,0.9975862945722942
2026-05-25,2026-05-25 11:33:57,V010,70.0,0.9966947670620889
2026-05-25,2026-05-25 11:33:58,V010,71.0,0.997272597477543
2026-05-25,2026-05-25 11:33:59,V010,72.0,0.9967255902335873
2026-05-25,2026-05-25 11:34:00,V010,72.0,0.9971758073770165
2026-05-25,2026-05-25 11:34:01,V010,72.0,0.9970004122773314
2026-05-25,2026-05-25 11:34:02,V010,71.0,0.997487496328181
2026-05-25,2026-05-25 11:34:03,V010,70.0,0.9971078223977452
2026-05-25,2026-05-25 11:34:04,V010,69.0,0.9965498093115506
2026-05-25,2026-05-25 11:34:05,V010,68.0,0.9960629372283166
2026-05-25,2026-05-25 11:34:06,V010,67.0,0.9970435094255327
2026-05-25,2026-05-25 11:34:07,V010,66.0,0.9971273037183148
2026-05-25,2026-05-25 11:34:08,V010,65.0,0.9972307236315932
2026-05-25,2026-05-25 11:34:09,V010,64.0,0.9967199291089757
2026-05-25,2026-05-25 11:34:10,V010,64.0,0.9975447256521606
2026-05-25,2026-05-25 11:34:11,V010,63.0,0.997413367396726
2026-05-25,2026-05-25 11:34:12,V010,64.0,0.9968762396313637
2026-05-25,2026-05-25 11:34:13,V010,64.0,0.9967118242860491
2026-05-25,2026-05-25 11:34:14,V010,65.0,0.997804267361803
2026-05-25,2026-05-25 11:34:15,V010,65.0,0.9972562747086944
2026-05-25,2026-05-25 11:34:16,V010,66.0,0.9972305040391916
2026-05-25,2026-05-25 11:34:17,V010,67.0,0.9968302706396678
2026-05-25,2026-05-25 11:34:18,V010,68.0,0.9971594932718246
2026-05-25,2026-05-25 11:34:19,V010,68.0,0.9966057107267442
2026-05-25,2026-05-25 11:34:20,V010,68.0,0.9968390935737638
2026-05-25,2026-05-25 11:34:21,V010,68.0,0.9966245585210083
2026-05-25,2026-05-25 11:34:22,V010,67.0,0.9977204557055422
2026-05-25,2026-05-25 11:34:23,V010,67.0,0.997173086940948
2026-05-25,2026-05-25 11:34:24,V010,67.0,0.9971520440498903
2026-05-25,2026-05-25 11:34:25,V010,68.0,0.9968982509828317
2026-05-25,2026-05-25 11:34:26,V010,68.0,0.9971124100841151
2026-05-25,2026-05-25 11:34:27,V010,68.0,0.9975726894826202
2026-05-25,2026-05-25 11:34:28,V010,67.0,0.99700675399037
2026-05-25,2026-05-25 11:34:29,V010,67.0,0.996779189630045
2026-05-25,2026-05-25 11:34:30,V010,66.0,0.9966527765659072
2026-05-25,2026-05-25 11:34:31,V010,65.0,0.9970557108445594
2026-05-25,2026-05-25 11:34:32,V010,64.0,0.9971107885182907
2026-05-25,2026-05-25 11:34:33,V010,64.0,0.9968666785410215
2026-05-25,2026-05-25 11:34:34,V010,63.0,0.9975039233184398
2026-05-25,2026-05-25 11:34:35,V010,63.0,0.9972650753020739
2026-05-25,2026-05-25 11:34:36,V010,63.0,0.9970482942870408
2026-05-25,2026-05-25 11:34:37,V010,63.0,0.9976287999762157
2026-05-25,2026-05-25 11:34:38,V010,63.0,0.9971787158200222
2026-05-25,2026-05-25 11:34:39,V010,63.0,0.9965770143921118
2026-05-25,2026-05-25 11:34:40,V010,64.0,0.9971429786609004
2026-05-25,2026-05-25 11:34:41,V010,64.0,0.997459170528848
2026-05-25,2026-05-25 11:34:42,V010,64.0,0.9975439572514244
2026-05-25,2026-05-25 11:34:43,V010,65.0,0.9970614213814897
2026-05-25,2026-05-25 11:34:44,V010,65.0,0.9975310878678064
2026-05-25,2026-05-25 11:34:45,V010,65.0,0.9980802449995249
2026-05-25,2026-05-25 11:34:46,V010,65.0,0.9974098907072758
2026-05-25,2026-05-25 11:34:47,V010,65.0,0.9973656525905803
2026-05-25,2026-05-25 11:34:48,V010,66.0,0.9973235628196775
2026-05-25,2026-05-25 11:34:49,V010,66.0,0.997788510710539
2026-05-25,2026-05-25 11:34:50,V010,67.0,0.9973976289029096
2026-05-25,2026-05-25 11:34:51,V010,67.0,0.9975543995473863
2026-05-25,2026-05-25 11:34:52,V010,67.0,0.9976066057322575
2026-05-25,2026-05-25 11:34:53,V010,67.0,0.9972660399794581
2026-05-25,2026-05-25 11:34:54,V010,67.0,0.9976521118465547
2026-05-25,2026-05-25 11:34:55,V010,67.0,0.997166496251157
2026-05-25,2026-05-25 11:34:56,V010,68.0,0.9973134684390625
2026-05-25,2026-05-25 11:34:57,V010,68.0,0.9974011388733579
2026-05-25,2026-05-25 11:34:58,V010,69.0,0.9977477507397922
2026-05-25,2026-05-25 11:34:59,V010,70.0,0.9973179459554842
2026-05-25,2026-05-25 11:35:00,V010,70.0,0.997765932488109
2026-05-25,2026-05-25 11:35:01,V010,71.0,0.9972213639269881
2026-05-25,2026-05-25 11:35:02,V010,71.0,0.9977111350720885
2026-05-25,2026-05-25 11:35:03,V010,71.0,0.9974672304338137
2026-05-25,2026-05-25 11:35:04,V010,70.0,0.9982241305927995
2026-05-25,2026-05-25 11:35:05,V010,70.0,0.9975542321126304
2026-05-25,2026-05-25 11:35:06,V010,70.0,0.9973718301302585
2026-05-25,2026-05-25 11:35:07,V010,69.0,0.9979070575412069
2026-05-25,2026-05-25 11:35:08,V010,69.0,0.9977737588339828
2026-05-25,2026-05-25 11:35:09,V010,69.0,0.9977811734278057
2026-05-25,2026-05-25 11:35:10,V010,69.0,0.9979591523579363
2026-05-25,2026-05-25 11:35:11,V010,68.0,0.9979157022123606
2026-05-25,2026-05-25 11:35:12,V010,69.0,0.9976498725523402
2026-05-25,2026-05-25 11:35:13,V010,69.0,0.9974358275061593
2026-05-25,2026-05-25 11:35:14,V010,69.0,0.997957675723354
2026-05-25,2026-05-25 11:35:15,V010,70.0,0.9976093766223417
2026-05-25,2026-05-25 11:35:16,V010,70.0,0.9975108238000623
2026-05-25,2026-05-25 11:35:17,V010,70.0,0.997895476708563
2026-05-25,2026-05-25 11:35:18,V010,70.0,0.9976240965829875
2026-05-25,2026-05-25 11:35:19,V010,71.0,0.9977616643357528
2026-05-25,2026-05-25 11:35:20,V010,72.0,0.9976751090916331
2026-05-25,2026-05-25 11:35:21,V010,72.0,0.997905994559585
2026-05-25,2026-05-25 11:35:22,V010,73.0,0.9974046762682306
2026-05-25,2026-05-25 11:35:23,V010,73.0,0.9980583329825117
2026-05-25,2026-05-25 11:35:24,V010,74.0,0.9978615227358618
2026-05-25,2026-05-25 11:35:25,V010,74.0,0.9972178401060332
2026-05-25,2026-05-25 11:35:26,V010,73.0,0.9973261281372768
2026-05-25,2026-05-25 11:35:27,V010,72.0,0.997768382971671
2026-05-25,2026-05-25 11:35:28,V010,71.0,0.9974884604740853
2026-05-25,2026-05-25 11:35:29,V010,69.0,0.9976427723367771
2026-05-25,2026-05-25 11:35:30,V010,68.0,0.9978376161813949
2026-05-25,2026-05-25 11:35:31,V010,67.0,0.9975173112630028
2026-05-25,2026-05-25 11:35:32,V010,67.0,0.9972089148255217
2026-05-25,2026-05-25 11:35:33,V010,67.0,0.9977615115162898
2026-05-25,2026-05-25 11:35:34,V010,67.0,0.9977028009807257
2026-05-25,2026-05-25 11:35:35,V010,67.0,0.998627713064357
2026-05-25,2026-05-25 11:35:36,V010,68.0,0.9979888631177944
2026-05-25,2026-05-25 11:35:37,V010,68.0,0.9979268011923775
2026-05-25,2026-05-25 11:35:38,V010,68.0,0.9982015390150927
2026-05-25,2026-05-25 11:35:39,V010,69.0,0.9980291649097925
2026-05-25,2026-05-25 11:35:40,V010,69.0,0.9978941788781662
2026-05-25,2026-05-25 11:35:41,V010,70.0,0.9986044674729048
2026-05-25,2026-05-25 11:35:42,V010,71.0,0.9979960184467254
2026-05-25,2026-05-25 11:35:43,V010,72.0,0.9982161188675248
2026-05-25,2026-05-25 11:35:44,V010,73.0,0.9979665940903463
2026-05-25,2026-05-25 11:35:45,V010,74.0,0.9980531715368681
2026-05-25,2026-05-25 11:35:46,V010,73.0,0.998905874354369
2026-05-25,2026-05-25 11:35:47,V010,73.0,0.9978716402222354
2026-05-25,2026-05-25 11:35:48,V010,72.0,0.9981779769430347
2026-05-25,2026-05-25 11:35:49,V010,71.0,0.9981563822516715
2026-05-25,2026-05-25 11:35:50,V010,70.0,0.9979287889582674
2026-05-25,2026-05-25 11:35:51,V010,69.0,0.9983953332810797
2026-05-25,2026-05-25 11:35:52,V010,69.0,0.9978123967630129
2026-05-25,2026-05-25 11:35:53,V010,68.0,0.9983844026779829
2026-05-25,2026-05-25 11:35:54,V010,69.0,0.9985058805187194
2026-05-25,2026-05-25 11:35:55,V010,69.0,0.9985376400025134
2026-05-25,2026-05-25 11:35:56,V010,69.0,0.9985036014066764
2026-05-25,2026-05-25 11:35:57,V010,70.0,0.9980997822999108
2026-05-25,2026-05-25 11:35:58,V010,70.0,0.9986219753722474
2026-05-25,2026-05-25 11:35:59,V010,69.0,0.9986863481341887
2026-05-25,2026-05-25 11:36:00,V010,70.0,0.9979723099430697
2026-05-25,2026-05-25 11:36:01,V010,70.0,0.9988669799177424
2026-05-25,2026-05-25 11:36:02,V010,70.0,1.0072446787345444
2026-05-25,2026-05-25 11:36:03,V010,70.0,1.018113690160443
2026-05-25,2026-05-25 11:36:04,V010,70.0,0.9745195239747787
2026-05-25,2026-05-25 11:36:05,V010,69.0,1.0258805684832448
2026-05-25,2026-05-25 11:36:06,V010,69.0,1.0204565364376945
2026-05-25,2026-05-25 11:36:07,V010,68.0,1.0858723778932533
2026-05-25,2026-05-25 11:36:08,V010,67.0,1.0898337685753479
2026-05-25,2026-05-25 11:36:09,V010,67.0,1.0164570213665334
2026-05-25,2026-05-25 11:36:10,V010,67.0,1.026901809278973
2026-05-25,2026-05-25 11:36:11,V010,66.0,1.0234898076776076
2026-05-25,2026-05-25 11:36:12,V010,66.0,1.0246942111336572
2026-05-25,2026-05-25 11:36:13,V010,66.0,1.0183871408163687
2026-05-25,2026-05-25 11:36:14,V010,67.0,1.0180465055865928
2026-05-25,2026-05-25 11:36:15,V010,68.0,1.0179337720897377
2026-05-25,2026-05-25 11:36:16,V010,69.0,1.0178844596940024
2026-05-25,2026-05-25 11:36:17,V010,70.0,1.017344821928186
2026-05-25,2026-05-25 11:36:18,V010,71.0,1.0183385666212952
2026-05-25,2026-05-25 11:36:19,V010,72.0,1.017698062641905
2026-05-25,2026-05-25 11:36:20,V010,74.0,1.0181483727217862
2026-05-25,2026-05-25 11:36:21,V010,75.0,1.0177069101274818
2026-05-25,2026-05-25 11:36:22,V010,76.0,1.0185229982326607
2026-05-25,2026-05-25 11:36:23,V010,78.0,1.0190750143923042
2026-05-25,2026-05-25 11:36:24,V010,79.0,1.0179856639825213
2026-05-25,2026-05-25 11:36:25,V010,79.0,1.0185941879351006
2026-05-25,2026-05-25 11:36:26,V010,80.0,1.0177384061759307
2026-05-25,2026-05-25 11:36:27,V010,80.0,1.019080319901214
2026-05-25,2026-05-25 11:36:28,V010,81.0,1.0182499577011692
2026-05-25,2026-05-25 11:36:29,V010,81.0,1.0181945521920368
2026-05-25,2026-05-25 11:36:30,V010,79.0,1.0175872340571366
2026-05-25,2026-05-25 11:36:31,V010,78.0,1.018010403783314
2026-05-25,2026-05-25 11:36:32,V010,77.0,1.018202600007904
2026-05-25,2026-05-25 11:36:33,V010,75.0,1.0187315988742638
2026-05-25,2026-05-25 11:36:34,V010,74.0,1.01812076973211
2026-05-25,2026-05-25 11:36:35,V010,72.0,1.0185361095846595
2026-05-25,2026-05-25 11:36:36,V010,70.0,1.0178490894735341
2026-05-25,2026-05-25 11:36:37,V010,68.0,1.0177161033329338
2026-05-25,2026-05-25 11:36:38,V010,66.0,1.017978052771587
2026-05-25,2026-05-25 11:36:39,V010,65.0,1.0176859245910939
2026-05-25,2026-05-25 11:36:40,V010,64.0,1.0181103118442871
2026-05-25,2026-05-25 11:36:41,V010,63.0,1.0185029544220345
2026-05-25,2026-05-25 11:36:42,V010,63.0,1.0182054840662644
2026-05-25,2026-05-25 11:36:43,V010,62.0,1.0179553973357742
2026-05-25,2026-05-25 11:36:44,V010,62.0,1.0186891422781026
2026-05-25,2026-05-25 11:36:45,V010,62.0,1.0184816125064426
2026-05-25,2026-05-25 11:36:46,V010,62.0,1.017762144279693
2026-05-25,2026-05-25 11:36:47,V010,61.0,1.018005004699692
2026-05-25,2026-05-25 11:36:48,V010,61.0,1.0181490311863757
2026-05-25,2026-05-25 11:36:49,V010,61.0,1.017791681396548
2026-05-25,2026-05-25 11:36:50,V010,60.0,1.017577520366316
2026-05-25,2026-05-25 11:36:51,V010,60.0,1.0180671393679364
2026-05-25,2026-05-25 11:36:52,V010,59.0,1.0185600004390667
2026-05-25,2026-05-25 11:36:53,V010,59.0,1.0178138133499366
2026-05-25,2026-05-25 11:36:54,V010,58.0,1.0179285174241546
2026-05-25,2026-05-25 11:36:55,V010,58.0,1.0180821684021069
2026-05-25,2026-05-25 11:36:56,V010,58.0,1.018213618699964
2026-05-25,2026-05-25 11:36:57,V010,58.0,1.0179157019519445
2026-05-25,2026-05-25 11:36:58,V010,58.0,1.0181357703567682
2026-05-25,2026-05-25 11:36:59,V010,59.0,1.0184223433217874
2026-05-25,2026-05-25 11:37:00,V010,59.0,1.018181092386427
2026-05-25,2026-05-25 11:37:01,V010,59.0,1.0176850492924943
2026-05-25,2026-05-25 11:37:02,V010,59.0,1.0185739001032221
2026-05-25,2026-05-25 11:37:03,V010,59.0,1.018191171789135
2026-05-25,2026-05-25 11:37:04,V010,59.0,1.017882695738322
2026-05-25,2026-05-25 11:37:05,V010,59.0,1.0179518422179403
2026-05-25,2026-05-25 11:37:06,V010,59.0,1.0173570307237043
2026-05-25,2026-05-25 11:37:07,V010,58.0,1.0180652290776675
2026-05-25,2026-05-25 11:37:08,V010,58.0,1.0180937527875185
2026-05-25,2026-05-25 11:37:09,V010,58.0,1.0177745528251387
2026-05-25,2026-05-25 11:37:10,V010,58.0,1.0180718514782194
2026-05-25,2026-05-25 11:37:11,V010,58.0,1.0185955679640764
2026-05-25,2026-05-25 11:37:12,V010,58.0,1.0184070210722072
2026-05-25,2026-05-25 11:37:13,V010,58.0,1.0176048020175932
2026-05-25,2026-05-25 11:37:14,V010,58.0,1.0176966488185033
2026-05-25,2026-05-25 11:37:15,V010,58.0,1.0179573167499008
2026-05-25,2026-05-25 11:37:16,V010,58.0,1.0182220040338672
2026-05-25,2026-05-25 11:37:17,V010,58.0,1.0176092006919906
2026-05-25,2026-05-25 11:37:18,V010,59.0,1.0183848530857713
2026-05-25,2026-05-25 11:37:19,V010,59.0,1.017905054546354
2026-05-25,2026-05-25 11:37:20,V010,60.0,1.017862926131378
2026-05-25,2026-05-25 11:37:21,V010,61.0,1.0181515081944865
2026-05-25,2026-05-25 11:37:22,V010,61.0,1.017653683597133
2026-05-25,2026-05-25 11:37:23,V010,61.0,1.0180267468252941
2026-05-25,2026-05-25 11:37:24,V010,60.0,1.017908678043826
2026-05-25,2026-05-25 11:37:25,V010,60.0,1.0178918250331186
2026-05-25,2026-05-25 11:37:26,V010,60.0,1.0183912111634568
2026-05-25,2026-05-25 11:37:27,V010,60.0,1.0178055600944103
2026-05-25,2026-05-25 11:37:28,V010,60.0,1.0184431565603016
2026-05-25,2026-05-25 11:37:29,V010,60.0,1.0182590254217991
2026-05-25,2026-05-25 11:37:30,V010,59.0,1.0181509052553006
2026-05-25,2026-05-25 11:37:31,V010,59.0,1.017955541280643
2026-05-25,2026-05-25 11:37:32,V010,59.0,1.0177724333508924
2026-05-25,2026-05-25 11:37:33,V010,59.0,1.018100781661497
2026-05-25,2026-05-25 11:37:34,V010,59.0,1.0177516480026372
2026-05-25,2026-05-25 11:37:35,V010,59.0,1.0181240544249182
2026-05-25,2026-05-25 11:37:36,V010,59.0,1.0179928468914274
2026-05-25,2026-05-25 11:37:37,V010,59.0,1.01803979203266
2026-05-25,2026-05-25 11:37:38,V010,58.0,1.0177043085619608
2026-05-25,2026-05-25 11:37:39,V010,58.0,1.0181628685510276
2026-05-25,2026-05-25 11:37:40,V010,58.0,1.0181749655303682
2026-05-25,2026-05-25 11:37:41,V010,57.0,1.0184352966000725
2026-05-25,2026-05-25 11:37:42,V010,57.0,1.0176111707810476
2026-05-25,2026-05-25 11:37:43,V010,56.0,1.0180677320779707
2026-05-25,2026-05-25 11:37:44,V010,56.0,1.018308585978691
2026-05-25,2026-05-25 11:37:45,V010,56.0,1.0182156450637334
2026-05-25,2026-05-25 11:37:46,V010,55.0,1.018405552680408
2026-05-25,2026-05-25 11:37:47,V010,55.0,1.0177124101561503
2026-05-25,2026-05-25 11:37:48,V010,54.0,1.0180421409786338
2026-05-25,2026-05-25 11:37:49,V010,54.0,1.0176538614322932
2026-05-25,2026-05-25 11:37:50,V010,55.0,1.0183281704354274
2026-05-25,2026-05-25 11:37:51,V010,55.0,1.0183414957270736
2026-05-25,2026-05-25 11:37:52,V010,56.0,1.018764792006363
2026-05-25,2026-05-25 11:37:53,V010,57.0,1.0184673702438218
2026-05-25,2026-05-25 11:37:54,V010,58.0,1.017968513508457
2026-05-25,2026-05-25 11:37:55,V010,59.0,1.018424266698403
2026-05-25,2026-05-25 11:37:56,V010,60.0,1.0183553351693764
2026-05-25,2026-05-25 11:37:57,V010,60.0,1.01843382680417
2026-05-25,2026-05-25 11:37:58,V010,60.0,1.0182540892586942
2026-05-25,2026-05-25 11:37:59,V010,60.0,1.0185596122505236
2026-05-25,2026-05-25 11:38:00,V010,61.0,1.018314699365745
2026-05-25,2026-05-25 11:38:01,V010,61.0,1.0181850822505212
2026-05-25,2026-05-25 11:38:02,V010,60.0,1.0184761925604986
2026-05-25,2026-05-25 11:38:03,V010,60.0,1.0182511739983198
2026-05-25,2026-05-25 11:38:04,V010,60.0,1.0180448638402533
2026-05-25,2026-05-25 11:38:05,V010,60.0,1.0183400316474849
2026-05-25,2026-05-25 11:38:06,V010,60.0,1.018457641692849
2026-05-25,2026-05-25 11:38:07,V010,59.0,1.0177905941439829
2026-05-25,2026-05-25 11:38:08,V010,59.0,1.017591622978062
2026-05-25,2026-05-25 11:38:09,V010,59.0,1.018615971598737
2026-05-25,2026-05-25 11:38:10,V010,60.0,1.01796628943608
2026-05-25,2026-05-25 11:38:11,V010,60.0,1.018247459150028
2026-05-25,2026-05-25 11:38:12,V010,61.0,1.0181930987075374
2026-05-25,2026-05-25 11:38:13,V010,61.0,1.018220841428104
2026-05-25,2026-05-25 11:38:14,V010,61.0,1.0183443123301634
2026-05-25,2026-05-25 11:38:15,V010,61.0,1.0184408507833154
2026-05-25,2026-05-25 11:38:16,V010,61.0,1.018520252961128
2026-05-25,2026-05-25 11:38:17,V010,61.0,1.0182485350703587
2026-05-25,2026-05-25 11:38:18,V010,61.0,1.0177648311492593
2026-05-25,2026-05-25 11:38:19,V010,61.0,1.0180717249028013
2026-05-25,2026-05-25 11:38:20,V010,61.0,1.0183628989702171
2026-05-25,2026-05-25 11:38:21,V010,61.0,1.0185549956283884
2026-05-25,2026-05-25 11:38:22,V010,61.0,1.018564277060707
2026-05-25,2026-05-25 11:38:23,V010,61.0,1.0183736757424724
2026-05-25,2026-05-25 11:38:24,V010,60.0,1.0181412752020897
2026-05-25,2026-05-25 11:38:25,V010,60.0,1.0186860371172481
2026-05-25,2026-05-25 11:38:26,V010,60.0,1.018339549036398
2026-05-25,2026-05-25 11:38:27,V010,60.0,1.0181786822864618
2026-05-25,2026-05-25 11:38:28,V010,60.0,1.0184297574850476
2026-05-25,2026-05-25 11:38:29,V010,60.0,1.0177110988954865
2026-05-25,2026-05-25 11:38:30,V010,61.0,1.0182554994303388
2026-05-25,2026-05-25 11:38:31,V010,61.0,1.0181535104168347
2026-05-25,2026-05-25 11:38:32,V010,61.0,1.0181274991185758
2026-05-25,2026-05-25 11:38:33,V010,61.0,1.0186340333141422
2026-05-25,2026-05-25 11:38:34,V010,60.0,1.0181994303258
2026-05-25,2026-05-25 11:38:35,V010,60.0,1.0185693388044352
2026-05-25,2026-05-25 11:38:36,V010,59.0,1.0181054551268487
2026-05-25,2026-05-25 11:38:37,V010,59.0,1.0180911696502613
2026-05-25,2026-05-25 11:38:38,V010,58.0,1.0182828988913615
2026-05-25,2026-05-25 11:38:39,V010,57.0,1.0185698656112283
2026-05-25,2026-05-25 11:38:40,V010,57.0,1.0182136282999836
2026-05-25,2026-05-25 11:38:41,V010,57.0,1.0179570249953493
2026-05-25,2026-05-25 11:38:42,V010,57.0,1.018268906193204
2026-05-25,2026-05-25 11:38:43,V010,58.0,1.0186303410343875
2026-05-25,2026-05-25 11:38:44,V010,58.0,1.0182513935698492
2026-05-25,2026-05-25 11:38:45,V010,58.0,1.0188169535202938
2026-05-25,2026-05-25 11:38:46,V010,59.0,1.017887369221869
2026-05-25,2026-05-25 11:38:47,V010,59.0,1.0182326445908572
2026-05-25,2026-05-25 11:38:48,V010,59.0,1.0184358762571355
2026-05-25,2026-05-25 11:38:49,V010,60.0,1.0183235588002069
2026-05-25,2026-05-25 11:38:50,V010,59.0,1.017851115288522
2026-05-25,2026-05-25 11:38:51,V010,59.0,1.0179911954860967
2026-05-25,2026-05-25 11:38:52,V010,59.0,1.0185219794473195
2026-05-25,2026-05-25 11:38:53,V010,58.0,1.018252182630788
2026-05-25,2026-05-25 11:38:54,V010,58.0,1.0185491797426887
2026-05-25,2026-05-25 11:38:55,V010,58.0,1.0182751242142773
2026-05-25,2026-05-25 11:38:56,V010,58.0,1.0182819630015398
2026-05-25,2026-05-25 11:38:57,V010,58.0,1.0178950873900425
2026-05-25,2026-05-25 11:38:58,V010,59.0,1.0181380933083266
2026-05-25,2026-05-25 11:38:59,V010,59.0,1.0186000373530744
2026-05-25,2026-05-25 11:39:00,V010,58.0,1.018001833760946
2026-05-25,2026-05-25 11:39:01,V010,58.0,1.0183531949468017
2026-05-25,2026-05-25 11:39:02,V010,58.0,1.017852313180546
2026-05-25,2026-05-25 11:39:03,V010,58.0,1.0186076261645796
2026-05-25,2026-05-25 11:39:04,V010,58.0,1.018706740061067
2026-05-25,2026-05-25 11:39:05,V010,58.0,1.0178745706161298
2026-05-25,2026-05-25 11:39:06,V010,58.0,1.0180411218651713
2026-05-25,2026-05-25 11:39:07,V010,58.0,1.0187268339683078
2026-05-25,2026-05-25 11:39:08,V010,58.0,1.018404472013783
2026-05-25,2026-05-25 11:39:09,V010,58.0,1.0177554121254957
2026-05-25,2026-05-25 11:39:10,V010,58.0,1.0184115900694752
2026-05-25,2026-05-25 11:39:11,V010,58.0,1.0174497014829313
2026-05-25,2026-05-25 11:39:12,V010,59.0,1.0179716888156367
2026-05-25,2026-05-25 11:39:13,V010,59.0,1.0180350445301993
2026-05-25,2026-05-25 11:39:14,V010,59.0,1.0179920973695424
2026-05-25,2026-05-25 11:39:15,V010,59.0,1.0184164839103642
2026-05-25,2026-05-25 11:39:16,V010,59.0,1.0185706209126957
2026-05-25,2026-05-25 11:39:17,V010,58.0,1.0181202986871227
2026-05-25,2026-05-25 11:39:18,V010,58.0,1.0179837179925462
2026-05-25,2026-05-25 11:39:19,V010,58.0,1.0183863720660054
2026-05-25,2026-05-25 11:39:20,V010,58.0,1.0180278633001836
2026-05-25,2026-05-25 11:39:21,V010,58.0,1.0179750015197129
2026-05-25,2026-05-25 11:39:22,V010,57.0,1.0182663658874014
2026-05-25,2026-05-25 11:39:23,V010,57.0,1.018610222389403
2026-05-25,2026-05-25 11:39:24,V010,58.0,1.0180828801689246
2026-05-25,2026-05-25 11:39:25,V010,58.0,1.0183212060363849
2026-05-25,2026-05-25 11:39:26,V010,58.0,1.0183539510986828
2026-05-25,2026-05-25 11:39:27,V010,58.0,1.0185253079142917
2026-05-25,2026-05-25 11:39:28,V010,58.0,1.017972799141508
2026-05-25,2026-05-25 11:39:29,V010,58.0,1.0185143619560173
2026-05-25,2026-05-25 11:39:30,V010,57.0,1.018119214982535
2026-05-25,2026-05-25 11:39:31,V010,57.0,1.018085794025889
2026-05-25,2026-05-25 11:39:32,V010,57.0,1.0181557126347474
2026-05-25,2026-05-25 11:39:33,V010,57.0,1.0180770476757908
2026-05-25,2026-05-25 11:39:34,V010,57.0,1.0179005032036061
2026-05-25,2026-05-25 11:39:35,V010,57.0,1.0179400062686863
2026-05-25,2026-05-25 11:39:36,V010,57.0,1.0183664630227574
2026-05-25,2026-05-25 11:39:37,V010,57.0,1.0182482460448108
2026-05-25,2026-05-25 11:39:38,V010,58.0,1.0183823641203884
2026-05-25,2026-05-25 11:39:39,V010,59.0,1.0186071937275518
2026-05-25,2026-05-25 11:39:40,V010,59.0,1.0175811467336018
2026-05-25,2026-05-25 11:39:41,V010,60.0,1.0181898941285432
2026-05-25,2026-05-25 11:39:42,V010,61.0,1.017603393482248
2026-05-25,2026-05-25 11:39:43,V010,61.0,1.0184507052123266
2026-05-25,2026-05-25 11:39:44,V010,61.0,1.018266571357317
2026-05-25,2026-05-25 11:39:45,V010,61.0,1.0188959301841383
2026-05-25,2026-05-25 11:39:46,V010,62.0,1.0177304309376198
2026-05-25,2026-05-25 11:39:47,V010,62.0,1.018193777268488
2026-05-25,2026-05-25 11:39:48,V010,62.0,1.0179648582460377
2026-05-25,2026-05-25 11:39:49,V010,62.0,1.0183378613371472
2026-05-25,2026-05-25 11:39:50,V010,61.0,1.01846950494247
2026-05-25,2026-05-25 11:39:51,V010,61.0,1.018617037753335
2026-05-25,2026-05-25 11:39:52,V010,61.0,1.0186040860016279
2026-05-25,2026-05-25 11:39:53,V010,61.0,1.018106114288553
2026-05-25,2026-05-25 11:39:54,V010,60.0,1.0183140046149244
2026-05-25,2026-05-25 11:39:55,V010,60.0,1.0184093393172833
2026-05-25,2026-05-25 11:39:56,V010,59.0,1.0176559865034516
2026-05-25,2026-05-25 11:39:57,V010,59.0,1.0175573839038767
2026-05-25,2026-05-25 11:39:58,V010,59.0,1.0181852453770972
2026-05-25,2026-05-25 11:39:59,V010,58.0,1.0186512693242962
2026-05-25,2026-05-25 11:40:00,V010,58.0,1.0177796135821406
2026-05-25,2026-05-25 11:40:01,V010,58.0,1.018169801877166
2026-05-25,2026-05-25 11:40:02,V010,58.0,1.0185788277633772
2026-05-25,2026-05-25 11:40:03,V010,58.0,1.018377204497928
2026-05-25,2026-05-25 11:40:04,V010,58.0,1.0184426682204646
2026-05-25,2026-05-25 11:40:05,V010,58.0,1.0183581656296752
2026-05-25,2026-05-25 11:40:06,V010,58.0,1.0180066135967791
2026-05-25,2026-05-25 11:40:07,V010,58.0,1.0186302417859012
2026-05-25,2026-05-25 11:40:08,V010,59.0,1.0183815601113766
2026-05-25,2026-05-25 11:40:09,V010,59.0,1.0183719436095762
2026-05-25,2026-05-25 11:40:10,V010,59.0,1.0180041800494992
2026-05-25,2026-05-25 11:40:11,V010,59.0,1.018307569259556
2026-05-25,2026-05-25 11:40:12,V010,59.0,1.018532938798952
2026-05-25,2026-05-25 11:40:13,V010,59.0,1.0183603581237488
2026-05-25,2026-05-25 11:40:14,V010,59.0,1.0184764134164523
2026-05-25,2026-05-25 11:40:15,V010,60.0,1.0181598827636835
2026-05-25,2026-05-25 11:40:16,V010,59.0,1.0178909793287576
2026-05-25,2026-05-25 11:40:17,V010,59.0,1.0176211801758897
2026-05-25,2026-05-25 11:40:18,V010,59.0,1.0179656565023596
2026-05-25,2026-05-25 11:40:19,V010,59.0,1.0177040085871873
2026-05-25,2026-05-25 11:40:20,V010,58.0,1.018298288714856
2026-05-25,2026-05-25 11:40:21,V010,58.0,1.0182547562455286
2026-05-25,2026-05-25 11:40:22,V010,58.0,1.0179359950137588
2026-05-25,2026-05-25 11:40:23,V010,57.0,1.018546621508016
2026-05-25,2026-05-25 11:40:24,V010,57.0,1.0181550680176472
2026-05-25,2026-05-25 11:40:25,V010,57.0,1.0179686082401007
2026-05-25,2026-05-25 11:40:26,V010,57.0,1.0178557606001446
2026-05-25,2026-05-25 11:40:27,V010,57.0,1.0178035973244008
2026-05-25,2026-05-25 11:40:28,V010,57.0,1.0174788141318813
2026-05-25,2026-05-25 11:40:29,V010,57.0,1.0181946255102572
2026-05-25,2026-05-25 11:40:30,V010,57.0,1.0178287190788822
2026-05-25,2026-05-25 11:40:31,V010,57.0,1.0179645342413044
2026-05-25,2026-05-25 11:40:32,V010,56.0,1.0177774517185967
2026-05-25,2026-05-25 11:40:33,V010,56.0,1.0185831722492416
2026-05-25,2026-05-25 11:40:34,V010,56.0,1.0183099921044125
2026-05-25,2026-05-25 11:40:35,V010,56.0,1.01768032599222
2026-05-25,2026-05-25 11:40:36,V010,55.0,1.01818751049841
2026-05-25,2026-05-25 11:40:37,V010,55.0,1.0185461003886445
2026-05-25,2026-05-25 11:40:38,V010,56.0,1.0182592570930555
2026-05-25,2026-05-25 11:40:39,V010,56.0,1.0181008753827336
2026-05-25,2026-05-25 11:40:40,V010,57.0,1.0185110734532021
2026-05-25,2026-05-25 11:40:41,V010,58.0,1.017632692042283
2026-05-25,2026-05-25 11:40:42,V010,58.0,1.0182449133336973
2026-05-25,2026-05-25 11:40:43,V010,58.0,1.0183623718352686
2026-05-25,2026-05-25 11:40:44,V010,59.0,1.0186197854182033
2026-05-25,2026-05-25 11:40:45,V010,59.0,1.017315658858637
2026-05-25,2026-05-25 11:40:46,V010,59.0,1.0181240248400243
2026-05-25,2026-05-25 11:40:47,V010,59.0,1.0179252116763928
2026-05-25,2026-05-25 11:40:48,V010,59.0,1.0187913409372316
2026-05-25,2026-05-25 11:40:49,V010,59.0,1.0186150760884858
2026-05-25,2026-05-25 11:40:50,V010,58.0,1.0182059395515508
2026-05-25,2026-05-25 11:40:51,V010,58.0,1.0183626992719454
2026-05-25,2026-05-25 11:40:52,V010,59.0,1.0181948065499216
2026-05-25,2026-05-25 11:40:53,V010,59.0,1.0180265697351387
2026-05-25,2026-05-25 11:40:54,V010,59.0,1.0178329489087659
2026-05-25,2026-05-25 11:40:55,V010,60.0,1.0181724461149253
2026-05-25,2026-05-25 11:40:56,V010,60.0,1.0183647443571646
2026-05-25,2026-05-25 11:40:57,V010,61.0,1.0185669599505545
2026-05-25,2026-05-25 11:40:58,V010,62.0,1.018177591175183
2026-05-25,2026-05-25 11:40:59,V010,62.0,1.0183347960379279
2026-05-25,2026-05-25 11:41:00,V010,62.0,1.0180752973386122
2026-05-25,2026-05-25 11:41:01,V010,62.0,1.0181222890474249
2026-05-25,2026-05-25 11:41:02,V010,61.0,1.0175417170864474
2026-05-25,2026-05-25 11:41:03,V010,60.0,1.0180449393049893
2026-05-25,2026-05-25 11:41:04,V010,60.0,1.0185114007205978
2026-05-25,2026-05-25 11:41:05,V010,59.0,1.0187809088258246
2026-05-25,2026-05-25 11:41:06,V010,58.0,1.0176408233209404
2026-05-25,2026-05-25 11:41:07,V010,58.0,1.0183630850607814
2026-05-25,2026-05-25 11:41:08,V010,57.0,1.0183094344001966
2026-05-25,2026-05-25 11:41:09,V010,57.0,1.0183622458805281
2026-05-25,2026-05-25 11:41:10,V010,57.0,1.0182610986695426
2026-05-25,2026-05-25 11:41:11,V010,57.0,1.0181735351286492
2026-05-25,2026-05-25 11:41:12,V010,58.0,1.0177016704720894
2026-05-25,2026-05-25 11:41:13,V010,58.0,1.0184836486462971
2026-05-25,2026-05-25 11:41:14,V010,58.0,1.0181614813506723
2026-05-25,2026-05-25 11:41:15,V010,59.0,1.0182448851050878
2026-05-25,2026-05-25 11:41:16,V010,59.0,1.018623180619697
2026-05-25,2026-05-25 11:41:17,V010,59.0,1.0192328618793631
2026-05-25,2026-05-25 11:41:18,V010,59.0,1.018135478372255
2026-05-25,2026-05-25 11:41:19,V010,58.0,1.0175138095732938
2026-05-25,2026-05-25 11:41:20,V010,58.0,1.018855342297457
2026-05-25,2026-05-25 11:41:21,V010,58.0,1.0078836403794
2026-05-25,2026-05-25 11:41:22,V010,58.0,1.0006670698324884
2026-05-25,2026-05-25 11:41:23,V010,58.0,0.9978103770435692
2026-05-25,2026-05-25 11:41:24,V010,58.0,0.9968259350758771
2026-05-25,2026-05-25 11:41:25,V010,58.0,0.9959502422390137
2026-05-25,2026-05-25 11:41:26,V010,58.0,1.0034868118241942
2026-05-25,2026-05-25 11:41:27,V010,58.0,0.9847090585246076
2026-05-25,2026-05-25 11:41:28,V010,59.0,0.9889396606622725
2026-05-25,2026-05-25 11:41:29,V010,59.0,1.0040658645614418
2026-05-25,2026-05-25 11:41:30,V010,60.0,0.9969740621121447
2026-05-25,2026-05-25 11:41:31,V010,61.0,0.9962109054227181
2026-05-25,2026-05-25 11:41:32,V010,62.0,1.0141548476660605
2026-05-25,2026-05-25 11:41:33,V010,63.0,1.0076387017807482
2026-05-25,2026-05-25 11:41:34,V010,64.0,1.00747996307652
2026-05-25,2026-05-25 11:41:35,V010,65.0,1.009541701893402
2026-05-25,2026-05-25 11:41:36,V010,66.0,0.9911905786280016
2026-05-25,2026-05-25 11:41:37,V010,67.0,1.0088491262899246
2026-05-25,2026-05-25 11:41:38,V010,69.0,1.008756942074087
2026-05-25,2026-05-25 11:41:39,V010,71.0,1.0214102739536128
2026-05-25,2026-05-25 11:41:40,V010,73.0,1.0074019078207497
2026-05-25,2026-05-25 11:41:41,V010,74.0,1.0159563044445696
2026-05-25,2026-05-25 11:41:42,V010,76.0,1.000894320046134
2026-05-25,2026-05-25 11:41:43,V010,76.0,1.0123305753215899
2026-05-25,2026-05-25 11:41:44,V010,76.0,1.012000565454299
2026-05-25,2026-05-25 11:41:45,V010,75.0,1.026087393803525
2026-05-25,2026-05-25 11:41:46,V010,74.0,1.057949743141072
2026-05-25,2026-05-25 11:41:47,V010,73.0,1.00626965924285
2026-05-25,2026-05-25 11:41:48,V010,73.0,1.0133361078450234
2026-05-25,2026-05-25 11:41:49,V010,73.0,1.204276318939381
2026-05-25,2026-05-25 11:41:50,V010,73.0,1.007625654539912
2026-05-25,2026-05-25 11:41:51,V010,73.0,1.0181438412799348
2026-05-25,2026-05-25 11:41:52,V010,74.0,1.0062226860643826
2026-05-25,2026-05-25 11:41:53,V010,74.0,1.1561610982695392
2026-05-25,2026-05-25 11:41:54,V010,75.0,1.026043772340421
2026-05-25,2026-05-25 11:41:55,V010,75.0,1.5978363921734877
2026-05-25,2026-05-25 11:41:56,V010,76.0,1.5774583476602495
2026-05-25,2026-05-25 11:41:57,V010,77.0,1.0770761425036328
2026-05-25,2026-05-25 11:41:58,V010,78.0,1.0140066330944877
2026-05-25,2026-05-25 11:41:59,V010,79.0,1.0294555860347587
2026-05-25,2026-05-25 11:42:00,V010,79.0,1.0322282990619305
2026-05-25,2026-05-25 11:42:01,V010,79.0,1.022011816829596
2026-05-25,2026-05-25 11:42:02,V010,80.0,1.0496366213590094
2026-05-25,2026-05-25 11:42:03,V010,81.0,1.0286765261225175
2026-05-25,2026-05-25 11:42:04,V010,82.0,1.1409916050530275
2026-05-25,2026-05-25 11:42:05,V010,83.0,1.0398079218459528
2026-05-25,2026-05-25 11:42:06,V010,84.0,1.042510322310508
2026-05-25,2026-05-25 11:42:07,V010,85.0,1.0333761480891943
2026-05-25,2026-05-25 11:42:08,V010,86.0,1.016535602449671
2026-05-25,2026-05-25 11:42:09,V010,87.0,1.187985380014924
2026-05-25,2026-05-25 11:42:10,V010,88.0,1.0801388992877532
2026-05-25,2026-05-25 11:42:11,V010,89.0,1.0269968288785654
2026-05-25,2026-05-25 11:42:12,V010,90.0,1.018033097915875
2026-05-25,2026-05-25 11:42:13,V010,90.0,1.0141565763935487
2026-05-25,2026-05-25 11:42:14,V010,91.0,1.0916532660651044
2026-05-25,2026-05-25 11:42:15,V010,92.0,1.0447020545094257
2026-05-25,2026-05-25 11:42:16,V010,92.0,1.0460282534494687
2026-05-25,2026-05-25 11:42:17,V010,91.0,1.022838540447494
2026-05-25,2026-05-25 11:42:18,V010,92.0,1.02334851909304
2026-05-25,2026-05-25 11:42:19,V010,92.0,1.0270663224189998
2026-05-25,2026-05-25 11:42:20,V010,92.0,1.0227147307624684
2026-05-25,2026-05-25 11:42:21,V010,92.0,1.021905729233304
2026-05-25,2026-05-25 11:42:22,V010,93.0,1.1330318044767282
2026-05-25,2026-05-25 11:42:23,V010,93.0,1.0820805469854846
2026-05-25,2026-05-25 11:42:24,V010,93.0,1.0766926365580132
2026-05-25,2026-05-25 11:42:25,V010,94.0,1.0502276435313644
2026-05-25,2026-05-25 11:42:26,V010,94.0,1.0086387669992716
2026-05-25,2026-05-25 11:42:27,V010,95.0,1.033860156808992
2026-05-25,2026-05-25 11:42:28,V010,94.0,0.9976749551908862
2026-05-25,2026-05-25 11:42:29,V010,94.0,1.035395274908859
2026-05-25,2026-05-25 11:42:30,V010,94.0,1.0132187918620021
2026-05-25,2026-05-25 11:42:31,V010,94.0,1.0832935080332973
2026-05-25,2026-05-25 11:42:32,V010,94.0,0.9550636524268892
2026-05-25,2026-05-25 11:42:33,V010,94.0,1.0520410876745423
2026-05-25,2026-05-25 11:42:34,V010,94.0,1.1505479825269067
2026-05-25,2026-05-25 11:42:35,V010,94.0,1.0931719220544434
2026-05-25,2026-05-25 11:42:36,V010,94.0,0.9731708678691671
2026-05-25,2026-05-25 11:42:37,V010,93.0,1.0247993885654672
2026-05-25,2026-05-25 11:42:38,V010,93.0,1.0162243448676667
2026-05-25,2026-05-25 11:42:39,V010,93.0,1.0661707866271637
2026-05-25,2026-05-25 11:42:40,V010,93.0,0.9756114452565996
2026-05-25,2026-05-25 11:42:41,V010,93.0,0.9803683465344837
2026-05-25,2026-05-25 11:42:42,V010,93.0,1.0497073201603573
2026-05-25,2026-05-25 11:42:43,V010,93.0,1.0336897700370187
2026-05-25,2026-05-25 11:42:44,V010,93.0,0.9813110247920926
2026-05-25,2026-05-25 11:42:45,V010,93.0,1.021942596777652
2026-05-25,2026-05-25 11:42:46,V010,93.0,1.0475721356981171
2026-05-25,2026-05-25 11:42:47,V010,93.0,0.99586597578882
2026-05-25,2026-05-25 11:42:48,V010,93.0,1.0287759609049947
2026-05-25,2026-05-25 11:42:49,V010,93.0,1.016760784028139
2026-05-25,2026-05-25 11:42:50,V010,92.0,1.0892411411792047
2026-05-25,2026-05-25 11:42:51,V010,92.0,0.9989317445536924
2026-05-25,2026-05-25 11:42:52,V010,92.0,1.026695748216437
2026-05-25,2026-05-25 11:42:53,V010,91.0,0.9963771780095888
2026-05-25,2026-05-25 11:42:54,V010,91.0,0.9683063783610565
2026-05-25,2026-05-25 11:42:55,V010,91.0,0.9683885946640539
2026-05-25,2026-05-25 11:42:56,V010,90.0,0.9969827294971111
2026-05-25,2026-05-25 11:42:57,V010,90.0,0.9961461971429009
2026-05-25,2026-05-25 11:42:58,V010,90.0,0.9860941198596089
2026-05-25,2026-05-25 11:42:59,V010,90.0,1.023097534262154
2026-05-25,2026-05-25 11:43:00,V010,90.0,0.9814139148757675
2026-05-25,2026-05-25 11:43:01,V010,90.0,1.014860304458005
2026-05-25,2026-05-25 11:43:02,V010,90.0,0.9869233839482616
2026-05-25,2026-05-25 11:43:03,V010,90.0,1.0033916236726714
2026-05-25,2026-05-25 11:43:04,V010,90.0,0.997657433373436
2026-05-25,2026-05-25 11:43:05,V010,90.0,1.0047313357456709
2026-05-25,2026-05-25 11:43:06,V010,90.0,1.0092202357484397
2026-05-25,2026-05-25 11:43:07,V010,90.0,1.0175480586676773
2026-05-25,2026-05-25 11:43:08,V010,91.0,1.0087510125313497
2026-05-25,2026-05-25 11:43:09,V010,91.0,1.0298676061661554
2026-05-25,2026-05-25 11:43:10,V010,91.0,1.02169529748323
2026-05-25,2026-05-25 11:43:11,V010,91.0,1.0268682580838193
2026-05-25,2026-05-25 11:43:12,V010,91.0,1.0273068345341378
2026-05-25,2026-05-25 11:43:13,V010,91.0,1.0290054351095435
2026-05-25,2026-05-25 11:43:14,V010,91.0,1.0168675287132707
2026-05-25,2026-05-25 11:43:15,V010,92.0,1.0229095738214191
2026-05-25,2026-05-25 11:43:16,V010,91.0,1.0219415205469695
2026-05-25,2026-05-25 11:43:17,V010,91.0,1.0209010183336509
2026-05-25,2026-05-25 11:43:18,V010,90.0,1.0121153996348276
2026-05-25,2026-05-25 11:43:19,V010,89.0,0.980969008863886
2026-05-25,2026-05-25 11:43:20,V010,88.0,1.1097315941308779
2026-05-25,2026-05-25 11:43:21,V010,87.0,1.113003308320111
2026-05-25,2026-05-25 11:43:22,V010,87.0,1.020100164570316
2026-05-25,2026-05-25 11:43:23,V010,87.0,1.0175878986751097
2026-05-25,2026-05-25 11:43:24,V010,87.0,1.018723577860531
2026-05-25,2026-05-25 11:43:25,V010,88.0,1.0131740848158366
2026-05-25,2026-05-25 11:43:26,V010,88.0,1.0329340464136014
2026-05-25,2026-05-25 11:43:27,V010,88.0,1.0310143609179152
2026-05-25,2026-05-25 11:43:28,V010,88.0,1.015635257265182
2026-05-25,2026-05-25 11:43:29,V010,88.0,1.0204071365590779
2026-05-25,2026-05-25 11:43:30,V010,88.0,1.0563859652944974
2026-05-25,2026-05-25 11:43:31,V010,88.0,1.0018608679416123
2026-05-25,2026-05-25 11:43:32,V010,88.0,1.0240262032183383
2026-05-25,2026-05-25 11:43:33,V010,88.0,1.0151568396743453
2026-05-25,2026-05-25 11:43:34,V010,88.0,1.020894680178519
2026-05-25,2026-05-25 11:43:35,V010,88.0,1.0186007782317907
2026-05-25,2026-05-25 11:43:36,V010,88.0,1.0178480060318007
2026-05-25,2026-05-25 11:43:37,V010,88.0,1.0173769492250941
2026-05-25,2026-05-25 11:43:38,V010,88.0,1.0223673197730108
2026-05-25,2026-05-25 11:43:39,V010,88.0,1.0153040871798786
2026-05-25,2026-05-25 11:43:40,V010,89.0,1.016862709365403
2026-05-25,2026-05-25 11:43:41,V010,89.0,1.0240656092616922
2026-05-25,2026-05-25 11:43:42,V010,89.0,1.0103495031480907
2026-05-25,2026-05-25 11:43:43,V010,89.0,1.014047404245445
2026-05-25,2026-05-25 11:43:44,V010,90.0,1.018959653910784
2026-05-25,2026-05-25 11:43:45,V010,90.0,1.0272771204545632
2026-05-25,2026-05-25 11:43:46,V010,90.0,1.0171585698463186
2026-05-25,2026-05-25 11:43:47,V010,90.0,1.0196923577018433
2026-05-25,2026-05-25 11:43:48,V010,90.0,1.0146552793265176
2026-05-25,2026-05-25 11:43:49,V010,90.0,1.0171374256684649
2026-05-25,2026-05-25 11:43:50,V010,90.0,1.0162672893324163
2026-05-25,2026-05-25 11:43:51,V010,90.0,1.015157458197797
2026-05-25,2026-05-25 11:43:52,V010,90.0,1.0182391921456835
2026-05-25,2026-05-25 11:43:53,V010,90.0,1.019525580395444
2026-05-25,2026-05-25 11:43:54,V010,89.0,1.0169389343866093
2026-05-25,2026-05-25 11:43:55,V010,89.0,1.0158129971200798
2026-05-25,2026-05-25 11:43:56,V010,88.0,1.0122785260716305
2026-05-25,2026-05-25 11:43:57,V010,88.0,1.0207274230460803
2026-05-25,2026-05-25 11:43:58,V010,87.0,1.0187613436463963
2026-05-25,2026-05-25 11:43:59,V010,86.0,1.02015694515821
2026-05-25,2026-05-25 11:44:00,V010,86.0,1.0190635727723363
2026-05-25,2026-05-25 11:44:01,V010,86.0,1.0181619348306978
2026-05-25,2026-05-25 11:44:02,V010,86.0,1.0197548414637938
2026-05-25,2026-05-25 11:44:03,V010,86.0,1.017319563312465
2026-05-25,2026-05-25 11:44:04,V010,86.0,1.017910655776467
2026-05-25,2026-05-25 11:44:05,V010,85.0,1.032715914970269
2026-05-25,2026-05-25 11:44:06,V010,85.0,1.0186206864434453
2026-05-25,2026-05-25 11:44:07,V010,85.0,1.1011495631935058
2026-05-25,2026-05-25 11:44:08,V010,85.0,1.016759070495795
2026-05-25,2026-05-25 11:44:09,V010,84.0,1.028941891594943
2026-05-25,2026-05-25 11:44:10,V010,84.0,1.0214350532818386
2026-05-25,2026-05-25 11:44:11,V010,84.0,1.0249642760862394
2026-05-25,2026-05-25 11:44:12,V010,84.0,1.0237999281117036
2026-05-25,2026-05-25 11:44:13,V010,84.0,1.0244900419050498
2026-05-25,2026-05-25 11:44:14,V010,84.0,1.023429158858633
2026-05-25,2026-05-25 11:44:15,V010,84.0,1.0283357222231846
2026-05-25,2026-05-25 11:44:16,V010,84.0,1.0242447670852173
2026-05-25,2026-05-25 11:44:17,V010,84.0,1.0239319512056237
2026-05-25,2026-05-25 11:44:18,V010,84.0,1.0243427854991565
2026-05-25,2026-05-25 11:44:19,V010,84.0,1.039436221675199
2026-05-25,2026-05-25 11:44:20,V010,83.0,1.0174791272904546
2026-05-25,2026-05-25 11:44:21,V010,83.0,1.0149229515701566
2026-05-25,2026-05-25 11:44:22,V010,82.0,1.02550132435842
2026-05-25,2026-05-25 11:44:23,V010,81.0,1.0339262101224675
2026-05-25,2026-05-25 11:44:24,V010,79.0,1.0247888740480382
2026-05-25,2026-05-25 11:44:25,V010,78.0,1.0233752108894767
2026-05-25,2026-05-25 11:44:26,V010,77.0,1.0272726427840266
2026-05-25,2026-05-25 11:44:27,V010,77.0,1.0262797085252149
2026-05-25,2026-05-25 11:44:28,V010,77.0,1.0263891513484527
2026-05-25,2026-05-25 11:44:29,V010,77.0,
2026-05-25,2026-05-25 11:44:30,V010,77.0,
2026-05-25,2026-05-25 11:44:31,V010,77.0,
