Date,Timestamp,SensorID,HeartRate,AccNorm
2026-05-25,2026-05-25 11:12:05,V035,,0.9937722050544936
2026-05-25,2026-05-25 11:12:06,V035,,0.9950828620074244
2026-05-25,2026-05-25 11:12:07,V035,,0.9929054560324928
2026-05-25,2026-05-25 11:12:08,V035,78.0,0.9947615347963138
2026-05-25,2026-05-25 11:12:09,V035,77.0,0.9940685862918305
2026-05-25,2026-05-25 11:12:10,V035,76.0,0.9923132509599563
2026-05-25,2026-05-25 11:12:11,V035,76.0,0.9946481905066042
2026-05-25,2026-05-25 11:12:12,V035,75.0,0.9944660386812756
2026-05-25,2026-05-25 11:12:13,V035,74.0,0.9939032394216004
2026-05-25,2026-05-25 11:12:14,V035,74.0,0.9934775002422153
2026-05-25,2026-05-25 11:12:15,V035,74.0,0.9917153542496068
2026-05-25,2026-05-25 11:12:16,V035,74.0,0.9935014737335458
2026-05-25,2026-05-25 11:12:17,V035,74.0,0.9913212616062944
2026-05-25,2026-05-25 11:12:18,V035,74.0,0.9942586014807878
2026-05-25,2026-05-25 11:12:19,V035,74.0,0.993520165058204
2026-05-25,2026-05-25 11:12:20,V035,74.0,0.9935179447201349
2026-05-25,2026-05-25 11:12:21,V035,74.0,0.9938385345682113
2026-05-25,2026-05-25 11:12:22,V035,74.0,0.9930271961078767
2026-05-25,2026-05-25 11:12:23,V035,74.0,0.994331464297325
2026-05-25,2026-05-25 11:12:24,V035,74.0,0.9957600860658228
2026-05-25,2026-05-25 11:12:25,V035,75.0,0.9964766825538038
2026-05-25,2026-05-25 11:12:26,V035,75.0,0.9947088159942105
2026-05-25,2026-05-25 11:12:27,V035,75.0,0.9943286295119169
2026-05-25,2026-05-25 11:12:28,V035,74.0,0.9943714693107492
2026-05-25,2026-05-25 11:12:29,V035,74.0,0.995519621508551
2026-05-25,2026-05-25 11:12:30,V035,74.0,0.9922528574262779
2026-05-25,2026-05-25 11:12:31,V035,73.0,0.9931288915670164
2026-05-25,2026-05-25 11:12:32,V035,73.0,0.996682909097654
2026-05-25,2026-05-25 11:12:33,V035,72.0,0.9937796148345871
2026-05-25,2026-05-25 11:12:34,V035,71.0,0.9938732418564432
2026-05-25,2026-05-25 11:12:35,V035,71.0,0.9930672948140128
2026-05-25,2026-05-25 11:12:36,V035,70.0,0.9929455652250392
2026-05-25,2026-05-25 11:12:37,V035,69.0,0.9922380476704449
2026-05-25,2026-05-25 11:12:38,V035,69.0,0.9945090690961793
2026-05-25,2026-05-25 11:12:39,V035,69.0,0.9942670793168261
2026-05-25,2026-05-25 11:12:40,V035,70.0,0.9952451886515571
2026-05-25,2026-05-25 11:12:41,V035,71.0,0.9926184298813573
2026-05-25,2026-05-25 11:12:42,V035,71.0,0.9937050335708321
2026-05-25,2026-05-25 11:12:43,V035,71.0,0.9941922946111994
2026-05-25,2026-05-25 11:12:44,V035,72.0,0.9943699564513291
2026-05-25,2026-05-25 11:12:45,V035,71.0,0.9943344282605721
2026-05-25,2026-05-25 11:12:46,V035,71.0,0.9937103893422008
2026-05-25,2026-05-25 11:12:47,V035,71.0,0.994412247405037
2026-05-25,2026-05-25 11:12:48,V035,70.0,0.9935051716572513
2026-05-25,2026-05-25 11:12:49,V035,70.0,0.9942243275680246
2026-05-25,2026-05-25 11:12:50,V035,71.0,0.9933740026592743
2026-05-25,2026-05-25 11:12:51,V035,71.0,0.9947320680341568
2026-05-25,2026-05-25 11:12:52,V035,71.0,0.9940377061773855
2026-05-25,2026-05-25 11:12:53,V035,71.0,0.9933154626773215
2026-05-25,2026-05-25 11:12:54,V035,71.0,0.9931662309485546
2026-05-25,2026-05-25 11:12:55,V035,71.0,0.9946566197273934
2026-05-25,2026-05-25 11:12:56,V035,71.0,0.994060694967264
2026-05-25,2026-05-25 11:12:57,V035,71.0,0.9939174513232287
2026-05-25,2026-05-25 11:12:58,V035,71.0,0.9940830358728904
2026-05-25,2026-05-25 11:12:59,V035,72.0,0.9935802352922891
2026-05-25,2026-05-25 11:13:00,V035,72.0,0.9941214161609505
2026-05-25,2026-05-25 11:13:01,V035,72.0,0.9927205560011503
2026-05-25,2026-05-25 11:13:02,V035,72.0,0.9938620063394135
2026-05-25,2026-05-25 11:13:03,V035,72.0,0.9950887551730855
2026-05-25,2026-05-25 11:13:04,V035,72.0,0.9938990579237695
2026-05-25,2026-05-25 11:13:05,V035,71.0,0.9950192682593305
2026-05-25,2026-05-25 11:13:06,V035,71.0,0.9963243765234074
2026-05-25,2026-05-25 11:13:07,V035,71.0,0.9927409239143637
2026-05-25,2026-05-25 11:13:08,V035,71.0,0.9947485242334552
2026-05-25,2026-05-25 11:13:09,V035,71.0,0.9927427083699627
2026-05-25,2026-05-25 11:13:10,V035,71.0,0.9930659421539886
2026-05-25,2026-05-25 11:13:11,V035,72.0,0.9941106561370939
2026-05-25,2026-05-25 11:13:12,V035,72.0,0.9927777803715666
2026-05-25,2026-05-25 11:13:13,V035,72.0,0.9932701335272114
2026-05-25,2026-05-25 11:13:14,V035,72.0,0.9945157710144937
2026-05-25,2026-05-25 11:13:15,V035,72.0,0.9932304044629133
2026-05-25,2026-05-25 11:13:16,V035,72.0,0.9951927056126307
2026-05-25,2026-05-25 11:13:17,V035,72.0,0.9958336239920871
2026-05-25,2026-05-25 11:13:18,V035,72.0,0.9957207301224723
2026-05-25,2026-05-25 11:13:19,V035,71.0,0.9942969074419151
2026-05-25,2026-05-25 11:13:20,V035,71.0,0.9940850896002511
2026-05-25,2026-05-25 11:13:21,V035,71.0,0.994346616715454
2026-05-25,2026-05-25 11:13:22,V035,71.0,0.9933826663925585
2026-05-25,2026-05-25 11:13:23,V035,71.0,0.9939382855657097
2026-05-25,2026-05-25 11:13:24,V035,70.0,0.9931228962277724
2026-05-25,2026-05-25 11:13:25,V035,69.0,0.9939145855177123
2026-05-25,2026-05-25 11:13:26,V035,69.0,0.9938056189106148
2026-05-25,2026-05-25 11:13:27,V035,68.0,0.9942481823625655
2026-05-25,2026-05-25 11:13:28,V035,68.0,0.994063741159439
2026-05-25,2026-05-25 11:13:29,V035,68.0,0.9950039948192737
2026-05-25,2026-05-25 11:13:30,V035,68.0,0.9943913993358127
2026-05-25,2026-05-25 11:13:31,V035,68.0,0.9923631071746019
2026-05-25,2026-05-25 11:13:32,V035,69.0,0.9927987497091274
2026-05-25,2026-05-25 11:13:33,V035,69.0,0.9938543238221927
2026-05-25,2026-05-25 11:13:34,V035,69.0,0.9947822109818713
2026-05-25,2026-05-25 11:13:35,V035,69.0,0.9950850220733966
2026-05-25,2026-05-25 11:13:36,V035,68.0,0.9929999242517723
2026-05-25,2026-05-25 11:13:37,V035,67.0,0.9939062873176779
2026-05-25,2026-05-25 11:13:38,V035,67.0,0.9938857651769368
2026-05-25,2026-05-25 11:13:39,V035,66.0,0.993179427983026
2026-05-25,2026-05-25 11:13:40,V035,66.0,0.9933709682827184
2026-05-25,2026-05-25 11:13:41,V035,66.0,0.9943415100809194
2026-05-25,2026-05-25 11:13:42,V035,66.0,0.993460333422541
2026-05-25,2026-05-25 11:13:43,V035,66.0,0.9941313222927458
2026-05-25,2026-05-25 11:13:44,V035,66.0,0.993300479213126
2026-05-25,2026-05-25 11:13:45,V035,66.0,0.9954027854345587
2026-05-25,2026-05-25 11:13:46,V035,66.0,0.9934338134849154
2026-05-25,2026-05-25 11:13:47,V035,67.0,0.9966273815117975
2026-05-25,2026-05-25 11:13:48,V035,67.0,0.9943521123940149
2026-05-25,2026-05-25 11:13:49,V035,67.0,0.9943557953861274
2026-05-25,2026-05-25 11:13:50,V035,68.0,0.993899724238874
2026-05-25,2026-05-25 11:13:51,V035,68.0,0.994195387391471
2026-05-25,2026-05-25 11:13:52,V035,69.0,0.9924484447351404
2026-05-25,2026-05-25 11:13:53,V035,70.0,0.9935850604985675
2026-05-25,2026-05-25 11:13:54,V035,71.0,0.9915744441940427
2026-05-25,2026-05-25 11:13:55,V035,71.0,0.9936339652689579
2026-05-25,2026-05-25 11:13:56,V035,71.0,0.9930816390474643
2026-05-25,2026-05-25 11:13:57,V035,71.0,0.9938428382043875
2026-05-25,2026-05-25 11:13:58,V035,71.0,0.9942302794451123
2026-05-25,2026-05-25 11:13:59,V035,71.0,0.994868152795202
2026-05-25,2026-05-25 11:14:00,V035,71.0,0.996809231443622
2026-05-25,2026-05-25 11:14:01,V035,70.0,0.9971249177641601
2026-05-25,2026-05-25 11:14:02,V035,70.0,0.9906246725758069
2026-05-25,2026-05-25 11:14:03,V035,70.0,0.9940976064748877
2026-05-25,2026-05-25 11:14:04,V035,71.0,0.995652265362156
2026-05-25,2026-05-25 11:14:05,V035,71.0,0.9946740810089532
2026-05-25,2026-05-25 11:14:06,V035,71.0,0.9949402087924609
2026-05-25,2026-05-25 11:14:07,V035,71.0,0.9942961485339211
2026-05-25,2026-05-25 11:14:08,V035,70.0,0.993300963037023
2026-05-25,2026-05-25 11:14:09,V035,70.0,0.9445852269824905
2026-05-25,2026-05-25 11:14:10,V035,70.0,0.9904227938879152
2026-05-25,2026-05-25 11:14:11,V035,70.0,0.9950645828853192
2026-05-25,2026-05-25 11:14:12,V035,69.0,0.9940178484911829
2026-05-25,2026-05-25 11:14:13,V035,69.0,0.9940568783500221
2026-05-25,2026-05-25 11:14:14,V035,70.0,0.9945231012338808
2026-05-25,2026-05-25 11:14:15,V035,70.0,0.9945761411467553
2026-05-25,2026-05-25 11:14:16,V035,70.0,0.995561545717876
2026-05-25,2026-05-25 11:14:17,V035,70.0,0.9936729183173052
2026-05-25,2026-05-25 11:14:18,V035,70.0,0.9833308670227786
2026-05-25,2026-05-25 11:14:19,V035,69.0,1.0048119104883932
2026-05-25,2026-05-25 11:14:20,V035,69.0,1.005526132102743
2026-05-25,2026-05-25 11:14:21,V035,69.0,0.9972603188429198
2026-05-25,2026-05-25 11:14:22,V035,69.0,0.9869829208599673
2026-05-25,2026-05-25 11:14:23,V035,69.0,0.999022555360976
2026-05-25,2026-05-25 11:14:24,V035,70.0,0.9699190563154328
2026-05-25,2026-05-25 11:14:25,V035,70.0,1.0687442831049385
2026-05-25,2026-05-25 11:14:26,V035,70.0,0.9982644493700407
2026-05-25,2026-05-25 11:14:27,V035,70.0,1.010322988985868
2026-05-25,2026-05-25 11:14:28,V035,71.0,1.0553556457298203
2026-05-25,2026-05-25 11:14:29,V035,71.0,1.0904544034075283
2026-05-25,2026-05-25 11:14:30,V035,71.0,0.9376726270918311
2026-05-25,2026-05-25 11:14:31,V035,71.0,0.9967366235340928
2026-05-25,2026-05-25 11:14:32,V035,72.0,1.011557603682353
2026-05-25,2026-05-25 11:14:33,V035,72.0,1.0242106989736344
2026-05-25,2026-05-25 11:14:34,V035,72.0,1.0056834612139878
2026-05-25,2026-05-25 11:14:35,V035,73.0,1.127372800184277
2026-05-25,2026-05-25 11:14:36,V035,73.0,1.128461392928737
2026-05-25,2026-05-25 11:14:37,V035,74.0,1.4051124496032923
2026-05-25,2026-05-25 11:14:38,V035,74.0,0.9933199136422695
2026-05-25,2026-05-25 11:14:39,V035,75.0,1.047420440692189
2026-05-25,2026-05-25 11:14:40,V035,75.0,1.0890122392652162
2026-05-25,2026-05-25 11:14:41,V035,76.0,0.9853819137279929
2026-05-25,2026-05-25 11:14:42,V035,77.0,1.0295944087452893
2026-05-25,2026-05-25 11:14:43,V035,79.0,1.0283487934448152
2026-05-25,2026-05-25 11:14:44,V035,80.0,1.020091143090619
2026-05-25,2026-05-25 11:14:45,V035,82.0,1.0719036023476072
2026-05-25,2026-05-25 11:14:46,V035,83.0,0.9989126367562531
2026-05-25,2026-05-25 11:14:47,V035,85.0,1.107932355797279
2026-05-25,2026-05-25 11:14:48,V035,86.0,1.0257290229377027
2026-05-25,2026-05-25 11:14:49,V035,86.0,0.9956129197698852
2026-05-25,2026-05-25 11:14:50,V035,87.0,1.0717225195879736
2026-05-25,2026-05-25 11:14:51,V035,87.0,1.140881797754424
2026-05-25,2026-05-25 11:14:52,V035,87.0,1.1498973028165886
2026-05-25,2026-05-25 11:14:53,V035,88.0,1.0566064779994397
2026-05-25,2026-05-25 11:14:54,V035,88.0,1.0260986685322955
2026-05-25,2026-05-25 11:14:55,V035,89.0,1.0820747907599688
2026-05-25,2026-05-25 11:14:56,V035,89.0,1.0991815410189993
2026-05-25,2026-05-25 11:14:57,V035,89.0,1.1129300519054197
2026-05-25,2026-05-25 11:14:58,V035,89.0,1.0110778780203096
2026-05-25,2026-05-25 11:14:59,V035,89.0,1.0942602210191714
2026-05-25,2026-05-25 11:15:00,V035,89.0,1.3095045052616532
2026-05-25,2026-05-25 11:15:01,V035,89.0,1.4047824689997812
2026-05-25,2026-05-25 11:15:02,V035,90.0,1.300906138768621
2026-05-25,2026-05-25 11:15:03,V035,90.0,1.1385899136839088
2026-05-25,2026-05-25 11:15:04,V035,90.0,1.314018600872289
2026-05-25,2026-05-25 11:15:05,V035,91.0,1.9474373704071648
2026-05-25,2026-05-25 11:15:06,V035,91.0,1.0362504051971957
2026-05-25,2026-05-25 11:15:07,V035,93.0,1.1388932415867548
2026-05-25,2026-05-25 11:15:08,V035,93.0,1.0257539783704814
2026-05-25,2026-05-25 11:15:09,V035,95.0,1.3877489218994319
2026-05-25,2026-05-25 11:15:10,V035,96.0,1.883297042477655
2026-05-25,2026-05-25 11:15:11,V035,96.0,1.0140827154500285
2026-05-25,2026-05-25 11:15:12,V035,97.0,1.015218526293515
2026-05-25,2026-05-25 11:15:13,V035,97.0,1.0323297794592903
2026-05-25,2026-05-25 11:15:14,V035,97.0,1.03894769849141
2026-05-25,2026-05-25 11:15:15,V035,97.0,1.291955113793469
2026-05-25,2026-05-25 11:15:16,V035,97.0,1.0185346341361987
2026-05-25,2026-05-25 11:15:17,V035,97.0,1.0050671126886876
2026-05-25,2026-05-25 11:15:18,V035,97.0,1.055965339507269
2026-05-25,2026-05-25 11:15:19,V035,97.0,1.0153426957240173
2026-05-25,2026-05-25 11:15:20,V035,97.0,1.0477446326421567
2026-05-25,2026-05-25 11:15:21,V035,97.0,1.0021707074944848
2026-05-25,2026-05-25 11:15:22,V035,97.0,1.035943354818428
2026-05-25,2026-05-25 11:15:23,V035,97.0,1.1321173849299209
2026-05-25,2026-05-25 11:15:24,V035,97.0,1.0296287475355486
2026-05-25,2026-05-25 11:15:25,V035,97.0,1.0001839361804161
2026-05-25,2026-05-25 11:15:26,V035,96.0,1.0251907985143835
2026-05-25,2026-05-25 11:15:27,V035,96.0,1.0057363901499583
2026-05-25,2026-05-25 11:15:28,V035,95.0,1.1166372638591566
2026-05-25,2026-05-25 11:15:29,V035,95.0,1.0082023644136275
2026-05-25,2026-05-25 11:15:30,V035,94.0,1.1378993068792003
2026-05-25,2026-05-25 11:15:31,V035,93.0,1.1334194415413799
2026-05-25,2026-05-25 11:15:32,V035,93.0,1.1605969701592678
2026-05-25,2026-05-25 11:15:33,V035,93.0,1.112271442469966
2026-05-25,2026-05-25 11:15:34,V035,93.0,1.0309108861975578
2026-05-25,2026-05-25 11:15:35,V035,93.0,1.0209613937773083
2026-05-25,2026-05-25 11:15:36,V035,93.0,0.9995102965417569
2026-05-25,2026-05-25 11:15:37,V035,93.0,1.028732869533507
2026-05-25,2026-05-25 11:15:38,V035,93.0,1.0292244465958436
2026-05-25,2026-05-25 11:15:39,V035,93.0,1.0384106947162763
2026-05-25,2026-05-25 11:15:40,V035,93.0,1.0002721256712939
2026-05-25,2026-05-25 11:15:41,V035,93.0,1.0442108447129288
2026-05-25,2026-05-25 11:15:42,V035,93.0,0.996316732895473
2026-05-25,2026-05-25 11:15:43,V035,93.0,0.9872408496119155
2026-05-25,2026-05-25 11:15:44,V035,93.0,1.0432457280512346
2026-05-25,2026-05-25 11:15:45,V035,93.0,1.12074860421144
2026-05-25,2026-05-25 11:15:46,V035,93.0,1.075745113313763
2026-05-25,2026-05-25 11:15:47,V035,94.0,1.0146644832591227
2026-05-25,2026-05-25 11:15:48,V035,94.0,1.03520776785073
2026-05-25,2026-05-25 11:15:49,V035,94.0,1.0109744251161152
2026-05-25,2026-05-25 11:15:50,V035,94.0,1.0117213872506488
2026-05-25,2026-05-25 11:15:51,V035,94.0,1.0200917713178577
2026-05-25,2026-05-25 11:15:52,V035,95.0,1.00741676626198
2026-05-25,2026-05-25 11:15:53,V035,94.0,0.9972524432328166
2026-05-25,2026-05-25 11:15:54,V035,94.0,1.0099513606523334
2026-05-25,2026-05-25 11:15:55,V035,94.0,1.0402513639981301
2026-05-25,2026-05-25 11:15:56,V035,94.0,1.015291608711651
2026-05-25,2026-05-25 11:15:57,V035,94.0,1.0151127344046575
2026-05-25,2026-05-25 11:15:58,V035,94.0,1.0057748876754835
2026-05-25,2026-05-25 11:15:59,V035,93.0,1.006751452921781
2026-05-25,2026-05-25 11:16:00,V035,93.0,1.0048617632478274
2026-05-25,2026-05-25 11:16:01,V035,92.0,1.0175470778197404
2026-05-25,2026-05-25 11:16:02,V035,91.0,1.0002403513277882
2026-05-25,2026-05-25 11:16:03,V035,89.0,1.2341008810517553
2026-05-25,2026-05-25 11:16:04,V035,87.0,1.032450083519865
2026-05-25,2026-05-25 11:16:05,V035,86.0,1.0182946340760664
2026-05-25,2026-05-25 11:16:06,V035,85.0,1.009364848517828
2026-05-25,2026-05-25 11:16:07,V035,83.0,1.0111605124891183
2026-05-25,2026-05-25 11:16:08,V035,81.0,1.0405994537630112
2026-05-25,2026-05-25 11:16:09,V035,80.0,1.005581520097652
2026-05-25,2026-05-25 11:16:10,V035,79.0,1.010801134212071
2026-05-25,2026-05-25 11:16:11,V035,78.0,1.0263452456698272
2026-05-25,2026-05-25 11:16:12,V035,77.0,1.0000431522147675
2026-05-25,2026-05-25 11:16:13,V035,77.0,1.0121658806403138
2026-05-25,2026-05-25 11:16:14,V035,78.0,1.0111500883054947
2026-05-25,2026-05-25 11:16:15,V035,78.0,1.0114203330464895
2026-05-25,2026-05-25 11:16:16,V035,79.0,1.011592335861388
2026-05-25,2026-05-25 11:16:17,V035,80.0,1.0125650479267794
2026-05-25,2026-05-25 11:16:18,V035,80.0,1.0092072678260238
2026-05-25,2026-05-25 11:16:19,V035,80.0,1.0112640247233824
2026-05-25,2026-05-25 11:16:20,V035,80.0,1.010865542671654
2026-05-25,2026-05-25 11:16:21,V035,80.0,1.0111956396409736
2026-05-25,2026-05-25 11:16:22,V035,80.0,1.0108603202747004
2026-05-25,2026-05-25 11:16:23,V035,80.0,1.0108663820827428
2026-05-25,2026-05-25 11:16:24,V035,80.0,1.0107188348067557
2026-05-25,2026-05-25 11:16:25,V035,80.0,1.010661348862984
2026-05-25,2026-05-25 11:16:26,V035,79.0,1.0110341444651696
2026-05-25,2026-05-25 11:16:27,V035,78.0,1.0110916070776685
2026-05-25,2026-05-25 11:16:28,V035,77.0,1.0111734666669714
2026-05-25,2026-05-25 11:16:29,V035,75.0,1.011123850022667
2026-05-25,2026-05-25 11:16:30,V035,74.0,1.0111616902682867
2026-05-25,2026-05-25 11:16:31,V035,72.0,1.0105868826579842
2026-05-25,2026-05-25 11:16:32,V035,71.0,1.010857860829947
2026-05-25,2026-05-25 11:16:33,V035,70.0,1.0107853689694404
2026-05-25,2026-05-25 11:16:34,V035,69.0,1.0115428757311187
2026-05-25,2026-05-25 11:16:35,V035,68.0,1.010951947868798
2026-05-25,2026-05-25 11:16:36,V035,68.0,1.011392502420076
2026-05-25,2026-05-25 11:16:37,V035,68.0,1.0108944656047425
2026-05-25,2026-05-25 11:16:38,V035,68.0,1.0111798409761592
2026-05-25,2026-05-25 11:16:39,V035,68.0,1.0108464952677683
2026-05-25,2026-05-25 11:16:40,V035,68.0,1.0177275479323367
2026-05-25,2026-05-25 11:16:41,V035,68.0,1.0506479458674023
2026-05-25,2026-05-25 11:16:42,V035,68.0,1.0731171226665381
2026-05-25,2026-05-25 11:16:43,V035,68.0,1.022021697673364
2026-05-25,2026-05-25 11:16:44,V035,68.0,1.011398107029969
2026-05-25,2026-05-25 11:16:45,V035,69.0,1.0065001446229642
2026-05-25,2026-05-25 11:16:46,V035,69.0,1.0147056219801813
2026-05-25,2026-05-25 11:16:47,V035,70.0,1.003620548035521
2026-05-25,2026-05-25 11:16:48,V035,70.0,1.000770625651918
2026-05-25,2026-05-25 11:16:49,V035,71.0,1.1165383018034187
2026-05-25,2026-05-25 11:16:50,V035,71.0,1.0164981228102228
2026-05-25,2026-05-25 11:16:51,V035,72.0,1.018372580790435
2026-05-25,2026-05-25 11:16:52,V035,73.0,1.0182747114974657
2026-05-25,2026-05-25 11:16:53,V035,74.0,1.0114315013675927
2026-05-25,2026-05-25 11:16:54,V035,75.0,1.0531181948730746
2026-05-25,2026-05-25 11:16:55,V035,75.0,1.073763180398913
2026-05-25,2026-05-25 11:16:56,V035,76.0,1.1491304542063192
2026-05-25,2026-05-25 11:16:57,V035,78.0,1.0005427450765632
2026-05-25,2026-05-25 11:16:58,V035,78.0,1.1037668352721088
2026-05-25,2026-05-25 11:16:59,V035,79.0,1.011418972033326
2026-05-25,2026-05-25 11:17:00,V035,79.0,1.009880909680505
2026-05-25,2026-05-25 11:17:01,V035,79.0,1.0106374965516682
2026-05-25,2026-05-25 11:17:02,V035,79.0,1.0101379790717673
2026-05-25,2026-05-25 11:17:03,V035,79.0,1.010232132827591
2026-05-25,2026-05-25 11:17:04,V035,79.0,1.0102625474064957
2026-05-25,2026-05-25 11:17:05,V035,79.0,1.0103137057922396
2026-05-25,2026-05-25 11:17:06,V035,80.0,1.0104392900205612
2026-05-25,2026-05-25 11:17:07,V035,80.0,1.0109048517363857
2026-05-25,2026-05-25 11:17:08,V035,81.0,1.0104441638171857
2026-05-25,2026-05-25 11:17:09,V035,81.0,1.010327495884304
2026-05-25,2026-05-25 11:17:10,V035,81.0,1.0107321974803865
2026-05-25,2026-05-25 11:17:11,V035,81.0,1.010583541646214
2026-05-25,2026-05-25 11:17:12,V035,80.0,1.0102326489193563
2026-05-25,2026-05-25 11:17:13,V035,79.0,1.0106753517246443
2026-05-25,2026-05-25 11:17:14,V035,79.0,1.0101470869833817
2026-05-25,2026-05-25 11:17:15,V035,77.0,1.0105273139801125
2026-05-25,2026-05-25 11:17:16,V035,77.0,1.0106360975847306
2026-05-25,2026-05-25 11:17:17,V035,75.0,1.0106258812447972
2026-05-25,2026-05-25 11:17:18,V035,74.0,1.010563464672294
2026-05-25,2026-05-25 11:17:19,V035,73.0,1.0106724868390298
2026-05-25,2026-05-25 11:17:20,V035,73.0,1.0102543965254032
2026-05-25,2026-05-25 11:17:21,V035,72.0,1.010923474540102
2026-05-25,2026-05-25 11:17:22,V035,72.0,1.0104756318739145
2026-05-25,2026-05-25 11:17:23,V035,71.0,1.0102176545392865
2026-05-25,2026-05-25 11:17:24,V035,71.0,1.0107494644850503
2026-05-25,2026-05-25 11:17:25,V035,71.0,1.0104577082503485
2026-05-25,2026-05-25 11:17:26,V035,70.0,1.0109942941143857
2026-05-25,2026-05-25 11:17:27,V035,70.0,1.0106198274780391
2026-05-25,2026-05-25 11:17:28,V035,70.0,1.0105019612299986
2026-05-25,2026-05-25 11:17:29,V035,70.0,1.0106121808595088
2026-05-25,2026-05-25 11:17:30,V035,70.0,1.0102190286070878
2026-05-25,2026-05-25 11:17:31,V035,71.0,1.010503420057973
2026-05-25,2026-05-25 11:17:32,V035,71.0,1.0106946010590967
2026-05-25,2026-05-25 11:17:33,V035,71.0,1.0110162346006812
2026-05-25,2026-05-25 11:17:34,V035,71.0,1.0105768798530381
2026-05-25,2026-05-25 11:17:35,V035,72.0,1.0108584189636072
2026-05-25,2026-05-25 11:17:36,V035,72.0,1.010698272073869
2026-05-25,2026-05-25 11:17:37,V035,72.0,1.0107791862652455
2026-05-25,2026-05-25 11:17:38,V035,72.0,1.0115592369573458
2026-05-25,2026-05-25 11:17:39,V035,72.0,1.0127958995249753
2026-05-25,2026-05-25 11:17:40,V035,73.0,1.0243426588640827
2026-05-25,2026-05-25 11:17:41,V035,74.0,1.047056574112142
2026-05-25,2026-05-25 11:17:42,V035,74.0,1.0964880836327593
2026-05-25,2026-05-25 11:17:43,V035,73.0,1.0272283204176504
2026-05-25,2026-05-25 11:17:44,V035,73.0,1.0073997921809807
2026-05-25,2026-05-25 11:17:45,V035,72.0,1.1710292931761
2026-05-25,2026-05-25 11:17:46,V035,72.0,1.0146642184141381
2026-05-25,2026-05-25 11:17:47,V035,71.0,1.0150227032436816
2026-05-25,2026-05-25 11:17:48,V035,71.0,1.010726160420621
2026-05-25,2026-05-25 11:17:49,V035,71.0,1.0119814217421779
2026-05-25,2026-05-25 11:17:50,V035,71.0,1.0086545979520594
2026-05-25,2026-05-25 11:17:51,V035,71.0,1.011605259063401
2026-05-25,2026-05-25 11:17:52,V035,70.0,0.9595879945179808
2026-05-25,2026-05-25 11:17:53,V035,71.0,1.0923878795349058
2026-05-25,2026-05-25 11:17:54,V035,71.0,1.0132173171794456
2026-05-25,2026-05-25 11:17:55,V035,72.0,1.0076974543273696
2026-05-25,2026-05-25 11:17:56,V035,72.0,1.0081204682645408
2026-05-25,2026-05-25 11:17:57,V035,73.0,1.0090629457944105
2026-05-25,2026-05-25 11:17:58,V035,75.0,1.00848974337311
2026-05-25,2026-05-25 11:17:59,V035,76.0,1.0082567510462257
2026-05-25,2026-05-25 11:18:00,V035,77.0,1.0082602281646886
2026-05-25,2026-05-25 11:18:01,V035,79.0,1.008085282289233
2026-05-25,2026-05-25 11:18:02,V035,80.0,1.0088831527877158
2026-05-25,2026-05-25 11:18:03,V035,82.0,1.00838158511537
2026-05-25,2026-05-25 11:18:04,V035,83.0,1.0078014800361768
2026-05-25,2026-05-25 11:18:05,V035,84.0,1.0244370319516034
2026-05-25,2026-05-25 11:18:06,V035,85.0,1.031143986280879
2026-05-25,2026-05-25 11:18:07,V035,86.0,1.0133707066475715
2026-05-25,2026-05-25 11:18:08,V035,86.0,1.0090133586817311
2026-05-25,2026-05-25 11:18:09,V035,85.0,1.0135554369737811
2026-05-25,2026-05-25 11:18:10,V035,84.0,1.0049622057119822
2026-05-25,2026-05-25 11:18:11,V035,83.0,1.0242085167944652
2026-05-25,2026-05-25 11:18:12,V035,82.0,1.0329688255501406
2026-05-25,2026-05-25 11:18:13,V035,81.0,1.0163713262238585
2026-05-25,2026-05-25 11:18:14,V035,81.0,1.162381139574123
2026-05-25,2026-05-25 11:18:15,V035,80.0,1.2520612425643831
2026-05-25,2026-05-25 11:18:16,V035,79.0,1.0962556114786004
2026-05-25,2026-05-25 11:18:17,V035,79.0,1.5845239733036274
2026-05-25,2026-05-25 11:18:18,V035,80.0,1.137264212739047
2026-05-25,2026-05-25 11:18:19,V035,80.0,1.0484587419403921
2026-05-25,2026-05-25 11:18:20,V035,81.0,1.0069285592082031
2026-05-25,2026-05-25 11:18:21,V035,80.0,1.1700916126859704
2026-05-25,2026-05-25 11:18:22,V035,80.0,1.0212776686736111
2026-05-25,2026-05-25 11:18:23,V035,79.0,1.0069960237502509
2026-05-25,2026-05-25 11:18:24,V035,79.0,1.037635351990142
2026-05-25,2026-05-25 11:18:25,V035,78.0,1.0234009402299873
2026-05-25,2026-05-25 11:18:26,V035,78.0,0.9989328050416183
2026-05-25,2026-05-25 11:18:27,V035,78.0,0.9998987735338531
2026-05-25,2026-05-25 11:18:28,V035,78.0,1.0176055486170401
2026-05-25,2026-05-25 11:18:29,V035,78.0,0.9657974628090149
2026-05-25,2026-05-25 11:18:30,V035,78.0,0.9916918547334143
2026-05-25,2026-05-25 11:18:31,V035,78.0,0.9892558007143556
2026-05-25,2026-05-25 11:18:32,V035,79.0,0.9871944614324087
2026-05-25,2026-05-25 11:18:33,V035,79.0,0.9851213582063273
2026-05-25,2026-05-25 11:18:34,V035,79.0,0.9924727783957925
2026-05-25,2026-05-25 11:18:35,V035,79.0,0.9902005001943023
2026-05-25,2026-05-25 11:18:36,V035,79.0,1.0055743529204808
2026-05-25,2026-05-25 11:18:37,V035,79.0,0.9891125635762023
2026-05-25,2026-05-25 11:18:38,V035,80.0,0.9908338306682795
2026-05-25,2026-05-25 11:18:39,V035,80.0,0.9868294712792375
2026-05-25,2026-05-25 11:18:40,V035,80.0,0.9879635580913542
2026-05-25,2026-05-25 11:18:41,V035,81.0,0.9891343668444786
2026-05-25,2026-05-25 11:18:42,V035,81.0,0.9879369931256701
2026-05-25,2026-05-25 11:18:43,V035,82.0,0.9873447084512108
2026-05-25,2026-05-25 11:18:44,V035,82.0,0.9867624007560613
2026-05-25,2026-05-25 11:18:45,V035,83.0,0.9300975673615346
2026-05-25,2026-05-25 11:18:46,V035,83.0,1.0769348429538448
2026-05-25,2026-05-25 11:18:47,V035,84.0,0.9960693839411447
2026-05-25,2026-05-25 11:18:48,V035,84.0,0.9956897755100164
2026-05-25,2026-05-25 11:18:49,V035,83.0,1.2501926479369765
2026-05-25,2026-05-25 11:18:50,V035,82.0,1.3242150135177033
2026-05-25,2026-05-25 11:18:51,V035,82.0,1.3440872808792594
2026-05-25,2026-05-25 11:18:52,V035,81.0,1.2180833506476558
2026-05-25,2026-05-25 11:18:53,V035,80.0,0.998568918009113
2026-05-25,2026-05-25 11:18:54,V035,79.0,1.2569939024017613
2026-05-25,2026-05-25 11:18:55,V035,78.0,1.2146910332230032
2026-05-25,2026-05-25 11:18:56,V035,78.0,1.253501072238739
2026-05-25,2026-05-25 11:18:57,V035,79.0,0.9751398536308229
2026-05-25,2026-05-25 11:18:58,V035,79.0,0.99084491994875
2026-05-25,2026-05-25 11:18:59,V035,80.0,0.9916630521457422
2026-05-25,2026-05-25 11:19:00,V035,81.0,0.9918420499280268
2026-05-25,2026-05-25 11:19:01,V035,82.0,0.9924790579434108
2026-05-25,2026-05-25 11:19:02,V035,83.0,0.99211413246109
2026-05-25,2026-05-25 11:19:03,V035,83.0,0.9925807211267363
2026-05-25,2026-05-25 11:19:04,V035,84.0,0.992050390388085
2026-05-25,2026-05-25 11:19:05,V035,84.0,0.9918146475530358
2026-05-25,2026-05-25 11:19:06,V035,83.0,0.9920351625750256
2026-05-25,2026-05-25 11:19:07,V035,81.0,0.9922653133274105
2026-05-25,2026-05-25 11:19:08,V035,80.0,0.9923062291099175
2026-05-25,2026-05-25 11:19:09,V035,78.0,1.0084873048117493
2026-05-25,2026-05-25 11:19:10,V035,77.0,0.9874513410692142
2026-05-25,2026-05-25 11:19:11,V035,76.0,0.9921153088252906
2026-05-25,2026-05-25 11:19:12,V035,75.0,0.9910443534049084
2026-05-25,2026-05-25 11:19:13,V035,75.0,0.991062396848112
2026-05-25,2026-05-25 11:19:14,V035,75.0,0.9914503110441921
2026-05-25,2026-05-25 11:19:15,V035,75.0,0.9913767440651323
2026-05-25,2026-05-25 11:19:16,V035,75.0,0.9916328337970004
2026-05-25,2026-05-25 11:19:17,V035,75.0,0.9915567223486567
2026-05-25,2026-05-25 11:19:18,V035,75.0,0.9912839181381831
2026-05-25,2026-05-25 11:19:19,V035,75.0,0.9910775930157519
2026-05-25,2026-05-25 11:19:20,V035,74.0,0.9915513205909338
2026-05-25,2026-05-25 11:19:21,V035,75.0,0.9910832118780625
2026-05-25,2026-05-25 11:19:22,V035,76.0,0.991064650006236
2026-05-25,2026-05-25 11:19:23,V035,76.0,0.9913202448299009
2026-05-25,2026-05-25 11:19:24,V035,77.0,1.0022507215250767
2026-05-25,2026-05-25 11:19:25,V035,75.0,1.0002542932187188
2026-05-25,2026-05-25 11:19:26,V035,74.0,0.9996478106798247
2026-05-25,2026-05-25 11:19:27,V035,73.0,1.0007313731577787
2026-05-25,2026-05-25 11:19:28,V035,72.0,1.0006719207397328
2026-05-25,2026-05-25 11:19:29,V035,72.0,0.9999516410183991
2026-05-25,2026-05-25 11:19:30,V035,71.0,1.0005087465696234
2026-05-25,2026-05-25 11:19:31,V035,71.0,0.9996112524840443
2026-05-25,2026-05-25 11:19:32,V035,71.0,1.0008772898812377
2026-05-25,2026-05-25 11:19:33,V035,71.0,0.9985920356441476
2026-05-25,2026-05-25 11:19:34,V035,71.0,0.9920906712552654
2026-05-25,2026-05-25 11:19:35,V035,71.0,0.9982315530192828
2026-05-25,2026-05-25 11:19:36,V035,71.0,0.9906391195969132
2026-05-25,2026-05-25 11:19:37,V035,71.0,0.990789716387818
2026-05-25,2026-05-25 11:19:38,V035,70.0,0.9909981134623228
2026-05-25,2026-05-25 11:19:39,V035,70.0,0.9905330049516077
2026-05-25,2026-05-25 11:19:40,V035,70.0,0.9909910505570831
2026-05-25,2026-05-25 11:19:41,V035,70.0,0.9912454775243374
2026-05-25,2026-05-25 11:19:42,V035,70.0,0.991451126474673
2026-05-25,2026-05-25 11:19:43,V035,71.0,0.9907523714795786
2026-05-25,2026-05-25 11:19:44,V035,72.0,0.9914782044809398
2026-05-25,2026-05-25 11:19:45,V035,72.0,0.9914656170219496
2026-05-25,2026-05-25 11:19:46,V035,72.0,0.9913037345313903
2026-05-25,2026-05-25 11:19:47,V035,72.0,0.9914996207889407
2026-05-25,2026-05-25 11:19:48,V035,72.0,0.9913404348805216
2026-05-25,2026-05-25 11:19:49,V035,72.0,0.9914564893893522
2026-05-25,2026-05-25 11:19:50,V035,71.0,0.9910849840609866
2026-05-25,2026-05-25 11:19:51,V035,71.0,0.9909009340860025
2026-05-25,2026-05-25 11:19:52,V035,71.0,0.9916206491274897
2026-05-25,2026-05-25 11:19:53,V035,71.0,0.9910973629484118
2026-05-25,2026-05-25 11:19:54,V035,71.0,0.9906408046446316
2026-05-25,2026-05-25 11:19:55,V035,71.0,0.9913237796048903
2026-05-25,2026-05-25 11:19:56,V035,71.0,0.9912032833361532
2026-05-25,2026-05-25 11:19:57,V035,71.0,0.991591125312711
2026-05-25,2026-05-25 11:19:58,V035,70.0,0.991720137889862
2026-05-25,2026-05-25 11:19:59,V035,69.0,0.9917122068676437
2026-05-25,2026-05-25 11:20:00,V035,69.0,0.9914957577397969
2026-05-25,2026-05-25 11:20:01,V035,68.0,0.9917658651596336
2026-05-25,2026-05-25 11:20:02,V035,67.0,0.9920552567549344
2026-05-25,2026-05-25 11:20:03,V035,67.0,0.991736830853191
2026-05-25,2026-05-25 11:20:04,V035,68.0,0.9913375966948368
2026-05-25,2026-05-25 11:20:05,V035,68.0,0.9916603036523638
2026-05-25,2026-05-25 11:20:06,V035,68.0,0.9908499342717157
2026-05-25,2026-05-25 11:20:07,V035,69.0,0.9917912156693399
2026-05-25,2026-05-25 11:20:08,V035,69.0,0.991702813384221
2026-05-25,2026-05-25 11:20:09,V035,69.0,0.9901892489911175
2026-05-25,2026-05-25 11:20:10,V035,70.0,0.9903416077764033
2026-05-25,2026-05-25 11:20:11,V035,70.0,0.9913057619701643
2026-05-25,2026-05-25 11:20:12,V035,70.0,0.9913180164505248
2026-05-25,2026-05-25 11:20:13,V035,70.0,0.9916136977200153
2026-05-25,2026-05-25 11:20:14,V035,70.0,0.9916319381055835
2026-05-25,2026-05-25 11:20:15,V035,70.0,0.9914055461283466
2026-05-25,2026-05-25 11:20:16,V035,70.0,0.9916087018886505
2026-05-25,2026-05-25 11:20:17,V035,70.0,0.9909019961036667
2026-05-25,2026-05-25 11:20:18,V035,70.0,0.9915553773365979
2026-05-25,2026-05-25 11:20:19,V035,71.0,0.9910945106936119
2026-05-25,2026-05-25 11:20:20,V035,71.0,0.9914059322362418
2026-05-25,2026-05-25 11:20:21,V035,72.0,0.9915518530755079
2026-05-25,2026-05-25 11:20:22,V035,72.0,0.9914998987183004
2026-05-25,2026-05-25 11:20:23,V035,73.0,0.9911815092621522
2026-05-25,2026-05-25 11:20:24,V035,74.0,0.9921721744947914
2026-05-25,2026-05-25 11:20:25,V035,74.0,0.9905458469011434
2026-05-25,2026-05-25 11:20:26,V035,74.0,0.9942342205948961
2026-05-25,2026-05-25 11:20:27,V035,73.0,0.9895646950729384
2026-05-25,2026-05-25 11:20:28,V035,73.0,0.9916165409440958
2026-05-25,2026-05-25 11:20:29,V035,72.0,0.9907965268082234
2026-05-25,2026-05-25 11:20:30,V035,72.0,0.9913424371751546
2026-05-25,2026-05-25 11:20:31,V035,71.0,0.9915597797329936
2026-05-25,2026-05-25 11:20:32,V035,71.0,0.9913083974191202
2026-05-25,2026-05-25 11:20:33,V035,71.0,0.9908465796353573
2026-05-25,2026-05-25 11:20:34,V035,71.0,0.9910586546812671
2026-05-25,2026-05-25 11:20:35,V035,71.0,0.9909509388483276
2026-05-25,2026-05-25 11:20:36,V035,72.0,0.9909863294615061
2026-05-25,2026-05-25 11:20:37,V035,72.0,0.990566425959715
2026-05-25,2026-05-25 11:20:38,V035,72.0,0.9914612660268353
2026-05-25,2026-05-25 11:20:39,V035,72.0,0.991318203508305
2026-05-25,2026-05-25 11:20:40,V035,72.0,0.9908570515910573
2026-05-25,2026-05-25 11:20:41,V035,71.0,0.9912442929044761
2026-05-25,2026-05-25 11:20:42,V035,71.0,0.9912324996322242
2026-05-25,2026-05-25 11:20:43,V035,71.0,0.9910547929430172
2026-05-25,2026-05-25 11:20:44,V035,71.0,0.9916807775972444
2026-05-25,2026-05-25 11:20:45,V035,71.0,0.9910978044460876
2026-05-25,2026-05-25 11:20:46,V035,70.0,0.9909876547696422
2026-05-25,2026-05-25 11:20:47,V035,70.0,0.991628058259551
2026-05-25,2026-05-25 11:20:48,V035,70.0,0.991259856218043
2026-05-25,2026-05-25 11:20:49,V035,70.0,0.99136273174991
2026-05-25,2026-05-25 11:20:50,V035,70.0,0.9907371558122071
2026-05-25,2026-05-25 11:20:51,V035,71.0,0.9917612263075527
2026-05-25,2026-05-25 11:20:52,V035,71.0,0.9908348069535594
2026-05-25,2026-05-25 11:20:53,V035,71.0,0.9910590588733267
2026-05-25,2026-05-25 11:20:54,V035,71.0,0.9912586265730985
2026-05-25,2026-05-25 11:20:55,V035,70.0,0.9909064962777673
2026-05-25,2026-05-25 11:20:56,V035,70.0,0.9915117327358781
2026-05-25,2026-05-25 11:20:57,V035,70.0,0.9915724133619225
2026-05-25,2026-05-25 11:20:58,V035,70.0,0.9911756067471613
2026-05-25,2026-05-25 11:20:59,V035,70.0,0.9910231627440192
2026-05-25,2026-05-25 11:21:00,V035,70.0,0.9912464425096794
2026-05-25,2026-05-25 11:21:01,V035,70.0,0.9914364439802283
2026-05-25,2026-05-25 11:21:02,V035,70.0,0.991039645417434
2026-05-25,2026-05-25 11:21:03,V035,71.0,0.9925680081811383
2026-05-25,2026-05-25 11:21:04,V035,71.0,0.9979685985876277
2026-05-25,2026-05-25 11:21:05,V035,71.0,1.0002906209803761
2026-05-25,2026-05-25 11:21:06,V035,71.0,1.0024152611158563
2026-05-25,2026-05-25 11:21:07,V035,71.0,1.008043974361807
2026-05-25,2026-05-25 11:21:08,V035,71.0,1.0116304009634483
2026-05-25,2026-05-25 11:21:09,V035,71.0,1.0123654276551248
2026-05-25,2026-05-25 11:21:10,V035,70.0,1.013973512529427
2026-05-25,2026-05-25 11:21:11,V035,70.0,1.0452380830699444
2026-05-25,2026-05-25 11:21:12,V035,70.0,0.9735158769741808
2026-05-25,2026-05-25 11:21:13,V035,71.0,1.04459709296499
2026-05-25,2026-05-25 11:21:14,V035,71.0,1.013186711843035
2026-05-25,2026-05-25 11:21:15,V035,71.0,1.002763677740978
2026-05-25,2026-05-25 11:21:16,V035,72.0,1.0570449037842198
2026-05-25,2026-05-25 11:21:17,V035,75.0,1.011498072259533
2026-05-25,2026-05-25 11:21:18,V035,76.0,1.0042403453145836
2026-05-25,2026-05-25 11:21:19,V035,78.0,1.0089060421186802
2026-05-25,2026-05-25 11:21:20,V035,80.0,1.011052896831804
2026-05-25,2026-05-25 11:21:21,V035,82.0,1.0086409358885744
2026-05-25,2026-05-25 11:21:22,V035,84.0,1.0088389668524618
2026-05-25,2026-05-25 11:21:23,V035,85.0,1.0116140517594066
2026-05-25,2026-05-25 11:21:24,V035,87.0,0.9984433821718752
2026-05-25,2026-05-25 11:21:25,V035,89.0,1.040257566608967
2026-05-25,2026-05-25 11:21:26,V035,90.0,1.0833465435483758
2026-05-25,2026-05-25 11:21:27,V035,92.0,1.0158851545496226
2026-05-25,2026-05-25 11:21:28,V035,94.0,1.0004082624664143
2026-05-25,2026-05-25 11:21:29,V035,95.0,1.0046008899251118
2026-05-25,2026-05-25 11:21:30,V035,97.0,1.0177323059446046
2026-05-25,2026-05-25 11:21:31,V035,98.0,0.999438484688283
2026-05-25,2026-05-25 11:21:32,V035,99.0,1.0321603269692774
2026-05-25,2026-05-25 11:21:33,V035,100.0,1.0930559169271599
2026-05-25,2026-05-25 11:21:34,V035,100.0,1.0052253609156268
2026-05-25,2026-05-25 11:21:35,V035,101.0,1.046770086509729
2026-05-25,2026-05-25 11:21:36,V035,101.0,1.0256720608076713
2026-05-25,2026-05-25 11:21:37,V035,101.0,1.0090326757746109
2026-05-25,2026-05-25 11:21:38,V035,101.0,1.0071428065099122
2026-05-25,2026-05-25 11:21:39,V035,101.0,1.0728204837366284
2026-05-25,2026-05-25 11:21:40,V035,101.0,1.0166285572232387
2026-05-25,2026-05-25 11:21:41,V035,100.0,1.0490802219796058
2026-05-25,2026-05-25 11:21:42,V035,100.0,0.9988259834686084
2026-05-25,2026-05-25 11:21:43,V035,100.0,1.304238547678666
2026-05-25,2026-05-25 11:21:44,V035,100.0,0.9878726637393181
2026-05-25,2026-05-25 11:21:45,V035,99.0,1.0391893963841643
2026-05-25,2026-05-25 11:21:46,V035,99.0,1.0091146699257512
2026-05-25,2026-05-25 11:21:47,V035,98.0,1.0166240884459203
2026-05-25,2026-05-25 11:21:48,V035,98.0,1.0155733649730376
2026-05-25,2026-05-25 11:21:49,V035,98.0,1.05174643394146
2026-05-25,2026-05-25 11:21:50,V035,97.0,1.0451637014887865
2026-05-25,2026-05-25 11:21:51,V035,97.0,1.0210389285649315
2026-05-25,2026-05-25 11:21:52,V035,96.0,1.0463642150389518
2026-05-25,2026-05-25 11:21:53,V035,96.0,1.0385091222831309
2026-05-25,2026-05-25 11:21:54,V035,95.0,1.0312416156282593
2026-05-25,2026-05-25 11:21:55,V035,95.0,0.9881120927063516
2026-05-25,2026-05-25 11:21:56,V035,95.0,1.0339137890832197
2026-05-25,2026-05-25 11:21:57,V035,95.0,1.035271030406337
2026-05-25,2026-05-25 11:21:58,V035,95.0,0.9899445278444956
2026-05-25,2026-05-25 11:21:59,V035,96.0,1.0080721813348243
2026-05-25,2026-05-25 11:22:00,V035,96.0,1.013024992052062
2026-05-25,2026-05-25 11:22:01,V035,96.0,1.0245668274608135
2026-05-25,2026-05-25 11:22:02,V035,97.0,1.0789265530357988
2026-05-25,2026-05-25 11:22:03,V035,97.0,1.0753683719495983
2026-05-25,2026-05-25 11:22:04,V035,97.0,0.9930096864796671
2026-05-25,2026-05-25 11:22:05,V035,97.0,1.033320355320953
2026-05-25,2026-05-25 11:22:06,V035,97.0,1.0525936988319664
2026-05-25,2026-05-25 11:22:07,V035,97.0,1.0056226161655466
2026-05-25,2026-05-25 11:22:08,V035,97.0,1.00804475813008
2026-05-25,2026-05-25 11:22:09,V035,98.0,1.0003156001340547
2026-05-25,2026-05-25 11:22:10,V035,98.0,1.0295570262546838
2026-05-25,2026-05-25 11:22:11,V035,98.0,1.0113121622101653
2026-05-25,2026-05-25 11:22:12,V035,97.0,1.0347016454403097
2026-05-25,2026-05-25 11:22:13,V035,97.0,1.036478450204046
2026-05-25,2026-05-25 11:22:14,V035,97.0,1.000299779518984
2026-05-25,2026-05-25 11:22:15,V035,97.0,1.0058967288048604
2026-05-25,2026-05-25 11:22:16,V035,96.0,1.0085760448073593
2026-05-25,2026-05-25 11:22:17,V035,96.0,1.0145362103335274
2026-05-25,2026-05-25 11:22:18,V035,95.0,1.0178486626196583
2026-05-25,2026-05-25 11:22:19,V035,95.0,1.0043893951166787
2026-05-25,2026-05-25 11:22:20,V035,95.0,0.9986827792327743
2026-05-25,2026-05-25 11:22:21,V035,95.0,1.0195729317926263
2026-05-25,2026-05-25 11:22:22,V035,95.0,1.002433462773386
2026-05-25,2026-05-25 11:22:23,V035,95.0,1.0343220743942445
2026-05-25,2026-05-25 11:22:24,V035,95.0,0.9816357962819595
2026-05-25,2026-05-25 11:22:25,V035,96.0,1.021611722834223
2026-05-25,2026-05-25 11:22:26,V035,96.0,0.9884378867370892
2026-05-25,2026-05-25 11:22:27,V035,97.0,0.9640215006291428
2026-05-25,2026-05-25 11:22:28,V035,97.0,1.0730823049435332
2026-05-25,2026-05-25 11:22:29,V035,98.0,1.0340896604988628
2026-05-25,2026-05-25 11:22:30,V035,98.0,1.006745689538832
2026-05-25,2026-05-25 11:22:31,V035,98.0,1.0760088759018789
2026-05-25,2026-05-25 11:22:32,V035,99.0,1.0186446844584087
2026-05-25,2026-05-25 11:22:33,V035,99.0,1.0358621206220902
2026-05-25,2026-05-25 11:22:34,V035,99.0,0.9952062503392732
2026-05-25,2026-05-25 11:22:35,V035,99.0,1.0272817882612473
2026-05-25,2026-05-25 11:22:36,V035,99.0,1.0127077437812302
2026-05-25,2026-05-25 11:22:37,V035,99.0,1.011460269504774
2026-05-25,2026-05-25 11:22:38,V035,99.0,1.0203469251206598
2026-05-25,2026-05-25 11:22:39,V035,99.0,1.0419578205698858
2026-05-25,2026-05-25 11:22:40,V035,99.0,1.0287100236127782
2026-05-25,2026-05-25 11:22:41,V035,98.0,1.0059142286065579
2026-05-25,2026-05-25 11:22:42,V035,98.0,0.9911850716846439
2026-05-25,2026-05-25 11:22:43,V035,98.0,0.9931008069406388
2026-05-25,2026-05-25 11:22:44,V035,98.0,1.0430887475121704
2026-05-25,2026-05-25 11:22:45,V035,97.0,1.0243736984726355
2026-05-25,2026-05-25 11:22:46,V035,97.0,1.0381076980424995
2026-05-25,2026-05-25 11:22:47,V035,97.0,1.0304964639561236
2026-05-25,2026-05-25 11:22:48,V035,96.0,1.0228574115896605
2026-05-25,2026-05-25 11:22:49,V035,95.0,1.004947355940274
2026-05-25,2026-05-25 11:22:50,V035,95.0,1.0143679059654758
2026-05-25,2026-05-25 11:22:51,V035,94.0,0.9792134901883764
2026-05-25,2026-05-25 11:22:52,V035,94.0,1.0428859716972911
2026-05-25,2026-05-25 11:22:53,V035,94.0,1.0175854716423742
2026-05-25,2026-05-25 11:22:54,V035,93.0,1.0360782323600104
2026-05-25,2026-05-25 11:22:55,V035,93.0,0.9825453273510085
2026-05-25,2026-05-25 11:22:56,V035,93.0,1.0174561606275707
2026-05-25,2026-05-25 11:22:57,V035,93.0,1.0500457025980876
2026-05-25,2026-05-25 11:22:58,V035,93.0,1.0485555319228796
2026-05-25,2026-05-25 11:22:59,V035,92.0,1.0225868352050405
2026-05-25,2026-05-25 11:23:00,V035,92.0,1.012252014527319
2026-05-25,2026-05-25 11:23:01,V035,92.0,1.0221795130649642
2026-05-25,2026-05-25 11:23:02,V035,92.0,1.010855121871436
2026-05-25,2026-05-25 11:23:03,V035,92.0,1.003941222018035
2026-05-25,2026-05-25 11:23:04,V035,92.0,0.9965672379968449
2026-05-25,2026-05-25 11:23:05,V035,92.0,1.007791154772595
2026-05-25,2026-05-25 11:23:06,V035,92.0,1.0689376146641913
2026-05-25,2026-05-25 11:23:07,V035,93.0,1.026686745794916
2026-05-25,2026-05-25 11:23:08,V035,93.0,1.0169570500785332
2026-05-25,2026-05-25 11:23:09,V035,93.0,0.9816993364521663
2026-05-25,2026-05-25 11:23:10,V035,94.0,1.0489001238831313
2026-05-25,2026-05-25 11:23:11,V035,96.0,0.9971117289155729
2026-05-25,2026-05-25 11:23:12,V035,96.0,0.9983339361215107
2026-05-25,2026-05-25 11:23:13,V035,96.0,1.0598308329178272
2026-05-25,2026-05-25 11:23:14,V035,96.0,1.0518564176254601
2026-05-25,2026-05-25 11:23:15,V035,97.0,1.0127517070994247
2026-05-25,2026-05-25 11:23:16,V035,97.0,1.0210245134925717
2026-05-25,2026-05-25 11:23:17,V035,97.0,1.0260630788998628
2026-05-25,2026-05-25 11:23:18,V035,97.0,1.0295211997326255
2026-05-25,2026-05-25 11:23:19,V035,97.0,1.0405730196454936
2026-05-25,2026-05-25 11:23:20,V035,97.0,1.0363816365630747
2026-05-25,2026-05-25 11:23:21,V035,97.0,1.0323733095280212
2026-05-25,2026-05-25 11:23:22,V035,96.0,1.0398723149666598
2026-05-25,2026-05-25 11:23:23,V035,96.0,1.043836125616841
2026-05-25,2026-05-25 11:23:24,V035,96.0,0.9986146438007492
2026-05-25,2026-05-25 11:23:25,V035,96.0,1.0126021636935816
2026-05-25,2026-05-25 11:23:26,V035,96.0,1.0076124252916987
2026-05-25,2026-05-25 11:23:27,V035,96.0,1.009342520297626
2026-05-25,2026-05-25 11:23:28,V035,96.0,1.017448783581433
2026-05-25,2026-05-25 11:23:29,V035,96.0,1.0150507034477403
2026-05-25,2026-05-25 11:23:30,V035,96.0,0.9915421396010351
2026-05-25,2026-05-25 11:23:31,V035,96.0,1.0451989677578464
2026-05-25,2026-05-25 11:23:32,V035,96.0,1.0299630892581477
2026-05-25,2026-05-25 11:23:33,V035,96.0,1.0068771323474075
2026-05-25,2026-05-25 11:23:34,V035,96.0,1.044123578829844
2026-05-25,2026-05-25 11:23:35,V035,96.0,1.009773587931895
2026-05-25,2026-05-25 11:23:36,V035,96.0,1.0180330179114636
2026-05-25,2026-05-25 11:23:37,V035,96.0,1.0387963542097178
2026-05-25,2026-05-25 11:23:38,V035,96.0,1.0485146711083437
2026-05-25,2026-05-25 11:23:39,V035,96.0,1.0397248507764492
2026-05-25,2026-05-25 11:23:40,V035,96.0,1.0194598414079254
2026-05-25,2026-05-25 11:23:41,V035,95.0,1.0340350895740293
2026-05-25,2026-05-25 11:23:42,V035,95.0,0.9986002197884845
2026-05-25,2026-05-25 11:23:43,V035,95.0,1.0098563167840557
2026-05-25,2026-05-25 11:23:44,V035,95.0,1.0204257012666476
2026-05-25,2026-05-25 11:23:45,V035,95.0,1.0357225311982778
2026-05-25,2026-05-25 11:23:46,V035,95.0,1.0474010164167238
2026-05-25,2026-05-25 11:23:47,V035,95.0,1.0347907406184769
2026-05-25,2026-05-25 11:23:48,V035,95.0,1.0079367107233976
2026-05-25,2026-05-25 11:23:49,V035,95.0,1.0260122071227742
2026-05-25,2026-05-25 11:23:50,V035,95.0,0.9986853987844134
2026-05-25,2026-05-25 11:23:51,V035,95.0,1.0006753357112086
2026-05-25,2026-05-25 11:23:52,V035,95.0,1.032390637667588
2026-05-25,2026-05-25 11:23:53,V035,95.0,1.0493971400170772
2026-05-25,2026-05-25 11:23:54,V035,96.0,1.0510151254342648
2026-05-25,2026-05-25 11:23:55,V035,96.0,1.025533886680206
2026-05-25,2026-05-25 11:23:56,V035,96.0,1.011775839404589
2026-05-25,2026-05-25 11:23:57,V035,96.0,1.0003077966717981
2026-05-25,2026-05-25 11:23:58,V035,96.0,1.0098957758042943
2026-05-25,2026-05-25 11:23:59,V035,97.0,1.0250342231720553
2026-05-25,2026-05-25 11:24:00,V035,97.0,1.0418809085061682
2026-05-25,2026-05-25 11:24:01,V035,97.0,1.0643761422757085
2026-05-25,2026-05-25 11:24:02,V035,98.0,1.0177420104193262
2026-05-25,2026-05-25 11:24:03,V035,98.0,1.0093973097688573
2026-05-25,2026-05-25 11:24:04,V035,98.0,0.9978388359323868
2026-05-25,2026-05-25 11:24:05,V035,99.0,1.0178597288964877
2026-05-25,2026-05-25 11:24:06,V035,99.0,1.0442574014026287
2026-05-25,2026-05-25 11:24:07,V035,99.0,1.0494681447067666
2026-05-25,2026-05-25 11:24:08,V035,99.0,1.0231018176857827
2026-05-25,2026-05-25 11:24:09,V035,98.0,1.0203722561962187
2026-05-25,2026-05-25 11:24:10,V035,98.0,0.9825490429178863
2026-05-25,2026-05-25 11:24:11,V035,98.0,1.0107824802702836
2026-05-25,2026-05-25 11:24:12,V035,97.0,0.9910122540776901
2026-05-25,2026-05-25 11:24:13,V035,97.0,1.0100093133858215
2026-05-25,2026-05-25 11:24:14,V035,97.0,1.0171054320235144
2026-05-25,2026-05-25 11:24:15,V035,96.0,1.067935778651039
2026-05-25,2026-05-25 11:24:16,V035,96.0,1.0229188910583717
2026-05-25,2026-05-25 11:24:17,V035,96.0,1.0143778296848178
2026-05-25,2026-05-25 11:24:18,V035,95.0,1.015953227884567
2026-05-25,2026-05-25 11:24:19,V035,95.0,1.024773654513576
2026-05-25,2026-05-25 11:24:20,V035,95.0,1.0410762491194967
2026-05-25,2026-05-25 11:24:21,V035,95.0,1.057155721168451
2026-05-25,2026-05-25 11:24:22,V035,96.0,1.0176264167958324
2026-05-25,2026-05-25 11:24:23,V035,96.0,0.9843619592778081
2026-05-25,2026-05-25 11:24:24,V035,96.0,1.0255879015328686
2026-05-25,2026-05-25 11:24:25,V035,96.0,1.0559508907364985
2026-05-25,2026-05-25 11:24:26,V035,96.0,1.0289098096347813
2026-05-25,2026-05-25 11:24:27,V035,97.0,1.0173456570548856
2026-05-25,2026-05-25 11:24:28,V035,97.0,1.00391002363659
2026-05-25,2026-05-25 11:24:29,V035,97.0,1.024087058319607
2026-05-25,2026-05-25 11:24:30,V035,97.0,1.0556628799401697
2026-05-25,2026-05-25 11:24:31,V035,97.0,1.024625547102561
2026-05-25,2026-05-25 11:24:32,V035,97.0,1.022444178930452
2026-05-25,2026-05-25 11:24:33,V035,97.0,0.9809475349051259
2026-05-25,2026-05-25 11:24:34,V035,97.0,1.0419761333704773
2026-05-25,2026-05-25 11:24:35,V035,97.0,1.0616537413835345
2026-05-25,2026-05-25 11:24:36,V035,97.0,1.027185751676183
2026-05-25,2026-05-25 11:24:37,V035,97.0,1.0063977721972677
2026-05-25,2026-05-25 11:24:38,V035,97.0,1.0072307717527744
2026-05-25,2026-05-25 11:24:39,V035,97.0,1.0226130906142243
2026-05-25,2026-05-25 11:24:40,V035,97.0,1.0326194879679502
2026-05-25,2026-05-25 11:24:41,V035,97.0,1.0518207425222899
2026-05-25,2026-05-25 11:24:42,V035,97.0,1.0568268615334897
2026-05-25,2026-05-25 11:24:43,V035,96.0,1.0086974243772915
2026-05-25,2026-05-25 11:24:44,V035,96.0,1.0191780441485758
2026-05-25,2026-05-25 11:24:45,V035,96.0,0.9971870213396875
2026-05-25,2026-05-25 11:24:46,V035,95.0,1.0042586504983977
2026-05-25,2026-05-25 11:24:47,V035,96.0,1.029098805094898
2026-05-25,2026-05-25 11:24:48,V035,96.0,1.041007817785867
2026-05-25,2026-05-25 11:24:49,V035,96.0,1.0547280142700068
2026-05-25,2026-05-25 11:24:50,V035,97.0,1.0129231062999524
2026-05-25,2026-05-25 11:24:51,V035,97.0,0.9958746362353273
2026-05-25,2026-05-25 11:24:52,V035,97.0,1.019798614457824
2026-05-25,2026-05-25 11:24:53,V035,98.0,1.0604127380035486
2026-05-25,2026-05-25 11:24:54,V035,98.0,1.051282611605443
2026-05-25,2026-05-25 11:24:55,V035,98.0,1.0139845994065948
2026-05-25,2026-05-25 11:24:56,V035,99.0,0.9943786220425835
2026-05-25,2026-05-25 11:24:57,V035,99.0,1.0168136141429975
2026-05-25,2026-05-25 11:24:58,V035,99.0,1.015261761619991
2026-05-25,2026-05-25 11:24:59,V035,99.0,1.054882599062513
2026-05-25,2026-05-25 11:25:00,V035,99.0,1.0494674883224648
2026-05-25,2026-05-25 11:25:01,V035,98.0,1.0027522826089954
2026-05-25,2026-05-25 11:25:02,V035,98.0,1.03389430727224
2026-05-25,2026-05-25 11:25:03,V035,98.0,0.9974553562377958
2026-05-25,2026-05-25 11:25:04,V035,98.0,1.0116673686217021
2026-05-25,2026-05-25 11:25:05,V035,98.0,1.040105161805348
2026-05-25,2026-05-25 11:25:06,V035,98.0,1.0668199351856422
2026-05-25,2026-05-25 11:25:07,V035,98.0,1.0246585108486084
2026-05-25,2026-05-25 11:25:08,V035,99.0,1.0004496694819012
2026-05-25,2026-05-25 11:25:09,V035,99.0,0.9981098995110851
2026-05-25,2026-05-25 11:25:10,V035,100.0,1.0255968292313973
2026-05-25,2026-05-25 11:25:11,V035,100.0,1.0420431148566534
2026-05-25,2026-05-25 11:25:12,V035,101.0,1.0555075849886522
2026-05-25,2026-05-25 11:25:13,V035,101.0,1.0206507338672972
2026-05-25,2026-05-25 11:25:14,V035,101.0,0.9942430719335286
2026-05-25,2026-05-25 11:25:15,V035,101.0,1.0204869457732284
2026-05-25,2026-05-25 11:25:16,V035,101.0,1.019865689571479
2026-05-25,2026-05-25 11:25:17,V035,101.0,1.0533623491815123
2026-05-25,2026-05-25 11:25:18,V035,100.0,1.0484363119434492
2026-05-25,2026-05-25 11:25:19,V035,100.0,1.0140211365114542
2026-05-25,2026-05-25 11:25:20,V035,100.0,1.0227463471539922
2026-05-25,2026-05-25 11:25:21,V035,99.0,0.9761626901262449
2026-05-25,2026-05-25 11:25:22,V035,99.0,1.02683893388484
2026-05-25,2026-05-25 11:25:23,V035,99.0,1.0553922505355389
2026-05-25,2026-05-25 11:25:24,V035,98.0,1.040489571284062
2026-05-25,2026-05-25 11:25:25,V035,98.0,1.0195804272951077
2026-05-25,2026-05-25 11:25:26,V035,98.0,1.0239011680080443
2026-05-25,2026-05-25 11:25:27,V035,98.0,0.9864423467386
2026-05-25,2026-05-25 11:25:28,V035,98.0,1.0210499680738925
2026-05-25,2026-05-25 11:25:29,V035,98.0,1.022449267048574
2026-05-25,2026-05-25 11:25:30,V035,98.0,1.038668856695401
2026-05-25,2026-05-25 11:25:31,V035,98.0,1.016123963456361
2026-05-25,2026-05-25 11:25:32,V035,98.0,1.0153005573118006
2026-05-25,2026-05-25 11:25:33,V035,99.0,1.0518855064564965
2026-05-25,2026-05-25 11:25:34,V035,99.0,1.039666730885927
2026-05-25,2026-05-25 11:25:35,V035,100.0,1.0207677150341061
2026-05-25,2026-05-25 11:25:36,V035,100.0,1.0201205194438918
2026-05-25,2026-05-25 11:25:37,V035,101.0,0.9878909124459598
2026-05-25,2026-05-25 11:25:38,V035,101.0,1.0208815845282098
2026-05-25,2026-05-25 11:25:39,V035,102.0,1.0090325386524983
2026-05-25,2026-05-25 11:25:40,V035,102.0,1.0387805190346542
2026-05-25,2026-05-25 11:25:41,V035,103.0,1.048076051357454
2026-05-25,2026-05-25 11:25:42,V035,104.0,1.0233781532714288
2026-05-25,2026-05-25 11:25:43,V035,104.0,1.0167158501186357
2026-05-25,2026-05-25 11:25:44,V035,105.0,1.0077453269322392
2026-05-25,2026-05-25 11:25:45,V035,106.0,1.00228780198098
2026-05-25,2026-05-25 11:25:46,V035,106.0,1.0057178334310442
2026-05-25,2026-05-25 11:25:47,V035,106.0,1.0322817159354005
2026-05-25,2026-05-25 11:25:48,V035,106.0,1.0604663918399988
2026-05-25,2026-05-25 11:25:49,V035,105.0,1.0385647847397286
2026-05-25,2026-05-25 11:25:50,V035,105.0,1.0000376148852903
2026-05-25,2026-05-25 11:25:51,V035,105.0,1.0084815434942875
2026-05-25,2026-05-25 11:25:52,V035,105.0,1.0126335774543465
2026-05-25,2026-05-25 11:25:53,V035,105.0,1.0062920752725657
2026-05-25,2026-05-25 11:25:54,V035,104.0,1.0256856842555113
2026-05-25,2026-05-25 11:25:55,V035,103.0,1.0418187645200965
2026-05-25,2026-05-25 11:25:56,V035,102.0,1.048175384100615
2026-05-25,2026-05-25 11:25:57,V035,101.0,1.0089724842444958
2026-05-25,2026-05-25 11:25:58,V035,100.0,1.0499220800226259
2026-05-25,2026-05-25 11:25:59,V035,99.0,1.085372104156135
2026-05-25,2026-05-25 11:26:00,V035,98.0,1.0290495006703282
2026-05-25,2026-05-25 11:26:01,V035,97.0,1.0196272808529199
2026-05-25,2026-05-25 11:26:02,V035,96.0,1.0028652029696818
2026-05-25,2026-05-25 11:26:03,V035,96.0,1.0348520492557274
2026-05-25,2026-05-25 11:26:04,V035,96.0,1.035462886777316
2026-05-25,2026-05-25 11:26:05,V035,96.0,1.0211650338438605
2026-05-25,2026-05-25 11:26:06,V035,96.0,1.015984485997369
2026-05-25,2026-05-25 11:26:07,V035,96.0,1.0352043644819011
2026-05-25,2026-05-25 11:26:08,V035,97.0,1.0466155643678705
2026-05-25,2026-05-25 11:26:09,V035,97.0,1.0584481498759288
2026-05-25,2026-05-25 11:26:10,V035,97.0,1.0405400299309682
2026-05-25,2026-05-25 11:26:11,V035,98.0,1.0152311726149623
2026-05-25,2026-05-25 11:26:12,V035,98.0,1.0290904994209933
2026-05-25,2026-05-25 11:26:13,V035,98.0,0.9957073501307825
2026-05-25,2026-05-25 11:26:14,V035,99.0,1.0067855088259765
2026-05-25,2026-05-25 11:26:15,V035,99.0,1.0431885699291992
2026-05-25,2026-05-25 11:26:16,V035,99.0,1.0465466694659107
2026-05-25,2026-05-25 11:26:17,V035,99.0,1.0436719791432558
2026-05-25,2026-05-25 11:26:18,V035,100.0,1.0223946741855745
2026-05-25,2026-05-25 11:26:19,V035,100.0,1.0268306181980784
2026-05-25,2026-05-25 11:26:20,V035,100.0,1.0046014405252104
2026-05-25,2026-05-25 11:26:21,V035,99.0,1.0290820775580893
2026-05-25,2026-05-25 11:26:22,V035,99.0,1.019137849059412
2026-05-25,2026-05-25 11:26:23,V035,99.0,1.0208488270695382
2026-05-25,2026-05-25 11:26:24,V035,99.0,1.0307978945270009
2026-05-25,2026-05-25 11:26:25,V035,98.0,1.0489111119331278
2026-05-25,2026-05-25 11:26:26,V035,98.0,1.0504113168896363
2026-05-25,2026-05-25 11:26:27,V035,97.0,1.0377424151235897
2026-05-25,2026-05-25 11:26:28,V035,97.0,1.0274060122078201
2026-05-25,2026-05-25 11:26:29,V035,96.0,1.0197779519653065
2026-05-25,2026-05-25 11:26:30,V035,96.0,1.0203045288704038
2026-05-25,2026-05-25 11:26:31,V035,96.0,1.0042014484940385
2026-05-25,2026-05-25 11:26:32,V035,95.0,1.0223895276442445
2026-05-25,2026-05-25 11:26:33,V035,95.0,1.0073801578299704
2026-05-25,2026-05-25 11:26:34,V035,95.0,1.025912928291761
2026-05-25,2026-05-25 11:26:35,V035,96.0,1.0429880783008858
2026-05-25,2026-05-25 11:26:36,V035,96.0,1.0438234507337902
2026-05-25,2026-05-25 11:26:37,V035,96.0,1.0466867568378593
2026-05-25,2026-05-25 11:26:38,V035,96.0,1.0259789125830008
2026-05-25,2026-05-25 11:26:39,V035,96.0,1.0234594515906632
2026-05-25,2026-05-25 11:26:40,V035,96.0,1.0104396261424102
2026-05-25,2026-05-25 11:26:41,V035,96.0,1.0135239496779425
2026-05-25,2026-05-25 11:26:42,V035,96.0,1.0277509282782786
2026-05-25,2026-05-25 11:26:43,V035,96.0,1.0131265027479717
2026-05-25,2026-05-25 11:26:44,V035,97.0,1.0308603541282673
2026-05-25,2026-05-25 11:26:45,V035,97.0,1.0296110193089574
2026-05-25,2026-05-25 11:26:46,V035,98.0,1.028909371635462
2026-05-25,2026-05-25 11:26:47,V035,98.0,1.0403126126436288
2026-05-25,2026-05-25 11:26:48,V035,99.0,1.051303820651029
2026-05-25,2026-05-25 11:26:49,V035,99.0,1.0503386175927605
2026-05-25,2026-05-25 11:26:50,V035,99.0,1.0372389612920656
2026-05-25,2026-05-25 11:26:51,V035,100.0,1.0203726952272483
2026-05-25,2026-05-25 11:26:52,V035,100.0,1.0244689817860417
2026-05-25,2026-05-25 11:26:53,V035,100.0,1.0102786313422263
2026-05-25,2026-05-25 11:26:54,V035,100.0,1.0064544649105587
2026-05-25,2026-05-25 11:26:55,V035,100.0,1.0041304222826355
2026-05-25,2026-05-25 11:26:56,V035,100.0,1.0155456149394977
2026-05-25,2026-05-25 11:26:57,V035,100.0,1.0212014652496608
2026-05-25,2026-05-25 11:26:58,V035,100.0,1.0555182715563345
2026-05-25,2026-05-25 11:26:59,V035,101.0,1.0195223121127686
2026-05-25,2026-05-25 11:27:00,V035,101.0,1.0414983663287745
2026-05-25,2026-05-25 11:27:01,V035,101.0,1.0202261261990484
2026-05-25,2026-05-25 11:27:02,V035,101.0,1.0202683330424251
2026-05-25,2026-05-25 11:27:03,V035,102.0,1.0121117429389432
2026-05-25,2026-05-25 11:27:04,V035,102.0,1.0070099381981974
2026-05-25,2026-05-25 11:27:05,V035,102.0,1.0166688321616117
2026-05-25,2026-05-25 11:27:06,V035,102.0,1.0152281510178447
2026-05-25,2026-05-25 11:27:07,V035,102.0,1.0185658113207725
2026-05-25,2026-05-25 11:27:08,V035,102.0,1.0315668619110399
2026-05-25,2026-05-25 11:27:09,V035,102.0,1.0351059891102725
2026-05-25,2026-05-25 11:27:10,V035,102.0,1.0481321211965213
2026-05-25,2026-05-25 11:27:11,V035,102.0,1.039980567746829
2026-05-25,2026-05-25 11:27:12,V035,102.0,1.018621445922057
2026-05-25,2026-05-25 11:27:13,V035,103.0,1.0146910113519831
2026-05-25,2026-05-25 11:27:14,V035,103.0,1.022938012244778
2026-05-25,2026-05-25 11:27:15,V035,103.0,1.0137991005820055
2026-05-25,2026-05-25 11:27:16,V035,103.0,1.0064631069534116
2026-05-25,2026-05-25 11:27:17,V035,103.0,1.019394443013599
2026-05-25,2026-05-25 11:27:18,V035,103.0,1.0277502915691639
2026-05-25,2026-05-25 11:27:19,V035,104.0,1.0340622971590898
2026-05-25,2026-05-25 11:27:20,V035,104.0,1.0364898124617052
2026-05-25,2026-05-25 11:27:21,V035,104.0,1.042588544027466
2026-05-25,2026-05-25 11:27:22,V035,104.0,1.0258335298221926
2026-05-25,2026-05-25 11:27:23,V035,103.0,1.0108493452956775
2026-05-25,2026-05-25 11:27:24,V035,103.0,1.0238383937276814
2026-05-25,2026-05-25 11:27:25,V035,102.0,0.993088088851334
2026-05-25,2026-05-25 11:27:26,V035,102.0,1.010837947087923
2026-05-25,2026-05-25 11:27:27,V035,101.0,1.0267632318099786
2026-05-25,2026-05-25 11:27:28,V035,101.0,1.0406798972011755
2026-05-25,2026-05-25 11:27:29,V035,101.0,1.0341898048704234
2026-05-25,2026-05-25 11:27:30,V035,101.0,1.0206020974754428
2026-05-25,2026-05-25 11:27:31,V035,101.0,0.9929248952902976
2026-05-25,2026-05-25 11:27:32,V035,101.0,1.0337968705366225
2026-05-25,2026-05-25 11:27:33,V035,101.0,1.0462485527665848
2026-05-25,2026-05-25 11:27:34,V035,101.0,1.0176758441799807
2026-05-25,2026-05-25 11:27:35,V035,101.0,1.004069772437289
2026-05-25,2026-05-25 11:27:36,V035,101.0,1.0068173467238706
2026-05-25,2026-05-25 11:27:37,V035,100.0,1.0485506675383722
2026-05-25,2026-05-25 11:27:38,V035,100.0,1.032254422102378
2026-05-25,2026-05-25 11:27:39,V035,100.0,0.9914120553272739
2026-05-25,2026-05-25 11:27:40,V035,100.0,1.0020863492974044
2026-05-25,2026-05-25 11:27:41,V035,100.0,1.053758521834641
2026-05-25,2026-05-25 11:27:42,V035,100.0,1.00250362135464
2026-05-25,2026-05-25 11:27:43,V035,99.0,1.0199535977328864
2026-05-25,2026-05-25 11:27:44,V035,99.0,1.0124705687291649
2026-05-25,2026-05-25 11:27:45,V035,99.0,1.0090341713154152
2026-05-25,2026-05-25 11:27:46,V035,98.0,1.0239085865991795
2026-05-25,2026-05-25 11:27:47,V035,98.0,1.0193814966892973
2026-05-25,2026-05-25 11:27:48,V035,98.0,1.0299566447144892
2026-05-25,2026-05-25 11:27:49,V035,96.0,1.0078721315067316
2026-05-25,2026-05-25 11:27:50,V035,96.0,1.014891020965136
2026-05-25,2026-05-25 11:27:51,V035,95.0,1.0287946748998718
2026-05-25,2026-05-25 11:27:52,V035,94.0,0.9908606562861929
2026-05-25,2026-05-25 11:27:53,V035,94.0,1.0361438652610566
2026-05-25,2026-05-25 11:27:54,V035,93.0,0.9995938299722099
2026-05-25,2026-05-25 11:27:55,V035,93.0,1.0048464348781192
2026-05-25,2026-05-25 11:27:56,V035,93.0,1.0133305036964813
2026-05-25,2026-05-25 11:27:57,V035,93.0,1.0069600716167961
2026-05-25,2026-05-25 11:27:58,V035,93.0,1.0294248943476687
2026-05-25,2026-05-25 11:27:59,V035,93.0,1.021373722813663
2026-05-25,2026-05-25 11:28:00,V035,94.0,1.0223717465539635
2026-05-25,2026-05-25 11:28:01,V035,94.0,1.0214049287721103
2026-05-25,2026-05-25 11:28:02,V035,94.0,1.0039774085084148
2026-05-25,2026-05-25 11:28:03,V035,94.0,1.0795360611893545
2026-05-25,2026-05-25 11:28:04,V035,95.0,0.9957684657839511
2026-05-25,2026-05-25 11:28:05,V035,94.0,1.0228322159440957
2026-05-25,2026-05-25 11:28:06,V035,94.0,1.0001928811339797
2026-05-25,2026-05-25 11:28:07,V035,94.0,1.0162687589233494
2026-05-25,2026-05-25 11:28:08,V035,95.0,1.0284293098330657
2026-05-25,2026-05-25 11:28:09,V035,95.0,1.0278056109219986
2026-05-25,2026-05-25 11:28:10,V035,95.0,0.9981068389250426
2026-05-25,2026-05-25 11:28:11,V035,96.0,1.0846396461533465
2026-05-25,2026-05-25 11:28:12,V035,97.0,1.1032874373969648
2026-05-25,2026-05-25 11:28:13,V035,97.0,1.0291549806309774
2026-05-25,2026-05-25 11:28:14,V035,98.0,1.0101826731764507
2026-05-25,2026-05-25 11:28:15,V035,98.0,1.006858204447252
2026-05-25,2026-05-25 11:28:16,V035,98.0,1.0358489300329532
2026-05-25,2026-05-25 11:28:17,V035,98.0,1.0203728437251596
2026-05-25,2026-05-25 11:28:18,V035,98.0,1.04035187002669
2026-05-25,2026-05-25 11:28:19,V035,98.0,1.040226679415807
2026-05-25,2026-05-25 11:28:20,V035,98.0,0.9981120620173078
2026-05-25,2026-05-25 11:28:21,V035,98.0,1.0068827792595687
2026-05-25,2026-05-25 11:28:22,V035,97.0,1.0162877983278373
2026-05-25,2026-05-25 11:28:23,V035,97.0,1.058695610109385
2026-05-25,2026-05-25 11:28:24,V035,97.0,0.9850489872874207
2026-05-25,2026-05-25 11:28:25,V035,97.0,1.0386488627728097
2026-05-25,2026-05-25 11:28:26,V035,97.0,1.0608039224339076
2026-05-25,2026-05-25 11:28:27,V035,98.0,1.026258864311112
2026-05-25,2026-05-25 11:28:28,V035,98.0,1.0297472862248822
2026-05-25,2026-05-25 11:28:29,V035,98.0,1.1323848422693676
2026-05-25,2026-05-25 11:28:30,V035,98.0,1.0185580767023104
2026-05-25,2026-05-25 11:28:31,V035,98.0,0.9970040374730883
2026-05-25,2026-05-25 11:28:32,V035,98.0,1.021801577271308
2026-05-25,2026-05-25 11:28:33,V035,99.0,1.0513590995045732
2026-05-25,2026-05-25 11:28:34,V035,99.0,0.9907698951988199
2026-05-25,2026-05-25 11:28:35,V035,99.0,1.0275121795750393
2026-05-25,2026-05-25 11:28:36,V035,100.0,1.0394473429153241
2026-05-25,2026-05-25 11:28:37,V035,100.0,1.0293953371991968
2026-05-25,2026-05-25 11:28:38,V035,100.0,1.0049565163637912
2026-05-25,2026-05-25 11:28:39,V035,99.0,1.0128374057573797
2026-05-25,2026-05-25 11:28:40,V035,99.0,1.000224617553401
2026-05-25,2026-05-25 11:28:41,V035,98.0,1.0007614197300068
2026-05-25,2026-05-25 11:28:42,V035,97.0,1.0133193761063848
2026-05-25,2026-05-25 11:28:43,V035,97.0,1.0341441355778174
2026-05-25,2026-05-25 11:28:44,V035,98.0,1.0350994276321288
2026-05-25,2026-05-25 11:28:45,V035,99.0,1.0508073269065006
2026-05-25,2026-05-25 11:28:46,V035,99.0,1.0356225164867734
2026-05-25,2026-05-25 11:28:47,V035,101.0,1.0202718382436715
2026-05-25,2026-05-25 11:28:48,V035,102.0,1.0360898372742866
2026-05-25,2026-05-25 11:28:49,V035,102.0,1.0246229080750053
2026-05-25,2026-05-25 11:28:50,V035,102.0,1.038248036984989
2026-05-25,2026-05-25 11:28:51,V035,103.0,1.0197401107227917
2026-05-25,2026-05-25 11:28:52,V035,103.0,1.4170672277982739
2026-05-25,2026-05-25 11:28:53,V035,104.0,1.0758854188683997
2026-05-25,2026-05-25 11:28:54,V035,104.0,0.9996478299069504
2026-05-25,2026-05-25 11:28:55,V035,103.0,1.011384234928781
2026-05-25,2026-05-25 11:28:56,V035,102.0,1.3464512012753262
2026-05-25,2026-05-25 11:28:57,V035,102.0,1.2257580380811957
2026-05-25,2026-05-25 11:28:58,V035,102.0,1.0278625575810945
2026-05-25,2026-05-25 11:28:59,V035,101.0,1.017609188551891
2026-05-25,2026-05-25 11:29:00,V035,101.0,1.0509064921114915
2026-05-25,2026-05-25 11:29:01,V035,101.0,1.481798975085028
2026-05-25,2026-05-25 11:29:02,V035,101.0,1.2706456994706645
2026-05-25,2026-05-25 11:29:03,V035,101.0,1.2189752980830957
2026-05-25,2026-05-25 11:29:04,V035,101.0,1.0847452252342713
2026-05-25,2026-05-25 11:29:05,V035,101.0,1.0725697655081021
2026-05-25,2026-05-25 11:29:06,V035,102.0,1.0346838143301686
2026-05-25,2026-05-25 11:29:07,V035,102.0,0.9977094001576753
2026-05-25,2026-05-25 11:29:08,V035,103.0,1.0063823881214435
2026-05-25,2026-05-25 11:29:09,V035,103.0,0.9766119539573525
2026-05-25,2026-05-25 11:29:10,V035,104.0,0.9880321962821508
2026-05-25,2026-05-25 11:29:11,V035,105.0,0.9739748327141847
2026-05-25,2026-05-25 11:29:12,V035,105.0,1.027699727113195
2026-05-25,2026-05-25 11:29:13,V035,106.0,0.9805043127686234
2026-05-25,2026-05-25 11:29:14,V035,107.0,1.091093464950653
2026-05-25,2026-05-25 11:29:15,V035,107.0,1.0520739469106997
2026-05-25,2026-05-25 11:29:16,V035,108.0,1.0688567781459584
2026-05-25,2026-05-25 11:29:17,V035,107.0,1.024682564620641
2026-05-25,2026-05-25 11:29:18,V035,107.0,1.0555279381545104
2026-05-25,2026-05-25 11:29:19,V035,106.0,1.0287299354123332
2026-05-25,2026-05-25 11:29:20,V035,106.0,1.0672132302866892
2026-05-25,2026-05-25 11:29:21,V035,105.0,0.9916075577580951
2026-05-25,2026-05-25 11:29:22,V035,104.0,1.0077291964923818
2026-05-25,2026-05-25 11:29:23,V035,104.0,0.9910991641738175
2026-05-25,2026-05-25 11:29:24,V035,103.0,1.114349882513319
2026-05-25,2026-05-25 11:29:25,V035,103.0,1.0061292977519551
2026-05-25,2026-05-25 11:29:26,V035,103.0,1.0776869608066768
2026-05-25,2026-05-25 11:29:27,V035,102.0,1.016599089287624
2026-05-25,2026-05-25 11:29:28,V035,102.0,1.0555794136528394
2026-05-25,2026-05-25 11:29:29,V035,102.0,1.007797635092596
2026-05-25,2026-05-25 11:29:30,V035,102.0,1.0084644495066626
2026-05-25,2026-05-25 11:29:31,V035,102.0,0.9999677405314112
2026-05-25,2026-05-25 11:29:32,V035,102.0,1.0024425742732317
2026-05-25,2026-05-25 11:29:33,V035,102.0,1.0260558751540299
2026-05-25,2026-05-25 11:29:34,V035,102.0,0.9993167249671819
2026-05-25,2026-05-25 11:29:35,V035,102.0,1.0181452723654847
2026-05-25,2026-05-25 11:29:36,V035,102.0,0.9968730868794411
2026-05-25,2026-05-25 11:29:37,V035,102.0,1.0012853604966407
2026-05-25,2026-05-25 11:29:38,V035,101.0,1.0034873041611228
2026-05-25,2026-05-25 11:29:39,V035,100.0,1.0013431037298495
2026-05-25,2026-05-25 11:29:40,V035,100.0,1.001078246925744
2026-05-25,2026-05-25 11:29:41,V035,98.0,1.0018476304320694
2026-05-25,2026-05-25 11:29:42,V035,97.0,1.0012997024046126
2026-05-25,2026-05-25 11:29:43,V035,96.0,1.0015968066431582
2026-05-25,2026-05-25 11:29:44,V035,95.0,1.0018736484267685
2026-05-25,2026-05-25 11:29:45,V035,93.0,1.0402702972634805
2026-05-25,2026-05-25 11:29:46,V035,92.0,1.0352927996774406
2026-05-25,2026-05-25 11:29:47,V035,91.0,1.0296616903694964
2026-05-25,2026-05-25 11:29:48,V035,89.0,0.9788264296460639
2026-05-25,2026-05-25 11:29:49,V035,88.0,1.0374935288625058
2026-05-25,2026-05-25 11:29:50,V035,87.0,1.029185830278086
2026-05-25,2026-05-25 11:29:51,V035,86.0,0.9942135264326027
2026-05-25,2026-05-25 11:29:52,V035,85.0,1.012945894040442
2026-05-25,2026-05-25 11:29:53,V035,85.0,1.0042098709618044
2026-05-25,2026-05-25 11:29:54,V035,84.0,1.0076143191329727
2026-05-25,2026-05-25 11:29:55,V035,85.0,1.0087788296116482
2026-05-25,2026-05-25 11:29:56,V035,85.0,1.0127572723900085
2026-05-25,2026-05-25 11:29:57,V035,86.0,1.0101698969094464
2026-05-25,2026-05-25 11:29:58,V035,87.0,1.0076129038043258
2026-05-25,2026-05-25 11:29:59,V035,88.0,1.0055965829025701
2026-05-25,2026-05-25 11:30:00,V035,89.0,1.0050314664222337
2026-05-25,2026-05-25 11:30:01,V035,89.0,1.0097668016732277
2026-05-25,2026-05-25 11:30:02,V035,90.0,1.0049832350180077
2026-05-25,2026-05-25 11:30:03,V035,90.0,1.0096911316539525
2026-05-25,2026-05-25 11:30:04,V035,91.0,1.0117400010403896
2026-05-25,2026-05-25 11:30:05,V035,91.0,1.0732811024487947
2026-05-25,2026-05-25 11:30:06,V035,91.0,0.9731040845215578
2026-05-25,2026-05-25 11:30:07,V035,90.0,1.0477796965265396
2026-05-25,2026-05-25 11:30:08,V035,90.0,1.0628486681982419
2026-05-25,2026-05-25 11:30:09,V035,90.0,1.0388450641428844
2026-05-25,2026-05-25 11:30:10,V035,89.0,1.0101211955419245
2026-05-25,2026-05-25 11:30:11,V035,88.0,1.0425731908556501
2026-05-25,2026-05-25 11:30:12,V035,88.0,0.9987411597275987
2026-05-25,2026-05-25 11:30:13,V035,86.0,1.0148637345199198
2026-05-25,2026-05-25 11:30:14,V035,85.0,1.0479974611643887
2026-05-25,2026-05-25 11:30:15,V035,85.0,1.0345040325397974
2026-05-25,2026-05-25 11:30:16,V035,86.0,1.0265982181969147
2026-05-25,2026-05-25 11:30:17,V035,86.0,1.0218447763526115
2026-05-25,2026-05-25 11:30:18,V035,87.0,1.0014673394008684
2026-05-25,2026-05-25 11:30:19,V035,87.0,1.0078863732827934
2026-05-25,2026-05-25 11:30:20,V035,88.0,1.008613965211067
2026-05-25,2026-05-25 11:30:21,V035,88.0,1.0023658493945398
2026-05-25,2026-05-25 11:30:22,V035,88.0,1.0148236905283035
2026-05-25,2026-05-25 11:30:23,V035,88.0,1.0137810483258685
2026-05-25,2026-05-25 11:30:24,V035,88.0,1.0265019155498074
2026-05-25,2026-05-25 11:30:25,V035,88.0,1.0347140092626592
2026-05-25,2026-05-25 11:30:26,V035,88.0,1.009300209654337
2026-05-25,2026-05-25 11:30:27,V035,88.0,0.9984080651943804
2026-05-25,2026-05-25 11:30:28,V035,88.0,1.0056436034296021
2026-05-25,2026-05-25 11:30:29,V035,88.0,1.000778672858141
2026-05-25,2026-05-25 11:30:30,V035,88.0,1.0041712619703909
2026-05-25,2026-05-25 11:30:31,V035,88.0,1.0030509919421178
2026-05-25,2026-05-25 11:30:32,V035,88.0,1.003126243353459
2026-05-25,2026-05-25 11:30:33,V035,88.0,0.9984781726170985
2026-05-25,2026-05-25 11:30:34,V035,88.0,1.0018185614798936
2026-05-25,2026-05-25 11:30:35,V035,89.0,0.9968445181161598
2026-05-25,2026-05-25 11:30:36,V035,90.0,1.0045001543377965
2026-05-25,2026-05-25 11:30:37,V035,92.0,1.002192773344019
2026-05-25,2026-05-25 11:30:38,V035,93.0,1.0177332134134092
2026-05-25,2026-05-25 11:30:39,V035,94.0,0.9977224476399282
2026-05-25,2026-05-25 11:30:40,V035,95.0,0.9981703436712277
2026-05-25,2026-05-25 11:30:41,V035,96.0,1.0353149822507477
2026-05-25,2026-05-25 11:30:42,V035,97.0,1.090601065411312
2026-05-25,2026-05-25 11:30:43,V035,97.0,0.995661887815166
2026-05-25,2026-05-25 11:30:44,V035,96.0,1.0239212506258808
2026-05-25,2026-05-25 11:30:45,V035,96.0,0.9956734404821389
2026-05-25,2026-05-25 11:30:46,V035,96.0,1.011629778851064
2026-05-25,2026-05-25 11:30:47,V035,96.0,1.0019737407280775
2026-05-25,2026-05-25 11:30:48,V035,96.0,1.0014416226164404
2026-05-25,2026-05-25 11:30:49,V035,97.0,1.0019576015927043
2026-05-25,2026-05-25 11:30:50,V035,98.0,1.0002903159035919
2026-05-25,2026-05-25 11:30:51,V035,99.0,1.0046112209908824
2026-05-25,2026-05-25 11:30:52,V035,99.0,0.999704367963363
2026-05-25,2026-05-25 11:30:53,V035,100.0,1.0019203781522805
2026-05-25,2026-05-25 11:30:54,V035,100.0,1.001520782810603
2026-05-25,2026-05-25 11:30:55,V035,100.0,1.0007780723754047
2026-05-25,2026-05-25 11:30:56,V035,101.0,1.002540378251917
2026-05-25,2026-05-25 11:30:57,V035,101.0,0.9994769634617087
2026-05-25,2026-05-25 11:30:58,V035,101.0,1.0006278812696754
2026-05-25,2026-05-25 11:30:59,V035,100.0,1.0007715713806005
2026-05-25,2026-05-25 11:31:00,V035,100.0,1.0012954880076494
2026-05-25,2026-05-25 11:31:01,V035,99.0,1.0003163878088708
2026-05-25,2026-05-25 11:31:02,V035,99.0,1.0008458889013463
2026-05-25,2026-05-25 11:31:03,V035,98.0,1.0006038742822356
2026-05-25,2026-05-25 11:31:04,V035,98.0,0.9969175065743376
2026-05-25,2026-05-25 11:31:05,V035,98.0,1.0122566351095654
2026-05-25,2026-05-25 11:31:06,V035,97.0,1.031753536784179
2026-05-25,2026-05-25 11:31:07,V035,97.0,0.9949678442920126
2026-05-25,2026-05-25 11:31:08,V035,97.0,1.0147720784186072
2026-05-25,2026-05-25 11:31:09,V035,97.0,1.0117033103819308
2026-05-25,2026-05-25 11:31:10,V035,97.0,1.0111103527584018
2026-05-25,2026-05-25 11:31:11,V035,96.0,1.012272397211964
2026-05-25,2026-05-25 11:31:12,V035,96.0,1.0124261571827347
2026-05-25,2026-05-25 11:31:13,V035,95.0,1.0109971656152432
2026-05-25,2026-05-25 11:31:14,V035,95.0,1.0129786103380871
2026-05-25,2026-05-25 11:31:15,V035,95.0,1.0125170912710793
2026-05-25,2026-05-25 11:31:16,V035,96.0,1.0107796726589315
2026-05-25,2026-05-25 11:31:17,V035,96.0,1.0121798830175426
2026-05-25,2026-05-25 11:31:18,V035,96.0,1.0201630090485798
2026-05-25,2026-05-25 11:31:19,V035,95.0,1.000118638431683
2026-05-25,2026-05-25 11:31:20,V035,95.0,1.0203591681581294
2026-05-25,2026-05-25 11:31:21,V035,94.0,0.9952584690457145
2026-05-25,2026-05-25 11:31:22,V035,93.0,1.010031619978752
2026-05-25,2026-05-25 11:31:23,V035,92.0,0.9968212136458062
2026-05-25,2026-05-25 11:31:24,V035,91.0,1.0076071717816895
2026-05-25,2026-05-25 11:31:25,V035,90.0,1.01724770669048
2026-05-25,2026-05-25 11:31:26,V035,89.0,1.0338270664052513
2026-05-25,2026-05-25 11:31:27,V035,88.0,0.9999609758016333
2026-05-25,2026-05-25 11:31:28,V035,87.0,1.0235117563312772
2026-05-25,2026-05-25 11:31:29,V035,88.0,1.015201698291239
2026-05-25,2026-05-25 11:31:30,V035,88.0,1.1936754268352838
2026-05-25,2026-05-25 11:31:31,V035,88.0,1.0455317688881716
2026-05-25,2026-05-25 11:31:32,V035,89.0,1.15686141906109
2026-05-25,2026-05-25 11:31:33,V035,89.0,1.0167596377713533
2026-05-25,2026-05-25 11:31:34,V035,89.0,1.2746305634076391
2026-05-25,2026-05-25 11:31:35,V035,89.0,1.0028351326548326
2026-05-25,2026-05-25 11:31:36,V035,89.0,1.0616273277210573
2026-05-25,2026-05-25 11:31:37,V035,89.0,1.0294500279963947
2026-05-25,2026-05-25 11:31:38,V035,89.0,1.0551253305800208
2026-05-25,2026-05-25 11:31:39,V035,89.0,1.003895622085904
2026-05-25,2026-05-25 11:31:40,V035,90.0,1.0261369696737694
2026-05-25,2026-05-25 11:31:41,V035,91.0,1.008243110269809
2026-05-25,2026-05-25 11:31:42,V035,91.0,1.0380747528792376
2026-05-25,2026-05-25 11:31:43,V035,92.0,0.9715745495748624
2026-05-25,2026-05-25 11:31:44,V035,92.0,1.1197685784082734
2026-05-25,2026-05-25 11:31:45,V035,93.0,1.0702780703886658
2026-05-25,2026-05-25 11:31:46,V035,93.0,1.069606520976381
2026-05-25,2026-05-25 11:31:47,V035,93.0,1.0279381299608465
2026-05-25,2026-05-25 11:31:48,V035,93.0,1.0254550530863469
2026-05-25,2026-05-25 11:31:49,V035,93.0,0.9751322965843878
2026-05-25,2026-05-25 11:31:50,V035,94.0,1.0665514576954511
2026-05-25,2026-05-25 11:31:51,V035,94.0,1.0024588494875952
2026-05-25,2026-05-25 11:31:52,V035,94.0,1.0223313336882125
2026-05-25,2026-05-25 11:31:53,V035,94.0,1.0170931929001266
2026-05-25,2026-05-25 11:31:54,V035,95.0,1.0132826894001015
2026-05-25,2026-05-25 11:31:55,V035,94.0,1.011710327304322
2026-05-25,2026-05-25 11:31:56,V035,94.0,0.9821944623935442
2026-05-25,2026-05-25 11:31:57,V035,94.0,1.017008408854358
2026-05-25,2026-05-25 11:31:58,V035,94.0,1.0133380075813443
2026-05-25,2026-05-25 11:31:59,V035,94.0,1.00358710267116
2026-05-25,2026-05-25 11:32:00,V035,94.0,1.0101829595607401
2026-05-25,2026-05-25 11:32:01,V035,93.0,1.0009415756015696
2026-05-25,2026-05-25 11:32:02,V035,93.0,1.0157023262910467
2026-05-25,2026-05-25 11:32:03,V035,92.0,1.0193659656517846
2026-05-25,2026-05-25 11:32:04,V035,92.0,0.999696220827201
2026-05-25,2026-05-25 11:32:05,V035,91.0,1.0300832953014534
2026-05-25,2026-05-25 11:32:06,V035,91.0,0.996547091802942
2026-05-25,2026-05-25 11:32:07,V035,90.0,1.0036562868861536
2026-05-25,2026-05-25 11:32:08,V035,90.0,1.0052645143471424
2026-05-25,2026-05-25 11:32:09,V035,89.0,1.0063404383431274
2026-05-25,2026-05-25 11:32:10,V035,89.0,1.0293433299450105
2026-05-25,2026-05-25 11:32:11,V035,89.0,1.0028893513388089
2026-05-25,2026-05-25 11:32:12,V035,89.0,1.0212638786348789
2026-05-25,2026-05-25 11:32:13,V035,89.0,1.0248062691450008
2026-05-25,2026-05-25 11:32:14,V035,89.0,1.00819308244764
2026-05-25,2026-05-25 11:32:15,V035,89.0,1.011007646790074
2026-05-25,2026-05-25 11:32:16,V035,90.0,1.014250990586352
2026-05-25,2026-05-25 11:32:17,V035,91.0,1.010713490937834
2026-05-25,2026-05-25 11:32:18,V035,92.0,1.029264942995552
2026-05-25,2026-05-25 11:32:19,V035,92.0,1.004328191838121
2026-05-25,2026-05-25 11:32:20,V035,93.0,1.0121667540857475
2026-05-25,2026-05-25 11:32:21,V035,94.0,1.0089117412609607
2026-05-25,2026-05-25 11:32:22,V035,95.0,1.0149813427543697
2026-05-25,2026-05-25 11:32:23,V035,96.0,1.0110718808063397
2026-05-25,2026-05-25 11:32:24,V035,96.0,1.072646342268801
2026-05-25,2026-05-25 11:32:25,V035,96.0,1.0343231154282935
2026-05-25,2026-05-25 11:32:26,V035,96.0,1.0385207712825248
2026-05-25,2026-05-25 11:32:27,V035,95.0,1.0075781059175855
2026-05-25,2026-05-25 11:32:28,V035,95.0,1.0409266005063167
2026-05-25,2026-05-25 11:32:29,V035,95.0,1.0426556159802336
2026-05-25,2026-05-25 11:32:30,V035,95.0,1.004704121018332
2026-05-25,2026-05-25 11:32:31,V035,94.0,1.0175819047757646
2026-05-25,2026-05-25 11:32:32,V035,93.0,1.023595616303972
2026-05-25,2026-05-25 11:32:33,V035,92.0,1.0030895951248306
2026-05-25,2026-05-25 11:32:34,V035,91.0,1.005698683235032
2026-05-25,2026-05-25 11:32:35,V035,91.0,1.016649282668401
2026-05-25,2026-05-25 11:32:36,V035,90.0,1.023878559289025
2026-05-25,2026-05-25 11:32:37,V035,89.0,1.0054362417251035
2026-05-25,2026-05-25 11:32:38,V035,89.0,1.0150449185402608
2026-05-25,2026-05-25 11:32:39,V035,89.0,1.0085077668042157
2026-05-25,2026-05-25 11:32:40,V035,90.0,1.0089532576454154
2026-05-25,2026-05-25 11:32:41,V035,91.0,1.0185569916765653
2026-05-25,2026-05-25 11:32:42,V035,92.0,0.9975822714976931
2026-05-25,2026-05-25 11:32:43,V035,92.0,1.015398456248268
2026-05-25,2026-05-25 11:32:44,V035,93.0,1.0053111738941565
2026-05-25,2026-05-25 11:32:45,V035,93.0,0.9879904489484717
2026-05-25,2026-05-25 11:32:46,V035,94.0,1.005876521047143
2026-05-25,2026-05-25 11:32:47,V035,95.0,1.0260609216091676
2026-05-25,2026-05-25 11:32:48,V035,96.0,0.9831862539055578
2026-05-25,2026-05-25 11:32:49,V035,96.0,1.0517355984546854
2026-05-25,2026-05-25 11:32:50,V035,96.0,1.0216014470541313
2026-05-25,2026-05-25 11:32:51,V035,96.0,0.9766201201263006
2026-05-25,2026-05-25 11:32:52,V035,96.0,1.0168246435608583
2026-05-25,2026-05-25 11:32:53,V035,96.0,0.9784918307088564
2026-05-25,2026-05-25 11:32:54,V035,96.0,1.017753151627723
2026-05-25,2026-05-25 11:32:55,V035,96.0,0.9963239914766813
2026-05-25,2026-05-25 11:32:56,V035,96.0,1.0257140110122216
2026-05-25,2026-05-25 11:32:57,V035,95.0,0.9743500943936102
2026-05-25,2026-05-25 11:32:58,V035,95.0,1.1116557605614126
2026-05-25,2026-05-25 11:32:59,V035,94.0,1.0370014130844891
2026-05-25,2026-05-25 11:33:00,V035,94.0,1.2031483727691012
2026-05-25,2026-05-25 11:33:01,V035,93.0,1.101535671029012
2026-05-25,2026-05-25 11:33:02,V035,93.0,1.0350842387239219
2026-05-25,2026-05-25 11:33:03,V035,94.0,1.0268851854208665
2026-05-25,2026-05-25 11:33:04,V035,94.0,0.957185449567891
2026-05-25,2026-05-25 11:33:05,V035,95.0,1.12213670205749
2026-05-25,2026-05-25 11:33:06,V035,96.0,1.03659746162718
2026-05-25,2026-05-25 11:33:07,V035,97.0,1.0004253011712856
2026-05-25,2026-05-25 11:33:08,V035,98.0,0.9925542242877408
2026-05-25,2026-05-25 11:33:09,V035,98.0,0.9920989183251243
2026-05-25,2026-05-25 11:33:10,V035,98.0,1.0255342936876257
2026-05-25,2026-05-25 11:33:11,V035,98.0,0.9870190280842861
2026-05-25,2026-05-25 11:33:12,V035,98.0,1.031529366409073
2026-05-25,2026-05-25 11:33:13,V035,99.0,1.0090729924544375
2026-05-25,2026-05-25 11:33:14,V035,99.0,1.0935486804431291
2026-05-25,2026-05-25 11:33:15,V035,99.0,0.9956641869545493
2026-05-25,2026-05-25 11:33:16,V035,99.0,0.998367564048638
2026-05-25,2026-05-25 11:33:17,V035,100.0,0.9980149764154541
2026-05-25,2026-05-25 11:33:18,V035,100.0,0.9979919485361147
2026-05-25,2026-05-25 11:33:19,V035,100.0,0.9979288003874061
2026-05-25,2026-05-25 11:33:20,V035,100.0,0.9977897240344988
2026-05-25,2026-05-25 11:33:21,V035,100.0,0.9978284029430112
2026-05-25,2026-05-25 11:33:22,V035,100.0,0.9978329409539821
2026-05-25,2026-05-25 11:33:23,V035,100.0,0.9983699273961336
2026-05-25,2026-05-25 11:33:24,V035,100.0,0.9977671951079109
2026-05-25,2026-05-25 11:33:25,V035,98.0,0.9980803406166601
2026-05-25,2026-05-25 11:33:26,V035,97.0,0.9980850747874551
2026-05-25,2026-05-25 11:33:27,V035,96.0,0.9974971968787775
2026-05-25,2026-05-25 11:33:28,V035,95.0,0.9978427543606523
2026-05-25,2026-05-25 11:33:29,V035,94.0,0.9975243784594445
2026-05-25,2026-05-25 11:33:30,V035,93.0,0.9982774559779449
2026-05-25,2026-05-25 11:33:31,V035,91.0,0.9981214468912452
2026-05-25,2026-05-25 11:33:32,V035,91.0,0.9971699510541155
2026-05-25,2026-05-25 11:33:33,V035,89.0,0.9975959664559647
2026-05-25,2026-05-25 11:33:34,V035,88.0,0.9991949830509483
2026-05-25,2026-05-25 11:33:35,V035,87.0,0.9971188770644089
2026-05-25,2026-05-25 11:33:36,V035,87.0,0.9988846635046084
2026-05-25,2026-05-25 11:33:37,V035,87.0,0.9986986550865152
2026-05-25,2026-05-25 11:33:38,V035,86.0,0.998475121838149
2026-05-25,2026-05-25 11:33:39,V035,87.0,0.9975079950157065
2026-05-25,2026-05-25 11:33:40,V035,88.0,0.9984187562791391
2026-05-25,2026-05-25 11:33:41,V035,89.0,0.9984166635101412
2026-05-25,2026-05-25 11:33:42,V035,89.0,0.9977957942958261
2026-05-25,2026-05-25 11:33:43,V035,89.0,0.9978495474613526
2026-05-25,2026-05-25 11:33:44,V035,89.0,0.9987196796698653
2026-05-25,2026-05-25 11:33:45,V035,88.0,1.0049432263666802
2026-05-25,2026-05-25 11:33:46,V035,87.0,0.9970007184453866
2026-05-25,2026-05-25 11:33:47,V035,87.0,0.9993734559639558
2026-05-25,2026-05-25 11:33:48,V035,86.0,0.9968651919018569
2026-05-25,2026-05-25 11:33:49,V035,86.0,0.9965102798177324
2026-05-25,2026-05-25 11:33:50,V035,86.0,0.998197600626048
2026-05-25,2026-05-25 11:33:51,V035,85.0,0.9964403834666619
2026-05-25,2026-05-25 11:33:52,V035,84.0,0.9970114506270511
2026-05-25,2026-05-25 11:33:53,V035,83.0,0.9974780616466715
2026-05-25,2026-05-25 11:33:54,V035,82.0,0.9974617610748465
2026-05-25,2026-05-25 11:33:55,V035,82.0,0.9967604422113748
2026-05-25,2026-05-25 11:33:56,V035,81.0,0.9969967174184174
2026-05-25,2026-05-25 11:33:57,V035,81.0,0.9972704759923902
2026-05-25,2026-05-25 11:33:58,V035,81.0,0.9967898240357638
2026-05-25,2026-05-25 11:33:59,V035,81.0,0.9968730328728905
2026-05-25,2026-05-25 11:34:00,V035,82.0,0.9961590733202372
2026-05-25,2026-05-25 11:34:01,V035,82.0,0.9967783787393195
2026-05-25,2026-05-25 11:34:02,V035,82.0,0.9969371876984938
2026-05-25,2026-05-25 11:34:03,V035,81.0,0.9969121789624945
2026-05-25,2026-05-25 11:34:04,V035,81.0,0.9974274587238976
2026-05-25,2026-05-25 11:34:05,V035,81.0,0.9970937533296241
2026-05-25,2026-05-25 11:34:06,V035,80.0,0.9970086898533808
2026-05-25,2026-05-25 11:34:07,V035,80.0,0.9970581246875999
2026-05-25,2026-05-25 11:34:08,V035,80.0,0.99624001344877
2026-05-25,2026-05-25 11:34:09,V035,80.0,0.996951225428596
2026-05-25,2026-05-25 11:34:10,V035,80.0,0.9975815270131572
2026-05-25,2026-05-25 11:34:11,V035,79.0,0.9965877158783413
2026-05-25,2026-05-25 11:34:12,V035,79.0,0.9963803189773949
2026-05-25,2026-05-25 11:34:13,V035,80.0,0.9970104455857991
2026-05-25,2026-05-25 11:34:14,V035,80.0,0.997748836072275
2026-05-25,2026-05-25 11:34:15,V035,81.0,0.9958411262187568
2026-05-25,2026-05-25 11:34:16,V035,81.0,0.9967414435640959
2026-05-25,2026-05-25 11:34:17,V035,82.0,0.9969636744322599
2026-05-25,2026-05-25 11:34:18,V035,82.0,0.9961539360271056
2026-05-25,2026-05-25 11:34:19,V035,83.0,0.9968170211081765
2026-05-25,2026-05-25 11:34:20,V035,83.0,0.9963382863858535
2026-05-25,2026-05-25 11:34:21,V035,83.0,0.9965128463822687
2026-05-25,2026-05-25 11:34:22,V035,83.0,0.9968727688547683
2026-05-25,2026-05-25 11:34:23,V035,83.0,0.9970929856415875
2026-05-25,2026-05-25 11:34:24,V035,83.0,0.9968839833252942
2026-05-25,2026-05-25 11:34:25,V035,83.0,0.9967611211367557
2026-05-25,2026-05-25 11:34:26,V035,83.0,0.9966922637579789
2026-05-25,2026-05-25 11:34:27,V035,84.0,0.9962800142452414
2026-05-25,2026-05-25 11:34:28,V035,84.0,0.9970444493553671
2026-05-25,2026-05-25 11:34:29,V035,84.0,0.9965912501311099
2026-05-25,2026-05-25 11:34:30,V035,85.0,0.9966117172959363
2026-05-25,2026-05-25 11:34:31,V035,85.0,0.9962674768987396
2026-05-25,2026-05-25 11:34:32,V035,85.0,0.9972708919721792
2026-05-25,2026-05-25 11:34:33,V035,85.0,0.9975338914900538
2026-05-25,2026-05-25 11:34:34,V035,85.0,0.9964201637834581
2026-05-25,2026-05-25 11:34:35,V035,85.0,0.996780892195642
2026-05-25,2026-05-25 11:34:36,V035,85.0,0.9971616333520114
2026-05-25,2026-05-25 11:34:37,V035,85.0,0.9960369843248513
2026-05-25,2026-05-25 11:34:38,V035,85.0,0.99804478959159
2026-05-25,2026-05-25 11:34:39,V035,84.0,1.0018912179854298
2026-05-25,2026-05-25 11:34:40,V035,84.0,1.0025772274736
2026-05-25,2026-05-25 11:34:41,V035,84.0,0.9993267975619874
2026-05-25,2026-05-25 11:34:42,V035,84.0,0.9960933797237186
2026-05-25,2026-05-25 11:34:43,V035,84.0,0.9973353269144123
2026-05-25,2026-05-25 11:34:44,V035,84.0,0.9966765262741916
2026-05-25,2026-05-25 11:34:45,V035,83.0,0.9964541026164866
2026-05-25,2026-05-25 11:34:46,V035,82.0,0.9964995057737056
2026-05-25,2026-05-25 11:34:47,V035,81.0,0.9968596327562602
2026-05-25,2026-05-25 11:34:48,V035,80.0,0.9967264227871838
2026-05-25,2026-05-25 11:34:49,V035,81.0,0.9965506017077564
2026-05-25,2026-05-25 11:34:50,V035,81.0,0.9970093041014727
2026-05-25,2026-05-25 11:34:51,V035,81.0,0.9969053806889895
2026-05-25,2026-05-25 11:34:52,V035,82.0,0.9962229534821332
2026-05-25,2026-05-25 11:34:53,V035,81.0,0.9970298308792049
2026-05-25,2026-05-25 11:34:54,V035,81.0,0.9965242774381394
2026-05-25,2026-05-25 11:34:55,V035,80.0,0.9962132611699607
2026-05-25,2026-05-25 11:34:56,V035,80.0,0.9967962850115865
2026-05-25,2026-05-25 11:34:57,V035,79.0,0.9969252352048465
2026-05-25,2026-05-25 11:34:58,V035,79.0,0.9963998291743992
2026-05-25,2026-05-25 11:34:59,V035,78.0,0.9963856841306121
2026-05-25,2026-05-25 11:35:00,V035,77.0,0.996627642615486
2026-05-25,2026-05-25 11:35:01,V035,77.0,0.9968233952921239
2026-05-25,2026-05-25 11:35:02,V035,76.0,0.9961401464494837
2026-05-25,2026-05-25 11:35:03,V035,76.0,1.0002051919919914
2026-05-25,2026-05-25 11:35:04,V035,75.0,0.9975168618131246
2026-05-25,2026-05-25 11:35:05,V035,75.0,0.9987227320780672
2026-05-25,2026-05-25 11:35:06,V035,75.0,0.9988714978178229
2026-05-25,2026-05-25 11:35:07,V035,76.0,0.9984514212133145
2026-05-25,2026-05-25 11:35:08,V035,76.0,0.9976927014203607
2026-05-25,2026-05-25 11:35:09,V035,76.0,0.9984631504297434
2026-05-25,2026-05-25 11:35:10,V035,76.0,0.9971486623917295
2026-05-25,2026-05-25 11:35:11,V035,76.0,0.998413079217145
2026-05-25,2026-05-25 11:35:12,V035,76.0,0.9981401361589161
2026-05-25,2026-05-25 11:35:13,V035,77.0,0.9976117797379213
2026-05-25,2026-05-25 11:35:14,V035,77.0,0.9980871245849872
2026-05-25,2026-05-25 11:35:15,V035,78.0,0.9983678610467749
2026-05-25,2026-05-25 11:35:16,V035,78.0,0.9981561343404536
2026-05-25,2026-05-25 11:35:17,V035,76.0,0.9982466770747673
2026-05-25,2026-05-25 11:35:18,V035,75.0,0.9978694725735919
2026-05-25,2026-05-25 11:35:19,V035,75.0,0.9983980221860439
2026-05-25,2026-05-25 11:35:20,V035,74.0,0.9974992050621674
2026-05-25,2026-05-25 11:35:21,V035,75.0,0.9978281007727664
2026-05-25,2026-05-25 11:35:22,V035,75.0,0.9979396730552479
2026-05-25,2026-05-25 11:35:23,V035,75.0,0.9980348487976443
2026-05-25,2026-05-25 11:35:24,V035,74.0,0.9979430498489003
2026-05-25,2026-05-25 11:35:25,V035,74.0,0.998766581412205
2026-05-25,2026-05-25 11:35:26,V035,73.0,0.9975353187784668
2026-05-25,2026-05-25 11:35:27,V035,73.0,0.9977543041211566
2026-05-25,2026-05-25 11:35:28,V035,73.0,0.9983773245584282
2026-05-25,2026-05-25 11:35:29,V035,74.0,0.9974299870825567
2026-05-25,2026-05-25 11:35:30,V035,74.0,0.9980291242506657
2026-05-25,2026-05-25 11:35:31,V035,74.0,0.9977725297066321
2026-05-25,2026-05-25 11:35:32,V035,74.0,0.9974149248998729
2026-05-25,2026-05-25 11:35:33,V035,73.0,0.997757980403542
2026-05-25,2026-05-25 11:35:34,V035,73.0,0.9973769503344234
2026-05-25,2026-05-25 11:35:35,V035,73.0,0.9971746853912096
2026-05-25,2026-05-25 11:35:36,V035,72.0,0.9981969964358771
2026-05-25,2026-05-25 11:35:37,V035,73.0,0.9976942441458784
2026-05-25,2026-05-25 11:35:38,V035,73.0,0.9980792957829121
2026-05-25,2026-05-25 11:35:39,V035,75.0,0.9981857237770531
2026-05-25,2026-05-25 11:35:40,V035,75.0,0.9976962521238454
2026-05-25,2026-05-25 11:35:41,V035,76.0,0.9977744946563868
2026-05-25,2026-05-25 11:35:42,V035,76.0,0.997258882456244
2026-05-25,2026-05-25 11:35:43,V035,76.0,0.998078338752666
2026-05-25,2026-05-25 11:35:44,V035,75.0,0.997341887899589
2026-05-25,2026-05-25 11:35:45,V035,74.0,0.9979666240717251
2026-05-25,2026-05-25 11:35:46,V035,74.0,0.9972745701195215
2026-05-25,2026-05-25 11:35:47,V035,73.0,0.9972348026445524
2026-05-25,2026-05-25 11:35:48,V035,73.0,0.9976664298526808
2026-05-25,2026-05-25 11:35:49,V035,74.0,0.9971117699638224
2026-05-25,2026-05-25 11:35:50,V035,74.0,0.9968196045763084
2026-05-25,2026-05-25 11:35:51,V035,74.0,0.997882384305684
2026-05-25,2026-05-25 11:35:52,V035,75.0,1.0002904499086998
2026-05-25,2026-05-25 11:35:53,V035,74.0,0.997356517433841
2026-05-25,2026-05-25 11:35:54,V035,74.0,1.0003115774597655
2026-05-25,2026-05-25 11:35:55,V035,74.0,0.9994383919922049
2026-05-25,2026-05-25 11:35:56,V035,74.0,0.9993634206988413
2026-05-25,2026-05-25 11:35:57,V035,75.0,0.999761231214106
2026-05-25,2026-05-25 11:35:58,V035,75.0,0.9999237276830358
2026-05-25,2026-05-25 11:35:59,V035,75.0,0.9992869072064815
2026-05-25,2026-05-25 11:36:00,V035,76.0,0.999441966422545
2026-05-25,2026-05-25 11:36:01,V035,76.0,0.9991102973711933
2026-05-25,2026-05-25 11:36:02,V035,76.0,1.0059026542579301
2026-05-25,2026-05-25 11:36:03,V035,77.0,1.0398186359437671
2026-05-25,2026-05-25 11:36:04,V035,77.0,0.9930703126439888
2026-05-25,2026-05-25 11:36:05,V035,77.0,1.0112810991051917
2026-05-25,2026-05-25 11:36:06,V035,77.0,0.9879683409236283
2026-05-25,2026-05-25 11:36:07,V035,77.0,0.9863930939094852
2026-05-25,2026-05-25 11:36:08,V035,76.0,0.986254236788085
2026-05-25,2026-05-25 11:36:09,V035,77.0,0.9864543838619455
2026-05-25,2026-05-25 11:36:10,V035,78.0,0.9867174257188357
2026-05-25,2026-05-25 11:36:11,V035,78.0,0.9866992165031524
2026-05-25,2026-05-25 11:36:12,V035,79.0,0.9867899352067317
2026-05-25,2026-05-25 11:36:13,V035,81.0,0.9859513234934836
2026-05-25,2026-05-25 11:36:14,V035,82.0,0.9863327423394749
2026-05-25,2026-05-25 11:36:15,V035,83.0,0.9865756438135436
2026-05-25,2026-05-25 11:36:16,V035,85.0,0.986587497272886
2026-05-25,2026-05-25 11:36:17,V035,86.0,0.9861836150768013
2026-05-25,2026-05-25 11:36:18,V035,86.0,0.9864878676087069
2026-05-25,2026-05-25 11:36:19,V035,85.0,0.9871947980179291
2026-05-25,2026-05-25 11:36:20,V035,84.0,0.9868831528526697
2026-05-25,2026-05-25 11:36:21,V035,83.0,0.9865653796571193
2026-05-25,2026-05-25 11:36:22,V035,82.0,0.9866692171975874
2026-05-25,2026-05-25 11:36:23,V035,81.0,0.9858985177052552
2026-05-25,2026-05-25 11:36:24,V035,80.0,0.9868154867254508
2026-05-25,2026-05-25 11:36:25,V035,78.0,0.9857281377614723
2026-05-25,2026-05-25 11:36:26,V035,77.0,0.9860667293904111
2026-05-25,2026-05-25 11:36:27,V035,76.0,0.9858708205776845
2026-05-25,2026-05-25 11:36:28,V035,75.0,0.9862131099277555
2026-05-25,2026-05-25 11:36:29,V035,74.0,0.9861085975804613
2026-05-25,2026-05-25 11:36:30,V035,73.0,0.986592437990102
2026-05-25,2026-05-25 11:36:31,V035,73.0,0.9859151068799011
2026-05-25,2026-05-25 11:36:32,V035,72.0,0.9877307337364235
2026-05-25,2026-05-25 11:36:33,V035,73.0,0.9874142282007875
2026-05-25,2026-05-25 11:36:34,V035,73.0,0.9870374318580752
2026-05-25,2026-05-25 11:36:35,V035,74.0,0.9869779732676566
2026-05-25,2026-05-25 11:36:36,V035,74.0,0.9864793468813433
2026-05-25,2026-05-25 11:36:37,V035,74.0,0.9865317762799243
2026-05-25,2026-05-25 11:36:38,V035,73.0,0.9864698898069264
2026-05-25,2026-05-25 11:36:39,V035,73.0,0.9867093516206328
2026-05-25,2026-05-25 11:36:40,V035,73.0,0.9863982414362544
2026-05-25,2026-05-25 11:36:41,V035,75.0,0.9867023554352333
2026-05-25,2026-05-25 11:36:42,V035,76.0,0.9868530962772041
2026-05-25,2026-05-25 11:36:43,V035,76.0,0.9868995207282638
2026-05-25,2026-05-25 11:36:44,V035,76.0,0.9862971285642677
2026-05-25,2026-05-25 11:36:45,V035,75.0,0.9861326742121337
2026-05-25,2026-05-25 11:36:46,V035,74.0,0.9862963067785776
2026-05-25,2026-05-25 11:36:47,V035,72.0,0.9859578629197959
2026-05-25,2026-05-25 11:36:48,V035,72.0,0.9863164746388131
2026-05-25,2026-05-25 11:36:49,V035,71.0,0.9864988706436676
2026-05-25,2026-05-25 11:36:50,V035,71.0,0.9869454122397624
2026-05-25,2026-05-25 11:36:51,V035,70.0,0.9864208832200998
2026-05-25,2026-05-25 11:36:52,V035,70.0,0.9867174504557173
2026-05-25,2026-05-25 11:36:53,V035,69.0,0.9863998985847604
2026-05-25,2026-05-25 11:36:54,V035,69.0,0.9864417874040114
2026-05-25,2026-05-25 11:36:55,V035,68.0,0.9862807753439258
2026-05-25,2026-05-25 11:36:56,V035,67.0,0.9866697066868326
2026-05-25,2026-05-25 11:36:57,V035,67.0,0.9865399904017486
2026-05-25,2026-05-25 11:36:58,V035,66.0,0.9864084108224113
2026-05-25,2026-05-25 11:36:59,V035,66.0,0.9865284207754135
2026-05-25,2026-05-25 11:37:00,V035,66.0,0.9864773475542878
2026-05-25,2026-05-25 11:37:01,V035,65.0,0.9863501175129804
2026-05-25,2026-05-25 11:37:02,V035,65.0,0.9861392026446418
2026-05-25,2026-05-25 11:37:03,V035,64.0,0.9864403873635013
2026-05-25,2026-05-25 11:37:04,V035,63.0,0.9855551239440479
2026-05-25,2026-05-25 11:37:05,V035,63.0,0.986371421182727
2026-05-25,2026-05-25 11:37:06,V035,62.0,0.9868372640811677
2026-05-25,2026-05-25 11:37:07,V035,62.0,0.9869734594722559
2026-05-25,2026-05-25 11:37:08,V035,62.0,0.9856653440788262
2026-05-25,2026-05-25 11:37:09,V035,63.0,0.9864881277725696
2026-05-25,2026-05-25 11:37:10,V035,63.0,0.9862656932766667
2026-05-25,2026-05-25 11:37:11,V035,62.0,0.9861183147916117
2026-05-25,2026-05-25 11:37:12,V035,62.0,0.986421767323444
2026-05-25,2026-05-25 11:37:13,V035,62.0,0.9869243164769332
2026-05-25,2026-05-25 11:37:14,V035,62.0,0.9863507555277441
2026-05-25,2026-05-25 11:37:15,V035,62.0,0.9861996837855996
2026-05-25,2026-05-25 11:37:16,V035,62.0,0.9863473226932357
2026-05-25,2026-05-25 11:37:17,V035,62.0,0.9864190911738894
2026-05-25,2026-05-25 11:37:18,V035,62.0,0.9865542788690127
2026-05-25,2026-05-25 11:37:19,V035,61.0,0.9867527499229622
2026-05-25,2026-05-25 11:37:20,V035,61.0,0.9871084527624306
2026-05-25,2026-05-25 11:37:21,V035,61.0,0.9862850172490724
2026-05-25,2026-05-25 11:37:22,V035,61.0,0.9871778481247592
2026-05-25,2026-05-25 11:37:23,V035,61.0,0.9861677701474089
2026-05-25,2026-05-25 11:37:24,V035,61.0,0.9867918121779572
2026-05-25,2026-05-25 11:37:25,V035,61.0,0.9869595809817056
2026-05-25,2026-05-25 11:37:26,V035,62.0,0.9870801261284341
2026-05-25,2026-05-25 11:37:27,V035,61.0,0.9864725455417608
2026-05-25,2026-05-25 11:37:28,V035,61.0,0.9861590026649575
2026-05-25,2026-05-25 11:37:29,V035,60.0,0.986749784438921
2026-05-25,2026-05-25 11:37:30,V035,60.0,0.9863194149978266
2026-05-25,2026-05-25 11:37:31,V035,60.0,0.9860757257484954
2026-05-25,2026-05-25 11:37:32,V035,59.0,0.9865603424739624
2026-05-25,2026-05-25 11:37:33,V035,60.0,0.9867498529543266
2026-05-25,2026-05-25 11:37:34,V035,60.0,0.9863500476135135
2026-05-25,2026-05-25 11:37:35,V035,60.0,0.9863808831242195
2026-05-25,2026-05-25 11:37:36,V035,61.0,0.9867208180586196
2026-05-25,2026-05-25 11:37:37,V035,61.0,0.9870445886096144
2026-05-25,2026-05-25 11:37:38,V035,61.0,0.9865924458253484
2026-05-25,2026-05-25 11:37:39,V035,60.0,0.986328083924795
2026-05-25,2026-05-25 11:37:40,V035,60.0,0.9865123217057009
2026-05-25,2026-05-25 11:37:41,V035,60.0,0.9864041502552122
2026-05-25,2026-05-25 11:37:42,V035,60.0,0.9865115629905173
2026-05-25,2026-05-25 11:37:43,V035,60.0,0.9869546809046552
2026-05-25,2026-05-25 11:37:44,V035,60.0,0.9862290597279396
2026-05-25,2026-05-25 11:37:45,V035,61.0,0.9868700536038015
2026-05-25,2026-05-25 11:37:46,V035,61.0,0.9867476856077958
2026-05-25,2026-05-25 11:37:47,V035,62.0,0.9863627750226501
2026-05-25,2026-05-25 11:37:48,V035,63.0,0.9868164686057155
2026-05-25,2026-05-25 11:37:49,V035,64.0,0.9868155997145407
2026-05-25,2026-05-25 11:37:50,V035,65.0,0.9856636724900727
2026-05-25,2026-05-25 11:37:51,V035,65.0,0.9873544477429468
2026-05-25,2026-05-25 11:37:52,V035,65.0,0.98598662452683
2026-05-25,2026-05-25 11:37:53,V035,64.0,0.9860141276956602
2026-05-25,2026-05-25 11:37:54,V035,63.0,0.9867423968078267
2026-05-25,2026-05-25 11:37:55,V035,62.0,0.9859388611785631
2026-05-25,2026-05-25 11:37:56,V035,62.0,0.9864380881203061
2026-05-25,2026-05-25 11:37:57,V035,62.0,0.9863037578830185
2026-05-25,2026-05-25 11:37:58,V035,63.0,0.9863103965472105
2026-05-25,2026-05-25 11:37:59,V035,63.0,0.9862362174695671
2026-05-25,2026-05-25 11:38:00,V035,64.0,0.9862876549589293
2026-05-25,2026-05-25 11:38:01,V035,64.0,0.9864035766430655
2026-05-25,2026-05-25 11:38:02,V035,64.0,0.9841830623316751
2026-05-25,2026-05-25 11:38:03,V035,64.0,0.9902853196811595
2026-05-25,2026-05-25 11:38:04,V035,64.0,0.9867509540730857
2026-05-25,2026-05-25 11:38:05,V035,65.0,0.9859666167520319
2026-05-25,2026-05-25 11:38:06,V035,65.0,0.9866324112448612
2026-05-25,2026-05-25 11:38:07,V035,66.0,0.9864939938587695
2026-05-25,2026-05-25 11:38:08,V035,66.0,0.9864593836935556
2026-05-25,2026-05-25 11:38:09,V035,67.0,0.9863630565480558
2026-05-25,2026-05-25 11:38:10,V035,67.0,0.9867503530033299
2026-05-25,2026-05-25 11:38:11,V035,68.0,0.9868078778192523
2026-05-25,2026-05-25 11:38:12,V035,69.0,0.9863107126688692
2026-05-25,2026-05-25 11:38:13,V035,70.0,0.9864926957696387
2026-05-25,2026-05-25 11:38:14,V035,70.0,0.98636996467893
2026-05-25,2026-05-25 11:38:15,V035,70.0,0.98626720289729
2026-05-25,2026-05-25 11:38:16,V035,70.0,0.9867285690248169
2026-05-25,2026-05-25 11:38:17,V035,70.0,0.985994309242681
2026-05-25,2026-05-25 11:38:18,V035,69.0,0.9869305312499306
2026-05-25,2026-05-25 11:38:19,V035,69.0,0.9863194954308635
2026-05-25,2026-05-25 11:38:20,V035,69.0,0.987320999009852
2026-05-25,2026-05-25 11:38:21,V035,69.0,0.9869540864297967
2026-05-25,2026-05-25 11:38:22,V035,69.0,0.987261934505805
2026-05-25,2026-05-25 11:38:23,V035,69.0,0.9872547492323739
2026-05-25,2026-05-25 11:38:24,V035,69.0,0.9873437344787287
2026-05-25,2026-05-25 11:38:25,V035,70.0,0.9866091564958906
2026-05-25,2026-05-25 11:38:26,V035,70.0,0.9868548159338183
2026-05-25,2026-05-25 11:38:27,V035,71.0,0.987307470360857
2026-05-25,2026-05-25 11:38:28,V035,71.0,0.9861626518660334
2026-05-25,2026-05-25 11:38:29,V035,72.0,0.9867229092634157
2026-05-25,2026-05-25 11:38:30,V035,74.0,0.9852113007887678
2026-05-25,2026-05-25 11:38:31,V035,75.0,0.9867178896705666
2026-05-25,2026-05-25 11:38:32,V035,76.0,0.9873222096037276
2026-05-25,2026-05-25 11:38:33,V035,78.0,0.9843019262533179
2026-05-25,2026-05-25 11:38:34,V035,79.0,0.9868605933840873
2026-05-25,2026-05-25 11:38:35,V035,78.0,0.9862675202532771
2026-05-25,2026-05-25 11:38:36,V035,76.0,0.9865001316468048
2026-05-25,2026-05-25 11:38:37,V035,75.0,0.9859643220399121
2026-05-25,2026-05-25 11:38:38,V035,74.0,0.9866578090874537
2026-05-25,2026-05-25 11:38:39,V035,74.0,0.9863123576352251
2026-05-25,2026-05-25 11:38:40,V035,74.0,0.9863465024678888
2026-05-25,2026-05-25 11:38:41,V035,74.0,0.986469406953836
2026-05-25,2026-05-25 11:38:42,V035,74.0,0.9860476308820196
2026-05-25,2026-05-25 11:38:43,V035,74.0,0.9858983662700955
2026-05-25,2026-05-25 11:38:44,V035,75.0,0.9862073732602133
2026-05-25,2026-05-25 11:38:45,V035,74.0,0.986572524537126
2026-05-25,2026-05-25 11:38:46,V035,73.0,0.9861349691554144
2026-05-25,2026-05-25 11:38:47,V035,72.0,0.9864037521846886
2026-05-25,2026-05-25 11:38:48,V035,71.0,0.9864604932197718
2026-05-25,2026-05-25 11:38:49,V035,70.0,0.9857055455482603
2026-05-25,2026-05-25 11:38:50,V035,69.0,0.9861022937061558
2026-05-25,2026-05-25 11:38:51,V035,68.0,0.9864161726416418
2026-05-25,2026-05-25 11:38:52,V035,68.0,0.9866950096214114
2026-05-25,2026-05-25 11:38:53,V035,68.0,0.9865912133033993
2026-05-25,2026-05-25 11:38:54,V035,67.0,0.9869308363784591
2026-05-25,2026-05-25 11:38:55,V035,67.0,0.9862441433930266
2026-05-25,2026-05-25 11:38:56,V035,66.0,0.9860433073957456
2026-05-25,2026-05-25 11:38:57,V035,66.0,0.9873334392958827
2026-05-25,2026-05-25 11:38:58,V035,65.0,0.986310110369483
2026-05-25,2026-05-25 11:38:59,V035,65.0,0.9861385330454109
2026-05-25,2026-05-25 11:39:00,V035,65.0,0.9863319804586227
2026-05-25,2026-05-25 11:39:01,V035,65.0,0.9869064345881131
2026-05-25,2026-05-25 11:39:02,V035,65.0,0.9859340976397032
2026-05-25,2026-05-25 11:39:03,V035,65.0,0.986080611740778
2026-05-25,2026-05-25 11:39:04,V035,65.0,0.9866737455307502
2026-05-25,2026-05-25 11:39:05,V035,66.0,0.9861179129474357
2026-05-25,2026-05-25 11:39:06,V035,66.0,0.9866429835923234
2026-05-25,2026-05-25 11:39:07,V035,66.0,0.9868092074833675
2026-05-25,2026-05-25 11:39:08,V035,66.0,0.9865039042649569
2026-05-25,2026-05-25 11:39:09,V035,65.0,0.986693199342813
2026-05-25,2026-05-25 11:39:10,V035,64.0,0.9863537240597547
2026-05-25,2026-05-25 11:39:11,V035,64.0,0.9862653530489439
2026-05-25,2026-05-25 11:39:12,V035,64.0,0.9865979252263714
2026-05-25,2026-05-25 11:39:13,V035,63.0,0.9863887605786311
2026-05-25,2026-05-25 11:39:14,V035,63.0,0.9866862584247169
2026-05-25,2026-05-25 11:39:15,V035,63.0,0.9864218125298443
2026-05-25,2026-05-25 11:39:16,V035,63.0,0.9865709821664012
2026-05-25,2026-05-25 11:39:17,V035,63.0,0.9869180720192391
2026-05-25,2026-05-25 11:39:18,V035,63.0,0.9862027386304447
2026-05-25,2026-05-25 11:39:19,V035,63.0,0.9869521430411933
2026-05-25,2026-05-25 11:39:20,V035,63.0,0.9866274285483713
2026-05-25,2026-05-25 11:39:21,V035,62.0,0.9867769311323897
2026-05-25,2026-05-25 11:39:22,V035,62.0,0.9866916267143869
2026-05-25,2026-05-25 11:39:23,V035,62.0,0.9865855209904012
2026-05-25,2026-05-25 11:39:24,V035,62.0,0.9866799335644533
2026-05-25,2026-05-25 11:39:25,V035,62.0,0.9861246594147062
2026-05-25,2026-05-25 11:39:26,V035,63.0,0.9866807586511891
2026-05-25,2026-05-25 11:39:27,V035,62.0,0.9863968773035579
2026-05-25,2026-05-25 11:39:28,V035,62.0,0.986521724474982
2026-05-25,2026-05-25 11:39:29,V035,61.0,0.9864553798493947
2026-05-25,2026-05-25 11:39:30,V035,61.0,0.9866240507134725
2026-05-25,2026-05-25 11:39:31,V035,61.0,0.9864852541337537
2026-05-25,2026-05-25 11:39:32,V035,62.0,0.9866349555679244
2026-05-25,2026-05-25 11:39:33,V035,62.0,0.9864655605434501
2026-05-25,2026-05-25 11:39:34,V035,62.0,0.988199209043798
2026-05-25,2026-05-25 11:39:35,V035,61.0,0.9867237294882343
2026-05-25,2026-05-25 11:39:36,V035,61.0,0.9866781978142924
2026-05-25,2026-05-25 11:39:37,V035,61.0,0.986190699122877
2026-05-25,2026-05-25 11:39:38,V035,62.0,0.9863219627226211
2026-05-25,2026-05-25 11:39:39,V035,63.0,0.9868441558752987
2026-05-25,2026-05-25 11:39:40,V035,63.0,0.9863750841113047
2026-05-25,2026-05-25 11:39:41,V035,64.0,0.9866421818346213
2026-05-25,2026-05-25 11:39:42,V035,64.0,0.9870386225326528
2026-05-25,2026-05-25 11:39:43,V035,64.0,0.9864354216727702
2026-05-25,2026-05-25 11:39:44,V035,65.0,0.9866451341043553
2026-05-25,2026-05-25 11:39:45,V035,65.0,0.9868385168816823
2026-05-25,2026-05-25 11:39:46,V035,66.0,0.9866482893239844
2026-05-25,2026-05-25 11:39:47,V035,67.0,0.9862280470058313
2026-05-25,2026-05-25 11:39:48,V035,67.0,0.9860661545971057
2026-05-25,2026-05-25 11:39:49,V035,67.0,0.9860293044428066
2026-05-25,2026-05-25 11:39:50,V035,68.0,0.9866946020043725
2026-05-25,2026-05-25 11:39:51,V035,68.0,0.9861709855983164
2026-05-25,2026-05-25 11:39:52,V035,68.0,0.9866099604670001
2026-05-25,2026-05-25 11:39:53,V035,68.0,0.9866520608735332
2026-05-25,2026-05-25 11:39:54,V035,68.0,0.9867041804772926
2026-05-25,2026-05-25 11:39:55,V035,68.0,0.9865292073567501
2026-05-25,2026-05-25 11:39:56,V035,68.0,0.9863614948560497
2026-05-25,2026-05-25 11:39:57,V035,68.0,0.9862731902137957
2026-05-25,2026-05-25 11:39:58,V035,67.0,0.9873612026633763
2026-05-25,2026-05-25 11:39:59,V035,66.0,0.9862661925927818
2026-05-25,2026-05-25 11:40:00,V035,65.0,0.9863356501345911
2026-05-25,2026-05-25 11:40:01,V035,65.0,0.9863281108047062
2026-05-25,2026-05-25 11:40:02,V035,64.0,0.9864613629053506
2026-05-25,2026-05-25 11:40:03,V035,64.0,0.9863911346999003
2026-05-25,2026-05-25 11:40:04,V035,63.0,0.9866097996253728
2026-05-25,2026-05-25 11:40:05,V035,63.0,0.9866812415180758
2026-05-25,2026-05-25 11:40:06,V035,62.0,0.9868845491015216
2026-05-25,2026-05-25 11:40:07,V035,63.0,0.986477777273115
2026-05-25,2026-05-25 11:40:08,V035,63.0,0.9863611645632095
2026-05-25,2026-05-25 11:40:09,V035,64.0,0.9869244392078944
2026-05-25,2026-05-25 11:40:10,V035,65.0,0.9867795643392805
2026-05-25,2026-05-25 11:40:11,V035,66.0,0.9865922992083086
2026-05-25,2026-05-25 11:40:12,V035,68.0,0.9865759072888932
2026-05-25,2026-05-25 11:40:13,V035,68.0,0.9869224894740044
2026-05-25,2026-05-25 11:40:14,V035,69.0,0.9869877023836597
2026-05-25,2026-05-25 11:40:15,V035,68.0,0.9872120253503428
2026-05-25,2026-05-25 11:40:16,V035,67.0,0.9861696009767019
2026-05-25,2026-05-25 11:40:17,V035,67.0,0.9864149126880123
2026-05-25,2026-05-25 11:40:18,V035,66.0,0.9865342113418352
2026-05-25,2026-05-25 11:40:19,V035,66.0,0.9864036035354283
2026-05-25,2026-05-25 11:40:20,V035,66.0,0.9864129140619071
2026-05-25,2026-05-25 11:40:21,V035,65.0,0.9868710979625733
2026-05-25,2026-05-25 11:40:22,V035,65.0,0.9867352844055314
2026-05-25,2026-05-25 11:40:23,V035,65.0,0.9866936587793957
2026-05-25,2026-05-25 11:40:24,V035,65.0,0.9872750004609296
2026-05-25,2026-05-25 11:40:25,V035,65.0,0.9869854347393682
2026-05-25,2026-05-25 11:40:26,V035,65.0,0.9865768531027289
2026-05-25,2026-05-25 11:40:27,V035,64.0,0.9867164462404738
2026-05-25,2026-05-25 11:40:28,V035,63.0,0.986498718847506
2026-05-25,2026-05-25 11:40:29,V035,63.0,0.9862297830109072
2026-05-25,2026-05-25 11:40:30,V035,63.0,0.9869072210655824
2026-05-25,2026-05-25 11:40:31,V035,63.0,0.9867308278794402
2026-05-25,2026-05-25 11:40:32,V035,63.0,0.9871829890785682
2026-05-25,2026-05-25 11:40:33,V035,63.0,0.9867731643223602
2026-05-25,2026-05-25 11:40:34,V035,63.0,0.9869471356189132
2026-05-25,2026-05-25 11:40:35,V035,64.0,0.9868855536114478
2026-05-25,2026-05-25 11:40:36,V035,64.0,0.986726429783906
2026-05-25,2026-05-25 11:40:37,V035,64.0,0.9866791468817785
2026-05-25,2026-05-25 11:40:38,V035,65.0,0.9866423202042042
2026-05-25,2026-05-25 11:40:39,V035,65.0,0.9863584623808631
2026-05-25,2026-05-25 11:40:40,V035,65.0,0.9868487029995024
2026-05-25,2026-05-25 11:40:41,V035,65.0,0.9864555754301767
2026-05-25,2026-05-25 11:40:42,V035,64.0,0.9867476640801631
2026-05-25,2026-05-25 11:40:43,V035,65.0,0.9869364844903337
2026-05-25,2026-05-25 11:40:44,V035,65.0,0.9866146426598859
2026-05-25,2026-05-25 11:40:45,V035,65.0,0.9866678643043737
2026-05-25,2026-05-25 11:40:46,V035,66.0,0.9862176535071189
2026-05-25,2026-05-25 11:40:47,V035,66.0,0.9869317590938186
2026-05-25,2026-05-25 11:40:48,V035,66.0,0.9867547523318505
2026-05-25,2026-05-25 11:40:49,V035,66.0,0.9863378686955839
2026-05-25,2026-05-25 11:40:50,V035,66.0,0.9872604910182292
2026-05-25,2026-05-25 11:40:51,V035,66.0,0.985729182540017
2026-05-25,2026-05-25 11:40:52,V035,66.0,0.9868627443893803
2026-05-25,2026-05-25 11:40:53,V035,66.0,0.9858046051744228
2026-05-25,2026-05-25 11:40:54,V035,66.0,0.9864656204963608
2026-05-25,2026-05-25 11:40:55,V035,66.0,0.986372076052624
2026-05-25,2026-05-25 11:40:56,V035,66.0,0.9870033760250452
2026-05-25,2026-05-25 11:40:57,V035,66.0,0.9861631632502922
2026-05-25,2026-05-25 11:40:58,V035,66.0,0.986376887235377
2026-05-25,2026-05-25 11:40:59,V035,66.0,0.9866038887081635
2026-05-25,2026-05-25 11:41:00,V035,66.0,0.9860501572016831
2026-05-25,2026-05-25 11:41:01,V035,66.0,0.9864189966173806
2026-05-25,2026-05-25 11:41:02,V035,66.0,0.986369689746926
2026-05-25,2026-05-25 11:41:03,V035,66.0,0.9864890339415268
2026-05-25,2026-05-25 11:41:04,V035,66.0,0.986539292544662
2026-05-25,2026-05-25 11:41:05,V035,65.0,0.9865599708112064
2026-05-25,2026-05-25 11:41:06,V035,65.0,0.9864194510339162
2026-05-25,2026-05-25 11:41:07,V035,65.0,0.9865987961055257
2026-05-25,2026-05-25 11:41:08,V035,65.0,0.9859322248343755
2026-05-25,2026-05-25 11:41:09,V035,65.0,0.9863401077773041
2026-05-25,2026-05-25 11:41:10,V035,65.0,0.9863648676062383
2026-05-25,2026-05-25 11:41:11,V035,65.0,0.9864995964747938
2026-05-25,2026-05-25 11:41:12,V035,65.0,0.9863073997885158
2026-05-25,2026-05-25 11:41:13,V035,64.0,0.9861150301680616
2026-05-25,2026-05-25 11:41:14,V035,64.0,0.9863347217602714
2026-05-25,2026-05-25 11:41:15,V035,64.0,0.9867312937221867
2026-05-25,2026-05-25 11:41:16,V035,64.0,0.9864567171046509
2026-05-25,2026-05-25 11:41:17,V035,64.0,0.9867563677758668
2026-05-25,2026-05-25 11:41:18,V035,64.0,0.9862548586362768
2026-05-25,2026-05-25 11:41:19,V035,64.0,0.9858969687079383
2026-05-25,2026-05-25 11:41:20,V035,64.0,0.9862246402752732
2026-05-25,2026-05-25 11:41:21,V035,63.0,0.9871933622429475
2026-05-25,2026-05-25 11:41:22,V035,63.0,0.9861296227689321
2026-05-25,2026-05-25 11:41:23,V035,63.0,0.9868038568291859
2026-05-25,2026-05-25 11:41:24,V035,63.0,0.986241954538912
2026-05-25,2026-05-25 11:41:25,V035,63.0,0.9866373565703113
2026-05-25,2026-05-25 11:41:26,V035,63.0,0.9932788933158155
2026-05-25,2026-05-25 11:41:27,V035,63.0,0.9889782711887838
2026-05-25,2026-05-25 11:41:28,V035,62.0,0.9963579017552718
2026-05-25,2026-05-25 11:41:29,V035,63.0,0.9763926300255572
2026-05-25,2026-05-25 11:41:30,V035,63.0,0.9971618612508103
2026-05-25,2026-05-25 11:41:31,V035,63.0,0.9934177299778906
2026-05-25,2026-05-25 11:41:32,V035,63.0,0.9932594709129994
2026-05-25,2026-05-25 11:41:33,V035,64.0,0.9945199541145119
2026-05-25,2026-05-25 11:41:34,V035,64.0,0.9914188908741104
2026-05-25,2026-05-25 11:41:35,V035,65.0,0.9920893457970719
2026-05-25,2026-05-25 11:41:36,V035,65.0,0.9914869128320272
2026-05-25,2026-05-25 11:41:37,V035,66.0,0.9926200437466973
2026-05-25,2026-05-25 11:41:38,V035,66.0,0.9889075553735264
2026-05-25,2026-05-25 11:41:39,V035,67.0,1.1282339912491361
2026-05-25,2026-05-25 11:41:40,V035,68.0,0.990484954094661
2026-05-25,2026-05-25 11:41:41,V035,69.0,0.984871086503776
2026-05-25,2026-05-25 11:41:42,V035,70.0,1.0276830774355925
2026-05-25,2026-05-25 11:41:43,V035,70.0,0.9966819242388651
2026-05-25,2026-05-25 11:41:44,V035,69.0,0.99514039484402
2026-05-25,2026-05-25 11:41:45,V035,69.0,0.9984749444330575
2026-05-25,2026-05-25 11:41:46,V035,68.0,1.1507187290278946
2026-05-25,2026-05-25 11:41:47,V035,68.0,1.0314681257392564
2026-05-25,2026-05-25 11:41:48,V035,68.0,1.1032232531904733
2026-05-25,2026-05-25 11:41:49,V035,68.0,1.0038405584012375
2026-05-25,2026-05-25 11:41:50,V035,68.0,1.0168401984496551
2026-05-25,2026-05-25 11:41:51,V035,68.0,1.051402452285382
2026-05-25,2026-05-25 11:41:52,V035,67.0,1.3044009186662888
2026-05-25,2026-05-25 11:41:53,V035,68.0,1.0443470041064253
2026-05-25,2026-05-25 11:41:54,V035,68.0,1.125040894520854
2026-05-25,2026-05-25 11:41:55,V035,68.0,1.0504487308311456
2026-05-25,2026-05-25 11:41:56,V035,69.0,1.0621756424327005
2026-05-25,2026-05-25 11:41:57,V035,69.0,1.1826410246380976
2026-05-25,2026-05-25 11:41:58,V035,70.0,1.1521939061961788
2026-05-25,2026-05-25 11:41:59,V035,70.0,1.0542869216612243
2026-05-25,2026-05-25 11:42:00,V035,71.0,1.015585073664343
2026-05-25,2026-05-25 11:42:01,V035,71.0,1.0280475573822259
2026-05-25,2026-05-25 11:42:02,V035,71.0,0.9961094930306617
2026-05-25,2026-05-25 11:42:03,V035,71.0,1.5190976707334471
2026-05-25,2026-05-25 11:42:04,V035,71.0,1.2902615248981053
2026-05-25,2026-05-25 11:42:05,V035,71.0,1.1058811904837262
2026-05-25,2026-05-25 11:42:06,V035,71.0,1.1404134082374706
2026-05-25,2026-05-25 11:42:07,V035,72.0,1.1297926176704465
2026-05-25,2026-05-25 11:42:08,V035,72.0,1.0263040674908848
2026-05-25,2026-05-25 11:42:09,V035,72.0,1.341447902834031
2026-05-25,2026-05-25 11:42:10,V035,72.0,1.1201973458788501
2026-05-25,2026-05-25 11:42:11,V035,73.0,1.0563654475746198
2026-05-25,2026-05-25 11:42:12,V035,73.0,1.0297101861321059
2026-05-25,2026-05-25 11:42:13,V035,73.0,1.0986226478056587
2026-05-25,2026-05-25 11:42:14,V035,73.0,1.0843244732793829
2026-05-25,2026-05-25 11:42:15,V035,74.0,1.0123880714929125
2026-05-25,2026-05-25 11:42:16,V035,75.0,1.472546729118651
2026-05-25,2026-05-25 11:42:17,V035,75.0,1.0137405322487711
2026-05-25,2026-05-25 11:42:18,V035,76.0,0.9990776035849894
2026-05-25,2026-05-25 11:42:19,V035,76.0,1.0087319037606544
2026-05-25,2026-05-25 11:42:20,V035,76.0,1.0281498825603208
2026-05-25,2026-05-25 11:42:21,V035,77.0,1.0099148905927462
2026-05-25,2026-05-25 11:42:22,V035,77.0,1.0135274206634384
2026-05-25,2026-05-25 11:42:23,V035,78.0,1.0343633150826501
2026-05-25,2026-05-25 11:42:24,V035,79.0,1.034755926995912
2026-05-25,2026-05-25 11:42:25,V035,79.0,0.9846699586847693
2026-05-25,2026-05-25 11:42:26,V035,80.0,1.0389524027868546
2026-05-25,2026-05-25 11:42:27,V035,81.0,1.0060189642406452
2026-05-25,2026-05-25 11:42:28,V035,81.0,1.006226071400393
2026-05-25,2026-05-25 11:42:29,V035,81.0,1.0198918466628415
2026-05-25,2026-05-25 11:42:30,V035,81.0,1.0024396497492112
2026-05-25,2026-05-25 11:42:31,V035,82.0,0.9717902885114619
2026-05-25,2026-05-25 11:42:32,V035,82.0,1.2313268271884492
2026-05-25,2026-05-25 11:42:33,V035,83.0,1.0469976894915416
2026-05-25,2026-05-25 11:42:34,V035,83.0,1.0125720890485306
2026-05-25,2026-05-25 11:42:35,V035,84.0,1.0481355305456763
2026-05-25,2026-05-25 11:42:36,V035,85.0,1.037572053615486
2026-05-25,2026-05-25 11:42:37,V035,87.0,1.003339525549077
2026-05-25,2026-05-25 11:42:38,V035,89.0,1.0410750036567613
2026-05-25,2026-05-25 11:42:39,V035,90.0,1.0331379187551823
2026-05-25,2026-05-25 11:42:40,V035,91.0,1.0559333200425938
2026-05-25,2026-05-25 11:42:41,V035,92.0,1.0606619116463571
2026-05-25,2026-05-25 11:42:42,V035,92.0,0.9908284073884582
2026-05-25,2026-05-25 11:42:43,V035,93.0,1.0217783721246863
2026-05-25,2026-05-25 11:42:44,V035,93.0,1.013452021668989
2026-05-25,2026-05-25 11:42:45,V035,94.0,1.0029680057273753
2026-05-25,2026-05-25 11:42:46,V035,94.0,1.028371945413818
2026-05-25,2026-05-25 11:42:47,V035,95.0,1.013071928117016
2026-05-25,2026-05-25 11:42:48,V035,96.0,1.0156829824132432
2026-05-25,2026-05-25 11:42:49,V035,95.0,1.0264211970454697
2026-05-25,2026-05-25 11:42:50,V035,95.0,1.0242094292750161
2026-05-25,2026-05-25 11:42:51,V035,94.0,1.0340104450545333
2026-05-25,2026-05-25 11:42:52,V035,94.0,1.0511379940861507
2026-05-25,2026-05-25 11:42:53,V035,93.0,0.9564543717532707
2026-05-25,2026-05-25 11:42:54,V035,92.0,1.1272984510039632
2026-05-25,2026-05-25 11:42:55,V035,92.0,0.9877728335468879
2026-05-25,2026-05-25 11:42:56,V035,91.0,1.049096922039707
2026-05-25,2026-05-25 11:42:57,V035,89.0,1.0708702463819273
2026-05-25,2026-05-25 11:42:58,V035,88.0,0.9934872237908512
2026-05-25,2026-05-25 11:42:59,V035,87.0,0.9930636205602063
2026-05-25,2026-05-25 11:43:00,V035,87.0,0.9947267747708576
2026-05-25,2026-05-25 11:43:01,V035,86.0,0.9929864929935773
2026-05-25,2026-05-25 11:43:02,V035,86.0,0.9884377510262596
2026-05-25,2026-05-25 11:43:03,V035,86.0,0.9911305386488491
2026-05-25,2026-05-25 11:43:04,V035,86.0,0.9912004332152999
2026-05-25,2026-05-25 11:43:05,V035,86.0,0.9937247156401209
2026-05-25,2026-05-25 11:43:06,V035,87.0,0.99041628469043
2026-05-25,2026-05-25 11:43:07,V035,87.0,0.992675220344374
2026-05-25,2026-05-25 11:43:08,V035,87.0,0.9978520532975018
2026-05-25,2026-05-25 11:43:09,V035,88.0,0.9911390998121238
2026-05-25,2026-05-25 11:43:10,V035,89.0,0.9918759639861978
2026-05-25,2026-05-25 11:43:11,V035,90.0,0.9908836232644074
2026-05-25,2026-05-25 11:43:12,V035,91.0,0.9947738928738064
2026-05-25,2026-05-25 11:43:13,V035,94.0,1.083476710848733
2026-05-25,2026-05-25 11:43:14,V035,96.0,0.9664086198592187
2026-05-25,2026-05-25 11:43:15,V035,98.0,0.9948358247728233
2026-05-25,2026-05-25 11:43:16,V035,99.0,0.987017887782967
2026-05-25,2026-05-25 11:43:17,V035,100.0,0.9900255833880063
2026-05-25,2026-05-25 11:43:18,V035,101.0,0.9924563310948377
2026-05-25,2026-05-25 11:43:19,V035,102.0,0.9924299696960475
2026-05-25,2026-05-25 11:43:20,V035,103.0,0.9914399161104649
2026-05-25,2026-05-25 11:43:21,V035,103.0,0.9934977378698111
2026-05-25,2026-05-25 11:43:22,V035,103.0,0.9865454945814649
2026-05-25,2026-05-25 11:43:23,V035,103.0,0.992779151665395
2026-05-25,2026-05-25 11:43:24,V035,104.0,0.990174495608339
2026-05-25,2026-05-25 11:43:25,V035,104.0,0.984549747097435
2026-05-25,2026-05-25 11:43:26,V035,105.0,1.0001813852167902
2026-05-25,2026-05-25 11:43:27,V035,105.0,0.9902785428378404
2026-05-25,2026-05-25 11:43:28,V035,105.0,0.9992545190850683
2026-05-25,2026-05-25 11:43:29,V035,105.0,0.9947810275861524
2026-05-25,2026-05-25 11:43:30,V035,104.0,0.9908345653115068
2026-05-25,2026-05-25 11:43:31,V035,103.0,0.9963983006239285
2026-05-25,2026-05-25 11:43:32,V035,103.0,0.9924676118935243
2026-05-25,2026-05-25 11:43:33,V035,102.0,0.993517169737317
2026-05-25,2026-05-25 11:43:34,V035,102.0,0.9909962285008339
2026-05-25,2026-05-25 11:43:35,V035,102.0,0.9952979563272871
2026-05-25,2026-05-25 11:43:36,V035,101.0,0.991145002280852
2026-05-25,2026-05-25 11:43:37,V035,101.0,0.9934657317641641
2026-05-25,2026-05-25 11:43:38,V035,101.0,0.9956758950472363
2026-05-25,2026-05-25 11:43:39,V035,101.0,1.0058904480245834
2026-05-25,2026-05-25 11:43:40,V035,102.0,1.0384963183523797
2026-05-25,2026-05-25 11:43:41,V035,102.0,0.994091389009511
2026-05-25,2026-05-25 11:43:42,V035,103.0,1.023861918355193
2026-05-25,2026-05-25 11:43:43,V035,103.0,0.9918879591348044
2026-05-25,2026-05-25 11:43:44,V035,104.0,0.9911767379641944
2026-05-25,2026-05-25 11:43:45,V035,105.0,0.9951524566361304
2026-05-25,2026-05-25 11:43:46,V035,105.0,0.9931307057237312
2026-05-25,2026-05-25 11:43:47,V035,107.0,0.9927357357928648
2026-05-25,2026-05-25 11:43:48,V035,108.0,0.9964495423768307
2026-05-25,2026-05-25 11:43:49,V035,109.0,0.9961426422456617
2026-05-25,2026-05-25 11:43:50,V035,110.0,0.9911258012427145
2026-05-25,2026-05-25 11:43:51,V035,111.0,0.9950695090988267
2026-05-25,2026-05-25 11:43:52,V035,112.0,0.9929918371274813
2026-05-25,2026-05-25 11:43:53,V035,112.0,0.9918827247592976
2026-05-25,2026-05-25 11:43:54,V035,111.0,0.9896854626840552
2026-05-25,2026-05-25 11:43:55,V035,111.0,0.9943091656109977
2026-05-25,2026-05-25 11:43:56,V035,111.0,0.9903645582918423
2026-05-25,2026-05-25 11:43:57,V035,110.0,0.9912896392328903
2026-05-25,2026-05-25 11:43:58,V035,110.0,0.9978186412489976
2026-05-25,2026-05-25 11:43:59,V035,110.0,1.0236062674829238
2026-05-25,2026-05-25 11:44:00,V035,110.0,0.958090009415035
2026-05-25,2026-05-25 11:44:01,V035,109.0,0.9559522899669305
2026-05-25,2026-05-25 11:44:02,V035,109.0,1.0131852245657205
2026-05-25,2026-05-25 11:44:03,V035,109.0,0.9908704528932292
2026-05-25,2026-05-25 11:44:04,V035,109.0,0.9127608464242933
2026-05-25,2026-05-25 11:44:05,V035,108.0,1.008171534444779
2026-05-25,2026-05-25 11:44:06,V035,108.0,1.0521102364104253
2026-05-25,2026-05-25 11:44:07,V035,108.0,0.9943595038516903
2026-05-25,2026-05-25 11:44:08,V035,108.0,0.9829564145150224
2026-05-25,2026-05-25 11:44:09,V035,107.0,0.9869081021426312
2026-05-25,2026-05-25 11:44:10,V035,106.0,0.9899133730030685
2026-05-25,2026-05-25 11:44:11,V035,105.0,0.9948047264029094
2026-05-25,2026-05-25 11:44:12,V035,103.0,0.9948288845837348
2026-05-25,2026-05-25 11:44:13,V035,103.0,0.9935638328057261
2026-05-25,2026-05-25 11:44:14,V035,103.0,0.994692072824248
2026-05-25,2026-05-25 11:44:15,V035,102.0,0.991388839015476
2026-05-25,2026-05-25 11:44:16,V035,102.0,0.9881845900902059
2026-05-25,2026-05-25 11:44:17,V035,102.0,0.9930607715609477
2026-05-25,2026-05-25 11:44:18,V035,102.0,0.9923765820979237
2026-05-25,2026-05-25 11:44:19,V035,102.0,0.9904845550981284
2026-05-25,2026-05-25 11:44:20,V035,101.0,0.985750904883433
2026-05-25,2026-05-25 11:44:21,V035,101.0,0.9855743032702183
2026-05-25,2026-05-25 11:44:22,V035,101.0,0.9977642055742242
2026-05-25,2026-05-25 11:44:23,V035,101.0,0.9958158391902479
2026-05-25,2026-05-25 11:44:24,V035,100.0,0.9934783166866883
2026-05-25,2026-05-25 11:44:25,V035,100.0,0.9859435188044351
2026-05-25,2026-05-25 11:44:26,V035,100.0,0.9949455960052173
2026-05-25,2026-05-25 11:44:27,V035,100.0,0.9927628355203665
2026-05-25,2026-05-25 11:44:28,V035,99.0,0.9900948226353927
2026-05-25,2026-05-25 11:44:29,V035,99.0,0.9720525253181279
2026-05-25,2026-05-25 11:44:30,V035,99.0,0.9824008447992544
2026-05-25,2026-05-25 11:44:31,V035,99.0,0.9922718984469459
2026-05-25,2026-05-25 11:44:32,V035,99.0,0.9935838570724598
2026-05-25,2026-05-25 11:44:33,V035,99.0,0.9935055217209695
2026-05-25,2026-05-25 11:44:34,V035,99.0,1.0014587862228235
2026-05-25,2026-05-25 11:44:35,V035,98.0,0.992227053525525
2026-05-25,2026-05-25 11:44:36,V035,98.0,0.9929388809742399
2026-05-25,2026-05-25 11:44:37,V035,98.0,0.9936374280850941
2026-05-25,2026-05-25 11:44:38,V035,97.0,0.9931865467292496
2026-05-25,2026-05-25 11:44:39,V035,97.0,0.9943240473550106
2026-05-25,2026-05-25 11:44:40,V035,96.0,0.9922875003263503
2026-05-25,2026-05-25 11:44:41,V035,96.0,0.9914946448417802
2026-05-25,2026-05-25 11:44:42,V035,96.0,0.987192732649082
2026-05-25,2026-05-25 11:44:43,V035,96.0,0.9960860948828577
2026-05-25,2026-05-25 11:44:44,V035,96.0,0.994327104318541
2026-05-25,2026-05-25 11:44:45,V035,95.0,0.9938692700100807
2026-05-25,2026-05-25 11:44:46,V035,95.0,0.9927999316601709
2026-05-25,2026-05-25 11:44:47,V035,95.0,0.9931002806138939
2026-05-25,2026-05-25 11:44:48,V035,94.0,0.996691541074094
2026-05-25,2026-05-25 11:44:49,V035,94.0,1.0832628454908526
2026-05-25,2026-05-25 11:44:50,V035,94.0,0.9549211440503811
2026-05-25,2026-05-25 11:44:51,V035,94.0,0.9363610282308804
2026-05-25,2026-05-25 11:44:52,V035,94.0,1.047854631873879
2026-05-25,2026-05-25 11:44:53,V035,93.0,0.9778140903851014
2026-05-25,2026-05-25 11:44:54,V035,93.0,0.9928183159894634
2026-05-25,2026-05-25 11:44:55,V035,93.0,0.9930398210321814
2026-05-25,2026-05-25 11:44:56,V035,92.0,0.9931797552049897
2026-05-25,2026-05-25 11:44:57,V035,92.0,0.9932803613656395
2026-05-25,2026-05-25 11:44:58,V035,93.0,0.9930706648804267
2026-05-25,2026-05-25 11:44:59,V035,93.0,0.9929275696484007
2026-05-25,2026-05-25 11:45:00,V035,92.0,0.9928733812905614
2026-05-25,2026-05-25 11:45:01,V035,92.0,0.9936772859854732
2026-05-25,2026-05-25 11:45:02,V035,92.0,0.9932887454904784
2026-05-25,2026-05-25 11:45:03,V035,92.0,0.9925492171018697
2026-05-25,2026-05-25 11:45:04,V035,91.0,0.9930469198710645
2026-05-25,2026-05-25 11:45:05,V035,91.0,0.9932171257305815
2026-05-25,2026-05-25 11:45:06,V035,91.0,0.9930892251256337
2026-05-25,2026-05-25 11:45:07,V035,91.0,0.9886418880810668
2026-05-25,2026-05-25 11:45:08,V035,91.0,0.9974865408715701
2026-05-25,2026-05-25 11:45:09,V035,91.0,0.9920619191566166
2026-05-25,2026-05-25 11:45:10,V035,91.0,0.9968119033000176
2026-05-25,2026-05-25 11:45:11,V035,91.0,0.9990502623444565
2026-05-25,2026-05-25 11:45:12,V035,91.0,1.0125575308805184
2026-05-25,2026-05-25 11:45:13,V035,91.0,0.9869406058703464
2026-05-25,2026-05-25 11:45:14,V035,91.0,1.0044270625597478
2026-05-25,2026-05-25 11:45:15,V035,90.0,0.9421781977912033
2026-05-25,2026-05-25 11:45:16,V035,90.0,1.0139616718473228
2026-05-25,2026-05-25 11:45:17,V035,90.0,0.9750403878203953
2026-05-25,2026-05-25 11:45:18,V035,89.0,0.9949595300502271
2026-05-25,2026-05-25 11:45:19,V035,88.0,0.9939997772292026
2026-05-25,2026-05-25 11:45:20,V035,88.0,0.9952561768498644
2026-05-25,2026-05-25 11:45:21,V035,87.0,0.9932884721857257
2026-05-25,2026-05-25 11:45:22,V035,86.0,0.9928884176099927
2026-05-25,2026-05-25 11:45:23,V035,86.0,0.9927922865268947
2026-05-25,2026-05-25 11:45:24,V035,86.0,0.9925593090176824
2026-05-25,2026-05-25 11:45:25,V035,87.0,0.9930869831641512
2026-05-25,2026-05-25 11:45:26,V035,87.0,0.9926449400808318
2026-05-25,2026-05-25 11:45:27,V035,87.0,0.993001589105453
2026-05-25,2026-05-25 11:45:28,V035,87.0,0.9927976593225024
2026-05-25,2026-05-25 11:45:29,V035,87.0,0.9929276490983416
2026-05-25,2026-05-25 11:45:30,V035,87.0,0.9926376157696362
2026-05-25,2026-05-25 11:45:31,V035,87.0,0.99314535090278
2026-05-25,2026-05-25 11:45:32,V035,87.0,0.993993070205905
2026-05-25,2026-05-25 11:45:33,V035,87.0,0.9927755127431719
2026-05-25,2026-05-25 11:45:34,V035,87.0,0.992919152751926
2026-05-25,2026-05-25 11:45:35,V035,87.0,0.9929701256790532
2026-05-25,2026-05-25 11:45:36,V035,87.0,0.9924555980230253
2026-05-25,2026-05-25 11:45:37,V035,87.0,0.9930050754739145
2026-05-25,2026-05-25 11:45:38,V035,88.0,0.9920971829500981
2026-05-25,2026-05-25 11:45:39,V035,88.0,1.242811738843617
2026-05-25,2026-05-25 11:45:40,V035,88.0,1.0313124752009228
2026-05-25,2026-05-25 11:45:41,V035,88.0,1.0186554549711229
2026-05-25,2026-05-25 11:45:42,V035,88.0,0.9808954931604256
2026-05-25,2026-05-25 11:45:43,V035,88.0,0.9617309074062736
2026-05-25,2026-05-25 11:45:44,V035,88.0,1.0398821111338281
2026-05-25,2026-05-25 11:45:45,V035,88.0,0.9816751025680799
2026-05-25,2026-05-25 11:45:46,V035,88.0,0.9773660626902597
2026-05-25,2026-05-25 11:45:47,V035,88.0,0.9513886393839495
2026-05-25,2026-05-25 11:45:48,V035,88.0,1.2675936260476848
2026-05-25,2026-05-25 11:45:49,V035,88.0,0.9701263073362932
2026-05-25,2026-05-25 11:45:50,V035,88.0,0.9926095123159301
2026-05-25,2026-05-25 11:45:51,V035,88.0,0.9931897354766409
2026-05-25,2026-05-25 11:45:52,V035,88.0,0.9928178462629941
2026-05-25,2026-05-25 11:45:53,V035,,0.9928984002000111
2026-05-25,2026-05-25 11:45:54,V035,,0.9929127310959108
2026-05-25,2026-05-25 11:45:55,V035,,0.99298307286061
2026-05-25,2026-05-25 11:45:56,V035,,0.9935698112693274
2026-05-25,2026-05-25 11:45:57,V035,,0.9935226578522113
2026-05-25,2026-05-25 11:45:58,V035,,0.993903955336403
2026-05-25,2026-05-25 11:45:59,V035,,0.9935978200225145
2026-05-25,2026-05-25 11:46:00,V035,,0.9926249726133373
2026-05-25,2026-05-25 11:46:01,V035,,0.9933536603737759
2026-05-25,2026-05-25 11:46:02,V035,,0.9930226092010261
2026-05-25,2026-05-25 11:46:03,V035,,0.9934477906342716
2026-05-25,2026-05-25 11:46:04,V035,,1.008560709194005
2026-05-25,2026-05-25 11:46:05,V035,,1.008219237118001
2026-05-25,2026-05-25 11:46:06,V035,,0.9353580713874998
2026-05-25,2026-05-25 11:46:07,V035,,1.044582047435991
2026-05-25,2026-05-25 11:46:08,V035,,1.0276958787277668
2026-05-25,2026-05-25 11:46:09,V035,,1.0198148732082202
2026-05-25,2026-05-25 11:46:10,V035,,1.0059105459254865
2026-05-25,2026-05-25 11:46:11,V035,,0.9988604674385678
2026-05-25,2026-05-25 11:46:12,V035,,1.0133398823552955
2026-05-25,2026-05-25 11:46:13,V035,,1.0345131776269396
2026-05-25,2026-05-25 11:46:14,V035,,1.0702148377656528
2026-05-25,2026-05-25 11:46:15,V035,,1.015463768549933
2026-05-25,2026-05-25 11:46:16,V035,,1.0032285254798765
2026-05-25,2026-05-25 11:46:17,V035,,0.9874605748480437
2026-05-25,2026-05-25 11:46:18,V035,,1.0522855377555014
2026-05-25,2026-05-25 11:46:19,V035,,1.0505987084026405
2026-05-25,2026-05-25 11:46:20,V035,,1.0552150795063686
2026-05-25,2026-05-25 11:46:21,V035,,1.0547527837346762
2026-05-25,2026-05-25 11:46:22,V035,,1.0738686295339905
2026-05-25,2026-05-25 11:46:23,V035,,1.0483548279524388
2026-05-25,2026-05-25 11:46:24,V035,,1.0589933462606402
2026-05-25,2026-05-25 11:46:25,V035,,0.9368317842363512
2026-05-25,2026-05-25 11:46:26,V035,,1.0159888323843247
2026-05-25,2026-05-25 11:46:27,V035,,1.0492898301173328
2026-05-25,2026-05-25 11:46:28,V035,,1.0560680979049193
2026-05-25,2026-05-25 11:46:29,V035,,1.0551426360802738
2026-05-25,2026-05-25 11:46:30,V035,,1.0476482047177194
2026-05-25,2026-05-25 11:46:31,V035,,1.0664607393094119
2026-05-25,2026-05-25 11:46:32,V035,,1.0679399009669905
2026-05-25,2026-05-25 11:46:33,V035,,1.071079589606706
2026-05-25,2026-05-25 11:46:34,V035,,1.016734341918956
2026-05-25,2026-05-25 11:46:35,V035,,1.0233594685041238
2026-05-25,2026-05-25 11:46:36,V035,,1.0368053180593735
2026-05-25,2026-05-25 11:46:37,V035,,1.0764326084429723
2026-05-25,2026-05-25 11:46:38,V035,,1.0917451231808564
2026-05-25,2026-05-25 11:46:39,V035,,1.0844205127004412
2026-05-25,2026-05-25 11:46:40,V035,,1.0418651561684527
2026-05-25,2026-05-25 11:46:41,V035,,1.037253451122407
2026-05-25,2026-05-25 11:46:42,V035,,0.9950638106192069
2026-05-25,2026-05-25 11:46:43,V035,,1.0073677686616376
2026-05-25,2026-05-25 11:46:44,V035,,1.0537849240946418
2026-05-25,2026-05-25 11:46:45,V035,,1.0134791848209068
2026-05-25,2026-05-25 11:46:46,V035,,0.9918832971007645
2026-05-25,2026-05-25 11:46:47,V035,,1.162056315861458
2026-05-25,2026-05-25 11:46:48,V035,,1.0370039858824087
2026-05-25,2026-05-25 11:46:49,V035,,0.9944952515232376
2026-05-25,2026-05-25 11:46:50,V035,,0.9940215525256755
2026-05-25,2026-05-25 11:46:51,V035,,0.994046278204549
2026-05-25,2026-05-25 11:46:52,V035,,0.9936472568552025
2026-05-25,2026-05-25 11:46:53,V035,,0.9943880990873972
2026-05-25,2026-05-25 11:46:54,V035,,0.9938080800880348
2026-05-25,2026-05-25 11:46:55,V035,88.0,0.9937596167425953
2026-05-25,2026-05-25 11:46:56,V035,88.0,0.9939299981732262
2026-05-25,2026-05-25 11:46:57,V035,88.0,0.9939890378781784
2026-05-25,2026-05-25 11:46:58,V035,87.0,0.9937880504422983
2026-05-25,2026-05-25 11:46:59,V035,87.0,0.9937574522545646
2026-05-25,2026-05-25 11:47:00,V035,87.0,0.9848352461031887
2026-05-25,2026-05-25 11:47:01,V035,86.0,1.0093135687566601
2026-05-25,2026-05-25 11:47:02,V035,85.0,1.0241436076966357
2026-05-25,2026-05-25 11:47:03,V035,86.0,0.9480335349603359
2026-05-25,2026-05-25 11:47:04,V035,86.0,1.023830168957637
2026-05-25,2026-05-25 11:47:05,V035,86.0,1.046536556006464
2026-05-25,2026-05-25 11:47:06,V035,85.0,1.0406064535133317
2026-05-25,2026-05-25 11:47:07,V035,85.0,0.9946194944274586
2026-05-25,2026-05-25 11:47:08,V035,85.0,0.9908005223984955
2026-05-25,2026-05-25 11:47:09,V035,85.0,1.0246385709325858
2026-05-25,2026-05-25 11:47:10,V035,84.0,0.9774076283999933
2026-05-25,2026-05-25 11:47:11,V035,84.0,1.0372267249881029
2026-05-25,2026-05-25 11:47:12,V035,84.0,0.9873946499564838
2026-05-25,2026-05-25 11:47:13,V035,84.0,1.0469980325682564
2026-05-25,2026-05-25 11:47:14,V035,84.0,0.9919770828035235
2026-05-25,2026-05-25 11:47:15,V035,84.0,1.0032324681497171
2026-05-25,2026-05-25 11:47:16,V035,84.0,1.0123228574558627
2026-05-25,2026-05-25 11:47:17,V035,84.0,0.9955585740086197
2026-05-25,2026-05-25 11:47:18,V035,84.0,0.9693822634796977
2026-05-25,2026-05-25 11:47:19,V035,,0.9705434945449394
2026-05-25,2026-05-25 11:47:20,V035,,0.9487378268492939
2026-05-25,2026-05-25 11:47:21,V035,,0.9856716876468629
2026-05-25,2026-05-25 11:47:22,V035,,0.994339041782313
2026-05-25,2026-05-25 11:47:23,V035,84.0,0.9944308884811766
2026-05-25,2026-05-25 11:47:24,V035,84.0,0.9941767459304062
2026-05-25,2026-05-25 11:47:25,V035,85.0,0.9946980269630141
2026-05-25,2026-05-25 11:47:26,V035,85.0,0.9951003833641444
2026-05-25,2026-05-25 11:47:27,V035,84.0,0.9946952252651575
2026-05-25,2026-05-25 11:47:28,V035,84.0,0.9955298439824058
2026-05-25,2026-05-25 11:47:29,V035,84.0,0.9945764603002271
2026-05-25,2026-05-25 11:47:30,V035,84.0,0.9964214224382351
2026-05-25,2026-05-25 11:47:31,V035,84.0,0.9727194428235806
2026-05-25,2026-05-25 11:47:32,V035,84.0,1.0574706035620596
2026-05-25,2026-05-25 11:47:33,V035,84.0,0.9542949447719636
2026-05-25,2026-05-25 11:47:34,V035,85.0,0.9328861499903192
2026-05-25,2026-05-25 11:47:35,V035,85.0,0.9702462810807265
2026-05-25,2026-05-25 11:47:36,V035,85.0,0.9933030333557391
2026-05-25,2026-05-25 11:47:37,V035,85.0,0.9936770038372001
2026-05-25,2026-05-25 11:47:38,V035,85.0,0.9931578543397265
2026-05-25,2026-05-25 11:47:39,V035,85.0,1.0016666118253872
2026-05-25,2026-05-25 11:47:40,V035,85.0,0.9933261914555359
2026-05-25,2026-05-25 11:47:41,V035,85.0,0.993761735729874
2026-05-25,2026-05-25 11:47:42,V035,85.0,0.9928373980977324
2026-05-25,2026-05-25 11:47:43,V035,,0.9865463726904516
2026-05-25,2026-05-25 11:47:44,V035,,0.9924887608067855
2026-05-25,2026-05-25 11:47:45,V035,,0.9932966231354459
2026-05-25,2026-05-25 11:47:46,V035,,0.9935818447927021
2026-05-25,2026-05-25 11:47:47,V035,,0.9932247747315021
2026-05-25,2026-05-25 11:47:48,V035,,0.9928134933044496
2026-05-25,2026-05-25 11:47:49,V035,,0.9936262298803455
2026-05-25,2026-05-25 11:47:50,V035,,0.9931295202451529
2026-05-25,2026-05-25 11:47:51,V035,,0.9929572596322223
2026-05-25,2026-05-25 11:47:52,V035,,0.9934024415636684
2026-05-25,2026-05-25 11:47:53,V035,,0.9927498087235386
2026-05-25,2026-05-25 11:47:54,V035,,0.9935585517247559
2026-05-25,2026-05-25 11:47:55,V035,,0.9931707865503233
2026-05-25,2026-05-25 11:47:56,V035,,0.9933903870962293
2026-05-25,2026-05-25 11:47:57,V035,,0.9931104197990238
2026-05-25,2026-05-25 11:47:58,V035,,0.9926149436905033
2026-05-25,2026-05-25 11:47:59,V035,,0.9924881990650423
2026-05-25,2026-05-25 11:48:00,V035,,0.9940170591125568
2026-05-25,2026-05-25 11:48:01,V035,,0.9926515929658497
2026-05-25,2026-05-25 11:48:02,V035,,0.9932074020183481
2026-05-25,2026-05-25 11:48:03,V035,,0.9933622119852555
2026-05-25,2026-05-25 11:48:04,V035,,0.993278470197591
2026-05-25,2026-05-25 11:48:05,V035,,0.9913311950638434
2026-05-25,2026-05-25 11:48:06,V035,,0.9946084656788319
