Date,Timestamp,SensorID,HeartRate,AccNorm
2026-05-25,2026-05-25 11:15:11,V041,,1.0148991016004194
2026-05-25,2026-05-25 11:15:12,V041,,1.0142309435570076
2026-05-25,2026-05-25 11:15:13,V041,,1.013192750604206
2026-05-25,2026-05-25 11:15:14,V041,,1.0143437902620298
2026-05-25,2026-05-25 11:15:15,V041,,1.0083209316033417
2026-05-25,2026-05-25 11:15:16,V041,,1.0529389400539944
2026-05-25,2026-05-25 11:15:17,V041,,1.0354177220505199
2026-05-25,2026-05-25 11:15:18,V041,,0.9762523158077977
2026-05-25,2026-05-25 11:15:19,V041,88.0,0.9776378143924537
2026-05-25,2026-05-25 11:15:20,V041,88.0,0.9750674457163725
2026-05-25,2026-05-25 11:15:21,V041,88.0,0.9783535066870453
2026-05-25,2026-05-25 11:15:22,V041,89.0,0.99052107427667
2026-05-25,2026-05-25 11:15:23,V041,88.0,0.9944786544525195
2026-05-25,2026-05-25 11:15:24,V041,87.0,1.0016767318135582
2026-05-25,2026-05-25 11:15:25,V041,86.0,1.0471925727774685
2026-05-25,2026-05-25 11:15:26,V041,85.0,0.9000761973711509
2026-05-25,2026-05-25 11:15:27,V041,85.0,1.014991437195534
2026-05-25,2026-05-25 11:15:28,V041,84.0,1.0147420212408222
2026-05-25,2026-05-25 11:15:29,V041,83.0,1.0166361806650956
2026-05-25,2026-05-25 11:15:30,V041,83.0,1.0143205046092019
2026-05-25,2026-05-25 11:15:31,V041,82.0,1.0174813019858548
2026-05-25,2026-05-25 11:15:32,V041,82.0,1.0168871303355147
2026-05-25,2026-05-25 11:15:33,V041,82.0,1.0114158977272756
2026-05-25,2026-05-25 11:15:34,V041,82.0,1.01472897953709
2026-05-25,2026-05-25 11:15:35,V041,82.0,1.0148399558814352
2026-05-25,2026-05-25 11:15:36,V041,82.0,1.0032093985858683
2026-05-25,2026-05-25 11:15:37,V041,82.0,1.0165818361759835
2026-05-25,2026-05-25 11:15:38,V041,82.0,1.0144925364340174
2026-05-25,2026-05-25 11:15:39,V041,81.0,1.0156820726640452
2026-05-25,2026-05-25 11:15:40,V041,80.0,1.013694233478569
2026-05-25,2026-05-25 11:15:41,V041,80.0,1.0163268690419958
2026-05-25,2026-05-25 11:15:42,V041,80.0,1.0152037097290332
2026-05-25,2026-05-25 11:15:43,V041,80.0,1.0132017267644882
2026-05-25,2026-05-25 11:15:44,V041,80.0,1.0161688276460714
2026-05-25,2026-05-25 11:15:45,V041,80.0,1.015495922612934
2026-05-25,2026-05-25 11:15:46,V041,80.0,1.0846568594825396
2026-05-25,2026-05-25 11:15:47,V041,80.0,1.0642644835991268
2026-05-25,2026-05-25 11:15:48,V041,79.0,1.0216363999543308
2026-05-25,2026-05-25 11:15:49,V041,79.0,1.0688917479893496
2026-05-25,2026-05-25 11:15:50,V041,79.0,1.1317300981935396
2026-05-25,2026-05-25 11:15:51,V041,79.0,1.0696800940344662
2026-05-25,2026-05-25 11:15:52,V041,79.0,1.0868748515427915
2026-05-25,2026-05-25 11:15:53,V041,79.0,1.061672083114281
2026-05-25,2026-05-25 11:15:54,V041,79.0,1.0349398190358114
2026-05-25,2026-05-25 11:15:55,V041,80.0,1.0655343727236386
2026-05-25,2026-05-25 11:15:56,V041,80.0,1.0540947108977388
2026-05-25,2026-05-25 11:15:57,V041,80.0,1.0690486367927559
2026-05-25,2026-05-25 11:15:58,V041,81.0,1.0535538627310994
2026-05-25,2026-05-25 11:15:59,V041,81.0,1.1098653557958191
2026-05-25,2026-05-25 11:16:00,V041,81.0,1.1086111322918204
2026-05-25,2026-05-25 11:16:01,V041,82.0,1.0718605526055331
2026-05-25,2026-05-25 11:16:02,V041,83.0,1.0724820782859201
2026-05-25,2026-05-25 11:16:03,V041,83.0,1.0523677103434381
2026-05-25,2026-05-25 11:16:04,V041,84.0,1.0901176168297824
2026-05-25,2026-05-25 11:16:05,V041,85.0,1.0781515814979652
2026-05-25,2026-05-25 11:16:06,V041,86.0,1.2358625640107461
2026-05-25,2026-05-25 11:16:07,V041,86.0,1.2743106033970062
2026-05-25,2026-05-25 11:16:08,V041,86.0,1.0425427184976828
2026-05-25,2026-05-25 11:16:09,V041,87.0,1.0085538177000297
2026-05-25,2026-05-25 11:16:10,V041,88.0,1.043168903464758
2026-05-25,2026-05-25 11:16:11,V041,88.0,0.9568832938185946
2026-05-25,2026-05-25 11:16:12,V041,88.0,0.9862848341744235
2026-05-25,2026-05-25 11:16:13,V041,88.0,1.0025635219853166
2026-05-25,2026-05-25 11:16:14,V041,88.0,0.9771031027064616
2026-05-25,2026-05-25 11:16:15,V041,88.0,0.9597982802975552
2026-05-25,2026-05-25 11:16:16,V041,88.0,0.9209416885721848
2026-05-25,2026-05-25 11:16:17,V041,88.0,0.9439280003097617
2026-05-25,2026-05-25 11:16:18,V041,89.0,0.9795190484007367
2026-05-25,2026-05-25 11:16:19,V041,90.0,1.0881346547286443
2026-05-25,2026-05-25 11:16:20,V041,90.0,1.1831344070912093
2026-05-25,2026-05-25 11:16:21,V041,91.0,0.9857707897039384
2026-05-25,2026-05-25 11:16:22,V041,92.0,0.9937384582122321
2026-05-25,2026-05-25 11:16:23,V041,93.0,0.9937441362722683
2026-05-25,2026-05-25 11:16:24,V041,94.0,1.093071015169595
2026-05-25,2026-05-25 11:16:25,V041,94.0,1.0759449367663854
2026-05-25,2026-05-25 11:16:26,V041,95.0,1.0571683171490038
2026-05-25,2026-05-25 11:16:27,V041,95.0,1.0175107091878497
2026-05-25,2026-05-25 11:16:28,V041,95.0,1.041837610341525
2026-05-25,2026-05-25 11:16:29,V041,96.0,1.0474854900749004
2026-05-25,2026-05-25 11:16:30,V041,96.0,0.9846575249184133
2026-05-25,2026-05-25 11:16:31,V041,97.0,0.9896425932038966
2026-05-25,2026-05-25 11:16:32,V041,97.0,1.4168995484667866
2026-05-25,2026-05-25 11:16:33,V041,98.0,1.3603601258923834
2026-05-25,2026-05-25 11:16:34,V041,98.0,1.0079045759696836
2026-05-25,2026-05-25 11:16:35,V041,97.0,1.0890261043120044
2026-05-25,2026-05-25 11:16:36,V041,96.0,0.9909234193312528
2026-05-25,2026-05-25 11:16:37,V041,96.0,1.020170018804188
2026-05-25,2026-05-25 11:16:38,V041,96.0,0.9713979168972139
2026-05-25,2026-05-25 11:16:39,V041,96.0,1.0535750247463034
2026-05-25,2026-05-25 11:16:40,V041,95.0,1.0120323814261516
2026-05-25,2026-05-25 11:16:41,V041,95.0,0.9890938392795507
2026-05-25,2026-05-25 11:16:42,V041,94.0,1.0136464852465787
2026-05-25,2026-05-25 11:16:43,V041,94.0,1.0280352126035432
2026-05-25,2026-05-25 11:16:44,V041,93.0,0.9980991008395677
2026-05-25,2026-05-25 11:16:45,V041,93.0,1.0119344817217115
2026-05-25,2026-05-25 11:16:46,V041,93.0,0.9972851875617279
2026-05-25,2026-05-25 11:16:47,V041,94.0,1.003035540800057
2026-05-25,2026-05-25 11:16:48,V041,94.0,0.9992485487706502
2026-05-25,2026-05-25 11:16:49,V041,94.0,0.9953614387934763
2026-05-25,2026-05-25 11:16:50,V041,94.0,1.0040848622864753
2026-05-25,2026-05-25 11:16:51,V041,95.0,0.9803806297964995
2026-05-25,2026-05-25 11:16:52,V041,95.0,0.9971449905504797
2026-05-25,2026-05-25 11:16:53,V041,95.0,1.1248157598479205
2026-05-25,2026-05-25 11:16:54,V041,95.0,0.9774780002286296
2026-05-25,2026-05-25 11:16:55,V041,96.0,0.9587936917822925
2026-05-25,2026-05-25 11:16:56,V041,96.0,0.9209282697668589
2026-05-25,2026-05-25 11:16:57,V041,96.0,0.9274475220950757
2026-05-25,2026-05-25 11:16:58,V041,97.0,0.9389081036357033
2026-05-25,2026-05-25 11:16:59,V041,97.0,1.1007678949232598
2026-05-25,2026-05-25 11:17:00,V041,98.0,1.7797952654235982
2026-05-25,2026-05-25 11:17:01,V041,98.0,1.0839103238872383
2026-05-25,2026-05-25 11:17:02,V041,99.0,1.1385598460402124
2026-05-25,2026-05-25 11:17:03,V041,99.0,1.0167342387823044
2026-05-25,2026-05-25 11:17:04,V041,100.0,1.0452263433287527
2026-05-25,2026-05-25 11:17:05,V041,100.0,1.1177338053754589
2026-05-25,2026-05-25 11:17:06,V041,100.0,1.025655470260391
2026-05-25,2026-05-25 11:17:07,V041,100.0,1.0613507866570924
2026-05-25,2026-05-25 11:17:08,V041,100.0,1.0369609690025032
2026-05-25,2026-05-25 11:17:09,V041,100.0,1.0092727167692652
2026-05-25,2026-05-25 11:17:10,V041,100.0,1.0220040875312917
2026-05-25,2026-05-25 11:17:11,V041,100.0,1.0171221694403856
2026-05-25,2026-05-25 11:17:12,V041,100.0,1.0437586947853064
2026-05-25,2026-05-25 11:17:13,V041,100.0,1.0417906534993049
2026-05-25,2026-05-25 11:17:14,V041,101.0,1.0149829140702362
2026-05-25,2026-05-25 11:17:15,V041,101.0,1.0691131873542903
2026-05-25,2026-05-25 11:17:16,V041,101.0,1.0886994927620977
2026-05-25,2026-05-25 11:17:17,V041,102.0,1.067520023703937
2026-05-25,2026-05-25 11:17:18,V041,102.0,1.0200977399505218
2026-05-25,2026-05-25 11:17:19,V041,102.0,1.0185612789010716
2026-05-25,2026-05-25 11:17:20,V041,103.0,1.1836790786509086
2026-05-25,2026-05-25 11:17:21,V041,103.0,1.110937538040247
2026-05-25,2026-05-25 11:17:22,V041,103.0,1.0814623444370746
2026-05-25,2026-05-25 11:17:23,V041,103.0,1.092955096182958
2026-05-25,2026-05-25 11:17:24,V041,103.0,1.1665066169099747
2026-05-25,2026-05-25 11:17:25,V041,102.0,1.039759137123763
2026-05-25,2026-05-25 11:17:26,V041,101.0,1.0217331843525828
2026-05-25,2026-05-25 11:17:27,V041,101.0,1.0011321330596255
2026-05-25,2026-05-25 11:17:28,V041,100.0,1.0422659223977815
2026-05-25,2026-05-25 11:17:29,V041,101.0,0.9665902264991675
2026-05-25,2026-05-25 11:17:30,V041,101.0,1.0046093950866222
2026-05-25,2026-05-25 11:17:31,V041,101.0,1.0523430324828513
2026-05-25,2026-05-25 11:17:32,V041,102.0,1.0276546874982015
2026-05-25,2026-05-25 11:17:33,V041,102.0,0.9936471810056043
2026-05-25,2026-05-25 11:17:34,V041,103.0,0.9914106552626393
2026-05-25,2026-05-25 11:17:35,V041,103.0,1.0175721372824147
2026-05-25,2026-05-25 11:17:36,V041,103.0,1.032225909671202
2026-05-25,2026-05-25 11:17:37,V041,103.0,1.028822830836779
2026-05-25,2026-05-25 11:17:38,V041,103.0,0.9873191903689609
2026-05-25,2026-05-25 11:17:39,V041,103.0,1.0124426130759714
2026-05-25,2026-05-25 11:17:40,V041,103.0,1.007836306043905
2026-05-25,2026-05-25 11:17:41,V041,103.0,0.9956895375227125
2026-05-25,2026-05-25 11:17:42,V041,102.0,1.0151679726994307
2026-05-25,2026-05-25 11:17:43,V041,102.0,1.0136571071049507
2026-05-25,2026-05-25 11:17:44,V041,102.0,1.044649275593671
2026-05-25,2026-05-25 11:17:45,V041,102.0,1.0470611431620898
2026-05-25,2026-05-25 11:17:46,V041,102.0,1.0713217594719533
2026-05-25,2026-05-25 11:17:47,V041,102.0,1.0468038701104625
2026-05-25,2026-05-25 11:17:48,V041,102.0,1.0241760475365222
2026-05-25,2026-05-25 11:17:49,V041,101.0,1.0212543897288866
2026-05-25,2026-05-25 11:17:50,V041,101.0,1.0205390427433088
2026-05-25,2026-05-25 11:17:51,V041,101.0,1.0211703216050076
2026-05-25,2026-05-25 11:17:52,V041,101.0,1.0241725770718435
2026-05-25,2026-05-25 11:17:53,V041,101.0,1.0202910350561314
2026-05-25,2026-05-25 11:17:54,V041,100.0,1.0277724710693574
2026-05-25,2026-05-25 11:17:55,V041,100.0,1.096145434991681
2026-05-25,2026-05-25 11:17:56,V041,100.0,1.0565291040643596
2026-05-25,2026-05-25 11:17:57,V041,100.0,1.0600547204062234
2026-05-25,2026-05-25 11:17:58,V041,100.0,0.9694730441314567
2026-05-25,2026-05-25 11:17:59,V041,99.0,0.9751803176592285
2026-05-25,2026-05-25 11:18:00,V041,99.0,0.9274160582795735
2026-05-25,2026-05-25 11:18:01,V041,98.0,0.9236331253495964
2026-05-25,2026-05-25 11:18:02,V041,97.0,0.916947603589516
2026-05-25,2026-05-25 11:18:03,V041,95.0,0.9175303017982609
2026-05-25,2026-05-25 11:18:04,V041,94.0,0.9171627697514612
2026-05-25,2026-05-25 11:18:05,V041,89.0,0.9172346875626256
2026-05-25,2026-05-25 11:18:06,V041,86.0,0.9164429651611256
2026-05-25,2026-05-25 11:18:07,V041,84.0,0.9150394168604958
2026-05-25,2026-05-25 11:18:08,V041,83.0,0.919411077347706
2026-05-25,2026-05-25 11:18:09,V041,82.0,0.9173599710197108
2026-05-25,2026-05-25 11:18:10,V041,81.0,0.9165147970833799
2026-05-25,2026-05-25 11:18:11,V041,80.0,0.9160111226821598
2026-05-25,2026-05-25 11:18:12,V041,80.0,0.9155791393951475
2026-05-25,2026-05-25 11:18:13,V041,79.0,0.9163727468088081
2026-05-25,2026-05-25 11:18:14,V041,78.0,0.9162813241706538
2026-05-25,2026-05-25 11:18:15,V041,77.0,0.9152939098813657
2026-05-25,2026-05-25 11:18:16,V041,76.0,0.9160674196965221
2026-05-25,2026-05-25 11:18:17,V041,75.0,0.9150101547910727
2026-05-25,2026-05-25 11:18:18,V041,74.0,0.916181045722955
2026-05-25,2026-05-25 11:18:19,V041,73.0,0.9165466022556965
2026-05-25,2026-05-25 11:18:20,V041,71.0,0.9491102978846131
2026-05-25,2026-05-25 11:18:21,V041,70.0,1.0040469068723747
2026-05-25,2026-05-25 11:18:22,V041,69.0,1.0317965294221996
2026-05-25,2026-05-25 11:18:23,V041,69.0,1.028156151978608
2026-05-25,2026-05-25 11:18:24,V041,69.0,1.0894534313084077
2026-05-25,2026-05-25 11:18:25,V041,69.0,1.0736009574195007
2026-05-25,2026-05-25 11:18:26,V041,69.0,1.0351514687827081
2026-05-25,2026-05-25 11:18:27,V041,69.0,1.0409651001123013
2026-05-25,2026-05-25 11:18:28,V041,69.0,1.0401407889300935
2026-05-25,2026-05-25 11:18:29,V041,69.0,1.0501099816503148
2026-05-25,2026-05-25 11:18:30,V041,69.0,1.0264051917622654
2026-05-25,2026-05-25 11:18:31,V041,69.0,1.0505565243933392
2026-05-25,2026-05-25 11:18:32,V041,69.0,0.9658474866087245
2026-05-25,2026-05-25 11:18:33,V041,69.0,0.9685624889771157
2026-05-25,2026-05-25 11:18:34,V041,69.0,0.9997114741029217
2026-05-25,2026-05-25 11:18:35,V041,70.0,0.9929087657817283
2026-05-25,2026-05-25 11:18:36,V041,71.0,0.9929587558575665
2026-05-25,2026-05-25 11:18:37,V041,72.0,0.9917193483296342
2026-05-25,2026-05-25 11:18:38,V041,73.0,0.9924703972457816
2026-05-25,2026-05-25 11:18:39,V041,74.0,0.9895968945481692
2026-05-25,2026-05-25 11:18:40,V041,74.0,0.9907809307291101
2026-05-25,2026-05-25 11:18:41,V041,75.0,0.9904573429620359
2026-05-25,2026-05-25 11:18:42,V041,75.0,0.9903515054511177
2026-05-25,2026-05-25 11:18:43,V041,76.0,0.9868692021544578
2026-05-25,2026-05-25 11:18:44,V041,77.0,0.9864613750131996
2026-05-25,2026-05-25 11:18:45,V041,78.0,0.9852884030831931
2026-05-25,2026-05-25 11:18:46,V041,79.0,0.9843992014013524
2026-05-25,2026-05-25 11:18:47,V041,79.0,0.9735712236589766
2026-05-25,2026-05-25 11:18:48,V041,80.0,1.0370148269869244
2026-05-25,2026-05-25 11:18:49,V041,80.0,1.0537656247959881
2026-05-25,2026-05-25 11:18:50,V041,81.0,1.102608787790726
2026-05-25,2026-05-25 11:18:51,V041,80.0,1.0454641460053558
2026-05-25,2026-05-25 11:18:52,V041,79.0,1.0407840298596895
2026-05-25,2026-05-25 11:18:53,V041,79.0,1.038335082604531
2026-05-25,2026-05-25 11:18:54,V041,78.0,1.0393524260909628
2026-05-25,2026-05-25 11:18:55,V041,76.0,1.038497144962132
2026-05-25,2026-05-25 11:18:56,V041,75.0,1.038782097802175
2026-05-25,2026-05-25 11:18:57,V041,74.0,1.0404366942399081
2026-05-25,2026-05-25 11:18:58,V041,74.0,1.0411304724345345
2026-05-25,2026-05-25 11:18:59,V041,73.0,1.0400664699733382
2026-05-25,2026-05-25 11:19:00,V041,73.0,1.068291703684921
2026-05-25,2026-05-25 11:19:01,V041,73.0,1.0567967356600916
2026-05-25,2026-05-25 11:19:02,V041,74.0,1.0487820889262198
2026-05-25,2026-05-25 11:19:03,V041,74.0,1.0478635194653563
2026-05-25,2026-05-25 11:19:04,V041,75.0,1.0503139832775565
2026-05-25,2026-05-25 11:19:05,V041,75.0,1.0471969191505608
2026-05-25,2026-05-25 11:19:06,V041,76.0,1.0347438592031926
2026-05-25,2026-05-25 11:19:07,V041,76.0,1.028050494882748
2026-05-25,2026-05-25 11:19:08,V041,76.0,1.0295853043312624
2026-05-25,2026-05-25 11:19:09,V041,77.0,1.0291457340143135
2026-05-25,2026-05-25 11:19:10,V041,77.0,1.0303787548030157
2026-05-25,2026-05-25 11:19:11,V041,77.0,1.0311893230990936
2026-05-25,2026-05-25 11:19:12,V041,77.0,1.0359842065884783
2026-05-25,2026-05-25 11:19:13,V041,77.0,1.0215883046803318
2026-05-25,2026-05-25 11:19:14,V041,76.0,1.028328803684106
2026-05-25,2026-05-25 11:19:15,V041,76.0,1.0276517478531122
2026-05-25,2026-05-25 11:19:16,V041,75.0,1.0288078733344812
2026-05-25,2026-05-25 11:19:17,V041,75.0,1.0272349062568502
2026-05-25,2026-05-25 11:19:18,V041,74.0,1.016635034729975
2026-05-25,2026-05-25 11:19:19,V041,74.0,1.0140623295817544
2026-05-25,2026-05-25 11:19:20,V041,73.0,1.011818712054534
2026-05-25,2026-05-25 11:19:21,V041,73.0,1.0065203084694023
2026-05-25,2026-05-25 11:19:22,V041,72.0,1.0074690127831738
2026-05-25,2026-05-25 11:19:23,V041,72.0,1.007826228554395
2026-05-25,2026-05-25 11:19:24,V041,71.0,1.0074076392716498
2026-05-25,2026-05-25 11:19:25,V041,71.0,1.0063311043198038
2026-05-25,2026-05-25 11:19:26,V041,70.0,1.0075493288152022
2026-05-25,2026-05-25 11:19:27,V041,70.0,1.0058346309456772
2026-05-25,2026-05-25 11:19:28,V041,69.0,1.0059488790831113
2026-05-25,2026-05-25 11:19:29,V041,69.0,1.0058550927471244
2026-05-25,2026-05-25 11:19:30,V041,69.0,1.006383252758825
2026-05-25,2026-05-25 11:19:31,V041,68.0,1.0131304819980644
2026-05-25,2026-05-25 11:19:32,V041,68.0,1.0191056287023128
2026-05-25,2026-05-25 11:19:33,V041,68.0,1.0219431219955775
2026-05-25,2026-05-25 11:19:34,V041,68.0,1.0136265609008166
2026-05-25,2026-05-25 11:19:35,V041,68.0,1.0106855845723377
2026-05-25,2026-05-25 11:19:36,V041,67.0,0.991323619122137
2026-05-25,2026-05-25 11:19:37,V041,67.0,0.9807526072850206
2026-05-25,2026-05-25 11:19:38,V041,67.0,0.9810783036515394
2026-05-25,2026-05-25 11:19:39,V041,67.0,0.9803740141222347
2026-05-25,2026-05-25 11:19:40,V041,67.0,0.9806359095751409
2026-05-25,2026-05-25 11:19:41,V041,68.0,0.981087493596223
2026-05-25,2026-05-25 11:19:42,V041,68.0,0.9864504171294135
2026-05-25,2026-05-25 11:19:43,V041,69.0,0.9850710633412784
2026-05-25,2026-05-25 11:19:44,V041,70.0,0.9919021184553396
2026-05-25,2026-05-25 11:19:45,V041,70.0,0.9928110826207904
2026-05-25,2026-05-25 11:19:46,V041,70.0,0.9924713191480281
2026-05-25,2026-05-25 11:19:47,V041,70.0,0.9879218377479143
2026-05-25,2026-05-25 11:19:48,V041,69.0,0.9899788791793482
2026-05-25,2026-05-25 11:19:49,V041,68.0,0.977572538006623
2026-05-25,2026-05-25 11:19:50,V041,68.0,0.9906503365539433
2026-05-25,2026-05-25 11:19:51,V041,68.0,0.9983981156311893
2026-05-25,2026-05-25 11:19:52,V041,68.0,1.0014076470443052
2026-05-25,2026-05-25 11:19:53,V041,68.0,0.9995828658064236
2026-05-25,2026-05-25 11:19:54,V041,68.0,0.9971300283414108
2026-05-25,2026-05-25 11:19:55,V041,69.0,1.0069747795762127
2026-05-25,2026-05-25 11:19:56,V041,69.0,0.9833642785678886
2026-05-25,2026-05-25 11:19:57,V041,71.0,0.998339761871277
2026-05-25,2026-05-25 11:19:58,V041,72.0,1.0047788244072786
2026-05-25,2026-05-25 11:19:59,V041,73.0,1.0054703213504848
2026-05-25,2026-05-25 11:20:00,V041,74.0,1.001247923341524
2026-05-25,2026-05-25 11:20:01,V041,75.0,1.001712484578495
2026-05-25,2026-05-25 11:20:02,V041,75.0,1.0014158331818093
2026-05-25,2026-05-25 11:20:03,V041,75.0,1.000469141441484
2026-05-25,2026-05-25 11:20:04,V041,75.0,1.0020816747193988
2026-05-25,2026-05-25 11:20:05,V041,75.0,1.0005955776487625
2026-05-25,2026-05-25 11:20:06,V041,75.0,0.9977673277697138
2026-05-25,2026-05-25 11:20:07,V041,75.0,0.9971478127162745
2026-05-25,2026-05-25 11:20:08,V041,76.0,0.9898276139173371
2026-05-25,2026-05-25 11:20:09,V041,76.0,0.995584455581785
2026-05-25,2026-05-25 11:20:10,V041,77.0,0.9983647605153475
2026-05-25,2026-05-25 11:20:11,V041,76.0,0.994287352635639
2026-05-25,2026-05-25 11:20:12,V041,76.0,0.9998123316305656
2026-05-25,2026-05-25 11:20:13,V041,75.0,1.0131005846370815
2026-05-25,2026-05-25 11:20:14,V041,74.0,0.996956615812992
2026-05-25,2026-05-25 11:20:15,V041,73.0,1.0357103238432444
2026-05-25,2026-05-25 11:20:16,V041,72.0,1.0185409576964626
2026-05-25,2026-05-25 11:20:17,V041,72.0,1.0171394194412255
2026-05-25,2026-05-25 11:20:18,V041,71.0,1.018423819807283
2026-05-25,2026-05-25 11:20:19,V041,71.0,1.0184593655519856
2026-05-25,2026-05-25 11:20:20,V041,71.0,1.0183352449998644
2026-05-25,2026-05-25 11:20:21,V041,72.0,1.0183315428857602
2026-05-25,2026-05-25 11:20:22,V041,72.0,1.0184232519996523
2026-05-25,2026-05-25 11:20:23,V041,72.0,1.0190546116505288
2026-05-25,2026-05-25 11:20:24,V041,73.0,1.022051254622589
2026-05-25,2026-05-25 11:20:25,V041,74.0,1.0239297823502513
2026-05-25,2026-05-25 11:20:26,V041,74.0,1.022437114950853
2026-05-25,2026-05-25 11:20:27,V041,76.0,1.0170252723775035
2026-05-25,2026-05-25 11:20:28,V041,77.0,1.0142664708609288
2026-05-25,2026-05-25 11:20:29,V041,78.0,1.0237409612101527
2026-05-25,2026-05-25 11:20:30,V041,78.0,1.0164996752332884
2026-05-25,2026-05-25 11:20:31,V041,79.0,0.9703820645017828
2026-05-25,2026-05-25 11:20:32,V041,80.0,0.97247956316815
2026-05-25,2026-05-25 11:20:33,V041,81.0,0.9739297455722004
2026-05-25,2026-05-25 11:20:34,V041,82.0,0.9741337597071094
2026-05-25,2026-05-25 11:20:35,V041,82.0,0.974908971014463
2026-05-25,2026-05-25 11:20:36,V041,83.0,0.9748296361269359
2026-05-25,2026-05-25 11:20:37,V041,82.0,0.9748419781615193
2026-05-25,2026-05-25 11:20:38,V041,81.0,0.9745006640146109
2026-05-25,2026-05-25 11:20:39,V041,80.0,0.9744176393247781
2026-05-25,2026-05-25 11:20:40,V041,79.0,0.975851191572605
2026-05-25,2026-05-25 11:20:41,V041,79.0,0.9753923254096699
2026-05-25,2026-05-25 11:20:42,V041,79.0,0.9755972228539801
2026-05-25,2026-05-25 11:20:43,V041,79.0,0.9750549263349583
2026-05-25,2026-05-25 11:20:44,V041,79.0,0.9757015741632059
2026-05-25,2026-05-25 11:20:45,V041,78.0,0.9756499237152773
2026-05-25,2026-05-25 11:20:46,V041,78.0,0.9758266859363534
2026-05-25,2026-05-25 11:20:47,V041,77.0,0.9757133015876546
2026-05-25,2026-05-25 11:20:48,V041,77.0,0.9759091000537312
2026-05-25,2026-05-25 11:20:49,V041,76.0,0.9809278302640307
2026-05-25,2026-05-25 11:20:50,V041,75.0,0.9773177437016622
2026-05-25,2026-05-25 11:20:51,V041,73.0,0.980170650956276
2026-05-25,2026-05-25 11:20:52,V041,72.0,0.9977897737871344
2026-05-25,2026-05-25 11:20:53,V041,71.0,1.0177676373179803
2026-05-25,2026-05-25 11:20:54,V041,70.0,1.020756642407539
2026-05-25,2026-05-25 11:20:55,V041,69.0,1.0230744408861738
2026-05-25,2026-05-25 11:20:56,V041,68.0,1.0200516871938892
2026-05-25,2026-05-25 11:20:57,V041,68.0,1.0016412229342535
2026-05-25,2026-05-25 11:20:58,V041,68.0,1.0172951142454476
2026-05-25,2026-05-25 11:20:59,V041,68.0,1.013423587912449
2026-05-25,2026-05-25 11:21:00,V041,68.0,1.0131982832694424
2026-05-25,2026-05-25 11:21:01,V041,69.0,1.0150707623605768
2026-05-25,2026-05-25 11:21:02,V041,70.0,1.0172686158340731
2026-05-25,2026-05-25 11:21:03,V041,71.0,1.1314906746902151
2026-05-25,2026-05-25 11:21:04,V041,71.0,1.0745558344890953
2026-05-25,2026-05-25 11:21:05,V041,71.0,1.0633495141570273
2026-05-25,2026-05-25 11:21:06,V041,70.0,1.0545584093435394
2026-05-25,2026-05-25 11:21:07,V041,69.0,1.2223524020667176
2026-05-25,2026-05-25 11:21:08,V041,69.0,1.1955899576111095
2026-05-25,2026-05-25 11:21:09,V041,68.0,1.174849183498625
2026-05-25,2026-05-25 11:21:10,V041,68.0,1.2257717234304806
2026-05-25,2026-05-25 11:21:11,V041,67.0,1.1498475297717428
2026-05-25,2026-05-25 11:21:12,V041,67.0,1.1845614661265824
2026-05-25,2026-05-25 11:21:13,V041,67.0,1.0533233898591476
2026-05-25,2026-05-25 11:21:14,V041,67.0,1.1806178110506749
2026-05-25,2026-05-25 11:21:15,V041,68.0,1.045848716597428
2026-05-25,2026-05-25 11:21:16,V041,69.0,1.0163623764260614
2026-05-25,2026-05-25 11:21:17,V041,69.0,0.9533286261432166
2026-05-25,2026-05-25 11:21:18,V041,70.0,1.0170894777507422
2026-05-25,2026-05-25 11:21:19,V041,71.0,1.078743344480547
2026-05-25,2026-05-25 11:21:20,V041,73.0,1.167902653787795
2026-05-25,2026-05-25 11:21:21,V041,74.0,1.190224785944929
2026-05-25,2026-05-25 11:21:22,V041,75.0,1.2490300142588877
2026-05-25,2026-05-25 11:21:23,V041,77.0,1.1893470434101563
2026-05-25,2026-05-25 11:21:24,V041,78.0,1.0831097306644346
2026-05-25,2026-05-25 11:21:25,V041,80.0,1.06713308280456
2026-05-25,2026-05-25 11:21:26,V041,81.0,1.070359775609822
2026-05-25,2026-05-25 11:21:27,V041,82.0,1.0864421809127633
2026-05-25,2026-05-25 11:21:28,V041,84.0,1.0580712803008228
2026-05-25,2026-05-25 11:21:29,V041,83.0,0.9626371547273185
2026-05-25,2026-05-25 11:21:30,V041,83.0,0.960005973754882
2026-05-25,2026-05-25 11:21:31,V041,83.0,1.084690953538236
2026-05-25,2026-05-25 11:21:32,V041,82.0,1.0072337908710554
2026-05-25,2026-05-25 11:21:33,V041,82.0,1.0150934232314384
2026-05-25,2026-05-25 11:21:34,V041,82.0,1.0009488629923342
2026-05-25,2026-05-25 11:21:35,V041,82.0,1.0274761734194815
2026-05-25,2026-05-25 11:21:36,V041,81.0,1.0178750587685215
2026-05-25,2026-05-25 11:21:37,V041,82.0,1.0031042288039225
2026-05-25,2026-05-25 11:21:38,V041,82.0,0.9949931123796054
2026-05-25,2026-05-25 11:21:39,V041,84.0,1.020258009263858
2026-05-25,2026-05-25 11:21:40,V041,85.0,1.021661623072619
2026-05-25,2026-05-25 11:21:41,V041,87.0,1.0016725951486942
2026-05-25,2026-05-25 11:21:42,V041,88.0,0.9902857905836334
2026-05-25,2026-05-25 11:21:43,V041,90.0,0.9953209824147705
2026-05-25,2026-05-25 11:21:44,V041,91.0,0.9866836662604438
2026-05-25,2026-05-25 11:21:45,V041,92.0,0.9965959060028603
2026-05-25,2026-05-25 11:21:46,V041,93.0,0.979674981016434
2026-05-25,2026-05-25 11:21:47,V041,92.0,0.9910882019286936
2026-05-25,2026-05-25 11:21:48,V041,92.0,0.9829057773158559
2026-05-25,2026-05-25 11:21:49,V041,91.0,0.9937709926706166
2026-05-25,2026-05-25 11:21:50,V041,91.0,0.9989143141794933
2026-05-25,2026-05-25 11:21:51,V041,90.0,0.9817259622452223
2026-05-25,2026-05-25 11:21:52,V041,89.0,1.037609740431539
2026-05-25,2026-05-25 11:21:53,V041,89.0,1.0064006109316896
2026-05-25,2026-05-25 11:21:54,V041,89.0,1.0241794278953558
2026-05-25,2026-05-25 11:21:55,V041,89.0,1.0255833645712706
2026-05-25,2026-05-25 11:21:56,V041,89.0,1.0195491313260796
2026-05-25,2026-05-25 11:21:57,V041,89.0,1.0009593747579624
2026-05-25,2026-05-25 11:21:58,V041,89.0,1.025873843409872
2026-05-25,2026-05-25 11:21:59,V041,89.0,0.9861588401381278
2026-05-25,2026-05-25 11:22:00,V041,88.0,1.0394889878809646
2026-05-25,2026-05-25 11:22:01,V041,88.0,0.9922426477539547
2026-05-25,2026-05-25 11:22:02,V041,88.0,1.03003492271577
2026-05-25,2026-05-25 11:22:03,V041,88.0,0.9608743614182789
2026-05-25,2026-05-25 11:22:04,V041,88.0,1.0294820628451677
2026-05-25,2026-05-25 11:22:05,V041,88.0,0.9751382802737164
2026-05-25,2026-05-25 11:22:06,V041,89.0,0.9896055259966458
2026-05-25,2026-05-25 11:22:07,V041,89.0,0.9686561331360555
2026-05-25,2026-05-25 11:22:08,V041,89.0,0.9684215075728291
2026-05-25,2026-05-25 11:22:09,V041,89.0,0.9386710915356171
2026-05-25,2026-05-25 11:22:10,V041,90.0,1.0112828694430784
2026-05-25,2026-05-25 11:22:11,V041,90.0,1.0028806146262699
2026-05-25,2026-05-25 11:22:12,V041,90.0,0.9995212738732415
2026-05-25,2026-05-25 11:22:13,V041,91.0,1.0050084345242496
2026-05-25,2026-05-25 11:22:14,V041,91.0,0.9821949262693119
2026-05-25,2026-05-25 11:22:15,V041,92.0,1.0073495134546475
2026-05-25,2026-05-25 11:22:16,V041,92.0,0.9868439310937268
2026-05-25,2026-05-25 11:22:17,V041,93.0,1.0206046048377402
2026-05-25,2026-05-25 11:22:18,V041,94.0,0.989695205713389
2026-05-25,2026-05-25 11:22:19,V041,94.0,1.027276700026651
2026-05-25,2026-05-25 11:22:20,V041,94.0,0.9830206245323647
2026-05-25,2026-05-25 11:22:21,V041,94.0,1.0246709190091698
2026-05-25,2026-05-25 11:22:22,V041,93.0,0.9852453426078237
2026-05-25,2026-05-25 11:22:23,V041,93.0,0.9879467207727887
2026-05-25,2026-05-25 11:22:24,V041,94.0,1.004142780433291
2026-05-25,2026-05-25 11:22:25,V041,93.0,0.983953282813256
2026-05-25,2026-05-25 11:22:26,V041,92.0,1.0487450999857484
2026-05-25,2026-05-25 11:22:27,V041,92.0,1.076276860181598
2026-05-25,2026-05-25 11:22:28,V041,91.0,1.0319256249054871
2026-05-25,2026-05-25 11:22:29,V041,91.0,0.9991130544199046
2026-05-25,2026-05-25 11:22:30,V041,90.0,0.9846181543004536
2026-05-25,2026-05-25 11:22:31,V041,89.0,1.0576735883932644
2026-05-25,2026-05-25 11:22:32,V041,89.0,1.0270147606612707
2026-05-25,2026-05-25 11:22:33,V041,87.0,1.0233354848907066
2026-05-25,2026-05-25 11:22:34,V041,86.0,1.0311051150435306
2026-05-25,2026-05-25 11:22:35,V041,86.0,1.030327776331252
2026-05-25,2026-05-25 11:22:36,V041,85.0,0.9713610708259038
2026-05-25,2026-05-25 11:22:37,V041,84.0,1.0640652636822368
2026-05-25,2026-05-25 11:22:38,V041,83.0,0.9782977902847496
2026-05-25,2026-05-25 11:22:39,V041,82.0,1.0133972287009543
2026-05-25,2026-05-25 11:22:40,V041,81.0,1.0284002703619741
2026-05-25,2026-05-25 11:22:41,V041,82.0,1.1440962373026988
2026-05-25,2026-05-25 11:22:42,V041,82.0,1.034278714694169
2026-05-25,2026-05-25 11:22:43,V041,82.0,0.975691456569264
2026-05-25,2026-05-25 11:22:44,V041,83.0,1.056145318682105
2026-05-25,2026-05-25 11:22:45,V041,84.0,0.9688376438136135
2026-05-25,2026-05-25 11:22:46,V041,84.0,1.0646499687271467
2026-05-25,2026-05-25 11:22:47,V041,85.0,0.9799294401640842
2026-05-25,2026-05-25 11:22:48,V041,86.0,1.0406662097838653
2026-05-25,2026-05-25 11:22:49,V041,86.0,1.0112001412229092
2026-05-25,2026-05-25 11:22:50,V041,87.0,1.065279717099947
2026-05-25,2026-05-25 11:22:51,V041,88.0,1.0970134970451968
2026-05-25,2026-05-25 11:22:52,V041,89.0,1.0244140028214501
2026-05-25,2026-05-25 11:22:53,V041,90.0,1.0694972995613687
2026-05-25,2026-05-25 11:22:54,V041,90.0,0.9750986611521145
2026-05-25,2026-05-25 11:22:55,V041,90.0,1.0230388178797827
2026-05-25,2026-05-25 11:22:56,V041,91.0,1.0284139070746223
2026-05-25,2026-05-25 11:22:57,V041,91.0,1.0313770964340339
2026-05-25,2026-05-25 11:22:58,V041,91.0,1.0060008142494183
2026-05-25,2026-05-25 11:22:59,V041,91.0,0.9799424808513066
2026-05-25,2026-05-25 11:23:00,V041,91.0,1.047545945671669
2026-05-25,2026-05-25 11:23:01,V041,92.0,1.0525562604789163
2026-05-25,2026-05-25 11:23:02,V041,92.0,1.0757400818612666
2026-05-25,2026-05-25 11:23:03,V041,92.0,1.02037307408611
2026-05-25,2026-05-25 11:23:04,V041,93.0,0.9363061340886053
2026-05-25,2026-05-25 11:23:05,V041,93.0,1.044177167090166
2026-05-25,2026-05-25 11:23:06,V041,93.0,1.0226436015120206
2026-05-25,2026-05-25 11:23:07,V041,93.0,0.9933963493301127
2026-05-25,2026-05-25 11:23:08,V041,93.0,1.026008474930081
2026-05-25,2026-05-25 11:23:09,V041,94.0,1.0414098371520408
2026-05-25,2026-05-25 11:23:10,V041,94.0,1.080024262576991
2026-05-25,2026-05-25 11:23:11,V041,94.0,1.0441983236463555
2026-05-25,2026-05-25 11:23:12,V041,94.0,0.9998282763402458
2026-05-25,2026-05-25 11:23:13,V041,94.0,1.0246770900764708
2026-05-25,2026-05-25 11:23:14,V041,94.0,1.0405905086053495
2026-05-25,2026-05-25 11:23:15,V041,94.0,1.0015355979255962
2026-05-25,2026-05-25 11:23:16,V041,94.0,1.0141363360865707
2026-05-25,2026-05-25 11:23:17,V041,94.0,1.0137405892951437
2026-05-25,2026-05-25 11:23:18,V041,94.0,0.999521605671396
2026-05-25,2026-05-25 11:23:19,V041,94.0,1.0656332345941875
2026-05-25,2026-05-25 11:23:20,V041,94.0,1.0414026936198904
2026-05-25,2026-05-25 11:23:21,V041,95.0,1.0098456201809467
2026-05-25,2026-05-25 11:23:22,V041,95.0,1.0069933521248455
2026-05-25,2026-05-25 11:23:23,V041,96.0,1.0277574852734321
2026-05-25,2026-05-25 11:23:24,V041,96.0,1.007914195838582
2026-05-25,2026-05-25 11:23:25,V041,96.0,1.014730706152201
2026-05-25,2026-05-25 11:23:26,V041,97.0,1.022121331386749
2026-05-25,2026-05-25 11:23:27,V041,97.0,1.0020694470566405
2026-05-25,2026-05-25 11:23:28,V041,97.0,1.0206793367976859
2026-05-25,2026-05-25 11:23:29,V041,97.0,1.0782246195620433
2026-05-25,2026-05-25 11:23:30,V041,97.0,1.0163589772573958
2026-05-25,2026-05-25 11:23:31,V041,97.0,1.040981575028286
2026-05-25,2026-05-25 11:23:32,V041,96.0,1.0636140713877313
2026-05-25,2026-05-25 11:23:33,V041,96.0,1.0539675884408157
2026-05-25,2026-05-25 11:23:34,V041,96.0,1.0008767030853631
2026-05-25,2026-05-25 11:23:35,V041,96.0,0.9999660950368028
2026-05-25,2026-05-25 11:23:36,V041,96.0,1.0091234320542735
2026-05-25,2026-05-25 11:23:37,V041,95.0,1.035818470697193
2026-05-25,2026-05-25 11:23:38,V041,95.0,1.0095412891740807
2026-05-25,2026-05-25 11:23:39,V041,95.0,1.010760771469482
2026-05-25,2026-05-25 11:23:40,V041,94.0,1.0415097549083698
2026-05-25,2026-05-25 11:23:41,V041,94.0,0.9861946798973461
2026-05-25,2026-05-25 11:23:42,V041,94.0,1.040251303179787
2026-05-25,2026-05-25 11:23:43,V041,93.0,1.0383575903387499
2026-05-25,2026-05-25 11:23:44,V041,93.0,1.0761516911014026
2026-05-25,2026-05-25 11:23:45,V041,92.0,1.046106850192451
2026-05-25,2026-05-25 11:23:46,V041,92.0,0.9753010960953141
2026-05-25,2026-05-25 11:23:47,V041,91.0,1.0105381885479063
2026-05-25,2026-05-25 11:23:48,V041,91.0,1.045797478709636
2026-05-25,2026-05-25 11:23:49,V041,91.0,0.991929598662936
2026-05-25,2026-05-25 11:23:50,V041,90.0,1.018685167981562
2026-05-25,2026-05-25 11:23:51,V041,90.0,0.9810026338847572
2026-05-25,2026-05-25 11:23:52,V041,89.0,1.0204085492238684
2026-05-25,2026-05-25 11:23:53,V041,89.0,1.0180658835637173
2026-05-25,2026-05-25 11:23:54,V041,88.0,1.00765650029284
2026-05-25,2026-05-25 11:23:55,V041,88.0,1.0264215319634582
2026-05-25,2026-05-25 11:23:56,V041,88.0,1.00536171190788
2026-05-25,2026-05-25 11:23:57,V041,88.0,1.1468493076307225
2026-05-25,2026-05-25 11:23:58,V041,88.0,1.0756604095259077
2026-05-25,2026-05-25 11:23:59,V041,89.0,1.0284545753827272
2026-05-25,2026-05-25 11:24:00,V041,89.0,1.004877553930273
2026-05-25,2026-05-25 11:24:01,V041,89.0,0.9962158007450648
2026-05-25,2026-05-25 11:24:02,V041,89.0,1.0208272510352097
2026-05-25,2026-05-25 11:24:03,V041,89.0,1.0864561016615801
2026-05-25,2026-05-25 11:24:04,V041,89.0,1.0228138784383105
2026-05-25,2026-05-25 11:24:05,V041,89.0,0.989951536720098
2026-05-25,2026-05-25 11:24:06,V041,89.0,1.0105837478884245
2026-05-25,2026-05-25 11:24:07,V041,89.0,1.0834706054764918
2026-05-25,2026-05-25 11:24:08,V041,89.0,0.9944544354063248
2026-05-25,2026-05-25 11:24:09,V041,89.0,0.9779966626130908
2026-05-25,2026-05-25 11:24:10,V041,89.0,1.0397264638315487
2026-05-25,2026-05-25 11:24:11,V041,89.0,1.0491580218333871
2026-05-25,2026-05-25 11:24:12,V041,89.0,0.9894525911638274
2026-05-25,2026-05-25 11:24:13,V041,89.0,0.9976099744778713
2026-05-25,2026-05-25 11:24:14,V041,90.0,1.031428156941625
2026-05-25,2026-05-25 11:24:15,V041,90.0,1.0742423477621739
2026-05-25,2026-05-25 11:24:16,V041,90.0,1.0227704116761343
2026-05-25,2026-05-25 11:24:17,V041,90.0,0.9848861094779439
2026-05-25,2026-05-25 11:24:18,V041,90.0,1.0064266717624128
2026-05-25,2026-05-25 11:24:19,V041,89.0,1.0225834201525574
2026-05-25,2026-05-25 11:24:20,V041,89.0,1.0637453083817086
2026-05-25,2026-05-25 11:24:21,V041,89.0,1.0258703273859713
2026-05-25,2026-05-25 11:24:22,V041,89.0,0.9729517005512434
2026-05-25,2026-05-25 11:24:23,V041,89.0,1.0058688646637777
2026-05-25,2026-05-25 11:24:24,V041,89.0,1.0169528354925677
2026-05-25,2026-05-25 11:24:25,V041,89.0,1.0707246631430922
2026-05-25,2026-05-25 11:24:26,V041,89.0,1.0379221581797224
2026-05-25,2026-05-25 11:24:27,V041,89.0,0.9900029786545799
2026-05-25,2026-05-25 11:24:28,V041,89.0,0.9813031556670802
2026-05-25,2026-05-25 11:24:29,V041,89.0,1.017026728755165
2026-05-25,2026-05-25 11:24:30,V041,89.0,1.0101699952197027
2026-05-25,2026-05-25 11:24:31,V041,89.0,1.033255521613363
2026-05-25,2026-05-25 11:24:32,V041,89.0,1.0788611361791978
2026-05-25,2026-05-25 11:24:33,V041,89.0,1.0082085796870497
2026-05-25,2026-05-25 11:24:34,V041,89.0,1.0621317856634744
2026-05-25,2026-05-25 11:24:35,V041,89.0,1.0613900967002032
2026-05-25,2026-05-25 11:24:36,V041,89.0,1.0369203082350884
2026-05-25,2026-05-25 11:24:37,V041,90.0,0.9913100242705101
2026-05-25,2026-05-25 11:24:38,V041,90.0,1.0133407365536926
2026-05-25,2026-05-25 11:24:39,V041,90.0,1.013239283808822
2026-05-25,2026-05-25 11:24:40,V041,91.0,1.0578509974029033
2026-05-25,2026-05-25 11:24:41,V041,91.0,1.0163418088277227
2026-05-25,2026-05-25 11:24:42,V041,91.0,0.9935916957245967
2026-05-25,2026-05-25 11:24:43,V041,92.0,1.0118760275463736
2026-05-25,2026-05-25 11:24:44,V041,92.0,1.0497801603114918
2026-05-25,2026-05-25 11:24:45,V041,92.0,1.076140731137204
2026-05-25,2026-05-25 11:24:46,V041,93.0,1.0013687266568998
2026-05-25,2026-05-25 11:24:47,V041,93.0,1.0014545796895908
2026-05-25,2026-05-25 11:24:48,V041,93.0,1.0013763180006527
2026-05-25,2026-05-25 11:24:49,V041,93.0,1.047761464129375
2026-05-25,2026-05-25 11:24:50,V041,93.0,1.0372475889694046
2026-05-25,2026-05-25 11:24:51,V041,93.0,0.96868494398044
2026-05-25,2026-05-25 11:24:52,V041,93.0,1.0456749221434973
2026-05-25,2026-05-25 11:24:53,V041,93.0,1.0361800621417812
2026-05-25,2026-05-25 11:24:54,V041,92.0,0.9780137728604983
2026-05-25,2026-05-25 11:24:55,V041,92.0,1.0031977629006454
2026-05-25,2026-05-25 11:24:56,V041,92.0,1.0448387694125052
2026-05-25,2026-05-25 11:24:57,V041,91.0,0.9688682134685108
2026-05-25,2026-05-25 11:24:58,V041,91.0,0.9970185694433347
2026-05-25,2026-05-25 11:24:59,V041,90.0,1.038575300098019
2026-05-25,2026-05-25 11:25:00,V041,90.0,1.0720123935390382
2026-05-25,2026-05-25 11:25:01,V041,89.0,0.9769589855415172
2026-05-25,2026-05-25 11:25:02,V041,89.0,0.9964819398074233
2026-05-25,2026-05-25 11:25:03,V041,89.0,1.0379825998893148
2026-05-25,2026-05-25 11:25:04,V041,88.0,1.065440347054938
2026-05-25,2026-05-25 11:25:05,V041,88.0,1.0032462676204665
2026-05-25,2026-05-25 11:25:06,V041,88.0,0.9865631436663692
2026-05-25,2026-05-25 11:25:07,V041,88.0,1.0094790019690483
2026-05-25,2026-05-25 11:25:08,V041,88.0,1.0771696375440944
2026-05-25,2026-05-25 11:25:09,V041,88.0,1.0227450693485318
2026-05-25,2026-05-25 11:25:10,V041,88.0,0.9875201866917055
2026-05-25,2026-05-25 11:25:11,V041,88.0,0.9853051669163759
2026-05-25,2026-05-25 11:25:12,V041,89.0,1.0188511514627798
2026-05-25,2026-05-25 11:25:13,V041,89.0,1.061262919918728
2026-05-25,2026-05-25 11:25:14,V041,89.0,1.0533771661317781
2026-05-25,2026-05-25 11:25:15,V041,90.0,0.9993701864920265
2026-05-25,2026-05-25 11:25:16,V041,90.0,0.9759489364005383
2026-05-25,2026-05-25 11:25:17,V041,90.0,1.0187110601117106
2026-05-25,2026-05-25 11:25:18,V041,91.0,1.056286745716865
2026-05-25,2026-05-25 11:25:19,V041,91.0,1.0317435287559678
2026-05-25,2026-05-25 11:25:20,V041,91.0,0.9760152987646175
2026-05-25,2026-05-25 11:25:21,V041,92.0,1.0080895047377032
2026-05-25,2026-05-25 11:25:22,V041,92.0,1.0457794558113638
2026-05-25,2026-05-25 11:25:23,V041,93.0,1.0478836551881698
2026-05-25,2026-05-25 11:25:24,V041,93.0,0.9803558501833507
2026-05-25,2026-05-25 11:25:25,V041,93.0,1.000395662276911
2026-05-25,2026-05-25 11:25:26,V041,94.0,1.0371748139262498
2026-05-25,2026-05-25 11:25:27,V041,94.0,1.0780134438655826
2026-05-25,2026-05-25 11:25:28,V041,95.0,0.9850347706564888
2026-05-25,2026-05-25 11:25:29,V041,95.0,0.9803261284298987
2026-05-25,2026-05-25 11:25:30,V041,95.0,1.0256566036830117
2026-05-25,2026-05-25 11:25:31,V041,95.0,1.0585502085736753
2026-05-25,2026-05-25 11:25:32,V041,95.0,1.0436885140939454
2026-05-25,2026-05-25 11:25:33,V041,95.0,1.0113401502953656
2026-05-25,2026-05-25 11:25:34,V041,95.0,0.9912755249837357
2026-05-25,2026-05-25 11:25:35,V041,96.0,1.016477572196703
2026-05-25,2026-05-25 11:25:36,V041,96.0,1.0556325183547481
2026-05-25,2026-05-25 11:25:37,V041,96.0,1.0841288687556494
2026-05-25,2026-05-25 11:25:38,V041,96.0,1.0202360936239987
2026-05-25,2026-05-25 11:25:39,V041,96.0,1.0060642498415302
2026-05-25,2026-05-25 11:25:40,V041,96.0,0.9862496484504031
2026-05-25,2026-05-25 11:25:41,V041,96.0,1.0479736338402525
2026-05-25,2026-05-25 11:25:42,V041,95.0,1.0640016444186156
2026-05-25,2026-05-25 11:25:43,V041,95.0,0.9619272265671732
2026-05-25,2026-05-25 11:25:44,V041,94.0,1.0436571870967704
2026-05-25,2026-05-25 11:25:45,V041,94.0,1.0639595418518153
2026-05-25,2026-05-25 11:25:46,V041,93.0,1.0210341836914205
2026-05-25,2026-05-25 11:25:47,V041,93.0,0.9852009162252638
2026-05-25,2026-05-25 11:25:48,V041,92.0,1.0586008284852844
2026-05-25,2026-05-25 11:25:49,V041,92.0,1.0525598433900212
2026-05-25,2026-05-25 11:25:50,V041,91.0,1.0339365604803847
2026-05-25,2026-05-25 11:25:51,V041,91.0,1.009940653824579
2026-05-25,2026-05-25 11:25:52,V041,90.0,0.9907063628359166
2026-05-25,2026-05-25 11:25:53,V041,90.0,1.032001334090742
2026-05-25,2026-05-25 11:25:54,V041,90.0,1.0695300987871863
2026-05-25,2026-05-25 11:25:55,V041,89.0,1.0509396004562366
2026-05-25,2026-05-25 11:25:56,V041,89.0,0.986701117050496
2026-05-25,2026-05-25 11:25:57,V041,89.0,1.0036965544343186
2026-05-25,2026-05-25 11:25:58,V041,89.0,1.0477602168970939
2026-05-25,2026-05-25 11:25:59,V041,88.0,1.0743851502217128
2026-05-25,2026-05-25 11:26:00,V041,88.0,0.970690541025575
2026-05-25,2026-05-25 11:26:01,V041,88.0,1.0146504351074672
2026-05-25,2026-05-25 11:26:02,V041,88.0,1.0739247168774055
2026-05-25,2026-05-25 11:26:03,V041,88.0,1.021983290810459
2026-05-25,2026-05-25 11:26:04,V041,88.0,0.986816873550836
2026-05-25,2026-05-25 11:26:05,V041,88.0,1.0117300363668655
2026-05-25,2026-05-25 11:26:06,V041,88.0,1.0534507196929668
2026-05-25,2026-05-25 11:26:07,V041,88.0,1.0416065072870682
2026-05-25,2026-05-25 11:26:08,V041,88.0,0.9897345553569605
2026-05-25,2026-05-25 11:26:09,V041,88.0,1.0243118684345949
2026-05-25,2026-05-25 11:26:10,V041,88.0,1.0884672994515812
2026-05-25,2026-05-25 11:26:11,V041,88.0,0.9957665372221315
2026-05-25,2026-05-25 11:26:12,V041,88.0,0.9827026589305621
2026-05-25,2026-05-25 11:26:13,V041,88.0,1.0381606133573706
2026-05-25,2026-05-25 11:26:14,V041,88.0,1.0659120134336737
2026-05-25,2026-05-25 11:26:15,V041,87.0,0.9911902962083062
2026-05-25,2026-05-25 11:26:16,V041,87.0,1.0014884618369944
2026-05-25,2026-05-25 11:26:17,V041,88.0,0.9982830541223987
2026-05-25,2026-05-25 11:26:18,V041,88.0,1.0790176702782108
2026-05-25,2026-05-25 11:26:19,V041,88.0,1.0145776359492558
2026-05-25,2026-05-25 11:26:20,V041,88.0,0.9785151009851375
2026-05-25,2026-05-25 11:26:21,V041,88.0,1.0185652207915254
2026-05-25,2026-05-25 11:26:22,V041,88.0,1.0596396302454865
2026-05-25,2026-05-25 11:26:23,V041,88.0,1.0544153485080971
2026-05-25,2026-05-25 11:26:24,V041,88.0,0.9943546077200849
2026-05-25,2026-05-25 11:26:25,V041,88.0,0.9877733437185713
2026-05-25,2026-05-25 11:26:26,V041,89.0,1.0131826366649697
2026-05-25,2026-05-25 11:26:27,V041,89.0,1.074402504959956
2026-05-25,2026-05-25 11:26:28,V041,89.0,1.050345398980137
2026-05-25,2026-05-25 11:26:29,V041,90.0,0.9998166523903353
2026-05-25,2026-05-25 11:26:30,V041,90.0,0.9791799506022221
2026-05-25,2026-05-25 11:26:31,V041,90.0,1.0212269856083331
2026-05-25,2026-05-25 11:26:32,V041,91.0,1.064754279195628
2026-05-25,2026-05-25 11:26:33,V041,91.0,1.0164265060653732
2026-05-25,2026-05-25 11:26:34,V041,91.0,0.9779639720346684
2026-05-25,2026-05-25 11:26:35,V041,91.0,1.0106711282725198
2026-05-25,2026-05-25 11:26:36,V041,91.0,1.0730276499257962
2026-05-25,2026-05-25 11:26:37,V041,91.0,1.0190594533457178
2026-05-25,2026-05-25 11:26:38,V041,91.0,0.9726230294877776
2026-05-25,2026-05-25 11:26:39,V041,90.0,1.023099334683363
2026-05-25,2026-05-25 11:26:40,V041,90.0,1.0753291056323016
2026-05-25,2026-05-25 11:26:41,V041,90.0,1.002920949421722
2026-05-25,2026-05-25 11:26:42,V041,90.0,0.9775117323048208
2026-05-25,2026-05-25 11:26:43,V041,89.0,1.0375618782588159
2026-05-25,2026-05-25 11:26:44,V041,89.0,1.0668516338736451
2026-05-25,2026-05-25 11:26:45,V041,89.0,1.001656245927835
2026-05-25,2026-05-25 11:26:46,V041,89.0,0.9767952583449733
2026-05-25,2026-05-25 11:26:47,V041,89.0,1.0235848993310697
2026-05-25,2026-05-25 11:26:48,V041,89.0,1.0601871342733875
2026-05-25,2026-05-25 11:26:49,V041,88.0,1.0184699071822596
2026-05-25,2026-05-25 11:26:50,V041,88.0,0.9753565275103712
2026-05-25,2026-05-25 11:26:51,V041,88.0,1.01384050065918
2026-05-25,2026-05-25 11:26:52,V041,88.0,1.086296647536383
2026-05-25,2026-05-25 11:26:53,V041,88.0,0.9893215847854112
2026-05-25,2026-05-25 11:26:54,V041,88.0,0.9969315893607307
2026-05-25,2026-05-25 11:26:55,V041,88.0,1.077888699992408
2026-05-25,2026-05-25 11:26:56,V041,89.0,1.0248860413247067
2026-05-25,2026-05-25 11:26:57,V041,89.0,0.9802900833705471
2026-05-25,2026-05-25 11:26:58,V041,89.0,1.0370918151564035
2026-05-25,2026-05-25 11:26:59,V041,89.0,1.0607008258699695
2026-05-25,2026-05-25 11:27:00,V041,90.0,0.9851522753988695
2026-05-25,2026-05-25 11:27:01,V041,90.0,0.9917164237566288
2026-05-25,2026-05-25 11:27:02,V041,90.0,1.0199605250015138
2026-05-25,2026-05-25 11:27:03,V041,90.0,1.0639393736749572
2026-05-25,2026-05-25 11:27:04,V041,91.0,1.0024010864020294
2026-05-25,2026-05-25 11:27:05,V041,91.0,0.9820369201060264
2026-05-25,2026-05-25 11:27:06,V041,91.0,1.0441144391225756
2026-05-25,2026-05-25 11:27:07,V041,91.0,1.0587148737508645
2026-05-25,2026-05-25 11:27:08,V041,92.0,0.9800693301653473
2026-05-25,2026-05-25 11:27:09,V041,92.0,1.000463951290516
2026-05-25,2026-05-25 11:27:10,V041,93.0,1.0382083003276683
2026-05-25,2026-05-25 11:27:11,V041,94.0,1.0789812564073755
2026-05-25,2026-05-25 11:27:12,V041,94.0,1.0067755086060894
2026-05-25,2026-05-25 11:27:13,V041,94.0,0.9990910093927554
2026-05-25,2026-05-25 11:27:14,V041,94.0,1.0150911541906562
2026-05-25,2026-05-25 11:27:15,V041,94.0,1.0742348306681373
2026-05-25,2026-05-25 11:27:16,V041,94.0,1.0133588096119577
2026-05-25,2026-05-25 11:27:17,V041,94.0,0.9917197851251339
2026-05-25,2026-05-25 11:27:18,V041,94.0,1.0017884661240473
2026-05-25,2026-05-25 11:27:19,V041,94.0,1.0470413948355126
2026-05-25,2026-05-25 11:27:20,V041,93.0,1.063960473878214
2026-05-25,2026-05-25 11:27:21,V041,93.0,0.9994372422340378
2026-05-25,2026-05-25 11:27:22,V041,93.0,0.9851801048621145
2026-05-25,2026-05-25 11:27:23,V041,93.0,1.0315928994689678
2026-05-25,2026-05-25 11:27:24,V041,94.0,1.075018551244696
2026-05-25,2026-05-25 11:27:25,V041,94.0,0.9900448141897359
2026-05-25,2026-05-25 11:27:26,V041,94.0,0.9730018420619881
2026-05-25,2026-05-25 11:27:27,V041,94.0,1.0370700976088794
2026-05-25,2026-05-25 11:27:28,V041,94.0,1.0587778669010603
2026-05-25,2026-05-25 11:27:29,V041,94.0,0.9597959724511802
2026-05-25,2026-05-25 11:27:30,V041,94.0,1.024995060026813
2026-05-25,2026-05-25 11:27:31,V041,94.0,1.0338724242981259
2026-05-25,2026-05-25 11:27:32,V041,94.0,0.9696983401921201
2026-05-25,2026-05-25 11:27:33,V041,94.0,1.0410537085262719
2026-05-25,2026-05-25 11:27:34,V041,94.0,1.0241850974975222
2026-05-25,2026-05-25 11:27:35,V041,93.0,0.9810814523873511
2026-05-25,2026-05-25 11:27:36,V041,93.0,1.0240191674357866
2026-05-25,2026-05-25 11:27:37,V041,93.0,1.0434683783642777
2026-05-25,2026-05-25 11:27:38,V041,93.0,0.9915703737732654
2026-05-25,2026-05-25 11:27:39,V041,93.0,0.9941007424974037
2026-05-25,2026-05-25 11:27:40,V041,92.0,1.0649604801068886
2026-05-25,2026-05-25 11:27:41,V041,92.0,0.9785686379258748
2026-05-25,2026-05-25 11:27:42,V041,92.0,0.9835358840957743
2026-05-25,2026-05-25 11:27:43,V041,92.0,1.0552683011907071
2026-05-25,2026-05-25 11:27:44,V041,92.0,1.0108050928118613
2026-05-25,2026-05-25 11:27:45,V041,92.0,0.979786343449654
2026-05-25,2026-05-25 11:27:46,V041,92.0,1.027018297512425
2026-05-25,2026-05-25 11:27:47,V041,92.0,1.0416444416256119
2026-05-25,2026-05-25 11:27:48,V041,92.0,0.9584908596748475
2026-05-25,2026-05-25 11:27:49,V041,92.0,1.0166099568249325
2026-05-25,2026-05-25 11:27:50,V041,92.0,1.0783880182082457
2026-05-25,2026-05-25 11:27:51,V041,92.0,1.003636452998154
2026-05-25,2026-05-25 11:27:52,V041,92.0,0.9693383947901889
2026-05-25,2026-05-25 11:27:53,V041,92.0,1.0305479661358068
2026-05-25,2026-05-25 11:27:54,V041,93.0,1.0428268719608675
2026-05-25,2026-05-25 11:27:55,V041,93.0,0.9684050453842826
2026-05-25,2026-05-25 11:27:56,V041,93.0,1.0430444855883647
2026-05-25,2026-05-25 11:27:57,V041,93.0,1.012963966386149
2026-05-25,2026-05-25 11:27:58,V041,93.0,0.9788585996483303
2026-05-25,2026-05-25 11:27:59,V041,93.0,1.0554717663111652
2026-05-25,2026-05-25 11:28:00,V041,93.0,0.9651798482885591
2026-05-25,2026-05-25 11:28:01,V041,93.0,1.0491156909129074
2026-05-25,2026-05-25 11:28:02,V041,93.0,1.0401054275148507
2026-05-25,2026-05-25 11:28:03,V041,93.0,1.0551798324173414
2026-05-25,2026-05-25 11:28:04,V041,92.0,0.9767283081007571
2026-05-25,2026-05-25 11:28:05,V041,92.0,1.0306153506544786
2026-05-25,2026-05-25 11:28:06,V041,92.0,1.009200361494917
2026-05-25,2026-05-25 11:28:07,V041,92.0,1.0233886002002044
2026-05-25,2026-05-25 11:28:08,V041,91.0,1.0021036111033137
2026-05-25,2026-05-25 11:28:09,V041,91.0,0.9996310597726795
2026-05-25,2026-05-25 11:28:10,V041,91.0,1.0147928760390266
2026-05-25,2026-05-25 11:28:11,V041,91.0,1.0162921460171999
2026-05-25,2026-05-25 11:28:12,V041,91.0,1.007445233516151
2026-05-25,2026-05-25 11:28:13,V041,90.0,1.028921610653742
2026-05-25,2026-05-25 11:28:14,V041,90.0,1.014599427849967
2026-05-25,2026-05-25 11:28:15,V041,91.0,1.0056379141140277
2026-05-25,2026-05-25 11:28:16,V041,91.0,1.0203115022344953
2026-05-25,2026-05-25 11:28:17,V041,91.0,1.0035371181865633
2026-05-25,2026-05-25 11:28:18,V041,91.0,1.0169616687344838
2026-05-25,2026-05-25 11:28:19,V041,92.0,1.0136669303377916
2026-05-25,2026-05-25 11:28:20,V041,92.0,1.0162306422363387
2026-05-25,2026-05-25 11:28:21,V041,93.0,1.0099274364971582
2026-05-25,2026-05-25 11:28:22,V041,93.0,1.005169538114516
2026-05-25,2026-05-25 11:28:23,V041,94.0,1.0161283337719302
2026-05-25,2026-05-25 11:28:24,V041,94.0,1.008796649113649
2026-05-25,2026-05-25 11:28:25,V041,94.0,1.0064306261227518
2026-05-25,2026-05-25 11:28:26,V041,94.0,1.0034396670781054
2026-05-25,2026-05-25 11:28:27,V041,94.0,1.0167571109748266
2026-05-25,2026-05-25 11:28:28,V041,95.0,1.0125821338505099
2026-05-25,2026-05-25 11:28:29,V041,94.0,1.002769263905628
2026-05-25,2026-05-25 11:28:30,V041,94.0,1.011147716898587
2026-05-25,2026-05-25 11:28:31,V041,93.0,1.0095815446966552
2026-05-25,2026-05-25 11:28:32,V041,92.0,1.0078742060792794
2026-05-25,2026-05-25 11:28:33,V041,92.0,1.0371254447952714
2026-05-25,2026-05-25 11:28:34,V041,92.0,1.0017223486206672
2026-05-25,2026-05-25 11:28:35,V041,92.0,1.0165593031114903
2026-05-25,2026-05-25 11:28:36,V041,92.0,1.003845404232943
2026-05-25,2026-05-25 11:28:37,V041,92.0,1.0366187978498935
2026-05-25,2026-05-25 11:28:38,V041,92.0,0.9881970784977244
2026-05-25,2026-05-25 11:28:39,V041,92.0,0.9915378656196612
2026-05-25,2026-05-25 11:28:40,V041,92.0,1.0006562530955736
2026-05-25,2026-05-25 11:28:41,V041,91.0,1.0096025312176318
2026-05-25,2026-05-25 11:28:42,V041,91.0,1.0167075964866878
2026-05-25,2026-05-25 11:28:43,V041,90.0,1.011916782151908
2026-05-25,2026-05-25 11:28:44,V041,90.0,1.0039224989611863
2026-05-25,2026-05-25 11:28:45,V041,89.0,1.0104286837642908
2026-05-25,2026-05-25 11:28:46,V041,89.0,1.0092956129128094
2026-05-25,2026-05-25 11:28:47,V041,88.0,0.937636344802914
2026-05-25,2026-05-25 11:28:48,V041,88.0,1.2195617785712023
2026-05-25,2026-05-25 11:28:49,V041,87.0,0.9845893356283493
2026-05-25,2026-05-25 11:28:50,V041,87.0,1.029498697854488
2026-05-25,2026-05-25 11:28:51,V041,88.0,1.00148056769578
2026-05-25,2026-05-25 11:28:52,V041,89.0,1.0680688400781684
2026-05-25,2026-05-25 11:28:53,V041,90.0,1.0041357229739556
2026-05-25,2026-05-25 11:28:54,V041,90.0,0.9992902486557099
2026-05-25,2026-05-25 11:28:55,V041,92.0,1.0433590158558745
2026-05-25,2026-05-25 11:28:56,V041,93.0,1.103641955847809
2026-05-25,2026-05-25 11:28:57,V041,94.0,0.9425989624365139
2026-05-25,2026-05-25 11:28:58,V041,94.0,1.0425936084591403
2026-05-25,2026-05-25 11:28:59,V041,95.0,0.9937927926355988
2026-05-25,2026-05-25 11:29:00,V041,95.0,1.0223318247589124
2026-05-25,2026-05-25 11:29:01,V041,96.0,1.0463926005710305
2026-05-25,2026-05-25 11:29:02,V041,96.0,0.9973677188411104
2026-05-25,2026-05-25 11:29:03,V041,96.0,0.9939194458841835
2026-05-25,2026-05-25 11:29:04,V041,96.0,0.9921796162839489
2026-05-25,2026-05-25 11:29:05,V041,96.0,1.0429201134907737
2026-05-25,2026-05-25 11:29:06,V041,96.0,1.0053022262429574
2026-05-25,2026-05-25 11:29:07,V041,96.0,1.094016272518151
2026-05-25,2026-05-25 11:29:08,V041,96.0,1.0578413427793263
2026-05-25,2026-05-25 11:29:09,V041,96.0,0.9582235697535781
2026-05-25,2026-05-25 11:29:10,V041,96.0,1.0046860933548096
2026-05-25,2026-05-25 11:29:11,V041,97.0,1.057229514388781
2026-05-25,2026-05-25 11:29:12,V041,97.0,1.0660596014277361
2026-05-25,2026-05-25 11:29:13,V041,98.0,1.0763136551442163
2026-05-25,2026-05-25 11:29:14,V041,98.0,1.0832153262757986
2026-05-25,2026-05-25 11:29:15,V041,99.0,1.0635761841765075
2026-05-25,2026-05-25 11:29:16,V041,99.0,1.064914740781542
2026-05-25,2026-05-25 11:29:17,V041,99.0,1.0512896613309388
2026-05-25,2026-05-25 11:29:18,V041,99.0,0.9700294179795753
2026-05-25,2026-05-25 11:29:19,V041,99.0,0.9446490537722958
2026-05-25,2026-05-25 11:29:20,V041,99.0,1.0581767981445709
2026-05-25,2026-05-25 11:29:21,V041,99.0,0.9782167732950214
2026-05-25,2026-05-25 11:29:22,V041,99.0,1.0568721537759376
2026-05-25,2026-05-25 11:29:23,V041,98.0,1.0657567525172587
2026-05-25,2026-05-25 11:29:24,V041,98.0,1.0509291838307944
2026-05-25,2026-05-25 11:29:25,V041,97.0,0.9495163320012747
2026-05-25,2026-05-25 11:29:26,V041,97.0,0.9782833083726027
2026-05-25,2026-05-25 11:29:27,V041,96.0,0.9735983243229741
2026-05-25,2026-05-25 11:29:28,V041,96.0,1.0305357210609853
2026-05-25,2026-05-25 11:29:29,V041,96.0,0.9938998365737345
2026-05-25,2026-05-25 11:29:30,V041,95.0,0.9892997046034335
2026-05-25,2026-05-25 11:29:31,V041,96.0,0.9802204722445133
2026-05-25,2026-05-25 11:29:32,V041,96.0,0.9807493533005341
2026-05-25,2026-05-25 11:29:33,V041,97.0,0.9828902279003879
2026-05-25,2026-05-25 11:29:34,V041,97.0,0.984039146295556
2026-05-25,2026-05-25 11:29:35,V041,98.0,0.9808280883260565
2026-05-25,2026-05-25 11:29:36,V041,99.0,0.9814839845394502
2026-05-25,2026-05-25 11:29:37,V041,100.0,0.9810220082699125
2026-05-25,2026-05-25 11:29:38,V041,101.0,0.980828531565224
2026-05-25,2026-05-25 11:29:39,V041,101.0,0.9819440191276211
2026-05-25,2026-05-25 11:29:40,V041,100.0,0.9806941242632696
2026-05-25,2026-05-25 11:29:41,V041,100.0,0.9794073481056457
2026-05-25,2026-05-25 11:29:42,V041,99.0,0.9811747304416215
2026-05-25,2026-05-25 11:29:43,V041,99.0,0.9815840310876898
2026-05-25,2026-05-25 11:29:44,V041,98.0,0.979287915481457
2026-05-25,2026-05-25 11:29:45,V041,97.0,0.9894571019940421
2026-05-25,2026-05-25 11:29:46,V041,97.0,1.0064859145859961
2026-05-25,2026-05-25 11:29:47,V041,95.0,0.9854236963995687
2026-05-25,2026-05-25 11:29:48,V041,94.0,0.9845760583212818
2026-05-25,2026-05-25 11:29:49,V041,93.0,0.9861122853059892
2026-05-25,2026-05-25 11:29:50,V041,92.0,0.9865603243877491
2026-05-25,2026-05-25 11:29:51,V041,90.0,0.9854011498402504
2026-05-25,2026-05-25 11:29:52,V041,89.0,0.9860831898012293
2026-05-25,2026-05-25 11:29:53,V041,87.0,0.9849553486267705
2026-05-25,2026-05-25 11:29:54,V041,85.0,0.9883790210130394
2026-05-25,2026-05-25 11:29:55,V041,82.0,0.9888326812969076
2026-05-25,2026-05-25 11:29:56,V041,81.0,0.9888571385665726
2026-05-25,2026-05-25 11:29:57,V041,79.0,0.9901792949861216
2026-05-25,2026-05-25 11:29:58,V041,78.0,0.9846318754616797
2026-05-25,2026-05-25 11:29:59,V041,79.0,0.994734466674431
2026-05-25,2026-05-25 11:30:00,V041,80.0,0.9995704747549056
2026-05-25,2026-05-25 11:30:01,V041,81.0,1.0004730839761735
2026-05-25,2026-05-25 11:30:02,V041,82.0,0.9942549392218409
2026-05-25,2026-05-25 11:30:03,V041,83.0,0.9928597371328298
2026-05-25,2026-05-25 11:30:04,V041,84.0,0.9941289671755622
2026-05-25,2026-05-25 11:30:05,V041,86.0,0.9926245756573077
2026-05-25,2026-05-25 11:30:06,V041,86.0,0.9896318085299993
2026-05-25,2026-05-25 11:30:07,V041,87.0,0.9896050980912037
2026-05-25,2026-05-25 11:30:08,V041,87.0,0.9898132925513555
2026-05-25,2026-05-25 11:30:09,V041,88.0,0.9954898683720176
2026-05-25,2026-05-25 11:30:10,V041,88.0,0.9934366927572247
2026-05-25,2026-05-25 11:30:11,V041,89.0,0.9931380920844508
2026-05-25,2026-05-25 11:30:12,V041,89.0,0.9925849271636439
2026-05-25,2026-05-25 11:30:13,V041,89.0,0.9922115486634082
2026-05-25,2026-05-25 11:30:14,V041,89.0,0.9943803260468115
2026-05-25,2026-05-25 11:30:15,V041,89.0,0.9937553130306634
2026-05-25,2026-05-25 11:30:16,V041,89.0,0.994128317008206
2026-05-25,2026-05-25 11:30:17,V041,88.0,0.9993426577228075
2026-05-25,2026-05-25 11:30:18,V041,88.0,0.9991837962663394
2026-05-25,2026-05-25 11:30:19,V041,88.0,1.0020310169726012
2026-05-25,2026-05-25 11:30:20,V041,88.0,0.9955886826705971
2026-05-25,2026-05-25 11:30:21,V041,88.0,1.0073095580077998
2026-05-25,2026-05-25 11:30:22,V041,88.0,0.9995911509085688
2026-05-25,2026-05-25 11:30:23,V041,87.0,1.0032678614532382
2026-05-25,2026-05-25 11:30:24,V041,87.0,1.0018461730901826
2026-05-25,2026-05-25 11:30:25,V041,86.0,0.9998793247824671
2026-05-25,2026-05-25 11:30:26,V041,86.0,0.99257414888244
2026-05-25,2026-05-25 11:30:27,V041,85.0,1.0028849173502348
2026-05-25,2026-05-25 11:30:28,V041,84.0,0.9952339016280551
2026-05-25,2026-05-25 11:30:29,V041,83.0,1.0075102498182409
2026-05-25,2026-05-25 11:30:30,V041,83.0,0.9980749902637144
2026-05-25,2026-05-25 11:30:31,V041,82.0,0.9961633437482778
2026-05-25,2026-05-25 11:30:32,V041,82.0,1.0003494224588603
2026-05-25,2026-05-25 11:30:33,V041,82.0,0.9962270714023599
2026-05-25,2026-05-25 11:30:34,V041,81.0,0.9905030822889407
2026-05-25,2026-05-25 11:30:35,V041,82.0,1.0041853985138522
2026-05-25,2026-05-25 11:30:36,V041,82.0,0.99670002207462
2026-05-25,2026-05-25 11:30:37,V041,82.0,0.9997358836577508
2026-05-25,2026-05-25 11:30:38,V041,83.0,1.0008954528985579
2026-05-25,2026-05-25 11:30:39,V041,84.0,0.9973346507616885
2026-05-25,2026-05-25 11:30:40,V041,85.0,1.000154217356705
2026-05-25,2026-05-25 11:30:41,V041,85.0,1.0003414598630356
2026-05-25,2026-05-25 11:30:42,V041,86.0,1.0012449500624547
2026-05-25,2026-05-25 11:30:43,V041,86.0,0.9991524552782104
2026-05-25,2026-05-25 11:30:44,V041,85.0,0.996475766806917
2026-05-25,2026-05-25 11:30:45,V041,84.0,0.9970026074229386
2026-05-25,2026-05-25 11:30:46,V041,84.0,0.9974740632539473
2026-05-25,2026-05-25 11:30:47,V041,82.0,0.9971293692315106
2026-05-25,2026-05-25 11:30:48,V041,81.0,0.9975395232371974
2026-05-25,2026-05-25 11:30:49,V041,80.0,0.9986307241282477
2026-05-25,2026-05-25 11:30:50,V041,79.0,0.9978291990365971
2026-05-25,2026-05-25 11:30:51,V041,78.0,0.9961887693284468
2026-05-25,2026-05-25 11:30:52,V041,78.0,0.9958998380550289
2026-05-25,2026-05-25 11:30:53,V041,77.0,0.9958468820954826
2026-05-25,2026-05-25 11:30:54,V041,77.0,0.9964109166663564
2026-05-25,2026-05-25 11:30:55,V041,77.0,0.9963532228097817
2026-05-25,2026-05-25 11:30:56,V041,77.0,0.9955998645403265
2026-05-25,2026-05-25 11:30:57,V041,77.0,0.9954193949946104
2026-05-25,2026-05-25 11:30:58,V041,77.0,0.9954455328010898
2026-05-25,2026-05-25 11:30:59,V041,77.0,0.9945904992037682
2026-05-25,2026-05-25 11:31:00,V041,78.0,0.9950205651116183
2026-05-25,2026-05-25 11:31:01,V041,78.0,0.9952815966712609
2026-05-25,2026-05-25 11:31:02,V041,79.0,0.9965672520525438
2026-05-25,2026-05-25 11:31:03,V041,79.0,0.9945652834560595
2026-05-25,2026-05-25 11:31:04,V041,79.0,0.9953604585689682
2026-05-25,2026-05-25 11:31:05,V041,79.0,0.9956063594456757
2026-05-25,2026-05-25 11:31:06,V041,79.0,0.9899467872020238
2026-05-25,2026-05-25 11:31:07,V041,79.0,0.9931395595381839
2026-05-25,2026-05-25 11:31:08,V041,79.0,0.9932398171354372
2026-05-25,2026-05-25 11:31:09,V041,78.0,0.9936177416372208
2026-05-25,2026-05-25 11:31:10,V041,78.0,0.9947929987251468
2026-05-25,2026-05-25 11:31:11,V041,78.0,0.9940499512847825
2026-05-25,2026-05-25 11:31:12,V041,78.0,0.994203348269288
2026-05-25,2026-05-25 11:31:13,V041,78.0,0.992749959048538
2026-05-25,2026-05-25 11:31:14,V041,78.0,0.9947818587598591
2026-05-25,2026-05-25 11:31:15,V041,79.0,0.9957218941740724
2026-05-25,2026-05-25 11:31:16,V041,80.0,0.9956019627910472
2026-05-25,2026-05-25 11:31:17,V041,81.0,0.9955422975754645
2026-05-25,2026-05-25 11:31:18,V041,81.0,0.9956093379993161
2026-05-25,2026-05-25 11:31:19,V041,79.0,0.9961484876771737
2026-05-25,2026-05-25 11:31:20,V041,78.0,0.9965441736469176
2026-05-25,2026-05-25 11:31:21,V041,77.0,0.9959233367563077
2026-05-25,2026-05-25 11:31:22,V041,76.0,0.9947633615902689
2026-05-25,2026-05-25 11:31:23,V041,75.0,1.00929374247257
2026-05-25,2026-05-25 11:31:24,V041,75.0,0.9689401806936866
2026-05-25,2026-05-25 11:31:25,V041,75.0,0.9749144625330752
2026-05-25,2026-05-25 11:31:26,V041,76.0,0.9765109593232582
2026-05-25,2026-05-25 11:31:27,V041,77.0,0.9783480650690813
2026-05-25,2026-05-25 11:31:28,V041,78.0,0.9744545251595474
2026-05-25,2026-05-25 11:31:29,V041,78.0,0.9821473960131295
2026-05-25,2026-05-25 11:31:30,V041,79.0,0.9584945482530147
2026-05-25,2026-05-25 11:31:31,V041,79.0,1.0305881199595734
2026-05-25,2026-05-25 11:31:32,V041,79.0,1.010784809169564
2026-05-25,2026-05-25 11:31:33,V041,80.0,1.0154930300283709
2026-05-25,2026-05-25 11:31:34,V041,80.0,0.9978299184226995
2026-05-25,2026-05-25 11:31:35,V041,79.0,1.0030742575641503
2026-05-25,2026-05-25 11:31:36,V041,79.0,1.0047095854816828
2026-05-25,2026-05-25 11:31:37,V041,79.0,1.0028888269137977
2026-05-25,2026-05-25 11:31:38,V041,78.0,1.0008500064587884
2026-05-25,2026-05-25 11:31:39,V041,78.0,1.0057278855194571
2026-05-25,2026-05-25 11:31:40,V041,77.0,0.9922360007781992
2026-05-25,2026-05-25 11:31:41,V041,77.0,0.9961751370923915
2026-05-25,2026-05-25 11:31:42,V041,77.0,0.9973830046258956
2026-05-25,2026-05-25 11:31:43,V041,77.0,0.993898643751188
2026-05-25,2026-05-25 11:31:44,V041,77.0,0.991357078911301
2026-05-25,2026-05-25 11:31:45,V041,76.0,0.9604986626816097
2026-05-25,2026-05-25 11:31:46,V041,76.0,1.044659877744843
2026-05-25,2026-05-25 11:31:47,V041,75.0,1.0321792813769854
2026-05-25,2026-05-25 11:31:48,V041,75.0,1.0220815594146524
2026-05-25,2026-05-25 11:31:49,V041,74.0,1.0300793130241717
2026-05-25,2026-05-25 11:31:50,V041,73.0,1.034887598064971
2026-05-25,2026-05-25 11:31:51,V041,73.0,1.0176576505031731
2026-05-25,2026-05-25 11:31:52,V041,72.0,1.0291956733916263
2026-05-25,2026-05-25 11:31:53,V041,73.0,1.0192303812268222
2026-05-25,2026-05-25 11:31:54,V041,73.0,1.0247265737735824
2026-05-25,2026-05-25 11:31:55,V041,73.0,1.014571292193013
2026-05-25,2026-05-25 11:31:56,V041,74.0,1.0202127245028507
2026-05-25,2026-05-25 11:31:57,V041,74.0,1.0238769453373124
2026-05-25,2026-05-25 11:31:58,V041,74.0,1.0237503780672488
2026-05-25,2026-05-25 11:31:59,V041,74.0,1.0215308619127335
2026-05-25,2026-05-25 11:32:00,V041,75.0,1.0215062604655922
2026-05-25,2026-05-25 11:32:01,V041,76.0,1.0251695443476312
2026-05-25,2026-05-25 11:32:02,V041,76.0,1.0250877563218017
2026-05-25,2026-05-25 11:32:03,V041,78.0,1.021358717369172
2026-05-25,2026-05-25 11:32:04,V041,79.0,1.026166117570614
2026-05-25,2026-05-25 11:32:05,V041,81.0,1.0202105264729642
2026-05-25,2026-05-25 11:32:06,V041,82.0,1.0169721798117746
2026-05-25,2026-05-25 11:32:07,V041,82.0,1.025045767382649
2026-05-25,2026-05-25 11:32:08,V041,83.0,1.0217461760287883
2026-05-25,2026-05-25 11:32:09,V041,83.0,1.0242831508564396
2026-05-25,2026-05-25 11:32:10,V041,83.0,1.0270146424707105
2026-05-25,2026-05-25 11:32:11,V041,83.0,1.020070262793026
2026-05-25,2026-05-25 11:32:12,V041,83.0,1.0216178387639454
2026-05-25,2026-05-25 11:32:13,V041,83.0,1.019489610521495
2026-05-25,2026-05-25 11:32:14,V041,82.0,1.0204697437890369
2026-05-25,2026-05-25 11:32:15,V041,81.0,1.0194018233864937
2026-05-25,2026-05-25 11:32:16,V041,81.0,1.0176593212009222
2026-05-25,2026-05-25 11:32:17,V041,80.0,1.017763106548388
2026-05-25,2026-05-25 11:32:18,V041,79.0,1.0173830708788123
2026-05-25,2026-05-25 11:32:19,V041,79.0,1.0176102692187248
2026-05-25,2026-05-25 11:32:20,V041,79.0,1.017720311890252
2026-05-25,2026-05-25 11:32:21,V041,79.0,1.017249812481102
2026-05-25,2026-05-25 11:32:22,V041,80.0,1.0172778136915397
2026-05-25,2026-05-25 11:32:23,V041,80.0,1.0162174452819703
2026-05-25,2026-05-25 11:32:24,V041,81.0,1.0168261711645614
2026-05-25,2026-05-25 11:32:25,V041,81.0,1.0165291194295671
2026-05-25,2026-05-25 11:32:26,V041,81.0,1.017202320251642
2026-05-25,2026-05-25 11:32:27,V041,81.0,1.0158629316984222
2026-05-25,2026-05-25 11:32:28,V041,80.0,1.0160819343390988
2026-05-25,2026-05-25 11:32:29,V041,80.0,1.0171707664597625
2026-05-25,2026-05-25 11:32:30,V041,80.0,1.0167192533239038
2026-05-25,2026-05-25 11:32:31,V041,79.0,1.0162394699091493
2026-05-25,2026-05-25 11:32:32,V041,79.0,1.0169473153533979
2026-05-25,2026-05-25 11:32:33,V041,78.0,1.015869641570992
2026-05-25,2026-05-25 11:32:34,V041,78.0,1.0170129264268286
2026-05-25,2026-05-25 11:32:35,V041,79.0,1.0183316717379485
2026-05-25,2026-05-25 11:32:36,V041,79.0,1.0170428578587616
2026-05-25,2026-05-25 11:32:37,V041,80.0,1.0183246144151357
2026-05-25,2026-05-25 11:32:38,V041,80.0,1.017930255765552
2026-05-25,2026-05-25 11:32:39,V041,81.0,1.0068823244981981
2026-05-25,2026-05-25 11:32:40,V041,81.0,0.9961170189990468
2026-05-25,2026-05-25 11:32:41,V041,81.0,0.9948642042310085
2026-05-25,2026-05-25 11:32:42,V041,81.0,0.9939609172650911
2026-05-25,2026-05-25 11:32:43,V041,81.0,0.9933499822903619
2026-05-25,2026-05-25 11:32:44,V041,81.0,0.9939590518282642
2026-05-25,2026-05-25 11:32:45,V041,80.0,1.0001990839424242
2026-05-25,2026-05-25 11:32:46,V041,80.0,0.993703581174887
2026-05-25,2026-05-25 11:32:47,V041,81.0,0.9974918518890366
2026-05-25,2026-05-25 11:32:48,V041,81.0,0.9991237593457581
2026-05-25,2026-05-25 11:32:49,V041,83.0,1.000833876923195
2026-05-25,2026-05-25 11:32:50,V041,84.0,1.0016735119220332
2026-05-25,2026-05-25 11:32:51,V041,85.0,1.002310708574038
2026-05-25,2026-05-25 11:32:52,V041,86.0,1.0016031465288902
2026-05-25,2026-05-25 11:32:53,V041,88.0,1.0027359328745757
2026-05-25,2026-05-25 11:32:54,V041,89.0,1.0010345745957052
2026-05-25,2026-05-25 11:32:55,V041,90.0,0.9929285424922847
2026-05-25,2026-05-25 11:32:56,V041,91.0,0.997818907506606
2026-05-25,2026-05-25 11:32:57,V041,91.0,0.9918279878532098
2026-05-25,2026-05-25 11:32:58,V041,91.0,0.9965805107766679
2026-05-25,2026-05-25 11:32:59,V041,90.0,0.9957737629214398
2026-05-25,2026-05-25 11:33:00,V041,89.0,0.9956901076959078
2026-05-25,2026-05-25 11:33:01,V041,88.0,0.9959223796257457
2026-05-25,2026-05-25 11:33:02,V041,87.0,0.9962021890734337
2026-05-25,2026-05-25 11:33:03,V041,86.0,0.9974623976060046
2026-05-25,2026-05-25 11:33:04,V041,86.0,1.0088355188915445
2026-05-25,2026-05-25 11:33:05,V041,85.0,0.9736155080877966
2026-05-25,2026-05-25 11:33:06,V041,85.0,1.1528880130848727
2026-05-25,2026-05-25 11:33:07,V041,85.0,0.990579294280166
2026-05-25,2026-05-25 11:33:08,V041,85.0,1.03755528449983
2026-05-25,2026-05-25 11:33:09,V041,84.0,0.9774175431067396
2026-05-25,2026-05-25 11:33:10,V041,84.0,0.9810170819925629
2026-05-25,2026-05-25 11:33:11,V041,82.0,0.9803300646455547
2026-05-25,2026-05-25 11:33:12,V041,81.0,0.9785291694867345
2026-05-25,2026-05-25 11:33:13,V041,81.0,0.9763818235710588
2026-05-25,2026-05-25 11:33:14,V041,81.0,0.9709766063097469
2026-05-25,2026-05-25 11:33:15,V041,81.0,0.967932649969603
2026-05-25,2026-05-25 11:33:16,V041,82.0,0.9681969527546276
2026-05-25,2026-05-25 11:33:17,V041,83.0,0.9680227981163306
2026-05-25,2026-05-25 11:33:18,V041,85.0,0.9699010494651692
2026-05-25,2026-05-25 11:33:19,V041,84.0,0.9619173157736084
2026-05-25,2026-05-25 11:33:20,V041,84.0,0.9607338565046881
2026-05-25,2026-05-25 11:33:21,V041,84.0,0.9583568286637631
2026-05-25,2026-05-25 11:33:22,V041,85.0,0.9561205127763196
2026-05-25,2026-05-25 11:33:23,V041,85.0,0.960375466799747
2026-05-25,2026-05-25 11:33:24,V041,85.0,0.9778203482992287
2026-05-25,2026-05-25 11:33:25,V041,85.0,0.9642785629800124
2026-05-25,2026-05-25 11:33:26,V041,86.0,0.9594035827121382
2026-05-25,2026-05-25 11:33:27,V041,86.0,0.9588759086131652
2026-05-25,2026-05-25 11:33:28,V041,87.0,0.9579020768844028
2026-05-25,2026-05-25 11:33:29,V041,87.0,0.958077222775316
2026-05-25,2026-05-25 11:33:30,V041,87.0,0.9576163657625694
2026-05-25,2026-05-25 11:33:31,V041,87.0,0.9579689178792735
2026-05-25,2026-05-25 11:33:32,V041,86.0,0.9564257104892664
2026-05-25,2026-05-25 11:33:33,V041,86.0,0.9574070641067602
2026-05-25,2026-05-25 11:33:34,V041,85.0,0.9570254307772944
2026-05-25,2026-05-25 11:33:35,V041,85.0,0.9573777667135339
2026-05-25,2026-05-25 11:33:36,V041,84.0,0.9575400531394814
2026-05-25,2026-05-25 11:33:37,V041,84.0,0.9574417200459616
2026-05-25,2026-05-25 11:33:38,V041,84.0,0.9573491360032957
2026-05-25,2026-05-25 11:33:39,V041,83.0,0.9581020176629048
2026-05-25,2026-05-25 11:33:40,V041,83.0,0.9578091785523005
2026-05-25,2026-05-25 11:33:41,V041,82.0,0.9573932564382127
2026-05-25,2026-05-25 11:33:42,V041,81.0,0.9576900286470281
2026-05-25,2026-05-25 11:33:43,V041,81.0,0.9581979515573016
2026-05-25,2026-05-25 11:33:44,V041,80.0,0.9573319335859035
2026-05-25,2026-05-25 11:33:45,V041,79.0,0.9569716831919851
2026-05-25,2026-05-25 11:33:46,V041,78.0,0.9573869955738974
2026-05-25,2026-05-25 11:33:47,V041,77.0,0.9572715798329688
2026-05-25,2026-05-25 11:33:48,V041,76.0,0.9572611209626236
2026-05-25,2026-05-25 11:33:49,V041,75.0,0.9573384416692945
2026-05-25,2026-05-25 11:33:50,V041,74.0,0.957295047862961
2026-05-25,2026-05-25 11:33:51,V041,73.0,0.9575579396045941
2026-05-25,2026-05-25 11:33:52,V041,73.0,0.957715204895612
2026-05-25,2026-05-25 11:33:53,V041,74.0,0.9573344739594394
2026-05-25,2026-05-25 11:33:54,V041,74.0,0.9570953654677391
2026-05-25,2026-05-25 11:33:55,V041,74.0,0.9570014253404773
2026-05-25,2026-05-25 11:33:56,V041,73.0,0.9573307853341053
2026-05-25,2026-05-25 11:33:57,V041,73.0,0.9567654373702078
2026-05-25,2026-05-25 11:33:58,V041,72.0,0.9574554847991859
2026-05-25,2026-05-25 11:33:59,V041,73.0,0.9578850867519059
2026-05-25,2026-05-25 11:34:00,V041,74.0,0.9576450905787903
2026-05-25,2026-05-25 11:34:01,V041,75.0,0.9577045900638809
2026-05-25,2026-05-25 11:34:02,V041,76.0,0.9575390756659512
2026-05-25,2026-05-25 11:34:03,V041,75.0,0.9576533936952377
2026-05-25,2026-05-25 11:34:04,V041,74.0,0.9573379085206418
2026-05-25,2026-05-25 11:34:05,V041,73.0,0.9580351213223106
2026-05-25,2026-05-25 11:34:06,V041,72.0,0.9576549894154739
2026-05-25,2026-05-25 11:34:07,V041,73.0,0.957321346105792
2026-05-25,2026-05-25 11:34:08,V041,74.0,0.9570090559750001
2026-05-25,2026-05-25 11:34:09,V041,75.0,0.9576823630910475
2026-05-25,2026-05-25 11:34:10,V041,76.0,0.9581086822694764
2026-05-25,2026-05-25 11:34:11,V041,76.0,0.957213437251232
2026-05-25,2026-05-25 11:34:12,V041,76.0,0.9573878675697782
2026-05-25,2026-05-25 11:34:13,V041,75.0,0.9630688033476262
2026-05-25,2026-05-25 11:34:14,V041,74.0,0.9703571118587166
2026-05-25,2026-05-25 11:34:15,V041,74.0,0.9681559956794678
2026-05-25,2026-05-25 11:34:16,V041,75.0,0.9664504424546639
2026-05-25,2026-05-25 11:34:17,V041,76.0,0.9666453995901751
2026-05-25,2026-05-25 11:34:18,V041,77.0,0.9674239804280891
2026-05-25,2026-05-25 11:34:19,V041,76.0,0.9666431958240397
2026-05-25,2026-05-25 11:34:20,V041,75.0,0.9659752774414134
2026-05-25,2026-05-25 11:34:21,V041,74.0,0.9652895359352669
2026-05-25,2026-05-25 11:34:22,V041,72.0,0.9635768770533238
2026-05-25,2026-05-25 11:34:23,V041,72.0,0.9642157389612918
2026-05-25,2026-05-25 11:34:24,V041,72.0,0.9645155853845512
2026-05-25,2026-05-25 11:34:25,V041,73.0,0.9644660910133167
2026-05-25,2026-05-25 11:34:26,V041,74.0,0.9644405533600917
2026-05-25,2026-05-25 11:34:27,V041,74.0,0.963981480864374
2026-05-25,2026-05-25 11:34:28,V041,75.0,0.9639194701697716
2026-05-25,2026-05-25 11:34:29,V041,75.0,0.9634678723092805
2026-05-25,2026-05-25 11:34:30,V041,76.0,0.9638610886360188
2026-05-25,2026-05-25 11:34:31,V041,76.0,0.9635396304712348
2026-05-25,2026-05-25 11:34:32,V041,77.0,0.9635102220091537
2026-05-25,2026-05-25 11:34:33,V041,78.0,0.9631427221970302
2026-05-25,2026-05-25 11:34:34,V041,78.0,0.9643121934997827
2026-05-25,2026-05-25 11:34:35,V041,77.0,0.9633014458436876
2026-05-25,2026-05-25 11:34:36,V041,76.0,0.9638749554815964
2026-05-25,2026-05-25 11:34:37,V041,75.0,0.9632333243052427
2026-05-25,2026-05-25 11:34:38,V041,75.0,0.9633934486662211
2026-05-25,2026-05-25 11:34:39,V041,75.0,0.9631115084577186
2026-05-25,2026-05-25 11:34:40,V041,75.0,0.9640962965544332
2026-05-25,2026-05-25 11:34:41,V041,74.0,0.9636170477914572
2026-05-25,2026-05-25 11:34:42,V041,73.0,0.9630842157002977
2026-05-25,2026-05-25 11:34:43,V041,72.0,0.9631918146788991
2026-05-25,2026-05-25 11:34:44,V041,71.0,0.9635586711543145
2026-05-25,2026-05-25 11:34:45,V041,72.0,0.9635947703443871
2026-05-25,2026-05-25 11:34:46,V041,73.0,0.9632804395682789
2026-05-25,2026-05-25 11:34:47,V041,74.0,0.9628695932784941
2026-05-25,2026-05-25 11:34:48,V041,74.0,0.9627923327164842
2026-05-25,2026-05-25 11:34:49,V041,74.0,0.9637006315229891
2026-05-25,2026-05-25 11:34:50,V041,73.0,0.9637536251433214
2026-05-25,2026-05-25 11:34:51,V041,73.0,0.9627321895595095
2026-05-25,2026-05-25 11:34:52,V041,73.0,0.9638079326502624
2026-05-25,2026-05-25 11:34:53,V041,74.0,0.9629304186502416
2026-05-25,2026-05-25 11:34:54,V041,74.0,0.9637432774646824
2026-05-25,2026-05-25 11:34:55,V041,74.0,0.963329476627764
2026-05-25,2026-05-25 11:34:56,V041,74.0,0.9630498675893253
2026-05-25,2026-05-25 11:34:57,V041,74.0,0.9628583340026421
2026-05-25,2026-05-25 11:34:58,V041,75.0,0.9630128227726155
2026-05-25,2026-05-25 11:34:59,V041,75.0,0.963055961232393
2026-05-25,2026-05-25 11:35:00,V041,75.0,0.962206258131958
2026-05-25,2026-05-25 11:35:01,V041,76.0,0.9628618778922051
2026-05-25,2026-05-25 11:35:02,V041,76.0,0.9630486005780534
2026-05-25,2026-05-25 11:35:03,V041,75.0,0.9622533312886763
2026-05-25,2026-05-25 11:35:04,V041,75.0,0.9615413386191795
2026-05-25,2026-05-25 11:35:05,V041,74.0,0.9611411926608352
2026-05-25,2026-05-25 11:35:06,V041,73.0,0.960396929882044
2026-05-25,2026-05-25 11:35:07,V041,72.0,0.9636789185510362
2026-05-25,2026-05-25 11:35:08,V041,71.0,0.9626468811826273
2026-05-25,2026-05-25 11:35:09,V041,70.0,0.9629537958715115
2026-05-25,2026-05-25 11:35:10,V041,70.0,0.963175634436916
2026-05-25,2026-05-25 11:35:11,V041,69.0,0.9630565370715465
2026-05-25,2026-05-25 11:35:12,V041,69.0,0.9638934765884127
2026-05-25,2026-05-25 11:35:13,V041,69.0,0.963034624055273
2026-05-25,2026-05-25 11:35:14,V041,68.0,0.9625290206180946
2026-05-25,2026-05-25 11:35:15,V041,69.0,0.9633512732560762
2026-05-25,2026-05-25 11:35:16,V041,69.0,0.9629652776310427
2026-05-25,2026-05-25 11:35:17,V041,70.0,0.9631999292650366
2026-05-25,2026-05-25 11:35:18,V041,70.0,0.9631999424966385
2026-05-25,2026-05-25 11:35:19,V041,71.0,0.962799121820246
2026-05-25,2026-05-25 11:35:20,V041,71.0,0.9634803360799501
2026-05-25,2026-05-25 11:35:21,V041,72.0,0.9630401858627772
2026-05-25,2026-05-25 11:35:22,V041,73.0,0.9625079282481163
2026-05-25,2026-05-25 11:35:23,V041,73.0,0.9626947941766988
2026-05-25,2026-05-25 11:35:24,V041,73.0,0.9627647832566163
2026-05-25,2026-05-25 11:35:25,V041,72.0,0.963062621937585
2026-05-25,2026-05-25 11:35:26,V041,72.0,0.9624877024429586
2026-05-25,2026-05-25 11:35:27,V041,72.0,0.9631004355665943
2026-05-25,2026-05-25 11:35:28,V041,72.0,0.9627254395601758
2026-05-25,2026-05-25 11:35:29,V041,72.0,0.9637506408273839
2026-05-25,2026-05-25 11:35:30,V041,73.0,0.9633268154092371
2026-05-25,2026-05-25 11:35:31,V041,72.0,0.9633045345708451
2026-05-25,2026-05-25 11:35:32,V041,72.0,0.9626099493497666
2026-05-25,2026-05-25 11:35:33,V041,72.0,0.9626956714715633
2026-05-25,2026-05-25 11:35:34,V041,72.0,0.9631283674228688
2026-05-25,2026-05-25 11:35:35,V041,72.0,0.962792357620126
2026-05-25,2026-05-25 11:35:36,V041,73.0,0.9628167932655953
2026-05-25,2026-05-25 11:35:37,V041,73.0,0.9629966385921364
2026-05-25,2026-05-25 11:35:38,V041,73.0,0.9626287987335871
2026-05-25,2026-05-25 11:35:39,V041,73.0,0.9626192867218987
2026-05-25,2026-05-25 11:35:40,V041,73.0,0.9630858427061779
2026-05-25,2026-05-25 11:35:41,V041,74.0,0.9630370711440691
2026-05-25,2026-05-25 11:35:42,V041,74.0,0.9631149358808426
2026-05-25,2026-05-25 11:35:43,V041,75.0,0.9605934047084772
2026-05-25,2026-05-25 11:35:44,V041,75.0,0.9612829237734608
2026-05-25,2026-05-25 11:35:45,V041,75.0,0.9612612345659999
2026-05-25,2026-05-25 11:35:46,V041,74.0,0.9578234908313061
2026-05-25,2026-05-25 11:35:47,V041,73.0,0.9592394535601707
2026-05-25,2026-05-25 11:35:48,V041,72.0,0.9595276529477007
2026-05-25,2026-05-25 11:35:49,V041,71.0,0.9596474133925549
2026-05-25,2026-05-25 11:35:50,V041,71.0,0.9598617447397885
2026-05-25,2026-05-25 11:35:51,V041,70.0,0.9596192553711667
2026-05-25,2026-05-25 11:35:52,V041,70.0,0.958876822454702
2026-05-25,2026-05-25 11:35:53,V041,70.0,0.9596702167006897
2026-05-25,2026-05-25 11:35:54,V041,70.0,0.9597833569990679
2026-05-25,2026-05-25 11:35:55,V041,70.0,0.9602556108225042
2026-05-25,2026-05-25 11:35:56,V041,70.0,0.9596283607362253
2026-05-25,2026-05-25 11:35:57,V041,71.0,0.957898845095732
2026-05-25,2026-05-25 11:35:58,V041,71.0,0.9602476893815077
2026-05-25,2026-05-25 11:35:59,V041,72.0,0.9604105645638606
2026-05-25,2026-05-25 11:36:00,V041,73.0,0.9594822733191317
2026-05-25,2026-05-25 11:36:01,V041,72.0,0.9587168199698697
2026-05-25,2026-05-25 11:36:02,V041,71.0,0.9594263867677946
2026-05-25,2026-05-25 11:36:03,V041,71.0,1.0073489325060248
2026-05-25,2026-05-25 11:36:04,V041,71.0,1.0595564613665993
2026-05-25,2026-05-25 11:36:05,V041,72.0,1.0454053754888448
2026-05-25,2026-05-25 11:36:06,V041,72.0,0.9693235831205629
2026-05-25,2026-05-25 11:36:07,V041,72.0,0.9100956188758526
2026-05-25,2026-05-25 11:36:08,V041,71.0,0.9065893297679974
2026-05-25,2026-05-25 11:36:09,V041,71.0,0.933339880564184
2026-05-25,2026-05-25 11:36:10,V041,71.0,0.9283343069659449
2026-05-25,2026-05-25 11:36:11,V041,71.0,0.9106359831130572
2026-05-25,2026-05-25 11:36:12,V041,71.0,0.9185119372051308
2026-05-25,2026-05-25 11:36:13,V041,71.0,0.9183148045867887
2026-05-25,2026-05-25 11:36:14,V041,70.0,0.9181201592459174
2026-05-25,2026-05-25 11:36:15,V041,69.0,0.9188760341071128
2026-05-25,2026-05-25 11:36:16,V041,69.0,0.9185369149137627
2026-05-25,2026-05-25 11:36:17,V041,68.0,0.9180260648764049
2026-05-25,2026-05-25 11:36:18,V041,68.0,0.9180618738713524
2026-05-25,2026-05-25 11:36:19,V041,67.0,0.9175129376614135
2026-05-25,2026-05-25 11:36:20,V041,67.0,0.9174790641541796
2026-05-25,2026-05-25 11:36:21,V041,68.0,0.9182017974120332
2026-05-25,2026-05-25 11:36:22,V041,69.0,0.9177046555419175
2026-05-25,2026-05-25 11:36:23,V041,70.0,0.9180607567597566
2026-05-25,2026-05-25 11:36:24,V041,70.0,0.9181709519317953
2026-05-25,2026-05-25 11:36:25,V041,70.0,0.9180069577669057
2026-05-25,2026-05-25 11:36:26,V041,69.0,0.9179488165264283
2026-05-25,2026-05-25 11:36:27,V041,69.0,0.917622225886831
2026-05-25,2026-05-25 11:36:28,V041,69.0,0.9179185277619335
2026-05-25,2026-05-25 11:36:29,V041,70.0,0.9176215153660654
2026-05-25,2026-05-25 11:36:30,V041,70.0,0.9179756425973847
2026-05-25,2026-05-25 11:36:31,V041,70.0,0.9187389605498676
2026-05-25,2026-05-25 11:36:32,V041,70.0,0.9171515373058332
2026-05-25,2026-05-25 11:36:33,V041,70.0,0.9183973009267716
2026-05-25,2026-05-25 11:36:34,V041,70.0,0.9178656492235207
2026-05-25,2026-05-25 11:36:35,V041,69.0,0.917886311240794
2026-05-25,2026-05-25 11:36:36,V041,69.0,0.9173770588118256
2026-05-25,2026-05-25 11:36:37,V041,68.0,0.9179453492248266
2026-05-25,2026-05-25 11:36:38,V041,68.0,0.9174079968858001
2026-05-25,2026-05-25 11:36:39,V041,67.0,0.91757572597985
2026-05-25,2026-05-25 11:36:40,V041,66.0,0.9175192321226123
2026-05-25,2026-05-25 11:36:41,V041,65.0,0.918160578173132
2026-05-25,2026-05-25 11:36:42,V041,64.0,0.9178414328361922
2026-05-25,2026-05-25 11:36:43,V041,64.0,0.9177285534562978
2026-05-25,2026-05-25 11:36:44,V041,63.0,0.9175970429732755
2026-05-25,2026-05-25 11:36:45,V041,63.0,0.9175353992994777
2026-05-25,2026-05-25 11:36:46,V041,63.0,0.9179563397647569
2026-05-25,2026-05-25 11:36:47,V041,63.0,0.9179652776096607
2026-05-25,2026-05-25 11:36:48,V041,62.0,0.9177960024250745
2026-05-25,2026-05-25 11:36:49,V041,62.0,0.9173275820471658
2026-05-25,2026-05-25 11:36:50,V041,61.0,0.9177626837728085
2026-05-25,2026-05-25 11:36:51,V041,61.0,0.9174387809988508
2026-05-25,2026-05-25 11:36:52,V041,61.0,0.9174511939950212
2026-05-25,2026-05-25 11:36:53,V041,61.0,0.9178579721915845
2026-05-25,2026-05-25 11:36:54,V041,61.0,0.917766115498656
2026-05-25,2026-05-25 11:36:55,V041,60.0,0.9171629902057128
2026-05-25,2026-05-25 11:36:56,V041,59.0,0.918244745306595
2026-05-25,2026-05-25 11:36:57,V041,58.0,0.9177845133787066
2026-05-25,2026-05-25 11:36:58,V041,58.0,0.917993235312893
2026-05-25,2026-05-25 11:36:59,V041,58.0,0.9175729711732062
2026-05-25,2026-05-25 11:37:00,V041,59.0,0.9175359689362442
2026-05-25,2026-05-25 11:37:01,V041,60.0,0.9178875317047468
2026-05-25,2026-05-25 11:37:02,V041,60.0,0.9174919226190875
2026-05-25,2026-05-25 11:37:03,V041,60.0,0.9174463028642379
2026-05-25,2026-05-25 11:37:04,V041,60.0,0.9178321253514652
2026-05-25,2026-05-25 11:37:05,V041,60.0,0.9176774173710199
2026-05-25,2026-05-25 11:37:06,V041,60.0,0.9176241254488687
2026-05-25,2026-05-25 11:37:07,V041,60.0,0.9182035132913203
2026-05-25,2026-05-25 11:37:08,V041,60.0,0.9181607648366668
2026-05-25,2026-05-25 11:37:09,V041,60.0,0.918140920015448
2026-05-25,2026-05-25 11:37:10,V041,60.0,0.9178515403125805
2026-05-25,2026-05-25 11:37:11,V041,60.0,0.9171577785301157
2026-05-25,2026-05-25 11:37:12,V041,60.0,0.9179022920756491
2026-05-25,2026-05-25 11:37:13,V041,60.0,0.9177335391985301
2026-05-25,2026-05-25 11:37:14,V041,60.0,0.9175963507419752
2026-05-25,2026-05-25 11:37:15,V041,59.0,0.9179813215986362
2026-05-25,2026-05-25 11:37:16,V041,59.0,0.9181488707443298
2026-05-25,2026-05-25 11:37:17,V041,59.0,0.9180287472340333
2026-05-25,2026-05-25 11:37:18,V041,59.0,0.9179657905150092
2026-05-25,2026-05-25 11:37:19,V041,58.0,0.9177772732821506
2026-05-25,2026-05-25 11:37:20,V041,58.0,0.9178783634684605
2026-05-25,2026-05-25 11:37:21,V041,58.0,0.9178374968504546
2026-05-25,2026-05-25 11:37:22,V041,58.0,0.9176397776006238
2026-05-25,2026-05-25 11:37:23,V041,57.0,0.9179833919158451
2026-05-25,2026-05-25 11:37:24,V041,57.0,0.9181438908561711
2026-05-25,2026-05-25 11:37:25,V041,57.0,0.9181351660703301
2026-05-25,2026-05-25 11:37:26,V041,57.0,0.9180183478428365
2026-05-25,2026-05-25 11:37:27,V041,57.0,0.9178872813911304
2026-05-25,2026-05-25 11:37:28,V041,57.0,0.9178375609537428
2026-05-25,2026-05-25 11:37:29,V041,57.0,0.9175775709360747
2026-05-25,2026-05-25 11:37:30,V041,57.0,0.9178260119362813
2026-05-25,2026-05-25 11:37:31,V041,58.0,0.9176001305104571
2026-05-25,2026-05-25 11:37:32,V041,58.0,0.9179839349512373
2026-05-25,2026-05-25 11:37:33,V041,58.0,0.918250578801611
2026-05-25,2026-05-25 11:37:34,V041,59.0,0.9176138540498917
2026-05-25,2026-05-25 11:37:35,V041,58.0,0.9182225098742426
2026-05-25,2026-05-25 11:37:36,V041,58.0,0.9178710795880856
2026-05-25,2026-05-25 11:37:37,V041,58.0,0.9184982983313557
2026-05-25,2026-05-25 11:37:38,V041,58.0,0.917603140775139
2026-05-25,2026-05-25 11:37:39,V041,58.0,0.9184103305462659
2026-05-25,2026-05-25 11:37:40,V041,58.0,0.9180071461419907
2026-05-25,2026-05-25 11:37:41,V041,59.0,0.9182154083595996
2026-05-25,2026-05-25 11:37:42,V041,59.0,0.9180562544648543
2026-05-25,2026-05-25 11:37:43,V041,60.0,0.9180296377229162
2026-05-25,2026-05-25 11:37:44,V041,60.0,0.9176654105152132
2026-05-25,2026-05-25 11:37:45,V041,60.0,0.917820434790118
2026-05-25,2026-05-25 11:37:46,V041,61.0,0.9179842110498264
2026-05-25,2026-05-25 11:37:47,V041,60.0,0.917750414656001
2026-05-25,2026-05-25 11:37:48,V041,60.0,0.9178048072231172
2026-05-25,2026-05-25 11:37:49,V041,59.0,0.9176223949615749
2026-05-25,2026-05-25 11:37:50,V041,58.0,0.9184808062528588
2026-05-25,2026-05-25 11:37:51,V041,58.0,0.917844499146367
2026-05-25,2026-05-25 11:37:52,V041,58.0,0.9181098070725783
2026-05-25,2026-05-25 11:37:53,V041,58.0,0.9178721714713991
2026-05-25,2026-05-25 11:37:54,V041,58.0,0.9177573431912734
2026-05-25,2026-05-25 11:37:55,V041,58.0,0.9183517702046016
2026-05-25,2026-05-25 11:37:56,V041,58.0,0.9178256735669551
2026-05-25,2026-05-25 11:37:57,V041,58.0,0.9179292172367643
2026-05-25,2026-05-25 11:37:58,V041,59.0,0.918084887367212
2026-05-25,2026-05-25 11:37:59,V041,59.0,0.9182644370100121
2026-05-25,2026-05-25 11:38:00,V041,59.0,0.9177852284731357
2026-05-25,2026-05-25 11:38:01,V041,59.0,0.9184771559318669
2026-05-25,2026-05-25 11:38:02,V041,60.0,0.9176867556965282
2026-05-25,2026-05-25 11:38:03,V041,61.0,0.9175451010197722
2026-05-25,2026-05-25 11:38:04,V041,61.0,0.9186817800881287
2026-05-25,2026-05-25 11:38:05,V041,61.0,0.9179166512360758
2026-05-25,2026-05-25 11:38:06,V041,61.0,0.9182396173368816
2026-05-25,2026-05-25 11:38:07,V041,61.0,0.9175337312142388
2026-05-25,2026-05-25 11:38:08,V041,62.0,0.91730394833502
2026-05-25,2026-05-25 11:38:09,V041,62.0,0.9172961854988997
2026-05-25,2026-05-25 11:38:10,V041,62.0,0.9176597683279009
2026-05-25,2026-05-25 11:38:11,V041,62.0,0.9178945223562976
2026-05-25,2026-05-25 11:38:12,V041,62.0,0.9180006242525255
2026-05-25,2026-05-25 11:38:13,V041,62.0,0.9180262353895342
2026-05-25,2026-05-25 11:38:14,V041,62.0,0.9182280123570756
2026-05-25,2026-05-25 11:38:15,V041,62.0,0.9178350154456563
2026-05-25,2026-05-25 11:38:16,V041,61.0,0.9178526623267684
2026-05-25,2026-05-25 11:38:17,V041,61.0,0.9185848905750466
2026-05-25,2026-05-25 11:38:18,V041,61.0,0.9178537909711487
2026-05-25,2026-05-25 11:38:19,V041,61.0,0.9179393772590652
2026-05-25,2026-05-25 11:38:20,V041,61.0,0.9176596413055957
2026-05-25,2026-05-25 11:38:21,V041,61.0,0.9183331843404715
2026-05-25,2026-05-25 11:38:22,V041,60.0,0.9183968209416338
2026-05-25,2026-05-25 11:38:23,V041,60.0,0.9173620784481683
2026-05-25,2026-05-25 11:38:24,V041,60.0,0.9180213279634588
2026-05-25,2026-05-25 11:38:25,V041,60.0,0.9179024841738076
2026-05-25,2026-05-25 11:38:26,V041,60.0,0.9180513862471459
2026-05-25,2026-05-25 11:38:27,V041,60.0,0.9178280468606951
2026-05-25,2026-05-25 11:38:28,V041,60.0,0.9178394487990295
2026-05-25,2026-05-25 11:38:29,V041,60.0,0.917643038941233
2026-05-25,2026-05-25 11:38:30,V041,60.0,0.9176933432158482
2026-05-25,2026-05-25 11:38:31,V041,60.0,0.9180859156667185
2026-05-25,2026-05-25 11:38:32,V041,60.0,0.9177375268286039
2026-05-25,2026-05-25 11:38:33,V041,59.0,0.9178733825205009
2026-05-25,2026-05-25 11:38:34,V041,59.0,0.9180603950738208
2026-05-25,2026-05-25 11:38:35,V041,58.0,0.917979762469883
2026-05-25,2026-05-25 11:38:36,V041,57.0,0.917844710546228
2026-05-25,2026-05-25 11:38:37,V041,57.0,0.9179916862997454
2026-05-25,2026-05-25 11:38:38,V041,57.0,0.9176106114232986
2026-05-25,2026-05-25 11:38:39,V041,57.0,0.9178157103886361
2026-05-25,2026-05-25 11:38:40,V041,57.0,0.9180565266602877
2026-05-25,2026-05-25 11:38:41,V041,56.0,0.917669682878918
2026-05-25,2026-05-25 11:38:42,V041,56.0,0.9177914716526318
2026-05-25,2026-05-25 11:38:43,V041,55.0,0.9182775839232321
2026-05-25,2026-05-25 11:38:44,V041,55.0,0.9176481734947115
2026-05-25,2026-05-25 11:38:45,V041,55.0,0.9182279407510057
2026-05-25,2026-05-25 11:38:46,V041,56.0,0.9181994806126873
2026-05-25,2026-05-25 11:38:47,V041,56.0,0.918133069627802
2026-05-25,2026-05-25 11:38:48,V041,55.0,0.9184611715225184
2026-05-25,2026-05-25 11:38:49,V041,55.0,0.9181746223009861
2026-05-25,2026-05-25 11:38:50,V041,54.0,0.9177607786212748
2026-05-25,2026-05-25 11:38:51,V041,55.0,0.9184527751292613
2026-05-25,2026-05-25 11:38:52,V041,55.0,0.9181761148068228
2026-05-25,2026-05-25 11:38:53,V041,56.0,0.9188787357914825
2026-05-25,2026-05-25 11:38:54,V041,56.0,0.9177990460163874
2026-05-25,2026-05-25 11:38:55,V041,56.0,0.918269804036448
2026-05-25,2026-05-25 11:38:56,V041,55.0,0.9173717419502235
2026-05-25,2026-05-25 11:38:57,V041,55.0,0.9176624871123077
2026-05-25,2026-05-25 11:38:58,V041,55.0,0.917626643305493
2026-05-25,2026-05-25 11:38:59,V041,56.0,0.9180177781099036
2026-05-25,2026-05-25 11:39:00,V041,56.0,0.9183276769188827
2026-05-25,2026-05-25 11:39:01,V041,56.0,0.9182224271928902
2026-05-25,2026-05-25 11:39:02,V041,56.0,0.9185907575246933
2026-05-25,2026-05-25 11:39:03,V041,55.0,0.9179229816135854
2026-05-25,2026-05-25 11:39:04,V041,55.0,0.9184208358458856
2026-05-25,2026-05-25 11:39:05,V041,55.0,0.9182241008115015
2026-05-25,2026-05-25 11:39:06,V041,55.0,0.9182497268302587
2026-05-25,2026-05-25 11:39:07,V041,55.0,0.9183091485113968
2026-05-25,2026-05-25 11:39:08,V041,56.0,0.9180994396817099
2026-05-25,2026-05-25 11:39:09,V041,56.0,0.918280843425679
2026-05-25,2026-05-25 11:39:10,V041,57.0,0.9177003242273989
2026-05-25,2026-05-25 11:39:11,V041,57.0,0.9178837144363102
2026-05-25,2026-05-25 11:39:12,V041,56.0,0.9177293217084742
2026-05-25,2026-05-25 11:39:13,V041,56.0,0.9180488299585234
2026-05-25,2026-05-25 11:39:14,V041,56.0,0.9187246495946431
2026-05-25,2026-05-25 11:39:15,V041,56.0,0.9184258973471146
2026-05-25,2026-05-25 11:39:16,V041,55.0,0.9179990170568355
2026-05-25,2026-05-25 11:39:17,V041,55.0,0.9180179432279155
2026-05-25,2026-05-25 11:39:18,V041,55.0,0.9179924343892911
2026-05-25,2026-05-25 11:39:19,V041,55.0,0.9186228187445019
2026-05-25,2026-05-25 11:39:20,V041,54.0,0.9183230763447399
2026-05-25,2026-05-25 11:39:21,V041,54.0,0.918442616832264
2026-05-25,2026-05-25 11:39:22,V041,55.0,0.9178626934123847
2026-05-25,2026-05-25 11:39:23,V041,55.0,0.9185704465107952
2026-05-25,2026-05-25 11:39:24,V041,55.0,0.9187413837204113
2026-05-25,2026-05-25 11:39:25,V041,55.0,0.9185870588085774
2026-05-25,2026-05-25 11:39:26,V041,55.0,0.9182539828289278
2026-05-25,2026-05-25 11:39:27,V041,56.0,0.9181526460453013
2026-05-25,2026-05-25 11:39:28,V041,57.0,0.9187144771596976
2026-05-25,2026-05-25 11:39:29,V041,57.0,0.9180741520439373
2026-05-25,2026-05-25 11:39:30,V041,58.0,0.9181297942541774
2026-05-25,2026-05-25 11:39:31,V041,58.0,0.9179071151481099
2026-05-25,2026-05-25 11:39:32,V041,57.0,0.9179861118896382
2026-05-25,2026-05-25 11:39:33,V041,57.0,0.9181710010436588
2026-05-25,2026-05-25 11:39:34,V041,57.0,0.917427227583824
2026-05-25,2026-05-25 11:39:35,V041,57.0,0.9183275081734232
2026-05-25,2026-05-25 11:39:36,V041,57.0,0.9181793737942257
2026-05-25,2026-05-25 11:39:37,V041,57.0,0.918095575074364
2026-05-25,2026-05-25 11:39:38,V041,58.0,0.9180224914800253
2026-05-25,2026-05-25 11:39:39,V041,58.0,0.918888230505332
2026-05-25,2026-05-25 11:39:40,V041,59.0,0.9178843984174172
2026-05-25,2026-05-25 11:39:41,V041,60.0,0.9183148051645367
2026-05-25,2026-05-25 11:39:42,V041,60.0,0.9180264951863778
2026-05-25,2026-05-25 11:39:43,V041,60.0,0.917777572182132
2026-05-25,2026-05-25 11:39:44,V041,60.0,0.9180780806016436
2026-05-25,2026-05-25 11:39:45,V041,59.0,0.9184648916105927
2026-05-25,2026-05-25 11:39:46,V041,59.0,0.9176914941283448
2026-05-25,2026-05-25 11:39:47,V041,58.0,0.9183554763923395
2026-05-25,2026-05-25 11:39:48,V041,58.0,0.9180741085564763
2026-05-25,2026-05-25 11:39:49,V041,58.0,0.9184161700458774
2026-05-25,2026-05-25 11:39:50,V041,58.0,0.9182873540409553
2026-05-25,2026-05-25 11:39:51,V041,57.0,0.9177886779158206
2026-05-25,2026-05-25 11:39:52,V041,57.0,0.9185608891022985
2026-05-25,2026-05-25 11:39:53,V041,57.0,0.9179543544649427
2026-05-25,2026-05-25 11:39:54,V041,57.0,0.9185898730859519
2026-05-25,2026-05-25 11:39:55,V041,57.0,0.9182367068926058
2026-05-25,2026-05-25 11:39:56,V041,57.0,0.9185298441360623
2026-05-25,2026-05-25 11:39:57,V041,57.0,0.9184127991057052
2026-05-25,2026-05-25 11:39:58,V041,57.0,0.9186982301266371
2026-05-25,2026-05-25 11:39:59,V041,57.0,0.9184812337833618
2026-05-25,2026-05-25 11:40:00,V041,56.0,0.9176560368901487
2026-05-25,2026-05-25 11:40:01,V041,56.0,0.9186487783054773
2026-05-25,2026-05-25 11:40:02,V041,56.0,0.9179453262620589
2026-05-25,2026-05-25 11:40:03,V041,56.0,0.9181553921080408
2026-05-25,2026-05-25 11:40:04,V041,55.0,0.9180203747629541
2026-05-25,2026-05-25 11:40:05,V041,55.0,0.9176917779816149
2026-05-25,2026-05-25 11:40:06,V041,56.0,0.9185821319351479
2026-05-25,2026-05-25 11:40:07,V041,56.0,0.9181505354786323
2026-05-25,2026-05-25 11:40:08,V041,56.0,0.9178095616475586
2026-05-25,2026-05-25 11:40:09,V041,56.0,0.918955216684026
2026-05-25,2026-05-25 11:40:10,V041,56.0,0.9181651714169627
2026-05-25,2026-05-25 11:40:11,V041,56.0,0.9178397262949872
2026-05-25,2026-05-25 11:40:12,V041,56.0,0.9179101048269562
2026-05-25,2026-05-25 11:40:13,V041,57.0,0.9182502505872658
2026-05-25,2026-05-25 11:40:14,V041,57.0,0.9181913238382231
2026-05-25,2026-05-25 11:40:15,V041,57.0,0.9180236411909856
2026-05-25,2026-05-25 11:40:16,V041,57.0,0.9181296392254747
2026-05-25,2026-05-25 11:40:17,V041,58.0,0.91864718864926
2026-05-25,2026-05-25 11:40:18,V041,59.0,0.9187655362550924
2026-05-25,2026-05-25 11:40:19,V041,59.0,0.9185124843354929
2026-05-25,2026-05-25 11:40:20,V041,59.0,0.9186453707841555
2026-05-25,2026-05-25 11:40:21,V041,58.0,0.9180506337621092
2026-05-25,2026-05-25 11:40:22,V041,58.0,0.9185568657429978
2026-05-25,2026-05-25 11:40:23,V041,58.0,0.9185117998607176
2026-05-25,2026-05-25 11:40:24,V041,57.0,0.9181131857135755
2026-05-25,2026-05-25 11:40:25,V041,57.0,0.918581094764232
2026-05-25,2026-05-25 11:40:26,V041,56.0,0.918078128779749
2026-05-25,2026-05-25 11:40:27,V041,56.0,0.9188268868010799
2026-05-25,2026-05-25 11:40:28,V041,55.0,0.9183068675590953
2026-05-25,2026-05-25 11:40:29,V041,55.0,0.9185216810123993
2026-05-25,2026-05-25 11:40:30,V041,55.0,0.9184430192039384
2026-05-25,2026-05-25 11:40:31,V041,56.0,0.9182585262255741
2026-05-25,2026-05-25 11:40:32,V041,56.0,0.919195519937144
2026-05-25,2026-05-25 11:40:33,V041,55.0,0.9186915804811804
2026-05-25,2026-05-25 11:40:34,V041,55.0,0.9184205186337352
2026-05-25,2026-05-25 11:40:35,V041,55.0,0.9177453770173403
2026-05-25,2026-05-25 11:40:36,V041,55.0,0.9188950424366522
2026-05-25,2026-05-25 11:40:37,V041,56.0,0.9190595044295645
2026-05-25,2026-05-25 11:40:38,V041,56.0,0.918423017659967
2026-05-25,2026-05-25 11:40:39,V041,56.0,0.9180274465508516
2026-05-25,2026-05-25 11:40:40,V041,57.0,0.9193752535106214
2026-05-25,2026-05-25 11:40:41,V041,57.0,0.9182014782665645
2026-05-25,2026-05-25 11:40:42,V041,57.0,0.9187659363303198
2026-05-25,2026-05-25 11:40:43,V041,57.0,0.9189955044616495
2026-05-25,2026-05-25 11:40:44,V041,58.0,0.9187434815543877
2026-05-25,2026-05-25 11:40:45,V041,58.0,0.9187625000101577
2026-05-25,2026-05-25 11:40:46,V041,58.0,0.9190164647432654
2026-05-25,2026-05-25 11:40:47,V041,58.0,0.9187663991440007
2026-05-25,2026-05-25 11:40:48,V041,58.0,0.9187444067214747
2026-05-25,2026-05-25 11:40:49,V041,58.0,0.9183112262304624
2026-05-25,2026-05-25 11:40:50,V041,58.0,0.9182792248245024
2026-05-25,2026-05-25 11:40:51,V041,59.0,0.9187542498645956
2026-05-25,2026-05-25 11:40:52,V041,59.0,0.918854710230505
2026-05-25,2026-05-25 11:40:53,V041,60.0,0.9181345046190971
2026-05-25,2026-05-25 11:40:54,V041,60.0,0.9184486027689245
2026-05-25,2026-05-25 11:40:55,V041,59.0,0.9186524504101824
2026-05-25,2026-05-25 11:40:56,V041,59.0,0.9187596345701884
2026-05-25,2026-05-25 11:40:57,V041,59.0,0.9186297705174398
2026-05-25,2026-05-25 11:40:58,V041,59.0,0.9187181988333363
2026-05-25,2026-05-25 11:40:59,V041,59.0,0.9184921156573567
2026-05-25,2026-05-25 11:41:00,V041,59.0,0.9190805865575344
2026-05-25,2026-05-25 11:41:01,V041,59.0,0.9185459859809942
2026-05-25,2026-05-25 11:41:02,V041,60.0,0.9186751116504367
2026-05-25,2026-05-25 11:41:03,V041,60.0,0.9190434204194257
2026-05-25,2026-05-25 11:41:04,V041,60.0,0.918821330423132
2026-05-25,2026-05-25 11:41:05,V041,59.0,0.9190556038382875
2026-05-25,2026-05-25 11:41:06,V041,59.0,0.9186031210435448
2026-05-25,2026-05-25 11:41:07,V041,59.0,0.9189976039863827
2026-05-25,2026-05-25 11:41:08,V041,59.0,0.9189421198483784
2026-05-25,2026-05-25 11:41:09,V041,59.0,0.9188896946506959
2026-05-25,2026-05-25 11:41:10,V041,58.0,0.918325332757766
2026-05-25,2026-05-25 11:41:11,V041,58.0,0.9183982264595584
2026-05-25,2026-05-25 11:41:12,V041,59.0,0.9193205656643537
2026-05-25,2026-05-25 11:41:13,V041,59.0,0.9189804966557219
2026-05-25,2026-05-25 11:41:14,V041,59.0,0.9192173746774017
2026-05-25,2026-05-25 11:41:15,V041,59.0,0.9193948463097836
2026-05-25,2026-05-25 11:41:16,V041,59.0,0.9187529316813869
2026-05-25,2026-05-25 11:41:17,V041,59.0,0.9185093945144595
2026-05-25,2026-05-25 11:41:18,V041,59.0,0.9191515510359388
2026-05-25,2026-05-25 11:41:19,V041,59.0,0.9179280601888452
2026-05-25,2026-05-25 11:41:20,V041,58.0,0.9303435781989207
2026-05-25,2026-05-25 11:41:21,V041,58.0,0.9213966855399622
2026-05-25,2026-05-25 11:41:22,V041,58.0,1.030920828838367
2026-05-25,2026-05-25 11:41:23,V041,58.0,0.9738581342983595
2026-05-25,2026-05-25 11:41:24,V041,58.0,1.0135193500204442
2026-05-25,2026-05-25 11:41:25,V041,57.0,0.996550339108695
2026-05-25,2026-05-25 11:41:26,V041,57.0,1.0303365881857482
2026-05-25,2026-05-25 11:41:27,V041,57.0,1.0128156554597185
2026-05-25,2026-05-25 11:41:28,V041,57.0,1.0103425991778499
2026-05-25,2026-05-25 11:41:29,V041,58.0,1.158283490696031
2026-05-25,2026-05-25 11:41:30,V041,59.0,1.093689090729822
2026-05-25,2026-05-25 11:41:31,V041,59.0,1.0883145020404241
2026-05-25,2026-05-25 11:41:32,V041,60.0,1.0519915523939187
2026-05-25,2026-05-25 11:41:33,V041,61.0,1.0018093095918397
2026-05-25,2026-05-25 11:41:34,V041,63.0,0.9810577941396424
2026-05-25,2026-05-25 11:41:35,V041,64.0,0.986402659178304
2026-05-25,2026-05-25 11:41:36,V041,65.0,0.9762015220605841
2026-05-25,2026-05-25 11:41:37,V041,65.0,0.9741190644814512
2026-05-25,2026-05-25 11:41:38,V041,65.0,0.9744122809799447
2026-05-25,2026-05-25 11:41:39,V041,65.0,0.9746794708760299
2026-05-25,2026-05-25 11:41:40,V041,66.0,0.9758277779742938
2026-05-25,2026-05-25 11:41:41,V041,66.0,0.9740600366811875
2026-05-25,2026-05-25 11:41:42,V041,67.0,0.97451616159205
2026-05-25,2026-05-25 11:41:43,V041,68.0,0.9842917642593402
2026-05-25,2026-05-25 11:41:44,V041,68.0,0.9124432921978001
2026-05-25,2026-05-25 11:41:45,V041,69.0,0.9387372346919525
2026-05-25,2026-05-25 11:41:46,V041,70.0,0.959350478015012
2026-05-25,2026-05-25 11:41:47,V041,72.0,0.941051278349392
2026-05-25,2026-05-25 11:41:48,V041,74.0,0.9177967340402927
2026-05-25,2026-05-25 11:41:49,V041,74.0,1.1235358402171387
2026-05-25,2026-05-25 11:41:50,V041,74.0,0.9742937809389827
2026-05-25,2026-05-25 11:41:51,V041,74.0,1.011464826423338
2026-05-25,2026-05-25 11:41:52,V041,74.0,1.0925461491526245
2026-05-25,2026-05-25 11:41:53,V041,74.0,0.9198076411819224
2026-05-25,2026-05-25 11:41:54,V041,74.0,1.0122525496129677
2026-05-25,2026-05-25 11:41:55,V041,74.0,1.246308108427188
2026-05-25,2026-05-25 11:41:56,V041,74.0,1.1867533292631587
2026-05-25,2026-05-25 11:41:57,V041,73.0,0.983764964080279
2026-05-25,2026-05-25 11:41:58,V041,72.0,1.0067425641900398
2026-05-25,2026-05-25 11:41:59,V041,73.0,1.0197638182991573
2026-05-25,2026-05-25 11:42:00,V041,74.0,1.0571856376395647
2026-05-25,2026-05-25 11:42:01,V041,75.0,1.114426383499027
2026-05-25,2026-05-25 11:42:02,V041,76.0,1.0854649889963903
2026-05-25,2026-05-25 11:42:03,V041,77.0,1.0677612029936052
2026-05-25,2026-05-25 11:42:04,V041,78.0,1.093026296542009
2026-05-25,2026-05-25 11:42:05,V041,78.0,1.0219156145276318
2026-05-25,2026-05-25 11:42:06,V041,79.0,1.0111865158837965
2026-05-25,2026-05-25 11:42:07,V041,80.0,1.0228190298520785
2026-05-25,2026-05-25 11:42:08,V041,80.0,1.0488782477440286
2026-05-25,2026-05-25 11:42:09,V041,81.0,1.0422163073239838
2026-05-25,2026-05-25 11:42:10,V041,81.0,1.0514323866569033
2026-05-25,2026-05-25 11:42:11,V041,81.0,1.0295900138073828
2026-05-25,2026-05-25 11:42:12,V041,81.0,1.052569831849569
2026-05-25,2026-05-25 11:42:13,V041,81.0,1.0611202400710873
2026-05-25,2026-05-25 11:42:14,V041,81.0,0.9948481281649696
2026-05-25,2026-05-25 11:42:15,V041,81.0,1.1366475186765346
2026-05-25,2026-05-25 11:42:16,V041,81.0,1.0479263629751863
2026-05-25,2026-05-25 11:42:17,V041,81.0,1.0386377097116077
2026-05-25,2026-05-25 11:42:18,V041,82.0,1.048333940912548
2026-05-25,2026-05-25 11:42:19,V041,82.0,1.0536037848697464
2026-05-25,2026-05-25 11:42:20,V041,82.0,1.0518928568964694
2026-05-25,2026-05-25 11:42:21,V041,84.0,1.0808817257818237
2026-05-25,2026-05-25 11:42:22,V041,86.0,1.005390612587992
2026-05-25,2026-05-25 11:42:23,V041,87.0,1.023075336721822
2026-05-25,2026-05-25 11:42:24,V041,88.0,1.0193721248482386
2026-05-25,2026-05-25 11:42:25,V041,88.0,0.9325459713211822
2026-05-25,2026-05-25 11:42:26,V041,88.0,1.1754229897407122
2026-05-25,2026-05-25 11:42:27,V041,88.0,1.0393078536151372
2026-05-25,2026-05-25 11:42:28,V041,88.0,1.0619174197163033
2026-05-25,2026-05-25 11:42:29,V041,88.0,1.0554522706167828
2026-05-25,2026-05-25 11:42:30,V041,87.0,1.0579059784390725
2026-05-25,2026-05-25 11:42:31,V041,87.0,1.0676703641159786
2026-05-25,2026-05-25 11:42:32,V041,87.0,1.1393498513090907
2026-05-25,2026-05-25 11:42:33,V041,86.0,1.04179328596059
2026-05-25,2026-05-25 11:42:34,V041,86.0,1.0736388587841865
2026-05-25,2026-05-25 11:42:35,V041,85.0,0.9710584719684117
2026-05-25,2026-05-25 11:42:36,V041,84.0,0.9963093671876198
2026-05-25,2026-05-25 11:42:37,V041,84.0,1.0072593948608106
2026-05-25,2026-05-25 11:42:38,V041,84.0,1.0051892216695875
2026-05-25,2026-05-25 11:42:39,V041,84.0,1.0159255437860402
2026-05-25,2026-05-25 11:42:40,V041,83.0,1.078592666500834
2026-05-25,2026-05-25 11:42:41,V041,84.0,1.0327719653192182
2026-05-25,2026-05-25 11:42:42,V041,84.0,1.0176939298403984
2026-05-25,2026-05-25 11:42:43,V041,84.0,1.0367536653187386
2026-05-25,2026-05-25 11:42:44,V041,84.0,1.0267831557577876
2026-05-25,2026-05-25 11:42:45,V041,84.0,1.0163807018087017
2026-05-25,2026-05-25 11:42:46,V041,85.0,1.0209960366466153
2026-05-25,2026-05-25 11:42:47,V041,86.0,1.03134943634533
2026-05-25,2026-05-25 11:42:48,V041,86.0,1.0395268600092389
2026-05-25,2026-05-25 11:42:49,V041,88.0,1.0140443262081043
2026-05-25,2026-05-25 11:42:50,V041,89.0,1.0056091962848583
2026-05-25,2026-05-25 11:42:51,V041,90.0,0.9933787763292752
2026-05-25,2026-05-25 11:42:52,V041,90.0,1.1382119919731843
2026-05-25,2026-05-25 11:42:53,V041,91.0,1.092171972967323
2026-05-25,2026-05-25 11:42:54,V041,91.0,1.4777651006174095
2026-05-25,2026-05-25 11:42:55,V041,91.0,0.9930408053367692
2026-05-25,2026-05-25 11:42:56,V041,92.0,1.0146773264589293
2026-05-25,2026-05-25 11:42:57,V041,92.0,1.0137059469070664
2026-05-25,2026-05-25 11:42:58,V041,92.0,1.013426287289524
2026-05-25,2026-05-25 11:42:59,V041,92.0,1.0130627411719866
2026-05-25,2026-05-25 11:43:00,V041,92.0,1.008565574877921
2026-05-25,2026-05-25 11:43:01,V041,92.0,1.0135884618657347
2026-05-25,2026-05-25 11:43:02,V041,92.0,1.0148040857043852
2026-05-25,2026-05-25 11:43:03,V041,92.0,1.014533425407832
2026-05-25,2026-05-25 11:43:04,V041,92.0,1.0128047746616888
2026-05-25,2026-05-25 11:43:05,V041,92.0,1.0122823490539055
2026-05-25,2026-05-25 11:43:06,V041,92.0,1.0133473858550641
2026-05-25,2026-05-25 11:43:07,V041,91.0,1.0171127055873432
2026-05-25,2026-05-25 11:43:08,V041,91.0,1.0118072607855317
2026-05-25,2026-05-25 11:43:09,V041,91.0,1.0124082358053295
2026-05-25,2026-05-25 11:43:10,V041,92.0,1.0113037667480693
2026-05-25,2026-05-25 11:43:11,V041,92.0,1.0134892942710905
2026-05-25,2026-05-25 11:43:12,V041,93.0,1.0179131517259157
2026-05-25,2026-05-25 11:43:13,V041,94.0,1.0000911173400082
2026-05-25,2026-05-25 11:43:14,V041,94.0,1.0058114152156512
2026-05-25,2026-05-25 11:43:15,V041,95.0,1.013089833451635
2026-05-25,2026-05-25 11:43:16,V041,95.0,1.0123311942029232
2026-05-25,2026-05-25 11:43:17,V041,96.0,1.0137490419899913
2026-05-25,2026-05-25 11:43:18,V041,96.0,1.0130834379701084
2026-05-25,2026-05-25 11:43:19,V041,97.0,1.0120258621134501
2026-05-25,2026-05-25 11:43:20,V041,97.0,1.0152822137263
2026-05-25,2026-05-25 11:43:21,V041,96.0,1.0148293056781217
2026-05-25,2026-05-25 11:43:22,V041,96.0,1.0138391742601836
2026-05-25,2026-05-25 11:43:23,V041,96.0,1.0196968195679172
2026-05-25,2026-05-25 11:43:24,V041,96.0,1.015287454195342
2026-05-25,2026-05-25 11:43:25,V041,95.0,1.0074892751340303
2026-05-25,2026-05-25 11:43:26,V041,95.0,1.014822057737912
2026-05-25,2026-05-25 11:43:27,V041,94.0,0.9856308246485663
2026-05-25,2026-05-25 11:43:28,V041,94.0,1.011730079407877
2026-05-25,2026-05-25 11:43:29,V041,94.0,1.024039451865756
2026-05-25,2026-05-25 11:43:30,V041,93.0,1.0131805781442973
2026-05-25,2026-05-25 11:43:31,V041,93.0,1.0129422147572857
2026-05-25,2026-05-25 11:43:32,V041,93.0,1.013102157005419
2026-05-25,2026-05-25 11:43:33,V041,92.0,1.0124271137994414
2026-05-25,2026-05-25 11:43:34,V041,92.0,1.013469883400496
2026-05-25,2026-05-25 11:43:35,V041,91.0,1.0151599130683822
2026-05-25,2026-05-25 11:43:36,V041,91.0,1.0123680215644648
2026-05-25,2026-05-25 11:43:37,V041,91.0,1.0117991480374637
2026-05-25,2026-05-25 11:43:38,V041,91.0,1.0141453958774584
2026-05-25,2026-05-25 11:43:39,V041,90.0,1.0191115177340861
2026-05-25,2026-05-25 11:43:40,V041,90.0,1.0217023720296048
2026-05-25,2026-05-25 11:43:41,V041,90.0,1.0165211044628
2026-05-25,2026-05-25 11:43:42,V041,90.0,1.0135462231956205
2026-05-25,2026-05-25 11:43:43,V041,89.0,1.0099737926104664
2026-05-25,2026-05-25 11:43:44,V041,89.0,1.009174890790811
2026-05-25,2026-05-25 11:43:45,V041,87.0,1.0146133472576035
2026-05-25,2026-05-25 11:43:46,V041,86.0,1.0159618376103903
2026-05-25,2026-05-25 11:43:47,V041,84.0,1.0138112735936817
2026-05-25,2026-05-25 11:43:48,V041,83.0,1.0099446744064355
2026-05-25,2026-05-25 11:43:49,V041,80.0,1.0151750309927203
2026-05-25,2026-05-25 11:43:50,V041,78.0,1.0139419685171314
2026-05-25,2026-05-25 11:43:51,V041,74.0,1.0156670915862251
2026-05-25,2026-05-25 11:43:52,V041,71.0,1.0104223635416372
2026-05-25,2026-05-25 11:43:53,V041,69.0,1.0145588590088082
2026-05-25,2026-05-25 11:43:54,V041,67.0,1.0155603471841408
2026-05-25,2026-05-25 11:43:55,V041,66.0,1.0068855834504484
2026-05-25,2026-05-25 11:43:56,V041,65.0,1.011337391532378
2026-05-25,2026-05-25 11:43:57,V041,65.0,1.0043009704920551
2026-05-25,2026-05-25 11:43:58,V041,65.0,1.0050801626831691
2026-05-25,2026-05-25 11:43:59,V041,65.0,1.0261668321898731
2026-05-25,2026-05-25 11:44:00,V041,65.0,1.0718961334196722
2026-05-25,2026-05-25 11:44:01,V041,65.0,0.9956729438786409
2026-05-25,2026-05-25 11:44:02,V041,65.0,0.973346864145092
2026-05-25,2026-05-25 11:44:03,V041,65.0,0.9845366501714741
2026-05-25,2026-05-25 11:44:04,V041,65.0,1.046842543537951
2026-05-25,2026-05-25 11:44:05,V041,65.0,0.9999394493146965
2026-05-25,2026-05-25 11:44:06,V041,65.0,1.0125232936872428
2026-05-25,2026-05-25 11:44:07,V041,65.0,1.0165158766723712
2026-05-25,2026-05-25 11:44:08,V041,66.0,1.0085795216105147
2026-05-25,2026-05-25 11:44:09,V041,66.0,1.0128126426553643
2026-05-25,2026-05-25 11:44:10,V041,67.0,1.0129478734552886
2026-05-25,2026-05-25 11:44:11,V041,67.0,1.0132159738635447
2026-05-25,2026-05-25 11:44:12,V041,67.0,1.0148175450246752
2026-05-25,2026-05-25 11:44:13,V041,69.0,1.0158853535978574
2026-05-25,2026-05-25 11:44:14,V041,70.0,1.0177486535710563
2026-05-25,2026-05-25 11:44:15,V041,70.0,1.0152134901524317
2026-05-25,2026-05-25 11:44:16,V041,71.0,1.0097096503668241
2026-05-25,2026-05-25 11:44:17,V041,71.0,1.0148862447433324
2026-05-25,2026-05-25 11:44:18,V041,71.0,1.0150589175075158
2026-05-25,2026-05-25 11:44:19,V041,71.0,1.0139514295469025
2026-05-25,2026-05-25 11:44:20,V041,72.0,1.0355742030314068
2026-05-25,2026-05-25 11:44:21,V041,72.0,1.0194072504622893
2026-05-25,2026-05-25 11:44:22,V041,72.0,1.013775192027082
2026-05-25,2026-05-25 11:44:23,V041,72.0,1.0092822138997182
2026-05-25,2026-05-25 11:44:24,V041,72.0,1.0195622043917358
2026-05-25,2026-05-25 11:44:25,V041,72.0,1.013411172251256
2026-05-25,2026-05-25 11:44:26,V041,72.0,1.0154302475919095
2026-05-25,2026-05-25 11:44:27,V041,72.0,1.0137790006853409
2026-05-25,2026-05-25 11:44:28,V041,72.0,1.0159866196276426
2026-05-25,2026-05-25 11:44:29,V041,71.0,1.0249797017911253
2026-05-25,2026-05-25 11:44:30,V041,71.0,1.0202143503405483
2026-05-25,2026-05-25 11:44:31,V041,70.0,1.0108295043810067
2026-05-25,2026-05-25 11:44:32,V041,70.0,1.0112495680830513
2026-05-25,2026-05-25 11:44:33,V041,69.0,0.9795956440267722
2026-05-25,2026-05-25 11:44:34,V041,69.0,1.0077823423656926
2026-05-25,2026-05-25 11:44:35,V041,69.0,1.020015514708701
2026-05-25,2026-05-25 11:44:36,V041,69.0,1.015150312939063
2026-05-25,2026-05-25 11:44:37,V041,69.0,1.014395322115842
2026-05-25,2026-05-25 11:44:38,V041,69.0,1.0149254333517996
2026-05-25,2026-05-25 11:44:39,V041,69.0,1.014853182402965
2026-05-25,2026-05-25 11:44:40,V041,69.0,1.0140810088028887
2026-05-25,2026-05-25 11:44:41,V041,70.0,1.0161370297386874
2026-05-25,2026-05-25 11:44:42,V041,71.0,1.013763966539533
2026-05-25,2026-05-25 11:44:43,V041,71.0,1.0211902365158596
2026-05-25,2026-05-25 11:44:44,V041,71.0,1.0125555611532815
2026-05-25,2026-05-25 11:44:45,V041,71.0,1.0123545150573996
2026-05-25,2026-05-25 11:44:46,V041,72.0,1.015944502451124
2026-05-25,2026-05-25 11:44:47,V041,72.0,1.014088529862464
2026-05-25,2026-05-25 11:44:48,V041,72.0,1.0139470887937971
2026-05-25,2026-05-25 11:44:49,V041,72.0,1.0487803218325837
2026-05-25,2026-05-25 11:44:50,V041,72.0,1.020562950122809
2026-05-25,2026-05-25 11:44:51,V041,72.0,1.1132550927512475
2026-05-25,2026-05-25 11:44:52,V041,72.0,1.0294553971301783
2026-05-25,2026-05-25 11:44:53,V041,72.0,0.9784559658910886
2026-05-25,2026-05-25 11:44:54,V041,72.0,1.014585558044842
2026-05-25,2026-05-25 11:44:55,V041,73.0,1.0141935589744822
2026-05-25,2026-05-25 11:44:56,V041,73.0,1.014197917054696
2026-05-25,2026-05-25 11:44:57,V041,73.0,1.0140748351962268
2026-05-25,2026-05-25 11:44:58,V041,73.0,1.0145545804976681
2026-05-25,2026-05-25 11:44:59,V041,73.0,1.014161786140762
2026-05-25,2026-05-25 11:45:00,V041,73.0,1.0146204342915877
2026-05-25,2026-05-25 11:45:01,V041,72.0,1.014209773178648
2026-05-25,2026-05-25 11:45:02,V041,72.0,1.0137301462286978
2026-05-25,2026-05-25 11:45:03,V041,71.0,1.0142100114716528
2026-05-25,2026-05-25 11:45:04,V041,71.0,1.0137388404864016
2026-05-25,2026-05-25 11:45:05,V041,71.0,1.0146605407195664
2026-05-25,2026-05-25 11:45:06,V041,72.0,1.0153038238074632
2026-05-25,2026-05-25 11:45:07,V041,72.0,1.0147588728469121
2026-05-25,2026-05-25 11:45:08,V041,72.0,1.0179735384804984
2026-05-25,2026-05-25 11:45:09,V041,72.0,1.0164107745592192
2026-05-25,2026-05-25 11:45:10,V041,72.0,1.0208998655219035
2026-05-25,2026-05-25 11:45:11,V041,72.0,1.0608506350776696
2026-05-25,2026-05-25 11:45:12,V041,72.0,0.9969215701466007
2026-05-25,2026-05-25 11:45:13,V041,72.0,1.034201321454177
2026-05-25,2026-05-25 11:45:14,V041,73.0,0.9646223352004301
2026-05-25,2026-05-25 11:45:15,V041,73.0,1.0530189438150284
2026-05-25,2026-05-25 11:45:16,V041,73.0,0.960136425645007
2026-05-25,2026-05-25 11:45:17,V041,74.0,1.1765225471244525
2026-05-25,2026-05-25 11:45:18,V041,74.0,1.0163561854301666
2026-05-25,2026-05-25 11:45:19,V041,74.0,1.0151899184276738
2026-05-25,2026-05-25 11:45:20,V041,74.0,1.0175742248106712
2026-05-25,2026-05-25 11:45:21,V041,74.0,1.0158257953139125
2026-05-25,2026-05-25 11:45:22,V041,75.0,1.015045826423837
2026-05-25,2026-05-25 11:45:23,V041,75.0,1.0153391652229256
2026-05-25,2026-05-25 11:45:24,V041,75.0,1.014806940250565
2026-05-25,2026-05-25 11:45:25,V041,76.0,1.0151645063831654
2026-05-25,2026-05-25 11:45:26,V041,77.0,1.014942151845805
2026-05-25,2026-05-25 11:45:27,V041,77.0,1.0153751136992428
2026-05-25,2026-05-25 11:45:28,V041,78.0,1.01543629945033
2026-05-25,2026-05-25 11:45:29,V041,78.0,1.0156977497100164
2026-05-25,2026-05-25 11:45:30,V041,78.0,1.0151164604001015
2026-05-25,2026-05-25 11:45:31,V041,78.0,1.0153971786645353
2026-05-25,2026-05-25 11:45:32,V041,78.0,1.0150319678606317
2026-05-25,2026-05-25 11:45:33,V041,79.0,1.0154915248646956
2026-05-25,2026-05-25 11:45:34,V041,79.0,1.0149130885614186
2026-05-25,2026-05-25 11:45:35,V041,79.0,1.0153716008340783
2026-05-25,2026-05-25 11:45:36,V041,79.0,1.0151750786950013
2026-05-25,2026-05-25 11:45:37,V041,79.0,1.0150214381722897
2026-05-25,2026-05-25 11:45:38,V041,79.0,1.0163437210774158
2026-05-25,2026-05-25 11:45:39,V041,79.0,0.9304582106164463
2026-05-25,2026-05-25 11:45:40,V041,79.0,0.9916012598603978
2026-05-25,2026-05-25 11:45:41,V041,80.0,1.046568647638862
2026-05-25,2026-05-25 11:45:42,V041,80.0,1.0234240529479761
2026-05-25,2026-05-25 11:45:43,V041,81.0,0.9879306498814104
2026-05-25,2026-05-25 11:45:44,V041,82.0,1.0679896859098186
2026-05-25,2026-05-25 11:45:45,V041,84.0,0.9830292543870873
2026-05-25,2026-05-25 11:45:46,V041,85.0,1.034049925988163
2026-05-25,2026-05-25 11:45:47,V041,85.0,0.954772359843537
2026-05-25,2026-05-25 11:45:48,V041,85.0,1.077998874725809
2026-05-25,2026-05-25 11:45:49,V041,85.0,1.115774370133204
2026-05-25,2026-05-25 11:45:50,V041,85.0,1.0162585349024247
2026-05-25,2026-05-25 11:45:51,V041,85.0,1.0160635030467648
2026-05-25,2026-05-25 11:45:52,V041,85.0,1.016231986700339
2026-05-25,2026-05-25 11:45:53,V041,,1.0165309101164328
2026-05-25,2026-05-25 11:45:54,V041,,1.0169321967038283
2026-05-25,2026-05-25 11:45:55,V041,,1.016257175416084
2026-05-25,2026-05-25 11:45:56,V041,,1.016305484985781
2026-05-25,2026-05-25 11:45:57,V041,,1.0162981526730959
2026-05-25,2026-05-25 11:45:58,V041,,1.0169225156696673
2026-05-25,2026-05-25 11:45:59,V041,,1.0162513220986198
2026-05-25,2026-05-25 11:46:00,V041,,1.0166426160198208
2026-05-25,2026-05-25 11:46:01,V041,,1.0167542189613892
2026-05-25,2026-05-25 11:46:02,V041,,1.0155603299001317
2026-05-25,2026-05-25 11:46:03,V041,,1.0163062758067227
2026-05-25,2026-05-25 11:46:04,V041,,1.0827667452359593
2026-05-25,2026-05-25 11:46:05,V041,,0.9975648322706845
2026-05-25,2026-05-25 11:46:06,V041,,1.006274975238304
2026-05-25,2026-05-25 11:46:07,V041,,1.0331612223362574
2026-05-25,2026-05-25 11:46:08,V041,,1.0371956086720453
2026-05-25,2026-05-25 11:46:09,V041,,1.0512885197995023
2026-05-25,2026-05-25 11:46:10,V041,,1.0353204350212544
2026-05-25,2026-05-25 11:46:11,V041,,1.0604853852168876
2026-05-25,2026-05-25 11:46:12,V041,,1.0842562212316749
2026-05-25,2026-05-25 11:46:13,V041,,1.044186731301549
2026-05-25,2026-05-25 11:46:14,V041,,1.035402496668036
2026-05-25,2026-05-25 11:46:15,V041,,1.0257287082614153
2026-05-25,2026-05-25 11:46:16,V041,,1.061407349032576
2026-05-25,2026-05-25 11:46:17,V041,,1.0843427944675343
2026-05-25,2026-05-25 11:46:18,V041,,1.0406818868969663
2026-05-25,2026-05-25 11:46:19,V041,,1.0852074286399815
2026-05-25,2026-05-25 11:46:20,V041,,1.1108342036427667
2026-05-25,2026-05-25 11:46:21,V041,,1.100159226397869
2026-05-25,2026-05-25 11:46:22,V041,,1.0640339624337638
2026-05-25,2026-05-25 11:46:23,V041,,1.0502424879401637
2026-05-25,2026-05-25 11:46:24,V041,,1.106837417090737
2026-05-25,2026-05-25 11:46:25,V041,,1.053755502246433
2026-05-25,2026-05-25 11:46:26,V041,,1.0287275928998858
2026-05-25,2026-05-25 11:46:27,V041,,1.0375294415945444
2026-05-25,2026-05-25 11:46:28,V041,,1.1125944552807883
2026-05-25,2026-05-25 11:46:29,V041,,1.0921131719877817
2026-05-25,2026-05-25 11:46:30,V041,,1.10021507239514
2026-05-25,2026-05-25 11:46:31,V041,,1.100364508727861
2026-05-25,2026-05-25 11:46:32,V041,,1.092254314382511
2026-05-25,2026-05-25 11:46:33,V041,,1.0592224120405667
2026-05-25,2026-05-25 11:46:34,V041,,1.0317076316641005
2026-05-25,2026-05-25 11:46:35,V041,,1.1132265432627775
2026-05-25,2026-05-25 11:46:36,V041,,1.0898437104592649
2026-05-25,2026-05-25 11:46:37,V041,,1.1202712449447805
2026-05-25,2026-05-25 11:46:38,V041,,1.1368070743822403
2026-05-25,2026-05-25 11:46:39,V041,,1.129303779899014
2026-05-25,2026-05-25 11:46:40,V041,,1.1217043515888148
2026-05-25,2026-05-25 11:46:41,V041,,0.9532489447505791
2026-05-25,2026-05-25 11:46:42,V041,,1.0605165374035193
2026-05-25,2026-05-25 11:46:43,V041,,1.102875116497761
2026-05-25,2026-05-25 11:46:44,V041,,1.0642398162584514
2026-05-25,2026-05-25 11:46:45,V041,,1.0841793665936055
2026-05-25,2026-05-25 11:46:46,V041,,1.0771158215331555
2026-05-25,2026-05-25 11:46:47,V041,,0.9676924948447249
2026-05-25,2026-05-25 11:46:48,V041,,1.0113927222478598
2026-05-25,2026-05-25 11:46:49,V041,,1.0177152270528083
2026-05-25,2026-05-25 11:46:50,V041,,1.0185346557152635
2026-05-25,2026-05-25 11:46:51,V041,,1.0183939207736064
2026-05-25,2026-05-25 11:46:52,V041,,1.0184853443074364
2026-05-25,2026-05-25 11:46:53,V041,,1.0173145354568305
2026-05-25,2026-05-25 11:46:54,V041,,1.0181536079906086
2026-05-25,2026-05-25 11:46:55,V041,,1.0185768649278315
2026-05-25,2026-05-25 11:46:56,V041,,1.0180595890600659
2026-05-25,2026-05-25 11:46:57,V041,85.0,1.0176497739887713
2026-05-25,2026-05-25 11:46:58,V041,85.0,1.0176296897048882
2026-05-25,2026-05-25 11:46:59,V041,84.0,1.0173471038346014
2026-05-25,2026-05-25 11:47:00,V041,84.0,1.023147172087387
2026-05-25,2026-05-25 11:47:01,V041,83.0,0.929398044770026
2026-05-25,2026-05-25 11:47:02,V041,83.0,1.0209739515927125
2026-05-25,2026-05-25 11:47:03,V041,81.0,1.0684313179792544
2026-05-25,2026-05-25 11:47:04,V041,80.0,1.0295738114500408
2026-05-25,2026-05-25 11:47:05,V041,80.0,1.0149524111647272
2026-05-25,2026-05-25 11:47:06,V041,80.0,1.0439265846342745
2026-05-25,2026-05-25 11:47:07,V041,80.0,1.021737296550473
2026-05-25,2026-05-25 11:47:08,V041,80.0,1.030685251222358
2026-05-25,2026-05-25 11:47:09,V041,80.0,0.999637533836399
2026-05-25,2026-05-25 11:47:10,V041,80.0,1.0518107384368922
2026-05-25,2026-05-25 11:47:11,V041,80.0,0.9988858115484418
2026-05-25,2026-05-25 11:47:12,V041,80.0,1.06649959955632
2026-05-25,2026-05-25 11:47:13,V041,80.0,0.9879497304776051
2026-05-25,2026-05-25 11:47:14,V041,80.0,1.0617930861458418
2026-05-25,2026-05-25 11:47:15,V041,80.0,1.0425181824773868
2026-05-25,2026-05-25 11:47:16,V041,81.0,1.0157750092956348
2026-05-25,2026-05-25 11:47:17,V041,,1.0337008076484813
2026-05-25,2026-05-25 11:47:18,V041,,0.9938772058037175
2026-05-25,2026-05-25 11:47:19,V041,,0.972471293514181
2026-05-25,2026-05-25 11:47:20,V041,,1.0482109088461207
2026-05-25,2026-05-25 11:47:21,V041,,1.093314922788822
2026-05-25,2026-05-25 11:47:22,V041,,1.003990026500408
2026-05-25,2026-05-25 11:47:23,V041,,1.0054305684026803
2026-05-25,2026-05-25 11:47:24,V041,,1.0054142861543034
2026-05-25,2026-05-25 11:47:25,V041,,1.0050376103452041
2026-05-25,2026-05-25 11:47:26,V041,,1.0058499394102745
2026-05-25,2026-05-25 11:47:27,V041,,1.0058570820357027
2026-05-25,2026-05-25 11:47:28,V041,,1.0056417291849633
2026-05-25,2026-05-25 11:47:29,V041,,1.0064388601910164
2026-05-25,2026-05-25 11:47:30,V041,,1.0056644648194306
2026-05-25,2026-05-25 11:47:31,V041,81.0,0.9906318935965256
2026-05-25,2026-05-25 11:47:32,V041,81.0,1.1341320982680339
2026-05-25,2026-05-25 11:47:33,V041,81.0,0.9482845394352769
2026-05-25,2026-05-25 11:47:34,V041,81.0,0.918983357468562
2026-05-25,2026-05-25 11:47:35,V041,81.0,1.0143624113020886
2026-05-25,2026-05-25 11:47:36,V041,82.0,1.013155028178421
2026-05-25,2026-05-25 11:47:37,V041,82.0,1.013569354550564
2026-05-25,2026-05-25 11:47:38,V041,83.0,1.013977634752385
2026-05-25,2026-05-25 11:47:39,V041,83.0,1.0054480629183438
2026-05-25,2026-05-25 11:47:40,V041,83.0,1.0151177569380927
2026-05-25,2026-05-25 11:47:41,V041,83.0,1.0135782339186448
2026-05-25,2026-05-25 11:47:42,V041,83.0,1.0131276852867017
2026-05-25,2026-05-25 11:47:43,V041,83.0,1.0143478757188253
2026-05-25,2026-05-25 11:47:44,V041,83.0,1.015920036676649
2026-05-25,2026-05-25 11:47:45,V041,,1.0132053721032355
2026-05-25,2026-05-25 11:47:46,V041,,1.0132422593149906
2026-05-25,2026-05-25 11:47:47,V041,,1.013102224971965
2026-05-25,2026-05-25 11:47:48,V041,,1.0132091314893361
2026-05-25,2026-05-25 11:47:49,V041,,1.013113624861852
2026-05-25,2026-05-25 11:47:50,V041,,1.0136028191028292
2026-05-25,2026-05-25 11:47:51,V041,,1.0125551568051205
2026-05-25,2026-05-25 11:47:52,V041,,1.0124884050624965
2026-05-25,2026-05-25 11:47:53,V041,,1.0130810541664725
2026-05-25,2026-05-25 11:47:54,V041,,1.0132683893776875
2026-05-25,2026-05-25 11:47:55,V041,,1.013216857822335
2026-05-25,2026-05-25 11:47:56,V041,,1.0126793688063378
2026-05-25,2026-05-25 11:47:57,V041,,1.0132948631206884
2026-05-25,2026-05-25 11:47:58,V041,,1.0128238102344385
2026-05-25,2026-05-25 11:47:59,V041,,1.013766713238678
2026-05-25,2026-05-25 11:48:00,V041,,1.0131073272052025
2026-05-25,2026-05-25 11:48:01,V041,,1.012360735327237
2026-05-25,2026-05-25 11:48:02,V041,,1.0131270372595604
2026-05-25,2026-05-25 11:48:03,V041,,1.0126784816199816
2026-05-25,2026-05-25 11:48:04,V041,,1.0129905344979182
2026-05-25,2026-05-25 11:48:05,V041,,1.0112003571804296
2026-05-25,2026-05-25 11:48:06,V041,,1.0140100448886957
2026-05-25,2026-05-25 11:48:07,V041,,1.0133549008950626
2026-05-25,2026-05-25 11:48:08,V041,,1.01191212621514
2026-05-25,2026-05-25 11:48:09,V041,,1.0126938791426334
2026-05-25,2026-05-25 11:48:10,V041,,1.013422968767424
2026-05-25,2026-05-25 11:48:11,V041,,1.0147079380509834
2026-05-25,2026-05-25 11:48:12,V041,,1.0136555168850208
2026-05-25,2026-05-25 11:48:13,V041,,1.011463840061222
2026-05-25,2026-05-25 11:48:14,V041,,1.0134275594526565
2026-05-25,2026-05-25 11:48:15,V041,,1.01421190919396
2026-05-25,2026-05-25 11:48:16,V041,,1.0098136803031603
2026-05-25,2026-05-25 11:48:17,V041,,1.0207043857041889
2026-05-25,2026-05-25 11:48:18,V041,,1.0121056288293562
2026-05-25,2026-05-25 11:48:19,V041,,1.0140084569957597
2026-05-25,2026-05-25 11:48:20,V041,,1.0128171600026232
2026-05-25,2026-05-25 11:48:21,V041,,1.0125106556609782
2026-05-25,2026-05-25 11:48:22,V041,,1.0138298851928984
2026-05-25,2026-05-25 11:48:23,V041,,1.0136039707036473
2026-05-25,2026-05-25 11:48:24,V041,,1.0154643760678204
2026-05-25,2026-05-25 11:48:25,V041,,1.012918106123202
2026-05-25,2026-05-25 11:48:26,V041,,1.0121547478936996
2026-05-25,2026-05-25 11:48:27,V041,,1.0133302937908362
2026-05-25,2026-05-25 11:48:28,V041,,1.0129444406667762
2026-05-25,2026-05-25 11:48:29,V041,,1.0133131372883786
2026-05-25,2026-05-25 11:48:30,V041,,1.0126729698523342
2026-05-25,2026-05-25 11:48:31,V041,,1.0132197395843812
2026-05-25,2026-05-25 11:48:32,V041,,1.012819066719028
2026-05-25,2026-05-25 11:48:33,V041,,1.012528469313902
2026-05-25,2026-05-25 11:48:34,V041,,1.0126827815520811
2026-05-25,2026-05-25 11:48:35,V041,,1.012872322651565
2026-05-25,2026-05-25 11:48:36,V041,,1.0131994165488565
2026-05-25,2026-05-25 11:48:37,V041,,1.0131606323699118
2026-05-25,2026-05-25 11:48:38,V041,,1.0133610636897263
2026-05-25,2026-05-25 11:48:39,V041,,1.013195626681117
2026-05-25,2026-05-25 11:48:40,V041,,1.013181998511198
2026-05-25,2026-05-25 11:48:41,V041,,1.0129414722185794
2026-05-25,2026-05-25 11:48:42,V041,,1.0131724080629714
2026-05-25,2026-05-25 11:48:43,V041,,1.013145022242721
2026-05-25,2026-05-25 11:48:44,V041,,1.013715441100647
2026-05-25,2026-05-25 11:48:45,V041,,1.0134767313061739
2026-05-25,2026-05-25 11:48:46,V041,,1.013764869540163
2026-05-25,2026-05-25 11:48:47,V041,,1.0124744946997442
2026-05-25,2026-05-25 11:48:48,V041,,1.0131472817259717
2026-05-25,2026-05-25 11:48:49,V041,,1.0127356791826518
2026-05-25,2026-05-25 11:48:50,V041,,1.0122450779968193
2026-05-25,2026-05-25 11:48:51,V041,,1.0130798516971575
2026-05-25,2026-05-25 11:48:52,V041,,1.0128076738614706
2026-05-25,2026-05-25 11:48:53,V041,,1.0128122089182696
2026-05-25,2026-05-25 11:48:54,V041,,1.0132245258054395
2026-05-25,2026-05-25 11:48:55,V041,,1.0126188925229027
2026-05-25,2026-05-25 11:48:56,V041,,1.0129546246496979
2026-05-25,2026-05-25 11:48:57,V041,,1.013168525865289
2026-05-25,2026-05-25 11:48:58,V041,,1.0133599726638958
2026-05-25,2026-05-25 11:48:59,V041,,1.0128446753210358
2026-05-25,2026-05-25 11:49:00,V041,,1.0134733750982206
2026-05-25,2026-05-25 11:49:01,V041,,1.0129334515878183
2026-05-25,2026-05-25 11:49:02,V041,,1.0141700137556475
2026-05-25,2026-05-25 11:49:03,V041,,1.0129961838917514
2026-05-25,2026-05-25 11:49:04,V041,,1.0129059582409963
2026-05-25,2026-05-25 11:49:05,V041,,1.0132856248132553
2026-05-25,2026-05-25 11:49:06,V041,,1.0137262565170695
2026-05-25,2026-05-25 11:49:07,V041,,1.012603785236407
2026-05-25,2026-05-25 11:49:08,V041,,1.0127721250444133
2026-05-25,2026-05-25 11:49:09,V041,,1.013227530330193
2026-05-25,2026-05-25 11:49:10,V041,,1.0133214854637695
2026-05-25,2026-05-25 11:49:11,V041,,1.0132283406742189
2026-05-25,2026-05-25 11:49:12,V041,,1.0143694238478884
