Date,Timestamp,SensorID,HeartRate,AccNorm
2026-05-25,2026-05-25 11:15:01,V039,,1.001913877386366
2026-05-25,2026-05-25 11:15:02,V039,,1.0043190468257994
2026-05-25,2026-05-25 11:15:03,V039,,1.0061718547563538
2026-05-25,2026-05-25 11:15:04,V039,,1.00469870405923
2026-05-25,2026-05-25 11:15:05,V039,89.0,1.01205424968722
2026-05-25,2026-05-25 11:15:06,V039,89.0,1.0046872058471263
2026-05-25,2026-05-25 11:15:07,V039,89.0,1.0052560087095004
2026-05-25,2026-05-25 11:15:08,V039,89.0,1.0026947508540704
2026-05-25,2026-05-25 11:15:09,V039,90.0,1.0055219510015576
2026-05-25,2026-05-25 11:15:10,V039,90.0,1.0053712162902257
2026-05-25,2026-05-25 11:15:11,V039,90.0,1.0056610208439616
2026-05-25,2026-05-25 11:15:12,V039,90.0,1.0047281240097719
2026-05-25,2026-05-25 11:15:13,V039,90.0,1.005790230578705
2026-05-25,2026-05-25 11:15:14,V039,90.0,1.0056517991722382
2026-05-25,2026-05-25 11:15:15,V039,89.0,1.0165598168928789
2026-05-25,2026-05-25 11:15:16,V039,89.0,1.0104743337759488
2026-05-25,2026-05-25 11:15:17,V039,89.0,1.0134246754892755
2026-05-25,2026-05-25 11:15:18,V039,88.0,1.0100311975213687
2026-05-25,2026-05-25 11:15:19,V039,88.0,1.0105634824304257
2026-05-25,2026-05-25 11:15:20,V039,87.0,1.01112503489014
2026-05-25,2026-05-25 11:15:21,V039,87.0,1.0110878398262133
2026-05-25,2026-05-25 11:15:22,V039,87.0,1.1875629295871561
2026-05-25,2026-05-25 11:15:23,V039,87.0,1.0056962643736904
2026-05-25,2026-05-25 11:15:24,V039,87.0,1.2319842293314671
2026-05-25,2026-05-25 11:15:25,V039,87.0,1.0004482409980944
2026-05-25,2026-05-25 11:15:26,V039,87.0,1.0051174667755007
2026-05-25,2026-05-25 11:15:27,V039,87.0,1.0044389915599954
2026-05-25,2026-05-25 11:15:28,V039,87.0,1.0040500482272936
2026-05-25,2026-05-25 11:15:29,V039,87.0,1.0057939551848218
2026-05-25,2026-05-25 11:15:30,V039,87.0,1.0006912599871918
2026-05-25,2026-05-25 11:15:31,V039,87.0,1.0060954762388443
2026-05-25,2026-05-25 11:15:32,V039,87.0,1.0049070949308778
2026-05-25,2026-05-25 11:15:33,V039,87.0,0.9875445591014821
2026-05-25,2026-05-25 11:15:34,V039,87.0,0.9949053001258037
2026-05-25,2026-05-25 11:15:35,V039,87.0,1.02312801056142
2026-05-25,2026-05-25 11:15:36,V039,87.0,1.0181850241833348
2026-05-25,2026-05-25 11:15:37,V039,87.0,0.9974943526432459
2026-05-25,2026-05-25 11:15:38,V039,87.0,1.0044651843267314
2026-05-25,2026-05-25 11:15:39,V039,87.0,1.0089782548479316
2026-05-25,2026-05-25 11:15:40,V039,86.0,1.0185897186591768
2026-05-25,2026-05-25 11:15:41,V039,86.0,1.02706389734831
2026-05-25,2026-05-25 11:15:42,V039,86.0,1.0006333468504554
2026-05-25,2026-05-25 11:15:43,V039,86.0,1.0073850157303585
2026-05-25,2026-05-25 11:15:44,V039,86.0,1.022424823357151
2026-05-25,2026-05-25 11:15:45,V039,86.0,1.0190257399251756
2026-05-25,2026-05-25 11:15:46,V039,86.0,1.0090625725864557
2026-05-25,2026-05-25 11:15:47,V039,86.0,1.007921833587493
2026-05-25,2026-05-25 11:15:48,V039,86.0,1.0188392840874203
2026-05-25,2026-05-25 11:15:49,V039,86.0,1.013171914463637
2026-05-25,2026-05-25 11:15:50,V039,86.0,1.0318922697612987
2026-05-25,2026-05-25 11:15:51,V039,86.0,1.0221620629408525
2026-05-25,2026-05-25 11:15:52,V039,86.0,1.0274271071013668
2026-05-25,2026-05-25 11:15:53,V039,86.0,1.0200454995372412
2026-05-25,2026-05-25 11:15:54,V039,86.0,1.0340912694059627
2026-05-25,2026-05-25 11:15:55,V039,86.0,1.0098266454244222
2026-05-25,2026-05-25 11:15:56,V039,86.0,1.0199666065364579
2026-05-25,2026-05-25 11:15:57,V039,87.0,1.0140640161746166
2026-05-25,2026-05-25 11:15:58,V039,87.0,1.0133642423417013
2026-05-25,2026-05-25 11:15:59,V039,87.0,1.024361543576773
2026-05-25,2026-05-25 11:16:00,V039,88.0,0.9995556464114633
2026-05-25,2026-05-25 11:16:01,V039,89.0,1.0162968517510698
2026-05-25,2026-05-25 11:16:02,V039,90.0,1.059373669350969
2026-05-25,2026-05-25 11:16:03,V039,89.0,1.0919393887838544
2026-05-25,2026-05-25 11:16:04,V039,89.0,0.9740722474582555
2026-05-25,2026-05-25 11:16:05,V039,89.0,1.0392020913067948
2026-05-25,2026-05-25 11:16:06,V039,88.0,1.026875377257218
2026-05-25,2026-05-25 11:16:07,V039,88.0,1.0481097119382599
2026-05-25,2026-05-25 11:16:08,V039,89.0,1.0902526672327124
2026-05-25,2026-05-25 11:16:09,V039,89.0,1.0123871788105103
2026-05-25,2026-05-25 11:16:10,V039,89.0,1.0122024758290848
2026-05-25,2026-05-25 11:16:11,V039,90.0,1.0178594358351232
2026-05-25,2026-05-25 11:16:12,V039,90.0,1.011566883786356
2026-05-25,2026-05-25 11:16:13,V039,90.0,1.0137813272846778
2026-05-25,2026-05-25 11:16:14,V039,91.0,1.010279464314261
2026-05-25,2026-05-25 11:16:15,V039,91.0,1.0103758272368364
2026-05-25,2026-05-25 11:16:16,V039,90.0,1.0102803013635582
2026-05-25,2026-05-25 11:16:17,V039,90.0,1.0098084012973154
2026-05-25,2026-05-25 11:16:18,V039,90.0,1.011735121880407
2026-05-25,2026-05-25 11:16:19,V039,90.0,1.0115744696673186
2026-05-25,2026-05-25 11:16:20,V039,90.0,1.0119505485974978
2026-05-25,2026-05-25 11:16:21,V039,90.0,1.010288900032266
2026-05-25,2026-05-25 11:16:22,V039,90.0,1.0245849106702136
2026-05-25,2026-05-25 11:16:23,V039,90.0,1.0104960360790016
2026-05-25,2026-05-25 11:16:24,V039,90.0,0.9787183946629595
2026-05-25,2026-05-25 11:16:25,V039,90.0,1.0115722213379303
2026-05-25,2026-05-25 11:16:26,V039,90.0,1.0087454871492672
2026-05-25,2026-05-25 11:16:27,V039,90.0,1.0307459384063788
2026-05-25,2026-05-25 11:16:28,V039,90.0,1.0078214204783078
2026-05-25,2026-05-25 11:16:29,V039,90.0,1.016346470041297
2026-05-25,2026-05-25 11:16:30,V039,90.0,1.0022351542206043
2026-05-25,2026-05-25 11:16:31,V039,90.0,1.0031559157908738
2026-05-25,2026-05-25 11:16:32,V039,90.0,1.041889050044639
2026-05-25,2026-05-25 11:16:33,V039,90.0,1.0448846399510214
2026-05-25,2026-05-25 11:16:34,V039,90.0,1.0160850577552047
2026-05-25,2026-05-25 11:16:35,V039,89.0,1.005163592413181
2026-05-25,2026-05-25 11:16:36,V039,89.0,0.9831842178335245
2026-05-25,2026-05-25 11:16:37,V039,88.0,1.0110004777344708
2026-05-25,2026-05-25 11:16:38,V039,87.0,1.0132540056356698
2026-05-25,2026-05-25 11:16:39,V039,87.0,1.0119074076121084
2026-05-25,2026-05-25 11:16:40,V039,86.0,1.011478930894374
2026-05-25,2026-05-25 11:16:41,V039,86.0,1.0117568881598813
2026-05-25,2026-05-25 11:16:42,V039,86.0,1.0115880995116837
2026-05-25,2026-05-25 11:16:43,V039,86.0,1.0106334541447113
2026-05-25,2026-05-25 11:16:44,V039,86.0,1.011441393861884
2026-05-25,2026-05-25 11:16:45,V039,86.0,1.0114325832843774
2026-05-25,2026-05-25 11:16:46,V039,87.0,1.011510268446187
2026-05-25,2026-05-25 11:16:47,V039,87.0,1.0112761100330865
2026-05-25,2026-05-25 11:16:48,V039,87.0,1.0117563620243393
2026-05-25,2026-05-25 11:16:49,V039,88.0,1.0112212808989018
2026-05-25,2026-05-25 11:16:50,V039,90.0,1.0110508199419113
2026-05-25,2026-05-25 11:16:51,V039,90.0,1.0111838543935352
2026-05-25,2026-05-25 11:16:52,V039,91.0,1.0121513935741289
2026-05-25,2026-05-25 11:16:53,V039,91.0,1.0114731932397387
2026-05-25,2026-05-25 11:16:54,V039,91.0,1.011265366138019
2026-05-25,2026-05-25 11:16:55,V039,91.0,1.0114033019015274
2026-05-25,2026-05-25 11:16:56,V039,91.0,1.0119436134201494
2026-05-25,2026-05-25 11:16:57,V039,91.0,1.0116956574774507
2026-05-25,2026-05-25 11:16:58,V039,91.0,1.0114516336986539
2026-05-25,2026-05-25 11:16:59,V039,91.0,1.0105368820371177
2026-05-25,2026-05-25 11:17:00,V039,91.0,1.0111837072529422
2026-05-25,2026-05-25 11:17:01,V039,91.0,1.011510016557184
2026-05-25,2026-05-25 11:17:02,V039,91.0,1.0102837923703654
2026-05-25,2026-05-25 11:17:03,V039,91.0,1.011666197803828
2026-05-25,2026-05-25 11:17:04,V039,91.0,1.011385448975024
2026-05-25,2026-05-25 11:17:05,V039,91.0,1.0114262618287249
2026-05-25,2026-05-25 11:17:06,V039,91.0,1.0106506612988948
2026-05-25,2026-05-25 11:17:07,V039,91.0,1.0118218126482308
2026-05-25,2026-05-25 11:17:08,V039,91.0,1.0126301628259784
2026-05-25,2026-05-25 11:17:09,V039,,1.0120568646002528
2026-05-25,2026-05-25 11:17:10,V039,,1.0117739540732598
2026-05-25,2026-05-25 11:17:11,V039,,1.0121688612821957
2026-05-25,2026-05-25 11:17:12,V039,,1.0119533682198363
2026-05-25,2026-05-25 11:17:13,V039,,1.0110885960262763
2026-05-25,2026-05-25 11:17:14,V039,,1.0457189505038655
2026-05-25,2026-05-25 11:17:15,V039,,1.0190576147015555
2026-05-25,2026-05-25 11:17:16,V039,,0.9921279244251329
2026-05-25,2026-05-25 11:17:17,V039,,0.9921885526413547
2026-05-25,2026-05-25 11:17:18,V039,,0.9990663930974812
2026-05-25,2026-05-25 11:17:19,V039,,1.0026330795827572
2026-05-25,2026-05-25 11:17:20,V039,,0.9985127457163727
2026-05-25,2026-05-25 11:17:21,V039,,1.0214594232239218
2026-05-25,2026-05-25 11:17:22,V039,,1.0182656112645847
2026-05-25,2026-05-25 11:17:23,V039,,1.0317814057170638
2026-05-25,2026-05-25 11:17:24,V039,,1.0081635501349508
2026-05-25,2026-05-25 11:17:25,V039,,1.016894659356686
2026-05-25,2026-05-25 11:17:26,V039,,0.996642667402498
2026-05-25,2026-05-25 11:17:27,V039,91.0,1.010296078917783
2026-05-25,2026-05-25 11:17:28,V039,91.0,1.0309027248976805
2026-05-25,2026-05-25 11:17:29,V039,91.0,1.0145112926857798
2026-05-25,2026-05-25 11:17:30,V039,91.0,1.0296971563365902
2026-05-25,2026-05-25 11:17:31,V039,91.0,1.0131085080131472
2026-05-25,2026-05-25 11:17:32,V039,91.0,1.0024454517517836
2026-05-25,2026-05-25 11:17:33,V039,91.0,1.0137096223933841
2026-05-25,2026-05-25 11:17:34,V039,91.0,1.0137831540007074
2026-05-25,2026-05-25 11:17:35,V039,91.0,1.0475835074748787
2026-05-25,2026-05-25 11:17:36,V039,91.0,1.020028598329576
2026-05-25,2026-05-25 11:17:37,V039,91.0,1.188256788420333
2026-05-25,2026-05-25 11:17:38,V039,92.0,1.1880779125697118
2026-05-25,2026-05-25 11:17:39,V039,92.0,1.1237685368712635
2026-05-25,2026-05-25 11:17:40,V039,92.0,1.0989713869095037
2026-05-25,2026-05-25 11:17:41,V039,92.0,1.061111887402912
2026-05-25,2026-05-25 11:17:42,V039,93.0,1.0619060178075643
2026-05-25,2026-05-25 11:17:43,V039,93.0,1.0441274138901564
2026-05-25,2026-05-25 11:17:44,V039,94.0,1.0440808103084855
2026-05-25,2026-05-25 11:17:45,V039,,1.073565489211903
2026-05-25,2026-05-25 11:17:46,V039,,1.0654711598810302
2026-05-25,2026-05-25 11:17:47,V039,,1.0593586904855314
2026-05-25,2026-05-25 11:17:48,V039,,1.0818186657747104
2026-05-25,2026-05-25 11:17:49,V039,,1.03417396582619
2026-05-25,2026-05-25 11:17:50,V039,,1.0252224037410143
2026-05-25,2026-05-25 11:17:51,V039,,1.0720605900087716
2026-05-25,2026-05-25 11:17:52,V039,,1.018821855065979
2026-05-25,2026-05-25 11:17:53,V039,94.0,1.036313913661918
2026-05-25,2026-05-25 11:17:54,V039,94.0,1.039660474075843
2026-05-25,2026-05-25 11:17:55,V039,93.0,1.0074809418006176
2026-05-25,2026-05-25 11:17:56,V039,93.0,1.0552805534280048
2026-05-25,2026-05-25 11:17:57,V039,94.0,0.9990941721392821
2026-05-25,2026-05-25 11:17:58,V039,94.0,1.0123866029861512
2026-05-25,2026-05-25 11:17:59,V039,94.0,0.9955876608582532
2026-05-25,2026-05-25 11:18:00,V039,94.0,1.0267299709973043
2026-05-25,2026-05-25 11:18:01,V039,94.0,0.9974619744318501
2026-05-25,2026-05-25 11:18:02,V039,95.0,0.9796449281603101
2026-05-25,2026-05-25 11:18:03,V039,95.0,1.0083779975386564
2026-05-25,2026-05-25 11:18:04,V039,95.0,0.9925721924239777
2026-05-25,2026-05-25 11:18:05,V039,95.0,0.9876353356533876
2026-05-25,2026-05-25 11:18:06,V039,95.0,1.0039365957608704
2026-05-25,2026-05-25 11:18:07,V039,95.0,1.0023461872023856
2026-05-25,2026-05-25 11:18:08,V039,95.0,1.0123522925716608
2026-05-25,2026-05-25 11:18:09,V039,95.0,1.012143571156266
2026-05-25,2026-05-25 11:18:10,V039,94.0,1.0000473339805929
2026-05-25,2026-05-25 11:18:11,V039,94.0,0.9947681389228192
2026-05-25,2026-05-25 11:18:12,V039,94.0,1.000326597128152
2026-05-25,2026-05-25 11:18:13,V039,94.0,1.0139149668606633
2026-05-25,2026-05-25 11:18:14,V039,94.0,1.010933417092174
2026-05-25,2026-05-25 11:18:15,V039,93.0,1.0260289487583554
2026-05-25,2026-05-25 11:18:16,V039,93.0,1.0278447536947897
2026-05-25,2026-05-25 11:18:17,V039,92.0,1.003605040240389
2026-05-25,2026-05-25 11:18:18,V039,92.0,1.0223571692911848
2026-05-25,2026-05-25 11:18:19,V039,92.0,1.0303392176507042
2026-05-25,2026-05-25 11:18:20,V039,92.0,1.022965347179458
2026-05-25,2026-05-25 11:18:21,V039,92.0,1.0097334906192412
2026-05-25,2026-05-25 11:18:22,V039,92.0,1.0247257155078102
2026-05-25,2026-05-25 11:18:23,V039,93.0,0.9889144728746908
2026-05-25,2026-05-25 11:18:24,V039,93.0,1.0057186673913692
2026-05-25,2026-05-25 11:18:25,V039,94.0,1.0118558645228763
2026-05-25,2026-05-25 11:18:26,V039,94.0,1.005339156515686
2026-05-25,2026-05-25 11:18:27,V039,94.0,1.0128779123423501
2026-05-25,2026-05-25 11:18:28,V039,94.0,0.9956881516382506
2026-05-25,2026-05-25 11:18:29,V039,94.0,0.999035149428398
2026-05-25,2026-05-25 11:18:30,V039,94.0,0.9949115112383861
2026-05-25,2026-05-25 11:18:31,V039,94.0,0.9917521952554263
2026-05-25,2026-05-25 11:18:32,V039,94.0,0.9909129160760013
2026-05-25,2026-05-25 11:18:33,V039,93.0,0.9919003304600948
2026-05-25,2026-05-25 11:18:34,V039,93.0,0.9914490306880505
2026-05-25,2026-05-25 11:18:35,V039,93.0,0.9911430336407294
2026-05-25,2026-05-25 11:18:36,V039,92.0,0.9921520864987069
2026-05-25,2026-05-25 11:18:37,V039,92.0,0.9917181051216089
2026-05-25,2026-05-25 11:18:38,V039,91.0,0.992046071334688
2026-05-25,2026-05-25 11:18:39,V039,88.0,0.992224085112176
2026-05-25,2026-05-25 11:18:40,V039,86.0,0.9931372704152771
2026-05-25,2026-05-25 11:18:41,V039,84.0,0.9926279374767298
2026-05-25,2026-05-25 11:18:42,V039,83.0,0.9929126423094357
2026-05-25,2026-05-25 11:18:43,V039,82.0,0.9927729019041326
2026-05-25,2026-05-25 11:18:44,V039,81.0,0.992946708201102
2026-05-25,2026-05-25 11:18:45,V039,80.0,0.992748201641842
2026-05-25,2026-05-25 11:18:46,V039,80.0,0.9927211216851687
2026-05-25,2026-05-25 11:18:47,V039,80.0,0.9920453587427598
2026-05-25,2026-05-25 11:18:48,V039,80.0,0.9926518282656768
2026-05-25,2026-05-25 11:18:49,V039,81.0,0.9917605165000122
2026-05-25,2026-05-25 11:18:50,V039,82.0,0.9922112808307998
2026-05-25,2026-05-25 11:18:51,V039,83.0,0.9926195803073136
2026-05-25,2026-05-25 11:18:52,V039,84.0,0.993232073318911
2026-05-25,2026-05-25 11:18:53,V039,85.0,0.9917017152428294
2026-05-25,2026-05-25 11:18:54,V039,86.0,0.9925938989801422
2026-05-25,2026-05-25 11:18:55,V039,85.0,0.9932484248163809
2026-05-25,2026-05-25 11:18:56,V039,84.0,0.9926960065754439
2026-05-25,2026-05-25 11:18:57,V039,83.0,0.9933006474428384
2026-05-25,2026-05-25 11:18:58,V039,82.0,0.9931139776515281
2026-05-25,2026-05-25 11:18:59,V039,81.0,1.0173978398467352
2026-05-25,2026-05-25 11:19:00,V039,80.0,1.1261490195661699
2026-05-25,2026-05-25 11:19:01,V039,79.0,1.0198320061781854
2026-05-25,2026-05-25 11:19:02,V039,78.0,1.0528698349458416
2026-05-25,2026-05-25 11:19:03,V039,78.0,1.063490222512249
2026-05-25,2026-05-25 11:19:04,V039,77.0,1.0050035816607832
2026-05-25,2026-05-25 11:19:05,V039,75.0,1.115492149098753
2026-05-25,2026-05-25 11:19:06,V039,74.0,0.9979314598126697
2026-05-25,2026-05-25 11:19:07,V039,72.0,0.9942868787612298
2026-05-25,2026-05-25 11:19:08,V039,71.0,0.9940868678343779
2026-05-25,2026-05-25 11:19:09,V039,71.0,0.9938613299478886
2026-05-25,2026-05-25 11:19:10,V039,71.0,0.9938822133198404
2026-05-25,2026-05-25 11:19:11,V039,71.0,0.9936127852916841
2026-05-25,2026-05-25 11:19:12,V039,71.0,1.0052526019726942
2026-05-25,2026-05-25 11:19:13,V039,71.0,1.0076261160166895
2026-05-25,2026-05-25 11:19:14,V039,71.0,1.0030514037138152
2026-05-25,2026-05-25 11:19:15,V039,72.0,0.9879340803338351
2026-05-25,2026-05-25 11:19:16,V039,72.0,1.0102716917657817
2026-05-25,2026-05-25 11:19:17,V039,72.0,1.0312098633606797
2026-05-25,2026-05-25 11:19:18,V039,72.0,1.0220908366422445
2026-05-25,2026-05-25 11:19:19,V039,73.0,0.9707962483110449
2026-05-25,2026-05-25 11:19:20,V039,74.0,0.9917603166086462
2026-05-25,2026-05-25 11:19:21,V039,75.0,0.9916593539861089
2026-05-25,2026-05-25 11:19:22,V039,75.0,0.9919050826076974
2026-05-25,2026-05-25 11:19:23,V039,75.0,0.9916112677009622
2026-05-25,2026-05-25 11:19:24,V039,75.0,0.9913138037259445
2026-05-25,2026-05-25 11:19:25,V039,75.0,0.9911339855461061
2026-05-25,2026-05-25 11:19:26,V039,75.0,0.9908637123231357
2026-05-25,2026-05-25 11:19:27,V039,75.0,0.9912965452053416
2026-05-25,2026-05-25 11:19:28,V039,74.0,0.9916930120322756
2026-05-25,2026-05-25 11:19:29,V039,74.0,0.9909696901226451
2026-05-25,2026-05-25 11:19:30,V039,74.0,0.991300572617056
2026-05-25,2026-05-25 11:19:31,V039,74.0,0.991765087365226
2026-05-25,2026-05-25 11:19:32,V039,74.0,0.9914430119247526
2026-05-25,2026-05-25 11:19:33,V039,74.0,0.9914349729698935
2026-05-25,2026-05-25 11:19:34,V039,73.0,0.9908935002480092
2026-05-25,2026-05-25 11:19:35,V039,73.0,0.9918984081859682
2026-05-25,2026-05-25 11:19:36,V039,72.0,0.9921833438988459
2026-05-25,2026-05-25 11:19:37,V039,72.0,0.9955975499530331
2026-05-25,2026-05-25 11:19:38,V039,71.0,0.9888775030957162
2026-05-25,2026-05-25 11:19:39,V039,71.0,0.9913095967058391
2026-05-25,2026-05-25 11:19:40,V039,70.0,0.9940761870555007
2026-05-25,2026-05-25 11:19:41,V039,70.0,0.9960812968279591
2026-05-25,2026-05-25 11:19:42,V039,71.0,0.9930239417865951
2026-05-25,2026-05-25 11:19:43,V039,71.0,1.0220852328684358
2026-05-25,2026-05-25 11:19:44,V039,71.0,0.9864660288912196
2026-05-25,2026-05-25 11:19:45,V039,71.0,1.0065125007154954
2026-05-25,2026-05-25 11:19:46,V039,71.0,1.0262894681647388
2026-05-25,2026-05-25 11:19:47,V039,70.0,1.0058066831363508
2026-05-25,2026-05-25 11:19:48,V039,70.0,0.9834832438336443
2026-05-25,2026-05-25 11:19:49,V039,70.0,1.0337122163288823
2026-05-25,2026-05-25 11:19:50,V039,70.0,1.0081860313601647
2026-05-25,2026-05-25 11:19:51,V039,69.0,0.9899090547495057
2026-05-25,2026-05-25 11:19:52,V039,68.0,0.9976599988531138
2026-05-25,2026-05-25 11:19:53,V039,67.0,1.020982504791653
2026-05-25,2026-05-25 11:19:54,V039,67.0,1.0015112550185328
2026-05-25,2026-05-25 11:19:55,V039,66.0,0.991865619063241
2026-05-25,2026-05-25 11:19:56,V039,66.0,0.9866599558615845
2026-05-25,2026-05-25 11:19:57,V039,67.0,0.9899100992931149
2026-05-25,2026-05-25 11:19:58,V039,68.0,0.9845537579060956
2026-05-25,2026-05-25 11:19:59,V039,69.0,0.9894607600219055
2026-05-25,2026-05-25 11:20:00,V039,69.0,0.9874547311004362
2026-05-25,2026-05-25 11:20:01,V039,70.0,0.9914912904443203
2026-05-25,2026-05-25 11:20:02,V039,71.0,0.987203900031591
2026-05-25,2026-05-25 11:20:03,V039,71.0,0.9932238394041252
2026-05-25,2026-05-25 11:20:04,V039,72.0,0.9879651918313472
2026-05-25,2026-05-25 11:20:05,V039,72.0,0.9891120734314623
2026-05-25,2026-05-25 11:20:06,V039,73.0,0.9936673419790933
2026-05-25,2026-05-25 11:20:07,V039,73.0,0.9914203926903646
2026-05-25,2026-05-25 11:20:08,V039,74.0,0.9902332543556266
2026-05-25,2026-05-25 11:20:09,V039,75.0,0.9965159843894336
2026-05-25,2026-05-25 11:20:10,V039,76.0,0.989681489372574
2026-05-25,2026-05-25 11:20:11,V039,77.0,0.9964340566581745
2026-05-25,2026-05-25 11:20:12,V039,78.0,1.00040303833341
2026-05-25,2026-05-25 11:20:13,V039,80.0,0.9931652933047065
2026-05-25,2026-05-25 11:20:14,V039,81.0,1.0010158787573276
2026-05-25,2026-05-25 11:20:15,V039,82.0,0.9917073959913943
2026-05-25,2026-05-25 11:20:16,V039,83.0,0.9908159584951327
2026-05-25,2026-05-25 11:20:17,V039,85.0,0.9856198206688496
2026-05-25,2026-05-25 11:20:18,V039,86.0,0.987960387716521
2026-05-25,2026-05-25 11:20:19,V039,87.0,0.9872600561124139
2026-05-25,2026-05-25 11:20:20,V039,88.0,0.9883967094819194
2026-05-25,2026-05-25 11:20:21,V039,89.0,0.9867235200548069
2026-05-25,2026-05-25 11:20:22,V039,90.0,0.9859895463437962
2026-05-25,2026-05-25 11:20:23,V039,91.0,0.9876143391503495
2026-05-25,2026-05-25 11:20:24,V039,91.0,0.9860545576656282
2026-05-25,2026-05-25 11:20:25,V039,91.0,0.9873414453898254
2026-05-25,2026-05-25 11:20:26,V039,91.0,0.9883154202822826
2026-05-25,2026-05-25 11:20:27,V039,91.0,0.9857229141421594
2026-05-25,2026-05-25 11:20:28,V039,90.0,0.9885773386111046
2026-05-25,2026-05-25 11:20:29,V039,89.0,0.9864820794332287
2026-05-25,2026-05-25 11:20:30,V039,88.0,0.9861167084741248
2026-05-25,2026-05-25 11:20:31,V039,86.0,0.9877098528640906
2026-05-25,2026-05-25 11:20:32,V039,85.0,0.9866486627421645
2026-05-25,2026-05-25 11:20:33,V039,84.0,0.9880891926116532
2026-05-25,2026-05-25 11:20:34,V039,83.0,0.9872617559221594
2026-05-25,2026-05-25 11:20:35,V039,82.0,0.987544037336969
2026-05-25,2026-05-25 11:20:36,V039,82.0,0.9871462387050091
2026-05-25,2026-05-25 11:20:37,V039,81.0,0.9875340660502792
2026-05-25,2026-05-25 11:20:38,V039,81.0,0.9863327726443258
2026-05-25,2026-05-25 11:20:39,V039,80.0,0.9877542532445034
2026-05-25,2026-05-25 11:20:40,V039,80.0,0.9884554182253793
2026-05-25,2026-05-25 11:20:41,V039,79.0,0.9870895222411545
2026-05-25,2026-05-25 11:20:42,V039,78.0,0.9878134821239898
2026-05-25,2026-05-25 11:20:43,V039,77.0,0.9866680573159842
2026-05-25,2026-05-25 11:20:44,V039,77.0,0.9875686136131782
2026-05-25,2026-05-25 11:20:45,V039,76.0,0.9876086406527885
2026-05-25,2026-05-25 11:20:46,V039,75.0,0.986350796390596
2026-05-25,2026-05-25 11:20:47,V039,74.0,0.9876522835201677
2026-05-25,2026-05-25 11:20:48,V039,73.0,0.9881363708027895
2026-05-25,2026-05-25 11:20:49,V039,73.0,0.9875103665420272
2026-05-25,2026-05-25 11:20:50,V039,72.0,0.9873008741910618
2026-05-25,2026-05-25 11:20:51,V039,72.0,0.9888444334341783
2026-05-25,2026-05-25 11:20:52,V039,72.0,0.9876282019361512
2026-05-25,2026-05-25 11:20:53,V039,73.0,0.9875429970168327
2026-05-25,2026-05-25 11:20:54,V039,73.0,0.988220987312716
2026-05-25,2026-05-25 11:20:55,V039,74.0,0.9874044567755962
2026-05-25,2026-05-25 11:20:56,V039,75.0,0.9884621293184858
2026-05-25,2026-05-25 11:20:57,V039,76.0,0.9876763357838722
2026-05-25,2026-05-25 11:20:58,V039,76.0,0.9869837698226338
2026-05-25,2026-05-25 11:20:59,V039,75.0,0.9880143735825875
2026-05-25,2026-05-25 11:21:00,V039,75.0,0.9876351600426412
2026-05-25,2026-05-25 11:21:01,V039,74.0,0.9931948191454347
2026-05-25,2026-05-25 11:21:02,V039,74.0,0.9916140484463664
2026-05-25,2026-05-25 11:21:03,V039,74.0,0.9707987899276188
2026-05-25,2026-05-25 11:21:04,V039,75.0,1.028091137504381
2026-05-25,2026-05-25 11:21:05,V039,75.0,0.9834974160431663
2026-05-25,2026-05-25 11:21:06,V039,75.0,0.9903671711689629
2026-05-25,2026-05-25 11:21:07,V039,74.0,0.9929668459710971
2026-05-25,2026-05-25 11:21:08,V039,74.0,0.9928382664880371
2026-05-25,2026-05-25 11:21:09,V039,75.0,1.010867415875945
2026-05-25,2026-05-25 11:21:10,V039,76.0,1.0010398547087682
2026-05-25,2026-05-25 11:21:11,V039,78.0,1.0045963064128396
2026-05-25,2026-05-25 11:21:12,V039,79.0,1.001390850383581
2026-05-25,2026-05-25 11:21:13,V039,79.0,0.9965840663804041
2026-05-25,2026-05-25 11:21:14,V039,80.0,0.9935276275467773
2026-05-25,2026-05-25 11:21:15,V039,80.0,1.0074903988870636
2026-05-25,2026-05-25 11:21:16,V039,80.0,1.0096494384793266
2026-05-25,2026-05-25 11:21:17,V039,81.0,0.9946799001016102
2026-05-25,2026-05-25 11:21:18,V039,81.0,1.0150440515470844
2026-05-25,2026-05-25 11:21:19,V039,82.0,0.9879288632942647
2026-05-25,2026-05-25 11:21:20,V039,83.0,1.0045124248202235
2026-05-25,2026-05-25 11:21:21,V039,84.0,0.9926257736142894
2026-05-25,2026-05-25 11:21:22,V039,85.0,0.9845441404556856
2026-05-25,2026-05-25 11:21:23,V039,86.0,1.008460701495281
2026-05-25,2026-05-25 11:21:24,V039,86.0,0.9882984700413375
2026-05-25,2026-05-25 11:21:25,V039,87.0,0.9910376807334713
2026-05-25,2026-05-25 11:21:26,V039,87.0,0.9977900701291432
2026-05-25,2026-05-25 11:21:27,V039,86.0,1.0062423756146341
2026-05-25,2026-05-25 11:21:28,V039,86.0,0.9959204844101719
2026-05-25,2026-05-25 11:21:29,V039,86.0,1.0091356661145512
2026-05-25,2026-05-25 11:21:30,V039,86.0,0.996456735946863
2026-05-25,2026-05-25 11:21:31,V039,86.0,1.028554886152221
2026-05-25,2026-05-25 11:21:32,V039,87.0,0.9833574695189621
2026-05-25,2026-05-25 11:21:33,V039,87.0,1.0005791294716904
2026-05-25,2026-05-25 11:21:34,V039,88.0,0.9857340129283764
2026-05-25,2026-05-25 11:21:35,V039,89.0,1.0101090043480334
2026-05-25,2026-05-25 11:21:36,V039,89.0,1.050044400467294
2026-05-25,2026-05-25 11:21:37,V039,89.0,1.0166194505684527
2026-05-25,2026-05-25 11:21:38,V039,90.0,1.0096487734529833
2026-05-25,2026-05-25 11:21:39,V039,90.0,1.0318306526193965
2026-05-25,2026-05-25 11:21:40,V039,90.0,1.0114114642245884
2026-05-25,2026-05-25 11:21:41,V039,90.0,0.9922577346566114
2026-05-25,2026-05-25 11:21:42,V039,90.0,0.9904309561087795
2026-05-25,2026-05-25 11:21:43,V039,90.0,0.9957461074600391
2026-05-25,2026-05-25 11:21:44,V039,91.0,0.9926980611973082
2026-05-25,2026-05-25 11:21:45,V039,90.0,0.981168452325157
2026-05-25,2026-05-25 11:21:46,V039,90.0,0.9965497902501899
2026-05-25,2026-05-25 11:21:47,V039,90.0,1.0001340352944121
2026-05-25,2026-05-25 11:21:48,V039,91.0,0.9799622934191304
2026-05-25,2026-05-25 11:21:49,V039,91.0,0.9995341258777772
2026-05-25,2026-05-25 11:21:50,V039,91.0,0.9871605764469976
2026-05-25,2026-05-25 11:21:51,V039,92.0,1.0388786764838576
2026-05-25,2026-05-25 11:21:52,V039,92.0,0.9701438708371362
2026-05-25,2026-05-25 11:21:53,V039,93.0,0.9949490178009383
2026-05-25,2026-05-25 11:21:54,V039,93.0,0.9878750424886225
2026-05-25,2026-05-25 11:21:55,V039,94.0,1.00572801644942
2026-05-25,2026-05-25 11:21:56,V039,94.0,0.9835712436282283
2026-05-25,2026-05-25 11:21:57,V039,94.0,0.9888908878341127
2026-05-25,2026-05-25 11:21:58,V039,94.0,0.996186879111996
2026-05-25,2026-05-25 11:21:59,V039,94.0,0.9837826999915785
2026-05-25,2026-05-25 11:22:00,V039,94.0,1.0258491381451904
2026-05-25,2026-05-25 11:22:01,V039,94.0,1.0159976016846866
2026-05-25,2026-05-25 11:22:02,V039,94.0,1.133397319050415
2026-05-25,2026-05-25 11:22:03,V039,93.0,0.9852339952883449
2026-05-25,2026-05-25 11:22:04,V039,93.0,1.0051215166845973
2026-05-25,2026-05-25 11:22:05,V039,92.0,1.0083130277009003
2026-05-25,2026-05-25 11:22:06,V039,91.0,0.9870886755054632
2026-05-25,2026-05-25 11:22:07,V039,90.0,0.9935538596549033
2026-05-25,2026-05-25 11:22:08,V039,90.0,1.0181754849015234
2026-05-25,2026-05-25 11:22:09,V039,89.0,0.9602168945774798
2026-05-25,2026-05-25 11:22:10,V039,88.0,1.0104794071053411
2026-05-25,2026-05-25 11:22:11,V039,87.0,1.008700113619962
2026-05-25,2026-05-25 11:22:12,V039,87.0,0.9897195659298486
2026-05-25,2026-05-25 11:22:13,V039,87.0,0.9968633447858604
2026-05-25,2026-05-25 11:22:14,V039,88.0,1.0376483771799832
2026-05-25,2026-05-25 11:22:15,V039,88.0,0.9744165853951511
2026-05-25,2026-05-25 11:22:16,V039,88.0,0.9671702821480526
2026-05-25,2026-05-25 11:22:17,V039,88.0,1.0005013624861976
2026-05-25,2026-05-25 11:22:18,V039,88.0,1.016735961978024
2026-05-25,2026-05-25 11:22:19,V039,88.0,0.9708994412395209
2026-05-25,2026-05-25 11:22:20,V039,89.0,0.9942315056023621
2026-05-25,2026-05-25 11:22:21,V039,89.0,1.00928424916212
2026-05-25,2026-05-25 11:22:22,V039,90.0,0.9707076745681925
2026-05-25,2026-05-25 11:22:23,V039,90.0,1.0103502942772906
2026-05-25,2026-05-25 11:22:24,V039,90.0,0.9125709344985864
2026-05-25,2026-05-25 11:22:25,V039,90.0,1.0080715512169942
2026-05-25,2026-05-25 11:22:26,V039,90.0,0.9981865298752304
2026-05-25,2026-05-25 11:22:27,V039,90.0,1.0248676932843053
2026-05-25,2026-05-25 11:22:28,V039,90.0,0.9884295839850088
2026-05-25,2026-05-25 11:22:29,V039,90.0,1.02799365749631
2026-05-25,2026-05-25 11:22:30,V039,90.0,0.9856471444977841
2026-05-25,2026-05-25 11:22:31,V039,90.0,1.0184573157265773
2026-05-25,2026-05-25 11:22:32,V039,90.0,1.0369133333765805
2026-05-25,2026-05-25 11:22:33,V039,90.0,0.9037555023707222
2026-05-25,2026-05-25 11:22:34,V039,90.0,1.0244338838159306
2026-05-25,2026-05-25 11:22:35,V039,90.0,0.9976043657772788
2026-05-25,2026-05-25 11:22:36,V039,90.0,1.0184999391543135
2026-05-25,2026-05-25 11:22:37,V039,90.0,1.0018876172520967
2026-05-25,2026-05-25 11:22:38,V039,90.0,0.9502861426767555
2026-05-25,2026-05-25 11:22:39,V039,90.0,1.0655354966371688
2026-05-25,2026-05-25 11:22:40,V039,91.0,0.9840516817027436
2026-05-25,2026-05-25 11:22:41,V039,91.0,0.9945645689164636
2026-05-25,2026-05-25 11:22:42,V039,91.0,1.0112653712810675
2026-05-25,2026-05-25 11:22:43,V039,92.0,1.008901466567975
2026-05-25,2026-05-25 11:22:44,V039,93.0,0.9553286135139097
2026-05-25,2026-05-25 11:22:45,V039,93.0,1.0329094695745864
2026-05-25,2026-05-25 11:22:46,V039,94.0,0.9822703328257611
2026-05-25,2026-05-25 11:22:47,V039,96.0,1.0693490492165856
2026-05-25,2026-05-25 11:22:48,V039,97.0,1.0161688671609594
2026-05-25,2026-05-25 11:22:49,V039,98.0,0.9896931500442393
2026-05-25,2026-05-25 11:22:50,V039,99.0,0.9817951674324574
2026-05-25,2026-05-25 11:22:51,V039,99.0,0.9729663052507688
2026-05-25,2026-05-25 11:22:52,V039,100.0,0.9526045381550066
2026-05-25,2026-05-25 11:22:53,V039,100.0,1.0189769267933853
2026-05-25,2026-05-25 11:22:54,V039,100.0,0.9690385754175785
2026-05-25,2026-05-25 11:22:55,V039,100.0,1.0547468567998324
2026-05-25,2026-05-25 11:22:56,V039,100.0,0.9824691772963994
2026-05-25,2026-05-25 11:22:57,V039,100.0,0.97220997610119
2026-05-25,2026-05-25 11:22:58,V039,101.0,1.0611402581387726
2026-05-25,2026-05-25 11:22:59,V039,101.0,1.0165286555124002
2026-05-25,2026-05-25 11:23:00,V039,101.0,0.9920985181466374
2026-05-25,2026-05-25 11:23:01,V039,101.0,0.9983874165573221
2026-05-25,2026-05-25 11:23:02,V039,101.0,0.9776940455669336
2026-05-25,2026-05-25 11:23:03,V039,101.0,0.9429890687721691
2026-05-25,2026-05-25 11:23:04,V039,101.0,1.0310919204454303
2026-05-25,2026-05-25 11:23:05,V039,101.0,0.9844296462028472
2026-05-25,2026-05-25 11:23:06,V039,101.0,0.971310338901064
2026-05-25,2026-05-25 11:23:07,V039,101.0,1.0779197221220274
2026-05-25,2026-05-25 11:23:08,V039,101.0,0.9782361248673659
2026-05-25,2026-05-25 11:23:09,V039,101.0,0.9882859003869184
2026-05-25,2026-05-25 11:23:10,V039,102.0,1.0037968449380494
2026-05-25,2026-05-25 11:23:11,V039,102.0,1.0343098301979479
2026-05-25,2026-05-25 11:23:12,V039,102.0,0.9697397249830287
2026-05-25,2026-05-25 11:23:13,V039,102.0,0.9856938953731802
2026-05-25,2026-05-25 11:23:14,V039,102.0,0.9768678781160041
2026-05-25,2026-05-25 11:23:15,V039,102.0,0.9951359997620761
2026-05-25,2026-05-25 11:23:16,V039,102.0,1.00741999846498
2026-05-25,2026-05-25 11:23:17,V039,103.0,0.9892394729434444
2026-05-25,2026-05-25 11:23:18,V039,103.0,1.0643030169940266
2026-05-25,2026-05-25 11:23:19,V039,104.0,0.9776831309207864
2026-05-25,2026-05-25 11:23:20,V039,104.0,0.9873587793909593
2026-05-25,2026-05-25 11:23:21,V039,105.0,0.9925195340180929
2026-05-25,2026-05-25 11:23:22,V039,105.0,0.9908128690801207
2026-05-25,2026-05-25 11:23:23,V039,106.0,0.9939250820472603
2026-05-25,2026-05-25 11:23:24,V039,106.0,1.0066632219047276
2026-05-25,2026-05-25 11:23:25,V039,106.0,1.0254750136185473
2026-05-25,2026-05-25 11:23:26,V039,106.0,0.9971621343615762
2026-05-25,2026-05-25 11:23:27,V039,106.0,0.9745218270710562
2026-05-25,2026-05-25 11:23:28,V039,106.0,0.9711453835041828
2026-05-25,2026-05-25 11:23:29,V039,105.0,0.9860023470164692
2026-05-25,2026-05-25 11:23:30,V039,105.0,0.9902329105315851
2026-05-25,2026-05-25 11:23:31,V039,105.0,1.0050233528483519
2026-05-25,2026-05-25 11:23:32,V039,105.0,1.0323835065784586
2026-05-25,2026-05-25 11:23:33,V039,105.0,1.014877826285231
2026-05-25,2026-05-25 11:23:34,V039,106.0,0.9719997808784736
2026-05-25,2026-05-25 11:23:35,V039,106.0,0.967309835883309
2026-05-25,2026-05-25 11:23:36,V039,106.0,0.9807213048808302
2026-05-25,2026-05-25 11:23:37,V039,106.0,1.0300930478357622
2026-05-25,2026-05-25 11:23:38,V039,106.0,1.0046123591181761
2026-05-25,2026-05-25 11:23:39,V039,106.0,0.951775309677026
2026-05-25,2026-05-25 11:23:40,V039,105.0,1.0246916113798963
2026-05-25,2026-05-25 11:23:41,V039,105.0,0.9737681640491165
2026-05-25,2026-05-25 11:23:42,V039,105.0,0.9820190629766128
2026-05-25,2026-05-25 11:23:43,V039,105.0,0.9755333723685523
2026-05-25,2026-05-25 11:23:44,V039,105.0,0.9991626409634804
2026-05-25,2026-05-25 11:23:45,V039,105.0,1.04704441512212
2026-05-25,2026-05-25 11:23:46,V039,105.0,1.0213518501073422
2026-05-25,2026-05-25 11:23:47,V039,105.0,0.9814491325393275
2026-05-25,2026-05-25 11:23:48,V039,104.0,0.9651412378444792
2026-05-25,2026-05-25 11:23:49,V039,104.0,0.9762313012788794
2026-05-25,2026-05-25 11:23:50,V039,104.0,0.9997524515277465
2026-05-25,2026-05-25 11:23:51,V039,104.0,1.0057667371788073
2026-05-25,2026-05-25 11:23:52,V039,104.0,1.0192581034475878
2026-05-25,2026-05-25 11:23:53,V039,104.0,1.0274981728940653
2026-05-25,2026-05-25 11:23:54,V039,104.0,1.0119371236962358
2026-05-25,2026-05-25 11:23:55,V039,103.0,0.9947991438422364
2026-05-25,2026-05-25 11:23:56,V039,103.0,0.9925955985511151
2026-05-25,2026-05-25 11:23:57,V039,103.0,0.9920334472602356
2026-05-25,2026-05-25 11:23:58,V039,103.0,0.9834850030731207
2026-05-25,2026-05-25 11:23:59,V039,103.0,0.983441164324284
2026-05-25,2026-05-25 11:24:00,V039,103.0,0.971753670567403
2026-05-25,2026-05-25 11:24:01,V039,103.0,0.9837733831543257
2026-05-25,2026-05-25 11:24:02,V039,103.0,0.9800346945912841
2026-05-25,2026-05-25 11:24:03,V039,102.0,0.991957578361861
2026-05-25,2026-05-25 11:24:04,V039,101.0,0.9913317529252295
2026-05-25,2026-05-25 11:24:05,V039,101.0,0.9949761617314645
2026-05-25,2026-05-25 11:24:06,V039,100.0,1.0045813801801322
2026-05-25,2026-05-25 11:24:07,V039,100.0,0.9878743975570212
2026-05-25,2026-05-25 11:24:08,V039,100.0,1.0280584619028752
2026-05-25,2026-05-25 11:24:09,V039,100.0,1.0132679801714461
2026-05-25,2026-05-25 11:24:10,V039,100.0,1.0095522369238328
2026-05-25,2026-05-25 11:24:11,V039,100.0,0.9789373844784246
2026-05-25,2026-05-25 11:24:12,V039,100.0,0.9574402000992004
2026-05-25,2026-05-25 11:24:13,V039,100.0,0.9792724401101461
2026-05-25,2026-05-25 11:24:14,V039,100.0,1.0072483525516973
2026-05-25,2026-05-25 11:24:15,V039,100.0,1.0266014106495203
2026-05-25,2026-05-25 11:24:16,V039,100.0,1.0088515293832474
2026-05-25,2026-05-25 11:24:17,V039,99.0,0.9407843718443729
2026-05-25,2026-05-25 11:24:18,V039,99.0,1.0066016760845315
2026-05-25,2026-05-25 11:24:19,V039,99.0,0.9617162762777572
2026-05-25,2026-05-25 11:24:20,V039,98.0,1.0422347727646564
2026-05-25,2026-05-25 11:24:21,V039,98.0,0.9960608252662296
2026-05-25,2026-05-25 11:24:22,V039,97.0,1.0078462892677424
2026-05-25,2026-05-25 11:24:23,V039,97.0,1.01743080570766
2026-05-25,2026-05-25 11:24:24,V039,97.0,0.9857918832200088
2026-05-25,2026-05-25 11:24:25,V039,97.0,0.9723766040010878
2026-05-25,2026-05-25 11:24:26,V039,97.0,0.9866208956015785
2026-05-25,2026-05-25 11:24:27,V039,97.0,1.0187997457156606
2026-05-25,2026-05-25 11:24:28,V039,97.0,1.0252088613139119
2026-05-25,2026-05-25 11:24:29,V039,97.0,1.0234580863370704
2026-05-25,2026-05-25 11:24:30,V039,97.0,0.9995199767725441
2026-05-25,2026-05-25 11:24:31,V039,97.0,0.9837857845658485
2026-05-25,2026-05-25 11:24:32,V039,96.0,0.9719484543107404
2026-05-25,2026-05-25 11:24:33,V039,96.0,0.9705684588920471
2026-05-25,2026-05-25 11:24:34,V039,96.0,0.9847951218293319
2026-05-25,2026-05-25 11:24:35,V039,95.0,1.021204084225563
2026-05-25,2026-05-25 11:24:36,V039,95.0,1.0397961105713736
2026-05-25,2026-05-25 11:24:37,V039,96.0,0.9944393572317164
2026-05-25,2026-05-25 11:24:38,V039,96.0,0.9767132908009057
2026-05-25,2026-05-25 11:24:39,V039,97.0,0.9638327849708047
2026-05-25,2026-05-25 11:24:40,V039,98.0,1.0198239836105225
2026-05-25,2026-05-25 11:24:41,V039,98.0,1.0478684685999247
2026-05-25,2026-05-25 11:24:42,V039,99.0,0.9957428618832506
2026-05-25,2026-05-25 11:24:43,V039,99.0,0.960757824793423
2026-05-25,2026-05-25 11:24:44,V039,99.0,0.96597737130592
2026-05-25,2026-05-25 11:24:45,V039,99.0,1.0059642830891435
2026-05-25,2026-05-25 11:24:46,V039,100.0,1.0266531802951753
2026-05-25,2026-05-25 11:24:47,V039,100.0,1.0136388297798118
2026-05-25,2026-05-25 11:24:48,V039,100.0,0.9807273006916685
2026-05-25,2026-05-25 11:24:49,V039,100.0,0.9538995255808694
2026-05-25,2026-05-25 11:24:50,V039,100.0,0.9816553793142837
2026-05-25,2026-05-25 11:24:51,V039,100.0,1.0282976046306007
2026-05-25,2026-05-25 11:24:52,V039,100.0,1.022576457427373
2026-05-25,2026-05-25 11:24:53,V039,100.0,0.9918250038328522
2026-05-25,2026-05-25 11:24:54,V039,100.0,0.9762533853029883
2026-05-25,2026-05-25 11:24:55,V039,100.0,0.9848835378760906
2026-05-25,2026-05-25 11:24:56,V039,99.0,0.9610016235854857
2026-05-25,2026-05-25 11:24:57,V039,99.0,1.001099212438019
2026-05-25,2026-05-25 11:24:58,V039,98.0,1.0285367199735058
2026-05-25,2026-05-25 11:24:59,V039,97.0,1.01225388798454
2026-05-25,2026-05-25 11:25:00,V039,97.0,0.978963111085831
2026-05-25,2026-05-25 11:25:01,V039,96.0,0.9711528097598944
2026-05-25,2026-05-25 11:25:02,V039,95.0,0.9703631394730947
2026-05-25,2026-05-25 11:25:03,V039,94.0,1.0054920879672407
2026-05-25,2026-05-25 11:25:04,V039,93.0,1.0306552836694844
2026-05-25,2026-05-25 11:25:05,V039,93.0,1.030247868621272
2026-05-25,2026-05-25 11:25:06,V039,93.0,0.9701720850888607
2026-05-25,2026-05-25 11:25:07,V039,93.0,0.9662051965032831
2026-05-25,2026-05-25 11:25:08,V039,93.0,0.9804810526022858
2026-05-25,2026-05-25 11:25:09,V039,93.0,1.0374909768598277
2026-05-25,2026-05-25 11:25:10,V039,93.0,1.0175194241808039
2026-05-25,2026-05-25 11:25:11,V039,93.0,0.9737473351628161
2026-05-25,2026-05-25 11:25:12,V039,93.0,0.955786675005072
2026-05-25,2026-05-25 11:25:13,V039,93.0,0.9873872000513012
2026-05-25,2026-05-25 11:25:14,V039,93.0,1.0259172459289794
2026-05-25,2026-05-25 11:25:15,V039,94.0,1.0279450534709225
2026-05-25,2026-05-25 11:25:16,V039,94.0,0.992055447376605
2026-05-25,2026-05-25 11:25:17,V039,94.0,0.9639457724139646
2026-05-25,2026-05-25 11:25:18,V039,94.0,0.9648238425341764
2026-05-25,2026-05-25 11:25:19,V039,94.0,0.9894121894225613
2026-05-25,2026-05-25 11:25:20,V039,94.0,1.013842594120299
2026-05-25,2026-05-25 11:25:21,V039,94.0,1.0165022033632638
2026-05-25,2026-05-25 11:25:22,V039,94.0,1.0214568216771858
2026-05-25,2026-05-25 11:25:23,V039,95.0,0.9941234204011075
2026-05-25,2026-05-25 11:25:24,V039,95.0,0.9901260901996973
2026-05-25,2026-05-25 11:25:25,V039,96.0,0.9789315227276925
2026-05-25,2026-05-25 11:25:26,V039,96.0,0.954512408578756
2026-05-25,2026-05-25 11:25:27,V039,97.0,0.9846597065450056
2026-05-25,2026-05-25 11:25:28,V039,97.0,1.0364558509622976
2026-05-25,2026-05-25 11:25:29,V039,97.0,1.0307181239718544
2026-05-25,2026-05-25 11:25:30,V039,97.0,0.9626157042282804
2026-05-25,2026-05-25 11:25:31,V039,97.0,0.9733379496021887
2026-05-25,2026-05-25 11:25:32,V039,97.0,0.9623364442596943
2026-05-25,2026-05-25 11:25:33,V039,97.0,1.016775005951864
2026-05-25,2026-05-25 11:25:34,V039,97.0,0.9994647831701382
2026-05-25,2026-05-25 11:25:35,V039,97.0,1.0092141448975742
2026-05-25,2026-05-25 11:25:36,V039,97.0,1.0153817879076705
2026-05-25,2026-05-25 11:25:37,V039,98.0,1.032294619479665
2026-05-25,2026-05-25 11:25:38,V039,98.0,0.9991896308332953
2026-05-25,2026-05-25 11:25:39,V039,99.0,1.0067472647841134
2026-05-25,2026-05-25 11:25:40,V039,99.0,1.0024955351366354
2026-05-25,2026-05-25 11:25:41,V039,100.0,1.0070277561799803
2026-05-25,2026-05-25 11:25:42,V039,100.0,0.992277656063795
2026-05-25,2026-05-25 11:25:43,V039,100.0,0.9690156133302735
2026-05-25,2026-05-25 11:25:44,V039,100.0,0.9843998761711161
2026-05-25,2026-05-25 11:25:45,V039,101.0,0.9823387159867165
2026-05-25,2026-05-25 11:25:46,V039,101.0,0.9749565894344937
2026-05-25,2026-05-25 11:25:47,V039,101.0,0.9995370229973252
2026-05-25,2026-05-25 11:25:48,V039,101.0,1.009591318067832
2026-05-25,2026-05-25 11:25:49,V039,101.0,1.0420491976959951
2026-05-25,2026-05-25 11:25:50,V039,101.0,1.0094678105222008
2026-05-25,2026-05-25 11:25:51,V039,102.0,0.9796244646844436
2026-05-25,2026-05-25 11:25:52,V039,102.0,0.9693508645694133
2026-05-25,2026-05-25 11:25:53,V039,102.0,0.9703804333067731
2026-05-25,2026-05-25 11:25:54,V039,102.0,0.9918039773277854
2026-05-25,2026-05-25 11:25:55,V039,102.0,1.0292995962072498
2026-05-25,2026-05-25 11:25:56,V039,102.0,1.0225939141228715
2026-05-25,2026-05-25 11:25:57,V039,102.0,0.9949705823923116
2026-05-25,2026-05-25 11:25:58,V039,102.0,0.9724705383445835
2026-05-25,2026-05-25 11:25:59,V039,101.0,0.9624121044458823
2026-05-25,2026-05-25 11:26:00,V039,101.0,0.9851413100075187
2026-05-25,2026-05-25 11:26:01,V039,101.0,1.0141896493618843
2026-05-25,2026-05-25 11:26:02,V039,100.0,1.0298667030545754
2026-05-25,2026-05-25 11:26:03,V039,100.0,1.0141088752722907
2026-05-25,2026-05-25 11:26:04,V039,100.0,0.9678595489628116
2026-05-25,2026-05-25 11:26:05,V039,100.0,0.9721620485993665
2026-05-25,2026-05-25 11:26:06,V039,100.0,0.9832024316371829
2026-05-25,2026-05-25 11:26:07,V039,101.0,1.048164041488485
2026-05-25,2026-05-25 11:26:08,V039,101.0,1.0124651314839987
2026-05-25,2026-05-25 11:26:09,V039,101.0,0.9817263819014416
2026-05-25,2026-05-25 11:26:10,V039,101.0,0.9769545692519821
2026-05-25,2026-05-25 11:26:11,V039,101.0,0.982132959095777
2026-05-25,2026-05-25 11:26:12,V039,101.0,0.99413571018542
2026-05-25,2026-05-25 11:26:13,V039,101.0,0.9842124150540021
2026-05-25,2026-05-25 11:26:14,V039,101.0,0.9944019430258433
2026-05-25,2026-05-25 11:26:15,V039,101.0,0.9979029176923411
2026-05-25,2026-05-25 11:26:16,V039,101.0,1.005529386025706
2026-05-25,2026-05-25 11:26:17,V039,101.0,0.9961370827532083
2026-05-25,2026-05-25 11:26:18,V039,101.0,1.0022471763710745
2026-05-25,2026-05-25 11:26:19,V039,101.0,0.9996719020701821
2026-05-25,2026-05-25 11:26:20,V039,101.0,1.0277619360873453
2026-05-25,2026-05-25 11:26:21,V039,101.0,1.000411464758631
2026-05-25,2026-05-25 11:26:22,V039,101.0,1.006613327421052
2026-05-25,2026-05-25 11:26:23,V039,100.0,1.009714929114004
2026-05-25,2026-05-25 11:26:24,V039,100.0,0.999346602598806
2026-05-25,2026-05-25 11:26:25,V039,100.0,1.012906274387646
2026-05-25,2026-05-25 11:26:26,V039,99.0,0.9966734068062978
2026-05-25,2026-05-25 11:26:27,V039,99.0,1.003410323498498
2026-05-25,2026-05-25 11:26:28,V039,99.0,0.9950929868220625
2026-05-25,2026-05-25 11:26:29,V039,98.0,1.005699105316125
2026-05-25,2026-05-25 11:26:30,V039,98.0,0.9989976692089687
2026-05-25,2026-05-25 11:26:31,V039,97.0,0.9954266785726964
2026-05-25,2026-05-25 11:26:32,V039,96.0,1.014438079927403
2026-05-25,2026-05-25 11:26:33,V039,95.0,1.0022525509125115
2026-05-25,2026-05-25 11:26:34,V039,94.0,1.0290654922636189
2026-05-25,2026-05-25 11:26:35,V039,94.0,1.0007376496191671
2026-05-25,2026-05-25 11:26:36,V039,93.0,1.0146502389397927
2026-05-25,2026-05-25 11:26:37,V039,93.0,1.006535272280036
2026-05-25,2026-05-25 11:26:38,V039,93.0,1.0139136907106638
2026-05-25,2026-05-25 11:26:39,V039,93.0,0.9993291663019179
2026-05-25,2026-05-25 11:26:40,V039,93.0,1.0197225156823566
2026-05-25,2026-05-25 11:26:41,V039,93.0,1.008649845502633
2026-05-25,2026-05-25 11:26:42,V039,93.0,1.0166980328574047
2026-05-25,2026-05-25 11:26:43,V039,94.0,1.0180314886296424
2026-05-25,2026-05-25 11:26:44,V039,94.0,1.0071472044444834
2026-05-25,2026-05-25 11:26:45,V039,95.0,0.9968420569286022
2026-05-25,2026-05-25 11:26:46,V039,96.0,0.9731085047837003
2026-05-25,2026-05-25 11:26:47,V039,97.0,0.9841667611802817
2026-05-25,2026-05-25 11:26:48,V039,98.0,0.9677303454320134
2026-05-25,2026-05-25 11:26:49,V039,99.0,0.9792315331617111
2026-05-25,2026-05-25 11:26:50,V039,100.0,0.9976905802938112
2026-05-25,2026-05-25 11:26:51,V039,101.0,1.0193895826811379
2026-05-25,2026-05-25 11:26:52,V039,102.0,1.0219081814735003
2026-05-25,2026-05-25 11:26:53,V039,102.0,1.0158609905659042
2026-05-25,2026-05-25 11:26:54,V039,102.0,1.008810190639895
2026-05-25,2026-05-25 11:26:55,V039,102.0,0.996041792566138
2026-05-25,2026-05-25 11:26:56,V039,102.0,0.9763592266263421
2026-05-25,2026-05-25 11:26:57,V039,102.0,0.9640588138868785
2026-05-25,2026-05-25 11:26:58,V039,103.0,0.9764240144433086
2026-05-25,2026-05-25 11:26:59,V039,102.0,0.9931530882826044
2026-05-25,2026-05-25 11:27:00,V039,102.0,1.0091514747937729
2026-05-25,2026-05-25 11:27:01,V039,102.0,1.0374972533336924
2026-05-25,2026-05-25 11:27:02,V039,102.0,1.0214010698572162
2026-05-25,2026-05-25 11:27:03,V039,101.0,1.0042284770393703
2026-05-25,2026-05-25 11:27:04,V039,100.0,0.9861386070206178
2026-05-25,2026-05-25 11:27:05,V039,99.0,0.9794914110881802
2026-05-25,2026-05-25 11:27:06,V039,99.0,1.001980794758225
2026-05-25,2026-05-25 11:27:07,V039,98.0,0.9719546174436131
2026-05-25,2026-05-25 11:27:08,V039,97.0,0.9811497198739515
2026-05-25,2026-05-25 11:27:09,V039,97.0,1.0004409842887312
2026-05-25,2026-05-25 11:27:10,V039,96.0,1.0238875545414166
2026-05-25,2026-05-25 11:27:11,V039,96.0,1.0417531676936025
2026-05-25,2026-05-25 11:27:12,V039,95.0,1.0026813875504563
2026-05-25,2026-05-25 11:27:13,V039,95.0,0.9889942960650289
2026-05-25,2026-05-25 11:27:14,V039,94.0,0.9509284102906018
2026-05-25,2026-05-25 11:27:15,V039,94.0,0.9734706489363177
2026-05-25,2026-05-25 11:27:16,V039,94.0,1.0198949839109586
2026-05-25,2026-05-25 11:27:17,V039,95.0,1.038798618318475
2026-05-25,2026-05-25 11:27:18,V039,95.0,0.9574254603927264
2026-05-25,2026-05-25 11:27:19,V039,95.0,0.9579189789841692
2026-05-25,2026-05-25 11:27:20,V039,96.0,1.015751589653843
2026-05-25,2026-05-25 11:27:21,V039,96.0,1.0356618365517603
2026-05-25,2026-05-25 11:27:22,V039,96.0,1.0099540277573897
2026-05-25,2026-05-25 11:27:23,V039,96.0,0.9878108428850164
2026-05-25,2026-05-25 11:27:24,V039,96.0,0.9678168715684038
2026-05-25,2026-05-25 11:27:25,V039,96.0,0.9706736705167139
2026-05-25,2026-05-25 11:27:26,V039,96.0,0.970496300836172
2026-05-25,2026-05-25 11:27:27,V039,96.0,1.0091522450074375
2026-05-25,2026-05-25 11:27:28,V039,96.0,1.0349547207064704
2026-05-25,2026-05-25 11:27:29,V039,96.0,1.0217121271792724
2026-05-25,2026-05-25 11:27:30,V039,96.0,1.0081915253591784
2026-05-25,2026-05-25 11:27:31,V039,96.0,0.9662129383075145
2026-05-25,2026-05-25 11:27:32,V039,96.0,0.9498760009831589
2026-05-25,2026-05-25 11:27:33,V039,96.0,1.066437757550001
2026-05-25,2026-05-25 11:27:34,V039,96.0,0.9946920424840892
2026-05-25,2026-05-25 11:27:35,V039,97.0,0.9481740822220491
2026-05-25,2026-05-25 11:27:36,V039,98.0,0.990997640777919
2026-05-25,2026-05-25 11:27:37,V039,99.0,1.0375558500359627
2026-05-25,2026-05-25 11:27:38,V039,100.0,1.008099975859574
2026-05-25,2026-05-25 11:27:39,V039,101.0,0.9595910658164093
2026-05-25,2026-05-25 11:27:40,V039,102.0,0.9604766542767476
2026-05-25,2026-05-25 11:27:41,V039,102.0,1.0133553830513038
2026-05-25,2026-05-25 11:27:42,V039,103.0,1.025270944979218
2026-05-25,2026-05-25 11:27:43,V039,103.0,0.9515978009529716
2026-05-25,2026-05-25 11:27:44,V039,103.0,1.0122708536255205
2026-05-25,2026-05-25 11:27:45,V039,102.0,0.9813512720739225
2026-05-25,2026-05-25 11:27:46,V039,102.0,0.9870559172002955
2026-05-25,2026-05-25 11:27:47,V039,101.0,0.988815179908706
2026-05-25,2026-05-25 11:27:48,V039,101.0,0.9915795268621739
2026-05-25,2026-05-25 11:27:49,V039,101.0,0.9840013226477231
2026-05-25,2026-05-25 11:27:50,V039,101.0,1.022120923645052
2026-05-25,2026-05-25 11:27:51,V039,101.0,0.9838749594641389
2026-05-25,2026-05-25 11:27:52,V039,101.0,0.993895325566124
2026-05-25,2026-05-25 11:27:53,V039,100.0,1.0179513250132353
2026-05-25,2026-05-25 11:27:54,V039,99.0,0.9687985725541459
2026-05-25,2026-05-25 11:27:55,V039,98.0,1.0407088830186806
2026-05-25,2026-05-25 11:27:56,V039,97.0,0.964860468176752
2026-05-25,2026-05-25 11:27:57,V039,97.0,1.0078409164877253
2026-05-25,2026-05-25 11:27:58,V039,96.0,1.0053634072536557
2026-05-25,2026-05-25 11:27:59,V039,95.0,0.9801550673334105
2026-05-25,2026-05-25 11:28:00,V039,95.0,1.0371322656679782
2026-05-25,2026-05-25 11:28:01,V039,95.0,1.0047493800528524
2026-05-25,2026-05-25 11:28:02,V039,95.0,1.0049526271641975
2026-05-25,2026-05-25 11:28:03,V039,95.0,0.9967158881234502
2026-05-25,2026-05-25 11:28:04,V039,95.0,1.0159218653251267
2026-05-25,2026-05-25 11:28:05,V039,94.0,1.0109189349778822
2026-05-25,2026-05-25 11:28:06,V039,94.0,0.9809606999975731
2026-05-25,2026-05-25 11:28:07,V039,94.0,0.9905644669387864
2026-05-25,2026-05-25 11:28:08,V039,95.0,1.0119301001246215
2026-05-25,2026-05-25 11:28:09,V039,95.0,1.1453878974631895
2026-05-25,2026-05-25 11:28:10,V039,95.0,0.9886802039087302
2026-05-25,2026-05-25 11:28:11,V039,95.0,1.1323028853513277
2026-05-25,2026-05-25 11:28:12,V039,95.0,0.9566591367358402
2026-05-25,2026-05-25 11:28:13,V039,95.0,1.000938964001975
2026-05-25,2026-05-25 11:28:14,V039,95.0,0.9885196150086761
2026-05-25,2026-05-25 11:28:15,V039,95.0,0.9928943822718297
2026-05-25,2026-05-25 11:28:16,V039,95.0,0.9722795524915265
2026-05-25,2026-05-25 11:28:17,V039,95.0,0.9906197020722609
2026-05-25,2026-05-25 11:28:18,V039,96.0,1.0032418128874458
2026-05-25,2026-05-25 11:28:19,V039,96.0,0.9838156208487253
2026-05-25,2026-05-25 11:28:20,V039,97.0,0.9886086641233728
2026-05-25,2026-05-25 11:28:21,V039,98.0,1.0033329939479694
2026-05-25,2026-05-25 11:28:22,V039,98.0,0.993073125470794
2026-05-25,2026-05-25 11:28:23,V039,98.0,0.9829769715848989
2026-05-25,2026-05-25 11:28:24,V039,98.0,0.9766544069845815
2026-05-25,2026-05-25 11:28:25,V039,98.0,0.9985562850935754
2026-05-25,2026-05-25 11:28:26,V039,98.0,0.9798303048905054
2026-05-25,2026-05-25 11:28:27,V039,99.0,0.9822015515738525
2026-05-25,2026-05-25 11:28:28,V039,99.0,1.0137668816195176
2026-05-25,2026-05-25 11:28:29,V039,99.0,0.9849615650141733
2026-05-25,2026-05-25 11:28:30,V039,99.0,0.9933187996283734
2026-05-25,2026-05-25 11:28:31,V039,99.0,0.9982457851375399
2026-05-25,2026-05-25 11:28:32,V039,100.0,1.000703338900494
2026-05-25,2026-05-25 11:28:33,V039,99.0,0.9647372987848609
2026-05-25,2026-05-25 11:28:34,V039,99.0,1.0074013508163695
2026-05-25,2026-05-25 11:28:35,V039,99.0,0.9864526582156383
2026-05-25,2026-05-25 11:28:36,V039,99.0,1.0000258771596222
2026-05-25,2026-05-25 11:28:37,V039,99.0,0.9909687340650565
2026-05-25,2026-05-25 11:28:38,V039,98.0,0.9891561168495824
2026-05-25,2026-05-25 11:28:39,V039,99.0,0.9963641910765527
2026-05-25,2026-05-25 11:28:40,V039,99.0,0.9912348420357201
2026-05-25,2026-05-25 11:28:41,V039,100.0,0.993904082229949
2026-05-25,2026-05-25 11:28:42,V039,100.0,0.9916824059999935
2026-05-25,2026-05-25 11:28:43,V039,101.0,1.0056528967432952
2026-05-25,2026-05-25 11:28:44,V039,102.0,0.9802382776993507
2026-05-25,2026-05-25 11:28:45,V039,102.0,0.9952458743378563
2026-05-25,2026-05-25 11:28:46,V039,102.0,1.0089539808737116
2026-05-25,2026-05-25 11:28:47,V039,101.0,1.011017598046812
2026-05-25,2026-05-25 11:28:48,V039,100.0,0.9639437936850395
2026-05-25,2026-05-25 11:28:49,V039,100.0,1.0083384028980602
2026-05-25,2026-05-25 11:28:50,V039,99.0,0.9889364663531879
2026-05-25,2026-05-25 11:28:51,V039,99.0,1.0155549751881205
2026-05-25,2026-05-25 11:28:52,V039,99.0,0.9785283388078798
2026-05-25,2026-05-25 11:28:53,V039,99.0,1.002736293761674
2026-05-25,2026-05-25 11:28:54,V039,98.0,1.0080683995157174
2026-05-25,2026-05-25 11:28:55,V039,98.0,1.0061377601299955
2026-05-25,2026-05-25 11:28:56,V039,98.0,0.9984449710682128
2026-05-25,2026-05-25 11:28:57,V039,98.0,1.0021443451404357
2026-05-25,2026-05-25 11:28:58,V039,99.0,0.9942655875719282
2026-05-25,2026-05-25 11:28:59,V039,99.0,0.9852436925453
2026-05-25,2026-05-25 11:29:00,V039,99.0,0.9979538161301131
2026-05-25,2026-05-25 11:29:01,V039,99.0,0.9892979736323676
2026-05-25,2026-05-25 11:29:02,V039,99.0,0.9903798995405544
2026-05-25,2026-05-25 11:29:03,V039,100.0,0.9896094213603273
2026-05-25,2026-05-25 11:29:04,V039,100.0,0.9915530438688309
2026-05-25,2026-05-25 11:29:05,V039,100.0,0.9900558973813284
2026-05-25,2026-05-25 11:29:06,V039,101.0,0.9968491497474975
2026-05-25,2026-05-25 11:29:07,V039,100.0,0.9904733528145586
2026-05-25,2026-05-25 11:29:08,V039,100.0,0.987905230377913
2026-05-25,2026-05-25 11:29:09,V039,99.0,0.9915031228015895
2026-05-25,2026-05-25 11:29:10,V039,98.0,0.997241578289029
2026-05-25,2026-05-25 11:29:11,V039,98.0,0.9881044903566872
2026-05-25,2026-05-25 11:29:12,V039,97.0,0.9910676149301201
2026-05-25,2026-05-25 11:29:13,V039,96.0,0.9944738728900431
2026-05-25,2026-05-25 11:29:14,V039,95.0,0.9914216728715527
2026-05-25,2026-05-25 11:29:15,V039,94.0,0.988967326224912
2026-05-25,2026-05-25 11:29:16,V039,94.0,0.9941615837954332
2026-05-25,2026-05-25 11:29:17,V039,93.0,0.9934484278689419
2026-05-25,2026-05-25 11:29:18,V039,93.0,0.9998294844616228
2026-05-25,2026-05-25 11:29:19,V039,92.0,0.9907145371815755
2026-05-25,2026-05-25 11:29:20,V039,92.0,0.9921116023083836
2026-05-25,2026-05-25 11:29:21,V039,91.0,0.9889978809586005
2026-05-25,2026-05-25 11:29:22,V039,91.0,0.9900244948162404
2026-05-25,2026-05-25 11:29:23,V039,90.0,0.9898024597510635
2026-05-25,2026-05-25 11:29:24,V039,90.0,0.9927419542495389
2026-05-25,2026-05-25 11:29:25,V039,89.0,0.9907007342619016
2026-05-25,2026-05-25 11:29:26,V039,89.0,0.9905816336406597
2026-05-25,2026-05-25 11:29:27,V039,89.0,0.9915616256266451
2026-05-25,2026-05-25 11:29:28,V039,89.0,0.9915887080944248
2026-05-25,2026-05-25 11:29:29,V039,89.0,0.9901250559129209
2026-05-25,2026-05-25 11:29:30,V039,89.0,0.9898822343734969
2026-05-25,2026-05-25 11:29:31,V039,89.0,0.9924049024919376
2026-05-25,2026-05-25 11:29:32,V039,90.0,0.9947585373936882
2026-05-25,2026-05-25 11:29:33,V039,90.0,0.9959568516381581
2026-05-25,2026-05-25 11:29:34,V039,91.0,0.9905558429057814
2026-05-25,2026-05-25 11:29:35,V039,91.0,0.9901561442872914
2026-05-25,2026-05-25 11:29:36,V039,92.0,0.9926546706563807
2026-05-25,2026-05-25 11:29:37,V039,92.0,0.9975289581872733
2026-05-25,2026-05-25 11:29:38,V039,93.0,0.9941564537101597
2026-05-25,2026-05-25 11:29:39,V039,93.0,0.9883000158517652
2026-05-25,2026-05-25 11:29:40,V039,93.0,0.9929393253550959
2026-05-25,2026-05-25 11:29:41,V039,94.0,0.9983509585145867
2026-05-25,2026-05-25 11:29:42,V039,94.0,1.009685965338867
2026-05-25,2026-05-25 11:29:43,V039,93.0,0.9917480236780792
2026-05-25,2026-05-25 11:29:44,V039,93.0,0.9913141882677999
2026-05-25,2026-05-25 11:29:45,V039,93.0,0.9934026828165307
2026-05-25,2026-05-25 11:29:46,V039,92.0,0.9905425933589216
2026-05-25,2026-05-25 11:29:47,V039,92.0,0.9925096716979577
2026-05-25,2026-05-25 11:29:48,V039,92.0,0.993512497350947
2026-05-25,2026-05-25 11:29:49,V039,91.0,0.9929930256370382
2026-05-25,2026-05-25 11:29:50,V039,91.0,0.9894099411846176
2026-05-25,2026-05-25 11:29:51,V039,90.0,0.9915790400361771
2026-05-25,2026-05-25 11:29:52,V039,90.0,0.9922354958980321
2026-05-25,2026-05-25 11:29:53,V039,90.0,0.9917697749459812
2026-05-25,2026-05-25 11:29:54,V039,90.0,0.9903881970024483
2026-05-25,2026-05-25 11:29:55,V039,90.0,0.9918932556972437
2026-05-25,2026-05-25 11:29:56,V039,90.0,0.991621724292731
2026-05-25,2026-05-25 11:29:57,V039,90.0,0.9897231560787499
2026-05-25,2026-05-25 11:29:58,V039,89.0,0.991241886571188
2026-05-25,2026-05-25 11:29:59,V039,89.0,0.9900962560675006
2026-05-25,2026-05-25 11:30:00,V039,88.0,0.9912351878426019
2026-05-25,2026-05-25 11:30:01,V039,88.0,0.9905720154323626
2026-05-25,2026-05-25 11:30:02,V039,88.0,0.9918495180400196
2026-05-25,2026-05-25 11:30:03,V039,88.0,0.9898996483400397
2026-05-25,2026-05-25 11:30:04,V039,87.0,0.9924440858542123
2026-05-25,2026-05-25 11:30:05,V039,87.0,0.9919583379016078
2026-05-25,2026-05-25 11:30:06,V039,86.0,0.9893296036358054
2026-05-25,2026-05-25 11:30:07,V039,85.0,0.9939136454159809
2026-05-25,2026-05-25 11:30:08,V039,84.0,0.9899620342041413
2026-05-25,2026-05-25 11:30:09,V039,84.0,0.9929750240453189
2026-05-25,2026-05-25 11:30:10,V039,84.0,0.989784930143528
2026-05-25,2026-05-25 11:30:11,V039,85.0,0.9913711035490365
2026-05-25,2026-05-25 11:30:12,V039,86.0,0.990664249862901
2026-05-25,2026-05-25 11:30:13,V039,86.0,0.9912648577137585
2026-05-25,2026-05-25 11:30:14,V039,86.0,0.9917416990263276
2026-05-25,2026-05-25 11:30:15,V039,87.0,0.990766566997652
2026-05-25,2026-05-25 11:30:16,V039,87.0,0.9883380824522563
2026-05-25,2026-05-25 11:30:17,V039,87.0,0.9942906369047249
2026-05-25,2026-05-25 11:30:18,V039,87.0,0.9896265318952264
2026-05-25,2026-05-25 11:30:19,V039,88.0,0.9909908938160065
2026-05-25,2026-05-25 11:30:20,V039,88.0,0.9953195870770283
2026-05-25,2026-05-25 11:30:21,V039,89.0,0.9914762927324038
2026-05-25,2026-05-25 11:30:22,V039,90.0,0.9887406456797525
2026-05-25,2026-05-25 11:30:23,V039,90.0,0.9920247799822269
2026-05-25,2026-05-25 11:30:24,V039,89.0,0.9865715107155575
2026-05-25,2026-05-25 11:30:25,V039,88.0,0.9921185419354813
2026-05-25,2026-05-25 11:30:26,V039,86.0,0.9947746887481426
2026-05-25,2026-05-25 11:30:27,V039,84.0,0.989451720300682
2026-05-25,2026-05-25 11:30:28,V039,83.0,0.9907619424948734
2026-05-25,2026-05-25 11:30:29,V039,81.0,0.990757087139524
2026-05-25,2026-05-25 11:30:30,V039,80.0,0.9921557219949302
2026-05-25,2026-05-25 11:30:31,V039,79.0,0.9928818232152048
2026-05-25,2026-05-25 11:30:32,V039,78.0,0.9884970111785161
2026-05-25,2026-05-25 11:30:33,V039,79.0,0.9911880465419364
2026-05-25,2026-05-25 11:30:34,V039,79.0,0.9905020175911933
2026-05-25,2026-05-25 11:30:35,V039,80.0,1.0027840643899406
2026-05-25,2026-05-25 11:30:36,V039,80.0,0.990888466815654
2026-05-25,2026-05-25 11:30:37,V039,81.0,0.9901645721279648
2026-05-25,2026-05-25 11:30:38,V039,82.0,0.990067182038517
2026-05-25,2026-05-25 11:30:39,V039,83.0,0.9928426719084067
2026-05-25,2026-05-25 11:30:40,V039,84.0,0.9825680080988272
2026-05-25,2026-05-25 11:30:41,V039,86.0,0.9814606956009129
2026-05-25,2026-05-25 11:30:42,V039,87.0,0.9823922943559633
2026-05-25,2026-05-25 11:30:43,V039,88.0,0.980113148083592
2026-05-25,2026-05-25 11:30:44,V039,89.0,0.9806019493676036
2026-05-25,2026-05-25 11:30:45,V039,90.0,0.978361187503937
2026-05-25,2026-05-25 11:30:46,V039,90.0,0.978226030393852
2026-05-25,2026-05-25 11:30:47,V039,90.0,0.9811282307450973
2026-05-25,2026-05-25 11:30:48,V039,91.0,0.9803176862710846
2026-05-25,2026-05-25 11:30:49,V039,90.0,0.9793136024367481
2026-05-25,2026-05-25 11:30:50,V039,90.0,0.9797011437844332
2026-05-25,2026-05-25 11:30:51,V039,89.0,0.9825353509914957
2026-05-25,2026-05-25 11:30:52,V039,89.0,0.9607886376962516
2026-05-25,2026-05-25 11:30:53,V039,89.0,1.0252572307649077
2026-05-25,2026-05-25 11:30:54,V039,89.0,0.9869453487090412
2026-05-25,2026-05-25 11:30:55,V039,89.0,0.983834115455318
2026-05-25,2026-05-25 11:30:56,V039,90.0,0.9867555344886861
2026-05-25,2026-05-25 11:30:57,V039,90.0,0.9776005947530835
2026-05-25,2026-05-25 11:30:58,V039,90.0,0.9805367572176589
2026-05-25,2026-05-25 11:30:59,V039,90.0,0.9792760102758852
2026-05-25,2026-05-25 11:31:00,V039,90.0,0.982079839706352
2026-05-25,2026-05-25 11:31:01,V039,90.0,0.986703362549827
2026-05-25,2026-05-25 11:31:02,V039,90.0,0.976651888009627
2026-05-25,2026-05-25 11:31:03,V039,90.0,0.9788397723310687
2026-05-25,2026-05-25 11:31:04,V039,91.0,0.986125164796366
2026-05-25,2026-05-25 11:31:05,V039,90.0,0.9766612183148362
2026-05-25,2026-05-25 11:31:06,V039,90.0,0.978589591858129
2026-05-25,2026-05-25 11:31:07,V039,89.0,0.983234885155632
2026-05-25,2026-05-25 11:31:08,V039,88.0,0.980944074795389
2026-05-25,2026-05-25 11:31:09,V039,86.0,0.9810045350103662
2026-05-25,2026-05-25 11:31:10,V039,85.0,0.9821206339985948
2026-05-25,2026-05-25 11:31:11,V039,84.0,0.9762913253372372
2026-05-25,2026-05-25 11:31:12,V039,82.0,0.9812398628772213
2026-05-25,2026-05-25 11:31:13,V039,81.0,0.9790205285941221
2026-05-25,2026-05-25 11:31:14,V039,79.0,0.9826823406402739
2026-05-25,2026-05-25 11:31:15,V039,80.0,0.9766875308025318
2026-05-25,2026-05-25 11:31:16,V039,81.0,0.9807973350601555
2026-05-25,2026-05-25 11:31:17,V039,82.0,0.981845483556628
2026-05-25,2026-05-25 11:31:18,V039,82.0,0.9802227737853957
2026-05-25,2026-05-25 11:31:19,V039,83.0,0.9777753786821427
2026-05-25,2026-05-25 11:31:20,V039,84.0,0.9835741393141406
2026-05-25,2026-05-25 11:31:21,V039,84.0,0.978007789645758
2026-05-25,2026-05-25 11:31:22,V039,85.0,0.9805019971580716
2026-05-25,2026-05-25 11:31:23,V039,85.0,0.9806604467674148
2026-05-25,2026-05-25 11:31:24,V039,86.0,0.9807160689316872
2026-05-25,2026-05-25 11:31:25,V039,87.0,0.9809225621425179
2026-05-25,2026-05-25 11:31:26,V039,87.0,0.9791662940244218
2026-05-25,2026-05-25 11:31:27,V039,88.0,0.9811222228918878
2026-05-25,2026-05-25 11:31:28,V039,88.0,0.9777505743511363
2026-05-25,2026-05-25 11:31:29,V039,88.0,0.9832929443118278
2026-05-25,2026-05-25 11:31:30,V039,88.0,0.9762253169161496
2026-05-25,2026-05-25 11:31:31,V039,88.0,0.979646267501566
2026-05-25,2026-05-25 11:31:32,V039,88.0,0.985734228395663
2026-05-25,2026-05-25 11:31:33,V039,88.0,0.9746598411021167
2026-05-25,2026-05-25 11:31:34,V039,87.0,0.9812422699244772
2026-05-25,2026-05-25 11:31:35,V039,88.0,0.9784953817376385
2026-05-25,2026-05-25 11:31:36,V039,89.0,0.9884589338636143
2026-05-25,2026-05-25 11:31:37,V039,89.0,0.9940526611484518
2026-05-25,2026-05-25 11:31:38,V039,90.0,0.9781379330905232
2026-05-25,2026-05-25 11:31:39,V039,92.0,0.9881193745785691
2026-05-25,2026-05-25 11:31:40,V039,93.0,0.9874464942643444
2026-05-25,2026-05-25 11:31:41,V039,94.0,0.9844654421200051
2026-05-25,2026-05-25 11:31:42,V039,94.0,0.9911296039622031
2026-05-25,2026-05-25 11:31:43,V039,95.0,0.9873115508062037
2026-05-25,2026-05-25 11:31:44,V039,95.0,0.9832624875684824
2026-05-25,2026-05-25 11:31:45,V039,94.0,0.9974764830488104
2026-05-25,2026-05-25 11:31:46,V039,93.0,0.9917780596069237
2026-05-25,2026-05-25 11:31:47,V039,91.0,0.9923467065113867
2026-05-25,2026-05-25 11:31:48,V039,90.0,0.9935750489319564
2026-05-25,2026-05-25 11:31:49,V039,88.0,0.9938925383655905
2026-05-25,2026-05-25 11:31:50,V039,87.0,0.9924235855264449
2026-05-25,2026-05-25 11:31:51,V039,87.0,0.9915792673396371
2026-05-25,2026-05-25 11:31:52,V039,86.0,0.9908182205198208
2026-05-25,2026-05-25 11:31:53,V039,86.0,0.9918217838089431
2026-05-25,2026-05-25 11:31:54,V039,85.0,0.9914121062795986
2026-05-25,2026-05-25 11:31:55,V039,85.0,0.9908051236781477
2026-05-25,2026-05-25 11:31:56,V039,85.0,0.9900246577070665
2026-05-25,2026-05-25 11:31:57,V039,86.0,0.990058955431268
2026-05-25,2026-05-25 11:31:58,V039,86.0,0.9898579553644379
2026-05-25,2026-05-25 11:31:59,V039,86.0,0.9903913837751938
2026-05-25,2026-05-25 11:32:00,V039,87.0,0.9938241806653937
2026-05-25,2026-05-25 11:32:01,V039,87.0,0.9900074466105597
2026-05-25,2026-05-25 11:32:02,V039,88.0,0.9907522894888765
2026-05-25,2026-05-25 11:32:03,V039,88.0,0.9944110970120448
2026-05-25,2026-05-25 11:32:04,V039,89.0,0.9874777130118325
2026-05-25,2026-05-25 11:32:05,V039,89.0,0.9932032040046046
2026-05-25,2026-05-25 11:32:06,V039,90.0,0.9908492556933892
2026-05-25,2026-05-25 11:32:07,V039,91.0,0.9905224559049511
2026-05-25,2026-05-25 11:32:08,V039,91.0,0.9905338670893716
2026-05-25,2026-05-25 11:32:09,V039,92.0,0.9934351220713415
2026-05-25,2026-05-25 11:32:10,V039,93.0,0.989500121499619
2026-05-25,2026-05-25 11:32:11,V039,94.0,0.9899907960133948
2026-05-25,2026-05-25 11:32:12,V039,95.0,0.9887660894862907
2026-05-25,2026-05-25 11:32:13,V039,95.0,0.9924382032470689
2026-05-25,2026-05-25 11:32:14,V039,95.0,0.9906368812847253
2026-05-25,2026-05-25 11:32:15,V039,94.0,0.9891543321082983
2026-05-25,2026-05-25 11:32:16,V039,93.0,0.9916773392152636
2026-05-25,2026-05-25 11:32:17,V039,92.0,0.9894089172858348
2026-05-25,2026-05-25 11:32:18,V039,92.0,0.9946171415725649
2026-05-25,2026-05-25 11:32:19,V039,92.0,0.9895892474051858
2026-05-25,2026-05-25 11:32:20,V039,92.0,0.9925858578499027
2026-05-25,2026-05-25 11:32:21,V039,92.0,0.9909411351479224
2026-05-25,2026-05-25 11:32:22,V039,92.0,0.9907208071241758
2026-05-25,2026-05-25 11:32:23,V039,92.0,0.9913992356261155
2026-05-25,2026-05-25 11:32:24,V039,92.0,0.9900426722419092
2026-05-25,2026-05-25 11:32:25,V039,91.0,0.9913142169223089
2026-05-25,2026-05-25 11:32:26,V039,90.0,0.9898248879508899
2026-05-25,2026-05-25 11:32:27,V039,89.0,0.9945043579970119
2026-05-25,2026-05-25 11:32:28,V039,88.0,0.9968078792554613
2026-05-25,2026-05-25 11:32:29,V039,87.0,0.9911830539493741
2026-05-25,2026-05-25 11:32:30,V039,87.0,0.9943399331391598
2026-05-25,2026-05-25 11:32:31,V039,87.0,0.9916500904831523
2026-05-25,2026-05-25 11:32:32,V039,86.0,0.9954129628226356
2026-05-25,2026-05-25 11:32:33,V039,85.0,0.988759864965356
2026-05-25,2026-05-25 11:32:34,V039,84.0,0.9942651773857781
2026-05-25,2026-05-25 11:32:35,V039,82.0,0.9927563968714732
2026-05-25,2026-05-25 11:32:36,V039,81.0,0.990935900645013
2026-05-25,2026-05-25 11:32:37,V039,80.0,0.9911962866741931
2026-05-25,2026-05-25 11:32:38,V039,79.0,0.9917261975840556
2026-05-25,2026-05-25 11:32:39,V039,79.0,0.9903701623518799
2026-05-25,2026-05-25 11:32:40,V039,80.0,0.9919435405170249
2026-05-25,2026-05-25 11:32:41,V039,81.0,0.9904152774526105
2026-05-25,2026-05-25 11:32:42,V039,82.0,0.9916403193680512
2026-05-25,2026-05-25 11:32:43,V039,84.0,0.989335803609542
2026-05-25,2026-05-25 11:32:44,V039,85.0,0.9933432165404077
2026-05-25,2026-05-25 11:32:45,V039,84.0,0.9918245229444952
2026-05-25,2026-05-25 11:32:46,V039,84.0,0.992260569128699
2026-05-25,2026-05-25 11:32:47,V039,84.0,0.9907056561722
2026-05-25,2026-05-25 11:32:48,V039,84.0,0.9992821194317433
2026-05-25,2026-05-25 11:32:49,V039,86.0,0.9976575650751149
2026-05-25,2026-05-25 11:32:50,V039,87.0,0.9841435866817075
2026-05-25,2026-05-25 11:32:51,V039,88.0,0.9874847027825495
2026-05-25,2026-05-25 11:32:52,V039,89.0,0.9868664147120667
2026-05-25,2026-05-25 11:32:53,V039,91.0,0.9876740252212
2026-05-25,2026-05-25 11:32:54,V039,92.0,0.9855259731360816
2026-05-25,2026-05-25 11:32:55,V039,94.0,0.9888067908618373
2026-05-25,2026-05-25 11:32:56,V039,95.0,1.0090825626480826
2026-05-25,2026-05-25 11:32:57,V039,93.0,0.9573659281125196
2026-05-25,2026-05-25 11:32:58,V039,92.0,0.9779141749330211
2026-05-25,2026-05-25 11:32:59,V039,90.0,0.9787921720747979
2026-05-25,2026-05-25 11:33:00,V039,89.0,0.9774864226960078
2026-05-25,2026-05-25 11:33:01,V039,89.0,0.979010452245556
2026-05-25,2026-05-25 11:33:02,V039,88.0,0.9769498252961061
2026-05-25,2026-05-25 11:33:03,V039,89.0,0.9762682206035231
2026-05-25,2026-05-25 11:33:04,V039,90.0,0.991257396036482
2026-05-25,2026-05-25 11:33:05,V039,91.0,0.9758534762585487
2026-05-25,2026-05-25 11:33:06,V039,91.0,0.9178218383339016
2026-05-25,2026-05-25 11:33:07,V039,92.0,1.1162655234067347
2026-05-25,2026-05-25 11:33:08,V039,92.0,0.9945840954630956
2026-05-25,2026-05-25 11:33:09,V039,91.0,0.9898820222913174
2026-05-25,2026-05-25 11:33:10,V039,90.0,0.9893654877043555
2026-05-25,2026-05-25 11:33:11,V039,89.0,0.9890390625457494
2026-05-25,2026-05-25 11:33:12,V039,88.0,0.9891962564595421
2026-05-25,2026-05-25 11:33:13,V039,86.0,0.9895593282614404
2026-05-25,2026-05-25 11:33:14,V039,85.0,0.9883344341474368
2026-05-25,2026-05-25 11:33:15,V039,84.0,0.9881407350057826
2026-05-25,2026-05-25 11:33:16,V039,83.0,0.988579318080725
2026-05-25,2026-05-25 11:33:17,V039,83.0,0.9890839634358151
2026-05-25,2026-05-25 11:33:18,V039,83.0,0.9893097471927025
2026-05-25,2026-05-25 11:33:19,V039,81.0,0.988554785021929
2026-05-25,2026-05-25 11:33:20,V039,80.0,0.9887197472583178
2026-05-25,2026-05-25 11:33:21,V039,79.0,0.9887667255765022
2026-05-25,2026-05-25 11:33:22,V039,78.0,0.9886362183409303
2026-05-25,2026-05-25 11:33:23,V039,77.0,0.9887638570422866
2026-05-25,2026-05-25 11:33:24,V039,77.0,0.9886491349414241
2026-05-25,2026-05-25 11:33:25,V039,76.0,0.9882657113424791
2026-05-25,2026-05-25 11:33:26,V039,75.0,0.9889174945944524
2026-05-25,2026-05-25 11:33:27,V039,75.0,0.9888728535287976
2026-05-25,2026-05-25 11:33:28,V039,75.0,0.9888952946186533
2026-05-25,2026-05-25 11:33:29,V039,75.0,0.988680310639859
2026-05-25,2026-05-25 11:33:30,V039,75.0,0.9886820965209481
2026-05-25,2026-05-25 11:33:31,V039,75.0,0.9890617418843535
2026-05-25,2026-05-25 11:33:32,V039,75.0,0.9886254089534328
2026-05-25,2026-05-25 11:33:33,V039,75.0,0.9886615736673089
2026-05-25,2026-05-25 11:33:34,V039,74.0,0.9884587618130107
2026-05-25,2026-05-25 11:33:35,V039,73.0,0.988602111417841
2026-05-25,2026-05-25 11:33:36,V039,73.0,0.9884874574164367
2026-05-25,2026-05-25 11:33:37,V039,72.0,0.9883843585460587
2026-05-25,2026-05-25 11:33:38,V039,71.0,0.989293594817923
2026-05-25,2026-05-25 11:33:39,V039,71.0,0.9885929224608995
2026-05-25,2026-05-25 11:33:40,V039,71.0,0.9890472548023233
2026-05-25,2026-05-25 11:33:41,V039,71.0,0.9891071772905027
2026-05-25,2026-05-25 11:33:42,V039,71.0,0.9886155664804538
2026-05-25,2026-05-25 11:33:43,V039,71.0,0.9881657836257407
2026-05-25,2026-05-25 11:33:44,V039,72.0,0.9889932510439781
2026-05-25,2026-05-25 11:33:45,V039,73.0,0.9885159447108028
2026-05-25,2026-05-25 11:33:46,V039,74.0,0.9888264341307285
2026-05-25,2026-05-25 11:33:47,V039,75.0,0.9887741263920886
2026-05-25,2026-05-25 11:33:48,V039,76.0,0.9889233928954322
2026-05-25,2026-05-25 11:33:49,V039,76.0,0.9881675629294254
2026-05-25,2026-05-25 11:33:50,V039,76.0,0.988977094833217
2026-05-25,2026-05-25 11:33:51,V039,75.0,0.9894197173328872
2026-05-25,2026-05-25 11:33:52,V039,74.0,0.9880391933946078
2026-05-25,2026-05-25 11:33:53,V039,74.0,0.9883975014688191
2026-05-25,2026-05-25 11:33:54,V039,74.0,0.9880292360187457
2026-05-25,2026-05-25 11:33:55,V039,74.0,0.9885554388353495
2026-05-25,2026-05-25 11:33:56,V039,74.0,0.9884360464930906
2026-05-25,2026-05-25 11:33:57,V039,74.0,0.9886814088518886
2026-05-25,2026-05-25 11:33:58,V039,74.0,0.9876867463190231
2026-05-25,2026-05-25 11:33:59,V039,74.0,0.9882814892000716
2026-05-25,2026-05-25 11:34:00,V039,74.0,0.9884843157897678
2026-05-25,2026-05-25 11:34:01,V039,74.0,0.9881453181079223
2026-05-25,2026-05-25 11:34:02,V039,75.0,0.9881625783579077
2026-05-25,2026-05-25 11:34:03,V039,75.0,0.9884225939655527
2026-05-25,2026-05-25 11:34:04,V039,76.0,0.9877168855286312
2026-05-25,2026-05-25 11:34:05,V039,76.0,0.9884694426773665
2026-05-25,2026-05-25 11:34:06,V039,77.0,0.9887155392584266
2026-05-25,2026-05-25 11:34:07,V039,77.0,0.9884532044132667
2026-05-25,2026-05-25 11:34:08,V039,77.0,0.988673593870272
2026-05-25,2026-05-25 11:34:09,V039,78.0,0.9888041233946946
2026-05-25,2026-05-25 11:34:10,V039,78.0,0.9884697746530445
2026-05-25,2026-05-25 11:34:11,V039,78.0,0.9887247411656898
2026-05-25,2026-05-25 11:34:12,V039,79.0,0.9884122199475638
2026-05-25,2026-05-25 11:34:13,V039,79.0,0.988683400551047
2026-05-25,2026-05-25 11:34:14,V039,80.0,0.9881854288206808
2026-05-25,2026-05-25 11:34:15,V039,81.0,0.9886385093485626
2026-05-25,2026-05-25 11:34:16,V039,81.0,0.9885278961798336
2026-05-25,2026-05-25 11:34:17,V039,82.0,0.9884793978616925
2026-05-25,2026-05-25 11:34:18,V039,83.0,0.9884198950222506
2026-05-25,2026-05-25 11:34:19,V039,83.0,0.9880361481016584
2026-05-25,2026-05-25 11:34:20,V039,83.0,0.9889061739906563
2026-05-25,2026-05-25 11:34:21,V039,83.0,0.9876845989419191
2026-05-25,2026-05-25 11:34:22,V039,83.0,0.9885971748399445
2026-05-25,2026-05-25 11:34:23,V039,84.0,0.9887155932042897
2026-05-25,2026-05-25 11:34:24,V039,84.0,0.9875850047093495
2026-05-25,2026-05-25 11:34:25,V039,84.0,0.9883864197838356
2026-05-25,2026-05-25 11:34:26,V039,84.0,0.9880067137738453
2026-05-25,2026-05-25 11:34:27,V039,83.0,0.9883728332779564
2026-05-25,2026-05-25 11:34:28,V039,82.0,0.9879835788166684
2026-05-25,2026-05-25 11:34:29,V039,80.0,0.9885002638556074
2026-05-25,2026-05-25 11:34:30,V039,79.0,0.9885532180210759
2026-05-25,2026-05-25 11:34:31,V039,77.0,0.9889209642716752
2026-05-25,2026-05-25 11:34:32,V039,76.0,0.9883799933109987
2026-05-25,2026-05-25 11:34:33,V039,75.0,0.9886961922003406
2026-05-25,2026-05-25 11:34:34,V039,75.0,0.9881909054355622
2026-05-25,2026-05-25 11:34:35,V039,74.0,0.9884155237280199
2026-05-25,2026-05-25 11:34:36,V039,74.0,0.9884404563667658
2026-05-25,2026-05-25 11:34:37,V039,73.0,0.9886297834685152
2026-05-25,2026-05-25 11:34:38,V039,72.0,0.9886158644289688
2026-05-25,2026-05-25 11:34:39,V039,71.0,0.9884702207871762
2026-05-25,2026-05-25 11:34:40,V039,71.0,0.9878319011543966
2026-05-25,2026-05-25 11:34:41,V039,71.0,0.9883146499330815
2026-05-25,2026-05-25 11:34:42,V039,71.0,0.9881209875854808
2026-05-25,2026-05-25 11:34:43,V039,72.0,0.9886527910998082
2026-05-25,2026-05-25 11:34:44,V039,72.0,0.9886296176155593
2026-05-25,2026-05-25 11:34:45,V039,73.0,0.9878929650102782
2026-05-25,2026-05-25 11:34:46,V039,73.0,0.988728992766903
2026-05-25,2026-05-25 11:34:47,V039,73.0,0.9882289743478587
2026-05-25,2026-05-25 11:34:48,V039,73.0,0.9884121180138321
2026-05-25,2026-05-25 11:34:49,V039,74.0,0.9885066783043969
2026-05-25,2026-05-25 11:34:50,V039,74.0,0.9885099663875665
2026-05-25,2026-05-25 11:34:51,V039,75.0,0.9877397508144847
2026-05-25,2026-05-25 11:34:52,V039,76.0,0.9888263194513273
2026-05-25,2026-05-25 11:34:53,V039,77.0,0.9880494052132964
2026-05-25,2026-05-25 11:34:54,V039,77.0,0.988621417552882
2026-05-25,2026-05-25 11:34:55,V039,78.0,0.9881810892343736
2026-05-25,2026-05-25 11:34:56,V039,79.0,0.9882936084107647
2026-05-25,2026-05-25 11:34:57,V039,80.0,0.9886452151892177
2026-05-25,2026-05-25 11:34:58,V039,81.0,0.9886588004943485
2026-05-25,2026-05-25 11:34:59,V039,81.0,0.9887234472032802
2026-05-25,2026-05-25 11:35:00,V039,82.0,0.987973352077101
2026-05-25,2026-05-25 11:35:01,V039,82.0,0.9884397426075352
2026-05-25,2026-05-25 11:35:02,V039,82.0,0.9882663410739525
2026-05-25,2026-05-25 11:35:03,V039,83.0,0.9889495682894629
2026-05-25,2026-05-25 11:35:04,V039,83.0,0.9877924958505129
2026-05-25,2026-05-25 11:35:05,V039,84.0,0.9885247552370302
2026-05-25,2026-05-25 11:35:06,V039,84.0,0.9883762821551332
2026-05-25,2026-05-25 11:35:07,V039,84.0,0.9884039586985834
2026-05-25,2026-05-25 11:35:08,V039,85.0,0.9882069898345421
2026-05-25,2026-05-25 11:35:09,V039,85.0,0.9879743474952317
2026-05-25,2026-05-25 11:35:10,V039,85.0,0.98842001617555
2026-05-25,2026-05-25 11:35:11,V039,85.0,0.9883646068278026
2026-05-25,2026-05-25 11:35:12,V039,85.0,0.9885931237252397
2026-05-25,2026-05-25 11:35:13,V039,84.0,0.9889348853351941
2026-05-25,2026-05-25 11:35:14,V039,83.0,0.9875283434496238
2026-05-25,2026-05-25 11:35:15,V039,82.0,0.9884529142109096
2026-05-25,2026-05-25 11:35:16,V039,81.0,0.9885959831096486
2026-05-25,2026-05-25 11:35:17,V039,79.0,0.9882381517482014
2026-05-25,2026-05-25 11:35:18,V039,78.0,0.9885036776267024
2026-05-25,2026-05-25 11:35:19,V039,76.0,0.9885369142581297
2026-05-25,2026-05-25 11:35:20,V039,75.0,0.988146299669511
2026-05-25,2026-05-25 11:35:21,V039,73.0,0.9881145840113215
2026-05-25,2026-05-25 11:35:22,V039,72.0,0.9885917394788679
2026-05-25,2026-05-25 11:35:23,V039,71.0,0.9887623319878907
2026-05-25,2026-05-25 11:35:24,V039,71.0,0.9882832849644885
2026-05-25,2026-05-25 11:35:25,V039,71.0,0.9881260553618588
2026-05-25,2026-05-25 11:35:26,V039,70.0,0.9887624845689076
2026-05-25,2026-05-25 11:35:27,V039,71.0,0.9880800517247383
2026-05-25,2026-05-25 11:35:28,V039,71.0,0.9883827702751704
2026-05-25,2026-05-25 11:35:29,V039,72.0,0.9881786986829642
2026-05-25,2026-05-25 11:35:30,V039,72.0,0.9877925223803244
2026-05-25,2026-05-25 11:35:31,V039,73.0,0.9885360216992937
2026-05-25,2026-05-25 11:35:32,V039,75.0,0.9880827821550798
2026-05-25,2026-05-25 11:35:33,V039,77.0,0.9882694912762859
2026-05-25,2026-05-25 11:35:34,V039,78.0,0.988268453020035
2026-05-25,2026-05-25 11:35:35,V039,80.0,0.9883743431474804
2026-05-25,2026-05-25 11:35:36,V039,81.0,0.98818124338646
2026-05-25,2026-05-25 11:35:37,V039,81.0,0.9872337079310671
2026-05-25,2026-05-25 11:35:38,V039,81.0,0.9882409758462382
2026-05-25,2026-05-25 11:35:39,V039,81.0,0.9889240430795794
2026-05-25,2026-05-25 11:35:40,V039,82.0,0.9882546494206353
2026-05-25,2026-05-25 11:35:41,V039,82.0,0.9881135215627557
2026-05-25,2026-05-25 11:35:42,V039,82.0,0.988274214982076
2026-05-25,2026-05-25 11:35:43,V039,82.0,0.9885926951950392
2026-05-25,2026-05-25 11:35:44,V039,82.0,0.988772921107361
2026-05-25,2026-05-25 11:35:45,V039,81.0,0.9891250275882655
2026-05-25,2026-05-25 11:35:46,V039,80.0,0.98854685969285
2026-05-25,2026-05-25 11:35:47,V039,79.0,0.9880176178058427
2026-05-25,2026-05-25 11:35:48,V039,78.0,0.9885409912598162
2026-05-25,2026-05-25 11:35:49,V039,77.0,0.9876663188960919
2026-05-25,2026-05-25 11:35:50,V039,77.0,0.9880976307699568
2026-05-25,2026-05-25 11:35:51,V039,77.0,0.9882386002882925
2026-05-25,2026-05-25 11:35:52,V039,77.0,0.9882389619504691
2026-05-25,2026-05-25 11:35:53,V039,76.0,0.9879319546209565
2026-05-25,2026-05-25 11:35:54,V039,76.0,0.9877403888355707
2026-05-25,2026-05-25 11:35:55,V039,75.0,0.9885446122443231
2026-05-25,2026-05-25 11:35:56,V039,74.0,0.9880340273482726
2026-05-25,2026-05-25 11:35:57,V039,73.0,0.9887838828407305
2026-05-25,2026-05-25 11:35:58,V039,72.0,0.9888972586391708
2026-05-25,2026-05-25 11:35:59,V039,72.0,0.9882839939743334
2026-05-25,2026-05-25 11:36:00,V039,72.0,0.9883819011592256
2026-05-25,2026-05-25 11:36:01,V039,71.0,0.9880651039524482
2026-05-25,2026-05-25 11:36:02,V039,71.0,0.9896340739588743
2026-05-25,2026-05-25 11:36:03,V039,71.0,1.005289065402782
2026-05-25,2026-05-25 11:36:04,V039,71.0,1.0326787294878226
2026-05-25,2026-05-25 11:36:05,V039,72.0,0.9706276994617958
2026-05-25,2026-05-25 11:36:06,V039,72.0,0.9726235346204899
2026-05-25,2026-05-25 11:36:07,V039,72.0,1.07498876238831
2026-05-25,2026-05-25 11:36:08,V039,72.0,1.042027891116675
2026-05-25,2026-05-25 11:36:09,V039,71.0,1.090923825093245
2026-05-25,2026-05-25 11:36:10,V039,71.0,1.0081711315096245
2026-05-25,2026-05-25 11:36:11,V039,70.0,1.0211257292917904
2026-05-25,2026-05-25 11:36:12,V039,70.0,1.0142696301977991
2026-05-25,2026-05-25 11:36:13,V039,69.0,1.014108455285082
2026-05-25,2026-05-25 11:36:14,V039,69.0,1.013739136047188
2026-05-25,2026-05-25 11:36:15,V039,70.0,1.0135922416984873
2026-05-25,2026-05-25 11:36:16,V039,70.0,1.0135371477470678
2026-05-25,2026-05-25 11:36:17,V039,71.0,1.013509776497209
2026-05-25,2026-05-25 11:36:18,V039,72.0,1.0130868666987631
2026-05-25,2026-05-25 11:36:19,V039,73.0,1.0140531417175707
2026-05-25,2026-05-25 11:36:20,V039,73.0,1.0140201231910673
2026-05-25,2026-05-25 11:36:21,V039,74.0,1.0135551111359418
2026-05-25,2026-05-25 11:36:22,V039,74.0,1.01390803187634
2026-05-25,2026-05-25 11:36:23,V039,74.0,1.0140877609322703
2026-05-25,2026-05-25 11:36:24,V039,75.0,1.0133488525897203
2026-05-25,2026-05-25 11:36:25,V039,76.0,1.0135709950076657
2026-05-25,2026-05-25 11:36:26,V039,76.0,1.0144341288668186
2026-05-25,2026-05-25 11:36:27,V039,78.0,1.0136305162432224
2026-05-25,2026-05-25 11:36:28,V039,79.0,1.0135856535260381
2026-05-25,2026-05-25 11:36:29,V039,80.0,1.013769175664869
2026-05-25,2026-05-25 11:36:30,V039,82.0,1.0137502768643634
2026-05-25,2026-05-25 11:36:31,V039,84.0,1.0142186595343712
2026-05-25,2026-05-25 11:36:32,V039,86.0,1.0137893300386596
2026-05-25,2026-05-25 11:36:33,V039,85.0,1.013904885907391
2026-05-25,2026-05-25 11:36:34,V039,84.0,1.01413635487401
2026-05-25,2026-05-25 11:36:35,V039,83.0,1.0134336037518181
2026-05-25,2026-05-25 11:36:36,V039,81.0,1.0137244857826575
2026-05-25,2026-05-25 11:36:37,V039,80.0,1.0136752598210608
2026-05-25,2026-05-25 11:36:38,V039,79.0,1.014462798444139
2026-05-25,2026-05-25 11:36:39,V039,77.0,1.0142666151731006
2026-05-25,2026-05-25 11:36:40,V039,76.0,1.014034944021492
2026-05-25,2026-05-25 11:36:41,V039,75.0,1.0136428176335517
2026-05-25,2026-05-25 11:36:42,V039,74.0,1.0136211831395496
2026-05-25,2026-05-25 11:36:43,V039,73.0,1.0141842079273327
2026-05-25,2026-05-25 11:36:44,V039,72.0,1.0136263226230904
2026-05-25,2026-05-25 11:36:45,V039,71.0,1.013613329258072
2026-05-25,2026-05-25 11:36:46,V039,71.0,1.0140468700176655
2026-05-25,2026-05-25 11:36:47,V039,70.0,1.01351664882774
2026-05-25,2026-05-25 11:36:48,V039,70.0,1.0134564297824045
2026-05-25,2026-05-25 11:36:49,V039,69.0,1.013712246750683
2026-05-25,2026-05-25 11:36:50,V039,69.0,1.013667466780874
2026-05-25,2026-05-25 11:36:51,V039,69.0,1.0137438503063363
2026-05-25,2026-05-25 11:36:52,V039,69.0,1.0140362743213316
2026-05-25,2026-05-25 11:36:53,V039,70.0,1.0135272461113638
2026-05-25,2026-05-25 11:36:54,V039,70.0,1.0136762613607098
2026-05-25,2026-05-25 11:36:55,V039,71.0,1.013682461799683
2026-05-25,2026-05-25 11:36:56,V039,72.0,1.0133750336046246
2026-05-25,2026-05-25 11:36:57,V039,71.0,1.0133435997047235
2026-05-25,2026-05-25 11:36:58,V039,70.0,1.0137469284286345
2026-05-25,2026-05-25 11:36:59,V039,69.0,1.0140198353564498
2026-05-25,2026-05-25 11:37:00,V039,68.0,1.0142411273979506
2026-05-25,2026-05-25 11:37:01,V039,67.0,1.0137771487590785
2026-05-25,2026-05-25 11:37:02,V039,67.0,1.0141159852522403
2026-05-25,2026-05-25 11:37:03,V039,66.0,1.013762353191331
2026-05-25,2026-05-25 11:37:04,V039,66.0,1.0135925479649248
2026-05-25,2026-05-25 11:37:05,V039,66.0,1.0137369820022621
2026-05-25,2026-05-25 11:37:06,V039,66.0,1.0140023275484205
2026-05-25,2026-05-25 11:37:07,V039,65.0,1.0139397879029246
2026-05-25,2026-05-25 11:37:08,V039,65.0,1.0136169077369561
2026-05-25,2026-05-25 11:37:09,V039,64.0,1.0134955995897472
2026-05-25,2026-05-25 11:37:10,V039,63.0,1.0142557547391537
2026-05-25,2026-05-25 11:37:11,V039,64.0,1.0140702145805893
2026-05-25,2026-05-25 11:37:12,V039,64.0,1.0139365151613464
2026-05-25,2026-05-25 11:37:13,V039,64.0,1.0136397153486192
2026-05-25,2026-05-25 11:37:14,V039,64.0,1.0137428376017847
2026-05-25,2026-05-25 11:37:15,V039,64.0,1.0136171649062196
2026-05-25,2026-05-25 11:37:16,V039,63.0,1.014603966546481
2026-05-25,2026-05-25 11:37:17,V039,63.0,1.0141656882421568
2026-05-25,2026-05-25 11:37:18,V039,63.0,1.0137184945275681
2026-05-25,2026-05-25 11:37:19,V039,64.0,1.0138669414819095
2026-05-25,2026-05-25 11:37:20,V039,65.0,1.0140046721042728
2026-05-25,2026-05-25 11:37:21,V039,66.0,1.0141769292579665
2026-05-25,2026-05-25 11:37:22,V039,66.0,1.0137170048291004
2026-05-25,2026-05-25 11:37:23,V039,65.0,1.0139999033046387
2026-05-25,2026-05-25 11:37:24,V039,64.0,1.0140223398515438
2026-05-25,2026-05-25 11:37:25,V039,62.0,1.014073236570987
2026-05-25,2026-05-25 11:37:26,V039,61.0,1.0138305799121532
2026-05-25,2026-05-25 11:37:27,V039,60.0,1.0138230349683588
2026-05-25,2026-05-25 11:37:28,V039,60.0,1.013548740670176
2026-05-25,2026-05-25 11:37:29,V039,61.0,1.0142958048209512
2026-05-25,2026-05-25 11:37:30,V039,62.0,1.0140114396972704
2026-05-25,2026-05-25 11:37:31,V039,63.0,1.0135639819042002
2026-05-25,2026-05-25 11:37:32,V039,64.0,1.0139648811247977
2026-05-25,2026-05-25 11:37:33,V039,64.0,1.0143222848544624
2026-05-25,2026-05-25 11:37:34,V039,64.0,1.0141826908490421
2026-05-25,2026-05-25 11:37:35,V039,65.0,1.0141718506942945
2026-05-25,2026-05-25 11:37:36,V039,65.0,1.0143668252796334
2026-05-25,2026-05-25 11:37:37,V039,66.0,1.014075558574486
2026-05-25,2026-05-25 11:37:38,V039,67.0,1.0139820755587294
2026-05-25,2026-05-25 11:37:39,V039,67.0,1.014115903702318
2026-05-25,2026-05-25 11:37:40,V039,68.0,1.0133281151074183
2026-05-25,2026-05-25 11:37:41,V039,67.0,1.0137449990624963
2026-05-25,2026-05-25 11:37:42,V039,66.0,1.0143520111767352
2026-05-25,2026-05-25 11:37:43,V039,66.0,1.0142924163929097
2026-05-25,2026-05-25 11:37:44,V039,66.0,1.0136764523493107
2026-05-25,2026-05-25 11:37:45,V039,68.0,1.0141830779664969
2026-05-25,2026-05-25 11:37:46,V039,69.0,1.01376096567325
2026-05-25,2026-05-25 11:37:47,V039,68.0,1.0135426360687596
2026-05-25,2026-05-25 11:37:48,V039,68.0,1.013604037372368
2026-05-25,2026-05-25 11:37:49,V039,68.0,1.0138783091889192
2026-05-25,2026-05-25 11:37:50,V039,67.0,1.0136914730482731
2026-05-25,2026-05-25 11:37:51,V039,67.0,1.013937910188912
2026-05-25,2026-05-25 11:37:52,V039,67.0,1.0137903575257776
2026-05-25,2026-05-25 11:37:53,V039,66.0,1.0138932768917757
2026-05-25,2026-05-25 11:37:54,V039,65.0,1.0144968619661026
2026-05-25,2026-05-25 11:37:55,V039,65.0,1.014123830318281
2026-05-25,2026-05-25 11:37:56,V039,65.0,1.0134968798909958
2026-05-25,2026-05-25 11:37:57,V039,65.0,1.0143570279920673
2026-05-25,2026-05-25 11:37:58,V039,65.0,1.0145232620231948
2026-05-25,2026-05-25 11:37:59,V039,66.0,1.0137990516396194
2026-05-25,2026-05-25 11:38:00,V039,66.0,1.01415716083785
2026-05-25,2026-05-25 11:38:01,V039,68.0,1.0143856364034105
2026-05-25,2026-05-25 11:38:02,V039,69.0,1.0136413196332887
2026-05-25,2026-05-25 11:38:03,V039,70.0,1.0138290086596604
2026-05-25,2026-05-25 11:38:04,V039,72.0,1.0141242451482377
2026-05-25,2026-05-25 11:38:05,V039,71.0,1.0140984203756802
2026-05-25,2026-05-25 11:38:06,V039,71.0,1.013665234690739
2026-05-25,2026-05-25 11:38:07,V039,70.0,1.014106356392177
2026-05-25,2026-05-25 11:38:08,V039,69.0,1.01375150008849
2026-05-25,2026-05-25 11:38:09,V039,69.0,1.0141537751055152
2026-05-25,2026-05-25 11:38:10,V039,70.0,1.0141593012889476
2026-05-25,2026-05-25 11:38:11,V039,71.0,1.0144380210287849
2026-05-25,2026-05-25 11:38:12,V039,73.0,1.0140872590123875
2026-05-25,2026-05-25 11:38:13,V039,74.0,1.0143340943580532
2026-05-25,2026-05-25 11:38:14,V039,74.0,1.013763045133242
2026-05-25,2026-05-25 11:38:15,V039,73.0,1.0143247085589235
2026-05-25,2026-05-25 11:38:16,V039,71.0,1.0137041213606974
2026-05-25,2026-05-25 11:38:17,V039,71.0,1.0141215057795057
2026-05-25,2026-05-25 11:38:18,V039,71.0,1.01416310511773
2026-05-25,2026-05-25 11:38:19,V039,72.0,1.0139623562705917
2026-05-25,2026-05-25 11:38:20,V039,73.0,1.0139875145387311
2026-05-25,2026-05-25 11:38:21,V039,73.0,1.0138369651199044
2026-05-25,2026-05-25 11:38:22,V039,73.0,1.0141470632175746
2026-05-25,2026-05-25 11:38:23,V039,74.0,1.0140726141105425
2026-05-25,2026-05-25 11:38:24,V039,75.0,1.0145337202160678
2026-05-25,2026-05-25 11:38:25,V039,76.0,1.0139442681705773
2026-05-25,2026-05-25 11:38:26,V039,77.0,1.013800517882896
2026-05-25,2026-05-25 11:38:27,V039,78.0,1.0139768776162628
2026-05-25,2026-05-25 11:38:28,V039,78.0,1.0137172790917683
2026-05-25,2026-05-25 11:38:29,V039,77.0,1.0144731549437944
2026-05-25,2026-05-25 11:38:30,V039,76.0,1.014015475473031
2026-05-25,2026-05-25 11:38:31,V039,76.0,1.0135802157325626
2026-05-25,2026-05-25 11:38:32,V039,76.0,1.0142310042574922
2026-05-25,2026-05-25 11:38:33,V039,76.0,1.01412526757021
2026-05-25,2026-05-25 11:38:34,V039,76.0,1.0137512783065343
2026-05-25,2026-05-25 11:38:35,V039,75.0,1.0142295487824804
2026-05-25,2026-05-25 11:38:36,V039,74.0,1.0144958662857209
2026-05-25,2026-05-25 11:38:37,V039,74.0,1.0142810696129883
2026-05-25,2026-05-25 11:38:38,V039,73.0,1.0136576351078714
2026-05-25,2026-05-25 11:38:39,V039,73.0,1.0142712491598815
2026-05-25,2026-05-25 11:38:40,V039,73.0,1.0141349727413
2026-05-25,2026-05-25 11:38:41,V039,72.0,1.0141704608019282
2026-05-25,2026-05-25 11:38:42,V039,71.0,1.0143275750020389
2026-05-25,2026-05-25 11:38:43,V039,71.0,1.0143833584509039
2026-05-25,2026-05-25 11:38:44,V039,72.0,1.0141806138836265
2026-05-25,2026-05-25 11:38:45,V039,72.0,1.013460960375667
2026-05-25,2026-05-25 11:38:46,V039,73.0,1.0144119864795091
2026-05-25,2026-05-25 11:38:47,V039,73.0,1.0138367248086007
2026-05-25,2026-05-25 11:38:48,V039,73.0,1.0144338588214052
2026-05-25,2026-05-25 11:38:49,V039,74.0,1.0141771043658299
2026-05-25,2026-05-25 11:38:50,V039,74.0,1.0145579084215726
2026-05-25,2026-05-25 11:38:51,V039,73.0,1.014193191735934
2026-05-25,2026-05-25 11:38:52,V039,72.0,1.0133935666853218
2026-05-25,2026-05-25 11:38:53,V039,70.0,1.0141610616491774
2026-05-25,2026-05-25 11:38:54,V039,69.0,1.014129253058455
2026-05-25,2026-05-25 11:38:55,V039,68.0,1.0143420348100436
2026-05-25,2026-05-25 11:38:56,V039,68.0,1.014457297093838
2026-05-25,2026-05-25 11:38:57,V039,67.0,1.013916531324186
2026-05-25,2026-05-25 11:38:58,V039,67.0,1.0136786826882611
2026-05-25,2026-05-25 11:38:59,V039,67.0,1.014097458008365
2026-05-25,2026-05-25 11:39:00,V039,68.0,1.0144787758413163
2026-05-25,2026-05-25 11:39:01,V039,67.0,1.01474427460946
2026-05-25,2026-05-25 11:39:02,V039,66.0,1.0144517418106496
2026-05-25,2026-05-25 11:39:03,V039,65.0,1.0141246812549307
2026-05-25,2026-05-25 11:39:04,V039,65.0,1.0139453668972715
2026-05-25,2026-05-25 11:39:05,V039,64.0,1.0142731779652607
2026-05-25,2026-05-25 11:39:06,V039,64.0,1.0143410999884606
2026-05-25,2026-05-25 11:39:07,V039,64.0,1.0138667642380041
2026-05-25,2026-05-25 11:39:08,V039,64.0,1.0146441129034551
2026-05-25,2026-05-25 11:39:09,V039,64.0,1.0141663478900889
2026-05-25,2026-05-25 11:39:10,V039,64.0,1.0141346392988029
2026-05-25,2026-05-25 11:39:11,V039,64.0,1.0143342912711462
2026-05-25,2026-05-25 11:39:12,V039,64.0,1.014064143119861
2026-05-25,2026-05-25 11:39:13,V039,64.0,1.0141630017093537
2026-05-25,2026-05-25 11:39:14,V039,64.0,1.0139650510285663
2026-05-25,2026-05-25 11:39:15,V039,64.0,1.013724621514795
2026-05-25,2026-05-25 11:39:16,V039,64.0,1.013987204222459
2026-05-25,2026-05-25 11:39:17,V039,64.0,1.0141023688215451
2026-05-25,2026-05-25 11:39:18,V039,65.0,1.0143294525373832
2026-05-25,2026-05-25 11:39:19,V039,65.0,1.0135338463145849
2026-05-25,2026-05-25 11:39:20,V039,65.0,1.0141009438208957
2026-05-25,2026-05-25 11:39:21,V039,65.0,1.0143590196582055
2026-05-25,2026-05-25 11:39:22,V039,65.0,1.0145165227095412
2026-05-25,2026-05-25 11:39:23,V039,65.0,1.0140583578983475
2026-05-25,2026-05-25 11:39:24,V039,65.0,1.0145657477452987
2026-05-25,2026-05-25 11:39:25,V039,65.0,1.0145238860436112
2026-05-25,2026-05-25 11:39:26,V039,65.0,1.013878301089845
2026-05-25,2026-05-25 11:39:27,V039,67.0,1.0144688494479464
2026-05-25,2026-05-25 11:39:28,V039,67.0,1.0135072069840343
2026-05-25,2026-05-25 11:39:29,V039,68.0,1.0140797293739963
2026-05-25,2026-05-25 11:39:30,V039,69.0,1.0140578799495827
2026-05-25,2026-05-25 11:39:31,V039,68.0,1.0138843331257925
2026-05-25,2026-05-25 11:39:32,V039,67.0,1.0143081268238547
2026-05-25,2026-05-25 11:39:33,V039,67.0,1.0146053663488206
2026-05-25,2026-05-25 11:39:34,V039,66.0,1.014087411162953
2026-05-25,2026-05-25 11:39:35,V039,66.0,1.0140749154559945
2026-05-25,2026-05-25 11:39:36,V039,65.0,1.0134049977281028
2026-05-25,2026-05-25 11:39:37,V039,65.0,1.0142637743053207
2026-05-25,2026-05-25 11:39:38,V039,65.0,1.013819103060346
2026-05-25,2026-05-25 11:39:39,V039,64.0,1.0139877114339884
2026-05-25,2026-05-25 11:39:40,V039,64.0,1.0141886123522783
2026-05-25,2026-05-25 11:39:41,V039,63.0,1.014056993815136
2026-05-25,2026-05-25 11:39:42,V039,63.0,1.0141655371452738
2026-05-25,2026-05-25 11:39:43,V039,64.0,1.014329455255493
2026-05-25,2026-05-25 11:39:44,V039,65.0,1.013629539423868
2026-05-25,2026-05-25 11:39:45,V039,65.0,1.0144909621026428
2026-05-25,2026-05-25 11:39:46,V039,66.0,1.0137873958088175
2026-05-25,2026-05-25 11:39:47,V039,66.0,1.014059916079629
2026-05-25,2026-05-25 11:39:48,V039,65.0,1.0141170156833703
2026-05-25,2026-05-25 11:39:49,V039,64.0,1.0143574567953488
2026-05-25,2026-05-25 11:39:50,V039,64.0,1.0143824584648724
2026-05-25,2026-05-25 11:39:51,V039,63.0,1.014241581791972
2026-05-25,2026-05-25 11:39:52,V039,63.0,1.0140828772013428
2026-05-25,2026-05-25 11:39:53,V039,63.0,1.0138373783081411
2026-05-25,2026-05-25 11:39:54,V039,63.0,1.0141767211378856
2026-05-25,2026-05-25 11:39:55,V039,63.0,1.0143102603141274
2026-05-25,2026-05-25 11:39:56,V039,63.0,1.0147691725520622
2026-05-25,2026-05-25 11:39:57,V039,63.0,1.0137800892690816
2026-05-25,2026-05-25 11:39:58,V039,64.0,1.013774839060583
2026-05-25,2026-05-25 11:39:59,V039,63.0,1.0142526105190472
2026-05-25,2026-05-25 11:40:00,V039,63.0,1.0139861679744406
2026-05-25,2026-05-25 11:40:01,V039,62.0,1.0142841863865892
2026-05-25,2026-05-25 11:40:02,V039,62.0,1.0139878183497313
2026-05-25,2026-05-25 11:40:03,V039,62.0,1.0133395646123144
2026-05-25,2026-05-25 11:40:04,V039,63.0,1.0140412640820364
2026-05-25,2026-05-25 11:40:05,V039,65.0,1.0144902302312406
2026-05-25,2026-05-25 11:40:06,V039,66.0,1.0140358378171852
2026-05-25,2026-05-25 11:40:07,V039,66.0,1.014547703701668
2026-05-25,2026-05-25 11:40:08,V039,66.0,1.0142561736823108
2026-05-25,2026-05-25 11:40:09,V039,65.0,1.014013404865434
2026-05-25,2026-05-25 11:40:10,V039,64.0,1.0139759423176202
2026-05-25,2026-05-25 11:40:11,V039,63.0,1.0137484403260257
2026-05-25,2026-05-25 11:40:12,V039,63.0,1.0138786289080775
2026-05-25,2026-05-25 11:40:13,V039,63.0,1.0137296675976406
2026-05-25,2026-05-25 11:40:14,V039,63.0,1.014063147827134
2026-05-25,2026-05-25 11:40:15,V039,64.0,1.0139087777540023
2026-05-25,2026-05-25 11:40:16,V039,65.0,1.0134959244123791
2026-05-25,2026-05-25 11:40:17,V039,65.0,1.0140858970375206
2026-05-25,2026-05-25 11:40:18,V039,65.0,1.0140217706564583
2026-05-25,2026-05-25 11:40:19,V039,65.0,1.0142862669030646
2026-05-25,2026-05-25 11:40:20,V039,64.0,1.0142388570442917
2026-05-25,2026-05-25 11:40:21,V039,64.0,1.0146123258012931
2026-05-25,2026-05-25 11:40:22,V039,64.0,1.0136014789972532
2026-05-25,2026-05-25 11:40:23,V039,63.0,1.0135825698890655
2026-05-25,2026-05-25 11:40:24,V039,63.0,1.0140517711835286
2026-05-25,2026-05-25 11:40:25,V039,63.0,1.0142428485664525
2026-05-25,2026-05-25 11:40:26,V039,63.0,1.0141324469673272
2026-05-25,2026-05-25 11:40:27,V039,63.0,1.013702578433097
2026-05-25,2026-05-25 11:40:28,V039,63.0,1.0133378858919282
2026-05-25,2026-05-25 11:40:29,V039,63.0,1.0136785899069625
2026-05-25,2026-05-25 11:40:30,V039,63.0,1.013672378238804
2026-05-25,2026-05-25 11:40:31,V039,63.0,1.0135177302771257
2026-05-25,2026-05-25 11:40:32,V039,62.0,1.013481120621379
2026-05-25,2026-05-25 11:40:33,V039,62.0,1.0136739361856417
2026-05-25,2026-05-25 11:40:34,V039,62.0,1.0134906416052378
2026-05-25,2026-05-25 11:40:35,V039,63.0,1.0134981930988864
2026-05-25,2026-05-25 11:40:36,V039,63.0,1.0137754872420415
2026-05-25,2026-05-25 11:40:37,V039,64.0,1.0134897065155013
2026-05-25,2026-05-25 11:40:38,V039,65.0,1.0132018130911364
2026-05-25,2026-05-25 11:40:39,V039,65.0,1.0137237889266972
2026-05-25,2026-05-25 11:40:40,V039,66.0,1.0135885580245654
2026-05-25,2026-05-25 11:40:41,V039,66.0,1.0135135683104382
2026-05-25,2026-05-25 11:40:42,V039,67.0,1.014104848267258
2026-05-25,2026-05-25 11:40:43,V039,66.0,1.0134527420238777
2026-05-25,2026-05-25 11:40:44,V039,66.0,1.0136898069265374
2026-05-25,2026-05-25 11:40:45,V039,65.0,1.0128991244118837
2026-05-25,2026-05-25 11:40:46,V039,64.0,1.0128809997476995
2026-05-25,2026-05-25 11:40:47,V039,65.0,1.0133404852499703
2026-05-25,2026-05-25 11:40:48,V039,65.0,1.0140336417812545
2026-05-25,2026-05-25 11:40:49,V039,67.0,1.012963040686118
2026-05-25,2026-05-25 11:40:50,V039,68.0,1.0136518508467627
2026-05-25,2026-05-25 11:40:51,V039,70.0,1.0128231659444074
2026-05-25,2026-05-25 11:40:52,V039,71.0,1.013193864507012
2026-05-25,2026-05-25 11:40:53,V039,72.0,1.0134175895088704
2026-05-25,2026-05-25 11:40:54,V039,73.0,1.0131144471454403
2026-05-25,2026-05-25 11:40:55,V039,72.0,1.012929243078199
2026-05-25,2026-05-25 11:40:56,V039,72.0,1.0131479691409688
2026-05-25,2026-05-25 11:40:57,V039,70.0,1.0136149212544794
2026-05-25,2026-05-25 11:40:58,V039,70.0,1.0137763272886569
2026-05-25,2026-05-25 11:40:59,V039,69.0,1.0132022534123069
2026-05-25,2026-05-25 11:41:00,V039,69.0,1.013428968256565
2026-05-25,2026-05-25 11:41:01,V039,68.0,1.0134984702865548
2026-05-25,2026-05-25 11:41:02,V039,67.0,1.0129808809804612
2026-05-25,2026-05-25 11:41:03,V039,66.0,1.0134107008883397
2026-05-25,2026-05-25 11:41:04,V039,66.0,1.0128664009868111
2026-05-25,2026-05-25 11:41:05,V039,66.0,1.0133222820529486
2026-05-25,2026-05-25 11:41:06,V039,66.0,1.0133953974884056
2026-05-25,2026-05-25 11:41:07,V039,66.0,1.0134004688404976
2026-05-25,2026-05-25 11:41:08,V039,66.0,1.013429026231153
2026-05-25,2026-05-25 11:41:09,V039,66.0,1.013060083217354
2026-05-25,2026-05-25 11:41:10,V039,66.0,1.0134212002360499
2026-05-25,2026-05-25 11:41:11,V039,65.0,1.012861303378861
2026-05-25,2026-05-25 11:41:12,V039,64.0,1.0132889281840414
2026-05-25,2026-05-25 11:41:13,V039,63.0,1.0132726618622758
2026-05-25,2026-05-25 11:41:14,V039,62.0,1.0131186509715697
2026-05-25,2026-05-25 11:41:15,V039,61.0,1.0132277863363752
2026-05-25,2026-05-25 11:41:16,V039,61.0,1.0133064585697338
2026-05-25,2026-05-25 11:41:17,V039,60.0,1.0127603740327908
2026-05-25,2026-05-25 11:41:18,V039,60.0,1.014151959852505
2026-05-25,2026-05-25 11:41:19,V039,61.0,1.0418957370371482
2026-05-25,2026-05-25 11:41:20,V039,61.0,0.9951893082571042
2026-05-25,2026-05-25 11:41:21,V039,61.0,0.9886638295151495
2026-05-25,2026-05-25 11:41:22,V039,61.0,0.9957486353059607
2026-05-25,2026-05-25 11:41:23,V039,61.0,0.9712298712915078
2026-05-25,2026-05-25 11:41:24,V039,61.0,0.9942714523804491
2026-05-25,2026-05-25 11:41:25,V039,61.0,0.9953979710075653
2026-05-25,2026-05-25 11:41:26,V039,61.0,0.9885524495780983
2026-05-25,2026-05-25 11:41:27,V039,62.0,0.9885358447624384
2026-05-25,2026-05-25 11:41:28,V039,62.0,0.987972257455919
2026-05-25,2026-05-25 11:41:29,V039,64.0,0.9872704170011924
2026-05-25,2026-05-25 11:41:30,V039,65.0,0.9878023878624448
2026-05-25,2026-05-25 11:41:31,V039,64.0,0.9880844841815096
2026-05-25,2026-05-25 11:41:32,V039,63.0,0.9883118253508941
2026-05-25,2026-05-25 11:41:33,V039,62.0,0.9877999428349173
2026-05-25,2026-05-25 11:41:34,V039,61.0,0.98393470861879
2026-05-25,2026-05-25 11:41:35,V039,60.0,0.9916455893602829
2026-05-25,2026-05-25 11:41:36,V039,60.0,0.9896052592139262
2026-05-25,2026-05-25 11:41:37,V039,60.0,0.9880393710562533
2026-05-25,2026-05-25 11:41:38,V039,61.0,0.9862798944298037
2026-05-25,2026-05-25 11:41:39,V039,61.0,0.987293985389615
2026-05-25,2026-05-25 11:41:40,V039,62.0,0.989056632955191
2026-05-25,2026-05-25 11:41:41,V039,63.0,0.9942529299663643
2026-05-25,2026-05-25 11:41:42,V039,64.0,1.0217492054547008
2026-05-25,2026-05-25 11:41:43,V039,65.0,1.0040212099324397
2026-05-25,2026-05-25 11:41:44,V039,67.0,1.0042023393290547
2026-05-25,2026-05-25 11:41:45,V039,70.0,0.9890198383980454
2026-05-25,2026-05-25 11:41:46,V039,73.0,1.0395751457365459
2026-05-25,2026-05-25 11:41:47,V039,74.0,1.0103029578272344
2026-05-25,2026-05-25 11:41:48,V039,74.0,1.0807085346337784
2026-05-25,2026-05-25 11:41:49,V039,73.0,1.054002843307268
2026-05-25,2026-05-25 11:41:50,V039,73.0,1.0253626614823315
2026-05-25,2026-05-25 11:41:51,V039,72.0,1.0508551194668476
2026-05-25,2026-05-25 11:41:52,V039,72.0,1.0173033144349117
2026-05-25,2026-05-25 11:41:53,V039,71.0,1.1102321650324272
2026-05-25,2026-05-25 11:41:54,V039,71.0,1.004863472326872
2026-05-25,2026-05-25 11:41:55,V039,70.0,1.0197656525992274
2026-05-25,2026-05-25 11:41:56,V039,69.0,1.0246038640191792
2026-05-25,2026-05-25 11:41:57,V039,70.0,1.0750469566549279
2026-05-25,2026-05-25 11:41:58,V039,70.0,1.039356923024806
2026-05-25,2026-05-25 11:41:59,V039,71.0,1.067973808240656
2026-05-25,2026-05-25 11:42:00,V039,71.0,1.2297853185711771
2026-05-25,2026-05-25 11:42:01,V039,72.0,1.029825262479967
2026-05-25,2026-05-25 11:42:02,V039,73.0,1.0174725348053246
2026-05-25,2026-05-25 11:42:03,V039,74.0,1.0830914374524587
2026-05-25,2026-05-25 11:42:04,V039,75.0,1.0870327538938762
2026-05-25,2026-05-25 11:42:05,V039,78.0,1.0872874545814106
2026-05-25,2026-05-25 11:42:06,V039,80.0,1.411651128679717
2026-05-25,2026-05-25 11:42:07,V039,81.0,1.1731445405018004
2026-05-25,2026-05-25 11:42:08,V039,81.0,1.0769842888515948
2026-05-25,2026-05-25 11:42:09,V039,81.0,1.0295360934159459
2026-05-25,2026-05-25 11:42:10,V039,80.0,1.0225502860655922
2026-05-25,2026-05-25 11:42:11,V039,80.0,1.0182661932421289
2026-05-25,2026-05-25 11:42:12,V039,79.0,1.009303209052475
2026-05-25,2026-05-25 11:42:13,V039,79.0,1.0091882291841758
2026-05-25,2026-05-25 11:42:14,V039,79.0,1.013827463508929
2026-05-25,2026-05-25 11:42:15,V039,79.0,1.0226680899802545
2026-05-25,2026-05-25 11:42:16,V039,80.0,1.0049580943780696
2026-05-25,2026-05-25 11:42:17,V039,81.0,1.0444527189486137
2026-05-25,2026-05-25 11:42:18,V039,81.0,1.0002521984037736
2026-05-25,2026-05-25 11:42:19,V039,82.0,1.01166782762564
2026-05-25,2026-05-25 11:42:20,V039,82.0,1.01846596609423
2026-05-25,2026-05-25 11:42:21,V039,83.0,0.9916986681191818
2026-05-25,2026-05-25 11:42:22,V039,83.0,1.0039670114769343
2026-05-25,2026-05-25 11:42:23,V039,84.0,1.0003350488044505
2026-05-25,2026-05-25 11:42:24,V039,84.0,0.9917069488804791
2026-05-25,2026-05-25 11:42:25,V039,85.0,1.0097897922685792
2026-05-25,2026-05-25 11:42:26,V039,85.0,1.0107102640724515
2026-05-25,2026-05-25 11:42:27,V039,86.0,1.024615553262443
2026-05-25,2026-05-25 11:42:28,V039,86.0,1.014463369689861
2026-05-25,2026-05-25 11:42:29,V039,86.0,1.011851660738759
2026-05-25,2026-05-25 11:42:30,V039,86.0,1.0979346211893761
2026-05-25,2026-05-25 11:42:31,V039,87.0,1.0274847471318704
2026-05-25,2026-05-25 11:42:32,V039,87.0,1.0480481302744593
2026-05-25,2026-05-25 11:42:33,V039,87.0,1.0280826930910614
2026-05-25,2026-05-25 11:42:34,V039,87.0,1.0980495607241343
2026-05-25,2026-05-25 11:42:35,V039,86.0,1.0300796841609807
2026-05-25,2026-05-25 11:42:36,V039,86.0,1.0075801393495443
2026-05-25,2026-05-25 11:42:37,V039,86.0,0.9993241042826321
2026-05-25,2026-05-25 11:42:38,V039,85.0,1.0083477398192253
2026-05-25,2026-05-25 11:42:39,V039,86.0,0.9953749825904318
2026-05-25,2026-05-25 11:42:40,V039,86.0,0.9812601334233677
2026-05-25,2026-05-25 11:42:41,V039,86.0,1.0981432864765845
2026-05-25,2026-05-25 11:42:42,V039,86.0,0.9046639868934846
2026-05-25,2026-05-25 11:42:43,V039,86.0,1.0144981691940904
2026-05-25,2026-05-25 11:42:44,V039,86.0,1.0438389038395137
2026-05-25,2026-05-25 11:42:45,V039,86.0,1.2195427315538703
2026-05-25,2026-05-25 11:42:46,V039,86.0,1.036699149287373
2026-05-25,2026-05-25 11:42:47,V039,87.0,1.0686398323264585
2026-05-25,2026-05-25 11:42:48,V039,87.0,1.0676248828181536
2026-05-25,2026-05-25 11:42:49,V039,87.0,1.05377956642596
2026-05-25,2026-05-25 11:42:50,V039,87.0,1.0289044205313653
2026-05-25,2026-05-25 11:42:51,V039,88.0,1.0143631589009474
2026-05-25,2026-05-25 11:42:52,V039,88.0,1.0327990276431978
2026-05-25,2026-05-25 11:42:53,V039,88.0,1.0368125848756329
2026-05-25,2026-05-25 11:42:54,V039,88.0,0.9765750189602731
2026-05-25,2026-05-25 11:42:55,V039,88.0,1.0179198737398096
2026-05-25,2026-05-25 11:42:56,V039,88.0,1.0506772399414488
2026-05-25,2026-05-25 11:42:57,V039,88.0,1.0211632711457137
2026-05-25,2026-05-25 11:42:58,V039,88.0,1.037546231372794
2026-05-25,2026-05-25 11:42:59,V039,88.0,0.9859734341092853
2026-05-25,2026-05-25 11:43:00,V039,88.0,1.0157406105994955
2026-05-25,2026-05-25 11:43:01,V039,88.0,1.0168099028546882
2026-05-25,2026-05-25 11:43:02,V039,88.0,1.018430099017889
2026-05-25,2026-05-25 11:43:03,V039,88.0,1.0301179241294354
2026-05-25,2026-05-25 11:43:04,V039,88.0,1.044486073358437
2026-05-25,2026-05-25 11:43:05,V039,89.0,1.0207994389561155
2026-05-25,2026-05-25 11:43:06,V039,89.0,1.024539300333601
2026-05-25,2026-05-25 11:43:07,V039,89.0,1.0207217819332313
2026-05-25,2026-05-25 11:43:08,V039,89.0,1.0209766478797
2026-05-25,2026-05-25 11:43:09,V039,88.0,1.0271779736567308
2026-05-25,2026-05-25 11:43:10,V039,88.0,0.9912585664839131
2026-05-25,2026-05-25 11:43:11,V039,87.0,1.0203988391137833
2026-05-25,2026-05-25 11:43:12,V039,87.0,1.0020742043083917
2026-05-25,2026-05-25 11:43:13,V039,86.0,1.0318210863497943
2026-05-25,2026-05-25 11:43:14,V039,85.0,1.0243582046611546
2026-05-25,2026-05-25 11:43:15,V039,85.0,1.0237563895693051
2026-05-25,2026-05-25 11:43:16,V039,84.0,1.0246864093455192
2026-05-25,2026-05-25 11:43:17,V039,84.0,1.0230361951185403
2026-05-25,2026-05-25 11:43:18,V039,84.0,1.0239853296607568
2026-05-25,2026-05-25 11:43:19,V039,85.0,1.0249340791750958
2026-05-25,2026-05-25 11:43:20,V039,85.0,1.0211308699081072
2026-05-25,2026-05-25 11:43:21,V039,85.0,1.0193065522787694
2026-05-25,2026-05-25 11:43:22,V039,85.0,1.0196963207850542
2026-05-25,2026-05-25 11:43:23,V039,86.0,1.026342560057414
2026-05-25,2026-05-25 11:43:24,V039,86.0,1.013419994184173
2026-05-25,2026-05-25 11:43:25,V039,86.0,1.0250599386965515
2026-05-25,2026-05-25 11:43:26,V039,86.0,1.01275321313029
2026-05-25,2026-05-25 11:43:27,V039,86.0,1.0124036762842419
2026-05-25,2026-05-25 11:43:28,V039,86.0,1.008708727556288
2026-05-25,2026-05-25 11:43:29,V039,87.0,1.017730783096344
2026-05-25,2026-05-25 11:43:30,V039,87.0,1.0037360106901956
2026-05-25,2026-05-25 11:43:31,V039,87.0,1.0045469885184044
2026-05-25,2026-05-25 11:43:32,V039,88.0,0.9992153229417801
2026-05-25,2026-05-25 11:43:33,V039,89.0,0.9099664657588032
2026-05-25,2026-05-25 11:43:34,V039,89.0,1.1369800504596526
2026-05-25,2026-05-25 11:43:35,V039,90.0,1.0580413217209235
2026-05-25,2026-05-25 11:43:36,V039,91.0,1.0100960604485616
2026-05-25,2026-05-25 11:43:37,V039,92.0,1.0412038223929783
2026-05-25,2026-05-25 11:43:38,V039,93.0,1.2232247053241645
2026-05-25,2026-05-25 11:43:39,V039,93.0,0.9919309021567437
2026-05-25,2026-05-25 11:43:40,V039,93.0,1.0042273038974583
2026-05-25,2026-05-25 11:43:41,V039,93.0,1.0089410518644666
2026-05-25,2026-05-25 11:43:42,V039,94.0,0.9888831307768118
2026-05-25,2026-05-25 11:43:43,V039,93.0,1.0015980301992382
2026-05-25,2026-05-25 11:43:44,V039,93.0,1.0051723159145127
2026-05-25,2026-05-25 11:43:45,V039,94.0,1.0007233351386813
2026-05-25,2026-05-25 11:43:46,V039,94.0,1.006920253840522
2026-05-25,2026-05-25 11:43:47,V039,94.0,1.0063319607361976
2026-05-25,2026-05-25 11:43:48,V039,94.0,1.0001284034576257
2026-05-25,2026-05-25 11:43:49,V039,94.0,1.0035842537709778
2026-05-25,2026-05-25 11:43:50,V039,94.0,1.0009599080369274
2026-05-25,2026-05-25 11:43:51,V039,94.0,1.002170023028374
2026-05-25,2026-05-25 11:43:52,V039,94.0,1.004108107014099
2026-05-25,2026-05-25 11:43:53,V039,94.0,1.0024880679231394
2026-05-25,2026-05-25 11:43:54,V039,94.0,1.0051906124030063
2026-05-25,2026-05-25 11:43:55,V039,94.0,1.0047237188736045
2026-05-25,2026-05-25 11:43:56,V039,94.0,0.9935700147231122
2026-05-25,2026-05-25 11:43:57,V039,94.0,0.9389391219164789
2026-05-25,2026-05-25 11:43:58,V039,94.0,0.9997775048098191
2026-05-25,2026-05-25 11:43:59,V039,94.0,0.9852470316891419
2026-05-25,2026-05-25 11:44:00,V039,93.0,1.0505892978302103
2026-05-25,2026-05-25 11:44:01,V039,93.0,1.0072845980859608
2026-05-25,2026-05-25 11:44:02,V039,92.0,0.9824478027118034
2026-05-25,2026-05-25 11:44:03,V039,92.0,1.0175070639022559
2026-05-25,2026-05-25 11:44:04,V039,91.0,1.0201342895272427
2026-05-25,2026-05-25 11:44:05,V039,91.0,1.025345256776831
2026-05-25,2026-05-25 11:44:06,V039,91.0,1.0436022433009366
2026-05-25,2026-05-25 11:44:07,V039,91.0,1.005926160467926
2026-05-25,2026-05-25 11:44:08,V039,91.0,1.0107586207102974
2026-05-25,2026-05-25 11:44:09,V039,91.0,1.0019860867698012
2026-05-25,2026-05-25 11:44:10,V039,91.0,1.003938822624626
2026-05-25,2026-05-25 11:44:11,V039,91.0,1.0037349760210534
2026-05-25,2026-05-25 11:44:12,V039,91.0,1.0002752684229237
2026-05-25,2026-05-25 11:44:13,V039,92.0,1.0059446052156369
2026-05-25,2026-05-25 11:44:14,V039,92.0,1.0060144937669258
2026-05-25,2026-05-25 11:44:15,V039,91.0,1.0045594069886814
2026-05-25,2026-05-25 11:44:16,V039,91.0,1.0054969202567563
2026-05-25,2026-05-25 11:44:17,V039,91.0,1.00829348217589
2026-05-25,2026-05-25 11:44:18,V039,91.0,1.004074586015581
2026-05-25,2026-05-25 11:44:19,V039,91.0,0.9910083089638083
2026-05-25,2026-05-25 11:44:20,V039,91.0,1.0239555449337476
2026-05-25,2026-05-25 11:44:21,V039,90.0,1.0041020297198258
2026-05-25,2026-05-25 11:44:22,V039,89.0,1.0047548568682174
2026-05-25,2026-05-25 11:44:23,V039,89.0,1.0043209128343906
2026-05-25,2026-05-25 11:44:24,V039,88.0,1.0005111557127817
2026-05-25,2026-05-25 11:44:25,V039,89.0,1.0057542695456627
2026-05-25,2026-05-25 11:44:26,V039,89.0,1.0035598562339736
2026-05-25,2026-05-25 11:44:27,V039,89.0,1.0040488734855604
2026-05-25,2026-05-25 11:44:28,V039,89.0,1.0228840352665036
2026-05-25,2026-05-25 11:44:29,V039,89.0,0.9978157935994854
2026-05-25,2026-05-25 11:44:30,V039,89.0,1.0018644090241855
2026-05-25,2026-05-25 11:44:31,V039,89.0,1.002836471518952
2026-05-25,2026-05-25 11:44:32,V039,89.0,1.0175988865766532
2026-05-25,2026-05-25 11:44:33,V039,89.0,1.0023246409243378
2026-05-25,2026-05-25 11:44:34,V039,89.0,1.0132731028463962
2026-05-25,2026-05-25 11:44:35,V039,90.0,1.004510035324524
2026-05-25,2026-05-25 11:44:36,V039,90.0,1.0033234214160396
2026-05-25,2026-05-25 11:44:37,V039,90.0,1.0033587502206522
2026-05-25,2026-05-25 11:44:38,V039,90.0,1.002921992812752
2026-05-25,2026-05-25 11:44:39,V039,90.0,1.0031217102477858
2026-05-25,2026-05-25 11:44:40,V039,89.0,1.0035950401641838
2026-05-25,2026-05-25 11:44:41,V039,89.0,1.00261171563884
2026-05-25,2026-05-25 11:44:42,V039,89.0,1.0008933501604769
2026-05-25,2026-05-25 11:44:43,V039,89.0,1.0025664809480017
2026-05-25,2026-05-25 11:44:44,V039,89.0,1.004517148978275
2026-05-25,2026-05-25 11:44:45,V039,89.0,1.0029614190050313
2026-05-25,2026-05-25 11:44:46,V039,88.0,1.0033104520255003
2026-05-25,2026-05-25 11:44:47,V039,88.0,1.003384794028213
2026-05-25,2026-05-25 11:44:48,V039,88.0,1.0075513345245224
2026-05-25,2026-05-25 11:44:49,V039,88.0,1.0441294904949863
2026-05-25,2026-05-25 11:44:50,V039,88.0,1.0386279024751492
2026-05-25,2026-05-25 11:44:51,V039,87.0,1.0208234466737944
2026-05-25,2026-05-25 11:44:52,V039,87.0,0.9916187673045506
2026-05-25,2026-05-25 11:44:53,V039,87.0,1.0011505065856519
2026-05-25,2026-05-25 11:44:54,V039,86.0,1.0036241265950117
2026-05-25,2026-05-25 11:44:55,V039,87.0,1.0033132114550654
2026-05-25,2026-05-25 11:44:56,V039,87.0,1.0030133111939317
2026-05-25,2026-05-25 11:44:57,V039,86.0,1.0034811103841452
2026-05-25,2026-05-25 11:44:58,V039,86.0,1.003258670329486
2026-05-25,2026-05-25 11:44:59,V039,86.0,1.0040463755240343
2026-05-25,2026-05-25 11:45:00,V039,87.0,1.0030905232695955
2026-05-25,2026-05-25 11:45:01,V039,87.0,1.0003238536615895
2026-05-25,2026-05-25 11:45:02,V039,87.0,1.0041708728146326
2026-05-25,2026-05-25 11:45:03,V039,87.0,1.0040696559816389
2026-05-25,2026-05-25 11:45:04,V039,87.0,1.0035136329539585
2026-05-25,2026-05-25 11:45:05,V039,87.0,1.0037413324079534
2026-05-25,2026-05-25 11:45:06,V039,87.0,1.0036261473714105
2026-05-25,2026-05-25 11:45:07,V039,87.0,1.0054117078814888
2026-05-25,2026-05-25 11:45:08,V039,87.0,1.003724278834589
2026-05-25,2026-05-25 11:45:09,V039,87.0,1.0048997773131854
2026-05-25,2026-05-25 11:45:10,V039,87.0,1.07399485812605
2026-05-25,2026-05-25 11:45:11,V039,87.0,0.9411326185229774
2026-05-25,2026-05-25 11:45:12,V039,87.0,1.0004294734246753
2026-05-25,2026-05-25 11:45:13,V039,87.0,1.0219505309564816
2026-05-25,2026-05-25 11:45:14,V039,88.0,1.023504112348918
2026-05-25,2026-05-25 11:45:15,V039,88.0,0.9209566051500105
2026-05-25,2026-05-25 11:45:16,V039,89.0,1.2397834841395117
2026-05-25,2026-05-25 11:45:17,V039,89.0,0.9782622461937852
2026-05-25,2026-05-25 11:45:18,V039,90.0,1.0045314459567876
2026-05-25,2026-05-25 11:45:19,V039,89.0,1.0059507013553237
2026-05-25,2026-05-25 11:45:20,V039,89.0,1.0048455100080522
2026-05-25,2026-05-25 11:45:21,V039,88.0,1.0038059507336474
2026-05-25,2026-05-25 11:45:22,V039,88.0,1.0043250531688805
2026-05-25,2026-05-25 11:45:23,V039,87.0,1.0038037385184633
2026-05-25,2026-05-25 11:45:24,V039,87.0,1.0037517372554887
2026-05-25,2026-05-25 11:45:25,V039,87.0,1.0038405411813984
2026-05-25,2026-05-25 11:45:26,V039,87.0,1.0047108617093758
2026-05-25,2026-05-25 11:45:27,V039,86.0,1.0043553363121294
2026-05-25,2026-05-25 11:45:28,V039,86.0,1.0040470885442594
2026-05-25,2026-05-25 11:45:29,V039,86.0,1.0038032665178724
2026-05-25,2026-05-25 11:45:30,V039,85.0,1.0043403079536952
2026-05-25,2026-05-25 11:45:31,V039,85.0,1.003358219892143
2026-05-25,2026-05-25 11:45:32,V039,84.0,1.0032189902884487
2026-05-25,2026-05-25 11:45:33,V039,84.0,1.0046667986251745
2026-05-25,2026-05-25 11:45:34,V039,84.0,1.0041850904732827
2026-05-25,2026-05-25 11:45:35,V039,84.0,1.0036633619947768
2026-05-25,2026-05-25 11:45:36,V039,85.0,1.0040579372310559
2026-05-25,2026-05-25 11:45:37,V039,85.0,1.0040332908090805
2026-05-25,2026-05-25 11:45:38,V039,86.0,1.1689881391946628
2026-05-25,2026-05-25 11:45:39,V039,87.0,0.9569051057909733
2026-05-25,2026-05-25 11:45:40,V039,88.0,1.0157218621802244
2026-05-25,2026-05-25 11:45:41,V039,89.0,1.0075227155818667
2026-05-25,2026-05-25 11:45:42,V039,90.0,1.0172852709951339
2026-05-25,2026-05-25 11:45:43,V039,90.0,0.9911209257858605
2026-05-25,2026-05-25 11:45:44,V039,91.0,0.9882798974605612
2026-05-25,2026-05-25 11:45:45,V039,90.0,1.037784159003638
2026-05-25,2026-05-25 11:45:46,V039,90.0,0.9853009483746253
2026-05-25,2026-05-25 11:45:47,V039,90.0,1.10229091299808
2026-05-25,2026-05-25 11:45:48,V039,90.0,0.9741614540989048
2026-05-25,2026-05-25 11:45:49,V039,90.0,1.0037507565333852
2026-05-25,2026-05-25 11:45:50,V039,90.0,1.0038936971692467
2026-05-25,2026-05-25 11:45:51,V039,90.0,1.0036794676341005
2026-05-25,2026-05-25 11:45:52,V039,90.0,1.0035000496213138
2026-05-25,2026-05-25 11:45:53,V039,,1.0051640311369416
2026-05-25,2026-05-25 11:45:54,V039,,1.0036583362105405
2026-05-25,2026-05-25 11:45:55,V039,,1.0035057763219541
2026-05-25,2026-05-25 11:45:56,V039,,1.003785861049131
2026-05-25,2026-05-25 11:45:57,V039,,1.0031140148462097
2026-05-25,2026-05-25 11:45:58,V039,,1.0039675573717486
2026-05-25,2026-05-25 11:45:59,V039,,1.0039661434612268
2026-05-25,2026-05-25 11:46:00,V039,,1.0035375006091145
2026-05-25,2026-05-25 11:46:01,V039,,1.0038609432819283
2026-05-25,2026-05-25 11:46:02,V039,,1.0037959056802073
2026-05-25,2026-05-25 11:46:03,V039,,1.0711196589565721
2026-05-25,2026-05-25 11:46:04,V039,,0.9692928297180123
2026-05-25,2026-05-25 11:46:05,V039,,0.9970322793318909
2026-05-25,2026-05-25 11:46:06,V039,,0.9596320784572937
2026-05-25,2026-05-25 11:46:07,V039,,1.0495545014020777
2026-05-25,2026-05-25 11:46:08,V039,,1.0443986615403078
2026-05-25,2026-05-25 11:46:09,V039,,1.0410108697124674
2026-05-25,2026-05-25 11:46:10,V039,,1.014162565159584
2026-05-25,2026-05-25 11:46:11,V039,,0.9934251929871244
2026-05-25,2026-05-25 11:46:12,V039,,1.0094427321936512
2026-05-25,2026-05-25 11:46:13,V039,,1.0501973949586636
2026-05-25,2026-05-25 11:46:14,V039,,1.05361749244636
2026-05-25,2026-05-25 11:46:15,V039,,1.0092514179545757
2026-05-25,2026-05-25 11:46:16,V039,,1.0377455995558835
2026-05-25,2026-05-25 11:46:17,V039,,1.0351752488993626
2026-05-25,2026-05-25 11:46:18,V039,,1.082982423953704
2026-05-25,2026-05-25 11:46:19,V039,,1.0601053431547496
2026-05-25,2026-05-25 11:46:20,V039,,1.045471266190987
2026-05-25,2026-05-25 11:46:21,V039,,1.058044375852221
2026-05-25,2026-05-25 11:46:22,V039,,1.0668584703622346
2026-05-25,2026-05-25 11:46:23,V039,,1.0569532765636414
2026-05-25,2026-05-25 11:46:24,V039,,1.0427297476529693
2026-05-25,2026-05-25 11:46:25,V039,,1.0102232308785053
2026-05-25,2026-05-25 11:46:26,V039,,1.046109670050381
2026-05-25,2026-05-25 11:46:27,V039,,1.0961458538815347
2026-05-25,2026-05-25 11:46:28,V039,,1.077355463838812
2026-05-25,2026-05-25 11:46:29,V039,,1.0441912027024447
2026-05-25,2026-05-25 11:46:30,V039,,1.0488185400891894
2026-05-25,2026-05-25 11:46:31,V039,,1.0553328262634962
2026-05-25,2026-05-25 11:46:32,V039,,1.0656764801426595
2026-05-25,2026-05-25 11:46:33,V039,,1.0634012774993347
2026-05-25,2026-05-25 11:46:34,V039,,1.0429798932066274
2026-05-25,2026-05-25 11:46:35,V039,,1.07162644785694
2026-05-25,2026-05-25 11:46:36,V039,,1.0894113004565673
2026-05-25,2026-05-25 11:46:37,V039,,1.1025078226041276
2026-05-25,2026-05-25 11:46:38,V039,,1.102876852217833
2026-05-25,2026-05-25 11:46:39,V039,,1.027001619598015
2026-05-25,2026-05-25 11:46:40,V039,,1.0633334154088099
2026-05-25,2026-05-25 11:46:41,V039,,0.9968014841698459
2026-05-25,2026-05-25 11:46:42,V039,,1.0489910034064829
2026-05-25,2026-05-25 11:46:43,V039,,1.0489664645947976
2026-05-25,2026-05-25 11:46:44,V039,,1.0731161461510892
2026-05-25,2026-05-25 11:46:45,V039,,1.0201090877085535
2026-05-25,2026-05-25 11:46:46,V039,,0.96523278301259
2026-05-25,2026-05-25 11:46:47,V039,,1.024968670571293
2026-05-25,2026-05-25 11:46:48,V039,,1.0134439781827733
2026-05-25,2026-05-25 11:46:49,V039,,1.0055175537803867
2026-05-25,2026-05-25 11:46:50,V039,,1.0050153431209783
2026-05-25,2026-05-25 11:46:51,V039,,1.0053431683560259
2026-05-25,2026-05-25 11:46:52,V039,,1.0049684584596061
2026-05-25,2026-05-25 11:46:53,V039,,1.0043792934499738
2026-05-25,2026-05-25 11:46:54,V039,,1.0055160709390552
2026-05-25,2026-05-25 11:46:55,V039,,1.0064887663219233
2026-05-25,2026-05-25 11:46:56,V039,,1.005455236246838
2026-05-25,2026-05-25 11:46:57,V039,89.0,1.0041294297699617
2026-05-25,2026-05-25 11:46:58,V039,88.0,1.0044356686166307
2026-05-25,2026-05-25 11:46:59,V039,88.0,1.0059926274523692
2026-05-25,2026-05-25 11:47:00,V039,87.0,1.071948304174613
2026-05-25,2026-05-25 11:47:01,V039,86.0,1.0092812733904863
2026-05-25,2026-05-25 11:47:02,V039,85.0,1.1551493095913412
2026-05-25,2026-05-25 11:47:03,V039,84.0,0.9131763299622704
2026-05-25,2026-05-25 11:47:04,V039,84.0,1.0406779696793154
2026-05-25,2026-05-25 11:47:05,V039,84.0,1.0489897041047853
2026-05-25,2026-05-25 11:47:06,V039,84.0,1.0050473211716282
2026-05-25,2026-05-25 11:47:07,V039,84.0,1.0512033992632241
2026-05-25,2026-05-25 11:47:08,V039,84.0,0.9937783630643067
2026-05-25,2026-05-25 11:47:09,V039,84.0,1.0016808610946477
2026-05-25,2026-05-25 11:47:10,V039,84.0,1.022866571072138
2026-05-25,2026-05-25 11:47:11,V039,84.0,0.9808893592310519
2026-05-25,2026-05-25 11:47:12,V039,84.0,1.0423883923555182
2026-05-25,2026-05-25 11:47:13,V039,84.0,1.0558328730478936
2026-05-25,2026-05-25 11:47:14,V039,84.0,0.9923526125663815
2026-05-25,2026-05-25 11:47:15,V039,83.0,1.0267785042124713
2026-05-25,2026-05-25 11:47:16,V039,83.0,0.9892501627125411
2026-05-25,2026-05-25 11:47:17,V039,,1.0224082102196494
2026-05-25,2026-05-25 11:47:18,V039,,0.9464302539540639
2026-05-25,2026-05-25 11:47:19,V039,,1.0465426521196646
2026-05-25,2026-05-25 11:47:20,V039,,1.045760201288356
2026-05-25,2026-05-25 11:47:21,V039,,1.011938975895462
2026-05-25,2026-05-25 11:47:22,V039,,1.0064213020146766
2026-05-25,2026-05-25 11:47:23,V039,,1.007065788076098
2026-05-25,2026-05-25 11:47:24,V039,,1.0075069281559
2026-05-25,2026-05-25 11:47:25,V039,,1.0064202577550572
2026-05-25,2026-05-25 11:47:26,V039,,1.0063215290410523
2026-05-25,2026-05-25 11:47:27,V039,,1.0063127954808277
2026-05-25,2026-05-25 11:47:28,V039,,1.006575450916784
2026-05-25,2026-05-25 11:47:29,V039,83.0,1.0063873462184483
2026-05-25,2026-05-25 11:47:30,V039,82.0,0.9917488724799816
2026-05-25,2026-05-25 11:47:31,V039,81.0,1.16265629347958
2026-05-25,2026-05-25 11:47:32,V039,81.0,1.0421925557296048
2026-05-25,2026-05-25 11:47:33,V039,80.0,1.0318906540520372
2026-05-25,2026-05-25 11:47:34,V039,79.0,0.9700312496642981
2026-05-25,2026-05-25 11:47:35,V039,77.0,1.005091554953259
2026-05-25,2026-05-25 11:47:36,V039,75.0,1.0052443268657856
2026-05-25,2026-05-25 11:47:37,V039,75.0,1.0049499565707372
2026-05-25,2026-05-25 11:47:38,V039,75.0,1.005222138839349
2026-05-25,2026-05-25 11:47:39,V039,75.0,1.0016085405816244
2026-05-25,2026-05-25 11:47:40,V039,75.0,1.004601498142481
2026-05-25,2026-05-25 11:47:41,V039,75.0,1.0047865638005749
2026-05-25,2026-05-25 11:47:42,V039,75.0,1.0060219659803542
2026-05-25,2026-05-25 11:47:43,V039,,1.0052577302900285
2026-05-25,2026-05-25 11:47:44,V039,,1.0051813474198024
2026-05-25,2026-05-25 11:47:45,V039,,1.0045523788976995
2026-05-25,2026-05-25 11:47:46,V039,,1.0044717942009889
2026-05-25,2026-05-25 11:47:47,V039,,1.0046283620587173
2026-05-25,2026-05-25 11:47:48,V039,,1.0051263221714906
2026-05-25,2026-05-25 11:47:49,V039,,1.0047592649490296
2026-05-25,2026-05-25 11:47:50,V039,,1.0050353436510022
2026-05-25,2026-05-25 11:47:51,V039,,1.004381310380007
2026-05-25,2026-05-25 11:47:52,V039,,1.00484337965859
2026-05-25,2026-05-25 11:47:53,V039,,1.004716081086272
2026-05-25,2026-05-25 11:47:54,V039,,1.0047759535810077
2026-05-25,2026-05-25 11:47:55,V039,,1.0045636199464787
2026-05-25,2026-05-25 11:47:56,V039,,1.0042560830779237
2026-05-25,2026-05-25 11:47:57,V039,,1.0049516382363701
2026-05-25,2026-05-25 11:47:58,V039,,1.0052937883691306
2026-05-25,2026-05-25 11:47:59,V039,,1.0049039679625895
2026-05-25,2026-05-25 11:48:00,V039,,1.0048994452795896
2026-05-25,2026-05-25 11:48:01,V039,,1.0051853946727827
2026-05-25,2026-05-25 11:48:02,V039,,1.0046006593287828
2026-05-25,2026-05-25 11:48:03,V039,,1.0050618890524503
2026-05-25,2026-05-25 11:48:04,V039,,1.0047472182506036
2026-05-25,2026-05-25 11:48:05,V039,,1.004438035313463
2026-05-25,2026-05-25 11:48:06,V039,,1.0018073937025975
2026-05-25,2026-05-25 11:48:07,V039,,1.0047339040873815
2026-05-25,2026-05-25 11:48:08,V039,,1.0046025947283561
2026-05-25,2026-05-25 11:48:09,V039,,1.0044181736135624
2026-05-25,2026-05-25 11:48:10,V039,,1.0051406475304212
2026-05-25,2026-05-25 11:48:11,V039,,1.0045878188960184
2026-05-25,2026-05-25 11:48:12,V039,,1.0043680411537352
2026-05-25,2026-05-25 11:48:13,V039,,1.0048919632111493
2026-05-25,2026-05-25 11:48:14,V039,,1.0043567919158127
2026-05-25,2026-05-25 11:48:15,V039,,1.0034552206415688
2026-05-25,2026-05-25 11:48:16,V039,,1.001941086460311
2026-05-25,2026-05-25 11:48:17,V039,,1.0034460149866518
2026-05-25,2026-05-25 11:48:18,V039,,1.00419049328337
2026-05-25,2026-05-25 11:48:19,V039,,1.0050056766561641
2026-05-25,2026-05-25 11:48:20,V039,,1.004534848438754
2026-05-25,2026-05-25 11:48:21,V039,,1.0047815350252585
2026-05-25,2026-05-25 11:48:22,V039,,1.004601320084392
2026-05-25,2026-05-25 11:48:23,V039,,1.0052575853910393
2026-05-25,2026-05-25 11:48:24,V039,,1.004377863763064
2026-05-25,2026-05-25 11:48:25,V039,,1.0043083375461885
2026-05-25,2026-05-25 11:48:26,V039,,1.004001723841085
2026-05-25,2026-05-25 11:48:27,V039,,1.004515805040355
2026-05-25,2026-05-25 11:48:28,V039,,1.0044961563913966
2026-05-25,2026-05-25 11:48:29,V039,,1.0042953608160756
2026-05-25,2026-05-25 11:48:30,V039,,1.0047976892733528
2026-05-25,2026-05-25 11:48:31,V039,,1.0046083753282335
2026-05-25,2026-05-25 11:48:32,V039,,1.0047517991382229
2026-05-25,2026-05-25 11:48:33,V039,,1.0047202421023598
2026-05-25,2026-05-25 11:48:34,V039,,1.004591446420046
2026-05-25,2026-05-25 11:48:35,V039,,1.0042209768976507
2026-05-25,2026-05-25 11:48:36,V039,,1.004846261662896
2026-05-25,2026-05-25 11:48:37,V039,,1.0049953317489346
2026-05-25,2026-05-25 11:48:38,V039,,1.0046987619945558
2026-05-25,2026-05-25 11:48:39,V039,,1.004981392222995
2026-05-25,2026-05-25 11:48:40,V039,,1.0050361982083338
2026-05-25,2026-05-25 11:48:41,V039,,1.0049479260080159
2026-05-25,2026-05-25 11:48:42,V039,,1.004160982612963
2026-05-25,2026-05-25 11:48:43,V039,,1.004861254017199
2026-05-25,2026-05-25 11:48:44,V039,,1.0047701602658308
2026-05-25,2026-05-25 11:48:45,V039,,1.004783178263397
2026-05-25,2026-05-25 11:48:46,V039,,1.0042773087363606
2026-05-25,2026-05-25 11:48:47,V039,,1.0049842566480918
2026-05-25,2026-05-25 11:48:48,V039,,1.0049060731905657
2026-05-25,2026-05-25 11:48:49,V039,,1.0043822596480958
2026-05-25,2026-05-25 11:48:50,V039,,1.0052748365772917
