Date,Timestamp,SensorID,HeartRate,AccNorm
2026-05-25,2026-05-25 11:07:30,V004,,1.000170738795209
2026-05-25,2026-05-25 11:07:31,V004,,0.9991301710816286
2026-05-25,2026-05-25 11:07:32,V004,,1.0000026853605533
2026-05-25,2026-05-25 11:07:33,V004,,1.0012077830333364
2026-05-25,2026-05-25 11:07:34,V004,,1.0006251836969555
2026-05-25,2026-05-25 11:07:35,V004,,1.001003607568984
2026-05-25,2026-05-25 11:07:36,V004,,1.0004683763455777
2026-05-25,2026-05-25 11:07:37,V004,,1.0011434619434045
2026-05-25,2026-05-25 11:07:38,V004,,0.9996097698123971
2026-05-25,2026-05-25 11:07:39,V004,,0.9996842280148948
2026-05-25,2026-05-25 11:07:40,V004,,0.9991271254921584
2026-05-25,2026-05-25 11:07:41,V004,,0.9988807144069027
2026-05-25,2026-05-25 11:07:42,V004,,0.9996109601231403
2026-05-25,2026-05-25 11:07:43,V004,,0.9998651601120208
2026-05-25,2026-05-25 11:07:44,V004,,0.9999047854232435
2026-05-25,2026-05-25 11:07:45,V004,,0.9995858692295789
2026-05-25,2026-05-25 11:07:46,V004,,0.9993144401217826
2026-05-25,2026-05-25 11:07:47,V004,,0.9983674777812889
2026-05-25,2026-05-25 11:07:48,V004,,0.9997822972455596
2026-05-25,2026-05-25 11:07:49,V004,,0.9988751756458019
2026-05-25,2026-05-25 11:07:50,V004,,0.999925461943239
2026-05-25,2026-05-25 11:07:51,V004,,0.999583544744567
2026-05-25,2026-05-25 11:07:52,V004,,0.9952690732943007
2026-05-25,2026-05-25 11:07:53,V004,,0.9990377587605844
2026-05-25,2026-05-25 11:07:54,V004,,0.9990444410912184
2026-05-25,2026-05-25 11:07:55,V004,,1.0012242055270044
2026-05-25,2026-05-25 11:07:56,V004,,1.0004160986908668
2026-05-25,2026-05-25 11:07:57,V004,,0.999606240954432
2026-05-25,2026-05-25 11:07:58,V004,,0.999731373591895
2026-05-25,2026-05-25 11:07:59,V004,,1.0004913191618705
2026-05-25,2026-05-25 11:08:00,V004,,0.9994306739812312
2026-05-25,2026-05-25 11:08:01,V004,,0.9999646599972718
2026-05-25,2026-05-25 11:08:02,V004,,0.9991728420101518
2026-05-25,2026-05-25 11:08:03,V004,,0.9992992552331964
2026-05-25,2026-05-25 11:08:04,V004,,0.9991604958698728
2026-05-25,2026-05-25 11:08:05,V004,,1.0003555465556038
2026-05-25,2026-05-25 11:08:06,V004,,0.9993862717702411
2026-05-25,2026-05-25 11:08:07,V004,,1.0002195403483836
2026-05-25,2026-05-25 11:08:08,V004,,0.9998559095569323
2026-05-25,2026-05-25 11:08:09,V004,,0.9991086729531629
2026-05-25,2026-05-25 11:08:10,V004,,0.9991653869962757
2026-05-25,2026-05-25 11:08:11,V004,,0.9996203110260201
2026-05-25,2026-05-25 11:08:12,V004,,0.9989718622090275
2026-05-25,2026-05-25 11:08:13,V004,,0.9995558237874541
2026-05-25,2026-05-25 11:08:14,V004,,0.9995300503749438
2026-05-25,2026-05-25 11:08:15,V004,,0.9991476197259576
2026-05-25,2026-05-25 11:08:16,V004,,0.9998241142721191
2026-05-25,2026-05-25 11:08:17,V004,,1.0000828077533814
2026-05-25,2026-05-25 11:08:18,V004,,0.9992745691605301
2026-05-25,2026-05-25 11:08:19,V004,,0.9982769557848497
2026-05-25,2026-05-25 11:08:20,V004,,0.9995290791186716
2026-05-25,2026-05-25 11:08:21,V004,,0.998835687899978
2026-05-25,2026-05-25 11:08:22,V004,,0.999390645233704
2026-05-25,2026-05-25 11:08:23,V004,,0.9994035619652812
2026-05-25,2026-05-25 11:08:24,V004,,1.0003282525192647
2026-05-25,2026-05-25 11:08:25,V004,,1.0001813180039194
2026-05-25,2026-05-25 11:08:26,V004,,1.0005883456231595
2026-05-25,2026-05-25 11:08:27,V004,,0.9996852866762268
2026-05-25,2026-05-25 11:08:28,V004,,0.9988581420791895
2026-05-25,2026-05-25 11:08:29,V004,,0.9994280196002354
2026-05-25,2026-05-25 11:08:30,V004,,0.9991282420465069
2026-05-25,2026-05-25 11:08:31,V004,,0.9997796235621883
2026-05-25,2026-05-25 11:08:32,V004,,1.0007309183487365
2026-05-25,2026-05-25 11:08:33,V004,,1.003169460195239
2026-05-25,2026-05-25 11:08:34,V004,,1.0002264784359625
2026-05-25,2026-05-25 11:08:35,V004,,1.0001762004281198
2026-05-25,2026-05-25 11:08:36,V004,,1.0001370984423064
2026-05-25,2026-05-25 11:08:37,V004,,1.0004178004254531
2026-05-25,2026-05-25 11:08:38,V004,,0.9989151184360137
2026-05-25,2026-05-25 11:08:39,V004,,0.9986251800762591
2026-05-25,2026-05-25 11:08:40,V004,,0.9996400507059138
2026-05-25,2026-05-25 11:08:41,V004,,0.9995126119999018
2026-05-25,2026-05-25 11:08:42,V004,,0.9982326912627515
2026-05-25,2026-05-25 11:08:43,V004,,0.9999320820526427
2026-05-25,2026-05-25 11:08:44,V004,,0.9986536944647951
2026-05-25,2026-05-25 11:08:45,V004,,0.9992702262945709
2026-05-25,2026-05-25 11:08:46,V004,,1.0006770987464408
2026-05-25,2026-05-25 11:08:47,V004,,0.9991497418450958
2026-05-25,2026-05-25 11:08:48,V004,,0.9996889989214446
2026-05-25,2026-05-25 11:08:49,V004,,0.9996338923861132
2026-05-25,2026-05-25 11:08:50,V004,,1.0013527066243761
2026-05-25,2026-05-25 11:08:51,V004,,0.9989555752341105
2026-05-25,2026-05-25 11:08:52,V004,,0.9997188651361669
2026-05-25,2026-05-25 11:08:53,V004,,1.0036009513360633
2026-05-25,2026-05-25 11:08:54,V004,,1.006291272345822
2026-05-25,2026-05-25 11:08:55,V004,,0.9994177722224646
2026-05-25,2026-05-25 11:08:56,V004,,1.0007629534586644
2026-05-25,2026-05-25 11:08:57,V004,,0.9992213020838838
2026-05-25,2026-05-25 11:08:58,V004,,1.0003615132843486
2026-05-25,2026-05-25 11:08:59,V004,,0.9987414022181726
2026-05-25,2026-05-25 11:09:00,V004,,1.0047530180336746
2026-05-25,2026-05-25 11:09:01,V004,,0.9996533540226304
2026-05-25,2026-05-25 11:09:02,V004,,0.9981261206122146
2026-05-25,2026-05-25 11:09:03,V004,,0.9988559797864617
2026-05-25,2026-05-25 11:09:04,V004,,0.9992611825880089
2026-05-25,2026-05-25 11:09:05,V004,,1.0000706865868207
2026-05-25,2026-05-25 11:09:06,V004,,0.9997474159474675
2026-05-25,2026-05-25 11:09:07,V004,,0.9994406079496027
2026-05-25,2026-05-25 11:09:08,V004,,0.9993217643754495
2026-05-25,2026-05-25 11:09:09,V004,,0.9996179961674777
2026-05-25,2026-05-25 11:09:10,V004,,0.9987422227125408
2026-05-25,2026-05-25 11:09:11,V004,,0.9998728649632544
2026-05-25,2026-05-25 11:09:12,V004,,0.999840609115049
2026-05-25,2026-05-25 11:09:13,V004,,1.0001432056125847
2026-05-25,2026-05-25 11:09:14,V004,,0.9980733035404482
2026-05-25,2026-05-25 11:09:15,V004,,0.999997948563806
2026-05-25,2026-05-25 11:09:16,V004,,0.9987849680935474
2026-05-25,2026-05-25 11:09:17,V004,,0.9997437134440005
2026-05-25,2026-05-25 11:09:18,V004,,0.9991718572363779
2026-05-25,2026-05-25 11:09:19,V004,,1.0002846718023888
2026-05-25,2026-05-25 11:09:20,V004,,0.9985919034465893
2026-05-25,2026-05-25 11:09:21,V004,,1.000182235977197
2026-05-25,2026-05-25 11:09:22,V004,,1.0001794808324962
2026-05-25,2026-05-25 11:09:23,V004,,0.9992145605720436
2026-05-25,2026-05-25 11:09:24,V004,,0.9996749047460246
2026-05-25,2026-05-25 11:09:25,V004,,0.9996590460955137
2026-05-25,2026-05-25 11:09:26,V004,,0.9980386860282914
2026-05-25,2026-05-25 11:09:27,V004,,0.9999280683714598
2026-05-25,2026-05-25 11:09:28,V004,,0.9995414659365346
2026-05-25,2026-05-25 11:09:29,V004,,0.9993113701546593
2026-05-25,2026-05-25 11:09:30,V004,,1.0004280102614738
2026-05-25,2026-05-25 11:09:31,V004,,1.0000871517853132
2026-05-25,2026-05-25 11:09:32,V004,,0.9996330172165687
2026-05-25,2026-05-25 11:09:33,V004,,0.9994948391625803
2026-05-25,2026-05-25 11:09:34,V004,,0.9999249230822571
2026-05-25,2026-05-25 11:09:35,V004,,0.9991063710610407
2026-05-25,2026-05-25 11:09:36,V004,,0.9991429877506149
2026-05-25,2026-05-25 11:09:37,V004,,0.9987629946253828
2026-05-25,2026-05-25 11:09:38,V004,,0.9998358241930446
2026-05-25,2026-05-25 11:09:39,V004,,1.0007339010859657
2026-05-25,2026-05-25 11:09:40,V004,,0.9992259099657169
2026-05-25,2026-05-25 11:09:41,V004,,0.9997991769540058
2026-05-25,2026-05-25 11:09:42,V004,,1.0004195493730945
2026-05-25,2026-05-25 11:09:43,V004,,0.9997061675629242
2026-05-25,2026-05-25 11:09:44,V004,,1.0003988055021713
2026-05-25,2026-05-25 11:09:45,V004,,1.0003518425116475
2026-05-25,2026-05-25 11:09:46,V004,,0.9975508873152286
2026-05-25,2026-05-25 11:09:47,V004,,1.0008420355569976
2026-05-25,2026-05-25 11:09:48,V004,,0.9990088133008104
2026-05-25,2026-05-25 11:09:49,V004,,0.9767646789394114
2026-05-25,2026-05-25 11:09:50,V004,,0.9996757484122629
2026-05-25,2026-05-25 11:09:51,V004,,0.9996086306761007
2026-05-25,2026-05-25 11:09:52,V004,,0.999304257375617
2026-05-25,2026-05-25 11:09:53,V004,,0.999432880643026
2026-05-25,2026-05-25 11:09:54,V004,,0.9995156499152937
2026-05-25,2026-05-25 11:09:55,V004,,0.9989353202150201
2026-05-25,2026-05-25 11:09:56,V004,,0.99930529105675
2026-05-25,2026-05-25 11:09:57,V004,,0.9994319875187496
2026-05-25,2026-05-25 11:09:58,V004,,0.9991833919181998
2026-05-25,2026-05-25 11:09:59,V004,,0.9991951591944409
2026-05-25,2026-05-25 11:10:00,V004,,0.9989097582352486
2026-05-25,2026-05-25 11:10:01,V004,,1.0000245509278443
2026-05-25,2026-05-25 11:10:02,V004,,0.9987771098607112
2026-05-25,2026-05-25 11:10:03,V004,,0.9998226807863025
2026-05-25,2026-05-25 11:10:04,V004,,0.999588884313506
2026-05-25,2026-05-25 11:10:05,V004,,0.9991820920756097
2026-05-25,2026-05-25 11:10:06,V004,,0.9994026212389433
2026-05-25,2026-05-25 11:10:07,V004,,1.000057729211296
2026-05-25,2026-05-25 11:10:08,V004,,0.9997948824171862
2026-05-25,2026-05-25 11:10:09,V004,,0.9993838365395883
2026-05-25,2026-05-25 11:10:10,V004,,0.9988158548886841
2026-05-25,2026-05-25 11:10:11,V004,,0.9992490946489253
2026-05-25,2026-05-25 11:10:12,V004,,0.9992175165279616
2026-05-25,2026-05-25 11:10:13,V004,,0.9992040373967292
2026-05-25,2026-05-25 11:10:14,V004,,0.9994802541598152
2026-05-25,2026-05-25 11:10:15,V004,,0.9993450210984909
2026-05-25,2026-05-25 11:10:16,V004,,0.9963878433802904
2026-05-25,2026-05-25 11:10:17,V004,,0.99888714822275
2026-05-25,2026-05-25 11:10:18,V004,,0.998596067424615
2026-05-25,2026-05-25 11:10:19,V004,,0.9992312296675634
2026-05-25,2026-05-25 11:10:20,V004,,1.0001968872548062
2026-05-25,2026-05-25 11:10:21,V004,,0.9867629522938464
2026-05-25,2026-05-25 11:10:22,V004,,1.000374776566786
2026-05-25,2026-05-25 11:10:23,V004,,1.118697418212958
2026-05-25,2026-05-25 11:10:24,V004,,1.000150022902502
2026-05-25,2026-05-25 11:10:25,V004,,0.9999316742083247
2026-05-25,2026-05-25 11:10:26,V004,,1.0054979669891368
2026-05-25,2026-05-25 11:10:27,V004,,0.9990424140781463
2026-05-25,2026-05-25 11:10:28,V004,,0.9990419612185519
2026-05-25,2026-05-25 11:10:29,V004,,0.999388644597311
2026-05-25,2026-05-25 11:10:30,V004,,0.9990913823911719
2026-05-25,2026-05-25 11:10:31,V004,,0.9926000473104255
2026-05-25,2026-05-25 11:10:32,V004,,0.9907272991441018
2026-05-25,2026-05-25 11:10:33,V004,,0.999748018154306
2026-05-25,2026-05-25 11:10:34,V004,,0.9991458650548104
2026-05-25,2026-05-25 11:10:35,V004,,0.9996914705464637
2026-05-25,2026-05-25 11:10:36,V004,,0.9995906784833065
2026-05-25,2026-05-25 11:10:37,V004,,0.9999222320089061
2026-05-25,2026-05-25 11:10:38,V004,,0.9999641808481956
2026-05-25,2026-05-25 11:10:39,V004,,0.9986158946839857
2026-05-25,2026-05-25 11:10:40,V004,,0.9995817415579842
2026-05-25,2026-05-25 11:10:41,V004,,0.9999662605693398
2026-05-25,2026-05-25 11:10:42,V004,,1.030315544056581
2026-05-25,2026-05-25 11:10:43,V004,,1.0151957841329846
2026-05-25,2026-05-25 11:10:44,V004,,0.9985603370504627
2026-05-25,2026-05-25 11:10:45,V004,,1.0110932993054242
2026-05-25,2026-05-25 11:10:46,V004,,1.044536803600217
2026-05-25,2026-05-25 11:10:47,V004,,1.0709435795437903
2026-05-25,2026-05-25 11:10:48,V004,,0.9997088371761434
2026-05-25,2026-05-25 11:10:49,V004,,0.9649799689313432
2026-05-25,2026-05-25 11:10:50,V004,,1.0044893487223598
2026-05-25,2026-05-25 11:10:51,V004,,0.9993192249354237
2026-05-25,2026-05-25 11:10:52,V004,,0.9998760282942236
2026-05-25,2026-05-25 11:10:53,V004,,1.0045963620026224
2026-05-25,2026-05-25 11:10:54,V004,99.0,1.0102018299703115
2026-05-25,2026-05-25 11:10:55,V004,98.0,0.999665551532283
2026-05-25,2026-05-25 11:10:56,V004,97.0,0.9983312513480128
2026-05-25,2026-05-25 11:10:57,V004,96.0,1.0001858085512911
2026-05-25,2026-05-25 11:10:58,V004,95.0,0.999454148592494
2026-05-25,2026-05-25 11:10:59,V004,94.0,0.9991677686217527
2026-05-25,2026-05-25 11:11:00,V004,94.0,0.9986611850933137
2026-05-25,2026-05-25 11:11:01,V004,93.0,0.9996579794654072
2026-05-25,2026-05-25 11:11:02,V004,93.0,0.9992941708618857
2026-05-25,2026-05-25 11:11:03,V004,93.0,0.9994676107187197
2026-05-25,2026-05-25 11:11:04,V004,92.0,0.9992695089349541
2026-05-25,2026-05-25 11:11:05,V004,91.0,0.9996768578534417
2026-05-25,2026-05-25 11:11:06,V004,90.0,0.9990905338590266
2026-05-25,2026-05-25 11:11:07,V004,89.0,0.999168537730605
2026-05-25,2026-05-25 11:11:08,V004,89.0,0.9989156527392603
2026-05-25,2026-05-25 11:11:09,V004,89.0,0.9992637362015084
2026-05-25,2026-05-25 11:11:10,V004,89.0,0.9992566627024623
2026-05-25,2026-05-25 11:11:11,V004,89.0,1.0000214890037173
2026-05-25,2026-05-25 11:11:12,V004,90.0,0.9995685914289233
2026-05-25,2026-05-25 11:11:13,V004,90.0,0.9990732537054132
2026-05-25,2026-05-25 11:11:14,V004,90.0,0.9989481713522065
2026-05-25,2026-05-25 11:11:15,V004,90.0,0.999335353911598
2026-05-25,2026-05-25 11:11:16,V004,89.0,0.9993525276225296
2026-05-25,2026-05-25 11:11:17,V004,88.0,0.9987079446308758
2026-05-25,2026-05-25 11:11:18,V004,88.0,0.9987745248254392
2026-05-25,2026-05-25 11:11:19,V004,88.0,0.998937776294427
2026-05-25,2026-05-25 11:11:20,V004,88.0,0.9982474468091221
2026-05-25,2026-05-25 11:11:21,V004,88.0,0.9991136134674896
2026-05-25,2026-05-25 11:11:22,V004,89.0,0.9997872468919387
2026-05-25,2026-05-25 11:11:23,V004,89.0,0.9996034723843756
2026-05-25,2026-05-25 11:11:24,V004,89.0,0.9990351528671606
2026-05-25,2026-05-25 11:11:25,V004,90.0,0.9992606870385092
2026-05-25,2026-05-25 11:11:26,V004,90.0,0.9994821828023649
2026-05-25,2026-05-25 11:11:27,V004,91.0,0.9992577435188319
2026-05-25,2026-05-25 11:11:28,V004,90.0,0.9993754257993044
2026-05-25,2026-05-25 11:11:29,V004,90.0,0.9980185714752356
2026-05-25,2026-05-25 11:11:30,V004,90.0,0.9998256710612518
2026-05-25,2026-05-25 11:11:31,V004,89.0,0.9994200682723171
2026-05-25,2026-05-25 11:11:32,V004,88.0,0.9988817187656877
2026-05-25,2026-05-25 11:11:33,V004,88.0,0.9989474029934162
2026-05-25,2026-05-25 11:11:34,V004,87.0,0.9986622776956336
2026-05-25,2026-05-25 11:11:35,V004,86.0,0.999320277454728
2026-05-25,2026-05-25 11:11:36,V004,86.0,0.999350071731834
2026-05-25,2026-05-25 11:11:37,V004,85.0,0.998931422220255
2026-05-25,2026-05-25 11:11:38,V004,85.0,0.9983382407039068
2026-05-25,2026-05-25 11:11:39,V004,85.0,0.9988872356230983
2026-05-25,2026-05-25 11:11:40,V004,85.0,1.002887903445661
2026-05-25,2026-05-25 11:11:41,V004,85.0,0.9971659995223686
2026-05-25,2026-05-25 11:11:42,V004,84.0,0.9973633284880441
2026-05-25,2026-05-25 11:11:43,V004,83.0,0.9982430102508058
2026-05-25,2026-05-25 11:11:44,V004,83.0,0.9989767769364977
2026-05-25,2026-05-25 11:11:45,V004,83.0,0.9988806651825644
2026-05-25,2026-05-25 11:11:46,V004,83.0,0.9988210329844429
2026-05-25,2026-05-25 11:11:47,V004,84.0,0.9997483265169972
2026-05-25,2026-05-25 11:11:48,V004,83.0,0.9982873010255826
2026-05-25,2026-05-25 11:11:49,V004,83.0,0.9977795485567663
2026-05-25,2026-05-25 11:11:50,V004,83.0,0.9994179680556037
2026-05-25,2026-05-25 11:11:51,V004,83.0,0.9964211324379728
2026-05-25,2026-05-25 11:11:52,V004,83.0,0.9972244151337708
2026-05-25,2026-05-25 11:11:53,V004,82.0,0.9991277316925333
2026-05-25,2026-05-25 11:11:54,V004,82.0,1.0005999082830503
2026-05-25,2026-05-25 11:11:55,V004,82.0,1.0000716514099643
2026-05-25,2026-05-25 11:11:56,V004,82.0,0.9989749553063407
2026-05-25,2026-05-25 11:11:57,V004,82.0,0.9994358214803919
2026-05-25,2026-05-25 11:11:58,V004,82.0,0.9976798595980422
2026-05-25,2026-05-25 11:11:59,V004,82.0,0.9993283252038229
2026-05-25,2026-05-25 11:12:00,V004,82.0,0.999364651992866
2026-05-25,2026-05-25 11:12:01,V004,82.0,0.9997079232119581
2026-05-25,2026-05-25 11:12:02,V004,82.0,0.9994327626382631
2026-05-25,2026-05-25 11:12:03,V004,81.0,0.9994122755223563
2026-05-25,2026-05-25 11:12:04,V004,81.0,1.0001192183977887
2026-05-25,2026-05-25 11:12:05,V004,81.0,0.9994987306423704
2026-05-25,2026-05-25 11:12:06,V004,81.0,0.99855145521234
2026-05-25,2026-05-25 11:12:07,V004,81.0,0.9990787179152023
2026-05-25,2026-05-25 11:12:08,V004,81.0,0.9987264769193741
2026-05-25,2026-05-25 11:12:09,V004,81.0,0.9988187445578132
2026-05-25,2026-05-25 11:12:10,V004,81.0,0.9989810272235684
2026-05-25,2026-05-25 11:12:11,V004,80.0,0.9996037755766779
2026-05-25,2026-05-25 11:12:12,V004,80.0,0.9992443946976062
2026-05-25,2026-05-25 11:12:13,V004,80.0,0.998468795268061
2026-05-25,2026-05-25 11:12:14,V004,80.0,0.9997684491932621
2026-05-25,2026-05-25 11:12:15,V004,80.0,0.9994786440197948
2026-05-25,2026-05-25 11:12:16,V004,80.0,0.9990713751384207
2026-05-25,2026-05-25 11:12:17,V004,79.0,1.0001633979427518
2026-05-25,2026-05-25 11:12:18,V004,79.0,0.9988326210627997
2026-05-25,2026-05-25 11:12:19,V004,80.0,0.9988183654789369
2026-05-25,2026-05-25 11:12:20,V004,80.0,0.9993854242140846
2026-05-25,2026-05-25 11:12:21,V004,80.0,0.998815244198851
2026-05-25,2026-05-25 11:12:22,V004,81.0,0.9996429632802619
2026-05-25,2026-05-25 11:12:23,V004,81.0,0.9997560166827835
2026-05-25,2026-05-25 11:12:24,V004,81.0,0.9994406312154237
2026-05-25,2026-05-25 11:12:25,V004,81.0,0.9984629870065973
2026-05-25,2026-05-25 11:12:26,V004,81.0,0.9994485136177159
2026-05-25,2026-05-25 11:12:27,V004,81.0,0.9991902235750708
2026-05-25,2026-05-25 11:12:28,V004,81.0,0.9999380215177193
2026-05-25,2026-05-25 11:12:29,V004,82.0,0.9989108156794972
2026-05-25,2026-05-25 11:12:30,V004,82.0,0.9993598386832693
2026-05-25,2026-05-25 11:12:31,V004,83.0,0.9990994268953866
2026-05-25,2026-05-25 11:12:32,V004,83.0,0.9831853486331098
2026-05-25,2026-05-25 11:12:33,V004,83.0,1.0017604629411652
2026-05-25,2026-05-25 11:12:34,V004,83.0,1.0001769986073346
2026-05-25,2026-05-25 11:12:35,V004,83.0,0.9993355991876223
2026-05-25,2026-05-25 11:12:36,V004,83.0,0.9990599142198443
2026-05-25,2026-05-25 11:12:37,V004,83.0,0.9999698559760929
2026-05-25,2026-05-25 11:12:38,V004,83.0,0.9987400714789725
2026-05-25,2026-05-25 11:12:39,V004,83.0,0.9995771528802272
2026-05-25,2026-05-25 11:12:40,V004,83.0,0.9989028163920955
2026-05-25,2026-05-25 11:12:41,V004,82.0,0.999907268800505
2026-05-25,2026-05-25 11:12:42,V004,82.0,0.9985419406336192
2026-05-25,2026-05-25 11:12:43,V004,82.0,0.999777885545359
2026-05-25,2026-05-25 11:12:44,V004,82.0,0.9994245654818202
2026-05-25,2026-05-25 11:12:45,V004,82.0,0.9993829864585713
2026-05-25,2026-05-25 11:12:46,V004,83.0,0.9982461533749787
2026-05-25,2026-05-25 11:12:47,V004,83.0,0.9990170018042164
2026-05-25,2026-05-25 11:12:48,V004,83.0,0.9997603077024303
2026-05-25,2026-05-25 11:12:49,V004,84.0,0.9995952983858214
2026-05-25,2026-05-25 11:12:50,V004,83.0,0.9995035714238525
2026-05-25,2026-05-25 11:12:51,V004,83.0,1.000376130025323
2026-05-25,2026-05-25 11:12:52,V004,83.0,0.9992604894506266
2026-05-25,2026-05-25 11:12:53,V004,83.0,0.9999881143229502
2026-05-25,2026-05-25 11:12:54,V004,83.0,0.9989741326566645
2026-05-25,2026-05-25 11:12:55,V004,83.0,0.9995401606169693
2026-05-25,2026-05-25 11:12:56,V004,82.0,1.0000263504616322
2026-05-25,2026-05-25 11:12:57,V004,82.0,0.999339872172793
2026-05-25,2026-05-25 11:12:58,V004,82.0,0.9987270863191189
2026-05-25,2026-05-25 11:12:59,V004,83.0,0.9994044106444234
2026-05-25,2026-05-25 11:13:00,V004,82.0,1.0001696512347655
2026-05-25,2026-05-25 11:13:01,V004,82.0,0.9989280372141112
2026-05-25,2026-05-25 11:13:02,V004,82.0,0.9976890090577074
2026-05-25,2026-05-25 11:13:03,V004,82.0,0.9996895162347846
2026-05-25,2026-05-25 11:13:04,V004,82.0,0.999986702131
2026-05-25,2026-05-25 11:13:05,V004,81.0,1.0003982528554074
2026-05-25,2026-05-25 11:13:06,V004,82.0,0.9995986400045592
2026-05-25,2026-05-25 11:13:07,V004,82.0,0.9999867353665878
2026-05-25,2026-05-25 11:13:08,V004,82.0,0.9993858447696445
2026-05-25,2026-05-25 11:13:09,V004,82.0,0.999287764984387
2026-05-25,2026-05-25 11:13:10,V004,82.0,0.9983339567938825
2026-05-25,2026-05-25 11:13:11,V004,82.0,0.9991045211644515
2026-05-25,2026-05-25 11:13:12,V004,82.0,0.9995067775961144
2026-05-25,2026-05-25 11:13:13,V004,82.0,0.9991749167730637
2026-05-25,2026-05-25 11:13:14,V004,82.0,0.9990128262618073
2026-05-25,2026-05-25 11:13:15,V004,81.0,0.9992745281260826
2026-05-25,2026-05-25 11:13:16,V004,81.0,0.9993520969794775
2026-05-25,2026-05-25 11:13:17,V004,81.0,0.9989318134088022
2026-05-25,2026-05-25 11:13:18,V004,81.0,0.9986235521774353
2026-05-25,2026-05-25 11:13:19,V004,81.0,0.9981147590087885
2026-05-25,2026-05-25 11:13:20,V004,81.0,0.9991416037861097
2026-05-25,2026-05-25 11:13:21,V004,80.0,0.9997489673500303
2026-05-25,2026-05-25 11:13:22,V004,80.0,0.9991078688082133
2026-05-25,2026-05-25 11:13:23,V004,80.0,0.9997239836481683
2026-05-25,2026-05-25 11:13:24,V004,81.0,0.9996076765489691
2026-05-25,2026-05-25 11:13:25,V004,81.0,0.9981726521239703
2026-05-25,2026-05-25 11:13:26,V004,82.0,0.9989312589068038
2026-05-25,2026-05-25 11:13:27,V004,82.0,0.9990303240053179
2026-05-25,2026-05-25 11:13:28,V004,83.0,0.9987861844772036
2026-05-25,2026-05-25 11:13:29,V004,83.0,0.9999230325539935
2026-05-25,2026-05-25 11:13:30,V004,84.0,0.9995658211503051
2026-05-25,2026-05-25 11:13:31,V004,84.0,1.0016297715541418
2026-05-25,2026-05-25 11:13:32,V004,84.0,0.9999481162046737
2026-05-25,2026-05-25 11:13:33,V004,83.0,0.9995983886663584
2026-05-25,2026-05-25 11:13:34,V004,83.0,0.9990370729866311
2026-05-25,2026-05-25 11:13:35,V004,82.0,0.9995373523517508
2026-05-25,2026-05-25 11:13:36,V004,83.0,1.0000966701224323
2026-05-25,2026-05-25 11:13:37,V004,83.0,0.9994859594335007
2026-05-25,2026-05-25 11:13:38,V004,83.0,0.999007185360374
2026-05-25,2026-05-25 11:13:39,V004,82.0,0.9994260045975174
2026-05-25,2026-05-25 11:13:40,V004,82.0,0.9991367008306676
2026-05-25,2026-05-25 11:13:41,V004,83.0,0.9997010042260049
2026-05-25,2026-05-25 11:13:42,V004,83.0,0.9999870662636166
2026-05-25,2026-05-25 11:13:43,V004,83.0,0.998461332389479
2026-05-25,2026-05-25 11:13:44,V004,83.0,0.9999827315197993
2026-05-25,2026-05-25 11:13:45,V004,83.0,0.999602598986454
2026-05-25,2026-05-25 11:13:46,V004,83.0,0.9984010999748367
2026-05-25,2026-05-25 11:13:47,V004,83.0,0.9992186905861968
2026-05-25,2026-05-25 11:13:48,V004,82.0,0.9990915722866598
2026-05-25,2026-05-25 11:13:49,V004,82.0,0.9996452918886033
2026-05-25,2026-05-25 11:13:50,V004,81.0,0.9990515282424168
2026-05-25,2026-05-25 11:13:51,V004,81.0,0.9994167211292957
2026-05-25,2026-05-25 11:13:52,V004,81.0,0.9993028053162354
2026-05-25,2026-05-25 11:13:53,V004,80.0,0.9980048736066043
2026-05-25,2026-05-25 11:13:54,V004,80.0,0.9995405734452204
2026-05-25,2026-05-25 11:13:55,V004,80.0,0.9987941971053991
2026-05-25,2026-05-25 11:13:56,V004,80.0,0.9995264129392107
2026-05-25,2026-05-25 11:13:57,V004,81.0,1.0001562637247772
2026-05-25,2026-05-25 11:13:58,V004,81.0,0.9995058400123055
2026-05-25,2026-05-25 11:13:59,V004,81.0,0.9998201239587778
2026-05-25,2026-05-25 11:14:00,V004,81.0,0.9988520194769971
2026-05-25,2026-05-25 11:14:01,V004,80.0,1.0000425735277183
2026-05-25,2026-05-25 11:14:02,V004,80.0,0.9995707172391504
2026-05-25,2026-05-25 11:14:03,V004,80.0,0.9990297842581858
2026-05-25,2026-05-25 11:14:04,V004,81.0,0.9844475352177884
2026-05-25,2026-05-25 11:14:05,V004,81.0,1.0011958835990833
2026-05-25,2026-05-25 11:14:06,V004,81.0,0.9906226693487229
2026-05-25,2026-05-25 11:14:07,V004,81.0,1.0006521304435745
2026-05-25,2026-05-25 11:14:08,V004,81.0,0.9997280159136868
2026-05-25,2026-05-25 11:14:09,V004,82.0,1.0015036728704172
2026-05-25,2026-05-25 11:14:10,V004,82.0,0.9986269886257956
2026-05-25,2026-05-25 11:14:11,V004,83.0,0.998971252089153
2026-05-25,2026-05-25 11:14:12,V004,83.0,0.9989908034859479
2026-05-25,2026-05-25 11:14:13,V004,84.0,0.9994010611471617
2026-05-25,2026-05-25 11:14:14,V004,84.0,0.998890491773822
2026-05-25,2026-05-25 11:14:15,V004,84.0,0.9997407065419873
2026-05-25,2026-05-25 11:14:16,V004,83.0,0.9992769872292407
2026-05-25,2026-05-25 11:14:17,V004,83.0,0.9995335370969236
2026-05-25,2026-05-25 11:14:18,V004,83.0,0.9994049489375518
2026-05-25,2026-05-25 11:14:19,V004,83.0,0.998296282705967
2026-05-25,2026-05-25 11:14:20,V004,83.0,0.9991148020351976
2026-05-25,2026-05-25 11:14:21,V004,84.0,0.9997621976683408
2026-05-25,2026-05-25 11:14:22,V004,84.0,0.9997956320197184
2026-05-25,2026-05-25 11:14:23,V004,84.0,0.9994106470225929
2026-05-25,2026-05-25 11:14:24,V004,84.0,0.9998053437565435
2026-05-25,2026-05-25 11:14:25,V004,84.0,0.9996741918346103
2026-05-25,2026-05-25 11:14:26,V004,84.0,1.0054195181712007
2026-05-25,2026-05-25 11:14:27,V004,84.0,1.003743103437625
2026-05-25,2026-05-25 11:14:28,V004,84.0,0.9989363661289954
2026-05-25,2026-05-25 11:14:29,V004,84.0,0.9993106510719568
2026-05-25,2026-05-25 11:14:30,V004,85.0,0.9987949622912878
2026-05-25,2026-05-25 11:14:31,V004,85.0,1.001321210173166
2026-05-25,2026-05-25 11:14:32,V004,85.0,1.0009059040837114
2026-05-25,2026-05-25 11:14:33,V004,86.0,0.9950762856469942
2026-05-25,2026-05-25 11:14:34,V004,86.0,1.0000810782953211
2026-05-25,2026-05-25 11:14:35,V004,86.0,0.9994239905708532
2026-05-25,2026-05-25 11:14:36,V004,86.0,1.0034222825425425
2026-05-25,2026-05-25 11:14:37,V004,86.0,0.9969410346113162
2026-05-25,2026-05-25 11:14:38,V004,85.0,1.010452451755569
2026-05-25,2026-05-25 11:14:39,V004,85.0,1.0062886951729642
2026-05-25,2026-05-25 11:14:40,V004,84.0,0.9966843676188383
2026-05-25,2026-05-25 11:14:41,V004,84.0,1.0051863071238825
2026-05-25,2026-05-25 11:14:42,V004,84.0,0.9991930593650831
2026-05-25,2026-05-25 11:14:43,V004,84.0,0.9997272445233061
2026-05-25,2026-05-25 11:14:44,V004,84.0,0.9993674861739641
2026-05-25,2026-05-25 11:14:45,V004,84.0,0.9972962761381756
2026-05-25,2026-05-25 11:14:46,V004,83.0,1.0003892276453115
2026-05-25,2026-05-25 11:14:47,V004,83.0,0.9995967791211108
2026-05-25,2026-05-25 11:14:48,V004,83.0,1.0200254472494472
2026-05-25,2026-05-25 11:14:49,V004,83.0,1.0020560145400275
2026-05-25,2026-05-25 11:14:50,V004,83.0,1.0003920291837403
2026-05-25,2026-05-25 11:14:51,V004,82.0,0.9811965946625564
2026-05-25,2026-05-25 11:14:52,V004,82.0,0.999108776359955
2026-05-25,2026-05-25 11:14:53,V004,82.0,0.999673242694609
2026-05-25,2026-05-25 11:14:54,V004,82.0,1.0002362752812437
2026-05-25,2026-05-25 11:14:55,V004,82.0,0.9996792383296736
2026-05-25,2026-05-25 11:14:56,V004,83.0,0.9999518400479993
2026-05-25,2026-05-25 11:14:57,V004,83.0,0.9879690046102114
2026-05-25,2026-05-25 11:14:58,V004,83.0,1.1018171567832573
2026-05-25,2026-05-25 11:14:59,V004,84.0,1.0516243668997418
2026-05-25,2026-05-25 11:15:00,V004,84.0,1.07602505955741
2026-05-25,2026-05-25 11:15:01,V004,85.0,1.1027620972363925
2026-05-25,2026-05-25 11:15:02,V004,85.0,1.0993783042170922
2026-05-25,2026-05-25 11:15:03,V004,86.0,1.0477291421345085
2026-05-25,2026-05-25 11:15:04,V004,86.0,1.0546875215316882
2026-05-25,2026-05-25 11:15:05,V004,86.0,1.0631309098935384
2026-05-25,2026-05-25 11:15:06,V004,85.0,1.0289877068063953
2026-05-25,2026-05-25 11:15:07,V004,85.0,1.0495154656815482
2026-05-25,2026-05-25 11:15:08,V004,85.0,0.9953738731156141
2026-05-25,2026-05-25 11:15:09,V004,86.0,1.0871630349771566
2026-05-25,2026-05-25 11:15:10,V004,86.0,1.073937739635957
2026-05-25,2026-05-25 11:15:11,V004,86.0,1.0866389007816324
2026-05-25,2026-05-25 11:15:12,V004,86.0,1.0259656308717586
2026-05-25,2026-05-25 11:15:13,V004,86.0,1.0171614193426257
2026-05-25,2026-05-25 11:15:14,V004,86.0,1.0611587801744704
2026-05-25,2026-05-25 11:15:15,V004,86.0,0.9977498671097135
2026-05-25,2026-05-25 11:15:16,V004,86.0,1.1565052700133611
2026-05-25,2026-05-25 11:15:17,V004,86.0,1.0032880907879769
2026-05-25,2026-05-25 11:15:18,V004,86.0,1.1711875053325826
2026-05-25,2026-05-25 11:15:19,V004,86.0,0.9914410101466494
2026-05-25,2026-05-25 11:15:20,V004,86.0,1.0745516720674997
2026-05-25,2026-05-25 11:15:21,V004,86.0,1.0425716062298322
2026-05-25,2026-05-25 11:15:22,V004,86.0,1.057222927174286
2026-05-25,2026-05-25 11:15:23,V004,87.0,1.0892088398250708
2026-05-25,2026-05-25 11:15:24,V004,87.0,1.0830652573649011
2026-05-25,2026-05-25 11:15:25,V004,88.0,1.0406593776810313
2026-05-25,2026-05-25 11:15:26,V004,88.0,0.9805472377256097
2026-05-25,2026-05-25 11:15:27,V004,88.0,1.0449282403093678
2026-05-25,2026-05-25 11:15:28,V004,88.0,1.014116297647067
2026-05-25,2026-05-25 11:15:29,V004,88.0,1.0850207099888851
2026-05-25,2026-05-25 11:15:30,V004,88.0,1.0505343457843561
2026-05-25,2026-05-25 11:15:31,V004,89.0,1.0343491487145005
2026-05-25,2026-05-25 11:15:32,V004,89.0,1.03197543696952
2026-05-25,2026-05-25 11:15:33,V004,90.0,1.0831766019086915
2026-05-25,2026-05-25 11:15:34,V004,90.0,1.0418967192720767
2026-05-25,2026-05-25 11:15:35,V004,90.0,1.0418642415555364
2026-05-25,2026-05-25 11:15:36,V004,90.0,1.0417377357778654
2026-05-25,2026-05-25 11:15:37,V004,90.0,1.0416224236515337
2026-05-25,2026-05-25 11:15:38,V004,91.0,1.0409459394627085
2026-05-25,2026-05-25 11:15:39,V004,91.0,1.04148066830684
2026-05-25,2026-05-25 11:15:40,V004,91.0,1.0410858086844401
2026-05-25,2026-05-25 11:15:41,V004,91.0,1.0420865165720117
2026-05-25,2026-05-25 11:15:42,V004,91.0,1.0417780042793061
2026-05-25,2026-05-25 11:15:43,V004,91.0,1.0414343455113078
2026-05-25,2026-05-25 11:15:44,V004,91.0,1.0411036070017898
2026-05-25,2026-05-25 11:15:45,V004,91.0,1.0415624088041218
2026-05-25,2026-05-25 11:15:46,V004,91.0,1.0417679793532268
2026-05-25,2026-05-25 11:15:47,V004,91.0,1.0408653177945726
2026-05-25,2026-05-25 11:15:48,V004,91.0,1.0421088184148701
2026-05-25,2026-05-25 11:15:49,V004,91.0,1.0414571143081321
2026-05-25,2026-05-25 11:15:50,V004,91.0,1.042152356382568
2026-05-25,2026-05-25 11:15:51,V004,91.0,1.041942932593625
2026-05-25,2026-05-25 11:15:52,V004,92.0,1.0422371396090295
2026-05-25,2026-05-25 11:15:53,V004,93.0,1.0425526592074987
2026-05-25,2026-05-25 11:15:54,V004,92.0,1.0436437704302646
2026-05-25,2026-05-25 11:15:55,V004,91.0,1.0419052015419088
2026-05-25,2026-05-25 11:15:56,V004,91.0,1.0394732756316125
2026-05-25,2026-05-25 11:15:57,V004,91.0,1.0409630550617217
2026-05-25,2026-05-25 11:15:58,V004,91.0,1.0452926736029433
2026-05-25,2026-05-25 11:15:59,V004,91.0,1.0414394785284438
2026-05-25,2026-05-25 11:16:00,V004,91.0,1.0419505632800177
2026-05-25,2026-05-25 11:16:01,V004,91.0,1.0418333289841053
2026-05-25,2026-05-25 11:16:02,V004,,1.040153554427923
2026-05-25,2026-05-25 11:16:03,V004,,1.0840236272660737
2026-05-25,2026-05-25 11:16:04,V004,,1.04869428482313
2026-05-25,2026-05-25 11:16:05,V004,,1.0525801735298863
2026-05-25,2026-05-25 11:16:06,V004,,1.1280614228049006
2026-05-25,2026-05-25 11:16:07,V004,,1.0639797745382606
2026-05-25,2026-05-25 11:16:08,V004,,1.074113622802251
2026-05-25,2026-05-25 11:16:09,V004,,1.0498857224483065
2026-05-25,2026-05-25 11:16:10,V004,,1.0568285733633909
2026-05-25,2026-05-25 11:16:11,V004,,1.018750777789434
2026-05-25,2026-05-25 11:16:12,V004,,1.0731337539214194
2026-05-25,2026-05-25 11:16:13,V004,,1.385771653570956
2026-05-25,2026-05-25 11:16:14,V004,,1.1337687324653798
2026-05-25,2026-05-25 11:16:15,V004,,1.0743547584221693
2026-05-25,2026-05-25 11:16:16,V004,91.0,1.0876698211508076
2026-05-25,2026-05-25 11:16:17,V004,92.0,1.0991720605007536
2026-05-25,2026-05-25 11:16:18,V004,92.0,1.3139397147071021
2026-05-25,2026-05-25 11:16:19,V004,93.0,1.0517247052741825
2026-05-25,2026-05-25 11:16:20,V004,93.0,1.1572946531873782
2026-05-25,2026-05-25 11:16:21,V004,93.0,1.4898142523000024
2026-05-25,2026-05-25 11:16:22,V004,94.0,1.376391053260492
2026-05-25,2026-05-25 11:16:23,V004,95.0,1.1576735052976423
2026-05-25,2026-05-25 11:16:24,V004,95.0,1.0867774257005456
2026-05-25,2026-05-25 11:16:25,V004,96.0,1.0397527212070854
2026-05-25,2026-05-25 11:16:26,V004,97.0,1.072588634686196
2026-05-25,2026-05-25 11:16:27,V004,97.0,1.1427504318336312
2026-05-25,2026-05-25 11:16:28,V004,97.0,1.1073772919870064
2026-05-25,2026-05-25 11:16:29,V004,98.0,1.0832929535394766
2026-05-25,2026-05-25 11:16:30,V004,98.0,1.1898771992672745
2026-05-25,2026-05-25 11:16:31,V004,98.0,1.0579625969023179
2026-05-25,2026-05-25 11:16:32,V004,99.0,1.05576363408324
2026-05-25,2026-05-25 11:16:33,V004,99.0,1.0799649677231593
2026-05-25,2026-05-25 11:16:34,V004,99.0,1.0766644528586506
2026-05-25,2026-05-25 11:16:35,V004,99.0,1.0895673531301404
2026-05-25,2026-05-25 11:16:36,V004,99.0,0.9595055830468483
2026-05-25,2026-05-25 11:16:37,V004,99.0,1.0102389305938513
2026-05-25,2026-05-25 11:16:38,V004,99.0,1.0235654800647824
2026-05-25,2026-05-25 11:16:39,V004,99.0,0.9890610500528106
2026-05-25,2026-05-25 11:16:40,V004,99.0,0.9787796252380793
2026-05-25,2026-05-25 11:16:41,V004,99.0,1.0120059045627934
2026-05-25,2026-05-25 11:16:42,V004,99.0,1.0325373727991791
2026-05-25,2026-05-25 11:16:43,V004,99.0,1.0382226481787602
2026-05-25,2026-05-25 11:16:44,V004,99.0,1.0691676589630514
2026-05-25,2026-05-25 11:16:45,V004,99.0,1.036576418573912
2026-05-25,2026-05-25 11:16:46,V004,99.0,1.0228382465049002
2026-05-25,2026-05-25 11:16:47,V004,99.0,1.0447421328211985
2026-05-25,2026-05-25 11:16:48,V004,100.0,1.0527362329029517
2026-05-25,2026-05-25 11:16:49,V004,100.0,1.0248036983187752
2026-05-25,2026-05-25 11:16:50,V004,100.0,1.0727593501224828
2026-05-25,2026-05-25 11:16:51,V004,101.0,1.0349041506272167
2026-05-25,2026-05-25 11:16:52,V004,101.0,1.006667322034214
2026-05-25,2026-05-25 11:16:53,V004,102.0,1.0684451779745197
2026-05-25,2026-05-25 11:16:54,V004,102.0,1.0270888273187997
2026-05-25,2026-05-25 11:16:55,V004,102.0,1.0946745910061046
2026-05-25,2026-05-25 11:16:56,V004,102.0,1.067511700163311
2026-05-25,2026-05-25 11:16:57,V004,102.0,0.9982319811089495
2026-05-25,2026-05-25 11:16:58,V004,102.0,1.122120683084543
2026-05-25,2026-05-25 11:16:59,V004,102.0,0.9639128757525092
2026-05-25,2026-05-25 11:17:00,V004,102.0,0.9967444794400528
2026-05-25,2026-05-25 11:17:01,V004,102.0,1.0110295589314657
2026-05-25,2026-05-25 11:17:02,V004,102.0,0.9998454032849324
2026-05-25,2026-05-25 11:17:03,V004,101.0,0.9757722340282108
2026-05-25,2026-05-25 11:17:04,V004,101.0,0.9829611928712674
2026-05-25,2026-05-25 11:17:05,V004,101.0,0.9823160548580536
2026-05-25,2026-05-25 11:17:06,V004,100.0,0.9857723906437916
2026-05-25,2026-05-25 11:17:07,V004,99.0,0.994922670025169
2026-05-25,2026-05-25 11:17:08,V004,98.0,0.9840163226125936
2026-05-25,2026-05-25 11:17:09,V004,98.0,0.9905260388120081
2026-05-25,2026-05-25 11:17:10,V004,97.0,0.9919849181187381
2026-05-25,2026-05-25 11:17:11,V004,97.0,1.0096554504250963
2026-05-25,2026-05-25 11:17:12,V004,96.0,1.0080938389096863
2026-05-25,2026-05-25 11:17:13,V004,96.0,1.0128103631109715
2026-05-25,2026-05-25 11:17:14,V004,95.0,1.0111481686852635
2026-05-25,2026-05-25 11:17:15,V004,95.0,1.003896891618726
2026-05-25,2026-05-25 11:17:16,V004,94.0,0.9995552073459014
2026-05-25,2026-05-25 11:17:17,V004,94.0,1.0010353618690384
2026-05-25,2026-05-25 11:17:18,V004,93.0,1.0010398897430743
2026-05-25,2026-05-25 11:17:19,V004,93.0,1.009114329101527
2026-05-25,2026-05-25 11:17:20,V004,93.0,0.9976968578703201
2026-05-25,2026-05-25 11:17:21,V004,93.0,1.0518861503858028
2026-05-25,2026-05-25 11:17:22,V004,93.0,1.0090582733195785
2026-05-25,2026-05-25 11:17:23,V004,93.0,0.989796604352847
2026-05-25,2026-05-25 11:17:24,V004,94.0,1.0217408558424976
2026-05-25,2026-05-25 11:17:25,V004,95.0,1.0027712002883125
2026-05-25,2026-05-25 11:17:26,V004,96.0,1.0987357147240697
2026-05-25,2026-05-25 11:17:27,V004,97.0,1.0144423786586136
2026-05-25,2026-05-25 11:17:28,V004,97.0,1.0149585770699805
2026-05-25,2026-05-25 11:17:29,V004,98.0,1.0113282115367053
2026-05-25,2026-05-25 11:17:30,V004,98.0,1.0109759502893076
2026-05-25,2026-05-25 11:17:31,V004,99.0,1.0127344651632832
2026-05-25,2026-05-25 11:17:32,V004,99.0,1.0122570798055508
2026-05-25,2026-05-25 11:17:33,V004,99.0,1.0111134946011349
2026-05-25,2026-05-25 11:17:34,V004,99.0,1.010044537882996
2026-05-25,2026-05-25 11:17:35,V004,100.0,1.009171342070145
2026-05-25,2026-05-25 11:17:36,V004,99.0,1.008356803799102
2026-05-25,2026-05-25 11:17:37,V004,99.0,1.00724123709473
2026-05-25,2026-05-25 11:17:38,V004,99.0,1.0072705889085776
2026-05-25,2026-05-25 11:17:39,V004,99.0,1.00753814364609
2026-05-25,2026-05-25 11:17:40,V004,99.0,1.0073508825021142
2026-05-25,2026-05-25 11:17:41,V004,98.0,1.0061748707269305
2026-05-25,2026-05-25 11:17:42,V004,98.0,1.0061580427673096
2026-05-25,2026-05-25 11:17:43,V004,98.0,1.0073321735114107
2026-05-25,2026-05-25 11:17:44,V004,98.0,1.0067895202832753
2026-05-25,2026-05-25 11:17:45,V004,98.0,1.0063474864160036
2026-05-25,2026-05-25 11:17:46,V004,97.0,1.009656085716243
2026-05-25,2026-05-25 11:17:47,V004,97.0,1.0102357101348665
2026-05-25,2026-05-25 11:17:48,V004,96.0,1.0138431949280464
2026-05-25,2026-05-25 11:17:49,V004,95.0,1.0055924898567619
2026-05-25,2026-05-25 11:17:50,V004,93.0,1.0057897791777708
2026-05-25,2026-05-25 11:17:51,V004,91.0,1.0074496431178148
2026-05-25,2026-05-25 11:17:52,V004,89.0,1.0070694422285278
2026-05-25,2026-05-25 11:17:53,V004,88.0,1.0061986210016454
2026-05-25,2026-05-25 11:17:54,V004,85.0,1.0060623704808869
2026-05-25,2026-05-25 11:17:55,V004,83.0,1.0060712504227898
2026-05-25,2026-05-25 11:17:56,V004,84.0,1.0060992323348752
2026-05-25,2026-05-25 11:17:57,V004,84.0,1.0064044689042064
2026-05-25,2026-05-25 11:17:58,V004,85.0,1.006010693185029
2026-05-25,2026-05-25 11:17:59,V004,85.0,1.0055000969509262
2026-05-25,2026-05-25 11:18:00,V004,85.0,1.004363696696994
2026-05-25,2026-05-25 11:18:01,V004,85.0,0.9989405268549242
2026-05-25,2026-05-25 11:18:02,V004,85.0,1.0036123302493758
2026-05-25,2026-05-25 11:18:03,V004,84.0,1.0061713666815624
2026-05-25,2026-05-25 11:18:04,V004,83.0,1.005267994673754
2026-05-25,2026-05-25 11:18:05,V004,82.0,1.0061635726120524
2026-05-25,2026-05-25 11:18:06,V004,82.0,1.006585394275479
2026-05-25,2026-05-25 11:18:07,V004,81.0,1.005845641218115
2026-05-25,2026-05-25 11:18:08,V004,81.0,1.0041019339193662
2026-05-25,2026-05-25 11:18:09,V004,81.0,1.0053054676456672
2026-05-25,2026-05-25 11:18:10,V004,81.0,0.9977207711434035
2026-05-25,2026-05-25 11:18:11,V004,80.0,0.9764997508898692
2026-05-25,2026-05-25 11:18:12,V004,80.0,0.9863119022100982
2026-05-25,2026-05-25 11:18:13,V004,79.0,0.9895507771070253
2026-05-25,2026-05-25 11:18:14,V004,78.0,0.9931088759844496
2026-05-25,2026-05-25 11:18:15,V004,78.0,0.9933718478611916
2026-05-25,2026-05-25 11:18:16,V004,77.0,0.9906033579943363
2026-05-25,2026-05-25 11:18:17,V004,77.0,1.0109644763850316
2026-05-25,2026-05-25 11:18:18,V004,77.0,0.9970426942788754
2026-05-25,2026-05-25 11:18:19,V004,77.0,0.9894329090741943
2026-05-25,2026-05-25 11:18:20,V004,77.0,0.984915986153747
2026-05-25,2026-05-25 11:18:21,V004,77.0,0.9855494202677597
2026-05-25,2026-05-25 11:18:22,V004,77.0,0.9960679047407748
2026-05-25,2026-05-25 11:18:23,V004,77.0,0.9948053745110191
2026-05-25,2026-05-25 11:18:24,V004,78.0,0.9959390520705068
2026-05-25,2026-05-25 11:18:25,V004,78.0,0.9955204252566187
2026-05-25,2026-05-25 11:18:26,V004,79.0,0.993765270442454
2026-05-25,2026-05-25 11:18:27,V004,79.0,0.9958446854822848
2026-05-25,2026-05-25 11:18:28,V004,80.0,0.996326773983259
2026-05-25,2026-05-25 11:18:29,V004,80.0,0.9961606910734226
2026-05-25,2026-05-25 11:18:30,V004,81.0,0.9954770641885707
2026-05-25,2026-05-25 11:18:31,V004,81.0,0.9958209200607057
2026-05-25,2026-05-25 11:18:32,V004,81.0,0.9974586829773523
2026-05-25,2026-05-25 11:18:33,V004,81.0,0.9968521916032234
2026-05-25,2026-05-25 11:18:34,V004,82.0,0.9973362707328904
2026-05-25,2026-05-25 11:18:35,V004,83.0,0.9968450347985525
2026-05-25,2026-05-25 11:18:36,V004,84.0,0.9963610984952661
2026-05-25,2026-05-25 11:18:37,V004,85.0,0.9962460618416716
2026-05-25,2026-05-25 11:18:38,V004,85.0,0.9957997596183528
2026-05-25,2026-05-25 11:18:39,V004,86.0,0.9951441544047991
2026-05-25,2026-05-25 11:18:40,V004,85.0,0.9946621951034755
2026-05-25,2026-05-25 11:18:41,V004,84.0,0.9951779074549759
2026-05-25,2026-05-25 11:18:42,V004,83.0,0.9979289140010716
2026-05-25,2026-05-25 11:18:43,V004,82.0,0.9960095073866504
2026-05-25,2026-05-25 11:18:44,V004,80.0,0.9992507660564256
2026-05-25,2026-05-25 11:18:45,V004,79.0,1.0036269380039824
2026-05-25,2026-05-25 11:18:46,V004,78.0,1.0044687639021488
2026-05-25,2026-05-25 11:18:47,V004,77.0,1.0061030682066803
2026-05-25,2026-05-25 11:18:48,V004,76.0,1.004027789004525
2026-05-25,2026-05-25 11:18:49,V004,75.0,1.0040384544517684
2026-05-25,2026-05-25 11:18:50,V004,75.0,1.0034769946544795
2026-05-25,2026-05-25 11:18:51,V004,75.0,1.0034145828533436
2026-05-25,2026-05-25 11:18:52,V004,75.0,1.0036764477345863
2026-05-25,2026-05-25 11:18:53,V004,76.0,1.0031044757809193
2026-05-25,2026-05-25 11:18:54,V004,76.0,1.0032221407682012
2026-05-25,2026-05-25 11:18:55,V004,76.0,1.002835492178128
2026-05-25,2026-05-25 11:18:56,V004,76.0,1.003415939135596
2026-05-25,2026-05-25 11:18:57,V004,76.0,1.0030415264629045
2026-05-25,2026-05-25 11:18:58,V004,76.0,1.002752954375535
2026-05-25,2026-05-25 11:18:59,V004,75.0,1.0033612846053412
2026-05-25,2026-05-25 11:19:00,V004,74.0,1.0022826512515728
2026-05-25,2026-05-25 11:19:01,V004,73.0,1.0026691802783156
2026-05-25,2026-05-25 11:19:02,V004,72.0,1.0029109878096538
2026-05-25,2026-05-25 11:19:03,V004,72.0,1.002792661131106
2026-05-25,2026-05-25 11:19:04,V004,72.0,1.0021405093400952
2026-05-25,2026-05-25 11:19:05,V004,72.0,1.0033798233493423
2026-05-25,2026-05-25 11:19:06,V004,72.0,1.0022388197944339
2026-05-25,2026-05-25 11:19:07,V004,72.0,1.0024230169816546
2026-05-25,2026-05-25 11:19:08,V004,71.0,1.002887758331817
2026-05-25,2026-05-25 11:19:09,V004,71.0,1.0045690035122974
2026-05-25,2026-05-25 11:19:10,V004,71.0,1.0073015004184211
2026-05-25,2026-05-25 11:19:11,V004,72.0,1.0052017260946913
2026-05-25,2026-05-25 11:19:12,V004,72.0,1.0051955163439799
2026-05-25,2026-05-25 11:19:13,V004,72.0,1.004225755157941
2026-05-25,2026-05-25 11:19:14,V004,73.0,1.0043360629842546
2026-05-25,2026-05-25 11:19:15,V004,73.0,1.0040066465627417
2026-05-25,2026-05-25 11:19:16,V004,74.0,1.0044536775609718
2026-05-25,2026-05-25 11:19:17,V004,75.0,1.0038986660843183
2026-05-25,2026-05-25 11:19:18,V004,77.0,1.0035349250389412
2026-05-25,2026-05-25 11:19:19,V004,78.0,1.0037526910917645
2026-05-25,2026-05-25 11:19:20,V004,80.0,1.0038185228257783
2026-05-25,2026-05-25 11:19:21,V004,81.0,1.0038673569604009
2026-05-25,2026-05-25 11:19:22,V004,83.0,1.0028658295416344
2026-05-25,2026-05-25 11:19:23,V004,84.0,1.0027895752604128
2026-05-25,2026-05-25 11:19:24,V004,84.0,1.0031033571904746
2026-05-25,2026-05-25 11:19:25,V004,84.0,1.002661231776708
2026-05-25,2026-05-25 11:19:26,V004,83.0,1.0026915654549078
2026-05-25,2026-05-25 11:19:27,V004,83.0,1.0029707401097494
2026-05-25,2026-05-25 11:19:28,V004,82.0,1.0026980590108046
2026-05-25,2026-05-25 11:19:29,V004,82.0,1.0029722823230767
2026-05-25,2026-05-25 11:19:30,V004,83.0,1.002599230366956
2026-05-25,2026-05-25 11:19:31,V004,83.0,1.0028371850498892
2026-05-25,2026-05-25 11:19:32,V004,82.0,1.0028518850284647
2026-05-25,2026-05-25 11:19:33,V004,81.0,1.0026283810540177
2026-05-25,2026-05-25 11:19:34,V004,80.0,1.0031939118971789
2026-05-25,2026-05-25 11:19:35,V004,80.0,1.005255733075703
2026-05-25,2026-05-25 11:19:36,V004,79.0,1.0040220784357685
2026-05-25,2026-05-25 11:19:37,V004,79.0,1.0046440469563604
2026-05-25,2026-05-25 11:19:38,V004,79.0,1.0041615164554238
2026-05-25,2026-05-25 11:19:39,V004,79.0,1.0044904820137535
2026-05-25,2026-05-25 11:19:40,V004,79.0,0.9987162948048532
2026-05-25,2026-05-25 11:19:41,V004,79.0,0.9954949338411538
2026-05-25,2026-05-25 11:19:42,V004,80.0,1.0022543064671874
2026-05-25,2026-05-25 11:19:43,V004,80.0,1.0052913153692224
2026-05-25,2026-05-25 11:19:44,V004,81.0,1.005401804503977
2026-05-25,2026-05-25 11:19:45,V004,82.0,1.0045894973471123
2026-05-25,2026-05-25 11:19:46,V004,84.0,1.0035134007182118
2026-05-25,2026-05-25 11:19:47,V004,85.0,1.0045934087156978
2026-05-25,2026-05-25 11:19:48,V004,86.0,1.0040995846531442
2026-05-25,2026-05-25 11:19:49,V004,87.0,1.0029413334753223
2026-05-25,2026-05-25 11:19:50,V004,87.0,1.0038631677236671
2026-05-25,2026-05-25 11:19:51,V004,86.0,1.0031850987302868
2026-05-25,2026-05-25 11:19:52,V004,85.0,1.0032032268949123
2026-05-25,2026-05-25 11:19:53,V004,85.0,1.004324504136755
2026-05-25,2026-05-25 11:19:54,V004,85.0,0.9993581645186337
2026-05-25,2026-05-25 11:19:55,V004,85.0,1.0046405707026684
2026-05-25,2026-05-25 11:19:56,V004,85.0,1.02987605053484
2026-05-25,2026-05-25 11:19:57,V004,85.0,1.036844328661514
2026-05-25,2026-05-25 11:19:58,V004,85.0,1.0244889175867518
2026-05-25,2026-05-25 11:19:59,V004,84.0,0.9927734024966363
2026-05-25,2026-05-25 11:20:00,V004,84.0,0.9944701564888482
2026-05-25,2026-05-25 11:20:01,V004,85.0,0.9919792898714702
2026-05-25,2026-05-25 11:20:02,V004,85.0,0.991783791018231
2026-05-25,2026-05-25 11:20:03,V004,85.0,0.9896881335956
2026-05-25,2026-05-25 11:20:04,V004,86.0,0.9900854331280715
2026-05-25,2026-05-25 11:20:05,V004,86.0,0.990998121632554
2026-05-25,2026-05-25 11:20:06,V004,87.0,0.9905556192465037
2026-05-25,2026-05-25 11:20:07,V004,88.0,0.9914683250193798
2026-05-25,2026-05-25 11:20:08,V004,89.0,0.9906705050242922
2026-05-25,2026-05-25 11:20:09,V004,89.0,0.9910012956202572
2026-05-25,2026-05-25 11:20:10,V004,90.0,0.9912121270921125
2026-05-25,2026-05-25 11:20:11,V004,90.0,0.9905865770682242
2026-05-25,2026-05-25 11:20:12,V004,90.0,0.9903756527184873
2026-05-25,2026-05-25 11:20:13,V004,90.0,0.9906935218683901
2026-05-25,2026-05-25 11:20:14,V004,90.0,0.9902624108459643
2026-05-25,2026-05-25 11:20:15,V004,90.0,0.9828443813427936
2026-05-25,2026-05-25 11:20:16,V004,90.0,0.9833542772856946
2026-05-25,2026-05-25 11:20:17,V004,89.0,0.9826253504876059
2026-05-25,2026-05-25 11:20:18,V004,89.0,0.9830773283739954
2026-05-25,2026-05-25 11:20:19,V004,89.0,0.9823191754744437
2026-05-25,2026-05-25 11:20:20,V004,88.0,0.982727621732127
2026-05-25,2026-05-25 11:20:21,V004,87.0,0.9823453996457039
2026-05-25,2026-05-25 11:20:22,V004,86.0,0.982877115744238
2026-05-25,2026-05-25 11:20:23,V004,86.0,0.9828624194764959
2026-05-25,2026-05-25 11:20:24,V004,85.0,0.9836302722422661
2026-05-25,2026-05-25 11:20:25,V004,84.0,0.9845829464724646
2026-05-25,2026-05-25 11:20:26,V004,83.0,0.9837266376368626
2026-05-25,2026-05-25 11:20:27,V004,83.0,0.9840689329888149
2026-05-25,2026-05-25 11:20:28,V004,83.0,0.982136698899102
2026-05-25,2026-05-25 11:20:29,V004,82.0,0.983809062711471
2026-05-25,2026-05-25 11:20:30,V004,82.0,0.9847766124841356
2026-05-25,2026-05-25 11:20:31,V004,82.0,0.9855019034881377
2026-05-25,2026-05-25 11:20:32,V004,81.0,0.9854884047334941
2026-05-25,2026-05-25 11:20:33,V004,81.0,0.9860952798439044
2026-05-25,2026-05-25 11:20:34,V004,80.0,0.9867276448580489
2026-05-25,2026-05-25 11:20:35,V004,80.0,0.9897401799751546
2026-05-25,2026-05-25 11:20:36,V004,81.0,1.001191957019093
2026-05-25,2026-05-25 11:20:37,V004,81.0,1.0156309528599787
2026-05-25,2026-05-25 11:20:38,V004,83.0,1.019688610441934
2026-05-25,2026-05-25 11:20:39,V004,84.0,1.0199596841408782
2026-05-25,2026-05-25 11:20:40,V004,85.0,1.021550848217213
2026-05-25,2026-05-25 11:20:41,V004,86.0,1.0217991359990604
2026-05-25,2026-05-25 11:20:42,V004,86.0,1.0205940424056499
2026-05-25,2026-05-25 11:20:43,V004,86.0,1.0187837785208933
2026-05-25,2026-05-25 11:20:44,V004,85.0,1.0188807315877006
2026-05-25,2026-05-25 11:20:45,V004,85.0,1.0128232116099694
2026-05-25,2026-05-25 11:20:46,V004,86.0,1.004924202741698
2026-05-25,2026-05-25 11:20:47,V004,87.0,1.0051496218082128
2026-05-25,2026-05-25 11:20:48,V004,88.0,0.9993404986025146
2026-05-25,2026-05-25 11:20:49,V004,88.0,0.9962750091845466
2026-05-25,2026-05-25 11:20:50,V004,89.0,0.9969316144512892
2026-05-25,2026-05-25 11:20:51,V004,88.0,0.9940425324808393
2026-05-25,2026-05-25 11:20:52,V004,88.0,0.9929962049083602
2026-05-25,2026-05-25 11:20:53,V004,88.0,0.9924604135282086
2026-05-25,2026-05-25 11:20:54,V004,87.0,0.9924719698232427
2026-05-25,2026-05-25 11:20:55,V004,87.0,0.9931534607820549
2026-05-25,2026-05-25 11:20:56,V004,86.0,0.9925617260568594
2026-05-25,2026-05-25 11:20:57,V004,86.0,0.991990021876198
2026-05-25,2026-05-25 11:20:58,V004,86.0,0.9907212605177201
2026-05-25,2026-05-25 11:20:59,V004,86.0,0.9893128421478986
2026-05-25,2026-05-25 11:21:00,V004,86.0,0.9896754693195918
2026-05-25,2026-05-25 11:21:01,V004,87.0,0.9889654855566624
2026-05-25,2026-05-25 11:21:02,V004,86.0,0.9892305433478401
2026-05-25,2026-05-25 11:21:03,V004,86.0,0.9898711859731414
2026-05-25,2026-05-25 11:21:04,V004,85.0,0.990563346796188
2026-05-25,2026-05-25 11:21:05,V004,83.0,0.990637508355113
2026-05-25,2026-05-25 11:21:06,V004,82.0,0.9911134175495127
2026-05-25,2026-05-25 11:21:07,V004,81.0,0.9996654724352745
2026-05-25,2026-05-25 11:21:08,V004,81.0,0.9908025039311582
2026-05-25,2026-05-25 11:21:09,V004,81.0,1.0891028888594938
2026-05-25,2026-05-25 11:21:10,V004,81.0,1.0439905416322297
2026-05-25,2026-05-25 11:21:11,V004,81.0,1.0750145985393398
2026-05-25,2026-05-25 11:21:12,V004,81.0,1.002797429416644
2026-05-25,2026-05-25 11:21:13,V004,81.0,1.0638780873973261
2026-05-25,2026-05-25 11:21:14,V004,81.0,1.1163125125662536
2026-05-25,2026-05-25 11:21:15,V004,81.0,0.972269629991202
2026-05-25,2026-05-25 11:21:16,V004,81.0,1.0370721877462232
2026-05-25,2026-05-25 11:21:17,V004,81.0,1.0014706417065424
2026-05-25,2026-05-25 11:21:18,V004,80.0,1.0023185002594361
2026-05-25,2026-05-25 11:21:19,V004,80.0,1.0189622136025027
2026-05-25,2026-05-25 11:21:20,V004,80.0,1.053202159879103
2026-05-25,2026-05-25 11:21:21,V004,81.0,1.0320496656820017
2026-05-25,2026-05-25 11:21:22,V004,81.0,1.0339289953183597
2026-05-25,2026-05-25 11:21:23,V004,81.0,1.0219660251998879
2026-05-25,2026-05-25 11:21:24,V004,81.0,1.0247091400050778
2026-05-25,2026-05-25 11:21:25,V004,81.0,1.0054853426998545
2026-05-25,2026-05-25 11:21:26,V004,82.0,0.9863959782951452
2026-05-25,2026-05-25 11:21:27,V004,82.0,1.0802478817447863
2026-05-25,2026-05-25 11:21:28,V004,83.0,1.0711954319366321
2026-05-25,2026-05-25 11:21:29,V004,83.0,1.0514394453612594
2026-05-25,2026-05-25 11:21:30,V004,82.0,1.0355500972211475
2026-05-25,2026-05-25 11:21:31,V004,81.0,1.0455381789406044
2026-05-25,2026-05-25 11:21:32,V004,81.0,1.024093838576475
2026-05-25,2026-05-25 11:21:33,V004,81.0,1.033228686368425
2026-05-25,2026-05-25 11:21:34,V004,81.0,1.0974687528206784
2026-05-25,2026-05-25 11:21:35,V004,80.0,1.0552571807220685
2026-05-25,2026-05-25 11:21:36,V004,80.0,1.0566756722057313
2026-05-25,2026-05-25 11:21:37,V004,81.0,1.0634701754120406
2026-05-25,2026-05-25 11:21:38,V004,81.0,1.0397018909833113
2026-05-25,2026-05-25 11:21:39,V004,81.0,1.0464507539661112
2026-05-25,2026-05-25 11:21:40,V004,81.0,1.0701985536710865
2026-05-25,2026-05-25 11:21:41,V004,82.0,1.072671996037695
2026-05-25,2026-05-25 11:21:42,V004,83.0,1.0745896508321553
2026-05-25,2026-05-25 11:21:43,V004,84.0,1.0346503871817292
2026-05-25,2026-05-25 11:21:44,V004,86.0,1.07463011415233
2026-05-25,2026-05-25 11:21:45,V004,88.0,1.030090167516709
2026-05-25,2026-05-25 11:21:46,V004,91.0,1.074661159603007
2026-05-25,2026-05-25 11:21:47,V004,93.0,1.0516993079096777
2026-05-25,2026-05-25 11:21:48,V004,94.0,1.0529459156708332
2026-05-25,2026-05-25 11:21:49,V004,95.0,1.0745069857323541
2026-05-25,2026-05-25 11:21:50,V004,96.0,1.0396878691066538
2026-05-25,2026-05-25 11:21:51,V004,97.0,1.0496266181217342
2026-05-25,2026-05-25 11:21:52,V004,98.0,1.0494951492714688
2026-05-25,2026-05-25 11:21:53,V004,99.0,1.0589675592633767
2026-05-25,2026-05-25 11:21:54,V004,99.0,1.0352413429039165
2026-05-25,2026-05-25 11:21:55,V004,98.0,1.0608142173204154
2026-05-25,2026-05-25 11:21:56,V004,98.0,1.0385674458438554
2026-05-25,2026-05-25 11:21:57,V004,98.0,1.0510973716304481
2026-05-25,2026-05-25 11:21:58,V004,98.0,1.03793451910345
2026-05-25,2026-05-25 11:21:59,V004,98.0,1.056315903987221
2026-05-25,2026-05-25 11:22:00,V004,97.0,1.047066628749058
2026-05-25,2026-05-25 11:22:01,V004,97.0,1.0392645758937282
2026-05-25,2026-05-25 11:22:02,V004,95.0,1.0743876043679528
2026-05-25,2026-05-25 11:22:03,V004,94.0,1.0704415911141942
2026-05-25,2026-05-25 11:22:04,V004,92.0,1.0266018541693547
2026-05-25,2026-05-25 11:22:05,V004,90.0,1.078056210612905
2026-05-25,2026-05-25 11:22:06,V004,88.0,1.0150475482431693
2026-05-25,2026-05-25 11:22:07,V004,86.0,1.0941653402868483
2026-05-25,2026-05-25 11:22:08,V004,86.0,1.0482104807297614
2026-05-25,2026-05-25 11:22:09,V004,86.0,1.043755792158603
2026-05-25,2026-05-25 11:22:10,V004,86.0,1.0529722674336899
2026-05-25,2026-05-25 11:22:11,V004,86.0,1.043218680663212
2026-05-25,2026-05-25 11:22:12,V004,86.0,1.0455208348605551
2026-05-25,2026-05-25 11:22:13,V004,86.0,1.0307734917801068
2026-05-25,2026-05-25 11:22:14,V004,86.0,1.058601711502782
2026-05-25,2026-05-25 11:22:15,V004,85.0,1.0478991487793663
2026-05-25,2026-05-25 11:22:16,V004,85.0,1.0413587691425688
2026-05-25,2026-05-25 11:22:17,V004,85.0,1.066310157261765
2026-05-25,2026-05-25 11:22:18,V004,85.0,1.041840782100562
2026-05-25,2026-05-25 11:22:19,V004,85.0,1.0886612089335082
2026-05-25,2026-05-25 11:22:20,V004,85.0,1.033544595461463
2026-05-25,2026-05-25 11:22:21,V004,85.0,1.0340438174230924
2026-05-25,2026-05-25 11:22:22,V004,84.0,1.0853510683637888
2026-05-25,2026-05-25 11:22:23,V004,83.0,1.026889523511085
2026-05-25,2026-05-25 11:22:24,V004,84.0,1.0708424930596747
2026-05-25,2026-05-25 11:22:25,V004,84.0,1.0355759962462439
2026-05-25,2026-05-25 11:22:26,V004,84.0,1.089143077394246
2026-05-25,2026-05-25 11:22:27,V004,84.0,1.0342237225839317
2026-05-25,2026-05-25 11:22:28,V004,85.0,1.0636302693737059
2026-05-25,2026-05-25 11:22:29,V004,85.0,1.0542868310315046
2026-05-25,2026-05-25 11:22:30,V004,86.0,1.0745248428773382
2026-05-25,2026-05-25 11:22:31,V004,86.0,1.0327404427913907
2026-05-25,2026-05-25 11:22:32,V004,86.0,1.0673912755916044
2026-05-25,2026-05-25 11:22:33,V004,85.0,1.0996344384148107
2026-05-25,2026-05-25 11:22:34,V004,85.0,1.0088313706061602
2026-05-25,2026-05-25 11:22:35,V004,84.0,1.0648308999660796
2026-05-25,2026-05-25 11:22:36,V004,84.0,1.10566756224936
2026-05-25,2026-05-25 11:22:37,V004,83.0,1.1070847438897073
2026-05-25,2026-05-25 11:22:38,V004,83.0,1.0374956476729484
2026-05-25,2026-05-25 11:22:39,V004,83.0,1.0851836990073507
2026-05-25,2026-05-25 11:22:40,V004,82.0,1.0763709915565756
2026-05-25,2026-05-25 11:22:41,V004,81.0,1.0558239023925173
2026-05-25,2026-05-25 11:22:42,V004,81.0,1.066333447902609
2026-05-25,2026-05-25 11:22:43,V004,82.0,1.0530819790359753
2026-05-25,2026-05-25 11:22:44,V004,82.0,1.0194581342174187
2026-05-25,2026-05-25 11:22:45,V004,82.0,1.1420016265529462
2026-05-25,2026-05-25 11:22:46,V004,83.0,1.0167050102548763
2026-05-25,2026-05-25 11:22:47,V004,83.0,1.0536668314267847
2026-05-25,2026-05-25 11:22:48,V004,83.0,1.0907260064609998
2026-05-25,2026-05-25 11:22:49,V004,83.0,1.1335504167631831
2026-05-25,2026-05-25 11:22:50,V004,84.0,1.0430454739434214
2026-05-25,2026-05-25 11:22:51,V004,84.0,1.0777439990314972
2026-05-25,2026-05-25 11:22:52,V004,85.0,1.0356247860280374
2026-05-25,2026-05-25 11:22:53,V004,85.0,1.06722775098083
2026-05-25,2026-05-25 11:22:54,V004,86.0,1.0967206933451297
2026-05-25,2026-05-25 11:22:55,V004,86.0,1.0525537541379164
2026-05-25,2026-05-25 11:22:56,V004,87.0,1.0898187791418192
2026-05-25,2026-05-25 11:22:57,V004,88.0,1.0940553979202376
2026-05-25,2026-05-25 11:22:58,V004,89.0,1.0401099598654366
2026-05-25,2026-05-25 11:22:59,V004,90.0,0.9997214997229202
2026-05-25,2026-05-25 11:23:00,V004,92.0,1.318304941128332
2026-05-25,2026-05-25 11:23:01,V004,94.0,1.0484008016160726
2026-05-25,2026-05-25 11:23:02,V004,95.0,1.0373499707464826
2026-05-25,2026-05-25 11:23:03,V004,96.0,1.0484488517566957
2026-05-25,2026-05-25 11:23:04,V004,97.0,1.0880281208105136
2026-05-25,2026-05-25 11:23:05,V004,98.0,1.0729646017732581
2026-05-25,2026-05-25 11:23:06,V004,98.0,1.0158444049890438
2026-05-25,2026-05-25 11:23:07,V004,99.0,1.1195856461804499
2026-05-25,2026-05-25 11:23:08,V004,99.0,1.1453637953996816
2026-05-25,2026-05-25 11:23:09,V004,99.0,1.1147066412242066
2026-05-25,2026-05-25 11:23:10,V004,100.0,1.1129815479201681
2026-05-25,2026-05-25 11:23:11,V004,100.0,1.055161178199574
2026-05-25,2026-05-25 11:23:12,V004,100.0,1.0598982234127268
2026-05-25,2026-05-25 11:23:13,V004,100.0,1.102075022325435
2026-05-25,2026-05-25 11:23:14,V004,100.0,1.0586405477324157
2026-05-25,2026-05-25 11:23:15,V004,99.0,1.0768440181987495
2026-05-25,2026-05-25 11:23:16,V004,100.0,1.1665633702089904
2026-05-25,2026-05-25 11:23:17,V004,100.0,0.9504961729347798
2026-05-25,2026-05-25 11:23:18,V004,100.0,1.074431496820042
2026-05-25,2026-05-25 11:23:19,V004,100.0,1.1372592858288044
2026-05-25,2026-05-25 11:23:20,V004,100.0,1.0803144416901589
2026-05-25,2026-05-25 11:23:21,V004,101.0,1.0416497301739356
2026-05-25,2026-05-25 11:23:22,V004,101.0,1.1396902338520212
2026-05-25,2026-05-25 11:23:23,V004,101.0,1.0257590065892332
2026-05-25,2026-05-25 11:23:24,V004,101.0,1.039430448571093
2026-05-25,2026-05-25 11:23:25,V004,100.0,1.1617254846694527
2026-05-25,2026-05-25 11:23:26,V004,100.0,1.093968833745009
2026-05-25,2026-05-25 11:23:27,V004,100.0,0.9991317512996982
2026-05-25,2026-05-25 11:23:28,V004,100.0,1.1332427037510533
2026-05-25,2026-05-25 11:23:29,V004,99.0,1.0782887480949366
2026-05-25,2026-05-25 11:23:30,V004,99.0,1.0861033146810652
2026-05-25,2026-05-25 11:23:31,V004,99.0,1.0472258862722719
2026-05-25,2026-05-25 11:23:32,V004,100.0,1.0085619577332172
2026-05-25,2026-05-25 11:23:33,V004,100.0,1.1331429545760727
2026-05-25,2026-05-25 11:23:34,V004,100.0,1.036163651422349
2026-05-25,2026-05-25 11:23:35,V004,100.0,1.0704543621165354
2026-05-25,2026-05-25 11:23:36,V004,101.0,1.1936458917691462
2026-05-25,2026-05-25 11:23:37,V004,101.0,1.1183613350193018
2026-05-25,2026-05-25 11:23:38,V004,102.0,1.054883463987239
2026-05-25,2026-05-25 11:23:39,V004,102.0,1.0847500726696082
2026-05-25,2026-05-25 11:23:40,V004,102.0,1.0152212416654867
2026-05-25,2026-05-25 11:23:41,V004,101.0,1.056573136846626
2026-05-25,2026-05-25 11:23:42,V004,101.0,1.1143245502719492
2026-05-25,2026-05-25 11:23:43,V004,100.0,1.0746954183036266
2026-05-25,2026-05-25 11:23:44,V004,100.0,1.009175558725975
2026-05-25,2026-05-25 11:23:45,V004,100.0,1.0632237836179201
2026-05-25,2026-05-25 11:23:46,V004,99.0,1.0702128514803122
2026-05-25,2026-05-25 11:23:47,V004,99.0,1.0838321027721713
2026-05-25,2026-05-25 11:23:48,V004,99.0,1.0114117408072305
2026-05-25,2026-05-25 11:23:49,V004,99.0,1.105847083282158
2026-05-25,2026-05-25 11:23:50,V004,99.0,1.0151998703538783
2026-05-25,2026-05-25 11:23:51,V004,98.0,1.0571490932047298
2026-05-25,2026-05-25 11:23:52,V004,98.0,1.1125369588564482
2026-05-25,2026-05-25 11:23:53,V004,98.0,1.0079932936678113
2026-05-25,2026-05-25 11:23:54,V004,97.0,1.0926803321851344
2026-05-25,2026-05-25 11:23:55,V004,97.0,1.078307653526505
2026-05-25,2026-05-25 11:23:56,V004,96.0,1.0248156316648847
2026-05-25,2026-05-25 11:23:57,V004,96.0,1.050981135210493
2026-05-25,2026-05-25 11:23:58,V004,95.0,1.077455231120843
2026-05-25,2026-05-25 11:23:59,V004,95.0,0.9697361798566979
2026-05-25,2026-05-25 11:24:00,V004,96.0,1.16639059761513
2026-05-25,2026-05-25 11:24:01,V004,97.0,1.0889616572260208
2026-05-25,2026-05-25 11:24:02,V004,98.0,1.0636022726052912
2026-05-25,2026-05-25 11:24:03,V004,99.0,1.09222169632163
2026-05-25,2026-05-25 11:24:04,V004,99.0,1.0482560107620882
2026-05-25,2026-05-25 11:24:05,V004,98.0,1.2092544664401252
2026-05-25,2026-05-25 11:24:06,V004,98.0,1.0693027288686507
2026-05-25,2026-05-25 11:24:07,V004,97.0,1.1043631243669265
2026-05-25,2026-05-25 11:24:08,V004,97.0,1.0781052329414484
2026-05-25,2026-05-25 11:24:09,V004,96.0,1.0425538663817093
2026-05-25,2026-05-25 11:24:10,V004,95.0,1.041647454252133
2026-05-25,2026-05-25 11:24:11,V004,95.0,1.1036348403614094
2026-05-25,2026-05-25 11:24:12,V004,95.0,1.118115365954612
2026-05-25,2026-05-25 11:24:13,V004,95.0,1.0832631812080349
2026-05-25,2026-05-25 11:24:14,V004,95.0,1.0472097280854025
2026-05-25,2026-05-25 11:24:15,V004,95.0,1.037856805271144
2026-05-25,2026-05-25 11:24:16,V004,96.0,1.053819207395369
2026-05-25,2026-05-25 11:24:17,V004,96.0,1.076706008443721
2026-05-25,2026-05-25 11:24:18,V004,96.0,1.1306309022857384
2026-05-25,2026-05-25 11:24:19,V004,96.0,1.0580039273919308
2026-05-25,2026-05-25 11:24:20,V004,96.0,1.0576343608219407
2026-05-25,2026-05-25 11:24:21,V004,96.0,1.0894152188138908
2026-05-25,2026-05-25 11:24:22,V004,96.0,1.094357606662767
2026-05-25,2026-05-25 11:24:23,V004,96.0,1.0859893599819288
2026-05-25,2026-05-25 11:24:24,V004,96.0,1.030143692526167
2026-05-25,2026-05-25 11:24:25,V004,96.0,1.0373446740937766
2026-05-25,2026-05-25 11:24:26,V004,96.0,1.0919935624692072
2026-05-25,2026-05-25 11:24:27,V004,96.0,1.1037119673788
2026-05-25,2026-05-25 11:24:28,V004,96.0,1.0654771252048834
2026-05-25,2026-05-25 11:24:29,V004,96.0,1.0287353761532303
2026-05-25,2026-05-25 11:24:30,V004,96.0,1.086574964954513
2026-05-25,2026-05-25 11:24:31,V004,96.0,1.0886336964326724
2026-05-25,2026-05-25 11:24:32,V004,96.0,1.0822221494222177
2026-05-25,2026-05-25 11:24:33,V004,96.0,1.0221821350825286
2026-05-25,2026-05-25 11:24:34,V004,96.0,1.091132883106931
2026-05-25,2026-05-25 11:24:35,V004,96.0,1.080924256439297
2026-05-25,2026-05-25 11:24:36,V004,96.0,1.0177831525383645
2026-05-25,2026-05-25 11:24:37,V004,96.0,1.0830153483719434
2026-05-25,2026-05-25 11:24:38,V004,96.0,1.015215885264234
2026-05-25,2026-05-25 11:24:39,V004,96.0,1.140433639129226
2026-05-25,2026-05-25 11:24:40,V004,96.0,0.9643470302023702
2026-05-25,2026-05-25 11:24:41,V004,96.0,1.0562147699970177
2026-05-25,2026-05-25 11:24:42,V004,95.0,1.0775283394189712
2026-05-25,2026-05-25 11:24:43,V004,95.0,1.232080805387402
2026-05-25,2026-05-25 11:24:44,V004,95.0,1.1086009385654392
2026-05-25,2026-05-25 11:24:45,V004,95.0,1.0783387871687482
2026-05-25,2026-05-25 11:24:46,V004,94.0,1.0544031368415943
2026-05-25,2026-05-25 11:24:47,V004,94.0,1.0884972579369812
2026-05-25,2026-05-25 11:24:48,V004,95.0,1.1297853769453265
2026-05-25,2026-05-25 11:24:49,V004,95.0,1.055628906262867
2026-05-25,2026-05-25 11:24:50,V004,95.0,1.034957823186579
2026-05-25,2026-05-25 11:24:51,V004,95.0,1.1038019010631506
2026-05-25,2026-05-25 11:24:52,V004,95.0,1.0790168845062573
2026-05-25,2026-05-25 11:24:53,V004,95.0,1.0009056394939966
2026-05-25,2026-05-25 11:24:54,V004,96.0,1.082435279533102
2026-05-25,2026-05-25 11:24:55,V004,96.0,1.0964909431844778
2026-05-25,2026-05-25 11:24:56,V004,96.0,0.9970629621525705
2026-05-25,2026-05-25 11:24:57,V004,96.0,1.087566377109442
2026-05-25,2026-05-25 11:24:58,V004,96.0,1.0758617856939043
2026-05-25,2026-05-25 11:24:59,V004,97.0,1.0096874869172228
2026-05-25,2026-05-25 11:25:00,V004,96.0,1.0718693611537602
2026-05-25,2026-05-25 11:25:01,V004,96.0,1.095208758283632
2026-05-25,2026-05-25 11:25:02,V004,96.0,1.0159520036838214
2026-05-25,2026-05-25 11:25:03,V004,95.0,1.071242746673215
2026-05-25,2026-05-25 11:25:04,V004,95.0,1.1023716135155412
2026-05-25,2026-05-25 11:25:05,V004,94.0,1.0296946754779532
2026-05-25,2026-05-25 11:25:06,V004,94.0,1.0402228063953791
2026-05-25,2026-05-25 11:25:07,V004,94.0,1.100602104577917
2026-05-25,2026-05-25 11:25:08,V004,94.0,1.0635540241244912
2026-05-25,2026-05-25 11:25:09,V004,94.0,1.0138867856704665
2026-05-25,2026-05-25 11:25:10,V004,94.0,1.0905012020386562
2026-05-25,2026-05-25 11:25:11,V004,93.0,1.09178321531062
2026-05-25,2026-05-25 11:25:12,V004,92.0,1.0600439705452043
2026-05-25,2026-05-25 11:25:13,V004,91.0,1.0185351064859136
2026-05-25,2026-05-25 11:25:14,V004,91.0,1.0935336249194951
2026-05-25,2026-05-25 11:25:15,V004,90.0,1.102031841305287
2026-05-25,2026-05-25 11:25:16,V004,90.0,1.0155285428202587
2026-05-25,2026-05-25 11:25:17,V004,89.0,1.0426545384013306
2026-05-25,2026-05-25 11:25:18,V004,88.0,1.1061026638427367
2026-05-25,2026-05-25 11:25:19,V004,88.0,1.0864262531262177
2026-05-25,2026-05-25 11:25:20,V004,88.0,1.0424015919137208
2026-05-25,2026-05-25 11:25:21,V004,87.0,1.023522615079435
2026-05-25,2026-05-25 11:25:22,V004,87.0,1.097239683151033
2026-05-25,2026-05-25 11:25:23,V004,88.0,1.1010590591510765
2026-05-25,2026-05-25 11:25:24,V004,88.0,1.019659519920604
2026-05-25,2026-05-25 11:25:25,V004,88.0,1.0526460423866728
2026-05-25,2026-05-25 11:25:26,V004,88.0,1.126222632246474
2026-05-25,2026-05-25 11:25:27,V004,88.0,1.0671533921180165
2026-05-25,2026-05-25 11:25:28,V004,88.0,1.0345516268252521
2026-05-25,2026-05-25 11:25:29,V004,88.0,1.0463755449374983
2026-05-25,2026-05-25 11:25:30,V004,88.0,1.1215158064256083
2026-05-25,2026-05-25 11:25:31,V004,88.0,1.0905146973581024
2026-05-25,2026-05-25 11:25:32,V004,87.0,1.04813509239113
2026-05-25,2026-05-25 11:25:33,V004,87.0,1.011959139199115
2026-05-25,2026-05-25 11:25:34,V004,87.0,1.0880867604897035
2026-05-25,2026-05-25 11:25:35,V004,87.0,1.1144210071132366
2026-05-25,2026-05-25 11:25:36,V004,87.0,1.0080763514695876
2026-05-25,2026-05-25 11:25:37,V004,87.0,1.0881249950317735
2026-05-25,2026-05-25 11:25:38,V004,87.0,1.0186445603806502
2026-05-25,2026-05-25 11:25:39,V004,87.0,1.081563280516532
2026-05-25,2026-05-25 11:25:40,V004,87.0,1.0381544174536397
2026-05-25,2026-05-25 11:25:41,V004,87.0,1.0626412493907416
2026-05-25,2026-05-25 11:25:42,V004,88.0,1.1042566522968529
2026-05-25,2026-05-25 11:25:43,V004,88.0,1.0242126940073812
2026-05-25,2026-05-25 11:25:44,V004,90.0,1.0631378481908902
2026-05-25,2026-05-25 11:25:45,V004,91.0,1.11120849060206
2026-05-25,2026-05-25 11:25:46,V004,92.0,1.0819136089961374
2026-05-25,2026-05-25 11:25:47,V004,93.0,1.0492433878391951
2026-05-25,2026-05-25 11:25:48,V004,94.0,1.0705035368485747
2026-05-25,2026-05-25 11:25:49,V004,95.0,1.0865575251517214
2026-05-25,2026-05-25 11:25:50,V004,95.0,1.0777647851173577
2026-05-25,2026-05-25 11:25:51,V004,95.0,1.0258495174593878
2026-05-25,2026-05-25 11:25:52,V004,96.0,1.091010392893122
2026-05-25,2026-05-25 11:25:53,V004,96.0,1.095374194003979
2026-05-25,2026-05-25 11:25:54,V004,96.0,1.011859837638759
2026-05-25,2026-05-25 11:25:55,V004,96.0,1.0489378977944848
2026-05-25,2026-05-25 11:25:56,V004,96.0,1.1108884530003715
2026-05-25,2026-05-25 11:25:57,V004,96.0,1.0815095053901338
2026-05-25,2026-05-25 11:25:58,V004,97.0,1.0116150645698132
2026-05-25,2026-05-25 11:25:59,V004,97.0,1.0183991613485683
2026-05-25,2026-05-25 11:26:00,V004,97.0,1.0939008566053396
2026-05-25,2026-05-25 11:26:01,V004,97.0,1.1030278206644841
2026-05-25,2026-05-25 11:26:02,V004,97.0,1.0721141341742935
2026-05-25,2026-05-25 11:26:03,V004,97.0,1.0310387209216716
2026-05-25,2026-05-25 11:26:04,V004,96.0,1.051717757930744
2026-05-25,2026-05-25 11:26:05,V004,96.0,1.1273933994854421
2026-05-25,2026-05-25 11:26:06,V004,95.0,1.0493940172434775
2026-05-25,2026-05-25 11:26:07,V004,95.0,1.0163534023794776
2026-05-25,2026-05-25 11:26:08,V004,95.0,1.1136430867426987
2026-05-25,2026-05-25 11:26:09,V004,94.0,1.0631856827897381
2026-05-25,2026-05-25 11:26:10,V004,93.0,1.008409524346209
2026-05-25,2026-05-25 11:26:11,V004,93.0,1.0968204771190662
2026-05-25,2026-05-25 11:26:12,V004,91.0,1.0716488598685363
2026-05-25,2026-05-25 11:26:13,V004,89.0,1.0053036227989451
2026-05-25,2026-05-25 11:26:14,V004,88.0,1.1033117518109254
2026-05-25,2026-05-25 11:26:15,V004,88.0,1.0784288094265873
2026-05-25,2026-05-25 11:26:16,V004,87.0,1.0143393284401492
2026-05-25,2026-05-25 11:26:17,V004,87.0,1.068271678833961
2026-05-25,2026-05-25 11:26:18,V004,86.0,1.1005452203310666
2026-05-25,2026-05-25 11:26:19,V004,86.0,1.049399683941709
2026-05-25,2026-05-25 11:26:20,V004,85.0,1.0297411010917827
2026-05-25,2026-05-25 11:26:21,V004,85.0,1.1054505026916117
2026-05-25,2026-05-25 11:26:22,V004,84.0,1.0714617018511734
2026-05-25,2026-05-25 11:26:23,V004,84.0,1.0200626780047206
2026-05-25,2026-05-25 11:26:24,V004,84.0,1.0507975778729088
2026-05-25,2026-05-25 11:26:25,V004,84.0,1.1566807520052327
2026-05-25,2026-05-25 11:26:26,V004,83.0,1.0072441174093474
2026-05-25,2026-05-25 11:26:27,V004,83.0,1.0373532955492428
2026-05-25,2026-05-25 11:26:28,V004,84.0,1.1057357061172612
2026-05-25,2026-05-25 11:26:29,V004,84.0,1.0886407897992019
2026-05-25,2026-05-25 11:26:30,V004,84.0,1.0199315424888682
2026-05-25,2026-05-25 11:26:31,V004,85.0,1.0295776840818425
2026-05-25,2026-05-25 11:26:32,V004,85.0,1.1201942116223649
2026-05-25,2026-05-25 11:26:33,V004,85.0,1.0866766010218851
2026-05-25,2026-05-25 11:26:34,V004,86.0,1.0175010029201006
2026-05-25,2026-05-25 11:26:35,V004,86.0,1.063031711516708
2026-05-25,2026-05-25 11:26:36,V004,86.0,1.1159698327605714
2026-05-25,2026-05-25 11:26:37,V004,86.0,1.076766915472676
2026-05-25,2026-05-25 11:26:38,V004,86.0,1.0090021415749209
2026-05-25,2026-05-25 11:26:39,V004,86.0,1.0886547087520173
2026-05-25,2026-05-25 11:26:40,V004,86.0,1.1034322121017233
2026-05-25,2026-05-25 11:26:41,V004,85.0,1.0059285496649528
2026-05-25,2026-05-25 11:26:42,V004,86.0,1.0634761278474214
2026-05-25,2026-05-25 11:26:43,V004,86.0,1.117615483693257
2026-05-25,2026-05-25 11:26:44,V004,87.0,1.0417455103825686
2026-05-25,2026-05-25 11:26:45,V004,87.0,1.0134771097926856
2026-05-25,2026-05-25 11:26:46,V004,88.0,1.1005520365062293
2026-05-25,2026-05-25 11:26:47,V004,89.0,1.0935392731655698
2026-05-25,2026-05-25 11:26:48,V004,89.0,1.007722151380841
2026-05-25,2026-05-25 11:26:49,V004,90.0,1.089693470116598
2026-05-25,2026-05-25 11:26:50,V004,90.0,1.1230477611048053
2026-05-25,2026-05-25 11:26:51,V004,90.0,1.0353115733079328
2026-05-25,2026-05-25 11:26:52,V004,90.0,1.0186234401329588
2026-05-25,2026-05-25 11:26:53,V004,90.0,1.125755427499711
2026-05-25,2026-05-25 11:26:54,V004,90.0,1.0459655244425234
2026-05-25,2026-05-25 11:26:55,V004,90.0,1.0285514222224188
2026-05-25,2026-05-25 11:26:56,V004,90.0,1.1027283425001844
2026-05-25,2026-05-25 11:26:57,V004,90.0,1.1252705891571233
2026-05-25,2026-05-25 11:26:58,V004,90.0,1.0719558339469957
2026-05-25,2026-05-25 11:26:59,V004,90.0,1.03004791391434
2026-05-25,2026-05-25 11:27:00,V004,91.0,1.0619557031157323
2026-05-25,2026-05-25 11:27:01,V004,91.0,1.106921472381268
2026-05-25,2026-05-25 11:27:02,V004,91.0,1.1082227872115087
2026-05-25,2026-05-25 11:27:03,V004,91.0,1.0151341625371273
2026-05-25,2026-05-25 11:27:04,V004,92.0,1.0543820930859416
2026-05-25,2026-05-25 11:27:05,V004,92.0,1.11511525516679
2026-05-25,2026-05-25 11:27:06,V004,92.0,1.0902182243052025
2026-05-25,2026-05-25 11:27:07,V004,93.0,1.0339980280862613
2026-05-25,2026-05-25 11:27:08,V004,93.0,1.0362999588601094
2026-05-25,2026-05-25 11:27:09,V004,94.0,1.0809979142067951
2026-05-25,2026-05-25 11:27:10,V004,94.0,1.112751745890761
2026-05-25,2026-05-25 11:27:11,V004,95.0,1.0834870047131897
2026-05-25,2026-05-25 11:27:12,V004,95.0,1.0489913578719638
2026-05-25,2026-05-25 11:27:13,V004,96.0,1.0808875230136834
2026-05-25,2026-05-25 11:27:14,V004,96.0,1.109412152920692
2026-05-25,2026-05-25 11:27:15,V004,96.0,1.1101424977253944
2026-05-25,2026-05-25 11:27:16,V004,97.0,1.0632491861176743
2026-05-25,2026-05-25 11:27:17,V004,97.0,1.039689256936098
2026-05-25,2026-05-25 11:27:18,V004,97.0,1.0786104551638938
2026-05-25,2026-05-25 11:27:19,V004,97.0,1.1397533750887898
2026-05-25,2026-05-25 11:27:20,V004,98.0,1.108252527986897
2026-05-25,2026-05-25 11:27:21,V004,99.0,1.0889907833858312
2026-05-25,2026-05-25 11:27:22,V004,99.0,1.0188933087113283
2026-05-25,2026-05-25 11:27:23,V004,100.0,1.1080822967579969
2026-05-25,2026-05-25 11:27:24,V004,100.0,1.1183582160435919
2026-05-25,2026-05-25 11:27:25,V004,101.0,1.0925119337818516
2026-05-25,2026-05-25 11:27:26,V004,101.0,1.0334683766406867
2026-05-25,2026-05-25 11:27:27,V004,101.0,1.0406661491713296
2026-05-25,2026-05-25 11:27:28,V004,101.0,1.101572106475786
2026-05-25,2026-05-25 11:27:29,V004,101.0,1.124482684188833
2026-05-25,2026-05-25 11:27:30,V004,101.0,1.023722566446971
2026-05-25,2026-05-25 11:27:31,V004,100.0,1.0241326987861499
2026-05-25,2026-05-25 11:27:32,V004,100.0,1.1025407516030912
2026-05-25,2026-05-25 11:27:33,V004,100.0,1.0998885019218607
2026-05-25,2026-05-25 11:27:34,V004,100.0,1.060130772011141
2026-05-25,2026-05-25 11:27:35,V004,100.0,1.0592989603824425
2026-05-25,2026-05-25 11:27:36,V004,100.0,1.0226052037714386
2026-05-25,2026-05-25 11:27:37,V004,100.0,1.0335966343010325
2026-05-25,2026-05-25 11:27:38,V004,100.0,1.0158032085108581
2026-05-25,2026-05-25 11:27:39,V004,100.0,0.9534973630485892
2026-05-25,2026-05-25 11:27:40,V004,100.0,1.0150022408789412
2026-05-25,2026-05-25 11:27:41,V004,100.0,1.0294882537880685
2026-05-25,2026-05-25 11:27:42,V004,99.0,1.1094832225059414
2026-05-25,2026-05-25 11:27:43,V004,99.0,1.0714256107848577
2026-05-25,2026-05-25 11:27:44,V004,98.0,1.0691793817519175
2026-05-25,2026-05-25 11:27:45,V004,98.0,1.139995501128587
2026-05-25,2026-05-25 11:27:46,V004,99.0,1.090928078883354
2026-05-25,2026-05-25 11:27:47,V004,99.0,1.0109472295957573
2026-05-25,2026-05-25 11:27:48,V004,100.0,1.0855028216567346
2026-05-25,2026-05-25 11:27:49,V004,101.0,1.0951890596601839
2026-05-25,2026-05-25 11:27:50,V004,102.0,1.0897896623717716
2026-05-25,2026-05-25 11:27:51,V004,103.0,1.0212101151226516
2026-05-25,2026-05-25 11:27:52,V004,103.0,1.0503128157159194
2026-05-25,2026-05-25 11:27:53,V004,103.0,1.1314192930813325
2026-05-25,2026-05-25 11:27:54,V004,102.0,1.0612397323993692
2026-05-25,2026-05-25 11:27:55,V004,102.0,1.0034504846119916
2026-05-25,2026-05-25 11:27:56,V004,102.0,1.093389373851163
2026-05-25,2026-05-25 11:27:57,V004,102.0,1.1010529314046744
2026-05-25,2026-05-25 11:27:58,V004,101.0,1.0285928109802154
2026-05-25,2026-05-25 11:27:59,V004,101.0,1.0586767385452007
2026-05-25,2026-05-25 11:28:00,V004,101.0,1.121373825917901
2026-05-25,2026-05-25 11:28:01,V004,100.0,1.055670940512774
2026-05-25,2026-05-25 11:28:02,V004,100.0,1.0573328862624645
2026-05-25,2026-05-25 11:28:03,V004,99.0,1.0927327341554973
2026-05-25,2026-05-25 11:28:04,V004,99.0,1.0275335060966837
2026-05-25,2026-05-25 11:28:05,V004,99.0,1.0652740957444067
2026-05-25,2026-05-25 11:28:06,V004,99.0,1.0744293854393903
2026-05-25,2026-05-25 11:28:07,V004,98.0,1.0444651694411489
2026-05-25,2026-05-25 11:28:08,V004,99.0,1.0455425589988916
2026-05-25,2026-05-25 11:28:09,V004,100.0,1.0739464128888538
2026-05-25,2026-05-25 11:28:10,V004,101.0,1.0370786591355605
2026-05-25,2026-05-25 11:28:11,V004,101.0,1.0524857830720866
2026-05-25,2026-05-25 11:28:12,V004,102.0,1.0334370402860338
2026-05-25,2026-05-25 11:28:13,V004,102.0,1.0496637542932772
2026-05-25,2026-05-25 11:28:14,V004,102.0,1.043072189022242
2026-05-25,2026-05-25 11:28:15,V004,102.0,1.0418752338893702
2026-05-25,2026-05-25 11:28:16,V004,103.0,1.043187938410005
2026-05-25,2026-05-25 11:28:17,V004,103.0,1.038705440420257
2026-05-25,2026-05-25 11:28:18,V004,103.0,1.043528564197945
2026-05-25,2026-05-25 11:28:19,V004,103.0,1.0558786388302124
2026-05-25,2026-05-25 11:28:20,V004,103.0,1.0458422927122835
2026-05-25,2026-05-25 11:28:21,V004,104.0,1.0485079632547778
2026-05-25,2026-05-25 11:28:22,V004,104.0,1.034832057239839
2026-05-25,2026-05-25 11:28:23,V004,105.0,1.0485857838685322
2026-05-25,2026-05-25 11:28:24,V004,105.0,1.051868837516074
2026-05-25,2026-05-25 11:28:25,V004,106.0,1.0392197545581523
2026-05-25,2026-05-25 11:28:26,V004,107.0,1.0502177432273858
2026-05-25,2026-05-25 11:28:27,V004,107.0,1.0419135348163544
2026-05-25,2026-05-25 11:28:28,V004,108.0,1.0408304961352197
2026-05-25,2026-05-25 11:28:29,V004,108.0,1.041556690739746
2026-05-25,2026-05-25 11:28:30,V004,108.0,1.0416562334532273
2026-05-25,2026-05-25 11:28:31,V004,108.0,1.0437986538088497
2026-05-25,2026-05-25 11:28:32,V004,109.0,1.0380940526302491
2026-05-25,2026-05-25 11:28:33,V004,109.0,1.0472987000178795
2026-05-25,2026-05-25 11:28:34,V004,109.0,1.0441980463742129
2026-05-25,2026-05-25 11:28:35,V004,109.0,1.062128379738291
2026-05-25,2026-05-25 11:28:36,V004,108.0,1.046538030516397
2026-05-25,2026-05-25 11:28:37,V004,108.0,1.068948218954573
2026-05-25,2026-05-25 11:28:38,V004,108.0,1.0282943813247691
2026-05-25,2026-05-25 11:28:39,V004,108.0,1.0722056362425498
2026-05-25,2026-05-25 11:28:40,V004,107.0,1.0464451394428882
2026-05-25,2026-05-25 11:28:41,V004,107.0,1.05593569076828
2026-05-25,2026-05-25 11:28:42,V004,107.0,1.0294737072827442
2026-05-25,2026-05-25 11:28:43,V004,107.0,1.0746081794366662
2026-05-25,2026-05-25 11:28:44,V004,107.0,0.955759636672582
2026-05-25,2026-05-25 11:28:45,V004,107.0,1.2253020748353836
2026-05-25,2026-05-25 11:28:46,V004,106.0,1.0058205466315828
2026-05-25,2026-05-25 11:28:47,V004,106.0,1.0301547621299452
2026-05-25,2026-05-25 11:28:48,V004,106.0,1.0517306321391293
2026-05-25,2026-05-25 11:28:49,V004,105.0,1.0227334506650207
2026-05-25,2026-05-25 11:28:50,V004,105.0,1.081730262025926
2026-05-25,2026-05-25 11:28:51,V004,105.0,1.0667655367017288
2026-05-25,2026-05-25 11:28:52,V004,104.0,1.1159047441948151
2026-05-25,2026-05-25 11:28:53,V004,104.0,1.0015672127159287
2026-05-25,2026-05-25 11:28:54,V004,104.0,1.0995919057112529
2026-05-25,2026-05-25 11:28:55,V004,105.0,1.0862934764183572
2026-05-25,2026-05-25 11:28:56,V004,105.0,1.037906364844187
2026-05-25,2026-05-25 11:28:57,V004,105.0,1.03340531066356
2026-05-25,2026-05-25 11:28:58,V004,105.0,1.0853281598856284
2026-05-25,2026-05-25 11:28:59,V004,105.0,1.0813793971577659
2026-05-25,2026-05-25 11:29:00,V004,105.0,1.095420860531702
2026-05-25,2026-05-25 11:29:01,V004,105.0,1.0052673088470774
2026-05-25,2026-05-25 11:29:02,V004,105.0,1.0717709282048486
2026-05-25,2026-05-25 11:29:03,V004,105.0,1.0852283292603147
2026-05-25,2026-05-25 11:29:04,V004,105.0,1.0526563558425712
2026-05-25,2026-05-25 11:29:05,V004,105.0,1.0476424856704423
2026-05-25,2026-05-25 11:29:06,V004,104.0,1.060119938854145
2026-05-25,2026-05-25 11:29:07,V004,104.0,1.0735435354148082
2026-05-25,2026-05-25 11:29:08,V004,103.0,1.037669699419163
2026-05-25,2026-05-25 11:29:09,V004,103.0,1.1130237171599504
2026-05-25,2026-05-25 11:29:10,V004,102.0,1.0826438651545691
2026-05-25,2026-05-25 11:29:11,V004,102.0,1.0228267273880944
2026-05-25,2026-05-25 11:29:12,V004,102.0,1.103489112696503
2026-05-25,2026-05-25 11:29:13,V004,101.0,1.0499344487255426
2026-05-25,2026-05-25 11:29:14,V004,100.0,1.076317216985391
2026-05-25,2026-05-25 11:29:15,V004,100.0,1.0790782010036797
2026-05-25,2026-05-25 11:29:16,V004,99.0,1.0110856245469733
2026-05-25,2026-05-25 11:29:17,V004,99.0,1.0767405328690458
2026-05-25,2026-05-25 11:29:18,V004,98.0,1.0588601875521104
2026-05-25,2026-05-25 11:29:19,V004,98.0,1.0309418657849394
2026-05-25,2026-05-25 11:29:20,V004,98.0,1.0663060215395956
2026-05-25,2026-05-25 11:29:21,V004,98.0,1.025362232075535
2026-05-25,2026-05-25 11:29:22,V004,98.0,1.0564136076018178
2026-05-25,2026-05-25 11:29:23,V004,98.0,1.0532278921755238
2026-05-25,2026-05-25 11:29:24,V004,99.0,1.0506266806334748
2026-05-25,2026-05-25 11:29:25,V004,100.0,1.0339365416556485
2026-05-25,2026-05-25 11:29:26,V004,102.0,1.0351742623386473
2026-05-25,2026-05-25 11:29:27,V004,103.0,1.0393697731704616
2026-05-25,2026-05-25 11:29:28,V004,105.0,1.037763725882577
2026-05-25,2026-05-25 11:29:29,V004,106.0,1.0424947198550887
2026-05-25,2026-05-25 11:29:30,V004,108.0,1.029386556067805
2026-05-25,2026-05-25 11:29:31,V004,109.0,1.046940713552529
2026-05-25,2026-05-25 11:29:32,V004,110.0,1.0367371256369993
2026-05-25,2026-05-25 11:29:33,V004,111.0,1.045379151280339
2026-05-25,2026-05-25 11:29:34,V004,111.0,1.03755830895016
2026-05-25,2026-05-25 11:29:35,V004,111.0,1.055201290175611
2026-05-25,2026-05-25 11:29:36,V004,110.0,1.056878323608155
2026-05-25,2026-05-25 11:29:37,V004,110.0,1.042306103527435
2026-05-25,2026-05-25 11:29:38,V004,109.0,1.0453064693464356
2026-05-25,2026-05-25 11:29:39,V004,107.0,1.0409870323435855
2026-05-25,2026-05-25 11:29:40,V004,106.0,1.0435150856221045
2026-05-25,2026-05-25 11:29:41,V004,105.0,1.0356740362513763
2026-05-25,2026-05-25 11:29:42,V004,104.0,1.0391284254213982
2026-05-25,2026-05-25 11:29:43,V004,103.0,1.0376579996178104
2026-05-25,2026-05-25 11:29:44,V004,101.0,1.0413813130524834
2026-05-25,2026-05-25 11:29:45,V004,100.0,1.0527487224062517
2026-05-25,2026-05-25 11:29:46,V004,99.0,1.0454785444780492
2026-05-25,2026-05-25 11:29:47,V004,98.0,1.070875801379426
2026-05-25,2026-05-25 11:29:48,V004,97.0,1.0385335722903322
2026-05-25,2026-05-25 11:29:49,V004,96.0,1.073601317007557
2026-05-25,2026-05-25 11:29:50,V004,96.0,1.0297189503234305
2026-05-25,2026-05-25 11:29:51,V004,95.0,1.049554573303779
2026-05-25,2026-05-25 11:29:52,V004,95.0,1.0347805600680096
2026-05-25,2026-05-25 11:29:53,V004,94.0,1.036903455556676
2026-05-25,2026-05-25 11:29:54,V004,94.0,1.0339469945776134
2026-05-25,2026-05-25 11:29:55,V004,93.0,1.066060965140189
2026-05-25,2026-05-25 11:29:56,V004,93.0,1.0601404948178865
2026-05-25,2026-05-25 11:29:57,V004,93.0,1.0534739419888584
2026-05-25,2026-05-25 11:29:58,V004,94.0,1.0388875951620686
2026-05-25,2026-05-25 11:29:59,V004,94.0,1.0271490806810266
2026-05-25,2026-05-25 11:30:00,V004,95.0,1.0305325939670873
2026-05-25,2026-05-25 11:30:01,V004,95.0,1.0278834897664404
2026-05-25,2026-05-25 11:30:02,V004,96.0,1.0272580481342906
2026-05-25,2026-05-25 11:30:03,V004,97.0,1.0261656850590055
2026-05-25,2026-05-25 11:30:04,V004,97.0,1.02572592478073
2026-05-25,2026-05-25 11:30:05,V004,97.0,1.045144958560583
2026-05-25,2026-05-25 11:30:06,V004,97.0,1.034000678399031
2026-05-25,2026-05-25 11:30:07,V004,97.0,1.0234290064456777
2026-05-25,2026-05-25 11:30:08,V004,98.0,1.0321447883217574
2026-05-25,2026-05-25 11:30:09,V004,99.0,1.030052881386982
2026-05-25,2026-05-25 11:30:10,V004,99.0,1.0357124606330934
2026-05-25,2026-05-25 11:30:11,V004,100.0,1.0313856431926929
2026-05-25,2026-05-25 11:30:12,V004,100.0,1.0295266354310835
2026-05-25,2026-05-25 11:30:13,V004,100.0,1.0279144481124702
2026-05-25,2026-05-25 11:30:14,V004,100.0,1.0293280060623113
2026-05-25,2026-05-25 11:30:15,V004,101.0,1.028255288882407
2026-05-25,2026-05-25 11:30:16,V004,101.0,1.0291135810715806
2026-05-25,2026-05-25 11:30:17,V004,102.0,1.052584893543737
2026-05-25,2026-05-25 11:30:18,V004,101.0,1.0343992666475548
2026-05-25,2026-05-25 11:30:19,V004,101.0,1.0312676842544504
2026-05-25,2026-05-25 11:30:20,V004,100.0,1.0304132818872362
2026-05-25,2026-05-25 11:30:21,V004,99.0,1.0408408883362796
2026-05-25,2026-05-25 11:30:22,V004,98.0,1.0275716136946196
2026-05-25,2026-05-25 11:30:23,V004,98.0,1.0285063764591613
2026-05-25,2026-05-25 11:30:24,V004,97.0,1.0238854149885592
2026-05-25,2026-05-25 11:30:25,V004,96.0,1.0274379502145181
2026-05-25,2026-05-25 11:30:26,V004,95.0,1.030798597426629
2026-05-25,2026-05-25 11:30:27,V004,95.0,1.0391249247222276
2026-05-25,2026-05-25 11:30:28,V004,95.0,1.0328544319503115
2026-05-25,2026-05-25 11:30:29,V004,96.0,1.0355496049390622
2026-05-25,2026-05-25 11:30:30,V004,96.0,1.033366783410101
2026-05-25,2026-05-25 11:30:31,V004,97.0,1.0243392890261616
2026-05-25,2026-05-25 11:30:32,V004,98.0,1.0283624997232763
2026-05-25,2026-05-25 11:30:33,V004,98.0,1.0264591034712038
2026-05-25,2026-05-25 11:30:34,V004,97.0,1.0365640740410775
2026-05-25,2026-05-25 11:30:35,V004,97.0,1.0239254346293463
2026-05-25,2026-05-25 11:30:36,V004,95.0,1.0282218852874478
2026-05-25,2026-05-25 11:30:37,V004,94.0,1.026848559069884
2026-05-25,2026-05-25 11:30:38,V004,93.0,1.0419519220820272
2026-05-25,2026-05-25 11:30:39,V004,91.0,1.0350550023236893
2026-05-25,2026-05-25 11:30:40,V004,90.0,1.0328680680032576
2026-05-25,2026-05-25 11:30:41,V004,89.0,1.038536496843506
2026-05-25,2026-05-25 11:30:42,V004,88.0,1.023893770840106
2026-05-25,2026-05-25 11:30:43,V004,87.0,1.027377906329526
2026-05-25,2026-05-25 11:30:44,V004,87.0,1.0274950811312795
2026-05-25,2026-05-25 11:30:45,V004,86.0,1.0265787039045267
2026-05-25,2026-05-25 11:30:46,V004,85.0,1.0307458202589
2026-05-25,2026-05-25 11:30:47,V004,85.0,1.0304312244611198
2026-05-25,2026-05-25 11:30:48,V004,84.0,1.0403779440362433
2026-05-25,2026-05-25 11:30:49,V004,84.0,1.027288985032574
2026-05-25,2026-05-25 11:30:50,V004,83.0,1.035347242851555
2026-05-25,2026-05-25 11:30:51,V004,83.0,1.025919703987091
2026-05-25,2026-05-25 11:30:52,V004,83.0,1.0313689111804483
2026-05-25,2026-05-25 11:30:53,V004,83.0,1.0304706980442704
2026-05-25,2026-05-25 11:30:54,V004,83.0,1.0297222861147828
2026-05-25,2026-05-25 11:30:55,V004,82.0,1.0278192223880935
2026-05-25,2026-05-25 11:30:56,V004,83.0,1.03324423097998
2026-05-25,2026-05-25 11:30:57,V004,83.0,1.0319435261041199
2026-05-25,2026-05-25 11:30:58,V004,84.0,1.0441787869903663
2026-05-25,2026-05-25 11:30:59,V004,84.0,1.0228830289730877
2026-05-25,2026-05-25 11:31:00,V004,85.0,1.0382977667499
2026-05-25,2026-05-25 11:31:01,V004,85.0,1.0288285425507098
2026-05-25,2026-05-25 11:31:02,V004,85.0,1.0313688829868166
2026-05-25,2026-05-25 11:31:03,V004,86.0,1.0313245823103658
2026-05-25,2026-05-25 11:31:04,V004,86.0,1.0266384026031572
2026-05-25,2026-05-25 11:31:05,V004,86.0,1.0272892189754805
2026-05-25,2026-05-25 11:31:06,V004,86.0,1.027069847343186
2026-05-25,2026-05-25 11:31:07,V004,86.0,1.0234024134905384
2026-05-25,2026-05-25 11:31:08,V004,86.0,1.0219282373271592
2026-05-25,2026-05-25 11:31:09,V004,86.0,1.031845648573815
2026-05-25,2026-05-25 11:31:10,V004,86.0,1.032112839737003
2026-05-25,2026-05-25 11:31:11,V004,86.0,1.0508844032051992
2026-05-25,2026-05-25 11:31:12,V004,87.0,1.0310907247236898
2026-05-25,2026-05-25 11:31:13,V004,88.0,1.0293958053096417
2026-05-25,2026-05-25 11:31:14,V004,88.0,1.0285309235328535
2026-05-25,2026-05-25 11:31:15,V004,89.0,1.0287925017393482
2026-05-25,2026-05-25 11:31:16,V004,90.0,1.0284241192876795
2026-05-25,2026-05-25 11:31:17,V004,90.0,1.0288673201814182
2026-05-25,2026-05-25 11:31:18,V004,90.0,1.0334850290071904
2026-05-25,2026-05-25 11:31:19,V004,91.0,1.0293924907257348
2026-05-25,2026-05-25 11:31:20,V004,92.0,1.0440400015147064
2026-05-25,2026-05-25 11:31:21,V004,93.0,1.0219015390031212
2026-05-25,2026-05-25 11:31:22,V004,94.0,1.0353175610921215
2026-05-25,2026-05-25 11:31:23,V004,95.0,1.028339096589364
2026-05-25,2026-05-25 11:31:24,V004,96.0,1.0265237618957377
2026-05-25,2026-05-25 11:31:25,V004,97.0,1.0268564924723707
2026-05-25,2026-05-25 11:31:26,V004,98.0,1.0305069645375349
2026-05-25,2026-05-25 11:31:27,V004,98.0,1.0253537286010306
2026-05-25,2026-05-25 11:31:28,V004,98.0,1.0268244150098682
2026-05-25,2026-05-25 11:31:29,V004,98.0,1.0307309786980134
2026-05-25,2026-05-25 11:31:30,V004,97.0,1.029225640205421
2026-05-25,2026-05-25 11:31:31,V004,97.0,1.0336765618307433
2026-05-25,2026-05-25 11:31:32,V004,96.0,1.0361772092604757
2026-05-25,2026-05-25 11:31:33,V004,96.0,1.0384011219427975
2026-05-25,2026-05-25 11:31:34,V004,95.0,1.041344955973058
2026-05-25,2026-05-25 11:31:35,V004,94.0,1.0368634053894716
2026-05-25,2026-05-25 11:31:36,V004,94.0,1.022379686300449
2026-05-25,2026-05-25 11:31:37,V004,94.0,1.0269794425844456
2026-05-25,2026-05-25 11:31:38,V004,94.0,1.024300586717214
2026-05-25,2026-05-25 11:31:39,V004,94.0,1.0234391898575899
2026-05-25,2026-05-25 11:31:40,V004,95.0,1.0260025069045817
2026-05-25,2026-05-25 11:31:41,V004,96.0,1.027669423010423
2026-05-25,2026-05-25 11:31:42,V004,96.0,1.0202143167125788
2026-05-25,2026-05-25 11:31:43,V004,96.0,1.0240367253635283
2026-05-25,2026-05-25 11:31:44,V004,96.0,1.027631454256944
2026-05-25,2026-05-25 11:31:45,V004,96.0,1.0414274698758268
2026-05-25,2026-05-25 11:31:46,V004,96.0,1.0349569640485534
2026-05-25,2026-05-25 11:31:47,V004,96.0,1.0355707514679438
2026-05-25,2026-05-25 11:31:48,V004,96.0,1.0322655111230157
2026-05-25,2026-05-25 11:31:49,V004,96.0,1.0246461645300249
2026-05-25,2026-05-25 11:31:50,V004,97.0,1.0352815179509223
2026-05-25,2026-05-25 11:31:51,V004,98.0,1.039333793976377
2026-05-25,2026-05-25 11:31:52,V004,99.0,1.0286177516965795
2026-05-25,2026-05-25 11:31:53,V004,99.0,1.0291319802781511
2026-05-25,2026-05-25 11:31:54,V004,100.0,1.035451781155361
2026-05-25,2026-05-25 11:31:55,V004,101.0,1.0310559912031498
2026-05-25,2026-05-25 11:31:56,V004,102.0,1.0402789177468923
2026-05-25,2026-05-25 11:31:57,V004,102.0,1.0333157463048868
2026-05-25,2026-05-25 11:31:58,V004,103.0,1.0261036032348976
2026-05-25,2026-05-25 11:31:59,V004,103.0,1.0405635808941363
2026-05-25,2026-05-25 11:32:00,V004,103.0,1.0297936714822666
2026-05-25,2026-05-25 11:32:01,V004,104.0,1.0279645138068683
2026-05-25,2026-05-25 11:32:02,V004,104.0,1.0288339231575576
2026-05-25,2026-05-25 11:32:03,V004,104.0,1.029518028892227
2026-05-25,2026-05-25 11:32:04,V004,103.0,1.0285913633960222
2026-05-25,2026-05-25 11:32:05,V004,103.0,1.0251277173913513
2026-05-25,2026-05-25 11:32:06,V004,102.0,1.0290296047104583
2026-05-25,2026-05-25 11:32:07,V004,101.0,1.0297317556625172
2026-05-25,2026-05-25 11:32:08,V004,99.0,1.0289435498922834
2026-05-25,2026-05-25 11:32:09,V004,97.0,1.0288555430833464
2026-05-25,2026-05-25 11:32:10,V004,95.0,1.0407158746079603
2026-05-25,2026-05-25 11:32:11,V004,94.0,1.0308210427835167
2026-05-25,2026-05-25 11:32:12,V004,93.0,1.0390678677470022
2026-05-25,2026-05-25 11:32:13,V004,92.0,1.034492398034024
2026-05-25,2026-05-25 11:32:14,V004,92.0,1.0323598855598433
2026-05-25,2026-05-25 11:32:15,V004,92.0,1.032280243086445
2026-05-25,2026-05-25 11:32:16,V004,92.0,1.0318960359729554
2026-05-25,2026-05-25 11:32:17,V004,93.0,1.0295906355935236
2026-05-25,2026-05-25 11:32:18,V004,93.0,1.0316654937130239
2026-05-25,2026-05-25 11:32:19,V004,93.0,1.0319786994225562
2026-05-25,2026-05-25 11:32:20,V004,93.0,1.0316465541845787
2026-05-25,2026-05-25 11:32:21,V004,93.0,1.0324295010838669
2026-05-25,2026-05-25 11:32:22,V004,92.0,1.030633167526473
2026-05-25,2026-05-25 11:32:23,V004,92.0,1.0307607196337887
2026-05-25,2026-05-25 11:32:24,V004,91.0,1.036695267442233
2026-05-25,2026-05-25 11:32:25,V004,91.0,1.0299520499838992
2026-05-25,2026-05-25 11:32:26,V004,90.0,1.0327211798126776
2026-05-25,2026-05-25 11:32:27,V004,89.0,1.0395703793228086
2026-05-25,2026-05-25 11:32:28,V004,88.0,1.025686007403933
2026-05-25,2026-05-25 11:32:29,V004,88.0,1.029889545545638
2026-05-25,2026-05-25 11:32:30,V004,87.0,1.0363180724257153
2026-05-25,2026-05-25 11:32:31,V004,86.0,1.045631409687462
2026-05-25,2026-05-25 11:32:32,V004,86.0,1.0343806517369798
2026-05-25,2026-05-25 11:32:33,V004,85.0,1.0410408906051578
2026-05-25,2026-05-25 11:32:34,V004,85.0,1.0248884198162975
2026-05-25,2026-05-25 11:32:35,V004,86.0,1.0384260273402406
2026-05-25,2026-05-25 11:32:36,V004,87.0,1.0296373101807286
2026-05-25,2026-05-25 11:32:37,V004,88.0,1.0356411559881225
2026-05-25,2026-05-25 11:32:38,V004,89.0,1.0376216630136805
2026-05-25,2026-05-25 11:32:39,V004,90.0,1.033814673245875
2026-05-25,2026-05-25 11:32:40,V004,90.0,1.0339360584267212
2026-05-25,2026-05-25 11:32:41,V004,91.0,1.0355535430569862
2026-05-25,2026-05-25 11:32:42,V004,90.0,1.034238608379943
2026-05-25,2026-05-25 11:32:43,V004,89.0,1.0350656324262038
2026-05-25,2026-05-25 11:32:44,V004,89.0,1.0349787166056408
2026-05-25,2026-05-25 11:32:45,V004,89.0,1.0339676754933724
2026-05-25,2026-05-25 11:32:46,V004,89.0,1.0308412362592396
2026-05-25,2026-05-25 11:32:47,V004,89.0,1.043559112796981
2026-05-25,2026-05-25 11:32:48,V004,89.0,1.0260888818243197
2026-05-25,2026-05-25 11:32:49,V004,89.0,1.0309540863295739
2026-05-25,2026-05-25 11:32:50,V004,90.0,1.0269457591986533
2026-05-25,2026-05-25 11:32:51,V004,90.0,1.0225605786620884
2026-05-25,2026-05-25 11:32:52,V004,91.0,1.023079331242804
2026-05-25,2026-05-25 11:32:53,V004,91.0,1.0250416199387975
2026-05-25,2026-05-25 11:32:54,V004,91.0,1.0220183492814106
2026-05-25,2026-05-25 11:32:55,V004,91.0,1.0247530056044245
2026-05-25,2026-05-25 11:32:56,V004,91.0,1.0228337154858516
2026-05-25,2026-05-25 11:32:57,V004,91.0,1.0236339873383316
2026-05-25,2026-05-25 11:32:58,V004,92.0,1.0224478864241267
2026-05-25,2026-05-25 11:32:59,V004,92.0,1.0240907040556593
2026-05-25,2026-05-25 11:33:00,V004,93.0,1.0237882356504742
2026-05-25,2026-05-25 11:33:01,V004,93.0,1.0247669826926458
2026-05-25,2026-05-25 11:33:02,V004,94.0,1.0229721059195966
2026-05-25,2026-05-25 11:33:03,V004,96.0,1.029358403806283
2026-05-25,2026-05-25 11:33:04,V004,97.0,1.048144038044828
2026-05-25,2026-05-25 11:33:05,V004,97.0,1.0280605490755017
2026-05-25,2026-05-25 11:33:06,V004,98.0,1.0319996416960193
2026-05-25,2026-05-25 11:33:07,V004,99.0,1.3387886419184185
2026-05-25,2026-05-25 11:33:08,V004,99.0,1.0386437173976248
2026-05-25,2026-05-25 11:33:09,V004,99.0,1.03606894522044
2026-05-25,2026-05-25 11:33:10,V004,99.0,1.0271339847706282
2026-05-25,2026-05-25 11:33:11,V004,99.0,1.026743943767116
2026-05-25,2026-05-25 11:33:12,V004,99.0,1.0261225164985268
2026-05-25,2026-05-25 11:33:13,V004,99.0,1.0263056479356305
2026-05-25,2026-05-25 11:33:14,V004,99.0,1.0242756530884267
2026-05-25,2026-05-25 11:33:15,V004,99.0,1.0251856271862423
2026-05-25,2026-05-25 11:33:16,V004,100.0,1.0246529908310207
2026-05-25,2026-05-25 11:33:17,V004,100.0,1.0249217161434276
2026-05-25,2026-05-25 11:33:18,V004,99.0,1.0244297168305516
2026-05-25,2026-05-25 11:33:19,V004,99.0,1.0247742172133345
2026-05-25,2026-05-25 11:33:20,V004,98.0,1.0244292084104951
2026-05-25,2026-05-25 11:33:21,V004,97.0,1.0239816327085998
2026-05-25,2026-05-25 11:33:22,V004,97.0,1.0240885235367672
2026-05-25,2026-05-25 11:33:23,V004,97.0,1.0241363576098437
2026-05-25,2026-05-25 11:33:24,V004,96.0,1.0246721287346292
2026-05-25,2026-05-25 11:33:25,V004,96.0,1.0243862502995762
2026-05-25,2026-05-25 11:33:26,V004,95.0,1.023914279520342
2026-05-25,2026-05-25 11:33:27,V004,94.0,1.0238054421312053
2026-05-25,2026-05-25 11:33:28,V004,92.0,1.0240116273302453
2026-05-25,2026-05-25 11:33:29,V004,91.0,1.0234572744154022
2026-05-25,2026-05-25 11:33:30,V004,89.0,1.023855546551892
2026-05-25,2026-05-25 11:33:31,V004,88.0,1.024666468961789
2026-05-25,2026-05-25 11:33:32,V004,86.0,1.0244108720341119
2026-05-25,2026-05-25 11:33:33,V004,85.0,1.028010255970377
2026-05-25,2026-05-25 11:33:34,V004,83.0,1.0174999497249213
2026-05-25,2026-05-25 11:33:35,V004,82.0,1.0325923144261355
2026-05-25,2026-05-25 11:33:36,V004,81.0,1.0259879089717094
2026-05-25,2026-05-25 11:33:37,V004,80.0,1.0244395713226513
2026-05-25,2026-05-25 11:33:38,V004,79.0,1.0247403233401995
2026-05-25,2026-05-25 11:33:39,V004,78.0,1.0251802295774992
2026-05-25,2026-05-25 11:33:40,V004,77.0,1.0242059545388356
2026-05-25,2026-05-25 11:33:41,V004,77.0,1.0240948055856256
2026-05-25,2026-05-25 11:33:42,V004,77.0,1.0247001632674648
2026-05-25,2026-05-25 11:33:43,V004,77.0,1.0247602425421665
2026-05-25,2026-05-25 11:33:44,V004,77.0,1.026131938019143
2026-05-25,2026-05-25 11:33:45,V004,78.0,1.0144232411076477
2026-05-25,2026-05-25 11:33:46,V004,79.0,0.9991589372665166
2026-05-25,2026-05-25 11:33:47,V004,79.0,1.032400388868268
2026-05-25,2026-05-25 11:33:48,V004,80.0,1.0249220204954732
2026-05-25,2026-05-25 11:33:49,V004,80.0,1.0248345995240677
2026-05-25,2026-05-25 11:33:50,V004,80.0,1.0248676369709928
2026-05-25,2026-05-25 11:33:51,V004,80.0,1.0244962578174432
2026-05-25,2026-05-25 11:33:52,V004,80.0,1.0228051819230217
2026-05-25,2026-05-25 11:33:53,V004,80.0,1.0225134873659885
2026-05-25,2026-05-25 11:33:54,V004,80.0,1.0234784143558604
2026-05-25,2026-05-25 11:33:55,V004,79.0,1.0229127318400555
2026-05-25,2026-05-25 11:33:56,V004,79.0,1.0231057007963367
2026-05-25,2026-05-25 11:33:57,V004,79.0,1.0232580777805598
2026-05-25,2026-05-25 11:33:58,V004,79.0,1.0232857829911046
2026-05-25,2026-05-25 11:33:59,V004,79.0,1.0224909317365631
2026-05-25,2026-05-25 11:34:00,V004,79.0,1.023477901486968
2026-05-25,2026-05-25 11:34:01,V004,79.0,1.0229762980093509
2026-05-25,2026-05-25 11:34:02,V004,78.0,1.0228242750701846
2026-05-25,2026-05-25 11:34:03,V004,78.0,1.0226262899743634
2026-05-25,2026-05-25 11:34:04,V004,78.0,1.0224210684985062
2026-05-25,2026-05-25 11:34:05,V004,78.0,1.0228414867276767
2026-05-25,2026-05-25 11:34:06,V004,78.0,1.0229359143730137
2026-05-25,2026-05-25 11:34:07,V004,78.0,1.0225572595718613
2026-05-25,2026-05-25 11:34:08,V004,77.0,1.0227931900193459
2026-05-25,2026-05-25 11:34:09,V004,77.0,1.0228614866265588
2026-05-25,2026-05-25 11:34:10,V004,77.0,1.0219265896355918
2026-05-25,2026-05-25 11:34:11,V004,76.0,1.0224768599469294
2026-05-25,2026-05-25 11:34:12,V004,76.0,1.0228361058489317
2026-05-25,2026-05-25 11:34:13,V004,76.0,1.0229020770860804
2026-05-25,2026-05-25 11:34:14,V004,77.0,1.0227772840247176
2026-05-25,2026-05-25 11:34:15,V004,77.0,1.0217754077243903
2026-05-25,2026-05-25 11:34:16,V004,77.0,1.0226777702988978
2026-05-25,2026-05-25 11:34:17,V004,77.0,1.0224814542433902
2026-05-25,2026-05-25 11:34:18,V004,77.0,1.0219982100608898
2026-05-25,2026-05-25 11:34:19,V004,77.0,1.0225307510091537
2026-05-25,2026-05-25 11:34:20,V004,77.0,1.022321319341652
2026-05-25,2026-05-25 11:34:21,V004,77.0,1.0226478644226817
2026-05-25,2026-05-25 11:34:22,V004,78.0,1.0232603315303996
2026-05-25,2026-05-25 11:34:23,V004,78.0,1.023777688680966
2026-05-25,2026-05-25 11:34:24,V004,78.0,1.0370129078540544
2026-05-25,2026-05-25 11:34:25,V004,78.0,1.026176597815311
2026-05-25,2026-05-25 11:34:26,V004,79.0,1.0258331616594794
2026-05-25,2026-05-25 11:34:27,V004,79.0,1.0249151813341633
2026-05-25,2026-05-25 11:34:28,V004,79.0,1.0241104976569906
2026-05-25,2026-05-25 11:34:29,V004,79.0,1.0255566417659276
2026-05-25,2026-05-25 11:34:30,V004,79.0,1.0242237511800296
2026-05-25,2026-05-25 11:34:31,V004,79.0,1.0257636072968124
2026-05-25,2026-05-25 11:34:32,V004,80.0,1.0256683252716183
2026-05-25,2026-05-25 11:34:33,V004,80.0,1.0254756626981254
2026-05-25,2026-05-25 11:34:34,V004,82.0,1.0249596185310073
2026-05-25,2026-05-25 11:34:35,V004,82.0,1.0258238355146805
2026-05-25,2026-05-25 11:34:36,V004,83.0,1.026030531721557
2026-05-25,2026-05-25 11:34:37,V004,84.0,1.0263724626142785
2026-05-25,2026-05-25 11:34:38,V004,84.0,1.0224453325753546
2026-05-25,2026-05-25 11:34:39,V004,84.0,1.0257571090388697
2026-05-25,2026-05-25 11:34:40,V004,84.0,1.0246179014865702
2026-05-25,2026-05-25 11:34:41,V004,83.0,1.0239894422544435
2026-05-25,2026-05-25 11:34:42,V004,82.0,1.023977473141613
2026-05-25,2026-05-25 11:34:43,V004,81.0,1.0249696230398486
2026-05-25,2026-05-25 11:34:44,V004,80.0,1.024064697850286
2026-05-25,2026-05-25 11:34:45,V004,79.0,1.0241561971817283
2026-05-25,2026-05-25 11:34:46,V004,79.0,1.024413411859406
2026-05-25,2026-05-25 11:34:47,V004,78.0,1.0249788146786063
2026-05-25,2026-05-25 11:34:48,V004,77.0,1.024108680980773
2026-05-25,2026-05-25 11:34:49,V004,77.0,1.024379297685852
2026-05-25,2026-05-25 11:34:50,V004,76.0,1.024294372202338
2026-05-25,2026-05-25 11:34:51,V004,76.0,1.0253878455487433
2026-05-25,2026-05-25 11:34:52,V004,76.0,1.0251314764671038
2026-05-25,2026-05-25 11:34:53,V004,76.0,1.0250094342862008
2026-05-25,2026-05-25 11:34:54,V004,76.0,1.0246393409093948
2026-05-25,2026-05-25 11:34:55,V004,75.0,1.0251830268500688
2026-05-25,2026-05-25 11:34:56,V004,75.0,1.025255326458019
2026-05-25,2026-05-25 11:34:57,V004,75.0,1.0251426471341476
2026-05-25,2026-05-25 11:34:58,V004,75.0,1.024174123632584
2026-05-25,2026-05-25 11:34:59,V004,75.0,1.0249346279634863
2026-05-25,2026-05-25 11:35:00,V004,75.0,1.0255341601624
2026-05-25,2026-05-25 11:35:01,V004,75.0,1.0242334124573198
2026-05-25,2026-05-25 11:35:02,V004,75.0,1.0243486309083178
2026-05-25,2026-05-25 11:35:03,V004,76.0,1.0245695199097329
2026-05-25,2026-05-25 11:35:04,V004,76.0,1.0247551941971225
2026-05-25,2026-05-25 11:35:05,V004,77.0,1.024478910698828
2026-05-25,2026-05-25 11:35:06,V004,77.0,1.025847693195908
2026-05-25,2026-05-25 11:35:07,V004,76.0,1.023824630314392
2026-05-25,2026-05-25 11:35:08,V004,76.0,1.0256702596427647
2026-05-25,2026-05-25 11:35:09,V004,75.0,1.0224254653252682
2026-05-25,2026-05-25 11:35:10,V004,75.0,1.0270386419412547
2026-05-25,2026-05-25 11:35:11,V004,75.0,1.0269081667844582
2026-05-25,2026-05-25 11:35:12,V004,75.0,1.0269198051373636
2026-05-25,2026-05-25 11:35:13,V004,75.0,1.0273870780728467
2026-05-25,2026-05-25 11:35:14,V004,75.0,1.026141881551954
2026-05-25,2026-05-25 11:35:15,V004,75.0,1.0264076154608115
2026-05-25,2026-05-25 11:35:16,V004,75.0,1.0250918624006855
2026-05-25,2026-05-25 11:35:17,V004,75.0,1.0262235888020848
2026-05-25,2026-05-25 11:35:18,V004,75.0,1.0257018009430368
2026-05-25,2026-05-25 11:35:19,V004,76.0,1.025567173540447
2026-05-25,2026-05-25 11:35:20,V004,77.0,1.0251091779603092
2026-05-25,2026-05-25 11:35:21,V004,79.0,1.0259235979329533
2026-05-25,2026-05-25 11:35:22,V004,80.0,1.0258476373022738
2026-05-25,2026-05-25 11:35:23,V004,82.0,1.0248755455220229
2026-05-25,2026-05-25 11:35:24,V004,83.0,1.0264917327521692
2026-05-25,2026-05-25 11:35:25,V004,84.0,1.0240109648618834
2026-05-25,2026-05-25 11:35:26,V004,83.0,1.0268564059868432
2026-05-25,2026-05-25 11:35:27,V004,82.0,1.0237080004386805
2026-05-25,2026-05-25 11:35:28,V004,80.0,1.0272633319337214
2026-05-25,2026-05-25 11:35:29,V004,79.0,1.0276775608999629
2026-05-25,2026-05-25 11:35:30,V004,78.0,1.0243657030761155
2026-05-25,2026-05-25 11:35:31,V004,77.0,1.022796222617274
2026-05-25,2026-05-25 11:35:32,V004,77.0,1.0253276840894487
2026-05-25,2026-05-25 11:35:33,V004,76.0,1.0242154384377165
2026-05-25,2026-05-25 11:35:34,V004,76.0,1.0253734150151854
2026-05-25,2026-05-25 11:35:35,V004,75.0,1.0249080166955626
2026-05-25,2026-05-25 11:35:36,V004,75.0,1.0272918737952952
2026-05-25,2026-05-25 11:35:37,V004,75.0,1.028520793537676
2026-05-25,2026-05-25 11:35:38,V004,75.0,1.027313402295012
2026-05-25,2026-05-25 11:35:39,V004,75.0,1.0265730114375826
2026-05-25,2026-05-25 11:35:40,V004,75.0,1.0259410896080134
2026-05-25,2026-05-25 11:35:41,V004,76.0,1.0256321494000864
2026-05-25,2026-05-25 11:35:42,V004,76.0,1.0263222073834635
2026-05-25,2026-05-25 11:35:43,V004,76.0,1.0264257954489653
2026-05-25,2026-05-25 11:35:44,V004,76.0,1.0265508955327451
2026-05-25,2026-05-25 11:35:45,V004,76.0,1.0258117433172071
2026-05-25,2026-05-25 11:35:46,V004,75.0,1.026078798586923
2026-05-25,2026-05-25 11:35:47,V004,75.0,1.0255947831796286
2026-05-25,2026-05-25 11:35:48,V004,75.0,1.0259801397739472
2026-05-25,2026-05-25 11:35:49,V004,75.0,1.0267173434440784
2026-05-25,2026-05-25 11:35:50,V004,75.0,1.025989551506122
2026-05-25,2026-05-25 11:35:51,V004,75.0,1.0260698931239356
2026-05-25,2026-05-25 11:35:52,V004,74.0,1.0263238971815185
2026-05-25,2026-05-25 11:35:53,V004,74.0,1.0262910037958974
2026-05-25,2026-05-25 11:35:54,V004,73.0,1.0278509021412852
2026-05-25,2026-05-25 11:35:55,V004,73.0,1.029935271885901
2026-05-25,2026-05-25 11:35:56,V004,74.0,1.0128187230562098
2026-05-25,2026-05-25 11:35:57,V004,74.0,1.0317571005212591
2026-05-25,2026-05-25 11:35:58,V004,74.0,1.0302667536652677
2026-05-25,2026-05-25 11:35:59,V004,75.0,1.0336693049805872
2026-05-25,2026-05-25 11:36:00,V004,74.0,1.0319242524146914
2026-05-25,2026-05-25 11:36:01,V004,74.0,1.0326066464674375
2026-05-25,2026-05-25 11:36:02,V004,73.0,1.0403685823373099
2026-05-25,2026-05-25 11:36:03,V004,72.0,1.0296839230809651
2026-05-25,2026-05-25 11:36:04,V004,72.0,1.0578363121661045
2026-05-25,2026-05-25 11:36:05,V004,72.0,1.053566524692617
2026-05-25,2026-05-25 11:36:06,V004,73.0,1.1453495169554706
2026-05-25,2026-05-25 11:36:07,V004,74.0,1.0558017301066827
2026-05-25,2026-05-25 11:36:08,V004,75.0,1.1382766977199317
2026-05-25,2026-05-25 11:36:09,V004,77.0,1.1391442537449554
2026-05-25,2026-05-25 11:36:10,V004,77.0,0.9455137916018341
2026-05-25,2026-05-25 11:36:11,V004,77.0,0.9520726771256957
2026-05-25,2026-05-25 11:36:12,V004,77.0,0.9603960111785763
2026-05-25,2026-05-25 11:36:13,V004,78.0,0.9610294168858553
2026-05-25,2026-05-25 11:36:14,V004,79.0,0.9596314483827599
2026-05-25,2026-05-25 11:36:15,V004,79.0,0.9603145030216828
2026-05-25,2026-05-25 11:36:16,V004,80.0,0.961423994340951
2026-05-25,2026-05-25 11:36:17,V004,81.0,0.9618580116991298
2026-05-25,2026-05-25 11:36:18,V004,82.0,0.9621646199506008
2026-05-25,2026-05-25 11:36:19,V004,83.0,0.9612295878563042
2026-05-25,2026-05-25 11:36:20,V004,84.0,0.9618198322679211
2026-05-25,2026-05-25 11:36:21,V004,84.0,0.9620807567471098
2026-05-25,2026-05-25 11:36:22,V004,85.0,0.9611242740324274
2026-05-25,2026-05-25 11:36:23,V004,85.0,0.9618868178644041
2026-05-25,2026-05-25 11:36:24,V004,85.0,0.9614419682141734
2026-05-25,2026-05-25 11:36:25,V004,84.0,0.9616777349098585
2026-05-25,2026-05-25 11:36:26,V004,83.0,0.9613554394642322
2026-05-25,2026-05-25 11:36:27,V004,83.0,0.9619601077780877
2026-05-25,2026-05-25 11:36:28,V004,82.0,0.961853988527599
2026-05-25,2026-05-25 11:36:29,V004,81.0,0.9614351886037121
2026-05-25,2026-05-25 11:36:30,V004,80.0,0.9616264100392453
2026-05-25,2026-05-25 11:36:31,V004,80.0,0.9620102846747426
2026-05-25,2026-05-25 11:36:32,V004,80.0,0.9615167829702285
2026-05-25,2026-05-25 11:36:33,V004,80.0,0.961921354332947
2026-05-25,2026-05-25 11:36:34,V004,80.0,0.9614116184545617
2026-05-25,2026-05-25 11:36:35,V004,80.0,0.9611924025577346
2026-05-25,2026-05-25 11:36:36,V004,79.0,0.9615768616959385
2026-05-25,2026-05-25 11:36:37,V004,79.0,0.9613122369365651
2026-05-25,2026-05-25 11:36:38,V004,78.0,0.961875329526519
2026-05-25,2026-05-25 11:36:39,V004,77.0,0.9612542330942302
2026-05-25,2026-05-25 11:36:40,V004,76.0,0.9620839185266281
2026-05-25,2026-05-25 11:36:41,V004,75.0,0.9623385901433009
2026-05-25,2026-05-25 11:36:42,V004,74.0,0.9613727299883394
2026-05-25,2026-05-25 11:36:43,V004,72.0,0.9615017324585959
2026-05-25,2026-05-25 11:36:44,V004,71.0,0.9616335227848529
2026-05-25,2026-05-25 11:36:45,V004,71.0,0.9614629450835194
2026-05-25,2026-05-25 11:36:46,V004,70.0,0.9619640641108868
2026-05-25,2026-05-25 11:36:47,V004,70.0,0.9611481547532889
2026-05-25,2026-05-25 11:36:48,V004,70.0,0.9614020790674209
2026-05-25,2026-05-25 11:36:49,V004,71.0,0.960832034219789
2026-05-25,2026-05-25 11:36:50,V004,71.0,0.960597383586924
2026-05-25,2026-05-25 11:36:51,V004,72.0,0.9610859430099941
2026-05-25,2026-05-25 11:36:52,V004,72.0,0.9615930429972792
2026-05-25,2026-05-25 11:36:53,V004,73.0,0.9609787853732782
2026-05-25,2026-05-25 11:36:54,V004,73.0,0.9610931151844367
2026-05-25,2026-05-25 11:36:55,V004,73.0,0.9613366067269022
2026-05-25,2026-05-25 11:36:56,V004,72.0,0.9616189520630646
2026-05-25,2026-05-25 11:36:57,V004,72.0,0.9607706540841515
2026-05-25,2026-05-25 11:36:58,V004,71.0,0.9613661495162782
2026-05-25,2026-05-25 11:36:59,V004,71.0,0.9610646216085091
2026-05-25,2026-05-25 11:37:00,V004,70.0,0.9613747204682703
2026-05-25,2026-05-25 11:37:01,V004,70.0,0.9614809485716307
2026-05-25,2026-05-25 11:37:02,V004,69.0,0.9610884854277617
2026-05-25,2026-05-25 11:37:03,V004,68.0,0.9614336245676868
2026-05-25,2026-05-25 11:37:04,V004,67.0,0.9618621539577461
2026-05-25,2026-05-25 11:37:05,V004,66.0,0.9615256197688832
2026-05-25,2026-05-25 11:37:06,V004,65.0,0.9614306469863638
2026-05-25,2026-05-25 11:37:07,V004,64.0,0.9613814032722644
2026-05-25,2026-05-25 11:37:08,V004,63.0,0.9619121573371952
2026-05-25,2026-05-25 11:37:09,V004,63.0,0.9617357545821004
2026-05-25,2026-05-25 11:37:10,V004,62.0,0.9610363705099786
2026-05-25,2026-05-25 11:37:11,V004,62.0,0.9611147585318877
2026-05-25,2026-05-25 11:37:12,V004,62.0,0.9618014917278306
2026-05-25,2026-05-25 11:37:13,V004,61.0,0.9611651601523922
2026-05-25,2026-05-25 11:37:14,V004,61.0,0.9613146891710728
2026-05-25,2026-05-25 11:37:15,V004,61.0,0.9615247461217599
2026-05-25,2026-05-25 11:37:16,V004,62.0,0.9611777798585901
2026-05-25,2026-05-25 11:37:17,V004,63.0,0.9617047046428125
2026-05-25,2026-05-25 11:37:18,V004,65.0,0.961502655943095
2026-05-25,2026-05-25 11:37:19,V004,66.0,0.961366197404785
2026-05-25,2026-05-25 11:37:20,V004,67.0,0.9615472857537265
2026-05-25,2026-05-25 11:37:21,V004,67.0,0.961295584355436
2026-05-25,2026-05-25 11:37:22,V004,66.0,0.9616100416455741
2026-05-25,2026-05-25 11:37:23,V004,65.0,0.9611241227035983
2026-05-25,2026-05-25 11:37:24,V004,65.0,0.9614924765260919
2026-05-25,2026-05-25 11:37:25,V004,65.0,0.9614739563858979
2026-05-25,2026-05-25 11:37:26,V004,65.0,0.9612387372749538
2026-05-25,2026-05-25 11:37:27,V004,65.0,0.96206923102127
2026-05-25,2026-05-25 11:37:28,V004,64.0,0.9615757941893315
2026-05-25,2026-05-25 11:37:29,V004,63.0,0.9612199692105546
2026-05-25,2026-05-25 11:37:30,V004,62.0,0.9618352153760046
2026-05-25,2026-05-25 11:37:31,V004,61.0,0.9619332441098811
2026-05-25,2026-05-25 11:37:32,V004,60.0,0.9617934482813071
2026-05-25,2026-05-25 11:37:33,V004,60.0,0.9613242732880626
2026-05-25,2026-05-25 11:37:34,V004,60.0,0.9619773433080318
2026-05-25,2026-05-25 11:37:35,V004,60.0,0.9619587825377054
2026-05-25,2026-05-25 11:37:36,V004,60.0,0.9615653463535677
2026-05-25,2026-05-25 11:37:37,V004,60.0,0.9622141692034807
2026-05-25,2026-05-25 11:37:38,V004,60.0,0.9618771689786549
2026-05-25,2026-05-25 11:37:39,V004,60.0,0.9620078079731799
2026-05-25,2026-05-25 11:37:40,V004,60.0,0.9619977953737109
2026-05-25,2026-05-25 11:37:41,V004,60.0,0.9615148814281927
2026-05-25,2026-05-25 11:37:42,V004,59.0,0.9620300273477651
2026-05-25,2026-05-25 11:37:43,V004,59.0,0.9620039306571264
2026-05-25,2026-05-25 11:37:44,V004,59.0,0.9618446731440891
2026-05-25,2026-05-25 11:37:45,V004,59.0,0.9616295260622038
2026-05-25,2026-05-25 11:37:46,V004,58.0,0.9615230892243536
2026-05-25,2026-05-25 11:37:47,V004,58.0,0.9616970995595188
2026-05-25,2026-05-25 11:37:48,V004,58.0,0.9621206553583771
2026-05-25,2026-05-25 11:37:49,V004,57.0,0.9615760021835766
2026-05-25,2026-05-25 11:37:50,V004,57.0,0.96197958547362
2026-05-25,2026-05-25 11:37:51,V004,57.0,0.961847274044972
2026-05-25,2026-05-25 11:37:52,V004,58.0,0.9615175340865946
2026-05-25,2026-05-25 11:37:53,V004,58.0,0.9617723885723244
2026-05-25,2026-05-25 11:37:54,V004,59.0,0.9621429867665207
2026-05-25,2026-05-25 11:37:55,V004,59.0,0.9623901616181948
2026-05-25,2026-05-25 11:37:56,V004,60.0,0.9620689380362442
2026-05-25,2026-05-25 11:37:57,V004,60.0,0.9620568215621176
2026-05-25,2026-05-25 11:37:58,V004,60.0,0.9621744490070152
2026-05-25,2026-05-25 11:37:59,V004,60.0,0.9620207170446372
2026-05-25,2026-05-25 11:38:00,V004,60.0,0.9624565983225462
2026-05-25,2026-05-25 11:38:01,V004,60.0,0.9617754112171624
2026-05-25,2026-05-25 11:38:02,V004,60.0,0.9621162690863809
2026-05-25,2026-05-25 11:38:03,V004,61.0,0.9619154468388451
2026-05-25,2026-05-25 11:38:04,V004,61.0,0.9620038279195832
2026-05-25,2026-05-25 11:38:05,V004,61.0,0.9617119568466782
2026-05-25,2026-05-25 11:38:06,V004,61.0,0.9628520334837761
2026-05-25,2026-05-25 11:38:07,V004,61.0,0.9623010728898822
2026-05-25,2026-05-25 11:38:08,V004,61.0,0.9618713266755731
2026-05-25,2026-05-25 11:38:09,V004,61.0,0.9617343428801217
2026-05-25,2026-05-25 11:38:10,V004,61.0,0.9621143248285139
2026-05-25,2026-05-25 11:38:11,V004,61.0,0.9623572710122988
2026-05-25,2026-05-25 11:38:12,V004,61.0,0.9620171031138544
2026-05-25,2026-05-25 11:38:13,V004,61.0,0.9624193408684699
2026-05-25,2026-05-25 11:38:14,V004,62.0,0.961720589706662
2026-05-25,2026-05-25 11:38:15,V004,62.0,0.9618739935275277
2026-05-25,2026-05-25 11:38:16,V004,63.0,0.9620950525790491
2026-05-25,2026-05-25 11:38:17,V004,63.0,0.9625561976269558
2026-05-25,2026-05-25 11:38:18,V004,63.0,0.9617701452547698
2026-05-25,2026-05-25 11:38:19,V004,63.0,0.9619891079497219
2026-05-25,2026-05-25 11:38:20,V004,63.0,0.9620120711499534
2026-05-25,2026-05-25 11:38:21,V004,62.0,0.9619567814414401
2026-05-25,2026-05-25 11:38:22,V004,62.0,0.9623584279324584
2026-05-25,2026-05-25 11:38:23,V004,62.0,0.9622641199429792
2026-05-25,2026-05-25 11:38:24,V004,62.0,0.9618344937886029
2026-05-25,2026-05-25 11:38:25,V004,62.0,0.9623070236994813
2026-05-25,2026-05-25 11:38:26,V004,62.0,0.9616660444422872
2026-05-25,2026-05-25 11:38:27,V004,62.0,0.9623831720798588
2026-05-25,2026-05-25 11:38:28,V004,61.0,0.9622916155415306
2026-05-25,2026-05-25 11:38:29,V004,60.0,0.962020263951347
2026-05-25,2026-05-25 11:38:30,V004,60.0,0.9618378306708721
2026-05-25,2026-05-25 11:38:31,V004,59.0,0.9622081190037888
2026-05-25,2026-05-25 11:38:32,V004,59.0,0.9619920523750155
2026-05-25,2026-05-25 11:38:33,V004,59.0,0.9623906549161017
2026-05-25,2026-05-25 11:38:34,V004,60.0,0.961793433731158
2026-05-25,2026-05-25 11:38:35,V004,60.0,0.9625434780525599
2026-05-25,2026-05-25 11:38:36,V004,60.0,0.9623788353118073
2026-05-25,2026-05-25 11:38:37,V004,61.0,0.961922914918549
2026-05-25,2026-05-25 11:38:38,V004,61.0,0.9615999213765384
2026-05-25,2026-05-25 11:38:39,V004,60.0,0.9622104373538043
2026-05-25,2026-05-25 11:38:40,V004,60.0,0.9622453591205693
2026-05-25,2026-05-25 11:38:41,V004,60.0,0.9615507201009285
2026-05-25,2026-05-25 11:38:42,V004,60.0,0.9625653304933828
2026-05-25,2026-05-25 11:38:43,V004,61.0,0.9616534372821324
2026-05-25,2026-05-25 11:38:44,V004,61.0,0.9620365604704157
2026-05-25,2026-05-25 11:38:45,V004,61.0,0.9621308882752635
2026-05-25,2026-05-25 11:38:46,V004,61.0,0.9622464996368806
2026-05-25,2026-05-25 11:38:47,V004,61.0,0.9620824905535429
2026-05-25,2026-05-25 11:38:48,V004,61.0,0.9618438547670938
2026-05-25,2026-05-25 11:38:49,V004,61.0,0.9616603086891943
2026-05-25,2026-05-25 11:38:50,V004,61.0,0.9620466447608617
2026-05-25,2026-05-25 11:38:51,V004,61.0,0.9623760925965864
2026-05-25,2026-05-25 11:38:52,V004,60.0,0.9619080353718128
2026-05-25,2026-05-25 11:38:53,V004,60.0,0.9617600391233315
2026-05-25,2026-05-25 11:38:54,V004,59.0,0.9623892600492576
2026-05-25,2026-05-25 11:38:55,V004,59.0,0.9620266929195329
2026-05-25,2026-05-25 11:38:56,V004,59.0,0.9616493492458669
2026-05-25,2026-05-25 11:38:57,V004,59.0,0.962119196765725
2026-05-25,2026-05-25 11:38:58,V004,59.0,0.9622948198353983
2026-05-25,2026-05-25 11:38:59,V004,58.0,0.9616182363958583
2026-05-25,2026-05-25 11:39:00,V004,58.0,0.9620525616712086
2026-05-25,2026-05-25 11:39:01,V004,58.0,0.9625971268671256
2026-05-25,2026-05-25 11:39:02,V004,59.0,0.9623713133513682
2026-05-25,2026-05-25 11:39:03,V004,59.0,0.9620017949066224
2026-05-25,2026-05-25 11:39:04,V004,58.0,0.9628556306420828
2026-05-25,2026-05-25 11:39:05,V004,58.0,0.9622824029983479
2026-05-25,2026-05-25 11:39:06,V004,57.0,0.9622946680687041
2026-05-25,2026-05-25 11:39:07,V004,57.0,0.9619147910365242
2026-05-25,2026-05-25 11:39:08,V004,56.0,0.9617177223497878
2026-05-25,2026-05-25 11:39:09,V004,55.0,0.9619019918665681
2026-05-25,2026-05-25 11:39:10,V004,55.0,0.9624623469420476
2026-05-25,2026-05-25 11:39:11,V004,54.0,0.9626465202489609
2026-05-25,2026-05-25 11:39:12,V004,54.0,0.9623829093907112
2026-05-25,2026-05-25 11:39:13,V004,55.0,0.9617450296114516
2026-05-25,2026-05-25 11:39:14,V004,55.0,0.9623894459903037
2026-05-25,2026-05-25 11:39:15,V004,55.0,0.9622044632711295
2026-05-25,2026-05-25 11:39:16,V004,54.0,0.962495565681646
2026-05-25,2026-05-25 11:39:17,V004,54.0,0.9619081285232233
2026-05-25,2026-05-25 11:39:18,V004,54.0,0.9617660933471457
2026-05-25,2026-05-25 11:39:19,V004,54.0,0.9624279294176288
2026-05-25,2026-05-25 11:39:20,V004,54.0,0.9621176646062064
2026-05-25,2026-05-25 11:39:21,V004,54.0,0.9623484443759601
2026-05-25,2026-05-25 11:39:22,V004,53.0,0.9624415375800182
2026-05-25,2026-05-25 11:39:23,V004,53.0,0.9626618061891539
2026-05-25,2026-05-25 11:39:24,V004,53.0,0.9621969175631883
2026-05-25,2026-05-25 11:39:25,V004,53.0,0.9618990622224407
2026-05-25,2026-05-25 11:39:26,V004,55.0,0.9622977552198371
2026-05-25,2026-05-25 11:39:27,V004,55.0,0.962075773701227
2026-05-25,2026-05-25 11:39:28,V004,57.0,0.9622496464557606
2026-05-25,2026-05-25 11:39:29,V004,59.0,0.9623655467238308
2026-05-25,2026-05-25 11:39:30,V004,59.0,0.9627878748593253
2026-05-25,2026-05-25 11:39:31,V004,59.0,0.9622971681509054
2026-05-25,2026-05-25 11:39:32,V004,59.0,0.9622594633429254
2026-05-25,2026-05-25 11:39:33,V004,58.0,0.9624870779850251
2026-05-25,2026-05-25 11:39:34,V004,58.0,0.9627452164213454
2026-05-25,2026-05-25 11:39:35,V004,58.0,0.9626714290696453
2026-05-25,2026-05-25 11:39:36,V004,58.0,0.9623986716416117
2026-05-25,2026-05-25 11:39:37,V004,57.0,0.962018387932216
2026-05-25,2026-05-25 11:39:38,V004,58.0,0.9624762763598292
2026-05-25,2026-05-25 11:39:39,V004,58.0,0.9622069754965948
2026-05-25,2026-05-25 11:39:40,V004,58.0,0.9624999196695516
2026-05-25,2026-05-25 11:39:41,V004,58.0,0.9628240308467838
2026-05-25,2026-05-25 11:39:42,V004,58.0,0.9621100846872851
2026-05-25,2026-05-25 11:39:43,V004,58.0,0.962376604584944
2026-05-25,2026-05-25 11:39:44,V004,58.0,0.962365455627038
2026-05-25,2026-05-25 11:39:45,V004,58.0,0.9626376521709771
2026-05-25,2026-05-25 11:39:46,V004,58.0,0.9622707910656503
2026-05-25,2026-05-25 11:39:47,V004,58.0,0.9626703319715705
2026-05-25,2026-05-25 11:39:48,V004,59.0,0.9619824882905595
2026-05-25,2026-05-25 11:39:49,V004,59.0,0.9618728643508989
2026-05-25,2026-05-25 11:39:50,V004,59.0,0.962429205571169
2026-05-25,2026-05-25 11:39:51,V004,59.0,0.962471996203716
2026-05-25,2026-05-25 11:39:52,V004,59.0,0.9623095367284649
2026-05-25,2026-05-25 11:39:53,V004,59.0,0.962342899988839
2026-05-25,2026-05-25 11:39:54,V004,59.0,0.962470566463913
2026-05-25,2026-05-25 11:39:55,V004,59.0,0.963015066235854
2026-05-25,2026-05-25 11:39:56,V004,59.0,0.9626546460280877
2026-05-25,2026-05-25 11:39:57,V004,59.0,0.962541946381266
2026-05-25,2026-05-25 11:39:58,V004,59.0,0.9625129671558426
2026-05-25,2026-05-25 11:39:59,V004,59.0,0.9630647455254503
2026-05-25,2026-05-25 11:40:00,V004,59.0,0.9628548939941867
2026-05-25,2026-05-25 11:40:01,V004,59.0,0.9623641802750107
2026-05-25,2026-05-25 11:40:02,V004,60.0,0.9623666858045503
2026-05-25,2026-05-25 11:40:03,V004,60.0,0.9624690966131433
2026-05-25,2026-05-25 11:40:04,V004,60.0,0.9627969330927026
2026-05-25,2026-05-25 11:40:05,V004,61.0,0.9625366884424574
2026-05-25,2026-05-25 11:40:06,V004,60.0,0.9621929640451008
2026-05-25,2026-05-25 11:40:07,V004,60.0,0.9628859077573895
2026-05-25,2026-05-25 11:40:08,V004,60.0,0.9630476761823894
2026-05-25,2026-05-25 11:40:09,V004,60.0,0.96238619458601
2026-05-25,2026-05-25 11:40:10,V004,60.0,0.9621184539828707
2026-05-25,2026-05-25 11:40:11,V004,60.0,0.9624059761341841
2026-05-25,2026-05-25 11:40:12,V004,60.0,0.9622055302575345
2026-05-25,2026-05-25 11:40:13,V004,60.0,0.9624678292683359
2026-05-25,2026-05-25 11:40:14,V004,60.0,0.9621276379416637
2026-05-25,2026-05-25 11:40:15,V004,61.0,0.9625939976810322
2026-05-25,2026-05-25 11:40:16,V004,60.0,0.9627051591749803
2026-05-25,2026-05-25 11:40:17,V004,60.0,0.9624648713240128
2026-05-25,2026-05-25 11:40:18,V004,60.0,0.9624549116570791
2026-05-25,2026-05-25 11:40:19,V004,60.0,0.9622534151661253
2026-05-25,2026-05-25 11:40:20,V004,61.0,0.9624961168595613
2026-05-25,2026-05-25 11:40:21,V004,61.0,0.9621537108645083
2026-05-25,2026-05-25 11:40:22,V004,62.0,0.9628048518051802
2026-05-25,2026-05-25 11:40:23,V004,62.0,0.9628072196365836
2026-05-25,2026-05-25 11:40:24,V004,62.0,0.962642028796099
2026-05-25,2026-05-25 11:40:25,V004,62.0,0.962556914618677
2026-05-25,2026-05-25 11:40:26,V004,61.0,0.9625290174876849
2026-05-25,2026-05-25 11:40:27,V004,60.0,0.9628096813993928
2026-05-25,2026-05-25 11:40:28,V004,59.0,0.9623675032746365
2026-05-25,2026-05-25 11:40:29,V004,59.0,0.962517969241299
2026-05-25,2026-05-25 11:40:30,V004,59.0,0.9630458097748397
2026-05-25,2026-05-25 11:40:31,V004,59.0,0.9628527814292278
2026-05-25,2026-05-25 11:40:32,V004,59.0,0.9628218906028535
2026-05-25,2026-05-25 11:40:33,V004,60.0,0.9626613771715541
2026-05-25,2026-05-25 11:40:34,V004,59.0,0.9625594064737004
2026-05-25,2026-05-25 11:40:35,V004,59.0,0.9623993579142939
2026-05-25,2026-05-25 11:40:36,V004,59.0,0.9625405941853139
2026-05-25,2026-05-25 11:40:37,V004,59.0,0.9627111609084942
2026-05-25,2026-05-25 11:40:38,V004,60.0,0.9626399768999813
2026-05-25,2026-05-25 11:40:39,V004,61.0,0.9627108924891233
2026-05-25,2026-05-25 11:40:40,V004,62.0,0.962576854256128
2026-05-25,2026-05-25 11:40:41,V004,62.0,0.9628381078711201
2026-05-25,2026-05-25 11:40:42,V004,62.0,0.9631169969587176
2026-05-25,2026-05-25 11:40:43,V004,62.0,0.9623436927476193
2026-05-25,2026-05-25 11:40:44,V004,62.0,0.9628784775391229
2026-05-25,2026-05-25 11:40:45,V004,62.0,0.9632258173643158
2026-05-25,2026-05-25 11:40:46,V004,62.0,0.9627387496125914
2026-05-25,2026-05-25 11:40:47,V004,62.0,0.9626803632253016
2026-05-25,2026-05-25 11:40:48,V004,62.0,0.9624014347907272
2026-05-25,2026-05-25 11:40:49,V004,63.0,0.962823447484635
2026-05-25,2026-05-25 11:40:50,V004,63.0,0.9628090921234916
2026-05-25,2026-05-25 11:40:51,V004,63.0,0.9624917407487573
2026-05-25,2026-05-25 11:40:52,V004,63.0,0.9627534492604255
2026-05-25,2026-05-25 11:40:53,V004,63.0,0.962783258988066
2026-05-25,2026-05-25 11:40:54,V004,63.0,0.9627104078842127
2026-05-25,2026-05-25 11:40:55,V004,62.0,0.9626084828643193
2026-05-25,2026-05-25 11:40:56,V004,63.0,0.96291189426568
2026-05-25,2026-05-25 11:40:57,V004,63.0,0.9625492820653636
2026-05-25,2026-05-25 11:40:58,V004,63.0,0.9626337186888835
2026-05-25,2026-05-25 11:40:59,V004,63.0,0.9629022113628277
2026-05-25,2026-05-25 11:41:00,V004,63.0,0.9630434123281055
2026-05-25,2026-05-25 11:41:01,V004,63.0,0.9630451169891604
2026-05-25,2026-05-25 11:41:02,V004,63.0,0.962708410376451
2026-05-25,2026-05-25 11:41:03,V004,64.0,0.9628062143895695
2026-05-25,2026-05-25 11:41:04,V004,64.0,0.9628715991969656
2026-05-25,2026-05-25 11:41:05,V004,64.0,0.9627070147814494
2026-05-25,2026-05-25 11:41:06,V004,64.0,0.9622790555486509
2026-05-25,2026-05-25 11:41:07,V004,64.0,0.9630072806198485
2026-05-25,2026-05-25 11:41:08,V004,64.0,0.9630560785675503
2026-05-25,2026-05-25 11:41:09,V004,63.0,0.9627292447806615
2026-05-25,2026-05-25 11:41:10,V004,62.0,0.9628208368665174
2026-05-25,2026-05-25 11:41:11,V004,61.0,0.962487978952232
2026-05-25,2026-05-25 11:41:12,V004,60.0,0.9622369113908227
2026-05-25,2026-05-25 11:41:13,V004,59.0,0.9627750973900387
2026-05-25,2026-05-25 11:41:14,V004,59.0,0.9631356841857499
2026-05-25,2026-05-25 11:41:15,V004,58.0,0.9628922590280689
2026-05-25,2026-05-25 11:41:16,V004,58.0,0.9625203773116576
2026-05-25,2026-05-25 11:41:17,V004,57.0,0.9626035501635234
2026-05-25,2026-05-25 11:41:18,V004,57.0,0.9630037691630084
2026-05-25,2026-05-25 11:41:19,V004,56.0,0.9670280597433591
2026-05-25,2026-05-25 11:41:20,V004,56.0,0.9464694858044267
2026-05-25,2026-05-25 11:41:21,V004,55.0,0.9953526343619927
2026-05-25,2026-05-25 11:41:22,V004,55.0,1.0488429480971921
2026-05-25,2026-05-25 11:41:23,V004,55.0,0.984966649969414
2026-05-25,2026-05-25 11:41:24,V004,56.0,1.0278553880428882
2026-05-25,2026-05-25 11:41:25,V004,56.0,1.0326882278089788
2026-05-25,2026-05-25 11:41:26,V004,55.0,1.0331082627627288
2026-05-25,2026-05-25 11:41:27,V004,55.0,1.0004393898589061
2026-05-25,2026-05-25 11:41:28,V004,54.0,1.0379022475559332
2026-05-25,2026-05-25 11:41:29,V004,54.0,0.9976496073115046
2026-05-25,2026-05-25 11:41:30,V004,54.0,1.050776111890364
2026-05-25,2026-05-25 11:41:31,V004,54.0,1.0326636505905473
2026-05-25,2026-05-25 11:41:32,V004,55.0,1.0323754133231788
2026-05-25,2026-05-25 11:41:33,V004,57.0,1.0378501198180714
2026-05-25,2026-05-25 11:41:34,V004,59.0,1.031279530594071
2026-05-25,2026-05-25 11:41:35,V004,60.0,1.0303598204633617
2026-05-25,2026-05-25 11:41:36,V004,61.0,1.0451911343337659
2026-05-25,2026-05-25 11:41:37,V004,63.0,1.0215068626645165
2026-05-25,2026-05-25 11:41:38,V004,64.0,1.0353686598982261
2026-05-25,2026-05-25 11:41:39,V004,65.0,1.0411296033284043
2026-05-25,2026-05-25 11:41:40,V004,66.0,1.0221834605192452
2026-05-25,2026-05-25 11:41:41,V004,68.0,1.039103156392254
2026-05-25,2026-05-25 11:41:42,V004,69.0,1.0411945348437024
2026-05-25,2026-05-25 11:41:43,V004,70.0,1.02712125452155
2026-05-25,2026-05-25 11:41:44,V004,70.0,1.0186999290971832
2026-05-25,2026-05-25 11:41:45,V004,70.0,1.0208806273179514
2026-05-25,2026-05-25 11:41:46,V004,70.0,1.1226356655283374
2026-05-25,2026-05-25 11:41:47,V004,70.0,1.0421634668673998
2026-05-25,2026-05-25 11:41:48,V004,70.0,1.089801593345069
2026-05-25,2026-05-25 11:41:49,V004,70.0,1.3579508343964444
2026-05-25,2026-05-25 11:41:50,V004,70.0,1.0607453098689972
2026-05-25,2026-05-25 11:41:51,V004,70.0,1.0429551651721691
2026-05-25,2026-05-25 11:41:52,V004,71.0,1.0008913706815217
2026-05-25,2026-05-25 11:41:53,V004,71.0,1.0102988735533185
2026-05-25,2026-05-25 11:41:54,V004,72.0,1.3868050332607176
2026-05-25,2026-05-25 11:41:55,V004,72.0,0.9934803606895847
2026-05-25,2026-05-25 11:41:56,V004,72.0,1.0030197956017421
2026-05-25,2026-05-25 11:41:57,V004,72.0,0.9870249507250508
2026-05-25,2026-05-25 11:41:58,V004,72.0,1.0162368351909483
2026-05-25,2026-05-25 11:41:59,V004,72.0,1.0526028969203387
2026-05-25,2026-05-25 11:42:00,V004,72.0,1.048870811978687
2026-05-25,2026-05-25 11:42:01,V004,73.0,1.0700896146086716
2026-05-25,2026-05-25 11:42:02,V004,73.0,1.062058633517655
2026-05-25,2026-05-25 11:42:03,V004,73.0,1.0815196188134362
2026-05-25,2026-05-25 11:42:04,V004,74.0,1.0598172950060887
2026-05-25,2026-05-25 11:42:05,V004,75.0,1.050388774266329
2026-05-25,2026-05-25 11:42:06,V004,76.0,1.0604986102409437
2026-05-25,2026-05-25 11:42:07,V004,77.0,1.0537214888046758
2026-05-25,2026-05-25 11:42:08,V004,78.0,1.0589929806220055
2026-05-25,2026-05-25 11:42:09,V004,79.0,1.058406512403375
2026-05-25,2026-05-25 11:42:10,V004,79.0,1.057923258693418
2026-05-25,2026-05-25 11:42:11,V004,80.0,1.0580097284307814
2026-05-25,2026-05-25 11:42:12,V004,81.0,1.0581805640808126
2026-05-25,2026-05-25 11:42:13,V004,81.0,1.0565401933978256
2026-05-25,2026-05-25 11:42:14,V004,82.0,1.0389226525777442
2026-05-25,2026-05-25 11:42:15,V004,83.0,1.0428858292897252
2026-05-25,2026-05-25 11:42:16,V004,83.0,1.0545984341871923
2026-05-25,2026-05-25 11:42:17,V004,83.0,1.0075540438505295
2026-05-25,2026-05-25 11:42:18,V004,83.0,1.0202207587035135
2026-05-25,2026-05-25 11:42:19,V004,83.0,1.0316937391764618
2026-05-25,2026-05-25 11:42:20,V004,84.0,1.0357083994468643
2026-05-25,2026-05-25 11:42:21,V004,84.0,1.0413888752989748
2026-05-25,2026-05-25 11:42:22,V004,84.0,1.0383627639249609
2026-05-25,2026-05-25 11:42:23,V004,83.0,1.0372701053880247
2026-05-25,2026-05-25 11:42:24,V004,84.0,0.9963643592614614
2026-05-25,2026-05-25 11:42:25,V004,84.0,1.0242533417922703
2026-05-25,2026-05-25 11:42:26,V004,84.0,1.017943110508428
2026-05-25,2026-05-25 11:42:27,V004,85.0,1.0095461350224697
2026-05-25,2026-05-25 11:42:28,V004,86.0,1.005905254022752
2026-05-25,2026-05-25 11:42:29,V004,86.0,0.9986498632277134
2026-05-25,2026-05-25 11:42:30,V004,87.0,0.9879125632968255
2026-05-25,2026-05-25 11:42:31,V004,87.0,0.9972751324456761
2026-05-25,2026-05-25 11:42:32,V004,87.0,1.4039401893821375
2026-05-25,2026-05-25 11:42:33,V004,88.0,1.3813089905030003
2026-05-25,2026-05-25 11:42:34,V004,88.0,1.3027782805266588
2026-05-25,2026-05-25 11:42:35,V004,88.0,1.5322536432056546
2026-05-25,2026-05-25 11:42:36,V004,89.0,1.4202017873171093
2026-05-25,2026-05-25 11:42:37,V004,89.0,1.176765269180368
2026-05-25,2026-05-25 11:42:38,V004,89.0,1.0738250545048635
2026-05-25,2026-05-25 11:42:39,V004,89.0,1.0925525780312426
2026-05-25,2026-05-25 11:42:40,V004,89.0,0.9914670131599497
2026-05-25,2026-05-25 11:42:41,V004,89.0,1.049048423680592
2026-05-25,2026-05-25 11:42:42,V004,89.0,0.9897972932640412
2026-05-25,2026-05-25 11:42:43,V004,89.0,0.9980294873384796
2026-05-25,2026-05-25 11:42:44,V004,89.0,1.1005404766834892
2026-05-25,2026-05-25 11:42:45,V004,90.0,0.9955152648016582
2026-05-25,2026-05-25 11:42:46,V004,90.0,0.9857801426109781
2026-05-25,2026-05-25 11:42:47,V004,91.0,0.9990114333957771
2026-05-25,2026-05-25 11:42:48,V004,91.0,0.9879992227000476
2026-05-25,2026-05-25 11:42:49,V004,91.0,0.989484893372053
2026-05-25,2026-05-25 11:42:50,V004,91.0,0.9973266679497346
2026-05-25,2026-05-25 11:42:51,V004,91.0,1.0336109821451975
2026-05-25,2026-05-25 11:42:52,V004,91.0,1.024699286598751
2026-05-25,2026-05-25 11:42:53,V004,91.0,0.9948037534002786
2026-05-25,2026-05-25 11:42:54,V004,92.0,0.9815773565399009
2026-05-25,2026-05-25 11:42:55,V004,93.0,0.9879094488697099
2026-05-25,2026-05-25 11:42:56,V004,94.0,1.0600196942280977
2026-05-25,2026-05-25 11:42:57,V004,96.0,1.0241115494114905
2026-05-25,2026-05-25 11:42:58,V004,96.0,0.9990114915181181
2026-05-25,2026-05-25 11:42:59,V004,96.0,1.0158102598694982
2026-05-25,2026-05-25 11:43:00,V004,96.0,0.9944088656735167
2026-05-25,2026-05-25 11:43:01,V004,96.0,1.0066785277563544
2026-05-25,2026-05-25 11:43:02,V004,96.0,1.0185939834547446
2026-05-25,2026-05-25 11:43:03,V004,97.0,0.9940319982328294
2026-05-25,2026-05-25 11:43:04,V004,97.0,0.9960904381773835
2026-05-25,2026-05-25 11:43:05,V004,97.0,0.9900756909389845
2026-05-25,2026-05-25 11:43:06,V004,98.0,1.0169598614205209
2026-05-25,2026-05-25 11:43:07,V004,98.0,0.9967225394375953
2026-05-25,2026-05-25 11:43:08,V004,98.0,0.9857105802758679
2026-05-25,2026-05-25 11:43:09,V004,98.0,1.0722792323902577
2026-05-25,2026-05-25 11:43:10,V004,99.0,1.0031991389886636
2026-05-25,2026-05-25 11:43:11,V004,99.0,0.9978519310323346
2026-05-25,2026-05-25 11:43:12,V004,99.0,1.0021731225923007
2026-05-25,2026-05-25 11:43:13,V004,100.0,1.0143468788783845
2026-05-25,2026-05-25 11:43:14,V004,100.0,1.0033807980831
2026-05-25,2026-05-25 11:43:15,V004,100.0,1.0044166553186806
2026-05-25,2026-05-25 11:43:16,V004,100.0,0.9981320889051472
2026-05-25,2026-05-25 11:43:17,V004,101.0,0.9987953879850817
2026-05-25,2026-05-25 11:43:18,V004,101.0,0.995319023417263
2026-05-25,2026-05-25 11:43:19,V004,101.0,0.9983642139034123
2026-05-25,2026-05-25 11:43:20,V004,102.0,0.9945130139414307
2026-05-25,2026-05-25 11:43:21,V004,102.0,0.9996382989494305
2026-05-25,2026-05-25 11:43:22,V004,102.0,1.0182197524572458
2026-05-25,2026-05-25 11:43:23,V004,101.0,1.0003649052668855
2026-05-25,2026-05-25 11:43:24,V004,101.0,0.9993155753357781
2026-05-25,2026-05-25 11:43:25,V004,101.0,0.9947982173412361
2026-05-25,2026-05-25 11:43:26,V004,100.0,0.9982448830003724
2026-05-25,2026-05-25 11:43:27,V004,100.0,1.0061361432143339
2026-05-25,2026-05-25 11:43:28,V004,99.0,0.9827522700854602
2026-05-25,2026-05-25 11:43:29,V004,99.0,0.9893625920638601
2026-05-25,2026-05-25 11:43:30,V004,98.0,0.9987271671057151
2026-05-25,2026-05-25 11:43:31,V004,98.0,1.026728191501464
2026-05-25,2026-05-25 11:43:32,V004,98.0,1.0066273862863013
2026-05-25,2026-05-25 11:43:33,V004,98.0,0.9987751817186238
2026-05-25,2026-05-25 11:43:34,V004,98.0,1.0019920583081692
2026-05-25,2026-05-25 11:43:35,V004,98.0,0.9996006120793908
2026-05-25,2026-05-25 11:43:36,V004,98.0,0.9999871933070469
2026-05-25,2026-05-25 11:43:37,V004,98.0,0.9969264932758212
2026-05-25,2026-05-25 11:43:38,V004,98.0,0.9977121248572336
2026-05-25,2026-05-25 11:43:39,V004,98.0,0.9993304741381971
2026-05-25,2026-05-25 11:43:40,V004,97.0,0.9777353133433203
2026-05-25,2026-05-25 11:43:41,V004,97.0,0.9920008410179058
2026-05-25,2026-05-25 11:43:42,V004,97.0,1.0011441554847667
2026-05-25,2026-05-25 11:43:43,V004,97.0,
2026-05-25,2026-05-25 11:43:44,V004,96.0,
