Date,Timestamp,SensorID,HeartRate,AccNorm
2026-05-25,2026-05-25 11:09:24,V017,,1.0141353396733328
2026-05-25,2026-05-25 11:09:25,V017,,1.0148880586949087
2026-05-25,2026-05-25 11:09:26,V017,,1.0156998419722911
2026-05-25,2026-05-25 11:09:27,V017,,1.0150591441375016
2026-05-25,2026-05-25 11:09:28,V017,,1.0143481182948315
2026-05-25,2026-05-25 11:09:29,V017,,1.014604552105138
2026-05-25,2026-05-25 11:09:30,V017,,1.0141695357247396
2026-05-25,2026-05-25 11:09:31,V017,,1.0141261985719214
2026-05-25,2026-05-25 11:09:32,V017,,1.0147756937277532
2026-05-25,2026-05-25 11:09:33,V017,,1.0151221445737593
2026-05-25,2026-05-25 11:09:34,V017,,1.0143819086976937
2026-05-25,2026-05-25 11:09:35,V017,,1.013834713187106
2026-05-25,2026-05-25 11:09:36,V017,,1.0139581366369665
2026-05-25,2026-05-25 11:09:37,V017,,1.0141976661920504
2026-05-25,2026-05-25 11:09:38,V017,,1.0144673315863109
2026-05-25,2026-05-25 11:09:39,V017,,1.0148286121351933
2026-05-25,2026-05-25 11:09:40,V017,,1.0142345165356716
2026-05-25,2026-05-25 11:09:41,V017,,1.0140142559315855
2026-05-25,2026-05-25 11:09:42,V017,,1.0160151480582316
2026-05-25,2026-05-25 11:09:43,V017,,1.0126345206587497
2026-05-25,2026-05-25 11:09:44,V017,,1.0141589524587955
2026-05-25,2026-05-25 11:09:45,V017,,1.0140858317917603
2026-05-25,2026-05-25 11:09:46,V017,,1.0183362303629475
2026-05-25,2026-05-25 11:09:47,V017,,1.0150031030032778
2026-05-25,2026-05-25 11:09:48,V017,,1.0379156989339655
2026-05-25,2026-05-25 11:09:49,V017,,1.016177304965793
2026-05-25,2026-05-25 11:09:50,V017,,1.0143145189143545
2026-05-25,2026-05-25 11:09:51,V017,,1.0153405546798324
2026-05-25,2026-05-25 11:09:52,V017,,1.0148801687420588
2026-05-25,2026-05-25 11:09:53,V017,,1.0141212723285513
2026-05-25,2026-05-25 11:09:54,V017,,1.0140453585411526
2026-05-25,2026-05-25 11:09:55,V017,,1.014144673361673
2026-05-25,2026-05-25 11:09:56,V017,,1.015450103238234
2026-05-25,2026-05-25 11:09:57,V017,,1.013553678991374
2026-05-25,2026-05-25 11:09:58,V017,,1.0143195312947277
2026-05-25,2026-05-25 11:09:59,V017,,1.0144994013988557
2026-05-25,2026-05-25 11:10:00,V017,,1.015192453831815
2026-05-25,2026-05-25 11:10:01,V017,,1.0134934904327282
2026-05-25,2026-05-25 11:10:02,V017,,1.014243167218112
2026-05-25,2026-05-25 11:10:03,V017,,1.0152256226563283
2026-05-25,2026-05-25 11:10:04,V017,,1.0132587245526785
2026-05-25,2026-05-25 11:10:05,V017,,1.0148738496385572
2026-05-25,2026-05-25 11:10:06,V017,,1.0140717431710526
2026-05-25,2026-05-25 11:10:07,V017,,1.014625773293507
2026-05-25,2026-05-25 11:10:08,V017,,1.0138919040798635
2026-05-25,2026-05-25 11:10:09,V017,,1.014569786449019
2026-05-25,2026-05-25 11:10:10,V017,,1.0145907232328026
2026-05-25,2026-05-25 11:10:11,V017,,1.016071096373659
2026-05-25,2026-05-25 11:10:12,V017,,1.0152386807236606
2026-05-25,2026-05-25 11:10:13,V017,,1.0139335468953727
2026-05-25,2026-05-25 11:10:14,V017,,1.014699363031033
2026-05-25,2026-05-25 11:10:15,V017,,1.0102132472191245
2026-05-25,2026-05-25 11:10:16,V017,,1.0160820512629447
2026-05-25,2026-05-25 11:10:17,V017,,1.0150530368466917
2026-05-25,2026-05-25 11:10:18,V017,,1.0155950676441556
2026-05-25,2026-05-25 11:10:19,V017,,1.0152197854668474
2026-05-25,2026-05-25 11:10:20,V017,,1.0183823360964113
2026-05-25,2026-05-25 11:10:21,V017,,1.0187666906706803
2026-05-25,2026-05-25 11:10:22,V017,,1.1630802710425088
2026-05-25,2026-05-25 11:10:23,V017,,1.0130377907047603
2026-05-25,2026-05-25 11:10:24,V017,,1.0143478176852396
2026-05-25,2026-05-25 11:10:25,V017,,1.0137294941183956
2026-05-25,2026-05-25 11:10:26,V017,,1.0139649732801563
2026-05-25,2026-05-25 11:10:27,V017,,1.0140703527465218
2026-05-25,2026-05-25 11:10:28,V017,,1.0139280773929713
2026-05-25,2026-05-25 11:10:29,V017,,1.0141470654375637
2026-05-25,2026-05-25 11:10:30,V017,,1.0097548937669623
2026-05-25,2026-05-25 11:10:31,V017,,1.0126957046168306
2026-05-25,2026-05-25 11:10:32,V017,,1.0153933238277582
2026-05-25,2026-05-25 11:10:33,V017,,1.013839455444765
2026-05-25,2026-05-25 11:10:34,V017,,1.013426790366256
2026-05-25,2026-05-25 11:10:35,V017,,1.013907553656194
2026-05-25,2026-05-25 11:10:36,V017,,1.0132373197517819
2026-05-25,2026-05-25 11:10:37,V017,,1.0133940077798431
2026-05-25,2026-05-25 11:10:38,V017,,1.0139758565745398
2026-05-25,2026-05-25 11:10:39,V017,,1.0139616977982384
2026-05-25,2026-05-25 11:10:40,V017,,1.0136279328682636
2026-05-25,2026-05-25 11:10:41,V017,,1.0194680140437937
2026-05-25,2026-05-25 11:10:42,V017,,1.0969436013951925
2026-05-25,2026-05-25 11:10:43,V017,,0.9701834642448177
2026-05-25,2026-05-25 11:10:44,V017,,1.0095234187450628
2026-05-25,2026-05-25 11:10:45,V017,,1.024993098876953
2026-05-25,2026-05-25 11:10:46,V017,,1.0347813657948346
2026-05-25,2026-05-25 11:10:47,V017,,1.0157074400105575
2026-05-25,2026-05-25 11:10:48,V017,,1.007172885716782
2026-05-25,2026-05-25 11:10:49,V017,,1.0166088477573962
2026-05-25,2026-05-25 11:10:50,V017,,1.0129244695367705
2026-05-25,2026-05-25 11:10:51,V017,,1.0137404470507823
2026-05-25,2026-05-25 11:10:52,V017,,1.0172930151154218
2026-05-25,2026-05-25 11:10:53,V017,,0.9718176897317625
2026-05-25,2026-05-25 11:10:54,V017,99.0,0.9852186088044903
2026-05-25,2026-05-25 11:10:55,V017,99.0,1.0130804284906103
2026-05-25,2026-05-25 11:10:56,V017,99.0,1.0116830833943178
2026-05-25,2026-05-25 11:10:57,V017,98.0,1.0133667701261857
2026-05-25,2026-05-25 11:10:58,V017,98.0,1.013065794221266
2026-05-25,2026-05-25 11:10:59,V017,98.0,1.0127103992674673
2026-05-25,2026-05-25 11:11:00,V017,98.0,1.012426941593779
2026-05-25,2026-05-25 11:11:01,V017,97.0,1.0127321137964302
2026-05-25,2026-05-25 11:11:02,V017,97.0,1.0125300026985713
2026-05-25,2026-05-25 11:11:03,V017,97.0,1.0129105524831628
2026-05-25,2026-05-25 11:11:04,V017,97.0,1.012272855465733
2026-05-25,2026-05-25 11:11:05,V017,97.0,1.011550907760136
2026-05-25,2026-05-25 11:11:06,V017,97.0,1.013184453873435
2026-05-25,2026-05-25 11:11:07,V017,96.0,1.0123025855330219
2026-05-25,2026-05-25 11:11:08,V017,96.0,1.0127849250975147
2026-05-25,2026-05-25 11:11:09,V017,96.0,1.0128676925379103
2026-05-25,2026-05-25 11:11:10,V017,96.0,1.0113496260224373
2026-05-25,2026-05-25 11:11:11,V017,96.0,1.0121964962864063
2026-05-25,2026-05-25 11:11:12,V017,95.0,1.0131690077618691
2026-05-25,2026-05-25 11:11:13,V017,95.0,1.0123275449548736
2026-05-25,2026-05-25 11:11:14,V017,94.0,1.012173398198512
2026-05-25,2026-05-25 11:11:15,V017,94.0,1.0123461087935708
2026-05-25,2026-05-25 11:11:16,V017,94.0,1.0119892375597848
2026-05-25,2026-05-25 11:11:17,V017,93.0,1.011789140391566
2026-05-25,2026-05-25 11:11:18,V017,93.0,1.0122008870218429
2026-05-25,2026-05-25 11:11:19,V017,93.0,1.0141487476304227
2026-05-25,2026-05-25 11:11:20,V017,93.0,1.012402047083824
2026-05-25,2026-05-25 11:11:21,V017,93.0,1.012662974643778
2026-05-25,2026-05-25 11:11:22,V017,93.0,1.0123924174233954
2026-05-25,2026-05-25 11:11:23,V017,93.0,1.0183795078466364
2026-05-25,2026-05-25 11:11:24,V017,92.0,1.0125398687767302
2026-05-25,2026-05-25 11:11:25,V017,92.0,1.012522335677695
2026-05-25,2026-05-25 11:11:26,V017,92.0,1.0120015158740814
2026-05-25,2026-05-25 11:11:27,V017,92.0,1.012926304886278
2026-05-25,2026-05-25 11:11:28,V017,92.0,1.0112500182194029
2026-05-25,2026-05-25 11:11:29,V017,92.0,1.0122853468414414
2026-05-25,2026-05-25 11:11:30,V017,91.0,1.0129223783009507
2026-05-25,2026-05-25 11:11:31,V017,91.0,1.012098017837652
2026-05-25,2026-05-25 11:11:32,V017,91.0,1.0134245255398733
2026-05-25,2026-05-25 11:11:33,V017,91.0,1.0118910975276187
2026-05-25,2026-05-25 11:11:34,V017,90.0,1.0121663505600278
2026-05-25,2026-05-25 11:11:35,V017,90.0,1.0124527106289063
2026-05-25,2026-05-25 11:11:36,V017,89.0,1.0120658056670517
2026-05-25,2026-05-25 11:11:37,V017,88.0,1.011279401504395
2026-05-25,2026-05-25 11:11:38,V017,87.0,1.0125915647206676
2026-05-25,2026-05-25 11:11:39,V017,87.0,1.0128368491176816
2026-05-25,2026-05-25 11:11:40,V017,86.0,1.0129134715840062
2026-05-25,2026-05-25 11:11:41,V017,86.0,1.0120144269233877
2026-05-25,2026-05-25 11:11:42,V017,85.0,1.013273312416426
2026-05-25,2026-05-25 11:11:43,V017,85.0,1.0138666340222866
2026-05-25,2026-05-25 11:11:44,V017,84.0,1.0129802249160988
2026-05-25,2026-05-25 11:11:45,V017,84.0,1.0114456444744873
2026-05-25,2026-05-25 11:11:46,V017,83.0,1.013717747465947
2026-05-25,2026-05-25 11:11:47,V017,83.0,1.0106689144731007
2026-05-25,2026-05-25 11:11:48,V017,82.0,1.0123950132003243
2026-05-25,2026-05-25 11:11:49,V017,81.0,1.012479496484768
2026-05-25,2026-05-25 11:11:50,V017,81.0,1.011758817460575
2026-05-25,2026-05-25 11:11:51,V017,81.0,1.01164795258179
2026-05-25,2026-05-25 11:11:52,V017,80.0,1.0125506044863664
2026-05-25,2026-05-25 11:11:53,V017,80.0,1.0116808613503765
2026-05-25,2026-05-25 11:11:54,V017,80.0,1.0131008932680232
2026-05-25,2026-05-25 11:11:55,V017,80.0,1.0122517219144505
2026-05-25,2026-05-25 11:11:56,V017,80.0,1.0120774303046216
2026-05-25,2026-05-25 11:11:57,V017,80.0,1.0126729741373275
2026-05-25,2026-05-25 11:11:58,V017,79.0,1.0128192747256946
2026-05-25,2026-05-25 11:11:59,V017,79.0,1.0127574695339312
2026-05-25,2026-05-25 11:12:00,V017,78.0,1.0119334796422554
2026-05-25,2026-05-25 11:12:01,V017,78.0,1.012119107162561
2026-05-25,2026-05-25 11:12:02,V017,78.0,1.0124778804655277
2026-05-25,2026-05-25 11:12:03,V017,78.0,1.0134646240621075
2026-05-25,2026-05-25 11:12:04,V017,78.0,1.0127847400540144
2026-05-25,2026-05-25 11:12:05,V017,78.0,1.012453319152784
2026-05-25,2026-05-25 11:12:06,V017,78.0,1.0119950803384876
2026-05-25,2026-05-25 11:12:07,V017,77.0,1.0129806230521359
2026-05-25,2026-05-25 11:12:08,V017,77.0,1.012618795132129
2026-05-25,2026-05-25 11:12:09,V017,77.0,1.011890037131918
2026-05-25,2026-05-25 11:12:10,V017,77.0,1.011885689198083
2026-05-25,2026-05-25 11:12:11,V017,77.0,1.013073273216997
2026-05-25,2026-05-25 11:12:12,V017,77.0,1.0115757896599948
2026-05-25,2026-05-25 11:12:13,V017,77.0,1.0124263685214059
2026-05-25,2026-05-25 11:12:14,V017,77.0,1.012291706282164
2026-05-25,2026-05-25 11:12:15,V017,76.0,1.0115826477865382
2026-05-25,2026-05-25 11:12:16,V017,76.0,1.0182445759751284
2026-05-25,2026-05-25 11:12:17,V017,75.0,1.0133953690457593
2026-05-25,2026-05-25 11:12:18,V017,74.0,1.0123516020759846
2026-05-25,2026-05-25 11:12:19,V017,73.0,1.0126602839170742
2026-05-25,2026-05-25 11:12:20,V017,72.0,1.0127573333003277
2026-05-25,2026-05-25 11:12:21,V017,71.0,1.012544395497865
2026-05-25,2026-05-25 11:12:22,V017,71.0,1.0119678394157918
2026-05-25,2026-05-25 11:12:23,V017,72.0,1.0126380576407956
2026-05-25,2026-05-25 11:12:24,V017,72.0,1.0120845369499631
2026-05-25,2026-05-25 11:12:25,V017,73.0,1.0124866913622366
2026-05-25,2026-05-25 11:12:26,V017,73.0,1.0124038013450218
2026-05-25,2026-05-25 11:12:27,V017,74.0,1.0127655784646086
2026-05-25,2026-05-25 11:12:28,V017,73.0,1.0117361880577047
2026-05-25,2026-05-25 11:12:29,V017,73.0,1.0113984085143053
2026-05-25,2026-05-25 11:12:30,V017,73.0,1.013554687608912
2026-05-25,2026-05-25 11:12:31,V017,73.0,1.0106868628689403
2026-05-25,2026-05-25 11:12:32,V017,73.0,1.0461978726202903
2026-05-25,2026-05-25 11:12:33,V017,72.0,1.0121426524080426
2026-05-25,2026-05-25 11:12:34,V017,72.0,1.0126842834775116
2026-05-25,2026-05-25 11:12:35,V017,72.0,1.010900908688702
2026-05-25,2026-05-25 11:12:36,V017,72.0,1.0122172592980434
2026-05-25,2026-05-25 11:12:37,V017,72.0,1.0123771147949083
2026-05-25,2026-05-25 11:12:38,V017,72.0,1.011773562472661
2026-05-25,2026-05-25 11:12:39,V017,71.0,1.0122449519311407
2026-05-25,2026-05-25 11:12:40,V017,71.0,1.0125624850584605
2026-05-25,2026-05-25 11:12:41,V017,70.0,1.011991217666984
2026-05-25,2026-05-25 11:12:42,V017,69.0,1.0120133094137214
2026-05-25,2026-05-25 11:12:43,V017,69.0,1.0120984937730426
2026-05-25,2026-05-25 11:12:44,V017,69.0,1.0121306885165102
2026-05-25,2026-05-25 11:12:45,V017,69.0,1.011942156280412
2026-05-25,2026-05-25 11:12:46,V017,69.0,1.012427170276382
2026-05-25,2026-05-25 11:12:47,V017,69.0,1.0120995128478891
2026-05-25,2026-05-25 11:12:48,V017,68.0,1.011999285608215
2026-05-25,2026-05-25 11:12:49,V017,68.0,1.012234424191019
2026-05-25,2026-05-25 11:12:50,V017,68.0,1.012129539369992
2026-05-25,2026-05-25 11:12:51,V017,68.0,1.0126677800669845
2026-05-25,2026-05-25 11:12:52,V017,67.0,1.011478787994111
2026-05-25,2026-05-25 11:12:53,V017,67.0,1.0146317980190451
2026-05-25,2026-05-25 11:12:54,V017,67.0,1.012432321149865
2026-05-25,2026-05-25 11:12:55,V017,67.0,1.0124255694491797
2026-05-25,2026-05-25 11:12:56,V017,67.0,1.0122498411902918
2026-05-25,2026-05-25 11:12:57,V017,68.0,1.0128456007241589
2026-05-25,2026-05-25 11:12:58,V017,67.0,1.012204281886521
2026-05-25,2026-05-25 11:12:59,V017,67.0,1.0120920778168077
2026-05-25,2026-05-25 11:13:00,V017,67.0,1.010816411057974
2026-05-25,2026-05-25 11:13:01,V017,68.0,1.0135502837770272
2026-05-25,2026-05-25 11:13:02,V017,67.0,1.0118568402103973
2026-05-25,2026-05-25 11:13:03,V017,67.0,1.0120007361925512
2026-05-25,2026-05-25 11:13:04,V017,67.0,1.0111731310883658
2026-05-25,2026-05-25 11:13:05,V017,66.0,1.0123594243683665
2026-05-25,2026-05-25 11:13:06,V017,65.0,1.0128340007954013
2026-05-25,2026-05-25 11:13:07,V017,65.0,1.0123528872402041
2026-05-25,2026-05-25 11:13:08,V017,64.0,1.0123685417080739
2026-05-25,2026-05-25 11:13:09,V017,64.0,1.01363626861145
2026-05-25,2026-05-25 11:13:10,V017,64.0,1.0122236397759017
2026-05-25,2026-05-25 11:13:11,V017,64.0,1.012786021651987
2026-05-25,2026-05-25 11:13:12,V017,64.0,1.0121317735865392
2026-05-25,2026-05-25 11:13:13,V017,65.0,1.0121651553576494
2026-05-25,2026-05-25 11:13:14,V017,65.0,1.0128270610861303
2026-05-25,2026-05-25 11:13:15,V017,65.0,1.011962428214167
2026-05-25,2026-05-25 11:13:16,V017,66.0,1.012839139697495
2026-05-25,2026-05-25 11:13:17,V017,66.0,1.0119013768144773
2026-05-25,2026-05-25 11:13:18,V017,67.0,1.0128872851893882
2026-05-25,2026-05-25 11:13:19,V017,67.0,1.0125645571313824
2026-05-25,2026-05-25 11:13:20,V017,67.0,1.012048267284352
2026-05-25,2026-05-25 11:13:21,V017,67.0,1.012054050321632
2026-05-25,2026-05-25 11:13:22,V017,67.0,1.0121133708562815
2026-05-25,2026-05-25 11:13:23,V017,67.0,1.0117837279508246
2026-05-25,2026-05-25 11:13:24,V017,66.0,1.0124428143654014
2026-05-25,2026-05-25 11:13:25,V017,65.0,1.0116749513904828
2026-05-25,2026-05-25 11:13:26,V017,65.0,1.0123441554857415
2026-05-25,2026-05-25 11:13:27,V017,65.0,1.0122809493833176
2026-05-25,2026-05-25 11:13:28,V017,64.0,1.012308464737681
2026-05-25,2026-05-25 11:13:29,V017,64.0,1.012296211998044
2026-05-25,2026-05-25 11:13:30,V017,63.0,1.0138037638733155
2026-05-25,2026-05-25 11:13:31,V017,63.0,1.011807629250932
2026-05-25,2026-05-25 11:13:32,V017,63.0,1.0119638924898378
2026-05-25,2026-05-25 11:13:33,V017,63.0,1.0128356566815448
2026-05-25,2026-05-25 11:13:34,V017,63.0,1.012791835507417
2026-05-25,2026-05-25 11:13:35,V017,63.0,1.0122065135708644
2026-05-25,2026-05-25 11:13:36,V017,63.0,1.011752711748842
2026-05-25,2026-05-25 11:13:37,V017,62.0,1.0123410046378403
2026-05-25,2026-05-25 11:13:38,V017,61.0,1.012690302536275
2026-05-25,2026-05-25 11:13:39,V017,61.0,1.0120808379895423
2026-05-25,2026-05-25 11:13:40,V017,60.0,1.0125734963636983
2026-05-25,2026-05-25 11:13:41,V017,57.0,1.0116840654647778
2026-05-25,2026-05-25 11:13:42,V017,56.0,1.0123174241468995
2026-05-25,2026-05-25 11:13:43,V017,56.0,1.0118414337478157
2026-05-25,2026-05-25 11:13:44,V017,57.0,1.0133032236231012
2026-05-25,2026-05-25 11:13:45,V017,57.0,1.0119085252308042
2026-05-25,2026-05-25 11:13:46,V017,56.0,1.0126243198679707
2026-05-25,2026-05-25 11:13:47,V017,56.0,1.0105027670139206
2026-05-25,2026-05-25 11:13:48,V017,56.0,1.012002078850099
2026-05-25,2026-05-25 11:13:49,V017,55.0,1.0125005750685405
2026-05-25,2026-05-25 11:13:50,V017,55.0,1.0126554476443805
2026-05-25,2026-05-25 11:13:51,V017,54.0,1.012328256734362
2026-05-25,2026-05-25 11:13:52,V017,54.0,1.0119170016440837
2026-05-25,2026-05-25 11:13:53,V017,54.0,1.0122249768000493
2026-05-25,2026-05-25 11:13:54,V017,54.0,1.0123542398604177
2026-05-25,2026-05-25 11:13:55,V017,54.0,1.0131364586288198
2026-05-25,2026-05-25 11:13:56,V017,54.0,1.012549042913601
2026-05-25,2026-05-25 11:13:57,V017,55.0,1.012444595915585
2026-05-25,2026-05-25 11:13:58,V017,55.0,1.012093073757679
2026-05-25,2026-05-25 11:13:59,V017,55.0,1.01185573440033
2026-05-25,2026-05-25 11:14:00,V017,54.0,1.0123384559924473
2026-05-25,2026-05-25 11:14:01,V017,54.0,1.0116771579783275
2026-05-25,2026-05-25 11:14:02,V017,54.0,1.0123785508622765
2026-05-25,2026-05-25 11:14:03,V017,53.0,1.0115278434369945
2026-05-25,2026-05-25 11:14:04,V017,53.0,1.0165009635873732
2026-05-25,2026-05-25 11:14:05,V017,53.0,1.0110614215781824
2026-05-25,2026-05-25 11:14:06,V017,53.0,1.0124629573755264
2026-05-25,2026-05-25 11:14:07,V017,52.0,1.0119896905436339
2026-05-25,2026-05-25 11:14:08,V017,51.0,1.017972777441044
2026-05-25,2026-05-25 11:14:09,V017,50.0,1.0118536429320577
2026-05-25,2026-05-25 11:14:10,V017,49.0,1.012475704506281
2026-05-25,2026-05-25 11:14:11,V017,49.0,1.0130749959711616
2026-05-25,2026-05-25 11:14:12,V017,49.0,1.0116717780001123
2026-05-25,2026-05-25 11:14:13,V017,48.0,1.0121937567724661
2026-05-25,2026-05-25 11:14:14,V017,48.0,1.013344314421108
2026-05-25,2026-05-25 11:14:15,V017,48.0,1.014030508326226
2026-05-25,2026-05-25 11:14:16,V017,48.0,1.012327591020732
2026-05-25,2026-05-25 11:14:17,V017,48.0,1.0147241318857687
2026-05-25,2026-05-25 11:14:18,V017,49.0,1.0113898693089336
2026-05-25,2026-05-25 11:14:19,V017,49.0,1.0131643501294885
2026-05-25,2026-05-25 11:14:20,V017,48.0,1.0117852172816588
2026-05-25,2026-05-25 11:14:21,V017,48.0,1.0144379888095605
2026-05-25,2026-05-25 11:14:22,V017,48.0,1.01078782618597
2026-05-25,2026-05-25 11:14:23,V017,48.0,1.010513533338669
2026-05-25,2026-05-25 11:14:24,V017,48.0,1.0137428512673439
2026-05-25,2026-05-25 11:14:25,V017,49.0,1.0124719963821283
2026-05-25,2026-05-25 11:14:26,V017,48.0,1.013291739269829
2026-05-25,2026-05-25 11:14:27,V017,48.0,1.012380151412939
2026-05-25,2026-05-25 11:14:28,V017,47.0,1.0120983931085363
2026-05-25,2026-05-25 11:14:29,V017,47.0,1.0111552434032307
2026-05-25,2026-05-25 11:14:30,V017,47.0,1.0129945901753015
2026-05-25,2026-05-25 11:14:31,V017,48.0,1.012390037764565
2026-05-25,2026-05-25 11:14:32,V017,48.0,1.0094075742040725
2026-05-25,2026-05-25 11:14:33,V017,48.0,1.0094938262289315
2026-05-25,2026-05-25 11:14:34,V017,49.0,1.0179579692563692
2026-05-25,2026-05-25 11:14:35,V017,50.0,1.0167105806068242
2026-05-25,2026-05-25 11:14:36,V017,51.0,1.0127398421021476
2026-05-25,2026-05-25 11:14:37,V017,52.0,1.0165660924458897
2026-05-25,2026-05-25 11:14:38,V017,51.0,1.0157960855590478
2026-05-25,2026-05-25 11:14:39,V017,50.0,1.012541716852579
2026-05-25,2026-05-25 11:14:40,V017,49.0,1.0083389766034478
2026-05-25,2026-05-25 11:14:41,V017,48.0,1.0137288338930546
2026-05-25,2026-05-25 11:14:42,V017,49.0,1.0131253399094284
2026-05-25,2026-05-25 11:14:43,V017,49.0,1.0129929875096193
2026-05-25,2026-05-25 11:14:44,V017,50.0,1.013479705808154
2026-05-25,2026-05-25 11:14:45,V017,51.0,1.0161966474057673
2026-05-25,2026-05-25 11:14:46,V017,51.0,1.0140470605665146
2026-05-25,2026-05-25 11:14:47,V017,52.0,1.0128896161099925
2026-05-25,2026-05-25 11:14:48,V017,52.0,1.0159576130300445
2026-05-25,2026-05-25 11:14:49,V017,52.0,1.0125201628251825
2026-05-25,2026-05-25 11:14:50,V017,53.0,1.0239695767164922
2026-05-25,2026-05-25 11:14:51,V017,54.0,1.0124340451196945
2026-05-25,2026-05-25 11:14:52,V017,55.0,1.0121986493297723
2026-05-25,2026-05-25 11:14:53,V017,55.0,1.0130105339225377
2026-05-25,2026-05-25 11:14:54,V017,55.0,1.0135311803356633
2026-05-25,2026-05-25 11:14:55,V017,55.0,1.0163499202486215
2026-05-25,2026-05-25 11:14:56,V017,56.0,1.0115660139827012
2026-05-25,2026-05-25 11:14:57,V017,56.0,1.0156950350787874
2026-05-25,2026-05-25 11:14:58,V017,56.0,1.012427420006995
2026-05-25,2026-05-25 11:14:59,V017,56.0,1.0132161780391267
2026-05-25,2026-05-25 11:15:00,V017,55.0,1.0127600593952857
2026-05-25,2026-05-25 11:15:01,V017,55.0,1.0136925527996654
2026-05-25,2026-05-25 11:15:02,V017,55.0,1.013030197874123
2026-05-25,2026-05-25 11:15:03,V017,54.0,1.0154918813256752
2026-05-25,2026-05-25 11:15:04,V017,55.0,1.0097026748292148
2026-05-25,2026-05-25 11:15:05,V017,55.0,1.0123514802457385
2026-05-25,2026-05-25 11:15:06,V017,55.0,1.011072144456842
2026-05-25,2026-05-25 11:15:07,V017,55.0,1.010855004251802
2026-05-25,2026-05-25 11:15:08,V017,55.0,1.0117029014216985
2026-05-25,2026-05-25 11:15:09,V017,54.0,1.0098312725547292
2026-05-25,2026-05-25 11:15:10,V017,54.0,1.0125680276509506
2026-05-25,2026-05-25 11:15:11,V017,54.0,1.011535486543757
2026-05-25,2026-05-25 11:15:12,V017,53.0,1.0124578041566559
2026-05-25,2026-05-25 11:15:13,V017,53.0,1.0150240755319269
2026-05-25,2026-05-25 11:15:14,V017,52.0,1.0113864198721063
2026-05-25,2026-05-25 11:15:15,V017,52.0,1.0179718335205326
2026-05-25,2026-05-25 11:15:16,V017,52.0,1.0109002089599395
2026-05-25,2026-05-25 11:15:17,V017,51.0,1.1474980660502465
2026-05-25,2026-05-25 11:15:18,V017,50.0,1.0606703330978677
2026-05-25,2026-05-25 11:15:19,V017,49.0,0.9505659236268094
2026-05-25,2026-05-25 11:15:20,V017,49.0,1.041561591997147
2026-05-25,2026-05-25 11:15:21,V017,50.0,1.0474832071107911
2026-05-25,2026-05-25 11:15:22,V017,50.0,0.9996620374804411
2026-05-25,2026-05-25 11:15:23,V017,50.0,1.0433196500898465
2026-05-25,2026-05-25 11:15:24,V017,50.0,1.0617057808754773
2026-05-25,2026-05-25 11:15:25,V017,50.0,1.0666781635874103
2026-05-25,2026-05-25 11:15:26,V017,51.0,1.0081935484006592
2026-05-25,2026-05-25 11:15:27,V017,51.0,1.0457989512016266
2026-05-25,2026-05-25 11:15:28,V017,52.0,0.9969402918676227
2026-05-25,2026-05-25 11:15:29,V017,52.0,1.1170726209801478
2026-05-25,2026-05-25 11:15:30,V017,52.0,1.0073515961954227
2026-05-25,2026-05-25 11:15:31,V017,52.0,1.0762754907025944
2026-05-25,2026-05-25 11:15:32,V017,52.0,1.0307098608768401
2026-05-25,2026-05-25 11:15:33,V017,52.0,1.0532274290093455
2026-05-25,2026-05-25 11:15:34,V017,53.0,1.0340571638029699
2026-05-25,2026-05-25 11:15:35,V017,54.0,1.0848477584730953
2026-05-25,2026-05-25 11:15:36,V017,56.0,0.9936541217799948
2026-05-25,2026-05-25 11:15:37,V017,58.0,1.0727661849035701
2026-05-25,2026-05-25 11:15:38,V017,60.0,1.0329191807300306
2026-05-25,2026-05-25 11:15:39,V017,61.0,1.0747121756216265
2026-05-25,2026-05-25 11:15:40,V017,61.0,1.0557650689185518
2026-05-25,2026-05-25 11:15:41,V017,61.0,1.0418625719079302
2026-05-25,2026-05-25 11:15:42,V017,61.0,1.0616445818425142
2026-05-25,2026-05-25 11:15:43,V017,61.0,1.013516918988224
2026-05-25,2026-05-25 11:15:44,V017,61.0,1.0148675185275444
2026-05-25,2026-05-25 11:15:45,V017,61.0,1.0052162259586517
2026-05-25,2026-05-25 11:15:46,V017,,1.004054938560154
2026-05-25,2026-05-25 11:15:47,V017,,1.003940820036973
2026-05-25,2026-05-25 11:15:48,V017,61.0,1.0385515703201933
2026-05-25,2026-05-25 11:15:49,V017,61.0,1.0055356580035
2026-05-25,2026-05-25 11:15:50,V017,61.0,1.0022432742780776
2026-05-25,2026-05-25 11:15:51,V017,61.0,1.0308457705176515
2026-05-25,2026-05-25 11:15:52,V017,62.0,1.0317677481244243
2026-05-25,2026-05-25 11:15:53,V017,62.0,1.015068771900505
2026-05-25,2026-05-25 11:15:54,V017,62.0,1.0368456102980308
2026-05-25,2026-05-25 11:15:55,V017,62.0,1.0085374539539287
2026-05-25,2026-05-25 11:15:56,V017,63.0,0.9975610403796343
2026-05-25,2026-05-25 11:15:57,V017,63.0,1.0351426845884957
2026-05-25,2026-05-25 11:15:58,V017,63.0,1.0370517739118972
2026-05-25,2026-05-25 11:15:59,V017,63.0,1.0558979587596338
2026-05-25,2026-05-25 11:16:00,V017,64.0,1.0316421571831942
2026-05-25,2026-05-25 11:16:01,V017,66.0,1.0574838421526256
2026-05-25,2026-05-25 11:16:02,V017,67.0,1.137651848197753
2026-05-25,2026-05-25 11:16:03,V017,67.0,1.2164123263120432
2026-05-25,2026-05-25 11:16:04,V017,67.0,1.146536011050057
2026-05-25,2026-05-25 11:16:05,V017,68.0,1.102462350474575
2026-05-25,2026-05-25 11:16:06,V017,69.0,1.0992141400489963
2026-05-25,2026-05-25 11:16:07,V017,69.0,1.0981688291781182
2026-05-25,2026-05-25 11:16:08,V017,69.0,1.1604162222836503
2026-05-25,2026-05-25 11:16:09,V017,70.0,1.0667710025902664
2026-05-25,2026-05-25 11:16:10,V017,70.0,1.0454504524824564
2026-05-25,2026-05-25 11:16:11,V017,70.0,0.94864934055421
2026-05-25,2026-05-25 11:16:12,V017,70.0,0.9655578566027195
2026-05-25,2026-05-25 11:16:13,V017,71.0,1.011175718982213
2026-05-25,2026-05-25 11:16:14,V017,71.0,0.9922103474345745
2026-05-25,2026-05-25 11:16:15,V017,71.0,1.0274833060406794
2026-05-25,2026-05-25 11:16:16,V017,71.0,1.0305367392690044
2026-05-25,2026-05-25 11:16:17,V017,72.0,1.0036197068964015
2026-05-25,2026-05-25 11:16:18,V017,72.0,1.010818511700468
2026-05-25,2026-05-25 11:16:19,V017,72.0,1.0046267588527424
2026-05-25,2026-05-25 11:16:20,V017,73.0,1.0057632119553825
2026-05-25,2026-05-25 11:16:21,V017,73.0,0.9966865904362068
2026-05-25,2026-05-25 11:16:22,V017,73.0,1.0638619771030091
2026-05-25,2026-05-25 11:16:23,V017,73.0,1.0315236543541713
2026-05-25,2026-05-25 11:16:24,V017,74.0,0.9593697668388625
2026-05-25,2026-05-25 11:16:25,V017,74.0,1.0017943142988703
2026-05-25,2026-05-25 11:16:26,V017,74.0,0.9983343624357637
2026-05-25,2026-05-25 11:16:27,V017,74.0,0.9875597328794844
2026-05-25,2026-05-25 11:16:28,V017,74.0,0.9886673199065997
2026-05-25,2026-05-25 11:16:29,V017,74.0,0.9940426935518397
2026-05-25,2026-05-25 11:16:30,V017,74.0,0.9539659577451352
2026-05-25,2026-05-25 11:16:31,V017,75.0,0.9915202756846128
2026-05-25,2026-05-25 11:16:32,V017,74.0,0.997453219758453
2026-05-25,2026-05-25 11:16:33,V017,74.0,0.9955358149980921
2026-05-25,2026-05-25 11:16:34,V017,73.0,0.9842958612994676
2026-05-25,2026-05-25 11:16:35,V017,71.0,0.9863389964742869
2026-05-25,2026-05-25 11:16:36,V017,70.0,0.9875558922085823
2026-05-25,2026-05-25 11:16:37,V017,70.0,0.9882525536195615
2026-05-25,2026-05-25 11:16:38,V017,68.0,0.9910005639723205
2026-05-25,2026-05-25 11:16:39,V017,66.0,1.0079889102316923
2026-05-25,2026-05-25 11:16:40,V017,65.0,1.012629238568977
2026-05-25,2026-05-25 11:16:41,V017,65.0,1.0042676020630354
2026-05-25,2026-05-25 11:16:42,V017,65.0,1.0106779189293922
2026-05-25,2026-05-25 11:16:43,V017,63.0,1.0097036767128238
2026-05-25,2026-05-25 11:16:44,V017,63.0,1.0087997101545227
2026-05-25,2026-05-25 11:16:45,V017,63.0,1.113488678222522
2026-05-25,2026-05-25 11:16:46,V017,62.0,0.9577937327660843
2026-05-25,2026-05-25 11:16:47,V017,61.0,1.0122920409204577
2026-05-25,2026-05-25 11:16:48,V017,61.0,0.9979297264768635
2026-05-25,2026-05-25 11:16:49,V017,61.0,0.9932378878382068
2026-05-25,2026-05-25 11:16:50,V017,61.0,1.0471524888515078
2026-05-25,2026-05-25 11:16:51,V017,61.0,0.9442832648426674
2026-05-25,2026-05-25 11:16:52,V017,61.0,1.0425812124044667
2026-05-25,2026-05-25 11:16:53,V017,61.0,0.977359440121025
2026-05-25,2026-05-25 11:16:54,V017,60.0,1.016450707703601
2026-05-25,2026-05-25 11:16:55,V017,59.0,0.9666910292161066
2026-05-25,2026-05-25 11:16:56,V017,59.0,0.9911180730043117
2026-05-25,2026-05-25 11:16:57,V017,59.0,1.0167748471190239
2026-05-25,2026-05-25 11:16:58,V017,58.0,1.0103383778478734
2026-05-25,2026-05-25 11:16:59,V017,58.0,1.129298588031005
2026-05-25,2026-05-25 11:17:00,V017,58.0,0.9608408123088172
2026-05-25,2026-05-25 11:17:01,V017,58.0,1.0206272527367124
2026-05-25,2026-05-25 11:17:02,V017,58.0,0.9433566728987901
2026-05-25,2026-05-25 11:17:03,V017,58.0,1.0178659685195042
2026-05-25,2026-05-25 11:17:04,V017,58.0,0.9784939883481001
2026-05-25,2026-05-25 11:17:05,V017,58.0,1.003344117910234
2026-05-25,2026-05-25 11:17:06,V017,58.0,1.010332605342892
2026-05-25,2026-05-25 11:17:07,V017,59.0,0.9693223869593207
2026-05-25,2026-05-25 11:17:08,V017,59.0,0.9687825825475742
2026-05-25,2026-05-25 11:17:09,V017,59.0,0.9660382920398566
2026-05-25,2026-05-25 11:17:10,V017,59.0,0.9590784296883068
2026-05-25,2026-05-25 11:17:11,V017,60.0,0.9609971760446405
2026-05-25,2026-05-25 11:17:12,V017,60.0,0.9604936620146557
2026-05-25,2026-05-25 11:17:13,V017,60.0,0.960494333895304
2026-05-25,2026-05-25 11:17:14,V017,60.0,0.9544679191458464
2026-05-25,2026-05-25 11:17:15,V017,60.0,0.9580768655945779
2026-05-25,2026-05-25 11:17:16,V017,60.0,0.9579236360584867
2026-05-25,2026-05-25 11:17:17,V017,60.0,0.957699277227468
2026-05-25,2026-05-25 11:17:18,V017,60.0,0.9569632145937514
2026-05-25,2026-05-25 11:17:19,V017,59.0,0.9574350402035943
2026-05-25,2026-05-25 11:17:20,V017,59.0,0.954885277695776
2026-05-25,2026-05-25 11:17:21,V017,59.0,0.9623335693730148
2026-05-25,2026-05-25 11:17:22,V017,58.0,0.9630213989209527
2026-05-25,2026-05-25 11:17:23,V017,58.0,0.9621977773336773
2026-05-25,2026-05-25 11:17:24,V017,57.0,0.9609670245026087
2026-05-25,2026-05-25 11:17:25,V017,57.0,0.957336518075424
2026-05-25,2026-05-25 11:17:26,V017,57.0,0.9590272374663803
2026-05-25,2026-05-25 11:17:27,V017,56.0,0.9586924547425423
2026-05-25,2026-05-25 11:17:28,V017,56.0,0.9588562109534204
2026-05-25,2026-05-25 11:17:29,V017,55.0,0.9598898165206379
2026-05-25,2026-05-25 11:17:30,V017,55.0,0.9576195189162907
2026-05-25,2026-05-25 11:17:31,V017,55.0,0.958132853366387
2026-05-25,2026-05-25 11:17:32,V017,54.0,0.9589210711388094
2026-05-25,2026-05-25 11:17:33,V017,54.0,0.9587526446770684
2026-05-25,2026-05-25 11:17:34,V017,54.0,0.957750317859072
2026-05-25,2026-05-25 11:17:35,V017,54.0,0.9586706146107659
2026-05-25,2026-05-25 11:17:36,V017,53.0,0.958639186900742
2026-05-25,2026-05-25 11:17:37,V017,53.0,0.9788212164161412
2026-05-25,2026-05-25 11:17:38,V017,53.0,0.9806107878854671
2026-05-25,2026-05-25 11:17:39,V017,52.0,1.021937839926816
2026-05-25,2026-05-25 11:17:40,V017,52.0,1.0199688034474697
2026-05-25,2026-05-25 11:17:41,V017,51.0,1.0241089927274147
2026-05-25,2026-05-25 11:17:42,V017,51.0,1.0230055957346984
2026-05-25,2026-05-25 11:17:43,V017,51.0,1.026059801172267
2026-05-25,2026-05-25 11:17:44,V017,51.0,1.021175792248694
2026-05-25,2026-05-25 11:17:45,V017,51.0,1.00849226793336
2026-05-25,2026-05-25 11:17:46,V017,52.0,1.0114110260214744
2026-05-25,2026-05-25 11:17:47,V017,52.0,1.0150749211743508
2026-05-25,2026-05-25 11:17:48,V017,52.0,1.016031693522295
2026-05-25,2026-05-25 11:17:49,V017,52.0,1.0187359585381561
2026-05-25,2026-05-25 11:17:50,V017,52.0,1.0173534573423595
2026-05-25,2026-05-25 11:17:51,V017,52.0,1.0175355259379582
2026-05-25,2026-05-25 11:17:52,V017,53.0,1.018009672043316
2026-05-25,2026-05-25 11:17:53,V017,53.0,1.0173926775318416
2026-05-25,2026-05-25 11:17:54,V017,53.0,1.0169750021529969
2026-05-25,2026-05-25 11:17:55,V017,53.0,1.0202535779623534
2026-05-25,2026-05-25 11:17:56,V017,53.0,1.016776973430981
2026-05-25,2026-05-25 11:17:57,V017,54.0,1.0163305107447456
2026-05-25,2026-05-25 11:17:58,V017,55.0,1.017656584060753
2026-05-25,2026-05-25 11:17:59,V017,56.0,1.021278467878089
2026-05-25,2026-05-25 11:18:00,V017,57.0,1.0163964931434957
2026-05-25,2026-05-25 11:18:01,V017,57.0,1.0142062750920053
2026-05-25,2026-05-25 11:18:02,V017,58.0,1.0147852342519474
2026-05-25,2026-05-25 11:18:03,V017,58.0,1.0155649727124916
2026-05-25,2026-05-25 11:18:04,V017,58.0,1.0153733130577074
2026-05-25,2026-05-25 11:18:05,V017,58.0,1.0157692739442954
2026-05-25,2026-05-25 11:18:06,V017,59.0,1.0158279737381788
2026-05-25,2026-05-25 11:18:07,V017,59.0,1.0162098245112083
2026-05-25,2026-05-25 11:18:08,V017,59.0,1.0166040239132672
2026-05-25,2026-05-25 11:18:09,V017,59.0,1.0165576046010412
2026-05-25,2026-05-25 11:18:10,V017,59.0,1.0166137036230927
2026-05-25,2026-05-25 11:18:11,V017,59.0,1.0173114319749743
2026-05-25,2026-05-25 11:18:12,V017,58.0,1.0168011161291997
2026-05-25,2026-05-25 11:18:13,V017,58.0,1.0180471625286889
2026-05-25,2026-05-25 11:18:14,V017,57.0,1.018301224410081
2026-05-25,2026-05-25 11:18:15,V017,57.0,1.0173254436551307
2026-05-25,2026-05-25 11:18:16,V017,55.0,1.015502787387999
2026-05-25,2026-05-25 11:18:17,V017,54.0,1.0165808100409344
2026-05-25,2026-05-25 11:18:18,V017,53.0,1.0162448414734553
2026-05-25,2026-05-25 11:18:19,V017,52.0,1.01645961637153
2026-05-25,2026-05-25 11:18:20,V017,51.0,1.0192760574971107
2026-05-25,2026-05-25 11:18:21,V017,50.0,1.017630200324398
2026-05-25,2026-05-25 11:18:22,V017,50.0,1.0095453013811884
2026-05-25,2026-05-25 11:18:23,V017,49.0,1.014021085782015
2026-05-25,2026-05-25 11:18:24,V017,48.0,1.0191472094687952
2026-05-25,2026-05-25 11:18:25,V017,48.0,1.0184247826252208
2026-05-25,2026-05-25 11:18:26,V017,48.0,1.0195878114019379
2026-05-25,2026-05-25 11:18:27,V017,47.0,1.0171439947477516
2026-05-25,2026-05-25 11:18:28,V017,48.0,1.0228256293066653
2026-05-25,2026-05-25 11:18:29,V017,48.0,1.0225451200352296
2026-05-25,2026-05-25 11:18:30,V017,49.0,1.0229793153367839
2026-05-25,2026-05-25 11:18:31,V017,49.0,1.0226244684627324
2026-05-25,2026-05-25 11:18:32,V017,51.0,1.0234386365912125
2026-05-25,2026-05-25 11:18:33,V017,52.0,1.0228999416931057
2026-05-25,2026-05-25 11:18:34,V017,53.0,1.022818758620347
2026-05-25,2026-05-25 11:18:35,V017,54.0,1.0230863050917138
2026-05-25,2026-05-25 11:18:36,V017,55.0,1.024900524002658
2026-05-25,2026-05-25 11:18:37,V017,55.0,1.0080893248304483
2026-05-25,2026-05-25 11:18:38,V017,54.0,0.9909493921431928
2026-05-25,2026-05-25 11:18:39,V017,54.0,0.9952063041501847
2026-05-25,2026-05-25 11:18:40,V017,53.0,1.019863474475944
2026-05-25,2026-05-25 11:18:41,V017,52.0,1.0201762256140792
2026-05-25,2026-05-25 11:18:42,V017,52.0,1.0199877479951773
2026-05-25,2026-05-25 11:18:43,V017,51.0,1.0191805482686767
2026-05-25,2026-05-25 11:18:44,V017,51.0,1.0192401341692194
2026-05-25,2026-05-25 11:18:45,V017,51.0,1.0158662213013463
2026-05-25,2026-05-25 11:18:46,V017,50.0,1.0163623748761947
2026-05-25,2026-05-25 11:18:47,V017,50.0,1.0157955342976488
2026-05-25,2026-05-25 11:18:48,V017,50.0,1.0160496984762941
2026-05-25,2026-05-25 11:18:49,V017,51.0,1.0153587361728587
2026-05-25,2026-05-25 11:18:50,V017,52.0,1.0161814718472721
2026-05-25,2026-05-25 11:18:51,V017,53.0,1.0195125340014415
2026-05-25,2026-05-25 11:18:52,V017,53.0,1.001816519660334
2026-05-25,2026-05-25 11:18:53,V017,53.0,1.0057086786839526
2026-05-25,2026-05-25 11:18:54,V017,54.0,1.0108372177480307
2026-05-25,2026-05-25 11:18:55,V017,54.0,1.0164311924647635
2026-05-25,2026-05-25 11:18:56,V017,55.0,1.0159176523322089
2026-05-25,2026-05-25 11:18:57,V017,57.0,1.0238088241956589
2026-05-25,2026-05-25 11:18:58,V017,58.0,1.017436470282065
2026-05-25,2026-05-25 11:18:59,V017,58.0,1.0129378211337192
2026-05-25,2026-05-25 11:19:00,V017,58.0,1.0158348057069424
2026-05-25,2026-05-25 11:19:01,V017,57.0,1.0141951059968413
2026-05-25,2026-05-25 11:19:02,V017,56.0,1.0100575224326023
2026-05-25,2026-05-25 11:19:03,V017,56.0,0.9840203921473629
2026-05-25,2026-05-25 11:19:04,V017,54.0,0.9911415110398077
2026-05-25,2026-05-25 11:19:05,V017,53.0,0.9979241661653407
2026-05-25,2026-05-25 11:19:06,V017,52.0,0.9936845668974408
2026-05-25,2026-05-25 11:19:07,V017,52.0,0.994789738425784
2026-05-25,2026-05-25 11:19:08,V017,51.0,0.9977072419228932
2026-05-25,2026-05-25 11:19:09,V017,50.0,1.0049417983381717
2026-05-25,2026-05-25 11:19:10,V017,50.0,1.0207049971038886
2026-05-25,2026-05-25 11:19:11,V017,50.0,1.0248012739858217
2026-05-25,2026-05-25 11:19:12,V017,51.0,1.0234891536404238
2026-05-25,2026-05-25 11:19:13,V017,52.0,1.0246552508055153
2026-05-25,2026-05-25 11:19:14,V017,53.0,1.025220202230876
2026-05-25,2026-05-25 11:19:15,V017,53.0,1.0263345452720467
2026-05-25,2026-05-25 11:19:16,V017,54.0,1.025649167693209
2026-05-25,2026-05-25 11:19:17,V017,56.0,1.025504530094348
2026-05-25,2026-05-25 11:19:18,V017,56.0,1.0266783512904027
2026-05-25,2026-05-25 11:19:19,V017,56.0,1.0278982611598808
2026-05-25,2026-05-25 11:19:20,V017,56.0,1.0281346058124214
2026-05-25,2026-05-25 11:19:21,V017,56.0,1.028792819682406
2026-05-25,2026-05-25 11:19:22,V017,56.0,1.0274084197310318
2026-05-25,2026-05-25 11:19:23,V017,56.0,1.024177071502854
2026-05-25,2026-05-25 11:19:24,V017,56.0,1.0102307663944337
2026-05-25,2026-05-25 11:19:25,V017,55.0,0.9907365511250967
2026-05-25,2026-05-25 11:19:26,V017,55.0,0.9970185242307511
2026-05-25,2026-05-25 11:19:27,V017,55.0,0.9590544286138842
2026-05-25,2026-05-25 11:19:28,V017,54.0,0.9971194683933069
2026-05-25,2026-05-25 11:19:29,V017,53.0,0.9889866562505953
2026-05-25,2026-05-25 11:19:30,V017,53.0,0.9899859276486688
2026-05-25,2026-05-25 11:19:31,V017,53.0,0.9896263280885617
2026-05-25,2026-05-25 11:19:32,V017,52.0,0.990193082546001
2026-05-25,2026-05-25 11:19:33,V017,52.0,0.9907917374680711
2026-05-25,2026-05-25 11:19:34,V017,52.0,0.9899944936949835
2026-05-25,2026-05-25 11:19:35,V017,52.0,0.9894339124878091
2026-05-25,2026-05-25 11:19:36,V017,52.0,0.9850240231575793
2026-05-25,2026-05-25 11:19:37,V017,53.0,0.9892849136953141
2026-05-25,2026-05-25 11:19:38,V017,54.0,0.9865991185924714
2026-05-25,2026-05-25 11:19:39,V017,54.0,0.9881708651910919
2026-05-25,2026-05-25 11:19:40,V017,55.0,0.9874028782296516
2026-05-25,2026-05-25 11:19:41,V017,55.0,0.9903248181298058
2026-05-25,2026-05-25 11:19:42,V017,54.0,0.9862035257545503
2026-05-25,2026-05-25 11:19:43,V017,54.0,0.9884605308914124
2026-05-25,2026-05-25 11:19:44,V017,53.0,0.986717348991064
2026-05-25,2026-05-25 11:19:45,V017,53.0,0.9883878273174335
2026-05-25,2026-05-25 11:19:46,V017,53.0,0.9864084869827856
2026-05-25,2026-05-25 11:19:47,V017,53.0,0.9890002475186256
2026-05-25,2026-05-25 11:19:48,V017,54.0,0.9868931637783582
2026-05-25,2026-05-25 11:19:49,V017,54.0,0.9897128043131196
2026-05-25,2026-05-25 11:19:50,V017,54.0,0.9892686866648178
2026-05-25,2026-05-25 11:19:51,V017,52.0,0.9899696772245358
2026-05-25,2026-05-25 11:19:52,V017,51.0,0.9893718511426067
2026-05-25,2026-05-25 11:19:53,V017,51.0,0.9891924025205542
2026-05-25,2026-05-25 11:19:54,V017,51.0,0.9895082546547446
2026-05-25,2026-05-25 11:19:55,V017,49.0,0.9888506091638511
2026-05-25,2026-05-25 11:19:56,V017,49.0,0.9888012390925036
2026-05-25,2026-05-25 11:19:57,V017,49.0,0.9881008827649618
2026-05-25,2026-05-25 11:19:58,V017,49.0,0.9923240665597918
2026-05-25,2026-05-25 11:19:59,V017,49.0,1.002264527930303
2026-05-25,2026-05-25 11:20:00,V017,49.0,0.9975378513909011
2026-05-25,2026-05-25 11:20:01,V017,49.0,0.9901515934305768
2026-05-25,2026-05-25 11:20:02,V017,48.0,0.9882412636722648
2026-05-25,2026-05-25 11:20:03,V017,47.0,0.9875244921540428
2026-05-25,2026-05-25 11:20:04,V017,46.0,0.9876715270629229
2026-05-25,2026-05-25 11:20:05,V017,46.0,0.9855865044167701
2026-05-25,2026-05-25 11:20:06,V017,46.0,0.9856637286801484
2026-05-25,2026-05-25 11:20:07,V017,46.0,0.9888907936222223
2026-05-25,2026-05-25 11:20:08,V017,46.0,0.9905651028804346
2026-05-25,2026-05-25 11:20:09,V017,46.0,0.9845890020806423
2026-05-25,2026-05-25 11:20:10,V017,47.0,0.9895452090319252
2026-05-25,2026-05-25 11:20:11,V017,47.0,0.9902051199626927
2026-05-25,2026-05-25 11:20:12,V017,47.0,0.9854247564814339
2026-05-25,2026-05-25 11:20:13,V017,47.0,0.9888868453480749
2026-05-25,2026-05-25 11:20:14,V017,47.0,0.9900010482700258
2026-05-25,2026-05-25 11:20:15,V017,47.0,0.9892549531933834
2026-05-25,2026-05-25 11:20:16,V017,46.0,0.9889082427092077
2026-05-25,2026-05-25 11:20:17,V017,46.0,0.9886543765539997
2026-05-25,2026-05-25 11:20:18,V017,46.0,0.9890579810718378
2026-05-25,2026-05-25 11:20:19,V017,46.0,0.9894066335410429
2026-05-25,2026-05-25 11:20:20,V017,46.0,0.989552210635953
2026-05-25,2026-05-25 11:20:21,V017,46.0,0.9902072541514494
2026-05-25,2026-05-25 11:20:22,V017,46.0,0.9894432601593466
2026-05-25,2026-05-25 11:20:23,V017,46.0,0.9895351051779717
2026-05-25,2026-05-25 11:20:24,V017,47.0,0.9892537116847927
2026-05-25,2026-05-25 11:20:25,V017,48.0,0.9891973685516094
2026-05-25,2026-05-25 11:20:26,V017,49.0,0.9889157971064684
2026-05-25,2026-05-25 11:20:27,V017,49.0,0.9890508334056999
2026-05-25,2026-05-25 11:20:28,V017,49.0,0.9895037113589602
2026-05-25,2026-05-25 11:20:29,V017,49.0,0.9893003657724542
2026-05-25,2026-05-25 11:20:30,V017,49.0,0.9887995591356433
2026-05-25,2026-05-25 11:20:31,V017,49.0,0.9900396643010804
2026-05-25,2026-05-25 11:20:32,V017,49.0,0.989660450080141
2026-05-25,2026-05-25 11:20:33,V017,49.0,0.9894251798187672
2026-05-25,2026-05-25 11:20:34,V017,49.0,0.9894238431895679
2026-05-25,2026-05-25 11:20:35,V017,49.0,0.9970977228827551
2026-05-25,2026-05-25 11:20:36,V017,49.0,0.9577748685380878
2026-05-25,2026-05-25 11:20:37,V017,49.0,0.9634724470424356
2026-05-25,2026-05-25 11:20:38,V017,49.0,0.9629658757628183
2026-05-25,2026-05-25 11:20:39,V017,49.0,0.9598970781852999
2026-05-25,2026-05-25 11:20:40,V017,49.0,0.9597142600128279
2026-05-25,2026-05-25 11:20:41,V017,49.0,0.959188198159531
2026-05-25,2026-05-25 11:20:42,V017,49.0,0.95968652449939
2026-05-25,2026-05-25 11:20:43,V017,48.0,0.9617171112081526
2026-05-25,2026-05-25 11:20:44,V017,48.0,0.9606720390406679
2026-05-25,2026-05-25 11:20:45,V017,47.0,0.9620533757552185
2026-05-25,2026-05-25 11:20:46,V017,46.0,0.9637882818945674
2026-05-25,2026-05-25 11:20:47,V017,44.0,0.9637164256203447
2026-05-25,2026-05-25 11:20:48,V017,45.0,0.965767566922003
2026-05-25,2026-05-25 11:20:49,V017,46.0,0.9613477906400592
2026-05-25,2026-05-25 11:20:50,V017,47.0,0.9634243601892091
2026-05-25,2026-05-25 11:20:51,V017,48.0,0.9561786081256823
2026-05-25,2026-05-25 11:20:52,V017,49.0,0.9725386775106896
2026-05-25,2026-05-25 11:20:53,V017,49.0,0.9535653312004949
2026-05-25,2026-05-25 11:20:54,V017,49.0,0.9619319525894859
2026-05-25,2026-05-25 11:20:55,V017,49.0,0.9584732718631297
2026-05-25,2026-05-25 11:20:56,V017,49.0,0.9586903448282142
2026-05-25,2026-05-25 11:20:57,V017,49.0,0.9577552886526557
2026-05-25,2026-05-25 11:20:58,V017,50.0,0.9578515910384698
2026-05-25,2026-05-25 11:20:59,V017,51.0,0.9581333542088342
2026-05-25,2026-05-25 11:21:00,V017,52.0,0.9579239848978629
2026-05-25,2026-05-25 11:21:01,V017,53.0,0.9580989039686142
2026-05-25,2026-05-25 11:21:02,V017,54.0,0.9592139818501202
2026-05-25,2026-05-25 11:21:03,V017,54.0,0.9608108326579787
2026-05-25,2026-05-25 11:21:04,V017,53.0,0.9251323156854369
2026-05-25,2026-05-25 11:21:05,V017,51.0,1.0201354614755558
2026-05-25,2026-05-25 11:21:06,V017,51.0,0.9388414147121682
2026-05-25,2026-05-25 11:21:07,V017,50.0,1.0591066305064654
2026-05-25,2026-05-25 11:21:08,V017,52.0,1.033563238037438
2026-05-25,2026-05-25 11:21:09,V017,53.0,1.0241477750968588
2026-05-25,2026-05-25 11:21:10,V017,54.0,0.9793955608986292
2026-05-25,2026-05-25 11:21:11,V017,54.0,0.9989674111795273
2026-05-25,2026-05-25 11:21:12,V017,55.0,1.0544536992486608
2026-05-25,2026-05-25 11:21:13,V017,55.0,1.0708150020938374
2026-05-25,2026-05-25 11:21:14,V017,56.0,1.015795503937326
2026-05-25,2026-05-25 11:21:15,V017,56.0,1.1918931613843233
2026-05-25,2026-05-25 11:21:16,V017,57.0,1.0434831804992246
2026-05-25,2026-05-25 11:21:17,V017,57.0,1.019394215020945
2026-05-25,2026-05-25 11:21:18,V017,58.0,0.9815192822733895
2026-05-25,2026-05-25 11:21:19,V017,59.0,0.9566203826739356
2026-05-25,2026-05-25 11:21:20,V017,61.0,1.0829042273233875
2026-05-25,2026-05-25 11:21:21,V017,62.0,1.0416060163116299
2026-05-25,2026-05-25 11:21:22,V017,63.0,1.0906596643406217
2026-05-25,2026-05-25 11:21:23,V017,63.0,1.0378468391223126
2026-05-25,2026-05-25 11:21:24,V017,63.0,0.9190607994024593
2026-05-25,2026-05-25 11:21:25,V017,63.0,1.0147118159275916
2026-05-25,2026-05-25 11:21:26,V017,63.0,0.9164649172679887
2026-05-25,2026-05-25 11:21:27,V017,62.0,0.9859610345509214
2026-05-25,2026-05-25 11:21:28,V017,62.0,0.9646121022898773
2026-05-25,2026-05-25 11:21:29,V017,62.0,1.0372860623865532
2026-05-25,2026-05-25 11:21:30,V017,63.0,1.022400384414844
2026-05-25,2026-05-25 11:21:31,V017,63.0,1.0136300130895153
2026-05-25,2026-05-25 11:21:32,V017,63.0,1.026894598526223
2026-05-25,2026-05-25 11:21:33,V017,63.0,0.933632752149749
2026-05-25,2026-05-25 11:21:34,V017,64.0,0.9734498368787037
2026-05-25,2026-05-25 11:21:35,V017,64.0,0.9649576280352334
2026-05-25,2026-05-25 11:21:36,V017,65.0,0.9482552160496637
2026-05-25,2026-05-25 11:21:37,V017,65.0,1.0190739870790624
2026-05-25,2026-05-25 11:21:38,V017,66.0,1.030444456491975
2026-05-25,2026-05-25 11:21:39,V017,67.0,1.0130271883468103
2026-05-25,2026-05-25 11:21:40,V017,67.0,1.0488183810457483
2026-05-25,2026-05-25 11:21:41,V017,68.0,0.9834285295219484
2026-05-25,2026-05-25 11:21:42,V017,68.0,1.0214663757597977
2026-05-25,2026-05-25 11:21:43,V017,68.0,1.0069809762749486
2026-05-25,2026-05-25 11:21:44,V017,68.0,1.0351243972183939
2026-05-25,2026-05-25 11:21:45,V017,67.0,1.0144849087131083
2026-05-25,2026-05-25 11:21:46,V017,67.0,1.025625383610184
2026-05-25,2026-05-25 11:21:47,V017,67.0,0.9866776792813341
2026-05-25,2026-05-25 11:21:48,V017,67.0,1.0535299594821712
2026-05-25,2026-05-25 11:21:49,V017,66.0,0.956276060357747
2026-05-25,2026-05-25 11:21:50,V017,65.0,1.0432488732873604
2026-05-25,2026-05-25 11:21:51,V017,65.0,0.968184221514003
2026-05-25,2026-05-25 11:21:52,V017,64.0,1.0223079941868725
2026-05-25,2026-05-25 11:21:53,V017,64.0,0.9992537041742068
2026-05-25,2026-05-25 11:21:54,V017,64.0,1.0361771246501783
2026-05-25,2026-05-25 11:21:55,V017,64.0,1.007713822246602
2026-05-25,2026-05-25 11:21:56,V017,64.0,1.0446361085974576
2026-05-25,2026-05-25 11:21:57,V017,64.0,1.0296284887601728
2026-05-25,2026-05-25 11:21:58,V017,64.0,1.023824436967883
2026-05-25,2026-05-25 11:21:59,V017,64.0,1.053551102115514
2026-05-25,2026-05-25 11:22:00,V017,64.0,1.0683739756931958
2026-05-25,2026-05-25 11:22:01,V017,65.0,1.0246612112769364
2026-05-25,2026-05-25 11:22:02,V017,65.0,0.9601958114779292
2026-05-25,2026-05-25 11:22:03,V017,65.0,0.9629326209527705
2026-05-25,2026-05-25 11:22:04,V017,65.0,1.0906412325799366
2026-05-25,2026-05-25 11:22:05,V017,65.0,1.0268786319335188
2026-05-25,2026-05-25 11:22:06,V017,65.0,0.9971557332961344
2026-05-25,2026-05-25 11:22:07,V017,65.0,1.0413179594398698
2026-05-25,2026-05-25 11:22:08,V017,65.0,1.0083239602231382
2026-05-25,2026-05-25 11:22:09,V017,64.0,1.0256032495273102
2026-05-25,2026-05-25 11:22:10,V017,64.0,0.9577417440014027
2026-05-25,2026-05-25 11:22:11,V017,64.0,1.047165169747787
2026-05-25,2026-05-25 11:22:12,V017,65.0,0.9753871627480397
2026-05-25,2026-05-25 11:22:13,V017,66.0,1.0325687488813635
2026-05-25,2026-05-25 11:22:14,V017,66.0,1.0342220105997482
2026-05-25,2026-05-25 11:22:15,V017,66.0,1.0726454717925487
2026-05-25,2026-05-25 11:22:16,V017,67.0,1.0723350819903406
2026-05-25,2026-05-25 11:22:17,V017,68.0,1.1015838792062815
2026-05-25,2026-05-25 11:22:18,V017,68.0,0.9653190744138805
2026-05-25,2026-05-25 11:22:19,V017,68.0,1.038836382510412
2026-05-25,2026-05-25 11:22:20,V017,69.0,1.0973929965002798
2026-05-25,2026-05-25 11:22:21,V017,71.0,0.9677853010878665
2026-05-25,2026-05-25 11:22:22,V017,71.0,1.0929259509376146
2026-05-25,2026-05-25 11:22:23,V017,71.0,1.0712683735402284
2026-05-25,2026-05-25 11:22:24,V017,71.0,0.9584521919567578
2026-05-25,2026-05-25 11:22:25,V017,72.0,1.0231892284784019
2026-05-25,2026-05-25 11:22:26,V017,72.0,1.0436314283848083
2026-05-25,2026-05-25 11:22:27,V017,72.0,1.0338195664980665
2026-05-25,2026-05-25 11:22:28,V017,72.0,1.0039514393013953
2026-05-25,2026-05-25 11:22:29,V017,72.0,1.0992917312176096
2026-05-25,2026-05-25 11:22:30,V017,73.0,1.0339440841104663
2026-05-25,2026-05-25 11:22:31,V017,73.0,1.0833370268946967
2026-05-25,2026-05-25 11:22:32,V017,73.0,0.9717618125562706
2026-05-25,2026-05-25 11:22:33,V017,73.0,1.0473986491385578
2026-05-25,2026-05-25 11:22:34,V017,73.0,1.0508908112979132
2026-05-25,2026-05-25 11:22:35,V017,73.0,0.9777432612724526
2026-05-25,2026-05-25 11:22:36,V017,74.0,1.0552275429385554
2026-05-25,2026-05-25 11:22:37,V017,75.0,1.0830635111664713
2026-05-25,2026-05-25 11:22:38,V017,75.0,1.0416926753744433
2026-05-25,2026-05-25 11:22:39,V017,75.0,0.9637730902332997
2026-05-25,2026-05-25 11:22:40,V017,76.0,1.0593279745973632
2026-05-25,2026-05-25 11:22:41,V017,76.0,1.050061317822684
2026-05-25,2026-05-25 11:22:42,V017,76.0,1.0176510750791052
2026-05-25,2026-05-25 11:22:43,V017,76.0,1.0744217826243423
2026-05-25,2026-05-25 11:22:44,V017,76.0,1.033961375030242
2026-05-25,2026-05-25 11:22:45,V017,77.0,0.9551368546567021
2026-05-25,2026-05-25 11:22:46,V017,77.0,1.0149024360124288
2026-05-25,2026-05-25 11:22:47,V017,77.0,1.0353062606800516
2026-05-25,2026-05-25 11:22:48,V017,76.0,1.0323919716545675
2026-05-25,2026-05-25 11:22:49,V017,76.0,1.1217742381969793
2026-05-25,2026-05-25 11:22:50,V017,77.0,1.0865708638278728
2026-05-25,2026-05-25 11:22:51,V017,77.0,1.0080205464176797
2026-05-25,2026-05-25 11:22:52,V017,77.0,1.0193596339956847
2026-05-25,2026-05-25 11:22:53,V017,77.0,1.0454249287237056
2026-05-25,2026-05-25 11:22:54,V017,77.0,1.0451520709862323
2026-05-25,2026-05-25 11:22:55,V017,77.0,0.9594984570700075
2026-05-25,2026-05-25 11:22:56,V017,77.0,1.0064948398426146
2026-05-25,2026-05-25 11:22:57,V017,77.0,1.0486651248011445
2026-05-25,2026-05-25 11:22:58,V017,77.0,1.0565761279873862
2026-05-25,2026-05-25 11:22:59,V017,77.0,1.0839107715348533
2026-05-25,2026-05-25 11:23:00,V017,76.0,1.0939021298866547
2026-05-25,2026-05-25 11:23:01,V017,76.0,1.0537154888939095
2026-05-25,2026-05-25 11:23:02,V017,76.0,0.9815510312806208
2026-05-25,2026-05-25 11:23:03,V017,76.0,1.0606969209246389
2026-05-25,2026-05-25 11:23:04,V017,76.0,1.055654568826576
2026-05-25,2026-05-25 11:23:05,V017,76.0,1.0123506077368365
2026-05-25,2026-05-25 11:23:06,V017,76.0,1.0108919691521547
2026-05-25,2026-05-25 11:23:07,V017,76.0,0.9766335106511969
2026-05-25,2026-05-25 11:23:08,V017,76.0,1.0650383187590922
2026-05-25,2026-05-25 11:23:09,V017,76.0,1.045100634162441
2026-05-25,2026-05-25 11:23:10,V017,76.0,1.072789545090481
2026-05-25,2026-05-25 11:23:11,V017,76.0,0.993391409210397
2026-05-25,2026-05-25 11:23:12,V017,76.0,1.0530236575634448
2026-05-25,2026-05-25 11:23:13,V017,76.0,0.9889615630654925
2026-05-25,2026-05-25 11:23:14,V017,76.0,1.0860089753606994
2026-05-25,2026-05-25 11:23:15,V017,75.0,1.0196266228726
2026-05-25,2026-05-25 11:23:16,V017,75.0,0.967816905462593
2026-05-25,2026-05-25 11:23:17,V017,75.0,1.0708154049229373
2026-05-25,2026-05-25 11:23:18,V017,75.0,1.0557824619298408
2026-05-25,2026-05-25 11:23:19,V017,75.0,0.9992053603211595
2026-05-25,2026-05-25 11:23:20,V017,75.0,1.0563888948398275
2026-05-25,2026-05-25 11:23:21,V017,75.0,0.9821515092316632
2026-05-25,2026-05-25 11:23:22,V017,74.0,1.0804943446395512
2026-05-25,2026-05-25 11:23:23,V017,74.0,1.026142316402514
2026-05-25,2026-05-25 11:23:24,V017,74.0,0.9982157313731848
2026-05-25,2026-05-25 11:23:25,V017,74.0,1.0849075409871183
2026-05-25,2026-05-25 11:23:26,V017,73.0,1.006774472639485
2026-05-25,2026-05-25 11:23:27,V017,73.0,1.0134692712820268
2026-05-25,2026-05-25 11:23:28,V017,72.0,1.0973998088025145
2026-05-25,2026-05-25 11:23:29,V017,71.0,0.960160877661835
2026-05-25,2026-05-25 11:23:30,V017,71.0,1.0295232254922189
2026-05-25,2026-05-25 11:23:31,V017,70.0,1.0802995264911919
2026-05-25,2026-05-25 11:23:32,V017,70.0,1.0687520917588085
2026-05-25,2026-05-25 11:23:33,V017,69.0,1.0804204238693023
2026-05-25,2026-05-25 11:23:34,V017,69.0,1.0235925358915676
2026-05-25,2026-05-25 11:23:35,V017,69.0,1.0996132302268204
2026-05-25,2026-05-25 11:23:36,V017,69.0,0.9685903329402848
2026-05-25,2026-05-25 11:23:37,V017,69.0,1.0483681256155541
2026-05-25,2026-05-25 11:23:38,V017,69.0,1.040552703939707
2026-05-25,2026-05-25 11:23:39,V017,69.0,1.0599869772834851
2026-05-25,2026-05-25 11:23:40,V017,69.0,0.9772528435108492
2026-05-25,2026-05-25 11:23:41,V017,70.0,1.028717982087012
2026-05-25,2026-05-25 11:23:42,V017,70.0,1.010013602703806
2026-05-25,2026-05-25 11:23:43,V017,70.0,0.9839182770273464
2026-05-25,2026-05-25 11:23:44,V017,71.0,1.0081561612492786
2026-05-25,2026-05-25 11:23:45,V017,71.0,1.0734560087679244
2026-05-25,2026-05-25 11:23:46,V017,71.0,1.0285796381626957
2026-05-25,2026-05-25 11:23:47,V017,71.0,0.9760194504145262
2026-05-25,2026-05-25 11:23:48,V017,71.0,1.0715354754630544
2026-05-25,2026-05-25 11:23:49,V017,71.0,1.0592596443601048
2026-05-25,2026-05-25 11:23:50,V017,71.0,0.9789805221969484
2026-05-25,2026-05-25 11:23:51,V017,71.0,1.034190669046296
2026-05-25,2026-05-25 11:23:52,V017,71.0,1.060158083262397
2026-05-25,2026-05-25 11:23:53,V017,71.0,0.9602134145709469
2026-05-25,2026-05-25 11:23:54,V017,70.0,1.0474810087817152
2026-05-25,2026-05-25 11:23:55,V017,70.0,1.076336270932582
2026-05-25,2026-05-25 11:23:56,V017,70.0,0.9658805759664741
2026-05-25,2026-05-25 11:23:57,V017,70.0,1.0229275286956707
2026-05-25,2026-05-25 11:23:58,V017,70.0,1.0680315558795082
2026-05-25,2026-05-25 11:23:59,V017,70.0,0.938769475289882
2026-05-25,2026-05-25 11:24:00,V017,69.0,1.0648745845487142
2026-05-25,2026-05-25 11:24:01,V017,69.0,1.0460526801829155
2026-05-25,2026-05-25 11:24:02,V017,69.0,0.9836351974067742
2026-05-25,2026-05-25 11:24:03,V017,70.0,1.0449333683497997
2026-05-25,2026-05-25 11:24:04,V017,70.0,1.0394422758886377
2026-05-25,2026-05-25 11:24:05,V017,70.0,1.0111463465603168
2026-05-25,2026-05-25 11:24:06,V017,70.0,0.956443559675714
2026-05-25,2026-05-25 11:24:07,V017,71.0,0.9674869253014547
2026-05-25,2026-05-25 11:24:08,V017,72.0,0.935338757422288
2026-05-25,2026-05-25 11:24:09,V017,72.0,0.9662741019938603
2026-05-25,2026-05-25 11:24:10,V017,72.0,0.9479024607916046
2026-05-25,2026-05-25 11:24:11,V017,73.0,1.0723722568339231
2026-05-25,2026-05-25 11:24:12,V017,73.0,1.0913397220129035
2026-05-25,2026-05-25 11:24:13,V017,73.0,1.0276323153531082
2026-05-25,2026-05-25 11:24:14,V017,73.0,0.9668899425321527
2026-05-25,2026-05-25 11:24:15,V017,72.0,1.0900381249503766
2026-05-25,2026-05-25 11:24:16,V017,72.0,1.070048432984159
2026-05-25,2026-05-25 11:24:17,V017,72.0,0.9740609517186636
2026-05-25,2026-05-25 11:24:18,V017,72.0,1.0506755742924927
2026-05-25,2026-05-25 11:24:19,V017,72.0,1.0503722784303795
2026-05-25,2026-05-25 11:24:20,V017,73.0,0.9708373091625407
2026-05-25,2026-05-25 11:24:21,V017,73.0,1.0602992670097573
2026-05-25,2026-05-25 11:24:22,V017,74.0,1.0562726754361946
2026-05-25,2026-05-25 11:24:23,V017,74.0,0.9867394093800808
2026-05-25,2026-05-25 11:24:24,V017,74.0,1.043095107882572
2026-05-25,2026-05-25 11:24:25,V017,75.0,1.074637984737297
2026-05-25,2026-05-25 11:24:26,V017,75.0,0.9840225124386177
2026-05-25,2026-05-25 11:24:27,V017,75.0,1.0240397453388157
2026-05-25,2026-05-25 11:24:28,V017,76.0,1.0975171922295053
2026-05-25,2026-05-25 11:24:29,V017,76.0,1.0317828998628935
2026-05-25,2026-05-25 11:24:30,V017,76.0,0.9018019658656669
2026-05-25,2026-05-25 11:24:31,V017,77.0,1.0243145254806412
2026-05-25,2026-05-25 11:24:32,V017,78.0,0.9186060758713614
2026-05-25,2026-05-25 11:24:33,V017,78.0,0.9467854821175478
2026-05-25,2026-05-25 11:24:34,V017,79.0,0.9919830513282009
2026-05-25,2026-05-25 11:24:35,V017,79.0,1.0526912941847804
2026-05-25,2026-05-25 11:24:36,V017,79.0,0.9925709986412312
2026-05-25,2026-05-25 11:24:37,V017,78.0,1.0734623500083131
2026-05-25,2026-05-25 11:24:38,V017,78.0,1.0104023305253491
2026-05-25,2026-05-25 11:24:39,V017,78.0,0.9664771391565137
2026-05-25,2026-05-25 11:24:40,V017,77.0,1.024498919512933
2026-05-25,2026-05-25 11:24:41,V017,77.0,1.0272998408554737
2026-05-25,2026-05-25 11:24:42,V017,77.0,0.9800902990346897
2026-05-25,2026-05-25 11:24:43,V017,76.0,1.0646557203700915
2026-05-25,2026-05-25 11:24:44,V017,76.0,1.0275907320589504
2026-05-25,2026-05-25 11:24:45,V017,76.0,0.9704416296179617
2026-05-25,2026-05-25 11:24:46,V017,75.0,1.066771648148521
2026-05-25,2026-05-25 11:24:47,V017,75.0,1.0427924049395556
2026-05-25,2026-05-25 11:24:48,V017,75.0,0.9453738552884299
2026-05-25,2026-05-25 11:24:49,V017,75.0,1.0175033701886675
2026-05-25,2026-05-25 11:24:50,V017,75.0,1.0851721315230811
2026-05-25,2026-05-25 11:24:51,V017,75.0,0.9807221539140609
2026-05-25,2026-05-25 11:24:52,V017,75.0,0.949617997936771
2026-05-25,2026-05-25 11:24:53,V017,75.0,1.0790868048487867
2026-05-25,2026-05-25 11:24:54,V017,75.0,1.027817865821949
2026-05-25,2026-05-25 11:24:55,V017,75.0,0.9778039813826434
2026-05-25,2026-05-25 11:24:56,V017,75.0,1.0499315532934943
2026-05-25,2026-05-25 11:24:57,V017,75.0,1.073226982892884
2026-05-25,2026-05-25 11:24:58,V017,75.0,0.9693170924803638
2026-05-25,2026-05-25 11:24:59,V017,75.0,1.0455087198934523
2026-05-25,2026-05-25 11:25:00,V017,76.0,1.0829402327233477
2026-05-25,2026-05-25 11:25:01,V017,76.0,0.9728124948522232
2026-05-25,2026-05-25 11:25:02,V017,76.0,1.0437305756920345
2026-05-25,2026-05-25 11:25:03,V017,77.0,1.053404675059423
2026-05-25,2026-05-25 11:25:04,V017,77.0,0.9677199317912003
2026-05-25,2026-05-25 11:25:05,V017,78.0,1.0692537085504268
2026-05-25,2026-05-25 11:25:06,V017,79.0,1.051844125031567
2026-05-25,2026-05-25 11:25:07,V017,79.0,0.9897026928987823
2026-05-25,2026-05-25 11:25:08,V017,79.0,1.0522026710463346
2026-05-25,2026-05-25 11:25:09,V017,79.0,1.0416064264745604
2026-05-25,2026-05-25 11:25:10,V017,79.0,0.9618565483728474
2026-05-25,2026-05-25 11:25:11,V017,79.0,1.0636227049283655
2026-05-25,2026-05-25 11:25:12,V017,79.0,1.0589108641749931
2026-05-25,2026-05-25 11:25:13,V017,79.0,0.9891102656441055
2026-05-25,2026-05-25 11:25:14,V017,78.0,1.0389288617161845
2026-05-25,2026-05-25 11:25:15,V017,78.0,1.0824104847209532
2026-05-25,2026-05-25 11:25:16,V017,78.0,0.9388366320625141
2026-05-25,2026-05-25 11:25:17,V017,77.0,1.071499936850836
2026-05-25,2026-05-25 11:25:18,V017,76.0,1.0777568591060538
2026-05-25,2026-05-25 11:25:19,V017,76.0,1.0037380674148848
2026-05-25,2026-05-25 11:25:20,V017,76.0,0.9811252821188816
2026-05-25,2026-05-25 11:25:21,V017,75.0,1.0763473888349298
2026-05-25,2026-05-25 11:25:22,V017,75.0,1.0680724715700434
2026-05-25,2026-05-25 11:25:23,V017,75.0,1.0297705351316113
2026-05-25,2026-05-25 11:25:24,V017,74.0,0.9782537693670145
2026-05-25,2026-05-25 11:25:25,V017,74.0,1.0777351563772557
2026-05-25,2026-05-25 11:25:26,V017,73.0,1.055203089275192
2026-05-25,2026-05-25 11:25:27,V017,73.0,1.0002133439196395
2026-05-25,2026-05-25 11:25:28,V017,73.0,1.043108465935354
2026-05-25,2026-05-25 11:25:29,V017,72.0,1.0640529581403744
2026-05-25,2026-05-25 11:25:30,V017,72.0,0.9746702833240378
2026-05-25,2026-05-25 11:25:31,V017,72.0,1.0343010237481183
2026-05-25,2026-05-25 11:25:32,V017,71.0,1.092079998472729
2026-05-25,2026-05-25 11:25:33,V017,70.0,0.9808325353588517
2026-05-25,2026-05-25 11:25:34,V017,70.0,1.020910457047434
2026-05-25,2026-05-25 11:25:35,V017,70.0,1.0850055201252118
2026-05-25,2026-05-25 11:25:36,V017,69.0,0.9584733677396242
2026-05-25,2026-05-25 11:25:37,V017,69.0,1.0487798701958393
2026-05-25,2026-05-25 11:25:38,V017,68.0,1.0757113360094432
2026-05-25,2026-05-25 11:25:39,V017,68.0,0.9898292695309304
2026-05-25,2026-05-25 11:25:40,V017,68.0,1.0445204573359237
2026-05-25,2026-05-25 11:25:41,V017,67.0,1.0789768909424537
2026-05-25,2026-05-25 11:25:42,V017,67.0,0.9736347578772595
2026-05-25,2026-05-25 11:25:43,V017,67.0,1.0209199750222968
2026-05-25,2026-05-25 11:25:44,V017,67.0,1.1044598782862205
2026-05-25,2026-05-25 11:25:45,V017,66.0,1.0272774260283826
2026-05-25,2026-05-25 11:25:46,V017,66.0,0.9889209463735054
2026-05-25,2026-05-25 11:25:47,V017,66.0,1.088428634801326
2026-05-25,2026-05-25 11:25:48,V017,66.0,1.0198190226902528
2026-05-25,2026-05-25 11:25:49,V017,66.0,0.9989224443304751
2026-05-25,2026-05-25 11:25:50,V017,67.0,1.093178589990223
2026-05-25,2026-05-25 11:25:51,V017,67.0,1.042795340610985
2026-05-25,2026-05-25 11:25:52,V017,67.0,0.9963160398172393
2026-05-25,2026-05-25 11:25:53,V017,67.0,1.0631402646655344
2026-05-25,2026-05-25 11:25:54,V017,67.0,1.0501953912733262
2026-05-25,2026-05-25 11:25:55,V017,67.0,0.9707617833715655
2026-05-25,2026-05-25 11:25:56,V017,68.0,1.0739926323891702
2026-05-25,2026-05-25 11:25:57,V017,68.0,1.072823457613765
2026-05-25,2026-05-25 11:25:58,V017,69.0,0.9850130147936853
2026-05-25,2026-05-25 11:25:59,V017,69.0,1.050474898390989
2026-05-25,2026-05-25 11:26:00,V017,69.0,1.057284903160026
2026-05-25,2026-05-25 11:26:01,V017,70.0,0.9682141000592306
2026-05-25,2026-05-25 11:26:02,V017,70.0,1.0691697892712007
2026-05-25,2026-05-25 11:26:03,V017,70.0,1.0805961001442965
2026-05-25,2026-05-25 11:26:04,V017,70.0,0.9864245050483743
2026-05-25,2026-05-25 11:26:05,V017,71.0,1.0377355592452506
2026-05-25,2026-05-25 11:26:06,V017,71.0,1.0832458162238272
2026-05-25,2026-05-25 11:26:07,V017,71.0,0.9676735709020194
2026-05-25,2026-05-25 11:26:08,V017,71.0,1.042997747038043
2026-05-25,2026-05-25 11:26:09,V017,71.0,1.0974729672735375
2026-05-25,2026-05-25 11:26:10,V017,71.0,0.9880976385769291
2026-05-25,2026-05-25 11:26:11,V017,71.0,0.9936159602855398
2026-05-25,2026-05-25 11:26:12,V017,71.0,1.0712477217501624
2026-05-25,2026-05-25 11:26:13,V017,71.0,0.9831223523295889
2026-05-25,2026-05-25 11:26:14,V017,71.0,0.9806881294174132
2026-05-25,2026-05-25 11:26:15,V017,71.0,1.1006841277176616
2026-05-25,2026-05-25 11:26:16,V017,71.0,1.009522052570712
2026-05-25,2026-05-25 11:26:17,V017,71.0,1.003084332414323
2026-05-25,2026-05-25 11:26:18,V017,71.0,1.0749507583961613
2026-05-25,2026-05-25 11:26:19,V017,71.0,1.00418235261579
2026-05-25,2026-05-25 11:26:20,V017,72.0,0.9929073484462998
2026-05-25,2026-05-25 11:26:21,V017,72.0,1.0947046492767143
2026-05-25,2026-05-25 11:26:22,V017,72.0,1.041259701544345
2026-05-25,2026-05-25 11:26:23,V017,72.0,0.9815329939789953
2026-05-25,2026-05-25 11:26:24,V017,73.0,1.0692184639504791
2026-05-25,2026-05-25 11:26:25,V017,73.0,1.0231863362268607
2026-05-25,2026-05-25 11:26:26,V017,73.0,0.9906711278593171
2026-05-25,2026-05-25 11:26:27,V017,73.0,1.0935044258043858
2026-05-25,2026-05-25 11:26:28,V017,74.0,1.0058048787457654
2026-05-25,2026-05-25 11:26:29,V017,74.0,1.0046402407608455
2026-05-25,2026-05-25 11:26:30,V017,74.0,1.082989189270916
2026-05-25,2026-05-25 11:26:31,V017,74.0,0.9881620849881856
2026-05-25,2026-05-25 11:26:32,V017,74.0,1.0174881245721885
2026-05-25,2026-05-25 11:26:33,V017,74.0,1.0893944920474425
2026-05-25,2026-05-25 11:26:34,V017,74.0,0.9837596170828945
2026-05-25,2026-05-25 11:26:35,V017,74.0,1.0303968648209267
2026-05-25,2026-05-25 11:26:36,V017,74.0,1.0766513618265843
2026-05-25,2026-05-25 11:26:37,V017,74.0,0.9521965234926846
2026-05-25,2026-05-25 11:26:38,V017,75.0,1.0376783845355346
2026-05-25,2026-05-25 11:26:39,V017,75.0,1.0411397561961784
2026-05-25,2026-05-25 11:26:40,V017,75.0,0.950557965140996
2026-05-25,2026-05-25 11:26:41,V017,75.0,1.021853191430154
2026-05-25,2026-05-25 11:26:42,V017,75.0,1.03971662757037
2026-05-25,2026-05-25 11:26:43,V017,75.0,0.9448030302200795
2026-05-25,2026-05-25 11:26:44,V017,76.0,1.0364094767063547
2026-05-25,2026-05-25 11:26:45,V017,76.0,1.084515119342508
2026-05-25,2026-05-25 11:26:46,V017,76.0,0.9660889620055837
2026-05-25,2026-05-25 11:26:47,V017,76.0,1.0711145383044656
2026-05-25,2026-05-25 11:26:48,V017,77.0,1.0366366011431265
2026-05-25,2026-05-25 11:26:49,V017,77.0,0.9742449047765279
2026-05-25,2026-05-25 11:26:50,V017,77.0,1.096035670468022
2026-05-25,2026-05-25 11:26:51,V017,77.0,1.04235134831078
2026-05-25,2026-05-25 11:26:52,V017,78.0,0.9800814160416788
2026-05-25,2026-05-25 11:26:53,V017,78.0,1.0824569657095457
2026-05-25,2026-05-25 11:26:54,V017,78.0,0.9986046462653804
2026-05-25,2026-05-25 11:26:55,V017,78.0,0.9939108561316669
2026-05-25,2026-05-25 11:26:56,V017,78.0,1.0970314350238235
2026-05-25,2026-05-25 11:26:57,V017,78.0,0.9823464427525758
2026-05-25,2026-05-25 11:26:58,V017,77.0,1.0355753772121998
2026-05-25,2026-05-25 11:26:59,V017,77.0,1.0765867849182669
2026-05-25,2026-05-25 11:27:00,V017,77.0,0.9532555056933587
2026-05-25,2026-05-25 11:27:01,V017,77.0,1.0859920063870647
2026-05-25,2026-05-25 11:27:02,V017,77.0,1.055095354261934
2026-05-25,2026-05-25 11:27:03,V017,76.0,0.9859246364963439
2026-05-25,2026-05-25 11:27:04,V017,76.0,1.077950785472289
2026-05-25,2026-05-25 11:27:05,V017,76.0,1.009301272747509
2026-05-25,2026-05-25 11:27:06,V017,76.0,0.9896990116880657
2026-05-25,2026-05-25 11:27:07,V017,76.0,1.0940375285077883
2026-05-25,2026-05-25 11:27:08,V017,76.0,0.9693731045525007
2026-05-25,2026-05-25 11:27:09,V017,76.0,1.0459656870619711
2026-05-25,2026-05-25 11:27:10,V017,76.0,1.0659500369304704
2026-05-25,2026-05-25 11:27:11,V017,75.0,0.9535570578988255
2026-05-25,2026-05-25 11:27:12,V017,75.0,1.0785003008864873
2026-05-25,2026-05-25 11:27:13,V017,75.0,1.05493889179892
2026-05-25,2026-05-25 11:27:14,V017,75.0,0.9866924233894255
2026-05-25,2026-05-25 11:27:15,V017,75.0,1.0951471863164446
2026-05-25,2026-05-25 11:27:16,V017,75.0,0.9961054359598707
2026-05-25,2026-05-25 11:27:17,V017,75.0,1.0429948718375945
2026-05-25,2026-05-25 11:27:18,V017,75.0,1.12204391972165
2026-05-25,2026-05-25 11:27:19,V017,75.0,0.9645822547330378
2026-05-25,2026-05-25 11:27:20,V017,75.0,1.0847091082148663
2026-05-25,2026-05-25 11:27:21,V017,76.0,0.9981902485307785
2026-05-25,2026-05-25 11:27:22,V017,76.0,1.0143315590227133
2026-05-25,2026-05-25 11:27:23,V017,76.0,1.1044977863604868
2026-05-25,2026-05-25 11:27:24,V017,76.0,0.9971359518569918
2026-05-25,2026-05-25 11:27:25,V017,76.0,1.0201112794943474
2026-05-25,2026-05-25 11:27:26,V017,76.0,1.0756041420537241
2026-05-25,2026-05-25 11:27:27,V017,76.0,0.9707418348247642
2026-05-25,2026-05-25 11:27:28,V017,76.0,1.0534265864474053
2026-05-25,2026-05-25 11:27:29,V017,75.0,1.0677028880403392
2026-05-25,2026-05-25 11:27:30,V017,75.0,0.977746423551652
2026-05-25,2026-05-25 11:27:31,V017,75.0,1.0846484436790553
2026-05-25,2026-05-25 11:27:32,V017,75.0,0.9960887002691389
2026-05-25,2026-05-25 11:27:33,V017,76.0,1.0262522445867726
2026-05-25,2026-05-25 11:27:34,V017,76.0,1.0541233292896581
2026-05-25,2026-05-25 11:27:35,V017,77.0,1.0004986223352645
2026-05-25,2026-05-25 11:27:36,V017,77.0,1.000829702471949
2026-05-25,2026-05-25 11:27:37,V017,78.0,1.0572662325399425
2026-05-25,2026-05-25 11:27:38,V017,78.0,1.0150844518223612
2026-05-25,2026-05-25 11:27:39,V017,79.0,1.031964542451365
2026-05-25,2026-05-25 11:27:40,V017,80.0,0.9955062429521105
2026-05-25,2026-05-25 11:27:41,V017,80.0,1.2083412246224012
2026-05-25,2026-05-25 11:27:42,V017,81.0,0.9061760563793626
2026-05-25,2026-05-25 11:27:43,V017,81.0,1.025896992907208
2026-05-25,2026-05-25 11:27:44,V017,81.0,1.0401620738672817
2026-05-25,2026-05-25 11:27:45,V017,82.0,0.9313463859967703
2026-05-25,2026-05-25 11:27:46,V017,82.0,1.0182717724945736
2026-05-25,2026-05-25 11:27:47,V017,82.0,1.0394635085908326
2026-05-25,2026-05-25 11:27:48,V017,82.0,0.9995661407056028
2026-05-25,2026-05-25 11:27:49,V017,82.0,1.0916797993808964
2026-05-25,2026-05-25 11:27:50,V017,82.0,0.9869947926166235
2026-05-25,2026-05-25 11:27:51,V017,82.0,1.0777022372099692
2026-05-25,2026-05-25 11:27:52,V017,82.0,1.0749387266310586
2026-05-25,2026-05-25 11:27:53,V017,82.0,1.0183603275935795
2026-05-25,2026-05-25 11:27:54,V017,82.0,0.9827697011514545
2026-05-25,2026-05-25 11:27:55,V017,82.0,1.0539287722116777
2026-05-25,2026-05-25 11:27:56,V017,82.0,1.0453953032541206
2026-05-25,2026-05-25 11:27:57,V017,81.0,1.0060053031299816
2026-05-25,2026-05-25 11:27:58,V017,81.0,1.0609221749249933
2026-05-25,2026-05-25 11:27:59,V017,81.0,0.9953921826244468
2026-05-25,2026-05-25 11:28:00,V017,80.0,1.0461073221884718
2026-05-25,2026-05-25 11:28:01,V017,80.0,1.0372381460676285
2026-05-25,2026-05-25 11:28:02,V017,79.0,1.0464397604737439
2026-05-25,2026-05-25 11:28:03,V017,79.0,1.071797325113471
2026-05-25,2026-05-25 11:28:04,V017,79.0,0.9567428110890908
2026-05-25,2026-05-25 11:28:05,V017,79.0,1.0077736172833744
2026-05-25,2026-05-25 11:28:06,V017,79.0,0.9828845907249216
2026-05-25,2026-05-25 11:28:07,V017,79.0,1.009937637088691
2026-05-25,2026-05-25 11:28:08,V017,79.0,1.0537434147053741
2026-05-25,2026-05-25 11:28:09,V017,79.0,1.0189334613027656
2026-05-25,2026-05-25 11:28:10,V017,79.0,1.0510433979030498
2026-05-25,2026-05-25 11:28:11,V017,79.0,1.009615820788288
2026-05-25,2026-05-25 11:28:12,V017,79.0,0.9472155271580986
2026-05-25,2026-05-25 11:28:13,V017,79.0,0.9161928451172632
2026-05-25,2026-05-25 11:28:14,V017,79.0,1.1120011770536256
2026-05-25,2026-05-25 11:28:15,V017,79.0,1.0175709906247292
2026-05-25,2026-05-25 11:28:16,V017,78.0,1.005981856184659
2026-05-25,2026-05-25 11:28:17,V017,78.0,1.0041628721224616
2026-05-25,2026-05-25 11:28:18,V017,77.0,1.0227894770581087
2026-05-25,2026-05-25 11:28:19,V017,77.0,0.9886618421851452
2026-05-25,2026-05-25 11:28:20,V017,76.0,1.0283198568740257
2026-05-25,2026-05-25 11:28:21,V017,76.0,0.9574193458663527
2026-05-25,2026-05-25 11:28:22,V017,76.0,0.958810416705522
2026-05-25,2026-05-25 11:28:23,V017,76.0,0.9617618122928121
2026-05-25,2026-05-25 11:28:24,V017,76.0,0.9633766372799889
2026-05-25,2026-05-25 11:28:25,V017,76.0,0.9508657960599218
2026-05-25,2026-05-25 11:28:26,V017,75.0,0.9931889808915924
2026-05-25,2026-05-25 11:28:27,V017,75.0,1.0191775175040674
2026-05-25,2026-05-25 11:28:28,V017,75.0,1.0042795038946084
2026-05-25,2026-05-25 11:28:29,V017,76.0,1.0194317652890883
2026-05-25,2026-05-25 11:28:30,V017,76.0,1.0317114657648423
2026-05-25,2026-05-25 11:28:31,V017,76.0,1.0243873536151158
2026-05-25,2026-05-25 11:28:32,V017,75.0,1.0371973841614452
2026-05-25,2026-05-25 11:28:33,V017,75.0,0.9915125889184868
2026-05-25,2026-05-25 11:28:34,V017,74.0,0.9976205138060706
2026-05-25,2026-05-25 11:28:35,V017,72.0,0.9998482124904737
2026-05-25,2026-05-25 11:28:36,V017,71.0,1.0391137595709592
2026-05-25,2026-05-25 11:28:37,V017,71.0,1.0487453849475703
2026-05-25,2026-05-25 11:28:38,V017,69.0,1.0225087597535178
2026-05-25,2026-05-25 11:28:39,V017,68.0,0.995534293257385
2026-05-25,2026-05-25 11:28:40,V017,68.0,1.0283936747024105
2026-05-25,2026-05-25 11:28:41,V017,68.0,1.0293827431600884
2026-05-25,2026-05-25 11:28:42,V017,68.0,1.0608036872070068
2026-05-25,2026-05-25 11:28:43,V017,69.0,1.0029064167588433
2026-05-25,2026-05-25 11:28:44,V017,69.0,1.0280350396933566
2026-05-25,2026-05-25 11:28:45,V017,70.0,1.0175241628417548
2026-05-25,2026-05-25 11:28:46,V017,71.0,1.0341023514556498
2026-05-25,2026-05-25 11:28:47,V017,71.0,1.0421233081506143
2026-05-25,2026-05-25 11:28:48,V017,72.0,1.0180241580923126
2026-05-25,2026-05-25 11:28:49,V017,74.0,1.020724188691434
2026-05-25,2026-05-25 11:28:50,V017,75.0,1.0359966966801757
2026-05-25,2026-05-25 11:28:51,V017,75.0,0.9964193799206477
2026-05-25,2026-05-25 11:28:52,V017,76.0,1.0422408072751734
2026-05-25,2026-05-25 11:28:53,V017,77.0,1.0195862859441118
2026-05-25,2026-05-25 11:28:54,V017,76.0,1.0164381140737566
2026-05-25,2026-05-25 11:28:55,V017,76.0,1.0136736867011762
2026-05-25,2026-05-25 11:28:56,V017,76.0,0.9843047045399627
2026-05-25,2026-05-25 11:28:57,V017,75.0,0.9563373973944532
2026-05-25,2026-05-25 11:28:58,V017,75.0,1.0054808650000078
2026-05-25,2026-05-25 11:28:59,V017,75.0,1.0295997241485426
2026-05-25,2026-05-25 11:29:00,V017,74.0,1.0192944752835795
2026-05-25,2026-05-25 11:29:01,V017,72.0,1.0261745684710462
2026-05-25,2026-05-25 11:29:02,V017,71.0,1.0203834775229463
2026-05-25,2026-05-25 11:29:03,V017,71.0,1.030701421050194
2026-05-25,2026-05-25 11:29:04,V017,69.0,1.0237935804535083
2026-05-25,2026-05-25 11:29:05,V017,67.0,1.0239443224435671
2026-05-25,2026-05-25 11:29:06,V017,66.0,1.0234608895471755
2026-05-25,2026-05-25 11:29:07,V017,66.0,1.0218765321970142
2026-05-25,2026-05-25 11:29:08,V017,66.0,1.026019350540221
2026-05-25,2026-05-25 11:29:09,V017,65.0,1.0233243548629485
2026-05-25,2026-05-25 11:29:10,V017,64.0,1.0224793335835574
2026-05-25,2026-05-25 11:29:11,V017,64.0,1.0190521219525215
2026-05-25,2026-05-25 11:29:12,V017,64.0,1.0244704132349316
2026-05-25,2026-05-25 11:29:13,V017,62.0,1.0204555359833147
2026-05-25,2026-05-25 11:29:14,V017,62.0,1.0409056623062518
2026-05-25,2026-05-25 11:29:15,V017,62.0,1.022023725887337
2026-05-25,2026-05-25 11:29:16,V017,61.0,1.0185723755779974
2026-05-25,2026-05-25 11:29:17,V017,59.0,1.04326138424531
2026-05-25,2026-05-25 11:29:18,V017,59.0,1.0175579526450715
2026-05-25,2026-05-25 11:29:19,V017,59.0,1.030956272611706
2026-05-25,2026-05-25 11:29:20,V017,59.0,1.025727717172847
2026-05-25,2026-05-25 11:29:21,V017,59.0,1.0262303371976007
2026-05-25,2026-05-25 11:29:22,V017,58.0,1.0226242632659888
2026-05-25,2026-05-25 11:29:23,V017,58.0,1.0232526481453974
2026-05-25,2026-05-25 11:29:24,V017,58.0,1.0188772156509496
2026-05-25,2026-05-25 11:29:25,V017,59.0,1.0241386062428277
2026-05-25,2026-05-25 11:29:26,V017,59.0,1.0224307889256883
2026-05-25,2026-05-25 11:29:27,V017,59.0,1.0218883189444834
2026-05-25,2026-05-25 11:29:28,V017,59.0,1.0271641491963177
2026-05-25,2026-05-25 11:29:29,V017,60.0,1.0259218492917446
2026-05-25,2026-05-25 11:29:30,V017,60.0,1.0513654672170667
2026-05-25,2026-05-25 11:29:31,V017,60.0,1.014433910544379
2026-05-25,2026-05-25 11:29:32,V017,61.0,1.0134858613068127
2026-05-25,2026-05-25 11:29:33,V017,63.0,0.9546474618198768
2026-05-25,2026-05-25 11:29:34,V017,64.0,0.9463437996062524
2026-05-25,2026-05-25 11:29:35,V017,64.0,0.9652731026335372
2026-05-25,2026-05-25 11:29:36,V017,66.0,0.9164160496670688
2026-05-25,2026-05-25 11:29:37,V017,68.0,0.9952542018645671
2026-05-25,2026-05-25 11:29:38,V017,70.0,0.9559771432999441
2026-05-25,2026-05-25 11:29:39,V017,70.0,0.9275464265460297
2026-05-25,2026-05-25 11:29:40,V017,70.0,0.9646327063162417
2026-05-25,2026-05-25 11:29:41,V017,71.0,1.0009787780612565
2026-05-25,2026-05-25 11:29:42,V017,71.0,1.0027420736393218
2026-05-25,2026-05-25 11:29:43,V017,71.0,1.0099124973571834
2026-05-25,2026-05-25 11:29:44,V017,71.0,1.0151125759788038
2026-05-25,2026-05-25 11:29:45,V017,70.0,1.0077843767344035
2026-05-25,2026-05-25 11:29:46,V017,70.0,1.008798086386754
2026-05-25,2026-05-25 11:29:47,V017,70.0,1.009533653772436
2026-05-25,2026-05-25 11:29:48,V017,70.0,1.0072691410362904
2026-05-25,2026-05-25 11:29:49,V017,70.0,1.007702479910498
2026-05-25,2026-05-25 11:29:50,V017,70.0,1.0093300871626878
2026-05-25,2026-05-25 11:29:51,V017,70.0,1.010225557246051
2026-05-25,2026-05-25 11:29:52,V017,70.0,1.0097040192206623
2026-05-25,2026-05-25 11:29:53,V017,69.0,1.0085549067262203
2026-05-25,2026-05-25 11:29:54,V017,69.0,1.0079669288808184
2026-05-25,2026-05-25 11:29:55,V017,69.0,1.0106025152467448
2026-05-25,2026-05-25 11:29:56,V017,68.0,1.010259861037607
2026-05-25,2026-05-25 11:29:57,V017,68.0,1.0084074455236105
2026-05-25,2026-05-25 11:29:58,V017,67.0,1.0088348266758833
2026-05-25,2026-05-25 11:29:59,V017,67.0,1.007017638490965
2026-05-25,2026-05-25 11:30:00,V017,67.0,1.0105432409240065
2026-05-25,2026-05-25 11:30:01,V017,65.0,1.0127965187730417
2026-05-25,2026-05-25 11:30:02,V017,64.0,1.0062261185149846
2026-05-25,2026-05-25 11:30:03,V017,64.0,1.006588482522868
2026-05-25,2026-05-25 11:30:04,V017,63.0,1.0087569254726918
2026-05-25,2026-05-25 11:30:05,V017,61.0,1.0101545377908325
2026-05-25,2026-05-25 11:30:06,V017,60.0,1.00739607940138
2026-05-25,2026-05-25 11:30:07,V017,60.0,1.0161287783120942
2026-05-25,2026-05-25 11:30:08,V017,60.0,1.0079755497102394
2026-05-25,2026-05-25 11:30:09,V017,59.0,1.0155187104659946
2026-05-25,2026-05-25 11:30:10,V017,59.0,1.0119318286457022
2026-05-25,2026-05-25 11:30:11,V017,59.0,1.019571039294706
2026-05-25,2026-05-25 11:30:12,V017,59.0,1.0116640488247581
2026-05-25,2026-05-25 11:30:13,V017,59.0,1.0170800706150458
2026-05-25,2026-05-25 11:30:14,V017,60.0,1.0073879849048593
2026-05-25,2026-05-25 11:30:15,V017,60.0,1.007985296411524
2026-05-25,2026-05-25 11:30:16,V017,60.0,1.016630019411946
2026-05-25,2026-05-25 11:30:17,V017,61.0,1.0113069506597672
2026-05-25,2026-05-25 11:30:18,V017,61.0,1.0079326493374194
2026-05-25,2026-05-25 11:30:19,V017,61.0,1.013664089231869
2026-05-25,2026-05-25 11:30:20,V017,62.0,1.0075026202941093
2026-05-25,2026-05-25 11:30:21,V017,63.0,1.0078430750301655
2026-05-25,2026-05-25 11:30:22,V017,63.0,1.0100790428570667
2026-05-25,2026-05-25 11:30:23,V017,63.0,0.9908688078346402
2026-05-25,2026-05-25 11:30:24,V017,63.0,1.0184694840221444
2026-05-25,2026-05-25 11:30:25,V017,63.0,1.0072045287333762
2026-05-25,2026-05-25 11:30:26,V017,63.0,1.0076137259049072
2026-05-25,2026-05-25 11:30:27,V017,62.0,1.01015354812359
2026-05-25,2026-05-25 11:30:28,V017,62.0,1.0093926407845781
2026-05-25,2026-05-25 11:30:29,V017,62.0,1.0064615996169
2026-05-25,2026-05-25 11:30:30,V017,63.0,1.0076022435291994
2026-05-25,2026-05-25 11:30:31,V017,63.0,1.0031471590195011
2026-05-25,2026-05-25 11:30:32,V017,64.0,1.00463795969672
2026-05-25,2026-05-25 11:30:33,V017,64.0,1.0117928670864367
2026-05-25,2026-05-25 11:30:34,V017,64.0,1.0105611945929087
2026-05-25,2026-05-25 11:30:35,V017,64.0,1.006230354247956
2026-05-25,2026-05-25 11:30:36,V017,64.0,1.0103200349788108
2026-05-25,2026-05-25 11:30:37,V017,64.0,1.0078930962200032
2026-05-25,2026-05-25 11:30:38,V017,64.0,1.0082579637678541
2026-05-25,2026-05-25 11:30:39,V017,63.0,1.0098149123643094
2026-05-25,2026-05-25 11:30:40,V017,63.0,1.0103336319205993
2026-05-25,2026-05-25 11:30:41,V017,63.0,1.0165057245038809
2026-05-25,2026-05-25 11:30:42,V017,64.0,1.0059837373948741
2026-05-25,2026-05-25 11:30:43,V017,64.0,1.0032548653288238
2026-05-25,2026-05-25 11:30:44,V017,64.0,1.0126422014171896
2026-05-25,2026-05-25 11:30:45,V017,64.0,1.0084339802265294
2026-05-25,2026-05-25 11:30:46,V017,65.0,1.0129731940142634
2026-05-25,2026-05-25 11:30:47,V017,65.0,1.0031830093757819
2026-05-25,2026-05-25 11:30:48,V017,66.0,1.026069401233423
2026-05-25,2026-05-25 11:30:49,V017,67.0,1.0221183971716903
2026-05-25,2026-05-25 11:30:50,V017,68.0,1.0156403533036937
2026-05-25,2026-05-25 11:30:51,V017,69.0,1.0023728657592574
2026-05-25,2026-05-25 11:30:52,V017,69.0,1.0159495029197632
2026-05-25,2026-05-25 11:30:53,V017,70.0,1.0117563460463097
2026-05-25,2026-05-25 11:30:54,V017,70.0,1.0201389823967064
2026-05-25,2026-05-25 11:30:55,V017,71.0,1.0078463891181888
2026-05-25,2026-05-25 11:30:56,V017,71.0,1.014811948396204
2026-05-25,2026-05-25 11:30:57,V017,72.0,1.0121711905881832
2026-05-25,2026-05-25 11:30:58,V017,72.0,1.010789777800654
2026-05-25,2026-05-25 11:30:59,V017,72.0,1.004223190032026
2026-05-25,2026-05-25 11:31:00,V017,73.0,1.010705309780535
2026-05-25,2026-05-25 11:31:01,V017,73.0,1.0139456719081361
2026-05-25,2026-05-25 11:31:02,V017,73.0,1.0166325054802585
2026-05-25,2026-05-25 11:31:03,V017,73.0,1.0142506522550134
2026-05-25,2026-05-25 11:31:04,V017,72.0,1.0089576252974397
2026-05-25,2026-05-25 11:31:05,V017,71.0,1.0212883840274423
2026-05-25,2026-05-25 11:31:06,V017,70.0,1.013378067357452
2026-05-25,2026-05-25 11:31:07,V017,69.0,1.0133938743596784
2026-05-25,2026-05-25 11:31:08,V017,68.0,1.0165529483332536
2026-05-25,2026-05-25 11:31:09,V017,67.0,1.0130989876855236
2026-05-25,2026-05-25 11:31:10,V017,66.0,1.0171051114317438
2026-05-25,2026-05-25 11:31:11,V017,66.0,1.006383850449773
2026-05-25,2026-05-25 11:31:12,V017,66.0,1.0230434455399655
2026-05-25,2026-05-25 11:31:13,V017,66.0,1.0307646531675523
2026-05-25,2026-05-25 11:31:14,V017,67.0,1.0113617473408474
2026-05-25,2026-05-25 11:31:15,V017,68.0,1.0053474529872248
2026-05-25,2026-05-25 11:31:16,V017,68.0,1.0069869194129772
2026-05-25,2026-05-25 11:31:17,V017,69.0,1.0084025267812249
2026-05-25,2026-05-25 11:31:18,V017,69.0,1.0100268080657708
2026-05-25,2026-05-25 11:31:19,V017,70.0,1.0078816145051126
2026-05-25,2026-05-25 11:31:20,V017,70.0,1.0083216157363213
2026-05-25,2026-05-25 11:31:21,V017,71.0,1.008986116301875
2026-05-25,2026-05-25 11:31:22,V017,71.0,1.0067475937298902
2026-05-25,2026-05-25 11:31:23,V017,72.0,1.0078410193393004
2026-05-25,2026-05-25 11:31:24,V017,72.0,1.0073276423666135
2026-05-25,2026-05-25 11:31:25,V017,73.0,1.0058621730821036
2026-05-25,2026-05-25 11:31:26,V017,74.0,1.007937692702847
2026-05-25,2026-05-25 11:31:27,V017,74.0,1.0028369687570933
2026-05-25,2026-05-25 11:31:28,V017,75.0,0.9903300697149016
2026-05-25,2026-05-25 11:31:29,V017,75.0,0.9924013190465614
2026-05-25,2026-05-25 11:31:30,V017,75.0,0.9709476388647049
2026-05-25,2026-05-25 11:31:31,V017,75.0,0.9809125031246814
2026-05-25,2026-05-25 11:31:32,V017,75.0,0.9625542808217787
2026-05-25,2026-05-25 11:31:33,V017,75.0,0.9789245759383607
2026-05-25,2026-05-25 11:31:34,V017,75.0,1.00655475495077
2026-05-25,2026-05-25 11:31:35,V017,74.0,1.0027261339202045
2026-05-25,2026-05-25 11:31:36,V017,74.0,1.0079835094340424
2026-05-25,2026-05-25 11:31:37,V017,74.0,0.9968636545910262
2026-05-25,2026-05-25 11:31:38,V017,72.0,1.034141911392159
2026-05-25,2026-05-25 11:31:39,V017,71.0,1.0008319404779948
2026-05-25,2026-05-25 11:31:40,V017,70.0,0.9984125161163135
2026-05-25,2026-05-25 11:31:41,V017,69.0,1.0047840684224139
2026-05-25,2026-05-25 11:31:42,V017,69.0,0.9894101150837717
2026-05-25,2026-05-25 11:31:43,V017,68.0,1.0124940659783919
2026-05-25,2026-05-25 11:31:44,V017,68.0,1.0007646197970772
2026-05-25,2026-05-25 11:31:45,V017,68.0,1.0045386166062094
2026-05-25,2026-05-25 11:31:46,V017,69.0,0.9961202635058106
2026-05-25,2026-05-25 11:31:47,V017,69.0,0.9995973268149524
2026-05-25,2026-05-25 11:31:48,V017,68.0,1.0008177425213862
2026-05-25,2026-05-25 11:31:49,V017,67.0,1.0010300346582552
2026-05-25,2026-05-25 11:31:50,V017,66.0,1.0049231417374127
2026-05-25,2026-05-25 11:31:51,V017,65.0,1.005529058837619
2026-05-25,2026-05-25 11:31:52,V017,64.0,1.0070548656076246
2026-05-25,2026-05-25 11:31:53,V017,64.0,1.0056739485646333
2026-05-25,2026-05-25 11:31:54,V017,63.0,1.002919435750587
2026-05-25,2026-05-25 11:31:55,V017,63.0,1.0019168386845
2026-05-25,2026-05-25 11:31:56,V017,63.0,1.008764271912099
2026-05-25,2026-05-25 11:31:57,V017,63.0,1.0011666118258653
2026-05-25,2026-05-25 11:31:58,V017,63.0,1.0089590310097747
2026-05-25,2026-05-25 11:31:59,V017,64.0,0.9999152558870628
2026-05-25,2026-05-25 11:32:00,V017,65.0,1.0063647364339205
2026-05-25,2026-05-25 11:32:01,V017,65.0,0.9987876986422684
2026-05-25,2026-05-25 11:32:02,V017,66.0,1.0051790455226424
2026-05-25,2026-05-25 11:32:03,V017,66.0,1.0097407319707061
2026-05-25,2026-05-25 11:32:04,V017,67.0,1.0063388028143254
2026-05-25,2026-05-25 11:32:05,V017,67.0,1.014140989441179
2026-05-25,2026-05-25 11:32:06,V017,67.0,1.0156645646261901
2026-05-25,2026-05-25 11:32:07,V017,67.0,1.0175884219754325
2026-05-25,2026-05-25 11:32:08,V017,67.0,1.0161660457575232
2026-05-25,2026-05-25 11:32:09,V017,67.0,1.0145955311886963
2026-05-25,2026-05-25 11:32:10,V017,68.0,1.0093472824077203
2026-05-25,2026-05-25 11:32:11,V017,68.0,1.0129011051417802
2026-05-25,2026-05-25 11:32:12,V017,69.0,1.0085539022928836
2026-05-25,2026-05-25 11:32:13,V017,69.0,1.0083197616342279
2026-05-25,2026-05-25 11:32:14,V017,69.0,1.0097230317035042
2026-05-25,2026-05-25 11:32:15,V017,69.0,1.0098563277230748
2026-05-25,2026-05-25 11:32:16,V017,69.0,1.011446806274018
2026-05-25,2026-05-25 11:32:17,V017,69.0,1.0116101017978805
2026-05-25,2026-05-25 11:32:18,V017,69.0,1.0121489409124729
2026-05-25,2026-05-25 11:32:19,V017,70.0,1.0097535069198424
2026-05-25,2026-05-25 11:32:20,V017,70.0,1.0129721790196013
2026-05-25,2026-05-25 11:32:21,V017,70.0,1.0098950038917787
2026-05-25,2026-05-25 11:32:22,V017,71.0,1.0119016748052605
2026-05-25,2026-05-25 11:32:23,V017,72.0,1.012934706918949
2026-05-25,2026-05-25 11:32:24,V017,72.0,1.0050448457626115
2026-05-25,2026-05-25 11:32:25,V017,72.0,1.0092812044444388
2026-05-25,2026-05-25 11:32:26,V017,72.0,1.0092548531582681
2026-05-25,2026-05-25 11:32:27,V017,72.0,1.0110546469721091
2026-05-25,2026-05-25 11:32:28,V017,72.0,1.0225102160837347
2026-05-25,2026-05-25 11:32:29,V017,72.0,1.005547363407743
2026-05-25,2026-05-25 11:32:30,V017,71.0,1.0170969878367888
2026-05-25,2026-05-25 11:32:31,V017,70.0,1.0048855557898637
2026-05-25,2026-05-25 11:32:32,V017,70.0,1.0216868581300538
2026-05-25,2026-05-25 11:32:33,V017,70.0,1.018592640805882
2026-05-25,2026-05-25 11:32:34,V017,69.0,1.0149785073594355
2026-05-25,2026-05-25 11:32:35,V017,69.0,1.0140663481444883
2026-05-25,2026-05-25 11:32:36,V017,69.0,1.0106052863936266
2026-05-25,2026-05-25 11:32:37,V017,69.0,1.0131128739941326
2026-05-25,2026-05-25 11:32:38,V017,69.0,1.0192647841000246
2026-05-25,2026-05-25 11:32:39,V017,70.0,1.0194078375803632
2026-05-25,2026-05-25 11:32:40,V017,70.0,1.0308162232059124
2026-05-25,2026-05-25 11:32:41,V017,71.0,1.0351463266906762
2026-05-25,2026-05-25 11:32:42,V017,71.0,1.0312870516243249
2026-05-25,2026-05-25 11:32:43,V017,71.0,1.029495271490302
2026-05-25,2026-05-25 11:32:44,V017,71.0,1.0245091459123459
2026-05-25,2026-05-25 11:32:45,V017,71.0,1.030128441441971
2026-05-25,2026-05-25 11:32:46,V017,71.0,1.0222088535164404
2026-05-25,2026-05-25 11:32:47,V017,70.0,1.0271739510548783
2026-05-25,2026-05-25 11:32:48,V017,70.0,1.0274708087496138
2026-05-25,2026-05-25 11:32:49,V017,70.0,1.0266742954849617
2026-05-25,2026-05-25 11:32:50,V017,70.0,1.026514476590922
2026-05-25,2026-05-25 11:32:51,V017,69.0,1.0265911481965821
2026-05-25,2026-05-25 11:32:52,V017,68.0,1.0274745465037007
2026-05-25,2026-05-25 11:32:53,V017,67.0,1.025409295258877
2026-05-25,2026-05-25 11:32:54,V017,66.0,1.023680711974691
2026-05-25,2026-05-25 11:32:55,V017,65.0,1.0238211395360455
2026-05-25,2026-05-25 11:32:56,V017,64.0,1.0239491386769375
2026-05-25,2026-05-25 11:32:57,V017,64.0,1.0251659103820503
2026-05-25,2026-05-25 11:32:58,V017,64.0,1.025163763434928
2026-05-25,2026-05-25 11:32:59,V017,64.0,1.0255420298513693
2026-05-25,2026-05-25 11:33:00,V017,65.0,1.0253443523240346
2026-05-25,2026-05-25 11:33:01,V017,65.0,1.0278358269900503
2026-05-25,2026-05-25 11:33:02,V017,66.0,1.0228536099791845
2026-05-25,2026-05-25 11:33:03,V017,66.0,1.0257443495138032
2026-05-25,2026-05-25 11:33:04,V017,66.0,1.0187510264159092
2026-05-25,2026-05-25 11:33:05,V017,68.0,0.9895901738462086
2026-05-25,2026-05-25 11:33:06,V017,68.0,1.1219283227890353
2026-05-25,2026-05-25 11:33:07,V017,68.0,1.019798861262433
2026-05-25,2026-05-25 11:33:08,V017,70.0,1.0276962597598265
2026-05-25,2026-05-25 11:33:09,V017,72.0,1.0075702176050434
2026-05-25,2026-05-25 11:33:10,V017,73.0,1.0081824480771027
2026-05-25,2026-05-25 11:33:11,V017,73.0,1.007850685648977
2026-05-25,2026-05-25 11:33:12,V017,73.0,1.0080504312809415
2026-05-25,2026-05-25 11:33:13,V017,73.0,1.007922166607522
2026-05-25,2026-05-25 11:33:14,V017,74.0,1.0073100723401893
2026-05-25,2026-05-25 11:33:15,V017,74.0,1.0081227633425924
2026-05-25,2026-05-25 11:33:16,V017,73.0,1.0086679126864058
2026-05-25,2026-05-25 11:33:17,V017,73.0,1.0078132132735502
2026-05-25,2026-05-25 11:33:18,V017,72.0,1.0085080714897152
2026-05-25,2026-05-25 11:33:19,V017,72.0,1.0082045828063864
2026-05-25,2026-05-25 11:33:20,V017,72.0,1.0063379027445944
2026-05-25,2026-05-25 11:33:21,V017,71.0,1.0094912334399928
2026-05-25,2026-05-25 11:33:22,V017,71.0,1.0095856198491053
2026-05-25,2026-05-25 11:33:23,V017,71.0,1.0101831426972039
2026-05-25,2026-05-25 11:33:24,V017,70.0,1.01005312391598
2026-05-25,2026-05-25 11:33:25,V017,70.0,1.010226766186881
2026-05-25,2026-05-25 11:33:26,V017,70.0,1.0107213544786458
2026-05-25,2026-05-25 11:33:27,V017,70.0,1.0107438396112538
2026-05-25,2026-05-25 11:33:28,V017,70.0,1.0102278108114646
2026-05-25,2026-05-25 11:33:29,V017,70.0,1.0102249136334138
2026-05-25,2026-05-25 11:33:30,V017,69.0,1.0106110533651287
2026-05-25,2026-05-25 11:33:31,V017,69.0,1.0104875267671085
2026-05-25,2026-05-25 11:33:32,V017,68.0,1.0110038303703748
2026-05-25,2026-05-25 11:33:33,V017,66.0,1.010551595944042
2026-05-25,2026-05-25 11:33:34,V017,65.0,1.0109143063960195
2026-05-25,2026-05-25 11:33:35,V017,65.0,1.0100925394986893
2026-05-25,2026-05-25 11:33:36,V017,63.0,1.0095397387342602
2026-05-25,2026-05-25 11:33:37,V017,61.0,1.0102720284944433
2026-05-25,2026-05-25 11:33:38,V017,59.0,1.00899046911121
2026-05-25,2026-05-25 11:33:39,V017,58.0,1.0096792193945863
2026-05-25,2026-05-25 11:33:40,V017,56.0,1.0101163156286912
2026-05-25,2026-05-25 11:33:41,V017,54.0,1.0097133374842464
2026-05-25,2026-05-25 11:33:42,V017,54.0,1.0097803692891896
2026-05-25,2026-05-25 11:33:43,V017,54.0,1.0096446083164503
2026-05-25,2026-05-25 11:33:44,V017,53.0,1.0099980092778669
2026-05-25,2026-05-25 11:33:45,V017,53.0,1.0106651151689483
2026-05-25,2026-05-25 11:33:46,V017,53.0,1.0085037831180967
2026-05-25,2026-05-25 11:33:47,V017,52.0,1.01291339485797
2026-05-25,2026-05-25 11:33:48,V017,52.0,1.0113132828841251
2026-05-25,2026-05-25 11:33:49,V017,52.0,1.0091620985351837
2026-05-25,2026-05-25 11:33:50,V017,52.0,1.0105584139105566
2026-05-25,2026-05-25 11:33:51,V017,51.0,1.0102379233691618
2026-05-25,2026-05-25 11:33:52,V017,51.0,1.0100556580815123
2026-05-25,2026-05-25 11:33:53,V017,51.0,1.0101984867735778
2026-05-25,2026-05-25 11:33:54,V017,50.0,1.010266143402203
2026-05-25,2026-05-25 11:33:55,V017,50.0,1.0103513629262197
2026-05-25,2026-05-25 11:33:56,V017,49.0,1.0103811319438245
2026-05-25,2026-05-25 11:33:57,V017,49.0,1.010781268093681
2026-05-25,2026-05-25 11:33:58,V017,50.0,1.0103721925484235
2026-05-25,2026-05-25 11:33:59,V017,50.0,1.0103116987500014
2026-05-25,2026-05-25 11:34:00,V017,51.0,1.0102424212326904
2026-05-25,2026-05-25 11:34:01,V017,52.0,1.0106465890459742
2026-05-25,2026-05-25 11:34:02,V017,52.0,1.0103828838212596
2026-05-25,2026-05-25 11:34:03,V017,52.0,1.0105304084782833
2026-05-25,2026-05-25 11:34:04,V017,51.0,1.0103932648061673
2026-05-25,2026-05-25 11:34:05,V017,51.0,1.0101536212238535
2026-05-25,2026-05-25 11:34:06,V017,51.0,1.0103931216495672
2026-05-25,2026-05-25 11:34:07,V017,51.0,1.0101656226943145
2026-05-25,2026-05-25 11:34:08,V017,52.0,1.0103820759476974
2026-05-25,2026-05-25 11:34:09,V017,52.0,1.0098587798200993
2026-05-25,2026-05-25 11:34:10,V017,52.0,1.0108398350819674
2026-05-25,2026-05-25 11:34:11,V017,52.0,1.0098093361236875
2026-05-25,2026-05-25 11:34:12,V017,52.0,1.0101329325364676
2026-05-25,2026-05-25 11:34:13,V017,52.0,1.0111198905175198
2026-05-25,2026-05-25 11:34:14,V017,53.0,1.0108923488516857
2026-05-25,2026-05-25 11:34:15,V017,54.0,1.010339028288184
2026-05-25,2026-05-25 11:34:16,V017,55.0,1.0102046529022966
2026-05-25,2026-05-25 11:34:17,V017,55.0,1.0108501493104713
2026-05-25,2026-05-25 11:34:18,V017,54.0,1.0106930167213495
2026-05-25,2026-05-25 11:34:19,V017,54.0,1.0104419119352546
2026-05-25,2026-05-25 11:34:20,V017,53.0,1.009801008251977
2026-05-25,2026-05-25 11:34:21,V017,52.0,1.0104931019783496
2026-05-25,2026-05-25 11:34:22,V017,51.0,1.0108647184970347
2026-05-25,2026-05-25 11:34:23,V017,51.0,1.0103734810911904
2026-05-25,2026-05-25 11:34:24,V017,51.0,1.0110363087542864
2026-05-25,2026-05-25 11:34:25,V017,52.0,1.0106832457024821
2026-05-25,2026-05-25 11:34:26,V017,51.0,1.0102916775302677
2026-05-25,2026-05-25 11:34:27,V017,51.0,1.0103306191063457
2026-05-25,2026-05-25 11:34:28,V017,50.0,1.0109287760290036
2026-05-25,2026-05-25 11:34:29,V017,50.0,1.0105790270171016
2026-05-25,2026-05-25 11:34:30,V017,50.0,1.0102131717394318
2026-05-25,2026-05-25 11:34:31,V017,49.0,1.0098798997024265
2026-05-25,2026-05-25 11:34:32,V017,49.0,1.0107897673511186
2026-05-25,2026-05-25 11:34:33,V017,49.0,1.0107084329597624
2026-05-25,2026-05-25 11:34:34,V017,50.0,1.0105740462252597
2026-05-25,2026-05-25 11:34:35,V017,51.0,1.0110453622629167
2026-05-25,2026-05-25 11:34:36,V017,52.0,1.0107092103853041
2026-05-25,2026-05-25 11:34:37,V017,53.0,1.0080193089025307
2026-05-25,2026-05-25 11:34:38,V017,54.0,1.0115163450410414
2026-05-25,2026-05-25 11:34:39,V017,55.0,1.0097065863163546
2026-05-25,2026-05-25 11:34:40,V017,56.0,1.0104597688208599
2026-05-25,2026-05-25 11:34:41,V017,57.0,1.0096353823874304
2026-05-25,2026-05-25 11:34:42,V017,57.0,1.0095996527484339
2026-05-25,2026-05-25 11:34:43,V017,56.0,1.0094696276868484
2026-05-25,2026-05-25 11:34:44,V017,55.0,1.0111280937362794
2026-05-25,2026-05-25 11:34:45,V017,55.0,1.0104881327510649
2026-05-25,2026-05-25 11:34:46,V017,54.0,1.010633579369339
2026-05-25,2026-05-25 11:34:47,V017,53.0,1.0109941187560174
2026-05-25,2026-05-25 11:34:48,V017,52.0,1.011296832121541
2026-05-25,2026-05-25 11:34:49,V017,52.0,1.010989112562306
2026-05-25,2026-05-25 11:34:50,V017,51.0,1.0111058098760923
2026-05-25,2026-05-25 11:34:51,V017,51.0,1.0110788680152938
2026-05-25,2026-05-25 11:34:52,V017,51.0,1.0115403321495824
2026-05-25,2026-05-25 11:34:53,V017,50.0,1.010754182833257
2026-05-25,2026-05-25 11:34:54,V017,50.0,1.0108991267488507
2026-05-25,2026-05-25 11:34:55,V017,50.0,1.0109133865412179
2026-05-25,2026-05-25 11:34:56,V017,50.0,1.0107083006400384
2026-05-25,2026-05-25 11:34:57,V017,51.0,1.0110334728567378
2026-05-25,2026-05-25 11:34:58,V017,51.0,1.0106657136035642
2026-05-25,2026-05-25 11:34:59,V017,51.0,1.01141490392876
2026-05-25,2026-05-25 11:35:00,V017,50.0,1.011586042753673
2026-05-25,2026-05-25 11:35:01,V017,50.0,1.0111283089161853
2026-05-25,2026-05-25 11:35:02,V017,50.0,1.010823559214132
2026-05-25,2026-05-25 11:35:03,V017,49.0,1.0114533375844972
2026-05-25,2026-05-25 11:35:04,V017,49.0,1.0114927608362083
2026-05-25,2026-05-25 11:35:05,V017,48.0,1.0109465811670575
2026-05-25,2026-05-25 11:35:06,V017,48.0,1.011094418413688
2026-05-25,2026-05-25 11:35:07,V017,48.0,1.0105714980835188
2026-05-25,2026-05-25 11:35:08,V017,48.0,1.0109614407283642
2026-05-25,2026-05-25 11:35:09,V017,48.0,1.0108687457161813
2026-05-25,2026-05-25 11:35:10,V017,48.0,1.0109898428903679
2026-05-25,2026-05-25 11:35:11,V017,48.0,1.010559372167873
2026-05-25,2026-05-25 11:35:12,V017,48.0,1.0113683445762285
2026-05-25,2026-05-25 11:35:13,V017,48.0,1.0109006381984906
2026-05-25,2026-05-25 11:35:14,V017,47.0,1.0107183623700007
2026-05-25,2026-05-25 11:35:15,V017,47.0,1.0110397690606414
2026-05-25,2026-05-25 11:35:16,V017,47.0,1.0110659652722123
2026-05-25,2026-05-25 11:35:17,V017,47.0,1.0110625691904906
2026-05-25,2026-05-25 11:35:18,V017,47.0,1.0104980883208603
2026-05-25,2026-05-25 11:35:19,V017,47.0,1.009564880097215
2026-05-25,2026-05-25 11:35:20,V017,47.0,1.0103277363365244
2026-05-25,2026-05-25 11:35:21,V017,48.0,1.0102376399564446
2026-05-25,2026-05-25 11:35:22,V017,48.0,1.0096913083135852
2026-05-25,2026-05-25 11:35:23,V017,48.0,1.0091633063728689
2026-05-25,2026-05-25 11:35:24,V017,49.0,1.0076013113163236
2026-05-25,2026-05-25 11:35:25,V017,49.0,1.0061781418538416
2026-05-25,2026-05-25 11:35:26,V017,49.0,1.0010871018956538
2026-05-25,2026-05-25 11:35:27,V017,50.0,0.999347430360013
2026-05-25,2026-05-25 11:35:28,V017,50.0,1.001146232510433
2026-05-25,2026-05-25 11:35:29,V017,50.0,1.004718253080343
2026-05-25,2026-05-25 11:35:30,V017,50.0,1.0066007014473564
2026-05-25,2026-05-25 11:35:31,V017,50.0,1.0068779936764896
2026-05-25,2026-05-25 11:35:32,V017,49.0,1.0064772991484388
2026-05-25,2026-05-25 11:35:33,V017,49.0,1.0059899445649807
2026-05-25,2026-05-25 11:35:34,V017,49.0,1.0056681636107363
2026-05-25,2026-05-25 11:35:35,V017,49.0,1.0053367585563127
2026-05-25,2026-05-25 11:35:36,V017,50.0,1.0056199116418951
2026-05-25,2026-05-25 11:35:37,V017,50.0,1.0053300243415246
2026-05-25,2026-05-25 11:35:38,V017,51.0,1.005664895894039
2026-05-25,2026-05-25 11:35:39,V017,53.0,1.0056363924067686
2026-05-25,2026-05-25 11:35:40,V017,53.0,1.0052697215038016
2026-05-25,2026-05-25 11:35:41,V017,53.0,1.005112237624671
2026-05-25,2026-05-25 11:35:42,V017,53.0,1.0054673925838635
2026-05-25,2026-05-25 11:35:43,V017,51.0,1.0051968247102234
2026-05-25,2026-05-25 11:35:44,V017,51.0,1.0050051670028088
2026-05-25,2026-05-25 11:35:45,V017,51.0,1.0051228268986696
2026-05-25,2026-05-25 11:35:46,V017,50.0,1.0057944075186958
2026-05-25,2026-05-25 11:35:47,V017,49.0,1.0055017685735066
2026-05-25,2026-05-25 11:35:48,V017,49.0,1.0047038509185466
2026-05-25,2026-05-25 11:35:49,V017,49.0,1.0055063388356065
2026-05-25,2026-05-25 11:35:50,V017,48.0,1.005588096520015
2026-05-25,2026-05-25 11:35:51,V017,46.0,1.0051195012836336
2026-05-25,2026-05-25 11:35:52,V017,46.0,1.0056629548050438
2026-05-25,2026-05-25 11:35:53,V017,46.0,1.0060362682793942
2026-05-25,2026-05-25 11:35:54,V017,46.0,1.0057359780406756
2026-05-25,2026-05-25 11:35:55,V017,46.0,1.005964772395544
2026-05-25,2026-05-25 11:35:56,V017,46.0,1.0051364046636897
2026-05-25,2026-05-25 11:35:57,V017,46.0,1.0056272364475851
2026-05-25,2026-05-25 11:35:58,V017,46.0,1.005371689979721
2026-05-25,2026-05-25 11:35:59,V017,46.0,1.0049941531518565
2026-05-25,2026-05-25 11:36:00,V017,47.0,1.005340753805227
2026-05-25,2026-05-25 11:36:01,V017,47.0,1.0056641790852436
2026-05-25,2026-05-25 11:36:02,V017,48.0,1.0017394301236204
2026-05-25,2026-05-25 11:36:03,V017,49.0,0.9855132549066796
2026-05-25,2026-05-25 11:36:04,V017,49.0,0.9953356755573561
2026-05-25,2026-05-25 11:36:05,V017,49.0,0.9361667235136051
2026-05-25,2026-05-25 11:36:06,V017,49.0,0.9791176117249762
2026-05-25,2026-05-25 11:36:07,V017,49.0,0.9452587968643678
2026-05-25,2026-05-25 11:36:08,V017,49.0,0.9552395136144268
2026-05-25,2026-05-25 11:36:09,V017,49.0,0.9536654081788822
2026-05-25,2026-05-25 11:36:10,V017,49.0,0.9551759560160028
2026-05-25,2026-05-25 11:36:11,V017,49.0,0.9555212413045097
2026-05-25,2026-05-25 11:36:12,V017,49.0,0.9550304890224085
2026-05-25,2026-05-25 11:36:13,V017,49.0,0.95564242552479
2026-05-25,2026-05-25 11:36:14,V017,50.0,0.9561139485057992
2026-05-25,2026-05-25 11:36:15,V017,52.0,0.9546910152574015
2026-05-25,2026-05-25 11:36:16,V017,53.0,0.9536352835159672
2026-05-25,2026-05-25 11:36:17,V017,53.0,0.9553674179122192
2026-05-25,2026-05-25 11:36:18,V017,53.0,0.9552196487502989
2026-05-25,2026-05-25 11:36:19,V017,53.0,0.9554580644287674
2026-05-25,2026-05-25 11:36:20,V017,54.0,0.9559738266988892
2026-05-25,2026-05-25 11:36:21,V017,54.0,0.9554905143481582
2026-05-25,2026-05-25 11:36:22,V017,54.0,0.9562311217585284
2026-05-25,2026-05-25 11:36:23,V017,55.0,0.95651654525046
2026-05-25,2026-05-25 11:36:24,V017,55.0,0.9563393814284499
2026-05-25,2026-05-25 11:36:25,V017,55.0,0.9557952796934559
2026-05-25,2026-05-25 11:36:26,V017,56.0,0.9560501226660684
2026-05-25,2026-05-25 11:36:27,V017,57.0,0.9561644384612126
2026-05-25,2026-05-25 11:36:28,V017,57.0,0.9536034129342468
2026-05-25,2026-05-25 11:36:29,V017,57.0,0.9555444282942949
2026-05-25,2026-05-25 11:36:30,V017,56.0,0.954825993698858
2026-05-25,2026-05-25 11:36:31,V017,54.0,0.9551941679403746
2026-05-25,2026-05-25 11:36:32,V017,53.0,0.9558416241444476
2026-05-25,2026-05-25 11:36:33,V017,53.0,0.9551071308706413
2026-05-25,2026-05-25 11:36:34,V017,52.0,0.9552749928942581
2026-05-25,2026-05-25 11:36:35,V017,51.0,0.955504625751397
2026-05-25,2026-05-25 11:36:36,V017,50.0,0.9543339776496781
2026-05-25,2026-05-25 11:36:37,V017,50.0,0.9553481850315761
2026-05-25,2026-05-25 11:36:38,V017,50.0,0.9547917441088681
2026-05-25,2026-05-25 11:36:39,V017,50.0,0.9555942717870843
2026-05-25,2026-05-25 11:36:40,V017,50.0,0.9550348080382663
2026-05-25,2026-05-25 11:36:41,V017,50.0,0.9551936154512087
2026-05-25,2026-05-25 11:36:42,V017,50.0,0.9547361795954921
2026-05-25,2026-05-25 11:36:43,V017,49.0,0.953950718947944
2026-05-25,2026-05-25 11:36:44,V017,49.0,0.9536748363705239
2026-05-25,2026-05-25 11:36:45,V017,48.0,0.9535217497175387
2026-05-25,2026-05-25 11:36:46,V017,48.0,0.9534500459786375
2026-05-25,2026-05-25 11:36:47,V017,48.0,0.9540982638361526
2026-05-25,2026-05-25 11:36:48,V017,47.0,0.9535057561474051
2026-05-25,2026-05-25 11:36:49,V017,47.0,0.9548231024334863
2026-05-25,2026-05-25 11:36:50,V017,47.0,0.9543312399273591
2026-05-25,2026-05-25 11:36:51,V017,46.0,0.9546211179013585
2026-05-25,2026-05-25 11:36:52,V017,46.0,0.9540648214984396
2026-05-25,2026-05-25 11:36:53,V017,46.0,0.9546103483023398
2026-05-25,2026-05-25 11:36:54,V017,47.0,0.9543210106797858
2026-05-25,2026-05-25 11:36:55,V017,46.0,0.9548513611105119
2026-05-25,2026-05-25 11:36:56,V017,46.0,0.955066159063355
2026-05-25,2026-05-25 11:36:57,V017,46.0,0.9547359408943998
2026-05-25,2026-05-25 11:36:58,V017,45.0,0.954647848482491
2026-05-25,2026-05-25 11:36:59,V017,45.0,0.954767299344637
2026-05-25,2026-05-25 11:37:00,V017,45.0,0.9546606996012731
2026-05-25,2026-05-25 11:37:01,V017,46.0,0.955010055552385
2026-05-25,2026-05-25 11:37:02,V017,46.0,0.955008633368768
2026-05-25,2026-05-25 11:37:03,V017,46.0,0.9552214829219097
2026-05-25,2026-05-25 11:37:04,V017,45.0,0.9553401133221339
2026-05-25,2026-05-25 11:37:05,V017,45.0,0.955103036805707
2026-05-25,2026-05-25 11:37:06,V017,44.0,0.9551443934444257
2026-05-25,2026-05-25 11:37:07,V017,44.0,0.954912397357232
2026-05-25,2026-05-25 11:37:08,V017,44.0,0.9542120533732237
2026-05-25,2026-05-25 11:37:09,V017,44.0,0.9548268733465964
2026-05-25,2026-05-25 11:37:10,V017,44.0,0.9549541973068163
2026-05-25,2026-05-25 11:37:11,V017,44.0,0.9550752367061716
2026-05-25,2026-05-25 11:37:12,V017,45.0,0.9549742394455143
2026-05-25,2026-05-25 11:37:13,V017,45.0,0.9547066138567731
2026-05-25,2026-05-25 11:37:14,V017,45.0,0.9543479610288719
2026-05-25,2026-05-25 11:37:15,V017,45.0,0.9548203467466784
2026-05-25,2026-05-25 11:37:16,V017,46.0,0.9550222053415115
2026-05-25,2026-05-25 11:37:17,V017,46.0,0.9551838335212625
2026-05-25,2026-05-25 11:37:18,V017,46.0,0.9547353192848622
2026-05-25,2026-05-25 11:37:19,V017,46.0,0.9544794089330658
2026-05-25,2026-05-25 11:37:20,V017,46.0,0.954268577977065
2026-05-25,2026-05-25 11:37:21,V017,46.0,0.9547149212866428
2026-05-25,2026-05-25 11:37:22,V017,46.0,0.955005260596118
2026-05-25,2026-05-25 11:37:23,V017,45.0,0.9552291100037346
2026-05-25,2026-05-25 11:37:24,V017,45.0,0.9552564033295009
2026-05-25,2026-05-25 11:37:25,V017,45.0,0.9553993642705165
2026-05-25,2026-05-25 11:37:26,V017,45.0,0.9555151491362327
2026-05-25,2026-05-25 11:37:27,V017,45.0,0.9548300157009357
2026-05-25,2026-05-25 11:37:28,V017,45.0,0.9548809593040999
2026-05-25,2026-05-25 11:37:29,V017,45.0,0.9549341266513592
2026-05-25,2026-05-25 11:37:30,V017,45.0,0.955516793450127
2026-05-25,2026-05-25 11:37:31,V017,44.0,0.9549212298780562
2026-05-25,2026-05-25 11:37:32,V017,44.0,0.9552625462706569
2026-05-25,2026-05-25 11:37:33,V017,44.0,0.9550518641082587
2026-05-25,2026-05-25 11:37:34,V017,44.0,0.9551752796716423
2026-05-25,2026-05-25 11:37:35,V017,43.0,0.9547740347944589
2026-05-25,2026-05-25 11:37:36,V017,44.0,0.9552960957277662
2026-05-25,2026-05-25 11:37:37,V017,44.0,0.9553263417521982
2026-05-25,2026-05-25 11:37:38,V017,44.0,0.955015145155468
2026-05-25,2026-05-25 11:37:39,V017,44.0,0.9547281941920037
2026-05-25,2026-05-25 11:37:40,V017,44.0,0.9549759756765762
2026-05-25,2026-05-25 11:37:41,V017,45.0,0.9549753382581474
2026-05-25,2026-05-25 11:37:42,V017,45.0,0.9547908463611763
2026-05-25,2026-05-25 11:37:43,V017,45.0,0.9552998794557115
2026-05-25,2026-05-25 11:37:44,V017,44.0,0.9555735158625115
2026-05-25,2026-05-25 11:37:45,V017,43.0,0.9554274319759662
2026-05-25,2026-05-25 11:37:46,V017,43.0,0.9547458897878519
2026-05-25,2026-05-25 11:37:47,V017,43.0,0.9555320092515146
2026-05-25,2026-05-25 11:37:48,V017,43.0,0.9553909416573823
2026-05-25,2026-05-25 11:37:49,V017,44.0,0.9555219621705585
2026-05-25,2026-05-25 11:37:50,V017,44.0,0.9551269174046861
2026-05-25,2026-05-25 11:37:51,V017,44.0,0.9556744851266379
2026-05-25,2026-05-25 11:37:52,V017,45.0,0.9551652733026471
2026-05-25,2026-05-25 11:37:53,V017,45.0,0.9553860594357734
2026-05-25,2026-05-25 11:37:54,V017,45.0,0.955080468908481
2026-05-25,2026-05-25 11:37:55,V017,45.0,0.9552500783406315
2026-05-25,2026-05-25 11:37:56,V017,45.0,0.9553922922611757
2026-05-25,2026-05-25 11:37:57,V017,45.0,0.9554516860802047
2026-05-25,2026-05-25 11:37:58,V017,45.0,0.9548537476588688
2026-05-25,2026-05-25 11:37:59,V017,46.0,0.9549580631917536
2026-05-25,2026-05-25 11:38:00,V017,46.0,0.9553660296694366
2026-05-25,2026-05-25 11:38:01,V017,47.0,0.955389303317342
2026-05-25,2026-05-25 11:38:02,V017,47.0,0.9550881587785043
2026-05-25,2026-05-25 11:38:03,V017,47.0,0.9554171354651146
2026-05-25,2026-05-25 11:38:04,V017,47.0,0.9551792581749655
2026-05-25,2026-05-25 11:38:05,V017,46.0,0.9548801092939737
2026-05-25,2026-05-25 11:38:06,V017,46.0,0.9556030798039638
2026-05-25,2026-05-25 11:38:07,V017,46.0,0.9555127542600976
2026-05-25,2026-05-25 11:38:08,V017,46.0,0.9559278465710622
2026-05-25,2026-05-25 11:38:09,V017,45.0,0.9556729576765584
2026-05-25,2026-05-25 11:38:10,V017,45.0,0.9552462999366574
2026-05-25,2026-05-25 11:38:11,V017,46.0,0.9557268728964655
2026-05-25,2026-05-25 11:38:12,V017,45.0,0.9554504490043305
2026-05-25,2026-05-25 11:38:13,V017,45.0,0.9549831740197476
2026-05-25,2026-05-25 11:38:14,V017,45.0,0.9557157403288964
2026-05-25,2026-05-25 11:38:15,V017,46.0,0.9554210990084274
2026-05-25,2026-05-25 11:38:16,V017,45.0,0.9555379252026226
2026-05-25,2026-05-25 11:38:17,V017,45.0,0.956151763008108
2026-05-25,2026-05-25 11:38:18,V017,45.0,0.9559357744432708
2026-05-25,2026-05-25 11:38:19,V017,44.0,0.9559292721190609
2026-05-25,2026-05-25 11:38:20,V017,44.0,0.9555285136600379
2026-05-25,2026-05-25 11:38:21,V017,44.0,0.9555849132171218
2026-05-25,2026-05-25 11:38:22,V017,44.0,0.9556005466779217
2026-05-25,2026-05-25 11:38:23,V017,45.0,0.9555143974195914
2026-05-25,2026-05-25 11:38:24,V017,45.0,0.9555662937301119
2026-05-25,2026-05-25 11:38:25,V017,45.0,0.9555427853830787
2026-05-25,2026-05-25 11:38:26,V017,45.0,0.9556600895601325
2026-05-25,2026-05-25 11:38:27,V017,45.0,0.9558155140521714
2026-05-25,2026-05-25 11:38:28,V017,45.0,0.9551830311851258
2026-05-25,2026-05-25 11:38:29,V017,45.0,0.9557940542407054
2026-05-25,2026-05-25 11:38:30,V017,45.0,0.955717677409384
2026-05-25,2026-05-25 11:38:31,V017,45.0,0.9553958855186627
2026-05-25,2026-05-25 11:38:32,V017,45.0,0.9555935715556817
2026-05-25,2026-05-25 11:38:33,V017,45.0,0.9553321207704107
2026-05-25,2026-05-25 11:38:34,V017,45.0,0.9556145867181839
2026-05-25,2026-05-25 11:38:35,V017,44.0,0.9558353280884612
2026-05-25,2026-05-25 11:38:36,V017,44.0,0.9550892657976301
2026-05-25,2026-05-25 11:38:37,V017,43.0,0.9556529437594622
2026-05-25,2026-05-25 11:38:38,V017,43.0,0.9556875038426885
2026-05-25,2026-05-25 11:38:39,V017,43.0,0.9556839393476398
2026-05-25,2026-05-25 11:38:40,V017,43.0,0.955623053608567
2026-05-25,2026-05-25 11:38:41,V017,43.0,0.9553520168998118
2026-05-25,2026-05-25 11:38:42,V017,43.0,0.9560410147167983
2026-05-25,2026-05-25 11:38:43,V017,43.0,0.955594761920816
2026-05-25,2026-05-25 11:38:44,V017,42.0,0.9558690068350754
2026-05-25,2026-05-25 11:38:45,V017,42.0,0.955978127626431
2026-05-25,2026-05-25 11:38:46,V017,42.0,0.9558414821604415
2026-05-25,2026-05-25 11:38:47,V017,42.0,0.9553646779691332
2026-05-25,2026-05-25 11:38:48,V017,42.0,0.9556850639460777
2026-05-25,2026-05-25 11:38:49,V017,42.0,0.9556752423514236
2026-05-25,2026-05-25 11:38:50,V017,42.0,0.9553597228515684
2026-05-25,2026-05-25 11:38:51,V017,43.0,0.9557090631317554
2026-05-25,2026-05-25 11:38:52,V017,43.0,0.9556800699314456
2026-05-25,2026-05-25 11:38:53,V017,43.0,0.9561594355940521
2026-05-25,2026-05-25 11:38:54,V017,43.0,0.9561380578118772
2026-05-25,2026-05-25 11:38:55,V017,42.0,0.9558402841723526
2026-05-25,2026-05-25 11:38:56,V017,42.0,0.9561407180884006
2026-05-25,2026-05-25 11:38:57,V017,42.0,0.9566162617671581
2026-05-25,2026-05-25 11:38:58,V017,41.0,0.9564442782910838
2026-05-25,2026-05-25 11:38:59,V017,41.0,0.9558411826378653
2026-05-25,2026-05-25 11:39:00,V017,41.0,0.9559352669105201
2026-05-25,2026-05-25 11:39:01,V017,41.0,0.9558188772771665
2026-05-25,2026-05-25 11:39:02,V017,41.0,0.956402917212615
2026-05-25,2026-05-25 11:39:03,V017,42.0,0.9562482504375737
2026-05-25,2026-05-25 11:39:04,V017,42.0,0.9568307753994953
2026-05-25,2026-05-25 11:39:05,V017,42.0,0.9559708402174123
2026-05-25,2026-05-25 11:39:06,V017,41.0,0.9559189007064038
2026-05-25,2026-05-25 11:39:07,V017,41.0,0.9559091379012125
2026-05-25,2026-05-25 11:39:08,V017,41.0,0.9558869347337996
2026-05-25,2026-05-25 11:39:09,V017,41.0,0.9558791426645442
2026-05-25,2026-05-25 11:39:10,V017,42.0,0.9555372445609888
2026-05-25,2026-05-25 11:39:11,V017,42.0,0.9560840691705517
2026-05-25,2026-05-25 11:39:12,V017,42.0,0.955543104051231
2026-05-25,2026-05-25 11:39:13,V017,42.0,0.956115830314134
2026-05-25,2026-05-25 11:39:14,V017,42.0,0.9558903602697362
2026-05-25,2026-05-25 11:39:15,V017,41.0,0.9558787942696095
2026-05-25,2026-05-25 11:39:16,V017,41.0,0.9566779490243994
2026-05-25,2026-05-25 11:39:17,V017,41.0,0.9562465063089224
2026-05-25,2026-05-25 11:39:18,V017,41.0,0.9565860942628234
2026-05-25,2026-05-25 11:39:19,V017,42.0,0.956609632246606
2026-05-25,2026-05-25 11:39:20,V017,42.0,0.9567563398379122
2026-05-25,2026-05-25 11:39:21,V017,42.0,0.9562481714946418
2026-05-25,2026-05-25 11:39:22,V017,43.0,0.9563967572712491
2026-05-25,2026-05-25 11:39:23,V017,44.0,0.9566914003782294
2026-05-25,2026-05-25 11:39:24,V017,44.0,0.9564128131775798
2026-05-25,2026-05-25 11:39:25,V017,44.0,0.9562722968139838
2026-05-25,2026-05-25 11:39:26,V017,43.0,0.9565435358281091
2026-05-25,2026-05-25 11:39:27,V017,43.0,0.9567635161623983
2026-05-25,2026-05-25 11:39:28,V017,43.0,0.9567401945797441
2026-05-25,2026-05-25 11:39:29,V017,43.0,0.9568968180119833
2026-05-25,2026-05-25 11:39:30,V017,43.0,0.9569175927100809
2026-05-25,2026-05-25 11:39:31,V017,43.0,0.9566434516070254
2026-05-25,2026-05-25 11:39:32,V017,43.0,0.9570093869947766
2026-05-25,2026-05-25 11:39:33,V017,43.0,0.9567215205186343
2026-05-25,2026-05-25 11:39:34,V017,43.0,0.9570780126488152
2026-05-25,2026-05-25 11:39:35,V017,43.0,0.9566160675307365
2026-05-25,2026-05-25 11:39:36,V017,42.0,0.9568463238837925
2026-05-25,2026-05-25 11:39:37,V017,42.0,0.9562560553023222
2026-05-25,2026-05-25 11:39:38,V017,43.0,0.9565943770008127
2026-05-25,2026-05-25 11:39:39,V017,42.0,0.9565876778099143
2026-05-25,2026-05-25 11:39:40,V017,42.0,0.9573445708299044
2026-05-25,2026-05-25 11:39:41,V017,42.0,0.9566995998648982
2026-05-25,2026-05-25 11:39:42,V017,42.0,0.9571811780821203
2026-05-25,2026-05-25 11:39:43,V017,42.0,0.9571367291767765
2026-05-25,2026-05-25 11:39:44,V017,42.0,0.9567850399589772
2026-05-25,2026-05-25 11:39:45,V017,42.0,0.9566473405894669
2026-05-25,2026-05-25 11:39:46,V017,42.0,0.9564994336876896
2026-05-25,2026-05-25 11:39:47,V017,43.0,0.956782494583624
2026-05-25,2026-05-25 11:39:48,V017,43.0,0.9568792649700398
2026-05-25,2026-05-25 11:39:49,V017,43.0,0.9567611890766275
2026-05-25,2026-05-25 11:39:50,V017,43.0,0.9572252708798571
2026-05-25,2026-05-25 11:39:51,V017,43.0,0.9570371922409875
2026-05-25,2026-05-25 11:39:52,V017,43.0,0.9565884997882074
2026-05-25,2026-05-25 11:39:53,V017,43.0,0.9563246357414015
2026-05-25,2026-05-25 11:39:54,V017,43.0,0.9562955586646997
2026-05-25,2026-05-25 11:39:55,V017,43.0,0.9571688559390161
2026-05-25,2026-05-25 11:39:56,V017,43.0,0.9564309268501546
2026-05-25,2026-05-25 11:39:57,V017,43.0,0.9562283595949261
2026-05-25,2026-05-25 11:39:58,V017,43.0,0.956591700989881
2026-05-25,2026-05-25 11:39:59,V017,42.0,0.9560184121736924
2026-05-25,2026-05-25 11:40:00,V017,42.0,0.9569976300243674
2026-05-25,2026-05-25 11:40:01,V017,42.0,0.9572896563178551
2026-05-25,2026-05-25 11:40:02,V017,42.0,0.9565259634279731
2026-05-25,2026-05-25 11:40:03,V017,42.0,0.9568610234015732
2026-05-25,2026-05-25 11:40:04,V017,41.0,0.9577186726888962
2026-05-25,2026-05-25 11:40:05,V017,41.0,0.9570598301841747
2026-05-25,2026-05-25 11:40:06,V017,41.0,0.9572460473828887
2026-05-25,2026-05-25 11:40:07,V017,42.0,0.9564552169954509
2026-05-25,2026-05-25 11:40:08,V017,42.0,0.9571327055174389
2026-05-25,2026-05-25 11:40:09,V017,42.0,0.9573813571974802
2026-05-25,2026-05-25 11:40:10,V017,42.0,0.9576471071406067
2026-05-25,2026-05-25 11:40:11,V017,42.0,0.9572979861604927
2026-05-25,2026-05-25 11:40:12,V017,43.0,0.9580889372376195
2026-05-25,2026-05-25 11:40:13,V017,43.0,0.9575488905425078
2026-05-25,2026-05-25 11:40:14,V017,43.0,0.9572797676331986
2026-05-25,2026-05-25 11:40:15,V017,43.0,0.9574024693328228
2026-05-25,2026-05-25 11:40:16,V017,43.0,0.9570509637715681
2026-05-25,2026-05-25 11:40:17,V017,43.0,0.9569927888028574
2026-05-25,2026-05-25 11:40:18,V017,43.0,0.9574981522266451
2026-05-25,2026-05-25 11:40:19,V017,43.0,0.9570209744800912
2026-05-25,2026-05-25 11:40:20,V017,43.0,0.9572791418027178
2026-05-25,2026-05-25 11:40:21,V017,43.0,0.9574249149622477
2026-05-25,2026-05-25 11:40:22,V017,44.0,0.95675192317357
2026-05-25,2026-05-25 11:40:23,V017,45.0,0.9572367507272727
2026-05-25,2026-05-25 11:40:24,V017,46.0,0.9575258553576211
2026-05-25,2026-05-25 11:40:25,V017,46.0,0.9573635538747179
2026-05-25,2026-05-25 11:40:26,V017,46.0,0.9571502463193104
2026-05-25,2026-05-25 11:40:27,V017,47.0,0.9574482027986368
2026-05-25,2026-05-25 11:40:28,V017,47.0,0.9578856209385003
2026-05-25,2026-05-25 11:40:29,V017,47.0,0.9574848543843802
2026-05-25,2026-05-25 11:40:30,V017,47.0,0.9581175242623853
2026-05-25,2026-05-25 11:40:31,V017,46.0,0.9577654248863712
2026-05-25,2026-05-25 11:40:32,V017,46.0,0.9580566009999907
2026-05-25,2026-05-25 11:40:33,V017,46.0,0.9573080696619276
2026-05-25,2026-05-25 11:40:34,V017,46.0,0.9572420908742256
2026-05-25,2026-05-25 11:40:35,V017,46.0,0.9576510853351572
2026-05-25,2026-05-25 11:40:36,V017,46.0,0.9577037215340463
2026-05-25,2026-05-25 11:40:37,V017,46.0,0.9571952362317827
2026-05-25,2026-05-25 11:40:38,V017,46.0,0.9575799986700241
2026-05-25,2026-05-25 11:40:39,V017,46.0,0.9574072556796897
2026-05-25,2026-05-25 11:40:40,V017,46.0,0.957258462373671
2026-05-25,2026-05-25 11:40:41,V017,46.0,0.9571707645530363
2026-05-25,2026-05-25 11:40:42,V017,45.0,0.9573081981913393
2026-05-25,2026-05-25 11:40:43,V017,45.0,0.9578746872288615
2026-05-25,2026-05-25 11:40:44,V017,45.0,0.9574550521004723
2026-05-25,2026-05-25 11:40:45,V017,44.0,0.9573784259802542
2026-05-25,2026-05-25 11:40:46,V017,44.0,0.9578109626123111
2026-05-25,2026-05-25 11:40:47,V017,44.0,0.9581257650008785
2026-05-25,2026-05-25 11:40:48,V017,43.0,0.957338424202848
2026-05-25,2026-05-25 11:40:49,V017,43.0,0.9578302954134211
2026-05-25,2026-05-25 11:40:50,V017,44.0,0.9577756201985775
2026-05-25,2026-05-25 11:40:51,V017,44.0,0.9572318492525824
2026-05-25,2026-05-25 11:40:52,V017,44.0,0.9580969076458368
2026-05-25,2026-05-25 11:40:53,V017,45.0,0.9578518404913767
2026-05-25,2026-05-25 11:40:54,V017,44.0,0.9573186806641416
2026-05-25,2026-05-25 11:40:55,V017,44.0,0.9574032424794278
2026-05-25,2026-05-25 11:40:56,V017,44.0,0.9574278680449732
2026-05-25,2026-05-25 11:40:57,V017,44.0,0.9575254748168541
2026-05-25,2026-05-25 11:40:58,V017,43.0,0.9575361967483651
2026-05-25,2026-05-25 11:40:59,V017,43.0,0.9578631476602003
2026-05-25,2026-05-25 11:41:00,V017,43.0,0.9577285374565263
2026-05-25,2026-05-25 11:41:01,V017,43.0,0.957717447829812
2026-05-25,2026-05-25 11:41:02,V017,43.0,0.9575828214055256
2026-05-25,2026-05-25 11:41:03,V017,43.0,0.9583042844442787
2026-05-25,2026-05-25 11:41:04,V017,43.0,0.957732251634139
2026-05-25,2026-05-25 11:41:05,V017,43.0,0.9574815624723805
2026-05-25,2026-05-25 11:41:06,V017,43.0,0.9575267595225871
2026-05-25,2026-05-25 11:41:07,V017,43.0,0.9580378505440911
2026-05-25,2026-05-25 11:41:08,V017,44.0,0.95720917143348
2026-05-25,2026-05-25 11:41:09,V017,44.0,0.9578062798876329
2026-05-25,2026-05-25 11:41:10,V017,44.0,0.9579022407729662
2026-05-25,2026-05-25 11:41:11,V017,44.0,0.957416555314463
2026-05-25,2026-05-25 11:41:12,V017,44.0,0.9579570656981191
2026-05-25,2026-05-25 11:41:13,V017,44.0,0.9580301766956255
2026-05-25,2026-05-25 11:41:14,V017,44.0,0.9580625916721398
2026-05-25,2026-05-25 11:41:15,V017,44.0,0.9577906728858125
2026-05-25,2026-05-25 11:41:16,V017,44.0,0.957689417351229
2026-05-25,2026-05-25 11:41:17,V017,44.0,0.9578354003406866
2026-05-25,2026-05-25 11:41:18,V017,44.0,0.9578762045225289
2026-05-25,2026-05-25 11:41:19,V017,44.0,0.9579137885686262
2026-05-25,2026-05-25 11:41:20,V017,44.0,0.9589334146778455
2026-05-25,2026-05-25 11:41:21,V017,44.0,0.9598348473464102
2026-05-25,2026-05-25 11:41:22,V017,44.0,0.9567058761591055
2026-05-25,2026-05-25 11:41:23,V017,44.0,0.982813127073316
2026-05-25,2026-05-25 11:41:24,V017,44.0,0.9648290777776226
2026-05-25,2026-05-25 11:41:25,V017,44.0,0.9899653555464232
2026-05-25,2026-05-25 11:41:26,V017,44.0,1.0359011444360804
2026-05-25,2026-05-25 11:41:27,V017,43.0,1.0256401495675247
2026-05-25,2026-05-25 11:41:28,V017,43.0,1.0243144586266895
2026-05-25,2026-05-25 11:41:29,V017,43.0,1.0298952170146167
2026-05-25,2026-05-25 11:41:30,V017,44.0,1.0306309848435862
2026-05-25,2026-05-25 11:41:31,V017,44.0,1.0302066546366033
2026-05-25,2026-05-25 11:41:32,V017,46.0,1.0300807410466624
2026-05-25,2026-05-25 11:41:33,V017,47.0,1.028712146496166
2026-05-25,2026-05-25 11:41:34,V017,49.0,1.0300800602612459
2026-05-25,2026-05-25 11:41:35,V017,50.0,1.0247161357447505
2026-05-25,2026-05-25 11:41:36,V017,49.0,1.0199192250556581
2026-05-25,2026-05-25 11:41:37,V017,48.0,1.0214397267080289
2026-05-25,2026-05-25 11:41:38,V017,50.0,1.025114138458234
2026-05-25,2026-05-25 11:41:39,V017,51.0,1.0273341111983552
2026-05-25,2026-05-25 11:41:40,V017,52.0,1.027341347094889
2026-05-25,2026-05-25 11:41:41,V017,53.0,1.0277882804969551
2026-05-25,2026-05-25 11:41:42,V017,55.0,1.0276076748791505
2026-05-25,2026-05-25 11:41:43,V017,57.0,1.0271943547599138
2026-05-25,2026-05-25 11:41:44,V017,59.0,1.0314426652781203
2026-05-25,2026-05-25 11:41:45,V017,60.0,0.9886790864586067
2026-05-25,2026-05-25 11:41:46,V017,63.0,0.9807699523465405
2026-05-25,2026-05-25 11:41:47,V017,65.0,1.0021578852032855
2026-05-25,2026-05-25 11:41:48,V017,67.0,0.9997826403140603
2026-05-25,2026-05-25 11:41:49,V017,68.0,1.1550046812426464
2026-05-25,2026-05-25 11:41:50,V017,67.0,1.0954192902508282
2026-05-25,2026-05-25 11:41:51,V017,67.0,1.6210391520512797
2026-05-25,2026-05-25 11:41:52,V017,66.0,1.1141267142892683
2026-05-25,2026-05-25 11:41:53,V017,65.0,1.03929638051946
2026-05-25,2026-05-25 11:41:54,V017,63.0,1.0808386387709497
2026-05-25,2026-05-25 11:41:55,V017,62.0,1.0058808025671986
2026-05-25,2026-05-25 11:41:56,V017,61.0,1.012819855571642
2026-05-25,2026-05-25 11:41:57,V017,61.0,1.009589205698225
2026-05-25,2026-05-25 11:41:58,V017,61.0,1.0029024025427047
2026-05-25,2026-05-25 11:41:59,V017,61.0,1.0078202774580791
2026-05-25,2026-05-25 11:42:00,V017,61.0,1.0183117824531325
2026-05-25,2026-05-25 11:42:01,V017,62.0,1.0335151427903944
2026-05-25,2026-05-25 11:42:02,V017,62.0,1.0326481225761455
2026-05-25,2026-05-25 11:42:03,V017,62.0,0.9991547398594162
2026-05-25,2026-05-25 11:42:04,V017,63.0,0.9824567430335823
2026-05-25,2026-05-25 11:42:05,V017,65.0,0.9688388182852506
2026-05-25,2026-05-25 11:42:06,V017,65.0,0.9740840289728147
2026-05-25,2026-05-25 11:42:07,V017,65.0,1.0205278698200808
2026-05-25,2026-05-25 11:42:08,V017,66.0,1.064248006508324
2026-05-25,2026-05-25 11:42:09,V017,67.0,1.0254209135095735
2026-05-25,2026-05-25 11:42:10,V017,67.0,1.0672371228467226
2026-05-25,2026-05-25 11:42:11,V017,67.0,1.045362392346256
2026-05-25,2026-05-25 11:42:12,V017,68.0,1.0140115410800006
2026-05-25,2026-05-25 11:42:13,V017,68.0,1.0562361766781183
2026-05-25,2026-05-25 11:42:14,V017,68.0,1.0461158294770811
2026-05-25,2026-05-25 11:42:15,V017,69.0,1.067703331784364
2026-05-25,2026-05-25 11:42:16,V017,69.0,1.0181419953346575
2026-05-25,2026-05-25 11:42:17,V017,69.0,1.0174935070567919
2026-05-25,2026-05-25 11:42:18,V017,70.0,0.9912571905015445
2026-05-25,2026-05-25 11:42:19,V017,70.0,1.0084597950158838
2026-05-25,2026-05-25 11:42:20,V017,70.0,1.0115597595645536
2026-05-25,2026-05-25 11:42:21,V017,71.0,1.0069454245374783
2026-05-25,2026-05-25 11:42:22,V017,72.0,1.029472354853965
2026-05-25,2026-05-25 11:42:23,V017,72.0,1.0217099236315392
2026-05-25,2026-05-25 11:42:24,V017,73.0,1.0475733352016479
2026-05-25,2026-05-25 11:42:25,V017,74.0,1.0031392672597834
2026-05-25,2026-05-25 11:42:26,V017,75.0,1.0153201384769353
2026-05-25,2026-05-25 11:42:27,V017,75.0,1.0156627252298203
2026-05-25,2026-05-25 11:42:28,V017,75.0,1.016405172041785
2026-05-25,2026-05-25 11:42:29,V017,75.0,1.0242408152715357
2026-05-25,2026-05-25 11:42:30,V017,74.0,1.0257982625659028
2026-05-25,2026-05-25 11:42:31,V017,74.0,1.018530530699586
2026-05-25,2026-05-25 11:42:32,V017,73.0,1.0094668741134258
2026-05-25,2026-05-25 11:42:33,V017,73.0,1.0812412058050158
2026-05-25,2026-05-25 11:42:34,V017,74.0,1.0616966371893186
2026-05-25,2026-05-25 11:42:35,V017,74.0,1.134849105189047
2026-05-25,2026-05-25 11:42:36,V017,74.0,1.1477053363800138
2026-05-25,2026-05-25 11:42:37,V017,75.0,1.0704666171833301
2026-05-25,2026-05-25 11:42:38,V017,75.0,1.1412334417221084
2026-05-25,2026-05-25 11:42:39,V017,75.0,1.1201411346057804
2026-05-25,2026-05-25 11:42:40,V017,75.0,1.0661655371350482
2026-05-25,2026-05-25 11:42:41,V017,75.0,1.1043086329089897
2026-05-25,2026-05-25 11:42:42,V017,75.0,1.0992043463873262
2026-05-25,2026-05-25 11:42:43,V017,76.0,1.1248572780897677
2026-05-25,2026-05-25 11:42:44,V017,76.0,1.0340584500587087
2026-05-25,2026-05-25 11:42:45,V017,76.0,1.0819163800599123
2026-05-25,2026-05-25 11:42:46,V017,77.0,1.0264343133926963
2026-05-25,2026-05-25 11:42:47,V017,77.0,1.072587751876545
2026-05-25,2026-05-25 11:42:48,V017,78.0,1.0312887582575556
2026-05-25,2026-05-25 11:42:49,V017,78.0,0.9835920265335484
2026-05-25,2026-05-25 11:42:50,V017,78.0,0.9865942110677353
2026-05-25,2026-05-25 11:42:51,V017,79.0,1.0120007970790033
2026-05-25,2026-05-25 11:42:52,V017,79.0,1.022689082917509
2026-05-25,2026-05-25 11:42:53,V017,79.0,1.0127594047712343
2026-05-25,2026-05-25 11:42:54,V017,79.0,1.0327577454762336
2026-05-25,2026-05-25 11:42:55,V017,79.0,1.0346256238675844
2026-05-25,2026-05-25 11:42:56,V017,79.0,1.0171554803594176
2026-05-25,2026-05-25 11:42:57,V017,79.0,1.1149455226503737
2026-05-25,2026-05-25 11:42:58,V017,78.0,0.9012808922601815
2026-05-25,2026-05-25 11:42:59,V017,77.0,1.1258720695344402
2026-05-25,2026-05-25 11:43:00,V017,76.0,1.0500577177365922
2026-05-25,2026-05-25 11:43:01,V017,76.0,1.0699389743271126
2026-05-25,2026-05-25 11:43:02,V017,77.0,1.0218367672887934
2026-05-25,2026-05-25 11:43:03,V017,77.0,1.0703338122936956
2026-05-25,2026-05-25 11:43:04,V017,77.0,0.9958741163285051
2026-05-25,2026-05-25 11:43:05,V017,77.0,0.9770197395898067
2026-05-25,2026-05-25 11:43:06,V017,77.0,1.0721645674729552
2026-05-25,2026-05-25 11:43:07,V017,77.0,1.101075260434367
2026-05-25,2026-05-25 11:43:08,V017,78.0,1.018691443867394
2026-05-25,2026-05-25 11:43:09,V017,78.0,1.0176318525711538
2026-05-25,2026-05-25 11:43:10,V017,78.0,1.0083536720491573
2026-05-25,2026-05-25 11:43:11,V017,79.0,1.0160067404085
2026-05-25,2026-05-25 11:43:12,V017,79.0,1.020380705563077
2026-05-25,2026-05-25 11:43:13,V017,79.0,1.0081384821899873
2026-05-25,2026-05-25 11:43:14,V017,81.0,1.0098011791594934
2026-05-25,2026-05-25 11:43:15,V017,82.0,1.0088130131421922
2026-05-25,2026-05-25 11:43:16,V017,83.0,1.0098746051804255
2026-05-25,2026-05-25 11:43:17,V017,83.0,1.0077280577310903
2026-05-25,2026-05-25 11:43:18,V017,83.0,1.0103151346830377
2026-05-25,2026-05-25 11:43:19,V017,83.0,1.0132286722137627
2026-05-25,2026-05-25 11:43:20,V017,83.0,1.0131121113014268
2026-05-25,2026-05-25 11:43:21,V017,83.0,1.0101831660657954
2026-05-25,2026-05-25 11:43:22,V017,83.0,1.0053899579273062
2026-05-25,2026-05-25 11:43:23,V017,84.0,1.0129786691298026
2026-05-25,2026-05-25 11:43:24,V017,85.0,1.0084792987905633
2026-05-25,2026-05-25 11:43:25,V017,85.0,1.007232604183015
2026-05-25,2026-05-25 11:43:26,V017,86.0,1.0070391168583979
2026-05-25,2026-05-25 11:43:27,V017,88.0,1.0054881929435047
2026-05-25,2026-05-25 11:43:28,V017,89.0,1.000782781573793
2026-05-25,2026-05-25 11:43:29,V017,89.0,1.0109666197133143
2026-05-25,2026-05-25 11:43:30,V017,90.0,1.0112483381995034
2026-05-25,2026-05-25 11:43:31,V017,90.0,1.0169665552456515
2026-05-25,2026-05-25 11:43:32,V017,89.0,1.0049170553455262
2026-05-25,2026-05-25 11:43:33,V017,89.0,1.0076129590040042
2026-05-25,2026-05-25 11:43:34,V017,89.0,1.0099651908851295
2026-05-25,2026-05-25 11:43:35,V017,89.0,1.0039719454096172
2026-05-25,2026-05-25 11:43:36,V017,88.0,1.0122837225808585
2026-05-25,2026-05-25 11:43:37,V017,88.0,1.0141131333316928
2026-05-25,2026-05-25 11:43:38,V017,88.0,1.004111603383951
2026-05-25,2026-05-25 11:43:39,V017,89.0,1.0079802164641085
2026-05-25,2026-05-25 11:43:40,V017,89.0,1.0159374324889747
2026-05-25,2026-05-25 11:43:41,V017,89.0,1.0062038434019207
2026-05-25,2026-05-25 11:43:42,V017,90.0,1.0145292887583859
2026-05-25,2026-05-25 11:43:43,V017,91.0,1.0178363013536411
2026-05-25,2026-05-25 11:43:44,V017,91.0,1.0008749750870212
2026-05-25,2026-05-25 11:43:45,V017,91.0,1.012175985454122
2026-05-25,2026-05-25 11:43:46,V017,91.0,1.0070920764715807
2026-05-25,2026-05-25 11:43:47,V017,91.0,1.0038122207319353
2026-05-25,2026-05-25 11:43:48,V017,90.0,1.0117435391277787
2026-05-25,2026-05-25 11:43:49,V017,90.0,1.0129847670288883
2026-05-25,2026-05-25 11:43:50,V017,90.0,1.0052024160900088
2026-05-25,2026-05-25 11:43:51,V017,89.0,1.008929479900138
2026-05-25,2026-05-25 11:43:52,V017,89.0,1.0103686306270379
2026-05-25,2026-05-25 11:43:53,V017,89.0,1.0052093064826524
2026-05-25,2026-05-25 11:43:54,V017,89.0,1.0027140335347364
2026-05-25,2026-05-25 11:43:55,V017,88.0,1.0143871654963192
2026-05-25,2026-05-25 11:43:56,V017,88.0,1.0103098891953206
2026-05-25,2026-05-25 11:43:57,V017,88.0,1.0154783250319437
2026-05-25,2026-05-25 11:43:58,V017,87.0,1.007832221565553
2026-05-25,2026-05-25 11:43:59,V017,87.0,1.0127490804549577
2026-05-25,2026-05-25 11:44:00,V017,87.0,1.0044715859431295
2026-05-25,2026-05-25 11:44:01,V017,87.0,1.0114514095340672
2026-05-25,2026-05-25 11:44:02,V017,87.0,1.0077168037489792
2026-05-25,2026-05-25 11:44:03,V017,87.0,1.0113300017492848
2026-05-25,2026-05-25 11:44:04,V017,87.0,1.0098432764267649
2026-05-25,2026-05-25 11:44:05,V017,87.0,1.0390979729492698
2026-05-25,2026-05-25 11:44:06,V017,87.0,1.0159074546173246
2026-05-25,2026-05-25 11:44:07,V017,86.0,1.0356567140151633
2026-05-25,2026-05-25 11:44:08,V017,86.0,1.0012954245998729
2026-05-25,2026-05-25 11:44:09,V017,86.0,1.0086971547494301
2026-05-25,2026-05-25 11:44:10,V017,86.0,1.0118819030269706
2026-05-25,2026-05-25 11:44:11,V017,86.0,1.0142364430422839
2026-05-25,2026-05-25 11:44:12,V017,85.0,1.0110724048360147
2026-05-25,2026-05-25 11:44:13,V017,85.0,1.0136479577781394
2026-05-25,2026-05-25 11:44:14,V017,85.0,1.0093915310599677
2026-05-25,2026-05-25 11:44:15,V017,85.0,1.0025118087833291
2026-05-25,2026-05-25 11:44:16,V017,85.0,1.0097505998295264
2026-05-25,2026-05-25 11:44:17,V017,85.0,1.0112227298587708
2026-05-25,2026-05-25 11:44:18,V017,85.0,1.0083383643385493
2026-05-25,2026-05-25 11:44:19,V017,85.0,1.02143845175669
2026-05-25,2026-05-25 11:44:20,V017,85.0,1.0142736091333502
2026-05-25,2026-05-25 11:44:21,V017,85.0,1.0184797398422913
2026-05-25,2026-05-25 11:44:22,V017,85.0,1.0112578285241498
2026-05-25,2026-05-25 11:44:23,V017,85.0,1.0039175573372554
2026-05-25,2026-05-25 11:44:24,V017,84.0,1.014517358292612
2026-05-25,2026-05-25 11:44:25,V017,84.0,1.0165727035055978
2026-05-25,2026-05-25 11:44:26,V017,84.0,1.0104281757846818
2026-05-25,2026-05-25 11:44:27,V017,83.0,1.0111263551291427
2026-05-25,2026-05-25 11:44:28,V017,83.0,1.0155299148596497
2026-05-25,2026-05-25 11:44:29,V017,83.0,1.0069378676403877
2026-05-25,2026-05-25 11:44:30,V017,83.0,1.0130796673455011
2026-05-25,2026-05-25 11:44:31,V017,83.0,1.01222343318975
2026-05-25,2026-05-25 11:44:32,V017,83.0,1.0141754024159233
2026-05-25,2026-05-25 11:44:33,V017,83.0,1.0497477693136281
2026-05-25,2026-05-25 11:44:34,V017,82.0,1.0485524011201148
2026-05-25,2026-05-25 11:44:35,V017,82.0,0.9533382821002511
2026-05-25,2026-05-25 11:44:36,V017,82.0,1.0433000860392652
2026-05-25,2026-05-25 11:44:37,V017,82.0,1.050637251846962
2026-05-25,2026-05-25 11:44:38,V017,81.0,1.0243978622311607
2026-05-25,2026-05-25 11:44:39,V017,80.0,1.021961746739378
2026-05-25,2026-05-25 11:44:40,V017,80.0,1.0457341496879746
2026-05-25,2026-05-25 11:44:41,V017,79.0,0.9864083730070545
2026-05-25,2026-05-25 11:44:42,V017,78.0,1.0149756730158055
2026-05-25,2026-05-25 11:44:43,V017,77.0,1.0408568621341079
2026-05-25,2026-05-25 11:44:44,V017,75.0,1.0225919729137924
2026-05-25,2026-05-25 11:44:45,V017,73.0,1.0108288229628508
2026-05-25,2026-05-25 11:44:46,V017,71.0,1.0092897565119014
2026-05-25,2026-05-25 11:44:47,V017,70.0,1.0107498996586484
2026-05-25,2026-05-25 11:44:48,V017,69.0,1.0108795580489478
2026-05-25,2026-05-25 11:44:49,V017,69.0,1.0106878353982118
2026-05-25,2026-05-25 11:44:50,V017,68.0,1.0046284564240706
2026-05-25,2026-05-25 11:44:51,V017,67.0,1.0210756977926956
2026-05-25,2026-05-25 11:44:52,V017,66.0,1.0050184654331789
2026-05-25,2026-05-25 11:44:53,V017,66.0,1.009271474449855
2026-05-25,2026-05-25 11:44:54,V017,66.0,1.0110468915898208
2026-05-25,2026-05-25 11:44:55,V017,66.0,1.0113495897302471
2026-05-25,2026-05-25 11:44:56,V017,66.0,1.0107825265579915
2026-05-25,2026-05-25 11:44:57,V017,66.0,1.0110927441003312
2026-05-25,2026-05-25 11:44:58,V017,66.0,1.0106951564246571
2026-05-25,2026-05-25 11:44:59,V017,66.0,1.0108712602969216
2026-05-25,2026-05-25 11:45:00,V017,66.0,1.0109125533314576
2026-05-25,2026-05-25 11:45:01,V017,66.0,1.0190817004320523
2026-05-25,2026-05-25 11:45:02,V017,66.0,1.0113371743583732
2026-05-25,2026-05-25 11:45:03,V017,66.0,1.011501200180342
2026-05-25,2026-05-25 11:45:04,V017,66.0,1.0115247851430222
2026-05-25,2026-05-25 11:45:05,V017,66.0,1.0112647952875273
2026-05-25,2026-05-25 11:45:06,V017,66.0,1.0110407459871835
2026-05-25,2026-05-25 11:45:07,V017,66.0,1.0060278129896634
2026-05-25,2026-05-25 11:45:08,V017,66.0,0.9939289851153496
2026-05-25,2026-05-25 11:45:09,V017,65.0,1.0228143564273737
2026-05-25,2026-05-25 11:45:10,V017,65.0,1.0826740116573519
2026-05-25,2026-05-25 11:45:11,V017,65.0,0.9415060134508905
2026-05-25,2026-05-25 11:45:12,V017,65.0,1.0153605888797008
2026-05-25,2026-05-25 11:45:13,V017,64.0,1.0364074741596128
2026-05-25,2026-05-25 11:45:14,V017,63.0,1.0138617290930247
2026-05-25,2026-05-25 11:45:15,V017,63.0,0.9442219815328926
2026-05-25,2026-05-25 11:45:16,V017,62.0,1.134461070520578
2026-05-25,2026-05-25 11:45:17,V017,62.0,1.0021294081678285
2026-05-25,2026-05-25 11:45:18,V017,61.0,1.0102232896663426
2026-05-25,2026-05-25 11:45:19,V017,61.0,1.0107123053620723
2026-05-25,2026-05-25 11:45:20,V017,61.0,1.010342518965052
2026-05-25,2026-05-25 11:45:21,V017,60.0,1.0111874558894278
2026-05-25,2026-05-25 11:45:22,V017,59.0,1.0112243459988357
2026-05-25,2026-05-25 11:45:23,V017,59.0,1.0120601455311047
2026-05-25,2026-05-25 11:45:24,V017,59.0,1.0113108599939253
2026-05-25,2026-05-25 11:45:25,V017,58.0,
2026-05-25,2026-05-25 11:45:26,V017,58.0,
2026-05-25,2026-05-25 11:45:27,V017,58.0,
