Date,Timestamp,SensorID,HeartRate,AccNorm
2026-06-01,2026-06-01 10:40:00,V015,130.0,1.1053987987521414
2026-06-01,2026-06-01 10:40:01,V015,130.0,1.0566871585759705
2026-06-01,2026-06-01 10:40:02,V015,130.0,1.2117451523934366
2026-06-01,2026-06-01 10:40:03,V015,130.0,1.366949535204505
2026-06-01,2026-06-01 10:40:04,V015,130.0,1.0180779837371865
2026-06-01,2026-06-01 10:40:05,V015,130.0,1.1955307690668369
2026-06-01,2026-06-01 10:40:06,V015,130.0,1.222030684332329
2026-06-01,2026-06-01 10:40:07,V015,130.0,1.0894059926965578
2026-06-01,2026-06-01 10:40:08,V015,130.0,1.2429152240720922
2026-06-01,2026-06-01 10:40:09,V015,131.0,1.1856603831960892
2026-06-01,2026-06-01 10:40:10,V015,130.0,0.9586148828579553
2026-06-01,2026-06-01 10:40:11,V015,130.0,1.1933534890385544
2026-06-01,2026-06-01 10:40:12,V015,130.0,1.2836831085439713
2026-06-01,2026-06-01 10:40:13,V015,130.0,1.0971523729758386
2026-06-01,2026-06-01 10:40:14,V015,130.0,1.1260238312613513
2026-06-01,2026-06-01 10:40:15,V015,129.0,1.3392321589464948
2026-06-01,2026-06-01 10:40:16,V015,129.0,1.0879990413132201
2026-06-01,2026-06-01 10:40:17,V015,128.0,1.0432616805971953
2026-06-01,2026-06-01 10:40:18,V015,128.0,0.9811846614593378
2026-06-01,2026-06-01 10:40:19,V015,127.0,1.205487070557232
2026-06-01,2026-06-01 10:40:20,V015,127.0,1.068065780260349
2026-06-01,2026-06-01 10:40:21,V015,127.0,1.1947152632982618
2026-06-01,2026-06-01 10:40:22,V015,127.0,1.1448735538519237
2026-06-01,2026-06-01 10:40:23,V015,127.0,1.1911333295636435
2026-06-01,2026-06-01 10:40:24,V015,127.0,1.261479098750664
2026-06-01,2026-06-01 10:40:25,V015,127.0,1.0127655515617082
2026-06-01,2026-06-01 10:40:26,V015,127.0,1.2439298995917372
2026-06-01,2026-06-01 10:40:27,V015,127.0,1.2664917907958921
2026-06-01,2026-06-01 10:40:28,V015,127.0,1.7426617955810968
2026-06-01,2026-06-01 10:40:29,V015,127.0,1.027275768394064
2026-06-01,2026-06-01 10:40:30,V015,127.0,1.2222876379326428
2026-06-01,2026-06-01 10:40:31,V015,127.0,1.1210118988469409
2026-06-01,2026-06-01 10:40:32,V015,126.0,1.02975484024721
2026-06-01,2026-06-01 10:40:33,V015,126.0,1.1801225682786132
2026-06-01,2026-06-01 10:40:34,V015,126.0,1.2297345302840637
2026-06-01,2026-06-01 10:40:35,V015,126.0,1.0632321710398027
2026-06-01,2026-06-01 10:40:36,V015,125.0,1.2030974272287225
2026-06-01,2026-06-01 10:40:37,V015,125.0,1.1973610746668724
2026-06-01,2026-06-01 10:40:38,V015,124.0,1.2033862236753639
2026-06-01,2026-06-01 10:40:39,V015,124.0,1.1018292587712053
2026-06-01,2026-06-01 10:40:40,V015,124.0,1.03653708401907
2026-06-01,2026-06-01 10:40:41,V015,124.0,1.1978422229715626
2026-06-01,2026-06-01 10:40:42,V015,125.0,1.1911288278202674
2026-06-01,2026-06-01 10:40:43,V015,125.0,1.0215065005759207
2026-06-01,2026-06-01 10:40:44,V015,126.0,1.0611632234530064
2026-06-01,2026-06-01 10:40:45,V015,126.0,1.0509683904048288
2026-06-01,2026-06-01 10:40:46,V015,126.0,1.073927395331193
2026-06-01,2026-06-01 10:40:47,V015,127.0,1.0214523299130134
2026-06-01,2026-06-01 10:40:48,V015,127.0,1.0266884501026208
2026-06-01,2026-06-01 10:40:49,V015,127.0,1.0550354739315047
2026-06-01,2026-06-01 10:40:50,V015,127.0,1.0137322757889515
2026-06-01,2026-06-01 10:40:51,V015,127.0,1.0325385071973368
2026-06-01,2026-06-01 10:40:52,V015,127.0,1.0266478916164195
2026-06-01,2026-06-01 10:40:53,V015,128.0,1.036233034520569
2026-06-01,2026-06-01 10:40:54,V015,128.0,1.0721331604490603
2026-06-01,2026-06-01 10:40:55,V015,128.0,1.1131917883251021
2026-06-01,2026-06-01 10:40:56,V015,128.0,1.0199866010001712
2026-06-01,2026-06-01 10:40:57,V015,128.0,1.0663489348730941
2026-06-01,2026-06-01 10:40:58,V015,128.0,1.237135131518123
2026-06-01,2026-06-01 10:40:59,V015,129.0,1.1794300666474
2026-06-01,2026-06-01 10:41:00,V015,129.0,1.1576468021124788
2026-06-01,2026-06-01 10:41:01,V015,129.0,1.1271030163475269
2026-06-01,2026-06-01 10:41:02,V015,129.0,1.2396829842059096
2026-06-01,2026-06-01 10:41:03,V015,130.0,1.2668629079535818
2026-06-01,2026-06-01 10:41:04,V015,130.0,1.2960923475589456
2026-06-01,2026-06-01 10:41:05,V015,131.0,1.0078302559876418
2026-06-01,2026-06-01 10:41:06,V015,131.0,1.1931206385655313
2026-06-01,2026-06-01 10:41:07,V015,131.0,1.222766655991053
2026-06-01,2026-06-01 10:41:08,V015,132.0,1.2795928644313137
2026-06-01,2026-06-01 10:41:09,V015,132.0,1.1607654170113653
2026-06-01,2026-06-01 10:41:10,V015,132.0,1.133382221408837
2026-06-01,2026-06-01 10:41:11,V015,132.0,1.170164324418585
2026-06-01,2026-06-01 10:41:12,V015,132.0,1.0579207215002553
2026-06-01,2026-06-01 10:41:13,V015,132.0,1.0836032230224466
2026-06-01,2026-06-01 10:41:14,V015,132.0,1.1745364883314047
2026-06-01,2026-06-01 10:41:15,V015,132.0,1.1948996870724764
2026-06-01,2026-06-01 10:41:16,V015,132.0,1.1245955212202463
2026-06-01,2026-06-01 10:41:17,V015,132.0,1.0634218116787624
2026-06-01,2026-06-01 10:41:18,V015,132.0,1.0298721535317403
2026-06-01,2026-06-01 10:41:19,V015,132.0,1.095087614789926
2026-06-01,2026-06-01 10:41:20,V015,132.0,1.0559963740169065
2026-06-01,2026-06-01 10:41:21,V015,132.0,1.1210481234391931
2026-06-01,2026-06-01 10:41:22,V015,131.0,1.0651234882154277
2026-06-01,2026-06-01 10:41:23,V015,131.0,1.2631948992152329
2026-06-01,2026-06-01 10:41:24,V015,131.0,1.043411047047931
2026-06-01,2026-06-01 10:41:25,V015,131.0,1.236907815679763
2026-06-01,2026-06-01 10:41:26,V015,130.0,1.160149813887498
2026-06-01,2026-06-01 10:41:27,V015,130.0,1.1522488365901253
2026-06-01,2026-06-01 10:41:28,V015,130.0,1.1133888955603128
2026-06-01,2026-06-01 10:41:29,V015,130.0,1.1974243123436994
2026-06-01,2026-06-01 10:41:30,V015,131.0,1.0481352267706492
2026-06-01,2026-06-01 10:41:31,V015,131.0,1.0135544094872637
2026-06-01,2026-06-01 10:41:32,V015,131.0,1.0548814208210542
2026-06-01,2026-06-01 10:41:33,V015,132.0,1.0214722901949058
2026-06-01,2026-06-01 10:41:34,V015,132.0,1.0432736642088438
2026-06-01,2026-06-01 10:41:35,V015,132.0,1.0376741830083307
2026-06-01,2026-06-01 10:41:36,V015,132.0,1.0471910150592585
2026-06-01,2026-06-01 10:41:37,V015,132.0,1.004581480373032
2026-06-01,2026-06-01 10:41:38,V015,132.0,1.1130711528697557
2026-06-01,2026-06-01 10:41:39,V015,132.0,1.274147007087879
2026-06-01,2026-06-01 10:41:40,V015,133.0,1.181928275584557
2026-06-01,2026-06-01 10:41:41,V015,133.0,1.1777151911880706
2026-06-01,2026-06-01 10:41:42,V015,133.0,1.0764372396650774
2026-06-01,2026-06-01 10:41:43,V015,133.0,1.1583188293768756
2026-06-01,2026-06-01 10:41:44,V015,134.0,1.2745790349548118
2026-06-01,2026-06-01 10:41:45,V015,135.0,1.194617538402429
2026-06-01,2026-06-01 10:41:46,V015,135.0,1.0904061985688103
2026-06-01,2026-06-01 10:41:47,V015,135.0,1.1936619367711574
2026-06-01,2026-06-01 10:41:48,V015,135.0,1.0941000674340715
2026-06-01,2026-06-01 10:41:49,V015,135.0,1.2353740934911892
2026-06-01,2026-06-01 10:41:50,V015,135.0,1.1493696985338426
2026-06-01,2026-06-01 10:41:51,V015,135.0,1.0959873311873876
2026-06-01,2026-06-01 10:41:52,V015,135.0,1.1732010765667658
2026-06-01,2026-06-01 10:41:53,V015,135.0,1.0431705339994481
2026-06-01,2026-06-01 10:41:54,V015,135.0,1.0737641206511506
2026-06-01,2026-06-01 10:41:55,V015,135.0,1.1229981548158088
2026-06-01,2026-06-01 10:41:56,V015,135.0,1.1837426213776252
2026-06-01,2026-06-01 10:41:57,V015,135.0,1.018788453306263
2026-06-01,2026-06-01 10:41:58,V015,135.0,1.0637186437004076
2026-06-01,2026-06-01 10:41:59,V015,135.0,1.2479777987021081
2026-06-01,2026-06-01 10:42:00,V015,135.0,1.1619387049227976
2026-06-01,2026-06-01 10:42:01,V015,135.0,1.1683784546505906
2026-06-01,2026-06-01 10:42:02,V015,134.0,1.1459990297841889
2026-06-01,2026-06-01 10:42:03,V015,134.0,0.9469292192976247
2026-06-01,2026-06-01 10:42:04,V015,134.0,1.2845060466202756
2026-06-01,2026-06-01 10:42:05,V015,134.0,1.2576114281373085
2026-06-01,2026-06-01 10:42:06,V015,134.0,1.134651380244819
2026-06-01,2026-06-01 10:42:07,V015,134.0,1.1556855757100577
2026-06-01,2026-06-01 10:42:08,V015,134.0,1.2205281304343845
2026-06-01,2026-06-01 10:42:09,V015,133.0,1.210920651180935
2026-06-01,2026-06-01 10:42:10,V015,133.0,1.1386391919172274
2026-06-01,2026-06-01 10:42:11,V015,133.0,1.0812752474057907
2026-06-01,2026-06-01 10:42:12,V015,133.0,1.0173154535292652
2026-06-01,2026-06-01 10:42:13,V015,133.0,1.1785148434218073
2026-06-01,2026-06-01 10:42:14,V015,133.0,2.222504090692377
2026-06-01,2026-06-01 10:42:15,V015,133.0,1.332805458910254
2026-06-01,2026-06-01 10:42:16,V015,134.0,1.063883320310233
2026-06-01,2026-06-01 10:42:17,V015,134.0,1.0900715710038862
2026-06-01,2026-06-01 10:42:18,V015,134.0,1.156749772755185
2026-06-01,2026-06-01 10:42:19,V015,134.0,1.1004926336967744
2026-06-01,2026-06-01 10:42:20,V015,135.0,1.0498714777707092
2026-06-01,2026-06-01 10:42:21,V015,135.0,1.277175855808415
2026-06-01,2026-06-01 10:42:22,V015,136.0,1.0958343743000312
2026-06-01,2026-06-01 10:42:23,V015,137.0,1.2553752900185007
2026-06-01,2026-06-01 10:42:24,V015,137.0,1.1947743953612904
2026-06-01,2026-06-01 10:42:25,V015,138.0,1.211386063452745
2026-06-01,2026-06-01 10:42:26,V015,138.0,1.1941900734844126
2026-06-01,2026-06-01 10:42:27,V015,139.0,1.0414775666939828
2026-06-01,2026-06-01 10:42:28,V015,139.0,1.0400375796004724
2026-06-01,2026-06-01 10:42:29,V015,140.0,1.0838387885502923
2026-06-01,2026-06-01 10:42:30,V015,140.0,1.0308984064430375
2026-06-01,2026-06-01 10:42:31,V015,140.0,1.0290955145857463
2026-06-01,2026-06-01 10:42:32,V015,140.0,1.0071653977536197
2026-06-01,2026-06-01 10:42:33,V015,140.0,1.0732237776128917
2026-06-01,2026-06-01 10:42:34,V015,140.0,1.0152014257330833
2026-06-01,2026-06-01 10:42:35,V015,140.0,1.056167274788057
2026-06-01,2026-06-01 10:42:36,V015,140.0,1.0706454977049975
2026-06-01,2026-06-01 10:42:37,V015,140.0,1.0245380727843933
2026-06-01,2026-06-01 10:42:38,V015,140.0,1.0131135229219648
2026-06-01,2026-06-01 10:42:39,V015,140.0,1.0467765710426618
2026-06-01,2026-06-01 10:42:40,V015,140.0,0.9911513270004234
2026-06-01,2026-06-01 10:42:41,V015,139.0,0.9979053280244184
2026-06-01,2026-06-01 10:42:42,V015,139.0,1.0087022338940708
2026-06-01,2026-06-01 10:42:43,V015,139.0,0.9999798937106512
2026-06-01,2026-06-01 10:42:44,V015,139.0,1.0075135210499546
2026-06-01,2026-06-01 10:42:45,V015,138.0,1.008443337115892
2026-06-01,2026-06-01 10:42:46,V015,139.0,0.9938355105291837
2026-06-01,2026-06-01 10:42:47,V015,139.0,0.9859188312355732
2026-06-01,2026-06-01 10:42:48,V015,139.0,1.045984703179961
2026-06-01,2026-06-01 10:42:49,V015,140.0,0.9988006481875455
2026-06-01,2026-06-01 10:42:50,V015,140.0,1.0063016776998095
2026-06-01,2026-06-01 10:42:51,V015,140.0,1.0073688117839985
2026-06-01,2026-06-01 10:42:52,V015,139.0,1.0068759129061262
2026-06-01,2026-06-01 10:42:53,V015,138.0,1.0056017605551135
2026-06-01,2026-06-01 10:42:54,V015,139.0,1.0218080590468763
2026-06-01,2026-06-01 10:42:55,V015,139.0,1.005680610990296
2026-06-01,2026-06-01 10:42:56,V015,139.0,1.0111042053490202
2026-06-01,2026-06-01 10:42:57,V015,138.0,0.9988287436205671
2026-06-01,2026-06-01 10:42:58,V015,137.0,1.0029681261628147
2026-06-01,2026-06-01 10:42:59,V015,136.0,1.0042171373655842
2026-06-01,2026-06-01 10:43:00,V015,135.0,1.0037081741447778
2026-06-01,2026-06-01 10:43:01,V015,134.0,0.99224938084078
2026-06-01,2026-06-01 10:43:02,V015,133.0,1.0261052441027982
2026-06-01,2026-06-01 10:43:03,V015,132.0,0.9963630485086824
2026-06-01,2026-06-01 10:43:04,V015,132.0,1.002661620713325
2026-06-01,2026-06-01 10:43:05,V015,132.0,1.0011236896906732
2026-06-01,2026-06-01 10:43:06,V015,132.0,1.0033309359626565
2026-06-01,2026-06-01 10:43:07,V015,132.0,1.003389549942309
2026-06-01,2026-06-01 10:43:08,V015,132.0,0.9997798002747199
2026-06-01,2026-06-01 10:43:09,V015,132.0,1.0031870059543526
2026-06-01,2026-06-01 10:43:10,V015,132.0,1.008289950134456
2026-06-01,2026-06-01 10:43:11,V015,132.0,0.9978252275856156
2026-06-01,2026-06-01 10:43:12,V015,132.0,1.0100431404433468
2026-06-01,2026-06-01 10:43:13,V015,132.0,1.0276232452526246
2026-06-01,2026-06-01 10:43:14,V015,132.0,1.0041392346464801
2026-06-01,2026-06-01 10:43:15,V015,132.0,0.9874552377302167
2026-06-01,2026-06-01 10:43:16,V015,133.0,1.0429421639242167
2026-06-01,2026-06-01 10:43:17,V015,134.0,1.0059425684402385
2026-06-01,2026-06-01 10:43:18,V015,135.0,1.0022111689707893
2026-06-01,2026-06-01 10:43:19,V015,136.0,1.0018325423061158
2026-06-01,2026-06-01 10:43:20,V015,137.0,1.0026794120347298
2026-06-01,2026-06-01 10:43:21,V015,138.0,1.0022173871966853
2026-06-01,2026-06-01 10:43:22,V015,139.0,1.0034561963427442
2026-06-01,2026-06-01 10:43:23,V015,139.0,1.004097460581084
2026-06-01,2026-06-01 10:43:24,V015,141.0,1.0021326561527562
2026-06-01,2026-06-01 10:43:25,V015,142.0,1.0045850929602902
2026-06-01,2026-06-01 10:43:26,V015,143.0,1.002662122891071
2026-06-01,2026-06-01 10:43:27,V015,144.0,1.0018213663529494
2026-06-01,2026-06-01 10:43:28,V015,145.0,1.0044036713734479
2026-06-01,2026-06-01 10:43:29,V015,145.0,1.0013439555988641
2026-06-01,2026-06-01 10:43:30,V015,145.0,1.002462175511421
2026-06-01,2026-06-01 10:43:31,V015,146.0,1.0046350327781275
2026-06-01,2026-06-01 10:43:32,V015,147.0,1.002189442057017
2026-06-01,2026-06-01 10:43:33,V015,148.0,1.002663833113623
2026-06-01,2026-06-01 10:43:34,V015,150.0,0.9824917811991254
2026-06-01,2026-06-01 10:43:35,V015,151.0,1.7899398010942815
2026-06-01,2026-06-01 10:43:36,V015,155.0,0.9665308819757772
2026-06-01,2026-06-01 10:43:37,V015,158.0,2.1892265430329023
2026-06-01,2026-06-01 10:43:38,V015,159.0,1.5148452766752547
2026-06-01,2026-06-01 10:43:39,V015,160.0,1.9801850575194702
2026-06-01,2026-06-01 10:43:40,V015,160.0,2.6735698894586477
2026-06-01,2026-06-01 10:43:41,V015,161.0,1.1967439340420656
2026-06-01,2026-06-01 10:43:42,V015,160.0,1.0317507178779926
2026-06-01,2026-06-01 10:43:43,V015,160.0,1.0898032444290668
2026-06-01,2026-06-01 10:43:44,V015,160.0,0.9971725954120763
2026-06-01,2026-06-01 10:43:45,V015,160.0,1.339154802291918
2026-06-01,2026-06-01 10:43:46,V015,161.0,1.6769252176646683
2026-06-01,2026-06-01 10:43:47,V015,162.0,0.97830155321532
2026-06-01,2026-06-01 10:43:48,V015,162.0,1.2751209867297368
2026-06-01,2026-06-01 10:43:49,V015,163.0,1.1553496581917289
2026-06-01,2026-06-01 10:43:50,V015,163.0,1.0968122513087297
2026-06-01,2026-06-01 10:43:51,V015,162.0,0.9906273744487865
2026-06-01,2026-06-01 10:43:52,V015,163.0,0.9997098093770109
2026-06-01,2026-06-01 10:43:53,V015,164.0,1.007778884239486
2026-06-01,2026-06-01 10:43:54,V015,164.0,0.9952003644079944
2026-06-01,2026-06-01 10:43:55,V015,165.0,1.0174345191087002
2026-06-01,2026-06-01 10:43:56,V015,162.0,1.0014719051614676
2026-06-01,2026-06-01 10:43:57,V015,160.0,0.9999010782537419
2026-06-01,2026-06-01 10:43:58,V015,161.0,0.9980537795316237
2026-06-01,2026-06-01 10:43:59,V015,162.0,1.0242604225670038
2026-06-01,2026-06-01 10:44:00,V015,163.0,0.997726239973972
2026-06-01,2026-06-01 10:44:01,V015,164.0,1.0029384700061017
2026-06-01,2026-06-01 10:44:02,V015,164.0,1.0024881368305312
2026-06-01,2026-06-01 10:44:03,V015,165.0,1.0020676060080804
2026-06-01,2026-06-01 10:44:04,V015,166.0,1.0033673060453687
2026-06-01,2026-06-01 10:44:05,V015,166.0,1.004172588043964
2026-06-01,2026-06-01 10:44:06,V015,167.0,1.0010747779254268
2026-06-01,2026-06-01 10:44:07,V015,167.0,1.0067730143855291
2026-06-01,2026-06-01 10:44:08,V015,167.0,1.011555964757945
2026-06-01,2026-06-01 10:44:09,V015,167.0,1.0282826291713882
2026-06-01,2026-06-01 10:44:10,V015,167.0,1.0315801969274248
2026-06-01,2026-06-01 10:44:11,V015,167.0,1.0055574655583683
2026-06-01,2026-06-01 10:44:12,V015,166.0,0.9970026240150927
2026-06-01,2026-06-01 10:44:13,V015,166.0,1.0957750490789444
2026-06-01,2026-06-01 10:44:14,V015,166.0,0.9583121548022552
2026-06-01,2026-06-01 10:44:15,V015,165.0,1.016566037966073
2026-06-01,2026-06-01 10:44:16,V015,164.0,1.0276198126476919
2026-06-01,2026-06-01 10:44:17,V015,164.0,1.2160540731696976
2026-06-01,2026-06-01 10:44:18,V015,163.0,1.066092984264466
2026-06-01,2026-06-01 10:44:19,V015,163.0,1.0138618849066243
2026-06-01,2026-06-01 10:44:20,V015,163.0,1.0165909400661948
2026-06-01,2026-06-01 10:44:21,V015,162.0,1.0460090176662526
2026-06-01,2026-06-01 10:44:22,V015,162.0,1.049115527882102
2026-06-01,2026-06-01 10:44:23,V015,162.0,1.0051196155921323
2026-06-01,2026-06-01 10:44:24,V015,162.0,1.053133989770586
2026-06-01,2026-06-01 10:44:25,V015,162.0,1.0961425336867732
2026-06-01,2026-06-01 10:44:26,V015,162.0,1.0360469589130716
2026-06-01,2026-06-01 10:44:27,V015,162.0,1.021322413904368
2026-06-01,2026-06-01 10:44:28,V015,161.0,1.0517135294785538
2026-06-01,2026-06-01 10:44:29,V015,161.0,1.0103000488868201
2026-06-01,2026-06-01 10:44:30,V015,160.0,1.0132613109519535
2026-06-01,2026-06-01 10:44:31,V015,160.0,1.016489879254093
2026-06-01,2026-06-01 10:44:32,V015,159.0,1.0175285101437281
2026-06-01,2026-06-01 10:44:33,V015,159.0,1.1045546687278343
2026-06-01,2026-06-01 10:44:34,V015,158.0,1.0070170288004079
2026-06-01,2026-06-01 10:44:35,V015,157.0,1.0198266880145117
2026-06-01,2026-06-01 10:44:36,V015,157.0,1.020480556645096
2026-06-01,2026-06-01 10:44:37,V015,156.0,0.9983470110158909
2026-06-01,2026-06-01 10:44:38,V015,156.0,1.0052403877940528
2026-06-01,2026-06-01 10:44:39,V015,155.0,1.0099657849218315
2026-06-01,2026-06-01 10:44:40,V015,155.0,1.0009438176092718
2026-06-01,2026-06-01 10:44:41,V015,154.0,1.0328039016257675
2026-06-01,2026-06-01 10:44:42,V015,154.0,1.0010408153410664
2026-06-01,2026-06-01 10:44:43,V015,154.0,1.0055308720188845
2026-06-01,2026-06-01 10:44:44,V015,154.0,1.0048549947787024
2026-06-01,2026-06-01 10:44:45,V015,154.0,1.0047351543910983
2026-06-01,2026-06-01 10:44:46,V015,154.0,1.0012878564412548
2026-06-01,2026-06-01 10:44:47,V015,154.0,1.0053979047805701
2026-06-01,2026-06-01 10:44:48,V015,155.0,1.0068521412729414
2026-06-01,2026-06-01 10:44:49,V015,155.0,1.007195385230442
2026-06-01,2026-06-01 10:44:50,V015,155.0,1.005867463264448
2026-06-01,2026-06-01 10:44:51,V015,156.0,1.0363791753401366
2026-06-01,2026-06-01 10:44:52,V015,156.0,0.9907315058039303
2026-06-01,2026-06-01 10:44:53,V015,156.0,1.0502331921302444
2026-06-01,2026-06-01 10:44:54,V015,156.0,0.9889819841663708
2026-06-01,2026-06-01 10:44:55,V015,155.0,1.0256232356331223
2026-06-01,2026-06-01 10:44:56,V015,155.0,1.0235217088252595
2026-06-01,2026-06-01 10:44:57,V015,155.0,1.0033010309873551
2026-06-01,2026-06-01 10:44:58,V015,155.0,1.0055207708375948
2026-06-01,2026-06-01 10:44:59,V015,155.0,1.0132918908129087
2026-06-01,2026-06-01 10:45:00,V015,154.0,1.0182983667551475
2026-06-01,2026-06-01 10:45:01,V015,154.0,1.0125230989156018
2026-06-01,2026-06-01 10:45:02,V015,153.0,1.0054199395910803
2026-06-01,2026-06-01 10:45:03,V015,152.0,0.9946295668574145
2026-06-01,2026-06-01 10:45:04,V015,152.0,1.0033923617961578
2026-06-01,2026-06-01 10:45:05,V015,152.0,1.0056592245566782
2026-06-01,2026-06-01 10:45:06,V015,152.0,1.0164384345997808
2026-06-01,2026-06-01 10:45:07,V015,151.0,1.0126959482160922
2026-06-01,2026-06-01 10:45:08,V015,152.0,1.0112402808116432
2026-06-01,2026-06-01 10:45:09,V015,152.0,1.0030042747078047
2026-06-01,2026-06-01 10:45:10,V015,152.0,1.0089069522502125
2026-06-01,2026-06-01 10:45:11,V015,153.0,1.007998193135453
2026-06-01,2026-06-01 10:45:12,V015,152.0,1.001301557130689
2026-06-01,2026-06-01 10:45:13,V015,151.0,1.0049810122171885
2026-06-01,2026-06-01 10:45:14,V015,151.0,1.0066083947812672
2026-06-01,2026-06-01 10:45:15,V015,152.0,1.0109846350769904
2026-06-01,2026-06-01 10:45:16,V015,153.0,1.0157529428626375
2026-06-01,2026-06-01 10:45:17,V015,153.0,1.0155244559017182
2026-06-01,2026-06-01 10:45:18,V015,153.0,0.991966280247122
2026-06-01,2026-06-01 10:45:19,V015,153.0,1.037458339632575
2026-06-01,2026-06-01 10:45:20,V015,153.0,0.996418454782133
2026-06-01,2026-06-01 10:45:21,V015,153.0,1.0198631376307583
2026-06-01,2026-06-01 10:45:22,V015,152.0,1.0054609898215539
2026-06-01,2026-06-01 10:45:23,V015,152.0,1.002745894901635
2026-06-01,2026-06-01 10:45:24,V015,151.0,1.0040412656211313
2026-06-01,2026-06-01 10:45:25,V015,151.0,1.0048051706685324
2026-06-01,2026-06-01 10:45:26,V015,150.0,1.003073785568393
2026-06-01,2026-06-01 10:45:27,V015,150.0,1.002983715672669
2026-06-01,2026-06-01 10:45:28,V015,149.0,1.004347520871683
2026-06-01,2026-06-01 10:45:29,V015,148.0,1.0177238318173587
2026-06-01,2026-06-01 10:45:30,V015,148.0,1.0064982907847995
2026-06-01,2026-06-01 10:45:31,V015,147.0,1.004221350985184
2026-06-01,2026-06-01 10:45:32,V015,147.0,1.0082841175709532
2026-06-01,2026-06-01 10:45:33,V015,146.0,1.0099387121383168
2026-06-01,2026-06-01 10:45:34,V015,145.0,1.003449666438262
2026-06-01,2026-06-01 10:45:35,V015,145.0,1.00128098766167
2026-06-01,2026-06-01 10:45:36,V015,144.0,1.004829267775065
2026-06-01,2026-06-01 10:45:37,V015,143.0,1.0030551615872754
2026-06-01,2026-06-01 10:45:38,V015,142.0,1.004172266043276
2026-06-01,2026-06-01 10:45:39,V015,141.0,1.0087230323890983
2026-06-01,2026-06-01 10:45:40,V015,141.0,1.0189911591115393
2026-06-01,2026-06-01 10:45:41,V015,140.0,0.988376803461133
2026-06-01,2026-06-01 10:45:42,V015,140.0,1.022641772421578
2026-06-01,2026-06-01 10:45:43,V015,140.0,1.0306055654280568
2026-06-01,2026-06-01 10:45:44,V015,140.0,1.0192782528832143
2026-06-01,2026-06-01 10:45:45,V015,140.0,1.039266958841393
2026-06-01,2026-06-01 10:45:46,V015,140.0,1.0585326014604965
2026-06-01,2026-06-01 10:45:47,V015,140.0,0.9756628387102285
2026-06-01,2026-06-01 10:45:48,V015,140.0,1.0269904359280246
2026-06-01,2026-06-01 10:45:49,V015,140.0,1.018321703276924
2026-06-01,2026-06-01 10:45:50,V015,140.0,1.0133391147023836
2026-06-01,2026-06-01 10:45:51,V015,140.0,1.0580489152391785
2026-06-01,2026-06-01 10:45:52,V015,141.0,1.033130982687651
2026-06-01,2026-06-01 10:45:53,V015,141.0,1.005093485061085
2026-06-01,2026-06-01 10:45:54,V015,141.0,1.0544730090116774
2026-06-01,2026-06-01 10:45:55,V015,141.0,0.9997794716735257
2026-06-01,2026-06-01 10:45:56,V015,141.0,1.0189706394335132
2026-06-01,2026-06-01 10:45:57,V015,141.0,1.0220293054431284
2026-06-01,2026-06-01 10:45:58,V015,141.0,1.0110771346119771
2026-06-01,2026-06-01 10:45:59,V015,141.0,1.0126621523712647
2026-06-01,2026-06-01 10:46:00,V015,141.0,1.0014235689859308
2026-06-01,2026-06-01 10:46:01,V015,141.0,1.0292294657103966
2026-06-01,2026-06-01 10:46:02,V015,141.0,1.0417474263130448
2026-06-01,2026-06-01 10:46:03,V015,142.0,1.0385098049183992
2026-06-01,2026-06-01 10:46:04,V015,141.0,1.01863695216651
2026-06-01,2026-06-01 10:46:05,V015,141.0,1.012756500643405
2026-06-01,2026-06-01 10:46:06,V015,141.0,1.0133416892731737
2026-06-01,2026-06-01 10:46:07,V015,140.0,1.0197705698962711
2026-06-01,2026-06-01 10:46:08,V015,140.0,1.0116028580208871
2026-06-01,2026-06-01 10:46:09,V015,140.0,1.0086531503993303
2026-06-01,2026-06-01 10:46:10,V015,139.0,1.018816757713085
2026-06-01,2026-06-01 10:46:11,V015,139.0,1.0388809902888174
2026-06-01,2026-06-01 10:46:12,V015,139.0,1.0263989985372441
2026-06-01,2026-06-01 10:46:13,V015,140.0,1.0062125851616341
2026-06-01,2026-06-01 10:46:14,V015,140.0,1.005197808152191
2026-06-01,2026-06-01 10:46:15,V015,141.0,1.006786086102622
2026-06-01,2026-06-01 10:46:16,V015,141.0,1.0032717061603902
2026-06-01,2026-06-01 10:46:17,V015,142.0,1.0024504552392446
2026-06-01,2026-06-01 10:46:18,V015,142.0,1.0044202537096525
2026-06-01,2026-06-01 10:46:19,V015,142.0,1.0025924246525348
2026-06-01,2026-06-01 10:46:20,V015,143.0,1.006439238316302
2026-06-01,2026-06-01 10:46:21,V015,143.0,1.0074168842597373
2026-06-01,2026-06-01 10:46:22,V015,142.0,1.0045253116163881
2026-06-01,2026-06-01 10:46:23,V015,142.0,1.027239605729396
2026-06-01,2026-06-01 10:46:24,V015,141.0,1.0250151802686298
2026-06-01,2026-06-01 10:46:25,V015,141.0,1.0083868768636575
2026-06-01,2026-06-01 10:46:26,V015,140.0,0.9999575299591819
2026-06-01,2026-06-01 10:46:27,V015,140.0,1.0294245257130599
2026-06-01,2026-06-01 10:46:28,V015,139.0,1.037477055845812
2026-06-01,2026-06-01 10:46:29,V015,139.0,1.0112659699427315
2026-06-01,2026-06-01 10:46:30,V015,138.0,1.0239692586097269
2026-06-01,2026-06-01 10:46:31,V015,138.0,1.02161501614271
2026-06-01,2026-06-01 10:46:32,V015,137.0,1.038894982075845
2026-06-01,2026-06-01 10:46:33,V015,137.0,0.9988601842941657
2026-06-01,2026-06-01 10:46:34,V015,136.0,1.0244769933602984
2026-06-01,2026-06-01 10:46:35,V015,136.0,1.0062718323453987
2026-06-01,2026-06-01 10:46:36,V015,137.0,1.0067206065437526
2026-06-01,2026-06-01 10:46:37,V015,137.0,1.0047877105576413
2026-06-01,2026-06-01 10:46:38,V015,137.0,1.0486806687958434
2026-06-01,2026-06-01 10:46:39,V015,137.0,1.0027893587910561
2026-06-01,2026-06-01 10:46:40,V015,138.0,1.0164386198124806
2026-06-01,2026-06-01 10:46:41,V015,138.0,1.0200868374487928
2026-06-01,2026-06-01 10:46:42,V015,138.0,1.0040313557925686
2026-06-01,2026-06-01 10:46:43,V015,138.0,1.010593959563259
2026-06-01,2026-06-01 10:46:44,V015,138.0,0.9969007512208223
2026-06-01,2026-06-01 10:46:45,V015,137.0,1.0065001243412461
2026-06-01,2026-06-01 10:46:46,V015,137.0,1.0046076873090277
2026-06-01,2026-06-01 10:46:47,V015,137.0,1.0062315092543672
2026-06-01,2026-06-01 10:46:48,V015,137.0,0.9993776369155841
2026-06-01,2026-06-01 10:46:49,V015,137.0,1.005764082923274
2026-06-01,2026-06-01 10:46:50,V015,137.0,1.0298014008538514
2026-06-01,2026-06-01 10:46:51,V015,137.0,1.048166419308783
2026-06-01,2026-06-01 10:46:52,V015,138.0,1.0056140574808117
2026-06-01,2026-06-01 10:46:53,V015,138.0,0.9948112702510451
2026-06-01,2026-06-01 10:46:54,V015,138.0,0.9879885068487483
2026-06-01,2026-06-01 10:46:55,V015,138.0,1.0548180307293138
2026-06-01,2026-06-01 10:46:56,V015,139.0,1.0052362295735195
2026-06-01,2026-06-01 10:46:57,V015,139.0,1.004396659536953
2026-06-01,2026-06-01 10:46:58,V015,139.0,1.002190720898098
2026-06-01,2026-06-01 10:46:59,V015,139.0,1.0187048570185466
2026-06-01,2026-06-01 10:47:00,V015,139.0,1.011021101603834
2026-06-01,2026-06-01 10:47:01,V015,139.0,0.9682215912761458
2026-06-01,2026-06-01 10:47:02,V015,139.0,1.098759628448907
2026-06-01,2026-06-01 10:47:03,V015,139.0,1.0071465661624739
2026-06-01,2026-06-01 10:47:04,V015,138.0,1.005418995290288
2026-06-01,2026-06-01 10:47:05,V015,138.0,1.0482007007857705
2026-06-01,2026-06-01 10:47:06,V015,138.0,0.9469072137557688
2026-06-01,2026-06-01 10:47:07,V015,138.0,1.0251374309650456
2026-06-01,2026-06-01 10:47:08,V015,138.0,0.9998538662063552
2026-06-01,2026-06-01 10:47:09,V015,138.0,1.0152859894465298
2026-06-01,2026-06-01 10:47:10,V015,138.0,1.0048389088368757
2026-06-01,2026-06-01 10:47:11,V015,139.0,1.0055502257639204
2026-06-01,2026-06-01 10:47:12,V015,139.0,0.9965695160549861
2026-06-01,2026-06-01 10:47:13,V015,140.0,1.0091350461425828
2026-06-01,2026-06-01 10:47:14,V015,141.0,1.0000825465309742
2026-06-01,2026-06-01 10:47:15,V015,141.0,1.0026134417728623
2026-06-01,2026-06-01 10:47:16,V015,142.0,1.003154555963144
2026-06-01,2026-06-01 10:47:17,V015,142.0,1.0023087147944767
2026-06-01,2026-06-01 10:47:18,V015,141.0,1.0061036201843958
2026-06-01,2026-06-01 10:47:19,V015,140.0,0.9997686879545572
2026-06-01,2026-06-01 10:47:20,V015,140.0,1.0033225145318485
2026-06-01,2026-06-01 10:47:21,V015,140.0,1.0030975536235591
2026-06-01,2026-06-01 10:47:22,V015,140.0,1.007906388633449
2026-06-01,2026-06-01 10:47:23,V015,140.0,1.0012055200911403
2026-06-01,2026-06-01 10:47:24,V015,140.0,1.0057314121144996
2026-06-01,2026-06-01 10:47:25,V015,140.0,1.0027814779741313
2026-06-01,2026-06-01 10:47:26,V015,140.0,1.0008172678222491
2026-06-01,2026-06-01 10:47:27,V015,140.0,1.0024114056660387
2026-06-01,2026-06-01 10:47:28,V015,140.0,1.0036369262467237
2026-06-01,2026-06-01 10:47:29,V015,140.0,1.0048094779374892
2026-06-01,2026-06-01 10:47:30,V015,140.0,1.0010187787218343
2026-06-01,2026-06-01 10:47:31,V015,140.0,1.0031686733294853
2026-06-01,2026-06-01 10:47:32,V015,139.0,1.0033235604191288
2026-06-01,2026-06-01 10:47:33,V015,139.0,1.005179898315791
2026-06-01,2026-06-01 10:47:34,V015,139.0,1.0052980537353293
2026-06-01,2026-06-01 10:47:35,V015,139.0,1.0019910823984117
2026-06-01,2026-06-01 10:47:36,V015,139.0,1.004991785147372
2026-06-01,2026-06-01 10:47:37,V015,139.0,1.0075468513130807
2026-06-01,2026-06-01 10:47:38,V015,139.0,1.0032688989196439
2026-06-01,2026-06-01 10:47:39,V015,139.0,1.0208471991584238
2026-06-01,2026-06-01 10:47:40,V015,139.0,1.0235097627422534
2026-06-01,2026-06-01 10:47:41,V015,139.0,1.0119550760837066
2026-06-01,2026-06-01 10:47:42,V015,139.0,1.019613455251646
2026-06-01,2026-06-01 10:47:43,V015,138.0,0.99404483904153
2026-06-01,2026-06-01 10:47:44,V015,138.0,1.0008135901753688
2026-06-01,2026-06-01 10:47:45,V015,138.0,1.0137481921635976
2026-06-01,2026-06-01 10:47:46,V015,137.0,0.9999028651766255
2026-06-01,2026-06-01 10:47:47,V015,137.0,1.004827253116095
2026-06-01,2026-06-01 10:47:48,V015,137.0,1.0105639793297052
2026-06-01,2026-06-01 10:47:49,V015,137.0,1.0015314622348452
2026-06-01,2026-06-01 10:47:50,V015,137.0,0.9983365871847957
2026-06-01,2026-06-01 10:47:51,V015,137.0,1.0156988974642374
2026-06-01,2026-06-01 10:47:52,V015,138.0,1.0167863802401234
2026-06-01,2026-06-01 10:47:53,V015,138.0,1.000889708465321
2026-06-01,2026-06-01 10:47:54,V015,137.0,1.0118934031445126
2026-06-01,2026-06-01 10:47:55,V015,137.0,0.9887065667360347
2026-06-01,2026-06-01 10:47:56,V015,137.0,1.0320236127623172
2026-06-01,2026-06-01 10:47:57,V015,136.0,1.0081063542316095
2026-06-01,2026-06-01 10:47:58,V015,137.0,1.0073559880409018
2026-06-01,2026-06-01 10:47:59,V015,137.0,1.0260289290575864
2026-06-01,2026-06-01 10:48:00,V015,137.0,0.9932587129345093
2026-06-01,2026-06-01 10:48:01,V015,137.0,1.0166944948656944
2026-06-01,2026-06-01 10:48:02,V015,137.0,1.0008665901550022
2026-06-01,2026-06-01 10:48:03,V015,138.0,1.0068953974418262
2026-06-01,2026-06-01 10:48:04,V015,138.0,1.0066724765849064
2026-06-01,2026-06-01 10:48:05,V015,139.0,1.000433205460609
2026-06-01,2026-06-01 10:48:06,V015,139.0,1.0277378356768734
2026-06-01,2026-06-01 10:48:07,V015,139.0,1.0087892761432458
2026-06-01,2026-06-01 10:48:08,V015,139.0,1.0170370798808719
2026-06-01,2026-06-01 10:48:09,V015,139.0,1.0159656291142953
2026-06-01,2026-06-01 10:48:10,V015,139.0,1.0113063779606282
2026-06-01,2026-06-01 10:48:11,V015,138.0,1.0205303916191006
2026-06-01,2026-06-01 10:48:12,V015,138.0,1.0026428763600312
2026-06-01,2026-06-01 10:48:13,V015,138.0,1.0193740511829108
2026-06-01,2026-06-01 10:48:14,V015,138.0,1.001597469612188
2026-06-01,2026-06-01 10:48:15,V015,138.0,0.9981328897165785
2026-06-01,2026-06-01 10:48:16,V015,138.0,1.0026358431533509
2026-06-01,2026-06-01 10:48:17,V015,138.0,1.014954004086577
2026-06-01,2026-06-01 10:48:18,V015,138.0,1.0127993145578569
2026-06-01,2026-06-01 10:48:19,V015,138.0,1.014505612493424
2026-06-01,2026-06-01 10:48:20,V015,139.0,1.001431023294347
2026-06-01,2026-06-01 10:48:21,V015,139.0,1.0036463934100637
2026-06-01,2026-06-01 10:48:22,V015,139.0,1.0092482744786497
2026-06-01,2026-06-01 10:48:23,V015,140.0,1.0083264694564227
2026-06-01,2026-06-01 10:48:24,V015,140.0,1.0144242283801879
2026-06-01,2026-06-01 10:48:25,V015,140.0,1.004570889854415
2026-06-01,2026-06-01 10:48:26,V015,141.0,0.9981892263247729
2026-06-01,2026-06-01 10:48:27,V015,141.0,1.0212641333849168
2026-06-01,2026-06-01 10:48:28,V015,141.0,1.0186667333796542
2026-06-01,2026-06-01 10:48:29,V015,141.0,1.0221565247538837
2026-06-01,2026-06-01 10:48:30,V015,141.0,1.0134336454479642
2026-06-01,2026-06-01 10:48:31,V015,141.0,1.0208543879832481
2026-06-01,2026-06-01 10:48:32,V015,141.0,1.0243219579056586
2026-06-01,2026-06-01 10:48:33,V015,141.0,1.001485997477271
2026-06-01,2026-06-01 10:48:34,V015,141.0,1.0099430838875434
2026-06-01,2026-06-01 10:48:35,V015,141.0,1.0155534005374127
2026-06-01,2026-06-01 10:48:36,V015,141.0,1.0075948753648865
2026-06-01,2026-06-01 10:48:37,V015,141.0,1.0291956685342039
2026-06-01,2026-06-01 10:48:38,V015,141.0,1.0302890065921608
2026-06-01,2026-06-01 10:48:39,V015,141.0,0.9712175371997644
2026-06-01,2026-06-01 10:48:40,V015,142.0,1.0733085101213993
2026-06-01,2026-06-01 10:48:41,V015,142.0,1.046321994671123
2026-06-01,2026-06-01 10:48:42,V015,143.0,0.9968212951995521
2026-06-01,2026-06-01 10:48:43,V015,143.0,1.0181368560614985
2026-06-01,2026-06-01 10:48:44,V015,144.0,0.9993637418908651
2026-06-01,2026-06-01 10:48:45,V015,144.0,0.9934436004144386
2026-06-01,2026-06-01 10:48:46,V015,144.0,1.045502001221371
2026-06-01,2026-06-01 10:48:47,V015,144.0,0.9976864233369759
2026-06-01,2026-06-01 10:48:48,V015,143.0,1.0167630130251928
2026-06-01,2026-06-01 10:48:49,V015,143.0,1.0116365744111224
2026-06-01,2026-06-01 10:48:50,V015,142.0,1.0209528208064502
2026-06-01,2026-06-01 10:48:51,V015,142.0,1.0201144429804148
2026-06-01,2026-06-01 10:48:52,V015,141.0,0.9994934573005158
2026-06-01,2026-06-01 10:48:53,V015,141.0,1.0142096480503942
2026-06-01,2026-06-01 10:48:54,V015,140.0,0.9993375034471979
2026-06-01,2026-06-01 10:48:55,V015,140.0,1.0061720473709523
2026-06-01,2026-06-01 10:48:56,V015,139.0,1.0074871343442542
2026-06-01,2026-06-01 10:48:57,V015,139.0,1.0063814872591665
2026-06-01,2026-06-01 10:48:58,V015,139.0,1.0112355106607862
2026-06-01,2026-06-01 10:48:59,V015,139.0,1.0149241384208083
2026-06-01,2026-06-01 10:49:00,V015,138.0,1.0060389487916968
2026-06-01,2026-06-01 10:49:01,V015,137.0,1.0359231499607673
2026-06-01,2026-06-01 10:49:02,V015,137.0,0.9963302146810362
2026-06-01,2026-06-01 10:49:03,V015,136.0,1.0044416909953104
2026-06-01,2026-06-01 10:49:04,V015,135.0,1.0004364753994102
2026-06-01,2026-06-01 10:49:05,V015,135.0,1.0197215621673301
2026-06-01,2026-06-01 10:49:06,V015,134.0,1.0054618070897912
2026-06-01,2026-06-01 10:49:07,V015,133.0,1.0019710920738216
2026-06-01,2026-06-01 10:49:08,V015,132.0,1.0136725247183633
2026-06-01,2026-06-01 10:49:09,V015,131.0,1.0006573098846039
2026-06-01,2026-06-01 10:49:10,V015,131.0,1.004442143442885
2026-06-01,2026-06-01 10:49:11,V015,130.0,1.003156243260947
2026-06-01,2026-06-01 10:49:12,V015,130.0,1.0027446247723681
2026-06-01,2026-06-01 10:49:13,V015,130.0,1.010347051499871
2026-06-01,2026-06-01 10:49:14,V015,130.0,0.9999593015597972
2026-06-01,2026-06-01 10:49:15,V015,131.0,1.0036269009293284
2026-06-01,2026-06-01 10:49:16,V015,131.0,1.0098062173508202
2026-06-01,2026-06-01 10:49:17,V015,132.0,1.0064897338376446
2026-06-01,2026-06-01 10:49:18,V015,132.0,1.004192885876319
2026-06-01,2026-06-01 10:49:19,V015,132.0,1.003737117601803
2026-06-01,2026-06-01 10:49:20,V015,132.0,1.0023712475288575
2026-06-01,2026-06-01 10:49:21,V015,132.0,1.0042049812657523
2026-06-01,2026-06-01 10:49:22,V015,133.0,1.005816879199166
2026-06-01,2026-06-01 10:49:23,V015,134.0,1.0045416317846712
2026-06-01,2026-06-01 10:49:24,V015,134.0,1.0000946493021958
2026-06-01,2026-06-01 10:49:25,V015,135.0,1.0016196743679535
2026-06-01,2026-06-01 10:49:26,V015,136.0,1.0014445909134069
2026-06-01,2026-06-01 10:49:27,V015,136.0,1.0044685121585237
2026-06-01,2026-06-01 10:49:28,V015,136.0,1.000399576536111
2026-06-01,2026-06-01 10:49:29,V015,137.0,1.006487577377814
2026-06-01,2026-06-01 10:49:30,V015,136.0,1.0202192878842438
2026-06-01,2026-06-01 10:49:31,V015,136.0,0.9957527062355023
2026-06-01,2026-06-01 10:49:32,V015,136.0,1.0139961677915406
2026-06-01,2026-06-01 10:49:33,V015,136.0,1.0103576633724034
2026-06-01,2026-06-01 10:49:34,V015,136.0,1.039172824881636
2026-06-01,2026-06-01 10:49:35,V015,136.0,0.995301381208441
2026-06-01,2026-06-01 10:49:36,V015,135.0,1.0071374498159555
2026-06-01,2026-06-01 10:49:37,V015,135.0,1.0282273256413579
2026-06-01,2026-06-01 10:49:38,V015,134.0,1.0227046848866619
2026-06-01,2026-06-01 10:49:39,V015,134.0,1.026669605289927
2026-06-01,2026-06-01 10:49:40,V015,133.0,0.9996977555685962
2026-06-01,2026-06-01 10:49:41,V015,133.0,1.1093717795682743
2026-06-01,2026-06-01 10:49:42,V015,132.0,1.230390971400897
2026-06-01,2026-06-01 10:49:43,V015,132.0,1.4817943842124799
2026-06-01,2026-06-01 10:49:44,V015,131.0,1.2551781765236054
2026-06-01,2026-06-01 10:49:45,V015,131.0,1.1296965057182606
2026-06-01,2026-06-01 10:49:46,V015,131.0,1.0574565288773685
2026-06-01,2026-06-01 10:49:47,V015,131.0,1.0370328845146877
2026-06-01,2026-06-01 10:49:48,V015,132.0,1.090275167074346
2026-06-01,2026-06-01 10:49:49,V015,133.0,1.0518780655484827
2026-06-01,2026-06-01 10:49:50,V015,134.0,1.0827456201523504
2026-06-01,2026-06-01 10:49:51,V015,135.0,1.034315521416629
2026-06-01,2026-06-01 10:49:52,V015,135.0,1.0098837924075372
2026-06-01,2026-06-01 10:49:53,V015,136.0,1.0373788723633661
2026-06-01,2026-06-01 10:49:54,V015,136.0,1.0511593584579753
2026-06-01,2026-06-01 10:49:55,V015,136.0,1.0048778200330921
2026-06-01,2026-06-01 10:49:56,V015,136.0,1.011817900171316
2026-06-01,2026-06-01 10:49:57,V015,136.0,0.9914717633347241
2026-06-01,2026-06-01 10:49:58,V015,136.0,1.0329886241399917
2026-06-01,2026-06-01 10:49:59,V015,137.0,1.007841314110714
2026-06-01,2026-06-01 10:50:00,V015,137.0,0.9536558243941582
2026-06-01,2026-06-01 10:50:01,V015,137.0,1.060940338142636
2026-06-01,2026-06-01 10:50:02,V015,138.0,1.0283273834288607
2026-06-01,2026-06-01 10:50:03,V015,138.0,1.005049093650435
2026-06-01,2026-06-01 10:50:04,V015,139.0,1.0080682911562526
2026-06-01,2026-06-01 10:50:05,V015,140.0,1.003319728802391
2026-06-01,2026-06-01 10:50:06,V015,141.0,1.0098800933974112
2026-06-01,2026-06-01 10:50:07,V015,142.0,0.9946715313609261
2026-06-01,2026-06-01 10:50:08,V015,142.0,1.007737068198674
2026-06-01,2026-06-01 10:50:09,V015,143.0,1.0046083406718231
2026-06-01,2026-06-01 10:50:10,V015,143.0,1.0027661321607784
2026-06-01,2026-06-01 10:50:11,V015,144.0,1.0174988810361516
2026-06-01,2026-06-01 10:50:12,V015,144.0,0.99780575538776
2026-06-01,2026-06-01 10:50:13,V015,144.0,1.0001151864596132
2026-06-01,2026-06-01 10:50:14,V015,144.0,1.0040469055692152
2026-06-01,2026-06-01 10:50:15,V015,143.0,1.0032466461333067
2026-06-01,2026-06-01 10:50:16,V015,144.0,1.0042072646945237
2026-06-01,2026-06-01 10:50:17,V015,144.0,1.0040183882740206
2026-06-01,2026-06-01 10:50:18,V015,144.0,1.0114221897849702
2026-06-01,2026-06-01 10:50:19,V015,144.0,1.0016987513392748
2026-06-01,2026-06-01 10:50:20,V015,144.0,0.9808496627268164
2026-06-01,2026-06-01 10:50:21,V015,144.0,1.0357710602965484
2026-06-01,2026-06-01 10:50:22,V015,143.0,1.000308578459121
2026-06-01,2026-06-01 10:50:23,V015,143.0,1.0010211613323825
2026-06-01,2026-06-01 10:50:24,V015,142.0,0.9985631376549255
2026-06-01,2026-06-01 10:50:25,V015,142.0,0.9998203552352021
2026-06-01,2026-06-01 10:50:26,V015,141.0,0.9998642230511495
2026-06-01,2026-06-01 10:50:27,V015,140.0,0.9992153587996873
2026-06-01,2026-06-01 10:50:28,V015,139.0,0.9994817237119712
2026-06-01,2026-06-01 10:50:29,V015,138.0,1.0074170741092479
2026-06-01,2026-06-01 10:50:30,V015,136.0,0.9966854499628717
2026-06-01,2026-06-01 10:50:31,V015,134.0,1.005840758687381
2026-06-01,2026-06-01 10:50:32,V015,131.0,1.0107160095064125
2026-06-01,2026-06-01 10:50:33,V015,129.0,1.0004695333070523
2026-06-01,2026-06-01 10:50:34,V015,128.0,1.0032457428708113
2026-06-01,2026-06-01 10:50:35,V015,127.0,1.004349898536689
2026-06-01,2026-06-01 10:50:36,V015,126.0,1.0031003775768714
2026-06-01,2026-06-01 10:50:37,V015,126.0,1.0031116697449871
2026-06-01,2026-06-01 10:50:38,V015,125.0,1.0036918477078702
2026-06-01,2026-06-01 10:50:39,V015,125.0,1.003810039225298
2026-06-01,2026-06-01 10:50:40,V015,124.0,1.0046067607086726
2026-06-01,2026-06-01 10:50:41,V015,124.0,1.003767421876695
2026-06-01,2026-06-01 10:50:42,V015,124.0,1.0089363530105695
2026-06-01,2026-06-01 10:50:43,V015,125.0,1.0063820295205028
2026-06-01,2026-06-01 10:50:44,V015,124.0,1.0031876776294566
2026-06-01,2026-06-01 10:50:45,V015,123.0,1.0051629781774225
2026-06-01,2026-06-01 10:50:46,V015,123.0,1.0038431725283685
2026-06-01,2026-06-01 10:50:47,V015,122.0,1.0028584378094254
2026-06-01,2026-06-01 10:50:48,V015,122.0,1.0040354998632686
2026-06-01,2026-06-01 10:50:49,V015,122.0,1.0040190111589313
2026-06-01,2026-06-01 10:50:50,V015,122.0,1.0090932375159678
2026-06-01,2026-06-01 10:50:51,V015,123.0,1.0018701601318118
2026-06-01,2026-06-01 10:50:52,V015,123.0,0.9990425745725777
2026-06-01,2026-06-01 10:50:53,V015,123.0,1.0204603425943328
2026-06-01,2026-06-01 10:50:54,V015,123.0,1.007894146027006
2026-06-01,2026-06-01 10:50:55,V015,124.0,1.001009340048196
2026-06-01,2026-06-01 10:50:56,V015,124.0,1.0015901491553694
2026-06-01,2026-06-01 10:50:57,V015,124.0,1.0054659575249965
2026-06-01,2026-06-01 10:50:58,V015,125.0,1.0011204919678203
2026-06-01,2026-06-01 10:50:59,V015,125.0,1.0099699338568584
2026-06-01,2026-06-01 10:51:00,V015,125.0,1.013511643332086
2026-06-01,2026-06-01 10:51:01,V015,125.0,1.0104159747030543
2026-06-01,2026-06-01 10:51:02,V015,126.0,0.9976232984010664
2026-06-01,2026-06-01 10:51:03,V015,126.0,1.0072891414776064
2026-06-01,2026-06-01 10:51:04,V015,127.0,1.013906841834467
2026-06-01,2026-06-01 10:51:05,V015,127.0,1.0089092596799774
2026-06-01,2026-06-01 10:51:06,V015,127.0,1.005475588317216
2026-06-01,2026-06-01 10:51:07,V015,127.0,1.0134520526986954
2026-06-01,2026-06-01 10:51:08,V015,127.0,1.0124704108923166
2026-06-01,2026-06-01 10:51:09,V015,126.0,1.0033529142103654
2026-06-01,2026-06-01 10:51:10,V015,126.0,1.0028094587572591
2026-06-01,2026-06-01 10:51:11,V015,125.0,1.0084344006949448
2026-06-01,2026-06-01 10:51:12,V015,126.0,1.000148254213356
2026-06-01,2026-06-01 10:51:13,V015,126.0,1.0368420633858397
2026-06-01,2026-06-01 10:51:14,V015,127.0,0.989221269233005
2026-06-01,2026-06-01 10:51:15,V015,128.0,1.026379215150464
2026-06-01,2026-06-01 10:51:16,V015,128.0,1.0121258043558747
2026-06-01,2026-06-01 10:51:17,V015,127.0,0.9993842528285516
2026-06-01,2026-06-01 10:51:18,V015,127.0,1.000743566609404
2026-06-01,2026-06-01 10:51:19,V015,127.0,1.0200969678969463
2026-06-01,2026-06-01 10:51:20,V015,127.0,1.0008040253393986
2026-06-01,2026-06-01 10:51:21,V015,127.0,1.00999823039483
2026-06-01,2026-06-01 10:51:22,V015,125.0,1.0068420385031527
2026-06-01,2026-06-01 10:51:23,V015,125.0,1.002960683505385
2026-06-01,2026-06-01 10:51:24,V015,123.0,1.0548172734321966
2026-06-01,2026-06-01 10:51:25,V015,123.0,1.044891803760235
2026-06-01,2026-06-01 10:51:26,V015,122.0,0.9860296140409517
2026-06-01,2026-06-01 10:51:27,V015,122.0,1.0169906842573144
2026-06-01,2026-06-01 10:51:28,V015,122.0,1.0111008207329941
2026-06-01,2026-06-01 10:51:29,V015,122.0,1.0003392502750124
2026-06-01,2026-06-01 10:51:30,V015,122.0,1.0160375427286978
2026-06-01,2026-06-01 10:51:31,V015,122.0,1.0228039492636711
2026-06-01,2026-06-01 10:51:32,V015,122.0,1.089193807025297
2026-06-01,2026-06-01 10:51:33,V015,122.0,1.2890740415970445
2026-06-01,2026-06-01 10:51:34,V015,123.0,1.3334170040499351
2026-06-01,2026-06-01 10:51:35,V015,123.0,1.061440895077467
2026-06-01,2026-06-01 10:51:36,V015,124.0,1.021600550993635
2026-06-01,2026-06-01 10:51:37,V015,124.0,1.0147225911605537
2026-06-01,2026-06-01 10:51:38,V015,125.0,0.9996442909558407
2026-06-01,2026-06-01 10:51:39,V015,126.0,0.9970887215633568
2026-06-01,2026-06-01 10:51:40,V015,127.0,1.0691303748740477
2026-06-01,2026-06-01 10:51:41,V015,127.0,0.9988481118392062
2026-06-01,2026-06-01 10:51:42,V015,128.0,0.9903290365317834
2026-06-01,2026-06-01 10:51:43,V015,129.0,1.0375676854818048
2026-06-01,2026-06-01 10:51:44,V015,130.0,0.9954246621251521
2026-06-01,2026-06-01 10:51:45,V015,130.0,1.0151181252389725
2026-06-01,2026-06-01 10:51:46,V015,131.0,1.0330752593314614
2026-06-01,2026-06-01 10:51:47,V015,132.0,1.0285328285338735
2026-06-01,2026-06-01 10:51:48,V015,133.0,0.9853035324087136
2026-06-01,2026-06-01 10:51:49,V015,134.0,1.0363916130586739
2026-06-01,2026-06-01 10:51:50,V015,135.0,1.0160808634646972
2026-06-01,2026-06-01 10:51:51,V015,136.0,1.0479915835649332
2026-06-01,2026-06-01 10:51:52,V015,136.0,1.0288951353561038
2026-06-01,2026-06-01 10:51:53,V015,135.0,1.063382719157115
2026-06-01,2026-06-01 10:51:54,V015,135.0,1.0249254687378613
2026-06-01,2026-06-01 10:51:55,V015,136.0,0.9940058132288089
2026-06-01,2026-06-01 10:51:56,V015,136.0,0.9975756761511337
2026-06-01,2026-06-01 10:51:57,V015,136.0,0.9980128462320378
2026-06-01,2026-06-01 10:51:58,V015,136.0,0.9991998584437491
2026-06-01,2026-06-01 10:51:59,V015,136.0,0.9998989214094425
2026-06-01,2026-06-01 10:52:00,V015,136.0,0.9987757798140318
2026-06-01,2026-06-01 10:52:01,V015,136.0,0.9979605470098393
2026-06-01,2026-06-01 10:52:02,V015,136.0,0.9965949641159955
2026-06-01,2026-06-01 10:52:03,V015,136.0,1.0141978792074098
2026-06-01,2026-06-01 10:52:04,V015,137.0,1.0133655659669387
2026-06-01,2026-06-01 10:52:05,V015,138.0,1.0447820894971405
2026-06-01,2026-06-01 10:52:06,V015,138.0,0.9964229741810378
2026-06-01,2026-06-01 10:52:07,V015,139.0,1.0315630908750044
2026-06-01,2026-06-01 10:52:08,V015,139.0,1.0174870248122536
2026-06-01,2026-06-01 10:52:09,V015,139.0,1.0297054492939202
2026-06-01,2026-06-01 10:52:10,V015,138.0,1.0225238462720367
2026-06-01,2026-06-01 10:52:11,V015,138.0,1.0365821973478178
2026-06-01,2026-06-01 10:52:12,V015,137.0,1.0296590607258116
2026-06-01,2026-06-01 10:52:13,V015,137.0,1.064283214964277
2026-06-01,2026-06-01 10:52:14,V015,137.0,1.0594805585732283
2026-06-01,2026-06-01 10:52:15,V015,137.0,1.0524076926229802
2026-06-01,2026-06-01 10:52:16,V015,137.0,1.0370323312592513
2026-06-01,2026-06-01 10:52:17,V015,136.0,1.022060632827912
2026-06-01,2026-06-01 10:52:18,V015,136.0,0.9999884424228547
2026-06-01,2026-06-01 10:52:19,V015,136.0,1.026003572870884
2026-06-01,2026-06-01 10:52:20,V015,136.0,1.0041722868472542
2026-06-01,2026-06-01 10:52:21,V015,136.0,1.0044107161834162
2026-06-01,2026-06-01 10:52:22,V015,136.0,1.0073706712463757
2026-06-01,2026-06-01 10:52:23,V015,136.0,1.007994203452258
2026-06-01,2026-06-01 10:52:24,V015,135.0,1.0055962766066886
2026-06-01,2026-06-01 10:52:25,V015,135.0,1.022638918797695
2026-06-01,2026-06-01 10:52:26,V015,135.0,1.0040183496857646
2026-06-01,2026-06-01 10:52:27,V015,135.0,1.0280885361377303
2026-06-01,2026-06-01 10:52:28,V015,134.0,1.0378307748568547
2026-06-01,2026-06-01 10:52:29,V015,134.0,1.0286628787796055
2026-06-01,2026-06-01 10:52:30,V015,133.0,1.0086206226470065
2026-06-01,2026-06-01 10:52:31,V015,133.0,1.0073027368844052
2026-06-01,2026-06-01 10:52:32,V015,133.0,1.013044132004792
2026-06-01,2026-06-01 10:52:33,V015,132.0,1.0025932576593855
2026-06-01,2026-06-01 10:52:34,V015,132.0,1.0192329723145108
2026-06-01,2026-06-01 10:52:35,V015,132.0,1.0790939678239193
2026-06-01,2026-06-01 10:52:36,V015,132.0,1.04710931735768
2026-06-01,2026-06-01 10:52:37,V015,132.0,1.0222981966059654
2026-06-01,2026-06-01 10:52:38,V015,132.0,1.0215625532548467
2026-06-01,2026-06-01 10:52:39,V015,132.0,1.0283227278123375
2026-06-01,2026-06-01 10:52:40,V015,132.0,0.9833651982334766
2026-06-01,2026-06-01 10:52:41,V015,132.0,1.0094915611599091
2026-06-01,2026-06-01 10:52:42,V015,132.0,1.011785628382302
2026-06-01,2026-06-01 10:52:43,V015,132.0,1.014558179388771
2026-06-01,2026-06-01 10:52:44,V015,132.0,1.0028548887276267
2026-06-01,2026-06-01 10:52:45,V015,132.0,1.019339328058863
2026-06-01,2026-06-01 10:52:46,V015,132.0,1.0088607701383956
2026-06-01,2026-06-01 10:52:47,V015,132.0,1.0065888073737146
2026-06-01,2026-06-01 10:52:48,V015,132.0,1.0081397681294009
2026-06-01,2026-06-01 10:52:49,V015,132.0,0.9933553988503201
2026-06-01,2026-06-01 10:52:50,V015,132.0,1.0406609808722214
2026-06-01,2026-06-01 10:52:51,V015,132.0,1.0006894916718352
2026-06-01,2026-06-01 10:52:52,V015,132.0,1.0486447985114988
2026-06-01,2026-06-01 10:52:53,V015,133.0,1.0325382502803127
2026-06-01,2026-06-01 10:52:54,V015,133.0,1.0528997500411865
2026-06-01,2026-06-01 10:52:55,V015,132.0,1.0716244845693852
2026-06-01,2026-06-01 10:52:56,V015,133.0,1.1547396980514377
2026-06-01,2026-06-01 10:52:57,V015,133.0,1.037828058689407
2026-06-01,2026-06-01 10:52:58,V015,134.0,1.0217098068847665
2026-06-01,2026-06-01 10:52:59,V015,134.0,0.9985169487102756
2026-06-01,2026-06-01 10:53:00,V015,133.0,1.0023636738331065
2026-06-01,2026-06-01 10:53:01,V015,133.0,1.0081530026524772
2026-06-01,2026-06-01 10:53:02,V015,132.0,0.9961067145757707
2026-06-01,2026-06-01 10:53:03,V015,132.0,1.0089553543024234
2026-06-01,2026-06-01 10:53:04,V015,132.0,1.0070024200497105
2026-06-01,2026-06-01 10:53:05,V015,132.0,1.0074134080139205
2026-06-01,2026-06-01 10:53:06,V015,132.0,1.008393126169429
2026-06-01,2026-06-01 10:53:07,V015,132.0,1.0102270072137074
2026-06-01,2026-06-01 10:53:08,V015,133.0,1.0542472573013264
2026-06-01,2026-06-01 10:53:09,V015,133.0,1.0196090254483967
2026-06-01,2026-06-01 10:53:10,V015,134.0,0.9867523752919918
2026-06-01,2026-06-01 10:53:11,V015,135.0,1.0635656916918532
2026-06-01,2026-06-01 10:53:12,V015,135.0,1.041166276441926
2026-06-01,2026-06-01 10:53:13,V015,136.0,1.0432071937500629
2026-06-01,2026-06-01 10:53:14,V015,136.0,1.044996820466393
2026-06-01,2026-06-01 10:53:15,V015,136.0,1.011333935975944
2026-06-01,2026-06-01 10:53:16,V015,136.0,1.0050556020498886
2026-06-01,2026-06-01 10:53:17,V015,136.0,0.9991752432812808
2026-06-01,2026-06-01 10:53:18,V015,136.0,1.0590025573594153
2026-06-01,2026-06-01 10:53:19,V015,136.0,1.0818503796764294
2026-06-01,2026-06-01 10:53:20,V015,135.0,1.0316981955080489
2026-06-01,2026-06-01 10:53:21,V015,134.0,1.0846643302481755
2026-06-01,2026-06-01 10:53:22,V015,134.0,1.0500300705825145
2026-06-01,2026-06-01 10:53:23,V015,134.0,0.9888966486668197
2026-06-01,2026-06-01 10:53:24,V015,134.0,1.0345456501141717
2026-06-01,2026-06-01 10:53:25,V015,134.0,1.099157762235251
2026-06-01,2026-06-01 10:53:26,V015,134.0,1.019008311735226
2026-06-01,2026-06-01 10:53:27,V015,134.0,1.0315977461201342
2026-06-01,2026-06-01 10:53:28,V015,134.0,1.0109806698832666
2026-06-01,2026-06-01 10:53:29,V015,135.0,1.0113126234882814
2026-06-01,2026-06-01 10:53:30,V015,134.0,1.0204397741821118
2026-06-01,2026-06-01 10:53:31,V015,134.0,0.9981085449291126
2026-06-01,2026-06-01 10:53:32,V015,134.0,1.0427166343440961
2026-06-01,2026-06-01 10:53:33,V015,133.0,0.9705433182778687
2026-06-01,2026-06-01 10:53:34,V015,133.0,0.9916728943199392
2026-06-01,2026-06-01 10:53:35,V015,132.0,1.0305616454297364
2026-06-01,2026-06-01 10:53:36,V015,132.0,1.0077639545322707
2026-06-01,2026-06-01 10:53:37,V015,131.0,1.0138951015180728
2026-06-01,2026-06-01 10:53:38,V015,131.0,1.0005716300532155
2026-06-01,2026-06-01 10:53:39,V015,130.0,1.083655184987068
2026-06-01,2026-06-01 10:53:40,V015,130.0,1.0016019172560713
2026-06-01,2026-06-01 10:53:41,V015,131.0,1.1634670865207806
2026-06-01,2026-06-01 10:53:42,V015,131.0,0.9923483986089923
2026-06-01,2026-06-01 10:53:43,V015,131.0,1.0920076711707576
2026-06-01,2026-06-01 10:53:44,V015,132.0,1.085091661865178
2026-06-01,2026-06-01 10:53:45,V015,133.0,1.1081734139026143
2026-06-01,2026-06-01 10:53:46,V015,134.0,1.018499896752667
2026-06-01,2026-06-01 10:53:47,V015,135.0,1.007277226262698
2026-06-01,2026-06-01 10:53:48,V015,139.0,1.0465688757696323
2026-06-01,2026-06-01 10:53:49,V015,142.0,1.0441617171088147
2026-06-01,2026-06-01 10:53:50,V015,145.0,1.0012436539672265
2026-06-01,2026-06-01 10:53:51,V015,148.0,1.0547223235758685
2026-06-01,2026-06-01 10:53:52,V015,147.0,1.1401803065959981
2026-06-01,2026-06-01 10:53:53,V015,146.0,1.0259007775664544
2026-06-01,2026-06-01 10:53:54,V015,146.0,1.0534032016203843
2026-06-01,2026-06-01 10:53:55,V015,146.0,1.0206848290862645
2026-06-01,2026-06-01 10:53:56,V015,146.0,1.0357223741325288
2026-06-01,2026-06-01 10:53:57,V015,146.0,1.0301442595023265
2026-06-01,2026-06-01 10:53:58,V015,145.0,1.0316651594935384
2026-06-01,2026-06-01 10:53:59,V015,145.0,1.0673688979194398
2026-06-01,2026-06-01 10:54:00,V015,145.0,1.0342417507137442
2026-06-01,2026-06-01 10:54:01,V015,145.0,1.0098646536655287
2026-06-01,2026-06-01 10:54:02,V015,145.0,1.0326046865821252
2026-06-01,2026-06-01 10:54:03,V015,145.0,1.1368446382480186
2026-06-01,2026-06-01 10:54:04,V015,145.0,1.1952930691347696
2026-06-01,2026-06-01 10:54:05,V015,145.0,1.0827780398784723
2026-06-01,2026-06-01 10:54:06,V015,146.0,1.0441729087425196
2026-06-01,2026-06-01 10:54:07,V015,146.0,1.2408444265877074
2026-06-01,2026-06-01 10:54:08,V015,146.0,1.0934994266752394
2026-06-01,2026-06-01 10:54:09,V015,146.0,1.062807699090273
2026-06-01,2026-06-01 10:54:10,V015,147.0,1.0652889868109716
2026-06-01,2026-06-01 10:54:11,V015,147.0,1.2029021087886969
2026-06-01,2026-06-01 10:54:12,V015,147.0,0.9856127866291051
2026-06-01,2026-06-01 10:54:13,V015,147.0,1.0287524226055247
2026-06-01,2026-06-01 10:54:14,V015,148.0,1.0250077924526495
2026-06-01,2026-06-01 10:54:15,V015,148.0,1.0274757841434201
2026-06-01,2026-06-01 10:54:16,V015,149.0,1.0232081884627722
2026-06-01,2026-06-01 10:54:17,V015,150.0,1.0102687666183494
2026-06-01,2026-06-01 10:54:18,V015,150.0,1.0241276830259713
2026-06-01,2026-06-01 10:54:19,V015,151.0,1.014105389829457
2026-06-01,2026-06-01 10:54:20,V015,150.0,1.0175384710022497
2026-06-01,2026-06-01 10:54:21,V015,150.0,1.0016973862286997
2026-06-01,2026-06-01 10:54:22,V015,149.0,1.0053389963281232
2026-06-01,2026-06-01 10:54:23,V015,149.0,1.0019131857931671
2026-06-01,2026-06-01 10:54:24,V015,149.0,1.0136101185729638
2026-06-01,2026-06-01 10:54:25,V015,149.0,1.0009178981301732
2026-06-01,2026-06-01 10:54:26,V015,149.0,1.017257000801298
2026-06-01,2026-06-01 10:54:27,V015,149.0,1.0221432444047374
2026-06-01,2026-06-01 10:54:28,V015,149.0,1.0360422768148243
2026-06-01,2026-06-01 10:54:29,V015,150.0,1.0516546092467418
2026-06-01,2026-06-01 10:54:30,V015,150.0,1.0416939839307362
2026-06-01,2026-06-01 10:54:31,V015,150.0,0.9900286850840798
2026-06-01,2026-06-01 10:54:32,V015,151.0,1.005875264158233
2026-06-01,2026-06-01 10:54:33,V015,152.0,0.9907703721934413
2026-06-01,2026-06-01 10:54:34,V015,152.0,1.070081899723546
2026-06-01,2026-06-01 10:54:35,V015,152.0,1.0416869632416572
2026-06-01,2026-06-01 10:54:36,V015,151.0,0.9906061583234811
2026-06-01,2026-06-01 10:54:37,V015,151.0,1.0383286519876176
2026-06-01,2026-06-01 10:54:38,V015,150.0,1.0027600290379428
2026-06-01,2026-06-01 10:54:39,V015,150.0,1.0377628935420704
2026-06-01,2026-06-01 10:54:40,V015,150.0,1.0058682850269853
2026-06-01,2026-06-01 10:54:41,V015,150.0,1.0014619099828188
2026-06-01,2026-06-01 10:54:42,V015,149.0,1.0015858059332106
2026-06-01,2026-06-01 10:54:43,V015,149.0,1.047398829121012
2026-06-01,2026-06-01 10:54:44,V015,149.0,0.9993990170641682
2026-06-01,2026-06-01 10:54:45,V015,149.0,1.0454538127817266
2026-06-01,2026-06-01 10:54:46,V015,149.0,1.0619703806747063
2026-06-01,2026-06-01 10:54:47,V015,149.0,1.0310036743797133
2026-06-01,2026-06-01 10:54:48,V015,148.0,1.021312879233802
2026-06-01,2026-06-01 10:54:49,V015,148.0,1.0043345287994045
2026-06-01,2026-06-01 10:54:50,V015,148.0,1.0066047858204603
2026-06-01,2026-06-01 10:54:51,V015,148.0,1.0048179798195047
2026-06-01,2026-06-01 10:54:52,V015,148.0,1.047482257689221
2026-06-01,2026-06-01 10:54:53,V015,148.0,1.049086908968804
2026-06-01,2026-06-01 10:54:54,V015,147.0,1.0425034692763442
2026-06-01,2026-06-01 10:54:55,V015,146.0,1.0046102300610087
2026-06-01,2026-06-01 10:54:56,V015,145.0,1.0950801324841593
2026-06-01,2026-06-01 10:54:57,V015,145.0,1.347822096712496
2026-06-01,2026-06-01 10:54:58,V015,145.0,1.0175043822409247
2026-06-01,2026-06-01 10:54:59,V015,146.0,1.0446322772100556
2026-06-01,2026-06-01 10:55:00,V015,146.0,1.0217300499217021
2026-06-01,2026-06-01 10:55:01,V015,147.0,1.0033792852058534
2026-06-01,2026-06-01 10:55:02,V015,147.0,1.0036438819147173
2026-06-01,2026-06-01 10:55:03,V015,146.0,1.0279324754799664
2026-06-01,2026-06-01 10:55:04,V015,146.0,1.0041465604487818
2026-06-01,2026-06-01 10:55:05,V015,146.0,1.0404812555252252
2026-06-01,2026-06-01 10:55:06,V015,146.0,1.0065071507513168
2026-06-01,2026-06-01 10:55:07,V015,146.0,1.0190285967020387
2026-06-01,2026-06-01 10:55:08,V015,145.0,1.0215810154201714
2026-06-01,2026-06-01 10:55:09,V015,145.0,1.010221737173371
2026-06-01,2026-06-01 10:55:10,V015,145.0,1.0026666589609567
2026-06-01,2026-06-01 10:55:11,V015,145.0,1.0291810490153415
2026-06-01,2026-06-01 10:55:12,V015,145.0,1.028636463088275
2026-06-01,2026-06-01 10:55:13,V015,144.0,1.0111808310725645
2026-06-01,2026-06-01 10:55:14,V015,143.0,1.1436887603941566
2026-06-01,2026-06-01 10:55:15,V015,142.0,1.1815502297281801
2026-06-01,2026-06-01 10:55:16,V015,141.0,1.018485779325053
2026-06-01,2026-06-01 10:55:17,V015,140.0,1.113722187558676
2026-06-01,2026-06-01 10:55:18,V015,140.0,1.0120304744673962
2026-06-01,2026-06-01 10:55:19,V015,140.0,1.0660153211117136
2026-06-01,2026-06-01 10:55:20,V015,141.0,1.0438942054392022
2026-06-01,2026-06-01 10:55:21,V015,141.0,1.0355566366167652
2026-06-01,2026-06-01 10:55:22,V015,141.0,0.9992032138593769
2026-06-01,2026-06-01 10:55:23,V015,141.0,1.0012395780133312
2026-06-01,2026-06-01 10:55:24,V015,141.0,1.0206684423580732
2026-06-01,2026-06-01 10:55:25,V015,141.0,1.0122460435423637
2026-06-01,2026-06-01 10:55:26,V015,141.0,1.0230186457192716
2026-06-01,2026-06-01 10:55:27,V015,141.0,1.0076215645262663
2026-06-01,2026-06-01 10:55:28,V015,141.0,1.0308608773624999
2026-06-01,2026-06-01 10:55:29,V015,141.0,1.0389903132517098
2026-06-01,2026-06-01 10:55:30,V015,141.0,0.9981500943612375
2026-06-01,2026-06-01 10:55:31,V015,141.0,1.0184069822050075
2026-06-01,2026-06-01 10:55:32,V015,141.0,1.0235040221603824
2026-06-01,2026-06-01 10:55:33,V015,142.0,0.9943724065257278
2026-06-01,2026-06-01 10:55:34,V015,142.0,1.050930576704032
2026-06-01,2026-06-01 10:55:35,V015,142.0,1.0591824320737193
2026-06-01,2026-06-01 10:55:36,V015,142.0,1.0735316066757523
2026-06-01,2026-06-01 10:55:37,V015,143.0,1.0167764574371498
2026-06-01,2026-06-01 10:55:38,V015,143.0,1.048007590450507
2026-06-01,2026-06-01 10:55:39,V015,143.0,1.0045698513060233
2026-06-01,2026-06-01 10:55:40,V015,143.0,1.0154202014541136
2026-06-01,2026-06-01 10:55:41,V015,143.0,1.0074677678343888
2026-06-01,2026-06-01 10:55:42,V015,143.0,1.0414164286379062
2026-06-01,2026-06-01 10:55:43,V015,143.0,1.0632546348258045
2026-06-01,2026-06-01 10:55:44,V015,143.0,1.0090224276998863
2026-06-01,2026-06-01 10:55:45,V015,144.0,0.9956274977999368
2026-06-01,2026-06-01 10:55:46,V015,144.0,1.0381633380266484
2026-06-01,2026-06-01 10:55:47,V015,144.0,1.0143745586781776
2026-06-01,2026-06-01 10:55:48,V015,144.0,1.0098988314491084
2026-06-01,2026-06-01 10:55:49,V015,144.0,1.0030977249593875
2026-06-01,2026-06-01 10:55:50,V015,144.0,1.0109397765724737
2026-06-01,2026-06-01 10:55:51,V015,145.0,1.0071167971686534
2026-06-01,2026-06-01 10:55:52,V015,145.0,1.0055898287318632
2026-06-01,2026-06-01 10:55:53,V015,145.0,1.0278691623775178
2026-06-01,2026-06-01 10:55:54,V015,145.0,1.0359820111260034
2026-06-01,2026-06-01 10:55:55,V015,145.0,1.0741509941189324
2026-06-01,2026-06-01 10:55:56,V015,144.0,1.1497557333076975
2026-06-01,2026-06-01 10:55:57,V015,144.0,1.0038271960359018
2026-06-01,2026-06-01 10:55:58,V015,144.0,1.0656467307807673
2026-06-01,2026-06-01 10:55:59,V015,144.0,0.9966879402761005
2026-06-01,2026-06-01 10:56:00,V015,144.0,1.0331694140335193
2026-06-01,2026-06-01 10:56:01,V015,144.0,1.1988848554963605
2026-06-01,2026-06-01 10:56:02,V015,143.0,1.1338910181652069
2026-06-01,2026-06-01 10:56:03,V015,143.0,1.0328848474264718
2026-06-01,2026-06-01 10:56:04,V015,142.0,1.0223188875976983
2026-06-01,2026-06-01 10:56:05,V015,142.0,1.0123985692844735
2026-06-01,2026-06-01 10:56:06,V015,142.0,1.0130364384493065
2026-06-01,2026-06-01 10:56:07,V015,142.0,1.0452817648287378
2026-06-01,2026-06-01 10:56:08,V015,141.0,1.0065790915409014
2026-06-01,2026-06-01 10:56:09,V015,141.0,1.0639886380830927
2026-06-01,2026-06-01 10:56:10,V015,140.0,1.0329771764692603
2026-06-01,2026-06-01 10:56:11,V015,140.0,0.9871861277869249
2026-06-01,2026-06-01 10:56:12,V015,139.0,1.0182804159960537
2026-06-01,2026-06-01 10:56:13,V015,139.0,1.0142327612706894
2026-06-01,2026-06-01 10:56:14,V015,139.0,1.0059481879510555
2026-06-01,2026-06-01 10:56:15,V015,139.0,1.0108326750346384
2026-06-01,2026-06-01 10:56:16,V015,140.0,1.0431433271275392
2026-06-01,2026-06-01 10:56:17,V015,141.0,1.0247941407884802
2026-06-01,2026-06-01 10:56:18,V015,141.0,1.0333681125891077
2026-06-01,2026-06-01 10:56:19,V015,142.0,1.0172814559048708
2026-06-01,2026-06-01 10:56:20,V015,143.0,1.017489733803436
2026-06-01,2026-06-01 10:56:21,V015,144.0,1.1957184277672261
2026-06-01,2026-06-01 10:56:22,V015,145.0,1.054840251142772
2026-06-01,2026-06-01 10:56:23,V015,146.0,1.1162608546469561
2026-06-01,2026-06-01 10:56:24,V015,146.0,1.057350505937442
2026-06-01,2026-06-01 10:56:25,V015,147.0,1.0128624380042857
2026-06-01,2026-06-01 10:56:26,V015,147.0,1.0403038642682596
2026-06-01,2026-06-01 10:56:27,V015,148.0,1.0741653483458715
2026-06-01,2026-06-01 10:56:28,V015,147.0,1.102352389355913
2026-06-01,2026-06-01 10:56:29,V015,147.0,1.0630636988602187
2026-06-01,2026-06-01 10:56:30,V015,147.0,1.0577777038877991
2026-06-01,2026-06-01 10:56:31,V015,146.0,0.9964469261206377
2026-06-01,2026-06-01 10:56:32,V015,146.0,1.0534338514758204
2026-06-01,2026-06-01 10:56:33,V015,146.0,1.017637216181265
2026-06-01,2026-06-01 10:56:34,V015,146.0,1.0021660234836203
2026-06-01,2026-06-01 10:56:35,V015,146.0,1.0300283453913277
2026-06-01,2026-06-01 10:56:36,V015,146.0,1.0074820615325664
2026-06-01,2026-06-01 10:56:37,V015,146.0,1.2821155900858252
2026-06-01,2026-06-01 10:56:38,V015,146.0,1.1474594709609074
2026-06-01,2026-06-01 10:56:39,V015,145.0,1.0142966762944474
2026-06-01,2026-06-01 10:56:40,V015,146.0,1.0055596166490421
2026-06-01,2026-06-01 10:56:41,V015,146.0,1.0300996373133242
2026-06-01,2026-06-01 10:56:42,V015,146.0,1.0079529833879095
2026-06-01,2026-06-01 10:56:43,V015,146.0,1.007672648465335
2026-06-01,2026-06-01 10:56:44,V015,147.0,1.0121908982303094
2026-06-01,2026-06-01 10:56:45,V015,147.0,1.0604081962396776
2026-06-01,2026-06-01 10:56:46,V015,148.0,1.0597666233925827
2026-06-01,2026-06-01 10:56:47,V015,149.0,0.988426389126287
2026-06-01,2026-06-01 10:56:48,V015,149.0,1.2749233587090498
2026-06-01,2026-06-01 10:56:49,V015,150.0,1.1004289587292042
2026-06-01,2026-06-01 10:56:50,V015,151.0,1.059935924932571
2026-06-01,2026-06-01 10:56:51,V015,151.0,1.052544446288813
2026-06-01,2026-06-01 10:56:52,V015,151.0,0.9978839116730357
2026-06-01,2026-06-01 10:56:53,V015,151.0,0.9893059127384382
2026-06-01,2026-06-01 10:56:54,V015,151.0,1.0581468545038553
2026-06-01,2026-06-01 10:56:55,V015,151.0,1.0750678736705261
2026-06-01,2026-06-01 10:56:56,V015,151.0,1.026850146942666
2026-06-01,2026-06-01 10:56:57,V015,150.0,1.0131693415635947
2026-06-01,2026-06-01 10:56:58,V015,150.0,1.0116084304485107
2026-06-01,2026-06-01 10:56:59,V015,149.0,1.0034080062923243
2026-06-01,2026-06-01 10:57:00,V015,149.0,1.0011117625234673
2026-06-01,2026-06-01 10:57:01,V015,149.0,1.0077453746700777
2026-06-01,2026-06-01 10:57:02,V015,149.0,1.0084059420619014
2026-06-01,2026-06-01 10:57:03,V015,148.0,1.0188881212556398
2026-06-01,2026-06-01 10:57:04,V015,148.0,1.0236847491552734
2026-06-01,2026-06-01 10:57:05,V015,148.0,1.0086795152398078
2026-06-01,2026-06-01 10:57:06,V015,148.0,1.0159769481409073
2026-06-01,2026-06-01 10:57:07,V015,147.0,1.0569978886935267
2026-06-01,2026-06-01 10:57:08,V015,146.0,1.0873683294764005
2026-06-01,2026-06-01 10:57:09,V015,146.0,1.134735536435462
2026-06-01,2026-06-01 10:57:10,V015,146.0,1.1254482310347393
2026-06-01,2026-06-01 10:57:11,V015,146.0,1.0679910034354352
2026-06-01,2026-06-01 10:57:12,V015,147.0,1.056996459516311
2026-06-01,2026-06-01 10:57:13,V015,147.0,1.0653807355895781
2026-06-01,2026-06-01 10:57:14,V015,148.0,1.0404034681344003
2026-06-01,2026-06-01 10:57:15,V015,148.0,1.0048779822755234
2026-06-01,2026-06-01 10:57:16,V015,148.0,1.0211687073359494
2026-06-01,2026-06-01 10:57:17,V015,147.0,1.064164870507998
2026-06-01,2026-06-01 10:57:18,V015,148.0,1.07484784064073
2026-06-01,2026-06-01 10:57:19,V015,148.0,1.0183929374055276
2026-06-01,2026-06-01 10:57:20,V015,148.0,1.0122298067772282
2026-06-01,2026-06-01 10:57:21,V015,148.0,1.0056349383638314
2026-06-01,2026-06-01 10:57:22,V015,149.0,0.9982923070842117
2026-06-01,2026-06-01 10:57:23,V015,149.0,1.0509398112689012
2026-06-01,2026-06-01 10:57:24,V015,149.0,0.9992349576224996
2026-06-01,2026-06-01 10:57:25,V015,149.0,1.0151074115572656
2026-06-01,2026-06-01 10:57:26,V015,149.0,1.0545987900365665
2026-06-01,2026-06-01 10:57:27,V015,148.0,0.9785227307325565
2026-06-01,2026-06-01 10:57:28,V015,149.0,1.1937483941122942
2026-06-01,2026-06-01 10:57:29,V015,149.0,1.060967384756704
2026-06-01,2026-06-01 10:57:30,V015,149.0,1.0340359026949901
2026-06-01,2026-06-01 10:57:31,V015,149.0,1.223116743426077
2026-06-01,2026-06-01 10:57:32,V015,149.0,1.1186875998198578
2026-06-01,2026-06-01 10:57:33,V015,149.0,1.0324091252604164
2026-06-01,2026-06-01 10:57:34,V015,149.0,1.0401518571879471
2026-06-01,2026-06-01 10:57:35,V015,149.0,1.0463914128201222
2026-06-01,2026-06-01 10:57:36,V015,149.0,1.1212826682975483
2026-06-01,2026-06-01 10:57:37,V015,149.0,1.105745077470183
2026-06-01,2026-06-01 10:57:38,V015,149.0,1.020645105414899
2026-06-01,2026-06-01 10:57:39,V015,149.0,1.1125249924376863
2026-06-01,2026-06-01 10:57:40,V015,150.0,1.0648035781951002
2026-06-01,2026-06-01 10:57:41,V015,150.0,1.0442030615959064
2026-06-01,2026-06-01 10:57:42,V015,150.0,1.0523894943005707
2026-06-01,2026-06-01 10:57:43,V015,151.0,1.0386839058098267
2026-06-01,2026-06-01 10:57:44,V015,151.0,1.146736953699756
2026-06-01,2026-06-01 10:57:45,V015,151.0,1.1650947191934016
2026-06-01,2026-06-01 10:57:46,V015,151.0,1.18074824528246
2026-06-01,2026-06-01 10:57:47,V015,150.0,1.0545621367169145
2026-06-01,2026-06-01 10:57:48,V015,150.0,1.0292024750264126
2026-06-01,2026-06-01 10:57:49,V015,150.0,1.0662950859008744
2026-06-01,2026-06-01 10:57:50,V015,150.0,1.0734439392647028
2026-06-01,2026-06-01 10:57:51,V015,150.0,1.0390583272942842
2026-06-01,2026-06-01 10:57:52,V015,150.0,1.0309487097676184
2026-06-01,2026-06-01 10:57:53,V015,150.0,1.0610742874878902
2026-06-01,2026-06-01 10:57:54,V015,150.0,0.9540030035929858
2026-06-01,2026-06-01 10:57:55,V015,150.0,1.0306303249877897
2026-06-01,2026-06-01 10:57:56,V015,150.0,1.0048624259851942
2026-06-01,2026-06-01 10:57:57,V015,150.0,1.063185145487539
2026-06-01,2026-06-01 10:57:58,V015,151.0,1.0365873631697746
2026-06-01,2026-06-01 10:57:59,V015,151.0,1.0223957606212732
2026-06-01,2026-06-01 10:58:00,V015,152.0,1.0161866813473996
2026-06-01,2026-06-01 10:58:01,V015,153.0,1.0476077767293666
2026-06-01,2026-06-01 10:58:02,V015,154.0,1.039723077208132
2026-06-01,2026-06-01 10:58:03,V015,155.0,1.0800058369062713
2026-06-01,2026-06-01 10:58:04,V015,155.0,1.0308788010869074
2026-06-01,2026-06-01 10:58:05,V015,156.0,1.094400757359872
2026-06-01,2026-06-01 10:58:06,V015,156.0,1.0294778414761878
2026-06-01,2026-06-01 10:58:07,V015,157.0,1.0141176797749816
2026-06-01,2026-06-01 10:58:08,V015,157.0,1.0420635480257259
2026-06-01,2026-06-01 10:58:09,V015,156.0,1.0657257750502722
2026-06-01,2026-06-01 10:58:10,V015,157.0,1.0302119169838249
2026-06-01,2026-06-01 10:58:11,V015,157.0,1.0403983075505105
2026-06-01,2026-06-01 10:58:12,V015,157.0,1.0183350813538175
2026-06-01,2026-06-01 10:58:13,V015,157.0,1.0257319743367272
2026-06-01,2026-06-01 10:58:14,V015,157.0,1.0025611818600701
2026-06-01,2026-06-01 10:58:15,V015,157.0,1.0050843947431831
2026-06-01,2026-06-01 10:58:16,V015,157.0,1.0027365325614588
2026-06-01,2026-06-01 10:58:17,V015,157.0,1.01809455569086
2026-06-01,2026-06-01 10:58:18,V015,157.0,1.0084010282206404
2026-06-01,2026-06-01 10:58:19,V015,157.0,1.0059849057185013
2026-06-01,2026-06-01 10:58:20,V015,156.0,1.039203423826734
2026-06-01,2026-06-01 10:58:21,V015,156.0,1.059238546663173
2026-06-01,2026-06-01 10:58:22,V015,156.0,1.1186650016781317
2026-06-01,2026-06-01 10:58:23,V015,156.0,0.9901761468311725
2026-06-01,2026-06-01 10:58:24,V015,156.0,1.0245762551526145
2026-06-01,2026-06-01 10:58:25,V015,156.0,1.0062004848959025
2026-06-01,2026-06-01 10:58:26,V015,156.0,1.1271931610499113
2026-06-01,2026-06-01 10:58:27,V015,156.0,1.0785188580232108
2026-06-01,2026-06-01 10:58:28,V015,156.0,1.0634005511550775
2026-06-01,2026-06-01 10:58:29,V015,156.0,1.1947547126609912
2026-06-01,2026-06-01 10:58:30,V015,155.0,1.0988721203426892
2026-06-01,2026-06-01 10:58:31,V015,155.0,0.9962414519090486
2026-06-01,2026-06-01 10:58:32,V015,155.0,1.169189158758025
2026-06-01,2026-06-01 10:58:33,V015,154.0,0.9747912320534319
2026-06-01,2026-06-01 10:58:34,V015,154.0,1.0644153883791698
2026-06-01,2026-06-01 10:58:35,V015,154.0,1.027858011214356
2026-06-01,2026-06-01 10:58:36,V015,153.0,1.0290830575775185
2026-06-01,2026-06-01 10:58:37,V015,153.0,0.9679546973786313
2026-06-01,2026-06-01 10:58:38,V015,153.0,1.0637222678829106
2026-06-01,2026-06-01 10:58:39,V015,153.0,1.020433763038391
2026-06-01,2026-06-01 10:58:40,V015,153.0,1.0311078419414244
2026-06-01,2026-06-01 10:58:41,V015,153.0,1.0680202424945995
2026-06-01,2026-06-01 10:58:42,V015,152.0,1.004137312565768
2026-06-01,2026-06-01 10:58:43,V015,152.0,1.0538945773320034
2026-06-01,2026-06-01 10:58:44,V015,151.0,1.0149529526851606
2026-06-01,2026-06-01 10:58:45,V015,151.0,1.003399097391349
2026-06-01,2026-06-01 10:58:46,V015,149.0,1.0247193931455203
2026-06-01,2026-06-01 10:58:47,V015,148.0,1.0422454066121096
2026-06-01,2026-06-01 10:58:48,V015,148.0,1.0281623689164012
2026-06-01,2026-06-01 10:58:49,V015,148.0,1.1211603299645598
2026-06-01,2026-06-01 10:58:50,V015,149.0,1.0196087869548522
2026-06-01,2026-06-01 10:58:51,V015,149.0,1.0165732768458728
2026-06-01,2026-06-01 10:58:52,V015,149.0,1.028423957490034
2026-06-01,2026-06-01 10:58:53,V015,150.0,1.041202267916018
2026-06-01,2026-06-01 10:58:54,V015,150.0,1.0298695031258576
2026-06-01,2026-06-01 10:58:55,V015,151.0,0.9956922768044936
2026-06-01,2026-06-01 10:58:56,V015,152.0,1.2254095245211578
2026-06-01,2026-06-01 10:58:57,V015,152.0,1.0572649521911186
2026-06-01,2026-06-01 10:58:58,V015,152.0,1.0799135010407357
2026-06-01,2026-06-01 10:58:59,V015,152.0,1.003815902070291
2026-06-01,2026-06-01 10:59:00,V015,151.0,1.0231700195823397
2026-06-01,2026-06-01 10:59:01,V015,151.0,1.0338327948819168
2026-06-01,2026-06-01 10:59:02,V015,150.0,1.027709708314651
2026-06-01,2026-06-01 10:59:03,V015,150.0,1.0269976940363903
2026-06-01,2026-06-01 10:59:04,V015,149.0,1.010723554527598
2026-06-01,2026-06-01 10:59:05,V015,149.0,1.0032632242289636
2026-06-01,2026-06-01 10:59:06,V015,149.0,1.0139320419419746
2026-06-01,2026-06-01 10:59:07,V015,149.0,1.013945478800897
2026-06-01,2026-06-01 10:59:08,V015,149.0,1.0158883230204325
2026-06-01,2026-06-01 10:59:09,V015,150.0,1.030219739671496
2026-06-01,2026-06-01 10:59:10,V015,150.0,1.0082816812586994
2026-06-01,2026-06-01 10:59:11,V015,150.0,1.0381040412538436
2026-06-01,2026-06-01 10:59:12,V015,151.0,0.9932269956970519
2026-06-01,2026-06-01 10:59:13,V015,151.0,1.0326817045782046
2026-06-01,2026-06-01 10:59:14,V015,151.0,1.0029169236897706
2026-06-01,2026-06-01 10:59:15,V015,152.0,0.9997579443296484
2026-06-01,2026-06-01 10:59:16,V015,152.0,1.0161210184144467
2026-06-01,2026-06-01 10:59:17,V015,153.0,1.17137688435451
2026-06-01,2026-06-01 10:59:18,V015,153.0,1.1438737997055688
2026-06-01,2026-06-01 10:59:19,V015,153.0,1.002564136813684
2026-06-01,2026-06-01 10:59:20,V015,153.0,1.0048708471775212
2026-06-01,2026-06-01 10:59:21,V015,154.0,1.0041817290877495
2026-06-01,2026-06-01 10:59:22,V015,154.0,1.0342123192601844
2026-06-01,2026-06-01 10:59:23,V015,154.0,0.9841755101109713
2026-06-01,2026-06-01 10:59:24,V015,154.0,1.1073530325028755
2026-06-01,2026-06-01 10:59:25,V015,155.0,1.0073205504889042
2026-06-01,2026-06-01 10:59:26,V015,155.0,1.0058469817606719
2026-06-01,2026-06-01 10:59:27,V015,155.0,0.9968363897757164
2026-06-01,2026-06-01 10:59:28,V015,155.0,1.0177708307703819
2026-06-01,2026-06-01 10:59:29,V015,155.0,1.0133197396158282
2026-06-01,2026-06-01 10:59:30,V015,155.0,1.063282556315752
2026-06-01,2026-06-01 10:59:31,V015,155.0,1.0146906451863735
2026-06-01,2026-06-01 10:59:32,V015,155.0,1.0732241607228081
2026-06-01,2026-06-01 10:59:33,V015,155.0,1.0377051132681896
2026-06-01,2026-06-01 10:59:34,V015,155.0,1.0837846740497552
2026-06-01,2026-06-01 10:59:35,V015,155.0,1.0051840932756597
2026-06-01,2026-06-01 10:59:36,V015,154.0,1.0464061310622383
2026-06-01,2026-06-01 10:59:37,V015,153.0,1.0056850034311509
2026-06-01,2026-06-01 10:59:38,V015,153.0,1.040876235929344
2026-06-01,2026-06-01 10:59:39,V015,152.0,1.0310960123836335
2026-06-01,2026-06-01 10:59:40,V015,151.0,0.9985859858149057
2026-06-01,2026-06-01 10:59:41,V015,150.0,1.0145590609767847
2026-06-01,2026-06-01 10:59:42,V015,149.0,1.030579975400539
2026-06-01,2026-06-01 10:59:43,V015,149.0,1.0359454296751314
2026-06-01,2026-06-01 10:59:44,V015,148.0,1.0185507386850985
2026-06-01,2026-06-01 10:59:45,V015,148.0,1.004291579550398
2026-06-01,2026-06-01 10:59:46,V015,148.0,1.062375378894151
2026-06-01,2026-06-01 10:59:47,V015,147.0,0.9884621324284114
2026-06-01,2026-06-01 10:59:48,V015,147.0,1.028241609265435
2026-06-01,2026-06-01 10:59:49,V015,147.0,1.046009436405614
2026-06-01,2026-06-01 10:59:50,V015,147.0,1.0099747841399647
2026-06-01,2026-06-01 10:59:51,V015,147.0,1.0038314598410674
2026-06-01,2026-06-01 10:59:52,V015,147.0,1.0256169206441037
2026-06-01,2026-06-01 10:59:53,V015,147.0,1.0272149804586566
2026-06-01,2026-06-01 10:59:54,V015,147.0,1.0297303541011247
2026-06-01,2026-06-01 10:59:55,V015,147.0,1.0052430551830271
2026-06-01,2026-06-01 10:59:56,V015,147.0,1.0005294794058335
2026-06-01,2026-06-01 10:59:57,V015,146.0,0.999846454188929
2026-06-01,2026-06-01 10:59:58,V015,146.0,1.0926197114995666
2026-06-01,2026-06-01 10:59:59,V015,146.0,1.0403877949862002
2026-06-01,2026-06-01 11:00:00,V015,146.0,1.222581911572965
2026-06-01,2026-06-01 11:00:01,V015,146.0,1.0813913589925057
2026-06-01,2026-06-01 11:00:02,V015,146.0,0.9763184146587022
2026-06-01,2026-06-01 11:00:03,V015,146.0,0.9993584403291724
2026-06-01,2026-06-01 11:00:04,V015,146.0,1.037320073476514
2026-06-01,2026-06-01 11:00:05,V015,146.0,1.0037914336949876
2026-06-01,2026-06-01 11:00:06,V015,146.0,1.1155969440121525
2026-06-01,2026-06-01 11:00:07,V015,146.0,1.0135536391335285
2026-06-01,2026-06-01 11:00:08,V015,145.0,1.0331811115523777
2026-06-01,2026-06-01 11:00:09,V015,145.0,1.3154349954890103
2026-06-01,2026-06-01 11:00:10,V015,145.0,1.1626100514847861
2026-06-01,2026-06-01 11:00:11,V015,145.0,1.0445697183939144
2026-06-01,2026-06-01 11:00:12,V015,144.0,1.0113126068742109
2026-06-01,2026-06-01 11:00:13,V015,144.0,1.02953952786117
2026-06-01,2026-06-01 11:00:14,V015,144.0,1.0684132453054673
2026-06-01,2026-06-01 11:00:15,V015,143.0,1.0435231812266397
2026-06-01,2026-06-01 11:00:16,V015,143.0,1.0237845258422071
2026-06-01,2026-06-01 11:00:17,V015,143.0,1.0262356656782832
2026-06-01,2026-06-01 11:00:18,V015,143.0,1.011333345708375
2026-06-01,2026-06-01 11:00:19,V015,143.0,1.0141638296728337
2026-06-01,2026-06-01 11:00:20,V015,143.0,0.9996173895872308
2026-06-01,2026-06-01 11:00:21,V015,143.0,1.036409420336808
2026-06-01,2026-06-01 11:00:22,V015,143.0,1.0320544255430069
2026-06-01,2026-06-01 11:00:23,V015,144.0,1.0186096086220358
2026-06-01,2026-06-01 11:00:24,V015,144.0,1.0266165814111727
2026-06-01,2026-06-01 11:00:25,V015,145.0,1.0710714552765852
2026-06-01,2026-06-01 11:00:26,V015,146.0,1.0586025868162756
2026-06-01,2026-06-01 11:00:27,V015,147.0,1.1295963852222548
2026-06-01,2026-06-01 11:00:28,V015,148.0,1.1432563003927085
2026-06-01,2026-06-01 11:00:29,V015,149.0,1.1118176164341593
2026-06-01,2026-06-01 11:00:30,V015,149.0,1.101212828531722
2026-06-01,2026-06-01 11:00:31,V015,149.0,1.0635879428462822
2026-06-01,2026-06-01 11:00:32,V015,149.0,1.2684712270115603
2026-06-01,2026-06-01 11:00:33,V015,149.0,1.254746577585152
2026-06-01,2026-06-01 11:00:34,V015,149.0,0.9945982453835879
2026-06-01,2026-06-01 11:00:35,V015,149.0,1.0702713723681672
2026-06-01,2026-06-01 11:00:36,V015,148.0,1.1555038320670246
2026-06-01,2026-06-01 11:00:37,V015,148.0,1.093142788240978
2026-06-01,2026-06-01 11:00:38,V015,148.0,0.9982209849509703
2026-06-01,2026-06-01 11:00:39,V015,148.0,1.0761161897294726
2026-06-01,2026-06-01 11:00:40,V015,148.0,1.002362060309321
2026-06-01,2026-06-01 11:00:41,V015,147.0,1.061113063651212
2026-06-01,2026-06-01 11:00:42,V015,147.0,1.0333410052299783
2026-06-01,2026-06-01 11:00:43,V015,148.0,1.0534795813369358
2026-06-01,2026-06-01 11:00:44,V015,148.0,1.1966393196586853
2026-06-01,2026-06-01 11:00:45,V015,148.0,1.0590656554375475
2026-06-01,2026-06-01 11:00:46,V015,148.0,1.1033456889160356
2026-06-01,2026-06-01 11:00:47,V015,148.0,1.0497386515108067
2026-06-01,2026-06-01 11:00:48,V015,148.0,1.018603265973147
2026-06-01,2026-06-01 11:00:49,V015,149.0,0.9891927678415632
2026-06-01,2026-06-01 11:00:50,V015,150.0,1.1595375959028034
2026-06-01,2026-06-01 11:00:51,V015,150.0,1.1350989964877274
2026-06-01,2026-06-01 11:00:52,V015,151.0,1.1762105891792833
2026-06-01,2026-06-01 11:00:53,V015,151.0,1.1067255949446577
2026-06-01,2026-06-01 11:00:54,V015,151.0,1.0355578142381747
2026-06-01,2026-06-01 11:00:55,V015,152.0,1.0755147722342635
2026-06-01,2026-06-01 11:00:56,V015,152.0,1.0000833805191995
2026-06-01,2026-06-01 11:00:57,V015,152.0,1.0347953310023286
2026-06-01,2026-06-01 11:00:58,V015,153.0,1.0530001236809827
2026-06-01,2026-06-01 11:00:59,V015,153.0,1.0720730274679968
2026-06-01,2026-06-01 11:01:00,V015,154.0,1.0054858644261084
2026-06-01,2026-06-01 11:01:01,V015,155.0,1.0318708952750515
2026-06-01,2026-06-01 11:01:02,V015,156.0,1.0778299927234594
2026-06-01,2026-06-01 11:01:03,V015,157.0,1.0092973395283436
2026-06-01,2026-06-01 11:01:04,V015,157.0,1.045571240519037
2026-06-01,2026-06-01 11:01:05,V015,157.0,1.0136408049003343
2026-06-01,2026-06-01 11:01:06,V015,157.0,1.0403664046713266
2026-06-01,2026-06-01 11:01:07,V015,157.0,1.0331509992277415
2026-06-01,2026-06-01 11:01:08,V015,157.0,0.9953834549825861
2026-06-01,2026-06-01 11:01:09,V015,157.0,1.0165084474493986
2026-06-01,2026-06-01 11:01:10,V015,157.0,1.0439179729638084
2026-06-01,2026-06-01 11:01:11,V015,157.0,1.0300707142941459
2026-06-01,2026-06-01 11:01:12,V015,157.0,1.0234868178802699
2026-06-01,2026-06-01 11:01:13,V015,157.0,1.093576493581574
2026-06-01,2026-06-01 11:01:14,V015,155.0,1.0882720851471748
2026-06-01,2026-06-01 11:01:15,V015,155.0,1.0293630374864653
2026-06-01,2026-06-01 11:01:16,V015,154.0,1.0183926098381972
2026-06-01,2026-06-01 11:01:17,V015,153.0,1.0016659399009464
2026-06-01,2026-06-01 11:01:18,V015,152.0,1.022796600986034
2026-06-01,2026-06-01 11:01:19,V015,151.0,1.0440586872510598
2026-06-01,2026-06-01 11:01:20,V015,150.0,1.0125287489407697
2026-06-01,2026-06-01 11:01:21,V015,149.0,1.0139109846198453
2026-06-01,2026-06-01 11:01:22,V015,148.0,1.0181932036412693
2026-06-01,2026-06-01 11:01:23,V015,148.0,0.9976113520873428
2026-06-01,2026-06-01 11:01:24,V015,147.0,1.027849396975502
2026-06-01,2026-06-01 11:01:25,V015,146.0,1.0687108146574449
2026-06-01,2026-06-01 11:01:26,V015,146.0,1.2018325487533013
2026-06-01,2026-06-01 11:01:27,V015,146.0,1.0178104391011877
2026-06-01,2026-06-01 11:01:28,V015,146.0,1.020914824052763
2026-06-01,2026-06-01 11:01:29,V015,147.0,1.01825548517222
2026-06-01,2026-06-01 11:01:30,V015,147.0,1.0028673632873093
2026-06-01,2026-06-01 11:01:31,V015,147.0,1.0215116548593766
2026-06-01,2026-06-01 11:01:32,V015,146.0,1.0649076071242192
2026-06-01,2026-06-01 11:01:33,V015,146.0,1.040389240605635
2026-06-01,2026-06-01 11:01:34,V015,146.0,1.010798225118877
2026-06-01,2026-06-01 11:01:35,V015,146.0,1.0188623534916332
2026-06-01,2026-06-01 11:01:36,V015,146.0,1.0029105889918395
2026-06-01,2026-06-01 11:01:37,V015,146.0,1.0024608941448125
2026-06-01,2026-06-01 11:01:38,V015,147.0,1.0101557312084375
2026-06-01,2026-06-01 11:01:39,V015,147.0,1.0075196506291149
2026-06-01,2026-06-01 11:01:40,V015,148.0,1.0153219335596106
2026-06-01,2026-06-01 11:01:41,V015,148.0,1.0063973609220138
2026-06-01,2026-06-01 11:01:42,V015,148.0,1.0096371870702898
2026-06-01,2026-06-01 11:01:43,V015,149.0,1.0611850530426123
2026-06-01,2026-06-01 11:01:44,V015,149.0,1.0650294779952612
2026-06-01,2026-06-01 11:01:45,V015,149.0,0.9999043697846375
2026-06-01,2026-06-01 11:01:46,V015,149.0,1.065972281851776
2026-06-01,2026-06-01 11:01:47,V015,149.0,1.0785374861817918
2026-06-01,2026-06-01 11:01:48,V015,149.0,1.0028413336959296
2026-06-01,2026-06-01 11:01:49,V015,149.0,1.0426984086814897
2026-06-01,2026-06-01 11:01:50,V015,150.0,1.0092240545076125
2026-06-01,2026-06-01 11:01:51,V015,150.0,1.007273756693908
2026-06-01,2026-06-01 11:01:52,V015,150.0,1.0087848325259934
2026-06-01,2026-06-01 11:01:53,V015,151.0,1.0047564303818346
2026-06-01,2026-06-01 11:01:54,V015,151.0,1.014446788215185
2026-06-01,2026-06-01 11:01:55,V015,151.0,1.0045225269850602
2026-06-01,2026-06-01 11:01:56,V015,151.0,1.0043104642716718
2026-06-01,2026-06-01 11:01:57,V015,151.0,1.10654439449762
2026-06-01,2026-06-01 11:01:58,V015,151.0,1.0168823149022348
2026-06-01,2026-06-01 11:01:59,V015,151.0,0.9969944468202985
2026-06-01,2026-06-01 11:02:00,V015,150.0,0.9983529677789266
2026-06-01,2026-06-01 11:02:01,V015,150.0,1.01561020391601
2026-06-01,2026-06-01 11:02:02,V015,150.0,1.0117993399628038
2026-06-01,2026-06-01 11:02:03,V015,150.0,1.0097361075806615
2026-06-01,2026-06-01 11:02:04,V015,150.0,1.0510048623077797
2026-06-01,2026-06-01 11:02:05,V015,150.0,0.9394338153653564
2026-06-01,2026-06-01 11:02:06,V015,150.0,1.0785757908524654
2026-06-01,2026-06-01 11:02:07,V015,149.0,1.0388075536808732
2026-06-01,2026-06-01 11:02:08,V015,149.0,1.0355240236511463
2026-06-01,2026-06-01 11:02:09,V015,149.0,1.0272630961212617
2026-06-01,2026-06-01 11:02:10,V015,149.0,1.0312995368440636
2026-06-01,2026-06-01 11:02:11,V015,149.0,0.9871536286548784
2026-06-01,2026-06-01 11:02:12,V015,148.0,1.0982172767871714
2026-06-01,2026-06-01 11:02:13,V015,148.0,1.0126029260631426
2026-06-01,2026-06-01 11:02:14,V015,148.0,1.1695756935507071
2026-06-01,2026-06-01 11:02:15,V015,148.0,1.0035851785867111
2026-06-01,2026-06-01 11:02:16,V015,147.0,1.367023648634919
2026-06-01,2026-06-01 11:02:17,V015,147.0,1.0509846134213892
2026-06-01,2026-06-01 11:02:18,V015,147.0,1.0157651982570752
2026-06-01,2026-06-01 11:02:19,V015,147.0,1.1396052026238155
2026-06-01,2026-06-01 11:02:20,V015,147.0,1.2210798618773602
2026-06-01,2026-06-01 11:02:21,V015,146.0,1.366265883977826
2026-06-01,2026-06-01 11:02:22,V015,147.0,1.1715803497743398
2026-06-01,2026-06-01 11:02:23,V015,148.0,1.0607195940892955
2026-06-01,2026-06-01 11:02:24,V015,146.0,1.0159520888538955
2026-06-01,2026-06-01 11:02:25,V015,145.0,1.0260921549797193
2026-06-01,2026-06-01 11:02:26,V015,145.0,1.094276176250532
2026-06-01,2026-06-01 11:02:27,V015,144.0,1.07618723627004
2026-06-01,2026-06-01 11:02:28,V015,145.0,1.0562593837627148
2026-06-01,2026-06-01 11:02:29,V015,145.0,1.0363286241473328
2026-06-01,2026-06-01 11:02:30,V015,145.0,1.019065840663099
2026-06-01,2026-06-01 11:02:31,V015,145.0,1.0036200809813542
2026-06-01,2026-06-01 11:02:32,V015,145.0,1.0984418451067515
2026-06-01,2026-06-01 11:02:33,V015,145.0,1.0446578294024282
2026-06-01,2026-06-01 11:02:34,V015,144.0,1.0745913307904356
2026-06-01,2026-06-01 11:02:35,V015,143.0,1.0076976745938286
2026-06-01,2026-06-01 11:02:36,V015,142.0,1.1829023342059057
2026-06-01,2026-06-01 11:02:37,V015,142.0,1.0959218845200156
2026-06-01,2026-06-01 11:02:38,V015,141.0,1.0032229804999384
2026-06-01,2026-06-01 11:02:39,V015,141.0,1.0230925020409867
2026-06-01,2026-06-01 11:02:40,V015,141.0,1.1962384962849117
2026-06-01,2026-06-01 11:02:41,V015,142.0,1.0224531656077054
2026-06-01,2026-06-01 11:02:42,V015,142.0,1.0544523302979707
2026-06-01,2026-06-01 11:02:43,V015,142.0,1.0441928914965142
2026-06-01,2026-06-01 11:02:44,V015,142.0,0.9948364646294074
2026-06-01,2026-06-01 11:02:45,V015,142.0,1.0542034726247413
2026-06-01,2026-06-01 11:02:46,V015,143.0,1.0772037217446038
2026-06-01,2026-06-01 11:02:47,V015,143.0,1.0322961128813175
2026-06-01,2026-06-01 11:02:48,V015,144.0,1.011148097037643
2026-06-01,2026-06-01 11:02:49,V015,145.0,1.0008266560280696
2026-06-01,2026-06-01 11:02:50,V015,146.0,1.00061322343572
2026-06-01,2026-06-01 11:02:51,V015,147.0,1.003090147686132
2026-06-01,2026-06-01 11:02:52,V015,149.0,1.0005315214284083
2026-06-01,2026-06-01 11:02:53,V015,151.0,1.0024073757464678
2026-06-01,2026-06-01 11:02:54,V015,152.0,1.001392134985362
2026-06-01,2026-06-01 11:02:55,V015,152.0,1.002899289617997
2026-06-01,2026-06-01 11:02:56,V015,153.0,1.0070796801619146
2026-06-01,2026-06-01 11:02:57,V015,153.0,0.9978461651483734
2026-06-01,2026-06-01 11:02:58,V015,154.0,1.0045797940890608
2026-06-01,2026-06-01 11:02:59,V015,154.0,1.0139208328190268
2026-06-01,2026-06-01 11:03:00,V015,154.0,0.9941021318987081
2026-06-01,2026-06-01 11:03:01,V015,154.0,1.002756186691624
2026-06-01,2026-06-01 11:03:02,V015,155.0,1.0077562346374567
2026-06-01,2026-06-01 11:03:03,V015,155.0,0.9993045994347217
2026-06-01,2026-06-01 11:03:04,V015,156.0,1.0044584886889798
2026-06-01,2026-06-01 11:03:05,V015,156.0,1.0033969382598418
2026-06-01,2026-06-01 11:03:06,V015,157.0,1.0039488728561827
2026-06-01,2026-06-01 11:03:07,V015,157.0,1.0014446144371378
2026-06-01,2026-06-01 11:03:08,V015,157.0,1.0030591361371797
2026-06-01,2026-06-01 11:03:09,V015,157.0,1.00251083051642
2026-06-01,2026-06-01 11:03:10,V015,157.0,1.0017094998971194
2026-06-01,2026-06-01 11:03:11,V015,156.0,1.009620605250037
2026-06-01,2026-06-01 11:03:12,V015,156.0,0.9979817050975398
2026-06-01,2026-06-01 11:03:13,V015,155.0,1.0227426707393628
2026-06-01,2026-06-01 11:03:14,V015,155.0,1.0193287826301434
2026-06-01,2026-06-01 11:03:15,V015,155.0,1.0070466863190861
2026-06-01,2026-06-01 11:03:16,V015,155.0,1.0031554350021563
2026-06-01,2026-06-01 11:03:17,V015,156.0,1.0027200147510034
2026-06-01,2026-06-01 11:03:18,V015,156.0,1.0078890600130026
2026-06-01,2026-06-01 11:03:19,V015,155.0,1.0111957502029192
2026-06-01,2026-06-01 11:03:20,V015,155.0,0.9909965214108721
2026-06-01,2026-06-01 11:03:21,V015,154.0,1.0300254281084316
2026-06-01,2026-06-01 11:03:22,V015,154.0,1.0112472268166364
2026-06-01,2026-06-01 11:03:23,V015,153.0,1.0039855106208593
2026-06-01,2026-06-01 11:03:24,V015,153.0,1.007826142671492
2026-06-01,2026-06-01 11:03:25,V015,153.0,0.9973611808705446
2026-06-01,2026-06-01 11:03:26,V015,153.0,1.0033831555778479
2026-06-01,2026-06-01 11:03:27,V015,154.0,1.0006736294316187
2026-06-01,2026-06-01 11:03:28,V015,154.0,1.0071745553324714
2026-06-01,2026-06-01 11:03:29,V015,154.0,1.006945369908054
2026-06-01,2026-06-01 11:03:30,V015,154.0,0.999395978860959
2026-06-01,2026-06-01 11:03:31,V015,153.0,1.0049208037830448
2026-06-01,2026-06-01 11:03:32,V015,153.0,1.0000222861112078
2026-06-01,2026-06-01 11:03:33,V015,153.0,1.0010498654083941
2026-06-01,2026-06-01 11:03:34,V015,152.0,1.0029375936664535
2026-06-01,2026-06-01 11:03:35,V015,152.0,1.0015587606120446
2026-06-01,2026-06-01 11:03:36,V015,151.0,1.0019808110156354
2026-06-01,2026-06-01 11:03:37,V015,151.0,1.0019966297119742
2026-06-01,2026-06-01 11:03:38,V015,150.0,1.0018270264528588
2026-06-01,2026-06-01 11:03:39,V015,149.0,1.0016713470288323
2026-06-01,2026-06-01 11:03:40,V015,148.0,1.001368396235398
2026-06-01,2026-06-01 11:03:41,V015,148.0,1.0014569768594044
2026-06-01,2026-06-01 11:03:42,V015,148.0,1.00182383183441
2026-06-01,2026-06-01 11:03:43,V015,147.0,1.0168678013230086
2026-06-01,2026-06-01 11:03:44,V015,147.0,1.004273688477185
2026-06-01,2026-06-01 11:03:45,V015,147.0,1.0018773201440332
2026-06-01,2026-06-01 11:03:46,V015,147.0,1.0008683675850774
2026-06-01,2026-06-01 11:03:47,V015,146.0,1.0031776414437095
2026-06-01,2026-06-01 11:03:48,V015,146.0,1.005677887189294
2026-06-01,2026-06-01 11:03:49,V015,146.0,0.998031035746734
2026-06-01,2026-06-01 11:03:50,V015,145.0,1.0056017194668694
2026-06-01,2026-06-01 11:03:51,V015,145.0,1.0031137529489882
2026-06-01,2026-06-01 11:03:52,V015,145.0,1.002773359750098
2026-06-01,2026-06-01 11:03:53,V015,145.0,1.00478232735842
2026-06-01,2026-06-01 11:03:54,V015,145.0,1.0001760706901068
2026-06-01,2026-06-01 11:03:55,V015,145.0,1.0536910585353323
2026-06-01,2026-06-01 11:03:56,V015,145.0,1.01850645358132
2026-06-01,2026-06-01 11:03:57,V015,146.0,1.0039965135685303
2026-06-01,2026-06-01 11:03:58,V015,146.0,1.0043393481923995
2026-06-01,2026-06-01 11:03:59,V015,147.0,1.0068091193954976
2026-06-01,2026-06-01 11:04:00,V015,147.0,0.9996297446475666
2026-06-01,2026-06-01 11:04:01,V015,147.0,1.0075435045597092
2026-06-01,2026-06-01 11:04:02,V015,147.0,1.005353004088549
2026-06-01,2026-06-01 11:04:03,V015,148.0,1.0016680518002796
2026-06-01,2026-06-01 11:04:04,V015,148.0,1.0004408304542423
2026-06-01,2026-06-01 11:04:05,V015,147.0,1.0038008347104792
2026-06-01,2026-06-01 11:04:06,V015,147.0,1.002734593580482
2026-06-01,2026-06-01 11:04:07,V015,147.0,1.002534307925386
2026-06-01,2026-06-01 11:04:08,V015,147.0,1.0142411366148938
2026-06-01,2026-06-01 11:04:09,V015,147.0,1.0094413041986803
2026-06-01,2026-06-01 11:04:10,V015,147.0,1.0197830962030523
2026-06-01,2026-06-01 11:04:11,V015,146.0,1.0124959077249303
2026-06-01,2026-06-01 11:04:12,V015,146.0,1.012590138484353
2026-06-01,2026-06-01 11:04:13,V015,145.0,0.9971517412944227
2026-06-01,2026-06-01 11:04:14,V015,145.0,1.007094583211892
2026-06-01,2026-06-01 11:04:15,V015,145.0,1.0052163854925635
2026-06-01,2026-06-01 11:04:16,V015,145.0,1.0003382041945132
2026-06-01,2026-06-01 11:04:17,V015,145.0,1.002840497374696
2026-06-01,2026-06-01 11:04:18,V015,146.0,1.0122197616767303
2026-06-01,2026-06-01 11:04:19,V015,146.0,1.0070712558947943
2026-06-01,2026-06-01 11:04:20,V015,146.0,1.0324512841930693
2026-06-01,2026-06-01 11:04:21,V015,146.0,0.9951341324456178
2026-06-01,2026-06-01 11:04:22,V015,147.0,1.0029307887172334
2026-06-01,2026-06-01 11:04:23,V015,147.0,1.0034473773485635
2026-06-01,2026-06-01 11:04:24,V015,147.0,0.9978761554776703
2026-06-01,2026-06-01 11:04:25,V015,147.0,1.0135528701339647
2026-06-01,2026-06-01 11:04:26,V015,147.0,1.0610334509888824
2026-06-01,2026-06-01 11:04:27,V015,147.0,1.0298042906812326
2026-06-01,2026-06-01 11:04:28,V015,147.0,1.042329047365684
2026-06-01,2026-06-01 11:04:29,V015,146.0,1.0684901819868147
2026-06-01,2026-06-01 11:04:30,V015,147.0,1.0697567860435797
2026-06-01,2026-06-01 11:04:31,V015,147.0,1.2714281252233384
2026-06-01,2026-06-01 11:04:32,V015,147.0,0.9934328136584102
2026-06-01,2026-06-01 11:04:33,V015,147.0,1.0524393388269684
2026-06-01,2026-06-01 11:04:34,V015,147.0,1.2579200917458238
2026-06-01,2026-06-01 11:04:35,V015,147.0,1.529735165537348
2026-06-01,2026-06-01 11:04:36,V015,147.0,1.2370456524722084
2026-06-01,2026-06-01 11:04:37,V015,147.0,1.1261858748034812
2026-06-01,2026-06-01 11:04:38,V015,147.0,1.0437128674291065
2026-06-01,2026-06-01 11:04:39,V015,147.0,1.0303729339979755
2026-06-01,2026-06-01 11:04:40,V015,146.0,1.0205828271875754
2026-06-01,2026-06-01 11:04:41,V015,146.0,1.0150088858332413
2026-06-01,2026-06-01 11:04:42,V015,145.0,1.0068930906064348
2026-06-01,2026-06-01 11:04:43,V015,144.0,1.0627154491279598
2026-06-01,2026-06-01 11:04:44,V015,144.0,0.9918949090974357
2026-06-01,2026-06-01 11:04:45,V015,145.0,1.0039665435744922
2026-06-01,2026-06-01 11:04:46,V015,144.0,1.0003038307041645
2026-06-01,2026-06-01 11:04:47,V015,144.0,0.9940637507548322
2026-06-01,2026-06-01 11:04:48,V015,145.0,1.0577968552893962
2026-06-01,2026-06-01 11:04:49,V015,145.0,1.008853365231905
2026-06-01,2026-06-01 11:04:50,V015,146.0,1.0116118340402387
2026-06-01,2026-06-01 11:04:51,V015,146.0,0.9871691291693557
2026-06-01,2026-06-01 11:04:52,V015,147.0,1.0360520404549696
2026-06-01,2026-06-01 11:04:53,V015,148.0,1.0085213029134181
2026-06-01,2026-06-01 11:04:54,V015,149.0,1.0083404904523292
2026-06-01,2026-06-01 11:04:55,V015,150.0,1.0058837196254944
2026-06-01,2026-06-01 11:04:56,V015,151.0,0.9997576517510944
2026-06-01,2026-06-01 11:04:57,V015,152.0,1.0018545598659387
2026-06-01,2026-06-01 11:04:58,V015,152.0,1.0028609263824466
2026-06-01,2026-06-01 11:04:59,V015,152.0,1.0031342890361847
2026-06-01,2026-06-01 11:05:00,V015,153.0,1.0038361952484642
2026-06-01,2026-06-01 11:05:01,V015,153.0,1.001131974913096
2026-06-01,2026-06-01 11:05:02,V015,154.0,1.0059869868185252
2026-06-01,2026-06-01 11:05:03,V015,154.0,1.0026990352290805
2026-06-01,2026-06-01 11:05:04,V015,155.0,1.007024561046176
2026-06-01,2026-06-01 11:05:05,V015,156.0,1.0044431431289507
2026-06-01,2026-06-01 11:05:06,V015,157.0,1.0078266170444712
2026-06-01,2026-06-01 11:05:07,V015,158.0,1.0030828915343748
2026-06-01,2026-06-01 11:05:08,V015,159.0,1.0038193014493706
2026-06-01,2026-06-01 11:05:09,V015,159.0,1.0018177360252978
2026-06-01,2026-06-01 11:05:10,V015,160.0,1.003272693426389
2026-06-01,2026-06-01 11:05:11,V015,160.0,1.0037268524867615
2026-06-01,2026-06-01 11:05:12,V015,160.0,1.002373079833903
2026-06-01,2026-06-01 11:05:13,V015,160.0,1.0044762771537812
2026-06-01,2026-06-01 11:05:14,V015,159.0,1.013840911638014
2026-06-01,2026-06-01 11:05:15,V015,159.0,0.9952848812580072
2026-06-01,2026-06-01 11:05:16,V015,159.0,1.0036637259737253
2026-06-01,2026-06-01 11:05:17,V015,159.0,1.0092796038078653
2026-06-01,2026-06-01 11:05:18,V015,159.0,1.0012641259377377
2026-06-01,2026-06-01 11:05:19,V015,159.0,1.006732836961059
2026-06-01,2026-06-01 11:05:20,V015,158.0,1.0004824801250807
2026-06-01,2026-06-01 11:05:21,V015,158.0,1.0019451301281734
2026-06-01,2026-06-01 11:05:22,V015,157.0,1.0072681830050434
2026-06-01,2026-06-01 11:05:23,V015,157.0,1.0184925119475259
2026-06-01,2026-06-01 11:05:24,V015,157.0,1.004624856169348
2026-06-01,2026-06-01 11:05:25,V015,157.0,1.0218608613813402
2026-06-01,2026-06-01 11:05:26,V015,157.0,0.9669711402812108
2026-06-01,2026-06-01 11:05:27,V015,157.0,1.037098288255541
2026-06-01,2026-06-01 11:05:28,V015,157.0,0.9871290780653978
2026-06-01,2026-06-01 11:05:29,V015,157.0,1.0369230625375885
2026-06-01,2026-06-01 11:05:30,V015,157.0,1.0507382879430807
2026-06-01,2026-06-01 11:05:31,V015,157.0,1.0092448055951297
2026-06-01,2026-06-01 11:05:32,V015,157.0,1.00643506952452
2026-06-01,2026-06-01 11:05:33,V015,157.0,1.0037972229655843
2026-06-01,2026-06-01 11:05:34,V015,157.0,1.0027747145282229
2026-06-01,2026-06-01 11:05:35,V015,157.0,1.0014250508433116
2026-06-01,2026-06-01 11:05:36,V015,157.0,1.0046999301269441
2026-06-01,2026-06-01 11:05:37,V015,157.0,1.0028295505855886
2026-06-01,2026-06-01 11:05:38,V015,157.0,1.0026972583920952
2026-06-01,2026-06-01 11:05:39,V015,157.0,1.0025804518832613
2026-06-01,2026-06-01 11:05:40,V015,157.0,1.0041344367566964
2026-06-01,2026-06-01 11:05:41,V015,156.0,1.0045781823419975
2026-06-01,2026-06-01 11:05:42,V015,156.0,1.0039502084307044
2026-06-01,2026-06-01 11:05:43,V015,155.0,1.0009788195416882
2026-06-01,2026-06-01 11:05:44,V015,154.0,1.0034582128474865
2026-06-01,2026-06-01 11:05:45,V015,153.0,1.0032226798347157
2026-06-01,2026-06-01 11:05:46,V015,152.0,1.0027613693544633
2026-06-01,2026-06-01 11:05:47,V015,152.0,1.0026518120760461
2026-06-01,2026-06-01 11:05:48,V015,153.0,1.0028302592072447
2026-06-01,2026-06-01 11:05:49,V015,153.0,1.0018279099793894
2026-06-01,2026-06-01 11:05:50,V015,153.0,1.0034091834001806
2026-06-01,2026-06-01 11:05:51,V015,153.0,1.0085649648926251
2026-06-01,2026-06-01 11:05:52,V015,154.0,1.0030794791746342
2026-06-01,2026-06-01 11:05:53,V015,154.0,1.004294537527325
2026-06-01,2026-06-01 11:05:54,V015,154.0,1.0088802166297302
2026-06-01,2026-06-01 11:05:55,V015,154.0,1.0070962451840353
2026-06-01,2026-06-01 11:05:56,V015,154.0,1.011040535308057
2026-06-01,2026-06-01 11:05:57,V015,154.0,1.005324686873812
2026-06-01,2026-06-01 11:05:58,V015,154.0,1.008309919712512
2026-06-01,2026-06-01 11:05:59,V015,154.0,1.006619665603086
2026-06-01,2026-06-01 11:06:00,V015,155.0,1.0021963830150515
2026-06-01,2026-06-01 11:06:01,V015,155.0,1.0042568131904384
2026-06-01,2026-06-01 11:06:02,V015,154.0,1.0044074631546533
2026-06-01,2026-06-01 11:06:03,V015,153.0,1.0030625873208443
2026-06-01,2026-06-01 11:06:04,V015,153.0,1.0050441494945426
2026-06-01,2026-06-01 11:06:05,V015,152.0,1.0051303390227018
2026-06-01,2026-06-01 11:06:06,V015,152.0,1.004521230628301
2026-06-01,2026-06-01 11:06:07,V015,152.0,1.0093150074220738
2026-06-01,2026-06-01 11:06:08,V015,152.0,1.0039635357383816
2026-06-01,2026-06-01 11:06:09,V015,151.0,1.055353414556411
2026-06-01,2026-06-01 11:06:10,V015,151.0,0.9300783730151904
2026-06-01,2026-06-01 11:06:11,V015,151.0,1.0645837719148752
2026-06-01,2026-06-01 11:06:12,V015,151.0,1.0069577824320302
2026-06-01,2026-06-01 11:06:13,V015,151.0,1.0302427184162366
2026-06-01,2026-06-01 11:06:14,V015,151.0,1.0322100490696218
2026-06-01,2026-06-01 11:06:15,V015,151.0,1.0290369743192167
2026-06-01,2026-06-01 11:06:16,V015,151.0,0.9985504984447436
2026-06-01,2026-06-01 11:06:17,V015,151.0,1.0055658228799695
2026-06-01,2026-06-01 11:06:18,V015,151.0,1.0028920451636383
2026-06-01,2026-06-01 11:06:19,V015,151.0,1.0024188272025467
2026-06-01,2026-06-01 11:06:20,V015,151.0,1.001960615638294
2026-06-01,2026-06-01 11:06:21,V015,150.0,1.0035399668934626
2026-06-01,2026-06-01 11:06:22,V015,149.0,1.0042260735683746
2026-06-01,2026-06-01 11:06:23,V015,148.0,1.0017053526484538
2026-06-01,2026-06-01 11:06:24,V015,146.0,1.0022053812178051
2026-06-01,2026-06-01 11:06:25,V015,145.0,1.0029078433586496
2026-06-01,2026-06-01 11:06:26,V015,145.0,1.0005039106860198
2026-06-01,2026-06-01 11:06:27,V015,145.0,1.0028814110413988
2026-06-01,2026-06-01 11:06:28,V015,145.0,1.0041571520769015
2026-06-01,2026-06-01 11:06:29,V015,146.0,1.007764349127988
2026-06-01,2026-06-01 11:06:30,V015,146.0,1.0004743304686314
2026-06-01,2026-06-01 11:06:31,V015,146.0,1.0018959197726518
2026-06-01,2026-06-01 11:06:32,V015,146.0,1.0009578278582518
2026-06-01,2026-06-01 11:06:33,V015,146.0,1.0004580283257856
2026-06-01,2026-06-01 11:06:34,V015,147.0,0.9988833341550734
2026-06-01,2026-06-01 11:06:35,V015,147.0,1.0023434183494797
2026-06-01,2026-06-01 11:06:36,V015,149.0,1.001508385787252
2026-06-01,2026-06-01 11:06:37,V015,151.0,1.0027260447516575
2026-06-01,2026-06-01 11:06:38,V015,152.0,1.0053175659182532
2026-06-01,2026-06-01 11:06:39,V015,153.0,1.002397983418048
2026-06-01,2026-06-01 11:06:40,V015,153.0,1.0027179590924162
2026-06-01,2026-06-01 11:06:41,V015,154.0,1.001741540044236
2026-06-01,2026-06-01 11:06:42,V015,154.0,1.0038314080551751
2026-06-01,2026-06-01 11:06:43,V015,154.0,1.0019543420083203
2026-06-01,2026-06-01 11:06:44,V015,154.0,1.0031149418182574
2026-06-01,2026-06-01 11:06:45,V015,154.0,1.0028304178252674
2026-06-01,2026-06-01 11:06:46,V015,154.0,1.002118527885612
2026-06-01,2026-06-01 11:06:47,V015,154.0,1.0041715686835726
2026-06-01,2026-06-01 11:06:48,V015,154.0,0.9993588385458846
2026-06-01,2026-06-01 11:06:49,V015,154.0,1.013584927931872
2026-06-01,2026-06-01 11:06:50,V015,155.0,1.0039979144730342
2026-06-01,2026-06-01 11:06:51,V015,155.0,1.0063925314767501
2026-06-01,2026-06-01 11:06:52,V015,155.0,1.003737426075748
2026-06-01,2026-06-01 11:06:53,V015,155.0,1.0021903775153382
2026-06-01,2026-06-01 11:06:54,V015,156.0,1.0030639237039518
2026-06-01,2026-06-01 11:06:55,V015,156.0,1.0035815031544544
2026-06-01,2026-06-01 11:06:56,V015,155.0,1.0020843787705918
2026-06-01,2026-06-01 11:06:57,V015,155.0,1.0027119603875578
2026-06-01,2026-06-01 11:06:58,V015,154.0,1.0011176442138319
2026-06-01,2026-06-01 11:06:59,V015,154.0,1.0105575669763736
2026-06-01,2026-06-01 11:07:00,V015,154.0,1.0022944776032139
2026-06-01,2026-06-01 11:07:01,V015,154.0,1.0159520420202475
2026-06-01,2026-06-01 11:07:02,V015,154.0,1.0033093830220516
2026-06-01,2026-06-01 11:07:03,V015,154.0,1.0080216810078975
2026-06-01,2026-06-01 11:07:04,V015,154.0,1.0029037476381522
2026-06-01,2026-06-01 11:07:05,V015,155.0,1.003993470958582
2026-06-01,2026-06-01 11:07:06,V015,155.0,1.0025679677500507
2026-06-01,2026-06-01 11:07:07,V015,155.0,1.0075863389983915
2026-06-01,2026-06-01 11:07:08,V015,155.0,1.0140888094829856
2026-06-01,2026-06-01 11:07:09,V015,155.0,0.9950201761852259
2026-06-01,2026-06-01 11:07:10,V015,155.0,1.003363176000838
2026-06-01,2026-06-01 11:07:11,V015,155.0,1.034571316722036
2026-06-01,2026-06-01 11:07:12,V015,156.0,0.9885180790417973
2026-06-01,2026-06-01 11:07:13,V015,156.0,1.0318065763798898
2026-06-01,2026-06-01 11:07:14,V015,156.0,0.9855966116799223
2026-06-01,2026-06-01 11:07:15,V015,156.0,1.0114631906440785
2026-06-01,2026-06-01 11:07:16,V015,156.0,1.0336562743407895
2026-06-01,2026-06-01 11:07:17,V015,156.0,1.000914439749928
2026-06-01,2026-06-01 11:07:18,V015,156.0,1.0103987184444643
2026-06-01,2026-06-01 11:07:19,V015,156.0,1.0003569927237244
2026-06-01,2026-06-01 11:07:20,V015,155.0,1.011140672193624
2026-06-01,2026-06-01 11:07:21,V015,155.0,1.002844129334725
2026-06-01,2026-06-01 11:07:22,V015,155.0,1.006028110865458
2026-06-01,2026-06-01 11:07:23,V015,155.0,1.0057850007261402
2026-06-01,2026-06-01 11:07:24,V015,154.0,1.0008828605566034
2026-06-01,2026-06-01 11:07:25,V015,153.0,1.0030536181250747
2026-06-01,2026-06-01 11:07:26,V015,152.0,1.0029331442439147
2026-06-01,2026-06-01 11:07:27,V015,152.0,1.0016982207993816
2026-06-01,2026-06-01 11:07:28,V015,152.0,1.0017932897001072
2026-06-01,2026-06-01 11:07:29,V015,152.0,1.0270548100875292
2026-06-01,2026-06-01 11:07:30,V015,152.0,1.002740435796614
2026-06-01,2026-06-01 11:07:31,V015,152.0,1.00211788823828
2026-06-01,2026-06-01 11:07:32,V015,152.0,1.0133181354491416
2026-06-01,2026-06-01 11:07:33,V015,152.0,0.9990600870400878
2026-06-01,2026-06-01 11:07:34,V015,152.0,1.002838534548144
2026-06-01,2026-06-01 11:07:35,V015,152.0,1.002476526630747
2026-06-01,2026-06-01 11:07:36,V015,153.0,1.0022629281132245
2026-06-01,2026-06-01 11:07:37,V015,153.0,1.0005447622904748
2026-06-01,2026-06-01 11:07:38,V015,153.0,1.0125957589981638
2026-06-01,2026-06-01 11:07:39,V015,153.0,1.0044766443836648
2026-06-01,2026-06-01 11:07:40,V015,154.0,0.9986739257239116
2026-06-01,2026-06-01 11:07:41,V015,154.0,1.008949930792353
2026-06-01,2026-06-01 11:07:42,V015,154.0,0.9980149969918186
2026-06-01,2026-06-01 11:07:43,V015,153.0,1.0286384271292501
2026-06-01,2026-06-01 11:07:44,V015,153.0,0.9977580812397941
2026-06-01,2026-06-01 11:07:45,V015,154.0,1.0426246454461403
2026-06-01,2026-06-01 11:07:46,V015,154.0,1.007169390624318
2026-06-01,2026-06-01 11:07:47,V015,154.0,1.0250690998160406
2026-06-01,2026-06-01 11:07:48,V015,154.0,1.036530812726388
2026-06-01,2026-06-01 11:07:49,V015,154.0,1.0207173572740011
2026-06-01,2026-06-01 11:07:50,V015,153.0,1.0182787863968379
2026-06-01,2026-06-01 11:07:51,V015,153.0,1.0088179169015794
2026-06-01,2026-06-01 11:07:52,V015,153.0,1.0104780812689929
2026-06-01,2026-06-01 11:07:53,V015,152.0,1.0075346471851916
2026-06-01,2026-06-01 11:07:54,V015,152.0,1.0042457191933802
2026-06-01,2026-06-01 11:07:55,V015,152.0,1.0013076408607635
2026-06-01,2026-06-01 11:07:56,V015,152.0,1.0060768192276799
2026-06-01,2026-06-01 11:07:57,V015,151.0,1.0073249487527125
2026-06-01,2026-06-01 11:07:58,V015,151.0,1.0041773642267624
2026-06-01,2026-06-01 11:07:59,V015,151.0,1.0043046589797546
2026-06-01,2026-06-01 11:08:00,V015,151.0,1.0025225297029279
2026-06-01,2026-06-01 11:08:01,V015,151.0,1.0016711287131994
2026-06-01,2026-06-01 11:08:02,V015,150.0,1.0029684907594383
2026-06-01,2026-06-01 11:08:03,V015,150.0,1.0181355471582063
2026-06-01,2026-06-01 11:08:04,V015,150.0,1.0053808209132693
2026-06-01,2026-06-01 11:08:05,V015,150.0,1.009572106515888
2026-06-01,2026-06-01 11:08:06,V015,150.0,1.0141896471203318
2026-06-01,2026-06-01 11:08:07,V015,149.0,1.005749678696287
2026-06-01,2026-06-01 11:08:08,V015,149.0,1.0262926938827224
2026-06-01,2026-06-01 11:08:09,V015,150.0,1.0158723241476117
2026-06-01,2026-06-01 11:08:10,V015,150.0,1.0009589727568604
2026-06-01,2026-06-01 11:08:11,V015,150.0,1.0055631916014904
2026-06-01,2026-06-01 11:08:12,V015,150.0,1.0000252342338372
2026-06-01,2026-06-01 11:08:13,V015,150.0,1.0074459050984539
2026-06-01,2026-06-01 11:08:14,V015,151.0,0.9988311299121705
2026-06-01,2026-06-01 11:08:15,V015,151.0,1.001047098690983
2026-06-01,2026-06-01 11:08:16,V015,153.0,0.9926029559189823
2026-06-01,2026-06-01 11:08:17,V015,155.0,0.9895896891294517
2026-06-01,2026-06-01 11:08:18,V015,156.0,1.0101279371883032
2026-06-01,2026-06-01 11:08:19,V015,158.0,1.004194841483278
2026-06-01,2026-06-01 11:08:20,V015,158.0,1.0091277255145366
2026-06-01,2026-06-01 11:08:21,V015,159.0,1.0120395360199683
2026-06-01,2026-06-01 11:08:22,V015,159.0,1.0750954089118276
2026-06-01,2026-06-01 11:08:23,V015,158.0,1.012635015473376
2026-06-01,2026-06-01 11:08:24,V015,158.0,1.0281261351201703
2026-06-01,2026-06-01 11:08:25,V015,158.0,1.0034604805318608
2026-06-01,2026-06-01 11:08:26,V015,158.0,1.0039294494823134
2026-06-01,2026-06-01 11:08:27,V015,158.0,1.0389214040570913
2026-06-01,2026-06-01 11:08:28,V015,158.0,1.013145726745037
2026-06-01,2026-06-01 11:08:29,V015,158.0,1.0714126274032059
2026-06-01,2026-06-01 11:08:30,V015,157.0,1.0745498117465346
2026-06-01,2026-06-01 11:08:31,V015,157.0,1.0091931775923473
2026-06-01,2026-06-01 11:08:32,V015,157.0,1.0234806594640062
2026-06-01,2026-06-01 11:08:33,V015,157.0,0.9865579683291291
2026-06-01,2026-06-01 11:08:34,V015,157.0,1.0406060198359646
2026-06-01,2026-06-01 11:08:35,V015,157.0,1.0040180854065381
2026-06-01,2026-06-01 11:08:36,V015,156.0,1.1989774277271679
2026-06-01,2026-06-01 11:08:37,V015,156.0,1.0686747137365635
2026-06-01,2026-06-01 11:08:38,V015,156.0,1.057664976396731
2026-06-01,2026-06-01 11:08:39,V015,156.0,0.9953313062743102
2026-06-01,2026-06-01 11:08:40,V015,156.0,1.0058897769248907
2026-06-01,2026-06-01 11:08:41,V015,156.0,1.0136058172973894
2026-06-01,2026-06-01 11:08:42,V015,157.0,1.0786892232212277
2026-06-01,2026-06-01 11:08:43,V015,157.0,0.9817517235766643
2026-06-01,2026-06-01 11:08:44,V015,157.0,1.0423326246282907
2026-06-01,2026-06-01 11:08:45,V015,156.0,1.0874853453514348
2026-06-01,2026-06-01 11:08:46,V015,156.0,1.0895287784926608
2026-06-01,2026-06-01 11:08:47,V015,156.0,1.0767658452285862
2026-06-01,2026-06-01 11:08:48,V015,156.0,1.0189063050362637
2026-06-01,2026-06-01 11:08:49,V015,156.0,1.0324186031580829
2026-06-01,2026-06-01 11:08:50,V015,155.0,1.0165112374420224
2026-06-01,2026-06-01 11:08:51,V015,155.0,1.0239017044826633
2026-06-01,2026-06-01 11:08:52,V015,155.0,1.0685671409827595
2026-06-01,2026-06-01 11:08:53,V015,154.0,1.2537410145915069
2026-06-01,2026-06-01 11:08:54,V015,154.0,0.9924603446402551
2026-06-01,2026-06-01 11:08:55,V015,154.0,1.121863230043422
2026-06-01,2026-06-01 11:08:56,V015,153.0,1.159413382037259
2026-06-01,2026-06-01 11:08:57,V015,153.0,1.017015503273082
2026-06-01,2026-06-01 11:08:58,V015,153.0,1.0016623859690355
2026-06-01,2026-06-01 11:08:59,V015,153.0,1.0005300279394351
2026-06-01,2026-06-01 11:09:00,V015,153.0,1.0061339677239582
2026-06-01,2026-06-01 11:09:01,V015,153.0,1.0023378207644313
2026-06-01,2026-06-01 11:09:02,V015,153.0,1.0010022678031192
2026-06-01,2026-06-01 11:09:03,V015,153.0,1.0234035599880331
2026-06-01,2026-06-01 11:09:04,V015,153.0,1.0521791211152902
2026-06-01,2026-06-01 11:09:05,V015,153.0,1.0364990816320716
2026-06-01,2026-06-01 11:09:06,V015,153.0,1.0577915200655235
2026-06-01,2026-06-01 11:09:07,V015,153.0,1.1465797234514437
2026-06-01,2026-06-01 11:09:08,V015,153.0,1.0462371678367806
2026-06-01,2026-06-01 11:09:09,V015,153.0,1.0105396550352204
2026-06-01,2026-06-01 11:09:10,V015,154.0,1.0496049653969914
2026-06-01,2026-06-01 11:09:11,V015,154.0,1.0094255128068028
2026-06-01,2026-06-01 11:09:12,V015,155.0,1.039824151217159
2026-06-01,2026-06-01 11:09:13,V015,156.0,1.0170512912775032
2026-06-01,2026-06-01 11:09:14,V015,158.0,1.0131824269072536
2026-06-01,2026-06-01 11:09:15,V015,159.0,1.0146688314789156
2026-06-01,2026-06-01 11:09:16,V015,161.0,1.0446248188893341
2026-06-01,2026-06-01 11:09:17,V015,162.0,1.0024734346644797
2026-06-01,2026-06-01 11:09:18,V015,163.0,1.0337379058809015
2026-06-01,2026-06-01 11:09:19,V015,163.0,1.0115306983221382
2026-06-01,2026-06-01 11:09:20,V015,163.0,1.104216773189138
2026-06-01,2026-06-01 11:09:21,V015,163.0,1.0730005063919614
2026-06-01,2026-06-01 11:09:22,V015,163.0,1.0670356951570508
2026-06-01,2026-06-01 11:09:23,V015,163.0,1.032982471006415
2026-06-01,2026-06-01 11:09:24,V015,163.0,1.075214441761403
2026-06-01,2026-06-01 11:09:25,V015,163.0,1.0169478479052239
2026-06-01,2026-06-01 11:09:26,V015,163.0,1.0086452263376788
2026-06-01,2026-06-01 11:09:27,V015,163.0,1.0730066533417202
2026-06-01,2026-06-01 11:09:28,V015,163.0,1.0521583918530062
2026-06-01,2026-06-01 11:09:29,V015,163.0,0.9975941088840707
2026-06-01,2026-06-01 11:09:30,V015,163.0,1.0930345499686411
2026-06-01,2026-06-01 11:09:31,V015,163.0,1.1233228133902593
2026-06-01,2026-06-01 11:09:32,V015,163.0,1.0399246417278498
2026-06-01,2026-06-01 11:09:33,V015,162.0,1.046606574198111
2026-06-01,2026-06-01 11:09:34,V015,162.0,1.089030688259735
2026-06-01,2026-06-01 11:09:35,V015,162.0,1.0840579242131545
2026-06-01,2026-06-01 11:09:36,V015,163.0,1.1405810487643384
2026-06-01,2026-06-01 11:09:37,V015,163.0,1.0562121475063728
2026-06-01,2026-06-01 11:09:38,V015,163.0,1.054341381719096
2026-06-01,2026-06-01 11:09:39,V015,163.0,1.010059864311247
2026-06-01,2026-06-01 11:09:40,V015,164.0,1.0214759731864664
2026-06-01,2026-06-01 11:09:41,V015,164.0,1.0768615471639098
2026-06-01,2026-06-01 11:09:42,V015,165.0,1.0069916605147777
2026-06-01,2026-06-01 11:09:43,V015,167.0,1.0277091422337599
2026-06-01,2026-06-01 11:09:44,V015,166.0,1.0305703522927887
2026-06-01,2026-06-01 11:09:45,V015,166.0,1.0137773533460943
2026-06-01,2026-06-01 11:09:46,V015,166.0,1.0105978413154273
2026-06-01,2026-06-01 11:09:47,V015,166.0,1.0029690112916925
2026-06-01,2026-06-01 11:09:48,V015,166.0,1.0040273920989717
2026-06-01,2026-06-01 11:09:49,V015,166.0,1.0338374388482898
2026-06-01,2026-06-01 11:09:50,V015,166.0,1.002752757988486
2026-06-01,2026-06-01 11:09:51,V015,166.0,1.0083557796978109
2026-06-01,2026-06-01 11:09:52,V015,166.0,1.0059956373102905
2026-06-01,2026-06-01 11:09:53,V015,166.0,1.0300211105608457
2026-06-01,2026-06-01 11:09:54,V015,166.0,1.0111830016137626
2026-06-01,2026-06-01 11:09:55,V015,167.0,1.0451846198308896
2026-06-01,2026-06-01 11:09:56,V015,167.0,1.0198738637742009
2026-06-01,2026-06-01 11:09:57,V015,167.0,1.0015421461350795
2026-06-01,2026-06-01 11:09:58,V015,167.0,1.0221613470438555
2026-06-01,2026-06-01 11:09:59,V015,167.0,1.0138496046330383
2026-06-01,2026-06-01 11:10:00,V015,167.0,1.0772495792547083
2026-06-01,2026-06-01 11:10:01,V015,166.0,1.0117909632052264
2026-06-01,2026-06-01 11:10:02,V015,166.0,1.0357186250341612
2026-06-01,2026-06-01 11:10:03,V015,166.0,1.0080238431736939
2026-06-01,2026-06-01 11:10:04,V015,165.0,1.0187431333545458
2026-06-01,2026-06-01 11:10:05,V015,165.0,1.0206951534806732
2026-06-01,2026-06-01 11:10:06,V015,163.0,1.0551291091731518
2026-06-01,2026-06-01 11:10:07,V015,162.0,1.026017778531337
2026-06-01,2026-06-01 11:10:08,V015,162.0,1.0009229500335317
2026-06-01,2026-06-01 11:10:09,V015,163.0,1.0087344811718055
2026-06-01,2026-06-01 11:10:10,V015,163.0,1.0682376652949797
2026-06-01,2026-06-01 11:10:11,V015,164.0,1.070082960537495
2026-06-01,2026-06-01 11:10:12,V015,164.0,1.0541738925551882
2026-06-01,2026-06-01 11:10:13,V015,165.0,0.992664953914093
2026-06-01,2026-06-01 11:10:14,V015,166.0,1.1757155302965483
2026-06-01,2026-06-01 11:10:15,V015,166.0,1.0151706369323779
2026-06-01,2026-06-01 11:10:16,V015,168.0,1.0092435036502154
2026-06-01,2026-06-01 11:10:17,V015,169.0,1.0527838263513347
2026-06-01,2026-06-01 11:10:18,V015,169.0,1.0670568008394419
2026-06-01,2026-06-01 11:10:19,V015,169.0,0.9948670666064646
2026-06-01,2026-06-01 11:10:20,V015,169.0,1.1330676399327055
2026-06-01,2026-06-01 11:10:21,V015,169.0,1.0823000661827158
2026-06-01,2026-06-01 11:10:22,V015,169.0,1.0599942425124815
2026-06-01,2026-06-01 11:10:23,V015,168.0,1.0142607882438262
2026-06-01,2026-06-01 11:10:24,V015,168.0,1.1198829674615087
2026-06-01,2026-06-01 11:10:25,V015,168.0,1.1195043504603392
2026-06-01,2026-06-01 11:10:26,V015,168.0,1.3528263549677493
2026-06-01,2026-06-01 11:10:27,V015,168.0,1.0260285218127825
2026-06-01,2026-06-01 11:10:28,V015,167.0,1.0071806969893102
2026-06-01,2026-06-01 11:10:29,V015,166.0,1.0078371504389017
2026-06-01,2026-06-01 11:10:30,V015,166.0,1.0094307737082644
2026-06-01,2026-06-01 11:10:31,V015,165.0,1.0015714911179594
2026-06-01,2026-06-01 11:10:32,V015,164.0,1.0068011423097953
2026-06-01,2026-06-01 11:10:33,V015,163.0,1.0450527292062781
2026-06-01,2026-06-01 11:10:34,V015,162.0,0.9957599376531292
2026-06-01,2026-06-01 11:10:35,V015,161.0,1.009216931194752
2026-06-01,2026-06-01 11:10:36,V015,160.0,1.031611493707637
2026-06-01,2026-06-01 11:10:37,V015,159.0,1.0168536847143994
2026-06-01,2026-06-01 11:10:38,V015,159.0,1.0229358896239202
2026-06-01,2026-06-01 11:10:39,V015,158.0,0.9826413421735092
2026-06-01,2026-06-01 11:10:40,V015,159.0,1.0463954058015872
2026-06-01,2026-06-01 11:10:41,V015,159.0,1.02210859378989
2026-06-01,2026-06-01 11:10:42,V015,159.0,1.0153877761828511
2026-06-01,2026-06-01 11:10:43,V015,159.0,0.9994126218189259
2026-06-01,2026-06-01 11:10:44,V015,160.0,1.0758465978385376
2026-06-01,2026-06-01 11:10:45,V015,161.0,0.9773545804590332
2026-06-01,2026-06-01 11:10:46,V015,162.0,1.0920137373670187
2026-06-01,2026-06-01 11:10:47,V015,162.0,1.1118524767022522
2026-06-01,2026-06-01 11:10:48,V015,164.0,0.983194268527665
2026-06-01,2026-06-01 11:10:49,V015,166.0,1.0287496379913024
2026-06-01,2026-06-01 11:10:50,V015,167.0,1.004024897690295
2026-06-01,2026-06-01 11:10:51,V015,167.0,1.017081530880907
2026-06-01,2026-06-01 11:10:52,V015,167.0,1.0046383689695826
2026-06-01,2026-06-01 11:10:53,V015,167.0,1.0308928508304624
2026-06-01,2026-06-01 11:10:54,V015,167.0,1.030421899952047
2026-06-01,2026-06-01 11:10:55,V015,167.0,1.0544353202038466
2026-06-01,2026-06-01 11:10:56,V015,167.0,0.9837579905808103
2026-06-01,2026-06-01 11:10:57,V015,167.0,1.0691165388998154
2026-06-01,2026-06-01 11:10:58,V015,167.0,1.2646694199123243
2026-06-01,2026-06-01 11:10:59,V015,167.0,1.1062146176043526
2026-06-01,2026-06-01 11:11:00,V015,167.0,1.046226371035932
2026-06-01,2026-06-01 11:11:01,V015,167.0,1.0720646466762205
2026-06-01,2026-06-01 11:11:02,V015,167.0,1.2324254437895397
2026-06-01,2026-06-01 11:11:03,V015,167.0,1.0172271036455587
2026-06-01,2026-06-01 11:11:04,V015,167.0,1.0483612407745704
2026-06-01,2026-06-01 11:11:05,V015,167.0,1.0766165646444985
2026-06-01,2026-06-01 11:11:06,V015,167.0,1.0975969684827578
2026-06-01,2026-06-01 11:11:07,V015,166.0,1.1657288094429261
2026-06-01,2026-06-01 11:11:08,V015,166.0,1.1728617470475347
2026-06-01,2026-06-01 11:11:09,V015,166.0,1.0601205850516489
2026-06-01,2026-06-01 11:11:10,V015,166.0,1.0120538124702123
2026-06-01,2026-06-01 11:11:11,V015,166.0,1.023074834984661
2026-06-01,2026-06-01 11:11:12,V015,166.0,1.0218418887392144
2026-06-01,2026-06-01 11:11:13,V015,166.0,1.0048239882851524
2026-06-01,2026-06-01 11:11:14,V015,166.0,1.0140890757684693
2026-06-01,2026-06-01 11:11:15,V015,166.0,1.000297568997841
2026-06-01,2026-06-01 11:11:16,V015,166.0,1.0087347228765315
2026-06-01,2026-06-01 11:11:17,V015,165.0,1.05048763548935
2026-06-01,2026-06-01 11:11:18,V015,165.0,1.0441183151528795
2026-06-01,2026-06-01 11:11:19,V015,165.0,1.0457552049023138
2026-06-01,2026-06-01 11:11:20,V015,165.0,1.1525521902005447
2026-06-01,2026-06-01 11:11:21,V015,165.0,1.0513304171545317
2026-06-01,2026-06-01 11:11:22,V015,165.0,1.0057426468036306
2026-06-01,2026-06-01 11:11:23,V015,164.0,1.0602655724272783
2026-06-01,2026-06-01 11:11:24,V015,164.0,1.050395011849361
2026-06-01,2026-06-01 11:11:25,V015,164.0,1.002062522958116
2026-06-01,2026-06-01 11:11:26,V015,164.0,1.033329368786081
2026-06-01,2026-06-01 11:11:27,V015,164.0,1.0046501666253347
2026-06-01,2026-06-01 11:11:28,V015,165.0,1.006000758333069
2026-06-01,2026-06-01 11:11:29,V015,165.0,1.0047371755703143
2026-06-01,2026-06-01 11:11:30,V015,166.0,1.0036008404156507
2026-06-01,2026-06-01 11:11:31,V015,166.0,0.999180629024269
2026-06-01,2026-06-01 11:11:32,V015,166.0,1.057920645113583
2026-06-01,2026-06-01 11:11:33,V015,166.0,1.0780967253831912
2026-06-01,2026-06-01 11:11:34,V015,166.0,1.0077684404981126
2026-06-01,2026-06-01 11:11:35,V015,166.0,1.0032894682748608
2026-06-01,2026-06-01 11:11:36,V015,165.0,1.011047319332216
2026-06-01,2026-06-01 11:11:37,V015,165.0,0.9895594358974062
2026-06-01,2026-06-01 11:11:38,V015,165.0,1.025068735659943
2026-06-01,2026-06-01 11:11:39,V015,165.0,0.993881946916846
2026-06-01,2026-06-01 11:11:40,V015,165.0,1.0200715186085825
2026-06-01,2026-06-01 11:11:41,V015,164.0,1.0104772826581552
2026-06-01,2026-06-01 11:11:42,V015,165.0,1.003264164039701
2026-06-01,2026-06-01 11:11:43,V015,165.0,1.0058150471580363
2026-06-01,2026-06-01 11:11:44,V015,165.0,1.1824409498032282
2026-06-01,2026-06-01 11:11:45,V015,165.0,1.039070780659395
2026-06-01,2026-06-01 11:11:46,V015,166.0,1.065089874368986
2026-06-01,2026-06-01 11:11:47,V015,166.0,1.022387469691815
2026-06-01,2026-06-01 11:11:48,V015,166.0,1.1423592334139663
2026-06-01,2026-06-01 11:11:49,V015,167.0,1.054335598077193
2026-06-01,2026-06-01 11:11:50,V015,168.0,1.0381605911272525
2026-06-01,2026-06-01 11:11:51,V015,169.0,1.0298911335819214
2026-06-01,2026-06-01 11:11:52,V015,169.0,1.1613313288646794
2026-06-01,2026-06-01 11:11:53,V015,170.0,1.0609545001363694
2026-06-01,2026-06-01 11:11:54,V015,170.0,1.0173855587387286
2026-06-01,2026-06-01 11:11:55,V015,170.0,1.0166384519767653
2026-06-01,2026-06-01 11:11:56,V015,170.0,1.0014193492323946
2026-06-01,2026-06-01 11:11:57,V015,170.0,1.0812133633829202
2026-06-01,2026-06-01 11:11:58,V015,170.0,1.067671816363233
2026-06-01,2026-06-01 11:11:59,V015,170.0,1.0015767748870334
2026-06-01,2026-06-01 11:12:00,V015,170.0,1.0284875102447586
2026-06-01,2026-06-01 11:12:01,V015,171.0,1.0397348141477443
2026-06-01,2026-06-01 11:12:02,V015,171.0,1.0275144085218555
2026-06-01,2026-06-01 11:12:03,V015,171.0,1.0073813140915349
2026-06-01,2026-06-01 11:12:04,V015,172.0,1.007048798624114
2026-06-01,2026-06-01 11:12:05,V015,172.0,1.0609397820509585
2026-06-01,2026-06-01 11:12:06,V015,172.0,1.037595700862332
2026-06-01,2026-06-01 11:12:07,V015,173.0,1.0477595219799334
2026-06-01,2026-06-01 11:12:08,V015,173.0,1.0196608826755726
2026-06-01,2026-06-01 11:12:09,V015,173.0,0.995249166205371
2026-06-01,2026-06-01 11:12:10,V015,174.0,1.032257614341338
2026-06-01,2026-06-01 11:12:11,V015,174.0,1.01705462324808
2026-06-01,2026-06-01 11:12:12,V015,174.0,0.986377359354108
2026-06-01,2026-06-01 11:12:13,V015,174.0,1.0311478625693666
2026-06-01,2026-06-01 11:12:14,V015,175.0,1.0226083611677959
2026-06-01,2026-06-01 11:12:15,V015,175.0,1.0101026955554124
2026-06-01,2026-06-01 11:12:16,V015,176.0,1.0085702555455283
2026-06-01,2026-06-01 11:12:17,V015,177.0,1.0090441035285709
2026-06-01,2026-06-01 11:12:18,V015,176.0,1.0142296968450275
2026-06-01,2026-06-01 11:12:19,V015,176.0,1.000749692766903
2026-06-01,2026-06-01 11:12:20,V015,175.0,1.0028907960675257
2026-06-01,2026-06-01 11:12:21,V015,175.0,1.0065508335231879
2026-06-01,2026-06-01 11:12:22,V015,175.0,1.025308912952986
2026-06-01,2026-06-01 11:12:23,V015,174.0,1.0101564032101376
2026-06-01,2026-06-01 11:12:24,V015,174.0,1.0077103463371864
2026-06-01,2026-06-01 11:12:25,V015,174.0,1.0288815455276035
2026-06-01,2026-06-01 11:12:26,V015,174.0,0.999708676713491
2026-06-01,2026-06-01 11:12:27,V015,174.0,1.0167421724210686
2026-06-01,2026-06-01 11:12:28,V015,174.0,1.0202407931043838
2026-06-01,2026-06-01 11:12:29,V015,174.0,1.013067916254432
2026-06-01,2026-06-01 11:12:30,V015,174.0,1.0240495314379523
2026-06-01,2026-06-01 11:12:31,V015,174.0,0.9930577258370431
2026-06-01,2026-06-01 11:12:32,V015,174.0,1.011708281949835
2026-06-01,2026-06-01 11:12:33,V015,174.0,1.0114135994457485
2026-06-01,2026-06-01 11:12:34,V015,173.0,1.0147014507539645
2026-06-01,2026-06-01 11:12:35,V015,173.0,0.9970140979136483
2026-06-01,2026-06-01 11:12:36,V015,173.0,1.0090928651429456
2026-06-01,2026-06-01 11:12:37,V015,172.0,0.9985397147463999
2026-06-01,2026-06-01 11:12:38,V015,171.0,1.0024802596322635
2026-06-01,2026-06-01 11:12:39,V015,171.0,1.0030841642785417
2026-06-01,2026-06-01 11:12:40,V015,170.0,1.00362908235478
2026-06-01,2026-06-01 11:12:41,V015,170.0,1.0016326241756233
2026-06-01,2026-06-01 11:12:42,V015,170.0,1.002141032546615
2026-06-01,2026-06-01 11:12:43,V015,169.0,1.0036272499883205
2026-06-01,2026-06-01 11:12:44,V015,169.0,1.0030356049747051
2026-06-01,2026-06-01 11:12:45,V015,169.0,1.0051436493639883
2026-06-01,2026-06-01 11:12:46,V015,169.0,1.0260903530025678
2026-06-01,2026-06-01 11:12:47,V015,169.0,1.0197565442044425
2026-06-01,2026-06-01 11:12:48,V015,168.0,1.0020861706819981
2026-06-01,2026-06-01 11:12:49,V015,167.0,0.9992237793399038
2026-06-01,2026-06-01 11:12:50,V015,167.0,1.0040012925974013
2026-06-01,2026-06-01 11:12:51,V015,166.0,1.0026110368871892
2026-06-01,2026-06-01 11:12:52,V015,166.0,1.004134558036254
2026-06-01,2026-06-01 11:12:53,V015,166.0,1.0021404714802946
2026-06-01,2026-06-01 11:12:54,V015,166.0,1.0058614037064473
2026-06-01,2026-06-01 11:12:55,V015,165.0,1.0077076237535365
2026-06-01,2026-06-01 11:12:56,V015,165.0,1.011448599422773
2026-06-01,2026-06-01 11:12:57,V015,165.0,1.0104644676777215
2026-06-01,2026-06-01 11:12:58,V015,164.0,1.0057318221328542
2026-06-01,2026-06-01 11:12:59,V015,164.0,1.0086520768118405
2026-06-01,2026-06-01 11:13:00,V015,163.0,1.0224928707533936
2026-06-01,2026-06-01 11:13:01,V015,163.0,0.9922733056719979
2026-06-01,2026-06-01 11:13:02,V015,163.0,1.022175427671513
2026-06-01,2026-06-01 11:13:03,V015,163.0,1.0133715055205617
2026-06-01,2026-06-01 11:13:04,V015,163.0,1.0110106286885128
2026-06-01,2026-06-01 11:13:05,V015,163.0,1.0153447403574412
2026-06-01,2026-06-01 11:13:06,V015,163.0,1.0269598558472692
2026-06-01,2026-06-01 11:13:07,V015,164.0,1.0029009418137538
2026-06-01,2026-06-01 11:13:08,V015,163.0,0.9985845442642274
2026-06-01,2026-06-01 11:13:09,V015,162.0,1.0070186273865616
2026-06-01,2026-06-01 11:13:10,V015,162.0,1.0322629877563942
2026-06-01,2026-06-01 11:13:11,V015,162.0,1.0068580191976633
2026-06-01,2026-06-01 11:13:12,V015,162.0,1.0335230390047736
2026-06-01,2026-06-01 11:13:13,V015,162.0,1.046642555778106
2026-06-01,2026-06-01 11:13:14,V015,162.0,0.9936619743107891
2026-06-01,2026-06-01 11:13:15,V015,162.0,1.0426726516329845
2026-06-01,2026-06-01 11:13:16,V015,162.0,1.013858850954814
2026-06-01,2026-06-01 11:13:17,V015,162.0,1.0392713394533428
2026-06-01,2026-06-01 11:13:18,V015,162.0,1.034569001065969
2026-06-01,2026-06-01 11:13:19,V015,163.0,1.0068780986585835
2026-06-01,2026-06-01 11:13:20,V015,163.0,1.0011233295633946
2026-06-01,2026-06-01 11:13:21,V015,163.0,1.0027240117392118
2026-06-01,2026-06-01 11:13:22,V015,163.0,1.001986351532687
2026-06-01,2026-06-01 11:13:23,V015,163.0,1.0020833498714539
2026-06-01,2026-06-01 11:13:24,V015,162.0,1.0031921097230745
2026-06-01,2026-06-01 11:13:25,V015,162.0,1.0031928853197374
2026-06-01,2026-06-01 11:13:26,V015,162.0,1.0030968959552637
2026-06-01,2026-06-01 11:13:27,V015,161.0,0.9988834386913072
2026-06-01,2026-06-01 11:13:28,V015,161.0,1.0174463836524008
2026-06-01,2026-06-01 11:13:29,V015,161.0,1.0127892355877024
2026-06-01,2026-06-01 11:13:30,V015,160.0,1.0045973230417637
2026-06-01,2026-06-01 11:13:31,V015,160.0,1.0025893068659224
2026-06-01,2026-06-01 11:13:32,V015,159.0,1.0043636168823327
2026-06-01,2026-06-01 11:13:33,V015,159.0,1.0036032640296038
2026-06-01,2026-06-01 11:13:34,V015,159.0,1.0036765004937669
2026-06-01,2026-06-01 11:13:35,V015,159.0,1.0038056109809783
2026-06-01,2026-06-01 11:13:36,V015,159.0,1.0038072929216275
2026-06-01,2026-06-01 11:13:37,V015,159.0,1.0033639178704639
2026-06-01,2026-06-01 11:13:38,V015,160.0,1.0090054400842061
2026-06-01,2026-06-01 11:13:39,V015,160.0,1.0015865871097294
2026-06-01,2026-06-01 11:13:40,V015,161.0,1.0080319408764349
2026-06-01,2026-06-01 11:13:41,V015,161.0,1.0059148884241815
2026-06-01,2026-06-01 11:13:42,V015,162.0,1.0027686510995126
2026-06-01,2026-06-01 11:13:43,V015,162.0,1.0031064615441188
2026-06-01,2026-06-01 11:13:44,V015,161.0,1.0048935870720084
2026-06-01,2026-06-01 11:13:45,V015,161.0,1.0048721581053655
2026-06-01,2026-06-01 11:13:46,V015,160.0,1.0034685755421993
2026-06-01,2026-06-01 11:13:47,V015,160.0,1.0040566613656223
2026-06-01,2026-06-01 11:13:48,V015,159.0,1.002931369347276
2026-06-01,2026-06-01 11:13:49,V015,158.0,1.0051633273282847
2026-06-01,2026-06-01 11:13:50,V015,157.0,1.0043426518758538
2026-06-01,2026-06-01 11:13:51,V015,157.0,1.0056065429492775
2026-06-01,2026-06-01 11:13:52,V015,156.0,1.0032253921207166
2026-06-01,2026-06-01 11:13:53,V015,155.0,1.00419964331457
2026-06-01,2026-06-01 11:13:54,V015,155.0,1.0032106082655685
2026-06-01,2026-06-01 11:13:55,V015,155.0,1.0032936990667485
2026-06-01,2026-06-01 11:13:56,V015,155.0,1.0028959087208014
2026-06-01,2026-06-01 11:13:57,V015,155.0,1.0044438229007042
2026-06-01,2026-06-01 11:13:58,V015,155.0,1.0038368521027283
2026-06-01,2026-06-01 11:13:59,V015,155.0,1.0057540616064127
2026-06-01,2026-06-01 11:14:00,V015,155.0,1.005310096126847
2026-06-01,2026-06-01 11:14:01,V015,156.0,1.0022336905610774
2026-06-01,2026-06-01 11:14:02,V015,156.0,1.0033478504271576
2026-06-01,2026-06-01 11:14:03,V015,156.0,1.0044956992904757
2026-06-01,2026-06-01 11:14:04,V015,156.0,1.004094038252653
2026-06-01,2026-06-01 11:14:05,V015,156.0,1.003415820067481
2026-06-01,2026-06-01 11:14:06,V015,156.0,1.0034451849219763
2026-06-01,2026-06-01 11:14:07,V015,156.0,1.0048137538866204
2026-06-01,2026-06-01 11:14:08,V015,155.0,1.0044686196497585
2026-06-01,2026-06-01 11:14:09,V015,155.0,1.0073574548631334
2026-06-01,2026-06-01 11:14:10,V015,155.0,0.9968129035836368
2026-06-01,2026-06-01 11:14:11,V015,155.0,1.01196512902717
2026-06-01,2026-06-01 11:14:12,V015,155.0,1.0066727575286756
2026-06-01,2026-06-01 11:14:13,V015,156.0,0.9964804407121446
2026-06-01,2026-06-01 11:14:14,V015,156.0,1.0200579423245546
2026-06-01,2026-06-01 11:14:15,V015,156.0,1.0297699380349234
2026-06-01,2026-06-01 11:14:16,V015,156.0,1.017177226994725
2026-06-01,2026-06-01 11:14:17,V015,156.0,1.0248333032886376
2026-06-01,2026-06-01 11:14:18,V015,156.0,1.0219825289321838
2026-06-01,2026-06-01 11:14:19,V015,156.0,1.010052681991229
2026-06-01,2026-06-01 11:14:20,V015,156.0,1.0087108497522275
2026-06-01,2026-06-01 11:14:21,V015,155.0,1.0500349071509323
2026-06-01,2026-06-01 11:14:22,V015,155.0,1.023418810107384
2026-06-01,2026-06-01 11:14:23,V015,154.0,1.03188065827407
2026-06-01,2026-06-01 11:14:24,V015,154.0,1.0006271079850917
2026-06-01,2026-06-01 11:14:25,V015,153.0,1.0296681862301142
2026-06-01,2026-06-01 11:14:26,V015,153.0,1.0031939465445656
2026-06-01,2026-06-01 11:14:27,V015,153.0,1.052862347849326
2026-06-01,2026-06-01 11:14:28,V015,152.0,1.0242934384844598
2026-06-01,2026-06-01 11:14:29,V015,152.0,0.9995404796568168
2026-06-01,2026-06-01 11:14:30,V015,152.0,1.0210548324904336
2026-06-01,2026-06-01 11:14:31,V015,152.0,1.015160038914041
2026-06-01,2026-06-01 11:14:32,V015,151.0,1.0047529369140444
2026-06-01,2026-06-01 11:14:33,V015,151.0,1.0027519511751823
2026-06-01,2026-06-01 11:14:34,V015,151.0,1.0026675345561085
2026-06-01,2026-06-01 11:14:35,V015,150.0,1.0038527131817718
2026-06-01,2026-06-01 11:14:36,V015,149.0,1.0053452385889348
2026-06-01,2026-06-01 11:14:37,V015,148.0,0.9999335260102242
2026-06-01,2026-06-01 11:14:38,V015,148.0,1.0009855181906748
2026-06-01,2026-06-01 11:14:39,V015,148.0,1.0035195191842663
2026-06-01,2026-06-01 11:14:40,V015,148.0,1.0119249057496806
2026-06-01,2026-06-01 11:14:41,V015,148.0,1.0288721104585976
2026-06-01,2026-06-01 11:14:42,V015,149.0,1.0153670403856978
2026-06-01,2026-06-01 11:14:43,V015,149.0,1.0173684864839203
2026-06-01,2026-06-01 11:14:44,V015,149.0,1.0258522873803064
2026-06-01,2026-06-01 11:14:45,V015,150.0,0.9997934393051005
2026-06-01,2026-06-01 11:14:46,V015,151.0,1.0072869301132876
2026-06-01,2026-06-01 11:14:47,V015,152.0,1.017583873371963
2026-06-01,2026-06-01 11:14:48,V015,153.0,1.0024271523232564
2026-06-01,2026-06-01 11:14:49,V015,154.0,1.010099954096503
2026-06-01,2026-06-01 11:14:50,V015,154.0,1.0114948640534656
2026-06-01,2026-06-01 11:14:51,V015,154.0,1.047454753440942
2026-06-01,2026-06-01 11:14:52,V015,154.0,1.0130052444290494
2026-06-01,2026-06-01 11:14:53,V015,154.0,1.0452421108823753
2026-06-01,2026-06-01 11:14:54,V015,154.0,1.0235291457005267
2026-06-01,2026-06-01 11:14:55,V015,153.0,1.03317656274708
2026-06-01,2026-06-01 11:14:56,V015,153.0,1.0534226523752304
2026-06-01,2026-06-01 11:14:57,V015,153.0,1.029597577432148
2026-06-01,2026-06-01 11:14:58,V015,152.0,1.04221583505983
2026-06-01,2026-06-01 11:14:59,V015,152.0,1.0230645835913672
2026-06-01,2026-06-01 11:15:00,V015,152.0,1.032044247804032
2026-06-01,2026-06-01 11:15:01,V015,152.0,1.036505143795614
2026-06-01,2026-06-01 11:15:02,V015,152.0,1.192001396601799
2026-06-01,2026-06-01 11:15:03,V015,152.0,1.0818176107766146
2026-06-01,2026-06-01 11:15:04,V015,152.0,1.1227522778240917
2026-06-01,2026-06-01 11:15:05,V015,152.0,0.986221216485883
2026-06-01,2026-06-01 11:15:06,V015,152.0,1.0183768525940857
2026-06-01,2026-06-01 11:15:07,V015,152.0,0.9998814945110155
2026-06-01,2026-06-01 11:15:08,V015,152.0,1.0360185087245415
2026-06-01,2026-06-01 11:15:09,V015,152.0,1.0368979224181856
2026-06-01,2026-06-01 11:15:10,V015,152.0,1.0326780150937662
2026-06-01,2026-06-01 11:15:11,V015,153.0,0.992919755898261
2026-06-01,2026-06-01 11:15:12,V015,153.0,1.0280595169934155
2026-06-01,2026-06-01 11:15:13,V015,153.0,1.0342676027075364
2026-06-01,2026-06-01 11:15:14,V015,153.0,1.0241691665810833
2026-06-01,2026-06-01 11:15:15,V015,153.0,1.0247017578475104
2026-06-01,2026-06-01 11:15:16,V015,152.0,0.999458385657756
2026-06-01,2026-06-01 11:15:17,V015,152.0,1.0066488579939192
2026-06-01,2026-06-01 11:15:18,V015,151.0,1.0027884835302197
2026-06-01,2026-06-01 11:15:19,V015,151.0,1.0160695144875795
2026-06-01,2026-06-01 11:15:20,V015,151.0,1.0325223826759908
2026-06-01,2026-06-01 11:15:21,V015,152.0,1.0242991713936977
2026-06-01,2026-06-01 11:15:22,V015,152.0,0.9916155011935747
2026-06-01,2026-06-01 11:15:23,V015,152.0,1.0168401499346085
2026-06-01,2026-06-01 11:15:24,V015,152.0,1.0045783965415103
2026-06-01,2026-06-01 11:15:25,V015,152.0,1.0030139970299599
2026-06-01,2026-06-01 11:15:26,V015,152.0,1.0127445969930742
2026-06-01,2026-06-01 11:15:27,V015,153.0,1.0096724815277207
2026-06-01,2026-06-01 11:15:28,V015,153.0,1.009372764825948
2026-06-01,2026-06-01 11:15:29,V015,153.0,1.0028206234538934
2026-06-01,2026-06-01 11:15:30,V015,154.0,1.0230872183863078
2026-06-01,2026-06-01 11:15:31,V015,155.0,1.0183459539680193
2026-06-01,2026-06-01 11:15:32,V015,156.0,1.0207596024925576
2026-06-01,2026-06-01 11:15:33,V015,157.0,1.012446271005713
2026-06-01,2026-06-01 11:15:34,V015,158.0,0.9949676678971517
2026-06-01,2026-06-01 11:15:35,V015,159.0,1.0052068925004287
2026-06-01,2026-06-01 11:15:36,V015,159.0,1.0057159937759699
2026-06-01,2026-06-01 11:15:37,V015,160.0,1.0306061124692032
2026-06-01,2026-06-01 11:15:38,V015,160.0,0.9842542266958728
2026-06-01,2026-06-01 11:15:39,V015,161.0,1.0172708492325
2026-06-01,2026-06-01 11:15:40,V015,161.0,1.0540300434153531
2026-06-01,2026-06-01 11:15:41,V015,161.0,0.9696129525615024
2026-06-01,2026-06-01 11:15:42,V015,160.0,1.1485048639746935
2026-06-01,2026-06-01 11:15:43,V015,160.0,0.9684560970863564
2026-06-01,2026-06-01 11:15:44,V015,159.0,1.0005141065482903
2026-06-01,2026-06-01 11:15:45,V015,159.0,1.0254511567889595
2026-06-01,2026-06-01 11:15:46,V015,159.0,1.0025275362494765
2026-06-01,2026-06-01 11:15:47,V015,159.0,1.0022731136483594
2026-06-01,2026-06-01 11:15:48,V015,158.0,1.0026335049431803
2026-06-01,2026-06-01 11:15:49,V015,158.0,1.0014403604443753
2026-06-01,2026-06-01 11:15:50,V015,159.0,1.0025775080132586
2026-06-01,2026-06-01 11:15:51,V015,159.0,1.005230615318196
2026-06-01,2026-06-01 11:15:52,V015,159.0,1.0135127154750252
2026-06-01,2026-06-01 11:15:53,V015,159.0,1.0030016288211048
2026-06-01,2026-06-01 11:15:54,V015,159.0,1.005635554322528
2026-06-01,2026-06-01 11:15:55,V015,159.0,1.004081799269024
2026-06-01,2026-06-01 11:15:56,V015,158.0,1.0030652066162096
2026-06-01,2026-06-01 11:15:57,V015,158.0,1.0043658726447207
2026-06-01,2026-06-01 11:15:58,V015,158.0,1.0032435977092355
2026-06-01,2026-06-01 11:15:59,V015,158.0,1.0039194905249311
2026-06-01,2026-06-01 11:16:00,V015,158.0,1.00283127949204
2026-06-01,2026-06-01 11:16:01,V015,158.0,1.004406876928622
2026-06-01,2026-06-01 11:16:02,V015,159.0,1.0033422201830715
2026-06-01,2026-06-01 11:16:03,V015,159.0,1.0067691405313344
2026-06-01,2026-06-01 11:16:04,V015,159.0,0.9944534918970108
2026-06-01,2026-06-01 11:16:05,V015,159.0,1.0234769278368525
2026-06-01,2026-06-01 11:16:06,V015,159.0,1.0077797939995166
2026-06-01,2026-06-01 11:16:07,V015,159.0,1.0092834771890151
2026-06-01,2026-06-01 11:16:08,V015,159.0,1.0089396143428127
2026-06-01,2026-06-01 11:16:09,V015,158.0,1.0091919783758145
2026-06-01,2026-06-01 11:16:10,V015,157.0,1.0041540575728751
2026-06-01,2026-06-01 11:16:11,V015,156.0,1.006442087795581
2026-06-01,2026-06-01 11:16:12,V015,156.0,1.0174819911870743
2026-06-01,2026-06-01 11:16:13,V015,155.0,1.004534728701706
2026-06-01,2026-06-01 11:16:14,V015,155.0,1.0093060255596307
2026-06-01,2026-06-01 11:16:15,V015,154.0,1.002980178248759
2026-06-01,2026-06-01 11:16:16,V015,154.0,1.0039338082787737
2026-06-01,2026-06-01 11:16:17,V015,153.0,1.002168272239261
2026-06-01,2026-06-01 11:16:18,V015,153.0,1.0121340242545858
2026-06-01,2026-06-01 11:16:19,V015,152.0,1.0352685957985428
2026-06-01,2026-06-01 11:16:20,V015,153.0,1.015581153284032
2026-06-01,2026-06-01 11:16:21,V015,153.0,1.0159720032249666
2026-06-01,2026-06-01 11:16:22,V015,154.0,1.0095225970771409
2026-06-01,2026-06-01 11:16:23,V015,154.0,0.9999410465883216
2026-06-01,2026-06-01 11:16:24,V015,154.0,1.0390693072859143
2026-06-01,2026-06-01 11:16:25,V015,154.0,1.0357077244471349
2026-06-01,2026-06-01 11:16:26,V015,154.0,1.046334174711438
2026-06-01,2026-06-01 11:16:27,V015,154.0,1.0241810142287728
2026-06-01,2026-06-01 11:16:28,V015,155.0,1.0097535489242784
2026-06-01,2026-06-01 11:16:29,V015,156.0,1.0219120962018708
2026-06-01,2026-06-01 11:16:30,V015,156.0,1.006096136697869
2026-06-01,2026-06-01 11:16:31,V015,156.0,1.0230255413322316
2026-06-01,2026-06-01 11:16:32,V015,155.0,1.0283624226834416
2026-06-01,2026-06-01 11:16:33,V015,155.0,1.5125056117360516
2026-06-01,2026-06-01 11:16:34,V015,154.0,1.4346719953127176
2026-06-01,2026-06-01 11:16:35,V015,154.0,1.1342869677588987
2026-06-01,2026-06-01 11:16:36,V015,153.0,1.0125197996057171
2026-06-01,2026-06-01 11:16:37,V015,153.0,1.0962883306327207
2026-06-01,2026-06-01 11:16:38,V015,152.0,1.0219585533466962
2026-06-01,2026-06-01 11:16:39,V015,151.0,1.078117895338652
2026-06-01,2026-06-01 11:16:40,V015,149.0,1.0093270495312896
2026-06-01,2026-06-01 11:16:41,V015,147.0,1.0503383101209252
2026-06-01,2026-06-01 11:16:42,V015,145.0,1.008784660120209
2026-06-01,2026-06-01 11:16:43,V015,144.0,1.0613526673474325
2026-06-01,2026-06-01 11:16:44,V015,142.0,1.010894768984661
2026-06-01,2026-06-01 11:16:45,V015,141.0,1.001717698807757
2026-06-01,2026-06-01 11:16:46,V015,140.0,1.0181112924410542
2026-06-01,2026-06-01 11:16:47,V015,140.0,1.0182504259829792
2026-06-01,2026-06-01 11:16:48,V015,140.0,1.0046021879087996
2026-06-01,2026-06-01 11:16:49,V015,139.0,0.9496148529478959
2026-06-01,2026-06-01 11:16:50,V015,139.0,1.2396681415499364
2026-06-01,2026-06-01 11:16:51,V015,139.0,0.989046607386773
2026-06-01,2026-06-01 11:16:52,V015,139.0,1.0223838684319642
2026-06-01,2026-06-01 11:16:53,V015,139.0,1.0753055282169042
2026-06-01,2026-06-01 11:16:54,V015,139.0,0.9795177381768557
2026-06-01,2026-06-01 11:16:55,V015,139.0,1.0089022258084295
2026-06-01,2026-06-01 11:16:56,V015,139.0,1.0209769016599695
2026-06-01,2026-06-01 11:16:57,V015,139.0,1.0175388515059183
2026-06-01,2026-06-01 11:16:58,V015,140.0,1.0053596104127807
2026-06-01,2026-06-01 11:16:59,V015,140.0,1.0116215449867942
2026-06-01,2026-06-01 11:17:00,V015,140.0,1.0106523079379108
2026-06-01,2026-06-01 11:17:01,V015,140.0,1.0096394064278829
2026-06-01,2026-06-01 11:17:02,V015,141.0,0.992451515044343
2026-06-01,2026-06-01 11:17:03,V015,141.0,1.016439760421956
2026-06-01,2026-06-01 11:17:04,V015,143.0,1.0360590693003997
2026-06-01,2026-06-01 11:17:05,V015,144.0,1.0137228155492592
2026-06-01,2026-06-01 11:17:06,V015,144.0,1.0106106240782677
2026-06-01,2026-06-01 11:17:07,V015,144.0,1.0265663470096709
2026-06-01,2026-06-01 11:17:08,V015,144.0,1.0090044688367792
2026-06-01,2026-06-01 11:17:09,V015,144.0,1.019356689482434
2026-06-01,2026-06-01 11:17:10,V015,144.0,1.0325291283034694
2026-06-01,2026-06-01 11:17:11,V015,143.0,1.0160581804688997
2026-06-01,2026-06-01 11:17:12,V015,143.0,1.0445692130608177
2026-06-01,2026-06-01 11:17:13,V015,143.0,1.0421623750339566
2026-06-01,2026-06-01 11:17:14,V015,143.0,1.0029005467328092
2026-06-01,2026-06-01 11:17:15,V015,144.0,1.0246435153818083
2026-06-01,2026-06-01 11:17:16,V015,144.0,1.004383522211624
2026-06-01,2026-06-01 11:17:17,V015,144.0,1.0210312021370294
2026-06-01,2026-06-01 11:17:18,V015,145.0,1.0065633377838263
2026-06-01,2026-06-01 11:17:19,V015,145.0,1.0157487951135993
2026-06-01,2026-06-01 11:17:20,V015,146.0,1.0228578380431868
2026-06-01,2026-06-01 11:17:21,V015,146.0,1.0135102639142104
2026-06-01,2026-06-01 11:17:22,V015,147.0,0.9986305485999294
2026-06-01,2026-06-01 11:17:23,V015,148.0,0.9980585631184142
2026-06-01,2026-06-01 11:17:24,V015,148.0,1.0262774920394693
2026-06-01,2026-06-01 11:17:25,V015,149.0,0.9759779330170596
2026-06-01,2026-06-01 11:17:26,V015,149.0,1.028796607490375
2026-06-01,2026-06-01 11:17:27,V015,148.0,1.0088241109021943
2026-06-01,2026-06-01 11:17:28,V015,148.0,1.0254315074539513
2026-06-01,2026-06-01 11:17:29,V015,148.0,1.0008882953702387
2026-06-01,2026-06-01 11:17:30,V015,148.0,0.9900942800287877
2026-06-01,2026-06-01 11:17:31,V015,148.0,1.0654425898893634
2026-06-01,2026-06-01 11:17:32,V015,148.0,0.9999797353503896
2026-06-01,2026-06-01 11:17:33,V015,148.0,1.001846201074011
2026-06-01,2026-06-01 11:17:34,V015,148.0,1.0025916690600105
2026-06-01,2026-06-01 11:17:35,V015,148.0,1.0037724194028732
2026-06-01,2026-06-01 11:17:36,V015,148.0,1.0147135348041274
2026-06-01,2026-06-01 11:17:37,V015,148.0,1.0053147358280847
2026-06-01,2026-06-01 11:17:38,V015,149.0,1.003362293657632
2026-06-01,2026-06-01 11:17:39,V015,149.0,1.0055954207307494
2026-06-01,2026-06-01 11:17:40,V015,150.0,1.0033287163745834
2026-06-01,2026-06-01 11:17:41,V015,151.0,1.0012228744012737
2026-06-01,2026-06-01 11:17:42,V015,151.0,1.0046301814733591
2026-06-01,2026-06-01 11:17:43,V015,151.0,1.0034212012842136
2026-06-01,2026-06-01 11:17:44,V015,152.0,1.02050999918848
2026-06-01,2026-06-01 11:17:45,V015,152.0,0.9984485159051437
2026-06-01,2026-06-01 11:17:46,V015,152.0,1.034846434547334
2026-06-01,2026-06-01 11:17:47,V015,153.0,1.040656365563242
2026-06-01,2026-06-01 11:17:48,V015,153.0,1.0542050535166867
2026-06-01,2026-06-01 11:17:49,V015,154.0,1.032442425319213
2026-06-01,2026-06-01 11:17:50,V015,154.0,0.9967619795012389
2026-06-01,2026-06-01 11:17:51,V015,154.0,1.0592607852437055
2026-06-01,2026-06-01 11:17:52,V015,153.0,1.011625287530153
2026-06-01,2026-06-01 11:17:53,V015,153.0,1.0927270753305987
2026-06-01,2026-06-01 11:17:54,V015,153.0,1.0034385879403376
2026-06-01,2026-06-01 11:17:55,V015,153.0,1.146417380866011
2026-06-01,2026-06-01 11:17:56,V015,154.0,0.9382297855609428
2026-06-01,2026-06-01 11:17:57,V015,154.0,1.066932389120493
2026-06-01,2026-06-01 11:17:58,V015,153.0,1.0655641704877714
2026-06-01,2026-06-01 11:17:59,V015,153.0,1.0038336823004859
2026-06-01,2026-06-01 11:18:00,V015,153.0,1.0064338846731626
2026-06-01,2026-06-01 11:18:01,V015,153.0,1.0061833364188373
2026-06-01,2026-06-01 11:18:02,V015,153.0,0.9988242949532822
2026-06-01,2026-06-01 11:18:03,V015,152.0,1.0071115405342546
2026-06-01,2026-06-01 11:18:04,V015,152.0,0.9988638335221932
2026-06-01,2026-06-01 11:18:05,V015,152.0,1.003223548156827
2026-06-01,2026-06-01 11:18:06,V015,152.0,1.0134068700927383
2026-06-01,2026-06-01 11:18:07,V015,151.0,1.0069657112983648
2026-06-01,2026-06-01 11:18:08,V015,151.0,1.0047282205603756
2026-06-01,2026-06-01 11:18:09,V015,151.0,0.9969280405646173
2026-06-01,2026-06-01 11:18:10,V015,150.0,1.021278090082068
2026-06-01,2026-06-01 11:18:11,V015,150.0,1.0182895775516965
2026-06-01,2026-06-01 11:18:12,V015,151.0,1.0087734066461782
2026-06-01,2026-06-01 11:18:13,V015,151.0,1.0067572397686502
2026-06-01,2026-06-01 11:18:14,V015,152.0,1.0235098405193206
2026-06-01,2026-06-01 11:18:15,V015,152.0,1.0107032049059825
2026-06-01,2026-06-01 11:18:16,V015,152.0,1.0381369027882301
2026-06-01,2026-06-01 11:18:17,V015,153.0,1.0251222651275795
2026-06-01,2026-06-01 11:18:18,V015,152.0,1.0200822587091205
2026-06-01,2026-06-01 11:18:19,V015,152.0,1.021395644802093
2026-06-01,2026-06-01 11:18:20,V015,152.0,1.0688839807083879
2026-06-01,2026-06-01 11:18:21,V015,153.0,0.8954935677947005
2026-06-01,2026-06-01 11:18:22,V015,152.0,1.1076205122602618
2026-06-01,2026-06-01 11:18:23,V015,152.0,1.0054581988765159
2026-06-01,2026-06-01 11:18:24,V015,152.0,1.1007504009611193
2026-06-01,2026-06-01 11:18:25,V015,152.0,1.043067800305895
2026-06-01,2026-06-01 11:18:26,V015,152.0,1.062708029455857
2026-06-01,2026-06-01 11:18:27,V015,152.0,1.1189544729274055
2026-06-01,2026-06-01 11:18:28,V015,152.0,1.0477370762358504
2026-06-01,2026-06-01 11:18:29,V015,152.0,0.9829632074287434
2026-06-01,2026-06-01 11:18:30,V015,151.0,1.0265417615377812
2026-06-01,2026-06-01 11:18:31,V015,151.0,1.0046340915970724
2026-06-01,2026-06-01 11:18:32,V015,151.0,1.003890217321234
2026-06-01,2026-06-01 11:18:33,V015,150.0,1.0088429627424507
2026-06-01,2026-06-01 11:18:34,V015,150.0,0.9979915073679931
2026-06-01,2026-06-01 11:18:35,V015,149.0,1.0065098532040557
2026-06-01,2026-06-01 11:18:36,V015,149.0,1.0232661093637476
2026-06-01,2026-06-01 11:18:37,V015,149.0,0.9912975718451431
2026-06-01,2026-06-01 11:18:38,V015,148.0,1.0585229283021744
2026-06-01,2026-06-01 11:18:39,V015,148.0,1.111303514827928
2026-06-01,2026-06-01 11:18:40,V015,147.0,1.1046190568007066
2026-06-01,2026-06-01 11:18:41,V015,146.0,1.0424681453374345
2026-06-01,2026-06-01 11:18:42,V015,146.0,1.0679925616333485
2026-06-01,2026-06-01 11:18:43,V015,147.0,1.079367943615282
2026-06-01,2026-06-01 11:18:44,V015,147.0,1.0440488968830586
2026-06-01,2026-06-01 11:18:45,V015,148.0,1.0650191978051264
2026-06-01,2026-06-01 11:18:46,V015,149.0,1.1020895481442297
2026-06-01,2026-06-01 11:18:47,V015,150.0,1.101119825092719
2026-06-01,2026-06-01 11:18:48,V015,151.0,1.117423665474636
2026-06-01,2026-06-01 11:18:49,V015,152.0,1.1580383499862048
2026-06-01,2026-06-01 11:18:50,V015,154.0,1.266711879332237
2026-06-01,2026-06-01 11:18:51,V015,156.0,1.0166510848349044
2026-06-01,2026-06-01 11:18:52,V015,157.0,0.9870582936642219
2026-06-01,2026-06-01 11:18:53,V015,157.0,1.0267936065962515
2026-06-01,2026-06-01 11:18:54,V015,157.0,1.05068906389291
2026-06-01,2026-06-01 11:18:55,V015,157.0,1.0684050418494306
2026-06-01,2026-06-01 11:18:56,V015,157.0,1.0122793886818133
2026-06-01,2026-06-01 11:18:57,V015,156.0,1.000613634407745
2026-06-01,2026-06-01 11:18:58,V015,156.0,1.0177968470654617
2026-06-01,2026-06-01 11:18:59,V015,156.0,1.021906432138329
2026-06-01,2026-06-01 11:19:00,V015,156.0,1.0007892693476235
2026-06-01,2026-06-01 11:19:01,V015,156.0,1.0422643611750124
2026-06-01,2026-06-01 11:19:02,V015,156.0,1.0276112635445744
2026-06-01,2026-06-01 11:19:03,V015,156.0,1.050798108261688
2026-06-01,2026-06-01 11:19:04,V015,155.0,1.0600350079893823
2026-06-01,2026-06-01 11:19:05,V015,155.0,1.0127019914824555
2026-06-01,2026-06-01 11:19:06,V015,155.0,1.0000790447670438
2026-06-01,2026-06-01 11:19:07,V015,155.0,1.0132303309500674
2026-06-01,2026-06-01 11:19:08,V015,155.0,1.0164022866924654
2026-06-01,2026-06-01 11:19:09,V015,155.0,1.0255886472500106
2026-06-01,2026-06-01 11:19:10,V015,154.0,0.9949641494753619
2026-06-01,2026-06-01 11:19:11,V015,154.0,1.0355109389275974
2026-06-01,2026-06-01 11:19:12,V015,154.0,1.017612097607166
2026-06-01,2026-06-01 11:19:13,V015,155.0,0.9995500565827956
2026-06-01,2026-06-01 11:19:14,V015,155.0,1.00832916264421
2026-06-01,2026-06-01 11:19:15,V015,155.0,1.003766721923832
2026-06-01,2026-06-01 11:19:16,V015,155.0,1.0785712403209373
2026-06-01,2026-06-01 11:19:17,V015,155.0,1.00965100575193
2026-06-01,2026-06-01 11:19:18,V015,155.0,1.0215493967398543
2026-06-01,2026-06-01 11:19:19,V015,155.0,0.9997234238120944
2026-06-01,2026-06-01 11:19:20,V015,155.0,1.0186525255841898
2026-06-01,2026-06-01 11:19:21,V015,155.0,1.030589680091532
2026-06-01,2026-06-01 11:19:22,V015,155.0,1.0492670526360548
2026-06-01,2026-06-01 11:19:23,V015,155.0,1.0650073159676432
2026-06-01,2026-06-01 11:19:24,V015,155.0,1.0502962191832186
2026-06-01,2026-06-01 11:19:25,V015,156.0,1.0280293661788245
2026-06-01,2026-06-01 11:19:26,V015,156.0,1.0487074380024133
2026-06-01,2026-06-01 11:19:27,V015,156.0,1.1352639045455282
2026-06-01,2026-06-01 11:19:28,V015,156.0,1.0517752357236594
2026-06-01,2026-06-01 11:19:29,V015,156.0,1.0411161501315485
2026-06-01,2026-06-01 11:19:30,V015,156.0,1.0040829875310187
2026-06-01,2026-06-01 11:19:31,V015,156.0,1.0193388141666984
2026-06-01,2026-06-01 11:19:32,V015,157.0,1.019917916482498
2026-06-01,2026-06-01 11:19:33,V015,157.0,0.9699078532510232
2026-06-01,2026-06-01 11:19:34,V015,156.0,1.038523587950158
2026-06-01,2026-06-01 11:19:35,V015,156.0,1.0035583136265658
2026-06-01,2026-06-01 11:19:36,V015,156.0,1.0051692470955456
2026-06-01,2026-06-01 11:19:37,V015,156.0,1.0050791030466293
2026-06-01,2026-06-01 11:19:38,V015,155.0,1.018677186858137
2026-06-01,2026-06-01 11:19:39,V015,155.0,0.9976476398573629
2026-06-01,2026-06-01 11:19:40,V015,154.0,1.0027649814536372
2026-06-01,2026-06-01 11:19:41,V015,154.0,1.0026213731779645
2026-06-01,2026-06-01 11:19:42,V015,152.0,1.003329436436264
2026-06-01,2026-06-01 11:19:43,V015,150.0,1.006672535444866
2026-06-01,2026-06-01 11:19:44,V015,151.0,0.9968288549971349
2026-06-01,2026-06-01 11:19:45,V015,151.0,0.9988186535288284
2026-06-01,2026-06-01 11:19:46,V015,151.0,1.013941508132964
2026-06-01,2026-06-01 11:19:47,V015,152.0,1.0049937665639344
2026-06-01,2026-06-01 11:19:48,V015,153.0,1.028110922080074
2026-06-01,2026-06-01 11:19:49,V015,153.0,0.9992397579523875
2026-06-01,2026-06-01 11:19:50,V015,154.0,1.0386339836441039
2026-06-01,2026-06-01 11:19:51,V015,155.0,1.0162883413953199
2026-06-01,2026-06-01 11:19:52,V015,158.0,1.0073902939315476
2026-06-01,2026-06-01 11:19:53,V015,160.0,1.0319047668885934
2026-06-01,2026-06-01 11:19:54,V015,161.0,1.0086628596793505
2026-06-01,2026-06-01 11:19:55,V015,162.0,1.0125186199587737
2026-06-01,2026-06-01 11:19:56,V015,162.0,0.9935977204466343
2026-06-01,2026-06-01 11:19:57,V015,162.0,1.0189086077984921
2026-06-01,2026-06-01 11:19:58,V015,162.0,1.059566539861161
2026-06-01,2026-06-01 11:19:59,V015,163.0,0.9137001393772058
2026-06-01,2026-06-01 11:20:00,V015,163.0,1.1019450941575166
2026-06-01,2026-06-01 11:20:01,V015,163.0,1.029010323602964
2026-06-01,2026-06-01 11:20:02,V015,164.0,1.0526326617978115
2026-06-01,2026-06-01 11:20:03,V015,164.0,1.024486488432026
2026-06-01,2026-06-01 11:20:04,V015,163.0,1.0389470121730273
2026-06-01,2026-06-01 11:20:05,V015,163.0,1.049099106111016
2026-06-01,2026-06-01 11:20:06,V015,163.0,1.0163071896070948
2026-06-01,2026-06-01 11:20:07,V015,162.0,1.0945612064975014
2026-06-01,2026-06-01 11:20:08,V015,162.0,1.0223359659603932
2026-06-01,2026-06-01 11:20:09,V015,162.0,1.054139943355622
2026-06-01,2026-06-01 11:20:10,V015,161.0,1.1712079571561465
2026-06-01,2026-06-01 11:20:11,V015,161.0,1.0242510008210703
2026-06-01,2026-06-01 11:20:12,V015,160.0,1.0205913807217537
2026-06-01,2026-06-01 11:20:13,V015,159.0,1.0766837723237899
2026-06-01,2026-06-01 11:20:14,V015,159.0,1.236421268853984
2026-06-01,2026-06-01 11:20:15,V015,159.0,1.316583736053231
2026-06-01,2026-06-01 11:20:16,V015,159.0,1.0281162098677243
2026-06-01,2026-06-01 11:20:17,V015,159.0,1.0051513239850707
2026-06-01,2026-06-01 11:20:18,V015,159.0,1.0044883919017957
2026-06-01,2026-06-01 11:20:19,V015,159.0,1.0203765775173954
2026-06-01,2026-06-01 11:20:20,V015,158.0,1.0462393945080275
2026-06-01,2026-06-01 11:20:21,V015,158.0,1.031150106330946
2026-06-01,2026-06-01 11:20:22,V015,159.0,1.0156826639778629
2026-06-01,2026-06-01 11:20:23,V015,159.0,1.0393545864158948
2026-06-01,2026-06-01 11:20:24,V015,159.0,0.9972942811259193
2026-06-01,2026-06-01 11:20:25,V015,159.0,1.0165538649129837
2026-06-01,2026-06-01 11:20:26,V015,159.0,1.0013628343487164
2026-06-01,2026-06-01 11:20:27,V015,160.0,1.0040713594870168
2026-06-01,2026-06-01 11:20:28,V015,160.0,1.0208200558702942
2026-06-01,2026-06-01 11:20:29,V015,160.0,1.0136844624567614
2026-06-01,2026-06-01 11:20:30,V015,160.0,1.0554375690813227
2026-06-01,2026-06-01 11:20:31,V015,160.0,0.9885869553923095
2026-06-01,2026-06-01 11:20:32,V015,160.0,1.057198571237223
2026-06-01,2026-06-01 11:20:33,V015,160.0,1.0086155697882084
2026-06-01,2026-06-01 11:20:34,V015,160.0,0.9961925102045233
2026-06-01,2026-06-01 11:20:35,V015,160.0,1.020419239888459
2026-06-01,2026-06-01 11:20:36,V015,160.0,1.0020006024407246
2026-06-01,2026-06-01 11:20:37,V015,161.0,1.01251797302586
2026-06-01,2026-06-01 11:20:38,V015,161.0,1.0226953941382257
2026-06-01,2026-06-01 11:20:39,V015,161.0,1.163952394419934
2026-06-01,2026-06-01 11:20:40,V015,161.0,1.0316643992125312
2026-06-01,2026-06-01 11:20:41,V015,162.0,1.0393315256154738
2026-06-01,2026-06-01 11:20:42,V015,162.0,1.0235774293218711
2026-06-01,2026-06-01 11:20:43,V015,162.0,1.0239108225595053
2026-06-01,2026-06-01 11:20:44,V015,162.0,1.0098454126060274
2026-06-01,2026-06-01 11:20:45,V015,162.0,1.0102849581259985
2026-06-01,2026-06-01 11:20:46,V015,162.0,1.0111276941696403
2026-06-01,2026-06-01 11:20:47,V015,162.0,1.0335483711932096
2026-06-01,2026-06-01 11:20:48,V015,162.0,1.0735498583202734
2026-06-01,2026-06-01 11:20:49,V015,162.0,1.0193818467019595
2026-06-01,2026-06-01 11:20:50,V015,162.0,1.0127154279434367
2026-06-01,2026-06-01 11:20:51,V015,162.0,1.040690392336163
2026-06-01,2026-06-01 11:20:52,V015,162.0,1.1256159866630608
2026-06-01,2026-06-01 11:20:53,V015,162.0,1.0539984885033107
2026-06-01,2026-06-01 11:20:54,V015,162.0,1.074176466687233
2026-06-01,2026-06-01 11:20:55,V015,162.0,1.0062201595176246
2026-06-01,2026-06-01 11:20:56,V015,162.0,1.050232563208149
2026-06-01,2026-06-01 11:20:57,V015,163.0,1.160451905927403
2026-06-01,2026-06-01 11:20:58,V015,164.0,1.073902799507077
2026-06-01,2026-06-01 11:20:59,V015,165.0,1.0547705450610667
2026-06-01,2026-06-01 11:21:00,V015,165.0,1.0334220822438782
2026-06-01,2026-06-01 11:21:01,V015,165.0,1.007134219158708
2026-06-01,2026-06-01 11:21:02,V015,165.0,1.0656584738105876
2026-06-01,2026-06-01 11:21:03,V015,165.0,1.0114051066280159
2026-06-01,2026-06-01 11:21:04,V015,165.0,1.0220956503413101
2026-06-01,2026-06-01 11:21:05,V015,165.0,1.0458220290696267
2026-06-01,2026-06-01 11:21:06,V015,165.0,1.0470398293295882
2026-06-01,2026-06-01 11:21:07,V015,164.0,1.0503491824790958
2026-06-01,2026-06-01 11:21:08,V015,164.0,1.0494710791985538
2026-06-01,2026-06-01 11:21:09,V015,164.0,0.9933195946846973
2026-06-01,2026-06-01 11:21:10,V015,163.0,1.0160100326013324
2026-06-01,2026-06-01 11:21:11,V015,161.0,1.0047414644143793
2026-06-01,2026-06-01 11:21:12,V015,160.0,1.1321354888565829
2026-06-01,2026-06-01 11:21:13,V015,158.0,1.0410429331834192
2026-06-01,2026-06-01 11:21:14,V015,158.0,0.9950663829757616
2026-06-01,2026-06-01 11:21:15,V015,158.0,1.0549643061130893
2026-06-01,2026-06-01 11:21:16,V015,158.0,1.0166307729635766
2026-06-01,2026-06-01 11:21:17,V015,158.0,1.0133261279025871
2026-06-01,2026-06-01 11:21:18,V015,159.0,0.9993820275069207
2026-06-01,2026-06-01 11:21:19,V015,159.0,1.0992336816601658
2026-06-01,2026-06-01 11:21:20,V015,160.0,1.1689303649580414
2026-06-01,2026-06-01 11:21:21,V015,160.0,1.061784822159725
2026-06-01,2026-06-01 11:21:22,V015,162.0,1.0018106980973513
2026-06-01,2026-06-01 11:21:23,V015,163.0,1.0367103176594088
2026-06-01,2026-06-01 11:21:24,V015,164.0,1.0049508726296268
2026-06-01,2026-06-01 11:21:25,V015,166.0,1.006632749377364
2026-06-01,2026-06-01 11:21:26,V015,166.0,1.024073125719994
2026-06-01,2026-06-01 11:21:27,V015,166.0,1.00081856537496
2026-06-01,2026-06-01 11:21:28,V015,165.0,1.039169583869545
2026-06-01,2026-06-01 11:21:29,V015,164.0,0.9854585867111362
2026-06-01,2026-06-01 11:21:30,V015,164.0,1.1183151732032084
2026-06-01,2026-06-01 11:21:31,V015,163.0,0.9968588695875888
2026-06-01,2026-06-01 11:21:32,V015,163.0,1.0180642868126117
2026-06-01,2026-06-01 11:21:33,V015,163.0,1.0181232196852907
2026-06-01,2026-06-01 11:21:34,V015,163.0,1.0103532725162572
2026-06-01,2026-06-01 11:21:35,V015,163.0,1.0259303603492198
2026-06-01,2026-06-01 11:21:36,V015,163.0,1.021827093211374
2026-06-01,2026-06-01 11:21:37,V015,163.0,0.9960119715049159
2026-06-01,2026-06-01 11:21:38,V015,163.0,1.005642128619756
2026-06-01,2026-06-01 11:21:39,V015,163.0,1.003921794751544
2026-06-01,2026-06-01 11:21:40,V015,163.0,1.01562345156844
2026-06-01,2026-06-01 11:21:41,V015,163.0,1.0331487476003967
2026-06-01,2026-06-01 11:21:42,V015,163.0,0.995114705187764
2026-06-01,2026-06-01 11:21:43,V015,163.0,1.0189918257013864
2026-06-01,2026-06-01 11:21:44,V015,163.0,1.013942266517483
2026-06-01,2026-06-01 11:21:45,V015,163.0,1.0701895452594796
2026-06-01,2026-06-01 11:21:46,V015,164.0,0.9894199121754182
2026-06-01,2026-06-01 11:21:47,V015,164.0,1.0095507401401684
2026-06-01,2026-06-01 11:21:48,V015,165.0,1.0182679674638633
2026-06-01,2026-06-01 11:21:49,V015,166.0,1.0006689532557356
2026-06-01,2026-06-01 11:21:50,V015,167.0,1.009607394876494
2026-06-01,2026-06-01 11:21:51,V015,167.0,1.0074679694460114
2026-06-01,2026-06-01 11:21:52,V015,167.0,1.0000339501356574
2026-06-01,2026-06-01 11:21:53,V015,167.0,1.0022187015290556
2026-06-01,2026-06-01 11:21:54,V015,167.0,1.0002066075145495
2026-06-01,2026-06-01 11:21:55,V015,166.0,1.0199335667192364
2026-06-01,2026-06-01 11:21:56,V015,166.0,0.9985473521230973
2026-06-01,2026-06-01 11:21:57,V015,166.0,1.0181824052351602
2026-06-01,2026-06-01 11:21:58,V015,166.0,1.0053544944786368
2026-06-01,2026-06-01 11:21:59,V015,166.0,1.0309370674143656
2026-06-01,2026-06-01 11:22:00,V015,166.0,1.0032768285083444
2026-06-01,2026-06-01 11:22:01,V015,165.0,1.0247457374792899
2026-06-01,2026-06-01 11:22:02,V015,165.0,0.9940699174322148
2026-06-01,2026-06-01 11:22:03,V015,165.0,1.0057420027916069
2026-06-01,2026-06-01 11:22:04,V015,164.0,1.0086373483590438
2026-06-01,2026-06-01 11:22:05,V015,164.0,1.0070430052063153
2026-06-01,2026-06-01 11:22:06,V015,162.0,0.9833218667866052
2026-06-01,2026-06-01 11:22:07,V015,161.0,1.0116887656727167
2026-06-01,2026-06-01 11:22:08,V015,160.0,1.0085012231629622
2026-06-01,2026-06-01 11:22:09,V015,159.0,1.0067357623211513
2026-06-01,2026-06-01 11:22:10,V015,159.0,0.9967529803204656
2026-06-01,2026-06-01 11:22:11,V015,159.0,1.0366074970968615
2026-06-01,2026-06-01 11:22:12,V015,158.0,0.9994630157075282
2026-06-01,2026-06-01 11:22:13,V015,158.0,1.011788386399897
2026-06-01,2026-06-01 11:22:14,V015,157.0,1.0107811431251734
2026-06-01,2026-06-01 11:22:15,V015,157.0,1.0088291333050916
2026-06-01,2026-06-01 11:22:16,V015,156.0,1.0052076525279678
2026-06-01,2026-06-01 11:22:17,V015,156.0,1.0096881444360417
2026-06-01,2026-06-01 11:22:18,V015,156.0,1.002529922635761
2026-06-01,2026-06-01 11:22:19,V015,156.0,1.0048267441375056
2026-06-01,2026-06-01 11:22:20,V015,156.0,1.0031052693159348
2026-06-01,2026-06-01 11:22:21,V015,156.0,1.0474384754431847
2026-06-01,2026-06-01 11:22:22,V015,156.0,0.9714959934725764
2026-06-01,2026-06-01 11:22:23,V015,156.0,1.0087858526988773
2026-06-01,2026-06-01 11:22:24,V015,156.0,1.0032090923072774
2026-06-01,2026-06-01 11:22:25,V015,156.0,1.0012439129797202
2026-06-01,2026-06-01 11:22:26,V015,156.0,1.0448227095147664
2026-06-01,2026-06-01 11:22:27,V015,157.0,1.0025274583018335
2026-06-01,2026-06-01 11:22:28,V015,157.0,1.012137816651833
2026-06-01,2026-06-01 11:22:29,V015,157.0,1.0062480426964706
2026-06-01,2026-06-01 11:22:30,V015,158.0,1.0036773851057563
2026-06-01,2026-06-01 11:22:31,V015,158.0,1.00304462113114
2026-06-01,2026-06-01 11:22:32,V015,158.0,1.003168823665378
2026-06-01,2026-06-01 11:22:33,V015,157.0,1.0028366896168623
2026-06-01,2026-06-01 11:22:34,V015,157.0,1.0085769781253826
2026-06-01,2026-06-01 11:22:35,V015,157.0,1.004951034753767
2026-06-01,2026-06-01 11:22:36,V015,156.0,1.0053639358131472
2026-06-01,2026-06-01 11:22:37,V015,155.0,1.0029828513531398
2026-06-01,2026-06-01 11:22:38,V015,155.0,1.0032698212263973
2026-06-01,2026-06-01 11:22:39,V015,155.0,1.0031956009796148
2026-06-01,2026-06-01 11:22:40,V015,154.0,1.00409454988091
2026-06-01,2026-06-01 11:22:41,V015,154.0,1.0035355199715061
2026-06-01,2026-06-01 11:22:42,V015,153.0,1.0031588839187253
2026-06-01,2026-06-01 11:22:43,V015,153.0,1.003306238530932
2026-06-01,2026-06-01 11:22:44,V015,152.0,1.003116685389395
2026-06-01,2026-06-01 11:22:45,V015,152.0,1.0039611388030603
2026-06-01,2026-06-01 11:22:46,V015,151.0,1.0072719826239966
2026-06-01,2026-06-01 11:22:47,V015,151.0,1.0991510916541103
2026-06-01,2026-06-01 11:22:48,V015,151.0,0.9293902230492884
2026-06-01,2026-06-01 11:22:49,V015,150.0,1.0623319790474468
2026-06-01,2026-06-01 11:22:50,V015,150.0,1.0154072229316036
2026-06-01,2026-06-01 11:22:51,V015,150.0,1.0325668282524147
2026-06-01,2026-06-01 11:22:52,V015,150.0,1.036650258767356
2026-06-01,2026-06-01 11:22:53,V015,150.0,1.0279107719100227
2026-06-01,2026-06-01 11:22:54,V015,149.0,1.0341682052731151
2026-06-01,2026-06-01 11:22:55,V015,149.0,1.0023444018263845
2026-06-01,2026-06-01 11:22:56,V015,149.0,1.0180795708506198
2026-06-01,2026-06-01 11:22:57,V015,149.0,1.011506514465481
2026-06-01,2026-06-01 11:22:58,V015,148.0,1.0079763740740932
2026-06-01,2026-06-01 11:22:59,V015,148.0,1.0030876184793531
2026-06-01,2026-06-01 11:23:00,V015,148.0,1.0028911911852012
2026-06-01,2026-06-01 11:23:01,V015,148.0,1.006442342092704
2026-06-01,2026-06-01 11:23:02,V015,148.0,1.009290025842894
2026-06-01,2026-06-01 11:23:03,V015,148.0,1.0852290202438017
2026-06-01,2026-06-01 11:23:04,V015,148.0,1.0279860206867686
2026-06-01,2026-06-01 11:23:05,V015,148.0,1.0103805258035654
2026-06-01,2026-06-01 11:23:06,V015,148.0,1.0144799000927491
2026-06-01,2026-06-01 11:23:07,V015,148.0,1.0101300034021303
2026-06-01,2026-06-01 11:23:08,V015,149.0,1.0116301875052371
2026-06-01,2026-06-01 11:23:09,V015,149.0,1.0054969483779121
2026-06-01,2026-06-01 11:23:10,V015,150.0,0.9997750029956833
2026-06-01,2026-06-01 11:23:11,V015,150.0,1.0050456794008529
2026-06-01,2026-06-01 11:23:12,V015,151.0,1.0041649060769127
2026-06-01,2026-06-01 11:23:13,V015,151.0,1.0027070421404032
2026-06-01,2026-06-01 11:23:14,V015,151.0,1.0041095891868141
2026-06-01,2026-06-01 11:23:15,V015,151.0,1.0182807683059674
2026-06-01,2026-06-01 11:23:16,V015,150.0,1.00587050017926
2026-06-01,2026-06-01 11:23:17,V015,150.0,1.020741392523511
2026-06-01,2026-06-01 11:23:18,V015,150.0,1.0135132993635587
2026-06-01,2026-06-01 11:23:19,V015,149.0,1.001124127318653
2026-06-01,2026-06-01 11:23:20,V015,149.0,1.014815948388204
2026-06-01,2026-06-01 11:23:21,V015,148.0,1.0059908806483402
2026-06-01,2026-06-01 11:23:22,V015,148.0,1.0018777416712632
2026-06-01,2026-06-01 11:23:23,V015,148.0,1.0089599525902424
2026-06-01,2026-06-01 11:23:24,V015,148.0,1.0043283479359473
2026-06-01,2026-06-01 11:23:25,V015,147.0,1.0020370081869172
2026-06-01,2026-06-01 11:23:26,V015,147.0,1.0027437219970206
2026-06-01,2026-06-01 11:23:27,V015,147.0,1.0228264281014974
2026-06-01,2026-06-01 11:23:28,V015,147.0,0.9884297383273876
2026-06-01,2026-06-01 11:23:29,V015,147.0,1.018715821225704
2026-06-01,2026-06-01 11:23:30,V015,146.0,0.9947593488714529
2026-06-01,2026-06-01 11:23:31,V015,146.0,1.006777937959148
2026-06-01,2026-06-01 11:23:32,V015,145.0,1.0044073697816405
2026-06-01,2026-06-01 11:23:33,V015,145.0,1.0020336015940219
2026-06-01,2026-06-01 11:23:34,V015,144.0,1.0119001010448352
2026-06-01,2026-06-01 11:23:35,V015,144.0,1.002709922771871
2026-06-01,2026-06-01 11:23:36,V015,143.0,1.0022352189391834
2026-06-01,2026-06-01 11:23:37,V015,143.0,1.0013479672673657
2026-06-01,2026-06-01 11:23:38,V015,143.0,1.0028802532998256
2026-06-01,2026-06-01 11:23:39,V015,143.0,1.0037288799563435
2026-06-01,2026-06-01 11:23:40,V015,143.0,1.0021396249699421
2026-06-01,2026-06-01 11:23:41,V015,143.0,1.0037928416252606
2026-06-01,2026-06-01 11:23:42,V015,143.0,1.0028215572884749
2026-06-01,2026-06-01 11:23:43,V015,143.0,1.004613803860353
2026-06-01,2026-06-01 11:23:44,V015,143.0,1.0012953196178849
2026-06-01,2026-06-01 11:23:45,V015,143.0,1.0227553913237182
2026-06-01,2026-06-01 11:23:46,V015,143.0,1.016137434976447
2026-06-01,2026-06-01 11:23:47,V015,143.0,1.025796565064904
2026-06-01,2026-06-01 11:23:48,V015,143.0,1.0059036796383287
2026-06-01,2026-06-01 11:23:49,V015,143.0,1.0020204219631763
2026-06-01,2026-06-01 11:23:50,V015,143.0,1.0031921787598526
2026-06-01,2026-06-01 11:23:51,V015,144.0,1.0028843194324353
2026-06-01,2026-06-01 11:23:52,V015,144.0,1.0025909342249257
2026-06-01,2026-06-01 11:23:53,V015,145.0,1.0072833957279388
2026-06-01,2026-06-01 11:23:54,V015,145.0,1.0304989816822572
2026-06-01,2026-06-01 11:23:55,V015,145.0,1.0472326344053255
2026-06-01,2026-06-01 11:23:56,V015,146.0,1.0014663481421693
2026-06-01,2026-06-01 11:23:57,V015,146.0,1.0038174262711446
2026-06-01,2026-06-01 11:23:58,V015,145.0,1.0004170908728447
2026-06-01,2026-06-01 11:23:59,V015,144.0,1.004943584386205
2026-06-01,2026-06-01 11:24:00,V015,143.0,1.003093501908389
2026-06-01,2026-06-01 11:24:01,V015,142.0,1.006783953563223
2026-06-01,2026-06-01 11:24:02,V015,141.0,1.0030348368598139
2026-06-01,2026-06-01 11:24:03,V015,141.0,1.0058497581769081
2026-06-01,2026-06-01 11:24:04,V015,141.0,1.0075304340202447
2026-06-01,2026-06-01 11:24:05,V015,142.0,1.0039397782396924
2026-06-01,2026-06-01 11:24:06,V015,142.0,1.0032874777155238
2026-06-01,2026-06-01 11:24:07,V015,143.0,1.001908367365396
2026-06-01,2026-06-01 11:24:08,V015,143.0,1.003595052056744
2026-06-01,2026-06-01 11:24:09,V015,144.0,1.0027277749385561
2026-06-01,2026-06-01 11:24:10,V015,145.0,1.0063924094013514
2026-06-01,2026-06-01 11:24:11,V015,145.0,1.0027489904916462
2026-06-01,2026-06-01 11:24:12,V015,146.0,1.0004692968388058
2026-06-01,2026-06-01 11:24:13,V015,146.0,1.0084113104331127
2026-06-01,2026-06-01 11:24:14,V015,146.0,1.0026123063302252
2026-06-01,2026-06-01 11:24:15,V015,146.0,1.0035154473517383
2026-06-01,2026-06-01 11:24:16,V015,145.0,1.0137001087377528
2026-06-01,2026-06-01 11:24:17,V015,145.0,1.02696902901092
2026-06-01,2026-06-01 11:24:18,V015,145.0,1.0137863517084575
2026-06-01,2026-06-01 11:24:19,V015,145.0,1.0082473514967645
2026-06-01,2026-06-01 11:24:20,V015,145.0,1.0044695733884377
2026-06-01,2026-06-01 11:24:21,V015,145.0,1.0028079209625558
2026-06-01,2026-06-01 11:24:22,V015,145.0,1.0063163101525212
2026-06-01,2026-06-01 11:24:23,V015,145.0,1.0325854959355585
2026-06-01,2026-06-01 11:24:24,V015,145.0,0.9917784391963381
2026-06-01,2026-06-01 11:24:25,V015,145.0,1.0097089349524628
2026-06-01,2026-06-01 11:24:26,V015,145.0,0.9725932307135288
2026-06-01,2026-06-01 11:24:27,V015,145.0,1.0719345941557854
2026-06-01,2026-06-01 11:24:28,V015,145.0,1.0123694427869097
2026-06-01,2026-06-01 11:24:29,V015,144.0,1.0022834384366017
2026-06-01,2026-06-01 11:24:30,V015,144.0,1.0051505326694161
2026-06-01,2026-06-01 11:24:31,V015,144.0,1.0177071090137588
2026-06-01,2026-06-01 11:24:32,V015,143.0,1.0246615572038738
2026-06-01,2026-06-01 11:24:33,V015,143.0,1.0058074351561623
2026-06-01,2026-06-01 11:24:34,V015,143.0,1.0083260823108922
2026-06-01,2026-06-01 11:24:35,V015,142.0,1.0082855740262975
2026-06-01,2026-06-01 11:24:36,V015,142.0,1.003095273982136
2026-06-01,2026-06-01 11:24:37,V015,141.0,1.0118044099065129
2026-06-01,2026-06-01 11:24:38,V015,141.0,1.0003798393307788
2026-06-01,2026-06-01 11:24:39,V015,141.0,1.0106744953860494
2026-06-01,2026-06-01 11:24:40,V015,141.0,1.002761689647393
2026-06-01,2026-06-01 11:24:41,V015,140.0,1.0100382083844395
2026-06-01,2026-06-01 11:24:42,V015,140.0,1.003570254927343
2026-06-01,2026-06-01 11:24:43,V015,139.0,1.0016109379102907
2026-06-01,2026-06-01 11:24:44,V015,139.0,1.0105963074238757
2026-06-01,2026-06-01 11:24:45,V015,138.0,1.0004887805654348
2026-06-01,2026-06-01 11:24:46,V015,139.0,1.0079116602851002
2026-06-01,2026-06-01 11:24:47,V015,139.0,1.0044208395113332
2026-06-01,2026-06-01 11:24:48,V015,139.0,1.004664531799872
2026-06-01,2026-06-01 11:24:49,V015,139.0,1.000476821602748
2026-06-01,2026-06-01 11:24:50,V015,140.0,1.0043323905230688
2026-06-01,2026-06-01 11:24:51,V015,140.0,1.003301492359778
2026-06-01,2026-06-01 11:24:52,V015,140.0,1.003329110874498
2026-06-01,2026-06-01 11:24:53,V015,140.0,1.0039261209918826
2026-06-01,2026-06-01 11:24:54,V015,140.0,1.0032900777815528
2026-06-01,2026-06-01 11:24:55,V015,140.0,1.002428314868056
2026-06-01,2026-06-01 11:24:56,V015,140.0,1.0033894386394193
2026-06-01,2026-06-01 11:24:57,V015,140.0,1.0028579048483295
2026-06-01,2026-06-01 11:24:58,V015,140.0,1.0042290029894705
2026-06-01,2026-06-01 11:24:59,V015,140.0,1.0032405134404736
2026-06-01,2026-06-01 11:25:00,V015,140.0,1.0028145497383107
2026-06-01,2026-06-01 11:25:01,V015,141.0,1.0026139921968282
2026-06-01,2026-06-01 11:25:02,V015,140.0,1.002733710521096
2026-06-01,2026-06-01 11:25:03,V015,140.0,1.0041282636798583
2026-06-01,2026-06-01 11:25:04,V015,140.0,1.0003676396407117
2026-06-01,2026-06-01 11:25:05,V015,139.0,1.0089821086719637
2026-06-01,2026-06-01 11:25:06,V015,139.0,1.0089776519707971
2026-06-01,2026-06-01 11:25:07,V015,139.0,1.0250656625263181
2026-06-01,2026-06-01 11:25:08,V015,138.0,1.0027578450981727
2026-06-01,2026-06-01 11:25:09,V015,138.0,1.0015132993902198
2026-06-01,2026-06-01 11:25:10,V015,138.0,1.026672017978086
2026-06-01,2026-06-01 11:25:11,V015,139.0,0.9976943201483579
2026-06-01,2026-06-01 11:25:12,V015,139.0,1.0391787939880859
2026-06-01,2026-06-01 11:25:13,V015,140.0,1.0400096975130781
2026-06-01,2026-06-01 11:25:14,V015,140.0,1.0226155615963375
2026-06-01,2026-06-01 11:25:15,V015,140.0,1.073389741492138
2026-06-01,2026-06-01 11:25:16,V015,141.0,0.9922533355203265
2026-06-01,2026-06-01 11:25:17,V015,141.0,1.0331078539483918
2026-06-01,2026-06-01 11:25:18,V015,140.0,1.0140764005793694
2026-06-01,2026-06-01 11:25:19,V015,140.0,1.0491497841490307
2026-06-01,2026-06-01 11:25:20,V015,140.0,1.0310375245462091
2026-06-01,2026-06-01 11:25:21,V015,140.0,0.9968317433739041
2026-06-01,2026-06-01 11:25:22,V015,139.0,1.0022708242771672
2026-06-01,2026-06-01 11:25:23,V015,138.0,1.0121641904719765
2026-06-01,2026-06-01 11:25:24,V015,138.0,0.9983164139197779
2026-06-01,2026-06-01 11:25:25,V015,137.0,1.0011519675607428
2026-06-01,2026-06-01 11:25:26,V015,137.0,1.0011898029321473
2026-06-01,2026-06-01 11:25:27,V015,137.0,1.009433902647151
2026-06-01,2026-06-01 11:25:28,V015,136.0,1.0116561882776793
2026-06-01,2026-06-01 11:25:29,V015,136.0,1.0038360085125078
2026-06-01,2026-06-01 11:25:30,V015,136.0,1.0127082910196188
2026-06-01,2026-06-01 11:25:31,V015,136.0,1.0311396311563918
2026-06-01,2026-06-01 11:25:32,V015,135.0,1.0070430918723057
2026-06-01,2026-06-01 11:25:33,V015,134.0,1.1413744835007515
2026-06-01,2026-06-01 11:25:34,V015,134.0,0.9657561153854243
2026-06-01,2026-06-01 11:25:35,V015,134.0,1.0101291946009294
2026-06-01,2026-06-01 11:25:36,V015,134.0,1.0606686534184677
2026-06-01,2026-06-01 11:25:37,V015,135.0,1.015815185357266
2026-06-01,2026-06-01 11:25:38,V015,137.0,1.0124957830122774
2026-06-01,2026-06-01 11:25:39,V015,138.0,1.0514580642420714
2026-06-01,2026-06-01 11:25:40,V015,140.0,0.9753631275504802
2026-06-01,2026-06-01 11:25:41,V015,141.0,1.020153003415299
2026-06-01,2026-06-01 11:25:42,V015,143.0,1.025279354219171
2026-06-01,2026-06-01 11:25:43,V015,144.0,1.0231962377393478
2026-06-01,2026-06-01 11:25:44,V015,145.0,1.0070299427466542
2026-06-01,2026-06-01 11:25:45,V015,147.0,1.0167425331074016
2026-06-01,2026-06-01 11:25:46,V015,148.0,1.0105484933853905
2026-06-01,2026-06-01 11:25:47,V015,148.0,1.016765150542745
2026-06-01,2026-06-01 11:25:48,V015,149.0,1.0103763255638354
2026-06-01,2026-06-01 11:25:49,V015,149.0,1.0015188535394495
2026-06-01,2026-06-01 11:25:50,V015,149.0,1.0055123988857368
2026-06-01,2026-06-01 11:25:51,V015,149.0,1.000788496424337
2026-06-01,2026-06-01 11:25:52,V015,148.0,1.00353181409864
2026-06-01,2026-06-01 11:25:53,V015,148.0,1.0013752102941678
2026-06-01,2026-06-01 11:25:54,V015,147.0,1.0021247716239114
2026-06-01,2026-06-01 11:25:55,V015,147.0,1.0070146540357028
2026-06-01,2026-06-01 11:25:56,V015,147.0,0.994123693685749
2026-06-01,2026-06-01 11:25:57,V015,147.0,1.0248613189324172
2026-06-01,2026-06-01 11:25:58,V015,147.0,0.9986069186560668
2026-06-01,2026-06-01 11:25:59,V015,148.0,1.0116263735236288
2026-06-01,2026-06-01 11:26:00,V015,149.0,0.9968418564906569
2026-06-01,2026-06-01 11:26:01,V015,149.0,1.0123047667629812
2026-06-01,2026-06-01 11:26:02,V015,149.0,1.002821311768548
2026-06-01,2026-06-01 11:26:03,V015,148.0,1.0033382305025984
2026-06-01,2026-06-01 11:26:04,V015,148.0,1.031337084668765
2026-06-01,2026-06-01 11:26:05,V015,147.0,0.9994356151091662
2026-06-01,2026-06-01 11:26:06,V015,146.0,1.0053090746472753
2026-06-01,2026-06-01 11:26:07,V015,146.0,1.094501159653791
2026-06-01,2026-06-01 11:26:08,V015,145.0,1.0012419606512213
2026-06-01,2026-06-01 11:26:09,V015,144.0,1.0000077059083397
2026-06-01,2026-06-01 11:26:10,V015,143.0,1.0264732631599824
2026-06-01,2026-06-01 11:26:11,V015,143.0,1.0228027977346963
2026-06-01,2026-06-01 11:26:12,V015,143.0,1.0146903810049437
2026-06-01,2026-06-01 11:26:13,V015,143.0,1.0100463661149015
2026-06-01,2026-06-01 11:26:14,V015,143.0,0.9989297622209198
2026-06-01,2026-06-01 11:26:15,V015,143.0,1.0029005443246475
2026-06-01,2026-06-01 11:26:16,V015,143.0,0.9921217506099452
2026-06-01,2026-06-01 11:26:17,V015,142.0,1.025033112333831
2026-06-01,2026-06-01 11:26:18,V015,142.0,1.0149627697317802
2026-06-01,2026-06-01 11:26:19,V015,142.0,1.0128937550247634
2026-06-01,2026-06-01 11:26:20,V015,142.0,1.0197483422027132
2026-06-01,2026-06-01 11:26:21,V015,142.0,1.0219755061890803
2026-06-01,2026-06-01 11:26:22,V015,142.0,1.0243719097385218
2026-06-01,2026-06-01 11:26:23,V015,142.0,1.0297621762357918
2026-06-01,2026-06-01 11:26:24,V015,142.0,1.0604107748899516
2026-06-01,2026-06-01 11:26:25,V015,142.0,1.0216283363986298
2026-06-01,2026-06-01 11:26:26,V015,142.0,1.000657860941447
2026-06-01,2026-06-01 11:26:27,V015,142.0,1.0331813422781955
2026-06-01,2026-06-01 11:26:28,V015,142.0,0.990035316278162
2026-06-01,2026-06-01 11:26:29,V015,142.0,1.0444222948763298
2026-06-01,2026-06-01 11:26:30,V015,142.0,1.0085376209881798
2026-06-01,2026-06-01 11:26:31,V015,142.0,1.0134842567892874
2026-06-01,2026-06-01 11:26:32,V015,142.0,1.0035083311093187
2026-06-01,2026-06-01 11:26:33,V015,142.0,1.0038814068852866
2026-06-01,2026-06-01 11:26:34,V015,142.0,1.0042612710615562
2026-06-01,2026-06-01 11:26:35,V015,142.0,1.0124201707308733
2026-06-01,2026-06-01 11:26:36,V015,142.0,1.0211293414742335
2026-06-01,2026-06-01 11:26:37,V015,142.0,0.9990693069132448
2026-06-01,2026-06-01 11:26:38,V015,142.0,1.0188187126287511
2026-06-01,2026-06-01 11:26:39,V015,141.0,1.0097300562564073
2026-06-01,2026-06-01 11:26:40,V015,141.0,1.0005554017945746
2026-06-01,2026-06-01 11:26:41,V015,141.0,1.0173562646754877
2026-06-01,2026-06-01 11:26:42,V015,142.0,1.0263437341999446
2026-06-01,2026-06-01 11:26:43,V015,142.0,0.9464579751279756
2026-06-01,2026-06-01 11:26:44,V015,143.0,1.114858149793904
2026-06-01,2026-06-01 11:26:45,V015,144.0,1.0021556655658872
2026-06-01,2026-06-01 11:26:46,V015,145.0,1.0247411826592958
2026-06-01,2026-06-01 11:26:47,V015,145.0,0.9962283511050446
2026-06-01,2026-06-01 11:26:48,V015,146.0,1.014340008598288
2026-06-01,2026-06-01 11:26:49,V015,146.0,1.0028499952230152
2026-06-01,2026-06-01 11:26:50,V015,146.0,1.0015867940579843
2026-06-01,2026-06-01 11:26:51,V015,146.0,1.002103275123111
2026-06-01,2026-06-01 11:26:52,V015,146.0,1.010129751438003
2026-06-01,2026-06-01 11:26:53,V015,146.0,1.0021598904643167
2026-06-01,2026-06-01 11:26:54,V015,146.0,1.0076490180029607
2026-06-01,2026-06-01 11:26:55,V015,146.0,1.000398327441007
2026-06-01,2026-06-01 11:26:56,V015,146.0,1.003814618639775
2026-06-01,2026-06-01 11:26:57,V015,146.0,1.003578880423482
2026-06-01,2026-06-01 11:26:58,V015,146.0,1.0019423051314362
2026-06-01,2026-06-01 11:26:59,V015,146.0,1.0142091990296014
2026-06-01,2026-06-01 11:27:00,V015,146.0,1.0168104494493995
2026-06-01,2026-06-01 11:27:01,V015,146.0,1.005559360886041
2026-06-01,2026-06-01 11:27:02,V015,146.0,0.9990603185142992
2026-06-01,2026-06-01 11:27:03,V015,146.0,1.0129674966610942
2026-06-01,2026-06-01 11:27:04,V015,146.0,1.016191316887461
2026-06-01,2026-06-01 11:27:05,V015,147.0,1.006468859697452
2026-06-01,2026-06-01 11:27:06,V015,147.0,1.005320675869169
2026-06-01,2026-06-01 11:27:07,V015,147.0,1.0058702695391752
2026-06-01,2026-06-01 11:27:08,V015,147.0,1.0021596050791128
2026-06-01,2026-06-01 11:27:09,V015,147.0,1.014003339840268
2026-06-01,2026-06-01 11:27:10,V015,148.0,1.0005653627944617
2026-06-01,2026-06-01 11:27:11,V015,148.0,0.9894099262720045
2026-06-01,2026-06-01 11:27:12,V015,148.0,1.0393769578509922
2026-06-01,2026-06-01 11:27:13,V015,148.0,1.0048479867722324
2026-06-01,2026-06-01 11:27:14,V015,148.0,1.004210891861503
2026-06-01,2026-06-01 11:27:15,V015,147.0,1.0148447731465047
2026-06-01,2026-06-01 11:27:16,V015,147.0,1.0032392586472998
2026-06-01,2026-06-01 11:27:17,V015,146.0,1.0037599590151298
2026-06-01,2026-06-01 11:27:18,V015,146.0,1.0051207384161467
2026-06-01,2026-06-01 11:27:19,V015,146.0,1.0042686002862018
2026-06-01,2026-06-01 11:27:20,V015,146.0,1.0151211357540229
2026-06-01,2026-06-01 11:27:21,V015,145.0,0.9924287684347824
2026-06-01,2026-06-01 11:27:22,V015,144.0,1.0105683922330666
2026-06-01,2026-06-01 11:27:23,V015,143.0,1.0027585032643345
2026-06-01,2026-06-01 11:27:24,V015,143.0,1.001952547488273
2026-06-01,2026-06-01 11:27:25,V015,143.0,1.0088945546492138
2026-06-01,2026-06-01 11:27:26,V015,143.0,1.0157509975610444
2026-06-01,2026-06-01 11:27:27,V015,143.0,1.0133454118092562
2026-06-01,2026-06-01 11:27:28,V015,144.0,1.0131783553829694
2026-06-01,2026-06-01 11:27:29,V015,144.0,1.0052281787416573
2026-06-01,2026-06-01 11:27:30,V015,144.0,1.02917735699189
2026-06-01,2026-06-01 11:27:31,V015,144.0,1.005179534654205
2026-06-01,2026-06-01 11:27:32,V015,144.0,1.0470259481548323
2026-06-01,2026-06-01 11:27:33,V015,144.0,0.9999360209812294
2026-06-01,2026-06-01 11:27:34,V015,145.0,1.018210841833863
2026-06-01,2026-06-01 11:27:35,V015,145.0,1.0096379875818144
2026-06-01,2026-06-01 11:27:36,V015,146.0,1.0026726585088728
2026-06-01,2026-06-01 11:27:37,V015,146.0,1.0083650723779563
2026-06-01,2026-06-01 11:27:38,V015,146.0,1.0085361989988622
2026-06-01,2026-06-01 11:27:39,V015,145.0,1.0028806100092518
2026-06-01,2026-06-01 11:27:40,V015,145.0,1.0138999244395384
2026-06-01,2026-06-01 11:27:41,V015,145.0,1.0139469243958126
2026-06-01,2026-06-01 11:27:42,V015,145.0,1.0031827165355047
2026-06-01,2026-06-01 11:27:43,V015,144.0,1.0127185974768718
2026-06-01,2026-06-01 11:27:44,V015,144.0,0.9970603736938007
2026-06-01,2026-06-01 11:27:45,V015,144.0,1.0094884675070952
2026-06-01,2026-06-01 11:27:46,V015,144.0,1.006892227722726
2026-06-01,2026-06-01 11:27:47,V015,144.0,1.003419498256672
2026-06-01,2026-06-01 11:27:48,V015,144.0,1.0016083011391188
2026-06-01,2026-06-01 11:27:49,V015,144.0,1.0028459592875292
2026-06-01,2026-06-01 11:27:50,V015,144.0,1.0054139432284301
2026-06-01,2026-06-01 11:27:51,V015,144.0,1.005378671079018
2026-06-01,2026-06-01 11:27:52,V015,144.0,1.0054963545354303
2026-06-01,2026-06-01 11:27:53,V015,144.0,1.0048085117529202
2026-06-01,2026-06-01 11:27:54,V015,145.0,1.0055881768358732
2026-06-01,2026-06-01 11:27:55,V015,145.0,1.003931839921893
2026-06-01,2026-06-01 11:27:56,V015,146.0,1.0082932261974014
2026-06-01,2026-06-01 11:27:57,V015,147.0,1.0119513873011332
2026-06-01,2026-06-01 11:27:58,V015,147.0,1.0111100415134244
2026-06-01,2026-06-01 11:27:59,V015,148.0,1.003885583757369
2026-06-01,2026-06-01 11:28:00,V015,148.0,1.0013080832448316
2026-06-01,2026-06-01 11:28:01,V015,148.0,1.0081272067847649
2026-06-01,2026-06-01 11:28:02,V015,148.0,1.0025230776205478
2026-06-01,2026-06-01 11:28:03,V015,148.0,1.0023785787120925
2026-06-01,2026-06-01 11:28:04,V015,147.0,1.0028310106457947
2026-06-01,2026-06-01 11:28:05,V015,146.0,1.0017721170053568
2026-06-01,2026-06-01 11:28:06,V015,146.0,1.0028562303843813
2026-06-01,2026-06-01 11:28:07,V015,145.0,1.0071357633452789
2026-06-01,2026-06-01 11:28:08,V015,145.0,1.0162034687020192
2026-06-01,2026-06-01 11:28:09,V015,145.0,1.013724736765231
2026-06-01,2026-06-01 11:28:10,V015,145.0,1.0010858628099353
2026-06-01,2026-06-01 11:28:11,V015,145.0,1.00273208213136
2026-06-01,2026-06-01 11:28:12,V015,145.0,1.0148970021888974
2026-06-01,2026-06-01 11:28:13,V015,145.0,1.0127515259985602
2026-06-01,2026-06-01 11:28:14,V015,145.0,0.9986361462350689
2026-06-01,2026-06-01 11:28:15,V015,146.0,1.0101707069695238
2026-06-01,2026-06-01 11:28:16,V015,146.0,1.026283839034341
2026-06-01,2026-06-01 11:28:17,V015,147.0,1.0197071033232645
2026-06-01,2026-06-01 11:28:18,V015,147.0,1.1189514456149907
2026-06-01,2026-06-01 11:28:19,V015,147.0,1.0929865794636096
2026-06-01,2026-06-01 11:28:20,V015,148.0,1.0159407377064011
2026-06-01,2026-06-01 11:28:21,V015,149.0,1.025938861202672
2026-06-01,2026-06-01 11:28:22,V015,150.0,1.0007611779282835
2026-06-01,2026-06-01 11:28:23,V015,150.0,1.0261453561538416
2026-06-01,2026-06-01 11:28:24,V015,150.0,0.9995399979876418
2026-06-01,2026-06-01 11:28:25,V015,149.0,1.0082418229242252
2026-06-01,2026-06-01 11:28:26,V015,150.0,1.032056161663712
2026-06-01,2026-06-01 11:28:27,V015,150.0,1.0162700132704603
2026-06-01,2026-06-01 11:28:28,V015,150.0,1.0092838271761486
2026-06-01,2026-06-01 11:28:29,V015,150.0,1.021473640611041
2026-06-01,2026-06-01 11:28:30,V015,151.0,1.0185266045583623
2026-06-01,2026-06-01 11:28:31,V015,152.0,1.00374571586578
2026-06-01,2026-06-01 11:28:32,V015,152.0,1.0126540324996471
2026-06-01,2026-06-01 11:28:33,V015,153.0,1.013514897917967
2026-06-01,2026-06-01 11:28:34,V015,154.0,1.051355389489674
2026-06-01,2026-06-01 11:28:35,V015,155.0,0.998245930935756
2026-06-01,2026-06-01 11:28:36,V015,156.0,1.0170206787983698
2026-06-01,2026-06-01 11:28:37,V015,157.0,1.008979344715641
2026-06-01,2026-06-01 11:28:38,V015,159.0,1.008448162919031
2026-06-01,2026-06-01 11:28:39,V015,160.0,1.0093955586492462
2026-06-01,2026-06-01 11:28:40,V015,161.0,1.000919104515114
2026-06-01,2026-06-01 11:28:41,V015,162.0,1.020945309876378
2026-06-01,2026-06-01 11:28:42,V015,162.0,1.0394310326566714
2026-06-01,2026-06-01 11:28:43,V015,163.0,1.0298885747561934
2026-06-01,2026-06-01 11:28:44,V015,162.0,1.0337345528851571
2026-06-01,2026-06-01 11:28:45,V015,162.0,1.0294383337079522
2026-06-01,2026-06-01 11:28:46,V015,161.0,1.0333062875636663
2026-06-01,2026-06-01 11:28:47,V015,161.0,1.0612690269350982
2026-06-01,2026-06-01 11:28:48,V015,161.0,1.162226518737835
2026-06-01,2026-06-01 11:28:49,V015,161.0,0.9280319098421443
2026-06-01,2026-06-01 11:28:50,V015,160.0,1.1406600454865277
2026-06-01,2026-06-01 11:28:51,V015,160.0,1.0479850804553377
2026-06-01,2026-06-01 11:28:52,V015,160.0,1.0542251917724492
2026-06-01,2026-06-01 11:28:53,V015,159.0,1.0507951969692513
2026-06-01,2026-06-01 11:28:54,V015,159.0,1.1066701077522183
2026-06-01,2026-06-01 11:28:55,V015,159.0,1.031248170038513
2026-06-01,2026-06-01 11:28:56,V015,158.0,1.100380764628883
2026-06-01,2026-06-01 11:28:57,V015,158.0,1.0428173217162
2026-06-01,2026-06-01 11:28:58,V015,157.0,1.0126829023550987
2026-06-01,2026-06-01 11:28:59,V015,157.0,1.0292735958136412
2026-06-01,2026-06-01 11:29:00,V015,157.0,1.0131483138068453
2026-06-01,2026-06-01 11:29:01,V015,157.0,1.034490425676617
2026-06-01,2026-06-01 11:29:02,V015,156.0,0.9724946864060945
2026-06-01,2026-06-01 11:29:03,V015,156.0,1.0645223206642114
2026-06-01,2026-06-01 11:29:04,V015,156.0,1.0433963545313882
2026-06-01,2026-06-01 11:29:05,V015,155.0,1.0068096514810032
2026-06-01,2026-06-01 11:29:06,V015,155.0,1.0734218389987848
2026-06-01,2026-06-01 11:29:07,V015,155.0,1.0826130105571892
2026-06-01,2026-06-01 11:29:08,V015,154.0,1.0311889075513596
2026-06-01,2026-06-01 11:29:09,V015,154.0,1.0384338314461148
2026-06-01,2026-06-01 11:29:10,V015,154.0,0.9394847699124317
2026-06-01,2026-06-01 11:29:11,V015,154.0,1.0976276956011648
2026-06-01,2026-06-01 11:29:12,V015,154.0,1.0582928547748849
2026-06-01,2026-06-01 11:29:13,V015,154.0,0.9777709260352708
2026-06-01,2026-06-01 11:29:14,V015,154.0,1.081916156598056
2026-06-01,2026-06-01 11:29:15,V015,154.0,1.0508529079545625
2026-06-01,2026-06-01 11:29:16,V015,154.0,1.0654049223924027
2026-06-01,2026-06-01 11:29:17,V015,155.0,1.0473745167597135
2026-06-01,2026-06-01 11:29:18,V015,155.0,1.1558554303826025
2026-06-01,2026-06-01 11:29:19,V015,155.0,1.0404170305959795
2026-06-01,2026-06-01 11:29:20,V015,155.0,1.010660594913046
2026-06-01,2026-06-01 11:29:21,V015,155.0,1.0141460037784162
2026-06-01,2026-06-01 11:29:22,V015,155.0,1.1167822002903978
2026-06-01,2026-06-01 11:29:23,V015,155.0,0.9890605226765214
2026-06-01,2026-06-01 11:29:24,V015,154.0,1.0076511866372861
2026-06-01,2026-06-01 11:29:25,V015,154.0,1.0221647024751337
2026-06-01,2026-06-01 11:29:26,V015,154.0,1.0691709761406443
2026-06-01,2026-06-01 11:29:27,V015,155.0,0.9983705344793898
2026-06-01,2026-06-01 11:29:28,V015,155.0,1.1408319716541395
2026-06-01,2026-06-01 11:29:29,V015,155.0,1.068007916917306
2026-06-01,2026-06-01 11:29:30,V015,156.0,1.0061793586414869
2026-06-01,2026-06-01 11:29:31,V015,156.0,1.0268771703271535
2026-06-01,2026-06-01 11:29:32,V015,157.0,1.0194807641962402
2026-06-01,2026-06-01 11:29:33,V015,157.0,0.9985930963593815
2026-06-01,2026-06-01 11:29:34,V015,158.0,1.0286678591648697
2026-06-01,2026-06-01 11:29:35,V015,159.0,1.026709792631225
2026-06-01,2026-06-01 11:29:36,V015,160.0,1.0044104058743033
2026-06-01,2026-06-01 11:29:37,V015,160.0,1.022619931524444
2026-06-01,2026-06-01 11:29:38,V015,160.0,0.9945875431251053
2026-06-01,2026-06-01 11:29:39,V015,160.0,0.996578367363447
2026-06-01,2026-06-01 11:29:40,V015,160.0,1.0434140089872574
2026-06-01,2026-06-01 11:29:41,V015,160.0,1.0365910999727845
2026-06-01,2026-06-01 11:29:42,V015,159.0,1.038253602839703
2026-06-01,2026-06-01 11:29:43,V015,159.0,1.023716927396291
2026-06-01,2026-06-01 11:29:44,V015,159.0,1.0261232038244728
2026-06-01,2026-06-01 11:29:45,V015,160.0,1.00141619046781
2026-06-01,2026-06-01 11:29:46,V015,159.0,1.0207269786781337
2026-06-01,2026-06-01 11:29:47,V015,159.0,1.045896576807627
2026-06-01,2026-06-01 11:29:48,V015,158.0,1.0290372983858154
2026-06-01,2026-06-01 11:29:49,V015,158.0,1.0194854974996266
2026-06-01,2026-06-01 11:29:50,V015,158.0,1.0114163778239516
2026-06-01,2026-06-01 11:29:51,V015,157.0,1.0125178531718673
2026-06-01,2026-06-01 11:29:52,V015,157.0,1.015691283695391
2026-06-01,2026-06-01 11:29:53,V015,157.0,1.001887245705787
2026-06-01,2026-06-01 11:29:54,V015,156.0,0.9982442337840564
2026-06-01,2026-06-01 11:29:55,V015,156.0,1.0276232995226515
2026-06-01,2026-06-01 11:29:56,V015,156.0,1.027565397528532
2026-06-01,2026-06-01 11:29:57,V015,156.0,0.9447513605489744
2026-06-01,2026-06-01 11:29:58,V015,156.0,1.2243564294705473
2026-06-01,2026-06-01 11:29:59,V015,156.0,1.0221813157695485
2026-06-01,2026-06-01 11:30:00,V015,156.0,1.1468284074854798
2026-06-01,2026-06-01 11:30:01,V015,156.0,1.031961486238793
2026-06-01,2026-06-01 11:30:02,V015,156.0,1.1488521048011209
2026-06-01,2026-06-01 11:30:03,V015,157.0,1.0522207465561266
2026-06-01,2026-06-01 11:30:04,V015,157.0,1.0189251856661612
2026-06-01,2026-06-01 11:30:05,V015,158.0,1.0679008039895412
2026-06-01,2026-06-01 11:30:06,V015,159.0,1.034059438652649
2026-06-01,2026-06-01 11:30:07,V015,159.0,1.0074401063983123
2026-06-01,2026-06-01 11:30:08,V015,160.0,1.0175897041276407
2026-06-01,2026-06-01 11:30:09,V015,161.0,0.9923124338287522
2026-06-01,2026-06-01 11:30:10,V015,162.0,1.0324817797688375
2026-06-01,2026-06-01 11:30:11,V015,163.0,1.0415712740888567
2026-06-01,2026-06-01 11:30:12,V015,163.0,1.006772918786073
2026-06-01,2026-06-01 11:30:13,V015,162.0,1.0732380174602008
2026-06-01,2026-06-01 11:30:14,V015,162.0,0.9700736054428576
2026-06-01,2026-06-01 11:30:15,V015,162.0,1.0431908194193542
2026-06-01,2026-06-01 11:30:16,V015,162.0,1.0487048386101416
2026-06-01,2026-06-01 11:30:17,V015,163.0,1.011675397152563
2026-06-01,2026-06-01 11:30:18,V015,163.0,1.0308843950008173
2026-06-01,2026-06-01 11:30:19,V015,163.0,1.0484821757225573
2026-06-01,2026-06-01 11:30:20,V015,163.0,1.0338213506797984
2026-06-01,2026-06-01 11:30:21,V015,163.0,1.0051966772738379
2026-06-01,2026-06-01 11:30:22,V015,163.0,1.018947029930992
2026-06-01,2026-06-01 11:30:23,V015,163.0,1.012434149016225
2026-06-01,2026-06-01 11:30:24,V015,163.0,0.9944828405940898
2026-06-01,2026-06-01 11:30:25,V015,163.0,1.0402668568205897
2026-06-01,2026-06-01 11:30:26,V015,163.0,1.0049600263548513
2026-06-01,2026-06-01 11:30:27,V015,163.0,1.0022850366492118
2026-06-01,2026-06-01 11:30:28,V015,163.0,1.0232828650524732
2026-06-01,2026-06-01 11:30:29,V015,163.0,1.0372706835732612
2026-06-01,2026-06-01 11:30:30,V015,163.0,1.0932046691945654
2026-06-01,2026-06-01 11:30:31,V015,163.0,0.9962112399439923
2026-06-01,2026-06-01 11:30:32,V015,163.0,1.062568242047683
2026-06-01,2026-06-01 11:30:33,V015,162.0,1.0070193790791129
2026-06-01,2026-06-01 11:30:34,V015,162.0,1.0176117736695485
2026-06-01,2026-06-01 11:30:35,V015,162.0,1.0051270685168177
2026-06-01,2026-06-01 11:30:36,V015,162.0,1.0298810767934474
2026-06-01,2026-06-01 11:30:37,V015,162.0,1.0836498885120434
2026-06-01,2026-06-01 11:30:38,V015,162.0,1.0258453185724115
2026-06-01,2026-06-01 11:30:39,V015,161.0,1.0173226531947017
2026-06-01,2026-06-01 11:30:40,V015,161.0,1.062545123534467
2026-06-01,2026-06-01 11:30:41,V015,161.0,1.081236081829057
2026-06-01,2026-06-01 11:30:42,V015,161.0,0.9845356346936492
2026-06-01,2026-06-01 11:30:43,V015,161.0,1.0672346662912593
2026-06-01,2026-06-01 11:30:44,V015,161.0,1.0866657329674236
2026-06-01,2026-06-01 11:30:45,V015,161.0,1.0497052192105039
2026-06-01,2026-06-01 11:30:46,V015,161.0,1.0462033124289931
2026-06-01,2026-06-01 11:30:47,V015,161.0,1.0396030895485453
2026-06-01,2026-06-01 11:30:48,V015,161.0,1.0250134668534252
2026-06-01,2026-06-01 11:30:49,V015,161.0,1.0022869983591587
2026-06-01,2026-06-01 11:30:50,V015,160.0,1.0122235422438262
2026-06-01,2026-06-01 11:30:51,V015,160.0,1.0012054450524395
2026-06-01,2026-06-01 11:30:52,V015,160.0,1.0153806738540962
2026-06-01,2026-06-01 11:30:53,V015,159.0,1.0062244314947038
2026-06-01,2026-06-01 11:30:54,V015,159.0,1.0398839608937718
2026-06-01,2026-06-01 11:30:55,V015,159.0,1.0407843990658152
2026-06-01,2026-06-01 11:30:56,V015,159.0,1.0426430750243354
2026-06-01,2026-06-01 11:30:57,V015,158.0,1.0115421409524614
2026-06-01,2026-06-01 11:30:58,V015,158.0,1.0026753873341534
2026-06-01,2026-06-01 11:30:59,V015,158.0,1.0237574810544596
2026-06-01,2026-06-01 11:31:00,V015,158.0,1.0232487932348233
2026-06-01,2026-06-01 11:31:01,V015,158.0,0.9545771250207222
2026-06-01,2026-06-01 11:31:02,V015,157.0,1.0920769345453942
2026-06-01,2026-06-01 11:31:03,V015,157.0,0.9993415354179291
2026-06-01,2026-06-01 11:31:04,V015,157.0,1.0027516725912085
2026-06-01,2026-06-01 11:31:05,V015,157.0,1.0061987682613063
2026-06-01,2026-06-01 11:31:06,V015,157.0,1.0186766085662144
2026-06-01,2026-06-01 11:31:07,V015,157.0,1.0089845851922394
2026-06-01,2026-06-01 11:31:08,V015,157.0,1.0122364716340977
2026-06-01,2026-06-01 11:31:09,V015,157.0,1.017206574286535
2026-06-01,2026-06-01 11:31:10,V015,157.0,1.0082781992269172
2026-06-01,2026-06-01 11:31:11,V015,156.0,1.005077943236336
2026-06-01,2026-06-01 11:31:12,V015,156.0,1.0094550251308534
2026-06-01,2026-06-01 11:31:13,V015,156.0,1.012939039731499
2026-06-01,2026-06-01 11:31:14,V015,156.0,1.0222652974335142
2026-06-01,2026-06-01 11:31:15,V015,156.0,1.0216899797115937
2026-06-01,2026-06-01 11:31:16,V015,157.0,0.9935851035819364
2026-06-01,2026-06-01 11:31:17,V015,157.0,1.011296955702507
2026-06-01,2026-06-01 11:31:18,V015,157.0,1.0002243809886193
2026-06-01,2026-06-01 11:31:19,V015,157.0,1.0136350199167437
2026-06-01,2026-06-01 11:31:20,V015,157.0,1.0070528381503996
2026-06-01,2026-06-01 11:31:21,V015,158.0,0.9981761018531071
2026-06-01,2026-06-01 11:31:22,V015,158.0,1.0400360916968934
2026-06-01,2026-06-01 11:31:23,V015,159.0,1.026682058654599
2026-06-01,2026-06-01 11:31:24,V015,159.0,0.9924773774125637
2026-06-01,2026-06-01 11:31:25,V015,159.0,1.0258211451668473
2026-06-01,2026-06-01 11:31:26,V015,159.0,1.003083837773905
2026-06-01,2026-06-01 11:31:27,V015,158.0,0.999552951759614
2026-06-01,2026-06-01 11:31:28,V015,158.0,1.0046760466761648
2026-06-01,2026-06-01 11:31:29,V015,158.0,1.0014263813172224
2026-06-01,2026-06-01 11:31:30,V015,158.0,1.0060953152821854
2026-06-01,2026-06-01 11:31:31,V015,158.0,1.0004809297164634
2026-06-01,2026-06-01 11:31:32,V015,158.0,1.0038999010396306
2026-06-01,2026-06-01 11:31:33,V015,158.0,1.00328020114338
2026-06-01,2026-06-01 11:31:34,V015,157.0,1.0016115674434234
2026-06-01,2026-06-01 11:31:35,V015,157.0,1.0028904955731044
2026-06-01,2026-06-01 11:31:36,V015,157.0,1.0023709000782717
2026-06-01,2026-06-01 11:31:37,V015,157.0,1.0039605532502245
2026-06-01,2026-06-01 11:31:38,V015,156.0,1.0046565564784184
2026-06-01,2026-06-01 11:31:39,V015,156.0,1.0010602348851523
2026-06-01,2026-06-01 11:31:40,V015,155.0,1.009537563554055
2026-06-01,2026-06-01 11:31:41,V015,154.0,1.0122629918219144
2026-06-01,2026-06-01 11:31:42,V015,153.0,1.0099355112151094
2026-06-01,2026-06-01 11:31:43,V015,152.0,1.0071377094080134
2026-06-01,2026-06-01 11:31:44,V015,152.0,1.0027749894850035
2026-06-01,2026-06-01 11:31:45,V015,151.0,1.0053980511710674
2026-06-01,2026-06-01 11:31:46,V015,151.0,1.0033757184072818
2026-06-01,2026-06-01 11:31:47,V015,151.0,1.0073823106900492
2026-06-01,2026-06-01 11:31:48,V015,151.0,1.0036242548668852
2026-06-01,2026-06-01 11:31:49,V015,151.0,1.0099861321008732
2026-06-01,2026-06-01 11:31:50,V015,150.0,0.9979986226160127
2026-06-01,2026-06-01 11:31:51,V015,150.0,1.0233144743697185
2026-06-01,2026-06-01 11:31:52,V015,149.0,1.0023680965207082
2026-06-01,2026-06-01 11:31:53,V015,149.0,1.016484840718615
2026-06-01,2026-06-01 11:31:54,V015,149.0,1.0437721866330674
2026-06-01,2026-06-01 11:31:55,V015,148.0,1.0099527586476866
2026-06-01,2026-06-01 11:31:56,V015,148.0,1.0182519049441185
2026-06-01,2026-06-01 11:31:57,V015,148.0,1.0709038574760517
2026-06-01,2026-06-01 11:31:58,V015,148.0,1.056212094909647
2026-06-01,2026-06-01 11:31:59,V015,148.0,1.0654800916798957
2026-06-01,2026-06-01 11:32:00,V015,147.0,1.019157825267218
2026-06-01,2026-06-01 11:32:01,V015,147.0,1.0041486566122007
2026-06-01,2026-06-01 11:32:02,V015,147.0,1.0046973519644857
2026-06-01,2026-06-01 11:32:03,V015,147.0,1.000940387935269
2026-06-01,2026-06-01 11:32:04,V015,146.0,1.0205069467086192
2026-06-01,2026-06-01 11:32:05,V015,145.0,1.012216192522246
2026-06-01,2026-06-01 11:32:06,V015,145.0,1.0128621831857876
2026-06-01,2026-06-01 11:32:07,V015,145.0,1.0069379743385831
2026-06-01,2026-06-01 11:32:08,V015,146.0,1.0132890777389263
2026-06-01,2026-06-01 11:32:09,V015,146.0,1.00379823868101
2026-06-01,2026-06-01 11:32:10,V015,146.0,1.0030174185312057
2026-06-01,2026-06-01 11:32:11,V015,146.0,1.0078410372468662
2026-06-01,2026-06-01 11:32:12,V015,147.0,1.0022900481297978
2026-06-01,2026-06-01 11:32:13,V015,147.0,1.007142642290752
2026-06-01,2026-06-01 11:32:14,V015,147.0,1.0059575034631054
2026-06-01,2026-06-01 11:32:15,V015,147.0,1.0005305899389605
2026-06-01,2026-06-01 11:32:16,V015,148.0,1.0063917874707666
2026-06-01,2026-06-01 11:32:17,V015,148.0,1.0054895345453059
2026-06-01,2026-06-01 11:32:18,V015,149.0,1.0023588575590736
2026-06-01,2026-06-01 11:32:19,V015,149.0,1.0005232003803568
2026-06-01,2026-06-01 11:32:20,V015,149.0,1.0030961441166475
2026-06-01,2026-06-01 11:32:21,V015,150.0,1.004641594742733
2026-06-01,2026-06-01 11:32:22,V015,150.0,1.0036796382315432
2026-06-01,2026-06-01 11:32:23,V015,150.0,1.0034135370271298
2026-06-01,2026-06-01 11:32:24,V015,150.0,1.0093411707372597
2026-06-01,2026-06-01 11:32:25,V015,151.0,1.0011313881494606
2026-06-01,2026-06-01 11:32:26,V015,150.0,1.0034604335081416
2026-06-01,2026-06-01 11:32:27,V015,150.0,1.006884918879766
2026-06-01,2026-06-01 11:32:28,V015,150.0,1.0196864936679153
2026-06-01,2026-06-01 11:32:29,V015,150.0,1.0074470014305237
2026-06-01,2026-06-01 11:32:30,V015,149.0,1.0071654001924173
2026-06-01,2026-06-01 11:32:31,V015,148.0,1.194426540688475
2026-06-01,2026-06-01 11:32:32,V015,147.0,1.0038618597302698
2026-06-01,2026-06-01 11:32:33,V015,146.0,1.0336755939018225
2026-06-01,2026-06-01 11:32:34,V015,145.0,1.0036298552482865
2026-06-01,2026-06-01 11:32:35,V015,144.0,1.0036559516443184
2026-06-01,2026-06-01 11:32:36,V015,144.0,1.0076992630908292
2026-06-01,2026-06-01 11:32:37,V015,143.0,1.0061084437302739
2026-06-01,2026-06-01 11:32:38,V015,143.0,1.001274355755654
2026-06-01,2026-06-01 11:32:39,V015,142.0,1.004766262731718
2026-06-01,2026-06-01 11:32:40,V015,141.0,1.002778266772224
2026-06-01,2026-06-01 11:32:41,V015,140.0,1.0047834480767166
2026-06-01,2026-06-01 11:32:42,V015,140.0,1.0029973708666329
2026-06-01,2026-06-01 11:32:43,V015,139.0,1.0022984287354044
2026-06-01,2026-06-01 11:32:44,V015,139.0,1.0518383254908361
2026-06-01,2026-06-01 11:32:45,V015,139.0,0.9820974559940406
2026-06-01,2026-06-01 11:32:46,V015,139.0,0.9871195481562265
2026-06-01,2026-06-01 11:32:47,V015,139.0,1.0498424167378584
2026-06-01,2026-06-01 11:32:48,V015,140.0,1.039869137677051
2026-06-01,2026-06-01 11:32:49,V015,140.0,1.01973573699447
2026-06-01,2026-06-01 11:32:50,V015,141.0,1.0098482768926063
2026-06-01,2026-06-01 11:32:51,V015,142.0,1.037322696173138
2026-06-01,2026-06-01 11:32:52,V015,142.0,1.013910820133336
2026-06-01,2026-06-01 11:32:53,V015,142.0,1.0267751678631838
2026-06-01,2026-06-01 11:32:54,V015,142.0,0.9997479770476372
2026-06-01,2026-06-01 11:32:55,V015,142.0,1.0420055206100292
2026-06-01,2026-06-01 11:32:56,V015,142.0,1.007318480827031
2026-06-01,2026-06-01 11:32:57,V015,142.0,1.0036015150623097
2026-06-01,2026-06-01 11:32:58,V015,141.0,1.0061170166491733
2026-06-01,2026-06-01 11:32:59,V015,141.0,1.0069455169086665
2026-06-01,2026-06-01 11:33:00,V015,140.0,1.0040015037334258
2026-06-01,2026-06-01 11:33:01,V015,140.0,1.0026467328343172
2026-06-01,2026-06-01 11:33:02,V015,140.0,1.0035391516098817
2026-06-01,2026-06-01 11:33:03,V015,141.0,1.0024572851751603
2026-06-01,2026-06-01 11:33:04,V015,141.0,1.0066633268132432
2026-06-01,2026-06-01 11:33:05,V015,141.0,1.0019516564489195
2026-06-01,2026-06-01 11:33:06,V015,141.0,1.0026097773788358
2026-06-01,2026-06-01 11:33:07,V015,142.0,1.0011381933317258
2026-06-01,2026-06-01 11:33:08,V015,142.0,1.0066945469429454
2026-06-01,2026-06-01 11:33:09,V015,142.0,1.0025373283853833
2026-06-01,2026-06-01 11:33:10,V015,142.0,1.003533982233566
2026-06-01,2026-06-01 11:33:11,V015,143.0,1.0026642524989464
2026-06-01,2026-06-01 11:33:12,V015,143.0,1.0009800243042666
2026-06-01,2026-06-01 11:33:13,V015,143.0,1.0029188137588183
2026-06-01,2026-06-01 11:33:14,V015,142.0,1.002252578999753
2026-06-01,2026-06-01 11:33:15,V015,141.0,1.0004203960197584
2026-06-01,2026-06-01 11:33:16,V015,140.0,1.0055402264369255
2026-06-01,2026-06-01 11:33:17,V015,140.0,1.0028291935736453
2026-06-01,2026-06-01 11:33:18,V015,139.0,1.002639423400539
2026-06-01,2026-06-01 11:33:19,V015,138.0,1.0033673902767515
2026-06-01,2026-06-01 11:33:20,V015,137.0,1.0029579634122026
2026-06-01,2026-06-01 11:33:21,V015,137.0,1.004947921939052
2026-06-01,2026-06-01 11:33:22,V015,138.0,1.0044370181110047
2026-06-01,2026-06-01 11:33:23,V015,138.0,1.0092015980894302
2026-06-01,2026-06-01 11:33:24,V015,139.0,1.0010501260036722
2026-06-01,2026-06-01 11:33:25,V015,140.0,0.9988881132881438
2026-06-01,2026-06-01 11:33:26,V015,140.0,1.0067270155765353
2026-06-01,2026-06-01 11:33:27,V015,140.0,1.0574571201582075
2026-06-01,2026-06-01 11:33:28,V015,140.0,0.9725791700489337
2026-06-01,2026-06-01 11:33:29,V015,140.0,0.9412379700178595
2026-06-01,2026-06-01 11:33:30,V015,139.0,1.1007485799952532
2026-06-01,2026-06-01 11:33:31,V015,139.0,1.0291022625245074
2026-06-01,2026-06-01 11:33:32,V015,139.0,1.0218954838702194
2026-06-01,2026-06-01 11:33:33,V015,138.0,0.9989924730049444
2026-06-01,2026-06-01 11:33:34,V015,138.0,1.0070730235996748
2026-06-01,2026-06-01 11:33:35,V015,138.0,1.0128892210716733
2026-06-01,2026-06-01 11:33:36,V015,138.0,0.9973162383255341
2026-06-01,2026-06-01 11:33:37,V015,138.0,1.0195818658366023
2026-06-01,2026-06-01 11:33:38,V015,138.0,1.012207781662195
2026-06-01,2026-06-01 11:33:39,V015,138.0,1.023280797112015
2026-06-01,2026-06-01 11:33:40,V015,139.0,1.005111808955707
2026-06-01,2026-06-01 11:33:41,V015,139.0,1.0030628125286694
2026-06-01,2026-06-01 11:33:42,V015,140.0,1.0034669383527914
2026-06-01,2026-06-01 11:33:43,V015,141.0,1.0037587901930003
2026-06-01,2026-06-01 11:33:44,V015,141.0,1.0039170487987172
2026-06-01,2026-06-01 11:33:45,V015,142.0,1.0056997906186511
2026-06-01,2026-06-01 11:33:46,V015,141.0,1.0011424951411734
2026-06-01,2026-06-01 11:33:47,V015,141.0,1.0023472746560582
2026-06-01,2026-06-01 11:33:48,V015,141.0,1.0037600031559089
2026-06-01,2026-06-01 11:33:49,V015,140.0,1.003277266338142
2026-06-01,2026-06-01 11:33:50,V015,140.0,1.0022625139161387
2026-06-01,2026-06-01 11:33:51,V015,140.0,1.0062451587917016
2026-06-01,2026-06-01 11:33:52,V015,140.0,0.9996801838332704
2026-06-01,2026-06-01 11:33:53,V015,139.0,1.00620632881497
2026-06-01,2026-06-01 11:33:54,V015,139.0,1.0029618196588914
2026-06-01,2026-06-01 11:33:55,V015,139.0,1.0035339311496927
2026-06-01,2026-06-01 11:33:56,V015,139.0,1.0018376147761947
2026-06-01,2026-06-01 11:33:57,V015,139.0,1.003852024423007
2026-06-01,2026-06-01 11:33:58,V015,138.0,1.0029335344543227
2026-06-01,2026-06-01 11:33:59,V015,138.0,1.002890338932022
2026-06-01,2026-06-01 11:34:00,V015,138.0,1.0036328473073617
2026-06-01,2026-06-01 11:34:01,V015,138.0,1.0041633171184667
2026-06-01,2026-06-01 11:34:02,V015,137.0,1.0023146465533654
2026-06-01,2026-06-01 11:34:03,V015,137.0,1.0044076620853672
2026-06-01,2026-06-01 11:34:04,V015,137.0,1.0071334128593603
2026-06-01,2026-06-01 11:34:05,V015,137.0,0.9986164036126832
2026-06-01,2026-06-01 11:34:06,V015,137.0,1.0069388813078886
2026-06-01,2026-06-01 11:34:07,V015,137.0,1.0006587843758217
2026-06-01,2026-06-01 11:34:08,V015,138.0,1.002201923392367
2026-06-01,2026-06-01 11:34:09,V015,138.0,1.0048469688158346
2026-06-01,2026-06-01 11:34:10,V015,138.0,1.0025918331121955
2026-06-01,2026-06-01 11:34:11,V015,138.0,1.0042712767246924
2026-06-01,2026-06-01 11:34:12,V015,138.0,1.0030290473207957
2026-06-01,2026-06-01 11:34:13,V015,137.0,1.0016032626658453
2026-06-01,2026-06-01 11:34:14,V015,137.0,1.0046328653129084
2026-06-01,2026-06-01 11:34:15,V015,137.0,1.0031637571886238
2026-06-01,2026-06-01 11:34:16,V015,137.0,1.0020933897679314
2026-06-01,2026-06-01 11:34:17,V015,137.0,1.0037599715764731
2026-06-01,2026-06-01 11:34:18,V015,138.0,1.0045518547577996
2026-06-01,2026-06-01 11:34:19,V015,138.0,1.0031155978657567
2026-06-01,2026-06-01 11:34:20,V015,138.0,1.0174823438916347
2026-06-01,2026-06-01 11:34:21,V015,138.0,1.032501376941116
2026-06-01,2026-06-01 11:34:22,V015,138.0,1.000027194863878
2026-06-01,2026-06-01 11:34:23,V015,138.0,1.0068730247079694
2026-06-01,2026-06-01 11:34:24,V015,138.0,1.0163476583098312
2026-06-01,2026-06-01 11:34:25,V015,138.0,1.0206811769687427
2026-06-01,2026-06-01 11:34:26,V015,138.0,1.0023512687938274
2026-06-01,2026-06-01 11:34:27,V015,138.0,1.0037920856053133
2026-06-01,2026-06-01 11:34:28,V015,138.0,1.0031367085278768
2026-06-01,2026-06-01 11:34:29,V015,138.0,1.0034440203952983
2026-06-01,2026-06-01 11:34:30,V015,138.0,1.0032474099929354
2026-06-01,2026-06-01 11:34:31,V015,138.0,1.0113501630959454
2026-06-01,2026-06-01 11:34:32,V015,138.0,1.0113789977704786
2026-06-01,2026-06-01 11:34:33,V015,138.0,1.0003586314906894
2026-06-01,2026-06-01 11:34:34,V015,139.0,1.0470575275469294
2026-06-01,2026-06-01 11:34:35,V015,139.0,1.0038827481770463
2026-06-01,2026-06-01 11:34:36,V015,139.0,1.0038007976386578
2026-06-01,2026-06-01 11:34:37,V015,140.0,1.003560799387163
2026-06-01,2026-06-01 11:34:38,V015,141.0,1.0037294776155705
2026-06-01,2026-06-01 11:34:39,V015,141.0,1.0053716938893293
2026-06-01,2026-06-01 11:34:40,V015,141.0,1.0021731474264013
2026-06-01,2026-06-01 11:34:41,V015,141.0,1.0041262280356462
2026-06-01,2026-06-01 11:34:42,V015,140.0,1.0235262614585232
2026-06-01,2026-06-01 11:34:43,V015,140.0,1.0038617728465238
2026-06-01,2026-06-01 11:34:44,V015,140.0,1.0255044846835486
2026-06-01,2026-06-01 11:34:45,V015,140.0,1.0057770361500522
2026-06-01,2026-06-01 11:34:46,V015,140.0,1.017831613824246
2026-06-01,2026-06-01 11:34:47,V015,140.0,1.0149981024779595
2026-06-01,2026-06-01 11:34:48,V015,140.0,1.0030700202340603
2026-06-01,2026-06-01 11:34:49,V015,141.0,1.0048748273023609
2026-06-01,2026-06-01 11:34:50,V015,141.0,1.0061052305691844
2026-06-01,2026-06-01 11:34:51,V015,142.0,1.0109526496177437
2026-06-01,2026-06-01 11:34:52,V015,142.0,1.0057916758278542
2026-06-01,2026-06-01 11:34:53,V015,143.0,1.0050264065361147
2026-06-01,2026-06-01 11:34:54,V015,143.0,1.0056865112565716
2026-06-01,2026-06-01 11:34:55,V015,143.0,1.0083001492287853
2026-06-01,2026-06-01 11:34:56,V015,142.0,1.0053579076228543
2026-06-01,2026-06-01 11:34:57,V015,142.0,1.0006658495636032
2026-06-01,2026-06-01 11:34:58,V015,142.0,1.0068429313605476
2026-06-01,2026-06-01 11:34:59,V015,141.0,1.0012569663387179
2026-06-01,2026-06-01 11:35:00,V015,141.0,1.0065707126570345
2026-06-01,2026-06-01 11:35:01,V015,141.0,1.0059543332314302
2026-06-01,2026-06-01 11:35:02,V015,140.0,1.0012927138035992
2026-06-01,2026-06-01 11:35:03,V015,140.0,1.0097693195764963
2026-06-01,2026-06-01 11:35:04,V015,139.0,1.0059314210879748
2026-06-01,2026-06-01 11:35:05,V015,139.0,1.0126660968281724
2026-06-01,2026-06-01 11:35:06,V015,138.0,1.012725499946834
2026-06-01,2026-06-01 11:35:07,V015,137.0,1.0094476716677476
2026-06-01,2026-06-01 11:35:08,V015,137.0,1.0020809762656888
2026-06-01,2026-06-01 11:35:09,V015,136.0,1.0031277567638388
2026-06-01,2026-06-01 11:35:10,V015,137.0,1.0062367426874028
2026-06-01,2026-06-01 11:35:11,V015,138.0,1.0259468634621682
2026-06-01,2026-06-01 11:35:12,V015,139.0,1.0209379960659828
2026-06-01,2026-06-01 11:35:13,V015,139.0,1.015040793790447
2026-06-01,2026-06-01 11:35:14,V015,139.0,1.0422753544439383
2026-06-01,2026-06-01 11:35:15,V015,139.0,0.9776085499149124
2026-06-01,2026-06-01 11:35:16,V015,140.0,0.9936917944176796
2026-06-01,2026-06-01 11:35:17,V015,141.0,1.0424031613786326
2026-06-01,2026-06-01 11:35:18,V015,141.0,1.0028812984280788
2026-06-01,2026-06-01 11:35:19,V015,141.0,1.0055446026601271
2026-06-01,2026-06-01 11:35:20,V015,141.0,1.0075931458440723
2026-06-01,2026-06-01 11:35:21,V015,141.0,1.0105121351379878
2026-06-01,2026-06-01 11:35:22,V015,141.0,1.0027986716148518
2026-06-01,2026-06-01 11:35:23,V015,141.0,1.0040659710942348
2026-06-01,2026-06-01 11:35:24,V015,140.0,1.0028175476356842
2026-06-01,2026-06-01 11:35:25,V015,140.0,1.0049148509637706
2026-06-01,2026-06-01 11:35:26,V015,140.0,1.0079459404861522
2026-06-01,2026-06-01 11:35:27,V015,139.0,0.9987717540803612
2026-06-01,2026-06-01 11:35:28,V015,139.0,1.009233050045952
2026-06-01,2026-06-01 11:35:29,V015,139.0,1.0054583447444692
2026-06-01,2026-06-01 11:35:30,V015,139.0,1.0039883431279213
2026-06-01,2026-06-01 11:35:31,V015,139.0,1.0028381665754715
2026-06-01,2026-06-01 11:35:32,V015,139.0,1.0011587380192863
2026-06-01,2026-06-01 11:35:33,V015,139.0,1.0026367371057396
2026-06-01,2026-06-01 11:35:34,V015,139.0,1.002914683152532
2026-06-01,2026-06-01 11:35:35,V015,139.0,1.0042117984535588
2026-06-01,2026-06-01 11:35:36,V015,140.0,1.013759101416037
2026-06-01,2026-06-01 11:35:37,V015,140.0,0.9989657705911226
2026-06-01,2026-06-01 11:35:38,V015,140.0,1.007544080952138
2026-06-01,2026-06-01 11:35:39,V015,140.0,1.001129314575729
2026-06-01,2026-06-01 11:35:40,V015,140.0,1.0027638758253508
2026-06-01,2026-06-01 11:35:41,V015,140.0,1.0082812559322136
2026-06-01,2026-06-01 11:35:42,V015,140.0,1.0137263025587295
2026-06-01,2026-06-01 11:35:43,V015,140.0,0.9982628681332546
2026-06-01,2026-06-01 11:35:44,V015,140.0,1.0126099199911933
2026-06-01,2026-06-01 11:35:45,V015,140.0,1.0055600996494352
2026-06-01,2026-06-01 11:35:46,V015,140.0,1.002249286074572
2026-06-01,2026-06-01 11:35:47,V015,139.0,1.0039275207079645
2026-06-01,2026-06-01 11:35:48,V015,139.0,1.004390211790318
2026-06-01,2026-06-01 11:35:49,V015,139.0,1.003998371664269
2026-06-01,2026-06-01 11:35:50,V015,138.0,1.0037470298211923
2026-06-01,2026-06-01 11:35:51,V015,138.0,1.0036580469471743
2026-06-01,2026-06-01 11:35:52,V015,138.0,1.0050926982882125
2026-06-01,2026-06-01 11:35:53,V015,138.0,1.0054002904519543
2026-06-01,2026-06-01 11:35:54,V015,138.0,1.0037299876624632
2026-06-01,2026-06-01 11:35:55,V015,139.0,1.0090181651223034
2026-06-01,2026-06-01 11:35:56,V015,139.0,1.0059263245951426
2026-06-01,2026-06-01 11:35:57,V015,139.0,1.015818550005827
2026-06-01,2026-06-01 11:35:58,V015,139.0,1.0087045101093193
2026-06-01,2026-06-01 11:35:59,V015,140.0,1.0068920433100148
2026-06-01,2026-06-01 11:36:00,V015,140.0,1.0030781837839178
2026-06-01,2026-06-01 11:36:01,V015,140.0,1.0047988989519652
2026-06-01,2026-06-01 11:36:02,V015,140.0,1.0050133019212568
2026-06-01,2026-06-01 11:36:03,V015,140.0,1.003500405573076
2026-06-01,2026-06-01 11:36:04,V015,139.0,1.0051355040521524
2026-06-01,2026-06-01 11:36:05,V015,139.0,1.0046372193749245
2026-06-01,2026-06-01 11:36:06,V015,139.0,1.0032369588618655
2026-06-01,2026-06-01 11:36:07,V015,138.0,1.0042944590250196
2026-06-01,2026-06-01 11:36:08,V015,138.0,1.0011935373218903
2026-06-01,2026-06-01 11:36:09,V015,138.0,1.0064906610630657
2026-06-01,2026-06-01 11:36:10,V015,138.0,1.0207383826534113
2026-06-01,2026-06-01 11:36:11,V015,138.0,1.0226313047764142
2026-06-01,2026-06-01 11:36:12,V015,138.0,1.0108617002167044
2026-06-01,2026-06-01 11:36:13,V015,139.0,1.0006002518797292
2026-06-01,2026-06-01 11:36:14,V015,138.0,1.0054681399594532
2026-06-01,2026-06-01 11:36:15,V015,138.0,1.0084458807056338
2026-06-01,2026-06-01 11:36:16,V015,138.0,1.0028466881918492
2026-06-01,2026-06-01 11:36:17,V015,138.0,1.005830274157943
2026-06-01,2026-06-01 11:36:18,V015,137.0,1.0067277866992825
2026-06-01,2026-06-01 11:36:19,V015,137.0,1.0050369765399343
2026-06-01,2026-06-01 11:36:20,V015,137.0,1.008111993295719
2026-06-01,2026-06-01 11:36:21,V015,137.0,1.006147080012003
2026-06-01,2026-06-01 11:36:22,V015,137.0,1.0031016586309929
2026-06-01,2026-06-01 11:36:23,V015,137.0,1.0056117406422467
2026-06-01,2026-06-01 11:36:24,V015,137.0,1.025150281631518
2026-06-01,2026-06-01 11:36:25,V015,138.0,1.05620280332246
2026-06-01,2026-06-01 11:36:26,V015,138.0,1.020208026335756
2026-06-01,2026-06-01 11:36:27,V015,138.0,1.0094721369058908
2026-06-01,2026-06-01 11:36:28,V015,138.0,1.0237439153722563
2026-06-01,2026-06-01 11:36:29,V015,139.0,1.003577361536607
2026-06-01,2026-06-01 11:36:30,V015,138.0,1.002702285932268
2026-06-01,2026-06-01 11:36:31,V015,138.0,1.0899701554780394
2026-06-01,2026-06-01 11:36:32,V015,138.0,1.0042317460259294
2026-06-01,2026-06-01 11:36:33,V015,137.0,1.0114838939576651
2026-06-01,2026-06-01 11:36:34,V015,137.0,1.0328681639171116
2026-06-01,2026-06-01 11:36:35,V015,137.0,1.0436492450824504
2026-06-01,2026-06-01 11:36:36,V015,137.0,1.084591643436633
2026-06-01,2026-06-01 11:36:37,V015,137.0,1.0432148468259306
2026-06-01,2026-06-01 11:36:38,V015,137.0,1.0311012006396674
2026-06-01,2026-06-01 11:36:39,V015,137.0,1.1055631976068965
2026-06-01,2026-06-01 11:36:40,V015,136.0,1.1283566061206662
2026-06-01,2026-06-01 11:36:41,V015,136.0,1.0900422380602512
2026-06-01,2026-06-01 11:36:42,V015,136.0,1.0224807088020036
2026-06-01,2026-06-01 11:36:43,V015,136.0,1.036466037469305
2026-06-01,2026-06-01 11:36:44,V015,137.0,1.0916421047760618
2026-06-01,2026-06-01 11:36:45,V015,137.0,1.0562749353927112
2026-06-01,2026-06-01 11:36:46,V015,137.0,1.0201642873159065
2026-06-01,2026-06-01 11:36:47,V015,137.0,1.011023601339007
2026-06-01,2026-06-01 11:36:48,V015,137.0,1.052537743456589
2026-06-01,2026-06-01 11:36:49,V015,138.0,1.024521289862639
2026-06-01,2026-06-01 11:36:50,V015,138.0,1.0344069232468878
2026-06-01,2026-06-01 11:36:51,V015,138.0,1.0121421127600567
2026-06-01,2026-06-01 11:36:52,V015,138.0,1.0237117802705535
2026-06-01,2026-06-01 11:36:53,V015,138.0,1.0055042087569568
2026-06-01,2026-06-01 11:36:54,V015,138.0,1.0111982851129107
2026-06-01,2026-06-01 11:36:55,V015,139.0,1.02169355304207
2026-06-01,2026-06-01 11:36:56,V015,140.0,1.0222292740946084
2026-06-01,2026-06-01 11:36:57,V015,140.0,1.0138339745686167
2026-06-01,2026-06-01 11:36:58,V015,140.0,1.0098507404100243
2026-06-01,2026-06-01 11:36:59,V015,140.0,1.0043611699709583
2026-06-01,2026-06-01 11:37:00,V015,140.0,1.0054273558746412
2026-06-01,2026-06-01 11:37:01,V015,140.0,1.0090169946018328
2026-06-01,2026-06-01 11:37:02,V015,139.0,1.0034236506954375
2026-06-01,2026-06-01 11:37:03,V015,139.0,1.0295954958563722
2026-06-01,2026-06-01 11:37:04,V015,138.0,1.0383460220659604
2026-06-01,2026-06-01 11:37:05,V015,137.0,1.0179956269979247
2026-06-01,2026-06-01 11:37:06,V015,136.0,1.01239544391604
2026-06-01,2026-06-01 11:37:07,V015,135.0,1.0087102363002804
2026-06-01,2026-06-01 11:37:08,V015,136.0,1.0394313699982927
2026-06-01,2026-06-01 11:37:09,V015,136.0,0.9974058751156099
2026-06-01,2026-06-01 11:37:10,V015,137.0,1.0105715892365577
2026-06-01,2026-06-01 11:37:11,V015,138.0,1.0866203784957436
2026-06-01,2026-06-01 11:37:12,V015,139.0,1.1656555151822665
2026-06-01,2026-06-01 11:37:13,V015,139.0,1.2122584150623856
2026-06-01,2026-06-01 11:37:14,V015,140.0,1.2050710706306003
2026-06-01,2026-06-01 11:37:15,V015,141.0,1.0647396099438646
2026-06-01,2026-06-01 11:37:16,V015,141.0,1.014013667079744
2026-06-01,2026-06-01 11:37:17,V015,141.0,1.0299693041539248
2026-06-01,2026-06-01 11:37:18,V015,141.0,1.005302310153276
2026-06-01,2026-06-01 11:37:19,V015,141.0,1.0246926649452148
2026-06-01,2026-06-01 11:37:20,V015,142.0,1.0206788690875583
2026-06-01,2026-06-01 11:37:21,V015,142.0,1.0051350343264902
2026-06-01,2026-06-01 11:37:22,V015,142.0,1.013872075238675
2026-06-01,2026-06-01 11:37:23,V015,142.0,1.000293086872543
2026-06-01,2026-06-01 11:37:24,V015,142.0,1.00015909578508
2026-06-01,2026-06-01 11:37:25,V015,142.0,1.112395406501397
2026-06-01,2026-06-01 11:37:26,V015,141.0,0.9829984615092212
2026-06-01,2026-06-01 11:37:27,V015,141.0,1.01082510713764
2026-06-01,2026-06-01 11:37:28,V015,140.0,1.0079770563187753
2026-06-01,2026-06-01 11:37:29,V015,139.0,1.0049714976047597
2026-06-01,2026-06-01 11:37:30,V015,138.0,1.0035331972714048
2026-06-01,2026-06-01 11:37:31,V015,137.0,1.0368469216539462
2026-06-01,2026-06-01 11:37:32,V015,138.0,1.010570063371211
2026-06-01,2026-06-01 11:37:33,V015,139.0,1.007967922529747
2026-06-01,2026-06-01 11:37:34,V015,140.0,1.0369105160568988
2026-06-01,2026-06-01 11:37:35,V015,141.0,1.002489201467218
2026-06-01,2026-06-01 11:37:36,V015,142.0,1.0097201751237237
2026-06-01,2026-06-01 11:37:37,V015,143.0,1.0157440904918125
2026-06-01,2026-06-01 11:37:38,V015,143.0,1.198706622748447
2026-06-01,2026-06-01 11:37:39,V015,144.0,1.2051843203846437
2026-06-01,2026-06-01 11:37:40,V015,144.0,1.0800488871465683
2026-06-01,2026-06-01 11:37:41,V015,144.0,1.0443272147705835
2026-06-01,2026-06-01 11:37:42,V015,143.0,1.1079288625975643
2026-06-01,2026-06-01 11:37:43,V015,143.0,1.0265362501846378
2026-06-01,2026-06-01 11:37:44,V015,142.0,1.085054432792696
2026-06-01,2026-06-01 11:37:45,V015,141.0,1.0419360404201699
2026-06-01,2026-06-01 11:37:46,V015,141.0,1.0443352916507622
2026-06-01,2026-06-01 11:37:47,V015,142.0,1.0155972147094867
2026-06-01,2026-06-01 11:37:48,V015,142.0,1.0123664903817138
2026-06-01,2026-06-01 11:37:49,V015,141.0,1.0030329954701769
2026-06-01,2026-06-01 11:37:50,V015,140.0,1.0057201836832232
2026-06-01,2026-06-01 11:37:51,V015,140.0,1.0121625880626397
2026-06-01,2026-06-01 11:37:52,V015,139.0,0.999873767839913
2026-06-01,2026-06-01 11:37:53,V015,139.0,1.011668317750255
2026-06-01,2026-06-01 11:37:54,V015,138.0,1.0271801731342542
2026-06-01,2026-06-01 11:37:55,V015,137.0,1.000424239783199
2026-06-01,2026-06-01 11:37:56,V015,136.0,1.0667510708396477
2026-06-01,2026-06-01 11:37:57,V015,136.0,1.069210104200274
2026-06-01,2026-06-01 11:37:58,V015,134.0,1.1381071217263061
2026-06-01,2026-06-01 11:37:59,V015,133.0,0.9927756285982028
2026-06-01,2026-06-01 11:38:00,V015,134.0,1.0605859127462844
2026-06-01,2026-06-01 11:38:01,V015,134.0,1.0477210021771135
2026-06-01,2026-06-01 11:38:02,V015,135.0,1.1064307944750833
2026-06-01,2026-06-01 11:38:03,V015,136.0,1.0357600058583034
2026-06-01,2026-06-01 11:38:04,V015,137.0,1.05956918070798
2026-06-01,2026-06-01 11:38:05,V015,137.0,1.0585730344287472
2026-06-01,2026-06-01 11:38:06,V015,139.0,1.0133643712239444
2026-06-01,2026-06-01 11:38:07,V015,140.0,1.012414311770701
2026-06-01,2026-06-01 11:38:08,V015,141.0,1.0251943612614811
2026-06-01,2026-06-01 11:38:09,V015,143.0,0.9975756568637744
2026-06-01,2026-06-01 11:38:10,V015,143.0,1.0219012764392434
2026-06-01,2026-06-01 11:38:11,V015,143.0,1.061536863365936
2026-06-01,2026-06-01 11:38:12,V015,143.0,1.0444135312154104
2026-06-01,2026-06-01 11:38:13,V015,143.0,1.0430305214867464
2026-06-01,2026-06-01 11:38:14,V015,143.0,1.0428151271068589
2026-06-01,2026-06-01 11:38:15,V015,143.0,0.9698237911523038
2026-06-01,2026-06-01 11:38:16,V015,143.0,1.0960147967606029
2026-06-01,2026-06-01 11:38:17,V015,143.0,0.996979733969946
2026-06-01,2026-06-01 11:38:18,V015,143.0,1.019795260593777
2026-06-01,2026-06-01 11:38:19,V015,144.0,1.0036883553632512
2026-06-01,2026-06-01 11:38:20,V015,145.0,1.0039349558919541
2026-06-01,2026-06-01 11:38:21,V015,145.0,1.0043238664935985
2026-06-01,2026-06-01 11:38:22,V015,146.0,1.006795110913188
2026-06-01,2026-06-01 11:38:23,V015,146.0,1.0216697089243951
2026-06-01,2026-06-01 11:38:24,V015,147.0,1.0270557806844358
2026-06-01,2026-06-01 11:38:25,V015,147.0,1.0213598187115207
2026-06-01,2026-06-01 11:38:26,V015,147.0,1.031290995579079
2026-06-01,2026-06-01 11:38:27,V015,147.0,1.0172565694069846
2026-06-01,2026-06-01 11:38:28,V015,146.0,1.0097613794796654
2026-06-01,2026-06-01 11:38:29,V015,146.0,1.00687738414463
2026-06-01,2026-06-01 11:38:30,V015,145.0,1.0138914845263332
2026-06-01,2026-06-01 11:38:31,V015,145.0,1.04319189422754
2026-06-01,2026-06-01 11:38:32,V015,144.0,1.0474607244581593
2026-06-01,2026-06-01 11:38:33,V015,144.0,1.0513343808306728
2026-06-01,2026-06-01 11:38:34,V015,143.0,1.031872240424763
2026-06-01,2026-06-01 11:38:35,V015,142.0,1.0148153405563773
2026-06-01,2026-06-01 11:38:36,V015,141.0,1.0104859331954537
2026-06-01,2026-06-01 11:38:37,V015,141.0,1.0411627681553726
2026-06-01,2026-06-01 11:38:38,V015,140.0,1.0562535459218771
2026-06-01,2026-06-01 11:38:39,V015,139.0,1.0314971504385744
2026-06-01,2026-06-01 11:38:40,V015,139.0,1.0143186252050036
2026-06-01,2026-06-01 11:38:41,V015,139.0,1.0021869873412903
2026-06-01,2026-06-01 11:38:42,V015,138.0,1.0054586199058406
2026-06-01,2026-06-01 11:38:43,V015,138.0,1.003615196867996
2026-06-01,2026-06-01 11:38:44,V015,138.0,1.004928253819788
2026-06-01,2026-06-01 11:38:45,V015,138.0,1.0028189881473308
2026-06-01,2026-06-01 11:38:46,V015,138.0,1.0044844782922846
2026-06-01,2026-06-01 11:38:47,V015,138.0,1.001393910212311
2026-06-01,2026-06-01 11:38:48,V015,137.0,1.0075326314067965
2026-06-01,2026-06-01 11:38:49,V015,137.0,1.0034514372008665
2026-06-01,2026-06-01 11:38:50,V015,137.0,1.0017253327898432
2026-06-01,2026-06-01 11:38:51,V015,136.0,1.0042255272302587
2026-06-01,2026-06-01 11:38:52,V015,136.0,1.0033424121769223
2026-06-01,2026-06-01 11:38:53,V015,136.0,1.0064786934348136
2026-06-01,2026-06-01 11:38:54,V015,136.0,1.0003902955673316
2026-06-01,2026-06-01 11:38:55,V015,136.0,1.0034450871384717
2026-06-01,2026-06-01 11:38:56,V015,135.0,1.0034453407579877
2026-06-01,2026-06-01 11:38:57,V015,135.0,1.0049540560825847
2026-06-01,2026-06-01 11:38:58,V015,134.0,1.0030626666754563
2026-06-01,2026-06-01 11:38:59,V015,134.0,1.0070625828560704
2026-06-01,2026-06-01 11:39:00,V015,133.0,1.0024003107266126
2026-06-01,2026-06-01 11:39:01,V015,133.0,1.0090624033403484
2026-06-01,2026-06-01 11:39:02,V015,133.0,1.0012071789664205
2026-06-01,2026-06-01 11:39:03,V015,133.0,1.0087891280901289
2026-06-01,2026-06-01 11:39:04,V015,133.0,0.9982229697050582
2026-06-01,2026-06-01 11:39:05,V015,133.0,1.0536317947954204
2026-06-01,2026-06-01 11:39:06,V015,133.0,1.026698177336388
2026-06-01,2026-06-01 11:39:07,V015,133.0,1.0084544599261218
2026-06-01,2026-06-01 11:39:08,V015,133.0,1.0052182718747045
2026-06-01,2026-06-01 11:39:09,V015,133.0,1.0318665673912333
2026-06-01,2026-06-01 11:39:10,V015,133.0,1.0337766109449829
2026-06-01,2026-06-01 11:39:11,V015,133.0,1.026854462087842
2026-06-01,2026-06-01 11:39:12,V015,133.0,1.016988591794726
2026-06-01,2026-06-01 11:39:13,V015,133.0,1.0139184186903594
2026-06-01,2026-06-01 11:39:14,V015,133.0,1.020180094698532
2026-06-01,2026-06-01 11:39:15,V015,134.0,0.9795243572076061
2026-06-01,2026-06-01 11:39:16,V015,135.0,1.0708368472038798
2026-06-01,2026-06-01 11:39:17,V015,136.0,1.0168064098270837
2026-06-01,2026-06-01 11:39:18,V015,136.0,1.014883612111302
2026-06-01,2026-06-01 11:39:19,V015,137.0,1.0052947539944141
2026-06-01,2026-06-01 11:39:20,V015,137.0,1.0128665263797236
2026-06-01,2026-06-01 11:39:21,V015,138.0,1.0021641357135318
2026-06-01,2026-06-01 11:39:22,V015,138.0,1.0111754072966637
2026-06-01,2026-06-01 11:39:23,V015,138.0,0.9976527623471623
2026-06-01,2026-06-01 11:39:24,V015,138.0,1.0088284237772072
2026-06-01,2026-06-01 11:39:25,V015,138.0,1.019410960210536
2026-06-01,2026-06-01 11:39:26,V015,137.0,1.0044580522950037
2026-06-01,2026-06-01 11:39:27,V015,137.0,1.0071770509217632
2026-06-01,2026-06-01 11:39:28,V015,136.0,1.0041788697134293
2026-06-01,2026-06-01 11:39:29,V015,135.0,1.006852625195386
2026-06-01,2026-06-01 11:39:30,V015,135.0,1.0259674335140543
2026-06-01,2026-06-01 11:39:31,V015,134.0,0.9882123291459695
2026-06-01,2026-06-01 11:39:32,V015,133.0,1.00407940256113
2026-06-01,2026-06-01 11:39:33,V015,133.0,1.0039064390771988
2026-06-01,2026-06-01 11:39:34,V015,132.0,1.012091000768444
2026-06-01,2026-06-01 11:39:35,V015,131.0,1.0476009075787962
2026-06-01,2026-06-01 11:39:36,V015,130.0,1.1102653629385355
2026-06-01,2026-06-01 11:39:37,V015,129.0,1.024447156144615
2026-06-01,2026-06-01 11:39:38,V015,129.0,1.0258049347036007
2026-06-01,2026-06-01 11:39:39,V015,129.0,0.9968542925754318
2026-06-01,2026-06-01 11:39:40,V015,129.0,1.0025743904289808
2026-06-01,2026-06-01 11:39:41,V015,129.0,0.9975334409708558
2026-06-01,2026-06-01 11:39:42,V015,130.0,1.0579051079083974
2026-06-01,2026-06-01 11:39:43,V015,131.0,1.0355168543972917
2026-06-01,2026-06-01 11:39:44,V015,132.0,0.9165289550747238
2026-06-01,2026-06-01 11:39:45,V015,132.0,1.073685248388236
2026-06-01,2026-06-01 11:39:46,V015,133.0,1.0120354812147987
2026-06-01,2026-06-01 11:39:47,V015,133.0,1.0059962611736528
2026-06-01,2026-06-01 11:39:48,V015,133.0,0.9921222367358049
2026-06-01,2026-06-01 11:39:49,V015,134.0,1.017209362070921
2026-06-01,2026-06-01 11:39:50,V015,134.0,1.007069335012152
2026-06-01,2026-06-01 11:39:51,V015,135.0,0.9993486699256802
2026-06-01,2026-06-01 11:39:52,V015,136.0,1.003860509438035
2026-06-01,2026-06-01 11:39:53,V015,138.0,1.012785142309246
2026-06-01,2026-06-01 11:39:54,V015,138.0,0.9978245986320156
2026-06-01,2026-06-01 11:39:55,V015,139.0,1.004638327008864
2026-06-01,2026-06-01 11:39:56,V015,139.0,1.0087435158350302
2026-06-01,2026-06-01 11:39:57,V015,139.0,1.0080320963317433
2026-06-01,2026-06-01 11:39:58,V015,140.0,1.0628015950176397
2026-06-01,2026-06-01 11:39:59,V015,140.0,0.9603281729263649
2026-06-01,2026-06-01 11:40:00,V015,140.0,1.0474178580868492
2026-06-01,2026-06-01 11:40:01,V015,140.0,1.0456297910458574
2026-06-01,2026-06-01 11:40:02,V015,140.0,1.0015514125463734
2026-06-01,2026-06-01 11:40:03,V015,140.0,1.0195860437860242
2026-06-01,2026-06-01 11:40:04,V015,140.0,1.057874115799588
2026-06-01,2026-06-01 11:40:05,V015,140.0,0.9799776328697191
2026-06-01,2026-06-01 11:40:06,V015,140.0,1.0699462527559584
2026-06-01,2026-06-01 11:40:07,V015,139.0,1.0582812666971935
2026-06-01,2026-06-01 11:40:08,V015,140.0,1.0617182744721185
2026-06-01,2026-06-01 11:40:09,V015,141.0,1.0446020887717091
2026-06-01,2026-06-01 11:40:10,V015,141.0,1.0641472851704132
2026-06-01,2026-06-01 11:40:11,V015,140.0,1.040669657296153
2026-06-01,2026-06-01 11:40:12,V015,140.0,1.0183960014612727
2026-06-01,2026-06-01 11:40:13,V015,139.0,1.0280591575239093
2026-06-01,2026-06-01 11:40:14,V015,139.0,1.0231818133081416
2026-06-01,2026-06-01 11:40:15,V015,138.0,1.0339908033253566
2026-06-01,2026-06-01 11:40:16,V015,137.0,1.0074355314680106
2026-06-01,2026-06-01 11:40:17,V015,137.0,1.038510604288485
2026-06-01,2026-06-01 11:40:18,V015,136.0,1.0103764776487933
2026-06-01,2026-06-01 11:40:19,V015,135.0,1.0118651295193624
2026-06-01,2026-06-01 11:40:20,V015,134.0,1.0078417933516415
2026-06-01,2026-06-01 11:40:21,V015,134.0,1.0432179662643444
2026-06-01,2026-06-01 11:40:22,V015,134.0,1.005001935877192
2026-06-01,2026-06-01 11:40:23,V015,134.0,1.001766498144149
2026-06-01,2026-06-01 11:40:24,V015,135.0,0.9552444976116016
2026-06-01,2026-06-01 11:40:25,V015,135.0,1.0622446792255675
2026-06-01,2026-06-01 11:40:26,V015,135.0,1.0554515652024414
2026-06-01,2026-06-01 11:40:27,V015,135.0,1.0526353575400489
2026-06-01,2026-06-01 11:40:28,V015,135.0,0.9885517184450505
2026-06-01,2026-06-01 11:40:29,V015,135.0,1.0515749868401794
2026-06-01,2026-06-01 11:40:30,V015,136.0,1.0093044802726472
2026-06-01,2026-06-01 11:40:31,V015,136.0,1.0303759210970826
2026-06-01,2026-06-01 11:40:32,V015,136.0,1.0407656216746486
2026-06-01,2026-06-01 11:40:33,V015,136.0,1.006591862016737
2026-06-01,2026-06-01 11:40:34,V015,135.0,1.0261888597553224
2026-06-01,2026-06-01 11:40:35,V015,135.0,1.032380240692441
2026-06-01,2026-06-01 11:40:36,V015,135.0,1.0343989482653095
2026-06-01,2026-06-01 11:40:37,V015,134.0,1.046512106589132
2026-06-01,2026-06-01 11:40:38,V015,134.0,1.0419407332301354
2026-06-01,2026-06-01 11:40:39,V015,134.0,1.0548883569181684
2026-06-01,2026-06-01 11:40:40,V015,133.0,1.041874575993549
2026-06-01,2026-06-01 11:40:41,V015,133.0,1.0357520748200448
2026-06-01,2026-06-01 11:40:42,V015,132.0,1.415859556225113
2026-06-01,2026-06-01 11:40:43,V015,132.0,1.1311495612101425
2026-06-01,2026-06-01 11:40:44,V015,131.0,1.1610444067219017
2026-06-01,2026-06-01 11:40:45,V015,131.0,0.9921538993745568
2026-06-01,2026-06-01 11:40:46,V015,131.0,1.0081552282890356
2026-06-01,2026-06-01 11:40:47,V015,131.0,1.1331872161837233
2026-06-01,2026-06-01 11:40:48,V015,132.0,0.9956004950151842
2026-06-01,2026-06-01 11:40:49,V015,132.0,1.030833135102144
2026-06-01,2026-06-01 11:40:50,V015,133.0,1.067307484675919
2026-06-01,2026-06-01 11:40:51,V015,134.0,1.0103652564629142
2026-06-01,2026-06-01 11:40:52,V015,135.0,1.0435186702516652
2026-06-01,2026-06-01 11:40:53,V015,135.0,1.0099123259007379
2026-06-01,2026-06-01 11:40:54,V015,137.0,1.0167946897549378
2026-06-01,2026-06-01 11:40:55,V015,138.0,1.014589760687046
2026-06-01,2026-06-01 11:40:56,V015,139.0,1.0079788127380143
2026-06-01,2026-06-01 11:40:57,V015,140.0,0.9985041338881298
2026-06-01,2026-06-01 11:40:58,V015,140.0,1.0375876874856391
2026-06-01,2026-06-01 11:40:59,V015,141.0,1.0101303808241742
2026-06-01,2026-06-01 11:41:00,V015,142.0,1.0174491805463182
2026-06-01,2026-06-01 11:41:01,V015,143.0,0.9951020634877632
2026-06-01,2026-06-01 11:41:02,V015,144.0,1.0177228692617595
2026-06-01,2026-06-01 11:41:03,V015,144.0,1.0094688553745974
2026-06-01,2026-06-01 11:41:04,V015,144.0,0.9947657622497342
2026-06-01,2026-06-01 11:41:05,V015,145.0,1.0206886364105845
2026-06-01,2026-06-01 11:41:06,V015,146.0,1.000801230854895
2026-06-01,2026-06-01 11:41:07,V015,146.0,1.0069930790855208
2026-06-01,2026-06-01 11:41:08,V015,148.0,1.033903371081935
2026-06-01,2026-06-01 11:41:09,V015,149.0,1.0040795003508054
2026-06-01,2026-06-01 11:41:10,V015,150.0,1.0065886478874224
2026-06-01,2026-06-01 11:41:11,V015,151.0,1.0094438710443276
2026-06-01,2026-06-01 11:41:12,V015,153.0,1.0100284913408786
2026-06-01,2026-06-01 11:41:13,V015,154.0,1.005018908019315
2026-06-01,2026-06-01 11:41:14,V015,155.0,1.0051854759710281
2026-06-01,2026-06-01 11:41:15,V015,155.0,1.0059643942328371
2026-06-01,2026-06-01 11:41:16,V015,156.0,1.0025476936961253
2026-06-01,2026-06-01 11:41:17,V015,156.0,1.0163518593371688
2026-06-01,2026-06-01 11:41:18,V015,156.0,1.0114686372119366
2026-06-01,2026-06-01 11:41:19,V015,155.0,0.9995052969086662
2026-06-01,2026-06-01 11:41:20,V015,155.0,1.0068197494446125
2026-06-01,2026-06-01 11:41:21,V015,154.0,1.0148450180686353
2026-06-01,2026-06-01 11:41:22,V015,154.0,0.9939318784320089
2026-06-01,2026-06-01 11:41:23,V015,153.0,1.026270358917434
2026-06-01,2026-06-01 11:41:24,V015,153.0,1.0192364359735337
2026-06-01,2026-06-01 11:41:25,V015,152.0,0.9897137177437265
2026-06-01,2026-06-01 11:41:26,V015,152.0,1.0143713112571193
2026-06-01,2026-06-01 11:41:27,V015,152.0,1.0012187136741344
2026-06-01,2026-06-01 11:41:28,V015,152.0,1.0134852686171802
2026-06-01,2026-06-01 11:41:29,V015,152.0,1.022448362499061
2026-06-01,2026-06-01 11:41:30,V015,152.0,1.003246476839962
2026-06-01,2026-06-01 11:41:31,V015,152.0,1.0125442478025923
2026-06-01,2026-06-01 11:41:32,V015,151.0,1.005058025749566
2026-06-01,2026-06-01 11:41:33,V015,151.0,0.9975118779725531
2026-06-01,2026-06-01 11:41:34,V015,150.0,1.0029330903345015
2026-06-01,2026-06-01 11:41:35,V015,150.0,1.0007056496476967
2026-06-01,2026-06-01 11:41:36,V015,149.0,1.0213529425588443
2026-06-01,2026-06-01 11:41:37,V015,148.0,1.002078070738925
2026-06-01,2026-06-01 11:41:38,V015,147.0,0.9990378760595707
2026-06-01,2026-06-01 11:41:39,V015,147.0,1.0037029593215416
2026-06-01,2026-06-01 11:41:40,V015,146.0,0.9864422933013143
2026-06-01,2026-06-01 11:41:41,V015,146.0,1.0671352742322813
2026-06-01,2026-06-01 11:41:42,V015,146.0,1.0214988375778025
2026-06-01,2026-06-01 11:41:43,V015,146.0,1.0003672261104593
2026-06-01,2026-06-01 11:41:44,V015,145.0,1.0009183281509841
2026-06-01,2026-06-01 11:41:45,V015,145.0,1.0054283862258244
2026-06-01,2026-06-01 11:41:46,V015,145.0,0.9991906970834856
2026-06-01,2026-06-01 11:41:47,V015,145.0,1.0058653332159266
2026-06-01,2026-06-01 11:41:48,V015,144.0,1.0015712138523416
2026-06-01,2026-06-01 11:41:49,V015,143.0,1.0007506390622165
2026-06-01,2026-06-01 11:41:50,V015,143.0,1.000336403360551
2026-06-01,2026-06-01 11:41:51,V015,143.0,1.0048999804901084
2026-06-01,2026-06-01 11:41:52,V015,143.0,1.0146323810788431
2026-06-01,2026-06-01 11:41:53,V015,143.0,1.0064888703838064
2026-06-01,2026-06-01 11:41:54,V015,143.0,1.0174346481445735
2026-06-01,2026-06-01 11:41:55,V015,142.0,1.0068922077429876
2026-06-01,2026-06-01 11:41:56,V015,142.0,1.0036006269828075
2026-06-01,2026-06-01 11:41:57,V015,141.0,1.0162880756327741
2026-06-01,2026-06-01 11:41:58,V015,141.0,1.0023128920977504
2026-06-01,2026-06-01 11:41:59,V015,140.0,1.009133347580493
2026-06-01,2026-06-01 11:42:00,V015,140.0,0.9993298081706168
2026-06-01,2026-06-01 11:42:01,V015,140.0,1.0037406396436803
2026-06-01,2026-06-01 11:42:02,V015,140.0,1.0007101955087856
2026-06-01,2026-06-01 11:42:03,V015,140.0,1.011486702978069
2026-06-01,2026-06-01 11:42:04,V015,140.0,1.0131990649087055
2026-06-01,2026-06-01 11:42:05,V015,140.0,1.0101635575759005
2026-06-01,2026-06-01 11:42:06,V015,140.0,1.018876533280586
2026-06-01,2026-06-01 11:42:07,V015,140.0,1.0081399604305112
2026-06-01,2026-06-01 11:42:08,V015,140.0,1.0057095737958506
2026-06-01,2026-06-01 11:42:09,V015,140.0,0.9989947571774325
2026-06-01,2026-06-01 11:42:10,V015,140.0,1.0077150381933406
2026-06-01,2026-06-01 11:42:11,V015,139.0,1.0222113385922882
2026-06-01,2026-06-01 11:42:12,V015,139.0,0.9969801903048369
2026-06-01,2026-06-01 11:42:13,V015,138.0,1.0037618922100453
2026-06-01,2026-06-01 11:42:14,V015,137.0,1.0109008561716764
2026-06-01,2026-06-01 11:42:15,V015,137.0,1.0023403355699902
2026-06-01,2026-06-01 11:42:16,V015,136.0,1.0139285532437656
2026-06-01,2026-06-01 11:42:17,V015,136.0,1.0409445905708312
2026-06-01,2026-06-01 11:42:18,V015,136.0,1.0033710182189672
2026-06-01,2026-06-01 11:42:19,V015,135.0,1.0273981449917102
2026-06-01,2026-06-01 11:42:20,V015,135.0,1.0195284971343594
2026-06-01,2026-06-01 11:42:21,V015,135.0,1.0050027364189151
2026-06-01,2026-06-01 11:42:22,V015,135.0,1.00894329560426
2026-06-01,2026-06-01 11:42:23,V015,135.0,1.0126372512732982
2026-06-01,2026-06-01 11:42:24,V015,135.0,1.0038098408930893
2026-06-01,2026-06-01 11:42:25,V015,135.0,1.0179324036003194
2026-06-01,2026-06-01 11:42:26,V015,135.0,1.0125693904593926
2026-06-01,2026-06-01 11:42:27,V015,135.0,1.0022512643784087
2026-06-01,2026-06-01 11:42:28,V015,135.0,1.0381506705405747
2026-06-01,2026-06-01 11:42:29,V015,135.0,0.9906748035269459
2026-06-01,2026-06-01 11:42:30,V015,135.0,1.0259681739805648
2026-06-01,2026-06-01 11:42:31,V015,136.0,1.0262141188606975
2026-06-01,2026-06-01 11:42:32,V015,136.0,1.0482205595567398
2026-06-01,2026-06-01 11:42:33,V015,136.0,1.0748510490933432
2026-06-01,2026-06-01 11:42:34,V015,136.0,1.048949345301386
2026-06-01,2026-06-01 11:42:35,V015,137.0,1.0749429828431023
2026-06-01,2026-06-01 11:42:36,V015,137.0,1.0309171213898936
2026-06-01,2026-06-01 11:42:37,V015,137.0,1.0350177262550695
2026-06-01,2026-06-01 11:42:38,V015,138.0,1.1632583607103122
2026-06-01,2026-06-01 11:42:39,V015,139.0,1.0898250124203492
2026-06-01,2026-06-01 11:42:40,V015,139.0,1.001979886865109
2026-06-01,2026-06-01 11:42:41,V015,139.0,1.0948696755060252
2026-06-01,2026-06-01 11:42:42,V015,140.0,1.0343373745389033
2026-06-01,2026-06-01 11:42:43,V015,140.0,1.228738849642141
2026-06-01,2026-06-01 11:42:44,V015,140.0,1.0052931436269754
2026-06-01,2026-06-01 11:42:45,V015,139.0,1.0251098520545434
2026-06-01,2026-06-01 11:42:46,V015,139.0,1.0365248830549134
2026-06-01,2026-06-01 11:42:47,V015,138.0,1.000808028634512
2026-06-01,2026-06-01 11:42:48,V015,138.0,1.078191165593859
2026-06-01,2026-06-01 11:42:49,V015,137.0,1.0123935672622622
2026-06-01,2026-06-01 11:42:50,V015,138.0,1.1428140217844196
2026-06-01,2026-06-01 11:42:51,V015,138.0,1.0368026546326168
2026-06-01,2026-06-01 11:42:52,V015,138.0,1.2505121512162103
2026-06-01,2026-06-01 11:42:53,V015,139.0,1.0332790320506429
2026-06-01,2026-06-01 11:42:54,V015,139.0,1.3713124919270792
2026-06-01,2026-06-01 11:42:55,V015,139.0,1.2092340053422954
2026-06-01,2026-06-01 11:42:56,V015,139.0,1.4355830719284963
2026-06-01,2026-06-01 11:42:57,V015,139.0,2.120351836038252
2026-06-01,2026-06-01 11:42:58,V015,139.0,1.126319612295021
2026-06-01,2026-06-01 11:42:59,V015,140.0,1.1644875213676935
2026-06-01,2026-06-01 11:43:00,V015,140.0,1.1354690124443905
2026-06-01,2026-06-01 11:43:01,V015,141.0,1.0491073504300032
2026-06-01,2026-06-01 11:43:02,V015,141.0,1.1753968077715928
2026-06-01,2026-06-01 11:43:03,V015,142.0,1.0995863426562413
2026-06-01,2026-06-01 11:43:04,V015,142.0,1.0122195299498677
2026-06-01,2026-06-01 11:43:05,V015,143.0,1.0484702667916233
2026-06-01,2026-06-01 11:43:06,V015,142.0,1.0310282948304366
2026-06-01,2026-06-01 11:43:07,V015,142.0,1.0180921057660033
2026-06-01,2026-06-01 11:43:08,V015,142.0,1.016003304663552
2026-06-01,2026-06-01 11:43:09,V015,142.0,1.0224344678314108
2026-06-01,2026-06-01 11:43:10,V015,142.0,1.0905555660313533
2026-06-01,2026-06-01 11:43:11,V015,142.0,1.0020170633514616
2026-06-01,2026-06-01 11:43:12,V015,142.0,1.0605217953638673
2026-06-01,2026-06-01 11:43:13,V015,142.0,1.013542944196618
2026-06-01,2026-06-01 11:43:14,V015,143.0,0.9929099885256472
2026-06-01,2026-06-01 11:43:15,V015,144.0,0.9853469150549959
2026-06-01,2026-06-01 11:43:16,V015,144.0,0.997376819699862
2026-06-01,2026-06-01 11:43:17,V015,145.0,1.0072738604253175
2026-06-01,2026-06-01 11:43:18,V015,146.0,0.9969247584165183
2026-06-01,2026-06-01 11:43:19,V015,146.0,1.0046493600240805
2026-06-01,2026-06-01 11:43:20,V015,147.0,1.0247317374807363
2026-06-01,2026-06-01 11:43:21,V015,147.0,1.0037449261231681
2026-06-01,2026-06-01 11:43:22,V015,147.0,1.0031811107756605
2026-06-01,2026-06-01 11:43:23,V015,146.0,1.0038969418506463
2026-06-01,2026-06-01 11:43:24,V015,146.0,1.0017764535490459
2026-06-01,2026-06-01 11:43:25,V015,146.0,1.015633498111634
2026-06-01,2026-06-01 11:43:26,V015,145.0,1.0320262988617923
2026-06-01,2026-06-01 11:43:27,V015,145.0,1.0201873926507659
2026-06-01,2026-06-01 11:43:28,V015,145.0,1.0380678955626197
2026-06-01,2026-06-01 11:43:29,V015,145.0,1.0488990405250151
2026-06-01,2026-06-01 11:43:30,V015,145.0,1.0007211216067617
2026-06-01,2026-06-01 11:43:31,V015,145.0,1.0919609704594653
2026-06-01,2026-06-01 11:43:32,V015,145.0,1.0262109632532193
2026-06-01,2026-06-01 11:43:33,V015,145.0,1.0612611517436434
2026-06-01,2026-06-01 11:43:34,V015,144.0,1.0757089697038207
2026-06-01,2026-06-01 11:43:35,V015,144.0,1.0564185318870087
2026-06-01,2026-06-01 11:43:36,V015,144.0,1.0211324963289141
2026-06-01,2026-06-01 11:43:37,V015,144.0,1.0261498875730681
2026-06-01,2026-06-01 11:43:38,V015,144.0,1.0204487519307526
2026-06-01,2026-06-01 11:43:39,V015,144.0,1.0026372269169597
2026-06-01,2026-06-01 11:43:40,V015,144.0,1.007170666422379
2026-06-01,2026-06-01 11:43:41,V015,144.0,1.08028913326329
2026-06-01,2026-06-01 11:43:42,V015,144.0,1.1110646314994712
2026-06-01,2026-06-01 11:43:43,V015,144.0,1.0264334714039929
2026-06-01,2026-06-01 11:43:44,V015,144.0,1.0503864606879132
2026-06-01,2026-06-01 11:43:45,V015,144.0,1.0194453566855817
2026-06-01,2026-06-01 11:43:46,V015,144.0,1.0065266576251832
2026-06-01,2026-06-01 11:43:47,V015,144.0,1.0066782159864982
2026-06-01,2026-06-01 11:43:48,V015,144.0,1.0089559655234783
2026-06-01,2026-06-01 11:43:49,V015,145.0,1.005402247210034
2026-06-01,2026-06-01 11:43:50,V015,145.0,1.0247212036845452
2026-06-01,2026-06-01 11:43:51,V015,145.0,1.025440423853197
2026-06-01,2026-06-01 11:43:52,V015,144.0,1.013089524062029
2026-06-01,2026-06-01 11:43:53,V015,144.0,1.0203939417381367
2026-06-01,2026-06-01 11:43:54,V015,143.0,1.0151644506636563
2026-06-01,2026-06-01 11:43:55,V015,143.0,1.0047697015716182
2026-06-01,2026-06-01 11:43:56,V015,143.0,1.0368952571354162
2026-06-01,2026-06-01 11:43:57,V015,144.0,1.0548702318335204
2026-06-01,2026-06-01 11:43:58,V015,144.0,1.0194145024226202
2026-06-01,2026-06-01 11:43:59,V015,144.0,1.0279452235810331
2026-06-01,2026-06-01 11:44:00,V015,144.0,1.1583221596203728
2026-06-01,2026-06-01 11:44:01,V015,145.0,1.0641703416151682
2026-06-01,2026-06-01 11:44:02,V015,145.0,0.9716120204926054
2026-06-01,2026-06-01 11:44:03,V015,146.0,1.527694763624605
2026-06-01,2026-06-01 11:44:04,V015,147.0,0.9452136759004187
2026-06-01,2026-06-01 11:44:05,V015,148.0,0.9947095796957041
2026-06-01,2026-06-01 11:44:06,V015,148.0,0.9977496722153347
2026-06-01,2026-06-01 11:44:07,V015,148.0,1.000313132936942
2026-06-01,2026-06-01 11:44:08,V015,148.0,0.9960782283525406
2026-06-01,2026-06-01 11:44:09,V015,148.0,0.9980622465507035
2026-06-01,2026-06-01 11:44:10,V015,148.0,0.9954485789111149
2026-06-01,2026-06-01 11:44:11,V015,147.0,0.9975565433696059
2026-06-01,2026-06-01 11:44:12,V015,147.0,0.9982744909372271
2026-06-01,2026-06-01 11:44:13,V015,146.0,0.9939058135594556
2026-06-01,2026-06-01 11:44:14,V015,146.0,0.9958181772445818
2026-06-01,2026-06-01 11:44:15,V015,145.0,1.002329103697013
2026-06-01,2026-06-01 11:44:16,V015,144.0,0.9984997603271916
2026-06-01,2026-06-01 11:44:17,V015,143.0,0.9977926538196683
2026-06-01,2026-06-01 11:44:18,V015,143.0,1.0028476931309498
2026-06-01,2026-06-01 11:44:19,V015,144.0,0.9985973652264195
2026-06-01,2026-06-01 11:44:20,V015,144.0,0.9977310959993662
2026-06-01,2026-06-01 11:44:21,V015,144.0,0.9995810552004865
2026-06-01,2026-06-01 11:44:22,V015,144.0,0.9951598065631019
2026-06-01,2026-06-01 11:44:23,V015,145.0,0.9969573724504928
2026-06-01,2026-06-01 11:44:24,V015,145.0,1.009111493520816
2026-06-01,2026-06-01 11:44:25,V015,145.0,0.9973799537383463
2026-06-01,2026-06-01 11:44:26,V015,145.0,0.9984017868947467
2026-06-01,2026-06-01 11:44:27,V015,146.0,0.9981599196213015
2026-06-01,2026-06-01 11:44:28,V015,146.0,0.9992587897283574
2026-06-01,2026-06-01 11:44:29,V015,146.0,0.999123747489543
2026-06-01,2026-06-01 11:44:30,V015,147.0,1.001091425855707
2026-06-01,2026-06-01 11:44:31,V015,147.0,0.9989258318530768
2026-06-01,2026-06-01 11:44:32,V015,147.0,1.0016512378561104
2026-06-01,2026-06-01 11:44:33,V015,148.0,1.0052246568626861
2026-06-01,2026-06-01 11:44:34,V015,148.0,0.9923130078940352
2026-06-01,2026-06-01 11:44:35,V015,149.0,0.9984628497332749
2026-06-01,2026-06-01 11:44:36,V015,149.0,0.9975245125034686
2026-06-01,2026-06-01 11:44:37,V015,149.0,0.9984899945793472
2026-06-01,2026-06-01 11:44:38,V015,149.0,1.0004669717347818
2026-06-01,2026-06-01 11:44:39,V015,149.0,0.9936192294231758
2026-06-01,2026-06-01 11:44:40,V015,149.0,0.9991202730444241
2026-06-01,2026-06-01 11:44:41,V015,149.0,0.9985807725642206
2026-06-01,2026-06-01 11:44:42,V015,149.0,0.9992742750133172
2026-06-01,2026-06-01 11:44:43,V015,148.0,1.0009465728314273
2026-06-01,2026-06-01 11:44:44,V015,147.0,1.0016542811830635
2026-06-01,2026-06-01 11:44:45,V015,147.0,0.9972279162922993
2026-06-01,2026-06-01 11:44:46,V015,146.0,1.0016746820576925
2026-06-01,2026-06-01 11:44:47,V015,146.0,1.0032064940528957
2026-06-01,2026-06-01 11:44:48,V015,146.0,0.9992712455726702
2026-06-01,2026-06-01 11:44:49,V015,146.0,1.0001509775920956
2026-06-01,2026-06-01 11:44:50,V015,146.0,0.9915647356184232
2026-06-01,2026-06-01 11:44:51,V015,146.0,1.0042826084892047
2026-06-01,2026-06-01 11:44:52,V015,146.0,0.9966750118151947
2026-06-01,2026-06-01 11:44:53,V015,146.0,0.9918490983099454
2026-06-01,2026-06-01 11:44:54,V015,146.0,0.9961273186191413
2026-06-01,2026-06-01 11:44:55,V015,145.0,1.000228276704754
2026-06-01,2026-06-01 11:44:56,V015,145.0,0.995420028434109
2026-06-01,2026-06-01 11:44:57,V015,145.0,1.0013865875845545
2026-06-01,2026-06-01 11:44:58,V015,145.0,
2026-06-01,2026-06-01 11:44:59,V015,145.0,
