Date,Timestamp,SensorID,HeartRate,AccNorm
2026-06-01,2026-06-01 10:40:00,V022,98.0,1.079802620936122
2026-06-01,2026-06-01 10:40:01,V022,99.0,1.1849992593464471
2026-06-01,2026-06-01 10:40:02,V022,100.0,1.130576998928083
2026-06-01,2026-06-01 10:40:03,V022,101.0,1.1908972164730893
2026-06-01,2026-06-01 10:40:04,V022,101.0,1.23531911854053
2026-06-01,2026-06-01 10:40:05,V022,104.0,1.215321651984091
2026-06-01,2026-06-01 10:40:06,V022,106.0,1.1804040115965426
2026-06-01,2026-06-01 10:40:07,V022,108.0,1.2047166914130623
2026-06-01,2026-06-01 10:40:08,V022,110.0,1.1923405975807513
2026-06-01,2026-06-01 10:40:09,V022,112.0,1.1452946038605325
2026-06-01,2026-06-01 10:40:10,V022,113.0,1.2725916786443652
2026-06-01,2026-06-01 10:40:11,V022,114.0,1.1310884189554498
2026-06-01,2026-06-01 10:40:12,V022,114.0,1.2822904845157448
2026-06-01,2026-06-01 10:40:13,V022,115.0,1.1740077375161326
2026-06-01,2026-06-01 10:40:14,V022,115.0,1.2098849026676604
2026-06-01,2026-06-01 10:40:15,V022,115.0,1.2510953435187673
2026-06-01,2026-06-01 10:40:16,V022,115.0,1.3880326988198954
2026-06-01,2026-06-01 10:40:17,V022,116.0,1.3454641075542124
2026-06-01,2026-06-01 10:40:18,V022,116.0,1.3982489936051754
2026-06-01,2026-06-01 10:40:19,V022,116.0,1.1729652878803718
2026-06-01,2026-06-01 10:40:20,V022,115.0,1.158848640704946
2026-06-01,2026-06-01 10:40:21,V022,115.0,1.2617633135584656
2026-06-01,2026-06-01 10:40:22,V022,115.0,1.2251087288364213
2026-06-01,2026-06-01 10:40:23,V022,115.0,1.22748126887115
2026-06-01,2026-06-01 10:40:24,V022,114.0,1.2568649067014033
2026-06-01,2026-06-01 10:40:25,V022,114.0,1.224758234896065
2026-06-01,2026-06-01 10:40:26,V022,114.0,1.1702722233452851
2026-06-01,2026-06-01 10:40:27,V022,114.0,1.197197567951018
2026-06-01,2026-06-01 10:40:28,V022,115.0,1.2801823358532847
2026-06-01,2026-06-01 10:40:29,V022,115.0,1.167169785772562
2026-06-01,2026-06-01 10:40:30,V022,115.0,1.3990758209373482
2026-06-01,2026-06-01 10:40:31,V022,115.0,1.2315523924220981
2026-06-01,2026-06-01 10:40:32,V022,116.0,1.141772201885277
2026-06-01,2026-06-01 10:40:33,V022,116.0,1.3056092814253246
2026-06-01,2026-06-01 10:40:34,V022,116.0,1.395146726456124
2026-06-01,2026-06-01 10:40:35,V022,116.0,1.4167409012277858
2026-06-01,2026-06-01 10:40:36,V022,116.0,1.5317685278022017
2026-06-01,2026-06-01 10:40:37,V022,116.0,1.4104888129170072
2026-06-01,2026-06-01 10:40:38,V022,116.0,1.3648964923804068
2026-06-01,2026-06-01 10:40:39,V022,116.0,1.148838119505346
2026-06-01,2026-06-01 10:40:40,V022,116.0,1.1547435772744679
2026-06-01,2026-06-01 10:40:41,V022,117.0,1.3344195015602043
2026-06-01,2026-06-01 10:40:42,V022,117.0,1.2852242988974338
2026-06-01,2026-06-01 10:40:43,V022,116.0,1.2060614565114471
2026-06-01,2026-06-01 10:40:44,V022,116.0,1.246129174116877
2026-06-01,2026-06-01 10:40:45,V022,116.0,1.203991217590899
2026-06-01,2026-06-01 10:40:46,V022,116.0,1.0418206384883515
2026-06-01,2026-06-01 10:40:47,V022,116.0,1.1387631842636732
2026-06-01,2026-06-01 10:40:48,V022,116.0,1.152641291461454
2026-06-01,2026-06-01 10:40:49,V022,116.0,1.015748949574962
2026-06-01,2026-06-01 10:40:50,V022,116.0,0.9761523795216859
2026-06-01,2026-06-01 10:40:51,V022,116.0,0.9479064376428867
2026-06-01,2026-06-01 10:40:52,V022,116.0,0.9359430801372567
2026-06-01,2026-06-01 10:40:53,V022,116.0,0.9512204791599425
2026-06-01,2026-06-01 10:40:54,V022,116.0,0.9418833783272281
2026-06-01,2026-06-01 10:40:55,V022,116.0,0.9620013486128559
2026-06-01,2026-06-01 10:40:56,V022,116.0,0.958121687393526
2026-06-01,2026-06-01 10:40:57,V022,116.0,1.123692469898871
2026-06-01,2026-06-01 10:40:58,V022,117.0,1.1259887814192135
2026-06-01,2026-06-01 10:40:59,V022,117.0,1.2210939086391994
2026-06-01,2026-06-01 10:41:00,V022,117.0,1.2126493242757674
2026-06-01,2026-06-01 10:41:01,V022,117.0,1.1337592370240495
2026-06-01,2026-06-01 10:41:02,V022,118.0,1.1095889474715093
2026-06-01,2026-06-01 10:41:03,V022,118.0,1.2830502542950288
2026-06-01,2026-06-01 10:41:04,V022,118.0,1.2988210245960596
2026-06-01,2026-06-01 10:41:05,V022,118.0,1.220024346002211
2026-06-01,2026-06-01 10:41:06,V022,118.0,1.0445013495746613
2026-06-01,2026-06-01 10:41:07,V022,117.0,1.1185449913328518
2026-06-01,2026-06-01 10:41:08,V022,117.0,1.3488338901987615
2026-06-01,2026-06-01 10:41:09,V022,116.0,1.0216479636277274
2026-06-01,2026-06-01 10:41:10,V022,116.0,1.2504788127945177
2026-06-01,2026-06-01 10:41:11,V022,116.0,0.936141634238834
2026-06-01,2026-06-01 10:41:12,V022,115.0,1.0829308427307445
2026-06-01,2026-06-01 10:41:13,V022,115.0,1.2860954788623984
2026-06-01,2026-06-01 10:41:14,V022,115.0,1.0995250750397867
2026-06-01,2026-06-01 10:41:15,V022,115.0,1.1812709974146598
2026-06-01,2026-06-01 10:41:16,V022,115.0,1.248238986705094
2026-06-01,2026-06-01 10:41:17,V022,115.0,1.1086602556141232
2026-06-01,2026-06-01 10:41:18,V022,115.0,1.1829372482910219
2026-06-01,2026-06-01 10:41:19,V022,116.0,1.319173888709672
2026-06-01,2026-06-01 10:41:20,V022,116.0,1.115166397408412
2026-06-01,2026-06-01 10:41:21,V022,116.0,1.0778275774431076
2026-06-01,2026-06-01 10:41:22,V022,116.0,1.070505369569259
2026-06-01,2026-06-01 10:41:23,V022,117.0,1.157255237126385
2026-06-01,2026-06-01 10:41:24,V022,117.0,1.160394512223265
2026-06-01,2026-06-01 10:41:25,V022,118.0,1.113710549684904
2026-06-01,2026-06-01 10:41:26,V022,119.0,1.2412638433372403
2026-06-01,2026-06-01 10:41:27,V022,119.0,1.0640824935142366
2026-06-01,2026-06-01 10:41:28,V022,120.0,1.1256525480291315
2026-06-01,2026-06-01 10:41:29,V022,121.0,1.2913808000460463
2026-06-01,2026-06-01 10:41:30,V022,122.0,1.0710157579337676
2026-06-01,2026-06-01 10:41:31,V022,122.0,1.12761333302958
2026-06-01,2026-06-01 10:41:32,V022,121.0,1.3148087134799686
2026-06-01,2026-06-01 10:41:33,V022,121.0,1.0115669560732659
2026-06-01,2026-06-01 10:41:34,V022,121.0,1.190603873547722
2026-06-01,2026-06-01 10:41:35,V022,121.0,1.2346649560262548
2026-06-01,2026-06-01 10:41:36,V022,121.0,1.2155967680764665
2026-06-01,2026-06-01 10:41:37,V022,121.0,1.3526556338502362
2026-06-01,2026-06-01 10:41:38,V022,121.0,1.142430319643415
2026-06-01,2026-06-01 10:41:39,V022,121.0,1.2484227855129817
2026-06-01,2026-06-01 10:41:40,V022,122.0,1.3391654901300585
2026-06-01,2026-06-01 10:41:41,V022,121.0,1.21902735639725
2026-06-01,2026-06-01 10:41:42,V022,121.0,1.3714928280645848
2026-06-01,2026-06-01 10:41:43,V022,121.0,1.168286780299884
2026-06-01,2026-06-01 10:41:44,V022,121.0,1.3754663563885994
2026-06-01,2026-06-01 10:41:45,V022,120.0,1.1060576134187392
2026-06-01,2026-06-01 10:41:46,V022,120.0,1.5632845733485488
2026-06-01,2026-06-01 10:41:47,V022,120.0,0.9921221634370234
2026-06-01,2026-06-01 10:41:48,V022,120.0,1.4727225138989353
2026-06-01,2026-06-01 10:41:49,V022,119.0,1.202141434960642
2026-06-01,2026-06-01 10:41:50,V022,119.0,1.2089804783810885
2026-06-01,2026-06-01 10:41:51,V022,119.0,1.3607290250613906
2026-06-01,2026-06-01 10:41:52,V022,119.0,0.8981182923669225
2026-06-01,2026-06-01 10:41:53,V022,118.0,1.3210948211841274
2026-06-01,2026-06-01 10:41:54,V022,118.0,1.343565293925266
2026-06-01,2026-06-01 10:41:55,V022,118.0,1.136943059645444
2026-06-01,2026-06-01 10:41:56,V022,118.0,1.1789091230632722
2026-06-01,2026-06-01 10:41:57,V022,118.0,1.2587420485788545
2026-06-01,2026-06-01 10:41:58,V022,118.0,1.205011447936816
2026-06-01,2026-06-01 10:41:59,V022,118.0,1.2854459933493951
2026-06-01,2026-06-01 10:42:00,V022,118.0,1.1025398630045833
2026-06-01,2026-06-01 10:42:01,V022,118.0,1.4022429631276265
2026-06-01,2026-06-01 10:42:02,V022,118.0,1.1020012477072307
2026-06-01,2026-06-01 10:42:03,V022,118.0,1.2656977811750105
2026-06-01,2026-06-01 10:42:04,V022,118.0,1.4565934708233452
2026-06-01,2026-06-01 10:42:05,V022,118.0,1.1253380704344624
2026-06-01,2026-06-01 10:42:06,V022,118.0,1.3494102925025966
2026-06-01,2026-06-01 10:42:07,V022,118.0,1.250389682166494
2026-06-01,2026-06-01 10:42:08,V022,118.0,1.13038272619989
2026-06-01,2026-06-01 10:42:09,V022,118.0,1.3611566070702377
2026-06-01,2026-06-01 10:42:10,V022,118.0,1.2635678515486595
2026-06-01,2026-06-01 10:42:11,V022,118.0,0.9233878589264032
2026-06-01,2026-06-01 10:42:12,V022,118.0,1.3653865596140204
2026-06-01,2026-06-01 10:42:13,V022,118.0,1.2621358337035316
2026-06-01,2026-06-01 10:42:14,V022,117.0,1.1674337864139632
2026-06-01,2026-06-01 10:42:15,V022,117.0,1.3635658068346406
2026-06-01,2026-06-01 10:42:16,V022,117.0,1.1507785694495876
2026-06-01,2026-06-01 10:42:17,V022,117.0,1.1339489476097755
2026-06-01,2026-06-01 10:42:18,V022,116.0,1.3690388455105256
2026-06-01,2026-06-01 10:42:19,V022,116.0,1.2937599626804923
2026-06-01,2026-06-01 10:42:20,V022,116.0,1.1610100403437902
2026-06-01,2026-06-01 10:42:21,V022,116.0,1.1266427823236542
2026-06-01,2026-06-01 10:42:22,V022,115.0,1.1478744829572187
2026-06-01,2026-06-01 10:42:23,V022,115.0,1.1466704776088996
2026-06-01,2026-06-01 10:42:24,V022,115.0,1.150468316719136
2026-06-01,2026-06-01 10:42:25,V022,115.0,1.1878612311487038
2026-06-01,2026-06-01 10:42:26,V022,115.0,1.326338610146638
2026-06-01,2026-06-01 10:42:27,V022,115.0,1.1026137752401137
2026-06-01,2026-06-01 10:42:28,V022,115.0,1.0153600812417387
2026-06-01,2026-06-01 10:42:29,V022,115.0,0.9502140334618964
2026-06-01,2026-06-01 10:42:30,V022,115.0,0.9457377592208369
2026-06-01,2026-06-01 10:42:31,V022,116.0,0.9387130774614884
2026-06-01,2026-06-01 10:42:32,V022,116.0,0.9392491046296131
2026-06-01,2026-06-01 10:42:33,V022,117.0,0.940491953649496
2026-06-01,2026-06-01 10:42:34,V022,117.0,0.9498990547315004
2026-06-01,2026-06-01 10:42:35,V022,118.0,0.9551058471904831
2026-06-01,2026-06-01 10:42:36,V022,119.0,0.9819081068536305
2026-06-01,2026-06-01 10:42:37,V022,119.0,0.9982630926192241
2026-06-01,2026-06-01 10:42:38,V022,118.0,1.0216984111809564
2026-06-01,2026-06-01 10:42:39,V022,115.0,0.9410191958771056
2026-06-01,2026-06-01 10:42:40,V022,113.0,0.9356186621331217
2026-06-01,2026-06-01 10:42:41,V022,113.0,0.9668946835079762
2026-06-01,2026-06-01 10:42:42,V022,113.0,1.0421694406440254
2026-06-01,2026-06-01 10:42:43,V022,113.0,0.9867764168776804
2026-06-01,2026-06-01 10:42:44,V022,113.0,1.0270491175938221
2026-06-01,2026-06-01 10:42:45,V022,111.0,1.0263124471537155
2026-06-01,2026-06-01 10:42:46,V022,110.0,0.953961997864989
2026-06-01,2026-06-01 10:42:47,V022,109.0,0.9417385868155729
2026-06-01,2026-06-01 10:42:48,V022,108.0,0.9412160050262975
2026-06-01,2026-06-01 10:42:49,V022,108.0,0.9354647886091721
2026-06-01,2026-06-01 10:42:50,V022,108.0,0.9957125551274042
2026-06-01,2026-06-01 10:42:51,V022,109.0,0.9627764523446558
2026-06-01,2026-06-01 10:42:52,V022,109.0,1.0128031609203112
2026-06-01,2026-06-01 10:42:53,V022,110.0,1.068107713926902
2026-06-01,2026-06-01 10:42:54,V022,111.0,0.9974073940756196
2026-06-01,2026-06-01 10:42:55,V022,110.0,0.9679349756332206
2026-06-01,2026-06-01 10:42:56,V022,109.0,0.9754326556399776
2026-06-01,2026-06-01 10:42:57,V022,110.0,1.204615151256743
2026-06-01,2026-06-01 10:42:58,V022,111.0,1.3332294476017206
2026-06-01,2026-06-01 10:42:59,V022,111.0,1.2934872875162597
2026-06-01,2026-06-01 10:43:00,V022,110.0,1.1326907675956077
2026-06-01,2026-06-01 10:43:01,V022,110.0,0.9913031596125982
2026-06-01,2026-06-01 10:43:02,V022,110.0,1.1792892462785989
2026-06-01,2026-06-01 10:43:03,V022,110.0,1.1714217188269789
2026-06-01,2026-06-01 10:43:04,V022,110.0,1.356686937056528
2026-06-01,2026-06-01 10:43:05,V022,110.0,1.6188902194501285
2026-06-01,2026-06-01 10:43:06,V022,110.0,1.238448405604052
2026-06-01,2026-06-01 10:43:07,V022,110.0,1.4665311607615688
2026-06-01,2026-06-01 10:43:08,V022,110.0,1.5932937309408592
2026-06-01,2026-06-01 10:43:09,V022,110.0,1.3820285105390926
2026-06-01,2026-06-01 10:43:10,V022,110.0,1.205451832352895
2026-06-01,2026-06-01 10:43:11,V022,110.0,1.4435840393444632
2026-06-01,2026-06-01 10:43:12,V022,110.0,1.733112854711292
2026-06-01,2026-06-01 10:43:13,V022,111.0,1.5016193246234049
2026-06-01,2026-06-01 10:43:14,V022,111.0,1.812069252706041
2026-06-01,2026-06-01 10:43:15,V022,111.0,1.836277653270852
2026-06-01,2026-06-01 10:43:16,V022,111.0,1.4461304366038463
2026-06-01,2026-06-01 10:43:17,V022,111.0,1.669422725001563
2026-06-01,2026-06-01 10:43:18,V022,111.0,1.4760979406000976
2026-06-01,2026-06-01 10:43:19,V022,111.0,1.5103009374057488
2026-06-01,2026-06-01 10:43:20,V022,110.0,1.7710062002361786
2026-06-01,2026-06-01 10:43:21,V022,109.0,1.3907333291112691
2026-06-01,2026-06-01 10:43:22,V022,109.0,1.5809135227865132
2026-06-01,2026-06-01 10:43:23,V022,108.0,1.6429411760853074
2026-06-01,2026-06-01 10:43:24,V022,107.0,1.2448119811980378
2026-06-01,2026-06-01 10:43:25,V022,105.0,1.9344190789848374
2026-06-01,2026-06-01 10:43:26,V022,104.0,1.3596642163878794
2026-06-01,2026-06-01 10:43:27,V022,105.0,1.377918514285943
2026-06-01,2026-06-01 10:43:28,V022,106.0,1.5814469391402357
2026-06-01,2026-06-01 10:43:29,V022,106.0,1.3911962637937338
2026-06-01,2026-06-01 10:43:30,V022,107.0,1.4951412787117946
2026-06-01,2026-06-01 10:43:31,V022,107.0,1.5111375616624259
2026-06-01,2026-06-01 10:43:32,V022,108.0,1.4544025536690073
2026-06-01,2026-06-01 10:43:33,V022,108.0,1.39864802733222
2026-06-01,2026-06-01 10:43:34,V022,108.0,1.555267607549161
2026-06-01,2026-06-01 10:43:35,V022,108.0,1.6697553235273495
2026-06-01,2026-06-01 10:43:36,V022,108.0,1.555864205003837
2026-06-01,2026-06-01 10:43:37,V022,108.0,1.9701094011402063
2026-06-01,2026-06-01 10:43:38,V022,108.0,1.51058531137273
2026-06-01,2026-06-01 10:43:39,V022,109.0,1.4999562477271906
2026-06-01,2026-06-01 10:43:40,V022,109.0,1.5449689211058169
2026-06-01,2026-06-01 10:43:41,V022,110.0,1.202124218163328
2026-06-01,2026-06-01 10:43:42,V022,110.0,1.7017813517470357
2026-06-01,2026-06-01 10:43:43,V022,110.0,1.778421714159204
2026-06-01,2026-06-01 10:43:44,V022,110.0,1.3900862294663712
2026-06-01,2026-06-01 10:43:45,V022,110.0,1.8587006586618726
2026-06-01,2026-06-01 10:43:46,V022,110.0,1.7929320870982293
2026-06-01,2026-06-01 10:43:47,V022,110.0,1.453373896499477
2026-06-01,2026-06-01 10:43:48,V022,111.0,1.825704513974991
2026-06-01,2026-06-01 10:43:49,V022,111.0,1.7480341148155458
2026-06-01,2026-06-01 10:43:50,V022,111.0,1.5712062061483791
2026-06-01,2026-06-01 10:43:51,V022,112.0,1.827265512597825
2026-06-01,2026-06-01 10:43:52,V022,113.0,1.9652659853373156
2026-06-01,2026-06-01 10:43:53,V022,114.0,1.2773665435733892
2026-06-01,2026-06-01 10:43:54,V022,115.0,1.610601243293911
2026-06-01,2026-06-01 10:43:55,V022,115.0,1.7811503864255156
2026-06-01,2026-06-01 10:43:56,V022,115.0,1.2741115753317154
2026-06-01,2026-06-01 10:43:57,V022,115.0,1.3570932141800045
2026-06-01,2026-06-01 10:43:58,V022,115.0,1.7097069575838302
2026-06-01,2026-06-01 10:43:59,V022,115.0,1.588254931847013
2026-06-01,2026-06-01 10:44:00,V022,115.0,1.7653381549920082
2026-06-01,2026-06-01 10:44:01,V022,115.0,1.5393800790398582
2026-06-01,2026-06-01 10:44:02,V022,115.0,1.4155537611273414
2026-06-01,2026-06-01 10:44:03,V022,115.0,1.3018909294277916
2026-06-01,2026-06-01 10:44:04,V022,116.0,1.58508875710497
2026-06-01,2026-06-01 10:44:05,V022,116.0,1.4027319742226254
2026-06-01,2026-06-01 10:44:06,V022,116.0,1.132486633299924
2026-06-01,2026-06-01 10:44:07,V022,116.0,1.5728225525664807
2026-06-01,2026-06-01 10:44:08,V022,116.0,1.428892290699086
2026-06-01,2026-06-01 10:44:09,V022,116.0,1.09964781792215
2026-06-01,2026-06-01 10:44:10,V022,116.0,1.3623125458671215
2026-06-01,2026-06-01 10:44:11,V022,116.0,1.7370701940003332
2026-06-01,2026-06-01 10:44:12,V022,115.0,1.4777457689059603
2026-06-01,2026-06-01 10:44:13,V022,116.0,1.1776724296377519
2026-06-01,2026-06-01 10:44:14,V022,116.0,0.9718330981517335
2026-06-01,2026-06-01 10:44:15,V022,117.0,0.9773054242945307
2026-06-01,2026-06-01 10:44:16,V022,117.0,0.9386160587682119
2026-06-01,2026-06-01 10:44:17,V022,118.0,0.9478576797056903
2026-06-01,2026-06-01 10:44:18,V022,118.0,0.9463662453283652
2026-06-01,2026-06-01 10:44:19,V022,119.0,0.9617986022019775
2026-06-01,2026-06-01 10:44:20,V022,120.0,0.9805990521817862
2026-06-01,2026-06-01 10:44:21,V022,122.0,0.9725138556671153
2026-06-01,2026-06-01 10:44:22,V022,123.0,0.9792142796168396
2026-06-01,2026-06-01 10:44:23,V022,125.0,0.9759171151000244
2026-06-01,2026-06-01 10:44:24,V022,127.0,1.0977763608328106
2026-06-01,2026-06-01 10:44:25,V022,126.0,0.9255552499104078
2026-06-01,2026-06-01 10:44:26,V022,125.0,0.9787971334363008
2026-06-01,2026-06-01 10:44:27,V022,124.0,0.9639048446180892
2026-06-01,2026-06-01 10:44:28,V022,123.0,0.9596141327127057
2026-06-01,2026-06-01 10:44:29,V022,122.0,0.979932722208878
2026-06-01,2026-06-01 10:44:30,V022,121.0,0.9291343262762162
2026-06-01,2026-06-01 10:44:31,V022,121.0,0.9921491941796298
2026-06-01,2026-06-01 10:44:32,V022,120.0,0.9512687385050514
2026-06-01,2026-06-01 10:44:33,V022,121.0,0.9813683154743695
2026-06-01,2026-06-01 10:44:34,V022,121.0,1.0254767552136415
2026-06-01,2026-06-01 10:44:35,V022,122.0,0.9788364176862955
2026-06-01,2026-06-01 10:44:36,V022,123.0,1.0256500660872778
2026-06-01,2026-06-01 10:44:37,V022,123.0,0.922788845985735
2026-06-01,2026-06-01 10:44:38,V022,124.0,0.981318820292634
2026-06-01,2026-06-01 10:44:39,V022,123.0,1.1962300268087378
2026-06-01,2026-06-01 10:44:40,V022,123.0,0.9753426676564215
2026-06-01,2026-06-01 10:44:41,V022,122.0,1.01567383268334
2026-06-01,2026-06-01 10:44:42,V022,121.0,1.0384028707416233
2026-06-01,2026-06-01 10:44:43,V022,119.0,1.0904182760947063
2026-06-01,2026-06-01 10:44:44,V022,118.0,1.0463806370401307
2026-06-01,2026-06-01 10:44:45,V022,117.0,0.9934412639788475
2026-06-01,2026-06-01 10:44:46,V022,116.0,1.0532193548384687
2026-06-01,2026-06-01 10:44:47,V022,116.0,1.0345166438590299
2026-06-01,2026-06-01 10:44:48,V022,117.0,0.931247707794285
2026-06-01,2026-06-01 10:44:49,V022,117.0,0.9758117044099164
2026-06-01,2026-06-01 10:44:50,V022,117.0,0.9660170747561303
2026-06-01,2026-06-01 10:44:51,V022,117.0,0.9568547835120875
2026-06-01,2026-06-01 10:44:52,V022,116.0,0.944115345696016
2026-06-01,2026-06-01 10:44:53,V022,116.0,0.9425544504841492
2026-06-01,2026-06-01 10:44:54,V022,115.0,0.9414608850506857
2026-06-01,2026-06-01 10:44:55,V022,115.0,0.9346184970585364
2026-06-01,2026-06-01 10:44:56,V022,114.0,0.9856031959947827
2026-06-01,2026-06-01 10:44:57,V022,113.0,1.0063193781332718
2026-06-01,2026-06-01 10:44:58,V022,113.0,1.0462708376698886
2026-06-01,2026-06-01 10:44:59,V022,113.0,1.164846171981827
2026-06-01,2026-06-01 10:45:00,V022,113.0,1.0511956817630834
2026-06-01,2026-06-01 10:45:01,V022,113.0,0.942042477274032
2026-06-01,2026-06-01 10:45:02,V022,113.0,0.9334947684261835
2026-06-01,2026-06-01 10:45:03,V022,113.0,0.9923052330010526
2026-06-01,2026-06-01 10:45:04,V022,113.0,1.218942960567865
2026-06-01,2026-06-01 10:45:05,V022,113.0,1.0122253282498876
2026-06-01,2026-06-01 10:45:06,V022,112.0,1.0428575365270274
2026-06-01,2026-06-01 10:45:07,V022,112.0,1.0281601919047847
2026-06-01,2026-06-01 10:45:08,V022,112.0,1.0096654778168204
2026-06-01,2026-06-01 10:45:09,V022,113.0,0.9625114649953203
2026-06-01,2026-06-01 10:45:10,V022,113.0,0.9661096206343514
2026-06-01,2026-06-01 10:45:11,V022,113.0,0.942833182352683
2026-06-01,2026-06-01 10:45:12,V022,113.0,0.9605309480224762
2026-06-01,2026-06-01 10:45:13,V022,113.0,0.9595766443688868
2026-06-01,2026-06-01 10:45:14,V022,112.0,0.9459490740127601
2026-06-01,2026-06-01 10:45:15,V022,112.0,0.9520465087226911
2026-06-01,2026-06-01 10:45:16,V022,112.0,0.9425933105063441
2026-06-01,2026-06-01 10:45:17,V022,111.0,0.9521418393422438
2026-06-01,2026-06-01 10:45:18,V022,111.0,0.9488129195779759
2026-06-01,2026-06-01 10:45:19,V022,110.0,0.9572538390539586
2026-06-01,2026-06-01 10:45:20,V022,109.0,0.9490098822692482
2026-06-01,2026-06-01 10:45:21,V022,109.0,0.9532606378912469
2026-06-01,2026-06-01 10:45:22,V022,108.0,0.9479852559073654
2026-06-01,2026-06-01 10:45:23,V022,107.0,0.9502849605651958
2026-06-01,2026-06-01 10:45:24,V022,106.0,0.9510363533230607
2026-06-01,2026-06-01 10:45:25,V022,107.0,0.9485667303827209
2026-06-01,2026-06-01 10:45:26,V022,107.0,0.9469627801039175
2026-06-01,2026-06-01 10:45:27,V022,108.0,0.9517798705548758
2026-06-01,2026-06-01 10:45:28,V022,109.0,0.9535587268604621
2026-06-01,2026-06-01 10:45:29,V022,110.0,0.9933951003022427
2026-06-01,2026-06-01 10:45:30,V022,110.0,1.0060002372178831
2026-06-01,2026-06-01 10:45:31,V022,110.0,1.022616870057367
2026-06-01,2026-06-01 10:45:32,V022,110.0,0.9639748242146161
2026-06-01,2026-06-01 10:45:33,V022,110.0,0.9559413310677153
2026-06-01,2026-06-01 10:45:34,V022,110.0,0.9503854636049188
2026-06-01,2026-06-01 10:45:35,V022,110.0,0.947254687356771
2026-06-01,2026-06-01 10:45:36,V022,111.0,0.9521439342917447
2026-06-01,2026-06-01 10:45:37,V022,111.0,0.9440041462670533
2026-06-01,2026-06-01 10:45:38,V022,111.0,0.945195214583712
2026-06-01,2026-06-01 10:45:39,V022,111.0,0.9548958859624724
2026-06-01,2026-06-01 10:45:40,V022,111.0,0.96363320720307
2026-06-01,2026-06-01 10:45:41,V022,111.0,0.9526998578647423
2026-06-01,2026-06-01 10:45:42,V022,111.0,0.9441957405222783
2026-06-01,2026-06-01 10:45:43,V022,111.0,0.9486409351048949
2026-06-01,2026-06-01 10:45:44,V022,112.0,0.9466650948876925
2026-06-01,2026-06-01 10:45:45,V022,112.0,0.9466402690562986
2026-06-01,2026-06-01 10:45:46,V022,112.0,0.9467041973194313
2026-06-01,2026-06-01 10:45:47,V022,112.0,0.9523042116267817
2026-06-01,2026-06-01 10:45:48,V022,112.0,0.9456220805280379
2026-06-01,2026-06-01 10:45:49,V022,112.0,0.9474426339974175
2026-06-01,2026-06-01 10:45:50,V022,112.0,0.9462234094251764
2026-06-01,2026-06-01 10:45:51,V022,112.0,0.9434789135236277
2026-06-01,2026-06-01 10:45:52,V022,112.0,0.9407849591219334
2026-06-01,2026-06-01 10:45:53,V022,111.0,0.9480031257721987
2026-06-01,2026-06-01 10:45:54,V022,111.0,0.9532855352163888
2026-06-01,2026-06-01 10:45:55,V022,111.0,0.9450938943970668
2026-06-01,2026-06-01 10:45:56,V022,111.0,0.9423098046787024
2026-06-01,2026-06-01 10:45:57,V022,111.0,0.9606030220100247
2026-06-01,2026-06-01 10:45:58,V022,112.0,0.9551868835663226
2026-06-01,2026-06-01 10:45:59,V022,112.0,0.9897575359468647
2026-06-01,2026-06-01 10:46:00,V022,112.0,1.0376636230356593
2026-06-01,2026-06-01 10:46:01,V022,113.0,1.0231427164340463
2026-06-01,2026-06-01 10:46:02,V022,113.0,1.0213965598641426
2026-06-01,2026-06-01 10:46:03,V022,114.0,0.9508512543453316
2026-06-01,2026-06-01 10:46:04,V022,114.0,0.9496286520908667
2026-06-01,2026-06-01 10:46:05,V022,114.0,0.951776197745096
2026-06-01,2026-06-01 10:46:06,V022,114.0,0.9502611626875106
2026-06-01,2026-06-01 10:46:07,V022,114.0,0.9609142298128751
2026-06-01,2026-06-01 10:46:08,V022,114.0,0.9600840425917442
2026-06-01,2026-06-01 10:46:09,V022,114.0,0.9694372119184433
2026-06-01,2026-06-01 10:46:10,V022,114.0,0.9607829262135825
2026-06-01,2026-06-01 10:46:11,V022,114.0,0.9455448083182354
2026-06-01,2026-06-01 10:46:12,V022,114.0,0.9494591132572077
2026-06-01,2026-06-01 10:46:13,V022,114.0,0.9380337535748515
2026-06-01,2026-06-01 10:46:14,V022,114.0,0.9466380733118626
2026-06-01,2026-06-01 10:46:15,V022,114.0,0.9465150625189095
2026-06-01,2026-06-01 10:46:16,V022,115.0,0.9387468671312834
2026-06-01,2026-06-01 10:46:17,V022,115.0,0.9456013961008791
2026-06-01,2026-06-01 10:46:18,V022,115.0,0.9371804159891324
2026-06-01,2026-06-01 10:46:19,V022,116.0,0.9461110228699551
2026-06-01,2026-06-01 10:46:20,V022,116.0,0.9537512248552654
2026-06-01,2026-06-01 10:46:21,V022,117.0,0.9512666053725938
2026-06-01,2026-06-01 10:46:22,V022,117.0,0.9490216436570764
2026-06-01,2026-06-01 10:46:23,V022,117.0,0.9502080577192125
2026-06-01,2026-06-01 10:46:24,V022,117.0,0.9471581204364207
2026-06-01,2026-06-01 10:46:25,V022,117.0,0.9610782936985208
2026-06-01,2026-06-01 10:46:26,V022,117.0,0.946322845161708
2026-06-01,2026-06-01 10:46:27,V022,118.0,0.9971323250237881
2026-06-01,2026-06-01 10:46:28,V022,118.0,0.9441189534348716
2026-06-01,2026-06-01 10:46:29,V022,118.0,0.9733537614019973
2026-06-01,2026-06-01 10:46:30,V022,119.0,0.9898315901631664
2026-06-01,2026-06-01 10:46:31,V022,120.0,1.035980283177163
2026-06-01,2026-06-01 10:46:32,V022,120.0,0.9707385462388236
2026-06-01,2026-06-01 10:46:33,V022,124.0,1.011083969981529
2026-06-01,2026-06-01 10:46:34,V022,127.0,0.9861200438911304
2026-06-01,2026-06-01 10:46:35,V022,130.0,0.995143870623029
2026-06-01,2026-06-01 10:46:36,V022,132.0,0.9720961510171866
2026-06-01,2026-06-01 10:46:37,V022,133.0,0.9557089096720629
2026-06-01,2026-06-01 10:46:38,V022,134.0,0.9335609880040281
2026-06-01,2026-06-01 10:46:39,V022,135.0,0.9456752969055083
2026-06-01,2026-06-01 10:46:40,V022,136.0,0.9378745954634051
2026-06-01,2026-06-01 10:46:41,V022,136.0,0.9559206725688845
2026-06-01,2026-06-01 10:46:42,V022,135.0,0.9502124880376454
2026-06-01,2026-06-01 10:46:43,V022,135.0,0.9610581133189745
2026-06-01,2026-06-01 10:46:44,V022,134.0,0.9477524186951098
2026-06-01,2026-06-01 10:46:45,V022,134.0,0.9509627466904189
2026-06-01,2026-06-01 10:46:46,V022,133.0,0.9349833579382355
2026-06-01,2026-06-01 10:46:47,V022,132.0,0.9404674917006849
2026-06-01,2026-06-01 10:46:48,V022,132.0,0.989230454582676
2026-06-01,2026-06-01 10:46:49,V022,129.0,1.006268862144747
2026-06-01,2026-06-01 10:46:50,V022,127.0,0.9330054079142037
2026-06-01,2026-06-01 10:46:51,V022,126.0,0.9417360337084724
2026-06-01,2026-06-01 10:46:52,V022,125.0,0.9312403283985325
2026-06-01,2026-06-01 10:46:53,V022,125.0,0.9645329108849334
2026-06-01,2026-06-01 10:46:54,V022,124.0,0.9620100712139411
2026-06-01,2026-06-01 10:46:55,V022,124.0,0.950905744632791
2026-06-01,2026-06-01 10:46:56,V022,124.0,0.9538452457972634
2026-06-01,2026-06-01 10:46:57,V022,124.0,0.9539313474794686
2026-06-01,2026-06-01 10:46:58,V022,124.0,0.9271429738699195
2026-06-01,2026-06-01 10:46:59,V022,125.0,0.9351035147948802
2026-06-01,2026-06-01 10:47:00,V022,125.0,0.9358482109981708
2026-06-01,2026-06-01 10:47:01,V022,125.0,0.9255268225872784
2026-06-01,2026-06-01 10:47:02,V022,125.0,0.9506941081783739
2026-06-01,2026-06-01 10:47:03,V022,126.0,0.9523076524840147
2026-06-01,2026-06-01 10:47:04,V022,126.0,0.9486299563366893
2026-06-01,2026-06-01 10:47:05,V022,126.0,0.9507446096163963
2026-06-01,2026-06-01 10:47:06,V022,126.0,0.9542526698826469
2026-06-01,2026-06-01 10:47:07,V022,126.0,0.9412382386557453
2026-06-01,2026-06-01 10:47:08,V022,126.0,0.939512939775583
2026-06-01,2026-06-01 10:47:09,V022,126.0,1.0193045974566906
2026-06-01,2026-06-01 10:47:10,V022,125.0,1.0044611657469875
2026-06-01,2026-06-01 10:47:11,V022,125.0,0.9733968241141412
2026-06-01,2026-06-01 10:47:12,V022,125.0,0.9612624821828715
2026-06-01,2026-06-01 10:47:13,V022,125.0,0.9397623567792824
2026-06-01,2026-06-01 10:47:14,V022,125.0,0.9476499744538328
2026-06-01,2026-06-01 10:47:15,V022,125.0,0.944439701511361
2026-06-01,2026-06-01 10:47:16,V022,125.0,0.949170527583859
2026-06-01,2026-06-01 10:47:17,V022,125.0,0.9793721588108715
2026-06-01,2026-06-01 10:47:18,V022,125.0,0.9970869595990977
2026-06-01,2026-06-01 10:47:19,V022,125.0,0.9726559808675255
2026-06-01,2026-06-01 10:47:20,V022,125.0,0.9594255792334045
2026-06-01,2026-06-01 10:47:21,V022,125.0,0.9435149873014721
2026-06-01,2026-06-01 10:47:22,V022,125.0,0.9618625212403562
2026-06-01,2026-06-01 10:47:23,V022,125.0,0.9427522990216004
2026-06-01,2026-06-01 10:47:24,V022,125.0,0.9447386373367423
2026-06-01,2026-06-01 10:47:25,V022,125.0,0.9418545003128357
2026-06-01,2026-06-01 10:47:26,V022,124.0,0.9519887601536394
2026-06-01,2026-06-01 10:47:27,V022,125.0,0.9995824840002976
2026-06-01,2026-06-01 10:47:28,V022,125.0,0.9890875360610342
2026-06-01,2026-06-01 10:47:29,V022,125.0,1.0568917301311556
2026-06-01,2026-06-01 10:47:30,V022,125.0,0.9532216775819661
2026-06-01,2026-06-01 10:47:31,V022,125.0,0.9819157151818267
2026-06-01,2026-06-01 10:47:32,V022,126.0,0.9876079467442187
2026-06-01,2026-06-01 10:47:33,V022,126.0,1.0204926383812234
2026-06-01,2026-06-01 10:47:34,V022,127.0,0.9189552094537333
2026-06-01,2026-06-01 10:47:35,V022,129.0,0.9502062288506514
2026-06-01,2026-06-01 10:47:36,V022,130.0,0.9325857926592882
2026-06-01,2026-06-01 10:47:37,V022,130.0,0.9511628721947584
2026-06-01,2026-06-01 10:47:38,V022,129.0,0.9405062938125396
2026-06-01,2026-06-01 10:47:39,V022,129.0,0.9110008740207945
2026-06-01,2026-06-01 10:47:40,V022,128.0,0.9955937184102049
2026-06-01,2026-06-01 10:47:41,V022,128.0,0.9476564868352467
2026-06-01,2026-06-01 10:47:42,V022,128.0,0.9297789880586872
2026-06-01,2026-06-01 10:47:43,V022,128.0,0.9351713177993267
2026-06-01,2026-06-01 10:47:44,V022,128.0,0.9374775869634682
2026-06-01,2026-06-01 10:47:45,V022,127.0,0.9434929371030742
2026-06-01,2026-06-01 10:47:46,V022,127.0,0.9412012390289365
2026-06-01,2026-06-01 10:47:47,V022,127.0,0.9468875365390171
2026-06-01,2026-06-01 10:47:48,V022,127.0,0.91946274494651
2026-06-01,2026-06-01 10:47:49,V022,127.0,0.9338042554432954
2026-06-01,2026-06-01 10:47:50,V022,126.0,0.9258703117169603
2026-06-01,2026-06-01 10:47:51,V022,126.0,0.9187429654988918
2026-06-01,2026-06-01 10:47:52,V022,126.0,1.0426844236991366
2026-06-01,2026-06-01 10:47:53,V022,125.0,1.0231629063016523
2026-06-01,2026-06-01 10:47:54,V022,125.0,0.9521944379365435
2026-06-01,2026-06-01 10:47:55,V022,124.0,0.96766923785549
2026-06-01,2026-06-01 10:47:56,V022,123.0,0.9622057800395949
2026-06-01,2026-06-01 10:47:57,V022,121.0,1.0003219180368836
2026-06-01,2026-06-01 10:47:58,V022,119.0,1.015856957524243
2026-06-01,2026-06-01 10:47:59,V022,115.0,0.8915774631758486
2026-06-01,2026-06-01 10:48:00,V022,112.0,0.9517533676131151
2026-06-01,2026-06-01 10:48:01,V022,110.0,0.9577535240570197
2026-06-01,2026-06-01 10:48:02,V022,108.0,0.9448379091986853
2026-06-01,2026-06-01 10:48:03,V022,106.0,0.9323909768697414
2026-06-01,2026-06-01 10:48:04,V022,105.0,0.9821478921803481
2026-06-01,2026-06-01 10:48:05,V022,105.0,0.9403937633187917
2026-06-01,2026-06-01 10:48:06,V022,105.0,0.9712402678816124
2026-06-01,2026-06-01 10:48:07,V022,105.0,0.9419485930742661
2026-06-01,2026-06-01 10:48:08,V022,104.0,1.0209189008481818
2026-06-01,2026-06-01 10:48:09,V022,103.0,1.0547688900025873
2026-06-01,2026-06-01 10:48:10,V022,102.0,1.0629230445935132
2026-06-01,2026-06-01 10:48:11,V022,102.0,1.0513641628558272
2026-06-01,2026-06-01 10:48:12,V022,102.0,1.049986769215582
2026-06-01,2026-06-01 10:48:13,V022,102.0,1.0485155191332576
2026-06-01,2026-06-01 10:48:14,V022,102.0,0.9678386691032517
2026-06-01,2026-06-01 10:48:15,V022,102.0,1.1263596572605268
2026-06-01,2026-06-01 10:48:16,V022,102.0,0.9547618575819301
2026-06-01,2026-06-01 10:48:17,V022,103.0,0.9505466145668251
2026-06-01,2026-06-01 10:48:18,V022,103.0,0.9658516661475195
2026-06-01,2026-06-01 10:48:19,V022,103.0,0.970232125891657
2026-06-01,2026-06-01 10:48:20,V022,103.0,0.9640492617886266
2026-06-01,2026-06-01 10:48:21,V022,103.0,1.0027064327260997
2026-06-01,2026-06-01 10:48:22,V022,104.0,0.9632074935874276
2026-06-01,2026-06-01 10:48:23,V022,104.0,0.957388835593682
2026-06-01,2026-06-01 10:48:24,V022,104.0,0.9534060583971128
2026-06-01,2026-06-01 10:48:25,V022,105.0,0.9540767549634888
2026-06-01,2026-06-01 10:48:26,V022,105.0,0.9432801068079634
2026-06-01,2026-06-01 10:48:27,V022,105.0,0.9470952635530935
2026-06-01,2026-06-01 10:48:28,V022,105.0,0.9531827700736142
2026-06-01,2026-06-01 10:48:29,V022,105.0,0.9611466689183793
2026-06-01,2026-06-01 10:48:30,V022,105.0,0.9556450078517186
2026-06-01,2026-06-01 10:48:31,V022,106.0,0.9668039766393555
2026-06-01,2026-06-01 10:48:32,V022,106.0,1.0028200631415853
2026-06-01,2026-06-01 10:48:33,V022,106.0,1.1166811002032984
2026-06-01,2026-06-01 10:48:34,V022,106.0,1.0467137270365219
2026-06-01,2026-06-01 10:48:35,V022,107.0,0.9948091206208269
2026-06-01,2026-06-01 10:48:36,V022,108.0,1.053097590240267
2026-06-01,2026-06-01 10:48:37,V022,109.0,0.9723025385620749
2026-06-01,2026-06-01 10:48:38,V022,110.0,0.9672209823861669
2026-06-01,2026-06-01 10:48:39,V022,112.0,0.961615006229578
2026-06-01,2026-06-01 10:48:40,V022,113.0,0.943065089506078
2026-06-01,2026-06-01 10:48:41,V022,116.0,0.9912192271752528
2026-06-01,2026-06-01 10:48:42,V022,118.0,0.9823608734022998
2026-06-01,2026-06-01 10:48:43,V022,123.0,0.9435681440385424
2026-06-01,2026-06-01 10:48:44,V022,126.0,0.9715991856413131
2026-06-01,2026-06-01 10:48:45,V022,128.0,0.9938915134218489
2026-06-01,2026-06-01 10:48:46,V022,130.0,0.9533899676090398
2026-06-01,2026-06-01 10:48:47,V022,132.0,0.9495810137936732
2026-06-01,2026-06-01 10:48:48,V022,133.0,0.9728517561785793
2026-06-01,2026-06-01 10:48:49,V022,134.0,0.9472956681189157
2026-06-01,2026-06-01 10:48:50,V022,134.0,0.9519396456995411
2026-06-01,2026-06-01 10:48:51,V022,134.0,0.9600200907087066
2026-06-01,2026-06-01 10:48:52,V022,134.0,0.9775113946161244
2026-06-01,2026-06-01 10:48:53,V022,134.0,0.954091761485773
2026-06-01,2026-06-01 10:48:54,V022,135.0,0.9666649338677645
2026-06-01,2026-06-01 10:48:55,V022,134.0,0.977660757532365
2026-06-01,2026-06-01 10:48:56,V022,134.0,0.9751182298813599
2026-06-01,2026-06-01 10:48:57,V022,134.0,1.0109447548041834
2026-06-01,2026-06-01 10:48:58,V022,134.0,0.9630880901639147
2026-06-01,2026-06-01 10:48:59,V022,134.0,0.972963392076485
2026-06-01,2026-06-01 10:49:00,V022,134.0,0.9560744284044269
2026-06-01,2026-06-01 10:49:01,V022,135.0,0.9689536272478653
2026-06-01,2026-06-01 10:49:02,V022,135.0,0.9515970228455614
2026-06-01,2026-06-01 10:49:03,V022,134.0,0.9657985286276793
2026-06-01,2026-06-01 10:49:04,V022,133.0,0.9578183180077758
2026-06-01,2026-06-01 10:49:05,V022,133.0,0.9536296103204913
2026-06-01,2026-06-01 10:49:06,V022,132.0,0.9563284932885282
2026-06-01,2026-06-01 10:49:07,V022,132.0,0.9557783857991403
2026-06-01,2026-06-01 10:49:08,V022,132.0,0.9634833910889093
2026-06-01,2026-06-01 10:49:09,V022,132.0,0.9429355746775276
2026-06-01,2026-06-01 10:49:10,V022,132.0,0.9536039499762491
2026-06-01,2026-06-01 10:49:11,V022,131.0,0.9470822379082577
2026-06-01,2026-06-01 10:49:12,V022,131.0,0.9485026748922236
2026-06-01,2026-06-01 10:49:13,V022,130.0,0.9458678729016364
2026-06-01,2026-06-01 10:49:14,V022,130.0,0.9489914537766881
2026-06-01,2026-06-01 10:49:15,V022,129.0,0.9647945827902534
2026-06-01,2026-06-01 10:49:16,V022,129.0,0.9791090223532303
2026-06-01,2026-06-01 10:49:17,V022,128.0,0.9671841137422006
2026-06-01,2026-06-01 10:49:18,V022,128.0,1.0445097692838854
2026-06-01,2026-06-01 10:49:19,V022,128.0,0.9904233390783301
2026-06-01,2026-06-01 10:49:20,V022,129.0,1.0147987514140522
2026-06-01,2026-06-01 10:49:21,V022,129.0,0.9907860750851449
2026-06-01,2026-06-01 10:49:22,V022,129.0,0.955725194852117
2026-06-01,2026-06-01 10:49:23,V022,129.0,0.9704740463327393
2026-06-01,2026-06-01 10:49:24,V022,129.0,1.0025594799028288
2026-06-01,2026-06-01 10:49:25,V022,129.0,0.9446466957474767
2026-06-01,2026-06-01 10:49:26,V022,129.0,0.9529666430375009
2026-06-01,2026-06-01 10:49:27,V022,129.0,0.9967040810613331
2026-06-01,2026-06-01 10:49:28,V022,129.0,0.937212701101203
2026-06-01,2026-06-01 10:49:29,V022,129.0,1.0439463410022067
2026-06-01,2026-06-01 10:49:30,V022,129.0,0.9653753622414625
2026-06-01,2026-06-01 10:49:31,V022,129.0,1.0282662526052273
2026-06-01,2026-06-01 10:49:32,V022,129.0,1.1151344495285682
2026-06-01,2026-06-01 10:49:33,V022,129.0,1.0955237362497106
2026-06-01,2026-06-01 10:49:34,V022,129.0,0.984695388675963
2026-06-01,2026-06-01 10:49:35,V022,129.0,0.9657334958463842
2026-06-01,2026-06-01 10:49:36,V022,129.0,0.9739003105109485
2026-06-01,2026-06-01 10:49:37,V022,129.0,0.9675918172050272
2026-06-01,2026-06-01 10:49:38,V022,129.0,0.9704618752467252
2026-06-01,2026-06-01 10:49:39,V022,129.0,0.9701212514250821
2026-06-01,2026-06-01 10:49:40,V022,129.0,0.9544082993761894
2026-06-01,2026-06-01 10:49:41,V022,129.0,0.956893204993041
2026-06-01,2026-06-01 10:49:42,V022,129.0,0.9495207301853638
2026-06-01,2026-06-01 10:49:43,V022,128.0,0.9480567251955753
2026-06-01,2026-06-01 10:49:44,V022,128.0,0.9426878438623615
2026-06-01,2026-06-01 10:49:45,V022,128.0,0.9430270756035795
2026-06-01,2026-06-01 10:49:46,V022,128.0,0.9438715426655152
2026-06-01,2026-06-01 10:49:47,V022,128.0,0.9510108237013327
2026-06-01,2026-06-01 10:49:48,V022,128.0,0.8606985117109885
2026-06-01,2026-06-01 10:49:49,V022,128.0,1.0435790872292097
2026-06-01,2026-06-01 10:49:50,V022,128.0,0.9697884056948565
2026-06-01,2026-06-01 10:49:51,V022,127.0,1.003412678670567
2026-06-01,2026-06-01 10:49:52,V022,127.0,0.9836834700370024
2026-06-01,2026-06-01 10:49:53,V022,127.0,0.9597224050912311
2026-06-01,2026-06-01 10:49:54,V022,126.0,0.979711540663281
2026-06-01,2026-06-01 10:49:55,V022,126.0,0.9887890560383118
2026-06-01,2026-06-01 10:49:56,V022,125.0,1.0082004535717115
2026-06-01,2026-06-01 10:49:57,V022,125.0,1.0180709887688981
2026-06-01,2026-06-01 10:49:58,V022,125.0,0.9972297491100165
2026-06-01,2026-06-01 10:49:59,V022,125.0,0.9806878581888079
2026-06-01,2026-06-01 10:50:00,V022,125.0,0.9783990659589697
2026-06-01,2026-06-01 10:50:01,V022,125.0,0.9773059523444968
2026-06-01,2026-06-01 10:50:02,V022,124.0,0.9792766041930394
2026-06-01,2026-06-01 10:50:03,V022,124.0,0.9960486534431103
2026-06-01,2026-06-01 10:50:04,V022,124.0,1.010684987672074
2026-06-01,2026-06-01 10:50:05,V022,124.0,0.9994098765695154
2026-06-01,2026-06-01 10:50:06,V022,123.0,1.0054275735819411
2026-06-01,2026-06-01 10:50:07,V022,122.0,1.0165360874062221
2026-06-01,2026-06-01 10:50:08,V022,122.0,0.9878884794346874
2026-06-01,2026-06-01 10:50:09,V022,121.0,0.9950187725642904
2026-06-01,2026-06-01 10:50:10,V022,120.0,0.9974059685861336
2026-06-01,2026-06-01 10:50:11,V022,119.0,0.9920063308635045
2026-06-01,2026-06-01 10:50:12,V022,118.0,0.9875857359860305
2026-06-01,2026-06-01 10:50:13,V022,118.0,1.003436912781503
2026-06-01,2026-06-01 10:50:14,V022,117.0,1.0029441001715567
2026-06-01,2026-06-01 10:50:15,V022,117.0,1.0471145894791682
2026-06-01,2026-06-01 10:50:16,V022,117.0,1.0263699109153994
2026-06-01,2026-06-01 10:50:17,V022,117.0,1.0201238368909156
2026-06-01,2026-06-01 10:50:18,V022,117.0,1.006716101076318
2026-06-01,2026-06-01 10:50:19,V022,117.0,1.0253856233423289
2026-06-01,2026-06-01 10:50:20,V022,116.0,1.0117028805548844
2026-06-01,2026-06-01 10:50:21,V022,117.0,1.0221950454719462
2026-06-01,2026-06-01 10:50:22,V022,117.0,1.0190456511488188
2026-06-01,2026-06-01 10:50:23,V022,117.0,1.037900060278933
2026-06-01,2026-06-01 10:50:24,V022,117.0,1.0244501478067398
2026-06-01,2026-06-01 10:50:25,V022,117.0,1.025500840233781
2026-06-01,2026-06-01 10:50:26,V022,117.0,1.0275137748794623
2026-06-01,2026-06-01 10:50:27,V022,117.0,1.0007342476431418
2026-06-01,2026-06-01 10:50:28,V022,118.0,1.0370384197520428
2026-06-01,2026-06-01 10:50:29,V022,117.0,1.0332172838914222
2026-06-01,2026-06-01 10:50:30,V022,117.0,1.043945565191748
2026-06-01,2026-06-01 10:50:31,V022,117.0,1.0141505602362844
2026-06-01,2026-06-01 10:50:32,V022,117.0,1.0488853178386033
2026-06-01,2026-06-01 10:50:33,V022,117.0,1.022515791772674
2026-06-01,2026-06-01 10:50:34,V022,117.0,1.0302467930594974
2026-06-01,2026-06-01 10:50:35,V022,117.0,1.024504833095893
2026-06-01,2026-06-01 10:50:36,V022,117.0,1.01748400146243
2026-06-01,2026-06-01 10:50:37,V022,117.0,1.02011600229552
2026-06-01,2026-06-01 10:50:38,V022,118.0,1.0474747387769314
2026-06-01,2026-06-01 10:50:39,V022,118.0,1.0320593572203967
2026-06-01,2026-06-01 10:50:40,V022,118.0,0.9572321304846475
2026-06-01,2026-06-01 10:50:41,V022,118.0,0.961475580393168
2026-06-01,2026-06-01 10:50:42,V022,118.0,0.9570788891383762
2026-06-01,2026-06-01 10:50:43,V022,118.0,0.9419749520309325
2026-06-01,2026-06-01 10:50:44,V022,118.0,0.9675004968820566
2026-06-01,2026-06-01 10:50:45,V022,118.0,0.9998588853074383
2026-06-01,2026-06-01 10:50:46,V022,119.0,0.9887638901746999
2026-06-01,2026-06-01 10:50:47,V022,119.0,0.9756338740603467
2026-06-01,2026-06-01 10:50:48,V022,119.0,1.007579482610522
2026-06-01,2026-06-01 10:50:49,V022,119.0,1.0514158508528366
2026-06-01,2026-06-01 10:50:50,V022,120.0,1.024526334711724
2026-06-01,2026-06-01 10:50:51,V022,120.0,1.0504040703010202
2026-06-01,2026-06-01 10:50:52,V022,120.0,0.9748254261670889
2026-06-01,2026-06-01 10:50:53,V022,120.0,0.9572087157488879
2026-06-01,2026-06-01 10:50:54,V022,120.0,0.9761902174878249
2026-06-01,2026-06-01 10:50:55,V022,120.0,0.9721361350906148
2026-06-01,2026-06-01 10:50:56,V022,120.0,0.9488136269933123
2026-06-01,2026-06-01 10:50:57,V022,120.0,0.964476130467733
2026-06-01,2026-06-01 10:50:58,V022,120.0,0.9619565410524968
2026-06-01,2026-06-01 10:50:59,V022,120.0,0.9508246855439859
2026-06-01,2026-06-01 10:51:00,V022,120.0,0.9575410982573325
2026-06-01,2026-06-01 10:51:01,V022,120.0,0.9539967527846437
2026-06-01,2026-06-01 10:51:02,V022,120.0,0.9522747495979552
2026-06-01,2026-06-01 10:51:03,V022,120.0,0.9450860031099362
2026-06-01,2026-06-01 10:51:04,V022,120.0,0.9786835170732759
2026-06-01,2026-06-01 10:51:05,V022,120.0,0.9819628609623741
2026-06-01,2026-06-01 10:51:06,V022,120.0,0.9470275119085705
2026-06-01,2026-06-01 10:51:07,V022,120.0,0.9528152990691028
2026-06-01,2026-06-01 10:51:08,V022,120.0,0.9498225693902574
2026-06-01,2026-06-01 10:51:09,V022,120.0,1.02625262657455
2026-06-01,2026-06-01 10:51:10,V022,120.0,0.9781446312003803
2026-06-01,2026-06-01 10:51:11,V022,120.0,0.9118312890902284
2026-06-01,2026-06-01 10:51:12,V022,119.0,0.99948799448725
2026-06-01,2026-06-01 10:51:13,V022,119.0,1.0184500166889394
2026-06-01,2026-06-01 10:51:14,V022,119.0,0.9508974898763297
2026-06-01,2026-06-01 10:51:15,V022,119.0,0.9502771952686241
2026-06-01,2026-06-01 10:51:16,V022,119.0,0.9628824491547979
2026-06-01,2026-06-01 10:51:17,V022,118.0,0.9484499209687437
2026-06-01,2026-06-01 10:51:18,V022,118.0,0.9769918553661149
2026-06-01,2026-06-01 10:51:19,V022,118.0,0.9622404690426876
2026-06-01,2026-06-01 10:51:20,V022,117.0,0.965099725575177
2026-06-01,2026-06-01 10:51:21,V022,117.0,0.9445382327083331
2026-06-01,2026-06-01 10:51:22,V022,117.0,0.9931545866382805
2026-06-01,2026-06-01 10:51:23,V022,117.0,0.9433818533437908
2026-06-01,2026-06-01 10:51:24,V022,117.0,1.025860046834852
2026-06-01,2026-06-01 10:51:25,V022,118.0,0.982579617811331
2026-06-01,2026-06-01 10:51:26,V022,118.0,1.139900445943655
2026-06-01,2026-06-01 10:51:27,V022,118.0,0.9806905291195833
2026-06-01,2026-06-01 10:51:28,V022,118.0,0.9543845399158777
2026-06-01,2026-06-01 10:51:29,V022,118.0,0.9425215393133202
2026-06-01,2026-06-01 10:51:30,V022,118.0,0.9586709718099952
2026-06-01,2026-06-01 10:51:31,V022,118.0,0.9381587779700735
2026-06-01,2026-06-01 10:51:32,V022,119.0,0.9859292160955448
2026-06-01,2026-06-01 10:51:33,V022,119.0,0.9447262257224683
2026-06-01,2026-06-01 10:51:34,V022,118.0,0.9489895678182052
2026-06-01,2026-06-01 10:51:35,V022,118.0,0.9693537604878997
2026-06-01,2026-06-01 10:51:36,V022,118.0,0.9450923180014653
2026-06-01,2026-06-01 10:51:37,V022,118.0,0.9438162376481649
2026-06-01,2026-06-01 10:51:38,V022,118.0,0.962816126376899
2026-06-01,2026-06-01 10:51:39,V022,118.0,0.9623256879665794
2026-06-01,2026-06-01 10:51:40,V022,118.0,0.9566966813791756
2026-06-01,2026-06-01 10:51:41,V022,117.0,0.9926009632913994
2026-06-01,2026-06-01 10:51:42,V022,117.0,0.9432993193068735
2026-06-01,2026-06-01 10:51:43,V022,117.0,0.9684457079053973
2026-06-01,2026-06-01 10:51:44,V022,118.0,0.9511368531841079
2026-06-01,2026-06-01 10:51:45,V022,118.0,0.9436853420556134
2026-06-01,2026-06-01 10:51:46,V022,118.0,0.9435508703995021
2026-06-01,2026-06-01 10:51:47,V022,118.0,0.9488588183380021
2026-06-01,2026-06-01 10:51:48,V022,118.0,0.9555432724761632
2026-06-01,2026-06-01 10:51:49,V022,118.0,0.9523151577530297
2026-06-01,2026-06-01 10:51:50,V022,119.0,0.9545100188933665
2026-06-01,2026-06-01 10:51:51,V022,119.0,0.950086742009148
2026-06-01,2026-06-01 10:51:52,V022,120.0,0.9695868059213054
2026-06-01,2026-06-01 10:51:53,V022,120.0,0.9496322118819561
2026-06-01,2026-06-01 10:51:54,V022,121.0,0.9525213284359381
2026-06-01,2026-06-01 10:51:55,V022,123.0,0.949815618357716
2026-06-01,2026-06-01 10:51:56,V022,125.0,0.9503325991931191
2026-06-01,2026-06-01 10:51:57,V022,126.0,0.9501876102636622
2026-06-01,2026-06-01 10:51:58,V022,126.0,0.9465532293164125
2026-06-01,2026-06-01 10:51:59,V022,126.0,0.9424310279051115
2026-06-01,2026-06-01 10:52:00,V022,126.0,0.9360428575895795
2026-06-01,2026-06-01 10:52:01,V022,125.0,0.9420661478044172
2026-06-01,2026-06-01 10:52:02,V022,125.0,0.9557047995121897
2026-06-01,2026-06-01 10:52:03,V022,125.0,0.9337644629251882
2026-06-01,2026-06-01 10:52:04,V022,124.0,0.9517372785058602
2026-06-01,2026-06-01 10:52:05,V022,124.0,0.9679235028032332
2026-06-01,2026-06-01 10:52:06,V022,124.0,0.9488934975645011
2026-06-01,2026-06-01 10:52:07,V022,123.0,0.9527192954662181
2026-06-01,2026-06-01 10:52:08,V022,123.0,0.9523003843380958
2026-06-01,2026-06-01 10:52:09,V022,123.0,0.9475013232264002
2026-06-01,2026-06-01 10:52:10,V022,124.0,0.9512738421314639
2026-06-01,2026-06-01 10:52:11,V022,123.0,0.9461131655214663
2026-06-01,2026-06-01 10:52:12,V022,123.0,0.9482408147168793
2026-06-01,2026-06-01 10:52:13,V022,123.0,0.9456274470898133
2026-06-01,2026-06-01 10:52:14,V022,122.0,0.9485741814588601
2026-06-01,2026-06-01 10:52:15,V022,122.0,0.9463231216233146
2026-06-01,2026-06-01 10:52:16,V022,121.0,0.9456143592313326
2026-06-01,2026-06-01 10:52:17,V022,121.0,0.935806913738206
2026-06-01,2026-06-01 10:52:18,V022,120.0,0.9430351858293283
2026-06-01,2026-06-01 10:52:19,V022,119.0,0.9424554541957509
2026-06-01,2026-06-01 10:52:20,V022,119.0,0.9461743898823148
2026-06-01,2026-06-01 10:52:21,V022,119.0,0.9408368623671564
2026-06-01,2026-06-01 10:52:22,V022,118.0,0.9621639117073982
2026-06-01,2026-06-01 10:52:23,V022,118.0,0.9662317508610306
2026-06-01,2026-06-01 10:52:24,V022,118.0,0.9502506034529723
2026-06-01,2026-06-01 10:52:25,V022,118.0,0.9607927405416659
2026-06-01,2026-06-01 10:52:26,V022,118.0,0.977767647093917
2026-06-01,2026-06-01 10:52:27,V022,118.0,0.9701168853451627
2026-06-01,2026-06-01 10:52:28,V022,118.0,0.9491605298887286
2026-06-01,2026-06-01 10:52:29,V022,118.0,0.9521362093919087
2026-06-01,2026-06-01 10:52:30,V022,118.0,0.9597796875679924
2026-06-01,2026-06-01 10:52:31,V022,119.0,0.9338773105522535
2026-06-01,2026-06-01 10:52:32,V022,119.0,1.0819393079890343
2026-06-01,2026-06-01 10:52:33,V022,119.0,0.8860639722500303
2026-06-01,2026-06-01 10:52:34,V022,120.0,0.9448162323139331
2026-06-01,2026-06-01 10:52:35,V022,120.0,0.9815608710031447
2026-06-01,2026-06-01 10:52:36,V022,120.0,0.9735869136291235
2026-06-01,2026-06-01 10:52:37,V022,121.0,0.9624560340855832
2026-06-01,2026-06-01 10:52:38,V022,121.0,0.9523395006837378
2026-06-01,2026-06-01 10:52:39,V022,122.0,0.9608433114244372
2026-06-01,2026-06-01 10:52:40,V022,122.0,0.9624562936853542
2026-06-01,2026-06-01 10:52:41,V022,122.0,0.9613508527040133
2026-06-01,2026-06-01 10:52:42,V022,122.0,0.9573380578524473
2026-06-01,2026-06-01 10:52:43,V022,122.0,0.9698823847817531
2026-06-01,2026-06-01 10:52:44,V022,122.0,0.9548128848243146
2026-06-01,2026-06-01 10:52:45,V022,122.0,0.9496678548706451
2026-06-01,2026-06-01 10:52:46,V022,122.0,0.9521680505280181
2026-06-01,2026-06-01 10:52:47,V022,122.0,0.948058441213392
2026-06-01,2026-06-01 10:52:48,V022,122.0,0.94860114392374
2026-06-01,2026-06-01 10:52:49,V022,121.0,0.95297567018047
2026-06-01,2026-06-01 10:52:50,V022,121.0,0.9927812541250293
2026-06-01,2026-06-01 10:52:51,V022,120.0,0.9685012193145272
2026-06-01,2026-06-01 10:52:52,V022,120.0,0.9898232011306142
2026-06-01,2026-06-01 10:52:53,V022,119.0,0.9964623222545389
2026-06-01,2026-06-01 10:52:54,V022,119.0,1.015165296559381
2026-06-01,2026-06-01 10:52:55,V022,119.0,1.056497247748998
2026-06-01,2026-06-01 10:52:56,V022,119.0,0.9406500312452634
2026-06-01,2026-06-01 10:52:57,V022,119.0,0.9440973816121009
2026-06-01,2026-06-01 10:52:58,V022,119.0,0.9983168681186877
2026-06-01,2026-06-01 10:52:59,V022,119.0,1.0357621544885813
2026-06-01,2026-06-01 10:53:00,V022,119.0,0.9813869177706456
2026-06-01,2026-06-01 10:53:01,V022,119.0,0.9911044459910554
2026-06-01,2026-06-01 10:53:02,V022,119.0,0.9687000674215794
2026-06-01,2026-06-01 10:53:03,V022,119.0,0.9550563276790099
2026-06-01,2026-06-01 10:53:04,V022,119.0,0.9727416167491408
2026-06-01,2026-06-01 10:53:05,V022,119.0,0.9558840023477679
2026-06-01,2026-06-01 10:53:06,V022,119.0,0.9703409447381763
2026-06-01,2026-06-01 10:53:07,V022,119.0,0.994822791174236
2026-06-01,2026-06-01 10:53:08,V022,120.0,0.9966170895008598
2026-06-01,2026-06-01 10:53:09,V022,120.0,1.0842653886601796
2026-06-01,2026-06-01 10:53:10,V022,120.0,0.9761558343204181
2026-06-01,2026-06-01 10:53:11,V022,120.0,0.9721951209614536
2026-06-01,2026-06-01 10:53:12,V022,120.0,1.1135537181526518
2026-06-01,2026-06-01 10:53:13,V022,120.0,0.9721609559161508
2026-06-01,2026-06-01 10:53:14,V022,120.0,1.0814135468484305
2026-06-01,2026-06-01 10:53:15,V022,119.0,1.0262222468390358
2026-06-01,2026-06-01 10:53:16,V022,119.0,0.9881534444804264
2026-06-01,2026-06-01 10:53:17,V022,120.0,1.0830651855901798
2026-06-01,2026-06-01 10:53:18,V022,120.0,1.0779280022761841
2026-06-01,2026-06-01 10:53:19,V022,120.0,0.9640499878808368
2026-06-01,2026-06-01 10:53:20,V022,120.0,0.9570400416041563
2026-06-01,2026-06-01 10:53:21,V022,120.0,1.0491247804151058
2026-06-01,2026-06-01 10:53:22,V022,120.0,0.9435666255670411
2026-06-01,2026-06-01 10:53:23,V022,120.0,0.9381433808119487
2026-06-01,2026-06-01 10:53:24,V022,120.0,1.0285554052961179
2026-06-01,2026-06-01 10:53:25,V022,121.0,0.9824287768323694
2026-06-01,2026-06-01 10:53:26,V022,121.0,1.0901800909739154
2026-06-01,2026-06-01 10:53:27,V022,121.0,0.9660011397172655
2026-06-01,2026-06-01 10:53:28,V022,121.0,0.9724580301374693
2026-06-01,2026-06-01 10:53:29,V022,121.0,0.950766853033491
2026-06-01,2026-06-01 10:53:30,V022,121.0,0.9832920266313588
2026-06-01,2026-06-01 10:53:31,V022,122.0,1.0315086823117143
2026-06-01,2026-06-01 10:53:32,V022,122.0,1.0207124185001353
2026-06-01,2026-06-01 10:53:33,V022,122.0,0.9870109398485076
2026-06-01,2026-06-01 10:53:34,V022,122.0,1.0149551493632798
2026-06-01,2026-06-01 10:53:35,V022,122.0,1.0047622461078332
2026-06-01,2026-06-01 10:53:36,V022,122.0,1.0249500601216417
2026-06-01,2026-06-01 10:53:37,V022,122.0,0.9643520976648765
2026-06-01,2026-06-01 10:53:38,V022,122.0,0.9790195276873151
2026-06-01,2026-06-01 10:53:39,V022,122.0,0.9508773991327016
2026-06-01,2026-06-01 10:53:40,V022,122.0,0.9877665020937257
2026-06-01,2026-06-01 10:53:41,V022,122.0,0.996563084264906
2026-06-01,2026-06-01 10:53:42,V022,122.0,0.9296359086822124
2026-06-01,2026-06-01 10:53:43,V022,122.0,0.9672562852149034
2026-06-01,2026-06-01 10:53:44,V022,122.0,0.9869624920101904
2026-06-01,2026-06-01 10:53:45,V022,123.0,0.9500631230123484
2026-06-01,2026-06-01 10:53:46,V022,123.0,0.9451897836731646
2026-06-01,2026-06-01 10:53:47,V022,123.0,0.9721107188584042
2026-06-01,2026-06-01 10:53:48,V022,124.0,0.9607375784281837
2026-06-01,2026-06-01 10:53:49,V022,124.0,1.0340229816932565
2026-06-01,2026-06-01 10:53:50,V022,124.0,0.9712121322760183
2026-06-01,2026-06-01 10:53:51,V022,124.0,0.9679460794393927
2026-06-01,2026-06-01 10:53:52,V022,125.0,0.9724169221197156
2026-06-01,2026-06-01 10:53:53,V022,125.0,0.9561413986730659
2026-06-01,2026-06-01 10:53:54,V022,125.0,0.9506278686660524
2026-06-01,2026-06-01 10:53:55,V022,125.0,0.948100528611087
2026-06-01,2026-06-01 10:53:56,V022,125.0,0.9384344017701705
2026-06-01,2026-06-01 10:53:57,V022,125.0,0.9484733827556896
2026-06-01,2026-06-01 10:53:58,V022,125.0,0.952818366996447
2026-06-01,2026-06-01 10:53:59,V022,126.0,0.9435609188517873
2026-06-01,2026-06-01 10:54:00,V022,126.0,0.9320387848402328
2026-06-01,2026-06-01 10:54:01,V022,126.0,0.9628536733356091
2026-06-01,2026-06-01 10:54:02,V022,126.0,1.0009236247658693
2026-06-01,2026-06-01 10:54:03,V022,126.0,0.9992703243805094
2026-06-01,2026-06-01 10:54:04,V022,126.0,0.9781486019448264
2026-06-01,2026-06-01 10:54:05,V022,126.0,0.9528865551322458
2026-06-01,2026-06-01 10:54:06,V022,126.0,0.962410851321993
2026-06-01,2026-06-01 10:54:07,V022,126.0,0.9563464618489351
2026-06-01,2026-06-01 10:54:08,V022,126.0,1.0122675033959223
2026-06-01,2026-06-01 10:54:09,V022,126.0,1.0627129690237094
2026-06-01,2026-06-01 10:54:10,V022,126.0,0.9276024053886398
2026-06-01,2026-06-01 10:54:11,V022,126.0,1.0959355033262557
2026-06-01,2026-06-01 10:54:12,V022,126.0,0.9512984293374005
2026-06-01,2026-06-01 10:54:13,V022,126.0,0.9579437034581387
2026-06-01,2026-06-01 10:54:14,V022,126.0,0.9600323593947303
2026-06-01,2026-06-01 10:54:15,V022,126.0,0.9512671935894566
2026-06-01,2026-06-01 10:54:16,V022,125.0,0.9753719533833347
2026-06-01,2026-06-01 10:54:17,V022,126.0,1.069924444672199
2026-06-01,2026-06-01 10:54:18,V022,126.0,1.0453473794921218
2026-06-01,2026-06-01 10:54:19,V022,126.0,1.0078278053125977
2026-06-01,2026-06-01 10:54:20,V022,126.0,0.9812132044707466
2026-06-01,2026-06-01 10:54:21,V022,126.0,0.9420082881173106
2026-06-01,2026-06-01 10:54:22,V022,126.0,0.9800524479684457
2026-06-01,2026-06-01 10:54:23,V022,126.0,0.9556471517997489
2026-06-01,2026-06-01 10:54:24,V022,126.0,0.9586776855830841
2026-06-01,2026-06-01 10:54:25,V022,126.0,0.9534650796883025
2026-06-01,2026-06-01 10:54:26,V022,126.0,0.9556116980737046
2026-06-01,2026-06-01 10:54:27,V022,127.0,0.9826553638225443
2026-06-01,2026-06-01 10:54:28,V022,127.0,1.0294507718136678
2026-06-01,2026-06-01 10:54:29,V022,127.0,0.9417706044830721
2026-06-01,2026-06-01 10:54:30,V022,128.0,0.9606851410432568
2026-06-01,2026-06-01 10:54:31,V022,128.0,1.0032363754100417
2026-06-01,2026-06-01 10:54:32,V022,128.0,0.9433019468793163
2026-06-01,2026-06-01 10:54:33,V022,128.0,0.9554301357622391
2026-06-01,2026-06-01 10:54:34,V022,128.0,0.9516775477221867
2026-06-01,2026-06-01 10:54:35,V022,128.0,1.0550783443452114
2026-06-01,2026-06-01 10:54:36,V022,128.0,1.0546107380265606
2026-06-01,2026-06-01 10:54:37,V022,128.0,0.9493417338955547
2026-06-01,2026-06-01 10:54:38,V022,128.0,0.9415977486007583
2026-06-01,2026-06-01 10:54:39,V022,128.0,0.9471430819540214
2026-06-01,2026-06-01 10:54:40,V022,127.0,0.9471081481446979
2026-06-01,2026-06-01 10:54:41,V022,127.0,0.9422909626055782
2026-06-01,2026-06-01 10:54:42,V022,127.0,0.9652094594452918
2026-06-01,2026-06-01 10:54:43,V022,127.0,0.9415263913510253
2026-06-01,2026-06-01 10:54:44,V022,127.0,0.9548210797922899
2026-06-01,2026-06-01 10:54:45,V022,127.0,1.077581415007997
2026-06-01,2026-06-01 10:54:46,V022,127.0,1.0740847563744105
2026-06-01,2026-06-01 10:54:47,V022,127.0,1.0854612476800571
2026-06-01,2026-06-01 10:54:48,V022,127.0,1.0001830725066798
2026-06-01,2026-06-01 10:54:49,V022,127.0,0.986447012755073
2026-06-01,2026-06-01 10:54:50,V022,127.0,1.0285807647055323
2026-06-01,2026-06-01 10:54:51,V022,127.0,0.970182883738087
2026-06-01,2026-06-01 10:54:52,V022,128.0,0.9827411354193332
2026-06-01,2026-06-01 10:54:53,V022,128.0,0.9670868385710589
2026-06-01,2026-06-01 10:54:54,V022,129.0,1.0338585374115197
2026-06-01,2026-06-01 10:54:55,V022,129.0,1.0115877764534078
2026-06-01,2026-06-01 10:54:56,V022,129.0,0.9433268719621508
2026-06-01,2026-06-01 10:54:57,V022,128.0,1.1203885801245579
2026-06-01,2026-06-01 10:54:58,V022,128.0,1.1681262065307327
2026-06-01,2026-06-01 10:54:59,V022,128.0,1.0047144571483897
2026-06-01,2026-06-01 10:55:00,V022,128.0,1.0162883583150784
2026-06-01,2026-06-01 10:55:01,V022,128.0,1.090641359010225
2026-06-01,2026-06-01 10:55:02,V022,127.0,0.9756025213775219
2026-06-01,2026-06-01 10:55:03,V022,127.0,0.9769216951606696
2026-06-01,2026-06-01 10:55:04,V022,126.0,0.9893641357511742
2026-06-01,2026-06-01 10:55:05,V022,126.0,0.9978666150074287
2026-06-01,2026-06-01 10:55:06,V022,126.0,0.9658572340443231
2026-06-01,2026-06-01 10:55:07,V022,125.0,0.993060669396644
2026-06-01,2026-06-01 10:55:08,V022,125.0,1.013908922003562
2026-06-01,2026-06-01 10:55:09,V022,125.0,0.9654152827047542
2026-06-01,2026-06-01 10:55:10,V022,125.0,0.9964357628398147
2026-06-01,2026-06-01 10:55:11,V022,125.0,1.0121534557257357
2026-06-01,2026-06-01 10:55:12,V022,125.0,1.020839218957003
2026-06-01,2026-06-01 10:55:13,V022,125.0,0.9714719344288217
2026-06-01,2026-06-01 10:55:14,V022,124.0,0.9608594896106355
2026-06-01,2026-06-01 10:55:15,V022,125.0,0.9580757534395294
2026-06-01,2026-06-01 10:55:16,V022,125.0,0.9676784966770744
2026-06-01,2026-06-01 10:55:17,V022,125.0,1.361211426250661
2026-06-01,2026-06-01 10:55:18,V022,126.0,1.153743433315297
2026-06-01,2026-06-01 10:55:19,V022,126.0,1.042711268548014
2026-06-01,2026-06-01 10:55:20,V022,127.0,0.9959650309586334
2026-06-01,2026-06-01 10:55:21,V022,128.0,1.0904074671840704
2026-06-01,2026-06-01 10:55:22,V022,128.0,0.9588577417080857
2026-06-01,2026-06-01 10:55:23,V022,129.0,0.9688086866520644
2026-06-01,2026-06-01 10:55:24,V022,131.0,1.0087558689856924
2026-06-01,2026-06-01 10:55:25,V022,130.0,1.012999513562854
2026-06-01,2026-06-01 10:55:26,V022,130.0,1.0167805796104377
2026-06-01,2026-06-01 10:55:27,V022,130.0,0.9885731984750997
2026-06-01,2026-06-01 10:55:28,V022,130.0,1.051211784984876
2026-06-01,2026-06-01 10:55:29,V022,130.0,0.9441174571767947
2026-06-01,2026-06-01 10:55:30,V022,130.0,1.0262159819646706
2026-06-01,2026-06-01 10:55:31,V022,130.0,1.0162534199764923
2026-06-01,2026-06-01 10:55:32,V022,130.0,0.9915247528062177
2026-06-01,2026-06-01 10:55:33,V022,129.0,0.9434910658558677
2026-06-01,2026-06-01 10:55:34,V022,129.0,1.0775706466831025
2026-06-01,2026-06-01 10:55:35,V022,129.0,1.367617292753695
2026-06-01,2026-06-01 10:55:36,V022,129.0,1.0238690632656615
2026-06-01,2026-06-01 10:55:37,V022,129.0,1.0526481810457493
2026-06-01,2026-06-01 10:55:38,V022,129.0,1.029156344362221
2026-06-01,2026-06-01 10:55:39,V022,129.0,1.055473346680685
2026-06-01,2026-06-01 10:55:40,V022,129.0,0.9733220960046034
2026-06-01,2026-06-01 10:55:41,V022,129.0,0.9956151802402352
2026-06-01,2026-06-01 10:55:42,V022,129.0,0.9120525987363322
2026-06-01,2026-06-01 10:55:43,V022,129.0,1.1629192100405843
2026-06-01,2026-06-01 10:55:44,V022,129.0,0.9372176656589949
2026-06-01,2026-06-01 10:55:45,V022,129.0,0.9800590008441773
2026-06-01,2026-06-01 10:55:46,V022,128.0,0.9826950937231816
2026-06-01,2026-06-01 10:55:47,V022,128.0,1.0748073801023645
2026-06-01,2026-06-01 10:55:48,V022,127.0,1.0262352021586143
2026-06-01,2026-06-01 10:55:49,V022,127.0,1.1128278827223042
2026-06-01,2026-06-01 10:55:50,V022,126.0,0.9751974267613454
2026-06-01,2026-06-01 10:55:51,V022,127.0,1.0198643449266036
2026-06-01,2026-06-01 10:55:52,V022,127.0,1.0559068980563588
2026-06-01,2026-06-01 10:55:53,V022,127.0,0.9878325224598721
2026-06-01,2026-06-01 10:55:54,V022,127.0,0.9944404236298614
2026-06-01,2026-06-01 10:55:55,V022,126.0,1.0459676199247878
2026-06-01,2026-06-01 10:55:56,V022,126.0,1.00403637502954
2026-06-01,2026-06-01 10:55:57,V022,126.0,1.0065307558788963
2026-06-01,2026-06-01 10:55:58,V022,125.0,1.0118868975140902
2026-06-01,2026-06-01 10:55:59,V022,125.0,1.0262156040632056
2026-06-01,2026-06-01 10:56:00,V022,125.0,0.979628987473309
2026-06-01,2026-06-01 10:56:01,V022,125.0,1.0604188902207794
2026-06-01,2026-06-01 10:56:02,V022,125.0,1.664786677451281
2026-06-01,2026-06-01 10:56:03,V022,125.0,0.9691655702576696
2026-06-01,2026-06-01 10:56:04,V022,125.0,1.1012971093830426
2026-06-01,2026-06-01 10:56:05,V022,125.0,1.0362922766202654
2026-06-01,2026-06-01 10:56:06,V022,125.0,0.9758499536794346
2026-06-01,2026-06-01 10:56:07,V022,125.0,0.9767019570845028
2026-06-01,2026-06-01 10:56:08,V022,125.0,1.1004938024003947
2026-06-01,2026-06-01 10:56:09,V022,125.0,1.0571440483791896
2026-06-01,2026-06-01 10:56:10,V022,125.0,1.0094728570196343
2026-06-01,2026-06-01 10:56:11,V022,125.0,1.0450331467972425
2026-06-01,2026-06-01 10:56:12,V022,126.0,0.9910984733649802
2026-06-01,2026-06-01 10:56:13,V022,126.0,0.9546452001668123
2026-06-01,2026-06-01 10:56:14,V022,127.0,0.9533147069232752
2026-06-01,2026-06-01 10:56:15,V022,127.0,0.9663251928544875
2026-06-01,2026-06-01 10:56:16,V022,127.0,0.9757806210879609
2026-06-01,2026-06-01 10:56:17,V022,127.0,0.9517808606321869
2026-06-01,2026-06-01 10:56:18,V022,127.0,0.9495234110865852
2026-06-01,2026-06-01 10:56:19,V022,127.0,0.9732671736667183
2026-06-01,2026-06-01 10:56:20,V022,127.0,0.9503538284857855
2026-06-01,2026-06-01 10:56:21,V022,127.0,0.9854414070734004
2026-06-01,2026-06-01 10:56:22,V022,128.0,0.9666739195907309
2026-06-01,2026-06-01 10:56:23,V022,128.0,0.9571682000033808
2026-06-01,2026-06-01 10:56:24,V022,128.0,0.9908075436922419
2026-06-01,2026-06-01 10:56:25,V022,129.0,1.085928712061865
2026-06-01,2026-06-01 10:56:26,V022,129.0,0.9837762113571696
2026-06-01,2026-06-01 10:56:27,V022,129.0,0.9479667423716317
2026-06-01,2026-06-01 10:56:28,V022,130.0,1.0176287142055152
2026-06-01,2026-06-01 10:56:29,V022,131.0,1.0128807622474512
2026-06-01,2026-06-01 10:56:30,V022,132.0,1.025230647385221
2026-06-01,2026-06-01 10:56:31,V022,133.0,1.0621929341682284
2026-06-01,2026-06-01 10:56:32,V022,133.0,0.9797947361083452
2026-06-01,2026-06-01 10:56:33,V022,133.0,1.0006322831008123
2026-06-01,2026-06-01 10:56:34,V022,133.0,0.9803964266289529
2026-06-01,2026-06-01 10:56:35,V022,133.0,1.0699191260389198
2026-06-01,2026-06-01 10:56:36,V022,133.0,1.0556877529848754
2026-06-01,2026-06-01 10:56:37,V022,134.0,0.9593231112827291
2026-06-01,2026-06-01 10:56:38,V022,134.0,0.9901316642489898
2026-06-01,2026-06-01 10:56:39,V022,134.0,0.954382929369752
2026-06-01,2026-06-01 10:56:40,V022,135.0,1.3919788050500614
2026-06-01,2026-06-01 10:56:41,V022,135.0,0.9919764340492113
2026-06-01,2026-06-01 10:56:42,V022,135.0,0.9548060435915872
2026-06-01,2026-06-01 10:56:43,V022,135.0,0.9750221088023435
2026-06-01,2026-06-01 10:56:44,V022,135.0,1.0426828197943736
2026-06-01,2026-06-01 10:56:45,V022,135.0,1.0735052324613454
2026-06-01,2026-06-01 10:56:46,V022,135.0,0.9663857268481432
2026-06-01,2026-06-01 10:56:47,V022,135.0,0.98199758172388
2026-06-01,2026-06-01 10:56:48,V022,135.0,1.0193187385323057
2026-06-01,2026-06-01 10:56:49,V022,134.0,0.9776962331017702
2026-06-01,2026-06-01 10:56:50,V022,134.0,0.9488888788237125
2026-06-01,2026-06-01 10:56:51,V022,134.0,0.9732436017568389
2026-06-01,2026-06-01 10:56:52,V022,133.0,1.013416797709969
2026-06-01,2026-06-01 10:56:53,V022,132.0,0.9630561981660487
2026-06-01,2026-06-01 10:56:54,V022,131.0,0.9757103188604214
2026-06-01,2026-06-01 10:56:55,V022,130.0,1.0242226293485068
2026-06-01,2026-06-01 10:56:56,V022,129.0,1.0275432099258586
2026-06-01,2026-06-01 10:56:57,V022,127.0,0.9484531192011529
2026-06-01,2026-06-01 10:56:58,V022,126.0,0.9686931024233886
2026-06-01,2026-06-01 10:56:59,V022,126.0,0.9421338675047888
2026-06-01,2026-06-01 10:57:00,V022,125.0,0.9451117818197877
2026-06-01,2026-06-01 10:57:01,V022,125.0,0.9901781518065904
2026-06-01,2026-06-01 10:57:02,V022,124.0,0.9883726203490026
2026-06-01,2026-06-01 10:57:03,V022,124.0,0.9564238636680372
2026-06-01,2026-06-01 10:57:04,V022,123.0,0.9624780584458461
2026-06-01,2026-06-01 10:57:05,V022,123.0,0.9484502017810562
2026-06-01,2026-06-01 10:57:06,V022,123.0,1.1016635925415976
2026-06-01,2026-06-01 10:57:07,V022,122.0,0.9777843618707941
2026-06-01,2026-06-01 10:57:08,V022,121.0,1.158752161177564
2026-06-01,2026-06-01 10:57:09,V022,121.0,1.024079803011267
2026-06-01,2026-06-01 10:57:10,V022,120.0,1.007934816357453
2026-06-01,2026-06-01 10:57:11,V022,120.0,1.0072542318971318
2026-06-01,2026-06-01 10:57:12,V022,119.0,0.9501253420670496
2026-06-01,2026-06-01 10:57:13,V022,120.0,0.9448744223121006
2026-06-01,2026-06-01 10:57:14,V022,120.0,0.9324743822760071
2026-06-01,2026-06-01 10:57:15,V022,120.0,0.9591666187761055
2026-06-01,2026-06-01 10:57:16,V022,120.0,1.0507796166011898
2026-06-01,2026-06-01 10:57:17,V022,121.0,0.9427054690744155
2026-06-01,2026-06-01 10:57:18,V022,121.0,0.9361898657987967
2026-06-01,2026-06-01 10:57:19,V022,121.0,0.9541265531719252
2026-06-01,2026-06-01 10:57:20,V022,121.0,0.9851818313918488
2026-06-01,2026-06-01 10:57:21,V022,122.0,0.9470341533756842
2026-06-01,2026-06-01 10:57:22,V022,122.0,0.9580058678071411
2026-06-01,2026-06-01 10:57:23,V022,122.0,1.0042733308041645
2026-06-01,2026-06-01 10:57:24,V022,123.0,1.1421473958228172
2026-06-01,2026-06-01 10:57:25,V022,123.0,0.9776465540289024
2026-06-01,2026-06-01 10:57:26,V022,122.0,0.9865753951445403
2026-06-01,2026-06-01 10:57:27,V022,122.0,0.9547104174466542
2026-06-01,2026-06-01 10:57:28,V022,122.0,0.9713597844377578
2026-06-01,2026-06-01 10:57:29,V022,122.0,1.0347091512532145
2026-06-01,2026-06-01 10:57:30,V022,122.0,0.9530115945481936
2026-06-01,2026-06-01 10:57:31,V022,122.0,0.9910665451611789
2026-06-01,2026-06-01 10:57:32,V022,122.0,0.9803368539505676
2026-06-01,2026-06-01 10:57:33,V022,122.0,0.95765558339275
2026-06-01,2026-06-01 10:57:34,V022,122.0,0.948595868933121
2026-06-01,2026-06-01 10:57:35,V022,122.0,0.9451522397595492
2026-06-01,2026-06-01 10:57:36,V022,122.0,0.942303722885818
2026-06-01,2026-06-01 10:57:37,V022,122.0,0.9537545433672705
2026-06-01,2026-06-01 10:57:38,V022,122.0,0.9412614351327003
2026-06-01,2026-06-01 10:57:39,V022,122.0,0.9735088119440255
2026-06-01,2026-06-01 10:57:40,V022,121.0,0.9493591972453156
2026-06-01,2026-06-01 10:57:41,V022,121.0,0.9820049250774225
2026-06-01,2026-06-01 10:57:42,V022,121.0,1.0127925529665036
2026-06-01,2026-06-01 10:57:43,V022,120.0,0.9496100795956238
2026-06-01,2026-06-01 10:57:44,V022,120.0,0.9583150539358589
2026-06-01,2026-06-01 10:57:45,V022,120.0,0.9751866930406353
2026-06-01,2026-06-01 10:57:46,V022,120.0,1.037141247192932
2026-06-01,2026-06-01 10:57:47,V022,119.0,0.9482320011575973
2026-06-01,2026-06-01 10:57:48,V022,119.0,0.9662033010881643
2026-06-01,2026-06-01 10:57:49,V022,119.0,0.9834388836713889
2026-06-01,2026-06-01 10:57:50,V022,120.0,0.9728598848654421
2026-06-01,2026-06-01 10:57:51,V022,120.0,0.9434648068016415
2026-06-01,2026-06-01 10:57:52,V022,121.0,0.9428551356713767
2026-06-01,2026-06-01 10:57:53,V022,121.0,0.9582357270096047
2026-06-01,2026-06-01 10:57:54,V022,121.0,1.1293598592432563
2026-06-01,2026-06-01 10:57:55,V022,121.0,0.9692711131357622
2026-06-01,2026-06-01 10:57:56,V022,121.0,0.9730792112425574
2026-06-01,2026-06-01 10:57:57,V022,121.0,0.9748381818537423
2026-06-01,2026-06-01 10:57:58,V022,121.0,0.984420356096389
2026-06-01,2026-06-01 10:57:59,V022,121.0,0.959003520642888
2026-06-01,2026-06-01 10:58:00,V022,121.0,0.9954388663478553
2026-06-01,2026-06-01 10:58:01,V022,121.0,1.0081326602267202
2026-06-01,2026-06-01 10:58:02,V022,121.0,1.0395121779484189
2026-06-01,2026-06-01 10:58:03,V022,121.0,0.9605365289466682
2026-06-01,2026-06-01 10:58:04,V022,121.0,0.9675785983830982
2026-06-01,2026-06-01 10:58:05,V022,121.0,0.9789420886663015
2026-06-01,2026-06-01 10:58:06,V022,120.0,0.9891358953900339
2026-06-01,2026-06-01 10:58:07,V022,120.0,0.9214179153093361
2026-06-01,2026-06-01 10:58:08,V022,120.0,0.994749644922629
2026-06-01,2026-06-01 10:58:09,V022,120.0,0.9748260816936707
2026-06-01,2026-06-01 10:58:10,V022,120.0,1.064201324859516
2026-06-01,2026-06-01 10:58:11,V022,119.0,0.9584905202822436
2026-06-01,2026-06-01 10:58:12,V022,119.0,1.0744474697202135
2026-06-01,2026-06-01 10:58:13,V022,119.0,1.0176742380904342
2026-06-01,2026-06-01 10:58:14,V022,119.0,0.9919972402008457
2026-06-01,2026-06-01 10:58:15,V022,119.0,0.9918166755313121
2026-06-01,2026-06-01 10:58:16,V022,119.0,1.0718461145066212
2026-06-01,2026-06-01 10:58:17,V022,119.0,0.9786213729232172
2026-06-01,2026-06-01 10:58:18,V022,120.0,1.1184769271567119
2026-06-01,2026-06-01 10:58:19,V022,120.0,1.063917231416598
2026-06-01,2026-06-01 10:58:20,V022,121.0,0.9749289846230952
2026-06-01,2026-06-01 10:58:21,V022,121.0,0.9687574467051208
2026-06-01,2026-06-01 10:58:22,V022,122.0,0.9559870284255654
2026-06-01,2026-06-01 10:58:23,V022,123.0,0.9408600673481934
2026-06-01,2026-06-01 10:58:24,V022,124.0,0.9420700327730863
2026-06-01,2026-06-01 10:58:25,V022,124.0,0.9400396846003866
2026-06-01,2026-06-01 10:58:26,V022,124.0,0.9432425209033921
2026-06-01,2026-06-01 10:58:27,V022,124.0,0.9974859603983606
2026-06-01,2026-06-01 10:58:28,V022,125.0,0.977938064026831
2026-06-01,2026-06-01 10:58:29,V022,125.0,0.9582155854355776
2026-06-01,2026-06-01 10:58:30,V022,125.0,0.9507597074322549
2026-06-01,2026-06-01 10:58:31,V022,125.0,0.950475297311265
2026-06-01,2026-06-01 10:58:32,V022,125.0,0.9547950096056318
2026-06-01,2026-06-01 10:58:33,V022,125.0,1.0108069336134091
2026-06-01,2026-06-01 10:58:34,V022,125.0,1.0308361753171529
2026-06-01,2026-06-01 10:58:35,V022,125.0,0.976169374099205
2026-06-01,2026-06-01 10:58:36,V022,125.0,1.0203510179505992
2026-06-01,2026-06-01 10:58:37,V022,124.0,0.9578204432600725
2026-06-01,2026-06-01 10:58:38,V022,124.0,0.856398594262973
2026-06-01,2026-06-01 10:58:39,V022,123.0,1.1988570670818857
2026-06-01,2026-06-01 10:58:40,V022,123.0,1.0860346484053227
2026-06-01,2026-06-01 10:58:41,V022,122.0,0.9191350412840635
2026-06-01,2026-06-01 10:58:42,V022,121.0,1.0166569569946842
2026-06-01,2026-06-01 10:58:43,V022,121.0,0.9746591847599134
2026-06-01,2026-06-01 10:58:44,V022,120.0,1.326409034843853
2026-06-01,2026-06-01 10:58:45,V022,120.0,1.053420259275226
2026-06-01,2026-06-01 10:58:46,V022,119.0,1.0459057415153015
2026-06-01,2026-06-01 10:58:47,V022,119.0,1.0115481225972645
2026-06-01,2026-06-01 10:58:48,V022,119.0,0.9666619548636883
2026-06-01,2026-06-01 10:58:49,V022,118.0,0.9762495701596194
2026-06-01,2026-06-01 10:58:50,V022,118.0,1.0593192389967732
2026-06-01,2026-06-01 10:58:51,V022,118.0,1.0291205034508768
2026-06-01,2026-06-01 10:58:52,V022,118.0,0.9925601125654104
2026-06-01,2026-06-01 10:58:53,V022,118.0,1.2226317485992637
2026-06-01,2026-06-01 10:58:54,V022,118.0,1.0394532672533192
2026-06-01,2026-06-01 10:58:55,V022,118.0,0.9746780923200191
2026-06-01,2026-06-01 10:58:56,V022,118.0,0.9700941716931518
2026-06-01,2026-06-01 10:58:57,V022,118.0,0.9658623600740703
2026-06-01,2026-06-01 10:58:58,V022,118.0,0.9639783630454417
2026-06-01,2026-06-01 10:58:59,V022,118.0,0.9663443658472967
2026-06-01,2026-06-01 10:59:00,V022,118.0,0.945852148836983
2026-06-01,2026-06-01 10:59:01,V022,118.0,0.9429462486242486
2026-06-01,2026-06-01 10:59:02,V022,118.0,0.9606251314134531
2026-06-01,2026-06-01 10:59:03,V022,118.0,0.9746810290106077
2026-06-01,2026-06-01 10:59:04,V022,118.0,0.952680007936671
2026-06-01,2026-06-01 10:59:05,V022,118.0,0.9473976540306689
2026-06-01,2026-06-01 10:59:06,V022,118.0,0.9406218576462818
2026-06-01,2026-06-01 10:59:07,V022,119.0,0.9437129396138614
2026-06-01,2026-06-01 10:59:08,V022,119.0,0.9436511002978579
2026-06-01,2026-06-01 10:59:09,V022,119.0,0.9444423493271331
2026-06-01,2026-06-01 10:59:10,V022,118.0,0.9820034531877241
2026-06-01,2026-06-01 10:59:11,V022,118.0,1.029557585755384
2026-06-01,2026-06-01 10:59:12,V022,118.0,0.9585879465528231
2026-06-01,2026-06-01 10:59:13,V022,118.0,0.9454641511070887
2026-06-01,2026-06-01 10:59:14,V022,118.0,0.9903071688171546
2026-06-01,2026-06-01 10:59:15,V022,118.0,0.9722848828786902
2026-06-01,2026-06-01 10:59:16,V022,118.0,1.023768267673344
2026-06-01,2026-06-01 10:59:17,V022,118.0,1.0748259272173555
2026-06-01,2026-06-01 10:59:18,V022,118.0,0.9650158776960082
2026-06-01,2026-06-01 10:59:19,V022,118.0,0.9581274824474739
2026-06-01,2026-06-01 10:59:20,V022,118.0,0.962615572852233
2026-06-01,2026-06-01 10:59:21,V022,118.0,0.9944015815219521
2026-06-01,2026-06-01 10:59:22,V022,118.0,0.9798235860480409
2026-06-01,2026-06-01 10:59:23,V022,118.0,0.9464975280153655
2026-06-01,2026-06-01 10:59:24,V022,118.0,0.9592712079176778
2026-06-01,2026-06-01 10:59:25,V022,118.0,0.9947720300405253
2026-06-01,2026-06-01 10:59:26,V022,118.0,0.9987342547668905
2026-06-01,2026-06-01 10:59:27,V022,117.0,0.963181947425047
2026-06-01,2026-06-01 10:59:28,V022,117.0,0.9763812676825483
2026-06-01,2026-06-01 10:59:29,V022,117.0,1.0038291885547455
2026-06-01,2026-06-01 10:59:30,V022,117.0,1.0528205655481184
2026-06-01,2026-06-01 10:59:31,V022,117.0,1.1054087412298021
2026-06-01,2026-06-01 10:59:32,V022,117.0,0.9882766932111119
2026-06-01,2026-06-01 10:59:33,V022,117.0,1.0404990865920185
2026-06-01,2026-06-01 10:59:34,V022,117.0,0.9697716090606443
2026-06-01,2026-06-01 10:59:35,V022,117.0,1.0147021672122867
2026-06-01,2026-06-01 10:59:36,V022,116.0,0.9692718427688193
2026-06-01,2026-06-01 10:59:37,V022,116.0,1.0540052137357936
2026-06-01,2026-06-01 10:59:38,V022,115.0,1.0092439198063679
2026-06-01,2026-06-01 10:59:39,V022,115.0,0.9416919922270387
2026-06-01,2026-06-01 10:59:40,V022,114.0,1.0489527062194437
2026-06-01,2026-06-01 10:59:41,V022,114.0,1.0245763900375306
2026-06-01,2026-06-01 10:59:42,V022,113.0,1.2415108796879275
2026-06-01,2026-06-01 10:59:43,V022,114.0,1.1084510990942418
2026-06-01,2026-06-01 10:59:44,V022,114.0,0.9515021808344377
2026-06-01,2026-06-01 10:59:45,V022,115.0,0.950843571565948
2026-06-01,2026-06-01 10:59:46,V022,115.0,0.950992681449366
2026-06-01,2026-06-01 10:59:47,V022,115.0,0.96559981415682
2026-06-01,2026-06-01 10:59:48,V022,114.0,1.0549822000099442
2026-06-01,2026-06-01 10:59:49,V022,114.0,0.9915009822331501
2026-06-01,2026-06-01 10:59:50,V022,114.0,1.0271823727676317
2026-06-01,2026-06-01 10:59:51,V022,113.0,0.9718837049634698
2026-06-01,2026-06-01 10:59:52,V022,112.0,0.9772360771764168
2026-06-01,2026-06-01 10:59:53,V022,111.0,0.9512762801422633
2026-06-01,2026-06-01 10:59:54,V022,110.0,0.938183659168602
2026-06-01,2026-06-01 10:59:55,V022,106.0,1.0043967916510053
2026-06-01,2026-06-01 10:59:56,V022,104.0,0.9654817572930987
2026-06-01,2026-06-01 10:59:57,V022,102.0,0.9728948125475338
2026-06-01,2026-06-01 10:59:58,V022,100.0,0.9414843767621061
2026-06-01,2026-06-01 10:59:59,V022,101.0,0.961340865980687
2026-06-01,2026-06-01 11:00:00,V022,101.0,0.9411267689412787
2026-06-01,2026-06-01 11:00:01,V022,102.0,1.0037029803335515
2026-06-01,2026-06-01 11:00:02,V022,102.0,1.007447092668509
2026-06-01,2026-06-01 11:00:03,V022,102.0,1.0252695329911614
2026-06-01,2026-06-01 11:00:04,V022,103.0,1.1481390525678432
2026-06-01,2026-06-01 11:00:05,V022,103.0,0.9513086923730302
2026-06-01,2026-06-01 11:00:06,V022,103.0,1.0421143972563054
2026-06-01,2026-06-01 11:00:07,V022,103.0,1.1074522356263539
2026-06-01,2026-06-01 11:00:08,V022,104.0,1.0671047790184451
2026-06-01,2026-06-01 11:00:09,V022,104.0,1.000630562693505
2026-06-01,2026-06-01 11:00:10,V022,105.0,1.061388766656995
2026-06-01,2026-06-01 11:00:11,V022,105.0,0.9397666464216343
2026-06-01,2026-06-01 11:00:12,V022,106.0,1.0108823952499826
2026-06-01,2026-06-01 11:00:13,V022,108.0,0.9934725185389902
2026-06-01,2026-06-01 11:00:14,V022,110.0,1.0082576249852566
2026-06-01,2026-06-01 11:00:15,V022,113.0,0.9590944629039179
2026-06-01,2026-06-01 11:00:16,V022,115.0,1.0259574827767781
2026-06-01,2026-06-01 11:00:17,V022,116.0,1.0687432067647273
2026-06-01,2026-06-01 11:00:18,V022,117.0,0.9418543311305583
2026-06-01,2026-06-01 11:00:19,V022,118.0,0.9388044077955504
2026-06-01,2026-06-01 11:00:20,V022,118.0,0.9390271576263827
2026-06-01,2026-06-01 11:00:21,V022,118.0,0.9799214713841586
2026-06-01,2026-06-01 11:00:22,V022,119.0,0.9726866228194063
2026-06-01,2026-06-01 11:00:23,V022,119.0,0.9216313586784735
2026-06-01,2026-06-01 11:00:24,V022,120.0,0.9770383599186447
2026-06-01,2026-06-01 11:00:25,V022,120.0,1.1147662120720248
2026-06-01,2026-06-01 11:00:26,V022,120.0,1.064758299747136
2026-06-01,2026-06-01 11:00:27,V022,120.0,0.9559328722640397
2026-06-01,2026-06-01 11:00:28,V022,120.0,0.9998774801387964
2026-06-01,2026-06-01 11:00:29,V022,120.0,1.0096668574548635
2026-06-01,2026-06-01 11:00:30,V022,120.0,1.0004255835282614
2026-06-01,2026-06-01 11:00:31,V022,120.0,0.9781240573753135
2026-06-01,2026-06-01 11:00:32,V022,120.0,0.9601446068096972
2026-06-01,2026-06-01 11:00:33,V022,121.0,0.9611432662605273
2026-06-01,2026-06-01 11:00:34,V022,121.0,0.9451027334703407
2026-06-01,2026-06-01 11:00:35,V022,121.0,0.9409350696232195
2026-06-01,2026-06-01 11:00:36,V022,121.0,0.9441765356259297
2026-06-01,2026-06-01 11:00:37,V022,122.0,1.1116755566079826
2026-06-01,2026-06-01 11:00:38,V022,122.0,1.0324783692768196
2026-06-01,2026-06-01 11:00:39,V022,122.0,0.9429940760171992
2026-06-01,2026-06-01 11:00:40,V022,122.0,1.0181033405465303
2026-06-01,2026-06-01 11:00:41,V022,122.0,1.0267518978195438
2026-06-01,2026-06-01 11:00:42,V022,122.0,0.9669670008793126
2026-06-01,2026-06-01 11:00:43,V022,121.0,1.0361676149631998
2026-06-01,2026-06-01 11:00:44,V022,121.0,1.1482876389561225
2026-06-01,2026-06-01 11:00:45,V022,121.0,0.9970381292799211
2026-06-01,2026-06-01 11:00:46,V022,121.0,1.0049222446912405
2026-06-01,2026-06-01 11:00:47,V022,121.0,1.0014350835662742
2026-06-01,2026-06-01 11:00:48,V022,121.0,1.0376951116434814
2026-06-01,2026-06-01 11:00:49,V022,121.0,0.98448774067241
2026-06-01,2026-06-01 11:00:50,V022,121.0,0.9474317819591779
2026-06-01,2026-06-01 11:00:51,V022,121.0,1.0560371645882358
2026-06-01,2026-06-01 11:00:52,V022,121.0,0.9832173604809964
2026-06-01,2026-06-01 11:00:53,V022,121.0,0.9626940146078588
2026-06-01,2026-06-01 11:00:54,V022,122.0,0.9405700204536487
2026-06-01,2026-06-01 11:00:55,V022,122.0,1.2383467279706564
2026-06-01,2026-06-01 11:00:56,V022,122.0,1.1170366263070173
2026-06-01,2026-06-01 11:00:57,V022,122.0,0.9997488873956272
2026-06-01,2026-06-01 11:00:58,V022,122.0,0.9016164067423076
2026-06-01,2026-06-01 11:00:59,V022,122.0,1.206478748704666
2026-06-01,2026-06-01 11:01:00,V022,123.0,1.0665030721917035
2026-06-01,2026-06-01 11:01:01,V022,123.0,1.0267433092020142
2026-06-01,2026-06-01 11:01:02,V022,124.0,1.1767169191550046
2026-06-01,2026-06-01 11:01:03,V022,126.0,1.00963166862547
2026-06-01,2026-06-01 11:01:04,V022,128.0,0.9498649226768007
2026-06-01,2026-06-01 11:01:05,V022,129.0,0.9586977741552631
2026-06-01,2026-06-01 11:01:06,V022,129.0,0.9461480559760893
2026-06-01,2026-06-01 11:01:07,V022,130.0,0.989922317232319
2026-06-01,2026-06-01 11:01:08,V022,130.0,1.0471752640787084
2026-06-01,2026-06-01 11:01:09,V022,130.0,1.0302330093330017
2026-06-01,2026-06-01 11:01:10,V022,130.0,1.0060428872192857
2026-06-01,2026-06-01 11:01:11,V022,131.0,1.0253565073896522
2026-06-01,2026-06-01 11:01:12,V022,131.0,0.967942422778208
2026-06-01,2026-06-01 11:01:13,V022,131.0,0.9486916760033117
2026-06-01,2026-06-01 11:01:14,V022,131.0,0.9545320287589075
2026-06-01,2026-06-01 11:01:15,V022,132.0,0.9404290802516605
2026-06-01,2026-06-01 11:01:16,V022,132.0,0.938678005272237
2026-06-01,2026-06-01 11:01:17,V022,132.0,0.9872150434197136
2026-06-01,2026-06-01 11:01:18,V022,133.0,1.0253032986553725
2026-06-01,2026-06-01 11:01:19,V022,133.0,1.1469304391114687
2026-06-01,2026-06-01 11:01:20,V022,133.0,0.9577581961741237
2026-06-01,2026-06-01 11:01:21,V022,133.0,1.0117389809439319
2026-06-01,2026-06-01 11:01:22,V022,132.0,1.0813597077829282
2026-06-01,2026-06-01 11:01:23,V022,132.0,0.9756843183315349
2026-06-01,2026-06-01 11:01:24,V022,132.0,0.9739163504943016
2026-06-01,2026-06-01 11:01:25,V022,131.0,1.0648255163075473
2026-06-01,2026-06-01 11:01:26,V022,131.0,1.053169704064492
2026-06-01,2026-06-01 11:01:27,V022,131.0,1.041123496426135
2026-06-01,2026-06-01 11:01:28,V022,131.0,0.9717952829711157
2026-06-01,2026-06-01 11:01:29,V022,130.0,0.9603598057634672
2026-06-01,2026-06-01 11:01:30,V022,130.0,1.0671939523027278
2026-06-01,2026-06-01 11:01:31,V022,130.0,1.0410169774627485
2026-06-01,2026-06-01 11:01:32,V022,130.0,1.063062654410187
2026-06-01,2026-06-01 11:01:33,V022,129.0,1.129867848407327
2026-06-01,2026-06-01 11:01:34,V022,129.0,1.017286418133077
2026-06-01,2026-06-01 11:01:35,V022,128.0,0.9867428402708917
2026-06-01,2026-06-01 11:01:36,V022,128.0,0.995260651215758
2026-06-01,2026-06-01 11:01:37,V022,127.0,1.038208853156435
2026-06-01,2026-06-01 11:01:38,V022,126.0,1.065529600195102
2026-06-01,2026-06-01 11:01:39,V022,126.0,1.0001686363640943
2026-06-01,2026-06-01 11:01:40,V022,127.0,0.9858908483428818
2026-06-01,2026-06-01 11:01:41,V022,127.0,1.0344063983597513
2026-06-01,2026-06-01 11:01:42,V022,127.0,0.9524212366104757
2026-06-01,2026-06-01 11:01:43,V022,128.0,0.9376568199510968
2026-06-01,2026-06-01 11:01:44,V022,128.0,0.9351939770984495
2026-06-01,2026-06-01 11:01:45,V022,128.0,0.9698330991925693
2026-06-01,2026-06-01 11:01:46,V022,128.0,0.9689914819979216
2026-06-01,2026-06-01 11:01:47,V022,129.0,0.9581558826679076
2026-06-01,2026-06-01 11:01:48,V022,130.0,0.9627229670467901
2026-06-01,2026-06-01 11:01:49,V022,132.0,0.9393850740765407
2026-06-01,2026-06-01 11:01:50,V022,133.0,0.9628222319001367
2026-06-01,2026-06-01 11:01:51,V022,135.0,1.285745631376866
2026-06-01,2026-06-01 11:01:52,V022,136.0,0.9109560004840701
2026-06-01,2026-06-01 11:01:53,V022,136.0,0.9565560311937034
2026-06-01,2026-06-01 11:01:54,V022,135.0,0.9565634073776936
2026-06-01,2026-06-01 11:01:55,V022,135.0,1.1958466392422098
2026-06-01,2026-06-01 11:01:56,V022,135.0,1.0615124915475194
2026-06-01,2026-06-01 11:01:57,V022,134.0,0.9650993313792912
2026-06-01,2026-06-01 11:01:58,V022,134.0,0.9711250298739231
2026-06-01,2026-06-01 11:01:59,V022,134.0,0.9534916817950373
2026-06-01,2026-06-01 11:02:00,V022,135.0,0.9619098379635619
2026-06-01,2026-06-01 11:02:01,V022,135.0,0.978673546280554
2026-06-01,2026-06-01 11:02:02,V022,135.0,1.0276749330041364
2026-06-01,2026-06-01 11:02:03,V022,135.0,0.9616085531354267
2026-06-01,2026-06-01 11:02:04,V022,135.0,0.9581964627380996
2026-06-01,2026-06-01 11:02:05,V022,135.0,1.0086042152064052
2026-06-01,2026-06-01 11:02:06,V022,135.0,1.065489156129357
2026-06-01,2026-06-01 11:02:07,V022,135.0,0.9829504660554188
2026-06-01,2026-06-01 11:02:08,V022,135.0,0.9500058016523097
2026-06-01,2026-06-01 11:02:09,V022,135.0,0.9596733206401594
2026-06-01,2026-06-01 11:02:10,V022,134.0,0.9509465188464368
2026-06-01,2026-06-01 11:02:11,V022,134.0,0.9407032782459582
2026-06-01,2026-06-01 11:02:12,V022,134.0,0.980552821084487
2026-06-01,2026-06-01 11:02:13,V022,134.0,0.9545976032296766
2026-06-01,2026-06-01 11:02:14,V022,134.0,0.9431953562247001
2026-06-01,2026-06-01 11:02:15,V022,134.0,0.9424000141224406
2026-06-01,2026-06-01 11:02:16,V022,134.0,0.9930173535581945
2026-06-01,2026-06-01 11:02:17,V022,134.0,1.0114041821273234
2026-06-01,2026-06-01 11:02:18,V022,134.0,1.089298808845987
2026-06-01,2026-06-01 11:02:19,V022,134.0,0.95147219770295
2026-06-01,2026-06-01 11:02:20,V022,134.0,0.9495240181224921
2026-06-01,2026-06-01 11:02:21,V022,134.0,0.9593711067904244
2026-06-01,2026-06-01 11:02:22,V022,134.0,0.9643066942548943
2026-06-01,2026-06-01 11:02:23,V022,134.0,0.9773328640879181
2026-06-01,2026-06-01 11:02:24,V022,134.0,0.9283039959189234
2026-06-01,2026-06-01 11:02:25,V022,134.0,1.0113748495506936
2026-06-01,2026-06-01 11:02:26,V022,134.0,0.9510539416113134
2026-06-01,2026-06-01 11:02:27,V022,134.0,0.9720105452513105
2026-06-01,2026-06-01 11:02:28,V022,134.0,0.9471356621654422
2026-06-01,2026-06-01 11:02:29,V022,134.0,0.9634067271945752
2026-06-01,2026-06-01 11:02:30,V022,134.0,0.9958445260918583
2026-06-01,2026-06-01 11:02:31,V022,134.0,1.0230036206805408
2026-06-01,2026-06-01 11:02:32,V022,134.0,0.9564387394865503
2026-06-01,2026-06-01 11:02:33,V022,134.0,0.9891928792421143
2026-06-01,2026-06-01 11:02:34,V022,134.0,0.9538486416186074
2026-06-01,2026-06-01 11:02:35,V022,134.0,0.9405638657794186
2026-06-01,2026-06-01 11:02:36,V022,133.0,1.0543329441821858
2026-06-01,2026-06-01 11:02:37,V022,133.0,1.065502103229676
2026-06-01,2026-06-01 11:02:38,V022,132.0,1.006124672372316
2026-06-01,2026-06-01 11:02:39,V022,132.0,0.9753371728016551
2026-06-01,2026-06-01 11:02:40,V022,131.0,0.9457498407177758
2026-06-01,2026-06-01 11:02:41,V022,131.0,0.9829743929606425
2026-06-01,2026-06-01 11:02:42,V022,130.0,1.1434332075534575
2026-06-01,2026-06-01 11:02:43,V022,129.0,0.9794767068905165
2026-06-01,2026-06-01 11:02:44,V022,129.0,0.9713527021883022
2026-06-01,2026-06-01 11:02:45,V022,128.0,0.9673349776165706
2026-06-01,2026-06-01 11:02:46,V022,128.0,0.9565909889472367
2026-06-01,2026-06-01 11:02:47,V022,127.0,0.9893868116074113
2026-06-01,2026-06-01 11:02:48,V022,127.0,0.9925518711936705
2026-06-01,2026-06-01 11:02:49,V022,126.0,0.9451607659769828
2026-06-01,2026-06-01 11:02:50,V022,126.0,0.9496095243386691
2026-06-01,2026-06-01 11:02:51,V022,126.0,0.9489025805131227
2026-06-01,2026-06-01 11:02:52,V022,127.0,0.9483317913235628
2026-06-01,2026-06-01 11:02:53,V022,126.0,0.9485789991021001
2026-06-01,2026-06-01 11:02:54,V022,126.0,0.9469831066817058
2026-06-01,2026-06-01 11:02:55,V022,126.0,0.9520911857221129
2026-06-01,2026-06-01 11:02:56,V022,126.0,0.9521180396750407
2026-06-01,2026-06-01 11:02:57,V022,126.0,0.9530279569344923
2026-06-01,2026-06-01 11:02:58,V022,126.0,0.9531981218974863
2026-06-01,2026-06-01 11:02:59,V022,126.0,0.9497357984596766
2026-06-01,2026-06-01 11:03:00,V022,126.0,0.9510292817275611
2026-06-01,2026-06-01 11:03:01,V022,126.0,0.966456798135209
2026-06-01,2026-06-01 11:03:02,V022,126.0,0.9560449386786091
2026-06-01,2026-06-01 11:03:03,V022,126.0,0.9429602697429179
2026-06-01,2026-06-01 11:03:04,V022,126.0,0.9480155885195282
2026-06-01,2026-06-01 11:03:05,V022,127.0,0.9634057737834647
2026-06-01,2026-06-01 11:03:06,V022,127.0,0.9453449682722826
2026-06-01,2026-06-01 11:03:07,V022,128.0,0.9500009652635646
2026-06-01,2026-06-01 11:03:08,V022,128.0,0.9494093107013248
2026-06-01,2026-06-01 11:03:09,V022,129.0,0.9495767985283167
2026-06-01,2026-06-01 11:03:10,V022,130.0,0.9492558820134958
2026-06-01,2026-06-01 11:03:11,V022,130.0,0.9494222121838071
2026-06-01,2026-06-01 11:03:12,V022,130.0,0.95115994260144
2026-06-01,2026-06-01 11:03:13,V022,131.0,0.9487578436340255
2026-06-01,2026-06-01 11:03:14,V022,132.0,0.9539214172963706
2026-06-01,2026-06-01 11:03:15,V022,132.0,0.9484738902211544
2026-06-01,2026-06-01 11:03:16,V022,133.0,0.9489133764180354
2026-06-01,2026-06-01 11:03:17,V022,133.0,0.9615431228068777
2026-06-01,2026-06-01 11:03:18,V022,134.0,0.9538546449306838
2026-06-01,2026-06-01 11:03:19,V022,134.0,0.9480989521714865
2026-06-01,2026-06-01 11:03:20,V022,135.0,0.9926008233509337
2026-06-01,2026-06-01 11:03:21,V022,135.0,1.009362966746187
2026-06-01,2026-06-01 11:03:22,V022,134.0,1.092341161994231
2026-06-01,2026-06-01 11:03:23,V022,134.0,0.978455989590499
2026-06-01,2026-06-01 11:03:24,V022,134.0,0.9685049834203256
2026-06-01,2026-06-01 11:03:25,V022,134.0,0.9465109469308349
2026-06-01,2026-06-01 11:03:26,V022,134.0,0.9547518909605524
2026-06-01,2026-06-01 11:03:27,V022,134.0,0.9460944572157557
2026-06-01,2026-06-01 11:03:28,V022,134.0,0.9499091487046502
2026-06-01,2026-06-01 11:03:29,V022,134.0,0.947434093336081
2026-06-01,2026-06-01 11:03:30,V022,133.0,0.9601958148335941
2026-06-01,2026-06-01 11:03:31,V022,133.0,0.9488379297662868
2026-06-01,2026-06-01 11:03:32,V022,133.0,0.9468553269718162
2026-06-01,2026-06-01 11:03:33,V022,133.0,0.9483903037721784
2026-06-01,2026-06-01 11:03:34,V022,132.0,0.9475115271229065
2026-06-01,2026-06-01 11:03:35,V022,132.0,0.946582907805208
2026-06-01,2026-06-01 11:03:36,V022,132.0,0.9504011513744615
2026-06-01,2026-06-01 11:03:37,V022,132.0,0.9490907609220862
2026-06-01,2026-06-01 11:03:38,V022,132.0,0.9510617840373982
2026-06-01,2026-06-01 11:03:39,V022,132.0,0.9609554698096247
2026-06-01,2026-06-01 11:03:40,V022,132.0,0.9591471926977883
2026-06-01,2026-06-01 11:03:41,V022,131.0,0.9487496086458107
2026-06-01,2026-06-01 11:03:42,V022,131.0,0.9477423126834829
2026-06-01,2026-06-01 11:03:43,V022,130.0,0.9911708916869573
2026-06-01,2026-06-01 11:03:44,V022,129.0,0.9781392286715547
2026-06-01,2026-06-01 11:03:45,V022,129.0,0.9624849255811858
2026-06-01,2026-06-01 11:03:46,V022,129.0,0.9786894844189589
2026-06-01,2026-06-01 11:03:47,V022,129.0,0.9608459700726755
2026-06-01,2026-06-01 11:03:48,V022,129.0,0.9549995198321943
2026-06-01,2026-06-01 11:03:49,V022,129.0,0.9712943720487262
2026-06-01,2026-06-01 11:03:50,V022,129.0,0.9489344133920762
2026-06-01,2026-06-01 11:03:51,V022,129.0,0.9512169030221485
2026-06-01,2026-06-01 11:03:52,V022,129.0,0.9492680246235611
2026-06-01,2026-06-01 11:03:53,V022,129.0,0.9526312420625821
2026-06-01,2026-06-01 11:03:54,V022,130.0,0.9499082172324868
2026-06-01,2026-06-01 11:03:55,V022,129.0,0.949947388842345
2026-06-01,2026-06-01 11:03:56,V022,129.0,0.9512883099939597
2026-06-01,2026-06-01 11:03:57,V022,129.0,0.9419867712737714
2026-06-01,2026-06-01 11:03:58,V022,129.0,0.9658355980294036
2026-06-01,2026-06-01 11:03:59,V022,129.0,1.012620718177489
2026-06-01,2026-06-01 11:04:00,V022,129.0,0.9906632661881337
2026-06-01,2026-06-01 11:04:01,V022,128.0,1.0157288286710118
2026-06-01,2026-06-01 11:04:02,V022,128.0,0.9813888906896204
2026-06-01,2026-06-01 11:04:03,V022,128.0,0.9834284235998938
2026-06-01,2026-06-01 11:04:04,V022,128.0,0.9839011188321968
2026-06-01,2026-06-01 11:04:05,V022,128.0,0.9816410377286798
2026-06-01,2026-06-01 11:04:06,V022,127.0,0.9647436656726186
2026-06-01,2026-06-01 11:04:07,V022,127.0,0.9805212839443682
2026-06-01,2026-06-01 11:04:08,V022,126.0,0.9753879759378693
2026-06-01,2026-06-01 11:04:09,V022,125.0,0.9579346545747712
2026-06-01,2026-06-01 11:04:10,V022,125.0,0.9581256113792053
2026-06-01,2026-06-01 11:04:11,V022,124.0,0.9570264369005814
2026-06-01,2026-06-01 11:04:12,V022,123.0,0.9644407251859499
2026-06-01,2026-06-01 11:04:13,V022,123.0,0.9723663374204871
2026-06-01,2026-06-01 11:04:14,V022,123.0,0.9751776267546353
2026-06-01,2026-06-01 11:04:15,V022,122.0,0.961724212113155
2026-06-01,2026-06-01 11:04:16,V022,122.0,0.9521917149609904
2026-06-01,2026-06-01 11:04:17,V022,120.0,0.9482990377391749
2026-06-01,2026-06-01 11:04:18,V022,119.0,0.9494582209052082
2026-06-01,2026-06-01 11:04:19,V022,118.0,0.9547986931927279
2026-06-01,2026-06-01 11:04:20,V022,117.0,0.9535535785528355
2026-06-01,2026-06-01 11:04:21,V022,116.0,1.0126466100433729
2026-06-01,2026-06-01 11:04:22,V022,116.0,1.0549563274816496
2026-06-01,2026-06-01 11:04:23,V022,116.0,0.9785860921098086
2026-06-01,2026-06-01 11:04:24,V022,115.0,1.0125486562515102
2026-06-01,2026-06-01 11:04:25,V022,115.0,1.01516593257514
2026-06-01,2026-06-01 11:04:26,V022,115.0,1.0123182099766501
2026-06-01,2026-06-01 11:04:27,V022,115.0,0.9760819165891732
2026-06-01,2026-06-01 11:04:28,V022,115.0,0.9730946160250854
2026-06-01,2026-06-01 11:04:29,V022,115.0,0.9455136674815209
2026-06-01,2026-06-01 11:04:30,V022,115.0,0.9440568606921665
2026-06-01,2026-06-01 11:04:31,V022,115.0,0.9415078155137122
2026-06-01,2026-06-01 11:04:32,V022,114.0,0.9492401080931033
2026-06-01,2026-06-01 11:04:33,V022,114.0,0.9496468802937024
2026-06-01,2026-06-01 11:04:34,V022,113.0,0.9447930457205027
2026-06-01,2026-06-01 11:04:35,V022,112.0,0.9272454124846603
2026-06-01,2026-06-01 11:04:36,V022,110.0,0.9389868207550526
2026-06-01,2026-06-01 11:04:37,V022,109.0,0.9530266064712715
2026-06-01,2026-06-01 11:04:38,V022,108.0,0.9682684706473554
2026-06-01,2026-06-01 11:04:39,V022,105.0,0.9940055304266756
2026-06-01,2026-06-01 11:04:40,V022,102.0,0.9848288260881995
2026-06-01,2026-06-01 11:04:41,V022,100.0,0.9561457600289457
2026-06-01,2026-06-01 11:04:42,V022,98.0,0.9494725030460017
2026-06-01,2026-06-01 11:04:43,V022,97.0,0.9507908033743165
2026-06-01,2026-06-01 11:04:44,V022,96.0,0.9509721280113015
2026-06-01,2026-06-01 11:04:45,V022,96.0,0.9535768262271295
2026-06-01,2026-06-01 11:04:46,V022,96.0,0.9531728868968264
2026-06-01,2026-06-01 11:04:47,V022,96.0,0.9550088197177184
2026-06-01,2026-06-01 11:04:48,V022,96.0,0.9582622221406631
2026-06-01,2026-06-01 11:04:49,V022,97.0,0.9481735750188816
2026-06-01,2026-06-01 11:04:50,V022,97.0,0.9500613936365363
2026-06-01,2026-06-01 11:04:51,V022,97.0,0.9621485567952908
2026-06-01,2026-06-01 11:04:52,V022,97.0,0.9548438033300216
2026-06-01,2026-06-01 11:04:53,V022,98.0,0.9748681412924528
2026-06-01,2026-06-01 11:04:54,V022,98.0,0.9955746826427985
2026-06-01,2026-06-01 11:04:55,V022,98.0,0.9804731541869329
2026-06-01,2026-06-01 11:04:56,V022,98.0,0.9523458632737037
2026-06-01,2026-06-01 11:04:57,V022,99.0,0.9476666790587628
2026-06-01,2026-06-01 11:04:58,V022,99.0,0.9512099010421955
2026-06-01,2026-06-01 11:04:59,V022,99.0,0.9485850103470681
2026-06-01,2026-06-01 11:05:00,V022,100.0,0.9507732036149485
2026-06-01,2026-06-01 11:05:01,V022,100.0,0.9469150917628821
2026-06-01,2026-06-01 11:05:02,V022,100.0,0.9586711751281405
2026-06-01,2026-06-01 11:05:03,V022,100.0,0.9375266312245857
2026-06-01,2026-06-01 11:05:04,V022,101.0,0.9526144904450755
2026-06-01,2026-06-01 11:05:05,V022,100.0,0.9458106219495379
2026-06-01,2026-06-01 11:05:06,V022,100.0,0.9476369528265868
2026-06-01,2026-06-01 11:05:07,V022,100.0,0.9488805480907632
2026-06-01,2026-06-01 11:05:08,V022,100.0,0.9427702689966331
2026-06-01,2026-06-01 11:05:09,V022,99.0,0.9507629590089318
2026-06-01,2026-06-01 11:05:10,V022,99.0,0.9425143844329514
2026-06-01,2026-06-01 11:05:11,V022,99.0,0.9468563246183571
2026-06-01,2026-06-01 11:05:12,V022,99.0,0.9503730624307697
2026-06-01,2026-06-01 11:05:13,V022,99.0,0.94889825539613
2026-06-01,2026-06-01 11:05:14,V022,99.0,0.9440474334754351
2026-06-01,2026-06-01 11:05:15,V022,99.0,0.9473325602172443
2026-06-01,2026-06-01 11:05:16,V022,99.0,0.9462050750152116
2026-06-01,2026-06-01 11:05:17,V022,99.0,0.9458954127610855
2026-06-01,2026-06-01 11:05:18,V022,99.0,0.946158871426231
2026-06-01,2026-06-01 11:05:19,V022,99.0,0.9449970193422507
2026-06-01,2026-06-01 11:05:20,V022,98.0,0.9459515846568756
2026-06-01,2026-06-01 11:05:21,V022,98.0,0.9457327104904537
2026-06-01,2026-06-01 11:05:22,V022,97.0,0.9527248694395477
2026-06-01,2026-06-01 11:05:23,V022,97.0,0.9425682630168133
2026-06-01,2026-06-01 11:05:24,V022,96.0,0.9495719392588122
2026-06-01,2026-06-01 11:05:25,V022,96.0,0.9453859876615945
2026-06-01,2026-06-01 11:05:26,V022,95.0,0.946586831857947
2026-06-01,2026-06-01 11:05:27,V022,95.0,0.9467417892135065
2026-06-01,2026-06-01 11:05:28,V022,95.0,0.9483128301061902
2026-06-01,2026-06-01 11:05:29,V022,95.0,0.9460816857716293
2026-06-01,2026-06-01 11:05:30,V022,95.0,0.949830951342072
2026-06-01,2026-06-01 11:05:31,V022,95.0,0.94875917640092
2026-06-01,2026-06-01 11:05:32,V022,95.0,0.9490705761579774
2026-06-01,2026-06-01 11:05:33,V022,95.0,0.946701299514762
2026-06-01,2026-06-01 11:05:34,V022,95.0,0.947672912360686
2026-06-01,2026-06-01 11:05:35,V022,95.0,0.9462921275158651
2026-06-01,2026-06-01 11:05:36,V022,96.0,0.9474481949882946
2026-06-01,2026-06-01 11:05:37,V022,96.0,0.9449727597735811
2026-06-01,2026-06-01 11:05:38,V022,96.0,0.950008277198174
2026-06-01,2026-06-01 11:05:39,V022,96.0,0.9505754596184504
2026-06-01,2026-06-01 11:05:40,V022,96.0,0.9926830409834949
2026-06-01,2026-06-01 11:05:41,V022,96.0,0.9538521525966693
2026-06-01,2026-06-01 11:05:42,V022,96.0,0.9835693191757818
2026-06-01,2026-06-01 11:05:43,V022,96.0,0.9505067199503147
2026-06-01,2026-06-01 11:05:44,V022,96.0,0.95105664633608
2026-06-01,2026-06-01 11:05:45,V022,96.0,0.9479622942920807
2026-06-01,2026-06-01 11:05:46,V022,97.0,0.9492373340193763
2026-06-01,2026-06-01 11:05:47,V022,97.0,0.9499160874747757
2026-06-01,2026-06-01 11:05:48,V022,96.0,0.9510769654396246
2026-06-01,2026-06-01 11:05:49,V022,96.0,0.9537892319508495
2026-06-01,2026-06-01 11:05:50,V022,96.0,0.950587386758013
2026-06-01,2026-06-01 11:05:51,V022,96.0,0.9549957893327464
2026-06-01,2026-06-01 11:05:52,V022,96.0,0.9514228016928404
2026-06-01,2026-06-01 11:05:53,V022,96.0,0.9513424681458198
2026-06-01,2026-06-01 11:05:54,V022,96.0,0.9545860200570132
2026-06-01,2026-06-01 11:05:55,V022,96.0,0.9505195581837874
2026-06-01,2026-06-01 11:05:56,V022,96.0,0.9533971324191624
2026-06-01,2026-06-01 11:05:57,V022,97.0,0.9504998637763776
2026-06-01,2026-06-01 11:05:58,V022,97.0,0.9504069621142364
2026-06-01,2026-06-01 11:05:59,V022,97.0,0.9495293594394804
2026-06-01,2026-06-01 11:06:00,V022,97.0,0.9497552858321349
2026-06-01,2026-06-01 11:06:01,V022,98.0,0.9493818137655231
2026-06-01,2026-06-01 11:06:02,V022,99.0,0.9519659485472682
2026-06-01,2026-06-01 11:06:03,V022,100.0,0.9460068237921563
2026-06-01,2026-06-01 11:06:04,V022,100.0,0.9482559441862057
2026-06-01,2026-06-01 11:06:05,V022,100.0,0.9478214680999821
2026-06-01,2026-06-01 11:06:06,V022,99.0,0.9483186089923193
2026-06-01,2026-06-01 11:06:07,V022,99.0,0.9476560850285378
2026-06-01,2026-06-01 11:06:08,V022,99.0,0.9474441771434791
2026-06-01,2026-06-01 11:06:09,V022,99.0,0.9483691228466496
2026-06-01,2026-06-01 11:06:10,V022,99.0,0.9497798773979201
2026-06-01,2026-06-01 11:06:11,V022,99.0,0.9497146143089011
2026-06-01,2026-06-01 11:06:12,V022,99.0,0.9519552087705951
2026-06-01,2026-06-01 11:06:13,V022,98.0,0.9495266879128142
2026-06-01,2026-06-01 11:06:14,V022,98.0,0.9503813684575234
2026-06-01,2026-06-01 11:06:15,V022,98.0,0.9467454670839303
2026-06-01,2026-06-01 11:06:16,V022,98.0,0.9494937305080123
2026-06-01,2026-06-01 11:06:17,V022,98.0,0.9581470846015875
2026-06-01,2026-06-01 11:06:18,V022,97.0,0.9563967683214512
2026-06-01,2026-06-01 11:06:19,V022,97.0,0.9539250610244742
2026-06-01,2026-06-01 11:06:20,V022,97.0,0.9433361390050577
2026-06-01,2026-06-01 11:06:21,V022,97.0,0.9497369871905332
2026-06-01,2026-06-01 11:06:22,V022,96.0,0.949517482150235
2026-06-01,2026-06-01 11:06:23,V022,96.0,0.9459905692426823
2026-06-01,2026-06-01 11:06:24,V022,95.0,0.9484985173970236
2026-06-01,2026-06-01 11:06:25,V022,95.0,0.944960381393599
2026-06-01,2026-06-01 11:06:26,V022,95.0,0.9514545304158041
2026-06-01,2026-06-01 11:06:27,V022,95.0,0.9436131855471037
2026-06-01,2026-06-01 11:06:28,V022,95.0,0.948103299203368
2026-06-01,2026-06-01 11:06:29,V022,95.0,0.9524713071415932
2026-06-01,2026-06-01 11:06:30,V022,95.0,0.9471534672963046
2026-06-01,2026-06-01 11:06:31,V022,95.0,0.94516645950238
2026-06-01,2026-06-01 11:06:32,V022,95.0,0.9458571536485452
2026-06-01,2026-06-01 11:06:33,V022,95.0,0.9464409914600215
2026-06-01,2026-06-01 11:06:34,V022,95.0,0.9460640087666362
2026-06-01,2026-06-01 11:06:35,V022,94.0,0.9423017632427344
2026-06-01,2026-06-01 11:06:36,V022,94.0,0.956110750137586
2026-06-01,2026-06-01 11:06:37,V022,94.0,0.9422455141353294
2026-06-01,2026-06-01 11:06:38,V022,94.0,0.9432083712182313
2026-06-01,2026-06-01 11:06:39,V022,94.0,0.944024685787166
2026-06-01,2026-06-01 11:06:40,V022,93.0,0.9474761562121695
2026-06-01,2026-06-01 11:06:41,V022,94.0,0.945239913654072
2026-06-01,2026-06-01 11:06:42,V022,94.0,0.9465358681167332
2026-06-01,2026-06-01 11:06:43,V022,94.0,0.9469520117128262
2026-06-01,2026-06-01 11:06:44,V022,94.0,0.9516127136997868
2026-06-01,2026-06-01 11:06:45,V022,95.0,0.9445197648753646
2026-06-01,2026-06-01 11:06:46,V022,95.0,0.9525570266349137
2026-06-01,2026-06-01 11:06:47,V022,95.0,0.9342011670334516
2026-06-01,2026-06-01 11:06:48,V022,94.0,0.9535066632506449
2026-06-01,2026-06-01 11:06:49,V022,94.0,0.9481160202569497
2026-06-01,2026-06-01 11:06:50,V022,95.0,0.96410119558752
2026-06-01,2026-06-01 11:06:51,V022,95.0,0.9459182305570921
2026-06-01,2026-06-01 11:06:52,V022,95.0,0.9693925171966163
2026-06-01,2026-06-01 11:06:53,V022,95.0,0.9530006881130262
2026-06-01,2026-06-01 11:06:54,V022,95.0,0.9720598009458783
2026-06-01,2026-06-01 11:06:55,V022,95.0,0.9451506966533765
2026-06-01,2026-06-01 11:06:56,V022,95.0,0.9517888683958313
2026-06-01,2026-06-01 11:06:57,V022,95.0,0.9954369414382286
2026-06-01,2026-06-01 11:06:58,V022,95.0,0.9499073095325751
2026-06-01,2026-06-01 11:06:59,V022,95.0,0.9402743160471508
2026-06-01,2026-06-01 11:07:00,V022,95.0,0.9415433190562476
2026-06-01,2026-06-01 11:07:01,V022,95.0,0.9396701863561759
2026-06-01,2026-06-01 11:07:02,V022,94.0,0.9534929329477738
2026-06-01,2026-06-01 11:07:03,V022,95.0,0.9377553590046245
2026-06-01,2026-06-01 11:07:04,V022,95.0,0.9445382858944785
2026-06-01,2026-06-01 11:07:05,V022,95.0,0.9424819435763242
2026-06-01,2026-06-01 11:07:06,V022,95.0,0.9436201781152097
2026-06-01,2026-06-01 11:07:07,V022,96.0,0.9430295552224822
2026-06-01,2026-06-01 11:07:08,V022,96.0,0.9398931863290817
2026-06-01,2026-06-01 11:07:09,V022,96.0,0.9583718338495991
2026-06-01,2026-06-01 11:07:10,V022,96.0,0.964915701210726
2026-06-01,2026-06-01 11:07:11,V022,97.0,1.0268703037571603
2026-06-01,2026-06-01 11:07:12,V022,98.0,1.0301048065344798
2026-06-01,2026-06-01 11:07:13,V022,98.0,0.952254242990964
2026-06-01,2026-06-01 11:07:14,V022,99.0,0.9473409628734059
2026-06-01,2026-06-01 11:07:15,V022,98.0,0.9445711060756629
2026-06-01,2026-06-01 11:07:16,V022,98.0,0.9562075438612937
2026-06-01,2026-06-01 11:07:17,V022,97.0,0.9756740777791928
2026-06-01,2026-06-01 11:07:18,V022,97.0,0.9461758185651701
2026-06-01,2026-06-01 11:07:19,V022,97.0,0.9580647162690058
2026-06-01,2026-06-01 11:07:20,V022,98.0,0.961670008634495
2026-06-01,2026-06-01 11:07:21,V022,98.0,0.94852029486608
2026-06-01,2026-06-01 11:07:22,V022,98.0,0.9623556298805747
2026-06-01,2026-06-01 11:07:23,V022,98.0,0.9651082390103853
2026-06-01,2026-06-01 11:07:24,V022,98.0,0.9466843134262594
2026-06-01,2026-06-01 11:07:25,V022,98.0,0.9448860836733827
2026-06-01,2026-06-01 11:07:26,V022,99.0,0.957075953434075
2026-06-01,2026-06-01 11:07:27,V022,98.0,0.9629786723250602
2026-06-01,2026-06-01 11:07:28,V022,98.0,0.9580380627601657
2026-06-01,2026-06-01 11:07:29,V022,98.0,0.9510078083946483
2026-06-01,2026-06-01 11:07:30,V022,98.0,0.9509825774985012
2026-06-01,2026-06-01 11:07:31,V022,98.0,0.9495642739752979
2026-06-01,2026-06-01 11:07:32,V022,98.0,0.9471748657168646
2026-06-01,2026-06-01 11:07:33,V022,98.0,0.9502341173581693
2026-06-01,2026-06-01 11:07:34,V022,98.0,0.9516334937326819
2026-06-01,2026-06-01 11:07:35,V022,98.0,0.9650753111720801
2026-06-01,2026-06-01 11:07:36,V022,98.0,0.9459664569356704
2026-06-01,2026-06-01 11:07:37,V022,98.0,0.9521732491265177
2026-06-01,2026-06-01 11:07:38,V022,98.0,0.9457318787607497
2026-06-01,2026-06-01 11:07:39,V022,98.0,0.9408313708502525
2026-06-01,2026-06-01 11:07:40,V022,98.0,0.9700190020511116
2026-06-01,2026-06-01 11:07:41,V022,98.0,0.9650346878573625
2026-06-01,2026-06-01 11:07:42,V022,98.0,1.1421113944154784
2026-06-01,2026-06-01 11:07:43,V022,98.0,0.945472007587214
2026-06-01,2026-06-01 11:07:44,V022,98.0,0.9435656691278564
2026-06-01,2026-06-01 11:07:45,V022,98.0,0.9452972553970561
2026-06-01,2026-06-01 11:07:46,V022,98.0,0.9422969549117745
2026-06-01,2026-06-01 11:07:47,V022,96.0,0.9471007489332713
2026-06-01,2026-06-01 11:07:48,V022,95.0,0.9524435597751809
2026-06-01,2026-06-01 11:07:49,V022,94.0,0.942119926202722
2026-06-01,2026-06-01 11:07:50,V022,94.0,0.9447678277043545
2026-06-01,2026-06-01 11:07:51,V022,94.0,0.9452781166175157
2026-06-01,2026-06-01 11:07:52,V022,94.0,0.9544726772123843
2026-06-01,2026-06-01 11:07:53,V022,94.0,0.9606308999725747
2026-06-01,2026-06-01 11:07:54,V022,94.0,1.0118278779855527
2026-06-01,2026-06-01 11:07:55,V022,94.0,0.994049256582238
2026-06-01,2026-06-01 11:07:56,V022,94.0,0.9967677372042472
2026-06-01,2026-06-01 11:07:57,V022,94.0,0.9507669024368955
2026-06-01,2026-06-01 11:07:58,V022,94.0,0.9457245081413036
2026-06-01,2026-06-01 11:07:59,V022,95.0,0.9436363569037275
2026-06-01,2026-06-01 11:08:00,V022,95.0,0.949884528553972
2026-06-01,2026-06-01 11:08:01,V022,96.0,0.9560809383338302
2026-06-01,2026-06-01 11:08:02,V022,96.0,0.9491406256909615
2026-06-01,2026-06-01 11:08:03,V022,97.0,0.962761937975578
2026-06-01,2026-06-01 11:08:04,V022,97.0,0.964465825325366
2026-06-01,2026-06-01 11:08:05,V022,97.0,0.99348526637622
2026-06-01,2026-06-01 11:08:06,V022,98.0,1.0748674938629714
2026-06-01,2026-06-01 11:08:07,V022,98.0,0.9299484779875796
2026-06-01,2026-06-01 11:08:08,V022,98.0,0.9737267272072432
2026-06-01,2026-06-01 11:08:09,V022,99.0,1.0487241929200255
2026-06-01,2026-06-01 11:08:10,V022,99.0,0.9910849380214004
2026-06-01,2026-06-01 11:08:11,V022,99.0,0.9412944071139728
2026-06-01,2026-06-01 11:08:12,V022,100.0,0.9746597143430887
2026-06-01,2026-06-01 11:08:13,V022,100.0,0.9453018662342124
2026-06-01,2026-06-01 11:08:14,V022,101.0,0.9627701035007001
2026-06-01,2026-06-01 11:08:15,V022,101.0,0.9533147168752852
2026-06-01,2026-06-01 11:08:16,V022,102.0,0.9704595250230746
2026-06-01,2026-06-01 11:08:17,V022,102.0,1.0017129639263844
2026-06-01,2026-06-01 11:08:18,V022,102.0,0.9468362618306729
2026-06-01,2026-06-01 11:08:19,V022,103.0,0.971210215920243
2026-06-01,2026-06-01 11:08:20,V022,103.0,0.9809955320249938
2026-06-01,2026-06-01 11:08:21,V022,103.0,1.0442783020509323
2026-06-01,2026-06-01 11:08:22,V022,103.0,0.9257944629687282
2026-06-01,2026-06-01 11:08:23,V022,103.0,0.9650605684467428
2026-06-01,2026-06-01 11:08:24,V022,104.0,0.9588248765940762
2026-06-01,2026-06-01 11:08:25,V022,105.0,1.0767815665281952
2026-06-01,2026-06-01 11:08:26,V022,106.0,1.0155007913124994
2026-06-01,2026-06-01 11:08:27,V022,106.0,0.9469441921165206
2026-06-01,2026-06-01 11:08:28,V022,107.0,1.1605227243539316
2026-06-01,2026-06-01 11:08:29,V022,108.0,0.9427306640221469
2026-06-01,2026-06-01 11:08:30,V022,109.0,0.9734440248505332
2026-06-01,2026-06-01 11:08:31,V022,110.0,0.954720274843609
2026-06-01,2026-06-01 11:08:32,V022,111.0,0.9820120206025594
2026-06-01,2026-06-01 11:08:33,V022,112.0,0.9392070368303088
2026-06-01,2026-06-01 11:08:34,V022,113.0,0.948554173563488
2026-06-01,2026-06-01 11:08:35,V022,114.0,0.9545270983295686
2026-06-01,2026-06-01 11:08:36,V022,115.0,0.9489534071393438
2026-06-01,2026-06-01 11:08:37,V022,115.0,0.9586133295568205
2026-06-01,2026-06-01 11:08:38,V022,115.0,0.9567736312780336
2026-06-01,2026-06-01 11:08:39,V022,116.0,0.9380540935221892
2026-06-01,2026-06-01 11:08:40,V022,117.0,0.9587432413656521
2026-06-01,2026-06-01 11:08:41,V022,117.0,0.9366018756835003
2026-06-01,2026-06-01 11:08:42,V022,117.0,0.9447160238866394
2026-06-01,2026-06-01 11:08:43,V022,117.0,1.222314757090823
2026-06-01,2026-06-01 11:08:44,V022,117.0,1.358226786607852
2026-06-01,2026-06-01 11:08:45,V022,117.0,1.1591619050471385
2026-06-01,2026-06-01 11:08:46,V022,117.0,0.9726841341598195
2026-06-01,2026-06-01 11:08:47,V022,117.0,0.95232305935549
2026-06-01,2026-06-01 11:08:48,V022,117.0,0.9574644524167553
2026-06-01,2026-06-01 11:08:49,V022,117.0,0.9849471262234957
2026-06-01,2026-06-01 11:08:50,V022,117.0,0.9480893053012142
2026-06-01,2026-06-01 11:08:51,V022,117.0,0.9534110202304569
2026-06-01,2026-06-01 11:08:52,V022,117.0,0.9447188823658638
2026-06-01,2026-06-01 11:08:53,V022,117.0,0.9659853830689722
2026-06-01,2026-06-01 11:08:54,V022,116.0,1.0018217523136241
2026-06-01,2026-06-01 11:08:55,V022,116.0,0.9692157319348181
2026-06-01,2026-06-01 11:08:56,V022,116.0,0.975405708975017
2026-06-01,2026-06-01 11:08:57,V022,116.0,0.998980806399141
2026-06-01,2026-06-01 11:08:58,V022,116.0,0.9433896495450976
2026-06-01,2026-06-01 11:08:59,V022,116.0,1.0560887232095684
2026-06-01,2026-06-01 11:09:00,V022,116.0,0.9438319694028058
2026-06-01,2026-06-01 11:09:01,V022,116.0,0.9485930362221026
2026-06-01,2026-06-01 11:09:02,V022,116.0,0.9682738811821123
2026-06-01,2026-06-01 11:09:03,V022,116.0,1.036129683909015
2026-06-01,2026-06-01 11:09:04,V022,116.0,0.998185663999672
2026-06-01,2026-06-01 11:09:05,V022,116.0,1.0432735165500189
2026-06-01,2026-06-01 11:09:06,V022,116.0,1.0200061026522198
2026-06-01,2026-06-01 11:09:07,V022,116.0,0.9908833345724356
2026-06-01,2026-06-01 11:09:08,V022,116.0,1.0122671014789373
2026-06-01,2026-06-01 11:09:09,V022,115.0,1.0114533190042179
2026-06-01,2026-06-01 11:09:10,V022,115.0,0.9306881043363475
2026-06-01,2026-06-01 11:09:11,V022,115.0,0.9898293421700587
2026-06-01,2026-06-01 11:09:12,V022,115.0,0.9392501749362759
2026-06-01,2026-06-01 11:09:13,V022,115.0,1.083909940757859
2026-06-01,2026-06-01 11:09:14,V022,114.0,1.1345818207089764
2026-06-01,2026-06-01 11:09:15,V022,114.0,0.9838494914847042
2026-06-01,2026-06-01 11:09:16,V022,114.0,0.9691670670921563
2026-06-01,2026-06-01 11:09:17,V022,113.0,0.9640004785223613
2026-06-01,2026-06-01 11:09:18,V022,113.0,0.9434824002373005
2026-06-01,2026-06-01 11:09:19,V022,113.0,0.9594372421899282
2026-06-01,2026-06-01 11:09:20,V022,113.0,0.9768244777760985
2026-06-01,2026-06-01 11:09:21,V022,113.0,0.9666986069794032
2026-06-01,2026-06-01 11:09:22,V022,113.0,0.962325560921984
2026-06-01,2026-06-01 11:09:23,V022,113.0,1.0169751233206201
2026-06-01,2026-06-01 11:09:24,V022,113.0,0.9590564771953671
2026-06-01,2026-06-01 11:09:25,V022,113.0,0.990812002708144
2026-06-01,2026-06-01 11:09:26,V022,114.0,0.9469995063928678
2026-06-01,2026-06-01 11:09:27,V022,114.0,0.9553319947165918
2026-06-01,2026-06-01 11:09:28,V022,115.0,0.9992216222780689
2026-06-01,2026-06-01 11:09:29,V022,115.0,1.0523966122627642
2026-06-01,2026-06-01 11:09:30,V022,116.0,1.0663395840033958
2026-06-01,2026-06-01 11:09:31,V022,116.0,0.943941353293511
2026-06-01,2026-06-01 11:09:32,V022,116.0,1.0061926420095637
2026-06-01,2026-06-01 11:09:33,V022,116.0,0.9601967093504947
2026-06-01,2026-06-01 11:09:34,V022,116.0,1.0133217749094783
2026-06-01,2026-06-01 11:09:35,V022,116.0,1.1448408518503526
2026-06-01,2026-06-01 11:09:36,V022,116.0,1.0327785884701377
2026-06-01,2026-06-01 11:09:37,V022,115.0,1.5108922216929719
2026-06-01,2026-06-01 11:09:38,V022,115.0,1.0414904066864599
2026-06-01,2026-06-01 11:09:39,V022,114.0,1.1744269334062012
2026-06-01,2026-06-01 11:09:40,V022,114.0,1.097182615665458
2026-06-01,2026-06-01 11:09:41,V022,114.0,1.05798415606824
2026-06-01,2026-06-01 11:09:42,V022,114.0,1.0103438239420095
2026-06-01,2026-06-01 11:09:43,V022,113.0,0.971359783189312
2026-06-01,2026-06-01 11:09:44,V022,113.0,1.0267111692579485
2026-06-01,2026-06-01 11:09:45,V022,113.0,1.0743680923039618
2026-06-01,2026-06-01 11:09:46,V022,113.0,1.0399171513957566
2026-06-01,2026-06-01 11:09:47,V022,112.0,0.9295056529433681
2026-06-01,2026-06-01 11:09:48,V022,112.0,0.9450953627685391
2026-06-01,2026-06-01 11:09:49,V022,111.0,0.8917129303504169
2026-06-01,2026-06-01 11:09:50,V022,111.0,1.1650401571568834
2026-06-01,2026-06-01 11:09:51,V022,110.0,1.187583144486515
2026-06-01,2026-06-01 11:09:52,V022,110.0,1.0718638549458614
2026-06-01,2026-06-01 11:09:53,V022,108.0,1.058138277492924
2026-06-01,2026-06-01 11:09:54,V022,107.0,0.9612936020533163
2026-06-01,2026-06-01 11:09:55,V022,106.0,0.9547610514276296
2026-06-01,2026-06-01 11:09:56,V022,105.0,0.9701828270249052
2026-06-01,2026-06-01 11:09:57,V022,105.0,0.9724873571394609
2026-06-01,2026-06-01 11:09:58,V022,104.0,0.9343132573353402
2026-06-01,2026-06-01 11:09:59,V022,104.0,0.9807433690638464
2026-06-01,2026-06-01 11:10:00,V022,105.0,0.9833476973194751
2026-06-01,2026-06-01 11:10:01,V022,104.0,0.9493786176939837
2026-06-01,2026-06-01 11:10:02,V022,104.0,0.9822689772577692
2026-06-01,2026-06-01 11:10:03,V022,104.0,0.9545543989978923
2026-06-01,2026-06-01 11:10:04,V022,104.0,0.9409780831758867
2026-06-01,2026-06-01 11:10:05,V022,104.0,0.9421602614728667
2026-06-01,2026-06-01 11:10:06,V022,104.0,0.9805323277206123
2026-06-01,2026-06-01 11:10:07,V022,104.0,0.954806243804057
2026-06-01,2026-06-01 11:10:08,V022,104.0,0.9607013406249096
2026-06-01,2026-06-01 11:10:09,V022,104.0,0.9802214855485518
2026-06-01,2026-06-01 11:10:10,V022,104.0,0.9493812337761871
2026-06-01,2026-06-01 11:10:11,V022,104.0,0.9766560917503527
2026-06-01,2026-06-01 11:10:12,V022,104.0,0.9420632012841771
2026-06-01,2026-06-01 11:10:13,V022,104.0,1.0649808970931676
2026-06-01,2026-06-01 11:10:14,V022,104.0,1.0884721250796807
2026-06-01,2026-06-01 11:10:15,V022,105.0,0.9527722028255725
2026-06-01,2026-06-01 11:10:16,V022,105.0,1.0062797018127367
2026-06-01,2026-06-01 11:10:17,V022,105.0,0.9651719555862468
2026-06-01,2026-06-01 11:10:18,V022,106.0,1.0118685597624275
2026-06-01,2026-06-01 11:10:19,V022,105.0,0.9980147641458269
2026-06-01,2026-06-01 11:10:20,V022,105.0,0.9416088266242648
2026-06-01,2026-06-01 11:10:21,V022,105.0,0.9360854023420968
2026-06-01,2026-06-01 11:10:22,V022,105.0,0.9463548703110847
2026-06-01,2026-06-01 11:10:23,V022,105.0,0.9452650509061409
2026-06-01,2026-06-01 11:10:24,V022,105.0,0.9409092460881189
2026-06-01,2026-06-01 11:10:25,V022,104.0,0.9659709829564643
2026-06-01,2026-06-01 11:10:26,V022,104.0,0.9503295159996406
2026-06-01,2026-06-01 11:10:27,V022,104.0,0.9651167884926747
2026-06-01,2026-06-01 11:10:28,V022,105.0,0.9695596518175955
2026-06-01,2026-06-01 11:10:29,V022,105.0,0.9415296165522219
2026-06-01,2026-06-01 11:10:30,V022,105.0,0.9515734487986094
2026-06-01,2026-06-01 11:10:31,V022,105.0,0.9584972531487208
2026-06-01,2026-06-01 11:10:32,V022,105.0,0.9889139630024635
2026-06-01,2026-06-01 11:10:33,V022,105.0,0.9456988840974153
2026-06-01,2026-06-01 11:10:34,V022,105.0,0.9409107774153868
2026-06-01,2026-06-01 11:10:35,V022,105.0,0.9363675683199313
2026-06-01,2026-06-01 11:10:36,V022,105.0,0.9594175497623013
2026-06-01,2026-06-01 11:10:37,V022,105.0,0.9900536777823346
2026-06-01,2026-06-01 11:10:38,V022,105.0,0.9913835898941654
2026-06-01,2026-06-01 11:10:39,V022,105.0,0.9708254066296094
2026-06-01,2026-06-01 11:10:40,V022,105.0,0.9642666377667692
2026-06-01,2026-06-01 11:10:41,V022,105.0,0.956839137268738
2026-06-01,2026-06-01 11:10:42,V022,105.0,0.9430067188974536
2026-06-01,2026-06-01 11:10:43,V022,105.0,0.9716037948396656
2026-06-01,2026-06-01 11:10:44,V022,105.0,0.970273974228144
2026-06-01,2026-06-01 11:10:45,V022,106.0,0.9797069726014905
2026-06-01,2026-06-01 11:10:46,V022,106.0,1.0539911125230421
2026-06-01,2026-06-01 11:10:47,V022,106.0,0.9416777935444768
2026-06-01,2026-06-01 11:10:48,V022,106.0,1.0012163730256145
2026-06-01,2026-06-01 11:10:49,V022,106.0,0.9852206357329261
2026-06-01,2026-06-01 11:10:50,V022,106.0,1.0233935220470793
2026-06-01,2026-06-01 11:10:51,V022,106.0,0.9671591647416568
2026-06-01,2026-06-01 11:10:52,V022,106.0,0.9376943165152896
2026-06-01,2026-06-01 11:10:53,V022,106.0,0.9431677182894247
2026-06-01,2026-06-01 11:10:54,V022,106.0,0.942159399142938
2026-06-01,2026-06-01 11:10:55,V022,106.0,0.9433744817068932
2026-06-01,2026-06-01 11:10:56,V022,106.0,0.9417563087877243
2026-06-01,2026-06-01 11:10:57,V022,106.0,0.9503400225103683
2026-06-01,2026-06-01 11:10:58,V022,106.0,0.9653964971327286
2026-06-01,2026-06-01 11:10:59,V022,106.0,0.946241280593024
2026-06-01,2026-06-01 11:11:00,V022,106.0,0.951112688958273
2026-06-01,2026-06-01 11:11:01,V022,106.0,0.9540305960402933
2026-06-01,2026-06-01 11:11:02,V022,106.0,0.9428311098409538
2026-06-01,2026-06-01 11:11:03,V022,106.0,0.9460636996614507
2026-06-01,2026-06-01 11:11:04,V022,106.0,0.9447394302190938
2026-06-01,2026-06-01 11:11:05,V022,106.0,0.9583319907313985
2026-06-01,2026-06-01 11:11:06,V022,106.0,0.9718336757800077
2026-06-01,2026-06-01 11:11:07,V022,106.0,0.9505989651643233
2026-06-01,2026-06-01 11:11:08,V022,106.0,0.9635611923169098
2026-06-01,2026-06-01 11:11:09,V022,105.0,0.9543208862573586
2026-06-01,2026-06-01 11:11:10,V022,105.0,0.9881922222430624
2026-06-01,2026-06-01 11:11:11,V022,105.0,0.9623021526656328
2026-06-01,2026-06-01 11:11:12,V022,105.0,0.9495920316786285
2026-06-01,2026-06-01 11:11:13,V022,105.0,0.9477545521263517
2026-06-01,2026-06-01 11:11:14,V022,105.0,0.9481371770435766
2026-06-01,2026-06-01 11:11:15,V022,105.0,0.946631964061315
2026-06-01,2026-06-01 11:11:16,V022,105.0,0.9442062000476248
2026-06-01,2026-06-01 11:11:17,V022,106.0,0.9511151092046964
2026-06-01,2026-06-01 11:11:18,V022,106.0,0.9710189927378244
2026-06-01,2026-06-01 11:11:19,V022,106.0,0.9740573684806058
2026-06-01,2026-06-01 11:11:20,V022,106.0,0.9955483316844003
2026-06-01,2026-06-01 11:11:21,V022,106.0,0.9459463535010114
2026-06-01,2026-06-01 11:11:22,V022,106.0,0.9389933770316868
2026-06-01,2026-06-01 11:11:23,V022,107.0,0.9418669947301805
2026-06-01,2026-06-01 11:11:24,V022,107.0,0.954494700302561
2026-06-01,2026-06-01 11:11:25,V022,107.0,0.9649650668701248
2026-06-01,2026-06-01 11:11:26,V022,107.0,0.9360846506406011
2026-06-01,2026-06-01 11:11:27,V022,107.0,0.9707494845151486
2026-06-01,2026-06-01 11:11:28,V022,107.0,0.9473685777106055
2026-06-01,2026-06-01 11:11:29,V022,107.0,0.9503217175654515
2026-06-01,2026-06-01 11:11:30,V022,107.0,0.9782567012405409
2026-06-01,2026-06-01 11:11:31,V022,107.0,0.9635451438271462
2026-06-01,2026-06-01 11:11:32,V022,107.0,1.025198179783718
2026-06-01,2026-06-01 11:11:33,V022,107.0,0.998206544644208
2026-06-01,2026-06-01 11:11:34,V022,107.0,0.9525727980426624
2026-06-01,2026-06-01 11:11:35,V022,107.0,0.9535048618071854
2026-06-01,2026-06-01 11:11:36,V022,107.0,0.9541190037404875
2026-06-01,2026-06-01 11:11:37,V022,107.0,0.9470407260418653
2026-06-01,2026-06-01 11:11:38,V022,107.0,0.9714515212051356
2026-06-01,2026-06-01 11:11:39,V022,107.0,0.9523214315965409
2026-06-01,2026-06-01 11:11:40,V022,107.0,0.9514872504772391
2026-06-01,2026-06-01 11:11:41,V022,106.0,0.9486290528825138
2026-06-01,2026-06-01 11:11:42,V022,106.0,0.942741469994931
2026-06-01,2026-06-01 11:11:43,V022,106.0,0.9463058342739102
2026-06-01,2026-06-01 11:11:44,V022,105.0,0.942867602322945
2026-06-01,2026-06-01 11:11:45,V022,105.0,0.9506853111278922
2026-06-01,2026-06-01 11:11:46,V022,104.0,0.9465635586149165
2026-06-01,2026-06-01 11:11:47,V022,103.0,0.9455691454224487
2026-06-01,2026-06-01 11:11:48,V022,102.0,0.949030208875794
2026-06-01,2026-06-01 11:11:49,V022,99.0,0.948980370173654
2026-06-01,2026-06-01 11:11:50,V022,96.0,0.947459050924573
2026-06-01,2026-06-01 11:11:51,V022,95.0,0.9476067098883701
2026-06-01,2026-06-01 11:11:52,V022,93.0,0.9479203903282901
2026-06-01,2026-06-01 11:11:53,V022,92.0,0.9479045535701146
2026-06-01,2026-06-01 11:11:54,V022,92.0,0.9496468726395678
2026-06-01,2026-06-01 11:11:55,V022,92.0,0.9474202301458002
2026-06-01,2026-06-01 11:11:56,V022,92.0,0.948843532980037
2026-06-01,2026-06-01 11:11:57,V022,92.0,0.9492020526377984
2026-06-01,2026-06-01 11:11:58,V022,91.0,0.9508326307524856
2026-06-01,2026-06-01 11:11:59,V022,91.0,0.9464634008703973
2026-06-01,2026-06-01 11:12:00,V022,92.0,0.947168927422192
2026-06-01,2026-06-01 11:12:01,V022,92.0,0.9480735961005543
2026-06-01,2026-06-01 11:12:02,V022,91.0,0.9375658928582515
2026-06-01,2026-06-01 11:12:03,V022,91.0,0.9788772452255693
2026-06-01,2026-06-01 11:12:04,V022,91.0,0.9363576901934311
2026-06-01,2026-06-01 11:12:05,V022,90.0,0.9479498662310619
2026-06-01,2026-06-01 11:12:06,V022,89.0,0.9482081160233883
2026-06-01,2026-06-01 11:12:07,V022,88.0,0.9518171359332874
2026-06-01,2026-06-01 11:12:08,V022,87.0,0.9517250971356196
2026-06-01,2026-06-01 11:12:09,V022,88.0,0.9525983577308026
2026-06-01,2026-06-01 11:12:10,V022,88.0,0.9492815753211941
2026-06-01,2026-06-01 11:12:11,V022,89.0,0.9481916495758094
2026-06-01,2026-06-01 11:12:12,V022,89.0,0.9475550076585182
2026-06-01,2026-06-01 11:12:13,V022,90.0,0.9554742619713344
2026-06-01,2026-06-01 11:12:14,V022,90.0,0.9454627871954083
2026-06-01,2026-06-01 11:12:15,V022,90.0,0.9420994872422609
2026-06-01,2026-06-01 11:12:16,V022,91.0,0.9420485499618879
2026-06-01,2026-06-01 11:12:17,V022,93.0,0.9419709161269554
2026-06-01,2026-06-01 11:12:18,V022,94.0,0.9428357199903874
2026-06-01,2026-06-01 11:12:19,V022,96.0,0.9412090179486062
2026-06-01,2026-06-01 11:12:20,V022,97.0,0.9390332855907013
2026-06-01,2026-06-01 11:12:21,V022,97.0,0.9492497035072518
2026-06-01,2026-06-01 11:12:22,V022,98.0,0.9515497286493277
2026-06-01,2026-06-01 11:12:23,V022,98.0,0.9503277424362088
2026-06-01,2026-06-01 11:12:24,V022,97.0,0.9478219150537965
2026-06-01,2026-06-01 11:12:25,V022,97.0,0.9470097012585926
2026-06-01,2026-06-01 11:12:26,V022,97.0,0.9496060437538615
2026-06-01,2026-06-01 11:12:27,V022,97.0,0.9489143648154823
2026-06-01,2026-06-01 11:12:28,V022,98.0,0.9509327727523634
2026-06-01,2026-06-01 11:12:29,V022,98.0,0.9511091375911535
2026-06-01,2026-06-01 11:12:30,V022,98.0,0.9515752047790279
2026-06-01,2026-06-01 11:12:31,V022,99.0,0.9491380087525235
2026-06-01,2026-06-01 11:12:32,V022,99.0,0.9492698363363209
2026-06-01,2026-06-01 11:12:33,V022,100.0,0.9510771197233545
2026-06-01,2026-06-01 11:12:34,V022,100.0,0.9565945302607863
2026-06-01,2026-06-01 11:12:35,V022,100.0,0.9864745813612886
2026-06-01,2026-06-01 11:12:36,V022,100.0,0.9494283469551578
2026-06-01,2026-06-01 11:12:37,V022,100.0,0.9375851020608349
2026-06-01,2026-06-01 11:12:38,V022,100.0,0.9429916385649689
2026-06-01,2026-06-01 11:12:39,V022,100.0,0.9392294277733039
2026-06-01,2026-06-01 11:12:40,V022,100.0,0.9374537606401177
2026-06-01,2026-06-01 11:12:41,V022,99.0,0.945752407157247
2026-06-01,2026-06-01 11:12:42,V022,99.0,0.9543095819902052
2026-06-01,2026-06-01 11:12:43,V022,99.0,0.9325428388727401
2026-06-01,2026-06-01 11:12:44,V022,98.0,0.9400818840356148
2026-06-01,2026-06-01 11:12:45,V022,97.0,0.9406280788261983
2026-06-01,2026-06-01 11:12:46,V022,97.0,0.9428727468398849
2026-06-01,2026-06-01 11:12:47,V022,96.0,0.9364199866050221
2026-06-01,2026-06-01 11:12:48,V022,95.0,0.9417844186827398
2026-06-01,2026-06-01 11:12:49,V022,95.0,0.9396903062523378
2026-06-01,2026-06-01 11:12:50,V022,95.0,0.9424810270487209
2026-06-01,2026-06-01 11:12:51,V022,95.0,0.9410287873673355
2026-06-01,2026-06-01 11:12:52,V022,94.0,0.9428458535667877
2026-06-01,2026-06-01 11:12:53,V022,94.0,0.9445222925227367
2026-06-01,2026-06-01 11:12:54,V022,93.0,0.9386181517290129
2026-06-01,2026-06-01 11:12:55,V022,92.0,0.9402647703554734
2026-06-01,2026-06-01 11:12:56,V022,92.0,0.9404168731365734
2026-06-01,2026-06-01 11:12:57,V022,91.0,0.9516022503734901
2026-06-01,2026-06-01 11:12:58,V022,91.0,0.9396384696441322
2026-06-01,2026-06-01 11:12:59,V022,91.0,0.9420155309159137
2026-06-01,2026-06-01 11:13:00,V022,91.0,0.9453195180137947
2026-06-01,2026-06-01 11:13:01,V022,92.0,0.9464735105620561
2026-06-01,2026-06-01 11:13:02,V022,92.0,0.9549150318767441
2026-06-01,2026-06-01 11:13:03,V022,92.0,0.9309362626269112
2026-06-01,2026-06-01 11:13:04,V022,92.0,0.9429411097802388
2026-06-01,2026-06-01 11:13:05,V022,92.0,0.9325564481619568
2026-06-01,2026-06-01 11:13:06,V022,92.0,0.9593803520228972
2026-06-01,2026-06-01 11:13:07,V022,92.0,0.9548662472423388
2026-06-01,2026-06-01 11:13:08,V022,92.0,0.9383313570748641
2026-06-01,2026-06-01 11:13:09,V022,92.0,0.9440339930679125
2026-06-01,2026-06-01 11:13:10,V022,92.0,0.9332457013143428
2026-06-01,2026-06-01 11:13:11,V022,92.0,0.9366827658466291
2026-06-01,2026-06-01 11:13:12,V022,92.0,0.9474759409991097
2026-06-01,2026-06-01 11:13:13,V022,92.0,0.9385821914012596
2026-06-01,2026-06-01 11:13:14,V022,92.0,0.9485466588443117
2026-06-01,2026-06-01 11:13:15,V022,92.0,0.9369475194828238
2026-06-01,2026-06-01 11:13:16,V022,92.0,0.9421771662204885
2026-06-01,2026-06-01 11:13:17,V022,92.0,0.9378268154890983
2026-06-01,2026-06-01 11:13:18,V022,92.0,0.9397873080508927
2026-06-01,2026-06-01 11:13:19,V022,92.0,0.9412647840376593
2026-06-01,2026-06-01 11:13:20,V022,92.0,0.9378247263309618
2026-06-01,2026-06-01 11:13:21,V022,92.0,0.9463932153730171
2026-06-01,2026-06-01 11:13:22,V022,92.0,0.934574450007384
2026-06-01,2026-06-01 11:13:23,V022,93.0,0.9409256524771954
2026-06-01,2026-06-01 11:13:24,V022,93.0,0.9424337722431972
2026-06-01,2026-06-01 11:13:25,V022,93.0,0.9389810547342755
2026-06-01,2026-06-01 11:13:26,V022,93.0,0.9405968261033273
2026-06-01,2026-06-01 11:13:27,V022,93.0,0.9446480300992325
2026-06-01,2026-06-01 11:13:28,V022,93.0,0.9362113459596549
2026-06-01,2026-06-01 11:13:29,V022,93.0,0.9418896621233769
2026-06-01,2026-06-01 11:13:30,V022,93.0,0.9423506390034029
2026-06-01,2026-06-01 11:13:31,V022,93.0,0.9398216867320146
2026-06-01,2026-06-01 11:13:32,V022,92.0,0.9410759435541839
2026-06-01,2026-06-01 11:13:33,V022,92.0,0.953806803714496
2026-06-01,2026-06-01 11:13:34,V022,92.0,0.9364634836688998
2026-06-01,2026-06-01 11:13:35,V022,91.0,0.9430877337654887
2026-06-01,2026-06-01 11:13:36,V022,91.0,0.9389964117731489
2026-06-01,2026-06-01 11:13:37,V022,91.0,0.9381915094902595
2026-06-01,2026-06-01 11:13:38,V022,90.0,0.9417724680836908
2026-06-01,2026-06-01 11:13:39,V022,89.0,0.9384812108590274
2026-06-01,2026-06-01 11:13:40,V022,89.0,0.9418625305574222
2026-06-01,2026-06-01 11:13:41,V022,88.0,0.9436873554881652
2026-06-01,2026-06-01 11:13:42,V022,87.0,0.9419862731365991
2026-06-01,2026-06-01 11:13:43,V022,87.0,0.9411839618121085
2026-06-01,2026-06-01 11:13:44,V022,86.0,0.9407813068618283
2026-06-01,2026-06-01 11:13:45,V022,86.0,0.9425505445879961
2026-06-01,2026-06-01 11:13:46,V022,86.0,0.9436024740320711
2026-06-01,2026-06-01 11:13:47,V022,86.0,0.9411434437293595
2026-06-01,2026-06-01 11:13:48,V022,86.0,0.9393387737673484
2026-06-01,2026-06-01 11:13:49,V022,86.0,0.9508440144997294
2026-06-01,2026-06-01 11:13:50,V022,86.0,0.9418245650832938
2026-06-01,2026-06-01 11:13:51,V022,86.0,0.9450719189758436
2026-06-01,2026-06-01 11:13:52,V022,86.0,0.9386173147984908
2026-06-01,2026-06-01 11:13:53,V022,86.0,0.9439710725262754
2026-06-01,2026-06-01 11:13:54,V022,86.0,0.941912337848161
2026-06-01,2026-06-01 11:13:55,V022,86.0,0.9394357570565001
2026-06-01,2026-06-01 11:13:56,V022,86.0,0.9437380047382861
2026-06-01,2026-06-01 11:13:57,V022,86.0,0.9447036002088625
2026-06-01,2026-06-01 11:13:58,V022,86.0,0.9452501122141262
2026-06-01,2026-06-01 11:13:59,V022,86.0,0.9407159912666464
2026-06-01,2026-06-01 11:14:00,V022,86.0,0.9391770216625196
2026-06-01,2026-06-01 11:14:01,V022,86.0,0.9416557258346175
2026-06-01,2026-06-01 11:14:02,V022,85.0,0.9443686826308428
2026-06-01,2026-06-01 11:14:03,V022,85.0,0.9473566009872868
2026-06-01,2026-06-01 11:14:04,V022,85.0,0.9479850873859331
2026-06-01,2026-06-01 11:14:05,V022,84.0,0.9405487097310583
2026-06-01,2026-06-01 11:14:06,V022,84.0,0.942376402709692
2026-06-01,2026-06-01 11:14:07,V022,83.0,0.9425500512757469
2026-06-01,2026-06-01 11:14:08,V022,82.0,0.9413034912660555
2026-06-01,2026-06-01 11:14:09,V022,82.0,0.9394412687213046
2026-06-01,2026-06-01 11:14:10,V022,82.0,0.9502476853810113
2026-06-01,2026-06-01 11:14:11,V022,82.0,0.9398866639088842
2026-06-01,2026-06-01 11:14:12,V022,82.0,0.9387174800510384
2026-06-01,2026-06-01 11:14:13,V022,83.0,0.9428938965930577
2026-06-01,2026-06-01 11:14:14,V022,83.0,0.9404598315298114
2026-06-01,2026-06-01 11:14:15,V022,84.0,0.9410252778328101
2026-06-01,2026-06-01 11:14:16,V022,84.0,0.9430016169356841
2026-06-01,2026-06-01 11:14:17,V022,84.0,0.9396732614694735
2026-06-01,2026-06-01 11:14:18,V022,84.0,0.9418192816470385
2026-06-01,2026-06-01 11:14:19,V022,85.0,0.9404387582536385
2026-06-01,2026-06-01 11:14:20,V022,85.0,0.9393559703552077
2026-06-01,2026-06-01 11:14:21,V022,85.0,0.9387816803335726
2026-06-01,2026-06-01 11:14:22,V022,85.0,0.9499819305906996
2026-06-01,2026-06-01 11:14:23,V022,84.0,0.9374583180385784
2026-06-01,2026-06-01 11:14:24,V022,84.0,0.9581939795158897
2026-06-01,2026-06-01 11:14:25,V022,84.0,0.9402057158606755
2026-06-01,2026-06-01 11:14:26,V022,85.0,0.9443073971093511
2026-06-01,2026-06-01 11:14:27,V022,85.0,0.9402469209642638
2026-06-01,2026-06-01 11:14:28,V022,86.0,0.9424788363978275
2026-06-01,2026-06-01 11:14:29,V022,86.0,0.9442133238425343
2026-06-01,2026-06-01 11:14:30,V022,87.0,0.9154347304896666
2026-06-01,2026-06-01 11:14:31,V022,87.0,0.9626320668010417
2026-06-01,2026-06-01 11:14:32,V022,87.0,1.1668506751315275
2026-06-01,2026-06-01 11:14:33,V022,87.0,1.1156823988289963
2026-06-01,2026-06-01 11:14:34,V022,86.0,0.9013889435157252
2026-06-01,2026-06-01 11:14:35,V022,86.0,0.985825622235413
2026-06-01,2026-06-01 11:14:36,V022,86.0,0.972209990980769
2026-06-01,2026-06-01 11:14:37,V022,87.0,0.9507623088084141
2026-06-01,2026-06-01 11:14:38,V022,87.0,0.9378047893169884
2026-06-01,2026-06-01 11:14:39,V022,87.0,0.9639372619542383
2026-06-01,2026-06-01 11:14:40,V022,87.0,0.9581864836625703
2026-06-01,2026-06-01 11:14:41,V022,87.0,0.9432079487954814
2026-06-01,2026-06-01 11:14:42,V022,87.0,0.9360271975588611
2026-06-01,2026-06-01 11:14:43,V022,87.0,0.9358481557161178
2026-06-01,2026-06-01 11:14:44,V022,87.0,0.9327442992289262
2026-06-01,2026-06-01 11:14:45,V022,87.0,0.9391431131243306
2026-06-01,2026-06-01 11:14:46,V022,87.0,0.9443602346177796
2026-06-01,2026-06-01 11:14:47,V022,87.0,0.9381541165610928
2026-06-01,2026-06-01 11:14:48,V022,87.0,0.9657868807720584
2026-06-01,2026-06-01 11:14:49,V022,87.0,0.9471334781847796
2026-06-01,2026-06-01 11:14:50,V022,87.0,1.0517426708809985
2026-06-01,2026-06-01 11:14:51,V022,87.0,1.0307362069181247
2026-06-01,2026-06-01 11:14:52,V022,87.0,0.9387032396657834
2026-06-01,2026-06-01 11:14:53,V022,87.0,0.9449703461551627
2026-06-01,2026-06-01 11:14:54,V022,88.0,0.9354001318400967
2026-06-01,2026-06-01 11:14:55,V022,88.0,0.9309554570661653
2026-06-01,2026-06-01 11:14:56,V022,88.0,0.9498301075605802
2026-06-01,2026-06-01 11:14:57,V022,88.0,0.9321627976411724
2026-06-01,2026-06-01 11:14:58,V022,88.0,0.9492483371313578
2026-06-01,2026-06-01 11:14:59,V022,87.0,0.9423482309197129
2026-06-01,2026-06-01 11:15:00,V022,87.0,0.9431355183023179
2026-06-01,2026-06-01 11:15:01,V022,87.0,0.943256546362081
2026-06-01,2026-06-01 11:15:02,V022,87.0,0.9435929874307151
2026-06-01,2026-06-01 11:15:03,V022,87.0,0.9349219223787186
2026-06-01,2026-06-01 11:15:04,V022,87.0,0.9801825407688507
2026-06-01,2026-06-01 11:15:05,V022,87.0,1.0753243828612264
2026-06-01,2026-06-01 11:15:06,V022,87.0,1.0278822451025829
2026-06-01,2026-06-01 11:15:07,V022,87.0,1.0197200670791813
2026-06-01,2026-06-01 11:15:08,V022,88.0,0.9344189029505027
2026-06-01,2026-06-01 11:15:09,V022,88.0,0.9848734765792612
2026-06-01,2026-06-01 11:15:10,V022,88.0,0.9698242112766932
2026-06-01,2026-06-01 11:15:11,V022,88.0,0.9570688427174389
2026-06-01,2026-06-01 11:15:12,V022,88.0,0.952856051531488
2026-06-01,2026-06-01 11:15:13,V022,88.0,0.9522607496521073
2026-06-01,2026-06-01 11:15:14,V022,88.0,0.9565830373811544
2026-06-01,2026-06-01 11:15:15,V022,88.0,0.9551606981230362
2026-06-01,2026-06-01 11:15:16,V022,88.0,0.9559860397705991
2026-06-01,2026-06-01 11:15:17,V022,88.0,0.963092639091578
2026-06-01,2026-06-01 11:15:18,V022,88.0,1.0215995376849245
2026-06-01,2026-06-01 11:15:19,V022,86.0,0.9653901176245478
2026-06-01,2026-06-01 11:15:20,V022,86.0,0.9889686088771114
2026-06-01,2026-06-01 11:15:21,V022,85.0,0.9557309692286858
2026-06-01,2026-06-01 11:15:22,V022,85.0,0.9713567070804403
2026-06-01,2026-06-01 11:15:23,V022,85.0,0.9709100571342119
2026-06-01,2026-06-01 11:15:24,V022,85.0,0.9514267460408061
2026-06-01,2026-06-01 11:15:25,V022,85.0,0.9543518842131369
2026-06-01,2026-06-01 11:15:26,V022,85.0,0.9486251974431281
2026-06-01,2026-06-01 11:15:27,V022,85.0,0.946299475681535
2026-06-01,2026-06-01 11:15:28,V022,85.0,0.9490367010549812
2026-06-01,2026-06-01 11:15:29,V022,85.0,0.944680638573782
2026-06-01,2026-06-01 11:15:30,V022,85.0,0.9476680997829936
2026-06-01,2026-06-01 11:15:31,V022,85.0,0.948432523859183
2026-06-01,2026-06-01 11:15:32,V022,85.0,0.9484154167874478
2026-06-01,2026-06-01 11:15:33,V022,86.0,0.9465939130609923
2026-06-01,2026-06-01 11:15:34,V022,86.0,0.947082862965604
2026-06-01,2026-06-01 11:15:35,V022,87.0,0.9478298948716031
2026-06-01,2026-06-01 11:15:36,V022,87.0,0.9549278808628839
2026-06-01,2026-06-01 11:15:37,V022,87.0,0.9534825244503266
2026-06-01,2026-06-01 11:15:38,V022,88.0,0.9481041357633154
2026-06-01,2026-06-01 11:15:39,V022,88.0,0.9482039080592334
2026-06-01,2026-06-01 11:15:40,V022,88.0,0.9470510929158393
2026-06-01,2026-06-01 11:15:41,V022,88.0,0.9433943325487806
2026-06-01,2026-06-01 11:15:42,V022,89.0,0.9649878774739868
2026-06-01,2026-06-01 11:15:43,V022,89.0,0.949673640630907
2026-06-01,2026-06-01 11:15:44,V022,89.0,0.9725626999881477
2026-06-01,2026-06-01 11:15:45,V022,89.0,0.9783318138302136
2026-06-01,2026-06-01 11:15:46,V022,89.0,0.9923822583347706
2026-06-01,2026-06-01 11:15:47,V022,89.0,1.0467175587056983
2026-06-01,2026-06-01 11:15:48,V022,90.0,1.0458002776822592
2026-06-01,2026-06-01 11:15:49,V022,90.0,0.9832157234278935
2026-06-01,2026-06-01 11:15:50,V022,90.0,0.9444495984768104
2026-06-01,2026-06-01 11:15:51,V022,91.0,0.9554894444980526
2026-06-01,2026-06-01 11:15:52,V022,91.0,1.0189753266982302
2026-06-01,2026-06-01 11:15:53,V022,91.0,1.0793596294856755
2026-06-01,2026-06-01 11:15:54,V022,91.0,0.9514740706821153
2026-06-01,2026-06-01 11:15:55,V022,91.0,0.9439102647213273
2026-06-01,2026-06-01 11:15:56,V022,91.0,0.9446439114028707
2026-06-01,2026-06-01 11:15:57,V022,91.0,0.9525212326182144
2026-06-01,2026-06-01 11:15:58,V022,90.0,0.9475773122031949
2026-06-01,2026-06-01 11:15:59,V022,90.0,0.9650487606711877
2026-06-01,2026-06-01 11:16:00,V022,90.0,0.9575427927912828
2026-06-01,2026-06-01 11:16:01,V022,90.0,0.9620423492168463
2026-06-01,2026-06-01 11:16:02,V022,91.0,0.9665197262138904
2026-06-01,2026-06-01 11:16:03,V022,91.0,0.9527830834373111
2026-06-01,2026-06-01 11:16:04,V022,91.0,0.9515191413767377
2026-06-01,2026-06-01 11:16:05,V022,91.0,0.9544112909505922
2026-06-01,2026-06-01 11:16:06,V022,91.0,0.9552389531987662
2026-06-01,2026-06-01 11:16:07,V022,91.0,0.9519317246442037
2026-06-01,2026-06-01 11:16:08,V022,91.0,0.9541553353893908
2026-06-01,2026-06-01 11:16:09,V022,91.0,0.9486483754749734
2026-06-01,2026-06-01 11:16:10,V022,92.0,0.950200705988967
2026-06-01,2026-06-01 11:16:11,V022,91.0,0.9488466344202323
2026-06-01,2026-06-01 11:16:12,V022,91.0,0.9405857276886924
2026-06-01,2026-06-01 11:16:13,V022,90.0,0.9691067034146023
2026-06-01,2026-06-01 11:16:14,V022,89.0,0.9664265386714919
2026-06-01,2026-06-01 11:16:15,V022,89.0,0.9442048997072845
2026-06-01,2026-06-01 11:16:16,V022,89.0,0.9533566594445448
2026-06-01,2026-06-01 11:16:17,V022,89.0,1.021851059454464
2026-06-01,2026-06-01 11:16:18,V022,89.0,0.9599377526462006
2026-06-01,2026-06-01 11:16:19,V022,89.0,0.9530324439215916
2026-06-01,2026-06-01 11:16:20,V022,89.0,0.9564799824813465
2026-06-01,2026-06-01 11:16:21,V022,90.0,0.954787704242123
2026-06-01,2026-06-01 11:16:22,V022,90.0,0.9513199742198789
2026-06-01,2026-06-01 11:16:23,V022,90.0,0.9499542001362417
2026-06-01,2026-06-01 11:16:24,V022,90.0,0.9540464803250652
2026-06-01,2026-06-01 11:16:25,V022,90.0,0.9445652087696526
2026-06-01,2026-06-01 11:16:26,V022,90.0,0.9610879803758934
2026-06-01,2026-06-01 11:16:27,V022,90.0,0.9537247703206072
2026-06-01,2026-06-01 11:16:28,V022,90.0,0.9470300644466231
2026-06-01,2026-06-01 11:16:29,V022,90.0,0.944985702663441
2026-06-01,2026-06-01 11:16:30,V022,90.0,0.9484605629271833
2026-06-01,2026-06-01 11:16:31,V022,90.0,0.9480243698210775
2026-06-01,2026-06-01 11:16:32,V022,90.0,0.9461714907831719
2026-06-01,2026-06-01 11:16:33,V022,89.0,0.9513567079966774
2026-06-01,2026-06-01 11:16:34,V022,89.0,0.9529680354224411
2026-06-01,2026-06-01 11:16:35,V022,89.0,0.9484692650931673
2026-06-01,2026-06-01 11:16:36,V022,89.0,1.0871452118216607
2026-06-01,2026-06-01 11:16:37,V022,88.0,1.030922639177997
2026-06-01,2026-06-01 11:16:38,V022,88.0,0.9438303359108899
2026-06-01,2026-06-01 11:16:39,V022,88.0,0.9453221832960831
2026-06-01,2026-06-01 11:16:40,V022,88.0,0.9419410582511224
2026-06-01,2026-06-01 11:16:41,V022,87.0,0.9503936424370711
2026-06-01,2026-06-01 11:16:42,V022,87.0,0.9550151240122092
2026-06-01,2026-06-01 11:16:43,V022,88.0,0.9475933316080252
2026-06-01,2026-06-01 11:16:44,V022,88.0,0.9446685085037735
2026-06-01,2026-06-01 11:16:45,V022,88.0,0.94454318242995
2026-06-01,2026-06-01 11:16:46,V022,88.0,0.9475792553338375
2026-06-01,2026-06-01 11:16:47,V022,88.0,0.9490882739337665
2026-06-01,2026-06-01 11:16:48,V022,89.0,0.9466502208955945
2026-06-01,2026-06-01 11:16:49,V022,89.0,0.947876063224492
2026-06-01,2026-06-01 11:16:50,V022,89.0,0.9453661768578221
2026-06-01,2026-06-01 11:16:51,V022,89.0,0.9688702845770162
2026-06-01,2026-06-01 11:16:52,V022,89.0,0.9888731931765021
2026-06-01,2026-06-01 11:16:53,V022,90.0,1.002938029664244
2026-06-01,2026-06-01 11:16:54,V022,90.0,0.9801049718477529
2026-06-01,2026-06-01 11:16:55,V022,90.0,1.0593432783964911
2026-06-01,2026-06-01 11:16:56,V022,90.0,0.9519441187653489
2026-06-01,2026-06-01 11:16:57,V022,90.0,0.9673235796426094
2026-06-01,2026-06-01 11:16:58,V022,90.0,0.9705777879427722
2026-06-01,2026-06-01 11:16:59,V022,90.0,0.9700660314825401
2026-06-01,2026-06-01 11:17:00,V022,90.0,0.9706980539097979
2026-06-01,2026-06-01 11:17:01,V022,90.0,0.9751690773476575
2026-06-01,2026-06-01 11:17:02,V022,90.0,0.9850123871227611
2026-06-01,2026-06-01 11:17:03,V022,91.0,0.9482348052552991
2026-06-01,2026-06-01 11:17:04,V022,91.0,0.9846448967594774
2026-06-01,2026-06-01 11:17:05,V022,91.0,0.9888513855351575
2026-06-01,2026-06-01 11:17:06,V022,92.0,0.961307306345963
2026-06-01,2026-06-01 11:17:07,V022,92.0,0.9666106610040499
2026-06-01,2026-06-01 11:17:08,V022,93.0,0.9485761614589491
2026-06-01,2026-06-01 11:17:09,V022,93.0,0.9625667516174828
2026-06-01,2026-06-01 11:17:10,V022,93.0,0.9545628773992066
2026-06-01,2026-06-01 11:17:11,V022,92.0,0.9504401039071356
2026-06-01,2026-06-01 11:17:12,V022,92.0,0.9500949993804929
2026-06-01,2026-06-01 11:17:13,V022,92.0,0.9781891435806022
2026-06-01,2026-06-01 11:17:14,V022,92.0,0.9748334997429481
2026-06-01,2026-06-01 11:17:15,V022,91.0,0.9888285895149422
2026-06-01,2026-06-01 11:17:16,V022,91.0,0.9564512202744643
2026-06-01,2026-06-01 11:17:17,V022,91.0,0.9459518180191585
2026-06-01,2026-06-01 11:17:18,V022,91.0,0.9525103822783577
2026-06-01,2026-06-01 11:17:19,V022,91.0,0.954924962343905
2026-06-01,2026-06-01 11:17:20,V022,91.0,0.9518200226816794
2026-06-01,2026-06-01 11:17:21,V022,91.0,0.9535625714217255
2026-06-01,2026-06-01 11:17:22,V022,91.0,0.9529461309688925
2026-06-01,2026-06-01 11:17:23,V022,90.0,0.96004139651846
2026-06-01,2026-06-01 11:17:24,V022,90.0,0.9601341221520805
2026-06-01,2026-06-01 11:17:25,V022,89.0,0.9544001921804911
2026-06-01,2026-06-01 11:17:26,V022,88.0,0.955910229105418
2026-06-01,2026-06-01 11:17:27,V022,86.0,0.9653645918347656
2026-06-01,2026-06-01 11:17:28,V022,84.0,0.9512466537938906
2026-06-01,2026-06-01 11:17:29,V022,82.0,0.954248414133636
2026-06-01,2026-06-01 11:17:30,V022,81.0,0.9586420168574712
2026-06-01,2026-06-01 11:17:31,V022,81.0,0.9551268541042679
2026-06-01,2026-06-01 11:17:32,V022,81.0,0.9526989989587356
2026-06-01,2026-06-01 11:17:33,V022,81.0,0.9513826791862869
2026-06-01,2026-06-01 11:17:34,V022,81.0,0.9506120278165656
2026-06-01,2026-06-01 11:17:35,V022,81.0,0.9509866228373643
2026-06-01,2026-06-01 11:17:36,V022,81.0,0.9518269720590818
2026-06-01,2026-06-01 11:17:37,V022,81.0,0.9509692276279997
2026-06-01,2026-06-01 11:17:38,V022,81.0,0.9511169804619193
2026-06-01,2026-06-01 11:17:39,V022,80.0,0.9472928856386422
2026-06-01,2026-06-01 11:17:40,V022,80.0,0.9545238176103874
2026-06-01,2026-06-01 11:17:41,V022,79.0,0.9603179388012072
2026-06-01,2026-06-01 11:17:42,V022,78.0,0.9674490616290815
2026-06-01,2026-06-01 11:17:43,V022,78.0,0.9551269819542495
2026-06-01,2026-06-01 11:17:44,V022,78.0,0.953612006791716
2026-06-01,2026-06-01 11:17:45,V022,77.0,0.9517238067902513
2026-06-01,2026-06-01 11:17:46,V022,77.0,0.9529056534674161
2026-06-01,2026-06-01 11:17:47,V022,76.0,0.9522909596893492
2026-06-01,2026-06-01 11:17:48,V022,75.0,0.9567889746512629
2026-06-01,2026-06-01 11:17:49,V022,75.0,0.9472823908919624
2026-06-01,2026-06-01 11:17:50,V022,75.0,0.9505763759347803
2026-06-01,2026-06-01 11:17:51,V022,75.0,0.9513360330868169
2026-06-01,2026-06-01 11:17:52,V022,74.0,0.9510521744076343
2026-06-01,2026-06-01 11:17:53,V022,74.0,0.9508611578791741
2026-06-01,2026-06-01 11:17:54,V022,74.0,0.953143237700113
2026-06-01,2026-06-01 11:17:55,V022,74.0,0.9426401596824829
2026-06-01,2026-06-01 11:17:56,V022,75.0,0.9678025581755124
2026-06-01,2026-06-01 11:17:57,V022,75.0,0.9825928371477247
2026-06-01,2026-06-01 11:17:58,V022,75.0,0.9673383435035996
2026-06-01,2026-06-01 11:17:59,V022,75.0,0.949257779389044
2026-06-01,2026-06-01 11:18:00,V022,75.0,0.9465794260970998
2026-06-01,2026-06-01 11:18:01,V022,76.0,0.9367770680683581
2026-06-01,2026-06-01 11:18:02,V022,76.0,0.9506042800305379
2026-06-01,2026-06-01 11:18:03,V022,76.0,0.9435563309554236
2026-06-01,2026-06-01 11:18:04,V022,77.0,0.9414252163756
2026-06-01,2026-06-01 11:18:05,V022,78.0,0.9478621723427908
2026-06-01,2026-06-01 11:18:06,V022,78.0,0.9486758259774719
2026-06-01,2026-06-01 11:18:07,V022,78.0,0.958853909824306
2026-06-01,2026-06-01 11:18:08,V022,79.0,0.9509486223528227
2026-06-01,2026-06-01 11:18:09,V022,79.0,0.9527650036198111
2026-06-01,2026-06-01 11:18:10,V022,79.0,0.952585393541758
2026-06-01,2026-06-01 11:18:11,V022,79.0,0.9529318255694278
2026-06-01,2026-06-01 11:18:12,V022,79.0,0.9685570510025596
2026-06-01,2026-06-01 11:18:13,V022,79.0,0.9787806423304674
2026-06-01,2026-06-01 11:18:14,V022,79.0,0.9543852343714246
2026-06-01,2026-06-01 11:18:15,V022,79.0,0.9550653041456153
2026-06-01,2026-06-01 11:18:16,V022,78.0,0.9532841164606631
2026-06-01,2026-06-01 11:18:17,V022,78.0,0.9534566740105535
2026-06-01,2026-06-01 11:18:18,V022,78.0,0.9510770733025936
2026-06-01,2026-06-01 11:18:19,V022,78.0,0.9506298802394583
2026-06-01,2026-06-01 11:18:20,V022,77.0,0.9527355376924985
2026-06-01,2026-06-01 11:18:21,V022,77.0,0.9502569814419035
2026-06-01,2026-06-01 11:18:22,V022,76.0,0.9506060397134606
2026-06-01,2026-06-01 11:18:23,V022,75.0,0.9505382213498598
2026-06-01,2026-06-01 11:18:24,V022,74.0,0.9500159185788005
2026-06-01,2026-06-01 11:18:25,V022,74.0,0.9570651627240306
2026-06-01,2026-06-01 11:18:26,V022,74.0,0.967604710295789
2026-06-01,2026-06-01 11:18:27,V022,73.0,0.9509848133113763
2026-06-01,2026-06-01 11:18:28,V022,73.0,0.950448837470059
2026-06-01,2026-06-01 11:18:29,V022,73.0,0.9532300070804133
2026-06-01,2026-06-01 11:18:30,V022,73.0,0.964509540205984
2026-06-01,2026-06-01 11:18:31,V022,74.0,0.9615078490476592
2026-06-01,2026-06-01 11:18:32,V022,74.0,0.9524814606580326
2026-06-01,2026-06-01 11:18:33,V022,74.0,0.9502890880847374
2026-06-01,2026-06-01 11:18:34,V022,75.0,0.9504346104082314
2026-06-01,2026-06-01 11:18:35,V022,75.0,0.9503945458304691
2026-06-01,2026-06-01 11:18:36,V022,75.0,0.9610522399061177
2026-06-01,2026-06-01 11:18:37,V022,75.0,0.9666705730151776
2026-06-01,2026-06-01 11:18:38,V022,76.0,0.9816218910198439
2026-06-01,2026-06-01 11:18:39,V022,76.0,1.0016722821770383
2026-06-01,2026-06-01 11:18:40,V022,76.0,0.9930693786514654
2026-06-01,2026-06-01 11:18:41,V022,76.0,1.0287017050560807
2026-06-01,2026-06-01 11:18:42,V022,76.0,1.0505201386346832
2026-06-01,2026-06-01 11:18:43,V022,76.0,1.0310121736459803
2026-06-01,2026-06-01 11:18:44,V022,76.0,1.053722517972009
2026-06-01,2026-06-01 11:18:45,V022,76.0,0.9835856532282847
2026-06-01,2026-06-01 11:18:46,V022,77.0,1.0502515749684755
2026-06-01,2026-06-01 11:18:47,V022,77.0,0.9596987484842088
2026-06-01,2026-06-01 11:18:48,V022,77.0,0.9413947643085401
2026-06-01,2026-06-01 11:18:49,V022,77.0,0.9426570280868857
2026-06-01,2026-06-01 11:18:50,V022,77.0,0.9409435822100695
2026-06-01,2026-06-01 11:18:51,V022,79.0,0.9535196052023138
2026-06-01,2026-06-01 11:18:52,V022,80.0,0.9601176869429175
2026-06-01,2026-06-01 11:18:53,V022,82.0,0.9482213022040105
2026-06-01,2026-06-01 11:18:54,V022,84.0,0.9546056052524204
2026-06-01,2026-06-01 11:18:55,V022,84.0,0.9385944612394468
2026-06-01,2026-06-01 11:18:56,V022,85.0,0.9483426785372046
2026-06-01,2026-06-01 11:18:57,V022,84.0,0.9613736538114571
2026-06-01,2026-06-01 11:18:58,V022,84.0,0.9634116450066966
2026-06-01,2026-06-01 11:18:59,V022,83.0,0.9658132424246929
2026-06-01,2026-06-01 11:19:00,V022,82.0,0.9369758187938978
2026-06-01,2026-06-01 11:19:01,V022,82.0,0.9474195647841739
2026-06-01,2026-06-01 11:19:02,V022,82.0,0.999740460654702
2026-06-01,2026-06-01 11:19:03,V022,82.0,0.9976085336827223
2026-06-01,2026-06-01 11:19:04,V022,82.0,0.9507226774824686
2026-06-01,2026-06-01 11:19:05,V022,82.0,0.9449933987466503
2026-06-01,2026-06-01 11:19:06,V022,82.0,0.9356860709382866
2026-06-01,2026-06-01 11:19:07,V022,82.0,0.8627021701675553
2026-06-01,2026-06-01 11:19:08,V022,82.0,1.1190307364853456
2026-06-01,2026-06-01 11:19:09,V022,83.0,0.9990452020276829
2026-06-01,2026-06-01 11:19:10,V022,83.0,1.052943773275307
2026-06-01,2026-06-01 11:19:11,V022,83.0,1.121214303897229
2026-06-01,2026-06-01 11:19:12,V022,83.0,0.9530564313450568
2026-06-01,2026-06-01 11:19:13,V022,83.0,0.9641148700328505
2026-06-01,2026-06-01 11:19:14,V022,83.0,0.9421803291019716
2026-06-01,2026-06-01 11:19:15,V022,83.0,0.9745452194465093
2026-06-01,2026-06-01 11:19:16,V022,83.0,0.9439347033214375
2026-06-01,2026-06-01 11:19:17,V022,83.0,0.9571159806507054
2026-06-01,2026-06-01 11:19:18,V022,83.0,0.9621137693733975
2026-06-01,2026-06-01 11:19:19,V022,83.0,0.9475514907285526
2026-06-01,2026-06-01 11:19:20,V022,83.0,0.9545322683129077
2026-06-01,2026-06-01 11:19:21,V022,82.0,0.9486561741775846
2026-06-01,2026-06-01 11:19:22,V022,82.0,0.9380444132363175
2026-06-01,2026-06-01 11:19:23,V022,82.0,0.9609509005924174
2026-06-01,2026-06-01 11:19:24,V022,82.0,1.0325027213664792
2026-06-01,2026-06-01 11:19:25,V022,82.0,0.9697133187549836
2026-06-01,2026-06-01 11:19:26,V022,82.0,0.9597208147466962
2026-06-01,2026-06-01 11:19:27,V022,82.0,0.9747327602611534
2026-06-01,2026-06-01 11:19:28,V022,83.0,0.9581904533882096
2026-06-01,2026-06-01 11:19:29,V022,83.0,0.9375677518984636
2026-06-01,2026-06-01 11:19:30,V022,83.0,0.9582487250136573
2026-06-01,2026-06-01 11:19:31,V022,83.0,0.9508365146846723
2026-06-01,2026-06-01 11:19:32,V022,83.0,0.9410192722243195
2026-06-01,2026-06-01 11:19:33,V022,83.0,0.9561621219945943
2026-06-01,2026-06-01 11:19:34,V022,83.0,0.9560305998002685
2026-06-01,2026-06-01 11:19:35,V022,83.0,0.9560219201163848
2026-06-01,2026-06-01 11:19:36,V022,84.0,0.9549121050059912
2026-06-01,2026-06-01 11:19:37,V022,84.0,0.9573575809797404
2026-06-01,2026-06-01 11:19:38,V022,84.0,0.9530697005564529
2026-06-01,2026-06-01 11:19:39,V022,84.0,0.9509266461628127
2026-06-01,2026-06-01 11:19:40,V022,84.0,0.9533225323571424
2026-06-01,2026-06-01 11:19:41,V022,84.0,0.952288375511881
2026-06-01,2026-06-01 11:19:42,V022,85.0,0.9520018052465106
2026-06-01,2026-06-01 11:19:43,V022,86.0,0.9495580154532645
2026-06-01,2026-06-01 11:19:44,V022,88.0,0.9450552744082393
2026-06-01,2026-06-01 11:19:45,V022,89.0,0.952812622734941
2026-06-01,2026-06-01 11:19:46,V022,91.0,0.9453631514224521
2026-06-01,2026-06-01 11:19:47,V022,92.0,0.9413254819535346
2026-06-01,2026-06-01 11:19:48,V022,93.0,0.9657241186466105
2026-06-01,2026-06-01 11:19:49,V022,93.0,0.9570186833402488
2026-06-01,2026-06-01 11:19:50,V022,94.0,0.9581465588661721
2026-06-01,2026-06-01 11:19:51,V022,94.0,0.9720450883503494
2026-06-01,2026-06-01 11:19:52,V022,95.0,0.9639581258188896
2026-06-01,2026-06-01 11:19:53,V022,94.0,0.9487641602469459
2026-06-01,2026-06-01 11:19:54,V022,94.0,0.9580997906576774
2026-06-01,2026-06-01 11:19:55,V022,94.0,0.9449506314862246
2026-06-01,2026-06-01 11:19:56,V022,95.0,0.9456550207590351
2026-06-01,2026-06-01 11:19:57,V022,95.0,0.9451298083977087
2026-06-01,2026-06-01 11:19:58,V022,95.0,0.9478180043176976
2026-06-01,2026-06-01 11:19:59,V022,95.0,0.9457303638436654
2026-06-01,2026-06-01 11:20:00,V022,95.0,0.9489116900938044
2026-06-01,2026-06-01 11:20:01,V022,95.0,1.0381924407645609
2026-06-01,2026-06-01 11:20:02,V022,95.0,1.0728905439605625
2026-06-01,2026-06-01 11:20:03,V022,95.0,0.9572159855381185
2026-06-01,2026-06-01 11:20:04,V022,95.0,0.9974785425669258
2026-06-01,2026-06-01 11:20:05,V022,95.0,0.9600496524749338
2026-06-01,2026-06-01 11:20:06,V022,95.0,0.9563659371317054
2026-06-01,2026-06-01 11:20:07,V022,96.0,0.9471845273062831
2026-06-01,2026-06-01 11:20:08,V022,96.0,0.9430081062648847
2026-06-01,2026-06-01 11:20:09,V022,96.0,0.956719125893342
2026-06-01,2026-06-01 11:20:10,V022,96.0,0.9425142191171444
2026-06-01,2026-06-01 11:20:11,V022,96.0,0.9671384143851826
2026-06-01,2026-06-01 11:20:12,V022,96.0,0.9451265049992571
2026-06-01,2026-06-01 11:20:13,V022,96.0,0.9474104869216307
2026-06-01,2026-06-01 11:20:14,V022,96.0,0.9462415684916903
2026-06-01,2026-06-01 11:20:15,V022,96.0,0.9476166822503909
2026-06-01,2026-06-01 11:20:16,V022,96.0,0.9447785542973833
2026-06-01,2026-06-01 11:20:17,V022,96.0,0.9536183699679154
2026-06-01,2026-06-01 11:20:18,V022,96.0,0.9444693717598162
2026-06-01,2026-06-01 11:20:19,V022,96.0,0.9521101226732193
2026-06-01,2026-06-01 11:20:20,V022,96.0,0.9476236471934927
2026-06-01,2026-06-01 11:20:21,V022,96.0,0.9547424364810807
2026-06-01,2026-06-01 11:20:22,V022,96.0,0.9644775517036351
2026-06-01,2026-06-01 11:20:23,V022,96.0,0.9588032554802626
2026-06-01,2026-06-01 11:20:24,V022,96.0,0.9587705069560246
2026-06-01,2026-06-01 11:20:25,V022,97.0,0.9732382766081401
2026-06-01,2026-06-01 11:20:26,V022,97.0,0.9850137571677661
2026-06-01,2026-06-01 11:20:27,V022,98.0,0.9501812814981995
2026-06-01,2026-06-01 11:20:28,V022,98.0,0.9566653569477013
2026-06-01,2026-06-01 11:20:29,V022,99.0,0.955732868784092
2026-06-01,2026-06-01 11:20:30,V022,100.0,0.9641250909745127
2026-06-01,2026-06-01 11:20:31,V022,101.0,0.9550032582640484
2026-06-01,2026-06-01 11:20:32,V022,101.0,0.9553642194458227
2026-06-01,2026-06-01 11:20:33,V022,101.0,0.9650959048825781
2026-06-01,2026-06-01 11:20:34,V022,100.0,0.9640313554231926
2026-06-01,2026-06-01 11:20:35,V022,100.0,0.9542331296389263
2026-06-01,2026-06-01 11:20:36,V022,101.0,0.9536291217293951
2026-06-01,2026-06-01 11:20:37,V022,101.0,0.9618913240847383
2026-06-01,2026-06-01 11:20:38,V022,101.0,0.9548923157600591
2026-06-01,2026-06-01 11:20:39,V022,101.0,0.9530298293584711
2026-06-01,2026-06-01 11:20:40,V022,100.0,0.9581786880790529
2026-06-01,2026-06-01 11:20:41,V022,100.0,0.9559251060391406
2026-06-01,2026-06-01 11:20:42,V022,100.0,0.9531252709954935
2026-06-01,2026-06-01 11:20:43,V022,100.0,0.9595212347043095
2026-06-01,2026-06-01 11:20:44,V022,100.0,0.9574686876784362
2026-06-01,2026-06-01 11:20:45,V022,100.0,0.947696440430858
2026-06-01,2026-06-01 11:20:46,V022,100.0,0.9553424674135333
2026-06-01,2026-06-01 11:20:47,V022,100.0,0.9594461082144299
2026-06-01,2026-06-01 11:20:48,V022,100.0,0.9508346052417584
2026-06-01,2026-06-01 11:20:49,V022,100.0,0.9522003880312037
2026-06-01,2026-06-01 11:20:50,V022,100.0,0.9539269323444509
2026-06-01,2026-06-01 11:20:51,V022,100.0,0.9579684219247845
2026-06-01,2026-06-01 11:20:52,V022,100.0,0.9577296871726362
2026-06-01,2026-06-01 11:20:53,V022,101.0,0.9509951060876882
2026-06-01,2026-06-01 11:20:54,V022,101.0,0.9546870884738511
2026-06-01,2026-06-01 11:20:55,V022,101.0,0.9482140095387188
2026-06-01,2026-06-01 11:20:56,V022,102.0,0.9456385210156988
2026-06-01,2026-06-01 11:20:57,V022,102.0,0.9430457361835672
2026-06-01,2026-06-01 11:20:58,V022,103.0,0.9704389514902746
2026-06-01,2026-06-01 11:20:59,V022,103.0,0.9544819595194916
2026-06-01,2026-06-01 11:21:00,V022,103.0,0.9424383155997915
2026-06-01,2026-06-01 11:21:01,V022,104.0,0.9472095533914456
2026-06-01,2026-06-01 11:21:02,V022,104.0,0.9458577574980552
2026-06-01,2026-06-01 11:21:03,V022,104.0,0.9611882631689759
2026-06-01,2026-06-01 11:21:04,V022,104.0,0.9494039067309396
2026-06-01,2026-06-01 11:21:05,V022,104.0,0.9502634137936105
2026-06-01,2026-06-01 11:21:06,V022,103.0,0.9515954350171945
2026-06-01,2026-06-01 11:21:07,V022,103.0,0.9583404553597263
2026-06-01,2026-06-01 11:21:08,V022,102.0,0.9547478594218823
2026-06-01,2026-06-01 11:21:09,V022,101.0,0.9596829974958881
2026-06-01,2026-06-01 11:21:10,V022,99.0,0.9550754755773467
2026-06-01,2026-06-01 11:21:11,V022,98.0,0.9562532641270074
2026-06-01,2026-06-01 11:21:12,V022,96.0,0.9557825724578611
2026-06-01,2026-06-01 11:21:13,V022,94.0,0.9480848080131048
2026-06-01,2026-06-01 11:21:14,V022,93.0,0.9538989888822216
2026-06-01,2026-06-01 11:21:15,V022,92.0,0.9502358104654535
2026-06-01,2026-06-01 11:21:16,V022,91.0,0.9502954271445859
2026-06-01,2026-06-01 11:21:17,V022,90.0,0.9607124204700276
2026-06-01,2026-06-01 11:21:18,V022,90.0,0.9618078958618772
2026-06-01,2026-06-01 11:21:19,V022,90.0,0.9578029689602566
2026-06-01,2026-06-01 11:21:20,V022,89.0,0.9578073374097699
2026-06-01,2026-06-01 11:21:21,V022,88.0,1.067625445514665
2026-06-01,2026-06-01 11:21:22,V022,88.0,1.0315066987582437
2026-06-01,2026-06-01 11:21:23,V022,87.0,0.9493431941164855
2026-06-01,2026-06-01 11:21:24,V022,87.0,0.9493781632034053
2026-06-01,2026-06-01 11:21:25,V022,87.0,0.9525255240322353
2026-06-01,2026-06-01 11:21:26,V022,87.0,0.9409645301208537
2026-06-01,2026-06-01 11:21:27,V022,86.0,0.9645920358547109
2026-06-01,2026-06-01 11:21:28,V022,86.0,0.9511866060003475
2026-06-01,2026-06-01 11:21:29,V022,86.0,0.9523433724074656
2026-06-01,2026-06-01 11:21:30,V022,85.0,0.953256654630031
2026-06-01,2026-06-01 11:21:31,V022,85.0,0.955337754642506
2026-06-01,2026-06-01 11:21:32,V022,84.0,0.9479056153438826
2026-06-01,2026-06-01 11:21:33,V022,84.0,0.9566366365959319
2026-06-01,2026-06-01 11:21:34,V022,84.0,0.955915951786035
2026-06-01,2026-06-01 11:21:35,V022,83.0,0.9539373690370714
2026-06-01,2026-06-01 11:21:36,V022,82.0,0.9644372707227616
2026-06-01,2026-06-01 11:21:37,V022,81.0,0.9479797382168625
2026-06-01,2026-06-01 11:21:38,V022,81.0,0.9536896464229593
2026-06-01,2026-06-01 11:21:39,V022,80.0,0.9490029475602159
2026-06-01,2026-06-01 11:21:40,V022,80.0,0.9472139865030363
2026-06-01,2026-06-01 11:21:41,V022,80.0,0.9582871322030764
2026-06-01,2026-06-01 11:21:42,V022,80.0,0.9708260730697299
2026-06-01,2026-06-01 11:21:43,V022,80.0,0.9622511563917385
2026-06-01,2026-06-01 11:21:44,V022,80.0,0.9552201781997264
2026-06-01,2026-06-01 11:21:45,V022,80.0,0.9541538093787472
2026-06-01,2026-06-01 11:21:46,V022,80.0,0.9450834272892625
2026-06-01,2026-06-01 11:21:47,V022,80.0,0.9722511465295577
2026-06-01,2026-06-01 11:21:48,V022,80.0,0.9481139901194455
2026-06-01,2026-06-01 11:21:49,V022,80.0,0.9486891357115275
2026-06-01,2026-06-01 11:21:50,V022,81.0,0.9552209285705853
2026-06-01,2026-06-01 11:21:51,V022,81.0,0.9449259619122167
2026-06-01,2026-06-01 11:21:52,V022,81.0,0.9488789076087362
2026-06-01,2026-06-01 11:21:53,V022,82.0,0.9458191224860149
2026-06-01,2026-06-01 11:21:54,V022,82.0,1.048447699828207
2026-06-01,2026-06-01 11:21:55,V022,83.0,1.0677994935687598
2026-06-01,2026-06-01 11:21:56,V022,83.0,1.0183526532443685
2026-06-01,2026-06-01 11:21:57,V022,83.0,1.0376316293172858
2026-06-01,2026-06-01 11:21:58,V022,83.0,0.9777634013007885
2026-06-01,2026-06-01 11:21:59,V022,84.0,0.9704072859630403
2026-06-01,2026-06-01 11:22:00,V022,84.0,0.9716257853957857
2026-06-01,2026-06-01 11:22:01,V022,85.0,0.9745083661173877
2026-06-01,2026-06-01 11:22:02,V022,86.0,0.9475265749155743
2026-06-01,2026-06-01 11:22:03,V022,86.0,0.9745087173064249
2026-06-01,2026-06-01 11:22:04,V022,87.0,0.951830242125784
2026-06-01,2026-06-01 11:22:05,V022,87.0,0.9510222961684826
2026-06-01,2026-06-01 11:22:06,V022,87.0,0.9664556885280661
2026-06-01,2026-06-01 11:22:07,V022,87.0,0.9663690709208993
2026-06-01,2026-06-01 11:22:08,V022,86.0,0.9563462302794551
2026-06-01,2026-06-01 11:22:09,V022,86.0,0.9581750775004473
2026-06-01,2026-06-01 11:22:10,V022,86.0,0.9519912118150173
2026-06-01,2026-06-01 11:22:11,V022,87.0,0.9575282108013307
2026-06-01,2026-06-01 11:22:12,V022,87.0,0.9496132284012908
2026-06-01,2026-06-01 11:22:13,V022,87.0,0.9452394522435249
2026-06-01,2026-06-01 11:22:14,V022,87.0,0.9453864623738786
2026-06-01,2026-06-01 11:22:15,V022,87.0,0.9447521408898878
2026-06-01,2026-06-01 11:22:16,V022,87.0,0.943374711591938
2026-06-01,2026-06-01 11:22:17,V022,86.0,0.9770747183142364
2026-06-01,2026-06-01 11:22:18,V022,86.0,0.953166703913449
2026-06-01,2026-06-01 11:22:19,V022,86.0,0.9511682605529812
2026-06-01,2026-06-01 11:22:20,V022,85.0,0.9474723716963096
2026-06-01,2026-06-01 11:22:21,V022,84.0,0.9619977322515683
2026-06-01,2026-06-01 11:22:22,V022,83.0,0.9707466539672559
2026-06-01,2026-06-01 11:22:23,V022,84.0,0.970120645214772
2026-06-01,2026-06-01 11:22:24,V022,84.0,0.9484809724914463
2026-06-01,2026-06-01 11:22:25,V022,84.0,0.9736085867940938
2026-06-01,2026-06-01 11:22:26,V022,84.0,0.9827115431260953
2026-06-01,2026-06-01 11:22:27,V022,84.0,0.9452345767606032
2026-06-01,2026-06-01 11:22:28,V022,84.0,0.948730965224326
2026-06-01,2026-06-01 11:22:29,V022,84.0,0.9464798434158903
2026-06-01,2026-06-01 11:22:30,V022,84.0,0.9695227984146183
2026-06-01,2026-06-01 11:22:31,V022,84.0,0.9634540595100476
2026-06-01,2026-06-01 11:22:32,V022,84.0,0.9596558207829183
2026-06-01,2026-06-01 11:22:33,V022,84.0,0.9860831831613281
2026-06-01,2026-06-01 11:22:34,V022,85.0,0.9633373857512135
2026-06-01,2026-06-01 11:22:35,V022,85.0,0.9723237486887719
2026-06-01,2026-06-01 11:22:36,V022,85.0,0.9341244732359483
2026-06-01,2026-06-01 11:22:37,V022,86.0,0.9503600145596567
2026-06-01,2026-06-01 11:22:38,V022,87.0,0.9367136226745729
2026-06-01,2026-06-01 11:22:39,V022,88.0,0.9461488414242333
2026-06-01,2026-06-01 11:22:40,V022,89.0,1.0277092779031625
2026-06-01,2026-06-01 11:22:41,V022,89.0,1.0036149304408104
2026-06-01,2026-06-01 11:22:42,V022,89.0,0.935950362859858
2026-06-01,2026-06-01 11:22:43,V022,89.0,0.9723235053940352
2026-06-01,2026-06-01 11:22:44,V022,90.0,0.9564102241924716
2026-06-01,2026-06-01 11:22:45,V022,90.0,0.9636358603963198
2026-06-01,2026-06-01 11:22:46,V022,90.0,1.010761638626268
2026-06-01,2026-06-01 11:22:47,V022,89.0,0.9952894851670658
2026-06-01,2026-06-01 11:22:48,V022,89.0,1.064216577729664
2026-06-01,2026-06-01 11:22:49,V022,88.0,0.9810563373746811
2026-06-01,2026-06-01 11:22:50,V022,88.0,1.003637650158731
2026-06-01,2026-06-01 11:22:51,V022,87.0,0.9931017209022861
2026-06-01,2026-06-01 11:22:52,V022,86.0,0.9785903081471985
2026-06-01,2026-06-01 11:22:53,V022,85.0,0.9838280380920014
2026-06-01,2026-06-01 11:22:54,V022,85.0,0.9819863491306273
2026-06-01,2026-06-01 11:22:55,V022,85.0,0.9800094664236637
2026-06-01,2026-06-01 11:22:56,V022,85.0,0.9819102130667953
2026-06-01,2026-06-01 11:22:57,V022,85.0,0.9860956703886145
2026-06-01,2026-06-01 11:22:58,V022,85.0,0.9778421293312772
2026-06-01,2026-06-01 11:22:59,V022,85.0,0.9769318282564012
2026-06-01,2026-06-01 11:23:00,V022,86.0,0.9713619727002121
2026-06-01,2026-06-01 11:23:01,V022,86.0,0.9814992147973448
2026-06-01,2026-06-01 11:23:02,V022,86.0,0.9689169274642073
2026-06-01,2026-06-01 11:23:03,V022,86.0,0.9704592378189012
2026-06-01,2026-06-01 11:23:04,V022,86.0,0.9735425583209896
2026-06-01,2026-06-01 11:23:05,V022,86.0,0.9947365340947575
2026-06-01,2026-06-01 11:23:06,V022,86.0,0.9816400949427243
2026-06-01,2026-06-01 11:23:07,V022,86.0,0.9508685896063703
2026-06-01,2026-06-01 11:23:08,V022,86.0,0.9918311883874168
2026-06-01,2026-06-01 11:23:09,V022,86.0,0.9676978087457426
2026-06-01,2026-06-01 11:23:10,V022,86.0,0.9701707311687499
2026-06-01,2026-06-01 11:23:11,V022,86.0,0.951091310257317
2026-06-01,2026-06-01 11:23:12,V022,86.0,0.9597407117628779
2026-06-01,2026-06-01 11:23:13,V022,85.0,1.042966435401424
2026-06-01,2026-06-01 11:23:14,V022,84.0,0.9841179529151548
2026-06-01,2026-06-01 11:23:15,V022,83.0,0.9780406763304972
2026-06-01,2026-06-01 11:23:16,V022,82.0,0.9630399989048823
2026-06-01,2026-06-01 11:23:17,V022,82.0,0.9633823229754415
2026-06-01,2026-06-01 11:23:18,V022,81.0,0.9694273547382372
2026-06-01,2026-06-01 11:23:19,V022,81.0,1.0423483420650284
2026-06-01,2026-06-01 11:23:20,V022,82.0,1.0239775854661055
2026-06-01,2026-06-01 11:23:21,V022,82.0,0.9769234976938341
2026-06-01,2026-06-01 11:23:22,V022,83.0,0.9953574118318085
2026-06-01,2026-06-01 11:23:23,V022,83.0,1.0093286617257549
2026-06-01,2026-06-01 11:23:24,V022,83.0,0.9912957946060714
2026-06-01,2026-06-01 11:23:25,V022,83.0,0.9537257270236981
2026-06-01,2026-06-01 11:23:26,V022,83.0,1.0496554593226424
2026-06-01,2026-06-01 11:23:27,V022,84.0,1.1297052592166472
2026-06-01,2026-06-01 11:23:28,V022,84.0,0.9521777634273093
2026-06-01,2026-06-01 11:23:29,V022,84.0,0.9990494833135402
2026-06-01,2026-06-01 11:23:30,V022,84.0,0.9561939176891042
2026-06-01,2026-06-01 11:23:31,V022,84.0,0.9511829071148106
2026-06-01,2026-06-01 11:23:32,V022,84.0,0.95843828789623
2026-06-01,2026-06-01 11:23:33,V022,84.0,0.9646742927431183
2026-06-01,2026-06-01 11:23:34,V022,84.0,1.0103328428842442
2026-06-01,2026-06-01 11:23:35,V022,84.0,1.0313134330658298
2026-06-01,2026-06-01 11:23:36,V022,84.0,1.0121979104018364
2026-06-01,2026-06-01 11:23:37,V022,84.0,1.0688776159694724
2026-06-01,2026-06-01 11:23:38,V022,84.0,0.9809071353123626
2026-06-01,2026-06-01 11:23:39,V022,84.0,0.9927126498863156
2026-06-01,2026-06-01 11:23:40,V022,85.0,1.070713167660002
2026-06-01,2026-06-01 11:23:41,V022,85.0,1.071212834650905
2026-06-01,2026-06-01 11:23:42,V022,86.0,0.9652104547151715
2026-06-01,2026-06-01 11:23:43,V022,86.0,0.9727299919551173
2026-06-01,2026-06-01 11:23:44,V022,87.0,0.9812078113623222
2026-06-01,2026-06-01 11:23:45,V022,87.0,0.9864006018433448
2026-06-01,2026-06-01 11:23:46,V022,88.0,0.9773582318716284
2026-06-01,2026-06-01 11:23:47,V022,89.0,0.9846753067098211
2026-06-01,2026-06-01 11:23:48,V022,90.0,0.940744007103302
2026-06-01,2026-06-01 11:23:49,V022,91.0,0.9979203563446742
2026-06-01,2026-06-01 11:23:50,V022,91.0,0.9377763018725757
2026-06-01,2026-06-01 11:23:51,V022,91.0,0.9366288474437245
2026-06-01,2026-06-01 11:23:52,V022,90.0,1.14823618152874
2026-06-01,2026-06-01 11:23:53,V022,91.0,1.045856677629398
2026-06-01,2026-06-01 11:23:54,V022,91.0,1.0757335493844027
2026-06-01,2026-06-01 11:23:55,V022,90.0,0.976320880088454
2026-06-01,2026-06-01 11:23:56,V022,90.0,1.039532316076651
2026-06-01,2026-06-01 11:23:57,V022,90.0,1.1969580288439916
2026-06-01,2026-06-01 11:23:58,V022,90.0,1.0278850827179686
2026-06-01,2026-06-01 11:23:59,V022,90.0,0.9990912614871886
2026-06-01,2026-06-01 11:24:00,V022,90.0,1.1621862519756707
2026-06-01,2026-06-01 11:24:01,V022,91.0,0.9983411666786758
2026-06-01,2026-06-01 11:24:02,V022,91.0,0.9874491179235395
2026-06-01,2026-06-01 11:24:03,V022,91.0,0.9821081701604785
2026-06-01,2026-06-01 11:24:04,V022,92.0,0.9921479176959237
2026-06-01,2026-06-01 11:24:05,V022,93.0,1.0488243514806976
2026-06-01,2026-06-01 11:24:06,V022,93.0,0.9524470206265128
2026-06-01,2026-06-01 11:24:07,V022,94.0,0.9709311075279989
2026-06-01,2026-06-01 11:24:08,V022,94.0,1.0005462716461633
2026-06-01,2026-06-01 11:24:09,V022,95.0,1.036470961338457
2026-06-01,2026-06-01 11:24:10,V022,95.0,1.3194756358649806
2026-06-01,2026-06-01 11:24:11,V022,95.0,0.9493193215481015
2026-06-01,2026-06-01 11:24:12,V022,95.0,0.9634397969305072
2026-06-01,2026-06-01 11:24:13,V022,95.0,0.9618094033726207
2026-06-01,2026-06-01 11:24:14,V022,96.0,1.017283810705147
2026-06-01,2026-06-01 11:24:15,V022,96.0,1.3197672659438722
2026-06-01,2026-06-01 11:24:16,V022,96.0,1.083415110857855
2026-06-01,2026-06-01 11:24:17,V022,96.0,0.9807432283320172
2026-06-01,2026-06-01 11:24:18,V022,96.0,1.0351824352651986
2026-06-01,2026-06-01 11:24:19,V022,97.0,1.0309385448398922
2026-06-01,2026-06-01 11:24:20,V022,97.0,1.057223795315732
2026-06-01,2026-06-01 11:24:21,V022,98.0,0.9488757390445143
2026-06-01,2026-06-01 11:24:22,V022,98.0,0.996524322300516
2026-06-01,2026-06-01 11:24:23,V022,99.0,0.950114485205457
2026-06-01,2026-06-01 11:24:24,V022,100.0,0.9824145897561833
2026-06-01,2026-06-01 11:24:25,V022,101.0,0.9925913437741606
2026-06-01,2026-06-01 11:24:26,V022,103.0,0.9912250566400502
2026-06-01,2026-06-01 11:24:27,V022,104.0,0.9681382762732907
2026-06-01,2026-06-01 11:24:28,V022,105.0,0.9572086944659552
2026-06-01,2026-06-01 11:24:29,V022,107.0,0.9590069266112263
2026-06-01,2026-06-01 11:24:30,V022,108.0,1.1696834076958442
2026-06-01,2026-06-01 11:24:31,V022,109.0,1.0159768059696572
2026-06-01,2026-06-01 11:24:32,V022,109.0,0.9879440401226693
2026-06-01,2026-06-01 11:24:33,V022,109.0,0.9832975504078062
2026-06-01,2026-06-01 11:24:34,V022,109.0,0.9812086647437788
2026-06-01,2026-06-01 11:24:35,V022,109.0,1.0401013169091247
2026-06-01,2026-06-01 11:24:36,V022,109.0,1.0204064964171902
2026-06-01,2026-06-01 11:24:37,V022,109.0,1.0014945520221916
2026-06-01,2026-06-01 11:24:38,V022,109.0,0.985140521333543
2026-06-01,2026-06-01 11:24:39,V022,109.0,1.0761822789254891
2026-06-01,2026-06-01 11:24:40,V022,109.0,0.964451968503017
2026-06-01,2026-06-01 11:24:41,V022,110.0,0.976012922734092
2026-06-01,2026-06-01 11:24:42,V022,110.0,1.0262771227587375
2026-06-01,2026-06-01 11:24:43,V022,110.0,0.9859637786995658
2026-06-01,2026-06-01 11:24:44,V022,110.0,0.9529171253148079
2026-06-01,2026-06-01 11:24:45,V022,110.0,0.9908865387486127
2026-06-01,2026-06-01 11:24:46,V022,110.0,0.9458824667713169
2026-06-01,2026-06-01 11:24:47,V022,111.0,0.966727993317599
2026-06-01,2026-06-01 11:24:48,V022,111.0,0.9650459809674672
2026-06-01,2026-06-01 11:24:49,V022,111.0,0.9565132365910062
2026-06-01,2026-06-01 11:24:50,V022,112.0,1.0194325658869978
2026-06-01,2026-06-01 11:24:51,V022,112.0,0.948933769864385
2026-06-01,2026-06-01 11:24:52,V022,113.0,0.980481701676879
2026-06-01,2026-06-01 11:24:53,V022,113.0,1.0421818437018375
2026-06-01,2026-06-01 11:24:54,V022,113.0,1.0826418453209472
2026-06-01,2026-06-01 11:24:55,V022,113.0,1.0300462510287811
2026-06-01,2026-06-01 11:24:56,V022,113.0,1.0024112909417073
2026-06-01,2026-06-01 11:24:57,V022,113.0,1.0894287936083753
2026-06-01,2026-06-01 11:24:58,V022,113.0,0.965607840444386
2026-06-01,2026-06-01 11:24:59,V022,113.0,1.0656653628373247
2026-06-01,2026-06-01 11:25:00,V022,113.0,1.0245937300039982
2026-06-01,2026-06-01 11:25:01,V022,113.0,1.1207210372651988
2026-06-01,2026-06-01 11:25:02,V022,113.0,0.9994277200775487
2026-06-01,2026-06-01 11:25:03,V022,112.0,0.9474157115476662
2026-06-01,2026-06-01 11:25:04,V022,111.0,0.942671992510411
2026-06-01,2026-06-01 11:25:05,V022,110.0,0.9357740745146313
2026-06-01,2026-06-01 11:25:06,V022,109.0,0.9839571548263605
2026-06-01,2026-06-01 11:25:07,V022,109.0,1.0325309608608957
2026-06-01,2026-06-01 11:25:08,V022,108.0,1.0370140625802793
2026-06-01,2026-06-01 11:25:09,V022,107.0,0.9639691509607682
2026-06-01,2026-06-01 11:25:10,V022,106.0,0.9516405149253023
2026-06-01,2026-06-01 11:25:11,V022,105.0,0.9527412743321221
2026-06-01,2026-06-01 11:25:12,V022,104.0,0.9570603234306998
2026-06-01,2026-06-01 11:25:13,V022,102.0,0.9731028969961947
2026-06-01,2026-06-01 11:25:14,V022,101.0,0.9845737003336944
2026-06-01,2026-06-01 11:25:15,V022,101.0,0.9662819944531806
2026-06-01,2026-06-01 11:25:16,V022,101.0,1.0346019039070211
2026-06-01,2026-06-01 11:25:17,V022,101.0,0.9529573736364262
2026-06-01,2026-06-01 11:25:18,V022,100.0,1.0328804669503542
2026-06-01,2026-06-01 11:25:19,V022,100.0,1.0809291343199239
2026-06-01,2026-06-01 11:25:20,V022,100.0,0.9813192958835968
2026-06-01,2026-06-01 11:25:21,V022,100.0,1.1519759352539678
2026-06-01,2026-06-01 11:25:22,V022,100.0,0.9678150137975159
2026-06-01,2026-06-01 11:25:23,V022,100.0,0.9848822222261379
2026-06-01,2026-06-01 11:25:24,V022,100.0,0.9831627992175411
2026-06-01,2026-06-01 11:25:25,V022,100.0,0.9511483417767399
2026-06-01,2026-06-01 11:25:26,V022,100.0,0.9634493543609303
2026-06-01,2026-06-01 11:25:27,V022,100.0,0.9787319412518635
2026-06-01,2026-06-01 11:25:28,V022,100.0,0.9454035929935057
2026-06-01,2026-06-01 11:25:29,V022,100.0,0.9422702948558722
2026-06-01,2026-06-01 11:25:30,V022,100.0,0.9488529776735072
2026-06-01,2026-06-01 11:25:31,V022,100.0,0.9776201668838951
2026-06-01,2026-06-01 11:25:32,V022,100.0,1.0024676775090073
2026-06-01,2026-06-01 11:25:33,V022,99.0,0.9638647577424498
2026-06-01,2026-06-01 11:25:34,V022,99.0,1.0877900482479104
2026-06-01,2026-06-01 11:25:35,V022,98.0,1.0086434834246272
2026-06-01,2026-06-01 11:25:36,V022,97.0,1.0121924494590149
2026-06-01,2026-06-01 11:25:37,V022,96.0,1.0343593646785796
2026-06-01,2026-06-01 11:25:38,V022,95.0,0.9624123547691604
2026-06-01,2026-06-01 11:25:39,V022,92.0,0.9581132014292608
2026-06-01,2026-06-01 11:25:40,V022,90.0,1.0664941993026278
2026-06-01,2026-06-01 11:25:41,V022,90.0,1.0513947847878709
2026-06-01,2026-06-01 11:25:42,V022,91.0,1.0042401334405584
2026-06-01,2026-06-01 11:25:43,V022,91.0,1.068369849300329
2026-06-01,2026-06-01 11:25:44,V022,92.0,1.2024161841089043
2026-06-01,2026-06-01 11:25:45,V022,92.0,1.0068773715841393
2026-06-01,2026-06-01 11:25:46,V022,93.0,0.9894089083223276
2026-06-01,2026-06-01 11:25:47,V022,94.0,0.9579074975026706
2026-06-01,2026-06-01 11:25:48,V022,94.0,0.960056020558089
2026-06-01,2026-06-01 11:25:49,V022,97.0,0.9846253943037316
2026-06-01,2026-06-01 11:25:50,V022,100.0,0.9412493632975438
2026-06-01,2026-06-01 11:25:51,V022,102.0,1.0263737569689655
2026-06-01,2026-06-01 11:25:52,V022,104.0,0.9776808960862935
2026-06-01,2026-06-01 11:25:53,V022,105.0,1.0496613656997875
2026-06-01,2026-06-01 11:25:54,V022,106.0,0.9942722355804512
2026-06-01,2026-06-01 11:25:55,V022,106.0,1.035812371082235
2026-06-01,2026-06-01 11:25:56,V022,106.0,0.994898729621942
2026-06-01,2026-06-01 11:25:57,V022,107.0,0.9619391974205033
2026-06-01,2026-06-01 11:25:58,V022,108.0,0.9569797110572987
2026-06-01,2026-06-01 11:25:59,V022,108.0,0.9630753103049817
2026-06-01,2026-06-01 11:26:00,V022,109.0,1.0132731070223104
2026-06-01,2026-06-01 11:26:01,V022,109.0,1.0776431420218142
2026-06-01,2026-06-01 11:26:02,V022,110.0,1.1030496434069408
2026-06-01,2026-06-01 11:26:03,V022,110.0,1.0595935439827504
2026-06-01,2026-06-01 11:26:04,V022,111.0,1.0722621186869228
2026-06-01,2026-06-01 11:26:05,V022,111.0,0.9847540399181804
2026-06-01,2026-06-01 11:26:06,V022,111.0,0.9619867858276799
2026-06-01,2026-06-01 11:26:07,V022,111.0,0.9747575380683146
2026-06-01,2026-06-01 11:26:08,V022,111.0,0.9890163051895123
2026-06-01,2026-06-01 11:26:09,V022,111.0,1.2088559234241805
2026-06-01,2026-06-01 11:26:10,V022,111.0,0.9619997359783469
2026-06-01,2026-06-01 11:26:11,V022,111.0,0.957242607024955
2026-06-01,2026-06-01 11:26:12,V022,111.0,0.9682005593863174
2026-06-01,2026-06-01 11:26:13,V022,111.0,0.956343652566257
2026-06-01,2026-06-01 11:26:14,V022,111.0,0.9561288834872668
2026-06-01,2026-06-01 11:26:15,V022,111.0,0.9465573522960974
2026-06-01,2026-06-01 11:26:16,V022,111.0,0.9804591396557443
2026-06-01,2026-06-01 11:26:17,V022,111.0,0.9991268311324171
2026-06-01,2026-06-01 11:26:18,V022,111.0,0.9926488260588484
2026-06-01,2026-06-01 11:26:19,V022,111.0,0.9311189551597147
2026-06-01,2026-06-01 11:26:20,V022,112.0,0.9427917295945236
2026-06-01,2026-06-01 11:26:21,V022,112.0,0.9447741127623608
2026-06-01,2026-06-01 11:26:22,V022,111.0,0.9454432584399797
2026-06-01,2026-06-01 11:26:23,V022,111.0,0.9379708514762355
2026-06-01,2026-06-01 11:26:24,V022,111.0,0.9550712343064659
2026-06-01,2026-06-01 11:26:25,V022,111.0,0.9580316215715979
2026-06-01,2026-06-01 11:26:26,V022,111.0,0.9672394907020132
2026-06-01,2026-06-01 11:26:27,V022,111.0,0.9692223984939302
2026-06-01,2026-06-01 11:26:28,V022,110.0,0.9475502742375951
2026-06-01,2026-06-01 11:26:29,V022,110.0,0.9425987295999343
2026-06-01,2026-06-01 11:26:30,V022,109.0,0.9687126020985579
2026-06-01,2026-06-01 11:26:31,V022,108.0,1.0070608201273443
2026-06-01,2026-06-01 11:26:32,V022,107.0,1.0075823041314567
2026-06-01,2026-06-01 11:26:33,V022,107.0,0.9683604632667893
2026-06-01,2026-06-01 11:26:34,V022,107.0,0.9650755244851075
2026-06-01,2026-06-01 11:26:35,V022,107.0,0.956244929101883
2026-06-01,2026-06-01 11:26:36,V022,107.0,0.9589984490260157
2026-06-01,2026-06-01 11:26:37,V022,107.0,0.9528810083378727
2026-06-01,2026-06-01 11:26:38,V022,107.0,0.9464438021973512
2026-06-01,2026-06-01 11:26:39,V022,107.0,0.962366573441964
2026-06-01,2026-06-01 11:26:40,V022,108.0,0.9488610396339728
2026-06-01,2026-06-01 11:26:41,V022,108.0,0.9418042351150596
2026-06-01,2026-06-01 11:26:42,V022,108.0,0.9411983666930807
2026-06-01,2026-06-01 11:26:43,V022,108.0,0.9465754281089458
2026-06-01,2026-06-01 11:26:44,V022,108.0,0.9396138274941971
2026-06-01,2026-06-01 11:26:45,V022,108.0,0.9429455698386328
2026-06-01,2026-06-01 11:26:46,V022,108.0,0.9446352965711247
2026-06-01,2026-06-01 11:26:47,V022,108.0,0.9427655980048734
2026-06-01,2026-06-01 11:26:48,V022,107.0,0.9558726641401357
2026-06-01,2026-06-01 11:26:49,V022,108.0,0.9503970878721636
2026-06-01,2026-06-01 11:26:50,V022,108.0,0.9511650342212674
2026-06-01,2026-06-01 11:26:51,V022,109.0,0.9485361418769929
2026-06-01,2026-06-01 11:26:52,V022,109.0,0.9506914528077112
2026-06-01,2026-06-01 11:26:53,V022,110.0,0.9458556691980713
2026-06-01,2026-06-01 11:26:54,V022,111.0,0.9512095233462377
2026-06-01,2026-06-01 11:26:55,V022,112.0,0.9533451731682083
2026-06-01,2026-06-01 11:26:56,V022,113.0,0.9470556291573046
2026-06-01,2026-06-01 11:26:57,V022,113.0,0.9644167040887283
2026-06-01,2026-06-01 11:26:58,V022,113.0,0.965280430318604
2026-06-01,2026-06-01 11:26:59,V022,113.0,0.9398708380350468
2026-06-01,2026-06-01 11:27:00,V022,113.0,0.9592098039762801
2026-06-01,2026-06-01 11:27:01,V022,113.0,0.9605094865612296
2026-06-01,2026-06-01 11:27:02,V022,113.0,0.9423640266493069
2026-06-01,2026-06-01 11:27:03,V022,113.0,0.9457204563441757
2026-06-01,2026-06-01 11:27:04,V022,113.0,0.9599155055868749
2026-06-01,2026-06-01 11:27:05,V022,113.0,0.9635552239961908
2026-06-01,2026-06-01 11:27:06,V022,113.0,0.9542537572049595
2026-06-01,2026-06-01 11:27:07,V022,113.0,0.9522879283806301
2026-06-01,2026-06-01 11:27:08,V022,113.0,0.9523514209481712
2026-06-01,2026-06-01 11:27:09,V022,113.0,0.9498278885620088
2026-06-01,2026-06-01 11:27:10,V022,113.0,0.9522989253982616
2026-06-01,2026-06-01 11:27:11,V022,113.0,0.9495756548878307
2026-06-01,2026-06-01 11:27:12,V022,113.0,0.9475930232054787
2026-06-01,2026-06-01 11:27:13,V022,113.0,0.9761172633275722
2026-06-01,2026-06-01 11:27:14,V022,113.0,0.9317784808884058
2026-06-01,2026-06-01 11:27:15,V022,113.0,0.9547900253516552
2026-06-01,2026-06-01 11:27:16,V022,112.0,0.9649593429805653
2026-06-01,2026-06-01 11:27:17,V022,112.0,0.952549937554741
2026-06-01,2026-06-01 11:27:18,V022,112.0,0.9465615431615644
2026-06-01,2026-06-01 11:27:19,V022,112.0,0.958855279204519
2026-06-01,2026-06-01 11:27:20,V022,111.0,0.9529220593730626
2026-06-01,2026-06-01 11:27:21,V022,111.0,0.9618323307718976
2026-06-01,2026-06-01 11:27:22,V022,110.0,0.9618682552775126
2026-06-01,2026-06-01 11:27:23,V022,108.0,0.9431292255929726
2026-06-01,2026-06-01 11:27:24,V022,106.0,0.9451870463133291
2026-06-01,2026-06-01 11:27:25,V022,106.0,0.9469490538490639
2026-06-01,2026-06-01 11:27:26,V022,105.0,0.9444126127009872
2026-06-01,2026-06-01 11:27:27,V022,104.0,0.9435901825573196
2026-06-01,2026-06-01 11:27:28,V022,104.0,0.9438352958632195
2026-06-01,2026-06-01 11:27:29,V022,104.0,0.9438578457883493
2026-06-01,2026-06-01 11:27:30,V022,104.0,0.9456970630406203
2026-06-01,2026-06-01 11:27:31,V022,103.0,0.9452609500602102
2026-06-01,2026-06-01 11:27:32,V022,102.0,0.9481626186705568
2026-06-01,2026-06-01 11:27:33,V022,102.0,1.0181216189011038
2026-06-01,2026-06-01 11:27:34,V022,101.0,1.0391145531577584
2026-06-01,2026-06-01 11:27:35,V022,101.0,1.2033190682332129
2026-06-01,2026-06-01 11:27:36,V022,101.0,0.9493409699103402
2026-06-01,2026-06-01 11:27:37,V022,101.0,0.9567525300118725
2026-06-01,2026-06-01 11:27:38,V022,101.0,0.9431565821741421
2026-06-01,2026-06-01 11:27:39,V022,101.0,0.9586577080276802
2026-06-01,2026-06-01 11:27:40,V022,101.0,0.955939786436371
2026-06-01,2026-06-01 11:27:41,V022,101.0,1.062813527943105
2026-06-01,2026-06-01 11:27:42,V022,101.0,0.9956091729356545
2026-06-01,2026-06-01 11:27:43,V022,100.0,1.0263284306768148
2026-06-01,2026-06-01 11:27:44,V022,100.0,0.9524163986816224
2026-06-01,2026-06-01 11:27:45,V022,100.0,0.9455571715087007
2026-06-01,2026-06-01 11:27:46,V022,99.0,0.9580058279769232
2026-06-01,2026-06-01 11:27:47,V022,99.0,0.9487305958841135
2026-06-01,2026-06-01 11:27:48,V022,99.0,0.9462099833701859
2026-06-01,2026-06-01 11:27:49,V022,99.0,0.9463515459711691
2026-06-01,2026-06-01 11:27:50,V022,100.0,0.9467621607032345
2026-06-01,2026-06-01 11:27:51,V022,100.0,0.9482646313304018
2026-06-01,2026-06-01 11:27:52,V022,100.0,0.9462304772400216
2026-06-01,2026-06-01 11:27:53,V022,100.0,0.9749905945786127
2026-06-01,2026-06-01 11:27:54,V022,100.0,0.9693869615377174
2026-06-01,2026-06-01 11:27:55,V022,100.0,0.9651379542598371
2026-06-01,2026-06-01 11:27:56,V022,100.0,0.9476470582500085
2026-06-01,2026-06-01 11:27:57,V022,100.0,0.973155209459736
2026-06-01,2026-06-01 11:27:58,V022,100.0,1.011096249858593
2026-06-01,2026-06-01 11:27:59,V022,100.0,0.9717738167389293
2026-06-01,2026-06-01 11:28:00,V022,101.0,1.020967378301949
2026-06-01,2026-06-01 11:28:01,V022,100.0,1.0369324876798172
2026-06-01,2026-06-01 11:28:02,V022,100.0,1.0185556608622774
2026-06-01,2026-06-01 11:28:03,V022,101.0,0.9854300673808077
2026-06-01,2026-06-01 11:28:04,V022,101.0,1.0202989732158723
2026-06-01,2026-06-01 11:28:05,V022,102.0,0.9517463535617213
2026-06-01,2026-06-01 11:28:06,V022,102.0,1.0436333371841184
2026-06-01,2026-06-01 11:28:07,V022,103.0,0.9399262030842698
2026-06-01,2026-06-01 11:28:08,V022,104.0,0.9481484591133681
2026-06-01,2026-06-01 11:28:09,V022,105.0,0.9550770759924725
2026-06-01,2026-06-01 11:28:10,V022,106.0,0.9488952815043278
2026-06-01,2026-06-01 11:28:11,V022,108.0,1.0141816485687032
2026-06-01,2026-06-01 11:28:12,V022,109.0,1.0170095775198276
2026-06-01,2026-06-01 11:28:13,V022,109.0,0.9983122732977984
2026-06-01,2026-06-01 11:28:14,V022,110.0,0.954883587170865
2026-06-01,2026-06-01 11:28:15,V022,110.0,0.9755219482677392
2026-06-01,2026-06-01 11:28:16,V022,110.0,0.9692500404778153
2026-06-01,2026-06-01 11:28:17,V022,110.0,0.9824626153092019
2026-06-01,2026-06-01 11:28:18,V022,110.0,0.9580478866499051
2026-06-01,2026-06-01 11:28:19,V022,110.0,0.9716692114367415
2026-06-01,2026-06-01 11:28:20,V022,110.0,0.9409078837836503
2026-06-01,2026-06-01 11:28:21,V022,110.0,1.085977805814517
2026-06-01,2026-06-01 11:28:22,V022,111.0,0.984031683965701
2026-06-01,2026-06-01 11:28:23,V022,110.0,0.9683768177771688
2026-06-01,2026-06-01 11:28:24,V022,110.0,0.9593646162008611
2026-06-01,2026-06-01 11:28:25,V022,110.0,1.013314384575928
2026-06-01,2026-06-01 11:28:26,V022,110.0,1.0884108522268612
2026-06-01,2026-06-01 11:28:27,V022,110.0,1.0106318006994908
2026-06-01,2026-06-01 11:28:28,V022,110.0,0.938473171622401
2026-06-01,2026-06-01 11:28:29,V022,110.0,0.9415737321201055
2026-06-01,2026-06-01 11:28:30,V022,109.0,0.9686271087294275
2026-06-01,2026-06-01 11:28:31,V022,109.0,0.9846102196306772
2026-06-01,2026-06-01 11:28:32,V022,109.0,0.9536607589923192
2026-06-01,2026-06-01 11:28:33,V022,109.0,0.9832717003396629
2026-06-01,2026-06-01 11:28:34,V022,108.0,0.971016102388598
2026-06-01,2026-06-01 11:28:35,V022,108.0,0.9811631742243186
2026-06-01,2026-06-01 11:28:36,V022,107.0,0.9476338762342097
2026-06-01,2026-06-01 11:28:37,V022,106.0,0.9446004081263628
2026-06-01,2026-06-01 11:28:38,V022,105.0,1.0291302309458872
2026-06-01,2026-06-01 11:28:39,V022,104.0,0.9388524806377083
2026-06-01,2026-06-01 11:28:40,V022,104.0,0.9581582070175961
2026-06-01,2026-06-01 11:28:41,V022,104.0,0.9792831112363244
2026-06-01,2026-06-01 11:28:42,V022,104.0,1.0008770909837665
2026-06-01,2026-06-01 11:28:43,V022,103.0,1.0185797982098899
2026-06-01,2026-06-01 11:28:44,V022,103.0,0.9652876187005328
2026-06-01,2026-06-01 11:28:45,V022,103.0,0.9676671681053931
2026-06-01,2026-06-01 11:28:46,V022,103.0,0.9611658638940879
2026-06-01,2026-06-01 11:28:47,V022,103.0,0.9396186587972323
2026-06-01,2026-06-01 11:28:48,V022,104.0,1.007615031331473
2026-06-01,2026-06-01 11:28:49,V022,104.0,1.0464945145562699
2026-06-01,2026-06-01 11:28:50,V022,104.0,1.2210951671121444
2026-06-01,2026-06-01 11:28:51,V022,105.0,1.017345627604509
2026-06-01,2026-06-01 11:28:52,V022,105.0,0.9683790559203119
2026-06-01,2026-06-01 11:28:53,V022,105.0,1.0083939761100398
2026-06-01,2026-06-01 11:28:54,V022,105.0,0.9696101092514462
2026-06-01,2026-06-01 11:28:55,V022,105.0,0.9612086281129552
2026-06-01,2026-06-01 11:28:56,V022,105.0,0.9472435122145524
2026-06-01,2026-06-01 11:28:57,V022,104.0,0.9559161145110724
2026-06-01,2026-06-01 11:28:58,V022,104.0,0.9814691770696656
2026-06-01,2026-06-01 11:28:59,V022,103.0,0.9525275402045573
2026-06-01,2026-06-01 11:29:00,V022,103.0,0.9440900863136976
2026-06-01,2026-06-01 11:29:01,V022,102.0,0.9484821244232579
2026-06-01,2026-06-01 11:29:02,V022,101.0,0.9535623755099678
2026-06-01,2026-06-01 11:29:03,V022,102.0,0.9441966738066004
2026-06-01,2026-06-01 11:29:04,V022,102.0,1.0676228607049643
2026-06-01,2026-06-01 11:29:05,V022,102.0,1.021397116804069
2026-06-01,2026-06-01 11:29:06,V022,103.0,1.0649467981880267
2026-06-01,2026-06-01 11:29:07,V022,103.0,1.069362250983205
2026-06-01,2026-06-01 11:29:08,V022,103.0,1.1143494758621195
2026-06-01,2026-06-01 11:29:09,V022,103.0,1.0314388381284936
2026-06-01,2026-06-01 11:29:10,V022,104.0,0.944526745960894
2026-06-01,2026-06-01 11:29:11,V022,104.0,0.9390331246508964
2026-06-01,2026-06-01 11:29:12,V022,104.0,1.0580297905906821
2026-06-01,2026-06-01 11:29:13,V022,104.0,1.002731494132366
2026-06-01,2026-06-01 11:29:14,V022,104.0,0.9836751563937819
2026-06-01,2026-06-01 11:29:15,V022,104.0,0.9732383727496339
2026-06-01,2026-06-01 11:29:16,V022,103.0,0.9771652673289103
2026-06-01,2026-06-01 11:29:17,V022,103.0,0.9841241038283113
2026-06-01,2026-06-01 11:29:18,V022,103.0,0.9709098303562637
2026-06-01,2026-06-01 11:29:19,V022,103.0,0.9677237084097949
2026-06-01,2026-06-01 11:29:20,V022,103.0,0.9363091551063843
2026-06-01,2026-06-01 11:29:21,V022,103.0,0.9628587725500006
2026-06-01,2026-06-01 11:29:22,V022,104.0,0.9659976856416194
2026-06-01,2026-06-01 11:29:23,V022,104.0,0.9481859233235831
2026-06-01,2026-06-01 11:29:24,V022,104.0,0.9432673749283578
2026-06-01,2026-06-01 11:29:25,V022,104.0,0.9392960579971644
2026-06-01,2026-06-01 11:29:26,V022,103.0,0.9757072016419115
2026-06-01,2026-06-01 11:29:27,V022,103.0,0.9526877325199896
2026-06-01,2026-06-01 11:29:28,V022,104.0,0.9872151822237014
2026-06-01,2026-06-01 11:29:29,V022,103.0,0.9513949276910543
2026-06-01,2026-06-01 11:29:30,V022,103.0,0.9304477354580719
2026-06-01,2026-06-01 11:29:31,V022,103.0,1.0960872217479878
2026-06-01,2026-06-01 11:29:32,V022,103.0,0.9858942339121833
2026-06-01,2026-06-01 11:29:33,V022,103.0,0.9560179959777046
2026-06-01,2026-06-01 11:29:34,V022,103.0,0.9208291632089529
2026-06-01,2026-06-01 11:29:35,V022,103.0,1.0546057162590547
2026-06-01,2026-06-01 11:29:36,V022,103.0,1.00040329132877
2026-06-01,2026-06-01 11:29:37,V022,102.0,0.9720828993530046
2026-06-01,2026-06-01 11:29:38,V022,102.0,0.94149536459848
2026-06-01,2026-06-01 11:29:39,V022,103.0,0.9465089220468733
2026-06-01,2026-06-01 11:29:40,V022,103.0,0.9476913670169759
2026-06-01,2026-06-01 11:29:41,V022,103.0,0.9813801312574123
2026-06-01,2026-06-01 11:29:42,V022,103.0,1.2407380836659736
2026-06-01,2026-06-01 11:29:43,V022,103.0,1.003439434362932
2026-06-01,2026-06-01 11:29:44,V022,103.0,1.0735292589907894
2026-06-01,2026-06-01 11:29:45,V022,103.0,0.9530660559579459
2026-06-01,2026-06-01 11:29:46,V022,103.0,0.9886556130224489
2026-06-01,2026-06-01 11:29:47,V022,103.0,0.9597706594137418
2026-06-01,2026-06-01 11:29:48,V022,103.0,0.9745142395714395
2026-06-01,2026-06-01 11:29:49,V022,103.0,0.9952617166990133
2026-06-01,2026-06-01 11:29:50,V022,103.0,0.9609306638809284
2026-06-01,2026-06-01 11:29:51,V022,103.0,0.9817977272087742
2026-06-01,2026-06-01 11:29:52,V022,103.0,1.0026062915551641
2026-06-01,2026-06-01 11:29:53,V022,102.0,0.9406259738363859
2026-06-01,2026-06-01 11:29:54,V022,102.0,0.9689857849131209
2026-06-01,2026-06-01 11:29:55,V022,102.0,0.9579471944803769
2026-06-01,2026-06-01 11:29:56,V022,102.0,0.9493266909253388
2026-06-01,2026-06-01 11:29:57,V022,102.0,0.9724152276848333
2026-06-01,2026-06-01 11:29:58,V022,101.0,0.968755098229826
2026-06-01,2026-06-01 11:29:59,V022,101.0,1.0002827672872374
2026-06-01,2026-06-01 11:30:00,V022,101.0,1.0762077799357
2026-06-01,2026-06-01 11:30:01,V022,101.0,1.059740728013185
2026-06-01,2026-06-01 11:30:02,V022,100.0,0.9775308460512648
2026-06-01,2026-06-01 11:30:03,V022,99.0,0.9286845519137222
2026-06-01,2026-06-01 11:30:04,V022,98.0,0.9422291960819038
2026-06-01,2026-06-01 11:30:05,V022,97.0,0.9831503851898046
2026-06-01,2026-06-01 11:30:06,V022,96.0,0.9573981535868162
2026-06-01,2026-06-01 11:30:07,V022,96.0,0.9563536549713619
2026-06-01,2026-06-01 11:30:08,V022,95.0,0.9550429928673853
2026-06-01,2026-06-01 11:30:09,V022,96.0,0.9830682182487289
2026-06-01,2026-06-01 11:30:10,V022,96.0,0.9657019898779869
2026-06-01,2026-06-01 11:30:11,V022,96.0,0.9553915818624801
2026-06-01,2026-06-01 11:30:12,V022,96.0,0.9450570012944302
2026-06-01,2026-06-01 11:30:13,V022,97.0,1.08402204512325
2026-06-01,2026-06-01 11:30:14,V022,97.0,1.0323762050729388
2026-06-01,2026-06-01 11:30:15,V022,98.0,1.1037578547792342
2026-06-01,2026-06-01 11:30:16,V022,99.0,0.9839571049385926
2026-06-01,2026-06-01 11:30:17,V022,100.0,1.0008534400352054
2026-06-01,2026-06-01 11:30:18,V022,100.0,1.055113551178074
2026-06-01,2026-06-01 11:30:19,V022,100.0,1.1535950937811013
2026-06-01,2026-06-01 11:30:20,V022,100.0,1.0204310889274424
2026-06-01,2026-06-01 11:30:21,V022,100.0,1.0042940413958954
2026-06-01,2026-06-01 11:30:22,V022,101.0,1.0175178756880325
2026-06-01,2026-06-01 11:30:23,V022,102.0,1.0524802318049304
2026-06-01,2026-06-01 11:30:24,V022,103.0,1.0621947927316702
2026-06-01,2026-06-01 11:30:25,V022,104.0,0.957121624134185
2026-06-01,2026-06-01 11:30:26,V022,105.0,0.9988226169946038
2026-06-01,2026-06-01 11:30:27,V022,108.0,1.0502894480779859
2026-06-01,2026-06-01 11:30:28,V022,110.0,0.9935502779015062
2026-06-01,2026-06-01 11:30:29,V022,112.0,0.9821657329860073
2026-06-01,2026-06-01 11:30:30,V022,113.0,0.8037160065256165
2026-06-01,2026-06-01 11:30:31,V022,113.0,1.254014805308371
2026-06-01,2026-06-01 11:30:32,V022,113.0,1.0091856007834132
2026-06-01,2026-06-01 11:30:33,V022,113.0,0.950142241919319
2026-06-01,2026-06-01 11:30:34,V022,113.0,0.9757778850801685
2026-06-01,2026-06-01 11:30:35,V022,112.0,1.0474007033286368
2026-06-01,2026-06-01 11:30:36,V022,111.0,1.066796403088168
2026-06-01,2026-06-01 11:30:37,V022,111.0,1.0363519086014892
2026-06-01,2026-06-01 11:30:38,V022,111.0,0.9981942947463058
2026-06-01,2026-06-01 11:30:39,V022,111.0,0.9731298141467283
2026-06-01,2026-06-01 11:30:40,V022,111.0,0.9489570412117856
2026-06-01,2026-06-01 11:30:41,V022,111.0,0.9536064767780572
2026-06-01,2026-06-01 11:30:42,V022,112.0,0.9370204626558605
2026-06-01,2026-06-01 11:30:43,V022,112.0,0.9699263213791612
2026-06-01,2026-06-01 11:30:44,V022,112.0,0.9607945401831945
2026-06-01,2026-06-01 11:30:45,V022,112.0,0.9692863473637451
2026-06-01,2026-06-01 11:30:46,V022,113.0,0.9555558781992188
2026-06-01,2026-06-01 11:30:47,V022,113.0,0.9697932642187034
2026-06-01,2026-06-01 11:30:48,V022,113.0,0.9695135582652644
2026-06-01,2026-06-01 11:30:49,V022,113.0,0.9515331405122285
2026-06-01,2026-06-01 11:30:50,V022,113.0,0.9754649082850475
2026-06-01,2026-06-01 11:30:51,V022,113.0,0.9568367907113658
2026-06-01,2026-06-01 11:30:52,V022,113.0,0.9927058010592725
2026-06-01,2026-06-01 11:30:53,V022,113.0,0.9515457889469816
2026-06-01,2026-06-01 11:30:54,V022,113.0,0.9495393800768048
2026-06-01,2026-06-01 11:30:55,V022,113.0,0.9475495632306798
2026-06-01,2026-06-01 11:30:56,V022,113.0,0.9504782358191091
2026-06-01,2026-06-01 11:30:57,V022,113.0,0.9475126399103441
2026-06-01,2026-06-01 11:30:58,V022,113.0,1.004994860836389
2026-06-01,2026-06-01 11:30:59,V022,113.0,1.0004549512273389
2026-06-01,2026-06-01 11:31:00,V022,113.0,0.9636095759363803
2026-06-01,2026-06-01 11:31:01,V022,113.0,0.9487084838721699
2026-06-01,2026-06-01 11:31:02,V022,113.0,0.9469853200042899
2026-06-01,2026-06-01 11:31:03,V022,113.0,0.9427775529924517
2026-06-01,2026-06-01 11:31:04,V022,113.0,0.9441948970283497
2026-06-01,2026-06-01 11:31:05,V022,114.0,0.9756858207847844
2026-06-01,2026-06-01 11:31:06,V022,114.0,1.0303018553060095
2026-06-01,2026-06-01 11:31:07,V022,114.0,1.0392801632828397
2026-06-01,2026-06-01 11:31:08,V022,114.0,0.9582348606457808
2026-06-01,2026-06-01 11:31:09,V022,115.0,1.0389613330820362
2026-06-01,2026-06-01 11:31:10,V022,115.0,1.0877213481514456
2026-06-01,2026-06-01 11:31:11,V022,117.0,0.9883253594160472
2026-06-01,2026-06-01 11:31:12,V022,119.0,1.0734842885294749
2026-06-01,2026-06-01 11:31:13,V022,121.0,0.9781452219620024
2026-06-01,2026-06-01 11:31:14,V022,122.0,1.018210991991251
2026-06-01,2026-06-01 11:31:15,V022,123.0,0.941496056673696
2026-06-01,2026-06-01 11:31:16,V022,124.0,0.9595909735920665
2026-06-01,2026-06-01 11:31:17,V022,125.0,0.9581113435968783
2026-06-01,2026-06-01 11:31:18,V022,125.0,0.9463838204741054
2026-06-01,2026-06-01 11:31:19,V022,126.0,0.9540204343776728
2026-06-01,2026-06-01 11:31:20,V022,127.0,0.9762698585732749
2026-06-01,2026-06-01 11:31:21,V022,127.0,1.0474698689548534
2026-06-01,2026-06-01 11:31:22,V022,127.0,0.9662240191695175
2026-06-01,2026-06-01 11:31:23,V022,126.0,1.1094554904460119
2026-06-01,2026-06-01 11:31:24,V022,126.0,1.3696937228343016
2026-06-01,2026-06-01 11:31:25,V022,125.0,1.0255302984212837
2026-06-01,2026-06-01 11:31:26,V022,125.0,1.0320042419408313
2026-06-01,2026-06-01 11:31:27,V022,125.0,0.9864463303329908
2026-06-01,2026-06-01 11:31:28,V022,124.0,0.9663222736757944
2026-06-01,2026-06-01 11:31:29,V022,124.0,1.0755580846318489
2026-06-01,2026-06-01 11:31:30,V022,124.0,0.9412920812530241
2026-06-01,2026-06-01 11:31:31,V022,124.0,0.9319357738243658
2026-06-01,2026-06-01 11:31:32,V022,124.0,0.9742016138157359
2026-06-01,2026-06-01 11:31:33,V022,124.0,0.9746405595931298
2026-06-01,2026-06-01 11:31:34,V022,124.0,0.9557708262038306
2026-06-01,2026-06-01 11:31:35,V022,124.0,0.951926130258714
2026-06-01,2026-06-01 11:31:36,V022,124.0,0.9535742078660471
2026-06-01,2026-06-01 11:31:37,V022,125.0,0.945485801229574
2026-06-01,2026-06-01 11:31:38,V022,125.0,0.9553013249023586
2026-06-01,2026-06-01 11:31:39,V022,125.0,0.9414301855164284
2026-06-01,2026-06-01 11:31:40,V022,125.0,0.9567517185232403
2026-06-01,2026-06-01 11:31:41,V022,125.0,0.9508112396007506
2026-06-01,2026-06-01 11:31:42,V022,125.0,0.9519238174496244
2026-06-01,2026-06-01 11:31:43,V022,125.0,0.9525507081158827
2026-06-01,2026-06-01 11:31:44,V022,125.0,0.9524580052127931
2026-06-01,2026-06-01 11:31:45,V022,124.0,0.9618416905219535
2026-06-01,2026-06-01 11:31:46,V022,124.0,0.9819950421295958
2026-06-01,2026-06-01 11:31:47,V022,123.0,0.9833521919531086
2026-06-01,2026-06-01 11:31:48,V022,123.0,0.9663478285678835
2026-06-01,2026-06-01 11:31:49,V022,122.0,0.9521521148971984
2026-06-01,2026-06-01 11:31:50,V022,122.0,0.9541649155532388
2026-06-01,2026-06-01 11:31:51,V022,122.0,0.9513234084386109
2026-06-01,2026-06-01 11:31:52,V022,123.0,0.9663860517403593
2026-06-01,2026-06-01 11:31:53,V022,123.0,0.9590581089361782
2026-06-01,2026-06-01 11:31:54,V022,123.0,0.9650669572962515
2026-06-01,2026-06-01 11:31:55,V022,123.0,1.0000264964695258
2026-06-01,2026-06-01 11:31:56,V022,123.0,0.9577483177648902
2026-06-01,2026-06-01 11:31:57,V022,123.0,0.9500479867460349
2026-06-01,2026-06-01 11:31:58,V022,123.0,0.9552500218500365
2026-06-01,2026-06-01 11:31:59,V022,123.0,0.9938283449278289
2026-06-01,2026-06-01 11:32:00,V022,122.0,1.0127170132518302
2026-06-01,2026-06-01 11:32:01,V022,122.0,1.0158004258963498
2026-06-01,2026-06-01 11:32:02,V022,122.0,0.9958148518329872
2026-06-01,2026-06-01 11:32:03,V022,122.0,0.9603413029860696
2026-06-01,2026-06-01 11:32:04,V022,122.0,0.9576486983899438
2026-06-01,2026-06-01 11:32:05,V022,122.0,0.9552079592149892
2026-06-01,2026-06-01 11:32:06,V022,122.0,0.9549532922898213
2026-06-01,2026-06-01 11:32:07,V022,121.0,0.9532306188739968
2026-06-01,2026-06-01 11:32:08,V022,121.0,0.9738729317057809
2026-06-01,2026-06-01 11:32:09,V022,121.0,1.0585314598402897
2026-06-01,2026-06-01 11:32:10,V022,121.0,0.9660379033876804
2026-06-01,2026-06-01 11:32:11,V022,121.0,1.1782237102869908
2026-06-01,2026-06-01 11:32:12,V022,121.0,0.9582927577072133
2026-06-01,2026-06-01 11:32:13,V022,121.0,0.9734370642990604
2026-06-01,2026-06-01 11:32:14,V022,121.0,0.9905926906300878
2026-06-01,2026-06-01 11:32:15,V022,121.0,0.9599133096693899
2026-06-01,2026-06-01 11:32:16,V022,121.0,0.9558454678158456
2026-06-01,2026-06-01 11:32:17,V022,121.0,0.9711289803261481
2026-06-01,2026-06-01 11:32:18,V022,121.0,0.9503393488373879
2026-06-01,2026-06-01 11:32:19,V022,121.0,0.9464151302502883
2026-06-01,2026-06-01 11:32:20,V022,121.0,0.9495109069670836
2026-06-01,2026-06-01 11:32:21,V022,121.0,0.9413629237427261
2026-06-01,2026-06-01 11:32:22,V022,121.0,0.9518345108167461
2026-06-01,2026-06-01 11:32:23,V022,121.0,1.1154459319513916
2026-06-01,2026-06-01 11:32:24,V022,121.0,1.2109464615579324
2026-06-01,2026-06-01 11:32:25,V022,121.0,1.034544213029272
2026-06-01,2026-06-01 11:32:26,V022,121.0,0.9721563712882667
2026-06-01,2026-06-01 11:32:27,V022,120.0,0.9610383331392489
2026-06-01,2026-06-01 11:32:28,V022,120.0,0.9644871535556111
2026-06-01,2026-06-01 11:32:29,V022,120.0,0.944397820126729
2026-06-01,2026-06-01 11:32:30,V022,120.0,0.9596057182927956
2026-06-01,2026-06-01 11:32:31,V022,119.0,0.9663438775855977
2026-06-01,2026-06-01 11:32:32,V022,119.0,0.9596751984090289
2026-06-01,2026-06-01 11:32:33,V022,119.0,0.9524674313562095
2026-06-01,2026-06-01 11:32:34,V022,119.0,0.9447626976401655
2026-06-01,2026-06-01 11:32:35,V022,118.0,0.9471831593992323
2026-06-01,2026-06-01 11:32:36,V022,118.0,0.9466789881545793
2026-06-01,2026-06-01 11:32:37,V022,118.0,0.9853153829383507
2026-06-01,2026-06-01 11:32:38,V022,118.0,0.9950023660484973
2026-06-01,2026-06-01 11:32:39,V022,118.0,0.9533399742625692
2026-06-01,2026-06-01 11:32:40,V022,118.0,0.9398483194025876
2026-06-01,2026-06-01 11:32:41,V022,118.0,0.9405377571236805
2026-06-01,2026-06-01 11:32:42,V022,118.0,0.947095025748137
2026-06-01,2026-06-01 11:32:43,V022,118.0,0.9373395504666575
2026-06-01,2026-06-01 11:32:44,V022,118.0,0.9404041611685665
2026-06-01,2026-06-01 11:32:45,V022,118.0,0.9410471781372709
2026-06-01,2026-06-01 11:32:46,V022,118.0,0.9447341286902904
2026-06-01,2026-06-01 11:32:47,V022,118.0,0.9396838549458653
2026-06-01,2026-06-01 11:32:48,V022,118.0,0.9553057477993326
2026-06-01,2026-06-01 11:32:49,V022,118.0,0.9410021323025569
2026-06-01,2026-06-01 11:32:50,V022,118.0,0.9422150184941165
2026-06-01,2026-06-01 11:32:51,V022,117.0,0.9438027420789626
2026-06-01,2026-06-01 11:32:52,V022,117.0,0.942071180713222
2026-06-01,2026-06-01 11:32:53,V022,117.0,0.9442015182200881
2026-06-01,2026-06-01 11:32:54,V022,117.0,0.9388206674721519
2026-06-01,2026-06-01 11:32:55,V022,118.0,0.9415052481292798
2026-06-01,2026-06-01 11:32:56,V022,118.0,0.94185645650262
2026-06-01,2026-06-01 11:32:57,V022,118.0,0.9404142164311161
2026-06-01,2026-06-01 11:32:58,V022,119.0,0.9431118132950155
2026-06-01,2026-06-01 11:32:59,V022,119.0,0.9419697378368775
2026-06-01,2026-06-01 11:33:00,V022,119.0,0.9427119499216069
2026-06-01,2026-06-01 11:33:01,V022,119.0,0.9406221266184208
2026-06-01,2026-06-01 11:33:02,V022,119.0,0.942541675727942
2026-06-01,2026-06-01 11:33:03,V022,120.0,0.9424321266994099
2026-06-01,2026-06-01 11:33:04,V022,120.0,0.9477658806209102
2026-06-01,2026-06-01 11:33:05,V022,120.0,0.9531716869010533
2026-06-01,2026-06-01 11:33:06,V022,120.0,0.9459178068659476
2026-06-01,2026-06-01 11:33:07,V022,120.0,0.9487610767210621
2026-06-01,2026-06-01 11:33:08,V022,120.0,0.9348976015277416
2026-06-01,2026-06-01 11:33:09,V022,121.0,0.9444656893635417
2026-06-01,2026-06-01 11:33:10,V022,121.0,0.941916390295575
2026-06-01,2026-06-01 11:33:11,V022,121.0,0.9417918174586035
2026-06-01,2026-06-01 11:33:12,V022,121.0,0.9378974244934488
2026-06-01,2026-06-01 11:33:13,V022,121.0,0.9466112330079234
2026-06-01,2026-06-01 11:33:14,V022,120.0,0.9392445581339166
2026-06-01,2026-06-01 11:33:15,V022,120.0,0.9907419605532931
2026-06-01,2026-06-01 11:33:16,V022,119.0,0.9874425367953314
2026-06-01,2026-06-01 11:33:17,V022,119.0,0.9814896530562394
2026-06-01,2026-06-01 11:33:18,V022,119.0,0.945677567117052
2026-06-01,2026-06-01 11:33:19,V022,119.0,0.9551714421572832
2026-06-01,2026-06-01 11:33:20,V022,119.0,0.9551890159593438
2026-06-01,2026-06-01 11:33:21,V022,118.0,0.9505796590092401
2026-06-01,2026-06-01 11:33:22,V022,118.0,0.9443452695621302
2026-06-01,2026-06-01 11:33:23,V022,118.0,0.9498866247158609
2026-06-01,2026-06-01 11:33:24,V022,118.0,0.9441050249553443
2026-06-01,2026-06-01 11:33:25,V022,118.0,0.9507401046550495
2026-06-01,2026-06-01 11:33:26,V022,118.0,0.9467309380187979
2026-06-01,2026-06-01 11:33:27,V022,118.0,0.9434616603081986
2026-06-01,2026-06-01 11:33:28,V022,118.0,0.9399807441278658
2026-06-01,2026-06-01 11:33:29,V022,117.0,0.942533643953823
2026-06-01,2026-06-01 11:33:30,V022,117.0,0.942453352792037
2026-06-01,2026-06-01 11:33:31,V022,117.0,0.9422090821683319
2026-06-01,2026-06-01 11:33:32,V022,117.0,0.9429688710583958
2026-06-01,2026-06-01 11:33:33,V022,117.0,0.9440907003739893
2026-06-01,2026-06-01 11:33:34,V022,117.0,0.9404045054726559
2026-06-01,2026-06-01 11:33:35,V022,118.0,0.9417056099069951
2026-06-01,2026-06-01 11:33:36,V022,118.0,0.9405780866178525
2026-06-01,2026-06-01 11:33:37,V022,119.0,0.9387318166103055
2026-06-01,2026-06-01 11:33:38,V022,119.0,0.9419380448251444
2026-06-01,2026-06-01 11:33:39,V022,121.0,0.9429335496377121
2026-06-01,2026-06-01 11:33:40,V022,122.0,0.9423340147154952
2026-06-01,2026-06-01 11:33:41,V022,123.0,0.9454838083373505
2026-06-01,2026-06-01 11:33:42,V022,123.0,0.9483675302678667
2026-06-01,2026-06-01 11:33:43,V022,125.0,0.9498487435774693
2026-06-01,2026-06-01 11:33:44,V022,126.0,0.9461675527991456
2026-06-01,2026-06-01 11:33:45,V022,127.0,0.9503406029037271
2026-06-01,2026-06-01 11:33:46,V022,128.0,0.9445858088162267
2026-06-01,2026-06-01 11:33:47,V022,129.0,0.9493536954998021
2026-06-01,2026-06-01 11:33:48,V022,129.0,0.9476101688322723
2026-06-01,2026-06-01 11:33:49,V022,129.0,0.9414739715222297
2026-06-01,2026-06-01 11:33:50,V022,129.0,0.949303556875383
2026-06-01,2026-06-01 11:33:51,V022,129.0,0.9454399095874102
2026-06-01,2026-06-01 11:33:52,V022,128.0,0.9430093248843349
2026-06-01,2026-06-01 11:33:53,V022,128.0,0.9426758394420874
2026-06-01,2026-06-01 11:33:54,V022,128.0,0.946210097368438
2026-06-01,2026-06-01 11:33:55,V022,127.0,0.940599869080428
2026-06-01,2026-06-01 11:33:56,V022,127.0,0.9641961294043957
2026-06-01,2026-06-01 11:33:57,V022,126.0,0.953372996650218
2026-06-01,2026-06-01 11:33:58,V022,125.0,0.9551293459967757
2026-06-01,2026-06-01 11:33:59,V022,122.0,0.9387218153334206
2026-06-01,2026-06-01 11:34:00,V022,120.0,0.9468363415394068
2026-06-01,2026-06-01 11:34:01,V022,118.0,0.9509125961398441
2026-06-01,2026-06-01 11:34:02,V022,117.0,0.9431525926770026
2026-06-01,2026-06-01 11:34:03,V022,116.0,0.944869615322087
2026-06-01,2026-06-01 11:34:04,V022,116.0,0.9461602046532099
2026-06-01,2026-06-01 11:34:05,V022,116.0,0.9597391390283564
2026-06-01,2026-06-01 11:34:06,V022,116.0,0.9395098214995321
2026-06-01,2026-06-01 11:34:07,V022,116.0,0.9998689787606019
2026-06-01,2026-06-01 11:34:08,V022,116.0,0.977527687698187
2026-06-01,2026-06-01 11:34:09,V022,116.0,0.9530551832558557
2026-06-01,2026-06-01 11:34:10,V022,116.0,0.9362064470713507
2026-06-01,2026-06-01 11:34:11,V022,116.0,0.9383264026592512
2026-06-01,2026-06-01 11:34:12,V022,115.0,0.9948147373065909
2026-06-01,2026-06-01 11:34:13,V022,115.0,0.982674641644533
2026-06-01,2026-06-01 11:34:14,V022,115.0,1.059286653700863
2026-06-01,2026-06-01 11:34:15,V022,115.0,1.0688444243512634
2026-06-01,2026-06-01 11:34:16,V022,115.0,0.9496234010844121
2026-06-01,2026-06-01 11:34:17,V022,115.0,0.9559128126996123
2026-06-01,2026-06-01 11:34:18,V022,115.0,0.9663637545053265
2026-06-01,2026-06-01 11:34:19,V022,115.0,0.9925159369962578
2026-06-01,2026-06-01 11:34:20,V022,114.0,0.9735431857476917
2026-06-01,2026-06-01 11:34:21,V022,114.0,0.9950903326602948
2026-06-01,2026-06-01 11:34:22,V022,114.0,0.9963724369200667
2026-06-01,2026-06-01 11:34:23,V022,113.0,0.9929271957551054
2026-06-01,2026-06-01 11:34:24,V022,112.0,0.9688824166273795
2026-06-01,2026-06-01 11:34:25,V022,110.0,1.0370624922280518
2026-06-01,2026-06-01 11:34:26,V022,108.0,0.9471892125677229
2026-06-01,2026-06-01 11:34:27,V022,107.0,0.9585827902508387
2026-06-01,2026-06-01 11:34:28,V022,105.0,0.9438454625498407
2026-06-01,2026-06-01 11:34:29,V022,106.0,0.9412212300787497
2026-06-01,2026-06-01 11:34:30,V022,106.0,0.9672544059303648
2026-06-01,2026-06-01 11:34:31,V022,106.0,0.9528020963928836
2026-06-01,2026-06-01 11:34:32,V022,106.0,0.9868604450774252
2026-06-01,2026-06-01 11:34:33,V022,106.0,0.9480663440640335
2026-06-01,2026-06-01 11:34:34,V022,106.0,0.9478367188487246
2026-06-01,2026-06-01 11:34:35,V022,106.0,0.9467946138458829
2026-06-01,2026-06-01 11:34:36,V022,106.0,0.9469708050076846
2026-06-01,2026-06-01 11:34:37,V022,107.0,0.959569874272694
2026-06-01,2026-06-01 11:34:38,V022,107.0,0.9920729897138555
2026-06-01,2026-06-01 11:34:39,V022,107.0,0.9532422475464967
2026-06-01,2026-06-01 11:34:40,V022,106.0,0.9494034043084317
2026-06-01,2026-06-01 11:34:41,V022,106.0,0.9535224727023788
2026-06-01,2026-06-01 11:34:42,V022,106.0,0.9525808741422728
2026-06-01,2026-06-01 11:34:43,V022,106.0,0.9594439637155742
2026-06-01,2026-06-01 11:34:44,V022,107.0,0.9531296283390376
2026-06-01,2026-06-01 11:34:45,V022,107.0,0.9527967791824276
2026-06-01,2026-06-01 11:34:46,V022,107.0,0.9702561444147614
2026-06-01,2026-06-01 11:34:47,V022,107.0,0.949841737695256
2026-06-01,2026-06-01 11:34:48,V022,107.0,0.9552712092338846
2026-06-01,2026-06-01 11:34:49,V022,107.0,0.980427693212751
2026-06-01,2026-06-01 11:34:50,V022,107.0,0.9478225417065064
2026-06-01,2026-06-01 11:34:51,V022,106.0,0.9548303355635812
2026-06-01,2026-06-01 11:34:52,V022,106.0,0.9272895861777003
2026-06-01,2026-06-01 11:34:53,V022,106.0,0.9776364310550443
2026-06-01,2026-06-01 11:34:54,V022,105.0,0.9751081735291703
2026-06-01,2026-06-01 11:34:55,V022,105.0,0.9476010638285695
2026-06-01,2026-06-01 11:34:56,V022,104.0,0.9617333478529663
2026-06-01,2026-06-01 11:34:57,V022,104.0,0.9499310981131287
2026-06-01,2026-06-01 11:34:58,V022,103.0,0.936504232061306
2026-06-01,2026-06-01 11:34:59,V022,104.0,0.9602086326192014
2026-06-01,2026-06-01 11:35:00,V022,104.0,0.9620414327786775
2026-06-01,2026-06-01 11:35:01,V022,105.0,0.9502335306264925
2026-06-01,2026-06-01 11:35:02,V022,105.0,0.9522066665109186
2026-06-01,2026-06-01 11:35:03,V022,106.0,0.9487694424695284
2026-06-01,2026-06-01 11:35:04,V022,106.0,0.9529206291716393
2026-06-01,2026-06-01 11:35:05,V022,107.0,0.9475722526521929
2026-06-01,2026-06-01 11:35:06,V022,108.0,0.9525035792775148
2026-06-01,2026-06-01 11:35:07,V022,107.0,0.9508966455462278
2026-06-01,2026-06-01 11:35:08,V022,107.0,0.9469722486270492
2026-06-01,2026-06-01 11:35:09,V022,107.0,0.9498688537672542
2026-06-01,2026-06-01 11:35:10,V022,107.0,0.9514501554193109
2026-06-01,2026-06-01 11:35:11,V022,107.0,0.9500733406861338
2026-06-01,2026-06-01 11:35:12,V022,107.0,0.955555999798883
2026-06-01,2026-06-01 11:35:13,V022,107.0,0.956163388131107
2026-06-01,2026-06-01 11:35:14,V022,108.0,0.9833188618644315
2026-06-01,2026-06-01 11:35:15,V022,108.0,0.9814953509205959
2026-06-01,2026-06-01 11:35:16,V022,108.0,0.9415079845600487
2026-06-01,2026-06-01 11:35:17,V022,108.0,0.9485532030124852
2026-06-01,2026-06-01 11:35:18,V022,108.0,0.9468312182918688
2026-06-01,2026-06-01 11:35:19,V022,109.0,0.9914073519410562
2026-06-01,2026-06-01 11:35:20,V022,109.0,1.0038510989879446
2026-06-01,2026-06-01 11:35:21,V022,109.0,1.0113816720060067
2026-06-01,2026-06-01 11:35:22,V022,109.0,1.0131387179637048
2026-06-01,2026-06-01 11:35:23,V022,109.0,0.9961691250271741
2026-06-01,2026-06-01 11:35:24,V022,108.0,0.933850388235803
2026-06-01,2026-06-01 11:35:25,V022,109.0,0.9925562443448251
2026-06-01,2026-06-01 11:35:26,V022,109.0,0.9489484248152569
2026-06-01,2026-06-01 11:35:27,V022,109.0,0.9636688724050415
2026-06-01,2026-06-01 11:35:28,V022,109.0,0.9525151377442028
2026-06-01,2026-06-01 11:35:29,V022,109.0,0.9485688927038802
2026-06-01,2026-06-01 11:35:30,V022,109.0,0.9494236253585492
2026-06-01,2026-06-01 11:35:31,V022,109.0,0.9499377878822642
2026-06-01,2026-06-01 11:35:32,V022,109.0,0.9704579474418101
2026-06-01,2026-06-01 11:35:33,V022,109.0,0.9940930708308002
2026-06-01,2026-06-01 11:35:34,V022,109.0,0.9655542473745811
2026-06-01,2026-06-01 11:35:35,V022,109.0,0.9388147777375176
2026-06-01,2026-06-01 11:35:36,V022,109.0,0.9468250696943258
2026-06-01,2026-06-01 11:35:37,V022,109.0,0.9701250655346197
2026-06-01,2026-06-01 11:35:38,V022,109.0,0.940603763849921
2026-06-01,2026-06-01 11:35:39,V022,109.0,0.9947616507395528
2026-06-01,2026-06-01 11:35:40,V022,110.0,0.9688131352816383
2026-06-01,2026-06-01 11:35:41,V022,109.0,0.9831319835649218
2026-06-01,2026-06-01 11:35:42,V022,109.0,0.9546884477525707
2026-06-01,2026-06-01 11:35:43,V022,109.0,0.9497935652238648
2026-06-01,2026-06-01 11:35:44,V022,109.0,0.9461659681712443
2026-06-01,2026-06-01 11:35:45,V022,108.0,0.9689397268198816
2026-06-01,2026-06-01 11:35:46,V022,108.0,0.9731691752949552
2026-06-01,2026-06-01 11:35:47,V022,108.0,0.9701300912891803
2026-06-01,2026-06-01 11:35:48,V022,108.0,0.9921067057773304
2026-06-01,2026-06-01 11:35:49,V022,107.0,1.0006804610379887
2026-06-01,2026-06-01 11:35:50,V022,107.0,1.0133930222870622
2026-06-01,2026-06-01 11:35:51,V022,107.0,1.0183589001217042
2026-06-01,2026-06-01 11:35:52,V022,107.0,1.1745003072551292
2026-06-01,2026-06-01 11:35:53,V022,107.0,0.9680984105209698
2026-06-01,2026-06-01 11:35:54,V022,107.0,0.9463832628404051
2026-06-01,2026-06-01 11:35:55,V022,108.0,0.9391441796896262
2026-06-01,2026-06-01 11:35:56,V022,108.0,0.9414298040384523
2026-06-01,2026-06-01 11:35:57,V022,108.0,0.9442762473804039
2026-06-01,2026-06-01 11:35:58,V022,108.0,0.9510601236741899
2026-06-01,2026-06-01 11:35:59,V022,108.0,0.9504602416824126
2026-06-01,2026-06-01 11:36:00,V022,108.0,0.952113935402228
2026-06-01,2026-06-01 11:36:01,V022,108.0,0.9513206085119366
2026-06-01,2026-06-01 11:36:02,V022,108.0,0.9516362634879078
2026-06-01,2026-06-01 11:36:03,V022,108.0,0.9487993436317889
2026-06-01,2026-06-01 11:36:04,V022,108.0,0.9528510851139363
2026-06-01,2026-06-01 11:36:05,V022,108.0,0.9541700531112385
2026-06-01,2026-06-01 11:36:06,V022,107.0,0.9510035372760536
2026-06-01,2026-06-01 11:36:07,V022,106.0,0.9460656348278549
2026-06-01,2026-06-01 11:36:08,V022,104.0,0.9458982301556269
2026-06-01,2026-06-01 11:36:09,V022,105.0,0.9528947335136437
2026-06-01,2026-06-01 11:36:10,V022,105.0,0.9586539157489705
2026-06-01,2026-06-01 11:36:11,V022,105.0,0.954898718714159
2026-06-01,2026-06-01 11:36:12,V022,105.0,0.9779505954613411
2026-06-01,2026-06-01 11:36:13,V022,105.0,0.9938744419898962
2026-06-01,2026-06-01 11:36:14,V022,105.0,1.0413832878621394
2026-06-01,2026-06-01 11:36:15,V022,105.0,1.1181639455455992
2026-06-01,2026-06-01 11:36:16,V022,105.0,1.018569563425879
2026-06-01,2026-06-01 11:36:17,V022,105.0,1.0234818531771877
2026-06-01,2026-06-01 11:36:18,V022,105.0,1.0042899839779378
2026-06-01,2026-06-01 11:36:19,V022,105.0,0.9949384475215113
2026-06-01,2026-06-01 11:36:20,V022,105.0,0.9888934840388598
2026-06-01,2026-06-01 11:36:21,V022,105.0,1.006128853669219
2026-06-01,2026-06-01 11:36:22,V022,106.0,0.9647396477216474
2026-06-01,2026-06-01 11:36:23,V022,106.0,1.0054986099889451
2026-06-01,2026-06-01 11:36:24,V022,106.0,0.967393401167596
2026-06-01,2026-06-01 11:36:25,V022,107.0,0.9715449838888282
2026-06-01,2026-06-01 11:36:26,V022,107.0,1.0341831179766505
2026-06-01,2026-06-01 11:36:27,V022,107.0,0.9787554011283753
2026-06-01,2026-06-01 11:36:28,V022,107.0,0.9791732414322333
2026-06-01,2026-06-01 11:36:29,V022,108.0,0.9643637500083045
2026-06-01,2026-06-01 11:36:30,V022,108.0,0.9720229566658245
2026-06-01,2026-06-01 11:36:31,V022,108.0,1.0886840458729663
2026-06-01,2026-06-01 11:36:32,V022,108.0,0.9164255124219662
2026-06-01,2026-06-01 11:36:33,V022,108.0,0.9615158222538831
2026-06-01,2026-06-01 11:36:34,V022,108.0,0.9414281336672942
2026-06-01,2026-06-01 11:36:35,V022,108.0,0.9787639590211732
2026-06-01,2026-06-01 11:36:36,V022,109.0,0.9645213784306067
2026-06-01,2026-06-01 11:36:37,V022,109.0,0.9503313950002371
2026-06-01,2026-06-01 11:36:38,V022,109.0,0.9875999701114422
2026-06-01,2026-06-01 11:36:39,V022,109.0,1.0434515201161143
2026-06-01,2026-06-01 11:36:40,V022,109.0,0.9702113153877329
2026-06-01,2026-06-01 11:36:41,V022,109.0,0.9666048524731349
2026-06-01,2026-06-01 11:36:42,V022,109.0,0.9502258396762515
2026-06-01,2026-06-01 11:36:43,V022,109.0,1.0033517149306515
2026-06-01,2026-06-01 11:36:44,V022,109.0,0.9934745900055546
2026-06-01,2026-06-01 11:36:45,V022,109.0,0.9520378181195359
2026-06-01,2026-06-01 11:36:46,V022,110.0,0.9613790283748757
2026-06-01,2026-06-01 11:36:47,V022,110.0,0.9749415679891811
2026-06-01,2026-06-01 11:36:48,V022,110.0,0.952676024441456
2026-06-01,2026-06-01 11:36:49,V022,110.0,0.955036285662316
2026-06-01,2026-06-01 11:36:50,V022,110.0,0.9927102946695257
2026-06-01,2026-06-01 11:36:51,V022,110.0,0.9774453292962377
2026-06-01,2026-06-01 11:36:52,V022,110.0,0.9593317624806844
2026-06-01,2026-06-01 11:36:53,V022,110.0,0.9728775699774098
2026-06-01,2026-06-01 11:36:54,V022,110.0,0.9543535120583735
2026-06-01,2026-06-01 11:36:55,V022,110.0,0.9748976164984035
2026-06-01,2026-06-01 11:36:56,V022,111.0,1.0225091519707332
2026-06-01,2026-06-01 11:36:57,V022,111.0,0.9172357322933379
2026-06-01,2026-06-01 11:36:58,V022,112.0,1.007087611071624
2026-06-01,2026-06-01 11:36:59,V022,112.0,0.8131312392781552
2026-06-01,2026-06-01 11:37:00,V022,113.0,1.3126666382729497
2026-06-01,2026-06-01 11:37:01,V022,113.0,0.8998088195156407
2026-06-01,2026-06-01 11:37:02,V022,113.0,1.0015508629265903
2026-06-01,2026-06-01 11:37:03,V022,113.0,1.0178698722117887
2026-06-01,2026-06-01 11:37:04,V022,113.0,1.0671816564788825
2026-06-01,2026-06-01 11:37:05,V022,114.0,0.9491051467781061
2026-06-01,2026-06-01 11:37:06,V022,114.0,0.9959350995707432
2026-06-01,2026-06-01 11:37:07,V022,114.0,0.9660839560138773
2026-06-01,2026-06-01 11:37:08,V022,113.0,0.9407620438217598
2026-06-01,2026-06-01 11:37:09,V022,113.0,0.969331188016762
2026-06-01,2026-06-01 11:37:10,V022,114.0,0.9737699658595508
2026-06-01,2026-06-01 11:37:11,V022,114.0,1.0174306359040035
2026-06-01,2026-06-01 11:37:12,V022,114.0,0.9513700892581016
2026-06-01,2026-06-01 11:37:13,V022,115.0,0.991063321941247
2026-06-01,2026-06-01 11:37:14,V022,115.0,0.9581858962231267
2026-06-01,2026-06-01 11:37:15,V022,115.0,0.9788399998274021
2026-06-01,2026-06-01 11:37:16,V022,116.0,0.9438782409797971
2026-06-01,2026-06-01 11:37:17,V022,117.0,0.9923335854874511
2026-06-01,2026-06-01 11:37:18,V022,118.0,0.9222062344897177
2026-06-01,2026-06-01 11:37:19,V022,119.0,0.9802166065639658
2026-06-01,2026-06-01 11:37:20,V022,120.0,0.9796904716838005
2026-06-01,2026-06-01 11:37:21,V022,120.0,1.0054489448501396
2026-06-01,2026-06-01 11:37:22,V022,120.0,1.0293077184249095
2026-06-01,2026-06-01 11:37:23,V022,120.0,1.0967587383610111
2026-06-01,2026-06-01 11:37:24,V022,120.0,1.038716431187105
2026-06-01,2026-06-01 11:37:25,V022,120.0,1.176475137010477
2026-06-01,2026-06-01 11:37:26,V022,120.0,1.0321194198290984
2026-06-01,2026-06-01 11:37:27,V022,121.0,0.9958488412183214
2026-06-01,2026-06-01 11:37:28,V022,121.0,0.9738242356321501
2026-06-01,2026-06-01 11:37:29,V022,123.0,0.9807658182606225
2026-06-01,2026-06-01 11:37:30,V022,124.0,0.9590480802676742
2026-06-01,2026-06-01 11:37:31,V022,125.0,0.9765658968269612
2026-06-01,2026-06-01 11:37:32,V022,126.0,0.9559146324913058
2026-06-01,2026-06-01 11:37:33,V022,126.0,1.046355117205157
2026-06-01,2026-06-01 11:37:34,V022,126.0,1.028663393965357
2026-06-01,2026-06-01 11:37:35,V022,126.0,0.9887268977371798
2026-06-01,2026-06-01 11:37:36,V022,126.0,1.1024480951384998
2026-06-01,2026-06-01 11:37:37,V022,126.0,1.0157866802680564
2026-06-01,2026-06-01 11:37:38,V022,126.0,1.0449703234407444
2026-06-01,2026-06-01 11:37:39,V022,126.0,1.010706898531457
2026-06-01,2026-06-01 11:37:40,V022,126.0,1.0614903184261146
2026-06-01,2026-06-01 11:37:41,V022,126.0,1.0485106257737098
2026-06-01,2026-06-01 11:37:42,V022,127.0,1.0544061083878358
2026-06-01,2026-06-01 11:37:43,V022,127.0,1.0659683094842431
2026-06-01,2026-06-01 11:37:44,V022,127.0,1.0471606738683488
2026-06-01,2026-06-01 11:37:45,V022,126.0,0.9531974807069077
2026-06-01,2026-06-01 11:37:46,V022,126.0,0.9704033596316367
2026-06-01,2026-06-01 11:37:47,V022,126.0,1.2094401936978405
2026-06-01,2026-06-01 11:37:48,V022,126.0,0.9988114992296798
2026-06-01,2026-06-01 11:37:49,V022,125.0,0.9919786398025189
2026-06-01,2026-06-01 11:37:50,V022,125.0,0.9003230354778315
2026-06-01,2026-06-01 11:37:51,V022,124.0,1.136642477068217
2026-06-01,2026-06-01 11:37:52,V022,124.0,0.9735302904390766
2026-06-01,2026-06-01 11:37:53,V022,123.0,0.9840253743589493
2026-06-01,2026-06-01 11:37:54,V022,122.0,1.0578677499233629
2026-06-01,2026-06-01 11:37:55,V022,122.0,1.054429598191159
2026-06-01,2026-06-01 11:37:56,V022,122.0,0.9990324393924793
2026-06-01,2026-06-01 11:37:57,V022,123.0,0.9515229869218518
2026-06-01,2026-06-01 11:37:58,V022,123.0,1.0337622084886018
2026-06-01,2026-06-01 11:37:59,V022,123.0,0.966382874782321
2026-06-01,2026-06-01 11:38:00,V022,123.0,0.9637631420246252
2026-06-01,2026-06-01 11:38:01,V022,123.0,0.9822209554750124
2026-06-01,2026-06-01 11:38:02,V022,123.0,0.9484131243873434
2026-06-01,2026-06-01 11:38:03,V022,123.0,0.9423911802169808
2026-06-01,2026-06-01 11:38:04,V022,123.0,0.9577283857404781
2026-06-01,2026-06-01 11:38:05,V022,123.0,1.0498601167161048
2026-06-01,2026-06-01 11:38:06,V022,123.0,0.9964409448451276
2026-06-01,2026-06-01 11:38:07,V022,122.0,0.993457707357851
2026-06-01,2026-06-01 11:38:08,V022,122.0,1.337439635156942
2026-06-01,2026-06-01 11:38:09,V022,122.0,1.1018557980048527
2026-06-01,2026-06-01 11:38:10,V022,122.0,0.9805756599129035
2026-06-01,2026-06-01 11:38:11,V022,122.0,0.9734169713567894
2026-06-01,2026-06-01 11:38:12,V022,122.0,0.9895878266343663
2026-06-01,2026-06-01 11:38:13,V022,122.0,0.9703023593996961
2026-06-01,2026-06-01 11:38:14,V022,122.0,0.9629875323307644
2026-06-01,2026-06-01 11:38:15,V022,121.0,0.9849635903206345
2026-06-01,2026-06-01 11:38:16,V022,121.0,0.971693736823415
2026-06-01,2026-06-01 11:38:17,V022,120.0,0.9739217079199582
2026-06-01,2026-06-01 11:38:18,V022,119.0,0.9504443904534079
2026-06-01,2026-06-01 11:38:19,V022,118.0,0.943822926024315
2026-06-01,2026-06-01 11:38:20,V022,117.0,0.9504079468228206
2026-06-01,2026-06-01 11:38:21,V022,118.0,0.95024253292946
2026-06-01,2026-06-01 11:38:22,V022,119.0,0.9500480847266332
2026-06-01,2026-06-01 11:38:23,V022,120.0,0.9498788374680591
2026-06-01,2026-06-01 11:38:24,V022,120.0,0.9473171683620388
2026-06-01,2026-06-01 11:38:25,V022,121.0,0.9483440641411255
2026-06-01,2026-06-01 11:38:26,V022,122.0,0.9667392434827408
2026-06-01,2026-06-01 11:38:27,V022,122.0,0.9897521563177158
2026-06-01,2026-06-01 11:38:28,V022,122.0,0.9923906488099336
2026-06-01,2026-06-01 11:38:29,V022,123.0,0.997816446540675
2026-06-01,2026-06-01 11:38:30,V022,123.0,0.974654976701322
2026-06-01,2026-06-01 11:38:31,V022,123.0,0.9754913810228296
2026-06-01,2026-06-01 11:38:32,V022,123.0,0.9591838312681402
2026-06-01,2026-06-01 11:38:33,V022,123.0,0.9496305394341766
2026-06-01,2026-06-01 11:38:34,V022,123.0,0.9641501231311058
2026-06-01,2026-06-01 11:38:35,V022,123.0,0.9783226779738902
2026-06-01,2026-06-01 11:38:36,V022,123.0,0.9795235915259263
2026-06-01,2026-06-01 11:38:37,V022,123.0,0.9766428716113696
2026-06-01,2026-06-01 11:38:38,V022,123.0,0.946688606809633
2026-06-01,2026-06-01 11:38:39,V022,123.0,1.0220534357097744
2026-06-01,2026-06-01 11:38:40,V022,123.0,1.03374552198087
2026-06-01,2026-06-01 11:38:41,V022,123.0,1.0189490269085446
2026-06-01,2026-06-01 11:38:42,V022,123.0,1.015064791355031
2026-06-01,2026-06-01 11:38:43,V022,124.0,0.9997198953303276
2026-06-01,2026-06-01 11:38:44,V022,124.0,0.9946711584917408
2026-06-01,2026-06-01 11:38:45,V022,123.0,0.9641663311139965
2026-06-01,2026-06-01 11:38:46,V022,123.0,0.9528717752895474
2026-06-01,2026-06-01 11:38:47,V022,123.0,0.949877254862485
2026-06-01,2026-06-01 11:38:48,V022,123.0,0.9521229169230258
2026-06-01,2026-06-01 11:38:49,V022,123.0,0.9469738764562763
2026-06-01,2026-06-01 11:38:50,V022,123.0,0.9465904277741267
2026-06-01,2026-06-01 11:38:51,V022,123.0,0.9473692761008558
2026-06-01,2026-06-01 11:38:52,V022,123.0,0.947582800219129
2026-06-01,2026-06-01 11:38:53,V022,123.0,0.9460694487406683
2026-06-01,2026-06-01 11:38:54,V022,123.0,0.9497253099193222
2026-06-01,2026-06-01 11:38:55,V022,123.0,0.9493446450198794
2026-06-01,2026-06-01 11:38:56,V022,123.0,0.9487366808477558
2026-06-01,2026-06-01 11:38:57,V022,123.0,0.9472210107974711
2026-06-01,2026-06-01 11:38:58,V022,123.0,0.9514442399659766
2026-06-01,2026-06-01 11:38:59,V022,123.0,0.9461932292218365
2026-06-01,2026-06-01 11:39:00,V022,124.0,0.9575972957696542
2026-06-01,2026-06-01 11:39:01,V022,124.0,0.9482144353958532
2026-06-01,2026-06-01 11:39:02,V022,124.0,0.9497448090057863
2026-06-01,2026-06-01 11:39:03,V022,124.0,0.9466475619664748
2026-06-01,2026-06-01 11:39:04,V022,124.0,0.9498376290775498
2026-06-01,2026-06-01 11:39:05,V022,123.0,0.947257485419405
2026-06-01,2026-06-01 11:39:06,V022,123.0,0.9459971321267274
2026-06-01,2026-06-01 11:39:07,V022,123.0,0.945288138868225
2026-06-01,2026-06-01 11:39:08,V022,123.0,0.9498112250782736
2026-06-01,2026-06-01 11:39:09,V022,123.0,0.947085903634761
2026-06-01,2026-06-01 11:39:10,V022,122.0,0.9497818049726638
2026-06-01,2026-06-01 11:39:11,V022,122.0,0.9464621021872155
2026-06-01,2026-06-01 11:39:12,V022,122.0,0.9523093361180971
2026-06-01,2026-06-01 11:39:13,V022,122.0,0.957323834079642
2026-06-01,2026-06-01 11:39:14,V022,122.0,0.9582317434184668
2026-06-01,2026-06-01 11:39:15,V022,122.0,0.9691741650492011
2026-06-01,2026-06-01 11:39:16,V022,121.0,0.9790052140918597
2026-06-01,2026-06-01 11:39:17,V022,121.0,0.9423629834776489
2026-06-01,2026-06-01 11:39:18,V022,121.0,0.9868422161636855
2026-06-01,2026-06-01 11:39:19,V022,121.0,0.938931618193828
2026-06-01,2026-06-01 11:39:20,V022,121.0,0.9530400998411276
2026-06-01,2026-06-01 11:39:21,V022,121.0,0.9687156295408313
2026-06-01,2026-06-01 11:39:22,V022,121.0,0.9471531602856934
2026-06-01,2026-06-01 11:39:23,V022,120.0,0.9744676428690769
2026-06-01,2026-06-01 11:39:24,V022,120.0,0.9552162186410171
2026-06-01,2026-06-01 11:39:25,V022,120.0,0.9527812705368982
2026-06-01,2026-06-01 11:39:26,V022,120.0,0.9473701637968178
2026-06-01,2026-06-01 11:39:27,V022,120.0,0.9449296284120268
2026-06-01,2026-06-01 11:39:28,V022,119.0,0.950844393085839
2026-06-01,2026-06-01 11:39:29,V022,119.0,0.9417135455797326
2026-06-01,2026-06-01 11:39:30,V022,119.0,0.9429958699014368
2026-06-01,2026-06-01 11:39:31,V022,119.0,0.9412018419563941
2026-06-01,2026-06-01 11:39:32,V022,119.0,0.9851119599897153
2026-06-01,2026-06-01 11:39:33,V022,118.0,0.9506145862158917
2026-06-01,2026-06-01 11:39:34,V022,118.0,1.0003441619353082
2026-06-01,2026-06-01 11:39:35,V022,118.0,0.9969469748293883
2026-06-01,2026-06-01 11:39:36,V022,118.0,1.029475103936522
2026-06-01,2026-06-01 11:39:37,V022,118.0,0.9543377495789327
2026-06-01,2026-06-01 11:39:38,V022,118.0,1.0793424425965117
2026-06-01,2026-06-01 11:39:39,V022,118.0,0.9855224341361851
2026-06-01,2026-06-01 11:39:40,V022,118.0,1.1731085275528397
2026-06-01,2026-06-01 11:39:41,V022,118.0,0.8861857192108974
2026-06-01,2026-06-01 11:39:42,V022,118.0,0.944795740833234
2026-06-01,2026-06-01 11:39:43,V022,118.0,0.9527481329613624
2026-06-01,2026-06-01 11:39:44,V022,118.0,0.9745682993833067
2026-06-01,2026-06-01 11:39:45,V022,118.0,1.0025992771706154
2026-06-01,2026-06-01 11:39:46,V022,117.0,0.9917606958513882
2026-06-01,2026-06-01 11:39:47,V022,117.0,0.9769662077948007
2026-06-01,2026-06-01 11:39:48,V022,117.0,0.9438007752222249
2026-06-01,2026-06-01 11:39:49,V022,116.0,0.9372179933673777
2026-06-01,2026-06-01 11:39:50,V022,116.0,0.9769262216992681
2026-06-01,2026-06-01 11:39:51,V022,115.0,0.9702505770784519
2026-06-01,2026-06-01 11:39:52,V022,115.0,0.9712200934949224
2026-06-01,2026-06-01 11:39:53,V022,114.0,0.9668646203463631
2026-06-01,2026-06-01 11:39:54,V022,113.0,0.9720199786066688
2026-06-01,2026-06-01 11:39:55,V022,112.0,0.9442486379915463
2026-06-01,2026-06-01 11:39:56,V022,110.0,0.976329541287299
2026-06-01,2026-06-01 11:39:57,V022,110.0,0.9404277837121161
2026-06-01,2026-06-01 11:39:58,V022,109.0,0.9463917896145481
2026-06-01,2026-06-01 11:39:59,V022,109.0,0.9541427499572891
2026-06-01,2026-06-01 11:40:00,V022,109.0,0.9635576684927054
2026-06-01,2026-06-01 11:40:01,V022,108.0,0.9553919470647144
2026-06-01,2026-06-01 11:40:02,V022,107.0,0.9583627422097324
2026-06-01,2026-06-01 11:40:03,V022,107.0,0.964032989880325
2026-06-01,2026-06-01 11:40:04,V022,106.0,0.9748256544638386
2026-06-01,2026-06-01 11:40:05,V022,106.0,0.9506981107292963
2026-06-01,2026-06-01 11:40:06,V022,106.0,1.0034340509367297
2026-06-01,2026-06-01 11:40:07,V022,106.0,0.9714287985311157
2026-06-01,2026-06-01 11:40:08,V022,106.0,0.9712844457118976
2026-06-01,2026-06-01 11:40:09,V022,106.0,0.9721067159005232
2026-06-01,2026-06-01 11:40:10,V022,106.0,0.9632629699489792
2026-06-01,2026-06-01 11:40:11,V022,106.0,0.952083272254925
2026-06-01,2026-06-01 11:40:12,V022,106.0,0.9442821621939069
2026-06-01,2026-06-01 11:40:13,V022,106.0,0.9481362067369301
2026-06-01,2026-06-01 11:40:14,V022,106.0,0.947837135215544
2026-06-01,2026-06-01 11:40:15,V022,106.0,0.9761580185343328
2026-06-01,2026-06-01 11:40:16,V022,106.0,0.9557303595304183
2026-06-01,2026-06-01 11:40:17,V022,106.0,0.9482993291497442
2026-06-01,2026-06-01 11:40:18,V022,106.0,0.9803869415376198
2026-06-01,2026-06-01 11:40:19,V022,106.0,0.9577925738216967
2026-06-01,2026-06-01 11:40:20,V022,106.0,0.955598723455509
2026-06-01,2026-06-01 11:40:21,V022,106.0,0.9588359932685026
2026-06-01,2026-06-01 11:40:22,V022,106.0,0.9410237111821999
2026-06-01,2026-06-01 11:40:23,V022,105.0,0.9817435913293115
2026-06-01,2026-06-01 11:40:24,V022,105.0,0.983356766231501
2026-06-01,2026-06-01 11:40:25,V022,104.0,0.9508694717908691
2026-06-01,2026-06-01 11:40:26,V022,103.0,0.9699768401030622
2026-06-01,2026-06-01 11:40:27,V022,104.0,0.9533891790605651
2026-06-01,2026-06-01 11:40:28,V022,104.0,0.9463778284725547
2026-06-01,2026-06-01 11:40:29,V022,105.0,0.9468473781072734
2026-06-01,2026-06-01 11:40:30,V022,106.0,0.9486781334596202
2026-06-01,2026-06-01 11:40:31,V022,106.0,0.9528405698562459
2026-06-01,2026-06-01 11:40:32,V022,106.0,0.9467775965033619
2026-06-01,2026-06-01 11:40:33,V022,106.0,0.9651494686002526
2026-06-01,2026-06-01 11:40:34,V022,107.0,0.9518525338448636
2026-06-01,2026-06-01 11:40:35,V022,107.0,0.9373557104852611
2026-06-01,2026-06-01 11:40:36,V022,107.0,0.9624523057669038
2026-06-01,2026-06-01 11:40:37,V022,106.0,0.9548128989590731
2026-06-01,2026-06-01 11:40:38,V022,106.0,0.9346400981416552
2026-06-01,2026-06-01 11:40:39,V022,106.0,0.9415846310374131
2026-06-01,2026-06-01 11:40:40,V022,106.0,0.9136093617663241
2026-06-01,2026-06-01 11:40:41,V022,106.0,0.9822665618301606
2026-06-01,2026-06-01 11:40:42,V022,106.0,0.9322559228142004
2026-06-01,2026-06-01 11:40:43,V022,105.0,0.9320184841439435
2026-06-01,2026-06-01 11:40:44,V022,104.0,0.9296026355662325
2026-06-01,2026-06-01 11:40:45,V022,105.0,0.996656501057866
2026-06-01,2026-06-01 11:40:46,V022,105.0,0.8702372757563009
2026-06-01,2026-06-01 11:40:47,V022,104.0,0.9567739571324324
2026-06-01,2026-06-01 11:40:48,V022,104.0,0.941710189336702
2026-06-01,2026-06-01 11:40:49,V022,104.0,0.9336684207720894
2026-06-01,2026-06-01 11:40:50,V022,103.0,0.9562569912644209
2026-06-01,2026-06-01 11:40:51,V022,102.0,0.95053250828714
2026-06-01,2026-06-01 11:40:52,V022,100.0,0.9434592813729348
2026-06-01,2026-06-01 11:40:53,V022,98.0,0.9461807224061344
2026-06-01,2026-06-01 11:40:54,V022,97.0,0.9512881996935555
2026-06-01,2026-06-01 11:40:55,V022,94.0,0.9405316866432315
2026-06-01,2026-06-01 11:40:56,V022,92.0,0.9335771649022399
2026-06-01,2026-06-01 11:40:57,V022,92.0,0.9598742299783579
2026-06-01,2026-06-01 11:40:58,V022,93.0,0.9629803715229275
2026-06-01,2026-06-01 11:40:59,V022,93.0,0.9617732352177971
2026-06-01,2026-06-01 11:41:00,V022,94.0,0.9396107146257419
2026-06-01,2026-06-01 11:41:01,V022,94.0,0.958233985758776
2026-06-01,2026-06-01 11:41:02,V022,94.0,0.9557954148043467
2026-06-01,2026-06-01 11:41:03,V022,94.0,0.9452705434048367
2026-06-01,2026-06-01 11:41:04,V022,95.0,0.9432303511988475
2026-06-01,2026-06-01 11:41:05,V022,96.0,0.9585666667779976
2026-06-01,2026-06-01 11:41:06,V022,97.0,0.9459076166171783
2026-06-01,2026-06-01 11:41:07,V022,96.0,0.9445566042645899
2026-06-01,2026-06-01 11:41:08,V022,96.0,0.9488388547279543
2026-06-01,2026-06-01 11:41:09,V022,96.0,0.9582065425569252
2026-06-01,2026-06-01 11:41:10,V022,95.0,0.9432779587994325
2026-06-01,2026-06-01 11:41:11,V022,95.0,0.9532168081516864
2026-06-01,2026-06-01 11:41:12,V022,94.0,0.9471689401262586
2026-06-01,2026-06-01 11:41:13,V022,94.0,0.9766792649025638
2026-06-01,2026-06-01 11:41:14,V022,93.0,0.9104861997781801
2026-06-01,2026-06-01 11:41:15,V022,93.0,0.9824313198619866
2026-06-01,2026-06-01 11:41:16,V022,93.0,0.9456443687053087
2026-06-01,2026-06-01 11:41:17,V022,92.0,0.9750399235434377
2026-06-01,2026-06-01 11:41:18,V022,92.0,0.9472405862234639
2026-06-01,2026-06-01 11:41:19,V022,91.0,0.985844334276341
2026-06-01,2026-06-01 11:41:20,V022,90.0,1.0455912487630379
2026-06-01,2026-06-01 11:41:21,V022,90.0,0.9488640364594759
2026-06-01,2026-06-01 11:41:22,V022,91.0,0.9486238118940656
2026-06-01,2026-06-01 11:41:23,V022,91.0,0.9362451745495941
2026-06-01,2026-06-01 11:41:24,V022,92.0,1.0318672130434503
2026-06-01,2026-06-01 11:41:25,V022,92.0,0.9909966430429341
2026-06-01,2026-06-01 11:41:26,V022,92.0,1.0168165816980013
2026-06-01,2026-06-01 11:41:27,V022,92.0,0.985612845313834
2026-06-01,2026-06-01 11:41:28,V022,92.0,1.034588047504388
2026-06-01,2026-06-01 11:41:29,V022,92.0,0.893401316606429
2026-06-01,2026-06-01 11:41:30,V022,92.0,0.9525192187749312
2026-06-01,2026-06-01 11:41:31,V022,92.0,0.941978815771205
2026-06-01,2026-06-01 11:41:32,V022,92.0,0.9400408069954254
2026-06-01,2026-06-01 11:41:33,V022,92.0,0.9369848451708506
2026-06-01,2026-06-01 11:41:34,V022,92.0,0.9345857651623122
2026-06-01,2026-06-01 11:41:35,V022,92.0,0.9293072343474622
2026-06-01,2026-06-01 11:41:36,V022,92.0,0.9286418297084196
2026-06-01,2026-06-01 11:41:37,V022,92.0,0.9259096058897985
2026-06-01,2026-06-01 11:41:38,V022,93.0,0.9446381929632146
2026-06-01,2026-06-01 11:41:39,V022,93.0,0.938061376541196
2026-06-01,2026-06-01 11:41:40,V022,94.0,0.9476584279153656
2026-06-01,2026-06-01 11:41:41,V022,94.0,0.9359426475966733
2026-06-01,2026-06-01 11:41:42,V022,95.0,1.0283345885427677
2026-06-01,2026-06-01 11:41:43,V022,96.0,0.9672878990136812
2026-06-01,2026-06-01 11:41:44,V022,96.0,1.0177145188334407
2026-06-01,2026-06-01 11:41:45,V022,97.0,0.9548600352335713
2026-06-01,2026-06-01 11:41:46,V022,98.0,0.9495961895028573
2026-06-01,2026-06-01 11:41:47,V022,98.0,0.9668246247138255
2026-06-01,2026-06-01 11:41:48,V022,99.0,0.9814711160232202
2026-06-01,2026-06-01 11:41:49,V022,99.0,0.9347535713097446
2026-06-01,2026-06-01 11:41:50,V022,99.0,1.040689914551661
2026-06-01,2026-06-01 11:41:51,V022,99.0,1.0145663825946616
2026-06-01,2026-06-01 11:41:52,V022,99.0,1.0920903187338622
2026-06-01,2026-06-01 11:41:53,V022,99.0,0.9511883732358791
2026-06-01,2026-06-01 11:41:54,V022,99.0,0.9631033843764927
2026-06-01,2026-06-01 11:41:55,V022,99.0,0.9589019312550187
2026-06-01,2026-06-01 11:41:56,V022,99.0,0.953965008226964
2026-06-01,2026-06-01 11:41:57,V022,99.0,0.9490346347242204
2026-06-01,2026-06-01 11:41:58,V022,100.0,0.9278497654140466
2026-06-01,2026-06-01 11:41:59,V022,100.0,0.974214125116554
2026-06-01,2026-06-01 11:42:00,V022,100.0,0.9948983684341007
2026-06-01,2026-06-01 11:42:01,V022,100.0,0.9568986383987435
2026-06-01,2026-06-01 11:42:02,V022,100.0,0.9742874789925635
2026-06-01,2026-06-01 11:42:03,V022,101.0,0.962713065758104
2026-06-01,2026-06-01 11:42:04,V022,101.0,0.9576344901786601
2026-06-01,2026-06-01 11:42:05,V022,101.0,0.9777226501686566
2026-06-01,2026-06-01 11:42:06,V022,101.0,0.9763613065174032
2026-06-01,2026-06-01 11:42:07,V022,102.0,0.9708993019985707
2026-06-01,2026-06-01 11:42:08,V022,102.0,0.9412276162079217
2026-06-01,2026-06-01 11:42:09,V022,102.0,1.0081040495439706
2026-06-01,2026-06-01 11:42:10,V022,102.0,0.9721611096502423
2026-06-01,2026-06-01 11:42:11,V022,102.0,1.016632946314585
2026-06-01,2026-06-01 11:42:12,V022,102.0,0.9944828036934065
2026-06-01,2026-06-01 11:42:13,V022,102.0,0.9641140396981486
2026-06-01,2026-06-01 11:42:14,V022,102.0,0.9631845860431419
2026-06-01,2026-06-01 11:42:15,V022,102.0,0.9631282106056742
2026-06-01,2026-06-01 11:42:16,V022,102.0,0.9863275703867705
2026-06-01,2026-06-01 11:42:17,V022,102.0,1.007774758140524
2026-06-01,2026-06-01 11:42:18,V022,102.0,0.9888907274856543
2026-06-01,2026-06-01 11:42:19,V022,102.0,0.9754348743304428
2026-06-01,2026-06-01 11:42:20,V022,102.0,0.9489986278074097
2026-06-01,2026-06-01 11:42:21,V022,102.0,0.9533496722525698
2026-06-01,2026-06-01 11:42:22,V022,103.0,0.9631829425810166
2026-06-01,2026-06-01 11:42:23,V022,103.0,0.9534235859095822
2026-06-01,2026-06-01 11:42:24,V022,103.0,1.013557620308927
2026-06-01,2026-06-01 11:42:25,V022,104.0,0.9582034738517942
2026-06-01,2026-06-01 11:42:26,V022,104.0,0.9567830467141162
2026-06-01,2026-06-01 11:42:27,V022,105.0,0.9447089594770907
2026-06-01,2026-06-01 11:42:28,V022,105.0,0.9443486175681007
2026-06-01,2026-06-01 11:42:29,V022,105.0,0.94944037790994
2026-06-01,2026-06-01 11:42:30,V022,104.0,0.9510333887630887
2026-06-01,2026-06-01 11:42:31,V022,104.0,0.9459819267844297
2026-06-01,2026-06-01 11:42:32,V022,104.0,0.9456918476128792
2026-06-01,2026-06-01 11:42:33,V022,103.0,0.9326535567930772
2026-06-01,2026-06-01 11:42:34,V022,103.0,0.9831962213101705
2026-06-01,2026-06-01 11:42:35,V022,102.0,0.968601819707145
2026-06-01,2026-06-01 11:42:36,V022,102.0,1.0018773012043163
2026-06-01,2026-06-01 11:42:37,V022,101.0,1.0505366811147285
2026-06-01,2026-06-01 11:42:38,V022,101.0,1.0189451983688305
2026-06-01,2026-06-01 11:42:39,V022,100.0,0.9774187140728704
2026-06-01,2026-06-01 11:42:40,V022,99.0,0.9625857749759112
2026-06-01,2026-06-01 11:42:41,V022,98.0,1.1335550607204612
2026-06-01,2026-06-01 11:42:42,V022,97.0,1.0257923122157089
2026-06-01,2026-06-01 11:42:43,V022,94.0,1.0148722446447191
2026-06-01,2026-06-01 11:42:44,V022,91.0,1.0520735299884358
2026-06-01,2026-06-01 11:42:45,V022,89.0,1.03277356010901
2026-06-01,2026-06-01 11:42:46,V022,87.0,0.9922272554125364
2026-06-01,2026-06-01 11:42:47,V022,86.0,1.0459269174553594
2026-06-01,2026-06-01 11:42:48,V022,85.0,1.2244663843486878
2026-06-01,2026-06-01 11:42:49,V022,85.0,1.0216336052958708
2026-06-01,2026-06-01 11:42:50,V022,86.0,1.7373351197312081
2026-06-01,2026-06-01 11:42:51,V022,86.0,1.408865711325791
2026-06-01,2026-06-01 11:42:52,V022,87.0,0.9338776034320628
2026-06-01,2026-06-01 11:42:53,V022,88.0,1.185965415390197
2026-06-01,2026-06-01 11:42:54,V022,89.0,1.1144961574029328
2026-06-01,2026-06-01 11:42:55,V022,89.0,1.1247823983803529
2026-06-01,2026-06-01 11:42:56,V022,90.0,1.0339389380903092
2026-06-01,2026-06-01 11:42:57,V022,91.0,1.1171516116421731
2026-06-01,2026-06-01 11:42:58,V022,92.0,1.492194873963885
2026-06-01,2026-06-01 11:42:59,V022,93.0,1.0486749059055216
2026-06-01,2026-06-01 11:43:00,V022,95.0,0.9532237770717608
2026-06-01,2026-06-01 11:43:01,V022,96.0,0.9779900968404889
2026-06-01,2026-06-01 11:43:02,V022,97.0,0.9729535657777796
2026-06-01,2026-06-01 11:43:03,V022,98.0,0.9727410534498547
2026-06-01,2026-06-01 11:43:04,V022,99.0,0.941987406463092
2026-06-01,2026-06-01 11:43:05,V022,98.0,0.9793687098179864
2026-06-01,2026-06-01 11:43:06,V022,98.0,0.9831625534412927
2026-06-01,2026-06-01 11:43:07,V022,97.0,1.0552769471913523
2026-06-01,2026-06-01 11:43:08,V022,97.0,0.9878383228327884
2026-06-01,2026-06-01 11:43:09,V022,96.0,0.9842416441172015
2026-06-01,2026-06-01 11:43:10,V022,95.0,1.248637528900794
2026-06-01,2026-06-01 11:43:11,V022,95.0,1.076570043898349
2026-06-01,2026-06-01 11:43:12,V022,95.0,1.0937316936789117
2026-06-01,2026-06-01 11:43:13,V022,95.0,1.0419025958872388
2026-06-01,2026-06-01 11:43:14,V022,95.0,1.0256308624150512
2026-06-01,2026-06-01 11:43:15,V022,95.0,1.0200914075657839
2026-06-01,2026-06-01 11:43:16,V022,95.0,1.1148892804310004
2026-06-01,2026-06-01 11:43:17,V022,96.0,1.05492378946726
2026-06-01,2026-06-01 11:43:18,V022,96.0,1.002131491675353
2026-06-01,2026-06-01 11:43:19,V022,96.0,1.0440626848240695
2026-06-01,2026-06-01 11:43:20,V022,96.0,1.053381414015656
2026-06-01,2026-06-01 11:43:21,V022,97.0,1.0600821639542855
2026-06-01,2026-06-01 11:43:22,V022,98.0,1.0307588760946391
2026-06-01,2026-06-01 11:43:23,V022,100.0,1.4192677808558625
2026-06-01,2026-06-01 11:43:24,V022,102.0,1.1792046007313344
2026-06-01,2026-06-01 11:43:25,V022,102.0,1.136872993996329
2026-06-01,2026-06-01 11:43:26,V022,102.0,0.9762568112193436
2026-06-01,2026-06-01 11:43:27,V022,102.0,0.9828708322358224
2026-06-01,2026-06-01 11:43:28,V022,102.0,0.9676945491200081
2026-06-01,2026-06-01 11:43:29,V022,101.0,1.3362913993718033
2026-06-01,2026-06-01 11:43:30,V022,101.0,1.1079413099485993
2026-06-01,2026-06-01 11:43:31,V022,100.0,1.0952363815901773
2026-06-01,2026-06-01 11:43:32,V022,99.0,1.0925154371611723
2026-06-01,2026-06-01 11:43:33,V022,98.0,1.0888780698815366
2026-06-01,2026-06-01 11:43:34,V022,97.0,1.0802326486074545
2026-06-01,2026-06-01 11:43:35,V022,98.0,1.0350394302004366
2026-06-01,2026-06-01 11:43:36,V022,98.0,0.974887528340956
2026-06-01,2026-06-01 11:43:37,V022,98.0,1.0925956620954795
2026-06-01,2026-06-01 11:43:38,V022,98.0,1.1901606144122614
2026-06-01,2026-06-01 11:43:39,V022,98.0,1.003338633776734
2026-06-01,2026-06-01 11:43:40,V022,98.0,1.0084836031598388
2026-06-01,2026-06-01 11:43:41,V022,98.0,0.991522371804775
2026-06-01,2026-06-01 11:43:42,V022,98.0,1.0120145428026899
2026-06-01,2026-06-01 11:43:43,V022,98.0,1.0089479291371626
2026-06-01,2026-06-01 11:43:44,V022,99.0,1.0129721402846017
2026-06-01,2026-06-01 11:43:45,V022,100.0,1.0065101154007843
2026-06-01,2026-06-01 11:43:46,V022,101.0,1.0035649887063502
2026-06-01,2026-06-01 11:43:47,V022,102.0,1.0044921568170257
2026-06-01,2026-06-01 11:43:48,V022,103.0,0.9942625450377491
2026-06-01,2026-06-01 11:43:49,V022,103.0,1.0075239964065292
2026-06-01,2026-06-01 11:43:50,V022,104.0,1.0078212361267096
2026-06-01,2026-06-01 11:43:51,V022,104.0,1.004058136469433
2026-06-01,2026-06-01 11:43:52,V022,105.0,1.0090608845126225
2026-06-01,2026-06-01 11:43:53,V022,105.0,1.0059732610557626
2026-06-01,2026-06-01 11:43:54,V022,105.0,1.0071186043803282
2026-06-01,2026-06-01 11:43:55,V022,106.0,1.0052752470728936
2026-06-01,2026-06-01 11:43:56,V022,107.0,1.0061379299280058
2026-06-01,2026-06-01 11:43:57,V022,106.0,1.0082024713804114
2026-06-01,2026-06-01 11:43:58,V022,105.0,0.9911559847917937
2026-06-01,2026-06-01 11:43:59,V022,105.0,1.0073354343220307
2026-06-01,2026-06-01 11:44:00,V022,105.0,1.0096950281987445
2026-06-01,2026-06-01 11:44:01,V022,104.0,1.0181236746542563
2026-06-01,2026-06-01 11:44:02,V022,104.0,1.0013687233493225
2026-06-01,2026-06-01 11:44:03,V022,104.0,1.0064817742128158
2026-06-01,2026-06-01 11:44:04,V022,105.0,1.0935583763332664
2026-06-01,2026-06-01 11:44:05,V022,105.0,1.010465938799343
2026-06-01,2026-06-01 11:44:06,V022,106.0,1.0578346568596078
2026-06-01,2026-06-01 11:44:07,V022,106.0,1.0080866123118055
2026-06-01,2026-06-01 11:44:08,V022,106.0,1.0124483466372634
2026-06-01,2026-06-01 11:44:09,V022,107.0,1.0097796667762697
2026-06-01,2026-06-01 11:44:10,V022,107.0,1.0035838788204028
2026-06-01,2026-06-01 11:44:11,V022,108.0,1.0018512602536183
2026-06-01,2026-06-01 11:44:12,V022,108.0,1.0053285073273603
2026-06-01,2026-06-01 11:44:13,V022,109.0,1.003459241989881
2026-06-01,2026-06-01 11:44:14,V022,110.0,1.0115830386348996
2026-06-01,2026-06-01 11:44:15,V022,110.0,1.0095347427137042
2026-06-01,2026-06-01 11:44:16,V022,110.0,1.007014580197308
2026-06-01,2026-06-01 11:44:17,V022,111.0,1.0114875373348309
2026-06-01,2026-06-01 11:44:18,V022,111.0,1.0068275403140101
2026-06-01,2026-06-01 11:44:19,V022,111.0,1.0055278409623771
2026-06-01,2026-06-01 11:44:20,V022,111.0,1.0145446408766485
2026-06-01,2026-06-01 11:44:21,V022,111.0,1.005971162137499
2026-06-01,2026-06-01 11:44:22,V022,111.0,1.0070833561149224
2026-06-01,2026-06-01 11:44:23,V022,111.0,1.0075902182680205
2026-06-01,2026-06-01 11:44:24,V022,111.0,1.0065821181958903
2026-06-01,2026-06-01 11:44:25,V022,111.0,1.0069862748807403
2026-06-01,2026-06-01 11:44:26,V022,111.0,1.009865180672855
2026-06-01,2026-06-01 11:44:27,V022,110.0,1.0058427127038392
2026-06-01,2026-06-01 11:44:28,V022,110.0,1.005618689315383
2026-06-01,2026-06-01 11:44:29,V022,110.0,1.006236072442589
2026-06-01,2026-06-01 11:44:30,V022,109.0,1.0062781894064567
2026-06-01,2026-06-01 11:44:31,V022,109.0,1.0053992280701085
2026-06-01,2026-06-01 11:44:32,V022,109.0,1.0074889623935486
2026-06-01,2026-06-01 11:44:33,V022,107.0,1.0077877577208145
2026-06-01,2026-06-01 11:44:34,V022,106.0,1.0052174275741057
2026-06-01,2026-06-01 11:44:35,V022,105.0,1.0040378656612094
2026-06-01,2026-06-01 11:44:36,V022,104.0,1.002855307483008
2026-06-01,2026-06-01 11:44:37,V022,103.0,1.0074358488096886
2026-06-01,2026-06-01 11:44:38,V022,102.0,1.0053258583288507
2026-06-01,2026-06-01 11:44:39,V022,101.0,1.0103795720202715
2026-06-01,2026-06-01 11:44:40,V022,101.0,1.0051349665063374
2026-06-01,2026-06-01 11:44:41,V022,101.0,0.9948943241467371
2026-06-01,2026-06-01 11:44:42,V022,101.0,1.013573960937008
2026-06-01,2026-06-01 11:44:43,V022,101.0,1.0015085834140462
2026-06-01,2026-06-01 11:44:44,V022,101.0,1.01030318252583
2026-06-01,2026-06-01 11:44:45,V022,101.0,1.0037549533737764
2026-06-01,2026-06-01 11:44:46,V022,101.0,1.0050013794519161
2026-06-01,2026-06-01 11:44:47,V022,101.0,1.0087836742920286
2026-06-01,2026-06-01 11:44:48,V022,101.0,1.0040545093156987
2026-06-01,2026-06-01 11:44:49,V022,101.0,1.0107516095378817
2026-06-01,2026-06-01 11:44:50,V022,102.0,0.9994959487950469
2026-06-01,2026-06-01 11:44:51,V022,102.0,1.0069902623852363
2026-06-01,2026-06-01 11:44:52,V022,102.0,1.0166869749321594
2026-06-01,2026-06-01 11:44:53,V022,102.0,1.003492677636784
2026-06-01,2026-06-01 11:44:54,V022,102.0,1.0000129224845975
2026-06-01,2026-06-01 11:44:55,V022,102.0,1.002539506711193
2026-06-01,2026-06-01 11:44:56,V022,102.0,1.0094967900172596
2026-06-01,2026-06-01 11:44:57,V022,102.0,1.0090394502047906
2026-06-01,2026-06-01 11:44:58,V022,102.0,1.0084835247900295
2026-06-01,2026-06-01 11:44:59,V022,102.0,1.0071066157185493
2026-06-01,2026-06-01 11:45:00,V022,102.0,1.0074460411974278
2026-06-01,2026-06-01 11:45:01,V022,102.0,1.0019056947554053
2026-06-01,2026-06-01 11:45:02,V022,102.0,1.0047313864618572
2026-06-01,2026-06-01 11:45:03,V022,102.0,1.0069360015870712
2026-06-01,2026-06-01 11:45:04,V022,102.0,1.006932534473891
2026-06-01,2026-06-01 11:45:05,V022,102.0,1.0135258670286817
2026-06-01,2026-06-01 11:45:06,V022,101.0,1.0097152561623939
2026-06-01,2026-06-01 11:45:07,V022,101.0,1.0059546022560286
2026-06-01,2026-06-01 11:45:08,V022,101.0,1.0005432985835965
2026-06-01,2026-06-01 11:45:09,V022,101.0,1.00741979501128
2026-06-01,2026-06-01 11:45:10,V022,102.0,1.004865899283766
2026-06-01,2026-06-01 11:45:11,V022,102.0,1.0079792358129422
2026-06-01,2026-06-01 11:45:12,V022,102.0,1.009882156571492
2026-06-01,2026-06-01 11:45:13,V022,102.0,1.0024573180071696
2026-06-01,2026-06-01 11:45:14,V022,102.0,1.0101925400016367
2026-06-01,2026-06-01 11:45:15,V022,102.0,1.0066165604853619
2026-06-01,2026-06-01 11:45:16,V022,102.0,1.0087948582053121
2026-06-01,2026-06-01 11:45:17,V022,102.0,1.0035497473333261
2026-06-01,2026-06-01 11:45:18,V022,102.0,1.0058995252921958
2026-06-01,2026-06-01 11:45:19,V022,102.0,1.0082403591583435
2026-06-01,2026-06-01 11:45:20,V022,101.0,1.004744011669666
2026-06-01,2026-06-01 11:45:21,V022,101.0,1.0042118228245835
2026-06-01,2026-06-01 11:45:22,V022,101.0,1.0081887541794283
2026-06-01,2026-06-01 11:45:23,V022,101.0,1.0051120552066573
2026-06-01,2026-06-01 11:45:24,V022,101.0,1.0072012315712677
2026-06-01,2026-06-01 11:45:25,V022,101.0,1.0116942431819378
2026-06-01,2026-06-01 11:45:26,V022,101.0,1.0125121289213868
2026-06-01,2026-06-01 11:45:27,V022,101.0,1.005553275249571
2026-06-01,2026-06-01 11:45:28,V022,101.0,1.0032939659157118
2026-06-01,2026-06-01 11:45:29,V022,101.0,1.005472372543935
2026-06-01,2026-06-01 11:45:30,V022,101.0,1.0077037952088894
2026-06-01,2026-06-01 11:45:31,V022,100.0,1.002779057705388
2026-06-01,2026-06-01 11:45:32,V022,99.0,1.0099895288596836
2026-06-01,2026-06-01 11:45:33,V022,98.0,1.0057093286434946
2026-06-01,2026-06-01 11:45:34,V022,98.0,1.009708045524523
2026-06-01,2026-06-01 11:45:35,V022,98.0,1.0052056648241476
2026-06-01,2026-06-01 11:45:36,V022,97.0,1.002419527875885
2026-06-01,2026-06-01 11:45:37,V022,97.0,1.0022748683580802
2026-06-01,2026-06-01 11:45:38,V022,96.0,1.006448240585627
2026-06-01,2026-06-01 11:45:39,V022,96.0,1.0067512717096863
2026-06-01,2026-06-01 11:45:40,V022,96.0,0.9997313381759338
2026-06-01,2026-06-01 11:45:41,V022,96.0,1.0091530679376275
2026-06-01,2026-06-01 11:45:42,V022,96.0,1.0096396095954152
2026-06-01,2026-06-01 11:45:43,V022,96.0,1.0102239621551141
2026-06-01,2026-06-01 11:45:44,V022,95.0,1.0091975542746354
2026-06-01,2026-06-01 11:45:45,V022,95.0,1.0043902891824226
2026-06-01,2026-06-01 11:45:46,V022,95.0,1.0078868342337626
2026-06-01,2026-06-01 11:45:47,V022,95.0,1.0070940683590552
2026-06-01,2026-06-01 11:45:48,V022,95.0,1.0059080265340457
2026-06-01,2026-06-01 11:45:49,V022,96.0,1.0075017140820395
2026-06-01,2026-06-01 11:45:50,V022,96.0,1.005748499948584
2026-06-01,2026-06-01 11:45:51,V022,96.0,1.0067139276373107
2026-06-01,2026-06-01 11:45:52,V022,96.0,1.0092579084799687
2026-06-01,2026-06-01 11:45:53,V022,96.0,1.0049044089025352
2026-06-01,2026-06-01 11:45:54,V022,96.0,1.0071221301926925
2026-06-01,2026-06-01 11:45:55,V022,96.0,1.005283091889385
2026-06-01,2026-06-01 11:45:56,V022,96.0,1.0123061016606536
2026-06-01,2026-06-01 11:45:57,V022,96.0,1.0053902386751825
2026-06-01,2026-06-01 11:45:58,V022,96.0,1.0036714922194674
2026-06-01,2026-06-01 11:45:59,V022,96.0,1.0068250886297878
2026-06-01,2026-06-01 11:46:00,V022,,1.0085718456567845
