Date,Timestamp,SensorID,HeartRate,AccNorm
2026-06-01,2026-06-01 10:40:00,V008,121.0,1.4692706797975061
2026-06-01,2026-06-01 10:40:01,V008,122.0,1.4264717238772333
2026-06-01,2026-06-01 10:40:02,V008,123.0,1.394557988853493
2026-06-01,2026-06-01 10:40:03,V008,125.0,1.4528362515972895
2026-06-01,2026-06-01 10:40:04,V008,126.0,1.2365926773617866
2026-06-01,2026-06-01 10:40:05,V008,125.0,1.321390885531987
2026-06-01,2026-06-01 10:40:06,V008,124.0,1.4570135573866183
2026-06-01,2026-06-01 10:40:07,V008,123.0,1.3813832223585951
2026-06-01,2026-06-01 10:40:08,V008,122.0,1.1935942327419051
2026-06-01,2026-06-01 10:40:09,V008,122.0,1.6148637698069799
2026-06-01,2026-06-01 10:40:10,V008,122.0,1.7207417672602292
2026-06-01,2026-06-01 10:40:11,V008,125.0,1.4454010614395085
2026-06-01,2026-06-01 10:40:12,V008,127.0,1.5805475349049127
2026-06-01,2026-06-01 10:40:13,V008,129.0,1.7741484691494622
2026-06-01,2026-06-01 10:40:14,V008,132.0,1.5261418732326586
2026-06-01,2026-06-01 10:40:15,V008,132.0,1.4103427728785487
2026-06-01,2026-06-01 10:40:16,V008,133.0,1.7081782506510632
2026-06-01,2026-06-01 10:40:17,V008,135.0,1.4764863701189126
2026-06-01,2026-06-01 10:40:18,V008,136.0,1.4957177414978111
2026-06-01,2026-06-01 10:40:19,V008,137.0,1.4330723396602318
2026-06-01,2026-06-01 10:40:20,V008,139.0,1.4464201719432679
2026-06-01,2026-06-01 10:40:21,V008,140.0,1.5095426211822647
2026-06-01,2026-06-01 10:40:22,V008,141.0,1.2634028289875685
2026-06-01,2026-06-01 10:40:23,V008,141.0,1.554754718984416
2026-06-01,2026-06-01 10:40:24,V008,141.0,1.420448958679457
2026-06-01,2026-06-01 10:40:25,V008,141.0,1.5533670475031114
2026-06-01,2026-06-01 10:40:26,V008,141.0,1.5065157714613109
2026-06-01,2026-06-01 10:40:27,V008,142.0,1.3160499106223735
2026-06-01,2026-06-01 10:40:28,V008,143.0,1.5577655616218467
2026-06-01,2026-06-01 10:40:29,V008,143.0,1.5712443744825584
2026-06-01,2026-06-01 10:40:30,V008,143.0,1.3105693217599648
2026-06-01,2026-06-01 10:40:31,V008,144.0,1.3753790148653553
2026-06-01,2026-06-01 10:40:32,V008,144.0,1.5468621501122142
2026-06-01,2026-06-01 10:40:33,V008,144.0,1.528958703814229
2026-06-01,2026-06-01 10:40:34,V008,145.0,1.3667095538820453
2026-06-01,2026-06-01 10:40:35,V008,145.0,1.5649833305146346
2026-06-01,2026-06-01 10:40:36,V008,145.0,1.6489496090715172
2026-06-01,2026-06-01 10:40:37,V008,145.0,1.408685301078597
2026-06-01,2026-06-01 10:40:38,V008,145.0,1.443043137553675
2026-06-01,2026-06-01 10:40:39,V008,145.0,1.555056160381878
2026-06-01,2026-06-01 10:40:40,V008,145.0,1.4226509226547859
2026-06-01,2026-06-01 10:40:41,V008,145.0,1.5853907358301538
2026-06-01,2026-06-01 10:40:42,V008,145.0,1.6911211664397032
2026-06-01,2026-06-01 10:40:43,V008,146.0,1.5728415520153696
2026-06-01,2026-06-01 10:40:44,V008,146.0,1.286623458947245
2026-06-01,2026-06-01 10:40:45,V008,148.0,1.1964266181314027
2026-06-01,2026-06-01 10:40:46,V008,148.0,1.0298495441057671
2026-06-01,2026-06-01 10:40:47,V008,149.0,1.0151418928438587
2026-06-01,2026-06-01 10:40:48,V008,150.0,0.9818131069536595
2026-06-01,2026-06-01 10:40:49,V008,150.0,1.0140725021229045
2026-06-01,2026-06-01 10:40:50,V008,150.0,0.9993599720905713
2026-06-01,2026-06-01 10:40:51,V008,150.0,0.9872756508067231
2026-06-01,2026-06-01 10:40:52,V008,150.0,1.06797920814407
2026-06-01,2026-06-01 10:40:53,V008,150.0,1.336749708571777
2026-06-01,2026-06-01 10:40:54,V008,150.0,1.4109947166649275
2026-06-01,2026-06-01 10:40:55,V008,150.0,1.0441172058156436
2026-06-01,2026-06-01 10:40:56,V008,150.0,1.5765904399599546
2026-06-01,2026-06-01 10:40:57,V008,150.0,1.3981627034215527
2026-06-01,2026-06-01 10:40:58,V008,149.0,1.310107006544955
2026-06-01,2026-06-01 10:40:59,V008,148.0,1.5184862209609276
2026-06-01,2026-06-01 10:41:00,V008,148.0,1.1660744441234905
2026-06-01,2026-06-01 10:41:01,V008,147.0,1.5623284027175812
2026-06-01,2026-06-01 10:41:02,V008,146.0,1.406304901824695
2026-06-01,2026-06-01 10:41:03,V008,148.0,1.4102415626858913
2026-06-01,2026-06-01 10:41:04,V008,149.0,1.5032191813487124
2026-06-01,2026-06-01 10:41:05,V008,149.0,1.0829718659609149
2026-06-01,2026-06-01 10:41:06,V008,148.0,1.4216960522151418
2026-06-01,2026-06-01 10:41:07,V008,148.0,1.163471064311522
2026-06-01,2026-06-01 10:41:08,V008,148.0,1.0029287309254584
2026-06-01,2026-06-01 10:41:09,V008,148.0,0.9687501398948954
2026-06-01,2026-06-01 10:41:10,V008,148.0,1.000302565160686
2026-06-01,2026-06-01 10:41:11,V008,148.0,1.4950570120785958
2026-06-01,2026-06-01 10:41:12,V008,148.0,0.9679527813590559
2026-06-01,2026-06-01 10:41:13,V008,147.0,1.0604065069411248
2026-06-01,2026-06-01 10:41:14,V008,147.0,1.4095627003350386
2026-06-01,2026-06-01 10:41:15,V008,147.0,1.313991390636007
2026-06-01,2026-06-01 10:41:16,V008,147.0,1.0124700766588433
2026-06-01,2026-06-01 10:41:17,V008,147.0,1.2339151687354082
2026-06-01,2026-06-01 10:41:18,V008,146.0,1.016638423452889
2026-06-01,2026-06-01 10:41:19,V008,146.0,1.16841965091419
2026-06-01,2026-06-01 10:41:20,V008,146.0,1.3463036782084712
2026-06-01,2026-06-01 10:41:21,V008,146.0,1.1549776323314345
2026-06-01,2026-06-01 10:41:22,V008,147.0,1.4641869217703256
2026-06-01,2026-06-01 10:41:23,V008,147.0,1.281976379578536
2026-06-01,2026-06-01 10:41:24,V008,147.0,0.9323831073857443
2026-06-01,2026-06-01 10:41:25,V008,148.0,1.5135290887538089
2026-06-01,2026-06-01 10:41:26,V008,148.0,1.2829699321904766
2026-06-01,2026-06-01 10:41:27,V008,148.0,1.2001060216537618
2026-06-01,2026-06-01 10:41:28,V008,148.0,1.2740375475125199
2026-06-01,2026-06-01 10:41:29,V008,148.0,1.4429036255083973
2026-06-01,2026-06-01 10:41:30,V008,148.0,1.2801304582028312
2026-06-01,2026-06-01 10:41:31,V008,148.0,1.3580170584308207
2026-06-01,2026-06-01 10:41:32,V008,149.0,1.442625094067108
2026-06-01,2026-06-01 10:41:33,V008,149.0,1.1615902981238275
2026-06-01,2026-06-01 10:41:34,V008,149.0,1.4009794342748552
2026-06-01,2026-06-01 10:41:35,V008,149.0,1.2364659176638955
2026-06-01,2026-06-01 10:41:36,V008,150.0,1.1132705242205736
2026-06-01,2026-06-01 10:41:37,V008,151.0,1.5489248468850054
2026-06-01,2026-06-01 10:41:38,V008,151.0,1.0658617878466612
2026-06-01,2026-06-01 10:41:39,V008,152.0,1.4548645385290842
2026-06-01,2026-06-01 10:41:40,V008,153.0,1.2495208503509603
2026-06-01,2026-06-01 10:41:41,V008,154.0,1.3707013806870874
2026-06-01,2026-06-01 10:41:42,V008,155.0,1.256941806811584
2026-06-01,2026-06-01 10:41:43,V008,155.0,1.3742993990126628
2026-06-01,2026-06-01 10:41:44,V008,155.0,1.2423324472875046
2026-06-01,2026-06-01 10:41:45,V008,156.0,1.4748936862797528
2026-06-01,2026-06-01 10:41:46,V008,156.0,1.142901292911852
2026-06-01,2026-06-01 10:41:47,V008,156.0,1.2575049653581492
2026-06-01,2026-06-01 10:41:48,V008,157.0,1.000672031405038
2026-06-01,2026-06-01 10:41:49,V008,157.0,1.0388538881262406
2026-06-01,2026-06-01 10:41:50,V008,156.0,1.0116457575020015
2026-06-01,2026-06-01 10:41:51,V008,156.0,1.0178913826003935
2026-06-01,2026-06-01 10:41:52,V008,156.0,1.0720837729503332
2026-06-01,2026-06-01 10:41:53,V008,156.0,1.5236694384917475
2026-06-01,2026-06-01 10:41:54,V008,157.0,1.1587270835048842
2026-06-01,2026-06-01 10:41:55,V008,157.0,1.306946751859604
2026-06-01,2026-06-01 10:41:56,V008,157.0,1.3914893283781402
2026-06-01,2026-06-01 10:41:57,V008,158.0,0.9273495169528851
2026-06-01,2026-06-01 10:41:58,V008,158.0,1.5372104068172183
2026-06-01,2026-06-01 10:41:59,V008,158.0,1.2686958062619087
2026-06-01,2026-06-01 10:42:00,V008,158.0,1.2289282616187176
2026-06-01,2026-06-01 10:42:01,V008,158.0,1.1415290783414285
2026-06-01,2026-06-01 10:42:02,V008,158.0,1.1737899261849278
2026-06-01,2026-06-01 10:42:03,V008,158.0,1.0176339638710672
2026-06-01,2026-06-01 10:42:04,V008,159.0,1.2220941194853014
2026-06-01,2026-06-01 10:42:05,V008,159.0,1.556132428918475
2026-06-01,2026-06-01 10:42:06,V008,160.0,1.1317945846863091
2026-06-01,2026-06-01 10:42:07,V008,161.0,1.3300704145598155
2026-06-01,2026-06-01 10:42:08,V008,162.0,1.2895418182250984
2026-06-01,2026-06-01 10:42:09,V008,163.0,1.1979205520461622
2026-06-01,2026-06-01 10:42:10,V008,164.0,1.26839522834768
2026-06-01,2026-06-01 10:42:11,V008,166.0,1.5340843361024585
2026-06-01,2026-06-01 10:42:12,V008,168.0,0.9552462738177653
2026-06-01,2026-06-01 10:42:13,V008,169.0,1.6430786945953038
2026-06-01,2026-06-01 10:42:14,V008,169.0,1.1353046791727397
2026-06-01,2026-06-01 10:42:15,V008,170.0,1.3887809836092548
2026-06-01,2026-06-01 10:42:16,V008,170.0,1.2100064357683766
2026-06-01,2026-06-01 10:42:17,V008,171.0,1.183035074948491
2026-06-01,2026-06-01 10:42:18,V008,171.0,1.4025792160175994
2026-06-01,2026-06-01 10:42:19,V008,172.0,1.3685335484394128
2026-06-01,2026-06-01 10:42:20,V008,172.0,1.2197562270654498
2026-06-01,2026-06-01 10:42:21,V008,173.0,1.422937083538867
2026-06-01,2026-06-01 10:42:22,V008,174.0,1.1643596864610755
2026-06-01,2026-06-01 10:42:23,V008,174.0,1.0632747060866443
2026-06-01,2026-06-01 10:42:24,V008,173.0,0.9930945755370219
2026-06-01,2026-06-01 10:42:25,V008,173.0,1.0136357369789395
2026-06-01,2026-06-01 10:42:26,V008,173.0,1.0118977663105233
2026-06-01,2026-06-01 10:42:27,V008,174.0,1.0176757704358583
2026-06-01,2026-06-01 10:42:28,V008,174.0,1.0154806969746173
2026-06-01,2026-06-01 10:42:29,V008,174.0,0.9771626148464545
2026-06-01,2026-06-01 10:42:30,V008,175.0,1.0451819288712065
2026-06-01,2026-06-01 10:42:31,V008,175.0,0.9820899957961036
2026-06-01,2026-06-01 10:42:32,V008,175.0,0.9918555768298303
2026-06-01,2026-06-01 10:42:33,V008,175.0,1.0217415283672857
2026-06-01,2026-06-01 10:42:34,V008,175.0,1.0623101458637108
2026-06-01,2026-06-01 10:42:35,V008,174.0,1.0001382650056612
2026-06-01,2026-06-01 10:42:36,V008,173.0,1.0003950120077707
2026-06-01,2026-06-01 10:42:37,V008,171.0,1.0028685757783926
2026-06-01,2026-06-01 10:42:38,V008,170.0,0.9924597727196546
2026-06-01,2026-06-01 10:42:39,V008,171.0,0.9879980448588566
2026-06-01,2026-06-01 10:42:40,V008,173.0,0.9824434640820807
2026-06-01,2026-06-01 10:42:41,V008,174.0,0.9905492603079031
2026-06-01,2026-06-01 10:42:42,V008,175.0,0.9994535742602711
2026-06-01,2026-06-01 10:42:43,V008,175.0,0.9910070406502985
2026-06-01,2026-06-01 10:42:44,V008,174.0,1.0213241364621874
2026-06-01,2026-06-01 10:42:45,V008,174.0,0.9922469637510324
2026-06-01,2026-06-01 10:42:46,V008,173.0,1.2126215707801422
2026-06-01,2026-06-01 10:42:47,V008,173.0,1.5038332558264451
2026-06-01,2026-06-01 10:42:48,V008,172.0,1.4630605595133037
2026-06-01,2026-06-01 10:42:49,V008,172.0,1.4408899187911988
2026-06-01,2026-06-01 10:42:50,V008,171.0,1.5178271531205214
2026-06-01,2026-06-01 10:42:51,V008,170.0,1.4171802439893824
2026-06-01,2026-06-01 10:42:52,V008,170.0,1.373302776979325
2026-06-01,2026-06-01 10:42:53,V008,169.0,1.3613289900747516
2026-06-01,2026-06-01 10:42:54,V008,169.0,1.3691737804634776
2026-06-01,2026-06-01 10:42:55,V008,168.0,1.3175336076780917
2026-06-01,2026-06-01 10:42:56,V008,168.0,1.3326573131520099
2026-06-01,2026-06-01 10:42:57,V008,167.0,1.32773369635096
2026-06-01,2026-06-01 10:42:58,V008,167.0,1.2573823470778913
2026-06-01,2026-06-01 10:42:59,V008,166.0,1.307358166770027
2026-06-01,2026-06-01 10:43:00,V008,166.0,1.3109887343140776
2026-06-01,2026-06-01 10:43:01,V008,166.0,1.3319221905106424
2026-06-01,2026-06-01 10:43:02,V008,166.0,1.308403827909239
2026-06-01,2026-06-01 10:43:03,V008,165.0,1.2940395927031478
2026-06-01,2026-06-01 10:43:04,V008,165.0,1.2811290046759474
2026-06-01,2026-06-01 10:43:05,V008,164.0,1.26289120210042
2026-06-01,2026-06-01 10:43:06,V008,164.0,1.3374203681393273
2026-06-01,2026-06-01 10:43:07,V008,165.0,1.3645144104447011
2026-06-01,2026-06-01 10:43:08,V008,165.0,1.2313797142271559
2026-06-01,2026-06-01 10:43:09,V008,165.0,1.0461924645811311
2026-06-01,2026-06-01 10:43:10,V008,166.0,0.9821217980286562
2026-06-01,2026-06-01 10:43:11,V008,167.0,1.0136100331153688
2026-06-01,2026-06-01 10:43:12,V008,167.0,1.0042148973847609
2026-06-01,2026-06-01 10:43:13,V008,168.0,0.9904795589262567
2026-06-01,2026-06-01 10:43:14,V008,169.0,1.0160609521115036
2026-06-01,2026-06-01 10:43:15,V008,169.0,0.9914851381562994
2026-06-01,2026-06-01 10:43:16,V008,169.0,1.0318992931201683
2026-06-01,2026-06-01 10:43:17,V008,169.0,1.0031628692670533
2026-06-01,2026-06-01 10:43:18,V008,169.0,1.3280257699236802
2026-06-01,2026-06-01 10:43:19,V008,169.0,1.4749577833645666
2026-06-01,2026-06-01 10:43:20,V008,170.0,1.33553436585565
2026-06-01,2026-06-01 10:43:21,V008,170.0,1.4837436357852598
2026-06-01,2026-06-01 10:43:22,V008,170.0,1.873667381701015
2026-06-01,2026-06-01 10:43:23,V008,170.0,1.5621679598214273
2026-06-01,2026-06-01 10:43:24,V008,170.0,1.5950222775335743
2026-06-01,2026-06-01 10:43:25,V008,170.0,1.813193705795511
2026-06-01,2026-06-01 10:43:26,V008,170.0,1.9336141023873108
2026-06-01,2026-06-01 10:43:27,V008,170.0,1.1595157627519685
2026-06-01,2026-06-01 10:43:28,V008,170.0,1.4732408256621243
2026-06-01,2026-06-01 10:43:29,V008,170.0,1.0689653108287283
2026-06-01,2026-06-01 10:43:30,V008,170.0,0.9984000458175941
2026-06-01,2026-06-01 10:43:31,V008,169.0,0.9994811029997143
2026-06-01,2026-06-01 10:43:32,V008,169.0,0.9649427966044377
2026-06-01,2026-06-01 10:43:33,V008,168.0,1.063444487626681
2026-06-01,2026-06-01 10:43:34,V008,167.0,0.9858138366642973
2026-06-01,2026-06-01 10:43:35,V008,165.0,1.0119860806511958
2026-06-01,2026-06-01 10:43:36,V008,164.0,0.9939469823355992
2026-06-01,2026-06-01 10:43:37,V008,165.0,1.0064115115660424
2026-06-01,2026-06-01 10:43:38,V008,165.0,0.9857719412862308
2026-06-01,2026-06-01 10:43:39,V008,166.0,0.989503807675582
2026-06-01,2026-06-01 10:43:40,V008,167.0,0.9999633331157913
2026-06-01,2026-06-01 10:43:41,V008,167.0,1.0348820148928868
2026-06-01,2026-06-01 10:43:42,V008,168.0,1.0292506196835514
2026-06-01,2026-06-01 10:43:43,V008,169.0,0.9877273793924165
2026-06-01,2026-06-01 10:43:44,V008,170.0,0.9950138224151799
2026-06-01,2026-06-01 10:43:45,V008,170.0,1.1385925941076178
2026-06-01,2026-06-01 10:43:46,V008,170.0,1.0247248535397244
2026-06-01,2026-06-01 10:43:47,V008,170.0,1.0084736419348452
2026-06-01,2026-06-01 10:43:48,V008,170.0,1.029323939493777
2026-06-01,2026-06-01 10:43:49,V008,170.0,1.0286086811638484
2026-06-01,2026-06-01 10:43:50,V008,170.0,1.0372980036028103
2026-06-01,2026-06-01 10:43:51,V008,169.0,1.0266481293731728
2026-06-01,2026-06-01 10:43:52,V008,169.0,0.9966385769327413
2026-06-01,2026-06-01 10:43:53,V008,169.0,0.9910716171459976
2026-06-01,2026-06-01 10:43:54,V008,169.0,1.0815895121973682
2026-06-01,2026-06-01 10:43:55,V008,166.0,1.0141627205481403
2026-06-01,2026-06-01 10:43:56,V008,164.0,1.0378074954016225
2026-06-01,2026-06-01 10:43:57,V008,162.0,1.0182621078901142
2026-06-01,2026-06-01 10:43:58,V008,161.0,1.0348179344341983
2026-06-01,2026-06-01 10:43:59,V008,161.0,1.0316332653470135
2026-06-01,2026-06-01 10:44:00,V008,161.0,1.0301821287191473
2026-06-01,2026-06-01 10:44:01,V008,161.0,1.0283312891859346
2026-06-01,2026-06-01 10:44:02,V008,162.0,1.0259941289278607
2026-06-01,2026-06-01 10:44:03,V008,162.0,1.0142240309118618
2026-06-01,2026-06-01 10:44:04,V008,162.0,0.9971146476091796
2026-06-01,2026-06-01 10:44:05,V008,161.0,0.9886517749483374
2026-06-01,2026-06-01 10:44:06,V008,160.0,1.0441244057502548
2026-06-01,2026-06-01 10:44:07,V008,158.0,0.9627019489433337
2026-06-01,2026-06-01 10:44:08,V008,157.0,0.997564456944854
2026-06-01,2026-06-01 10:44:09,V008,156.0,1.0183588259346759
2026-06-01,2026-06-01 10:44:10,V008,156.0,0.9692466354050709
2026-06-01,2026-06-01 10:44:11,V008,156.0,1.0495833004230362
2026-06-01,2026-06-01 10:44:12,V008,156.0,0.9944339090660095
2026-06-01,2026-06-01 10:44:13,V008,156.0,1.0164259062054108
2026-06-01,2026-06-01 10:44:14,V008,156.0,1.0087819748025617
2026-06-01,2026-06-01 10:44:15,V008,156.0,1.0009789078087803
2026-06-01,2026-06-01 10:44:16,V008,157.0,1.0886625865700577
2026-06-01,2026-06-01 10:44:17,V008,157.0,0.9874997587889668
2026-06-01,2026-06-01 10:44:18,V008,157.0,1.011875210212386
2026-06-01,2026-06-01 10:44:19,V008,157.0,1.0174303532236002
2026-06-01,2026-06-01 10:44:20,V008,157.0,0.9889547668995695
2026-06-01,2026-06-01 10:44:21,V008,156.0,0.9876870068279522
2026-06-01,2026-06-01 10:44:22,V008,156.0,1.0082952419789466
2026-06-01,2026-06-01 10:44:23,V008,155.0,1.0259884249249245
2026-06-01,2026-06-01 10:44:24,V008,155.0,0.9804812483679622
2026-06-01,2026-06-01 10:44:25,V008,153.0,1.11388066699333
2026-06-01,2026-06-01 10:44:26,V008,152.0,1.0217890033830768
2026-06-01,2026-06-01 10:44:27,V008,151.0,0.9822129895967909
2026-06-01,2026-06-01 10:44:28,V008,150.0,0.9891765600445638
2026-06-01,2026-06-01 10:44:29,V008,148.0,0.9879424960854649
2026-06-01,2026-06-01 10:44:30,V008,147.0,0.9838942727404273
2026-06-01,2026-06-01 10:44:31,V008,147.0,0.9939618256758855
2026-06-01,2026-06-01 10:44:32,V008,146.0,0.9740242789667476
2026-06-01,2026-06-01 10:44:33,V008,146.0,0.9992580164532874
2026-06-01,2026-06-01 10:44:34,V008,146.0,0.986591983072121
2026-06-01,2026-06-01 10:44:35,V008,146.0,0.9897260482846804
2026-06-01,2026-06-01 10:44:36,V008,146.0,0.9932532791619109
2026-06-01,2026-06-01 10:44:37,V008,147.0,0.9811316647790829
2026-06-01,2026-06-01 10:44:38,V008,147.0,1.0242244257786204
2026-06-01,2026-06-01 10:44:39,V008,147.0,1.0376491972099604
2026-06-01,2026-06-01 10:44:40,V008,147.0,0.9731287112289307
2026-06-01,2026-06-01 10:44:41,V008,147.0,1.0006038726432362
2026-06-01,2026-06-01 10:44:42,V008,147.0,0.9908118782598674
2026-06-01,2026-06-01 10:44:43,V008,146.0,0.9607629225905461
2026-06-01,2026-06-01 10:44:44,V008,146.0,1.0461940867913047
2026-06-01,2026-06-01 10:44:45,V008,146.0,0.9901253412462385
2026-06-01,2026-06-01 10:44:46,V008,147.0,1.0302465546615696
2026-06-01,2026-06-01 10:44:47,V008,148.0,0.9658027046009644
2026-06-01,2026-06-01 10:44:48,V008,148.0,1.0032321610574249
2026-06-01,2026-06-01 10:44:49,V008,149.0,1.1430290042920264
2026-06-01,2026-06-01 10:44:50,V008,149.0,0.9899386450733488
2026-06-01,2026-06-01 10:44:51,V008,149.0,0.9890455026296412
2026-06-01,2026-06-01 10:44:52,V008,150.0,1.0333857143147482
2026-06-01,2026-06-01 10:44:53,V008,150.0,0.9986863968062765
2026-06-01,2026-06-01 10:44:54,V008,151.0,0.9957315716516916
2026-06-01,2026-06-01 10:44:55,V008,150.0,0.9864637293156825
2026-06-01,2026-06-01 10:44:56,V008,150.0,0.9750201192791145
2026-06-01,2026-06-01 10:44:57,V008,149.0,0.9920906982030895
2026-06-01,2026-06-01 10:44:58,V008,149.0,0.9971959854562248
2026-06-01,2026-06-01 10:44:59,V008,149.0,1.0266226471831994
2026-06-01,2026-06-01 10:45:00,V008,148.0,0.9856769249080546
2026-06-01,2026-06-01 10:45:01,V008,148.0,0.9994118491973273
2026-06-01,2026-06-01 10:45:02,V008,147.0,1.188830835068591
2026-06-01,2026-06-01 10:45:03,V008,146.0,0.9854871278768352
2026-06-01,2026-06-01 10:45:04,V008,145.0,1.0313376079595131
2026-06-01,2026-06-01 10:45:05,V008,143.0,1.0589874626778282
2026-06-01,2026-06-01 10:45:06,V008,142.0,1.0189969760662305
2026-06-01,2026-06-01 10:45:07,V008,142.0,0.981745716079142
2026-06-01,2026-06-01 10:45:08,V008,143.0,0.9830816337875581
2026-06-01,2026-06-01 10:45:09,V008,143.0,0.9940712288503765
2026-06-01,2026-06-01 10:45:10,V008,142.0,0.9985669958807462
2026-06-01,2026-06-01 10:45:11,V008,143.0,1.0003437318461676
2026-06-01,2026-06-01 10:45:12,V008,143.0,0.9874755458585796
2026-06-01,2026-06-01 10:45:13,V008,143.0,0.985145738271229
2026-06-01,2026-06-01 10:45:14,V008,143.0,0.9832858101585109
2026-06-01,2026-06-01 10:45:15,V008,143.0,0.985610461614475
2026-06-01,2026-06-01 10:45:16,V008,143.0,0.9856486246005248
2026-06-01,2026-06-01 10:45:17,V008,142.0,0.9874941397516835
2026-06-01,2026-06-01 10:45:18,V008,141.0,0.9837738238249695
2026-06-01,2026-06-01 10:45:19,V008,140.0,0.986587263799061
2026-06-01,2026-06-01 10:45:20,V008,140.0,0.9827783384048737
2026-06-01,2026-06-01 10:45:21,V008,139.0,0.9864062436363231
2026-06-01,2026-06-01 10:45:22,V008,139.0,0.983508825768825
2026-06-01,2026-06-01 10:45:23,V008,138.0,0.9846671643381469
2026-06-01,2026-06-01 10:45:24,V008,137.0,0.9832358335723064
2026-06-01,2026-06-01 10:45:25,V008,136.0,0.9865227580634796
2026-06-01,2026-06-01 10:45:26,V008,136.0,0.9891751029219794
2026-06-01,2026-06-01 10:45:27,V008,135.0,0.9745234640119119
2026-06-01,2026-06-01 10:45:28,V008,135.0,0.9917547285524587
2026-06-01,2026-06-01 10:45:29,V008,134.0,0.9813418655940992
2026-06-01,2026-06-01 10:45:30,V008,134.0,0.9817960944680122
2026-06-01,2026-06-01 10:45:31,V008,133.0,0.9860975409466916
2026-06-01,2026-06-01 10:45:32,V008,133.0,0.9825973900997175
2026-06-01,2026-06-01 10:45:33,V008,132.0,0.9855572656022625
2026-06-01,2026-06-01 10:45:34,V008,132.0,0.98238560688838
2026-06-01,2026-06-01 10:45:35,V008,132.0,0.9873100670241546
2026-06-01,2026-06-01 10:45:36,V008,131.0,0.9802878598398064
2026-06-01,2026-06-01 10:45:37,V008,131.0,0.9847264662605377
2026-06-01,2026-06-01 10:45:38,V008,130.0,0.9830982517551777
2026-06-01,2026-06-01 10:45:39,V008,130.0,0.9848975666871777
2026-06-01,2026-06-01 10:45:40,V008,130.0,0.985203353199315
2026-06-01,2026-06-01 10:45:41,V008,129.0,0.9839370116294118
2026-06-01,2026-06-01 10:45:42,V008,129.0,0.9849787930123141
2026-06-01,2026-06-01 10:45:43,V008,129.0,0.9826416960930088
2026-06-01,2026-06-01 10:45:44,V008,128.0,1.0170721109925047
2026-06-01,2026-06-01 10:45:45,V008,128.0,1.014351825741316
2026-06-01,2026-06-01 10:45:46,V008,128.0,1.0354241877426194
2026-06-01,2026-06-01 10:45:47,V008,127.0,1.0096605212200824
2026-06-01,2026-06-01 10:45:48,V008,127.0,1.0033170252535668
2026-06-01,2026-06-01 10:45:49,V008,126.0,1.0110618902746702
2026-06-01,2026-06-01 10:45:50,V008,126.0,1.0046330496726468
2026-06-01,2026-06-01 10:45:51,V008,125.0,0.9971397520259634
2026-06-01,2026-06-01 10:45:52,V008,125.0,1.00501653350875
2026-06-01,2026-06-01 10:45:53,V008,125.0,0.9889987937385887
2026-06-01,2026-06-01 10:45:54,V008,125.0,0.9958484830137342
2026-06-01,2026-06-01 10:45:55,V008,126.0,0.9897779181744332
2026-06-01,2026-06-01 10:45:56,V008,126.0,0.9898428978640781
2026-06-01,2026-06-01 10:45:57,V008,126.0,1.0107253171895234
2026-06-01,2026-06-01 10:45:58,V008,126.0,1.1451023491880967
2026-06-01,2026-06-01 10:45:59,V008,126.0,0.990940358033605
2026-06-01,2026-06-01 10:46:00,V008,127.0,1.0602475743410207
2026-06-01,2026-06-01 10:46:01,V008,127.0,0.9983523013549803
2026-06-01,2026-06-01 10:46:02,V008,128.0,0.9861448605385972
2026-06-01,2026-06-01 10:46:03,V008,128.0,1.0005629094642945
2026-06-01,2026-06-01 10:46:04,V008,129.0,1.0022994741051354
2026-06-01,2026-06-01 10:46:05,V008,129.0,0.9868299914513856
2026-06-01,2026-06-01 10:46:06,V008,128.0,0.9875123378285298
2026-06-01,2026-06-01 10:46:07,V008,128.0,0.9874153700638363
2026-06-01,2026-06-01 10:46:08,V008,127.0,0.9848739134559374
2026-06-01,2026-06-01 10:46:09,V008,126.0,0.9841698219925136
2026-06-01,2026-06-01 10:46:10,V008,126.0,0.9823603058291834
2026-06-01,2026-06-01 10:46:11,V008,126.0,0.9843754558401883
2026-06-01,2026-06-01 10:46:12,V008,125.0,0.9815738280723538
2026-06-01,2026-06-01 10:46:13,V008,126.0,0.9847118538135026
2026-06-01,2026-06-01 10:46:14,V008,126.0,0.9818363192758292
2026-06-01,2026-06-01 10:46:15,V008,126.0,0.9845147190775783
2026-06-01,2026-06-01 10:46:16,V008,127.0,0.9826051419426656
2026-06-01,2026-06-01 10:46:17,V008,127.0,0.9843437502214926
2026-06-01,2026-06-01 10:46:18,V008,128.0,0.9841989722274296
2026-06-01,2026-06-01 10:46:19,V008,128.0,0.9806032319677066
2026-06-01,2026-06-01 10:46:20,V008,128.0,0.9848502781408545
2026-06-01,2026-06-01 10:46:21,V008,128.0,0.9841892324917435
2026-06-01,2026-06-01 10:46:22,V008,128.0,0.9802122947367224
2026-06-01,2026-06-01 10:46:23,V008,127.0,0.985016523290445
2026-06-01,2026-06-01 10:46:24,V008,127.0,1.0289615662568379
2026-06-01,2026-06-01 10:46:25,V008,127.0,0.9925847927622988
2026-06-01,2026-06-01 10:46:26,V008,126.0,1.0053876542504963
2026-06-01,2026-06-01 10:46:27,V008,126.0,1.0120814552555715
2026-06-01,2026-06-01 10:46:28,V008,126.0,1.0195434581300822
2026-06-01,2026-06-01 10:46:29,V008,125.0,0.9928949001891428
2026-06-01,2026-06-01 10:46:30,V008,125.0,1.0197245296455963
2026-06-01,2026-06-01 10:46:31,V008,124.0,0.9997722772143462
2026-06-01,2026-06-01 10:46:32,V008,124.0,1.018786718594732
2026-06-01,2026-06-01 10:46:33,V008,124.0,0.9760093233816616
2026-06-01,2026-06-01 10:46:34,V008,124.0,0.988160349234666
2026-06-01,2026-06-01 10:46:35,V008,124.0,0.9897326154643034
2026-06-01,2026-06-01 10:46:36,V008,124.0,0.9915367268468992
2026-06-01,2026-06-01 10:46:37,V008,125.0,0.9815215078801065
2026-06-01,2026-06-01 10:46:38,V008,125.0,0.9960671461949738
2026-06-01,2026-06-01 10:46:39,V008,125.0,0.9917735913612384
2026-06-01,2026-06-01 10:46:40,V008,126.0,0.9915326652676566
2026-06-01,2026-06-01 10:46:41,V008,126.0,0.9839863509778708
2026-06-01,2026-06-01 10:46:42,V008,126.0,0.9939981940494154
2026-06-01,2026-06-01 10:46:43,V008,127.0,0.9949012055567193
2026-06-01,2026-06-01 10:46:44,V008,127.0,0.9826741729564284
2026-06-01,2026-06-01 10:46:45,V008,127.0,0.9851639450124321
2026-06-01,2026-06-01 10:46:46,V008,127.0,0.9951206529255753
2026-06-01,2026-06-01 10:46:47,V008,127.0,0.9890714937760985
2026-06-01,2026-06-01 10:46:48,V008,127.0,0.9873641333705628
2026-06-01,2026-06-01 10:46:49,V008,127.0,1.0051249313234651
2026-06-01,2026-06-01 10:46:50,V008,127.0,0.9642874014339484
2026-06-01,2026-06-01 10:46:51,V008,127.0,1.000078324457487
2026-06-01,2026-06-01 10:46:52,V008,127.0,0.9970694004860892
2026-06-01,2026-06-01 10:46:53,V008,126.0,0.9911508318112396
2026-06-01,2026-06-01 10:46:54,V008,125.0,0.9893452764362802
2026-06-01,2026-06-01 10:46:55,V008,124.0,0.9921856635849078
2026-06-01,2026-06-01 10:46:56,V008,124.0,0.9780050076764557
2026-06-01,2026-06-01 10:46:57,V008,123.0,0.9827455836899073
2026-06-01,2026-06-01 10:46:58,V008,123.0,1.0021511286008877
2026-06-01,2026-06-01 10:46:59,V008,123.0,0.9908260481549281
2026-06-01,2026-06-01 10:47:00,V008,122.0,0.9873753916494945
2026-06-01,2026-06-01 10:47:01,V008,123.0,0.9887522098269629
2026-06-01,2026-06-01 10:47:02,V008,123.0,0.9846204831831529
2026-06-01,2026-06-01 10:47:03,V008,123.0,0.9863211980420321
2026-06-01,2026-06-01 10:47:04,V008,123.0,0.9840304357369718
2026-06-01,2026-06-01 10:47:05,V008,124.0,0.9862427488032042
2026-06-01,2026-06-01 10:47:06,V008,124.0,0.9880295396946945
2026-06-01,2026-06-01 10:47:07,V008,125.0,0.9866212650994289
2026-06-01,2026-06-01 10:47:08,V008,125.0,0.9879542497525889
2026-06-01,2026-06-01 10:47:09,V008,126.0,0.9815711146526601
2026-06-01,2026-06-01 10:47:10,V008,126.0,0.9834726205854833
2026-06-01,2026-06-01 10:47:11,V008,126.0,0.9784553097586474
2026-06-01,2026-06-01 10:47:12,V008,126.0,0.9916698413268034
2026-06-01,2026-06-01 10:47:13,V008,126.0,0.9828560387527334
2026-06-01,2026-06-01 10:47:14,V008,126.0,0.9876527118647385
2026-06-01,2026-06-01 10:47:15,V008,126.0,0.9839157567217146
2026-06-01,2026-06-01 10:47:16,V008,126.0,0.9883264394089821
2026-06-01,2026-06-01 10:47:17,V008,126.0,0.9862073843920014
2026-06-01,2026-06-01 10:47:18,V008,125.0,0.9842235622250216
2026-06-01,2026-06-01 10:47:19,V008,125.0,0.9865438621888298
2026-06-01,2026-06-01 10:47:20,V008,125.0,0.9837418570678109
2026-06-01,2026-06-01 10:47:21,V008,124.0,0.9876408001875048
2026-06-01,2026-06-01 10:47:22,V008,124.0,0.9819166428984021
2026-06-01,2026-06-01 10:47:23,V008,124.0,0.9867150895787408
2026-06-01,2026-06-01 10:47:24,V008,124.0,0.9890251295379094
2026-06-01,2026-06-01 10:47:25,V008,123.0,0.987575129235601
2026-06-01,2026-06-01 10:47:26,V008,123.0,0.9902059393514306
2026-06-01,2026-06-01 10:47:27,V008,123.0,0.9876230004530439
2026-06-01,2026-06-01 10:47:28,V008,123.0,0.990408318115935
2026-06-01,2026-06-01 10:47:29,V008,123.0,0.9870486708245159
2026-06-01,2026-06-01 10:47:30,V008,123.0,0.9987161588771276
2026-06-01,2026-06-01 10:47:31,V008,123.0,0.9904670810785849
2026-06-01,2026-06-01 10:47:32,V008,123.0,0.9866683831429102
2026-06-01,2026-06-01 10:47:33,V008,124.0,0.9842606196271704
2026-06-01,2026-06-01 10:47:34,V008,124.0,0.99127112515458
2026-06-01,2026-06-01 10:47:35,V008,124.0,0.9290119876011522
2026-06-01,2026-06-01 10:47:36,V008,125.0,1.0683116178612577
2026-06-01,2026-06-01 10:47:37,V008,125.0,1.0016392764873807
2026-06-01,2026-06-01 10:47:38,V008,126.0,0.9988092913431937
2026-06-01,2026-06-01 10:47:39,V008,127.0,0.9797779215446751
2026-06-01,2026-06-01 10:47:40,V008,128.0,1.0235767470621868
2026-06-01,2026-06-01 10:47:41,V008,128.0,0.9880921293882043
2026-06-01,2026-06-01 10:47:42,V008,128.0,1.0141558703932387
2026-06-01,2026-06-01 10:47:43,V008,128.0,0.9888400163540372
2026-06-01,2026-06-01 10:47:44,V008,128.0,0.9683518712336515
2026-06-01,2026-06-01 10:47:45,V008,128.0,0.9947900606156628
2026-06-01,2026-06-01 10:47:46,V008,127.0,0.9902023397128734
2026-06-01,2026-06-01 10:47:47,V008,127.0,1.0014063968025897
2026-06-01,2026-06-01 10:47:48,V008,127.0,0.9815157933970694
2026-06-01,2026-06-01 10:47:49,V008,126.0,0.9860904921899858
2026-06-01,2026-06-01 10:47:50,V008,125.0,0.9824130909672054
2026-06-01,2026-06-01 10:47:51,V008,124.0,0.9761686473935033
2026-06-01,2026-06-01 10:47:52,V008,123.0,1.029317348161536
2026-06-01,2026-06-01 10:47:53,V008,122.0,0.9874833718042307
2026-06-01,2026-06-01 10:47:54,V008,122.0,0.9878976950170129
2026-06-01,2026-06-01 10:47:55,V008,121.0,0.9866305096204133
2026-06-01,2026-06-01 10:47:56,V008,120.0,0.9900040125058541
2026-06-01,2026-06-01 10:47:57,V008,120.0,0.9866847371408012
2026-06-01,2026-06-01 10:47:58,V008,120.0,0.9902997809929165
2026-06-01,2026-06-01 10:47:59,V008,121.0,0.9795113732549644
2026-06-01,2026-06-01 10:48:00,V008,121.0,0.9878981472629905
2026-06-01,2026-06-01 10:48:01,V008,122.0,0.9842203730317762
2026-06-01,2026-06-01 10:48:02,V008,123.0,1.0026680373104202
2026-06-01,2026-06-01 10:48:03,V008,124.0,0.9796862059187664
2026-06-01,2026-06-01 10:48:04,V008,125.0,0.986053287898585
2026-06-01,2026-06-01 10:48:05,V008,125.0,0.9864459903035115
2026-06-01,2026-06-01 10:48:06,V008,126.0,0.9883370409097536
2026-06-01,2026-06-01 10:48:07,V008,127.0,0.980890483480425
2026-06-01,2026-06-01 10:48:08,V008,127.0,0.988830979966845
2026-06-01,2026-06-01 10:48:09,V008,128.0,0.9868512033330472
2026-06-01,2026-06-01 10:48:10,V008,128.0,0.9888193159452818
2026-06-01,2026-06-01 10:48:11,V008,128.0,0.985734295702627
2026-06-01,2026-06-01 10:48:12,V008,129.0,1.002166651331983
2026-06-01,2026-06-01 10:48:13,V008,129.0,0.9972587219884379
2026-06-01,2026-06-01 10:48:14,V008,129.0,0.9928971456921163
2026-06-01,2026-06-01 10:48:15,V008,130.0,1.003828537798798
2026-06-01,2026-06-01 10:48:16,V008,130.0,0.9902192206619812
2026-06-01,2026-06-01 10:48:17,V008,130.0,1.0021186030213132
2026-06-01,2026-06-01 10:48:18,V008,130.0,0.9885283753268971
2026-06-01,2026-06-01 10:48:19,V008,130.0,0.9885855556533379
2026-06-01,2026-06-01 10:48:20,V008,131.0,0.9981003854795092
2026-06-01,2026-06-01 10:48:21,V008,131.0,0.9819467946490694
2026-06-01,2026-06-01 10:48:22,V008,131.0,0.9924847637447985
2026-06-01,2026-06-01 10:48:23,V008,131.0,0.9864133554625722
2026-06-01,2026-06-01 10:48:24,V008,131.0,0.9839262932435454
2026-06-01,2026-06-01 10:48:25,V008,131.0,0.9881047444044028
2026-06-01,2026-06-01 10:48:26,V008,131.0,0.9841212544175965
2026-06-01,2026-06-01 10:48:27,V008,131.0,0.9820024831418845
2026-06-01,2026-06-01 10:48:28,V008,131.0,0.9922409580872299
2026-06-01,2026-06-01 10:48:29,V008,131.0,0.9843138870886781
2026-06-01,2026-06-01 10:48:30,V008,131.0,0.9865097843082197
2026-06-01,2026-06-01 10:48:31,V008,131.0,0.9800991551897189
2026-06-01,2026-06-01 10:48:32,V008,131.0,0.9888854669496141
2026-06-01,2026-06-01 10:48:33,V008,131.0,0.9881501533685677
2026-06-01,2026-06-01 10:48:34,V008,130.0,0.9859486935055168
2026-06-01,2026-06-01 10:48:35,V008,129.0,1.0014383720044961
2026-06-01,2026-06-01 10:48:36,V008,129.0,0.9899978848739864
2026-06-01,2026-06-01 10:48:37,V008,128.0,0.9874836670655913
2026-06-01,2026-06-01 10:48:38,V008,128.0,0.9976346490639996
2026-06-01,2026-06-01 10:48:39,V008,127.0,0.9805216954502175
2026-06-01,2026-06-01 10:48:40,V008,127.0,0.9895252087480018
2026-06-01,2026-06-01 10:48:41,V008,127.0,0.9839928358293922
2026-06-01,2026-06-01 10:48:42,V008,127.0,0.9823552046893677
2026-06-01,2026-06-01 10:48:43,V008,127.0,0.9891370571947259
2026-06-01,2026-06-01 10:48:44,V008,127.0,0.9828785538198209
2026-06-01,2026-06-01 10:48:45,V008,127.0,0.9823676034720574
2026-06-01,2026-06-01 10:48:46,V008,127.0,0.9916803501161681
2026-06-01,2026-06-01 10:48:47,V008,127.0,0.9841507939738646
2026-06-01,2026-06-01 10:48:48,V008,127.0,0.9815416958437395
2026-06-01,2026-06-01 10:48:49,V008,127.0,0.9905413924095634
2026-06-01,2026-06-01 10:48:50,V008,127.0,0.980551248283862
2026-06-01,2026-06-01 10:48:51,V008,127.0,0.9834624351946425
2026-06-01,2026-06-01 10:48:52,V008,127.0,0.9859399194268054
2026-06-01,2026-06-01 10:48:53,V008,127.0,0.9856094496083156
2026-06-01,2026-06-01 10:48:54,V008,127.0,0.9864716703197876
2026-06-01,2026-06-01 10:48:55,V008,127.0,0.9890828741477453
2026-06-01,2026-06-01 10:48:56,V008,128.0,1.0017978877876508
2026-06-01,2026-06-01 10:48:57,V008,128.0,0.9831087019294875
2026-06-01,2026-06-01 10:48:58,V008,128.0,0.9865674808239372
2026-06-01,2026-06-01 10:48:59,V008,128.0,0.9907189390348464
2026-06-01,2026-06-01 10:49:00,V008,127.0,0.988345907595085
2026-06-01,2026-06-01 10:49:01,V008,127.0,0.9801260534338324
2026-06-01,2026-06-01 10:49:02,V008,127.0,0.9911754096654212
2026-06-01,2026-06-01 10:49:03,V008,127.0,0.9850469443767038
2026-06-01,2026-06-01 10:49:04,V008,127.0,0.9874006926203804
2026-06-01,2026-06-01 10:49:05,V008,127.0,0.9818292590621691
2026-06-01,2026-06-01 10:49:06,V008,127.0,0.9891297894589985
2026-06-01,2026-06-01 10:49:07,V008,126.0,0.9917436505876303
2026-06-01,2026-06-01 10:49:08,V008,125.0,0.9919568743972187
2026-06-01,2026-06-01 10:49:09,V008,126.0,1.0034817811797687
2026-06-01,2026-06-01 10:49:10,V008,126.0,0.9799096170885924
2026-06-01,2026-06-01 10:49:11,V008,126.0,0.9914980530303404
2026-06-01,2026-06-01 10:49:12,V008,126.0,0.9923101113709558
2026-06-01,2026-06-01 10:49:13,V008,126.0,0.996744781706167
2026-06-01,2026-06-01 10:49:14,V008,125.0,0.9926146752767883
2026-06-01,2026-06-01 10:49:15,V008,125.0,0.9807398770471069
2026-06-01,2026-06-01 10:49:16,V008,124.0,0.989302445544009
2026-06-01,2026-06-01 10:49:17,V008,124.0,0.9894801934623072
2026-06-01,2026-06-01 10:49:18,V008,124.0,0.9848264599104438
2026-06-01,2026-06-01 10:49:19,V008,123.0,0.9811121317282583
2026-06-01,2026-06-01 10:49:20,V008,123.0,1.0093671431230593
2026-06-01,2026-06-01 10:49:21,V008,124.0,1.006709295703685
2026-06-01,2026-06-01 10:49:22,V008,124.0,1.023066396257559
2026-06-01,2026-06-01 10:49:23,V008,125.0,1.012522615492077
2026-06-01,2026-06-01 10:49:24,V008,125.0,0.9985857052411019
2026-06-01,2026-06-01 10:49:25,V008,125.0,1.0002934812971693
2026-06-01,2026-06-01 10:49:26,V008,125.0,0.979469928793859
2026-06-01,2026-06-01 10:49:27,V008,125.0,0.9976171230286185
2026-06-01,2026-06-01 10:49:28,V008,126.0,0.9782474548729575
2026-06-01,2026-06-01 10:49:29,V008,126.0,0.9834855906903306
2026-06-01,2026-06-01 10:49:30,V008,126.0,1.038763867219107
2026-06-01,2026-06-01 10:49:31,V008,127.0,1.006610428125955
2026-06-01,2026-06-01 10:49:32,V008,127.0,0.9736784648319989
2026-06-01,2026-06-01 10:49:33,V008,127.0,1.0063296330975942
2026-06-01,2026-06-01 10:49:34,V008,127.0,1.0136313141682034
2026-06-01,2026-06-01 10:49:35,V008,127.0,0.9802165094896877
2026-06-01,2026-06-01 10:49:36,V008,127.0,0.9894899937755528
2026-06-01,2026-06-01 10:49:37,V008,127.0,0.9916002603981895
2026-06-01,2026-06-01 10:49:38,V008,127.0,0.986741107683883
2026-06-01,2026-06-01 10:49:39,V008,126.0,0.996758353173603
2026-06-01,2026-06-01 10:49:40,V008,126.0,1.0058946475960382
2026-06-01,2026-06-01 10:49:41,V008,126.0,0.9910115188041048
2026-06-01,2026-06-01 10:49:42,V008,126.0,1.0150811445008152
2026-06-01,2026-06-01 10:49:43,V008,126.0,0.9951155488783665
2026-06-01,2026-06-01 10:49:44,V008,126.0,1.0095754509680293
2026-06-01,2026-06-01 10:49:45,V008,126.0,1.0104182757937956
2026-06-01,2026-06-01 10:49:46,V008,126.0,0.9945176155467529
2026-06-01,2026-06-01 10:49:47,V008,127.0,0.982563415181177
2026-06-01,2026-06-01 10:49:48,V008,127.0,1.012598828622346
2026-06-01,2026-06-01 10:49:49,V008,127.0,1.0064500147618862
2026-06-01,2026-06-01 10:49:50,V008,127.0,0.9785462215529328
2026-06-01,2026-06-01 10:49:51,V008,127.0,1.02069115503644
2026-06-01,2026-06-01 10:49:52,V008,127.0,1.0075462116804441
2026-06-01,2026-06-01 10:49:53,V008,126.0,0.9916524151928804
2026-06-01,2026-06-01 10:49:54,V008,125.0,0.9881706978759404
2026-06-01,2026-06-01 10:49:55,V008,125.0,0.9927903804138418
2026-06-01,2026-06-01 10:49:56,V008,125.0,0.9846108996324971
2026-06-01,2026-06-01 10:49:57,V008,125.0,0.9978200725958511
2026-06-01,2026-06-01 10:49:58,V008,125.0,0.9923771753944849
2026-06-01,2026-06-01 10:49:59,V008,125.0,0.9835738138224316
2026-06-01,2026-06-01 10:50:00,V008,124.0,0.9851133028189377
2026-06-01,2026-06-01 10:50:01,V008,124.0,1.072909393116542
2026-06-01,2026-06-01 10:50:02,V008,124.0,0.984419350234345
2026-06-01,2026-06-01 10:50:03,V008,124.0,1.0049679300317482
2026-06-01,2026-06-01 10:50:04,V008,124.0,0.9925552233388103
2026-06-01,2026-06-01 10:50:05,V008,124.0,0.9798241320433165
2026-06-01,2026-06-01 10:50:06,V008,124.0,0.9995767178763217
2026-06-01,2026-06-01 10:50:07,V008,124.0,0.997778882656966
2026-06-01,2026-06-01 10:50:08,V008,123.0,0.9932009695030053
2026-06-01,2026-06-01 10:50:09,V008,123.0,0.9999752196849448
2026-06-01,2026-06-01 10:50:10,V008,123.0,0.9851452710323505
2026-06-01,2026-06-01 10:50:11,V008,123.0,0.9854704588518887
2026-06-01,2026-06-01 10:50:12,V008,124.0,0.9840206975330381
2026-06-01,2026-06-01 10:50:13,V008,124.0,1.0034832165159702
2026-06-01,2026-06-01 10:50:14,V008,124.0,0.9680759576816493
2026-06-01,2026-06-01 10:50:15,V008,124.0,0.9901706006043668
2026-06-01,2026-06-01 10:50:16,V008,124.0,0.9923530181335916
2026-06-01,2026-06-01 10:50:17,V008,124.0,1.0041701881393479
2026-06-01,2026-06-01 10:50:18,V008,124.0,0.9759754114492813
2026-06-01,2026-06-01 10:50:19,V008,124.0,1.014780540189494
2026-06-01,2026-06-01 10:50:20,V008,124.0,0.9830119908297271
2026-06-01,2026-06-01 10:50:21,V008,124.0,0.9979041261958245
2026-06-01,2026-06-01 10:50:22,V008,124.0,0.9671958238357077
2026-06-01,2026-06-01 10:50:23,V008,123.0,1.0185361749409363
2026-06-01,2026-06-01 10:50:24,V008,123.0,0.9827511456533649
2026-06-01,2026-06-01 10:50:25,V008,122.0,0.9834973715829116
2026-06-01,2026-06-01 10:50:26,V008,121.0,0.990109834655521
2026-06-01,2026-06-01 10:50:27,V008,121.0,0.9868641668995256
2026-06-01,2026-06-01 10:50:28,V008,121.0,0.983409245812208
2026-06-01,2026-06-01 10:50:29,V008,121.0,0.9940068817427465
2026-06-01,2026-06-01 10:50:30,V008,121.0,0.9972346489841503
2026-06-01,2026-06-01 10:50:31,V008,120.0,0.9827695322291278
2026-06-01,2026-06-01 10:50:32,V008,120.0,0.9883924084400625
2026-06-01,2026-06-01 10:50:33,V008,119.0,0.9888646513293297
2026-06-01,2026-06-01 10:50:34,V008,119.0,0.9913843146536531
2026-06-01,2026-06-01 10:50:35,V008,118.0,0.9794112557513278
2026-06-01,2026-06-01 10:50:36,V008,118.0,0.9934850342728802
2026-06-01,2026-06-01 10:50:37,V008,117.0,0.9818690610775193
2026-06-01,2026-06-01 10:50:38,V008,117.0,0.9985265475111049
2026-06-01,2026-06-01 10:50:39,V008,116.0,0.9879807167927606
2026-06-01,2026-06-01 10:50:40,V008,116.0,0.9845359964037311
2026-06-01,2026-06-01 10:50:41,V008,115.0,1.000506547192009
2026-06-01,2026-06-01 10:50:42,V008,115.0,0.994435959166296
2026-06-01,2026-06-01 10:50:43,V008,115.0,0.986189332712038
2026-06-01,2026-06-01 10:50:44,V008,115.0,0.9860435492834629
2026-06-01,2026-06-01 10:50:45,V008,116.0,1.000967725796781
2026-06-01,2026-06-01 10:50:46,V008,116.0,0.991385722291117
2026-06-01,2026-06-01 10:50:47,V008,117.0,0.9904670366343582
2026-06-01,2026-06-01 10:50:48,V008,117.0,0.9973302393729018
2026-06-01,2026-06-01 10:50:49,V008,118.0,0.9886055763120226
2026-06-01,2026-06-01 10:50:50,V008,118.0,0.9888573912137948
2026-06-01,2026-06-01 10:50:51,V008,118.0,0.9842873808228486
2026-06-01,2026-06-01 10:50:52,V008,118.0,0.9857155193950556
2026-06-01,2026-06-01 10:50:53,V008,119.0,0.9839023565333919
2026-06-01,2026-06-01 10:50:54,V008,119.0,1.0041494971949758
2026-06-01,2026-06-01 10:50:55,V008,119.0,0.9924992685386067
2026-06-01,2026-06-01 10:50:56,V008,119.0,0.9853199248996585
2026-06-01,2026-06-01 10:50:57,V008,119.0,0.9879708004827663
2026-06-01,2026-06-01 10:50:58,V008,119.0,0.9987745378017681
2026-06-01,2026-06-01 10:50:59,V008,118.0,0.9968683708135094
2026-06-01,2026-06-01 10:51:00,V008,118.0,0.984513165397726
2026-06-01,2026-06-01 10:51:01,V008,118.0,1.0075129972774888
2026-06-01,2026-06-01 10:51:02,V008,117.0,0.9946128912712072
2026-06-01,2026-06-01 10:51:03,V008,116.0,0.9993644078424826
2026-06-01,2026-06-01 10:51:04,V008,116.0,0.9824003802928046
2026-06-01,2026-06-01 10:51:05,V008,115.0,0.9889742824013287
2026-06-01,2026-06-01 10:51:06,V008,115.0,0.9837282198254386
2026-06-01,2026-06-01 10:51:07,V008,115.0,0.9877337965004844
2026-06-01,2026-06-01 10:51:08,V008,116.0,0.9869012140944378
2026-06-01,2026-06-01 10:51:09,V008,116.0,0.9873449511473135
2026-06-01,2026-06-01 10:51:10,V008,117.0,0.9888727652663868
2026-06-01,2026-06-01 10:51:11,V008,118.0,0.9859452149815615
2026-06-01,2026-06-01 10:51:12,V008,118.0,0.9843066064033248
2026-06-01,2026-06-01 10:51:13,V008,118.0,0.9881231754983069
2026-06-01,2026-06-01 10:51:14,V008,118.0,0.9829407234106595
2026-06-01,2026-06-01 10:51:15,V008,117.0,0.9858095545765754
2026-06-01,2026-06-01 10:51:16,V008,117.0,0.9872963306818838
2026-06-01,2026-06-01 10:51:17,V008,116.0,0.982732925112886
2026-06-01,2026-06-01 10:51:18,V008,116.0,0.9846844221926881
2026-06-01,2026-06-01 10:51:19,V008,115.0,0.9857394273674007
2026-06-01,2026-06-01 10:51:20,V008,115.0,0.993305893357634
2026-06-01,2026-06-01 10:51:21,V008,115.0,0.9859641299910188
2026-06-01,2026-06-01 10:51:22,V008,114.0,0.9855430185928896
2026-06-01,2026-06-01 10:51:23,V008,115.0,0.9809766755242285
2026-06-01,2026-06-01 10:51:24,V008,115.0,0.986166910559361
2026-06-01,2026-06-01 10:51:25,V008,115.0,0.9849477009068187
2026-06-01,2026-06-01 10:51:26,V008,114.0,0.98677031508027
2026-06-01,2026-06-01 10:51:27,V008,114.0,0.985269905185923
2026-06-01,2026-06-01 10:51:28,V008,114.0,1.008355850658704
2026-06-01,2026-06-01 10:51:29,V008,113.0,0.9897675856135307
2026-06-01,2026-06-01 10:51:30,V008,112.0,1.0077330919754552
2026-06-01,2026-06-01 10:51:31,V008,111.0,0.9837422021787172
2026-06-01,2026-06-01 10:51:32,V008,111.0,0.9868637607131363
2026-06-01,2026-06-01 10:51:33,V008,110.0,0.9844862679576044
2026-06-01,2026-06-01 10:51:34,V008,109.0,0.9837584574365132
2026-06-01,2026-06-01 10:51:35,V008,109.0,0.984982204176869
2026-06-01,2026-06-01 10:51:36,V008,108.0,0.9855255717729815
2026-06-01,2026-06-01 10:51:37,V008,108.0,0.9915264407844522
2026-06-01,2026-06-01 10:51:38,V008,108.0,0.9995420137301904
2026-06-01,2026-06-01 10:51:39,V008,108.0,0.9867510961514093
2026-06-01,2026-06-01 10:51:40,V008,108.0,0.9885188527660494
2026-06-01,2026-06-01 10:51:41,V008,109.0,0.9837534304174705
2026-06-01,2026-06-01 10:51:42,V008,109.0,0.987729317335838
2026-06-01,2026-06-01 10:51:43,V008,109.0,0.9890769754294132
2026-06-01,2026-06-01 10:51:44,V008,109.0,0.9854498724111389
2026-06-01,2026-06-01 10:51:45,V008,109.0,0.9955078572156236
2026-06-01,2026-06-01 10:51:46,V008,109.0,0.9919004314592731
2026-06-01,2026-06-01 10:51:47,V008,110.0,0.9894505957411085
2026-06-01,2026-06-01 10:51:48,V008,110.0,0.9848317880529183
2026-06-01,2026-06-01 10:51:49,V008,110.0,1.0102688036953287
2026-06-01,2026-06-01 10:51:50,V008,110.0,0.9858456712255701
2026-06-01,2026-06-01 10:51:51,V008,111.0,1.1691868253704154
2026-06-01,2026-06-01 10:51:52,V008,111.0,0.9819069325447158
2026-06-01,2026-06-01 10:51:53,V008,111.0,1.1308517107322482
2026-06-01,2026-06-01 10:51:54,V008,112.0,1.0066456086680633
2026-06-01,2026-06-01 10:51:55,V008,113.0,0.9946659756115873
2026-06-01,2026-06-01 10:51:56,V008,113.0,0.9896701961898238
2026-06-01,2026-06-01 10:51:57,V008,114.0,0.9855703335256759
2026-06-01,2026-06-01 10:51:58,V008,114.0,0.9824600587496284
2026-06-01,2026-06-01 10:51:59,V008,115.0,0.9864399502990996
2026-06-01,2026-06-01 10:52:00,V008,115.0,0.9838318712489605
2026-06-01,2026-06-01 10:52:01,V008,115.0,0.9822007749241745
2026-06-01,2026-06-01 10:52:02,V008,115.0,0.9871294035969882
2026-06-01,2026-06-01 10:52:03,V008,116.0,0.9804901972649424
2026-06-01,2026-06-01 10:52:04,V008,116.0,0.9994521260869922
2026-06-01,2026-06-01 10:52:05,V008,116.0,0.9806773931649018
2026-06-01,2026-06-01 10:52:06,V008,116.0,0.9918709286019252
2026-06-01,2026-06-01 10:52:07,V008,115.0,0.9859349538503007
2026-06-01,2026-06-01 10:52:08,V008,115.0,0.9899303542652449
2026-06-01,2026-06-01 10:52:09,V008,114.0,0.985022585192446
2026-06-01,2026-06-01 10:52:10,V008,113.0,0.984886256353728
2026-06-01,2026-06-01 10:52:11,V008,113.0,0.9842265559957787
2026-06-01,2026-06-01 10:52:12,V008,112.0,0.9851906773209758
2026-06-01,2026-06-01 10:52:13,V008,112.0,0.9838790650032945
2026-06-01,2026-06-01 10:52:14,V008,111.0,0.9850285424169914
2026-06-01,2026-06-01 10:52:15,V008,112.0,0.9846190379942892
2026-06-01,2026-06-01 10:52:16,V008,112.0,0.9836180710528492
2026-06-01,2026-06-01 10:52:17,V008,112.0,0.9896080564332272
2026-06-01,2026-06-01 10:52:18,V008,113.0,0.9862108067270657
2026-06-01,2026-06-01 10:52:19,V008,113.0,0.9921167313546893
2026-06-01,2026-06-01 10:52:20,V008,113.0,0.9842698149557965
2026-06-01,2026-06-01 10:52:21,V008,113.0,0.9985063399417433
2026-06-01,2026-06-01 10:52:22,V008,114.0,0.9978847979264021
2026-06-01,2026-06-01 10:52:23,V008,113.0,0.9842854274837899
2026-06-01,2026-06-01 10:52:24,V008,113.0,0.9895515121961067
2026-06-01,2026-06-01 10:52:25,V008,113.0,0.983335695826337
2026-06-01,2026-06-01 10:52:26,V008,113.0,0.9879392214320379
2026-06-01,2026-06-01 10:52:27,V008,113.0,0.9915013563308133
2026-06-01,2026-06-01 10:52:28,V008,113.0,0.988126584734034
2026-06-01,2026-06-01 10:52:29,V008,113.0,0.9927682754651591
2026-06-01,2026-06-01 10:52:30,V008,114.0,0.9858561572910014
2026-06-01,2026-06-01 10:52:31,V008,115.0,0.991977224787184
2026-06-01,2026-06-01 10:52:32,V008,115.0,0.9860251818466907
2026-06-01,2026-06-01 10:52:33,V008,116.0,0.9903519789105535
2026-06-01,2026-06-01 10:52:34,V008,117.0,0.9932213896710081
2026-06-01,2026-06-01 10:52:35,V008,118.0,1.0028980446311906
2026-06-01,2026-06-01 10:52:36,V008,118.0,0.9960032107706553
2026-06-01,2026-06-01 10:52:37,V008,119.0,1.0012903888705154
2026-06-01,2026-06-01 10:52:38,V008,120.0,1.0042978751117875
2026-06-01,2026-06-01 10:52:39,V008,120.0,0.9986973403265449
2026-06-01,2026-06-01 10:52:40,V008,120.0,0.990910988064678
2026-06-01,2026-06-01 10:52:41,V008,120.0,0.9912452486272108
2026-06-01,2026-06-01 10:52:42,V008,120.0,0.9873709699847717
2026-06-01,2026-06-01 10:52:43,V008,120.0,0.9899631005583486
2026-06-01,2026-06-01 10:52:44,V008,120.0,0.985223752895337
2026-06-01,2026-06-01 10:52:45,V008,120.0,1.0013892859669786
2026-06-01,2026-06-01 10:52:46,V008,120.0,0.9970672220301314
2026-06-01,2026-06-01 10:52:47,V008,120.0,0.9953823544220037
2026-06-01,2026-06-01 10:52:48,V008,119.0,0.9740777156672622
2026-06-01,2026-06-01 10:52:49,V008,119.0,1.0051280561760425
2026-06-01,2026-06-01 10:52:50,V008,119.0,1.0101391652091032
2026-06-01,2026-06-01 10:52:51,V008,119.0,0.9994622540956594
2026-06-01,2026-06-01 10:52:52,V008,118.0,0.9846478491888458
2026-06-01,2026-06-01 10:52:53,V008,118.0,1.0031719595295345
2026-06-01,2026-06-01 10:52:54,V008,118.0,0.9884533467325112
2026-06-01,2026-06-01 10:52:55,V008,118.0,0.9866722820012239
2026-06-01,2026-06-01 10:52:56,V008,119.0,0.9904549441795529
2026-06-01,2026-06-01 10:52:57,V008,119.0,0.9895099038745514
2026-06-01,2026-06-01 10:52:58,V008,119.0,0.9921661100041168
2026-06-01,2026-06-01 10:52:59,V008,119.0,1.0258644483253012
2026-06-01,2026-06-01 10:53:00,V008,119.0,0.9944745378995574
2026-06-01,2026-06-01 10:53:01,V008,119.0,1.0363449146685928
2026-06-01,2026-06-01 10:53:02,V008,119.0,1.0952185336935363
2026-06-01,2026-06-01 10:53:03,V008,119.0,1.0421715804684446
2026-06-01,2026-06-01 10:53:04,V008,119.0,1.0206366501238207
2026-06-01,2026-06-01 10:53:05,V008,119.0,1.0317082947279075
2026-06-01,2026-06-01 10:53:06,V008,119.0,0.979748873209443
2026-06-01,2026-06-01 10:53:07,V008,119.0,1.02519720017431
2026-06-01,2026-06-01 10:53:08,V008,119.0,0.9976668870697556
2026-06-01,2026-06-01 10:53:09,V008,119.0,0.987100166814982
2026-06-01,2026-06-01 10:53:10,V008,119.0,1.0082738756401681
2026-06-01,2026-06-01 10:53:11,V008,119.0,0.9865580927457632
2026-06-01,2026-06-01 10:53:12,V008,119.0,0.987846672569691
2026-06-01,2026-06-01 10:53:13,V008,120.0,0.9875812925581003
2026-06-01,2026-06-01 10:53:14,V008,120.0,0.9911024468529219
2026-06-01,2026-06-01 10:53:15,V008,121.0,0.9883962492933113
2026-06-01,2026-06-01 10:53:16,V008,122.0,0.9863576412894708
2026-06-01,2026-06-01 10:53:17,V008,122.0,0.99352433442858
2026-06-01,2026-06-01 10:53:18,V008,122.0,1.042556879006848
2026-06-01,2026-06-01 10:53:19,V008,122.0,1.0220666213253957
2026-06-01,2026-06-01 10:53:20,V008,122.0,0.9922985380590778
2026-06-01,2026-06-01 10:53:21,V008,123.0,1.02830319617491
2026-06-01,2026-06-01 10:53:22,V008,123.0,0.9968837531915953
2026-06-01,2026-06-01 10:53:23,V008,123.0,0.9925432362844323
2026-06-01,2026-06-01 10:53:24,V008,123.0,1.0460472147320354
2026-06-01,2026-06-01 10:53:25,V008,122.0,0.9854878521244932
2026-06-01,2026-06-01 10:53:26,V008,122.0,0.9876659408305702
2026-06-01,2026-06-01 10:53:27,V008,122.0,0.9850766576443761
2026-06-01,2026-06-01 10:53:28,V008,122.0,0.9890437605741197
2026-06-01,2026-06-01 10:53:29,V008,122.0,1.014605012479255
2026-06-01,2026-06-01 10:53:30,V008,122.0,1.0410259422156014
2026-06-01,2026-06-01 10:53:31,V008,123.0,1.0891191885549019
2026-06-01,2026-06-01 10:53:32,V008,123.0,1.0765420009143418
2026-06-01,2026-06-01 10:53:33,V008,124.0,1.011889376679029
2026-06-01,2026-06-01 10:53:34,V008,124.0,0.9803913039133093
2026-06-01,2026-06-01 10:53:35,V008,124.0,0.9917503714245299
2026-06-01,2026-06-01 10:53:36,V008,125.0,0.9997972239450332
2026-06-01,2026-06-01 10:53:37,V008,126.0,1.0549800586055469
2026-06-01,2026-06-01 10:53:38,V008,127.0,1.0302718029408682
2026-06-01,2026-06-01 10:53:39,V008,128.0,0.9910000516864255
2026-06-01,2026-06-01 10:53:40,V008,129.0,1.0038931047721633
2026-06-01,2026-06-01 10:53:41,V008,131.0,0.9943847541583238
2026-06-01,2026-06-01 10:53:42,V008,132.0,0.9861549712055737
2026-06-01,2026-06-01 10:53:43,V008,132.0,1.0397492599184284
2026-06-01,2026-06-01 10:53:44,V008,132.0,0.9865765940251495
2026-06-01,2026-06-01 10:53:45,V008,132.0,0.9810186219058928
2026-06-01,2026-06-01 10:53:46,V008,132.0,1.0212303440305732
2026-06-01,2026-06-01 10:53:47,V008,132.0,1.0281039094836537
2026-06-01,2026-06-01 10:53:48,V008,132.0,1.0296558163654366
2026-06-01,2026-06-01 10:53:49,V008,132.0,1.4094914685811728
2026-06-01,2026-06-01 10:53:50,V008,132.0,1.0486998852894103
2026-06-01,2026-06-01 10:53:51,V008,132.0,1.0291890548659972
2026-06-01,2026-06-01 10:53:52,V008,133.0,0.991979038114172
2026-06-01,2026-06-01 10:53:53,V008,132.0,0.9892577848976444
2026-06-01,2026-06-01 10:53:54,V008,132.0,1.0200377004629864
2026-06-01,2026-06-01 10:53:55,V008,132.0,1.0017038532942975
2026-06-01,2026-06-01 10:53:56,V008,133.0,0.9990882852819809
2026-06-01,2026-06-01 10:53:57,V008,133.0,1.049508247152378
2026-06-01,2026-06-01 10:53:58,V008,133.0,0.9926573022202281
2026-06-01,2026-06-01 10:53:59,V008,133.0,1.0018567797507547
2026-06-01,2026-06-01 10:54:00,V008,133.0,0.9894670452408153
2026-06-01,2026-06-01 10:54:01,V008,133.0,1.0634840254581661
2026-06-01,2026-06-01 10:54:02,V008,133.0,1.010848933724738
2026-06-01,2026-06-01 10:54:03,V008,133.0,0.9801178415059524
2026-06-01,2026-06-01 10:54:04,V008,133.0,0.9883074371744319
2026-06-01,2026-06-01 10:54:05,V008,133.0,1.005614130319688
2026-06-01,2026-06-01 10:54:06,V008,134.0,0.9722202561825533
2026-06-01,2026-06-01 10:54:07,V008,134.0,1.0017561187894162
2026-06-01,2026-06-01 10:54:08,V008,135.0,0.9828983542489461
2026-06-01,2026-06-01 10:54:09,V008,135.0,1.0190175700277615
2026-06-01,2026-06-01 10:54:10,V008,135.0,0.9907836912760098
2026-06-01,2026-06-01 10:54:11,V008,136.0,0.9934716423918697
2026-06-01,2026-06-01 10:54:12,V008,137.0,1.0931169150183155
2026-06-01,2026-06-01 10:54:13,V008,138.0,1.0527566680856888
2026-06-01,2026-06-01 10:54:14,V008,138.0,1.1174137674947169
2026-06-01,2026-06-01 10:54:15,V008,138.0,0.9857666972624771
2026-06-01,2026-06-01 10:54:16,V008,139.0,1.0093787077182717
2026-06-01,2026-06-01 10:54:17,V008,138.0,1.0171536807455923
2026-06-01,2026-06-01 10:54:18,V008,138.0,1.007517561501565
2026-06-01,2026-06-01 10:54:19,V008,138.0,0.9828813347537205
2026-06-01,2026-06-01 10:54:20,V008,138.0,1.0050683776879605
2026-06-01,2026-06-01 10:54:21,V008,138.0,1.0049263379459425
2026-06-01,2026-06-01 10:54:22,V008,138.0,1.1979167307481882
2026-06-01,2026-06-01 10:54:23,V008,138.0,1.1033175760867702
2026-06-01,2026-06-01 10:54:24,V008,138.0,0.9964106990455456
2026-06-01,2026-06-01 10:54:25,V008,137.0,1.0026894720424424
2026-06-01,2026-06-01 10:54:26,V008,137.0,1.0029644462565839
2026-06-01,2026-06-01 10:54:27,V008,136.0,1.0250691540368473
2026-06-01,2026-06-01 10:54:28,V008,136.0,0.9883102901145024
2026-06-01,2026-06-01 10:54:29,V008,136.0,1.0281248886406746
2026-06-01,2026-06-01 10:54:30,V008,136.0,0.9992732410271497
2026-06-01,2026-06-01 10:54:31,V008,136.0,0.9934070885362842
2026-06-01,2026-06-01 10:54:32,V008,136.0,0.9856552155420492
2026-06-01,2026-06-01 10:54:33,V008,136.0,0.9921260235886654
2026-06-01,2026-06-01 10:54:34,V008,136.0,0.9637295684552406
2026-06-01,2026-06-01 10:54:35,V008,136.0,1.0458746549219837
2026-06-01,2026-06-01 10:54:36,V008,136.0,1.0030035437134754
2026-06-01,2026-06-01 10:54:37,V008,136.0,0.9957146300043807
2026-06-01,2026-06-01 10:54:38,V008,135.0,0.9884957915539634
2026-06-01,2026-06-01 10:54:39,V008,136.0,0.9908940791549605
2026-06-01,2026-06-01 10:54:40,V008,136.0,1.0180692742643684
2026-06-01,2026-06-01 10:54:41,V008,136.0,1.0747965125341108
2026-06-01,2026-06-01 10:54:42,V008,136.0,1.0229622265936111
2026-06-01,2026-06-01 10:54:43,V008,136.0,0.9982797206811729
2026-06-01,2026-06-01 10:54:44,V008,136.0,0.9955325397001886
2026-06-01,2026-06-01 10:54:45,V008,136.0,1.0286076040659586
2026-06-01,2026-06-01 10:54:46,V008,136.0,0.9809377601317522
2026-06-01,2026-06-01 10:54:47,V008,136.0,1.0356730051315561
2026-06-01,2026-06-01 10:54:48,V008,135.0,1.098137464115368
2026-06-01,2026-06-01 10:54:49,V008,135.0,1.2262914623634271
2026-06-01,2026-06-01 10:54:50,V008,135.0,1.0008840448839287
2026-06-01,2026-06-01 10:54:51,V008,134.0,1.1838301984373545
2026-06-01,2026-06-01 10:54:52,V008,134.0,1.1265159664363598
2026-06-01,2026-06-01 10:54:53,V008,134.0,1.0448752126001202
2026-06-01,2026-06-01 10:54:54,V008,134.0,1.0358253617396456
2026-06-01,2026-06-01 10:54:55,V008,133.0,1.0084505246814948
2026-06-01,2026-06-01 10:54:56,V008,132.0,1.0052918422165702
2026-06-01,2026-06-01 10:54:57,V008,132.0,1.1252441771492303
2026-06-01,2026-06-01 10:54:58,V008,132.0,1.0321987789032585
2026-06-01,2026-06-01 10:54:59,V008,131.0,0.9861219390838394
2026-06-01,2026-06-01 10:55:00,V008,130.0,1.0126128792589457
2026-06-01,2026-06-01 10:55:01,V008,130.0,1.0015431857012822
2026-06-01,2026-06-01 10:55:02,V008,131.0,0.9971242194908435
2026-06-01,2026-06-01 10:55:03,V008,131.0,0.9909432328989497
2026-06-01,2026-06-01 10:55:04,V008,132.0,0.9828138787287956
2026-06-01,2026-06-01 10:55:05,V008,132.0,1.0027990262169006
2026-06-01,2026-06-01 10:55:06,V008,133.0,1.0484231479526955
2026-06-01,2026-06-01 10:55:07,V008,133.0,1.0125832198809614
2026-06-01,2026-06-01 10:55:08,V008,134.0,1.0776303867875605
2026-06-01,2026-06-01 10:55:09,V008,135.0,1.073357961514375
2026-06-01,2026-06-01 10:55:10,V008,136.0,1.1386909979413782
2026-06-01,2026-06-01 10:55:11,V008,137.0,1.0369735330428471
2026-06-01,2026-06-01 10:55:12,V008,137.0,1.0306265042817617
2026-06-01,2026-06-01 10:55:13,V008,138.0,1.0128515748234204
2026-06-01,2026-06-01 10:55:14,V008,138.0,0.992373446536059
2026-06-01,2026-06-01 10:55:15,V008,139.0,0.9825215904032778
2026-06-01,2026-06-01 10:55:16,V008,139.0,1.1181541499169874
2026-06-01,2026-06-01 10:55:17,V008,139.0,1.0226696349269488
2026-06-01,2026-06-01 10:55:18,V008,139.0,1.0932334966399535
2026-06-01,2026-06-01 10:55:19,V008,139.0,1.0180460315513633
2026-06-01,2026-06-01 10:55:20,V008,140.0,0.9832020591592554
2026-06-01,2026-06-01 10:55:21,V008,140.0,1.0235485561671998
2026-06-01,2026-06-01 10:55:22,V008,140.0,0.9943091132025499
2026-06-01,2026-06-01 10:55:23,V008,140.0,0.990474042557239
2026-06-01,2026-06-01 10:55:24,V008,141.0,1.0993553589241818
2026-06-01,2026-06-01 10:55:25,V008,141.0,1.0146594379588687
2026-06-01,2026-06-01 10:55:26,V008,141.0,1.2883879800563882
2026-06-01,2026-06-01 10:55:27,V008,141.0,1.069402638774359
2026-06-01,2026-06-01 10:55:28,V008,141.0,1.0210809283818858
2026-06-01,2026-06-01 10:55:29,V008,142.0,0.9946184281094237
2026-06-01,2026-06-01 10:55:30,V008,142.0,1.0182176108771501
2026-06-01,2026-06-01 10:55:31,V008,143.0,0.9970623947800491
2026-06-01,2026-06-01 10:55:32,V008,143.0,0.9946958673126531
2026-06-01,2026-06-01 10:55:33,V008,143.0,1.002399697204623
2026-06-01,2026-06-01 10:55:34,V008,144.0,0.9837063450564614
2026-06-01,2026-06-01 10:55:35,V008,143.0,0.9798727747965387
2026-06-01,2026-06-01 10:55:36,V008,142.0,0.9965859264616802
2026-06-01,2026-06-01 10:55:37,V008,142.0,0.9875833624630507
2026-06-01,2026-06-01 10:55:38,V008,141.0,0.9876223861718064
2026-06-01,2026-06-01 10:55:39,V008,140.0,0.9820268127485479
2026-06-01,2026-06-01 10:55:40,V008,140.0,0.981689348193484
2026-06-01,2026-06-01 10:55:41,V008,139.0,1.042140709234708
2026-06-01,2026-06-01 10:55:42,V008,138.0,0.9897466154988828
2026-06-01,2026-06-01 10:55:43,V008,137.0,1.0001994386871893
2026-06-01,2026-06-01 10:55:44,V008,137.0,0.9965257305178685
2026-06-01,2026-06-01 10:55:45,V008,137.0,1.0202519263464558
2026-06-01,2026-06-01 10:55:46,V008,137.0,1.040320639608832
2026-06-01,2026-06-01 10:55:47,V008,138.0,1.025491167118243
2026-06-01,2026-06-01 10:55:48,V008,138.0,1.0377115965790749
2026-06-01,2026-06-01 10:55:49,V008,139.0,0.9951867211064828
2026-06-01,2026-06-01 10:55:50,V008,140.0,1.071464665538554
2026-06-01,2026-06-01 10:55:51,V008,140.0,0.9844898514156251
2026-06-01,2026-06-01 10:55:52,V008,141.0,1.0078342100800344
2026-06-01,2026-06-01 10:55:53,V008,141.0,0.9872451800286356
2026-06-01,2026-06-01 10:55:54,V008,141.0,0.9898419519731293
2026-06-01,2026-06-01 10:55:55,V008,141.0,0.982183330620579
2026-06-01,2026-06-01 10:55:56,V008,141.0,0.9899049842987272
2026-06-01,2026-06-01 10:55:57,V008,141.0,1.010991129662767
2026-06-01,2026-06-01 10:55:58,V008,141.0,0.9893613112618549
2026-06-01,2026-06-01 10:55:59,V008,141.0,0.9938864356823278
2026-06-01,2026-06-01 10:56:00,V008,140.0,1.0034480223440838
2026-06-01,2026-06-01 10:56:01,V008,140.0,0.976808452878094
2026-06-01,2026-06-01 10:56:02,V008,139.0,0.9726472589409701
2026-06-01,2026-06-01 10:56:03,V008,138.0,1.160759245597335
2026-06-01,2026-06-01 10:56:04,V008,138.0,1.0189411138653612
2026-06-01,2026-06-01 10:56:05,V008,138.0,1.0280412203053344
2026-06-01,2026-06-01 10:56:06,V008,138.0,1.003220145767224
2026-06-01,2026-06-01 10:56:07,V008,138.0,0.9799281857637636
2026-06-01,2026-06-01 10:56:08,V008,138.0,1.101445101356883
2026-06-01,2026-06-01 10:56:09,V008,138.0,0.9998927887473593
2026-06-01,2026-06-01 10:56:10,V008,138.0,0.9936166822957465
2026-06-01,2026-06-01 10:56:11,V008,138.0,1.0000015459331753
2026-06-01,2026-06-01 10:56:12,V008,138.0,0.9915055068298655
2026-06-01,2026-06-01 10:56:13,V008,138.0,0.984856590430828
2026-06-01,2026-06-01 10:56:14,V008,137.0,0.9975275784848978
2026-06-01,2026-06-01 10:56:15,V008,137.0,1.1166076643100125
2026-06-01,2026-06-01 10:56:16,V008,136.0,1.008910540790536
2026-06-01,2026-06-01 10:56:17,V008,136.0,0.9999582362444958
2026-06-01,2026-06-01 10:56:18,V008,135.0,1.0013893249696846
2026-06-01,2026-06-01 10:56:19,V008,135.0,1.0001841751493845
2026-06-01,2026-06-01 10:56:20,V008,135.0,0.9826713776099235
2026-06-01,2026-06-01 10:56:21,V008,136.0,0.9902056571749451
2026-06-01,2026-06-01 10:56:22,V008,136.0,0.9841751572863258
2026-06-01,2026-06-01 10:56:23,V008,136.0,0.990428287739881
2026-06-01,2026-06-01 10:56:24,V008,136.0,0.9903250684898475
2026-06-01,2026-06-01 10:56:25,V008,136.0,0.9931983499665161
2026-06-01,2026-06-01 10:56:26,V008,136.0,1.016421343561957
2026-06-01,2026-06-01 10:56:27,V008,135.0,1.0006734204689158
2026-06-01,2026-06-01 10:56:28,V008,135.0,1.033439933005784
2026-06-01,2026-06-01 10:56:29,V008,135.0,0.9933180849255033
2026-06-01,2026-06-01 10:56:30,V008,135.0,0.9886063357828409
2026-06-01,2026-06-01 10:56:31,V008,134.0,0.9840353598057152
2026-06-01,2026-06-01 10:56:32,V008,134.0,0.9879693074702729
2026-06-01,2026-06-01 10:56:33,V008,134.0,0.983319345001308
2026-06-01,2026-06-01 10:56:34,V008,134.0,1.002881205908344
2026-06-01,2026-06-01 10:56:35,V008,134.0,0.987787986902969
2026-06-01,2026-06-01 10:56:36,V008,133.0,0.9847464251964769
2026-06-01,2026-06-01 10:56:37,V008,133.0,0.9916104377535178
2026-06-01,2026-06-01 10:56:38,V008,133.0,0.9973988089218699
2026-06-01,2026-06-01 10:56:39,V008,133.0,1.0072535642557883
2026-06-01,2026-06-01 10:56:40,V008,133.0,0.9992086905454491
2026-06-01,2026-06-01 10:56:41,V008,133.0,0.9832551212426756
2026-06-01,2026-06-01 10:56:42,V008,132.0,0.9912723434223926
2026-06-01,2026-06-01 10:56:43,V008,132.0,0.9821831410601968
2026-06-01,2026-06-01 10:56:44,V008,132.0,0.997146281144136
2026-06-01,2026-06-01 10:56:45,V008,131.0,0.9797113084379401
2026-06-01,2026-06-01 10:56:46,V008,131.0,1.1167256406282067
2026-06-01,2026-06-01 10:56:47,V008,131.0,1.06606656848654
2026-06-01,2026-06-01 10:56:48,V008,130.0,0.9801573120311792
2026-06-01,2026-06-01 10:56:49,V008,130.0,0.9834217888831781
2026-06-01,2026-06-01 10:56:50,V008,130.0,1.0080801437265652
2026-06-01,2026-06-01 10:56:51,V008,129.0,0.9908343747065484
2026-06-01,2026-06-01 10:56:52,V008,129.0,1.025386229822507
2026-06-01,2026-06-01 10:56:53,V008,128.0,1.0418077657013871
2026-06-01,2026-06-01 10:56:54,V008,127.0,1.0043186151907553
2026-06-01,2026-06-01 10:56:55,V008,127.0,0.9910563515486588
2026-06-01,2026-06-01 10:56:56,V008,127.0,1.0123821069840528
2026-06-01,2026-06-01 10:56:57,V008,127.0,0.9913809694215514
2026-06-01,2026-06-01 10:56:58,V008,127.0,0.9868546184445617
2026-06-01,2026-06-01 10:56:59,V008,127.0,1.0112649472916186
2026-06-01,2026-06-01 10:57:00,V008,127.0,1.0006937918859502
2026-06-01,2026-06-01 10:57:01,V008,128.0,0.9889941669200076
2026-06-01,2026-06-01 10:57:02,V008,128.0,0.98883001044048
2026-06-01,2026-06-01 10:57:03,V008,128.0,1.0068805652136852
2026-06-01,2026-06-01 10:57:04,V008,128.0,1.004189118336439
2026-06-01,2026-06-01 10:57:05,V008,128.0,0.9902412852602344
2026-06-01,2026-06-01 10:57:06,V008,129.0,1.0004771237730932
2026-06-01,2026-06-01 10:57:07,V008,129.0,1.0482940060957202
2026-06-01,2026-06-01 10:57:08,V008,129.0,1.015731040422866
2026-06-01,2026-06-01 10:57:09,V008,128.0,1.0057352163000315
2026-06-01,2026-06-01 10:57:10,V008,128.0,0.9838661887953521
2026-06-01,2026-06-01 10:57:11,V008,128.0,0.9936109632535587
2026-06-01,2026-06-01 10:57:12,V008,128.0,0.991682733877061
2026-06-01,2026-06-01 10:57:13,V008,128.0,0.9948007435030409
2026-06-01,2026-06-01 10:57:14,V008,128.0,0.987302133838816
2026-06-01,2026-06-01 10:57:15,V008,129.0,0.9894820156234456
2026-06-01,2026-06-01 10:57:16,V008,129.0,0.9947481795975661
2026-06-01,2026-06-01 10:57:17,V008,129.0,1.0024673558050352
2026-06-01,2026-06-01 10:57:18,V008,130.0,0.9812308668945917
2026-06-01,2026-06-01 10:57:19,V008,130.0,0.9882099067887156
2026-06-01,2026-06-01 10:57:20,V008,130.0,0.9935786256808248
2026-06-01,2026-06-01 10:57:21,V008,131.0,0.9868138063229936
2026-06-01,2026-06-01 10:57:22,V008,131.0,0.9907216542551353
2026-06-01,2026-06-01 10:57:23,V008,131.0,0.9938475301968636
2026-06-01,2026-06-01 10:57:24,V008,130.0,1.1373649517436848
2026-06-01,2026-06-01 10:57:25,V008,131.0,1.1291639157585216
2026-06-01,2026-06-01 10:57:26,V008,132.0,1.0280948683148299
2026-06-01,2026-06-01 10:57:27,V008,131.0,1.04739471154443
2026-06-01,2026-06-01 10:57:28,V008,130.0,0.9999257673644224
2026-06-01,2026-06-01 10:57:29,V008,129.0,1.0201346332447843
2026-06-01,2026-06-01 10:57:30,V008,129.0,0.9778925279701834
2026-06-01,2026-06-01 10:57:31,V008,128.0,1.0610733686801541
2026-06-01,2026-06-01 10:57:32,V008,128.0,1.0398699462094765
2026-06-01,2026-06-01 10:57:33,V008,128.0,1.003115585156898
2026-06-01,2026-06-01 10:57:34,V008,127.0,0.9877205363793538
2026-06-01,2026-06-01 10:57:35,V008,128.0,1.0095170743194049
2026-06-01,2026-06-01 10:57:36,V008,128.0,1.0017707342666307
2026-06-01,2026-06-01 10:57:37,V008,128.0,1.0725420244515838
2026-06-01,2026-06-01 10:57:38,V008,128.0,0.9669028679981386
2026-06-01,2026-06-01 10:57:39,V008,128.0,0.9950162767145659
2026-06-01,2026-06-01 10:57:40,V008,128.0,1.0058172550546831
2026-06-01,2026-06-01 10:57:41,V008,129.0,0.9976389951270731
2026-06-01,2026-06-01 10:57:42,V008,129.0,1.02161082174073
2026-06-01,2026-06-01 10:57:43,V008,130.0,1.019206416402806
2026-06-01,2026-06-01 10:57:44,V008,130.0,1.006651106165585
2026-06-01,2026-06-01 10:57:45,V008,131.0,0.9784457522484964
2026-06-01,2026-06-01 10:57:46,V008,131.0,0.9874026624472415
2026-06-01,2026-06-01 10:57:47,V008,132.0,0.9960437828142393
2026-06-01,2026-06-01 10:57:48,V008,132.0,1.0942418451828864
2026-06-01,2026-06-01 10:57:49,V008,132.0,1.0074878621449332
2026-06-01,2026-06-01 10:57:50,V008,132.0,1.0021790509591988
2026-06-01,2026-06-01 10:57:51,V008,131.0,0.9979004196931432
2026-06-01,2026-06-01 10:57:52,V008,131.0,1.2163077693391984
2026-06-01,2026-06-01 10:57:53,V008,131.0,1.2579153578043065
2026-06-01,2026-06-01 10:57:54,V008,131.0,1.406462253577673
2026-06-01,2026-06-01 10:57:55,V008,131.0,1.4113871591245974
2026-06-01,2026-06-01 10:57:56,V008,132.0,1.5392286491009413
2026-06-01,2026-06-01 10:57:57,V008,132.0,1.2639105439511347
2026-06-01,2026-06-01 10:57:58,V008,132.0,1.0195717946797398
2026-06-01,2026-06-01 10:57:59,V008,132.0,0.9943289687282433
2026-06-01,2026-06-01 10:58:00,V008,131.0,1.0252749625784587
2026-06-01,2026-06-01 10:58:01,V008,132.0,1.1020462370427817
2026-06-01,2026-06-01 10:58:02,V008,132.0,1.044009177872076
2026-06-01,2026-06-01 10:58:03,V008,132.0,1.022838752680535
2026-06-01,2026-06-01 10:58:04,V008,132.0,0.9830455485858165
2026-06-01,2026-06-01 10:58:05,V008,133.0,0.9928692937483509
2026-06-01,2026-06-01 10:58:06,V008,133.0,0.9894639683598373
2026-06-01,2026-06-01 10:58:07,V008,133.0,1.0099015161858163
2026-06-01,2026-06-01 10:58:08,V008,133.0,0.993573662941831
2026-06-01,2026-06-01 10:58:09,V008,134.0,0.9998609356212014
2026-06-01,2026-06-01 10:58:10,V008,134.0,0.9858678267585844
2026-06-01,2026-06-01 10:58:11,V008,135.0,1.0018568785815047
2026-06-01,2026-06-01 10:58:12,V008,136.0,0.9845998827292215
2026-06-01,2026-06-01 10:58:13,V008,137.0,1.1042385593549373
2026-06-01,2026-06-01 10:58:14,V008,138.0,1.0164847647291941
2026-06-01,2026-06-01 10:58:15,V008,139.0,1.0596260664147013
2026-06-01,2026-06-01 10:58:16,V008,140.0,1.0320673905062876
2026-06-01,2026-06-01 10:58:17,V008,141.0,1.0012721679464598
2026-06-01,2026-06-01 10:58:18,V008,142.0,1.0374637911453772
2026-06-01,2026-06-01 10:58:19,V008,142.0,1.0308774796629714
2026-06-01,2026-06-01 10:58:20,V008,142.0,1.008736690949043
2026-06-01,2026-06-01 10:58:21,V008,142.0,1.0135399601376387
2026-06-01,2026-06-01 10:58:22,V008,142.0,1.2106589576247802
2026-06-01,2026-06-01 10:58:23,V008,141.0,1.0455702926222687
2026-06-01,2026-06-01 10:58:24,V008,141.0,0.9656810109233924
2026-06-01,2026-06-01 10:58:25,V008,140.0,0.9979579327575161
2026-06-01,2026-06-01 10:58:26,V008,140.0,0.993428831122759
2026-06-01,2026-06-01 10:58:27,V008,139.0,0.9998039102899737
2026-06-01,2026-06-01 10:58:28,V008,139.0,1.0043251726804845
2026-06-01,2026-06-01 10:58:29,V008,139.0,1.0199041656811676
2026-06-01,2026-06-01 10:58:30,V008,139.0,1.044327757394346
2026-06-01,2026-06-01 10:58:31,V008,139.0,0.9982607005292796
2026-06-01,2026-06-01 10:58:32,V008,139.0,0.9831321833935852
2026-06-01,2026-06-01 10:58:33,V008,140.0,1.2454057543307677
2026-06-01,2026-06-01 10:58:34,V008,140.0,1.5983369871769495
2026-06-01,2026-06-01 10:58:35,V008,140.0,1.2413981445327098
2026-06-01,2026-06-01 10:58:36,V008,141.0,1.139525065867435
2026-06-01,2026-06-01 10:58:37,V008,141.0,1.035161476369169
2026-06-01,2026-06-01 10:58:38,V008,141.0,1.0307875893278513
2026-06-01,2026-06-01 10:58:39,V008,141.0,1.065728014688325
2026-06-01,2026-06-01 10:58:40,V008,141.0,1.0756159278882533
2026-06-01,2026-06-01 10:58:41,V008,141.0,1.0317428518022254
2026-06-01,2026-06-01 10:58:42,V008,142.0,1.0006069396091377
2026-06-01,2026-06-01 10:58:43,V008,142.0,0.9900960520172263
2026-06-01,2026-06-01 10:58:44,V008,142.0,1.0108836128910577
2026-06-01,2026-06-01 10:58:45,V008,142.0,0.9996207681362165
2026-06-01,2026-06-01 10:58:46,V008,141.0,1.0000021389405602
2026-06-01,2026-06-01 10:58:47,V008,141.0,0.9866584123257346
2026-06-01,2026-06-01 10:58:48,V008,141.0,0.9916356493661161
2026-06-01,2026-06-01 10:58:49,V008,141.0,0.9977286572503058
2026-06-01,2026-06-01 10:58:50,V008,142.0,0.9869475569204212
2026-06-01,2026-06-01 10:58:51,V008,142.0,0.9920408677688068
2026-06-01,2026-06-01 10:58:52,V008,143.0,0.9835557643648638
2026-06-01,2026-06-01 10:58:53,V008,144.0,1.0258139682646634
2026-06-01,2026-06-01 10:58:54,V008,145.0,0.9812687265961082
2026-06-01,2026-06-01 10:58:55,V008,145.0,1.0031464039465146
2026-06-01,2026-06-01 10:58:56,V008,146.0,1.009685967669762
2026-06-01,2026-06-01 10:58:57,V008,146.0,0.9991478602428007
2026-06-01,2026-06-01 10:58:58,V008,146.0,0.9989657854584928
2026-06-01,2026-06-01 10:58:59,V008,146.0,0.9949554748852678
2026-06-01,2026-06-01 10:59:00,V008,146.0,1.0154151331535106
2026-06-01,2026-06-01 10:59:01,V008,145.0,0.9911532177047099
2026-06-01,2026-06-01 10:59:02,V008,145.0,1.0110592521469786
2026-06-01,2026-06-01 10:59:03,V008,144.0,0.9927947387934982
2026-06-01,2026-06-01 10:59:04,V008,143.0,1.0679841871937032
2026-06-01,2026-06-01 10:59:05,V008,142.0,0.989745313149237
2026-06-01,2026-06-01 10:59:06,V008,141.0,1.0047338834870607
2026-06-01,2026-06-01 10:59:07,V008,141.0,1.0001360244901647
2026-06-01,2026-06-01 10:59:08,V008,140.0,1.000370441220588
2026-06-01,2026-06-01 10:59:09,V008,140.0,1.0087964294721998
2026-06-01,2026-06-01 10:59:10,V008,140.0,1.0057650913346585
2026-06-01,2026-06-01 10:59:11,V008,139.0,1.0473250342730198
2026-06-01,2026-06-01 10:59:12,V008,139.0,1.1685645179251059
2026-06-01,2026-06-01 10:59:13,V008,139.0,1.188281728649283
2026-06-01,2026-06-01 10:59:14,V008,138.0,1.0625091035165857
2026-06-01,2026-06-01 10:59:15,V008,138.0,1.0475650027840122
2026-06-01,2026-06-01 10:59:16,V008,138.0,1.003432935100485
2026-06-01,2026-06-01 10:59:17,V008,138.0,0.9977437414252359
2026-06-01,2026-06-01 10:59:18,V008,138.0,0.9967319083115478
2026-06-01,2026-06-01 10:59:19,V008,137.0,0.9941984823452462
2026-06-01,2026-06-01 10:59:20,V008,137.0,1.0129100724872593
2026-06-01,2026-06-01 10:59:21,V008,137.0,1.1244876728125333
2026-06-01,2026-06-01 10:59:22,V008,138.0,0.9932360480480736
2026-06-01,2026-06-01 10:59:23,V008,138.0,0.9873326576005507
2026-06-01,2026-06-01 10:59:24,V008,138.0,0.987763836036934
2026-06-01,2026-06-01 10:59:25,V008,138.0,0.9846611335703915
2026-06-01,2026-06-01 10:59:26,V008,137.0,1.0026867235023187
2026-06-01,2026-06-01 10:59:27,V008,137.0,1.037195417311308
2026-06-01,2026-06-01 10:59:28,V008,137.0,0.99445324000411
2026-06-01,2026-06-01 10:59:29,V008,137.0,0.9886715144601542
2026-06-01,2026-06-01 10:59:30,V008,137.0,0.9838198354072248
2026-06-01,2026-06-01 10:59:31,V008,137.0,0.9946771500082998
2026-06-01,2026-06-01 10:59:32,V008,137.0,0.9900666538118983
2026-06-01,2026-06-01 10:59:33,V008,137.0,0.9983676205652534
2026-06-01,2026-06-01 10:59:34,V008,137.0,0.990158690072819
2026-06-01,2026-06-01 10:59:35,V008,136.0,1.0152900313848112
2026-06-01,2026-06-01 10:59:36,V008,136.0,0.994456831131222
2026-06-01,2026-06-01 10:59:37,V008,135.0,0.9973872905999879
2026-06-01,2026-06-01 10:59:38,V008,135.0,1.002546629325374
2026-06-01,2026-06-01 10:59:39,V008,135.0,1.0061770710526245
2026-06-01,2026-06-01 10:59:40,V008,135.0,0.9817515798785068
2026-06-01,2026-06-01 10:59:41,V008,135.0,0.9943265823339041
2026-06-01,2026-06-01 10:59:42,V008,135.0,0.996175811000066
2026-06-01,2026-06-01 10:59:43,V008,135.0,0.9896152592075717
2026-06-01,2026-06-01 10:59:44,V008,135.0,0.9951177880902976
2026-06-01,2026-06-01 10:59:45,V008,135.0,0.9741335310568473
2026-06-01,2026-06-01 10:59:46,V008,135.0,0.9986386704128327
2026-06-01,2026-06-01 10:59:47,V008,135.0,1.0078688115568062
2026-06-01,2026-06-01 10:59:48,V008,136.0,0.9805241987490653
2026-06-01,2026-06-01 10:59:49,V008,136.0,0.9878608921916227
2026-06-01,2026-06-01 10:59:50,V008,136.0,1.0302938988414498
2026-06-01,2026-06-01 10:59:51,V008,136.0,0.9936326190079137
2026-06-01,2026-06-01 10:59:52,V008,136.0,1.0262465019102258
2026-06-01,2026-06-01 10:59:53,V008,136.0,0.9946249557476561
2026-06-01,2026-06-01 10:59:54,V008,136.0,0.9938835671939097
2026-06-01,2026-06-01 10:59:55,V008,136.0,1.0536994806905136
2026-06-01,2026-06-01 10:59:56,V008,136.0,1.0423966419758641
2026-06-01,2026-06-01 10:59:57,V008,136.0,1.0552147437645896
2026-06-01,2026-06-01 10:59:58,V008,136.0,0.9841138790641972
2026-06-01,2026-06-01 10:59:59,V008,136.0,0.9927128398094824
2026-06-01,2026-06-01 11:00:00,V008,136.0,1.0159185475198367
2026-06-01,2026-06-01 11:00:01,V008,137.0,0.9678372530560704
2026-06-01,2026-06-01 11:00:02,V008,137.0,1.0608311377327115
2026-06-01,2026-06-01 11:00:03,V008,137.0,1.2585379988576337
2026-06-01,2026-06-01 11:00:04,V008,137.0,0.9567670727375157
2026-06-01,2026-06-01 11:00:05,V008,137.0,1.011232416460436
2026-06-01,2026-06-01 11:00:06,V008,138.0,1.0039580192367927
2026-06-01,2026-06-01 11:00:07,V008,139.0,1.2204289302966331
2026-06-01,2026-06-01 11:00:08,V008,140.0,1.1467548577906077
2026-06-01,2026-06-01 11:00:09,V008,140.0,1.1345821368373348
2026-06-01,2026-06-01 11:00:10,V008,141.0,1.2245110314450773
2026-06-01,2026-06-01 11:00:11,V008,142.0,1.1370071900489436
2026-06-01,2026-06-01 11:00:12,V008,143.0,0.9976996231229889
2026-06-01,2026-06-01 11:00:13,V008,142.0,0.9974672551389613
2026-06-01,2026-06-01 11:00:14,V008,142.0,1.0057272095198613
2026-06-01,2026-06-01 11:00:15,V008,142.0,1.0224141841008854
2026-06-01,2026-06-01 11:00:16,V008,143.0,0.9928081130837713
2026-06-01,2026-06-01 11:00:17,V008,142.0,1.030222004304297
2026-06-01,2026-06-01 11:00:18,V008,142.0,1.1042523730149139
2026-06-01,2026-06-01 11:00:19,V008,142.0,1.075022311854914
2026-06-01,2026-06-01 11:00:20,V008,142.0,1.0261187092162551
2026-06-01,2026-06-01 11:00:21,V008,141.0,0.978614549532718
2026-06-01,2026-06-01 11:00:22,V008,141.0,1.0200716286057807
2026-06-01,2026-06-01 11:00:23,V008,141.0,1.0019004739663384
2026-06-01,2026-06-01 11:00:24,V008,141.0,0.9945605125476754
2026-06-01,2026-06-01 11:00:25,V008,140.0,0.9926687107715875
2026-06-01,2026-06-01 11:00:26,V008,140.0,1.036905111641349
2026-06-01,2026-06-01 11:00:27,V008,139.0,0.98783799761572
2026-06-01,2026-06-01 11:00:28,V008,139.0,1.0005401693596845
2026-06-01,2026-06-01 11:00:29,V008,139.0,0.9920787394879851
2026-06-01,2026-06-01 11:00:30,V008,139.0,0.9840031934299139
2026-06-01,2026-06-01 11:00:31,V008,140.0,1.043233438301277
2026-06-01,2026-06-01 11:00:32,V008,141.0,1.008274181452004
2026-06-01,2026-06-01 11:00:33,V008,142.0,1.058828696636268
2026-06-01,2026-06-01 11:00:34,V008,142.0,1.0297011473152962
2026-06-01,2026-06-01 11:00:35,V008,143.0,0.9834556207663682
2026-06-01,2026-06-01 11:00:36,V008,144.0,1.0005410714868306
2026-06-01,2026-06-01 11:00:37,V008,145.0,1.0014851467867067
2026-06-01,2026-06-01 11:00:38,V008,145.0,0.9956573081478313
2026-06-01,2026-06-01 11:00:39,V008,146.0,0.9930933228371235
2026-06-01,2026-06-01 11:00:40,V008,147.0,1.0323667886788035
2026-06-01,2026-06-01 11:00:41,V008,146.0,1.0042461082243148
2026-06-01,2026-06-01 11:00:42,V008,146.0,1.1410307514129112
2026-06-01,2026-06-01 11:00:43,V008,146.0,0.9681479179615156
2026-06-01,2026-06-01 11:00:44,V008,145.0,1.0028801309680382
2026-06-01,2026-06-01 11:00:45,V008,145.0,0.9958816118455429
2026-06-01,2026-06-01 11:00:46,V008,144.0,1.04997063461443
2026-06-01,2026-06-01 11:00:47,V008,144.0,1.0731835736219084
2026-06-01,2026-06-01 11:00:48,V008,143.0,1.103082965805557
2026-06-01,2026-06-01 11:00:49,V008,143.0,1.021227395741974
2026-06-01,2026-06-01 11:00:50,V008,143.0,0.9764121067102601
2026-06-01,2026-06-01 11:00:51,V008,143.0,0.9877362425301658
2026-06-01,2026-06-01 11:00:52,V008,143.0,0.9965726366088552
2026-06-01,2026-06-01 11:00:53,V008,143.0,1.027947000244011
2026-06-01,2026-06-01 11:00:54,V008,143.0,0.9957819099458974
2026-06-01,2026-06-01 11:00:55,V008,143.0,0.9964704272177112
2026-06-01,2026-06-01 11:00:56,V008,142.0,1.024968418669106
2026-06-01,2026-06-01 11:00:57,V008,141.0,1.0092652439657526
2026-06-01,2026-06-01 11:00:58,V008,141.0,1.0158057701206504
2026-06-01,2026-06-01 11:00:59,V008,140.0,0.9909178803659572
2026-06-01,2026-06-01 11:01:00,V008,139.0,0.9991466979165683
2026-06-01,2026-06-01 11:01:01,V008,139.0,1.0075574530039577
2026-06-01,2026-06-01 11:01:02,V008,139.0,1.012447796714353
2026-06-01,2026-06-01 11:01:03,V008,139.0,1.0177456106969147
2026-06-01,2026-06-01 11:01:04,V008,139.0,1.0125063806774832
2026-06-01,2026-06-01 11:01:05,V008,139.0,0.9888299354326445
2026-06-01,2026-06-01 11:01:06,V008,138.0,1.0048058636813237
2026-06-01,2026-06-01 11:01:07,V008,138.0,0.9801372209807955
2026-06-01,2026-06-01 11:01:08,V008,138.0,0.983780392293638
2026-06-01,2026-06-01 11:01:09,V008,137.0,0.9939835542603899
2026-06-01,2026-06-01 11:01:10,V008,137.0,1.0773707897869962
2026-06-01,2026-06-01 11:01:11,V008,136.0,0.9878369885436918
2026-06-01,2026-06-01 11:01:12,V008,135.0,0.9968443484290039
2026-06-01,2026-06-01 11:01:13,V008,135.0,0.9886529320830988
2026-06-01,2026-06-01 11:01:14,V008,134.0,1.0447139851891314
2026-06-01,2026-06-01 11:01:15,V008,134.0,0.9783072234418186
2026-06-01,2026-06-01 11:01:16,V008,133.0,0.9994597400639491
2026-06-01,2026-06-01 11:01:17,V008,133.0,0.9930599671270509
2026-06-01,2026-06-01 11:01:18,V008,133.0,0.9947559051004782
2026-06-01,2026-06-01 11:01:19,V008,134.0,0.982325826542061
2026-06-01,2026-06-01 11:01:20,V008,134.0,1.0113726467489415
2026-06-01,2026-06-01 11:01:21,V008,134.0,0.9885145302926566
2026-06-01,2026-06-01 11:01:22,V008,135.0,0.9990242209622281
2026-06-01,2026-06-01 11:01:23,V008,135.0,0.9862383403353381
2026-06-01,2026-06-01 11:01:24,V008,135.0,1.0094822431801465
2026-06-01,2026-06-01 11:01:25,V008,135.0,1.0243438358952277
2026-06-01,2026-06-01 11:01:26,V008,135.0,0.9965295664694396
2026-06-01,2026-06-01 11:01:27,V008,135.0,0.9990741922806738
2026-06-01,2026-06-01 11:01:28,V008,135.0,0.9897854707192352
2026-06-01,2026-06-01 11:01:29,V008,135.0,0.9939017642100983
2026-06-01,2026-06-01 11:01:30,V008,134.0,0.9870754976627882
2026-06-01,2026-06-01 11:01:31,V008,134.0,1.0240442734719037
2026-06-01,2026-06-01 11:01:32,V008,134.0,0.9876238445792198
2026-06-01,2026-06-01 11:01:33,V008,135.0,1.0055086439536953
2026-06-01,2026-06-01 11:01:34,V008,135.0,0.9923378606394555
2026-06-01,2026-06-01 11:01:35,V008,135.0,1.0005135224667197
2026-06-01,2026-06-01 11:01:36,V008,135.0,0.9901727971939644
2026-06-01,2026-06-01 11:01:37,V008,135.0,0.9984396504894761
2026-06-01,2026-06-01 11:01:38,V008,136.0,1.0082410134890212
2026-06-01,2026-06-01 11:01:39,V008,136.0,1.0081196853171936
2026-06-01,2026-06-01 11:01:40,V008,136.0,1.0070292064450852
2026-06-01,2026-06-01 11:01:41,V008,137.0,1.0182676738857044
2026-06-01,2026-06-01 11:01:42,V008,137.0,0.9865690630382704
2026-06-01,2026-06-01 11:01:43,V008,137.0,0.9937633102886531
2026-06-01,2026-06-01 11:01:44,V008,138.0,0.959560083740508
2026-06-01,2026-06-01 11:01:45,V008,138.0,1.0658781105711475
2026-06-01,2026-06-01 11:01:46,V008,138.0,0.9904156623385689
2026-06-01,2026-06-01 11:01:47,V008,138.0,0.9859081735852853
2026-06-01,2026-06-01 11:01:48,V008,138.0,1.006143061451108
2026-06-01,2026-06-01 11:01:49,V008,137.0,0.9977366719176624
2026-06-01,2026-06-01 11:01:50,V008,137.0,0.9850224886513617
2026-06-01,2026-06-01 11:01:51,V008,136.0,0.9979991973848177
2026-06-01,2026-06-01 11:01:52,V008,136.0,0.9623880307326629
2026-06-01,2026-06-01 11:01:53,V008,136.0,1.1631718100380812
2026-06-01,2026-06-01 11:01:54,V008,136.0,1.0503075471946086
2026-06-01,2026-06-01 11:01:55,V008,137.0,1.0100318977745097
2026-06-01,2026-06-01 11:01:56,V008,137.0,1.0065536129204555
2026-06-01,2026-06-01 11:01:57,V008,137.0,1.043131610818471
2026-06-01,2026-06-01 11:01:58,V008,137.0,0.9982725372567921
2026-06-01,2026-06-01 11:01:59,V008,137.0,1.0250119443993244
2026-06-01,2026-06-01 11:02:00,V008,137.0,1.0442536449884818
2026-06-01,2026-06-01 11:02:01,V008,137.0,1.0095605835033787
2026-06-01,2026-06-01 11:02:02,V008,137.0,0.999457253773204
2026-06-01,2026-06-01 11:02:03,V008,138.0,1.0291683705929422
2026-06-01,2026-06-01 11:02:04,V008,138.0,1.0335896001912466
2026-06-01,2026-06-01 11:02:05,V008,139.0,1.0082921422320907
2026-06-01,2026-06-01 11:02:06,V008,140.0,0.9823180778446613
2026-06-01,2026-06-01 11:02:07,V008,141.0,1.068920735248977
2026-06-01,2026-06-01 11:02:08,V008,141.0,0.9797402861785911
2026-06-01,2026-06-01 11:02:09,V008,142.0,1.026696293072317
2026-06-01,2026-06-01 11:02:10,V008,142.0,1.0208551003621702
2026-06-01,2026-06-01 11:02:11,V008,142.0,0.9831800677298882
2026-06-01,2026-06-01 11:02:12,V008,142.0,0.9823027731833298
2026-06-01,2026-06-01 11:02:13,V008,142.0,1.0277036036620795
2026-06-01,2026-06-01 11:02:14,V008,141.0,1.0350977306041025
2026-06-01,2026-06-01 11:02:15,V008,141.0,1.0428742223864842
2026-06-01,2026-06-01 11:02:16,V008,140.0,1.0795439581894286
2026-06-01,2026-06-01 11:02:17,V008,140.0,1.0139332031765607
2026-06-01,2026-06-01 11:02:18,V008,140.0,1.029434171385502
2026-06-01,2026-06-01 11:02:19,V008,140.0,1.002710864190801
2026-06-01,2026-06-01 11:02:20,V008,140.0,1.1563369539258197
2026-06-01,2026-06-01 11:02:21,V008,140.0,0.9598878544200101
2026-06-01,2026-06-01 11:02:22,V008,140.0,1.0099174903212642
2026-06-01,2026-06-01 11:02:23,V008,139.0,1.027011879535972
2026-06-01,2026-06-01 11:02:24,V008,139.0,1.0123961828695884
2026-06-01,2026-06-01 11:02:25,V008,138.0,0.9932594350710982
2026-06-01,2026-06-01 11:02:26,V008,137.0,1.008645267295154
2026-06-01,2026-06-01 11:02:27,V008,136.0,1.1438063339709759
2026-06-01,2026-06-01 11:02:28,V008,135.0,1.0006605055798083
2026-06-01,2026-06-01 11:02:29,V008,134.0,1.0372115181808066
2026-06-01,2026-06-01 11:02:30,V008,134.0,0.9803706752196009
2026-06-01,2026-06-01 11:02:31,V008,133.0,0.996594451672278
2026-06-01,2026-06-01 11:02:32,V008,133.0,0.9837857728133241
2026-06-01,2026-06-01 11:02:33,V008,133.0,0.9876186836421823
2026-06-01,2026-06-01 11:02:34,V008,133.0,0.9843838157798797
2026-06-01,2026-06-01 11:02:35,V008,134.0,1.0013972021160964
2026-06-01,2026-06-01 11:02:36,V008,135.0,0.9838962210336385
2026-06-01,2026-06-01 11:02:37,V008,136.0,1.0662207970370434
2026-06-01,2026-06-01 11:02:38,V008,137.0,1.1095424262719564
2026-06-01,2026-06-01 11:02:39,V008,137.0,1.2945317145885424
2026-06-01,2026-06-01 11:02:40,V008,138.0,1.0273948244564655
2026-06-01,2026-06-01 11:02:41,V008,139.0,1.0496035888139559
2026-06-01,2026-06-01 11:02:42,V008,139.0,1.0333078579248274
2026-06-01,2026-06-01 11:02:43,V008,140.0,1.0375869423748505
2026-06-01,2026-06-01 11:02:44,V008,141.0,1.0198242593913394
2026-06-01,2026-06-01 11:02:45,V008,142.0,0.9934208985501649
2026-06-01,2026-06-01 11:02:46,V008,142.0,0.9881859380405841
2026-06-01,2026-06-01 11:02:47,V008,143.0,0.9869111514767304
2026-06-01,2026-06-01 11:02:48,V008,143.0,0.989217995975336
2026-06-01,2026-06-01 11:02:49,V008,143.0,0.9872659223025063
2026-06-01,2026-06-01 11:02:50,V008,143.0,0.985767606115121
2026-06-01,2026-06-01 11:02:51,V008,142.0,0.9844149346445997
2026-06-01,2026-06-01 11:02:52,V008,142.0,0.9871033541309483
2026-06-01,2026-06-01 11:02:53,V008,141.0,0.986017532431172
2026-06-01,2026-06-01 11:02:54,V008,141.0,0.9896457964258906
2026-06-01,2026-06-01 11:02:55,V008,140.0,0.9869921778555707
2026-06-01,2026-06-01 11:02:56,V008,139.0,0.9827646935782072
2026-06-01,2026-06-01 11:02:57,V008,138.0,1.0040981714586092
2026-06-01,2026-06-01 11:02:58,V008,138.0,0.9767411578516101
2026-06-01,2026-06-01 11:02:59,V008,137.0,0.9919016703255367
2026-06-01,2026-06-01 11:03:00,V008,136.0,0.9848506542136927
2026-06-01,2026-06-01 11:03:01,V008,135.0,0.9842720084090044
2026-06-01,2026-06-01 11:03:02,V008,134.0,0.985616219051274
2026-06-01,2026-06-01 11:03:03,V008,133.0,0.9849633934703593
2026-06-01,2026-06-01 11:03:04,V008,132.0,0.985978120707404
2026-06-01,2026-06-01 11:03:05,V008,132.0,0.9855075863941005
2026-06-01,2026-06-01 11:03:06,V008,131.0,0.9848427540890298
2026-06-01,2026-06-01 11:03:07,V008,131.0,0.9863030814194332
2026-06-01,2026-06-01 11:03:08,V008,131.0,0.9879276988000455
2026-06-01,2026-06-01 11:03:09,V008,132.0,0.9837108309611788
2026-06-01,2026-06-01 11:03:10,V008,132.0,0.9860968254987472
2026-06-01,2026-06-01 11:03:11,V008,133.0,0.9867954816385569
2026-06-01,2026-06-01 11:03:12,V008,133.0,0.9992965154854346
2026-06-01,2026-06-01 11:03:13,V008,133.0,0.9812595964168812
2026-06-01,2026-06-01 11:03:14,V008,133.0,1.000297965163177
2026-06-01,2026-06-01 11:03:15,V008,133.0,0.9921209661386001
2026-06-01,2026-06-01 11:03:16,V008,133.0,0.9918921571363445
2026-06-01,2026-06-01 11:03:17,V008,133.0,0.9815010831917798
2026-06-01,2026-06-01 11:03:18,V008,132.0,0.9973550720517684
2026-06-01,2026-06-01 11:03:19,V008,132.0,0.9801417713388713
2026-06-01,2026-06-01 11:03:20,V008,132.0,1.0137817408030194
2026-06-01,2026-06-01 11:03:21,V008,132.0,0.9872773527264489
2026-06-01,2026-06-01 11:03:22,V008,132.0,1.015792695761044
2026-06-01,2026-06-01 11:03:23,V008,133.0,0.9989043514402828
2026-06-01,2026-06-01 11:03:24,V008,133.0,0.9931729594421705
2026-06-01,2026-06-01 11:03:25,V008,133.0,0.9853507948500171
2026-06-01,2026-06-01 11:03:26,V008,132.0,0.9847543678478619
2026-06-01,2026-06-01 11:03:27,V008,131.0,0.9861349380874889
2026-06-01,2026-06-01 11:03:28,V008,131.0,0.9829919888869751
2026-06-01,2026-06-01 11:03:29,V008,130.0,0.9874903248397203
2026-06-01,2026-06-01 11:03:30,V008,130.0,0.9841192418859152
2026-06-01,2026-06-01 11:03:31,V008,130.0,0.985686595233201
2026-06-01,2026-06-01 11:03:32,V008,130.0,0.9839219671007394
2026-06-01,2026-06-01 11:03:33,V008,130.0,0.989268276563337
2026-06-01,2026-06-01 11:03:34,V008,130.0,0.9885962729098895
2026-06-01,2026-06-01 11:03:35,V008,130.0,0.9841823304008708
2026-06-01,2026-06-01 11:03:36,V008,131.0,0.9840609072242272
2026-06-01,2026-06-01 11:03:37,V008,131.0,0.986550180000556
2026-06-01,2026-06-01 11:03:38,V008,131.0,0.9868480748727169
2026-06-01,2026-06-01 11:03:39,V008,131.0,0.9833984039396544
2026-06-01,2026-06-01 11:03:40,V008,131.0,0.9861250534666822
2026-06-01,2026-06-01 11:03:41,V008,131.0,0.9860332312791708
2026-06-01,2026-06-01 11:03:42,V008,132.0,0.9853006141092778
2026-06-01,2026-06-01 11:03:43,V008,132.0,0.9843178880936051
2026-06-01,2026-06-01 11:03:44,V008,132.0,0.9921820865711741
2026-06-01,2026-06-01 11:03:45,V008,133.0,0.9937264605371676
2026-06-01,2026-06-01 11:03:46,V008,133.0,0.9855860707586122
2026-06-01,2026-06-01 11:03:47,V008,133.0,0.9867671813766022
2026-06-01,2026-06-01 11:03:48,V008,133.0,0.9862762210970988
2026-06-01,2026-06-01 11:03:49,V008,133.0,0.9835268035864582
2026-06-01,2026-06-01 11:03:50,V008,133.0,0.9899860835703269
2026-06-01,2026-06-01 11:03:51,V008,133.0,0.9901847309703277
2026-06-01,2026-06-01 11:03:52,V008,133.0,0.977628569763188
2026-06-01,2026-06-01 11:03:53,V008,133.0,1.06000353382237
2026-06-01,2026-06-01 11:03:54,V008,134.0,1.0669938311224019
2026-06-01,2026-06-01 11:03:55,V008,134.0,1.0155556753916004
2026-06-01,2026-06-01 11:03:56,V008,135.0,1.0096539959850412
2026-06-01,2026-06-01 11:03:57,V008,135.0,0.9881703207800945
2026-06-01,2026-06-01 11:03:58,V008,135.0,0.9855028809111455
2026-06-01,2026-06-01 11:03:59,V008,134.0,0.9873296409674598
2026-06-01,2026-06-01 11:04:00,V008,134.0,0.9904524177058168
2026-06-01,2026-06-01 11:04:01,V008,134.0,1.0323161395584552
2026-06-01,2026-06-01 11:04:02,V008,134.0,0.9897577944019961
2026-06-01,2026-06-01 11:04:03,V008,133.0,1.0223815554069424
2026-06-01,2026-06-01 11:04:04,V008,133.0,0.9745199883929027
2026-06-01,2026-06-01 11:04:05,V008,133.0,0.9916603334276823
2026-06-01,2026-06-01 11:04:06,V008,133.0,0.9865572861629391
2026-06-01,2026-06-01 11:04:07,V008,133.0,0.9823469801919126
2026-06-01,2026-06-01 11:04:08,V008,132.0,1.0110287941331286
2026-06-01,2026-06-01 11:04:09,V008,132.0,1.003244381738023
2026-06-01,2026-06-01 11:04:10,V008,131.0,0.9802234891738769
2026-06-01,2026-06-01 11:04:11,V008,129.0,1.0113651396874364
2026-06-01,2026-06-01 11:04:12,V008,128.0,0.9856702083272659
2026-06-01,2026-06-01 11:04:13,V008,127.0,0.9863759466764055
2026-06-01,2026-06-01 11:04:14,V008,126.0,0.9867881921452782
2026-06-01,2026-06-01 11:04:15,V008,126.0,0.9869966127838117
2026-06-01,2026-06-01 11:04:16,V008,126.0,1.0133103920109006
2026-06-01,2026-06-01 11:04:17,V008,125.0,0.9849119237438484
2026-06-01,2026-06-01 11:04:18,V008,125.0,0.9910580793593767
2026-06-01,2026-06-01 11:04:19,V008,125.0,0.9963048378746835
2026-06-01,2026-06-01 11:04:20,V008,126.0,0.9966406877503804
2026-06-01,2026-06-01 11:04:21,V008,126.0,1.004322468237588
2026-06-01,2026-06-01 11:04:22,V008,127.0,0.9916173451814557
2026-06-01,2026-06-01 11:04:23,V008,127.0,0.9815144634253302
2026-06-01,2026-06-01 11:04:24,V008,128.0,0.9883552451320071
2026-06-01,2026-06-01 11:04:25,V008,129.0,0.9897114727426658
2026-06-01,2026-06-01 11:04:26,V008,129.0,0.9911432876043875
2026-06-01,2026-06-01 11:04:27,V008,129.0,1.0043821179122376
2026-06-01,2026-06-01 11:04:28,V008,130.0,1.0038523095764729
2026-06-01,2026-06-01 11:04:29,V008,129.0,0.9880628356828651
2026-06-01,2026-06-01 11:04:30,V008,129.0,0.9922219928639773
2026-06-01,2026-06-01 11:04:31,V008,129.0,1.00576089116501
2026-06-01,2026-06-01 11:04:32,V008,129.0,1.0015386572262768
2026-06-01,2026-06-01 11:04:33,V008,129.0,0.9962953845897052
2026-06-01,2026-06-01 11:04:34,V008,129.0,0.9914552806694286
2026-06-01,2026-06-01 11:04:35,V008,129.0,0.9909058796411617
2026-06-01,2026-06-01 11:04:36,V008,130.0,0.9947319360964436
2026-06-01,2026-06-01 11:04:37,V008,130.0,0.9830809247637362
2026-06-01,2026-06-01 11:04:38,V008,130.0,1.0027813584254668
2026-06-01,2026-06-01 11:04:39,V008,130.0,0.9922983888269142
2026-06-01,2026-06-01 11:04:40,V008,131.0,0.9944820797816835
2026-06-01,2026-06-01 11:04:41,V008,131.0,0.9877051521644632
2026-06-01,2026-06-01 11:04:42,V008,131.0,0.9834554310175272
2026-06-01,2026-06-01 11:04:43,V008,131.0,0.9866647889800422
2026-06-01,2026-06-01 11:04:44,V008,131.0,0.9875334313982752
2026-06-01,2026-06-01 11:04:45,V008,131.0,0.985090510677034
2026-06-01,2026-06-01 11:04:46,V008,131.0,0.9871724484180404
2026-06-01,2026-06-01 11:04:47,V008,130.0,0.9860926752917631
2026-06-01,2026-06-01 11:04:48,V008,130.0,0.9840194459778004
2026-06-01,2026-06-01 11:04:49,V008,129.0,0.985983661522563
2026-06-01,2026-06-01 11:04:50,V008,129.0,0.9849383845738005
2026-06-01,2026-06-01 11:04:51,V008,129.0,0.986248407424981
2026-06-01,2026-06-01 11:04:52,V008,128.0,0.9857521529341768
2026-06-01,2026-06-01 11:04:53,V008,128.0,0.9885225773979097
2026-06-01,2026-06-01 11:04:54,V008,128.0,0.9860930093536958
2026-06-01,2026-06-01 11:04:55,V008,128.0,0.9861394010977299
2026-06-01,2026-06-01 11:04:56,V008,128.0,0.9862754159078538
2026-06-01,2026-06-01 11:04:57,V008,128.0,0.9848303128252457
2026-06-01,2026-06-01 11:04:58,V008,128.0,0.9855180939539717
2026-06-01,2026-06-01 11:04:59,V008,128.0,0.985421957822191
2026-06-01,2026-06-01 11:05:00,V008,128.0,0.9852478051187203
2026-06-01,2026-06-01 11:05:01,V008,128.0,0.9870913927592508
2026-06-01,2026-06-01 11:05:02,V008,128.0,0.9850799569826278
2026-06-01,2026-06-01 11:05:03,V008,128.0,0.984795161993335
2026-06-01,2026-06-01 11:05:04,V008,128.0,0.985662720917997
2026-06-01,2026-06-01 11:05:05,V008,128.0,0.9860383150179918
2026-06-01,2026-06-01 11:05:06,V008,128.0,0.984764733289606
2026-06-01,2026-06-01 11:05:07,V008,128.0,0.9860922389042946
2026-06-01,2026-06-01 11:05:08,V008,129.0,0.984542540685622
2026-06-01,2026-06-01 11:05:09,V008,129.0,0.9864075322222363
2026-06-01,2026-06-01 11:05:10,V008,129.0,0.9852194544835416
2026-06-01,2026-06-01 11:05:11,V008,130.0,0.9855720926922188
2026-06-01,2026-06-01 11:05:12,V008,130.0,0.9851945700134938
2026-06-01,2026-06-01 11:05:13,V008,130.0,0.9857261288963297
2026-06-01,2026-06-01 11:05:14,V008,130.0,0.9846649992891024
2026-06-01,2026-06-01 11:05:15,V008,130.0,0.9863448375163688
2026-06-01,2026-06-01 11:05:16,V008,130.0,0.985407330523266
2026-06-01,2026-06-01 11:05:17,V008,130.0,0.9845893831607065
2026-06-01,2026-06-01 11:05:18,V008,129.0,0.9862104099562571
2026-06-01,2026-06-01 11:05:19,V008,129.0,0.9860820907569701
2026-06-01,2026-06-01 11:05:20,V008,129.0,0.9849734813552967
2026-06-01,2026-06-01 11:05:21,V008,129.0,0.9892558362599972
2026-06-01,2026-06-01 11:05:22,V008,130.0,0.9877245966482678
2026-06-01,2026-06-01 11:05:23,V008,130.0,0.9804634916997612
2026-06-01,2026-06-01 11:05:24,V008,131.0,0.9879618300408717
2026-06-01,2026-06-01 11:05:25,V008,131.0,0.9874870869192787
2026-06-01,2026-06-01 11:05:26,V008,131.0,0.9872757067518799
2026-06-01,2026-06-01 11:05:27,V008,131.0,0.9856984446280852
2026-06-01,2026-06-01 11:05:28,V008,131.0,0.986711248038135
2026-06-01,2026-06-01 11:05:29,V008,131.0,0.9856226862925415
2026-06-01,2026-06-01 11:05:30,V008,131.0,0.9869958201394534
2026-06-01,2026-06-01 11:05:31,V008,131.0,0.985931155180592
2026-06-01,2026-06-01 11:05:32,V008,131.0,0.9856658976206935
2026-06-01,2026-06-01 11:05:33,V008,131.0,0.9863142477728615
2026-06-01,2026-06-01 11:05:34,V008,131.0,0.9833277923425229
2026-06-01,2026-06-01 11:05:35,V008,131.0,0.9870884846082744
2026-06-01,2026-06-01 11:05:36,V008,131.0,0.9838605540296985
2026-06-01,2026-06-01 11:05:37,V008,131.0,0.986830114078443
2026-06-01,2026-06-01 11:05:38,V008,131.0,0.9861287513681456
2026-06-01,2026-06-01 11:05:39,V008,130.0,0.9856754928555479
2026-06-01,2026-06-01 11:05:40,V008,130.0,0.9862199927652264
2026-06-01,2026-06-01 11:05:41,V008,129.0,0.984691756821184
2026-06-01,2026-06-01 11:05:42,V008,129.0,0.9861396920133606
2026-06-01,2026-06-01 11:05:43,V008,128.0,0.9867933317239355
2026-06-01,2026-06-01 11:05:44,V008,127.0,0.9844014177109082
2026-06-01,2026-06-01 11:05:45,V008,126.0,0.9852562530612101
2026-06-01,2026-06-01 11:05:46,V008,126.0,0.9856035720349299
2026-06-01,2026-06-01 11:05:47,V008,125.0,0.9861032276774278
2026-06-01,2026-06-01 11:05:48,V008,125.0,0.986195435908873
2026-06-01,2026-06-01 11:05:49,V008,125.0,0.9851203165680308
2026-06-01,2026-06-01 11:05:50,V008,125.0,0.9851701529198356
2026-06-01,2026-06-01 11:05:51,V008,125.0,0.9874067113601467
2026-06-01,2026-06-01 11:05:52,V008,124.0,0.9838641343786562
2026-06-01,2026-06-01 11:05:53,V008,125.0,0.9847248065057126
2026-06-01,2026-06-01 11:05:54,V008,125.0,0.9863421286664394
2026-06-01,2026-06-01 11:05:55,V008,125.0,0.9860117447613331
2026-06-01,2026-06-01 11:05:56,V008,125.0,0.9846954654954555
2026-06-01,2026-06-01 11:05:57,V008,126.0,0.9870759432670114
2026-06-01,2026-06-01 11:05:58,V008,126.0,0.9860428966473688
2026-06-01,2026-06-01 11:05:59,V008,126.0,0.9866977629175553
2026-06-01,2026-06-01 11:06:00,V008,127.0,0.9825746875621977
2026-06-01,2026-06-01 11:06:01,V008,128.0,0.9876732191246557
2026-06-01,2026-06-01 11:06:02,V008,128.0,0.9853705624682709
2026-06-01,2026-06-01 11:06:03,V008,129.0,0.9872269865284863
2026-06-01,2026-06-01 11:06:04,V008,130.0,0.9850598439972976
2026-06-01,2026-06-01 11:06:05,V008,131.0,0.9878608302588161
2026-06-01,2026-06-01 11:06:06,V008,132.0,0.9845747904525414
2026-06-01,2026-06-01 11:06:07,V008,133.0,0.9892044756003187
2026-06-01,2026-06-01 11:06:08,V008,133.0,0.985904942453761
2026-06-01,2026-06-01 11:06:09,V008,134.0,0.9852402536707193
2026-06-01,2026-06-01 11:06:10,V008,134.0,0.9851744975101798
2026-06-01,2026-06-01 11:06:11,V008,134.0,0.983643318165861
2026-06-01,2026-06-01 11:06:12,V008,134.0,0.9871452637319441
2026-06-01,2026-06-01 11:06:13,V008,134.0,0.991330609624635
2026-06-01,2026-06-01 11:06:14,V008,134.0,0.9915149517514534
2026-06-01,2026-06-01 11:06:15,V008,133.0,0.9956947385585988
2026-06-01,2026-06-01 11:06:16,V008,132.0,1.0088768614018735
2026-06-01,2026-06-01 11:06:17,V008,131.0,0.9841164850587121
2026-06-01,2026-06-01 11:06:18,V008,130.0,0.9920740408045838
2026-06-01,2026-06-01 11:06:19,V008,128.0,0.9828673514321403
2026-06-01,2026-06-01 11:06:20,V008,127.0,0.997061747979301
2026-06-01,2026-06-01 11:06:21,V008,126.0,1.0186044055301609
2026-06-01,2026-06-01 11:06:22,V008,125.0,1.0157029380368083
2026-06-01,2026-06-01 11:06:23,V008,125.0,0.9968345408338877
2026-06-01,2026-06-01 11:06:24,V008,124.0,0.9993290840781736
2026-06-01,2026-06-01 11:06:25,V008,124.0,0.9901039250910395
2026-06-01,2026-06-01 11:06:26,V008,124.0,0.9850229868236123
2026-06-01,2026-06-01 11:06:27,V008,125.0,0.9943368162674735
2026-06-01,2026-06-01 11:06:28,V008,125.0,0.9933611795312036
2026-06-01,2026-06-01 11:06:29,V008,125.0,0.9840401929634814
2026-06-01,2026-06-01 11:06:30,V008,125.0,0.990618611237608
2026-06-01,2026-06-01 11:06:31,V008,126.0,0.9872658109803395
2026-06-01,2026-06-01 11:06:32,V008,127.0,0.9979418362804012
2026-06-01,2026-06-01 11:06:33,V008,128.0,0.9858131637089721
2026-06-01,2026-06-01 11:06:34,V008,129.0,0.9892674772182142
2026-06-01,2026-06-01 11:06:35,V008,129.0,0.9831372139547377
2026-06-01,2026-06-01 11:06:36,V008,130.0,0.9911864189757775
2026-06-01,2026-06-01 11:06:37,V008,130.0,0.9888576076416982
2026-06-01,2026-06-01 11:06:38,V008,131.0,0.9818792580656609
2026-06-01,2026-06-01 11:06:39,V008,131.0,0.9903171782559302
2026-06-01,2026-06-01 11:06:40,V008,132.0,0.9841185928943859
2026-06-01,2026-06-01 11:06:41,V008,132.0,0.985887953937987
2026-06-01,2026-06-01 11:06:42,V008,133.0,0.9894725064127999
2026-06-01,2026-06-01 11:06:43,V008,134.0,1.012264657898429
2026-06-01,2026-06-01 11:06:44,V008,135.0,0.9734577058565684
2026-06-01,2026-06-01 11:06:45,V008,136.0,0.9939108549558747
2026-06-01,2026-06-01 11:06:46,V008,136.0,0.9848805368434198
2026-06-01,2026-06-01 11:06:47,V008,137.0,0.987355438420184
2026-06-01,2026-06-01 11:06:48,V008,137.0,0.9858158977748573
2026-06-01,2026-06-01 11:06:49,V008,137.0,0.9868272129023701
2026-06-01,2026-06-01 11:06:50,V008,137.0,0.9850734654431618
2026-06-01,2026-06-01 11:06:51,V008,138.0,0.9865823041737328
2026-06-01,2026-06-01 11:06:52,V008,138.0,0.9884516750196329
2026-06-01,2026-06-01 11:06:53,V008,138.0,0.985739049127565
2026-06-01,2026-06-01 11:06:54,V008,138.0,0.9838077459416164
2026-06-01,2026-06-01 11:06:55,V008,139.0,0.9897931322304857
2026-06-01,2026-06-01 11:06:56,V008,139.0,0.986622668156311
2026-06-01,2026-06-01 11:06:57,V008,139.0,0.986024854098219
2026-06-01,2026-06-01 11:06:58,V008,139.0,0.9868082785684574
2026-06-01,2026-06-01 11:06:59,V008,139.0,0.9828954684228046
2026-06-01,2026-06-01 11:07:00,V008,139.0,1.0217559945319672
2026-06-01,2026-06-01 11:07:01,V008,139.0,1.0340838117373425
2026-06-01,2026-06-01 11:07:02,V008,138.0,0.9928800865503282
2026-06-01,2026-06-01 11:07:03,V008,138.0,0.9998490602443274
2026-06-01,2026-06-01 11:07:04,V008,138.0,0.9746117296911586
2026-06-01,2026-06-01 11:07:05,V008,137.0,0.9951805242130674
2026-06-01,2026-06-01 11:07:06,V008,137.0,0.9840658876205634
2026-06-01,2026-06-01 11:07:07,V008,137.0,0.9960680419641388
2026-06-01,2026-06-01 11:07:08,V008,137.0,0.9833682629875056
2026-06-01,2026-06-01 11:07:09,V008,136.0,0.9838121969739205
2026-06-01,2026-06-01 11:07:10,V008,136.0,0.9856657355647619
2026-06-01,2026-06-01 11:07:11,V008,136.0,0.9850140020988204
2026-06-01,2026-06-01 11:07:12,V008,136.0,0.9823640714000496
2026-06-01,2026-06-01 11:07:13,V008,136.0,0.9828856136770174
2026-06-01,2026-06-01 11:07:14,V008,136.0,0.9928375916089848
2026-06-01,2026-06-01 11:07:15,V008,136.0,0.9921762735659321
2026-06-01,2026-06-01 11:07:16,V008,136.0,0.9776454255487649
2026-06-01,2026-06-01 11:07:17,V008,135.0,0.9853846134610463
2026-06-01,2026-06-01 11:07:18,V008,135.0,0.9869370096889927
2026-06-01,2026-06-01 11:07:19,V008,135.0,0.9881115624332768
2026-06-01,2026-06-01 11:07:20,V008,135.0,0.9844795104710188
2026-06-01,2026-06-01 11:07:21,V008,135.0,0.9874338999743828
2026-06-01,2026-06-01 11:07:22,V008,135.0,0.9844658762314844
2026-06-01,2026-06-01 11:07:23,V008,135.0,0.9882751726498951
2026-06-01,2026-06-01 11:07:24,V008,135.0,0.9844803574459307
2026-06-01,2026-06-01 11:07:25,V008,135.0,0.9835633408098132
2026-06-01,2026-06-01 11:07:26,V008,135.0,0.9825237802442616
2026-06-01,2026-06-01 11:07:27,V008,135.0,0.9942747021338344
2026-06-01,2026-06-01 11:07:28,V008,135.0,0.9900629585834694
2026-06-01,2026-06-01 11:07:29,V008,135.0,0.981088804682165
2026-06-01,2026-06-01 11:07:30,V008,135.0,0.9902148440435407
2026-06-01,2026-06-01 11:07:31,V008,135.0,0.9877058099260498
2026-06-01,2026-06-01 11:07:32,V008,134.0,0.9832523036365023
2026-06-01,2026-06-01 11:07:33,V008,134.0,0.9857395572751337
2026-06-01,2026-06-01 11:07:34,V008,134.0,0.9845449953281614
2026-06-01,2026-06-01 11:07:35,V008,134.0,0.9862603535495326
2026-06-01,2026-06-01 11:07:36,V008,135.0,0.9852344752812574
2026-06-01,2026-06-01 11:07:37,V008,135.0,0.9861500866266286
2026-06-01,2026-06-01 11:07:38,V008,136.0,0.98623988274117
2026-06-01,2026-06-01 11:07:39,V008,136.0,0.9835820341664803
2026-06-01,2026-06-01 11:07:40,V008,136.0,0.9841433279313833
2026-06-01,2026-06-01 11:07:41,V008,136.0,0.9877383950425976
2026-06-01,2026-06-01 11:07:42,V008,136.0,0.9885059392121931
2026-06-01,2026-06-01 11:07:43,V008,135.0,0.9845302161988674
2026-06-01,2026-06-01 11:07:44,V008,135.0,0.9843244440566405
2026-06-01,2026-06-01 11:07:45,V008,133.0,0.9912582667905246
2026-06-01,2026-06-01 11:07:46,V008,132.0,0.9857013329413485
2026-06-01,2026-06-01 11:07:47,V008,131.0,0.987635305336856
2026-06-01,2026-06-01 11:07:48,V008,130.0,0.9862481992508151
2026-06-01,2026-06-01 11:07:49,V008,130.0,0.9994428920315954
2026-06-01,2026-06-01 11:07:50,V008,129.0,0.9974741204714475
2026-06-01,2026-06-01 11:07:51,V008,129.0,1.003017190456258
2026-06-01,2026-06-01 11:07:52,V008,129.0,0.9943354286532914
2026-06-01,2026-06-01 11:07:53,V008,130.0,0.9862497192333683
2026-06-01,2026-06-01 11:07:54,V008,130.0,0.9979468814449283
2026-06-01,2026-06-01 11:07:55,V008,131.0,0.9888554953524729
2026-06-01,2026-06-01 11:07:56,V008,131.0,0.9905882597023236
2026-06-01,2026-06-01 11:07:57,V008,132.0,0.9876456217457871
2026-06-01,2026-06-01 11:07:58,V008,132.0,0.9859080671424659
2026-06-01,2026-06-01 11:07:59,V008,133.0,0.9903836008595083
2026-06-01,2026-06-01 11:08:00,V008,134.0,0.9833923110752225
2026-06-01,2026-06-01 11:08:01,V008,134.0,0.9849228126531269
2026-06-01,2026-06-01 11:08:02,V008,134.0,1.0003143301913286
2026-06-01,2026-06-01 11:08:03,V008,135.0,0.9994316403710283
2026-06-01,2026-06-01 11:08:04,V008,135.0,1.0072479510437444
2026-06-01,2026-06-01 11:08:05,V008,135.0,0.9817736333877102
2026-06-01,2026-06-01 11:08:06,V008,135.0,1.0548898667822288
2026-06-01,2026-06-01 11:08:07,V008,135.0,1.0161282645997476
2026-06-01,2026-06-01 11:08:08,V008,135.0,0.9941365410834269
2026-06-01,2026-06-01 11:08:09,V008,136.0,0.9886988061946886
2026-06-01,2026-06-01 11:08:10,V008,136.0,0.9904729294153354
2026-06-01,2026-06-01 11:08:11,V008,136.0,0.9921183072883664
2026-06-01,2026-06-01 11:08:12,V008,136.0,0.963430395272679
2026-06-01,2026-06-01 11:08:13,V008,136.0,1.013103361597296
2026-06-01,2026-06-01 11:08:14,V008,136.0,0.9953644115606208
2026-06-01,2026-06-01 11:08:15,V008,136.0,0.990341572023192
2026-06-01,2026-06-01 11:08:16,V008,136.0,0.9914650316458302
2026-06-01,2026-06-01 11:08:17,V008,136.0,1.001182943189663
2026-06-01,2026-06-01 11:08:18,V008,136.0,1.0122050276326109
2026-06-01,2026-06-01 11:08:19,V008,136.0,1.0061606582611524
2026-06-01,2026-06-01 11:08:20,V008,136.0,1.0078283079583186
2026-06-01,2026-06-01 11:08:21,V008,135.0,0.981686677795131
2026-06-01,2026-06-01 11:08:22,V008,135.0,1.0004210118864678
2026-06-01,2026-06-01 11:08:23,V008,134.0,0.9857845266284031
2026-06-01,2026-06-01 11:08:24,V008,134.0,1.0050574202245088
2026-06-01,2026-06-01 11:08:25,V008,134.0,0.9855233444689896
2026-06-01,2026-06-01 11:08:26,V008,133.0,0.9926421602217619
2026-06-01,2026-06-01 11:08:27,V008,133.0,0.9839257790634753
2026-06-01,2026-06-01 11:08:28,V008,133.0,0.9913512704900876
2026-06-01,2026-06-01 11:08:29,V008,133.0,0.984508168690555
2026-06-01,2026-06-01 11:08:30,V008,133.0,0.988780574076949
2026-06-01,2026-06-01 11:08:31,V008,133.0,0.9849279451336922
2026-06-01,2026-06-01 11:08:32,V008,133.0,0.9866957415860219
2026-06-01,2026-06-01 11:08:33,V008,133.0,0.9898312831512542
2026-06-01,2026-06-01 11:08:34,V008,133.0,0.9819129880010714
2026-06-01,2026-06-01 11:08:35,V008,133.0,0.9859214952762101
2026-06-01,2026-06-01 11:08:36,V008,133.0,0.9865816484364701
2026-06-01,2026-06-01 11:08:37,V008,133.0,0.9824623812323668
2026-06-01,2026-06-01 11:08:38,V008,133.0,0.9873519688962512
2026-06-01,2026-06-01 11:08:39,V008,133.0,0.9862066160636762
2026-06-01,2026-06-01 11:08:40,V008,133.0,0.9873590767658417
2026-06-01,2026-06-01 11:08:41,V008,132.0,0.9867845948292019
2026-06-01,2026-06-01 11:08:42,V008,132.0,0.9878834482103002
2026-06-01,2026-06-01 11:08:43,V008,131.0,0.9840382619542831
2026-06-01,2026-06-01 11:08:44,V008,131.0,0.9872632554650131
2026-06-01,2026-06-01 11:08:45,V008,130.0,0.9860377928137641
2026-06-01,2026-06-01 11:08:46,V008,130.0,0.9890318863989782
2026-06-01,2026-06-01 11:08:47,V008,129.0,0.9870799939144808
2026-06-01,2026-06-01 11:08:48,V008,129.0,0.9853279630422672
2026-06-01,2026-06-01 11:08:49,V008,129.0,0.9851894525738355
2026-06-01,2026-06-01 11:08:50,V008,129.0,0.9847236452049436
2026-06-01,2026-06-01 11:08:51,V008,129.0,0.9869328062248534
2026-06-01,2026-06-01 11:08:52,V008,128.0,0.9857429582165822
2026-06-01,2026-06-01 11:08:53,V008,129.0,0.9994996808451372
2026-06-01,2026-06-01 11:08:54,V008,129.0,1.082631099561101
2026-06-01,2026-06-01 11:08:55,V008,129.0,1.02319084076844
2026-06-01,2026-06-01 11:08:56,V008,129.0,1.042936509945945
2026-06-01,2026-06-01 11:08:57,V008,129.0,1.0991615357939757
2026-06-01,2026-06-01 11:08:58,V008,130.0,0.9928463442954013
2026-06-01,2026-06-01 11:08:59,V008,130.0,0.9911385041356304
2026-06-01,2026-06-01 11:09:00,V008,130.0,0.9858716994567885
2026-06-01,2026-06-01 11:09:01,V008,130.0,0.9918813556772458
2026-06-01,2026-06-01 11:09:02,V008,130.0,0.9838800896047468
2026-06-01,2026-06-01 11:09:03,V008,130.0,0.9852045020473948
2026-06-01,2026-06-01 11:09:04,V008,131.0,0.9890078736983562
2026-06-01,2026-06-01 11:09:05,V008,130.0,0.985768604348355
2026-06-01,2026-06-01 11:09:06,V008,130.0,0.984459898100353
2026-06-01,2026-06-01 11:09:07,V008,130.0,0.9871458167624994
2026-06-01,2026-06-01 11:09:08,V008,130.0,0.9864954827101247
2026-06-01,2026-06-01 11:09:09,V008,130.0,0.9836447116395809
2026-06-01,2026-06-01 11:09:10,V008,130.0,0.9881474761808107
2026-06-01,2026-06-01 11:09:11,V008,129.0,0.9853282762650944
2026-06-01,2026-06-01 11:09:12,V008,129.0,0.9838904895805459
2026-06-01,2026-06-01 11:09:13,V008,129.0,0.9829707309827279
2026-06-01,2026-06-01 11:09:14,V008,128.0,0.9844011299307689
2026-06-01,2026-06-01 11:09:15,V008,128.0,0.9823583806402689
2026-06-01,2026-06-01 11:09:16,V008,127.0,0.9847547287240094
2026-06-01,2026-06-01 11:09:17,V008,127.0,0.9872395530423923
2026-06-01,2026-06-01 11:09:18,V008,126.0,0.9844891175353527
2026-06-01,2026-06-01 11:09:19,V008,126.0,0.9851520473603612
2026-06-01,2026-06-01 11:09:20,V008,125.0,0.9854588759121463
2026-06-01,2026-06-01 11:09:21,V008,125.0,0.9906539312446941
2026-06-01,2026-06-01 11:09:22,V008,125.0,0.984087620149504
2026-06-01,2026-06-01 11:09:23,V008,125.0,0.9843108110475517
2026-06-01,2026-06-01 11:09:24,V008,125.0,0.984206745315126
2026-06-01,2026-06-01 11:09:25,V008,125.0,0.9858031796917203
2026-06-01,2026-06-01 11:09:26,V008,125.0,0.9847465132337624
2026-06-01,2026-06-01 11:09:27,V008,126.0,0.9876553757889884
2026-06-01,2026-06-01 11:09:28,V008,126.0,0.9847338077931639
2026-06-01,2026-06-01 11:09:29,V008,126.0,0.9850941357222135
2026-06-01,2026-06-01 11:09:30,V008,126.0,0.9844626269329585
2026-06-01,2026-06-01 11:09:31,V008,125.0,0.985150720992539
2026-06-01,2026-06-01 11:09:32,V008,124.0,0.9847401966666421
2026-06-01,2026-06-01 11:09:33,V008,123.0,0.9865780117418236
2026-06-01,2026-06-01 11:09:34,V008,123.0,0.9829296609372634
2026-06-01,2026-06-01 11:09:35,V008,122.0,0.9869459614214012
2026-06-01,2026-06-01 11:09:36,V008,121.0,1.0145219185846124
2026-06-01,2026-06-01 11:09:37,V008,120.0,1.0368632883589766
2026-06-01,2026-06-01 11:09:38,V008,120.0,1.0118386326473805
2026-06-01,2026-06-01 11:09:39,V008,119.0,1.0124749413883107
2026-06-01,2026-06-01 11:09:40,V008,119.0,0.9882247810041649
2026-06-01,2026-06-01 11:09:41,V008,119.0,0.9875026194242995
2026-06-01,2026-06-01 11:09:42,V008,118.0,0.9828844961877766
2026-06-01,2026-06-01 11:09:43,V008,118.0,0.9850673062332784
2026-06-01,2026-06-01 11:09:44,V008,118.0,0.9865103947672338
2026-06-01,2026-06-01 11:09:45,V008,118.0,0.9796230115190407
2026-06-01,2026-06-01 11:09:46,V008,119.0,0.9947375440747148
2026-06-01,2026-06-01 11:09:47,V008,119.0,0.9809969927538309
2026-06-01,2026-06-01 11:09:48,V008,120.0,0.9806298380517464
2026-06-01,2026-06-01 11:09:49,V008,120.0,0.9947018212723185
2026-06-01,2026-06-01 11:09:50,V008,120.0,1.0075652977663212
2026-06-01,2026-06-01 11:09:51,V008,120.0,0.9878232502252468
2026-06-01,2026-06-01 11:09:52,V008,120.0,0.9998680524898714
2026-06-01,2026-06-01 11:09:53,V008,120.0,0.9692588241758713
2026-06-01,2026-06-01 11:09:54,V008,120.0,1.1828891520295461
2026-06-01,2026-06-01 11:09:55,V008,120.0,1.3819781786736836
2026-06-01,2026-06-01 11:09:56,V008,121.0,1.2104409007957133
2026-06-01,2026-06-01 11:09:57,V008,121.0,1.107861553508135
2026-06-01,2026-06-01 11:09:58,V008,121.0,1.2009906664377195
2026-06-01,2026-06-01 11:09:59,V008,122.0,1.0058373501300883
2026-06-01,2026-06-01 11:10:00,V008,123.0,1.000146763645535
2026-06-01,2026-06-01 11:10:01,V008,124.0,0.9867160045090216
2026-06-01,2026-06-01 11:10:02,V008,125.0,0.9872363180779061
2026-06-01,2026-06-01 11:10:03,V008,125.0,0.9812211441342086
2026-06-01,2026-06-01 11:10:04,V008,125.0,0.9877387222882404
2026-06-01,2026-06-01 11:10:05,V008,125.0,0.9902403769562375
2026-06-01,2026-06-01 11:10:06,V008,125.0,0.9765059988340808
2026-06-01,2026-06-01 11:10:07,V008,125.0,0.9848107717370478
2026-06-01,2026-06-01 11:10:08,V008,125.0,0.9880084677097067
2026-06-01,2026-06-01 11:10:09,V008,125.0,0.9890821812463686
2026-06-01,2026-06-01 11:10:10,V008,125.0,0.9846330441855201
2026-06-01,2026-06-01 11:10:11,V008,125.0,0.986589769056586
2026-06-01,2026-06-01 11:10:12,V008,125.0,0.9829419077187007
2026-06-01,2026-06-01 11:10:13,V008,125.0,0.9858593787255807
2026-06-01,2026-06-01 11:10:14,V008,125.0,0.9857861121715782
2026-06-01,2026-06-01 11:10:15,V008,126.0,0.9826572358960681
2026-06-01,2026-06-01 11:10:16,V008,126.0,1.0091103664763301
2026-06-01,2026-06-01 11:10:17,V008,127.0,0.9800300103102391
2026-06-01,2026-06-01 11:10:18,V008,128.0,0.9838354228806903
2026-06-01,2026-06-01 11:10:19,V008,129.0,0.9867441092601887
2026-06-01,2026-06-01 11:10:20,V008,129.0,0.9827578673049013
2026-06-01,2026-06-01 11:10:21,V008,130.0,0.9851446137715928
2026-06-01,2026-06-01 11:10:22,V008,131.0,0.9835894065457029
2026-06-01,2026-06-01 11:10:23,V008,131.0,0.9839657768899983
2026-06-01,2026-06-01 11:10:24,V008,131.0,0.9827057799942263
2026-06-01,2026-06-01 11:10:25,V008,132.0,0.9844154138392541
2026-06-01,2026-06-01 11:10:26,V008,132.0,0.9869960881422116
2026-06-01,2026-06-01 11:10:27,V008,131.0,0.9823615719279346
2026-06-01,2026-06-01 11:10:28,V008,131.0,0.9829853834870453
2026-06-01,2026-06-01 11:10:29,V008,130.0,0.9933275980678665
2026-06-01,2026-06-01 11:10:30,V008,130.0,0.9767358346865846
2026-06-01,2026-06-01 11:10:31,V008,129.0,0.98953244368192
2026-06-01,2026-06-01 11:10:32,V008,128.0,0.9844583785616423
2026-06-01,2026-06-01 11:10:33,V008,127.0,0.9860591665621571
2026-06-01,2026-06-01 11:10:34,V008,126.0,0.9853451904065228
2026-06-01,2026-06-01 11:10:35,V008,126.0,0.9861533929128466
2026-06-01,2026-06-01 11:10:36,V008,125.0,0.9847663625965589
2026-06-01,2026-06-01 11:10:37,V008,125.0,0.9861452229441137
2026-06-01,2026-06-01 11:10:38,V008,125.0,0.9849365844729391
2026-06-01,2026-06-01 11:10:39,V008,126.0,0.9865941499356902
2026-06-01,2026-06-01 11:10:40,V008,126.0,0.9757677030211127
2026-06-01,2026-06-01 11:10:41,V008,126.0,0.9949570988979394
2026-06-01,2026-06-01 11:10:42,V008,126.0,0.9873807723202609
2026-06-01,2026-06-01 11:10:43,V008,125.0,0.9902670322570717
2026-06-01,2026-06-01 11:10:44,V008,125.0,0.9858353537826045
2026-06-01,2026-06-01 11:10:45,V008,125.0,0.9838383314882895
2026-06-01,2026-06-01 11:10:46,V008,125.0,0.98655181034897
2026-06-01,2026-06-01 11:10:47,V008,125.0,0.9833311084754753
2026-06-01,2026-06-01 11:10:48,V008,125.0,0.987945309721377
2026-06-01,2026-06-01 11:10:49,V008,126.0,0.9846852032984327
2026-06-01,2026-06-01 11:10:50,V008,126.0,0.9849967332693442
2026-06-01,2026-06-01 11:10:51,V008,127.0,0.9860884652619463
2026-06-01,2026-06-01 11:10:52,V008,127.0,0.9844306739759355
2026-06-01,2026-06-01 11:10:53,V008,127.0,0.9818768801532567
2026-06-01,2026-06-01 11:10:54,V008,127.0,0.9880972661790892
2026-06-01,2026-06-01 11:10:55,V008,126.0,0.9832578038039413
2026-06-01,2026-06-01 11:10:56,V008,126.0,0.9851013207624096
2026-06-01,2026-06-01 11:10:57,V008,126.0,0.9842391298073214
2026-06-01,2026-06-01 11:10:58,V008,125.0,0.9854548271852224
2026-06-01,2026-06-01 11:10:59,V008,125.0,0.9856613375546646
2026-06-01,2026-06-01 11:11:00,V008,126.0,0.9868604295564543
2026-06-01,2026-06-01 11:11:01,V008,126.0,0.9887289551375651
2026-06-01,2026-06-01 11:11:02,V008,126.0,0.9824789932146212
2026-06-01,2026-06-01 11:11:03,V008,126.0,0.9844588772043645
2026-06-01,2026-06-01 11:11:04,V008,127.0,0.9839630536532308
2026-06-01,2026-06-01 11:11:05,V008,127.0,0.9868063331778488
2026-06-01,2026-06-01 11:11:06,V008,127.0,0.9850520376202078
2026-06-01,2026-06-01 11:11:07,V008,128.0,0.9851342816124212
2026-06-01,2026-06-01 11:11:08,V008,128.0,0.984431366404279
2026-06-01,2026-06-01 11:11:09,V008,128.0,0.9838979147124922
2026-06-01,2026-06-01 11:11:10,V008,129.0,0.9879138966433277
2026-06-01,2026-06-01 11:11:11,V008,129.0,0.9915466075185493
2026-06-01,2026-06-01 11:11:12,V008,130.0,0.9882436470746379
2026-06-01,2026-06-01 11:11:13,V008,130.0,1.1049486809288527
2026-06-01,2026-06-01 11:11:14,V008,130.0,1.0651192380098673
2026-06-01,2026-06-01 11:11:15,V008,130.0,0.9891003499266836
2026-06-01,2026-06-01 11:11:16,V008,130.0,0.9950789676733435
2026-06-01,2026-06-01 11:11:17,V008,130.0,0.9922964698052193
2026-06-01,2026-06-01 11:11:18,V008,130.0,0.9776551961494997
2026-06-01,2026-06-01 11:11:19,V008,130.0,0.9893632717294026
2026-06-01,2026-06-01 11:11:20,V008,130.0,0.9847192145254239
2026-06-01,2026-06-01 11:11:21,V008,130.0,0.9924503814866521
2026-06-01,2026-06-01 11:11:22,V008,130.0,1.0013230426926918
2026-06-01,2026-06-01 11:11:23,V008,131.0,0.9768974349331061
2026-06-01,2026-06-01 11:11:24,V008,131.0,0.9934938517330131
2026-06-01,2026-06-01 11:11:25,V008,131.0,0.9873339900458761
2026-06-01,2026-06-01 11:11:26,V008,131.0,1.0155117922995351
2026-06-01,2026-06-01 11:11:27,V008,132.0,0.992153053991264
2026-06-01,2026-06-01 11:11:28,V008,132.0,1.0069977462249018
2026-06-01,2026-06-01 11:11:29,V008,133.0,1.0144843047398777
2026-06-01,2026-06-01 11:11:30,V008,133.0,0.989385475179181
2026-06-01,2026-06-01 11:11:31,V008,133.0,1.028978626362194
2026-06-01,2026-06-01 11:11:32,V008,134.0,1.016290574465911
2026-06-01,2026-06-01 11:11:33,V008,135.0,1.0366105995210886
2026-06-01,2026-06-01 11:11:34,V008,135.0,1.0123903585905107
2026-06-01,2026-06-01 11:11:35,V008,136.0,0.9880982767146479
2026-06-01,2026-06-01 11:11:36,V008,137.0,0.9833499563464589
2026-06-01,2026-06-01 11:11:37,V008,139.0,0.9950037638690279
2026-06-01,2026-06-01 11:11:38,V008,140.0,1.0211654903690022
2026-06-01,2026-06-01 11:11:39,V008,141.0,1.0017099775701948
2026-06-01,2026-06-01 11:11:40,V008,142.0,1.0204690387880795
2026-06-01,2026-06-01 11:11:41,V008,143.0,1.0655885628796014
2026-06-01,2026-06-01 11:11:42,V008,144.0,1.0469611949663038
2026-06-01,2026-06-01 11:11:43,V008,145.0,0.9954919955985941
2026-06-01,2026-06-01 11:11:44,V008,146.0,1.038062975730626
2026-06-01,2026-06-01 11:11:45,V008,147.0,0.9927998181533876
2026-06-01,2026-06-01 11:11:46,V008,148.0,1.1016609628031957
2026-06-01,2026-06-01 11:11:47,V008,149.0,1.1068574315110413
2026-06-01,2026-06-01 11:11:48,V008,150.0,0.9917097863328632
2026-06-01,2026-06-01 11:11:49,V008,150.0,1.2705589386023326
2026-06-01,2026-06-01 11:11:50,V008,151.0,1.0816717102234368
2026-06-01,2026-06-01 11:11:51,V008,151.0,1.0710476228085433
2026-06-01,2026-06-01 11:11:52,V008,151.0,1.19074624590068
2026-06-01,2026-06-01 11:11:53,V008,152.0,1.0054014075474123
2026-06-01,2026-06-01 11:11:54,V008,153.0,0.9856036030125788
2026-06-01,2026-06-01 11:11:55,V008,153.0,1.0261502300277148
2026-06-01,2026-06-01 11:11:56,V008,154.0,1.0081161516711148
2026-06-01,2026-06-01 11:11:57,V008,156.0,0.9770287136403694
2026-06-01,2026-06-01 11:11:58,V008,158.0,1.021193477089496
2026-06-01,2026-06-01 11:11:59,V008,159.0,1.0159985067049881
2026-06-01,2026-06-01 11:12:00,V008,160.0,0.9842771904515677
2026-06-01,2026-06-01 11:12:01,V008,160.0,0.9977961094234058
2026-06-01,2026-06-01 11:12:02,V008,159.0,1.0432643339706211
2026-06-01,2026-06-01 11:12:03,V008,160.0,1.031668632320656
2026-06-01,2026-06-01 11:12:04,V008,160.0,1.0467608628764231
2026-06-01,2026-06-01 11:12:05,V008,160.0,1.0148716137626668
2026-06-01,2026-06-01 11:12:06,V008,161.0,1.0267910661871285
2026-06-01,2026-06-01 11:12:07,V008,161.0,1.0507218116103088
2026-06-01,2026-06-01 11:12:08,V008,162.0,0.9740404612306018
2026-06-01,2026-06-01 11:12:09,V008,162.0,1.0432423182363433
2026-06-01,2026-06-01 11:12:10,V008,163.0,1.0017970703956414
2026-06-01,2026-06-01 11:12:11,V008,163.0,1.056036713684356
2026-06-01,2026-06-01 11:12:12,V008,164.0,1.0205865010112052
2026-06-01,2026-06-01 11:12:13,V008,164.0,1.022654325836261
2026-06-01,2026-06-01 11:12:14,V008,164.0,1.014124513816978
2026-06-01,2026-06-01 11:12:15,V008,164.0,0.9936177113911582
2026-06-01,2026-06-01 11:12:16,V008,164.0,1.003824166277487
2026-06-01,2026-06-01 11:12:17,V008,164.0,0.994403028821806
2026-06-01,2026-06-01 11:12:18,V008,164.0,0.9966452040205845
2026-06-01,2026-06-01 11:12:19,V008,164.0,0.9782135799299047
2026-06-01,2026-06-01 11:12:20,V008,164.0,0.9974264055775955
2026-06-01,2026-06-01 11:12:21,V008,164.0,0.9899588931725845
2026-06-01,2026-06-01 11:12:22,V008,164.0,0.9905039112509443
2026-06-01,2026-06-01 11:12:23,V008,164.0,1.103577308768023
2026-06-01,2026-06-01 11:12:24,V008,165.0,1.0164824975535296
2026-06-01,2026-06-01 11:12:25,V008,165.0,1.0084295001595593
2026-06-01,2026-06-01 11:12:26,V008,166.0,1.037490572961399
2026-06-01,2026-06-01 11:12:27,V008,167.0,1.051845466081844
2026-06-01,2026-06-01 11:12:28,V008,168.0,0.9985862035060549
2026-06-01,2026-06-01 11:12:29,V008,170.0,1.065969714540549
2026-06-01,2026-06-01 11:12:30,V008,171.0,1.0338983991579862
2026-06-01,2026-06-01 11:12:31,V008,172.0,0.983982091401685
2026-06-01,2026-06-01 11:12:32,V008,172.0,1.0155936583684007
2026-06-01,2026-06-01 11:12:33,V008,172.0,1.0455280972305363
2026-06-01,2026-06-01 11:12:34,V008,173.0,1.0420469880328491
2026-06-01,2026-06-01 11:12:35,V008,173.0,1.0504845052627914
2026-06-01,2026-06-01 11:12:36,V008,173.0,1.0158264937510613
2026-06-01,2026-06-01 11:12:37,V008,173.0,1.0293684674512136
2026-06-01,2026-06-01 11:12:38,V008,173.0,1.0819986872291893
2026-06-01,2026-06-01 11:12:39,V008,174.0,1.1128893497025123
2026-06-01,2026-06-01 11:12:40,V008,175.0,0.9902989414841835
2026-06-01,2026-06-01 11:12:41,V008,175.0,1.0139981022961557
2026-06-01,2026-06-01 11:12:42,V008,175.0,1.0629113138566912
2026-06-01,2026-06-01 11:12:43,V008,175.0,1.2724210406246534
2026-06-01,2026-06-01 11:12:44,V008,175.0,1.3659021345097624
2026-06-01,2026-06-01 11:12:45,V008,175.0,1.2160279726486387
2026-06-01,2026-06-01 11:12:46,V008,175.0,1.2790943900159757
2026-06-01,2026-06-01 11:12:47,V008,176.0,1.328119218774743
2026-06-01,2026-06-01 11:12:48,V008,176.0,1.5030293612687722
2026-06-01,2026-06-01 11:12:49,V008,176.0,1.428179015240134
2026-06-01,2026-06-01 11:12:50,V008,175.0,1.103314890962297
2026-06-01,2026-06-01 11:12:51,V008,175.0,1.0232887857161357
2026-06-01,2026-06-01 11:12:52,V008,175.0,1.0911699031820927
2026-06-01,2026-06-01 11:12:53,V008,175.0,1.010532010336165
2026-06-01,2026-06-01 11:12:54,V008,176.0,1.0414665450906353
2026-06-01,2026-06-01 11:12:55,V008,176.0,1.0345029587082681
2026-06-01,2026-06-01 11:12:56,V008,177.0,1.0206956997261751
2026-06-01,2026-06-01 11:12:57,V008,177.0,0.9910339721190671
2026-06-01,2026-06-01 11:12:58,V008,177.0,1.0224427369680684
2026-06-01,2026-06-01 11:12:59,V008,177.0,1.0010854538407157
2026-06-01,2026-06-01 11:13:00,V008,177.0,1.037100232103657
2026-06-01,2026-06-01 11:13:01,V008,177.0,0.9785861834848335
2026-06-01,2026-06-01 11:13:02,V008,177.0,1.0011616850227079
2026-06-01,2026-06-01 11:13:03,V008,177.0,0.9856586180988302
2026-06-01,2026-06-01 11:13:04,V008,177.0,0.9938052704771043
2026-06-01,2026-06-01 11:13:05,V008,178.0,0.9862645648872775
2026-06-01,2026-06-01 11:13:06,V008,178.0,0.9956015782898929
2026-06-01,2026-06-01 11:13:07,V008,178.0,1.030416612443319
2026-06-01,2026-06-01 11:13:08,V008,179.0,1.0758155944296204
2026-06-01,2026-06-01 11:13:09,V008,179.0,1.2497241041901046
2026-06-01,2026-06-01 11:13:10,V008,179.0,1.094309344011454
2026-06-01,2026-06-01 11:13:11,V008,179.0,0.99737416061602
2026-06-01,2026-06-01 11:13:12,V008,179.0,1.1565985031923458
2026-06-01,2026-06-01 11:13:13,V008,179.0,1.0548824876644591
2026-06-01,2026-06-01 11:13:14,V008,179.0,1.0128061845101628
2026-06-01,2026-06-01 11:13:15,V008,180.0,1.1785358418587117
2026-06-01,2026-06-01 11:13:16,V008,180.0,1.1346388108246521
2026-06-01,2026-06-01 11:13:17,V008,179.0,1.0380916241751643
2026-06-01,2026-06-01 11:13:18,V008,179.0,0.9962944948749248
2026-06-01,2026-06-01 11:13:19,V008,179.0,1.0796986609484
2026-06-01,2026-06-01 11:13:20,V008,179.0,1.0592987336865574
2026-06-01,2026-06-01 11:13:21,V008,179.0,1.049258995161551
2026-06-01,2026-06-01 11:13:22,V008,178.0,1.0427007231771843
2026-06-01,2026-06-01 11:13:23,V008,178.0,1.0907645750117654
2026-06-01,2026-06-01 11:13:24,V008,178.0,0.996626192656097
2026-06-01,2026-06-01 11:13:25,V008,178.0,1.0478915977042425
2026-06-01,2026-06-01 11:13:26,V008,178.0,1.0270394722677207
2026-06-01,2026-06-01 11:13:27,V008,178.0,1.0114448889855836
2026-06-01,2026-06-01 11:13:28,V008,177.0,1.0420201003844296
2026-06-01,2026-06-01 11:13:29,V008,177.0,1.0568174166987294
2026-06-01,2026-06-01 11:13:30,V008,177.0,1.0858738400008874
2026-06-01,2026-06-01 11:13:31,V008,178.0,1.0690272446782592
2026-06-01,2026-06-01 11:13:32,V008,178.0,1.0464583639301568
2026-06-01,2026-06-01 11:13:33,V008,178.0,1.0392267041490406
2026-06-01,2026-06-01 11:13:34,V008,179.0,0.9908505290380356
2026-06-01,2026-06-01 11:13:35,V008,179.0,1.0519582033478216
2026-06-01,2026-06-01 11:13:36,V008,180.0,1.0496243263598266
2026-06-01,2026-06-01 11:13:37,V008,181.0,1.0279349462018457
2026-06-01,2026-06-01 11:13:38,V008,182.0,1.0225634721966876
2026-06-01,2026-06-01 11:13:39,V008,181.0,1.152152224013275
2026-06-01,2026-06-01 11:13:40,V008,181.0,1.1404390358252905
2026-06-01,2026-06-01 11:13:41,V008,181.0,1.0627176986640376
2026-06-01,2026-06-01 11:13:42,V008,180.0,1.0035241775176384
2026-06-01,2026-06-01 11:13:43,V008,180.0,1.053605896591682
2026-06-01,2026-06-01 11:13:44,V008,180.0,1.0074340808085025
2026-06-01,2026-06-01 11:13:45,V008,180.0,1.2711062409178462
2026-06-01,2026-06-01 11:13:46,V008,180.0,1.0735404684871814
2026-06-01,2026-06-01 11:13:47,V008,180.0,0.991384071244994
2026-06-01,2026-06-01 11:13:48,V008,180.0,0.948655911671926
2026-06-01,2026-06-01 11:13:49,V008,181.0,1.29282994960443
2026-06-01,2026-06-01 11:13:50,V008,181.0,0.9359696995979292
2026-06-01,2026-06-01 11:13:51,V008,182.0,1.0348334015900336
2026-06-01,2026-06-01 11:13:52,V008,182.0,1.0123672367446062
2026-06-01,2026-06-01 11:13:53,V008,182.0,1.0067948896287087
2026-06-01,2026-06-01 11:13:54,V008,181.0,0.9937536600522345
2026-06-01,2026-06-01 11:13:55,V008,181.0,1.023446125855779
2026-06-01,2026-06-01 11:13:56,V008,181.0,1.1520003922993158
2026-06-01,2026-06-01 11:13:57,V008,181.0,1.0386943264515958
2026-06-01,2026-06-01 11:13:58,V008,180.0,1.0059976908999693
2026-06-01,2026-06-01 11:13:59,V008,181.0,1.1637450601124517
2026-06-01,2026-06-01 11:14:00,V008,181.0,1.1164102175429689
2026-06-01,2026-06-01 11:14:01,V008,181.0,0.9918287672465402
2026-06-01,2026-06-01 11:14:02,V008,181.0,0.9906113432106477
2026-06-01,2026-06-01 11:14:03,V008,181.0,1.0026753557062678
2026-06-01,2026-06-01 11:14:04,V008,181.0,0.9895538042830122
2026-06-01,2026-06-01 11:14:05,V008,181.0,0.9953068353438249
2026-06-01,2026-06-01 11:14:06,V008,181.0,0.9870228619894119
2026-06-01,2026-06-01 11:14:07,V008,181.0,0.9897292231755208
2026-06-01,2026-06-01 11:14:08,V008,181.0,1.0073712540121647
2026-06-01,2026-06-01 11:14:09,V008,181.0,1.005965711513095
2026-06-01,2026-06-01 11:14:10,V008,181.0,0.9907134941066775
2026-06-01,2026-06-01 11:14:11,V008,181.0,1.0032918546466976
2026-06-01,2026-06-01 11:14:12,V008,181.0,0.9885725559563455
2026-06-01,2026-06-01 11:14:13,V008,180.0,0.9878148831512679
2026-06-01,2026-06-01 11:14:14,V008,180.0,0.9882542446296887
2026-06-01,2026-06-01 11:14:15,V008,179.0,0.9839534402673559
2026-06-01,2026-06-01 11:14:16,V008,178.0,0.9884335308109654
2026-06-01,2026-06-01 11:14:17,V008,178.0,1.0580425491607497
2026-06-01,2026-06-01 11:14:18,V008,177.0,0.9729405527695837
2026-06-01,2026-06-01 11:14:19,V008,176.0,1.1394681265239879
2026-06-01,2026-06-01 11:14:20,V008,176.0,1.0274060175774948
2026-06-01,2026-06-01 11:14:21,V008,175.0,1.0262812719223615
2026-06-01,2026-06-01 11:14:22,V008,174.0,1.0360876479360095
2026-06-01,2026-06-01 11:14:23,V008,173.0,0.9924711799162083
2026-06-01,2026-06-01 11:14:24,V008,172.0,1.0618697274414517
2026-06-01,2026-06-01 11:14:25,V008,171.0,0.9899251800479907
2026-06-01,2026-06-01 11:14:26,V008,171.0,0.9844280699220683
2026-06-01,2026-06-01 11:14:27,V008,170.0,0.9843857521013563
2026-06-01,2026-06-01 11:14:28,V008,169.0,0.9839389252869356
2026-06-01,2026-06-01 11:14:29,V008,169.0,0.9822870709664937
2026-06-01,2026-06-01 11:14:30,V008,169.0,1.0188805146345539
2026-06-01,2026-06-01 11:14:31,V008,168.0,1.0031304543296213
2026-06-01,2026-06-01 11:14:32,V008,168.0,0.9903855846452664
2026-06-01,2026-06-01 11:14:33,V008,168.0,1.0356640114256477
2026-06-01,2026-06-01 11:14:34,V008,168.0,0.9870820626940869
2026-06-01,2026-06-01 11:14:35,V008,168.0,0.9944806075393325
2026-06-01,2026-06-01 11:14:36,V008,168.0,0.9942359910199898
2026-06-01,2026-06-01 11:14:37,V008,167.0,0.9862204466500615
2026-06-01,2026-06-01 11:14:38,V008,167.0,0.987417534702118
2026-06-01,2026-06-01 11:14:39,V008,167.0,0.9922145856890381
2026-06-01,2026-06-01 11:14:40,V008,166.0,0.983654706060013
2026-06-01,2026-06-01 11:14:41,V008,165.0,0.9879691607304515
2026-06-01,2026-06-01 11:14:42,V008,165.0,0.9843836959040348
2026-06-01,2026-06-01 11:14:43,V008,164.0,0.9906956042024081
2026-06-01,2026-06-01 11:14:44,V008,163.0,0.9863642346342969
2026-06-01,2026-06-01 11:14:45,V008,162.0,0.9855915884292049
2026-06-01,2026-06-01 11:14:46,V008,161.0,0.9863554259043952
2026-06-01,2026-06-01 11:14:47,V008,161.0,0.9831446816373953
2026-06-01,2026-06-01 11:14:48,V008,160.0,0.985430346313117
2026-06-01,2026-06-01 11:14:49,V008,159.0,0.9828556279711502
2026-06-01,2026-06-01 11:14:50,V008,158.0,1.0046592775502232
2026-06-01,2026-06-01 11:14:51,V008,157.0,0.979084662525967
2026-06-01,2026-06-01 11:14:52,V008,157.0,0.9924566868278236
2026-06-01,2026-06-01 11:14:53,V008,156.0,0.9915808721182628
2026-06-01,2026-06-01 11:14:54,V008,155.0,0.9849719481827842
2026-06-01,2026-06-01 11:14:55,V008,155.0,0.9822200289918258
2026-06-01,2026-06-01 11:14:56,V008,154.0,0.9964275237067597
2026-06-01,2026-06-01 11:14:57,V008,154.0,1.0006106659923153
2026-06-01,2026-06-01 11:14:58,V008,154.0,0.9865006367802753
2026-06-01,2026-06-01 11:14:59,V008,154.0,1.0092665512428582
2026-06-01,2026-06-01 11:15:00,V008,154.0,0.9792549080609646
2026-06-01,2026-06-01 11:15:01,V008,154.0,0.9823222529489484
2026-06-01,2026-06-01 11:15:02,V008,153.0,0.9949979336660266
2026-06-01,2026-06-01 11:15:03,V008,153.0,0.9908189355502901
2026-06-01,2026-06-01 11:15:04,V008,153.0,0.9852666289200185
2026-06-01,2026-06-01 11:15:05,V008,153.0,0.9860194290415166
2026-06-01,2026-06-01 11:15:06,V008,152.0,0.986393750809636
2026-06-01,2026-06-01 11:15:07,V008,152.0,0.9825475244418795
2026-06-01,2026-06-01 11:15:08,V008,151.0,0.9858911426609954
2026-06-01,2026-06-01 11:15:09,V008,151.0,0.9924451304631522
2026-06-01,2026-06-01 11:15:10,V008,150.0,0.9839325812389249
2026-06-01,2026-06-01 11:15:11,V008,150.0,0.9922077997557971
2026-06-01,2026-06-01 11:15:12,V008,149.0,0.9867875353053456
2026-06-01,2026-06-01 11:15:13,V008,149.0,0.9935917162202196
2026-06-01,2026-06-01 11:15:14,V008,149.0,1.003689207881411
2026-06-01,2026-06-01 11:15:15,V008,149.0,0.9987648136084893
2026-06-01,2026-06-01 11:15:16,V008,149.0,0.9972848288215418
2026-06-01,2026-06-01 11:15:17,V008,149.0,0.9854346077212902
2026-06-01,2026-06-01 11:15:18,V008,149.0,0.9980415240550176
2026-06-01,2026-06-01 11:15:19,V008,149.0,1.024485338762307
2026-06-01,2026-06-01 11:15:20,V008,148.0,1.0027083180898755
2026-06-01,2026-06-01 11:15:21,V008,147.0,0.9898845404253496
2026-06-01,2026-06-01 11:15:22,V008,147.0,1.000686528088317
2026-06-01,2026-06-01 11:15:23,V008,146.0,0.9813649166675971
2026-06-01,2026-06-01 11:15:24,V008,146.0,1.0762302885180655
2026-06-01,2026-06-01 11:15:25,V008,146.0,0.986262789842531
2026-06-01,2026-06-01 11:15:26,V008,145.0,0.9867123139559968
2026-06-01,2026-06-01 11:15:27,V008,144.0,0.9801890330601708
2026-06-01,2026-06-01 11:15:28,V008,144.0,0.9933923122291961
2026-06-01,2026-06-01 11:15:29,V008,143.0,0.9855750375849823
2026-06-01,2026-06-01 11:15:30,V008,143.0,0.9851208306799131
2026-06-01,2026-06-01 11:15:31,V008,142.0,0.9826080458017785
2026-06-01,2026-06-01 11:15:32,V008,142.0,0.9883949253168421
2026-06-01,2026-06-01 11:15:33,V008,142.0,0.9888779613477161
2026-06-01,2026-06-01 11:15:34,V008,142.0,0.99058302593831
2026-06-01,2026-06-01 11:15:35,V008,142.0,0.9862115000132259
2026-06-01,2026-06-01 11:15:36,V008,142.0,0.9886389475447289
2026-06-01,2026-06-01 11:15:37,V008,142.0,0.9869102727152435
2026-06-01,2026-06-01 11:15:38,V008,142.0,1.0088979306181929
2026-06-01,2026-06-01 11:15:39,V008,142.0,0.985365201282886
2026-06-01,2026-06-01 11:15:40,V008,142.0,0.9815378256305848
2026-06-01,2026-06-01 11:15:41,V008,142.0,1.0969763734225817
2026-06-01,2026-06-01 11:15:42,V008,142.0,1.0373832857561762
2026-06-01,2026-06-01 11:15:43,V008,142.0,1.0251866888535501
2026-06-01,2026-06-01 11:15:44,V008,142.0,1.1016499149060868
2026-06-01,2026-06-01 11:15:45,V008,142.0,1.1333204281773006
2026-06-01,2026-06-01 11:15:46,V008,142.0,1.0142091669537894
2026-06-01,2026-06-01 11:15:47,V008,142.0,1.2030507398624355
2026-06-01,2026-06-01 11:15:48,V008,142.0,0.9466099946597724
2026-06-01,2026-06-01 11:15:49,V008,142.0,1.0409540415109557
2026-06-01,2026-06-01 11:15:50,V008,143.0,1.0203881071430196
2026-06-01,2026-06-01 11:15:51,V008,143.0,1.0070889038772914
2026-06-01,2026-06-01 11:15:52,V008,143.0,1.00029944696255
2026-06-01,2026-06-01 11:15:53,V008,143.0,1.000551011311224
2026-06-01,2026-06-01 11:15:54,V008,142.0,0.9936194441171142
2026-06-01,2026-06-01 11:15:55,V008,142.0,0.9853505195560639
2026-06-01,2026-06-01 11:15:56,V008,142.0,0.9907549093708596
2026-06-01,2026-06-01 11:15:57,V008,141.0,0.9871931111808654
2026-06-01,2026-06-01 11:15:58,V008,141.0,0.9985531466245847
2026-06-01,2026-06-01 11:15:59,V008,140.0,0.9759166232722005
2026-06-01,2026-06-01 11:16:00,V008,139.0,1.026491855727478
2026-06-01,2026-06-01 11:16:01,V008,138.0,1.0758541079599901
2026-06-01,2026-06-01 11:16:02,V008,138.0,1.3588473482362093
2026-06-01,2026-06-01 11:16:03,V008,137.0,1.4907162544912995
2026-06-01,2026-06-01 11:16:04,V008,136.0,1.371919188105767
2026-06-01,2026-06-01 11:16:05,V008,136.0,1.0625205985710298
2026-06-01,2026-06-01 11:16:06,V008,136.0,1.0824357489213583
2026-06-01,2026-06-01 11:16:07,V008,137.0,1.1269988224405072
2026-06-01,2026-06-01 11:16:08,V008,137.0,0.9826331218359228
2026-06-01,2026-06-01 11:16:09,V008,137.0,1.0183846936414311
2026-06-01,2026-06-01 11:16:10,V008,138.0,0.9746716421191127
2026-06-01,2026-06-01 11:16:11,V008,139.0,1.0126694361698487
2026-06-01,2026-06-01 11:16:12,V008,139.0,1.0051816635050437
2026-06-01,2026-06-01 11:16:13,V008,141.0,0.9798468718595045
2026-06-01,2026-06-01 11:16:14,V008,141.0,1.0005735948997514
2026-06-01,2026-06-01 11:16:15,V008,143.0,0.9882142854646038
2026-06-01,2026-06-01 11:16:16,V008,144.0,0.9850696475975194
2026-06-01,2026-06-01 11:16:17,V008,144.0,0.9875963613061861
2026-06-01,2026-06-01 11:16:18,V008,144.0,0.9849165648839269
2026-06-01,2026-06-01 11:16:19,V008,144.0,0.9851265391693361
2026-06-01,2026-06-01 11:16:20,V008,143.0,0.990904104064449
2026-06-01,2026-06-01 11:16:21,V008,143.0,0.99753704629981
2026-06-01,2026-06-01 11:16:22,V008,143.0,1.030660355287013
2026-06-01,2026-06-01 11:16:23,V008,143.0,0.9917578334139336
2026-06-01,2026-06-01 11:16:24,V008,142.0,1.08370086012315
2026-06-01,2026-06-01 11:16:25,V008,142.0,1.1286049869483374
2026-06-01,2026-06-01 11:16:26,V008,142.0,0.9934375530501264
2026-06-01,2026-06-01 11:16:27,V008,142.0,1.0564288667815087
2026-06-01,2026-06-01 11:16:28,V008,142.0,0.9891298292029825
2026-06-01,2026-06-01 11:16:29,V008,142.0,1.1231202659590331
2026-06-01,2026-06-01 11:16:30,V008,142.0,0.9550826824228955
2026-06-01,2026-06-01 11:16:31,V008,142.0,0.995695483588742
2026-06-01,2026-06-01 11:16:32,V008,141.0,1.005670312533373
2026-06-01,2026-06-01 11:16:33,V008,141.0,1.0344218145735242
2026-06-01,2026-06-01 11:16:34,V008,142.0,1.004465403878932
2026-06-01,2026-06-01 11:16:35,V008,142.0,1.0253897469800684
2026-06-01,2026-06-01 11:16:36,V008,142.0,1.0022582846808021
2026-06-01,2026-06-01 11:16:37,V008,142.0,1.0195472864869735
2026-06-01,2026-06-01 11:16:38,V008,142.0,1.0163123250031079
2026-06-01,2026-06-01 11:16:39,V008,143.0,1.0487258522341123
2026-06-01,2026-06-01 11:16:40,V008,143.0,1.0170006916134255
2026-06-01,2026-06-01 11:16:41,V008,144.0,0.9560158301987784
2026-06-01,2026-06-01 11:16:42,V008,144.0,1.0135385449487262
2026-06-01,2026-06-01 11:16:43,V008,144.0,0.9952258575765641
2026-06-01,2026-06-01 11:16:44,V008,144.0,0.9918575700449601
2026-06-01,2026-06-01 11:16:45,V008,144.0,0.9878334644728937
2026-06-01,2026-06-01 11:16:46,V008,144.0,1.0133785443398966
2026-06-01,2026-06-01 11:16:47,V008,144.0,0.9585758073779993
2026-06-01,2026-06-01 11:16:48,V008,145.0,1.0158141672294663
2026-06-01,2026-06-01 11:16:49,V008,145.0,1.008191647529357
2026-06-01,2026-06-01 11:16:50,V008,146.0,1.011683010151084
2026-06-01,2026-06-01 11:16:51,V008,146.0,0.9961805388374287
2026-06-01,2026-06-01 11:16:52,V008,147.0,0.9973936430426994
2026-06-01,2026-06-01 11:16:53,V008,148.0,0.9804120939734995
2026-06-01,2026-06-01 11:16:54,V008,148.0,1.0073164566810018
2026-06-01,2026-06-01 11:16:55,V008,149.0,0.9857536873848176
2026-06-01,2026-06-01 11:16:56,V008,150.0,0.9791921577807047
2026-06-01,2026-06-01 11:16:57,V008,151.0,1.0027730509906778
2026-06-01,2026-06-01 11:16:58,V008,151.0,0.9966345679438932
2026-06-01,2026-06-01 11:16:59,V008,151.0,0.9968388130176333
2026-06-01,2026-06-01 11:17:00,V008,150.0,1.0009475828576715
2026-06-01,2026-06-01 11:17:01,V008,150.0,0.9831803207089714
2026-06-01,2026-06-01 11:17:02,V008,150.0,0.9958302637414381
2026-06-01,2026-06-01 11:17:03,V008,150.0,0.9995056575177609
2026-06-01,2026-06-01 11:17:04,V008,149.0,0.9966919100718785
2026-06-01,2026-06-01 11:17:05,V008,149.0,0.9891266178051967
2026-06-01,2026-06-01 11:17:06,V008,149.0,1.00551549125184
2026-06-01,2026-06-01 11:17:07,V008,148.0,0.9928168584423972
2026-06-01,2026-06-01 11:17:08,V008,148.0,0.9861378754833354
2026-06-01,2026-06-01 11:17:09,V008,147.0,0.9828221424466237
2026-06-01,2026-06-01 11:17:10,V008,147.0,0.9872416096764098
2026-06-01,2026-06-01 11:17:11,V008,147.0,0.9854569937459254
2026-06-01,2026-06-01 11:17:12,V008,147.0,0.9911355202125839
2026-06-01,2026-06-01 11:17:13,V008,147.0,0.9803139743305747
2026-06-01,2026-06-01 11:17:14,V008,147.0,0.9860406385680455
2026-06-01,2026-06-01 11:17:15,V008,147.0,0.9834092291158139
2026-06-01,2026-06-01 11:17:16,V008,147.0,0.9892730364699673
2026-06-01,2026-06-01 11:17:17,V008,147.0,0.9860376154934958
2026-06-01,2026-06-01 11:17:18,V008,147.0,0.9855078865935056
2026-06-01,2026-06-01 11:17:19,V008,148.0,0.9856215404103097
2026-06-01,2026-06-01 11:17:20,V008,148.0,0.9856371092930645
2026-06-01,2026-06-01 11:17:21,V008,148.0,0.9887333340504966
2026-06-01,2026-06-01 11:17:22,V008,148.0,0.9865887138838043
2026-06-01,2026-06-01 11:17:23,V008,148.0,0.9847165631609509
2026-06-01,2026-06-01 11:17:24,V008,147.0,0.9840865062257588
2026-06-01,2026-06-01 11:17:25,V008,147.0,1.0035595171759348
2026-06-01,2026-06-01 11:17:26,V008,147.0,0.9902790374832562
2026-06-01,2026-06-01 11:17:27,V008,146.0,0.9816835916443484
2026-06-01,2026-06-01 11:17:28,V008,146.0,1.0175174744258766
2026-06-01,2026-06-01 11:17:29,V008,145.0,1.016367497719309
2026-06-01,2026-06-01 11:17:30,V008,144.0,1.003785287350013
2026-06-01,2026-06-01 11:17:31,V008,144.0,0.9822417893219836
2026-06-01,2026-06-01 11:17:32,V008,143.0,1.0313306176250012
2026-06-01,2026-06-01 11:17:33,V008,143.0,1.0464500544101696
2026-06-01,2026-06-01 11:17:34,V008,142.0,1.0289006068514976
2026-06-01,2026-06-01 11:17:35,V008,142.0,1.0416749907483132
2026-06-01,2026-06-01 11:17:36,V008,142.0,0.9977516001891407
2026-06-01,2026-06-01 11:17:37,V008,141.0,1.0026924405997977
2026-06-01,2026-06-01 11:17:38,V008,141.0,1.0211476748041544
2026-06-01,2026-06-01 11:17:39,V008,141.0,0.9877202071951643
2026-06-01,2026-06-01 11:17:40,V008,140.0,1.0121028164574122
2026-06-01,2026-06-01 11:17:41,V008,141.0,1.0053032535553805
2026-06-01,2026-06-01 11:17:42,V008,141.0,0.9828813303549044
2026-06-01,2026-06-01 11:17:43,V008,141.0,0.9942863500444864
2026-06-01,2026-06-01 11:17:44,V008,140.0,0.988212696945555
2026-06-01,2026-06-01 11:17:45,V008,140.0,0.9860983841069794
2026-06-01,2026-06-01 11:17:46,V008,140.0,0.9860094550755838
2026-06-01,2026-06-01 11:17:47,V008,139.0,0.998089910241466
2026-06-01,2026-06-01 11:17:48,V008,139.0,0.9872321380439039
2026-06-01,2026-06-01 11:17:49,V008,139.0,0.988287705423346
2026-06-01,2026-06-01 11:17:50,V008,138.0,0.9822456502170533
2026-06-01,2026-06-01 11:17:51,V008,138.0,0.9918262674899817
2026-06-01,2026-06-01 11:17:52,V008,138.0,1.0081440133430737
2026-06-01,2026-06-01 11:17:53,V008,137.0,1.0895286895365457
2026-06-01,2026-06-01 11:17:54,V008,137.0,1.3797043470976702
2026-06-01,2026-06-01 11:17:55,V008,135.0,1.3742099127897176
2026-06-01,2026-06-01 11:17:56,V008,134.0,1.1632903594229165
2026-06-01,2026-06-01 11:17:57,V008,133.0,1.0235937700022468
2026-06-01,2026-06-01 11:17:58,V008,132.0,0.9921739438763887
2026-06-01,2026-06-01 11:17:59,V008,131.0,0.9939785859277885
2026-06-01,2026-06-01 11:18:00,V008,131.0,0.9925293976981366
2026-06-01,2026-06-01 11:18:01,V008,131.0,0.9773683919910336
2026-06-01,2026-06-01 11:18:02,V008,130.0,1.2136619054435729
2026-06-01,2026-06-01 11:18:03,V008,131.0,0.9172944995451416
2026-06-01,2026-06-01 11:18:04,V008,131.0,0.9837989537483429
2026-06-01,2026-06-01 11:18:05,V008,131.0,0.9895533472554882
2026-06-01,2026-06-01 11:18:06,V008,132.0,0.9896118976221221
2026-06-01,2026-06-01 11:18:07,V008,132.0,0.9848595164311061
2026-06-01,2026-06-01 11:18:08,V008,132.0,0.9913262594248503
2026-06-01,2026-06-01 11:18:09,V008,133.0,0.9840496713401696
2026-06-01,2026-06-01 11:18:10,V008,133.0,0.9925866575864315
2026-06-01,2026-06-01 11:18:11,V008,134.0,1.0108687271245762
2026-06-01,2026-06-01 11:18:12,V008,135.0,1.0036473613603856
2026-06-01,2026-06-01 11:18:13,V008,136.0,1.0005663827231508
2026-06-01,2026-06-01 11:18:14,V008,137.0,0.9940856320096756
2026-06-01,2026-06-01 11:18:15,V008,137.0,0.9938865486329362
2026-06-01,2026-06-01 11:18:16,V008,137.0,0.9864496346671766
2026-06-01,2026-06-01 11:18:17,V008,138.0,0.9832831306316847
2026-06-01,2026-06-01 11:18:18,V008,138.0,0.9892268378538346
2026-06-01,2026-06-01 11:18:19,V008,138.0,0.9846021345533083
2026-06-01,2026-06-01 11:18:20,V008,138.0,0.9904872907914214
2026-06-01,2026-06-01 11:18:21,V008,138.0,0.9888768286317767
2026-06-01,2026-06-01 11:18:22,V008,138.0,0.9972300949179663
2026-06-01,2026-06-01 11:18:23,V008,139.0,0.9900147034411334
2026-06-01,2026-06-01 11:18:24,V008,139.0,1.0056241104105923
2026-06-01,2026-06-01 11:18:25,V008,138.0,1.0657727359052638
2026-06-01,2026-06-01 11:18:26,V008,138.0,0.985203286473049
2026-06-01,2026-06-01 11:18:27,V008,138.0,1.0078211754674269
2026-06-01,2026-06-01 11:18:28,V008,137.0,1.0128155211670522
2026-06-01,2026-06-01 11:18:29,V008,137.0,1.0809649413257725
2026-06-01,2026-06-01 11:18:30,V008,136.0,1.0965906837965371
2026-06-01,2026-06-01 11:18:31,V008,135.0,1.003510955531524
2026-06-01,2026-06-01 11:18:32,V008,135.0,0.9835821404984736
2026-06-01,2026-06-01 11:18:33,V008,135.0,0.9849053835554401
2026-06-01,2026-06-01 11:18:34,V008,134.0,0.9854767547771209
2026-06-01,2026-06-01 11:18:35,V008,135.0,0.9860868118520448
2026-06-01,2026-06-01 11:18:36,V008,135.0,0.985252620977277
2026-06-01,2026-06-01 11:18:37,V008,135.0,0.9856243439799981
2026-06-01,2026-06-01 11:18:38,V008,135.0,0.9879325322222613
2026-06-01,2026-06-01 11:18:39,V008,135.0,0.9840667940158818
2026-06-01,2026-06-01 11:18:40,V008,135.0,0.9852420276814315
2026-06-01,2026-06-01 11:18:41,V008,135.0,0.9864096883477433
2026-06-01,2026-06-01 11:18:42,V008,135.0,0.9847832773924334
2026-06-01,2026-06-01 11:18:43,V008,134.0,0.9854302003859234
2026-06-01,2026-06-01 11:18:44,V008,134.0,0.9842026634476074
2026-06-01,2026-06-01 11:18:45,V008,133.0,0.9844755312902493
2026-06-01,2026-06-01 11:18:46,V008,132.0,0.9862525498808942
2026-06-01,2026-06-01 11:18:47,V008,131.0,0.9845466863847596
2026-06-01,2026-06-01 11:18:48,V008,131.0,0.9841513651498616
2026-06-01,2026-06-01 11:18:49,V008,130.0,0.9856746094532243
2026-06-01,2026-06-01 11:18:50,V008,129.0,0.9856637570095252
2026-06-01,2026-06-01 11:18:51,V008,129.0,0.9861363316044177
2026-06-01,2026-06-01 11:18:52,V008,128.0,0.9829587308717914
2026-06-01,2026-06-01 11:18:53,V008,128.0,0.985660925080316
2026-06-01,2026-06-01 11:18:54,V008,128.0,0.9856893268453689
2026-06-01,2026-06-01 11:18:55,V008,128.0,0.9842242036346762
2026-06-01,2026-06-01 11:18:56,V008,128.0,0.98593984018304
2026-06-01,2026-06-01 11:18:57,V008,128.0,0.9849306095042348
2026-06-01,2026-06-01 11:18:58,V008,129.0,0.9857652079513944
2026-06-01,2026-06-01 11:18:59,V008,129.0,0.9852434481005444
2026-06-01,2026-06-01 11:19:00,V008,129.0,0.9955560579676483
2026-06-01,2026-06-01 11:19:01,V008,129.0,0.9804017552882454
2026-06-01,2026-06-01 11:19:02,V008,129.0,0.9855892901082015
2026-06-01,2026-06-01 11:19:03,V008,129.0,0.9854127381877901
2026-06-01,2026-06-01 11:19:04,V008,128.0,0.9825793380909256
2026-06-01,2026-06-01 11:19:05,V008,128.0,0.99126758770339
2026-06-01,2026-06-01 11:19:06,V008,127.0,0.9845853630519524
2026-06-01,2026-06-01 11:19:07,V008,127.0,0.9827690978113922
2026-06-01,2026-06-01 11:19:08,V008,127.0,0.9986303824839752
2026-06-01,2026-06-01 11:19:09,V008,127.0,0.9854887493337785
2026-06-01,2026-06-01 11:19:10,V008,127.0,0.9757607758989794
2026-06-01,2026-06-01 11:19:11,V008,127.0,1.000549353937434
2026-06-01,2026-06-01 11:19:12,V008,128.0,0.9893811835487967
2026-06-01,2026-06-01 11:19:13,V008,128.0,0.9930125311477154
2026-06-01,2026-06-01 11:19:14,V008,129.0,0.9847104019124755
2026-06-01,2026-06-01 11:19:15,V008,129.0,0.9885043233668779
2026-06-01,2026-06-01 11:19:16,V008,130.0,0.9822029250334787
2026-06-01,2026-06-01 11:19:17,V008,130.0,0.9862034117357608
2026-06-01,2026-06-01 11:19:18,V008,131.0,0.982575855256557
2026-06-01,2026-06-01 11:19:19,V008,131.0,0.9836359968116761
2026-06-01,2026-06-01 11:19:20,V008,132.0,0.9971703883292253
2026-06-01,2026-06-01 11:19:21,V008,132.0,1.0492222543086396
2026-06-01,2026-06-01 11:19:22,V008,132.0,0.990739501311809
2026-06-01,2026-06-01 11:19:23,V008,131.0,0.9822227148967607
2026-06-01,2026-06-01 11:19:24,V008,131.0,0.9972253462840749
2026-06-01,2026-06-01 11:19:25,V008,131.0,1.00920137303421
2026-06-01,2026-06-01 11:19:26,V008,132.0,0.9927391033801396
2026-06-01,2026-06-01 11:19:27,V008,132.0,0.983312409614155
2026-06-01,2026-06-01 11:19:28,V008,132.0,0.982541933512994
2026-06-01,2026-06-01 11:19:29,V008,132.0,0.9843602755685652
2026-06-01,2026-06-01 11:19:30,V008,132.0,0.9843243409456222
2026-06-01,2026-06-01 11:19:31,V008,131.0,0.9830100554856221
2026-06-01,2026-06-01 11:19:32,V008,130.0,0.9850061690926292
2026-06-01,2026-06-01 11:19:33,V008,130.0,0.9840313847079996
2026-06-01,2026-06-01 11:19:34,V008,130.0,0.9834931443286845
2026-06-01,2026-06-01 11:19:35,V008,129.0,0.9831417740674658
2026-06-01,2026-06-01 11:19:36,V008,129.0,0.9853978475003123
2026-06-01,2026-06-01 11:19:37,V008,129.0,0.9846636929958095
2026-06-01,2026-06-01 11:19:38,V008,129.0,0.9873845278049049
2026-06-01,2026-06-01 11:19:39,V008,129.0,0.9820635194525191
2026-06-01,2026-06-01 11:19:40,V008,129.0,0.987882523160594
2026-06-01,2026-06-01 11:19:41,V008,129.0,0.9838215790599801
2026-06-01,2026-06-01 11:19:42,V008,129.0,0.9859895529054618
2026-06-01,2026-06-01 11:19:43,V008,127.0,0.9849141749308794
2026-06-01,2026-06-01 11:19:44,V008,126.0,0.9815627433365307
2026-06-01,2026-06-01 11:19:45,V008,126.0,0.9869994473915961
2026-06-01,2026-06-01 11:19:46,V008,125.0,0.9828220183338761
2026-06-01,2026-06-01 11:19:47,V008,125.0,0.984657211291252
2026-06-01,2026-06-01 11:19:48,V008,125.0,0.9853646284599462
2026-06-01,2026-06-01 11:19:49,V008,124.0,0.9834631990815693
2026-06-01,2026-06-01 11:19:50,V008,123.0,0.9859578377611194
2026-06-01,2026-06-01 11:19:51,V008,123.0,0.9848227856093859
2026-06-01,2026-06-01 11:19:52,V008,123.0,0.9851596253814005
2026-06-01,2026-06-01 11:19:53,V008,122.0,0.9836495100750402
2026-06-01,2026-06-01 11:19:54,V008,122.0,0.9857704502863214
2026-06-01,2026-06-01 11:19:55,V008,122.0,0.9842060444214161
2026-06-01,2026-06-01 11:19:56,V008,122.0,0.9832228662252467
2026-06-01,2026-06-01 11:19:57,V008,122.0,0.9861758932473157
2026-06-01,2026-06-01 11:19:58,V008,123.0,0.982265552457922
2026-06-01,2026-06-01 11:19:59,V008,123.0,0.9848930648206291
2026-06-01,2026-06-01 11:20:00,V008,124.0,0.984780694727129
2026-06-01,2026-06-01 11:20:01,V008,124.0,0.9846092811626066
2026-06-01,2026-06-01 11:20:02,V008,125.0,0.9859849790628465
2026-06-01,2026-06-01 11:20:03,V008,125.0,0.9858062602329231
2026-06-01,2026-06-01 11:20:04,V008,125.0,0.9837665146272799
2026-06-01,2026-06-01 11:20:05,V008,125.0,0.9836289384070862
2026-06-01,2026-06-01 11:20:06,V008,125.0,0.9843029601364376
2026-06-01,2026-06-01 11:20:07,V008,125.0,0.9843011093660806
2026-06-01,2026-06-01 11:20:08,V008,125.0,0.9844067216135958
2026-06-01,2026-06-01 11:20:09,V008,125.0,0.9838747799124549
2026-06-01,2026-06-01 11:20:10,V008,125.0,0.9864470146205749
2026-06-01,2026-06-01 11:20:11,V008,125.0,0.9847846431094409
2026-06-01,2026-06-01 11:20:12,V008,125.0,0.9869768779966082
2026-06-01,2026-06-01 11:20:13,V008,125.0,0.9850646993845267
2026-06-01,2026-06-01 11:20:14,V008,125.0,0.9841818633386131
2026-06-01,2026-06-01 11:20:15,V008,125.0,0.9817700342485428
2026-06-01,2026-06-01 11:20:16,V008,125.0,0.9870974961315284
2026-06-01,2026-06-01 11:20:17,V008,124.0,0.9846112679421347
2026-06-01,2026-06-01 11:20:18,V008,124.0,0.9855535781632636
2026-06-01,2026-06-01 11:20:19,V008,123.0,0.9824350875474537
2026-06-01,2026-06-01 11:20:20,V008,123.0,0.9861150972949889
2026-06-01,2026-06-01 11:20:21,V008,123.0,0.9837678879070555
2026-06-01,2026-06-01 11:20:22,V008,123.0,1.0128740947487502
2026-06-01,2026-06-01 11:20:23,V008,123.0,0.9878672960741648
2026-06-01,2026-06-01 11:20:24,V008,123.0,0.9817427357760461
2026-06-01,2026-06-01 11:20:25,V008,123.0,0.9856762360637361
2026-06-01,2026-06-01 11:20:26,V008,123.0,0.9833267013974465
2026-06-01,2026-06-01 11:20:27,V008,123.0,0.9851735492283428
2026-06-01,2026-06-01 11:20:28,V008,124.0,0.9850078786343313
2026-06-01,2026-06-01 11:20:29,V008,124.0,0.9849862708578252
2026-06-01,2026-06-01 11:20:30,V008,124.0,0.9851843502959806
2026-06-01,2026-06-01 11:20:31,V008,125.0,0.9831252219704999
2026-06-01,2026-06-01 11:20:32,V008,125.0,0.9838947272364389
2026-06-01,2026-06-01 11:20:33,V008,125.0,0.9848887122097982
2026-06-01,2026-06-01 11:20:34,V008,125.0,0.986832523922459
2026-06-01,2026-06-01 11:20:35,V008,125.0,0.9853691577473848
2026-06-01,2026-06-01 11:20:36,V008,125.0,0.9860835795233599
2026-06-01,2026-06-01 11:20:37,V008,125.0,0.9829316886203343
2026-06-01,2026-06-01 11:20:38,V008,125.0,0.9827735817998924
2026-06-01,2026-06-01 11:20:39,V008,126.0,0.9854526905142761
2026-06-01,2026-06-01 11:20:40,V008,126.0,0.9855263056494598
2026-06-01,2026-06-01 11:20:41,V008,126.0,0.9832184498479984
2026-06-01,2026-06-01 11:20:42,V008,125.0,0.9850290708765961
2026-06-01,2026-06-01 11:20:43,V008,125.0,0.9853278810153414
2026-06-01,2026-06-01 11:20:44,V008,125.0,0.9862098221445317
2026-06-01,2026-06-01 11:20:45,V008,125.0,0.9834669764278885
2026-06-01,2026-06-01 11:20:46,V008,124.0,0.9846599512706666
2026-06-01,2026-06-01 11:20:47,V008,124.0,0.9850322249627533
2026-06-01,2026-06-01 11:20:48,V008,124.0,0.9834315176590424
2026-06-01,2026-06-01 11:20:49,V008,123.0,0.9852000288071358
2026-06-01,2026-06-01 11:20:50,V008,122.0,0.9840695915772353
2026-06-01,2026-06-01 11:20:51,V008,121.0,0.9840342927212982
2026-06-01,2026-06-01 11:20:52,V008,121.0,0.9836610275530167
2026-06-01,2026-06-01 11:20:53,V008,121.0,0.9865342036328388
2026-06-01,2026-06-01 11:20:54,V008,120.0,0.9822338186767643
2026-06-01,2026-06-01 11:20:55,V008,120.0,0.985610404458256
2026-06-01,2026-06-01 11:20:56,V008,120.0,0.9839176514189287
2026-06-01,2026-06-01 11:20:57,V008,120.0,0.9848454866911741
2026-06-01,2026-06-01 11:20:58,V008,120.0,0.9849565746330937
2026-06-01,2026-06-01 11:20:59,V008,120.0,0.9832420380834378
2026-06-01,2026-06-01 11:21:00,V008,121.0,0.9854399244462752
2026-06-01,2026-06-01 11:21:01,V008,121.0,0.9852780869271962
2026-06-01,2026-06-01 11:21:02,V008,121.0,0.987946313936575
2026-06-01,2026-06-01 11:21:03,V008,122.0,0.9961843426468558
2026-06-01,2026-06-01 11:21:04,V008,123.0,0.9832431241837928
2026-06-01,2026-06-01 11:21:05,V008,124.0,0.9859000594987603
2026-06-01,2026-06-01 11:21:06,V008,124.0,0.9920610828207159
2026-06-01,2026-06-01 11:21:07,V008,124.0,0.9797450402745282
2026-06-01,2026-06-01 11:21:08,V008,125.0,0.9949403731333154
2026-06-01,2026-06-01 11:21:09,V008,124.0,0.9859358974625648
2026-06-01,2026-06-01 11:21:10,V008,124.0,0.9859452845343298
2026-06-01,2026-06-01 11:21:11,V008,124.0,1.0366773417293602
2026-06-01,2026-06-01 11:21:12,V008,124.0,1.1296331769664427
2026-06-01,2026-06-01 11:21:13,V008,124.0,1.1897865651384947
2026-06-01,2026-06-01 11:21:14,V008,125.0,1.023260476571873
2026-06-01,2026-06-01 11:21:15,V008,125.0,0.9869726400317552
2026-06-01,2026-06-01 11:21:16,V008,125.0,1.0821515290374806
2026-06-01,2026-06-01 11:21:17,V008,125.0,1.000753509097102
2026-06-01,2026-06-01 11:21:18,V008,125.0,0.9854566561873124
2026-06-01,2026-06-01 11:21:19,V008,125.0,0.9853515734738086
2026-06-01,2026-06-01 11:21:20,V008,124.0,1.0035399830433591
2026-06-01,2026-06-01 11:21:21,V008,124.0,0.9778705690784237
2026-06-01,2026-06-01 11:21:22,V008,124.0,0.987199623309973
2026-06-01,2026-06-01 11:21:23,V008,123.0,0.9837866467431724
2026-06-01,2026-06-01 11:21:24,V008,123.0,0.9841602062074855
2026-06-01,2026-06-01 11:21:25,V008,122.0,0.9862825812556596
2026-06-01,2026-06-01 11:21:26,V008,122.0,0.9852636353911717
2026-06-01,2026-06-01 11:21:27,V008,123.0,0.9832314554732274
2026-06-01,2026-06-01 11:21:28,V008,123.0,0.9866890570530965
2026-06-01,2026-06-01 11:21:29,V008,123.0,0.9849342063439321
2026-06-01,2026-06-01 11:21:30,V008,123.0,0.9843280351741674
2026-06-01,2026-06-01 11:21:31,V008,124.0,0.9871469066701819
2026-06-01,2026-06-01 11:21:32,V008,124.0,0.9816490670264783
2026-06-01,2026-06-01 11:21:33,V008,125.0,0.988125168715147
2026-06-01,2026-06-01 11:21:34,V008,125.0,1.0004906900206392
2026-06-01,2026-06-01 11:21:35,V008,126.0,0.995905392828988
2026-06-01,2026-06-01 11:21:36,V008,127.0,1.0144215852782699
2026-06-01,2026-06-01 11:21:37,V008,128.0,1.1392133763270065
2026-06-01,2026-06-01 11:21:38,V008,129.0,1.0244896838605175
2026-06-01,2026-06-01 11:21:39,V008,129.0,1.1989229759002111
2026-06-01,2026-06-01 11:21:40,V008,130.0,1.109898658079449
2026-06-01,2026-06-01 11:21:41,V008,131.0,1.334891039998867
2026-06-01,2026-06-01 11:21:42,V008,131.0,1.2069149484076829
2026-06-01,2026-06-01 11:21:43,V008,131.0,1.059924339592468
2026-06-01,2026-06-01 11:21:44,V008,130.0,1.0824663968566575
2026-06-01,2026-06-01 11:21:45,V008,130.0,1.003170744040837
2026-06-01,2026-06-01 11:21:46,V008,131.0,1.0709232243424152
2026-06-01,2026-06-01 11:21:47,V008,131.0,0.9855155861466348
2026-06-01,2026-06-01 11:21:48,V008,131.0,1.0085761773291317
2026-06-01,2026-06-01 11:21:49,V008,132.0,1.0191643755957276
2026-06-01,2026-06-01 11:21:50,V008,133.0,0.9978587630010874
2026-06-01,2026-06-01 11:21:51,V008,134.0,1.0052824796237896
2026-06-01,2026-06-01 11:21:52,V008,135.0,1.0274678834428665
2026-06-01,2026-06-01 11:21:53,V008,136.0,1.022729011021144
2026-06-01,2026-06-01 11:21:54,V008,137.0,1.02037163483013
2026-06-01,2026-06-01 11:21:55,V008,138.0,1.008779798871549
2026-06-01,2026-06-01 11:21:56,V008,139.0,1.0867266512456186
2026-06-01,2026-06-01 11:21:57,V008,139.0,1.0078473821165548
2026-06-01,2026-06-01 11:21:58,V008,140.0,1.032232499924504
2026-06-01,2026-06-01 11:21:59,V008,140.0,0.996297552174109
2026-06-01,2026-06-01 11:22:00,V008,139.0,1.1103082602604457
2026-06-01,2026-06-01 11:22:01,V008,140.0,1.0718094157939857
2026-06-01,2026-06-01 11:22:02,V008,140.0,1.0806580767917497
2026-06-01,2026-06-01 11:22:03,V008,141.0,1.0135874636286595
2026-06-01,2026-06-01 11:22:04,V008,142.0,0.9886172135422151
2026-06-01,2026-06-01 11:22:05,V008,144.0,1.0074674396951193
2026-06-01,2026-06-01 11:22:06,V008,145.0,1.010787777785761
2026-06-01,2026-06-01 11:22:07,V008,147.0,1.1452594747254206
2026-06-01,2026-06-01 11:22:08,V008,149.0,1.0833782226615751
2026-06-01,2026-06-01 11:22:09,V008,152.0,1.0121337454841115
2026-06-01,2026-06-01 11:22:10,V008,155.0,1.0905917858320475
2026-06-01,2026-06-01 11:22:11,V008,158.0,1.019559243340392
2026-06-01,2026-06-01 11:22:12,V008,160.0,1.1207662626616715
2026-06-01,2026-06-01 11:22:13,V008,161.0,1.0570104780869458
2026-06-01,2026-06-01 11:22:14,V008,162.0,1.0766713442946696
2026-06-01,2026-06-01 11:22:15,V008,163.0,1.0071771579287174
2026-06-01,2026-06-01 11:22:16,V008,164.0,1.2289442441065623
2026-06-01,2026-06-01 11:22:17,V008,164.0,1.0435922969383007
2026-06-01,2026-06-01 11:22:18,V008,165.0,0.9936451468693024
2026-06-01,2026-06-01 11:22:19,V008,165.0,1.012301652548262
2026-06-01,2026-06-01 11:22:20,V008,166.0,1.008178206580592
2026-06-01,2026-06-01 11:22:21,V008,166.0,0.9953292819506429
2026-06-01,2026-06-01 11:22:22,V008,166.0,1.0593158673226166
2026-06-01,2026-06-01 11:22:23,V008,166.0,1.0312471112971924
2026-06-01,2026-06-01 11:22:24,V008,166.0,1.1607255101794136
2026-06-01,2026-06-01 11:22:25,V008,166.0,1.0307281527403909
2026-06-01,2026-06-01 11:22:26,V008,166.0,1.0566527653304847
2026-06-01,2026-06-01 11:22:27,V008,165.0,0.9913966276769414
2026-06-01,2026-06-01 11:22:28,V008,165.0,0.9940658978660891
2026-06-01,2026-06-01 11:22:29,V008,165.0,0.9863516574382619
2026-06-01,2026-06-01 11:22:30,V008,165.0,0.99381121806099
2026-06-01,2026-06-01 11:22:31,V008,165.0,1.0826829731901761
2026-06-01,2026-06-01 11:22:32,V008,165.0,1.0445374168051003
2026-06-01,2026-06-01 11:22:33,V008,165.0,1.2292071469623098
2026-06-01,2026-06-01 11:22:34,V008,165.0,1.0771324403882212
2026-06-01,2026-06-01 11:22:35,V008,165.0,1.045988797434873
2026-06-01,2026-06-01 11:22:36,V008,165.0,1.0422975246367496
2026-06-01,2026-06-01 11:22:37,V008,165.0,1.0284240846744923
2026-06-01,2026-06-01 11:22:38,V008,166.0,1.0346328317627629
2026-06-01,2026-06-01 11:22:39,V008,166.0,1.0244882970333842
2026-06-01,2026-06-01 11:22:40,V008,167.0,1.0162662067617425
2026-06-01,2026-06-01 11:22:41,V008,168.0,1.038472403008352
2026-06-01,2026-06-01 11:22:42,V008,169.0,1.3563826572904452
2026-06-01,2026-06-01 11:22:43,V008,170.0,1.1522727110589366
2026-06-01,2026-06-01 11:22:44,V008,172.0,1.063025459352812
2026-06-01,2026-06-01 11:22:45,V008,172.0,1.208269026748559
2026-06-01,2026-06-01 11:22:46,V008,173.0,1.098055566028903
2026-06-01,2026-06-01 11:22:47,V008,173.0,1.0158237453187313
2026-06-01,2026-06-01 11:22:48,V008,173.0,1.0908684929316814
2026-06-01,2026-06-01 11:22:49,V008,173.0,1.0130666287591226
2026-06-01,2026-06-01 11:22:50,V008,173.0,0.9925379088601541
2026-06-01,2026-06-01 11:22:51,V008,174.0,0.9922601557693769
2026-06-01,2026-06-01 11:22:52,V008,174.0,1.0310132594448305
2026-06-01,2026-06-01 11:22:53,V008,175.0,0.9979558173330729
2026-06-01,2026-06-01 11:22:54,V008,175.0,0.9886770931991441
2026-06-01,2026-06-01 11:22:55,V008,176.0,1.0488518688899986
2026-06-01,2026-06-01 11:22:56,V008,176.0,1.0790395810222533
2026-06-01,2026-06-01 11:22:57,V008,176.0,1.0258573970540192
2026-06-01,2026-06-01 11:22:58,V008,176.0,1.0416496133483364
2026-06-01,2026-06-01 11:22:59,V008,176.0,1.050073234582935
2026-06-01,2026-06-01 11:23:00,V008,176.0,1.031787837052775
2026-06-01,2026-06-01 11:23:01,V008,176.0,1.1148732062268398
2026-06-01,2026-06-01 11:23:02,V008,176.0,1.1695997859106846
2026-06-01,2026-06-01 11:23:03,V008,176.0,1.1293536552635812
2026-06-01,2026-06-01 11:23:04,V008,176.0,1.0855689015632437
2026-06-01,2026-06-01 11:23:05,V008,176.0,0.993314318518549
2026-06-01,2026-06-01 11:23:06,V008,176.0,0.997248419256312
2026-06-01,2026-06-01 11:23:07,V008,176.0,0.9981827517757922
2026-06-01,2026-06-01 11:23:08,V008,176.0,1.0489914434355585
2026-06-01,2026-06-01 11:23:09,V008,176.0,0.9960717726798108
2026-06-01,2026-06-01 11:23:10,V008,176.0,1.0350972693999327
2026-06-01,2026-06-01 11:23:11,V008,175.0,1.0034929910055959
2026-06-01,2026-06-01 11:23:12,V008,175.0,1.2426739488477214
2026-06-01,2026-06-01 11:23:13,V008,175.0,1.0032026934495635
2026-06-01,2026-06-01 11:23:14,V008,175.0,1.025867860579723
2026-06-01,2026-06-01 11:23:15,V008,175.0,1.0133313828384671
2026-06-01,2026-06-01 11:23:16,V008,175.0,0.993060046427415
2026-06-01,2026-06-01 11:23:17,V008,175.0,1.023496893392917
2026-06-01,2026-06-01 11:23:18,V008,175.0,0.9812012211774938
2026-06-01,2026-06-01 11:23:19,V008,176.0,1.1050194402820472
2026-06-01,2026-06-01 11:23:20,V008,176.0,0.969347831834433
2026-06-01,2026-06-01 11:23:21,V008,176.0,1.0572934457770233
2026-06-01,2026-06-01 11:23:22,V008,176.0,0.9843626645942873
2026-06-01,2026-06-01 11:23:23,V008,176.0,1.118688412718588
2026-06-01,2026-06-01 11:23:24,V008,176.0,1.1055555543052642
2026-06-01,2026-06-01 11:23:25,V008,176.0,0.9606753730330767
2026-06-01,2026-06-01 11:23:26,V008,176.0,1.003754952509179
2026-06-01,2026-06-01 11:23:27,V008,176.0,0.9986392636652434
2026-06-01,2026-06-01 11:23:28,V008,177.0,1.1375676495225011
2026-06-01,2026-06-01 11:23:29,V008,177.0,1.0084628908744946
2026-06-01,2026-06-01 11:23:30,V008,177.0,1.0379491854258094
2026-06-01,2026-06-01 11:23:31,V008,177.0,1.0496047418202308
2026-06-01,2026-06-01 11:23:32,V008,177.0,1.0288715351105078
2026-06-01,2026-06-01 11:23:33,V008,177.0,0.9920446446301726
2026-06-01,2026-06-01 11:23:34,V008,177.0,1.0307902247740466
2026-06-01,2026-06-01 11:23:35,V008,177.0,0.9838913583594098
2026-06-01,2026-06-01 11:23:36,V008,177.0,1.0030839334843744
2026-06-01,2026-06-01 11:23:37,V008,177.0,0.9972229192752224
2026-06-01,2026-06-01 11:23:38,V008,177.0,1.1166835895730776
2026-06-01,2026-06-01 11:23:39,V008,177.0,1.2128407031000719
2026-06-01,2026-06-01 11:23:40,V008,177.0,0.9714102611539633
2026-06-01,2026-06-01 11:23:41,V008,177.0,1.1232012824839992
2026-06-01,2026-06-01 11:23:42,V008,177.0,1.0149789772320243
2026-06-01,2026-06-01 11:23:43,V008,177.0,0.9908935840559203
2026-06-01,2026-06-01 11:23:44,V008,177.0,1.0034640366405831
2026-06-01,2026-06-01 11:23:45,V008,177.0,1.0512529894869895
2026-06-01,2026-06-01 11:23:46,V008,176.0,1.0667512519207503
2026-06-01,2026-06-01 11:23:47,V008,176.0,1.0028972966679155
2026-06-01,2026-06-01 11:23:48,V008,175.0,1.0725889589022575
2026-06-01,2026-06-01 11:23:49,V008,174.0,0.9985774965054746
2026-06-01,2026-06-01 11:23:50,V008,174.0,1.032869288982467
2026-06-01,2026-06-01 11:23:51,V008,173.0,1.013533043808092
2026-06-01,2026-06-01 11:23:52,V008,172.0,1.05926871275546
2026-06-01,2026-06-01 11:23:53,V008,172.0,1.0295881387999075
2026-06-01,2026-06-01 11:23:54,V008,171.0,1.1515964467656474
2026-06-01,2026-06-01 11:23:55,V008,171.0,1.6198473237709468
2026-06-01,2026-06-01 11:23:56,V008,170.0,1.317935881751624
2026-06-01,2026-06-01 11:23:57,V008,171.0,1.1650584067842624
2026-06-01,2026-06-01 11:23:58,V008,172.0,1.065346006164285
2026-06-01,2026-06-01 11:23:59,V008,172.0,1.0414535408301795
2026-06-01,2026-06-01 11:24:00,V008,171.0,1.070376477822824
2026-06-01,2026-06-01 11:24:01,V008,172.0,1.0868784119556971
2026-06-01,2026-06-01 11:24:02,V008,172.0,1.0470992325309356
2026-06-01,2026-06-01 11:24:03,V008,172.0,1.009319734815019
2026-06-01,2026-06-01 11:24:04,V008,172.0,1.056083015170024
2026-06-01,2026-06-01 11:24:05,V008,173.0,1.0745174758933036
2026-06-01,2026-06-01 11:24:06,V008,173.0,1.0482524859588125
2026-06-01,2026-06-01 11:24:07,V008,174.0,1.0389690514954462
2026-06-01,2026-06-01 11:24:08,V008,174.0,1.1722410100972616
2026-06-01,2026-06-01 11:24:09,V008,175.0,1.0184860493509673
2026-06-01,2026-06-01 11:24:10,V008,176.0,1.15093598982841
2026-06-01,2026-06-01 11:24:11,V008,176.0,1.0332210146559446
2026-06-01,2026-06-01 11:24:12,V008,176.0,1.1998301386409136
2026-06-01,2026-06-01 11:24:13,V008,177.0,1.060643956637453
2026-06-01,2026-06-01 11:24:14,V008,178.0,1.0899611121288162
2026-06-01,2026-06-01 11:24:15,V008,179.0,1.0273794776668683
2026-06-01,2026-06-01 11:24:16,V008,179.0,1.1709014487354423
2026-06-01,2026-06-01 11:24:17,V008,180.0,0.9932617820033504
2026-06-01,2026-06-01 11:24:18,V008,180.0,1.0212699035039807
2026-06-01,2026-06-01 11:24:19,V008,180.0,1.033052355858225
2026-06-01,2026-06-01 11:24:20,V008,181.0,0.9853262155879682
2026-06-01,2026-06-01 11:24:21,V008,182.0,1.0054629413507103
2026-06-01,2026-06-01 11:24:22,V008,183.0,0.9866576181989446
2026-06-01,2026-06-01 11:24:23,V008,182.0,0.9889144769798214
2026-06-01,2026-06-01 11:24:24,V008,181.0,1.0051890967396089
2026-06-01,2026-06-01 11:24:25,V008,182.0,1.032370841765122
2026-06-01,2026-06-01 11:24:26,V008,182.0,0.9698313985470104
2026-06-01,2026-06-01 11:24:27,V008,182.0,1.031969968490025
2026-06-01,2026-06-01 11:24:28,V008,182.0,1.0191614930015769
2026-06-01,2026-06-01 11:24:29,V008,183.0,0.9956668202714054
2026-06-01,2026-06-01 11:24:30,V008,183.0,1.0004481019489952
2026-06-01,2026-06-01 11:24:31,V008,184.0,1.0020599352470123
2026-06-01,2026-06-01 11:24:32,V008,185.0,0.9853099408793602
2026-06-01,2026-06-01 11:24:33,V008,184.0,0.9862360919086299
2026-06-01,2026-06-01 11:24:34,V008,184.0,0.9984511324005312
2026-06-01,2026-06-01 11:24:35,V008,184.0,0.9881657638879795
2026-06-01,2026-06-01 11:24:36,V008,184.0,0.9837495657461875
2026-06-01,2026-06-01 11:24:37,V008,183.0,0.9863969377522275
2026-06-01,2026-06-01 11:24:38,V008,183.0,0.9918097459688079
2026-06-01,2026-06-01 11:24:39,V008,183.0,1.0044431578321185
2026-06-01,2026-06-01 11:24:40,V008,182.0,0.9930620707644624
2026-06-01,2026-06-01 11:24:41,V008,181.0,0.9843017432835073
2026-06-01,2026-06-01 11:24:42,V008,180.0,0.9968403085070732
2026-06-01,2026-06-01 11:24:43,V008,179.0,0.9872179619733706
2026-06-01,2026-06-01 11:24:44,V008,178.0,0.9945730933052586
2026-06-01,2026-06-01 11:24:45,V008,177.0,1.2699217543811663
2026-06-01,2026-06-01 11:24:46,V008,176.0,1.1620476047707737
2026-06-01,2026-06-01 11:24:47,V008,176.0,1.0413261427393943
2026-06-01,2026-06-01 11:24:48,V008,175.0,1.012145537798692
2026-06-01,2026-06-01 11:24:49,V008,174.0,1.0064483056324405
2026-06-01,2026-06-01 11:24:50,V008,174.0,1.0203655223762598
2026-06-01,2026-06-01 11:24:51,V008,173.0,1.0003367369987255
2026-06-01,2026-06-01 11:24:52,V008,172.0,0.9952907379891083
2026-06-01,2026-06-01 11:24:53,V008,171.0,0.9955025727624198
2026-06-01,2026-06-01 11:24:54,V008,171.0,0.9902132630418113
2026-06-01,2026-06-01 11:24:55,V008,170.0,0.9921729781992676
2026-06-01,2026-06-01 11:24:56,V008,169.0,0.9920920013411062
2026-06-01,2026-06-01 11:24:57,V008,168.0,0.9918948892849931
2026-06-01,2026-06-01 11:24:58,V008,167.0,0.9980521762574663
2026-06-01,2026-06-01 11:24:59,V008,167.0,1.0530788731977454
2026-06-01,2026-06-01 11:25:00,V008,166.0,0.9695966675660409
2026-06-01,2026-06-01 11:25:01,V008,165.0,1.0189942403109813
2026-06-01,2026-06-01 11:25:02,V008,165.0,0.9944652048623037
2026-06-01,2026-06-01 11:25:03,V008,164.0,1.0257282884793886
2026-06-01,2026-06-01 11:25:04,V008,163.0,0.9778898720961413
2026-06-01,2026-06-01 11:25:05,V008,163.0,1.019786678823364
2026-06-01,2026-06-01 11:25:06,V008,162.0,0.9941928833541237
2026-06-01,2026-06-01 11:25:07,V008,162.0,0.993187618419051
2026-06-01,2026-06-01 11:25:08,V008,161.0,0.9895522679363901
2026-06-01,2026-06-01 11:25:09,V008,161.0,0.9880058852028484
2026-06-01,2026-06-01 11:25:10,V008,160.0,0.9937140619409479
2026-06-01,2026-06-01 11:25:11,V008,160.0,0.9879925271131691
2026-06-01,2026-06-01 11:25:12,V008,160.0,0.9952488080318612
2026-06-01,2026-06-01 11:25:13,V008,159.0,0.982385039280883
2026-06-01,2026-06-01 11:25:14,V008,159.0,1.0051501288144482
2026-06-01,2026-06-01 11:25:15,V008,159.0,1.0067552312689718
2026-06-01,2026-06-01 11:25:16,V008,158.0,1.0053655052878343
2026-06-01,2026-06-01 11:25:17,V008,158.0,0.9940365354674232
2026-06-01,2026-06-01 11:25:18,V008,158.0,0.9929705129894554
2026-06-01,2026-06-01 11:25:19,V008,157.0,0.9888114304117014
2026-06-01,2026-06-01 11:25:20,V008,157.0,0.9962674646118113
2026-06-01,2026-06-01 11:25:21,V008,157.0,0.9837420618060326
2026-06-01,2026-06-01 11:25:22,V008,156.0,0.9964570922517983
2026-06-01,2026-06-01 11:25:23,V008,156.0,0.9819436723951545
2026-06-01,2026-06-01 11:25:24,V008,155.0,1.0219672632318897
2026-06-01,2026-06-01 11:25:25,V008,155.0,0.9870250863057446
2026-06-01,2026-06-01 11:25:26,V008,155.0,0.9923495075635985
2026-06-01,2026-06-01 11:25:27,V008,154.0,0.9875409132394769
2026-06-01,2026-06-01 11:25:28,V008,154.0,0.9893580069365764
2026-06-01,2026-06-01 11:25:29,V008,154.0,1.0339858646987212
2026-06-01,2026-06-01 11:25:30,V008,154.0,1.002824664238999
2026-06-01,2026-06-01 11:25:31,V008,154.0,1.001246329062778
2026-06-01,2026-06-01 11:25:32,V008,154.0,0.9896015366401967
2026-06-01,2026-06-01 11:25:33,V008,154.0,0.9867433700531444
2026-06-01,2026-06-01 11:25:34,V008,154.0,1.0133610883289934
2026-06-01,2026-06-01 11:25:35,V008,153.0,0.9812557721679429
2026-06-01,2026-06-01 11:25:36,V008,153.0,0.9903559012620662
2026-06-01,2026-06-01 11:25:37,V008,152.0,0.986923256646393
2026-06-01,2026-06-01 11:25:38,V008,151.0,0.9876021987968474
2026-06-01,2026-06-01 11:25:39,V008,151.0,0.9867067732333187
2026-06-01,2026-06-01 11:25:40,V008,150.0,0.9874282541282676
2026-06-01,2026-06-01 11:25:41,V008,150.0,0.9870360954402573
2026-06-01,2026-06-01 11:25:42,V008,150.0,0.9965718587706789
2026-06-01,2026-06-01 11:25:43,V008,149.0,0.9854393671861492
2026-06-01,2026-06-01 11:25:44,V008,149.0,0.9879500794906045
2026-06-01,2026-06-01 11:25:45,V008,149.0,0.9824158458265024
2026-06-01,2026-06-01 11:25:46,V008,148.0,0.9948361111421783
2026-06-01,2026-06-01 11:25:47,V008,148.0,1.096740650318843
2026-06-01,2026-06-01 11:25:48,V008,148.0,1.089863212519467
2026-06-01,2026-06-01 11:25:49,V008,147.0,1.0092111771698107
2026-06-01,2026-06-01 11:25:50,V008,147.0,1.0094991498707442
2026-06-01,2026-06-01 11:25:51,V008,147.0,0.983963600744696
2026-06-01,2026-06-01 11:25:52,V008,147.0,1.0218132850493502
2026-06-01,2026-06-01 11:25:53,V008,147.0,0.9965155063848427
2026-06-01,2026-06-01 11:25:54,V008,147.0,0.9904666840660552
2026-06-01,2026-06-01 11:25:55,V008,147.0,0.9855263066028502
2026-06-01,2026-06-01 11:25:56,V008,147.0,0.992424471636165
2026-06-01,2026-06-01 11:25:57,V008,147.0,1.092319069917533
2026-06-01,2026-06-01 11:25:58,V008,147.0,1.0817566754019596
2026-06-01,2026-06-01 11:25:59,V008,147.0,1.062620550863895
2026-06-01,2026-06-01 11:26:00,V008,147.0,0.9929601250173675
2026-06-01,2026-06-01 11:26:01,V008,146.0,0.9866638930821212
2026-06-01,2026-06-01 11:26:02,V008,146.0,1.042836801382948
2026-06-01,2026-06-01 11:26:03,V008,146.0,1.027507096412344
2026-06-01,2026-06-01 11:26:04,V008,146.0,0.9877002579784214
2026-06-01,2026-06-01 11:26:05,V008,145.0,1.0490258440546572
2026-06-01,2026-06-01 11:26:06,V008,145.0,0.9936493841538865
2026-06-01,2026-06-01 11:26:07,V008,144.0,0.9873320348905921
2026-06-01,2026-06-01 11:26:08,V008,143.0,0.993121467242492
2026-06-01,2026-06-01 11:26:09,V008,143.0,0.9929521344883827
2026-06-01,2026-06-01 11:26:10,V008,142.0,1.0042825018609238
2026-06-01,2026-06-01 11:26:11,V008,142.0,0.990508849973527
2026-06-01,2026-06-01 11:26:12,V008,142.0,1.0117607384686653
2026-06-01,2026-06-01 11:26:13,V008,142.0,1.0283938173887022
2026-06-01,2026-06-01 11:26:14,V008,143.0,1.0180263691881133
2026-06-01,2026-06-01 11:26:15,V008,143.0,0.9750380207443324
2026-06-01,2026-06-01 11:26:16,V008,143.0,0.9953558426611082
2026-06-01,2026-06-01 11:26:17,V008,143.0,0.9945392414911771
2026-06-01,2026-06-01 11:26:18,V008,144.0,0.9767239828215405
2026-06-01,2026-06-01 11:26:19,V008,143.0,1.0135133395917713
2026-06-01,2026-06-01 11:26:20,V008,143.0,1.017144654814859
2026-06-01,2026-06-01 11:26:21,V008,143.0,0.9903387080745999
2026-06-01,2026-06-01 11:26:22,V008,143.0,0.985919321083034
2026-06-01,2026-06-01 11:26:23,V008,143.0,0.9887181886733178
2026-06-01,2026-06-01 11:26:24,V008,143.0,0.9869251389575443
2026-06-01,2026-06-01 11:26:25,V008,143.0,0.9851118549332828
2026-06-01,2026-06-01 11:26:26,V008,142.0,0.9857791570626427
2026-06-01,2026-06-01 11:26:27,V008,143.0,0.9863439238078393
2026-06-01,2026-06-01 11:26:28,V008,143.0,0.9826373196492171
2026-06-01,2026-06-01 11:26:29,V008,142.0,0.9882038178133261
2026-06-01,2026-06-01 11:26:30,V008,142.0,0.9945140299365695
2026-06-01,2026-06-01 11:26:31,V008,141.0,1.0009796922546061
2026-06-01,2026-06-01 11:26:32,V008,140.0,0.9877050308438768
2026-06-01,2026-06-01 11:26:33,V008,140.0,0.9758874234301311
2026-06-01,2026-06-01 11:26:34,V008,139.0,1.0203523308200122
2026-06-01,2026-06-01 11:26:35,V008,138.0,1.0088083275599116
2026-06-01,2026-06-01 11:26:36,V008,138.0,0.9878779197948891
2026-06-01,2026-06-01 11:26:37,V008,138.0,1.0022499378554566
2026-06-01,2026-06-01 11:26:38,V008,137.0,1.097231775523905
2026-06-01,2026-06-01 11:26:39,V008,137.0,1.173026581735345
2026-06-01,2026-06-01 11:26:40,V008,137.0,1.0858352469818018
2026-06-01,2026-06-01 11:26:41,V008,137.0,1.0367636226296417
2026-06-01,2026-06-01 11:26:42,V008,137.0,0.9977662970234944
2026-06-01,2026-06-01 11:26:43,V008,137.0,1.0064092470275807
2026-06-01,2026-06-01 11:26:44,V008,137.0,0.9909492725150921
2026-06-01,2026-06-01 11:26:45,V008,137.0,1.0012539361238464
2026-06-01,2026-06-01 11:26:46,V008,136.0,0.989465321658373
2026-06-01,2026-06-01 11:26:47,V008,136.0,0.9869574604532757
2026-06-01,2026-06-01 11:26:48,V008,136.0,0.9962181498394789
2026-06-01,2026-06-01 11:26:49,V008,136.0,0.9880825711706925
2026-06-01,2026-06-01 11:26:50,V008,137.0,0.984584288502207
2026-06-01,2026-06-01 11:26:51,V008,137.0,0.9844434569746924
2026-06-01,2026-06-01 11:26:52,V008,137.0,0.9862556596085601
2026-06-01,2026-06-01 11:26:53,V008,137.0,0.9865794726598449
2026-06-01,2026-06-01 11:26:54,V008,138.0,0.9873196693113598
2026-06-01,2026-06-01 11:26:55,V008,138.0,0.9856328620955963
2026-06-01,2026-06-01 11:26:56,V008,138.0,0.9851937630794547
2026-06-01,2026-06-01 11:26:57,V008,138.0,0.9862477970041077
2026-06-01,2026-06-01 11:26:58,V008,137.0,1.005364059056422
2026-06-01,2026-06-01 11:26:59,V008,137.0,0.9873524566479883
2026-06-01,2026-06-01 11:27:00,V008,136.0,0.9953828380103557
2026-06-01,2026-06-01 11:27:01,V008,136.0,1.0046994415053427
2026-06-01,2026-06-01 11:27:02,V008,135.0,0.994812935368942
2026-06-01,2026-06-01 11:27:03,V008,135.0,0.9965669549788924
2026-06-01,2026-06-01 11:27:04,V008,134.0,0.9732272990899489
2026-06-01,2026-06-01 11:27:05,V008,134.0,1.0294337400910978
2026-06-01,2026-06-01 11:27:06,V008,134.0,1.0817840022782
2026-06-01,2026-06-01 11:27:07,V008,134.0,0.9704329176736111
2026-06-01,2026-06-01 11:27:08,V008,134.0,1.0265138284589015
2026-06-01,2026-06-01 11:27:09,V008,133.0,0.999008116366025
2026-06-01,2026-06-01 11:27:10,V008,133.0,1.0011291127196986
2026-06-01,2026-06-01 11:27:11,V008,133.0,0.9879753731557025
2026-06-01,2026-06-01 11:27:12,V008,132.0,0.989567448105393
2026-06-01,2026-06-01 11:27:13,V008,132.0,0.9850312523617846
2026-06-01,2026-06-01 11:27:14,V008,132.0,0.9898898315726659
2026-06-01,2026-06-01 11:27:15,V008,132.0,0.9982968200867852
2026-06-01,2026-06-01 11:27:16,V008,132.0,0.9915205509886716
2026-06-01,2026-06-01 11:27:17,V008,132.0,0.9868340747777035
2026-06-01,2026-06-01 11:27:18,V008,133.0,0.9915752589538213
2026-06-01,2026-06-01 11:27:19,V008,134.0,0.983164192695081
2026-06-01,2026-06-01 11:27:20,V008,135.0,0.987594197428115
2026-06-01,2026-06-01 11:27:21,V008,135.0,0.9874517995123158
2026-06-01,2026-06-01 11:27:22,V008,136.0,0.9997960418993176
2026-06-01,2026-06-01 11:27:23,V008,136.0,0.9861097813208283
2026-06-01,2026-06-01 11:27:24,V008,136.0,0.985768824172169
2026-06-01,2026-06-01 11:27:25,V008,136.0,0.9894216059066352
2026-06-01,2026-06-01 11:27:26,V008,135.0,0.9220253748066621
2026-06-01,2026-06-01 11:27:27,V008,135.0,1.2380108668043381
2026-06-01,2026-06-01 11:27:28,V008,135.0,1.2495618196325777
2026-06-01,2026-06-01 11:27:29,V008,134.0,1.0739880887791582
2026-06-01,2026-06-01 11:27:30,V008,134.0,1.0604346863079976
2026-06-01,2026-06-01 11:27:31,V008,133.0,1.0184684221988074
2026-06-01,2026-06-01 11:27:32,V008,133.0,1.0436042327690267
2026-06-01,2026-06-01 11:27:33,V008,132.0,1.0070020910922777
2026-06-01,2026-06-01 11:27:34,V008,132.0,0.9890165495908669
2026-06-01,2026-06-01 11:27:35,V008,132.0,1.0072696601531599
2026-06-01,2026-06-01 11:27:36,V008,132.0,0.9911620430946697
2026-06-01,2026-06-01 11:27:37,V008,132.0,0.9926856837647635
2026-06-01,2026-06-01 11:27:38,V008,133.0,0.995382679714265
2026-06-01,2026-06-01 11:27:39,V008,133.0,0.9800462471382966
2026-06-01,2026-06-01 11:27:40,V008,133.0,1.00275773907127
2026-06-01,2026-06-01 11:27:41,V008,134.0,0.9987226741476535
2026-06-01,2026-06-01 11:27:42,V008,134.0,0.982578484913871
2026-06-01,2026-06-01 11:27:43,V008,134.0,1.0298013137742046
2026-06-01,2026-06-01 11:27:44,V008,134.0,1.0441507975306197
2026-06-01,2026-06-01 11:27:45,V008,135.0,1.0719316396486205
2026-06-01,2026-06-01 11:27:46,V008,135.0,1.072737312260189
2026-06-01,2026-06-01 11:27:47,V008,136.0,1.0363841053465497
2026-06-01,2026-06-01 11:27:48,V008,136.0,1.0243672356421742
2026-06-01,2026-06-01 11:27:49,V008,136.0,1.0340034429309255
2026-06-01,2026-06-01 11:27:50,V008,136.0,1.118526336195207
2026-06-01,2026-06-01 11:27:51,V008,136.0,1.0887822136146814
2026-06-01,2026-06-01 11:27:52,V008,137.0,1.013096715414008
2026-06-01,2026-06-01 11:27:53,V008,137.0,0.9785985551816686
2026-06-01,2026-06-01 11:27:54,V008,137.0,0.9922432078727322
2026-06-01,2026-06-01 11:27:55,V008,137.0,1.014480923693538
2026-06-01,2026-06-01 11:27:56,V008,137.0,0.9904165042227467
2026-06-01,2026-06-01 11:27:57,V008,138.0,1.0290776627726588
2026-06-01,2026-06-01 11:27:58,V008,138.0,0.998786779781488
2026-06-01,2026-06-01 11:27:59,V008,138.0,1.0395655827421548
2026-06-01,2026-06-01 11:28:00,V008,138.0,1.00054762059213
2026-06-01,2026-06-01 11:28:01,V008,138.0,1.056470536833242
2026-06-01,2026-06-01 11:28:02,V008,138.0,0.9900900378473242
2026-06-01,2026-06-01 11:28:03,V008,138.0,1.2381227633296334
2026-06-01,2026-06-01 11:28:04,V008,138.0,1.0081970833415483
2026-06-01,2026-06-01 11:28:05,V008,138.0,1.2148091907591834
2026-06-01,2026-06-01 11:28:06,V008,138.0,1.0853976236637635
2026-06-01,2026-06-01 11:28:07,V008,139.0,1.0209761322785982
2026-06-01,2026-06-01 11:28:08,V008,139.0,1.0941771241676084
2026-06-01,2026-06-01 11:28:09,V008,139.0,1.0355788057353101
2026-06-01,2026-06-01 11:28:10,V008,140.0,1.0309215691976659
2026-06-01,2026-06-01 11:28:11,V008,140.0,1.11137183890775
2026-06-01,2026-06-01 11:28:12,V008,141.0,1.2401368901023695
2026-06-01,2026-06-01 11:28:13,V008,142.0,1.230926882090784
2026-06-01,2026-06-01 11:28:14,V008,142.0,1.0139207189741237
2026-06-01,2026-06-01 11:28:15,V008,143.0,0.9878563007794714
2026-06-01,2026-06-01 11:28:16,V008,143.0,1.022317003377637
2026-06-01,2026-06-01 11:28:17,V008,144.0,1.0805686189377348
2026-06-01,2026-06-01 11:28:18,V008,145.0,1.006951476823934
2026-06-01,2026-06-01 11:28:19,V008,146.0,1.0882162277040839
2026-06-01,2026-06-01 11:28:20,V008,147.0,0.9973658041943086
2026-06-01,2026-06-01 11:28:21,V008,149.0,0.9940893947587653
2026-06-01,2026-06-01 11:28:22,V008,150.0,1.0009588060001016
2026-06-01,2026-06-01 11:28:23,V008,152.0,1.0187295289552472
2026-06-01,2026-06-01 11:28:24,V008,154.0,0.9997913371357859
2026-06-01,2026-06-01 11:28:25,V008,155.0,1.0371625958189699
2026-06-01,2026-06-01 11:28:26,V008,156.0,1.0616709240308113
2026-06-01,2026-06-01 11:28:27,V008,156.0,1.1993127733907827
2026-06-01,2026-06-01 11:28:28,V008,157.0,1.1740777110969676
2026-06-01,2026-06-01 11:28:29,V008,157.0,1.1135165325356469
2026-06-01,2026-06-01 11:28:30,V008,157.0,0.9887978633274354
2026-06-01,2026-06-01 11:28:31,V008,157.0,0.987709571760936
2026-06-01,2026-06-01 11:28:32,V008,157.0,0.9774740410545479
2026-06-01,2026-06-01 11:28:33,V008,156.0,1.0332666051409343
2026-06-01,2026-06-01 11:28:34,V008,156.0,1.0095029914551565
2026-06-01,2026-06-01 11:28:35,V008,156.0,1.0268802092879405
2026-06-01,2026-06-01 11:28:36,V008,155.0,1.0356478607687878
2026-06-01,2026-06-01 11:28:37,V008,155.0,1.0717068838339243
2026-06-01,2026-06-01 11:28:38,V008,155.0,0.9954232980653593
2026-06-01,2026-06-01 11:28:39,V008,156.0,0.9860375040807283
2026-06-01,2026-06-01 11:28:40,V008,157.0,1.0842762845375125
2026-06-01,2026-06-01 11:28:41,V008,157.0,0.9768351676798859
2026-06-01,2026-06-01 11:28:42,V008,158.0,1.1736004833454727
2026-06-01,2026-06-01 11:28:43,V008,158.0,1.145838224088007
2026-06-01,2026-06-01 11:28:44,V008,159.0,1.0127380613042294
2026-06-01,2026-06-01 11:28:45,V008,160.0,1.0313281382717092
2026-06-01,2026-06-01 11:28:46,V008,160.0,1.026979149056325
2026-06-01,2026-06-01 11:28:47,V008,163.0,1.0549504568344812
2026-06-01,2026-06-01 11:28:48,V008,165.0,1.0271839010772656
2026-06-01,2026-06-01 11:28:49,V008,167.0,1.0138085042878016
2026-06-01,2026-06-01 11:28:50,V008,168.0,1.0219395517430554
2026-06-01,2026-06-01 11:28:51,V008,169.0,1.0276878634387077
2026-06-01,2026-06-01 11:28:52,V008,170.0,1.1511892024412815
2026-06-01,2026-06-01 11:28:53,V008,170.0,1.0310815254103338
2026-06-01,2026-06-01 11:28:54,V008,171.0,1.0023237202545325
2026-06-01,2026-06-01 11:28:55,V008,171.0,1.0033898200480433
2026-06-01,2026-06-01 11:28:56,V008,171.0,1.0080760076207587
2026-06-01,2026-06-01 11:28:57,V008,171.0,0.9920594862176083
2026-06-01,2026-06-01 11:28:58,V008,171.0,1.0458964631440353
2026-06-01,2026-06-01 11:28:59,V008,172.0,1.0342696798785112
2026-06-01,2026-06-01 11:29:00,V008,172.0,1.0944715485819319
2026-06-01,2026-06-01 11:29:01,V008,172.0,1.0483471691937494
2026-06-01,2026-06-01 11:29:02,V008,173.0,1.0120261729453528
2026-06-01,2026-06-01 11:29:03,V008,173.0,0.988254070140266
2026-06-01,2026-06-01 11:29:04,V008,173.0,1.0171466975572043
2026-06-01,2026-06-01 11:29:05,V008,174.0,1.0800210978189193
2026-06-01,2026-06-01 11:29:06,V008,174.0,1.0923593454779732
2026-06-01,2026-06-01 11:29:07,V008,174.0,0.9997073475242373
2026-06-01,2026-06-01 11:29:08,V008,175.0,0.9886804666198166
2026-06-01,2026-06-01 11:29:09,V008,175.0,1.1269026527458188
2026-06-01,2026-06-01 11:29:10,V008,175.0,1.0814992356977904
2026-06-01,2026-06-01 11:29:11,V008,175.0,1.0379898158758425
2026-06-01,2026-06-01 11:29:12,V008,175.0,1.0247681807036597
2026-06-01,2026-06-01 11:29:13,V008,174.0,0.9855535459279239
2026-06-01,2026-06-01 11:29:14,V008,174.0,1.028783485603482
2026-06-01,2026-06-01 11:29:15,V008,174.0,1.066877133639512
2026-06-01,2026-06-01 11:29:16,V008,174.0,1.0318518848918778
2026-06-01,2026-06-01 11:29:17,V008,174.0,1.0464283425690613
2026-06-01,2026-06-01 11:29:18,V008,174.0,1.012089029972548
2026-06-01,2026-06-01 11:29:19,V008,174.0,1.0157953714954755
2026-06-01,2026-06-01 11:29:20,V008,174.0,1.0515423139629545
2026-06-01,2026-06-01 11:29:21,V008,174.0,1.0001685257194948
2026-06-01,2026-06-01 11:29:22,V008,174.0,0.9934493825575259
2026-06-01,2026-06-01 11:29:23,V008,174.0,1.0977405103278712
2026-06-01,2026-06-01 11:29:24,V008,174.0,0.9769699162171256
2026-06-01,2026-06-01 11:29:25,V008,175.0,1.0516427205270622
2026-06-01,2026-06-01 11:29:26,V008,175.0,0.9947816575297105
2026-06-01,2026-06-01 11:29:27,V008,175.0,1.0628050894019767
2026-06-01,2026-06-01 11:29:28,V008,176.0,0.9815604558645862
2026-06-01,2026-06-01 11:29:29,V008,176.0,1.0229862756471744
2026-06-01,2026-06-01 11:29:30,V008,176.0,1.0573460152426981
2026-06-01,2026-06-01 11:29:31,V008,176.0,1.04916018072937
2026-06-01,2026-06-01 11:29:32,V008,176.0,1.094424749983394
2026-06-01,2026-06-01 11:29:33,V008,176.0,1.140062228613935
2026-06-01,2026-06-01 11:29:34,V008,176.0,0.9813814437597691
2026-06-01,2026-06-01 11:29:35,V008,176.0,1.105928768155751
2026-06-01,2026-06-01 11:29:36,V008,175.0,1.0806441936703253
2026-06-01,2026-06-01 11:29:37,V008,175.0,1.1297231444685059
2026-06-01,2026-06-01 11:29:38,V008,175.0,1.0235341344352162
2026-06-01,2026-06-01 11:29:39,V008,176.0,0.9906284773098561
2026-06-01,2026-06-01 11:29:40,V008,176.0,1.0040297849303714
2026-06-01,2026-06-01 11:29:41,V008,176.0,1.0214918502994694
2026-06-01,2026-06-01 11:29:42,V008,176.0,0.9873007953305717
2026-06-01,2026-06-01 11:29:43,V008,177.0,0.9910498791856484
2026-06-01,2026-06-01 11:29:44,V008,178.0,0.9884234882561822
2026-06-01,2026-06-01 11:29:45,V008,178.0,0.9904799857056266
2026-06-01,2026-06-01 11:29:46,V008,178.0,0.9891907123884685
2026-06-01,2026-06-01 11:29:47,V008,178.0,1.001632071602675
2026-06-01,2026-06-01 11:29:48,V008,179.0,1.0129779416767437
2026-06-01,2026-06-01 11:29:49,V008,179.0,0.9902275215559149
2026-06-01,2026-06-01 11:29:50,V008,179.0,1.0081175590522595
2026-06-01,2026-06-01 11:29:51,V008,178.0,1.0063477956760276
2026-06-01,2026-06-01 11:29:52,V008,178.0,1.0235869865087264
2026-06-01,2026-06-01 11:29:53,V008,177.0,0.9918089649421518
2026-06-01,2026-06-01 11:29:54,V008,177.0,0.9796953759996632
2026-06-01,2026-06-01 11:29:55,V008,176.0,1.0706381493528072
2026-06-01,2026-06-01 11:29:56,V008,175.0,1.0062900109006896
2026-06-01,2026-06-01 11:29:57,V008,174.0,0.9805060054994287
2026-06-01,2026-06-01 11:29:58,V008,173.0,0.988922229101496
2026-06-01,2026-06-01 11:29:59,V008,173.0,1.0898906293578863
2026-06-01,2026-06-01 11:30:00,V008,172.0,0.9866794153594368
2026-06-01,2026-06-01 11:30:01,V008,172.0,1.0662382114637359
2026-06-01,2026-06-01 11:30:02,V008,172.0,1.0265332844589194
2026-06-01,2026-06-01 11:30:03,V008,172.0,1.0403125742978288
2026-06-01,2026-06-01 11:30:04,V008,173.0,1.0135478482148959
2026-06-01,2026-06-01 11:30:05,V008,173.0,0.9956502600065329
2026-06-01,2026-06-01 11:30:06,V008,174.0,1.052771086961041
2026-06-01,2026-06-01 11:30:07,V008,174.0,1.2560781878620386
2026-06-01,2026-06-01 11:30:08,V008,174.0,1.0498038225464885
2026-06-01,2026-06-01 11:30:09,V008,173.0,1.0640310483626494
2026-06-01,2026-06-01 11:30:10,V008,173.0,1.0418230841008291
2026-06-01,2026-06-01 11:30:11,V008,173.0,1.1092276252796465
2026-06-01,2026-06-01 11:30:12,V008,172.0,1.293403492725484
2026-06-01,2026-06-01 11:30:13,V008,172.0,1.0511532742259573
2026-06-01,2026-06-01 11:30:14,V008,172.0,1.037335776907767
2026-06-01,2026-06-01 11:30:15,V008,172.0,1.0579796863879687
2026-06-01,2026-06-01 11:30:16,V008,172.0,1.0106852510340765
2026-06-01,2026-06-01 11:30:17,V008,173.0,0.987180027973042
2026-06-01,2026-06-01 11:30:18,V008,173.0,0.9980415654834697
2026-06-01,2026-06-01 11:30:19,V008,173.0,0.9990981256135019
2026-06-01,2026-06-01 11:30:20,V008,173.0,1.0538511920155507
2026-06-01,2026-06-01 11:30:21,V008,173.0,1.0391730308824456
2026-06-01,2026-06-01 11:30:22,V008,173.0,1.027511373937186
2026-06-01,2026-06-01 11:30:23,V008,172.0,1.0386863702326876
2026-06-01,2026-06-01 11:30:24,V008,172.0,1.0268577455523773
2026-06-01,2026-06-01 11:30:25,V008,172.0,1.0796648849082515
2026-06-01,2026-06-01 11:30:26,V008,172.0,0.9838549952391822
2026-06-01,2026-06-01 11:30:27,V008,172.0,1.0000190766672816
2026-06-01,2026-06-01 11:30:28,V008,173.0,1.0227878481271218
2026-06-01,2026-06-01 11:30:29,V008,172.0,0.9995957589785002
2026-06-01,2026-06-01 11:30:30,V008,172.0,0.9918732523014824
2026-06-01,2026-06-01 11:30:31,V008,172.0,1.1201863911926393
2026-06-01,2026-06-01 11:30:32,V008,172.0,1.0137327087970607
2026-06-01,2026-06-01 11:30:33,V008,173.0,1.0624362646701442
2026-06-01,2026-06-01 11:30:34,V008,173.0,1.009118491747836
2026-06-01,2026-06-01 11:30:35,V008,174.0,1.002720583945833
2026-06-01,2026-06-01 11:30:36,V008,174.0,1.167129144113933
2026-06-01,2026-06-01 11:30:37,V008,175.0,1.0384977953311527
2026-06-01,2026-06-01 11:30:38,V008,176.0,1.0033789641767628
2026-06-01,2026-06-01 11:30:39,V008,176.0,1.1084079468455554
2026-06-01,2026-06-01 11:30:40,V008,176.0,1.0053538046982529
2026-06-01,2026-06-01 11:30:41,V008,176.0,1.15075515122094
2026-06-01,2026-06-01 11:30:42,V008,177.0,0.9971609219441429
2026-06-01,2026-06-01 11:30:43,V008,177.0,1.1440157409478544
2026-06-01,2026-06-01 11:30:44,V008,177.0,1.0563159904043629
2026-06-01,2026-06-01 11:30:45,V008,177.0,1.0444531700301092
2026-06-01,2026-06-01 11:30:46,V008,177.0,1.007233435149338
2026-06-01,2026-06-01 11:30:47,V008,177.0,0.997708037549562
2026-06-01,2026-06-01 11:30:48,V008,177.0,1.034994432057268
2026-06-01,2026-06-01 11:30:49,V008,177.0,1.129418532009032
2026-06-01,2026-06-01 11:30:50,V008,177.0,1.2141825685171213
2026-06-01,2026-06-01 11:30:51,V008,177.0,1.0508563885751336
2026-06-01,2026-06-01 11:30:52,V008,177.0,0.9947489692624235
2026-06-01,2026-06-01 11:30:53,V008,177.0,1.0005836253033469
2026-06-01,2026-06-01 11:30:54,V008,177.0,1.033383489623003
2026-06-01,2026-06-01 11:30:55,V008,177.0,0.9885415047886263
2026-06-01,2026-06-01 11:30:56,V008,177.0,1.065538616861277
2026-06-01,2026-06-01 11:30:57,V008,176.0,0.9856781056159879
2026-06-01,2026-06-01 11:30:58,V008,176.0,0.9998533784475978
2026-06-01,2026-06-01 11:30:59,V008,176.0,1.0025917397698492
2026-06-01,2026-06-01 11:31:00,V008,177.0,1.0794593939534014
2026-06-01,2026-06-01 11:31:01,V008,176.0,1.0303356888202628
2026-06-01,2026-06-01 11:31:02,V008,176.0,1.053361844102411
2026-06-01,2026-06-01 11:31:03,V008,176.0,0.9784849242991451
2026-06-01,2026-06-01 11:31:04,V008,176.0,1.058897844213879
2026-06-01,2026-06-01 11:31:05,V008,175.0,0.970264971242328
2026-06-01,2026-06-01 11:31:06,V008,175.0,0.9978553074755458
2026-06-01,2026-06-01 11:31:07,V008,174.0,0.9844940314264325
2026-06-01,2026-06-01 11:31:08,V008,174.0,0.9960179973457198
2026-06-01,2026-06-01 11:31:09,V008,173.0,0.9855860888292858
2026-06-01,2026-06-01 11:31:10,V008,173.0,1.0047265922407798
2026-06-01,2026-06-01 11:31:11,V008,172.0,0.985856914831608
2026-06-01,2026-06-01 11:31:12,V008,172.0,0.9938734141229223
2026-06-01,2026-06-01 11:31:13,V008,171.0,0.984559656639759
2026-06-01,2026-06-01 11:31:14,V008,171.0,0.989598197110691
2026-06-01,2026-06-01 11:31:15,V008,170.0,0.9998946799892552
2026-06-01,2026-06-01 11:31:16,V008,169.0,1.0028591464196035
2026-06-01,2026-06-01 11:31:17,V008,169.0,1.0232943448140108
2026-06-01,2026-06-01 11:31:18,V008,168.0,1.0171856174148193
2026-06-01,2026-06-01 11:31:19,V008,167.0,1.0026986271416363
2026-06-01,2026-06-01 11:31:20,V008,166.0,0.9819962502158663
2026-06-01,2026-06-01 11:31:21,V008,165.0,0.9978143693546699
2026-06-01,2026-06-01 11:31:22,V008,165.0,0.9779813292349183
2026-06-01,2026-06-01 11:31:23,V008,164.0,0.9844543474285521
2026-06-01,2026-06-01 11:31:24,V008,164.0,0.9952887371215065
2026-06-01,2026-06-01 11:31:25,V008,163.0,1.0126416896545696
2026-06-01,2026-06-01 11:31:26,V008,162.0,0.9957035744565534
2026-06-01,2026-06-01 11:31:27,V008,161.0,1.0007490753643966
2026-06-01,2026-06-01 11:31:28,V008,161.0,1.0541999798983546
2026-06-01,2026-06-01 11:31:29,V008,160.0,0.9914035800049181
2026-06-01,2026-06-01 11:31:30,V008,159.0,0.9908886326753178
2026-06-01,2026-06-01 11:31:31,V008,159.0,0.985956648034576
2026-06-01,2026-06-01 11:31:32,V008,158.0,0.9860655839321321
2026-06-01,2026-06-01 11:31:33,V008,158.0,0.988778070193984
2026-06-01,2026-06-01 11:31:34,V008,157.0,0.9861573743355604
2026-06-01,2026-06-01 11:31:35,V008,157.0,1.0263909218022862
2026-06-01,2026-06-01 11:31:36,V008,156.0,0.9813927080404521
2026-06-01,2026-06-01 11:31:37,V008,156.0,1.0011044502721431
2026-06-01,2026-06-01 11:31:38,V008,156.0,0.9724726093187731
2026-06-01,2026-06-01 11:31:39,V008,155.0,1.0020613137837984
2026-06-01,2026-06-01 11:31:40,V008,155.0,0.9811909258715401
2026-06-01,2026-06-01 11:31:41,V008,155.0,1.0108920255087674
2026-06-01,2026-06-01 11:31:42,V008,155.0,0.9986908902266349
2026-06-01,2026-06-01 11:31:43,V008,155.0,0.9933397767699768
2026-06-01,2026-06-01 11:31:44,V008,154.0,0.999440849506627
2026-06-01,2026-06-01 11:31:45,V008,154.0,0.9803011722038805
2026-06-01,2026-06-01 11:31:46,V008,154.0,1.043007266400161
2026-06-01,2026-06-01 11:31:47,V008,154.0,0.9922008459790117
2026-06-01,2026-06-01 11:31:48,V008,154.0,0.9850982745232152
2026-06-01,2026-06-01 11:31:49,V008,154.0,0.9985870245175004
2026-06-01,2026-06-01 11:31:50,V008,154.0,1.0132549223277065
2026-06-01,2026-06-01 11:31:51,V008,153.0,0.9806502054462077
2026-06-01,2026-06-01 11:31:52,V008,153.0,1.031855049398218
2026-06-01,2026-06-01 11:31:53,V008,152.0,0.9911308443772953
2026-06-01,2026-06-01 11:31:54,V008,152.0,0.9899309803777551
2026-06-01,2026-06-01 11:31:55,V008,151.0,0.993946298751068
2026-06-01,2026-06-01 11:31:56,V008,151.0,1.0393481863843754
2026-06-01,2026-06-01 11:31:57,V008,150.0,0.9542251397303115
2026-06-01,2026-06-01 11:31:58,V008,150.0,1.0189543413158846
2026-06-01,2026-06-01 11:31:59,V008,149.0,0.9923168519692033
2026-06-01,2026-06-01 11:32:00,V008,148.0,0.9969181715403097
2026-06-01,2026-06-01 11:32:01,V008,147.0,0.9916941221862469
2026-06-01,2026-06-01 11:32:02,V008,147.0,0.9911721390872508
2026-06-01,2026-06-01 11:32:03,V008,146.0,0.988411250999783
2026-06-01,2026-06-01 11:32:04,V008,146.0,0.9912467051974201
2026-06-01,2026-06-01 11:32:05,V008,146.0,0.987648197744465
2026-06-01,2026-06-01 11:32:06,V008,145.0,0.9932065727991994
2026-06-01,2026-06-01 11:32:07,V008,145.0,0.9939045591955515
2026-06-01,2026-06-01 11:32:08,V008,144.0,0.9812591816410443
2026-06-01,2026-06-01 11:32:09,V008,144.0,0.9853073174468882
2026-06-01,2026-06-01 11:32:10,V008,144.0,0.9878801040673137
2026-06-01,2026-06-01 11:32:11,V008,144.0,0.9872158363498286
2026-06-01,2026-06-01 11:32:12,V008,144.0,0.9854330083510032
2026-06-01,2026-06-01 11:32:13,V008,144.0,0.9895117326471585
2026-06-01,2026-06-01 11:32:14,V008,144.0,0.9841630185776103
2026-06-01,2026-06-01 11:32:15,V008,143.0,0.9880429987587982
2026-06-01,2026-06-01 11:32:16,V008,143.0,0.9853368395259943
2026-06-01,2026-06-01 11:32:17,V008,143.0,0.9887737784240715
2026-06-01,2026-06-01 11:32:18,V008,143.0,0.9836377319492787
2026-06-01,2026-06-01 11:32:19,V008,143.0,0.9859997977403653
2026-06-01,2026-06-01 11:32:20,V008,142.0,0.9890357999691911
2026-06-01,2026-06-01 11:32:21,V008,142.0,0.9901982195121818
2026-06-01,2026-06-01 11:32:22,V008,142.0,1.0034152604961453
2026-06-01,2026-06-01 11:32:23,V008,142.0,0.9929489837101163
2026-06-01,2026-06-01 11:32:24,V008,142.0,0.9856899298517877
2026-06-01,2026-06-01 11:32:25,V008,142.0,0.9854211968781496
2026-06-01,2026-06-01 11:32:26,V008,141.0,0.9848775143183801
2026-06-01,2026-06-01 11:32:27,V008,141.0,0.9884027319457904
2026-06-01,2026-06-01 11:32:28,V008,141.0,0.9907655308262815
2026-06-01,2026-06-01 11:32:29,V008,140.0,1.001983465510596
2026-06-01,2026-06-01 11:32:30,V008,140.0,1.0309790087244957
2026-06-01,2026-06-01 11:32:31,V008,139.0,1.013357557981213
2026-06-01,2026-06-01 11:32:32,V008,139.0,0.9889493038301813
2026-06-01,2026-06-01 11:32:33,V008,139.0,0.9913544942473
2026-06-01,2026-06-01 11:32:34,V008,138.0,0.988270196119805
2026-06-01,2026-06-01 11:32:35,V008,138.0,0.9968342461055758
2026-06-01,2026-06-01 11:32:36,V008,138.0,1.0194639277475817
2026-06-01,2026-06-01 11:32:37,V008,137.0,1.0353663820626282
2026-06-01,2026-06-01 11:32:38,V008,136.0,0.9878007413572665
2026-06-01,2026-06-01 11:32:39,V008,136.0,0.9899753106445646
2026-06-01,2026-06-01 11:32:40,V008,136.0,0.9931351361628485
2026-06-01,2026-06-01 11:32:41,V008,136.0,0.9856438892943564
2026-06-01,2026-06-01 11:32:42,V008,136.0,0.9853560714359437
2026-06-01,2026-06-01 11:32:43,V008,136.0,0.9878804993819252
2026-06-01,2026-06-01 11:32:44,V008,136.0,0.988823866207115
2026-06-01,2026-06-01 11:32:45,V008,136.0,0.9891790539169257
2026-06-01,2026-06-01 11:32:46,V008,136.0,0.9867528139176325
2026-06-01,2026-06-01 11:32:47,V008,136.0,0.9905870559215755
2026-06-01,2026-06-01 11:32:48,V008,137.0,0.9881051619989405
2026-06-01,2026-06-01 11:32:49,V008,137.0,0.9888977300752854
2026-06-01,2026-06-01 11:32:50,V008,137.0,0.9851744819397141
2026-06-01,2026-06-01 11:32:51,V008,137.0,0.9839126068238958
2026-06-01,2026-06-01 11:32:52,V008,137.0,0.9879808221320662
2026-06-01,2026-06-01 11:32:53,V008,138.0,0.9838629500733225
2026-06-01,2026-06-01 11:32:54,V008,138.0,0.9898997507624061
2026-06-01,2026-06-01 11:32:55,V008,138.0,0.9909257506691896
2026-06-01,2026-06-01 11:32:56,V008,138.0,0.9842025256574939
2026-06-01,2026-06-01 11:32:57,V008,138.0,0.988913006287414
2026-06-01,2026-06-01 11:32:58,V008,138.0,0.9855807200028682
2026-06-01,2026-06-01 11:32:59,V008,138.0,0.986119410192261
2026-06-01,2026-06-01 11:33:00,V008,138.0,0.9896216955839922
2026-06-01,2026-06-01 11:33:01,V008,139.0,0.9809991750658782
2026-06-01,2026-06-01 11:33:02,V008,139.0,0.9886140943690901
2026-06-01,2026-06-01 11:33:03,V008,139.0,0.9967351268094876
2026-06-01,2026-06-01 11:33:04,V008,139.0,0.9944685480006092
2026-06-01,2026-06-01 11:33:05,V008,139.0,0.9877472724969092
2026-06-01,2026-06-01 11:33:06,V008,139.0,0.9880398609643498
2026-06-01,2026-06-01 11:33:07,V008,138.0,0.9849813484398184
2026-06-01,2026-06-01 11:33:08,V008,138.0,0.9833295014113967
2026-06-01,2026-06-01 11:33:09,V008,138.0,0.9856701311344853
2026-06-01,2026-06-01 11:33:10,V008,137.0,0.9842885682915521
2026-06-01,2026-06-01 11:33:11,V008,137.0,0.9855458016152263
2026-06-01,2026-06-01 11:33:12,V008,136.0,0.9865017276950113
2026-06-01,2026-06-01 11:33:13,V008,136.0,0.9843398935122252
2026-06-01,2026-06-01 11:33:14,V008,135.0,0.9849711576603016
2026-06-01,2026-06-01 11:33:15,V008,134.0,0.9846352515446664
2026-06-01,2026-06-01 11:33:16,V008,134.0,0.984347312521487
2026-06-01,2026-06-01 11:33:17,V008,134.0,0.9857240024076115
2026-06-01,2026-06-01 11:33:18,V008,134.0,0.9859029347293624
2026-06-01,2026-06-01 11:33:19,V008,134.0,0.9875045721134814
2026-06-01,2026-06-01 11:33:20,V008,134.0,0.9847999560490619
2026-06-01,2026-06-01 11:33:21,V008,134.0,0.9842860328136916
2026-06-01,2026-06-01 11:33:22,V008,134.0,0.9866072948757978
2026-06-01,2026-06-01 11:33:23,V008,134.0,0.9829102369286601
2026-06-01,2026-06-01 11:33:24,V008,134.0,0.9856700492162402
2026-06-01,2026-06-01 11:33:25,V008,134.0,0.9840327036823586
2026-06-01,2026-06-01 11:33:26,V008,134.0,0.986722571415874
2026-06-01,2026-06-01 11:33:27,V008,134.0,0.9839399461473383
2026-06-01,2026-06-01 11:33:28,V008,134.0,0.9849724377671141
2026-06-01,2026-06-01 11:33:29,V008,134.0,0.9840776037907781
2026-06-01,2026-06-01 11:33:30,V008,134.0,0.9860446184082853
2026-06-01,2026-06-01 11:33:31,V008,134.0,0.9824366660565871
2026-06-01,2026-06-01 11:33:32,V008,134.0,0.9862496272940027
2026-06-01,2026-06-01 11:33:33,V008,134.0,0.9852852238491215
2026-06-01,2026-06-01 11:33:34,V008,134.0,0.9856076473836368
2026-06-01,2026-06-01 11:33:35,V008,134.0,0.9845208581675218
2026-06-01,2026-06-01 11:33:36,V008,134.0,0.9856220961188797
2026-06-01,2026-06-01 11:33:37,V008,135.0,0.98406468162139
2026-06-01,2026-06-01 11:33:38,V008,135.0,0.984303215349107
2026-06-01,2026-06-01 11:33:39,V008,135.0,0.9850520380609864
2026-06-01,2026-06-01 11:33:40,V008,135.0,0.987024770054379
2026-06-01,2026-06-01 11:33:41,V008,135.0,0.9853667795148308
2026-06-01,2026-06-01 11:33:42,V008,135.0,0.9899703266406898
2026-06-01,2026-06-01 11:33:43,V008,135.0,0.9843699333349043
2026-06-01,2026-06-01 11:33:44,V008,135.0,0.9851737583652573
2026-06-01,2026-06-01 11:33:45,V008,135.0,0.983589509043484
2026-06-01,2026-06-01 11:33:46,V008,135.0,0.9869956511883433
2026-06-01,2026-06-01 11:33:47,V008,134.0,0.9874090729245727
2026-06-01,2026-06-01 11:33:48,V008,134.0,0.9834872434907672
2026-06-01,2026-06-01 11:33:49,V008,133.0,0.9843433453939255
2026-06-01,2026-06-01 11:33:50,V008,133.0,0.9860164591394748
2026-06-01,2026-06-01 11:33:51,V008,133.0,0.9874472830993885
2026-06-01,2026-06-01 11:33:52,V008,132.0,0.9832537176263846
2026-06-01,2026-06-01 11:33:53,V008,132.0,1.0036969256788693
2026-06-01,2026-06-01 11:33:54,V008,132.0,0.9809293529146244
2026-06-01,2026-06-01 11:33:55,V008,132.0,0.9924363027705888
2026-06-01,2026-06-01 11:33:56,V008,132.0,0.9928166650683935
2026-06-01,2026-06-01 11:33:57,V008,132.0,0.9818454555762631
2026-06-01,2026-06-01 11:33:58,V008,132.0,0.9867780824223832
2026-06-01,2026-06-01 11:33:59,V008,132.0,0.9849393550561053
2026-06-01,2026-06-01 11:34:00,V008,131.0,0.985376434475741
2026-06-01,2026-06-01 11:34:01,V008,131.0,0.9856347349976302
2026-06-01,2026-06-01 11:34:02,V008,131.0,0.9854832317273895
2026-06-01,2026-06-01 11:34:03,V008,131.0,0.9865724758191456
2026-06-01,2026-06-01 11:34:04,V008,131.0,0.9890150442663436
2026-06-01,2026-06-01 11:34:05,V008,133.0,0.9888810979762109
2026-06-01,2026-06-01 11:34:06,V008,134.0,0.9854368076012188
2026-06-01,2026-06-01 11:34:07,V008,134.0,0.9871703049581209
2026-06-01,2026-06-01 11:34:08,V008,135.0,0.9914154773563574
2026-06-01,2026-06-01 11:34:09,V008,135.0,0.9973094495642519
2026-06-01,2026-06-01 11:34:10,V008,134.0,0.9975137687865592
2026-06-01,2026-06-01 11:34:11,V008,133.0,1.0402647037475312
2026-06-01,2026-06-01 11:34:12,V008,132.0,0.9895456984561103
2026-06-01,2026-06-01 11:34:13,V008,131.0,0.984953982069256
2026-06-01,2026-06-01 11:34:14,V008,130.0,0.9857625577673153
2026-06-01,2026-06-01 11:34:15,V008,130.0,0.9870365733118909
2026-06-01,2026-06-01 11:34:16,V008,129.0,0.9854977181960783
2026-06-01,2026-06-01 11:34:17,V008,129.0,0.994860636658988
2026-06-01,2026-06-01 11:34:18,V008,129.0,1.0177698355670033
2026-06-01,2026-06-01 11:34:19,V008,129.0,1.0517139512779057
2026-06-01,2026-06-01 11:34:20,V008,129.0,1.0684251456576663
2026-06-01,2026-06-01 11:34:21,V008,130.0,1.0186862209225604
2026-06-01,2026-06-01 11:34:22,V008,130.0,1.0018057782628809
2026-06-01,2026-06-01 11:34:23,V008,131.0,0.9856983820909129
2026-06-01,2026-06-01 11:34:24,V008,132.0,0.9984802080754154
2026-06-01,2026-06-01 11:34:25,V008,132.0,0.996092754416367
2026-06-01,2026-06-01 11:34:26,V008,132.0,1.0227042667480197
2026-06-01,2026-06-01 11:34:27,V008,132.0,1.0030755248287078
2026-06-01,2026-06-01 11:34:28,V008,132.0,0.9738437373519444
2026-06-01,2026-06-01 11:34:29,V008,132.0,0.9802599937075925
2026-06-01,2026-06-01 11:34:30,V008,132.0,0.9948106268360023
2026-06-01,2026-06-01 11:34:31,V008,131.0,0.9873331426796778
2026-06-01,2026-06-01 11:34:32,V008,131.0,0.989606099788213
2026-06-01,2026-06-01 11:34:33,V008,130.0,0.9886306650167827
2026-06-01,2026-06-01 11:34:34,V008,130.0,0.9875075435288936
2026-06-01,2026-06-01 11:34:35,V008,130.0,0.9923809146764361
2026-06-01,2026-06-01 11:34:36,V008,130.0,0.9796672133850356
2026-06-01,2026-06-01 11:34:37,V008,130.0,0.9862427439964759
2026-06-01,2026-06-01 11:34:38,V008,130.0,0.990394468523523
2026-06-01,2026-06-01 11:34:39,V008,130.0,0.9958605560016811
2026-06-01,2026-06-01 11:34:40,V008,130.0,0.9867554927752002
2026-06-01,2026-06-01 11:34:41,V008,131.0,0.9903312794239022
2026-06-01,2026-06-01 11:34:42,V008,131.0,0.9818703536233657
2026-06-01,2026-06-01 11:34:43,V008,132.0,0.9859411909390531
2026-06-01,2026-06-01 11:34:44,V008,133.0,1.0152293094928886
2026-06-01,2026-06-01 11:34:45,V008,133.0,0.9746518423862982
2026-06-01,2026-06-01 11:34:46,V008,133.0,0.9891478446525256
2026-06-01,2026-06-01 11:34:47,V008,134.0,0.9902903823847538
2026-06-01,2026-06-01 11:34:48,V008,134.0,0.9836202021924563
2026-06-01,2026-06-01 11:34:49,V008,135.0,0.9933750492988002
2026-06-01,2026-06-01 11:34:50,V008,135.0,0.985195263158881
2026-06-01,2026-06-01 11:34:51,V008,136.0,0.9881304527145285
2026-06-01,2026-06-01 11:34:52,V008,136.0,0.9878374079366055
2026-06-01,2026-06-01 11:34:53,V008,137.0,0.9880999400117049
2026-06-01,2026-06-01 11:34:54,V008,138.0,0.9884370336972841
2026-06-01,2026-06-01 11:34:55,V008,139.0,0.993108109033682
2026-06-01,2026-06-01 11:34:56,V008,139.0,0.9972618323149807
2026-06-01,2026-06-01 11:34:57,V008,139.0,0.9899311740814747
2026-06-01,2026-06-01 11:34:58,V008,139.0,0.986940970556822
2026-06-01,2026-06-01 11:34:59,V008,139.0,0.985710547325352
2026-06-01,2026-06-01 11:35:00,V008,138.0,0.9851473390767638
2026-06-01,2026-06-01 11:35:01,V008,138.0,0.9877894703333547
2026-06-01,2026-06-01 11:35:02,V008,137.0,0.9854393298048264
2026-06-01,2026-06-01 11:35:03,V008,137.0,0.9881983591100715
2026-06-01,2026-06-01 11:35:04,V008,137.0,0.98729125716354
2026-06-01,2026-06-01 11:35:05,V008,136.0,0.9855538639491347
2026-06-01,2026-06-01 11:35:06,V008,136.0,0.9878662143814413
2026-06-01,2026-06-01 11:35:07,V008,136.0,0.9840547588795844
2026-06-01,2026-06-01 11:35:08,V008,136.0,0.9889968182806702
2026-06-01,2026-06-01 11:35:09,V008,135.0,0.9862767984127526
2026-06-01,2026-06-01 11:35:10,V008,135.0,0.9873473840739
2026-06-01,2026-06-01 11:35:11,V008,134.0,0.9891875522733394
2026-06-01,2026-06-01 11:35:12,V008,134.0,0.9892764920924128
2026-06-01,2026-06-01 11:35:13,V008,133.0,1.0731754344393138
2026-06-01,2026-06-01 11:35:14,V008,133.0,1.1495647605626742
2026-06-01,2026-06-01 11:35:15,V008,133.0,0.9798057548461047
2026-06-01,2026-06-01 11:35:16,V008,133.0,0.9999790956682509
2026-06-01,2026-06-01 11:35:17,V008,133.0,0.9887753782819766
2026-06-01,2026-06-01 11:35:18,V008,133.0,1.014113040862623
2026-06-01,2026-06-01 11:35:19,V008,133.0,1.1957167597910998
2026-06-01,2026-06-01 11:35:20,V008,134.0,0.9990579275667631
2026-06-01,2026-06-01 11:35:21,V008,134.0,0.9848994555536317
2026-06-01,2026-06-01 11:35:22,V008,134.0,1.1823297576249658
2026-06-01,2026-06-01 11:35:23,V008,134.0,1.0422088209751714
2026-06-01,2026-06-01 11:35:24,V008,135.0,0.9924496576121657
2026-06-01,2026-06-01 11:35:25,V008,135.0,1.0029024355940848
2026-06-01,2026-06-01 11:35:26,V008,135.0,0.989322643393243
2026-06-01,2026-06-01 11:35:27,V008,135.0,0.9887686889538718
2026-06-01,2026-06-01 11:35:28,V008,135.0,0.9860079638362612
2026-06-01,2026-06-01 11:35:29,V008,134.0,0.9862112841274727
2026-06-01,2026-06-01 11:35:30,V008,134.0,0.9842148333586248
2026-06-01,2026-06-01 11:35:31,V008,133.0,0.9928561734466433
2026-06-01,2026-06-01 11:35:32,V008,133.0,0.9868636513194053
2026-06-01,2026-06-01 11:35:33,V008,133.0,0.9886468490296859
2026-06-01,2026-06-01 11:35:34,V008,132.0,0.9866649712922135
2026-06-01,2026-06-01 11:35:35,V008,132.0,0.9871657361178225
2026-06-01,2026-06-01 11:35:36,V008,132.0,0.9818360599710928
2026-06-01,2026-06-01 11:35:37,V008,133.0,1.00735589315528
2026-06-01,2026-06-01 11:35:38,V008,133.0,1.0251642561125553
2026-06-01,2026-06-01 11:35:39,V008,133.0,0.9927174094670437
2026-06-01,2026-06-01 11:35:40,V008,133.0,1.0210932940003623
2026-06-01,2026-06-01 11:35:41,V008,133.0,1.0184665211580624
2026-06-01,2026-06-01 11:35:42,V008,133.0,1.1145205925070052
2026-06-01,2026-06-01 11:35:43,V008,133.0,1.1845560863912095
2026-06-01,2026-06-01 11:35:44,V008,133.0,0.992861734654393
2026-06-01,2026-06-01 11:35:45,V008,133.0,0.9874465063456918
2026-06-01,2026-06-01 11:35:46,V008,133.0,0.9886221422065639
2026-06-01,2026-06-01 11:35:47,V008,133.0,0.9890078351475429
2026-06-01,2026-06-01 11:35:48,V008,133.0,0.9914297811241165
2026-06-01,2026-06-01 11:35:49,V008,133.0,0.9967185252580638
2026-06-01,2026-06-01 11:35:50,V008,133.0,1.021100903732556
2026-06-01,2026-06-01 11:35:51,V008,134.0,1.0078483849183713
2026-06-01,2026-06-01 11:35:52,V008,135.0,0.9856571138808821
2026-06-01,2026-06-01 11:35:53,V008,135.0,1.000466620060445
2026-06-01,2026-06-01 11:35:54,V008,136.0,0.988169974901195
2026-06-01,2026-06-01 11:35:55,V008,137.0,0.9975853627006026
2026-06-01,2026-06-01 11:35:56,V008,138.0,0.9973086877683591
2026-06-01,2026-06-01 11:35:57,V008,138.0,0.9930123079379066
2026-06-01,2026-06-01 11:35:58,V008,138.0,0.9834995493444083
2026-06-01,2026-06-01 11:35:59,V008,137.0,0.9966850263977767
2026-06-01,2026-06-01 11:36:00,V008,137.0,0.9854108158022155
2026-06-01,2026-06-01 11:36:01,V008,136.0,0.9908201731270252
2026-06-01,2026-06-01 11:36:02,V008,136.0,0.9898348338249519
2026-06-01,2026-06-01 11:36:03,V008,136.0,0.99514032524486
2026-06-01,2026-06-01 11:36:04,V008,135.0,1.0049821809354607
2026-06-01,2026-06-01 11:36:05,V008,135.0,0.9961690260030722
2026-06-01,2026-06-01 11:36:06,V008,135.0,0.990716414922919
2026-06-01,2026-06-01 11:36:07,V008,135.0,1.0038890911464178
2026-06-01,2026-06-01 11:36:08,V008,134.0,0.9912561387058523
2026-06-01,2026-06-01 11:36:09,V008,134.0,1.0145643676428309
2026-06-01,2026-06-01 11:36:10,V008,134.0,1.23103354651035
2026-06-01,2026-06-01 11:36:11,V008,133.0,1.0219515005135569
2026-06-01,2026-06-01 11:36:12,V008,133.0,1.0623402431964595
2026-06-01,2026-06-01 11:36:13,V008,133.0,1.2056176338989402
2026-06-01,2026-06-01 11:36:14,V008,132.0,1.0142004127132447
2026-06-01,2026-06-01 11:36:15,V008,132.0,1.0705865163004686
2026-06-01,2026-06-01 11:36:16,V008,132.0,1.013730408118403
2026-06-01,2026-06-01 11:36:17,V008,132.0,1.1122896587217006
2026-06-01,2026-06-01 11:36:18,V008,131.0,1.0917485025368574
2026-06-01,2026-06-01 11:36:19,V008,131.0,1.080629423946272
2026-06-01,2026-06-01 11:36:20,V008,131.0,1.007293371186195
2026-06-01,2026-06-01 11:36:21,V008,131.0,1.004006659074144
2026-06-01,2026-06-01 11:36:22,V008,131.0,1.0005881542639325
2026-06-01,2026-06-01 11:36:23,V008,130.0,1.0079596637415915
2026-06-01,2026-06-01 11:36:24,V008,130.0,1.0153478091866897
2026-06-01,2026-06-01 11:36:25,V008,129.0,1.0572232333483713
2026-06-01,2026-06-01 11:36:26,V008,128.0,0.9948662979945712
2026-06-01,2026-06-01 11:36:27,V008,127.0,1.007334178722679
2026-06-01,2026-06-01 11:36:28,V008,126.0,1.0448030402513993
2026-06-01,2026-06-01 11:36:29,V008,126.0,0.9966922187550581
2026-06-01,2026-06-01 11:36:30,V008,125.0,0.9895998779054178
2026-06-01,2026-06-01 11:36:31,V008,125.0,0.9913896466397599
2026-06-01,2026-06-01 11:36:32,V008,125.0,1.0375384900574913
2026-06-01,2026-06-01 11:36:33,V008,125.0,1.020541327481699
2026-06-01,2026-06-01 11:36:34,V008,126.0,1.062530097896672
2026-06-01,2026-06-01 11:36:35,V008,126.0,1.0089516766641786
2026-06-01,2026-06-01 11:36:36,V008,126.0,0.9855188261014315
2026-06-01,2026-06-01 11:36:37,V008,127.0,0.9967666153025333
2026-06-01,2026-06-01 11:36:38,V008,127.0,1.004075173148968
2026-06-01,2026-06-01 11:36:39,V008,128.0,0.9900398178546246
2026-06-01,2026-06-01 11:36:40,V008,129.0,0.9854556651095241
2026-06-01,2026-06-01 11:36:41,V008,130.0,0.9891337249126855
2026-06-01,2026-06-01 11:36:42,V008,130.0,1.02963885273117
2026-06-01,2026-06-01 11:36:43,V008,131.0,0.9818591699053367
2026-06-01,2026-06-01 11:36:44,V008,131.0,1.0183007473999484
2026-06-01,2026-06-01 11:36:45,V008,132.0,0.998391639954317
2026-06-01,2026-06-01 11:36:46,V008,132.0,1.0179675504003312
2026-06-01,2026-06-01 11:36:47,V008,132.0,0.9893573754889762
2026-06-01,2026-06-01 11:36:48,V008,132.0,1.0064644823407947
2026-06-01,2026-06-01 11:36:49,V008,132.0,1.017816247563312
2026-06-01,2026-06-01 11:36:50,V008,131.0,0.9988341857648575
2026-06-01,2026-06-01 11:36:51,V008,131.0,0.9985229458851994
2026-06-01,2026-06-01 11:36:52,V008,131.0,0.9875569537063085
2026-06-01,2026-06-01 11:36:53,V008,131.0,1.0441431616313404
2026-06-01,2026-06-01 11:36:54,V008,131.0,0.9834169813140905
2026-06-01,2026-06-01 11:36:55,V008,131.0,1.0128072631469864
2026-06-01,2026-06-01 11:36:56,V008,131.0,0.9960675471893002
2026-06-01,2026-06-01 11:36:57,V008,131.0,1.0156699155436004
2026-06-01,2026-06-01 11:36:58,V008,131.0,1.0168663642272797
2026-06-01,2026-06-01 11:36:59,V008,132.0,0.9845922399210404
2026-06-01,2026-06-01 11:37:00,V008,132.0,0.9855608566722868
2026-06-01,2026-06-01 11:37:01,V008,132.0,0.9926874766066698
2026-06-01,2026-06-01 11:37:02,V008,132.0,0.9872610784936636
2026-06-01,2026-06-01 11:37:03,V008,132.0,0.9855871034194124
2026-06-01,2026-06-01 11:37:04,V008,133.0,0.9889019400784448
2026-06-01,2026-06-01 11:37:05,V008,132.0,1.0201330749594062
2026-06-01,2026-06-01 11:37:06,V008,132.0,0.9962018004414585
2026-06-01,2026-06-01 11:37:07,V008,132.0,1.0057310082132618
2026-06-01,2026-06-01 11:37:08,V008,132.0,0.9919853546067959
2026-06-01,2026-06-01 11:37:09,V008,131.0,0.9971347113142679
2026-06-01,2026-06-01 11:37:10,V008,131.0,0.9836750274610051
2026-06-01,2026-06-01 11:37:11,V008,130.0,0.988679540462026
2026-06-01,2026-06-01 11:37:12,V008,130.0,0.9871195416240381
2026-06-01,2026-06-01 11:37:13,V008,130.0,0.9872235346900057
2026-06-01,2026-06-01 11:37:14,V008,130.0,0.9899896435314743
2026-06-01,2026-06-01 11:37:15,V008,129.0,0.9739297319044259
2026-06-01,2026-06-01 11:37:16,V008,129.0,1.0134265319757316
2026-06-01,2026-06-01 11:37:17,V008,128.0,0.9834168456605202
2026-06-01,2026-06-01 11:37:18,V008,128.0,1.0498495000855146
2026-06-01,2026-06-01 11:37:19,V008,128.0,1.0031249774084132
2026-06-01,2026-06-01 11:37:20,V008,127.0,0.9983935920360816
2026-06-01,2026-06-01 11:37:21,V008,127.0,1.0030793566449507
2026-06-01,2026-06-01 11:37:22,V008,127.0,0.9920191246341736
2026-06-01,2026-06-01 11:37:23,V008,127.0,0.9873869069490168
2026-06-01,2026-06-01 11:37:24,V008,127.0,1.0004477750154586
2026-06-01,2026-06-01 11:37:25,V008,127.0,1.0521695944501235
2026-06-01,2026-06-01 11:37:26,V008,127.0,0.982663274670372
2026-06-01,2026-06-01 11:37:27,V008,127.0,0.985641398413363
2026-06-01,2026-06-01 11:37:28,V008,126.0,0.9929308352181376
2026-06-01,2026-06-01 11:37:29,V008,126.0,0.9859010312862054
2026-06-01,2026-06-01 11:37:30,V008,125.0,1.0248028941680698
2026-06-01,2026-06-01 11:37:31,V008,125.0,1.0317982968393753
2026-06-01,2026-06-01 11:37:32,V008,125.0,0.9971857783926353
2026-06-01,2026-06-01 11:37:33,V008,125.0,0.9962651165638823
2026-06-01,2026-06-01 11:37:34,V008,125.0,0.9944140442974339
2026-06-01,2026-06-01 11:37:35,V008,126.0,0.9827244735197804
2026-06-01,2026-06-01 11:37:36,V008,126.0,0.9933241662438268
2026-06-01,2026-06-01 11:37:37,V008,127.0,1.0131394019254147
2026-06-01,2026-06-01 11:37:38,V008,127.0,1.0720225081616903
2026-06-01,2026-06-01 11:37:39,V008,126.0,0.9815801986738937
2026-06-01,2026-06-01 11:37:40,V008,125.0,0.9946149168538958
2026-06-01,2026-06-01 11:37:41,V008,124.0,1.0107764215004267
2026-06-01,2026-06-01 11:37:42,V008,123.0,1.049650260437021
2026-06-01,2026-06-01 11:37:43,V008,123.0,0.9918595278544684
2026-06-01,2026-06-01 11:37:44,V008,122.0,1.0055398853763349
2026-06-01,2026-06-01 11:37:45,V008,122.0,1.0139029831521007
2026-06-01,2026-06-01 11:37:46,V008,122.0,1.0127311244380628
2026-06-01,2026-06-01 11:37:47,V008,122.0,1.0039313731139599
2026-06-01,2026-06-01 11:37:48,V008,123.0,0.9864794724279523
2026-06-01,2026-06-01 11:37:49,V008,123.0,0.9924346074462661
2026-06-01,2026-06-01 11:37:50,V008,123.0,0.9854162577225937
2026-06-01,2026-06-01 11:37:51,V008,124.0,0.9867540407966943
2026-06-01,2026-06-01 11:37:52,V008,125.0,0.99146658511339
2026-06-01,2026-06-01 11:37:53,V008,126.0,0.9943298247569032
2026-06-01,2026-06-01 11:37:54,V008,127.0,0.9831177316858183
2026-06-01,2026-06-01 11:37:55,V008,127.0,1.0414047294826347
2026-06-01,2026-06-01 11:37:56,V008,128.0,0.9715301358192563
2026-06-01,2026-06-01 11:37:57,V008,129.0,0.9954951863048506
2026-06-01,2026-06-01 11:37:58,V008,129.0,0.990114689617755
2026-06-01,2026-06-01 11:37:59,V008,129.0,1.0679844934653635
2026-06-01,2026-06-01 11:38:00,V008,129.0,0.9999012686311858
2026-06-01,2026-06-01 11:38:01,V008,129.0,1.002320790085279
2026-06-01,2026-06-01 11:38:02,V008,129.0,0.9908591708046386
2026-06-01,2026-06-01 11:38:03,V008,129.0,1.0135482764439336
2026-06-01,2026-06-01 11:38:04,V008,129.0,1.0090742318814085
2026-06-01,2026-06-01 11:38:05,V008,129.0,0.9876756988671834
2026-06-01,2026-06-01 11:38:06,V008,128.0,1.0021337383316316
2026-06-01,2026-06-01 11:38:07,V008,129.0,0.998786552844093
2026-06-01,2026-06-01 11:38:08,V008,129.0,0.9931016327593505
2026-06-01,2026-06-01 11:38:09,V008,129.0,0.9837324081428064
2026-06-01,2026-06-01 11:38:10,V008,129.0,1.0166394693860206
2026-06-01,2026-06-01 11:38:11,V008,128.0,1.0100061667098708
2026-06-01,2026-06-01 11:38:12,V008,128.0,1.0081039252375832
2026-06-01,2026-06-01 11:38:13,V008,129.0,0.9965360484950884
2026-06-01,2026-06-01 11:38:14,V008,129.0,0.9796354749379537
2026-06-01,2026-06-01 11:38:15,V008,130.0,1.0088503494446648
2026-06-01,2026-06-01 11:38:16,V008,130.0,0.9884403497584231
2026-06-01,2026-06-01 11:38:17,V008,131.0,1.0072935939427945
2026-06-01,2026-06-01 11:38:18,V008,131.0,0.9999520557060554
2026-06-01,2026-06-01 11:38:19,V008,132.0,0.9777326495009683
2026-06-01,2026-06-01 11:38:20,V008,133.0,0.9877407896066334
2026-06-01,2026-06-01 11:38:21,V008,132.0,0.9809508681949249
2026-06-01,2026-06-01 11:38:22,V008,132.0,0.983526695347074
2026-06-01,2026-06-01 11:38:23,V008,132.0,0.9881122561820268
2026-06-01,2026-06-01 11:38:24,V008,132.0,1.0245534684038022
2026-06-01,2026-06-01 11:38:25,V008,132.0,1.0231809051321683
2026-06-01,2026-06-01 11:38:26,V008,132.0,1.0088067035554362
2026-06-01,2026-06-01 11:38:27,V008,132.0,1.0039137265420264
2026-06-01,2026-06-01 11:38:28,V008,132.0,0.9980892541360923
2026-06-01,2026-06-01 11:38:29,V008,132.0,1.002996107919138
2026-06-01,2026-06-01 11:38:30,V008,132.0,0.9635069846209418
2026-06-01,2026-06-01 11:38:31,V008,132.0,1.008630650947206
2026-06-01,2026-06-01 11:38:32,V008,132.0,1.0057812028446755
2026-06-01,2026-06-01 11:38:33,V008,131.0,1.0063934318596321
2026-06-01,2026-06-01 11:38:34,V008,131.0,0.9945273474860641
2026-06-01,2026-06-01 11:38:35,V008,131.0,0.98227046706137
2026-06-01,2026-06-01 11:38:36,V008,131.0,0.9883186275828425
2026-06-01,2026-06-01 11:38:37,V008,131.0,0.9843193198267955
2026-06-01,2026-06-01 11:38:38,V008,131.0,0.9882638091996001
2026-06-01,2026-06-01 11:38:39,V008,131.0,0.9827301176273469
2026-06-01,2026-06-01 11:38:40,V008,131.0,0.9865257037473237
2026-06-01,2026-06-01 11:38:41,V008,131.0,0.9845391234107724
2026-06-01,2026-06-01 11:38:42,V008,131.0,0.9835677321745532
2026-06-01,2026-06-01 11:38:43,V008,131.0,0.9835970745416284
2026-06-01,2026-06-01 11:38:44,V008,132.0,0.9847687487833252
2026-06-01,2026-06-01 11:38:45,V008,132.0,0.9851262186795504
2026-06-01,2026-06-01 11:38:46,V008,133.0,0.9862173317266522
2026-06-01,2026-06-01 11:38:47,V008,133.0,0.9826680567879479
2026-06-01,2026-06-01 11:38:48,V008,133.0,0.9855090157455996
2026-06-01,2026-06-01 11:38:49,V008,133.0,0.9850693321028879
2026-06-01,2026-06-01 11:38:50,V008,133.0,0.9863641902259643
2026-06-01,2026-06-01 11:38:51,V008,133.0,0.9841353092341497
2026-06-01,2026-06-01 11:38:52,V008,132.0,0.9842756331409376
2026-06-01,2026-06-01 11:38:53,V008,131.0,0.9845307546685216
2026-06-01,2026-06-01 11:38:54,V008,131.0,0.9842828330486811
2026-06-01,2026-06-01 11:38:55,V008,130.0,0.98498583383921
2026-06-01,2026-06-01 11:38:56,V008,129.0,0.9851767045106358
2026-06-01,2026-06-01 11:38:57,V008,129.0,0.9848839467321232
2026-06-01,2026-06-01 11:38:58,V008,128.0,0.9829763944086641
2026-06-01,2026-06-01 11:38:59,V008,127.0,0.9852962335359678
2026-06-01,2026-06-01 11:39:00,V008,127.0,0.9874626071900126
2026-06-01,2026-06-01 11:39:01,V008,127.0,0.9828684788945583
2026-06-01,2026-06-01 11:39:02,V008,126.0,0.9875361795046085
2026-06-01,2026-06-01 11:39:03,V008,126.0,0.9842788323146887
2026-06-01,2026-06-01 11:39:04,V008,126.0,0.9891273151575308
2026-06-01,2026-06-01 11:39:05,V008,126.0,0.9826716830728965
2026-06-01,2026-06-01 11:39:06,V008,126.0,0.9959747209784406
2026-06-01,2026-06-01 11:39:07,V008,127.0,0.9895400235038194
2026-06-01,2026-06-01 11:39:08,V008,127.0,0.9932633838633037
2026-06-01,2026-06-01 11:39:09,V008,127.0,0.9965046031483715
2026-06-01,2026-06-01 11:39:10,V008,128.0,0.9972300484557942
2026-06-01,2026-06-01 11:39:11,V008,128.0,0.9917665698705348
2026-06-01,2026-06-01 11:39:12,V008,128.0,0.9798431851815504
2026-06-01,2026-06-01 11:39:13,V008,128.0,1.0048172126476482
2026-06-01,2026-06-01 11:39:14,V008,128.0,0.9859843120139844
2026-06-01,2026-06-01 11:39:15,V008,129.0,1.0107947804204211
2026-06-01,2026-06-01 11:39:16,V008,129.0,0.9881560622928911
2026-06-01,2026-06-01 11:39:17,V008,128.0,1.0040562395896715
2026-06-01,2026-06-01 11:39:18,V008,128.0,0.9945043458185933
2026-06-01,2026-06-01 11:39:19,V008,129.0,1.0352952884935465
2026-06-01,2026-06-01 11:39:20,V008,129.0,0.9979008107653399
2026-06-01,2026-06-01 11:39:21,V008,129.0,1.0061316959044309
2026-06-01,2026-06-01 11:39:22,V008,130.0,1.0145279935506113
2026-06-01,2026-06-01 11:39:23,V008,130.0,0.9945339422748227
2026-06-01,2026-06-01 11:39:24,V008,130.0,0.989532068842361
2026-06-01,2026-06-01 11:39:25,V008,130.0,0.9927726076989019
2026-06-01,2026-06-01 11:39:26,V008,130.0,0.9901427365349433
2026-06-01,2026-06-01 11:39:27,V008,130.0,1.0038839811928282
2026-06-01,2026-06-01 11:39:28,V008,131.0,1.0035814127114355
2026-06-01,2026-06-01 11:39:29,V008,131.0,1.009716481106371
2026-06-01,2026-06-01 11:39:30,V008,131.0,0.9945266430902612
2026-06-01,2026-06-01 11:39:31,V008,131.0,0.9771893883208791
2026-06-01,2026-06-01 11:39:32,V008,131.0,1.1035839972926398
2026-06-01,2026-06-01 11:39:33,V008,132.0,0.9530384240646678
2026-06-01,2026-06-01 11:39:34,V008,132.0,0.9881325898561419
2026-06-01,2026-06-01 11:39:35,V008,132.0,1.0085546341517249
2026-06-01,2026-06-01 11:39:36,V008,132.0,1.003039325652272
2026-06-01,2026-06-01 11:39:37,V008,132.0,0.9893773421881533
2026-06-01,2026-06-01 11:39:38,V008,132.0,1.00572460320144
2026-06-01,2026-06-01 11:39:39,V008,132.0,1.01652711408361
2026-06-01,2026-06-01 11:39:40,V008,131.0,1.017569098008339
2026-06-01,2026-06-01 11:39:41,V008,131.0,0.9989098400701333
2026-06-01,2026-06-01 11:39:42,V008,131.0,0.9969361000717681
2026-06-01,2026-06-01 11:39:43,V008,130.0,0.9745974885160241
2026-06-01,2026-06-01 11:39:44,V008,130.0,0.9994296409989829
2026-06-01,2026-06-01 11:39:45,V008,130.0,0.984920754259431
2026-06-01,2026-06-01 11:39:46,V008,130.0,0.9843677156552774
2026-06-01,2026-06-01 11:39:47,V008,129.0,0.9855513746822624
2026-06-01,2026-06-01 11:39:48,V008,129.0,0.9912135749558683
2026-06-01,2026-06-01 11:39:49,V008,129.0,0.9963436603383499
2026-06-01,2026-06-01 11:39:50,V008,129.0,1.021387190259635
2026-06-01,2026-06-01 11:39:51,V008,130.0,1.0046898156053226
2026-06-01,2026-06-01 11:39:52,V008,130.0,1.0189605439133569
2026-06-01,2026-06-01 11:39:53,V008,131.0,0.9889960094605071
2026-06-01,2026-06-01 11:39:54,V008,132.0,1.0138637223931004
2026-06-01,2026-06-01 11:39:55,V008,133.0,0.9989143755458035
2026-06-01,2026-06-01 11:39:56,V008,133.0,0.9889364401371187
2026-06-01,2026-06-01 11:39:57,V008,134.0,1.0234941754309919
2026-06-01,2026-06-01 11:39:58,V008,134.0,1.0296124909844084
2026-06-01,2026-06-01 11:39:59,V008,134.0,0.9899426896540908
2026-06-01,2026-06-01 11:40:00,V008,133.0,0.9859973571391003
2026-06-01,2026-06-01 11:40:01,V008,133.0,1.0463674919952195
2026-06-01,2026-06-01 11:40:02,V008,133.0,1.0053051511866278
2026-06-01,2026-06-01 11:40:03,V008,132.0,1.0062051517603348
2026-06-01,2026-06-01 11:40:04,V008,132.0,1.0271087851755596
2026-06-01,2026-06-01 11:40:05,V008,131.0,1.0030392018193324
2026-06-01,2026-06-01 11:40:06,V008,131.0,0.9714580644672508
2026-06-01,2026-06-01 11:40:07,V008,132.0,1.0032356343696582
2026-06-01,2026-06-01 11:40:08,V008,132.0,1.015964827734895
2026-06-01,2026-06-01 11:40:09,V008,133.0,0.9765543739228414
2026-06-01,2026-06-01 11:40:10,V008,133.0,0.9860336019115138
2026-06-01,2026-06-01 11:40:11,V008,134.0,1.0017550608936652
2026-06-01,2026-06-01 11:40:12,V008,135.0,1.0019357458664135
2026-06-01,2026-06-01 11:40:13,V008,135.0,1.0006062003991025
2026-06-01,2026-06-01 11:40:14,V008,135.0,0.985333499935645
2026-06-01,2026-06-01 11:40:15,V008,136.0,0.9890811495870612
2026-06-01,2026-06-01 11:40:16,V008,136.0,0.9836981153942066
2026-06-01,2026-06-01 11:40:17,V008,136.0,0.9844931654584244
2026-06-01,2026-06-01 11:40:18,V008,136.0,0.9902698983163796
2026-06-01,2026-06-01 11:40:19,V008,136.0,0.9867640584109614
2026-06-01,2026-06-01 11:40:20,V008,136.0,0.9853949864974699
2026-06-01,2026-06-01 11:40:21,V008,135.0,0.9904996898854848
2026-06-01,2026-06-01 11:40:22,V008,135.0,0.9876483667527403
2026-06-01,2026-06-01 11:40:23,V008,135.0,1.0021425786127336
2026-06-01,2026-06-01 11:40:24,V008,134.0,0.9834280419772531
2026-06-01,2026-06-01 11:40:25,V008,134.0,0.9874249773327336
2026-06-01,2026-06-01 11:40:26,V008,134.0,0.9846346263545209
2026-06-01,2026-06-01 11:40:27,V008,133.0,0.9952504691936611
2026-06-01,2026-06-01 11:40:28,V008,133.0,0.9978482220575979
2026-06-01,2026-06-01 11:40:29,V008,133.0,0.9952824061877869
2026-06-01,2026-06-01 11:40:30,V008,133.0,0.9986291118397077
2026-06-01,2026-06-01 11:40:31,V008,133.0,0.9987510914877905
2026-06-01,2026-06-01 11:40:32,V008,133.0,0.9938625116307812
2026-06-01,2026-06-01 11:40:33,V008,133.0,0.9984100732562559
2026-06-01,2026-06-01 11:40:34,V008,133.0,0.9892968817801975
2026-06-01,2026-06-01 11:40:35,V008,133.0,0.9869877945917285
2026-06-01,2026-06-01 11:40:36,V008,133.0,0.991991418890113
2026-06-01,2026-06-01 11:40:37,V008,133.0,1.0020311654250935
2026-06-01,2026-06-01 11:40:38,V008,133.0,1.02046995079175
2026-06-01,2026-06-01 11:40:39,V008,132.0,0.9789416455570028
2026-06-01,2026-06-01 11:40:40,V008,132.0,0.9924630130047736
2026-06-01,2026-06-01 11:40:41,V008,132.0,0.998491771988888
2026-06-01,2026-06-01 11:40:42,V008,131.0,0.9994636395217721
2026-06-01,2026-06-01 11:40:43,V008,130.0,0.9935000226360922
2026-06-01,2026-06-01 11:40:44,V008,130.0,0.9942187624875676
2026-06-01,2026-06-01 11:40:45,V008,129.0,1.012681799200108
2026-06-01,2026-06-01 11:40:46,V008,128.0,0.9881517815528715
2026-06-01,2026-06-01 11:40:47,V008,128.0,1.0081722501903518
2026-06-01,2026-06-01 11:40:48,V008,128.0,0.9965541649773513
2026-06-01,2026-06-01 11:40:49,V008,128.0,0.9810010352972
2026-06-01,2026-06-01 11:40:50,V008,128.0,0.999629164129005
2026-06-01,2026-06-01 11:40:51,V008,128.0,0.9885623789175904
2026-06-01,2026-06-01 11:40:52,V008,128.0,1.015900902708315
2026-06-01,2026-06-01 11:40:53,V008,129.0,0.9960175922880716
2026-06-01,2026-06-01 11:40:54,V008,129.0,1.030259183023578
2026-06-01,2026-06-01 11:40:55,V008,129.0,1.0277816849879295
2026-06-01,2026-06-01 11:40:56,V008,129.0,0.9983475527325008
2026-06-01,2026-06-01 11:40:57,V008,129.0,1.021327862254034
2026-06-01,2026-06-01 11:40:58,V008,129.0,1.0268580145302046
2026-06-01,2026-06-01 11:40:59,V008,129.0,1.0211661282002664
2026-06-01,2026-06-01 11:41:00,V008,129.0,1.0249088969166908
2026-06-01,2026-06-01 11:41:01,V008,129.0,0.9983376755996096
2026-06-01,2026-06-01 11:41:02,V008,130.0,1.0098108547105311
2026-06-01,2026-06-01 11:41:03,V008,129.0,0.9444527187610429
2026-06-01,2026-06-01 11:41:04,V008,129.0,1.212691373367391
2026-06-01,2026-06-01 11:41:05,V008,129.0,0.9281688378294782
2026-06-01,2026-06-01 11:41:06,V008,129.0,1.033040924296883
2026-06-01,2026-06-01 11:41:07,V008,129.0,0.9999577162738447
2026-06-01,2026-06-01 11:41:08,V008,129.0,1.002063430005445
2026-06-01,2026-06-01 11:41:09,V008,129.0,1.0140881624037374
2026-06-01,2026-06-01 11:41:10,V008,128.0,1.0189984813692303
2026-06-01,2026-06-01 11:41:11,V008,127.0,1.0101397283320828
2026-06-01,2026-06-01 11:41:12,V008,126.0,1.0189947985397796
2026-06-01,2026-06-01 11:41:13,V008,125.0,1.0086214313792885
2026-06-01,2026-06-01 11:41:14,V008,124.0,0.9930175436984271
2026-06-01,2026-06-01 11:41:15,V008,125.0,1.0119282037220754
2026-06-01,2026-06-01 11:41:16,V008,125.0,1.0026349592284454
2026-06-01,2026-06-01 11:41:17,V008,125.0,1.0002581469507446
2026-06-01,2026-06-01 11:41:18,V008,126.0,1.0055131004693636
2026-06-01,2026-06-01 11:41:19,V008,126.0,0.9699961203141715
2026-06-01,2026-06-01 11:41:20,V008,127.0,1.0092470011822408
2026-06-01,2026-06-01 11:41:21,V008,127.0,1.0024026715357632
2026-06-01,2026-06-01 11:41:22,V008,127.0,0.9844130490928449
2026-06-01,2026-06-01 11:41:23,V008,128.0,0.9824738748845689
2026-06-01,2026-06-01 11:41:24,V008,128.0,0.9901809728666001
2026-06-01,2026-06-01 11:41:25,V008,129.0,1.0043266103044306
2026-06-01,2026-06-01 11:41:26,V008,129.0,0.9817729186420229
2026-06-01,2026-06-01 11:41:27,V008,130.0,0.9904151031845462
2026-06-01,2026-06-01 11:41:28,V008,131.0,1.0222670167011938
2026-06-01,2026-06-01 11:41:29,V008,131.0,0.9976473744189207
2026-06-01,2026-06-01 11:41:30,V008,131.0,0.9809762549787033
2026-06-01,2026-06-01 11:41:31,V008,132.0,1.012090898276462
2026-06-01,2026-06-01 11:41:32,V008,132.0,0.9856212620798059
2026-06-01,2026-06-01 11:41:33,V008,132.0,0.9896533800426149
2026-06-01,2026-06-01 11:41:34,V008,132.0,0.9890930866539057
2026-06-01,2026-06-01 11:41:35,V008,133.0,0.9908113030516164
2026-06-01,2026-06-01 11:41:36,V008,133.0,0.9874195374351903
2026-06-01,2026-06-01 11:41:37,V008,134.0,0.9822912047146399
2026-06-01,2026-06-01 11:41:38,V008,134.0,0.9967460306899849
2026-06-01,2026-06-01 11:41:39,V008,134.0,0.9795333636541157
2026-06-01,2026-06-01 11:41:40,V008,134.0,0.9991242801178536
2026-06-01,2026-06-01 11:41:41,V008,134.0,0.9869783350935094
2026-06-01,2026-06-01 11:41:42,V008,134.0,0.9803889380104597
2026-06-01,2026-06-01 11:41:43,V008,133.0,0.9904622859203102
2026-06-01,2026-06-01 11:41:44,V008,133.0,0.9773967128689236
2026-06-01,2026-06-01 11:41:45,V008,133.0,0.9885383649775623
2026-06-01,2026-06-01 11:41:46,V008,132.0,0.983174762230197
2026-06-01,2026-06-01 11:41:47,V008,132.0,0.9892321665236147
2026-06-01,2026-06-01 11:41:48,V008,131.0,0.9900764670050939
2026-06-01,2026-06-01 11:41:49,V008,131.0,0.9908329432226075
2026-06-01,2026-06-01 11:41:50,V008,131.0,0.9917289188814944
2026-06-01,2026-06-01 11:41:51,V008,131.0,0.9814132571867769
2026-06-01,2026-06-01 11:41:52,V008,131.0,0.9877450391598379
2026-06-01,2026-06-01 11:41:53,V008,130.0,0.9833726211720777
2026-06-01,2026-06-01 11:41:54,V008,130.0,0.9948739872978594
2026-06-01,2026-06-01 11:41:55,V008,130.0,0.984637486448573
2026-06-01,2026-06-01 11:41:56,V008,130.0,0.987442574738256
2026-06-01,2026-06-01 11:41:57,V008,130.0,0.987466469619849
2026-06-01,2026-06-01 11:41:58,V008,129.0,0.9926249219268651
2026-06-01,2026-06-01 11:41:59,V008,129.0,1.0023188186419676
2026-06-01,2026-06-01 11:42:00,V008,129.0,0.9937284984777078
2026-06-01,2026-06-01 11:42:01,V008,128.0,0.9982606002837866
2026-06-01,2026-06-01 11:42:02,V008,128.0,0.9879304172963872
2026-06-01,2026-06-01 11:42:03,V008,128.0,0.9817738335977474
2026-06-01,2026-06-01 11:42:04,V008,128.0,0.9848918679693185
2026-06-01,2026-06-01 11:42:05,V008,127.0,0.9895987743784476
2026-06-01,2026-06-01 11:42:06,V008,127.0,0.9915037534887844
2026-06-01,2026-06-01 11:42:07,V008,127.0,0.9836220507913169
2026-06-01,2026-06-01 11:42:08,V008,127.0,0.9863465833780299
2026-06-01,2026-06-01 11:42:09,V008,127.0,0.9838210340697336
2026-06-01,2026-06-01 11:42:10,V008,127.0,0.9874900681567486
2026-06-01,2026-06-01 11:42:11,V008,127.0,0.9928267998750131
2026-06-01,2026-06-01 11:42:12,V008,126.0,0.9933266071765541
2026-06-01,2026-06-01 11:42:13,V008,126.0,0.9963964257054135
2026-06-01,2026-06-01 11:42:14,V008,125.0,0.9994360834522199
2026-06-01,2026-06-01 11:42:15,V008,125.0,1.0126230613488811
2026-06-01,2026-06-01 11:42:16,V008,125.0,0.9675126105293018
2026-06-01,2026-06-01 11:42:17,V008,124.0,1.0045678086734053
2026-06-01,2026-06-01 11:42:18,V008,124.0,0.9831391045613609
2026-06-01,2026-06-01 11:42:19,V008,124.0,0.9861996555666351
2026-06-01,2026-06-01 11:42:20,V008,124.0,0.9951115873622332
2026-06-01,2026-06-01 11:42:21,V008,124.0,0.9802376351039125
2026-06-01,2026-06-01 11:42:22,V008,123.0,1.0094383547200003
2026-06-01,2026-06-01 11:42:23,V008,124.0,0.9804567790324369
2026-06-01,2026-06-01 11:42:24,V008,124.0,0.9839264251232497
2026-06-01,2026-06-01 11:42:25,V008,124.0,0.9852803364816463
2026-06-01,2026-06-01 11:42:26,V008,124.0,0.9899036459543846
2026-06-01,2026-06-01 11:42:27,V008,124.0,0.9841647989784988
2026-06-01,2026-06-01 11:42:28,V008,123.0,0.9841942382935293
2026-06-01,2026-06-01 11:42:29,V008,123.0,0.9858364576985614
2026-06-01,2026-06-01 11:42:30,V008,123.0,0.9906763663228342
2026-06-01,2026-06-01 11:42:31,V008,123.0,0.9860989765020614
2026-06-01,2026-06-01 11:42:32,V008,123.0,0.9819072893761971
2026-06-01,2026-06-01 11:42:33,V008,123.0,0.9994439201183216
2026-06-01,2026-06-01 11:42:34,V008,123.0,0.9843752146781163
2026-06-01,2026-06-01 11:42:35,V008,124.0,0.9922439063506677
2026-06-01,2026-06-01 11:42:36,V008,124.0,0.9936004771485166
2026-06-01,2026-06-01 11:42:37,V008,124.0,0.9826651849397596
2026-06-01,2026-06-01 11:42:38,V008,125.0,0.9872183062302898
2026-06-01,2026-06-01 11:42:39,V008,125.0,0.9899829322788583
2026-06-01,2026-06-01 11:42:40,V008,125.0,0.981572216894062
2026-06-01,2026-06-01 11:42:41,V008,125.0,0.9879089491374762
2026-06-01,2026-06-01 11:42:42,V008,125.0,0.9849386086794658
2026-06-01,2026-06-01 11:42:43,V008,126.0,0.9903272999466846
2026-06-01,2026-06-01 11:42:44,V008,126.0,0.9840570850392412
2026-06-01,2026-06-01 11:42:45,V008,126.0,0.994960662661566
2026-06-01,2026-06-01 11:42:46,V008,126.0,0.9854998855094973
2026-06-01,2026-06-01 11:42:47,V008,126.0,0.9855746836633945
2026-06-01,2026-06-01 11:42:48,V008,126.0,1.1540306059335372
2026-06-01,2026-06-01 11:42:49,V008,126.0,1.0725619074522477
2026-06-01,2026-06-01 11:42:50,V008,126.0,1.1559492615457019
2026-06-01,2026-06-01 11:42:51,V008,127.0,1.2261002155963214
2026-06-01,2026-06-01 11:42:52,V008,127.0,1.7087087983781495
2026-06-01,2026-06-01 11:42:53,V008,128.0,1.0299763767279677
2026-06-01,2026-06-01 11:42:54,V008,128.0,1.103084640469414
2026-06-01,2026-06-01 11:42:55,V008,128.0,1.0159858991168824
2026-06-01,2026-06-01 11:42:56,V008,128.0,1.0729639241548874
2026-06-01,2026-06-01 11:42:57,V008,129.0,1.0000914176261781
2026-06-01,2026-06-01 11:42:58,V008,129.0,0.9852777027598898
2026-06-01,2026-06-01 11:42:59,V008,129.0,1.0136877593821136
2026-06-01,2026-06-01 11:43:00,V008,129.0,0.9993910035552688
2026-06-01,2026-06-01 11:43:01,V008,130.0,1.0171080136782935
2026-06-01,2026-06-01 11:43:02,V008,130.0,1.4611727996428998
2026-06-01,2026-06-01 11:43:03,V008,130.0,1.0637982973399078
2026-06-01,2026-06-01 11:43:04,V008,130.0,1.0504121994473246
2026-06-01,2026-06-01 11:43:05,V008,130.0,1.0202451060361613
2026-06-01,2026-06-01 11:43:06,V008,130.0,1.0038129032524146
2026-06-01,2026-06-01 11:43:07,V008,130.0,1.0129131283708694
2026-06-01,2026-06-01 11:43:08,V008,130.0,1.0380004294618426
2026-06-01,2026-06-01 11:43:09,V008,130.0,1.0255289990277199
2026-06-01,2026-06-01 11:43:10,V008,130.0,1.0744238100766847
2026-06-01,2026-06-01 11:43:11,V008,130.0,1.2060374052039875
2026-06-01,2026-06-01 11:43:12,V008,130.0,1.1841310909456393
2026-06-01,2026-06-01 11:43:13,V008,129.0,1.0219078184504635
2026-06-01,2026-06-01 11:43:14,V008,129.0,1.045767333480963
2026-06-01,2026-06-01 11:43:15,V008,128.0,1.0545831068086458
2026-06-01,2026-06-01 11:43:16,V008,128.0,1.0032409757693783
2026-06-01,2026-06-01 11:43:17,V008,128.0,1.019471649460626
2026-06-01,2026-06-01 11:43:18,V008,127.0,1.008147133167741
2026-06-01,2026-06-01 11:43:19,V008,127.0,1.0147554807438148
2026-06-01,2026-06-01 11:43:20,V008,127.0,0.9939875410648943
2026-06-01,2026-06-01 11:43:21,V008,127.0,1.0564237593130015
2026-06-01,2026-06-01 11:43:22,V008,127.0,1.0220343122908737
2026-06-01,2026-06-01 11:43:23,V008,127.0,1.0212309128860908
2026-06-01,2026-06-01 11:43:24,V008,127.0,1.028174411190632
2026-06-01,2026-06-01 11:43:25,V008,127.0,1.016815369304885
2026-06-01,2026-06-01 11:43:26,V008,127.0,1.020540449933588
2026-06-01,2026-06-01 11:43:27,V008,127.0,1.0210175656704017
2026-06-01,2026-06-01 11:43:28,V008,127.0,1.0277444932714046
2026-06-01,2026-06-01 11:43:29,V008,127.0,1.0129595289623132
2026-06-01,2026-06-01 11:43:30,V008,127.0,1.023336598642792
2026-06-01,2026-06-01 11:43:31,V008,128.0,1.0116320077382368
2026-06-01,2026-06-01 11:43:32,V008,128.0,1.0157266120772155
2026-06-01,2026-06-01 11:43:33,V008,128.0,1.017093977915986
2026-06-01,2026-06-01 11:43:34,V008,128.0,1.0337585657014474
2026-06-01,2026-06-01 11:43:35,V008,128.0,1.014316204904926
2026-06-01,2026-06-01 11:43:36,V008,128.0,1.0215634724456055
2026-06-01,2026-06-01 11:43:37,V008,128.0,1.0188965417073583
2026-06-01,2026-06-01 11:43:38,V008,128.0,1.0275609494985543
2026-06-01,2026-06-01 11:43:39,V008,129.0,0.9934470196195748
2026-06-01,2026-06-01 11:43:40,V008,130.0,1.0111484784574507
2026-06-01,2026-06-01 11:43:41,V008,131.0,1.0699638243735636
2026-06-01,2026-06-01 11:43:42,V008,132.0,1.0085642447782726
2026-06-01,2026-06-01 11:43:43,V008,133.0,1.0196106446475606
2026-06-01,2026-06-01 11:43:44,V008,133.0,0.9196606776113917
2026-06-01,2026-06-01 11:43:45,V008,133.0,1.0922419966261774
2026-06-01,2026-06-01 11:43:46,V008,133.0,1.1349522816565853
2026-06-01,2026-06-01 11:43:47,V008,133.0,1.002132174259893
2026-06-01,2026-06-01 11:43:48,V008,133.0,1.0078045172014596
2026-06-01,2026-06-01 11:43:49,V008,132.0,1.005231029320302
2026-06-01,2026-06-01 11:43:50,V008,132.0,1.0065701671083433
2026-06-01,2026-06-01 11:43:51,V008,132.0,1.002899647457504
2026-06-01,2026-06-01 11:43:52,V008,131.0,0.9997358433947297
2026-06-01,2026-06-01 11:43:53,V008,130.0,1.0027974980808747
2026-06-01,2026-06-01 11:43:54,V008,129.0,1.0061893540264313
2026-06-01,2026-06-01 11:43:55,V008,129.0,1.0124337520845441
2026-06-01,2026-06-01 11:43:56,V008,129.0,1.0305437487461655
2026-06-01,2026-06-01 11:43:57,V008,129.0,1.012995656845457
2026-06-01,2026-06-01 11:43:58,V008,130.0,
