Date,Timestamp,SensorID,HeartRate,AccNorm
2026-06-01,2026-06-01 10:40:00,V024,141.0,1.0770523918535035
2026-06-01,2026-06-01 10:40:01,V024,143.0,1.045259359322346
2026-06-01,2026-06-01 10:40:02,V024,144.0,1.067649749902003
2026-06-01,2026-06-01 10:40:03,V024,146.0,1.22586122044836
2026-06-01,2026-06-01 10:40:04,V024,147.0,1.0722440086168277
2026-06-01,2026-06-01 10:40:05,V024,148.0,1.053208256043211
2026-06-01,2026-06-01 10:40:06,V024,149.0,1.054590000270914
2026-06-01,2026-06-01 10:40:07,V024,149.0,1.0538640950442475
2026-06-01,2026-06-01 10:40:08,V024,150.0,1.0455602011787082
2026-06-01,2026-06-01 10:40:09,V024,149.0,1.2331202588689467
2026-06-01,2026-06-01 10:40:10,V024,149.0,1.395769097182107
2026-06-01,2026-06-01 10:40:11,V024,149.0,1.6092693593590979
2026-06-01,2026-06-01 10:40:12,V024,149.0,1.4756333709062377
2026-06-01,2026-06-01 10:40:13,V024,149.0,1.127098313515582
2026-06-01,2026-06-01 10:40:14,V024,149.0,1.672585978071083
2026-06-01,2026-06-01 10:40:15,V024,149.0,1.7320552790615789
2026-06-01,2026-06-01 10:40:16,V024,149.0,1.603354925786318
2026-06-01,2026-06-01 10:40:17,V024,148.0,1.3223290582897207
2026-06-01,2026-06-01 10:40:18,V024,147.0,1.7807391300424864
2026-06-01,2026-06-01 10:40:19,V024,147.0,1.8264921212591954
2026-06-01,2026-06-01 10:40:20,V024,148.0,1.4605964527884534
2026-06-01,2026-06-01 10:40:21,V024,148.0,1.7036420751800447
2026-06-01,2026-06-01 10:40:22,V024,149.0,1.7329092537812771
2026-06-01,2026-06-01 10:40:23,V024,152.0,1.5296114581210485
2026-06-01,2026-06-01 10:40:24,V024,153.0,1.6201098996994343
2026-06-01,2026-06-01 10:40:25,V024,153.0,1.2771212667688503
2026-06-01,2026-06-01 10:40:26,V024,153.0,1.7649679665940736
2026-06-01,2026-06-01 10:40:27,V024,154.0,1.5867452308798937
2026-06-01,2026-06-01 10:40:28,V024,154.0,1.3173778970117473
2026-06-01,2026-06-01 10:40:29,V024,154.0,1.3539906939538466
2026-06-01,2026-06-01 10:40:30,V024,155.0,1.7500575679260337
2026-06-01,2026-06-01 10:40:31,V024,156.0,1.4679750063719414
2026-06-01,2026-06-01 10:40:32,V024,156.0,1.380326781305041
2026-06-01,2026-06-01 10:40:33,V024,157.0,1.1359048002152938
2026-06-01,2026-06-01 10:40:34,V024,158.0,1.179591219231338
2026-06-01,2026-06-01 10:40:35,V024,159.0,1.495514360641492
2026-06-01,2026-06-01 10:40:36,V024,159.0,1.4171674200207809
2026-06-01,2026-06-01 10:40:37,V024,160.0,1.1909712449898051
2026-06-01,2026-06-01 10:40:38,V024,160.0,1.3090127262223328
2026-06-01,2026-06-01 10:40:39,V024,160.0,1.1939098293390713
2026-06-01,2026-06-01 10:40:40,V024,160.0,1.5164723765471313
2026-06-01,2026-06-01 10:40:41,V024,161.0,1.5055243331850374
2026-06-01,2026-06-01 10:40:42,V024,161.0,1.2607604805651067
2026-06-01,2026-06-01 10:40:43,V024,161.0,1.1512319965219515
2026-06-01,2026-06-01 10:40:44,V024,160.0,1.5957781354112373
2026-06-01,2026-06-01 10:40:45,V024,160.0,1.4928383660123066
2026-06-01,2026-06-01 10:40:46,V024,160.0,1.2693690990687192
2026-06-01,2026-06-01 10:40:47,V024,160.0,1.4853739286411811
2026-06-01,2026-06-01 10:40:48,V024,160.0,1.7096531469601333
2026-06-01,2026-06-01 10:40:49,V024,160.0,1.4921505553080128
2026-06-01,2026-06-01 10:40:50,V024,160.0,1.4233859118573673
2026-06-01,2026-06-01 10:40:51,V024,160.0,1.5847221451666922
2026-06-01,2026-06-01 10:40:52,V024,159.0,1.185318457297733
2026-06-01,2026-06-01 10:40:53,V024,159.0,1.5117091043234168
2026-06-01,2026-06-01 10:40:54,V024,159.0,1.5568135856056184
2026-06-01,2026-06-01 10:40:55,V024,159.0,1.2378732650839541
2026-06-01,2026-06-01 10:40:56,V024,159.0,1.4224573184006588
2026-06-01,2026-06-01 10:40:57,V024,159.0,1.7376288385654712
2026-06-01,2026-06-01 10:40:58,V024,159.0,1.4711419908499526
2026-06-01,2026-06-01 10:40:59,V024,159.0,1.8410152250562233
2026-06-01,2026-06-01 10:41:00,V024,160.0,1.355351117697711
2026-06-01,2026-06-01 10:41:01,V024,160.0,1.6225658699081251
2026-06-01,2026-06-01 10:41:02,V024,160.0,1.6605980731194254
2026-06-01,2026-06-01 10:41:03,V024,161.0,1.6147249156902541
2026-06-01,2026-06-01 10:41:04,V024,161.0,1.3585798766901214
2026-06-01,2026-06-01 10:41:05,V024,161.0,1.4627171966612673
2026-06-01,2026-06-01 10:41:06,V024,162.0,1.7236284621572127
2026-06-01,2026-06-01 10:41:07,V024,162.0,1.6933727574261463
2026-06-01,2026-06-01 10:41:08,V024,162.0,1.0626942812505882
2026-06-01,2026-06-01 10:41:09,V024,162.0,1.6496252314139563
2026-06-01,2026-06-01 10:41:10,V024,161.0,1.6759079943376747
2026-06-01,2026-06-01 10:41:11,V024,161.0,1.3249974460312746
2026-06-01,2026-06-01 10:41:12,V024,162.0,1.5746361078780875
2026-06-01,2026-06-01 10:41:13,V024,162.0,1.5264755972527042
2026-06-01,2026-06-01 10:41:14,V024,163.0,1.6623239230492306
2026-06-01,2026-06-01 10:41:15,V024,163.0,1.6040681599007385
2026-06-01,2026-06-01 10:41:16,V024,163.0,1.0710329641737648
2026-06-01,2026-06-01 10:41:17,V024,164.0,1.6274531764256364
2026-06-01,2026-06-01 10:41:18,V024,165.0,1.7939388850862603
2026-06-01,2026-06-01 10:41:19,V024,165.0,1.491286446700667
2026-06-01,2026-06-01 10:41:20,V024,166.0,1.3663669652299981
2026-06-01,2026-06-01 10:41:21,V024,167.0,1.3936259780585982
2026-06-01,2026-06-01 10:41:22,V024,167.0,1.7159771895157487
2026-06-01,2026-06-01 10:41:23,V024,168.0,1.396058164685169
2026-06-01,2026-06-01 10:41:24,V024,169.0,1.7080065080616942
2026-06-01,2026-06-01 10:41:25,V024,169.0,1.2817624422603726
2026-06-01,2026-06-01 10:41:26,V024,169.0,1.5826767781297468
2026-06-01,2026-06-01 10:41:27,V024,169.0,1.5972768484485744
2026-06-01,2026-06-01 10:41:28,V024,169.0,1.5630005711647315
2026-06-01,2026-06-01 10:41:29,V024,169.0,1.516264135054757
2026-06-01,2026-06-01 10:41:30,V024,170.0,1.7841919196520908
2026-06-01,2026-06-01 10:41:31,V024,169.0,1.6881219439359598
2026-06-01,2026-06-01 10:41:32,V024,168.0,1.9012886389726658
2026-06-01,2026-06-01 10:41:33,V024,168.0,1.480549495806402
2026-06-01,2026-06-01 10:41:34,V024,168.0,1.2709448374020946
2026-06-01,2026-06-01 10:41:35,V024,168.0,1.6653747019783434
2026-06-01,2026-06-01 10:41:36,V024,168.0,1.8226959417155524
2026-06-01,2026-06-01 10:41:37,V024,168.0,1.5527016043971256
2026-06-01,2026-06-01 10:41:38,V024,168.0,1.4425348878285917
2026-06-01,2026-06-01 10:41:39,V024,168.0,1.449190606687844
2026-06-01,2026-06-01 10:41:40,V024,168.0,1.9258563587886586
2026-06-01,2026-06-01 10:41:41,V024,168.0,1.7456676140627048
2026-06-01,2026-06-01 10:41:42,V024,168.0,1.4900573757426938
2026-06-01,2026-06-01 10:41:43,V024,168.0,1.186904634297594
2026-06-01,2026-06-01 10:41:44,V024,168.0,1.038221245573288
2026-06-01,2026-06-01 10:41:45,V024,168.0,1.0563025725360793
2026-06-01,2026-06-01 10:41:46,V024,167.0,1.0651643311663792
2026-06-01,2026-06-01 10:41:47,V024,167.0,1.0754352235161748
2026-06-01,2026-06-01 10:41:48,V024,167.0,1.0587755536820511
2026-06-01,2026-06-01 10:41:49,V024,166.0,1.003549696549059
2026-06-01,2026-06-01 10:41:50,V024,165.0,1.099025507663959
2026-06-01,2026-06-01 10:41:51,V024,163.0,1.4335924383037477
2026-06-01,2026-06-01 10:41:52,V024,162.0,1.0562803472451134
2026-06-01,2026-06-01 10:41:53,V024,163.0,1.0617545368897405
2026-06-01,2026-06-01 10:41:54,V024,164.0,1.051645206569493
2026-06-01,2026-06-01 10:41:55,V024,164.0,1.0589319595528845
2026-06-01,2026-06-01 10:41:56,V024,165.0,1.0619508066440018
2026-06-01,2026-06-01 10:41:57,V024,165.0,1.0931857932046665
2026-06-01,2026-06-01 10:41:58,V024,165.0,1.0539757846767215
2026-06-01,2026-06-01 10:41:59,V024,166.0,1.0528834018906519
2026-06-01,2026-06-01 10:42:00,V024,166.0,1.0506483306435794
2026-06-01,2026-06-01 10:42:01,V024,166.0,1.0514765400887192
2026-06-01,2026-06-01 10:42:02,V024,166.0,1.0511235068759621
2026-06-01,2026-06-01 10:42:03,V024,165.0,1.0509404366717543
2026-06-01,2026-06-01 10:42:04,V024,165.0,1.0505346312252368
2026-06-01,2026-06-01 10:42:05,V024,165.0,1.0450906843062588
2026-06-01,2026-06-01 10:42:06,V024,164.0,1.1841409965327483
2026-06-01,2026-06-01 10:42:07,V024,163.0,1.4415819891490291
2026-06-01,2026-06-01 10:42:08,V024,163.0,1.7930339104741473
2026-06-01,2026-06-01 10:42:09,V024,163.0,1.7604073035784125
2026-06-01,2026-06-01 10:42:10,V024,162.0,1.6658943721951884
2026-06-01,2026-06-01 10:42:11,V024,162.0,1.8743341588693836
2026-06-01,2026-06-01 10:42:12,V024,161.0,1.7674171665281246
2026-06-01,2026-06-01 10:42:13,V024,160.0,1.6154837429672753
2026-06-01,2026-06-01 10:42:14,V024,159.0,1.8360370881725927
2026-06-01,2026-06-01 10:42:15,V024,158.0,1.7673961918120313
2026-06-01,2026-06-01 10:42:16,V024,158.0,2.0463744637156065
2026-06-01,2026-06-01 10:42:17,V024,158.0,1.4690229409893492
2026-06-01,2026-06-01 10:42:18,V024,159.0,1.683145234629127
2026-06-01,2026-06-01 10:42:19,V024,158.0,1.9211929999380635
2026-06-01,2026-06-01 10:42:20,V024,158.0,1.4985229687668975
2026-06-01,2026-06-01 10:42:21,V024,158.0,1.2009765271761694
2026-06-01,2026-06-01 10:42:22,V024,158.0,1.7631792122350107
2026-06-01,2026-06-01 10:42:23,V024,160.0,1.8104442524774942
2026-06-01,2026-06-01 10:42:24,V024,161.0,1.6404221868150624
2026-06-01,2026-06-01 10:42:25,V024,161.0,1.3912946272302638
2026-06-01,2026-06-01 10:42:26,V024,160.0,1.8270576522439859
2026-06-01,2026-06-01 10:42:27,V024,162.0,1.8042838456548158
2026-06-01,2026-06-01 10:42:28,V024,164.0,1.6956357686852799
2026-06-01,2026-06-01 10:42:29,V024,165.0,1.44782804420915
2026-06-01,2026-06-01 10:42:30,V024,166.0,1.6989257819608146
2026-06-01,2026-06-01 10:42:31,V024,166.0,1.693747127616258
2026-06-01,2026-06-01 10:42:32,V024,167.0,1.5426130587679294
2026-06-01,2026-06-01 10:42:33,V024,169.0,1.4499311083043724
2026-06-01,2026-06-01 10:42:34,V024,170.0,1.863819408867948
2026-06-01,2026-06-01 10:42:35,V024,172.0,1.9117373233781103
2026-06-01,2026-06-01 10:42:36,V024,173.0,1.9842831005876145
2026-06-01,2026-06-01 10:42:37,V024,174.0,1.4907683788540151
2026-06-01,2026-06-01 10:42:38,V024,174.0,2.1860939581333176
2026-06-01,2026-06-01 10:42:39,V024,175.0,1.7117783601181562
2026-06-01,2026-06-01 10:42:40,V024,176.0,1.798755481403476
2026-06-01,2026-06-01 10:42:41,V024,175.0,1.9439852894142555
2026-06-01,2026-06-01 10:42:42,V024,175.0,1.944277144871521
2026-06-01,2026-06-01 10:42:43,V024,176.0,2.0565952001956522
2026-06-01,2026-06-01 10:42:44,V024,176.0,1.2467566398470236
2026-06-01,2026-06-01 10:42:45,V024,175.0,1.7019907455820276
2026-06-01,2026-06-01 10:42:46,V024,174.0,1.7414828540214313
2026-06-01,2026-06-01 10:42:47,V024,174.0,1.8325297415084771
2026-06-01,2026-06-01 10:42:48,V024,174.0,1.3636953047429234
2026-06-01,2026-06-01 10:42:49,V024,175.0,1.5956588844838768
2026-06-01,2026-06-01 10:42:50,V024,175.0,1.7343241037936465
2026-06-01,2026-06-01 10:42:51,V024,175.0,1.9735431944988449
2026-06-01,2026-06-01 10:42:52,V024,175.0,1.6260696507776204
2026-06-01,2026-06-01 10:42:53,V024,175.0,1.272799065963773
2026-06-01,2026-06-01 10:42:54,V024,175.0,1.7093088284787976
2026-06-01,2026-06-01 10:42:55,V024,175.0,2.1580204989846203
2026-06-01,2026-06-01 10:42:56,V024,175.0,2.0436812752637183
2026-06-01,2026-06-01 10:42:57,V024,175.0,1.4593670899862277
2026-06-01,2026-06-01 10:42:58,V024,175.0,1.7357719723705347
2026-06-01,2026-06-01 10:42:59,V024,175.0,1.7698037904266501
2026-06-01,2026-06-01 10:43:00,V024,175.0,1.735781318235064
2026-06-01,2026-06-01 10:43:01,V024,175.0,1.3732302780423051
2026-06-01,2026-06-01 10:43:02,V024,175.0,1.6944878892283144
2026-06-01,2026-06-01 10:43:03,V024,175.0,1.7566020075588002
2026-06-01,2026-06-01 10:43:04,V024,175.0,1.5313855577802817
2026-06-01,2026-06-01 10:43:05,V024,175.0,1.7234496879907826
2026-06-01,2026-06-01 10:43:06,V024,175.0,1.787181331728293
2026-06-01,2026-06-01 10:43:07,V024,175.0,1.8001362453254801
2026-06-01,2026-06-01 10:43:08,V024,175.0,1.6521186322991612
2026-06-01,2026-06-01 10:43:09,V024,175.0,1.2208507526773063
2026-06-01,2026-06-01 10:43:10,V024,175.0,1.4385414688109837
2026-06-01,2026-06-01 10:43:11,V024,175.0,1.8337246648673566
2026-06-01,2026-06-01 10:43:12,V024,175.0,1.7874985219341124
2026-06-01,2026-06-01 10:43:13,V024,175.0,1.4621820605596423
2026-06-01,2026-06-01 10:43:14,V024,175.0,1.6230676306966032
2026-06-01,2026-06-01 10:43:15,V024,176.0,1.606967603688682
2026-06-01,2026-06-01 10:43:16,V024,176.0,1.8554853707813694
2026-06-01,2026-06-01 10:43:17,V024,177.0,1.722643820371096
2026-06-01,2026-06-01 10:43:18,V024,177.0,1.1948130576640679
2026-06-01,2026-06-01 10:43:19,V024,177.0,1.5097555804232583
2026-06-01,2026-06-01 10:43:20,V024,178.0,1.644199018713266
2026-06-01,2026-06-01 10:43:21,V024,178.0,1.789735824656898
2026-06-01,2026-06-01 10:43:22,V024,178.0,2.0136615884282785
2026-06-01,2026-06-01 10:43:23,V024,179.0,1.257292223872281
2026-06-01,2026-06-01 10:43:24,V024,179.0,1.631414501122607
2026-06-01,2026-06-01 10:43:25,V024,179.0,1.9523583452220177
2026-06-01,2026-06-01 10:43:26,V024,179.0,1.6103814074720473
2026-06-01,2026-06-01 10:43:27,V024,178.0,1.358401067081632
2026-06-01,2026-06-01 10:43:28,V024,177.0,1.1103429931116457
2026-06-01,2026-06-01 10:43:29,V024,177.0,1.080089788616815
2026-06-01,2026-06-01 10:43:30,V024,176.0,1.0543286857312175
2026-06-01,2026-06-01 10:43:31,V024,177.0,1.0528253893192976
2026-06-01,2026-06-01 10:43:32,V024,177.0,1.061357981265231
2026-06-01,2026-06-01 10:43:33,V024,177.0,1.0678871735744315
2026-06-01,2026-06-01 10:43:34,V024,178.0,1.0594237453047823
2026-06-01,2026-06-01 10:43:35,V024,178.0,1.0918607409293464
2026-06-01,2026-06-01 10:43:36,V024,179.0,1.0675901441326072
2026-06-01,2026-06-01 10:43:37,V024,179.0,1.3564837344879848
2026-06-01,2026-06-01 10:43:38,V024,179.0,1.8887922512487119
2026-06-01,2026-06-01 10:43:39,V024,181.0,1.4924876114579368
2026-06-01,2026-06-01 10:43:40,V024,181.0,1.6085335474466473
2026-06-01,2026-06-01 10:43:41,V024,181.0,1.212023617566879
2026-06-01,2026-06-01 10:43:42,V024,181.0,1.6875775906231913
2026-06-01,2026-06-01 10:43:43,V024,181.0,1.6907110179736495
2026-06-01,2026-06-01 10:43:44,V024,181.0,1.7000174150287104
2026-06-01,2026-06-01 10:43:45,V024,181.0,1.1928027402361492
2026-06-01,2026-06-01 10:43:46,V024,181.0,1.655226921983709
2026-06-01,2026-06-01 10:43:47,V024,181.0,1.560478174665704
2026-06-01,2026-06-01 10:43:48,V024,181.0,1.7916588392678405
2026-06-01,2026-06-01 10:43:49,V024,181.0,1.2240119123897901
2026-06-01,2026-06-01 10:43:50,V024,180.0,1.8641562464427708
2026-06-01,2026-06-01 10:43:51,V024,179.0,1.6885897816556934
2026-06-01,2026-06-01 10:43:52,V024,179.0,1.4699800620536292
2026-06-01,2026-06-01 10:43:53,V024,179.0,1.456777264311322
2026-06-01,2026-06-01 10:43:54,V024,178.0,1.6539009816106218
2026-06-01,2026-06-01 10:43:55,V024,177.0,1.6907991956209563
2026-06-01,2026-06-01 10:43:56,V024,177.0,1.968258071374629
2026-06-01,2026-06-01 10:43:57,V024,176.0,1.324825743758466
2026-06-01,2026-06-01 10:43:58,V024,176.0,1.5781191735457814
2026-06-01,2026-06-01 10:43:59,V024,176.0,1.6923264632573571
2026-06-01,2026-06-01 10:44:00,V024,176.0,1.5599762286247794
2026-06-01,2026-06-01 10:44:01,V024,176.0,1.3454928026763555
2026-06-01,2026-06-01 10:44:02,V024,176.0,1.1656055273508286
2026-06-01,2026-06-01 10:44:03,V024,176.0,1.0613278308477951
2026-06-01,2026-06-01 10:44:04,V024,176.0,1.0627400060394991
2026-06-01,2026-06-01 10:44:05,V024,176.0,1.0680100599882572
2026-06-01,2026-06-01 10:44:06,V024,177.0,1.100040075462191
2026-06-01,2026-06-01 10:44:07,V024,177.0,0.9372895864009962
2026-06-01,2026-06-01 10:44:08,V024,177.0,1.1790935460783958
2026-06-01,2026-06-01 10:44:09,V024,178.0,1.0689416281355457
2026-06-01,2026-06-01 10:44:10,V024,179.0,1.0618866533299947
2026-06-01,2026-06-01 10:44:11,V024,180.0,1.0632415761213538
2026-06-01,2026-06-01 10:44:12,V024,180.0,1.0507272112478165
2026-06-01,2026-06-01 10:44:13,V024,180.0,1.0703860576759958
2026-06-01,2026-06-01 10:44:14,V024,180.0,1.0466123540089074
2026-06-01,2026-06-01 10:44:15,V024,180.0,1.0502070245872257
2026-06-01,2026-06-01 10:44:16,V024,180.0,1.132974144310512
2026-06-01,2026-06-01 10:44:17,V024,179.0,1.0671544275180354
2026-06-01,2026-06-01 10:44:18,V024,178.0,1.0729744155966412
2026-06-01,2026-06-01 10:44:19,V024,178.0,1.062294144862234
2026-06-01,2026-06-01 10:44:20,V024,177.0,1.0692149279397063
2026-06-01,2026-06-01 10:44:21,V024,177.0,1.0595844916382702
2026-06-01,2026-06-01 10:44:22,V024,177.0,1.187559941532353
2026-06-01,2026-06-01 10:44:23,V024,177.0,1.0569692477686372
2026-06-01,2026-06-01 10:44:24,V024,176.0,1.0523518270933119
2026-06-01,2026-06-01 10:44:25,V024,176.0,1.0579370618509405
2026-06-01,2026-06-01 10:44:26,V024,175.0,1.0425837360837913
2026-06-01,2026-06-01 10:44:27,V024,175.0,1.062805556056398
2026-06-01,2026-06-01 10:44:28,V024,175.0,1.0676487282827662
2026-06-01,2026-06-01 10:44:29,V024,174.0,1.073243527455402
2026-06-01,2026-06-01 10:44:30,V024,173.0,1.0751098906280556
2026-06-01,2026-06-01 10:44:31,V024,173.0,1.0567795660385
2026-06-01,2026-06-01 10:44:32,V024,172.0,1.059782093781588
2026-06-01,2026-06-01 10:44:33,V024,171.0,1.0566552977659438
2026-06-01,2026-06-01 10:44:34,V024,170.0,1.0653280945122288
2026-06-01,2026-06-01 10:44:35,V024,170.0,1.0593119499038095
2026-06-01,2026-06-01 10:44:36,V024,170.0,1.0575419864701094
2026-06-01,2026-06-01 10:44:37,V024,169.0,1.0520639414560617
2026-06-01,2026-06-01 10:44:38,V024,168.0,1.0811195547544474
2026-06-01,2026-06-01 10:44:39,V024,168.0,1.0782914494008393
2026-06-01,2026-06-01 10:44:40,V024,167.0,1.0455355713483991
2026-06-01,2026-06-01 10:44:41,V024,166.0,1.0640020563478918
2026-06-01,2026-06-01 10:44:42,V024,165.0,1.0641659720228902
2026-06-01,2026-06-01 10:44:43,V024,165.0,1.075995626425134
2026-06-01,2026-06-01 10:44:44,V024,165.0,1.0559893461840828
2026-06-01,2026-06-01 10:44:45,V024,165.0,1.0505655454611584
2026-06-01,2026-06-01 10:44:46,V024,165.0,1.0604413246430626
2026-06-01,2026-06-01 10:44:47,V024,165.0,1.1451688139363836
2026-06-01,2026-06-01 10:44:48,V024,165.0,1.005416085954829
2026-06-01,2026-06-01 10:44:49,V024,165.0,1.04040541574193
2026-06-01,2026-06-01 10:44:50,V024,166.0,0.9786330655418248
2026-06-01,2026-06-01 10:44:51,V024,165.0,1.1658607645928174
2026-06-01,2026-06-01 10:44:52,V024,165.0,1.0619037854051245
2026-06-01,2026-06-01 10:44:53,V024,164.0,1.0521171876466153
2026-06-01,2026-06-01 10:44:54,V024,164.0,1.1041264047539252
2026-06-01,2026-06-01 10:44:55,V024,163.0,1.0571112267602034
2026-06-01,2026-06-01 10:44:56,V024,162.0,1.0267033419998144
2026-06-01,2026-06-01 10:44:57,V024,162.0,1.0512594105830497
2026-06-01,2026-06-01 10:44:58,V024,161.0,1.1020288203106756
2026-06-01,2026-06-01 10:44:59,V024,160.0,1.0551632204095005
2026-06-01,2026-06-01 10:45:00,V024,159.0,1.0692233073912674
2026-06-01,2026-06-01 10:45:01,V024,158.0,1.0692902617078577
2026-06-01,2026-06-01 10:45:02,V024,158.0,1.067374651996795
2026-06-01,2026-06-01 10:45:03,V024,156.0,1.0301705796452314
2026-06-01,2026-06-01 10:45:04,V024,156.0,1.0807368238508108
2026-06-01,2026-06-01 10:45:05,V024,155.0,1.0704672202730263
2026-06-01,2026-06-01 10:45:06,V024,154.0,1.0572181350858532
2026-06-01,2026-06-01 10:45:07,V024,154.0,1.0340644785986008
2026-06-01,2026-06-01 10:45:08,V024,154.0,1.0743168600391972
2026-06-01,2026-06-01 10:45:09,V024,154.0,1.1844379438904484
2026-06-01,2026-06-01 10:45:10,V024,154.0,0.9761045666588658
2026-06-01,2026-06-01 10:45:11,V024,154.0,0.9785644021454613
2026-06-01,2026-06-01 10:45:12,V024,154.0,1.094277218057165
2026-06-01,2026-06-01 10:45:13,V024,154.0,1.0542781186004528
2026-06-01,2026-06-01 10:45:14,V024,155.0,1.0833537296542584
2026-06-01,2026-06-01 10:45:15,V024,155.0,1.0727730769993091
2026-06-01,2026-06-01 10:45:16,V024,155.0,1.067101412908906
2026-06-01,2026-06-01 10:45:17,V024,155.0,1.0528191664841093
2026-06-01,2026-06-01 10:45:18,V024,154.0,1.0551248120943222
2026-06-01,2026-06-01 10:45:19,V024,153.0,1.0519463340930506
2026-06-01,2026-06-01 10:45:20,V024,152.0,1.0540586090990969
2026-06-01,2026-06-01 10:45:21,V024,152.0,1.052500055802168
2026-06-01,2026-06-01 10:45:22,V024,151.0,1.0502286792556692
2026-06-01,2026-06-01 10:45:23,V024,150.0,1.0685698412652427
2026-06-01,2026-06-01 10:45:24,V024,149.0,1.0555723364335496
2026-06-01,2026-06-01 10:45:25,V024,149.0,1.054924025683408
2026-06-01,2026-06-01 10:45:26,V024,149.0,1.0532501967323618
2026-06-01,2026-06-01 10:45:27,V024,149.0,1.0536665610972782
2026-06-01,2026-06-01 10:45:28,V024,149.0,1.0534530940449212
2026-06-01,2026-06-01 10:45:29,V024,148.0,1.0556940303727118
2026-06-01,2026-06-01 10:45:30,V024,148.0,1.0527198802859878
2026-06-01,2026-06-01 10:45:31,V024,147.0,1.055501967442369
2026-06-01,2026-06-01 10:45:32,V024,147.0,1.0597855012834743
2026-06-01,2026-06-01 10:45:33,V024,146.0,1.0586506587140019
2026-06-01,2026-06-01 10:45:34,V024,146.0,1.0576377099134124
2026-06-01,2026-06-01 10:45:35,V024,146.0,1.0537126337589546
2026-06-01,2026-06-01 10:45:36,V024,146.0,1.0583176726143628
2026-06-01,2026-06-01 10:45:37,V024,146.0,1.048217853162903
2026-06-01,2026-06-01 10:45:38,V024,146.0,1.0582743515638253
2026-06-01,2026-06-01 10:45:39,V024,146.0,1.0701340905975953
2026-06-01,2026-06-01 10:45:40,V024,146.0,1.0365067063511457
2026-06-01,2026-06-01 10:45:41,V024,146.0,1.043934322287291
2026-06-01,2026-06-01 10:45:42,V024,145.0,1.0273473446267427
2026-06-01,2026-06-01 10:45:43,V024,145.0,1.0365320791516603
2026-06-01,2026-06-01 10:45:44,V024,145.0,1.0260033712348746
2026-06-01,2026-06-01 10:45:45,V024,144.0,1.0221919797935486
2026-06-01,2026-06-01 10:45:46,V024,144.0,1.0391895711154786
2026-06-01,2026-06-01 10:45:47,V024,143.0,1.010044324436004
2026-06-01,2026-06-01 10:45:48,V024,143.0,1.0524460756182545
2026-06-01,2026-06-01 10:45:49,V024,143.0,1.0196439016630565
2026-06-01,2026-06-01 10:45:50,V024,143.0,1.0628877777341599
2026-06-01,2026-06-01 10:45:51,V024,143.0,1.0235422128648484
2026-06-01,2026-06-01 10:45:52,V024,143.0,1.0724464578284432
2026-06-01,2026-06-01 10:45:53,V024,143.0,1.0243231968525093
2026-06-01,2026-06-01 10:45:54,V024,143.0,1.0512611768513915
2026-06-01,2026-06-01 10:45:55,V024,143.0,1.039240687427259
2026-06-01,2026-06-01 10:45:56,V024,142.0,1.0307977530339292
2026-06-01,2026-06-01 10:45:57,V024,142.0,1.045028217617393
2026-06-01,2026-06-01 10:45:58,V024,142.0,1.0730128846121563
2026-06-01,2026-06-01 10:45:59,V024,142.0,1.0701330815538677
2026-06-01,2026-06-01 10:46:00,V024,143.0,1.0504143702750017
2026-06-01,2026-06-01 10:46:01,V024,143.0,1.0585796712250515
2026-06-01,2026-06-01 10:46:02,V024,144.0,1.0500885139192346
2026-06-01,2026-06-01 10:46:03,V024,144.0,1.054354505541309
2026-06-01,2026-06-01 10:46:04,V024,143.0,1.0536792945641424
2026-06-01,2026-06-01 10:46:05,V024,143.0,1.0521397037037732
2026-06-01,2026-06-01 10:46:06,V024,143.0,1.0511214492587346
2026-06-01,2026-06-01 10:46:07,V024,142.0,1.0580887939790569
2026-06-01,2026-06-01 10:46:08,V024,142.0,1.0561081568701685
2026-06-01,2026-06-01 10:46:09,V024,141.0,1.0494708194841051
2026-06-01,2026-06-01 10:46:10,V024,141.0,1.0542544751866185
2026-06-01,2026-06-01 10:46:11,V024,141.0,1.1016841827662527
2026-06-01,2026-06-01 10:46:12,V024,141.0,1.01933790486495
2026-06-01,2026-06-01 10:46:13,V024,142.0,1.0057189523107408
2026-06-01,2026-06-01 10:46:14,V024,142.0,1.004073252774616
2026-06-01,2026-06-01 10:46:15,V024,141.0,0.9852906481239201
2026-06-01,2026-06-01 10:46:16,V024,141.0,1.0117309537750554
2026-06-01,2026-06-01 10:46:17,V024,141.0,0.9915214028208349
2026-06-01,2026-06-01 10:46:18,V024,141.0,1.176286378727443
2026-06-01,2026-06-01 10:46:19,V024,141.0,1.0536884039462722
2026-06-01,2026-06-01 10:46:20,V024,141.0,1.0597069436212225
2026-06-01,2026-06-01 10:46:21,V024,141.0,1.0405335991572124
2026-06-01,2026-06-01 10:46:22,V024,141.0,1.062667670074317
2026-06-01,2026-06-01 10:46:23,V024,141.0,1.0482467588593247
2026-06-01,2026-06-01 10:46:24,V024,141.0,1.0523751671247328
2026-06-01,2026-06-01 10:46:25,V024,141.0,1.0584355643044578
2026-06-01,2026-06-01 10:46:26,V024,141.0,1.042837640281683
2026-06-01,2026-06-01 10:46:27,V024,141.0,1.0530967942170781
2026-06-01,2026-06-01 10:46:28,V024,141.0,1.0862243889735244
2026-06-01,2026-06-01 10:46:29,V024,141.0,1.0502686311004945
2026-06-01,2026-06-01 10:46:30,V024,141.0,1.1095410156857721
2026-06-01,2026-06-01 10:46:31,V024,141.0,1.0880245885394983
2026-06-01,2026-06-01 10:46:32,V024,141.0,1.0841888744798938
2026-06-01,2026-06-01 10:46:33,V024,141.0,1.0773776468881262
2026-06-01,2026-06-01 10:46:34,V024,140.0,1.0668504113284893
2026-06-01,2026-06-01 10:46:35,V024,140.0,1.0599712475391732
2026-06-01,2026-06-01 10:46:36,V024,140.0,1.0858439884801807
2026-06-01,2026-06-01 10:46:37,V024,139.0,1.0586858974420257
2026-06-01,2026-06-01 10:46:38,V024,139.0,1.1167087742918216
2026-06-01,2026-06-01 10:46:39,V024,139.0,1.0163904053604067
2026-06-01,2026-06-01 10:46:40,V024,138.0,1.050720620871624
2026-06-01,2026-06-01 10:46:41,V024,138.0,1.050061836685413
2026-06-01,2026-06-01 10:46:42,V024,138.0,1.0561648390922391
2026-06-01,2026-06-01 10:46:43,V024,138.0,1.0587892440503657
2026-06-01,2026-06-01 10:46:44,V024,139.0,1.0546246807795114
2026-06-01,2026-06-01 10:46:45,V024,139.0,1.0541542095537029
2026-06-01,2026-06-01 10:46:46,V024,140.0,1.0527282518911145
2026-06-01,2026-06-01 10:46:47,V024,140.0,1.0534251377608215
2026-06-01,2026-06-01 10:46:48,V024,140.0,1.053719417356751
2026-06-01,2026-06-01 10:46:49,V024,140.0,1.0562084316381568
2026-06-01,2026-06-01 10:46:50,V024,139.0,1.0697064198338297
2026-06-01,2026-06-01 10:46:51,V024,139.0,1.0585474273002329
2026-06-01,2026-06-01 10:46:52,V024,138.0,1.0493128875312199
2026-06-01,2026-06-01 10:46:53,V024,138.0,1.0550606669480735
2026-06-01,2026-06-01 10:46:54,V024,138.0,1.059209270750731
2026-06-01,2026-06-01 10:46:55,V024,138.0,1.0408896116030828
2026-06-01,2026-06-01 10:46:56,V024,138.0,1.078754869932407
2026-06-01,2026-06-01 10:46:57,V024,138.0,1.0554567134020105
2026-06-01,2026-06-01 10:46:58,V024,139.0,1.0570000508766277
2026-06-01,2026-06-01 10:46:59,V024,138.0,1.051550815638506
2026-06-01,2026-06-01 10:47:00,V024,138.0,1.056776106211777
2026-06-01,2026-06-01 10:47:01,V024,138.0,1.0634679583128992
2026-06-01,2026-06-01 10:47:02,V024,138.0,1.0497081677224795
2026-06-01,2026-06-01 10:47:03,V024,137.0,1.0595314488432432
2026-06-01,2026-06-01 10:47:04,V024,137.0,1.0593398834122796
2026-06-01,2026-06-01 10:47:05,V024,138.0,1.0506598524689261
2026-06-01,2026-06-01 10:47:06,V024,139.0,1.0561884701663968
2026-06-01,2026-06-01 10:47:07,V024,139.0,1.047621316167802
2026-06-01,2026-06-01 10:47:08,V024,139.0,1.0548539195334312
2026-06-01,2026-06-01 10:47:09,V024,139.0,1.0556281638617135
2026-06-01,2026-06-01 10:47:10,V024,139.0,1.0643239741627832
2026-06-01,2026-06-01 10:47:11,V024,140.0,1.0646788474571576
2026-06-01,2026-06-01 10:47:12,V024,140.0,1.0461143734335545
2026-06-01,2026-06-01 10:47:13,V024,140.0,1.0555133020594434
2026-06-01,2026-06-01 10:47:14,V024,140.0,1.0537035546775744
2026-06-01,2026-06-01 10:47:15,V024,141.0,1.050942402599162
2026-06-01,2026-06-01 10:47:16,V024,141.0,1.0530313429610176
2026-06-01,2026-06-01 10:47:17,V024,141.0,1.058092002591265
2026-06-01,2026-06-01 10:47:18,V024,141.0,1.0535366120721692
2026-06-01,2026-06-01 10:47:19,V024,142.0,1.0521163878971445
2026-06-01,2026-06-01 10:47:20,V024,142.0,1.059957792738363
2026-06-01,2026-06-01 10:47:21,V024,142.0,1.0594019478408132
2026-06-01,2026-06-01 10:47:22,V024,142.0,1.0567583965674403
2026-06-01,2026-06-01 10:47:23,V024,142.0,1.0532082517424979
2026-06-01,2026-06-01 10:47:24,V024,142.0,1.0674410838973574
2026-06-01,2026-06-01 10:47:25,V024,141.0,1.0530579289677333
2026-06-01,2026-06-01 10:47:26,V024,141.0,1.0545529058942034
2026-06-01,2026-06-01 10:47:27,V024,141.0,1.055347498517173
2026-06-01,2026-06-01 10:47:28,V024,140.0,1.06263103368686
2026-06-01,2026-06-01 10:47:29,V024,140.0,1.0596524993309817
2026-06-01,2026-06-01 10:47:30,V024,140.0,1.0593021769306095
2026-06-01,2026-06-01 10:47:31,V024,139.0,1.0512351862519194
2026-06-01,2026-06-01 10:47:32,V024,139.0,1.0587188269276273
2026-06-01,2026-06-01 10:47:33,V024,139.0,1.074678358656776
2026-06-01,2026-06-01 10:47:34,V024,139.0,1.0400825827749687
2026-06-01,2026-06-01 10:47:35,V024,139.0,1.0821886163284649
2026-06-01,2026-06-01 10:47:36,V024,139.0,1.1156234435863692
2026-06-01,2026-06-01 10:47:37,V024,139.0,1.090919092398572
2026-06-01,2026-06-01 10:47:38,V024,139.0,1.0635586141082944
2026-06-01,2026-06-01 10:47:39,V024,140.0,1.0542614420458125
2026-06-01,2026-06-01 10:47:40,V024,140.0,1.0697578981836569
2026-06-01,2026-06-01 10:47:41,V024,140.0,1.0774763031297465
2026-06-01,2026-06-01 10:47:42,V024,140.0,1.0736553823167716
2026-06-01,2026-06-01 10:47:43,V024,140.0,1.0765186438092034
2026-06-01,2026-06-01 10:47:44,V024,140.0,1.0787494347133308
2026-06-01,2026-06-01 10:47:45,V024,141.0,1.0817547098531857
2026-06-01,2026-06-01 10:47:46,V024,141.0,1.0553321357326086
2026-06-01,2026-06-01 10:47:47,V024,141.0,1.0980727775597647
2026-06-01,2026-06-01 10:47:48,V024,142.0,1.0608740575373068
2026-06-01,2026-06-01 10:47:49,V024,143.0,1.0583307729970926
2026-06-01,2026-06-01 10:47:50,V024,143.0,1.0576366005637652
2026-06-01,2026-06-01 10:47:51,V024,143.0,1.0622142289839143
2026-06-01,2026-06-01 10:47:52,V024,144.0,1.0720742234992233
2026-06-01,2026-06-01 10:47:53,V024,144.0,1.0796907128137045
2026-06-01,2026-06-01 10:47:54,V024,144.0,1.0714724642085958
2026-06-01,2026-06-01 10:47:55,V024,144.0,1.0556452247421215
2026-06-01,2026-06-01 10:47:56,V024,144.0,1.055176462626094
2026-06-01,2026-06-01 10:47:57,V024,143.0,1.0695934901983823
2026-06-01,2026-06-01 10:47:58,V024,143.0,1.068106638135009
2026-06-01,2026-06-01 10:47:59,V024,143.0,1.038887035342924
2026-06-01,2026-06-01 10:48:00,V024,142.0,1.0733838358235785
2026-06-01,2026-06-01 10:48:01,V024,142.0,1.0901622112093026
2026-06-01,2026-06-01 10:48:02,V024,142.0,1.1034715296992275
2026-06-01,2026-06-01 10:48:03,V024,142.0,1.1530574866341186
2026-06-01,2026-06-01 10:48:04,V024,141.0,1.1275179060821299
2026-06-01,2026-06-01 10:48:05,V024,142.0,1.07744233311456
2026-06-01,2026-06-01 10:48:06,V024,142.0,1.162225839747309
2026-06-01,2026-06-01 10:48:07,V024,142.0,1.1039589494302167
2026-06-01,2026-06-01 10:48:08,V024,143.0,1.0674583281160865
2026-06-01,2026-06-01 10:48:09,V024,144.0,1.09164332629294
2026-06-01,2026-06-01 10:48:10,V024,144.0,1.1100188630456214
2026-06-01,2026-06-01 10:48:11,V024,144.0,1.0752920903564724
2026-06-01,2026-06-01 10:48:12,V024,145.0,1.0532726211538865
2026-06-01,2026-06-01 10:48:13,V024,145.0,1.091723351711951
2026-06-01,2026-06-01 10:48:14,V024,145.0,1.0579610774003234
2026-06-01,2026-06-01 10:48:15,V024,145.0,1.0750147757936834
2026-06-01,2026-06-01 10:48:16,V024,145.0,1.0900327024999588
2026-06-01,2026-06-01 10:48:17,V024,145.0,1.0961743897895075
2026-06-01,2026-06-01 10:48:18,V024,145.0,1.106504474692338
2026-06-01,2026-06-01 10:48:19,V024,145.0,1.1812125771824493
2026-06-01,2026-06-01 10:48:20,V024,146.0,1.0637314784200262
2026-06-01,2026-06-01 10:48:21,V024,146.0,1.048692285701929
2026-06-01,2026-06-01 10:48:22,V024,146.0,1.0766135487486832
2026-06-01,2026-06-01 10:48:23,V024,146.0,1.1734087995328204
2026-06-01,2026-06-01 10:48:24,V024,146.0,1.0812007150647212
2026-06-01,2026-06-01 10:48:25,V024,146.0,1.026821729778115
2026-06-01,2026-06-01 10:48:26,V024,146.0,1.0759856533277794
2026-06-01,2026-06-01 10:48:27,V024,145.0,1.0552044572545558
2026-06-01,2026-06-01 10:48:28,V024,145.0,1.0511751620567755
2026-06-01,2026-06-01 10:48:29,V024,145.0,1.0621336249456446
2026-06-01,2026-06-01 10:48:30,V024,145.0,1.0510070302547536
2026-06-01,2026-06-01 10:48:31,V024,145.0,1.0601172462879593
2026-06-01,2026-06-01 10:48:32,V024,145.0,1.055653879530463
2026-06-01,2026-06-01 10:48:33,V024,145.0,1.0519286830032941
2026-06-01,2026-06-01 10:48:34,V024,145.0,1.050845618428991
2026-06-01,2026-06-01 10:48:35,V024,145.0,1.0524229499281423
2026-06-01,2026-06-01 10:48:36,V024,145.0,1.057556361596603
2026-06-01,2026-06-01 10:48:37,V024,145.0,1.0513147870151138
2026-06-01,2026-06-01 10:48:38,V024,145.0,1.0565220847189123
2026-06-01,2026-06-01 10:48:39,V024,145.0,1.0550002559172182
2026-06-01,2026-06-01 10:48:40,V024,144.0,1.0682757225188928
2026-06-01,2026-06-01 10:48:41,V024,144.0,1.0555554897770685
2026-06-01,2026-06-01 10:48:42,V024,143.0,1.055627711328107
2026-06-01,2026-06-01 10:48:43,V024,142.0,1.0499393650903321
2026-06-01,2026-06-01 10:48:44,V024,142.0,1.05383708210848
2026-06-01,2026-06-01 10:48:45,V024,142.0,1.1456728727320298
2026-06-01,2026-06-01 10:48:46,V024,142.0,1.0235406825969262
2026-06-01,2026-06-01 10:48:47,V024,141.0,0.9984845429151489
2026-06-01,2026-06-01 10:48:48,V024,141.0,0.998559737929004
2026-06-01,2026-06-01 10:48:49,V024,141.0,1.1017223280359363
2026-06-01,2026-06-01 10:48:50,V024,141.0,1.0705901202716026
2026-06-01,2026-06-01 10:48:51,V024,141.0,1.0679602307066378
2026-06-01,2026-06-01 10:48:52,V024,142.0,1.1874645470002738
2026-06-01,2026-06-01 10:48:53,V024,142.0,0.998788560204834
2026-06-01,2026-06-01 10:48:54,V024,143.0,1.1353543827852617
2026-06-01,2026-06-01 10:48:55,V024,143.0,1.0465987042429694
2026-06-01,2026-06-01 10:48:56,V024,144.0,1.073352885442979
2026-06-01,2026-06-01 10:48:57,V024,144.0,1.0669986387432109
2026-06-01,2026-06-01 10:48:58,V024,144.0,1.0484869423614012
2026-06-01,2026-06-01 10:48:59,V024,143.0,1.096135742933853
2026-06-01,2026-06-01 10:49:00,V024,142.0,1.000135549590801
2026-06-01,2026-06-01 10:49:01,V024,141.0,1.07132284764571
2026-06-01,2026-06-01 10:49:02,V024,140.0,1.0532586657779264
2026-06-01,2026-06-01 10:49:03,V024,139.0,1.062772434226038
2026-06-01,2026-06-01 10:49:04,V024,139.0,1.094990738399926
2026-06-01,2026-06-01 10:49:05,V024,138.0,1.0557239828753406
2026-06-01,2026-06-01 10:49:06,V024,138.0,1.0668370821121806
2026-06-01,2026-06-01 10:49:07,V024,138.0,1.0511579589301936
2026-06-01,2026-06-01 10:49:08,V024,139.0,1.0528220703538154
2026-06-01,2026-06-01 10:49:09,V024,139.0,1.0538859733308437
2026-06-01,2026-06-01 10:49:10,V024,139.0,1.0567375047218421
2026-06-01,2026-06-01 10:49:11,V024,139.0,1.0526929726399492
2026-06-01,2026-06-01 10:49:12,V024,139.0,1.05106451064215
2026-06-01,2026-06-01 10:49:13,V024,138.0,1.05362067803059
2026-06-01,2026-06-01 10:49:14,V024,137.0,1.056141612254191
2026-06-01,2026-06-01 10:49:15,V024,137.0,1.0506953728928403
2026-06-01,2026-06-01 10:49:16,V024,137.0,1.0314573043190676
2026-06-01,2026-06-01 10:49:17,V024,135.0,1.1295858008665536
2026-06-01,2026-06-01 10:49:18,V024,135.0,1.0967039589702419
2026-06-01,2026-06-01 10:49:19,V024,135.0,1.0514554715855684
2026-06-01,2026-06-01 10:49:20,V024,134.0,1.05371321302334
2026-06-01,2026-06-01 10:49:21,V024,134.0,1.054124070165972
2026-06-01,2026-06-01 10:49:22,V024,134.0,1.0554531183001943
2026-06-01,2026-06-01 10:49:23,V024,133.0,1.053979158554093
2026-06-01,2026-06-01 10:49:24,V024,133.0,1.0541220758415413
2026-06-01,2026-06-01 10:49:25,V024,133.0,1.0841088326343684
2026-06-01,2026-06-01 10:49:26,V024,133.0,1.0627165064175947
2026-06-01,2026-06-01 10:49:27,V024,132.0,1.0642024855760566
2026-06-01,2026-06-01 10:49:28,V024,132.0,1.0659455921430876
2026-06-01,2026-06-01 10:49:29,V024,132.0,1.0600878409634078
2026-06-01,2026-06-01 10:49:30,V024,132.0,1.059194009789532
2026-06-01,2026-06-01 10:49:31,V024,132.0,1.0920072210992176
2026-06-01,2026-06-01 10:49:32,V024,132.0,1.0805243230848431
2026-06-01,2026-06-01 10:49:33,V024,132.0,1.0672141141908216
2026-06-01,2026-06-01 10:49:34,V024,132.0,1.0516731728787758
2026-06-01,2026-06-01 10:49:35,V024,132.0,1.0565221120351234
2026-06-01,2026-06-01 10:49:36,V024,132.0,1.0851215737849662
2026-06-01,2026-06-01 10:49:37,V024,132.0,1.03169277781399
2026-06-01,2026-06-01 10:49:38,V024,132.0,1.0822777814812454
2026-06-01,2026-06-01 10:49:39,V024,133.0,1.1345770599091503
2026-06-01,2026-06-01 10:49:40,V024,133.0,1.0850524014092697
2026-06-01,2026-06-01 10:49:41,V024,133.0,1.0411761537516553
2026-06-01,2026-06-01 10:49:42,V024,134.0,1.077154812724428
2026-06-01,2026-06-01 10:49:43,V024,134.0,1.0831855152915013
2026-06-01,2026-06-01 10:49:44,V024,134.0,1.0431192556186888
2026-06-01,2026-06-01 10:49:45,V024,134.0,1.1012371738355062
2026-06-01,2026-06-01 10:49:46,V024,134.0,1.034414620229089
2026-06-01,2026-06-01 10:49:47,V024,133.0,1.1158290879292043
2026-06-01,2026-06-01 10:49:48,V024,133.0,1.064632980039723
2026-06-01,2026-06-01 10:49:49,V024,133.0,1.0588521558064683
2026-06-01,2026-06-01 10:49:50,V024,133.0,1.0574669349884045
2026-06-01,2026-06-01 10:49:51,V024,133.0,1.059085796913074
2026-06-01,2026-06-01 10:49:52,V024,133.0,1.048151851320593
2026-06-01,2026-06-01 10:49:53,V024,133.0,1.0576524507491245
2026-06-01,2026-06-01 10:49:54,V024,134.0,1.054464304331673
2026-06-01,2026-06-01 10:49:55,V024,134.0,1.0525415168796288
2026-06-01,2026-06-01 10:49:56,V024,135.0,1.0536249920732967
2026-06-01,2026-06-01 10:49:57,V024,136.0,1.054861118324949
2026-06-01,2026-06-01 10:49:58,V024,136.0,1.0531257679216335
2026-06-01,2026-06-01 10:49:59,V024,137.0,1.0532409243138046
2026-06-01,2026-06-01 10:50:00,V024,138.0,1.0520712371714251
2026-06-01,2026-06-01 10:50:01,V024,139.0,1.055432152180905
2026-06-01,2026-06-01 10:50:02,V024,139.0,1.0537359349230775
2026-06-01,2026-06-01 10:50:03,V024,139.0,1.0545137655991879
2026-06-01,2026-06-01 10:50:04,V024,139.0,1.0536089595976095
2026-06-01,2026-06-01 10:50:05,V024,139.0,1.0532705631614152
2026-06-01,2026-06-01 10:50:06,V024,139.0,1.0542153631877416
2026-06-01,2026-06-01 10:50:07,V024,138.0,1.0523249335192124
2026-06-01,2026-06-01 10:50:08,V024,137.0,1.053864600123706
2026-06-01,2026-06-01 10:50:09,V024,137.0,1.0696221055978643
2026-06-01,2026-06-01 10:50:10,V024,137.0,1.058295125714004
2026-06-01,2026-06-01 10:50:11,V024,137.0,1.0506050199038495
2026-06-01,2026-06-01 10:50:12,V024,137.0,1.0552678420327088
2026-06-01,2026-06-01 10:50:13,V024,138.0,1.0586090529511683
2026-06-01,2026-06-01 10:50:14,V024,138.0,1.0401802060096543
2026-06-01,2026-06-01 10:50:15,V024,138.0,1.060446148091961
2026-06-01,2026-06-01 10:50:16,V024,139.0,1.0450584192284569
2026-06-01,2026-06-01 10:50:17,V024,139.0,1.0581943514133583
2026-06-01,2026-06-01 10:50:18,V024,139.0,1.0513345474739508
2026-06-01,2026-06-01 10:50:19,V024,139.0,1.0687094577872547
2026-06-01,2026-06-01 10:50:20,V024,139.0,1.0598132783081753
2026-06-01,2026-06-01 10:50:21,V024,139.0,1.054054545629295
2026-06-01,2026-06-01 10:50:22,V024,139.0,1.054293034553623
2026-06-01,2026-06-01 10:50:23,V024,139.0,1.060260764244094
2026-06-01,2026-06-01 10:50:24,V024,139.0,1.0559880067240852
2026-06-01,2026-06-01 10:50:25,V024,139.0,1.052540252955611
2026-06-01,2026-06-01 10:50:26,V024,140.0,1.051637004516547
2026-06-01,2026-06-01 10:50:27,V024,139.0,1.0569028660381354
2026-06-01,2026-06-01 10:50:28,V024,139.0,1.081665963007148
2026-06-01,2026-06-01 10:50:29,V024,138.0,1.0626283828111935
2026-06-01,2026-06-01 10:50:30,V024,137.0,1.0603937731337052
2026-06-01,2026-06-01 10:50:31,V024,137.0,1.0551134249558243
2026-06-01,2026-06-01 10:50:32,V024,136.0,1.0505452486533553
2026-06-01,2026-06-01 10:50:33,V024,136.0,1.0584901735773051
2026-06-01,2026-06-01 10:50:34,V024,136.0,1.051357025616669
2026-06-01,2026-06-01 10:50:35,V024,136.0,1.0551473993536538
2026-06-01,2026-06-01 10:50:36,V024,135.0,1.0531156627408491
2026-06-01,2026-06-01 10:50:37,V024,135.0,1.0993923270730144
2026-06-01,2026-06-01 10:50:38,V024,135.0,1.0130852712153973
2026-06-01,2026-06-01 10:50:39,V024,135.0,1.0940972041763821
2026-06-01,2026-06-01 10:50:40,V024,135.0,1.0724746850597286
2026-06-01,2026-06-01 10:50:41,V024,135.0,1.0531098848303604
2026-06-01,2026-06-01 10:50:42,V024,135.0,1.0548472386277168
2026-06-01,2026-06-01 10:50:43,V024,135.0,1.0557000541497794
2026-06-01,2026-06-01 10:50:44,V024,135.0,1.0519086277180987
2026-06-01,2026-06-01 10:50:45,V024,135.0,1.0554178101807619
2026-06-01,2026-06-01 10:50:46,V024,136.0,1.0571059610034739
2026-06-01,2026-06-01 10:50:47,V024,136.0,1.0594075102497298
2026-06-01,2026-06-01 10:50:48,V024,136.0,1.0523554188748454
2026-06-01,2026-06-01 10:50:49,V024,136.0,1.0537736635265158
2026-06-01,2026-06-01 10:50:50,V024,136.0,1.0520763308071823
2026-06-01,2026-06-01 10:50:51,V024,136.0,1.0591576916427186
2026-06-01,2026-06-01 10:50:52,V024,136.0,1.0477843139213496
2026-06-01,2026-06-01 10:50:53,V024,136.0,1.0577414011192263
2026-06-01,2026-06-01 10:50:54,V024,136.0,1.0531229545867
2026-06-01,2026-06-01 10:50:55,V024,136.0,1.057535254544522
2026-06-01,2026-06-01 10:50:56,V024,136.0,1.064495469780115
2026-06-01,2026-06-01 10:50:57,V024,136.0,1.056426570446323
2026-06-01,2026-06-01 10:50:58,V024,136.0,1.0527589773736752
2026-06-01,2026-06-01 10:50:59,V024,136.0,1.0536331967882961
2026-06-01,2026-06-01 10:51:00,V024,136.0,1.0555244286337766
2026-06-01,2026-06-01 10:51:01,V024,135.0,1.0531541894180765
2026-06-01,2026-06-01 10:51:02,V024,135.0,1.055807830910525
2026-06-01,2026-06-01 10:51:03,V024,134.0,1.0613371707135433
2026-06-01,2026-06-01 10:51:04,V024,134.0,1.0455450321078492
2026-06-01,2026-06-01 10:51:05,V024,133.0,1.047277739390605
2026-06-01,2026-06-01 10:51:06,V024,133.0,1.0613864949696867
2026-06-01,2026-06-01 10:51:07,V024,133.0,1.0484436324931043
2026-06-01,2026-06-01 10:51:08,V024,134.0,1.0609009097995756
2026-06-01,2026-06-01 10:51:09,V024,135.0,1.0550380240973707
2026-06-01,2026-06-01 10:51:10,V024,135.0,1.0623069438339188
2026-06-01,2026-06-01 10:51:11,V024,135.0,1.0474821189946342
2026-06-01,2026-06-01 10:51:12,V024,136.0,1.0575311469649509
2026-06-01,2026-06-01 10:51:13,V024,138.0,1.059162544432917
2026-06-01,2026-06-01 10:51:14,V024,139.0,1.0534404725187894
2026-06-01,2026-06-01 10:51:15,V024,139.0,1.059779355975412
2026-06-01,2026-06-01 10:51:16,V024,140.0,1.0593776236101011
2026-06-01,2026-06-01 10:51:17,V024,141.0,1.0577088766978642
2026-06-01,2026-06-01 10:51:18,V024,141.0,1.0528172380654137
2026-06-01,2026-06-01 10:51:19,V024,141.0,1.0535997297149378
2026-06-01,2026-06-01 10:51:20,V024,141.0,1.0537616665281537
2026-06-01,2026-06-01 10:51:21,V024,141.0,1.0676890636833833
2026-06-01,2026-06-01 10:51:22,V024,141.0,1.050386270292695
2026-06-01,2026-06-01 10:51:23,V024,141.0,1.068709049397704
2026-06-01,2026-06-01 10:51:24,V024,141.0,1.103249309069698
2026-06-01,2026-06-01 10:51:25,V024,140.0,1.026307345133005
2026-06-01,2026-06-01 10:51:26,V024,140.0,1.0806108654681277
2026-06-01,2026-06-01 10:51:27,V024,140.0,1.0830174825039864
2026-06-01,2026-06-01 10:51:28,V024,140.0,1.0800770353422775
2026-06-01,2026-06-01 10:51:29,V024,139.0,1.0858294651652403
2026-06-01,2026-06-01 10:51:30,V024,138.0,1.076855270912592
2026-06-01,2026-06-01 10:51:31,V024,138.0,1.0961901665544889
2026-06-01,2026-06-01 10:51:32,V024,138.0,1.0712770138073653
2026-06-01,2026-06-01 10:51:33,V024,138.0,1.0691315730727966
2026-06-01,2026-06-01 10:51:34,V024,138.0,1.0868530338263354
2026-06-01,2026-06-01 10:51:35,V024,138.0,1.012275138547953
2026-06-01,2026-06-01 10:51:36,V024,138.0,1.105213463242958
2026-06-01,2026-06-01 10:51:37,V024,138.0,1.066173472197293
2026-06-01,2026-06-01 10:51:38,V024,139.0,1.0801982946045692
2026-06-01,2026-06-01 10:51:39,V024,139.0,1.072162887974384
2026-06-01,2026-06-01 10:51:40,V024,140.0,1.0357150767606311
2026-06-01,2026-06-01 10:51:41,V024,140.0,1.0825135043095562
2026-06-01,2026-06-01 10:51:42,V024,140.0,1.0621712988918606
2026-06-01,2026-06-01 10:51:43,V024,140.0,1.075063709724674
2026-06-01,2026-06-01 10:51:44,V024,140.0,1.0549641800181448
2026-06-01,2026-06-01 10:51:45,V024,140.0,1.0590118869805762
2026-06-01,2026-06-01 10:51:46,V024,140.0,1.0628381665215068
2026-06-01,2026-06-01 10:51:47,V024,140.0,1.0961920521321575
2026-06-01,2026-06-01 10:51:48,V024,139.0,1.0748929533651101
2026-06-01,2026-06-01 10:51:49,V024,139.0,1.0571369108270683
2026-06-01,2026-06-01 10:51:50,V024,139.0,1.0528621884953455
2026-06-01,2026-06-01 10:51:51,V024,139.0,1.076546916595883
2026-06-01,2026-06-01 10:51:52,V024,139.0,1.102609783819899
2026-06-01,2026-06-01 10:51:53,V024,140.0,1.0778116119068852
2026-06-01,2026-06-01 10:51:54,V024,140.0,1.0487392088084087
2026-06-01,2026-06-01 10:51:55,V024,140.0,1.0923759194987737
2026-06-01,2026-06-01 10:51:56,V024,141.0,1.047369395309126
2026-06-01,2026-06-01 10:51:57,V024,141.0,1.0731829485407758
2026-06-01,2026-06-01 10:51:58,V024,141.0,1.0712542593665437
2026-06-01,2026-06-01 10:51:59,V024,141.0,1.0580842566887487
2026-06-01,2026-06-01 10:52:00,V024,141.0,1.0554442679025564
2026-06-01,2026-06-01 10:52:01,V024,141.0,1.0492466210085292
2026-06-01,2026-06-01 10:52:02,V024,141.0,1.0633092097788202
2026-06-01,2026-06-01 10:52:03,V024,141.0,1.0640691624465697
2026-06-01,2026-06-01 10:52:04,V024,141.0,1.0550579358991188
2026-06-01,2026-06-01 10:52:05,V024,141.0,1.083571574845699
2026-06-01,2026-06-01 10:52:06,V024,141.0,1.154984744050168
2026-06-01,2026-06-01 10:52:07,V024,141.0,0.9728070988435499
2026-06-01,2026-06-01 10:52:08,V024,141.0,0.9821595084036445
2026-06-01,2026-06-01 10:52:09,V024,141.0,1.0242230883354964
2026-06-01,2026-06-01 10:52:10,V024,141.0,1.1395345716495178
2026-06-01,2026-06-01 10:52:11,V024,140.0,1.1292287568635968
2026-06-01,2026-06-01 10:52:12,V024,140.0,1.055512355434338
2026-06-01,2026-06-01 10:52:13,V024,139.0,1.0809970084475713
2026-06-01,2026-06-01 10:52:14,V024,138.0,1.0237226613071906
2026-06-01,2026-06-01 10:52:15,V024,137.0,0.995430753016832
2026-06-01,2026-06-01 10:52:16,V024,137.0,0.9891755897020177
2026-06-01,2026-06-01 10:52:17,V024,136.0,1.0885169231046257
2026-06-01,2026-06-01 10:52:18,V024,136.0,1.0583897739371801
2026-06-01,2026-06-01 10:52:19,V024,136.0,1.0584131523948443
2026-06-01,2026-06-01 10:52:20,V024,135.0,1.056473044051235
2026-06-01,2026-06-01 10:52:21,V024,135.0,1.071297632892694
2026-06-01,2026-06-01 10:52:22,V024,135.0,1.1188337346840587
2026-06-01,2026-06-01 10:52:23,V024,134.0,1.0476818897170566
2026-06-01,2026-06-01 10:52:24,V024,134.0,1.0919988129866094
2026-06-01,2026-06-01 10:52:25,V024,134.0,1.1011868966977667
2026-06-01,2026-06-01 10:52:26,V024,134.0,1.08373639772881
2026-06-01,2026-06-01 10:52:27,V024,133.0,1.0979307340715592
2026-06-01,2026-06-01 10:52:28,V024,133.0,1.1189850916787678
2026-06-01,2026-06-01 10:52:29,V024,133.0,1.051938534586002
2026-06-01,2026-06-01 10:52:30,V024,132.0,1.1011239652327012
2026-06-01,2026-06-01 10:52:31,V024,132.0,1.0941706051494062
2026-06-01,2026-06-01 10:52:32,V024,132.0,1.08207717214195
2026-06-01,2026-06-01 10:52:33,V024,131.0,1.079100717509163
2026-06-01,2026-06-01 10:52:34,V024,131.0,1.1204276961313957
2026-06-01,2026-06-01 10:52:35,V024,132.0,1.1389706125802646
2026-06-01,2026-06-01 10:52:36,V024,133.0,1.0637060205921958
2026-06-01,2026-06-01 10:52:37,V024,134.0,1.0529764467205969
2026-06-01,2026-06-01 10:52:38,V024,135.0,1.0789591570251793
2026-06-01,2026-06-01 10:52:39,V024,136.0,1.0968637424496126
2026-06-01,2026-06-01 10:52:40,V024,137.0,1.0599285531550495
2026-06-01,2026-06-01 10:52:41,V024,138.0,1.0673867303041138
2026-06-01,2026-06-01 10:52:42,V024,139.0,1.124490330484486
2026-06-01,2026-06-01 10:52:43,V024,140.0,1.2813077588947661
2026-06-01,2026-06-01 10:52:44,V024,140.0,0.9858556743856249
2026-06-01,2026-06-01 10:52:45,V024,140.0,1.0778332991880502
2026-06-01,2026-06-01 10:52:46,V024,141.0,1.0587472961372046
2026-06-01,2026-06-01 10:52:47,V024,140.0,1.1272971817600694
2026-06-01,2026-06-01 10:52:48,V024,140.0,1.0875140097496798
2026-06-01,2026-06-01 10:52:49,V024,139.0,1.0608330491234936
2026-06-01,2026-06-01 10:52:50,V024,138.0,1.1080110322878045
2026-06-01,2026-06-01 10:52:51,V024,138.0,1.3017620384046578
2026-06-01,2026-06-01 10:52:52,V024,137.0,0.9617873260358701
2026-06-01,2026-06-01 10:52:53,V024,134.0,1.0085816181704303
2026-06-01,2026-06-01 10:52:54,V024,133.0,1.3432569498465678
2026-06-01,2026-06-01 10:52:55,V024,133.0,0.9335215131999031
2026-06-01,2026-06-01 10:52:56,V024,131.0,1.0642832297462061
2026-06-01,2026-06-01 10:52:57,V024,129.0,1.0419166662799495
2026-06-01,2026-06-01 10:52:58,V024,128.0,1.066601841679416
2026-06-01,2026-06-01 10:52:59,V024,128.0,1.064972796975167
2026-06-01,2026-06-01 10:53:00,V024,128.0,1.1091028910172795
2026-06-01,2026-06-01 10:53:01,V024,128.0,1.0322885223722666
2026-06-01,2026-06-01 10:53:02,V024,129.0,1.139684870957411
2026-06-01,2026-06-01 10:53:03,V024,130.0,1.1864067848214275
2026-06-01,2026-06-01 10:53:04,V024,130.0,1.1831893445412303
2026-06-01,2026-06-01 10:53:05,V024,130.0,1.0790796091072052
2026-06-01,2026-06-01 10:53:06,V024,131.0,1.0750662298803142
2026-06-01,2026-06-01 10:53:07,V024,133.0,1.0700789546431229
2026-06-01,2026-06-01 10:53:08,V024,134.0,1.1048845938933174
2026-06-01,2026-06-01 10:53:09,V024,135.0,1.0952596273807491
2026-06-01,2026-06-01 10:53:10,V024,135.0,1.1396631573793918
2026-06-01,2026-06-01 10:53:11,V024,136.0,1.0445373243357972
2026-06-01,2026-06-01 10:53:12,V024,136.0,1.0942418276468013
2026-06-01,2026-06-01 10:53:13,V024,137.0,1.0618775474918745
2026-06-01,2026-06-01 10:53:14,V024,138.0,1.03900185632786
2026-06-01,2026-06-01 10:53:15,V024,139.0,1.0783713595501399
2026-06-01,2026-06-01 10:53:16,V024,139.0,1.0800458823767995
2026-06-01,2026-06-01 10:53:17,V024,140.0,1.0446203271374581
2026-06-01,2026-06-01 10:53:18,V024,141.0,1.09736298140717
2026-06-01,2026-06-01 10:53:19,V024,141.0,1.277320415843944
2026-06-01,2026-06-01 10:53:20,V024,141.0,1.499227597596331
2026-06-01,2026-06-01 10:53:21,V024,141.0,1.1125178666185807
2026-06-01,2026-06-01 10:53:22,V024,141.0,1.1164141829160041
2026-06-01,2026-06-01 10:53:23,V024,141.0,1.093588320800192
2026-06-01,2026-06-01 10:53:24,V024,141.0,1.1181410305137758
2026-06-01,2026-06-01 10:53:25,V024,142.0,1.0689222129770914
2026-06-01,2026-06-01 10:53:26,V024,142.0,1.056481164458941
2026-06-01,2026-06-01 10:53:27,V024,142.0,1.0753661674227126
2026-06-01,2026-06-01 10:53:28,V024,142.0,1.0668993178220807
2026-06-01,2026-06-01 10:53:29,V024,142.0,1.0844785244117476
2026-06-01,2026-06-01 10:53:30,V024,143.0,1.054623845789099
2026-06-01,2026-06-01 10:53:31,V024,144.0,1.0269631971362299
2026-06-01,2026-06-01 10:53:32,V024,145.0,1.4862184442312834
2026-06-01,2026-06-01 10:53:33,V024,145.0,1.4111004801098412
2026-06-01,2026-06-01 10:53:34,V024,146.0,1.0578696603944067
2026-06-01,2026-06-01 10:53:35,V024,146.0,1.1071227712821632
2026-06-01,2026-06-01 10:53:36,V024,147.0,1.0450021336572664
2026-06-01,2026-06-01 10:53:37,V024,147.0,1.0686465268821694
2026-06-01,2026-06-01 10:53:38,V024,148.0,1.0705848369211
2026-06-01,2026-06-01 10:53:39,V024,148.0,1.120346849906492
2026-06-01,2026-06-01 10:53:40,V024,148.0,1.2226989433932545
2026-06-01,2026-06-01 10:53:41,V024,148.0,1.0367743061044485
2026-06-01,2026-06-01 10:53:42,V024,149.0,1.0746462712870983
2026-06-01,2026-06-01 10:53:43,V024,150.0,1.0563736963483936
2026-06-01,2026-06-01 10:53:44,V024,150.0,1.1054841761926684
2026-06-01,2026-06-01 10:53:45,V024,150.0,1.0549351939028593
2026-06-01,2026-06-01 10:53:46,V024,150.0,1.051704651601637
2026-06-01,2026-06-01 10:53:47,V024,150.0,1.0673202930096015
2026-06-01,2026-06-01 10:53:48,V024,150.0,1.090170064050112
2026-06-01,2026-06-01 10:53:49,V024,150.0,1.1724365017985594
2026-06-01,2026-06-01 10:53:50,V024,150.0,1.2931798560104497
2026-06-01,2026-06-01 10:53:51,V024,150.0,1.300820384926973
2026-06-01,2026-06-01 10:53:52,V024,150.0,1.052059826028941
2026-06-01,2026-06-01 10:53:53,V024,150.0,1.0746911479232213
2026-06-01,2026-06-01 10:53:54,V024,150.0,1.112571419095898
2026-06-01,2026-06-01 10:53:55,V024,150.0,1.1297432047800386
2026-06-01,2026-06-01 10:53:56,V024,150.0,1.112163993995093
2026-06-01,2026-06-01 10:53:57,V024,150.0,1.0478211023634147
2026-06-01,2026-06-01 10:53:58,V024,150.0,1.0526839012098597
2026-06-01,2026-06-01 10:53:59,V024,149.0,1.063430424112362
2026-06-01,2026-06-01 10:54:00,V024,149.0,1.0525733817784257
2026-06-01,2026-06-01 10:54:01,V024,149.0,1.0548679947249204
2026-06-01,2026-06-01 10:54:02,V024,149.0,1.0595490086738442
2026-06-01,2026-06-01 10:54:03,V024,148.0,1.0570409821880467
2026-06-01,2026-06-01 10:54:04,V024,148.0,1.057416591193559
2026-06-01,2026-06-01 10:54:05,V024,147.0,1.053977553304309
2026-06-01,2026-06-01 10:54:06,V024,147.0,1.1072911451831755
2026-06-01,2026-06-01 10:54:07,V024,147.0,1.0765789319616432
2026-06-01,2026-06-01 10:54:08,V024,147.0,1.0827495458296257
2026-06-01,2026-06-01 10:54:09,V024,147.0,1.0537502366979785
2026-06-01,2026-06-01 10:54:10,V024,146.0,1.0629761724571047
2026-06-01,2026-06-01 10:54:11,V024,146.0,1.0592077469067043
2026-06-01,2026-06-01 10:54:12,V024,146.0,1.0589370431740148
2026-06-01,2026-06-01 10:54:13,V024,145.0,1.0548630152384293
2026-06-01,2026-06-01 10:54:14,V024,145.0,1.053324870797906
2026-06-01,2026-06-01 10:54:15,V024,144.0,1.0660936362826976
2026-06-01,2026-06-01 10:54:16,V024,144.0,1.0537059637186257
2026-06-01,2026-06-01 10:54:17,V024,143.0,1.0629903079166216
2026-06-01,2026-06-01 10:54:18,V024,143.0,1.0496634623266679
2026-06-01,2026-06-01 10:54:19,V024,143.0,1.0585867628962293
2026-06-01,2026-06-01 10:54:20,V024,142.0,1.0543925736097932
2026-06-01,2026-06-01 10:54:21,V024,142.0,1.0558085063275646
2026-06-01,2026-06-01 10:54:22,V024,142.0,1.1725406992374674
2026-06-01,2026-06-01 10:54:23,V024,141.0,1.0977029272322707
2026-06-01,2026-06-01 10:54:24,V024,141.0,1.056837170433636
2026-06-01,2026-06-01 10:54:25,V024,141.0,1.0653637969390901
2026-06-01,2026-06-01 10:54:26,V024,141.0,1.0435314723904652
2026-06-01,2026-06-01 10:54:27,V024,141.0,1.058632017949178
2026-06-01,2026-06-01 10:54:28,V024,141.0,1.052704643886072
2026-06-01,2026-06-01 10:54:29,V024,142.0,1.052632823970129
2026-06-01,2026-06-01 10:54:30,V024,143.0,1.080655567609222
2026-06-01,2026-06-01 10:54:31,V024,143.0,1.0486890997743825
2026-06-01,2026-06-01 10:54:32,V024,143.0,1.0514943760554374
2026-06-01,2026-06-01 10:54:33,V024,144.0,1.0490156782693585
2026-06-01,2026-06-01 10:54:34,V024,144.0,1.1266462522761715
2026-06-01,2026-06-01 10:54:35,V024,144.0,1.0852407909349238
2026-06-01,2026-06-01 10:54:36,V024,144.0,1.0736967759269105
2026-06-01,2026-06-01 10:54:37,V024,144.0,1.0557368881331004
2026-06-01,2026-06-01 10:54:38,V024,144.0,1.0593369708160771
2026-06-01,2026-06-01 10:54:39,V024,143.0,1.0582211871656062
2026-06-01,2026-06-01 10:54:40,V024,142.0,1.0853403469265257
2026-06-01,2026-06-01 10:54:41,V024,141.0,1.0739393788772522
2026-06-01,2026-06-01 10:54:42,V024,141.0,1.0658120766323922
2026-06-01,2026-06-01 10:54:43,V024,140.0,1.0347239162767659
2026-06-01,2026-06-01 10:54:44,V024,140.0,1.1502919188634086
2026-06-01,2026-06-01 10:54:45,V024,139.0,1.0506973054758657
2026-06-01,2026-06-01 10:54:46,V024,138.0,1.0478855314952893
2026-06-01,2026-06-01 10:54:47,V024,137.0,1.0596390039725996
2026-06-01,2026-06-01 10:54:48,V024,136.0,1.055994784510245
2026-06-01,2026-06-01 10:54:49,V024,136.0,1.0556058799649084
2026-06-01,2026-06-01 10:54:50,V024,135.0,1.0570616218969584
2026-06-01,2026-06-01 10:54:51,V024,135.0,1.0555792187159345
2026-06-01,2026-06-01 10:54:52,V024,135.0,1.0563228775066853
2026-06-01,2026-06-01 10:54:53,V024,134.0,1.0597146067790701
2026-06-01,2026-06-01 10:54:54,V024,134.0,1.0506974419248698
2026-06-01,2026-06-01 10:54:55,V024,134.0,1.0502612193475085
2026-06-01,2026-06-01 10:54:56,V024,134.0,1.1526782599641507
2026-06-01,2026-06-01 10:54:57,V024,134.0,1.1170640044865874
2026-06-01,2026-06-01 10:54:58,V024,134.0,1.1455125458525746
2026-06-01,2026-06-01 10:54:59,V024,135.0,1.0662491313546407
2026-06-01,2026-06-01 10:55:00,V024,135.0,1.0564041076169584
2026-06-01,2026-06-01 10:55:01,V024,135.0,1.055253842659878
2026-06-01,2026-06-01 10:55:02,V024,135.0,1.057877403305717
2026-06-01,2026-06-01 10:55:03,V024,135.0,1.0615709408437572
2026-06-01,2026-06-01 10:55:04,V024,135.0,1.058486152715847
2026-06-01,2026-06-01 10:55:05,V024,135.0,1.0589007710059941
2026-06-01,2026-06-01 10:55:06,V024,135.0,1.3168703163708553
2026-06-01,2026-06-01 10:55:07,V024,135.0,1.145440613176554
2026-06-01,2026-06-01 10:55:08,V024,135.0,1.0645738332468373
2026-06-01,2026-06-01 10:55:09,V024,135.0,1.0536125884891847
2026-06-01,2026-06-01 10:55:10,V024,136.0,1.0562786266711808
2026-06-01,2026-06-01 10:55:11,V024,136.0,1.054276576204996
2026-06-01,2026-06-01 10:55:12,V024,136.0,1.0627034821346217
2026-06-01,2026-06-01 10:55:13,V024,136.0,1.0505928777514835
2026-06-01,2026-06-01 10:55:14,V024,136.0,1.0599354491008053
2026-06-01,2026-06-01 10:55:15,V024,136.0,1.0572456452602188
2026-06-01,2026-06-01 10:55:16,V024,135.0,1.0661742178448739
2026-06-01,2026-06-01 10:55:17,V024,135.0,1.0534071960923785
2026-06-01,2026-06-01 10:55:18,V024,135.0,1.0526087063005372
2026-06-01,2026-06-01 10:55:19,V024,134.0,1.0527669550279999
2026-06-01,2026-06-01 10:55:20,V024,134.0,1.117111635352501
2026-06-01,2026-06-01 10:55:21,V024,134.0,1.1064568491988365
2026-06-01,2026-06-01 10:55:22,V024,133.0,1.039993535036651
2026-06-01,2026-06-01 10:55:23,V024,133.0,1.1469626817646645
2026-06-01,2026-06-01 10:55:24,V024,133.0,1.0435042290403895
2026-06-01,2026-06-01 10:55:25,V024,133.0,1.0619726971475274
2026-06-01,2026-06-01 10:55:26,V024,133.0,1.0697893124837858
2026-06-01,2026-06-01 10:55:27,V024,135.0,1.0521299173275915
2026-06-01,2026-06-01 10:55:28,V024,135.0,1.05315393339729
2026-06-01,2026-06-01 10:55:29,V024,135.0,1.0561635545281973
2026-06-01,2026-06-01 10:55:30,V024,135.0,1.0507043816110189
2026-06-01,2026-06-01 10:55:31,V024,135.0,1.0567409466117303
2026-06-01,2026-06-01 10:55:32,V024,136.0,1.0880455549142933
2026-06-01,2026-06-01 10:55:33,V024,136.0,1.1922569803804288
2026-06-01,2026-06-01 10:55:34,V024,136.0,1.0601236783447325
2026-06-01,2026-06-01 10:55:35,V024,136.0,1.0570087150094223
2026-06-01,2026-06-01 10:55:36,V024,136.0,1.0622592918757416
2026-06-01,2026-06-01 10:55:37,V024,136.0,1.110976331862627
2026-06-01,2026-06-01 10:55:38,V024,136.0,1.0758627862355647
2026-06-01,2026-06-01 10:55:39,V024,135.0,1.0581156432326368
2026-06-01,2026-06-01 10:55:40,V024,135.0,1.0591155571613338
2026-06-01,2026-06-01 10:55:41,V024,135.0,1.0704248889103911
2026-06-01,2026-06-01 10:55:42,V024,135.0,1.0452729226465072
2026-06-01,2026-06-01 10:55:43,V024,135.0,1.0589014391791707
2026-06-01,2026-06-01 10:55:44,V024,135.0,1.0819543555810367
2026-06-01,2026-06-01 10:55:45,V024,136.0,1.0596555548298885
2026-06-01,2026-06-01 10:55:46,V024,136.0,1.1352275640911165
2026-06-01,2026-06-01 10:55:47,V024,136.0,1.1602455747563134
2026-06-01,2026-06-01 10:55:48,V024,137.0,1.1216662609859451
2026-06-01,2026-06-01 10:55:49,V024,137.0,1.1039769393633756
2026-06-01,2026-06-01 10:55:50,V024,137.0,1.0455755556511013
2026-06-01,2026-06-01 10:55:51,V024,137.0,1.0540972882888087
2026-06-01,2026-06-01 10:55:52,V024,137.0,1.046330286421401
2026-06-01,2026-06-01 10:55:53,V024,137.0,1.0821889571148353
2026-06-01,2026-06-01 10:55:54,V024,137.0,1.4098850025421412
2026-06-01,2026-06-01 10:55:55,V024,137.0,1.1219185301843146
2026-06-01,2026-06-01 10:55:56,V024,137.0,1.0561477376357882
2026-06-01,2026-06-01 10:55:57,V024,138.0,1.0636817274453412
2026-06-01,2026-06-01 10:55:58,V024,139.0,1.0610966251254703
2026-06-01,2026-06-01 10:55:59,V024,139.0,1.108195358696649
2026-06-01,2026-06-01 10:56:00,V024,140.0,1.0550601194604714
2026-06-01,2026-06-01 10:56:01,V024,142.0,1.0538665391143196
2026-06-01,2026-06-01 10:56:02,V024,143.0,1.0536509880446516
2026-06-01,2026-06-01 10:56:03,V024,143.0,1.0548825445199337
2026-06-01,2026-06-01 10:56:04,V024,144.0,1.2879539767376147
2026-06-01,2026-06-01 10:56:05,V024,144.0,1.1440734161276331
2026-06-01,2026-06-01 10:56:06,V024,144.0,1.0955795854646064
2026-06-01,2026-06-01 10:56:07,V024,143.0,1.0760687247690195
2026-06-01,2026-06-01 10:56:08,V024,142.0,1.0511044514098689
2026-06-01,2026-06-01 10:56:09,V024,142.0,1.0470101882050658
2026-06-01,2026-06-01 10:56:10,V024,141.0,1.098959533373968
2026-06-01,2026-06-01 10:56:11,V024,141.0,1.054787090305007
2026-06-01,2026-06-01 10:56:12,V024,141.0,1.052617607809005
2026-06-01,2026-06-01 10:56:13,V024,140.0,1.1568972411400662
2026-06-01,2026-06-01 10:56:14,V024,139.0,1.0754737004627928
2026-06-01,2026-06-01 10:56:15,V024,139.0,1.0612323219010655
2026-06-01,2026-06-01 10:56:16,V024,139.0,1.0606544986689277
2026-06-01,2026-06-01 10:56:17,V024,139.0,1.0636909444201874
2026-06-01,2026-06-01 10:56:18,V024,139.0,1.0756687884066798
2026-06-01,2026-06-01 10:56:19,V024,139.0,1.1125852384136157
2026-06-01,2026-06-01 10:56:20,V024,139.0,1.0673137394001542
2026-06-01,2026-06-01 10:56:21,V024,139.0,1.0565957571216196
2026-06-01,2026-06-01 10:56:22,V024,139.0,1.059939282442892
2026-06-01,2026-06-01 10:56:23,V024,139.0,1.0613819849516364
2026-06-01,2026-06-01 10:56:24,V024,139.0,1.1787263371715275
2026-06-01,2026-06-01 10:56:25,V024,140.0,1.0081633353727748
2026-06-01,2026-06-01 10:56:26,V024,140.0,1.2032014844724637
2026-06-01,2026-06-01 10:56:27,V024,140.0,1.062221473593935
2026-06-01,2026-06-01 10:56:28,V024,139.0,1.3656289061766071
2026-06-01,2026-06-01 10:56:29,V024,139.0,0.995722794416458
2026-06-01,2026-06-01 10:56:30,V024,140.0,1.0937190169997386
2026-06-01,2026-06-01 10:56:31,V024,139.0,1.103917717066081
2026-06-01,2026-06-01 10:56:32,V024,139.0,1.1017512414306319
2026-06-01,2026-06-01 10:56:33,V024,138.0,1.1060668661095039
2026-06-01,2026-06-01 10:56:34,V024,137.0,1.1120526173517324
2026-06-01,2026-06-01 10:56:35,V024,137.0,1.0745317332750848
2026-06-01,2026-06-01 10:56:36,V024,137.0,1.0811031800899344
2026-06-01,2026-06-01 10:56:37,V024,136.0,1.0392247308523372
2026-06-01,2026-06-01 10:56:38,V024,137.0,1.4538403001193674
2026-06-01,2026-06-01 10:56:39,V024,137.0,1.1382514221134137
2026-06-01,2026-06-01 10:56:40,V024,138.0,1.1114230200965272
2026-06-01,2026-06-01 10:56:41,V024,138.0,1.108157542931184
2026-06-01,2026-06-01 10:56:42,V024,139.0,1.0987534189132122
2026-06-01,2026-06-01 10:56:43,V024,138.0,1.0572799236804886
2026-06-01,2026-06-01 10:56:44,V024,138.0,1.3518880415770849
2026-06-01,2026-06-01 10:56:45,V024,138.0,1.1732617091530197
2026-06-01,2026-06-01 10:56:46,V024,138.0,1.0522760448005968
2026-06-01,2026-06-01 10:56:47,V024,139.0,1.0795774430320095
2026-06-01,2026-06-01 10:56:48,V024,139.0,1.139664224720541
2026-06-01,2026-06-01 10:56:49,V024,140.0,1.0875595025486244
2026-06-01,2026-06-01 10:56:50,V024,141.0,1.0464337234553835
2026-06-01,2026-06-01 10:56:51,V024,141.0,1.0504090270997248
2026-06-01,2026-06-01 10:56:52,V024,142.0,1.0799161353183866
2026-06-01,2026-06-01 10:56:53,V024,142.0,1.0594957636644262
2026-06-01,2026-06-01 10:56:54,V024,143.0,1.0534931491724517
2026-06-01,2026-06-01 10:56:55,V024,143.0,1.0528234577007012
2026-06-01,2026-06-01 10:56:56,V024,143.0,1.053546694961176
2026-06-01,2026-06-01 10:56:57,V024,144.0,1.0544284934973314
2026-06-01,2026-06-01 10:56:58,V024,144.0,1.0554991779950729
2026-06-01,2026-06-01 10:56:59,V024,144.0,1.0827383340110108
2026-06-01,2026-06-01 10:57:00,V024,144.0,1.0567551611451211
2026-06-01,2026-06-01 10:57:01,V024,145.0,1.1000776768895772
2026-06-01,2026-06-01 10:57:02,V024,145.0,1.0616189845397865
2026-06-01,2026-06-01 10:57:03,V024,145.0,1.0532962329081925
2026-06-01,2026-06-01 10:57:04,V024,146.0,1.0667481399190017
2026-06-01,2026-06-01 10:57:05,V024,146.0,1.2510291548257362
2026-06-01,2026-06-01 10:57:06,V024,146.0,1.0054069145449416
2026-06-01,2026-06-01 10:57:07,V024,146.0,1.0461303785665368
2026-06-01,2026-06-01 10:57:08,V024,146.0,1.0493573221219377
2026-06-01,2026-06-01 10:57:09,V024,146.0,1.065636644753035
2026-06-01,2026-06-01 10:57:10,V024,146.0,1.0573381961092354
2026-06-01,2026-06-01 10:57:11,V024,146.0,1.0525423375791114
2026-06-01,2026-06-01 10:57:12,V024,146.0,1.0778326881410227
2026-06-01,2026-06-01 10:57:13,V024,147.0,1.0612926661336521
2026-06-01,2026-06-01 10:57:14,V024,147.0,1.0910297277134202
2026-06-01,2026-06-01 10:57:15,V024,148.0,1.0590456673086182
2026-06-01,2026-06-01 10:57:16,V024,148.0,1.0580711088144297
2026-06-01,2026-06-01 10:57:17,V024,149.0,1.1312605507197757
2026-06-01,2026-06-01 10:57:18,V024,149.0,0.9845812423722795
2026-06-01,2026-06-01 10:57:19,V024,149.0,1.1559609884280768
2026-06-01,2026-06-01 10:57:20,V024,149.0,1.0507319002107238
2026-06-01,2026-06-01 10:57:21,V024,149.0,1.054733341754477
2026-06-01,2026-06-01 10:57:22,V024,149.0,1.054265779660397
2026-06-01,2026-06-01 10:57:23,V024,148.0,1.05381660418197
2026-06-01,2026-06-01 10:57:24,V024,147.0,1.0538736002319213
2026-06-01,2026-06-01 10:57:25,V024,146.0,1.0521944199912403
2026-06-01,2026-06-01 10:57:26,V024,145.0,1.0505138117142592
2026-06-01,2026-06-01 10:57:27,V024,144.0,1.1600299280008688
2026-06-01,2026-06-01 10:57:28,V024,143.0,1.0533568940717504
2026-06-01,2026-06-01 10:57:29,V024,142.0,1.0628884553174371
2026-06-01,2026-06-01 10:57:30,V024,141.0,1.1003343082514103
2026-06-01,2026-06-01 10:57:31,V024,141.0,1.0816095778061114
2026-06-01,2026-06-01 10:57:32,V024,141.0,1.0646130424733382
2026-06-01,2026-06-01 10:57:33,V024,140.0,1.0658370708065592
2026-06-01,2026-06-01 10:57:34,V024,140.0,1.0470397821225501
2026-06-01,2026-06-01 10:57:35,V024,140.0,1.1402895571331437
2026-06-01,2026-06-01 10:57:36,V024,140.0,1.043585007202474
2026-06-01,2026-06-01 10:57:37,V024,140.0,1.0763648687410416
2026-06-01,2026-06-01 10:57:38,V024,140.0,1.051391631697354
2026-06-01,2026-06-01 10:57:39,V024,140.0,1.0591245172450887
2026-06-01,2026-06-01 10:57:40,V024,140.0,1.106627670439977
2026-06-01,2026-06-01 10:57:41,V024,139.0,1.061229835882991
2026-06-01,2026-06-01 10:57:42,V024,139.0,1.0561625863667312
2026-06-01,2026-06-01 10:57:43,V024,138.0,1.0573870129509888
2026-06-01,2026-06-01 10:57:44,V024,138.0,1.0595504528295507
2026-06-01,2026-06-01 10:57:45,V024,138.0,1.0520634483232825
2026-06-01,2026-06-01 10:57:46,V024,138.0,1.0610302837733774
2026-06-01,2026-06-01 10:57:47,V024,138.0,1.0845138268256083
2026-06-01,2026-06-01 10:57:48,V024,138.0,1.0572938313373152
2026-06-01,2026-06-01 10:57:49,V024,138.0,1.0639133013444595
2026-06-01,2026-06-01 10:57:50,V024,138.0,1.0245517302982943
2026-06-01,2026-06-01 10:57:51,V024,138.0,1.0738269348656606
2026-06-01,2026-06-01 10:57:52,V024,138.0,1.0540649152759807
2026-06-01,2026-06-01 10:57:53,V024,136.0,1.0823247715066622
2026-06-01,2026-06-01 10:57:54,V024,136.0,1.155360538099914
2026-06-01,2026-06-01 10:57:55,V024,136.0,1.1586566792395614
2026-06-01,2026-06-01 10:57:56,V024,135.0,1.063173061774742
2026-06-01,2026-06-01 10:57:57,V024,133.0,1.1435872840121146
2026-06-01,2026-06-01 10:57:58,V024,133.0,1.065757657279586
2026-06-01,2026-06-01 10:57:59,V024,133.0,1.058545843827161
2026-06-01,2026-06-01 10:58:00,V024,133.0,1.0520224515100058
2026-06-01,2026-06-01 10:58:01,V024,133.0,1.0544382813265942
2026-06-01,2026-06-01 10:58:02,V024,133.0,1.05589433104093
2026-06-01,2026-06-01 10:58:03,V024,134.0,1.0532629131207483
2026-06-01,2026-06-01 10:58:04,V024,134.0,1.0528594327932785
2026-06-01,2026-06-01 10:58:05,V024,135.0,1.0583455322995041
2026-06-01,2026-06-01 10:58:06,V024,135.0,1.0608128546781188
2026-06-01,2026-06-01 10:58:07,V024,136.0,1.0803749752519047
2026-06-01,2026-06-01 10:58:08,V024,137.0,1.0559391481924458
2026-06-01,2026-06-01 10:58:09,V024,137.0,1.0574237031761118
2026-06-01,2026-06-01 10:58:10,V024,137.0,1.0623706452358679
2026-06-01,2026-06-01 10:58:11,V024,137.0,1.083663391987651
2026-06-01,2026-06-01 10:58:12,V024,137.0,1.1146262039097259
2026-06-01,2026-06-01 10:58:13,V024,137.0,1.0504269461950178
2026-06-01,2026-06-01 10:58:14,V024,137.0,1.0588987877158653
2026-06-01,2026-06-01 10:58:15,V024,137.0,1.0539976846383352
2026-06-01,2026-06-01 10:58:16,V024,137.0,1.0612596208509928
2026-06-01,2026-06-01 10:58:17,V024,137.0,1.0523723570388472
2026-06-01,2026-06-01 10:58:18,V024,137.0,1.0566819626824502
2026-06-01,2026-06-01 10:58:19,V024,137.0,1.0701564388076077
2026-06-01,2026-06-01 10:58:20,V024,138.0,1.1411943600740562
2026-06-01,2026-06-01 10:58:21,V024,138.0,1.0334048237630005
2026-06-01,2026-06-01 10:58:22,V024,139.0,1.0769695767892618
2026-06-01,2026-06-01 10:58:23,V024,139.0,1.074230328268043
2026-06-01,2026-06-01 10:58:24,V024,139.0,1.0620152253776156
2026-06-01,2026-06-01 10:58:25,V024,138.0,1.0559206709661735
2026-06-01,2026-06-01 10:58:26,V024,138.0,1.0532364576419984
2026-06-01,2026-06-01 10:58:27,V024,137.0,1.231237949803364
2026-06-01,2026-06-01 10:58:28,V024,137.0,1.3342927856143665
2026-06-01,2026-06-01 10:58:29,V024,136.0,1.132885558373288
2026-06-01,2026-06-01 10:58:30,V024,136.0,1.131201474983244
2026-06-01,2026-06-01 10:58:31,V024,136.0,1.0276326389523318
2026-06-01,2026-06-01 10:58:32,V024,136.0,1.1509135548729972
2026-06-01,2026-06-01 10:58:33,V024,136.0,1.08170227007281
2026-06-01,2026-06-01 10:58:34,V024,136.0,1.0642973330266121
2026-06-01,2026-06-01 10:58:35,V024,136.0,1.0549988037413538
2026-06-01,2026-06-01 10:58:36,V024,136.0,1.0536584568262615
2026-06-01,2026-06-01 10:58:37,V024,136.0,1.057456075044976
2026-06-01,2026-06-01 10:58:38,V024,136.0,1.0511108615579938
2026-06-01,2026-06-01 10:58:39,V024,136.0,1.0536586422489636
2026-06-01,2026-06-01 10:58:40,V024,135.0,1.0582360574060725
2026-06-01,2026-06-01 10:58:41,V024,135.0,1.031208096971362
2026-06-01,2026-06-01 10:58:42,V024,135.0,1.1612238090075226
2026-06-01,2026-06-01 10:58:43,V024,136.0,1.1721367906872853
2026-06-01,2026-06-01 10:58:44,V024,136.0,1.0416730249626676
2026-06-01,2026-06-01 10:58:45,V024,136.0,1.0720611222654453
2026-06-01,2026-06-01 10:58:46,V024,136.0,1.0620072141635657
2026-06-01,2026-06-01 10:58:47,V024,136.0,1.0533555479955763
2026-06-01,2026-06-01 10:58:48,V024,136.0,1.0578968216040874
2026-06-01,2026-06-01 10:58:49,V024,136.0,1.0607365038296186
2026-06-01,2026-06-01 10:58:50,V024,137.0,1.0417675657100407
2026-06-01,2026-06-01 10:58:51,V024,137.0,1.078743406669963
2026-06-01,2026-06-01 10:58:52,V024,137.0,1.1415945843742552
2026-06-01,2026-06-01 10:58:53,V024,138.0,1.0442014479265112
2026-06-01,2026-06-01 10:58:54,V024,138.0,1.1166903307257117
2026-06-01,2026-06-01 10:58:55,V024,138.0,1.0612514223410452
2026-06-01,2026-06-01 10:58:56,V024,138.0,1.0473717178354818
2026-06-01,2026-06-01 10:58:57,V024,137.0,1.1061739109127755
2026-06-01,2026-06-01 10:58:58,V024,137.0,1.0933852943400595
2026-06-01,2026-06-01 10:58:59,V024,136.0,1.0574992579764433
2026-06-01,2026-06-01 10:59:00,V024,135.0,1.0697866462065464
2026-06-01,2026-06-01 10:59:01,V024,135.0,1.0896809951561928
2026-06-01,2026-06-01 10:59:02,V024,135.0,1.022299495266375
2026-06-01,2026-06-01 10:59:03,V024,135.0,1.082200451096608
2026-06-01,2026-06-01 10:59:04,V024,135.0,1.0549921737919734
2026-06-01,2026-06-01 10:59:05,V024,134.0,1.0760702317013604
2026-06-01,2026-06-01 10:59:06,V024,134.0,1.0574543358686828
2026-06-01,2026-06-01 10:59:07,V024,134.0,1.0522706855968036
2026-06-01,2026-06-01 10:59:08,V024,134.0,1.0565981775891484
2026-06-01,2026-06-01 10:59:09,V024,134.0,1.0534267522241296
2026-06-01,2026-06-01 10:59:10,V024,134.0,1.05365741055392
2026-06-01,2026-06-01 10:59:11,V024,133.0,1.059819084635561
2026-06-01,2026-06-01 10:59:12,V024,133.0,1.052176724532963
2026-06-01,2026-06-01 10:59:13,V024,133.0,1.055931516979442
2026-06-01,2026-06-01 10:59:14,V024,133.0,1.0537109169519798
2026-06-01,2026-06-01 10:59:15,V024,133.0,1.0601736443295158
2026-06-01,2026-06-01 10:59:16,V024,133.0,1.0587954824901658
2026-06-01,2026-06-01 10:59:17,V024,134.0,1.0508586805257512
2026-06-01,2026-06-01 10:59:18,V024,134.0,1.0562545054784829
2026-06-01,2026-06-01 10:59:19,V024,134.0,1.112244538649875
2026-06-01,2026-06-01 10:59:20,V024,134.0,1.03818662384742
2026-06-01,2026-06-01 10:59:21,V024,134.0,1.0932960076157319
2026-06-01,2026-06-01 10:59:22,V024,135.0,1.0995594763893681
2026-06-01,2026-06-01 10:59:23,V024,136.0,1.146246616437498
2026-06-01,2026-06-01 10:59:24,V024,137.0,1.1296219745946656
2026-06-01,2026-06-01 10:59:25,V024,138.0,1.2815195338570502
2026-06-01,2026-06-01 10:59:26,V024,138.0,1.072470371764193
2026-06-01,2026-06-01 10:59:27,V024,139.0,1.1160747052513793
2026-06-01,2026-06-01 10:59:28,V024,139.0,1.0548038837321638
2026-06-01,2026-06-01 10:59:29,V024,139.0,1.0550814419791668
2026-06-01,2026-06-01 10:59:30,V024,139.0,1.1195308707049696
2026-06-01,2026-06-01 10:59:31,V024,139.0,1.0712217862864544
2026-06-01,2026-06-01 10:59:32,V024,138.0,1.054682264324772
2026-06-01,2026-06-01 10:59:33,V024,138.0,1.0560287724652258
2026-06-01,2026-06-01 10:59:34,V024,138.0,1.1322317642427957
2026-06-01,2026-06-01 10:59:35,V024,138.0,0.9804294581844772
2026-06-01,2026-06-01 10:59:36,V024,138.0,1.0721792896823565
2026-06-01,2026-06-01 10:59:37,V024,138.0,1.0754450315575832
2026-06-01,2026-06-01 10:59:38,V024,138.0,1.0573108597869854
2026-06-01,2026-06-01 10:59:39,V024,139.0,1.0447524930928622
2026-06-01,2026-06-01 10:59:40,V024,139.0,1.1435249508009857
2026-06-01,2026-06-01 10:59:41,V024,139.0,1.1387719400880596
2026-06-01,2026-06-01 10:59:42,V024,139.0,1.0631334608521539
2026-06-01,2026-06-01 10:59:43,V024,139.0,1.0644030965931277
2026-06-01,2026-06-01 10:59:44,V024,139.0,1.0869152987443096
2026-06-01,2026-06-01 10:59:45,V024,138.0,1.066917193355221
2026-06-01,2026-06-01 10:59:46,V024,138.0,1.0356951236042795
2026-06-01,2026-06-01 10:59:47,V024,138.0,1.1023685374402976
2026-06-01,2026-06-01 10:59:48,V024,138.0,1.0777982997944873
2026-06-01,2026-06-01 10:59:49,V024,138.0,1.0585013830076337
2026-06-01,2026-06-01 10:59:50,V024,138.0,1.0537955758545205
2026-06-01,2026-06-01 10:59:51,V024,138.0,1.0611222959746018
2026-06-01,2026-06-01 10:59:52,V024,138.0,1.0501895016449363
2026-06-01,2026-06-01 10:59:53,V024,137.0,1.0601292947920402
2026-06-01,2026-06-01 10:59:54,V024,137.0,1.0794108317069078
2026-06-01,2026-06-01 10:59:55,V024,137.0,1.4479607087897894
2026-06-01,2026-06-01 10:59:56,V024,137.0,1.1597973764857612
2026-06-01,2026-06-01 10:59:57,V024,137.0,1.086214610992197
2026-06-01,2026-06-01 10:59:58,V024,137.0,1.1598573015869218
2026-06-01,2026-06-01 10:59:59,V024,137.0,1.0656198921550215
2026-06-01,2026-06-01 11:00:00,V024,137.0,1.1282502601200446
2026-06-01,2026-06-01 11:00:01,V024,137.0,1.198382345460683
2026-06-01,2026-06-01 11:00:02,V024,137.0,1.0978510502051888
2026-06-01,2026-06-01 11:00:03,V024,138.0,1.0693053001426411
2026-06-01,2026-06-01 11:00:04,V024,138.0,1.0548346911399897
2026-06-01,2026-06-01 11:00:05,V024,137.0,1.0565929801326468
2026-06-01,2026-06-01 11:00:06,V024,137.0,1.0507138789501882
2026-06-01,2026-06-01 11:00:07,V024,137.0,1.0563527820425143
2026-06-01,2026-06-01 11:00:08,V024,137.0,1.0401150175086789
2026-06-01,2026-06-01 11:00:09,V024,137.0,1.1027989205818942
2026-06-01,2026-06-01 11:00:10,V024,137.0,1.0570054979387926
2026-06-01,2026-06-01 11:00:11,V024,138.0,1.055859476489724
2026-06-01,2026-06-01 11:00:12,V024,138.0,1.0587876771146976
2026-06-01,2026-06-01 11:00:13,V024,138.0,1.0503935493493817
2026-06-01,2026-06-01 11:00:14,V024,138.0,1.0551288093297204
2026-06-01,2026-06-01 11:00:15,V024,137.0,1.0528294590994292
2026-06-01,2026-06-01 11:00:16,V024,137.0,1.0545507353687582
2026-06-01,2026-06-01 11:00:17,V024,137.0,1.0819364034699985
2026-06-01,2026-06-01 11:00:18,V024,137.0,1.0485307556987635
2026-06-01,2026-06-01 11:00:19,V024,137.0,1.0652801368683587
2026-06-01,2026-06-01 11:00:20,V024,137.0,1.0549875664076822
2026-06-01,2026-06-01 11:00:21,V024,137.0,1.0550546695901855
2026-06-01,2026-06-01 11:00:22,V024,138.0,1.052078824474537
2026-06-01,2026-06-01 11:00:23,V024,140.0,1.0002344575682502
2026-06-01,2026-06-01 11:00:24,V024,141.0,1.1312595117823556
2026-06-01,2026-06-01 11:00:25,V024,141.0,1.0651048649341492
2026-06-01,2026-06-01 11:00:26,V024,141.0,1.055877436677826
2026-06-01,2026-06-01 11:00:27,V024,141.0,1.0544639447668847
2026-06-01,2026-06-01 11:00:28,V024,142.0,1.052551866642622
2026-06-01,2026-06-01 11:00:29,V024,141.0,1.0614324798808614
2026-06-01,2026-06-01 11:00:30,V024,141.0,1.0410049201145266
2026-06-01,2026-06-01 11:00:31,V024,141.0,1.064753787161193
2026-06-01,2026-06-01 11:00:32,V024,141.0,1.0543485861678188
2026-06-01,2026-06-01 11:00:33,V024,141.0,1.0551406539506476
2026-06-01,2026-06-01 11:00:34,V024,140.0,1.0528067438437003
2026-06-01,2026-06-01 11:00:35,V024,140.0,1.0548400165974192
2026-06-01,2026-06-01 11:00:36,V024,140.0,1.05566843082149
2026-06-01,2026-06-01 11:00:37,V024,139.0,1.3977509525360619
2026-06-01,2026-06-01 11:00:38,V024,138.0,1.3507179044009714
2026-06-01,2026-06-01 11:00:39,V024,138.0,1.2093081608822072
2026-06-01,2026-06-01 11:00:40,V024,137.0,1.3173795113396825
2026-06-01,2026-06-01 11:00:41,V024,137.0,0.9862246025967798
2026-06-01,2026-06-01 11:00:42,V024,137.0,1.103799076473265
2026-06-01,2026-06-01 11:00:43,V024,137.0,1.1104241121368124
2026-06-01,2026-06-01 11:00:44,V024,136.0,1.101530809008604
2026-06-01,2026-06-01 11:00:45,V024,136.0,1.2208119087754243
2026-06-01,2026-06-01 11:00:46,V024,136.0,1.0361637524708736
2026-06-01,2026-06-01 11:00:47,V024,135.0,1.062912912937153
2026-06-01,2026-06-01 11:00:48,V024,135.0,1.05226118549408
2026-06-01,2026-06-01 11:00:49,V024,135.0,1.0528954513522588
2026-06-01,2026-06-01 11:00:50,V024,135.0,1.05817015619897
2026-06-01,2026-06-01 11:00:51,V024,135.0,1.0613433853635763
2026-06-01,2026-06-01 11:00:52,V024,136.0,1.0477209285113243
2026-06-01,2026-06-01 11:00:53,V024,136.0,1.0577053191939674
2026-06-01,2026-06-01 11:00:54,V024,137.0,1.0529799031498797
2026-06-01,2026-06-01 11:00:55,V024,137.0,1.0573496004726113
2026-06-01,2026-06-01 11:00:56,V024,137.0,1.047187932325728
2026-06-01,2026-06-01 11:00:57,V024,137.0,1.067720544889843
2026-06-01,2026-06-01 11:00:58,V024,137.0,1.0546629359242339
2026-06-01,2026-06-01 11:00:59,V024,137.0,1.0524325818176345
2026-06-01,2026-06-01 11:01:00,V024,136.0,1.0539455143467846
2026-06-01,2026-06-01 11:01:01,V024,136.0,1.0545429215064732
2026-06-01,2026-06-01 11:01:02,V024,136.0,1.0547979694419536
2026-06-01,2026-06-01 11:01:03,V024,137.0,1.098713683748309
2026-06-01,2026-06-01 11:01:04,V024,137.0,1.0545871327745204
2026-06-01,2026-06-01 11:01:05,V024,138.0,1.059031264879286
2026-06-01,2026-06-01 11:01:06,V024,138.0,1.0685897872447774
2026-06-01,2026-06-01 11:01:07,V024,140.0,1.0537525280976796
2026-06-01,2026-06-01 11:01:08,V024,141.0,1.0550321437174197
2026-06-01,2026-06-01 11:01:09,V024,142.0,1.20846964061811
2026-06-01,2026-06-01 11:01:10,V024,143.0,1.1279432733067976
2026-06-01,2026-06-01 11:01:11,V024,143.0,1.0899324805793238
2026-06-01,2026-06-01 11:01:12,V024,143.0,1.0956031314234858
2026-06-01,2026-06-01 11:01:13,V024,145.0,1.1213724996710472
2026-06-01,2026-06-01 11:01:14,V024,145.0,1.096073391654915
2026-06-01,2026-06-01 11:01:15,V024,145.0,1.1145957383077674
2026-06-01,2026-06-01 11:01:16,V024,146.0,1.0851720299097838
2026-06-01,2026-06-01 11:01:17,V024,145.0,1.103221886305724
2026-06-01,2026-06-01 11:01:18,V024,145.0,1.1036998427951172
2026-06-01,2026-06-01 11:01:19,V024,144.0,1.088248242895349
2026-06-01,2026-06-01 11:01:20,V024,143.0,1.1586738086233614
2026-06-01,2026-06-01 11:01:21,V024,143.0,1.0595636150349106
2026-06-01,2026-06-01 11:01:22,V024,143.0,1.2945648978197046
2026-06-01,2026-06-01 11:01:23,V024,142.0,1.048916690900375
2026-06-01,2026-06-01 11:01:24,V024,141.0,1.0687762023607357
2026-06-01,2026-06-01 11:01:25,V024,141.0,1.0552103251438576
2026-06-01,2026-06-01 11:01:26,V024,141.0,1.0633565675800465
2026-06-01,2026-06-01 11:01:27,V024,141.0,1.0857260671703413
2026-06-01,2026-06-01 11:01:28,V024,141.0,1.050890869877911
2026-06-01,2026-06-01 11:01:29,V024,141.0,1.0556924660977705
2026-06-01,2026-06-01 11:01:30,V024,141.0,1.0553464718764796
2026-06-01,2026-06-01 11:01:31,V024,141.0,1.0699657755201974
2026-06-01,2026-06-01 11:01:32,V024,141.0,1.069502404411017
2026-06-01,2026-06-01 11:01:33,V024,141.0,1.1029017222999673
2026-06-01,2026-06-01 11:01:34,V024,142.0,1.0966929971222175
2026-06-01,2026-06-01 11:01:35,V024,141.0,1.0854680368395278
2026-06-01,2026-06-01 11:01:36,V024,141.0,1.0705031608702409
2026-06-01,2026-06-01 11:01:37,V024,140.0,1.070260195901731
2026-06-01,2026-06-01 11:01:38,V024,139.0,1.0545780986072066
2026-06-01,2026-06-01 11:01:39,V024,138.0,1.0519048287896229
2026-06-01,2026-06-01 11:01:40,V024,138.0,1.0575779917147652
2026-06-01,2026-06-01 11:01:41,V024,137.0,1.061996669036816
2026-06-01,2026-06-01 11:01:42,V024,136.0,1.0563959097692635
2026-06-01,2026-06-01 11:01:43,V024,136.0,1.052587557288836
2026-06-01,2026-06-01 11:01:44,V024,136.0,1.0578383811732532
2026-06-01,2026-06-01 11:01:45,V024,136.0,1.0996645710531094
2026-06-01,2026-06-01 11:01:46,V024,137.0,1.0759806512740262
2026-06-01,2026-06-01 11:01:47,V024,138.0,1.0563873020915429
2026-06-01,2026-06-01 11:01:48,V024,139.0,1.0568385581453281
2026-06-01,2026-06-01 11:01:49,V024,139.0,1.0481668941253675
2026-06-01,2026-06-01 11:01:50,V024,140.0,1.0565052559220522
2026-06-01,2026-06-01 11:01:51,V024,140.0,1.0519203522393488
2026-06-01,2026-06-01 11:01:52,V024,140.0,1.0596569681996684
2026-06-01,2026-06-01 11:01:53,V024,140.0,1.0569210409814165
2026-06-01,2026-06-01 11:01:54,V024,139.0,1.0648788038248949
2026-06-01,2026-06-01 11:01:55,V024,139.0,1.0502235452848891
2026-06-01,2026-06-01 11:01:56,V024,139.0,1.063436820057809
2026-06-01,2026-06-01 11:01:57,V024,139.0,1.0538473276978806
2026-06-01,2026-06-01 11:01:58,V024,139.0,1.0564383620890982
2026-06-01,2026-06-01 11:01:59,V024,139.0,1.0496580554584662
2026-06-01,2026-06-01 11:02:00,V024,139.0,1.058258468048594
2026-06-01,2026-06-01 11:02:01,V024,139.0,1.0720250903171449
2026-06-01,2026-06-01 11:02:02,V024,139.0,1.1785624303149556
2026-06-01,2026-06-01 11:02:03,V024,138.0,1.0699081803140873
2026-06-01,2026-06-01 11:02:04,V024,137.0,1.11739847591053
2026-06-01,2026-06-01 11:02:05,V024,137.0,1.0456248303683613
2026-06-01,2026-06-01 11:02:06,V024,137.0,1.0645172167368349
2026-06-01,2026-06-01 11:02:07,V024,137.0,1.0683817191185265
2026-06-01,2026-06-01 11:02:08,V024,137.0,1.053919991408179
2026-06-01,2026-06-01 11:02:09,V024,136.0,1.0534736045351598
2026-06-01,2026-06-01 11:02:10,V024,136.0,1.058567199302829
2026-06-01,2026-06-01 11:02:11,V024,135.0,1.0520547570960799
2026-06-01,2026-06-01 11:02:12,V024,134.0,1.0746921363709616
2026-06-01,2026-06-01 11:02:13,V024,134.0,1.028176580771334
2026-06-01,2026-06-01 11:02:14,V024,133.0,1.0678478829416342
2026-06-01,2026-06-01 11:02:15,V024,132.0,1.0546949964047942
2026-06-01,2026-06-01 11:02:16,V024,132.0,1.0551292494959315
2026-06-01,2026-06-01 11:02:17,V024,132.0,1.0585724165354333
2026-06-01,2026-06-01 11:02:18,V024,131.0,1.1801910335894803
2026-06-01,2026-06-01 11:02:19,V024,131.0,1.064673558080062
2026-06-01,2026-06-01 11:02:20,V024,131.0,1.0551995900663198
2026-06-01,2026-06-01 11:02:21,V024,131.0,1.0531576044815096
2026-06-01,2026-06-01 11:02:22,V024,131.0,1.0511698190101297
2026-06-01,2026-06-01 11:02:23,V024,132.0,1.0593143511332344
2026-06-01,2026-06-01 11:02:24,V024,132.0,1.0604390073073897
2026-06-01,2026-06-01 11:02:25,V024,132.0,1.0569219873879212
2026-06-01,2026-06-01 11:02:26,V024,133.0,1.0579574049366782
2026-06-01,2026-06-01 11:02:27,V024,133.0,1.0519869652330405
2026-06-01,2026-06-01 11:02:28,V024,133.0,1.058779535680978
2026-06-01,2026-06-01 11:02:29,V024,133.0,1.061531092941573
2026-06-01,2026-06-01 11:02:30,V024,133.0,1.0531438150182675
2026-06-01,2026-06-01 11:02:31,V024,132.0,1.055025799478903
2026-06-01,2026-06-01 11:02:32,V024,132.0,1.036868547935477
2026-06-01,2026-06-01 11:02:33,V024,132.0,1.180667947804547
2026-06-01,2026-06-01 11:02:34,V024,132.0,1.024614911681707
2026-06-01,2026-06-01 11:02:35,V024,132.0,1.127566368663551
2026-06-01,2026-06-01 11:02:36,V024,132.0,1.1086426794055952
2026-06-01,2026-06-01 11:02:37,V024,132.0,1.0559030370171916
2026-06-01,2026-06-01 11:02:38,V024,132.0,1.1853034879296136
2026-06-01,2026-06-01 11:02:39,V024,132.0,1.0792905180065508
2026-06-01,2026-06-01 11:02:40,V024,133.0,1.0511046095772534
2026-06-01,2026-06-01 11:02:41,V024,133.0,1.0593764502146743
2026-06-01,2026-06-01 11:02:42,V024,134.0,1.106484144505679
2026-06-01,2026-06-01 11:02:43,V024,135.0,1.1309763320269286
2026-06-01,2026-06-01 11:02:44,V024,136.0,1.0679001435216673
2026-06-01,2026-06-01 11:02:45,V024,137.0,1.0885354637371456
2026-06-01,2026-06-01 11:02:46,V024,137.0,1.0599668417290136
2026-06-01,2026-06-01 11:02:47,V024,138.0,1.05819346331217
2026-06-01,2026-06-01 11:02:48,V024,138.0,1.0521875218958938
2026-06-01,2026-06-01 11:02:49,V024,139.0,1.0653656313618396
2026-06-01,2026-06-01 11:02:50,V024,139.0,1.085089050082537
2026-06-01,2026-06-01 11:02:51,V024,139.0,1.0738117347826548
2026-06-01,2026-06-01 11:02:52,V024,139.0,1.0808776877777029
2026-06-01,2026-06-01 11:02:53,V024,139.0,1.0669499197691676
2026-06-01,2026-06-01 11:02:54,V024,139.0,1.0521791657110664
2026-06-01,2026-06-01 11:02:55,V024,139.0,1.0534788503702797
2026-06-01,2026-06-01 11:02:56,V024,139.0,1.0638514432128352
2026-06-01,2026-06-01 11:02:57,V024,141.0,1.0699206081715351
2026-06-01,2026-06-01 11:02:58,V024,142.0,1.0716530692926043
2026-06-01,2026-06-01 11:02:59,V024,142.0,0.980197955456421
2026-06-01,2026-06-01 11:03:00,V024,143.0,1.029782765671204
2026-06-01,2026-06-01 11:03:01,V024,143.0,0.997345611407089
2026-06-01,2026-06-01 11:03:02,V024,144.0,1.0372008105448889
2026-06-01,2026-06-01 11:03:03,V024,144.0,1.0633065091231486
2026-06-01,2026-06-01 11:03:04,V024,144.0,1.0631505880249077
2026-06-01,2026-06-01 11:03:05,V024,144.0,1.0570912016989067
2026-06-01,2026-06-01 11:03:06,V024,144.0,1.0588237849443298
2026-06-01,2026-06-01 11:03:07,V024,145.0,1.0613553244044633
2026-06-01,2026-06-01 11:03:08,V024,145.0,1.0400077800821645
2026-06-01,2026-06-01 11:03:09,V024,145.0,1.0603742198125579
2026-06-01,2026-06-01 11:03:10,V024,145.0,1.0560410578072854
2026-06-01,2026-06-01 11:03:11,V024,146.0,1.106714743488873
2026-06-01,2026-06-01 11:03:12,V024,146.0,1.0369278387781595
2026-06-01,2026-06-01 11:03:13,V024,147.0,1.0263506308058976
2026-06-01,2026-06-01 11:03:14,V024,148.0,1.0663455603607144
2026-06-01,2026-06-01 11:03:15,V024,149.0,1.0589635619265942
2026-06-01,2026-06-01 11:03:16,V024,149.0,1.0657517169310615
2026-06-01,2026-06-01 11:03:17,V024,150.0,1.0495815639666448
2026-06-01,2026-06-01 11:03:18,V024,150.0,1.0642254222374532
2026-06-01,2026-06-01 11:03:19,V024,150.0,1.0553373388311902
2026-06-01,2026-06-01 11:03:20,V024,150.0,1.0842956508410238
2026-06-01,2026-06-01 11:03:21,V024,150.0,1.0448372087247306
2026-06-01,2026-06-01 11:03:22,V024,150.0,1.0478662611490446
2026-06-01,2026-06-01 11:03:23,V024,149.0,1.0988522879976093
2026-06-01,2026-06-01 11:03:24,V024,149.0,1.0793844127925478
2026-06-01,2026-06-01 11:03:25,V024,148.0,1.0557622877828534
2026-06-01,2026-06-01 11:03:26,V024,147.0,1.0543875290970641
2026-06-01,2026-06-01 11:03:27,V024,147.0,1.0610543976431501
2026-06-01,2026-06-01 11:03:28,V024,147.0,1.0536681639066297
2026-06-01,2026-06-01 11:03:29,V024,147.0,1.051753846559313
2026-06-01,2026-06-01 11:03:30,V024,147.0,1.05986867666923
2026-06-01,2026-06-01 11:03:31,V024,148.0,1.049095088069374
2026-06-01,2026-06-01 11:03:32,V024,148.0,1.052682661442094
2026-06-01,2026-06-01 11:03:33,V024,149.0,1.052734106293602
2026-06-01,2026-06-01 11:03:34,V024,149.0,1.0534304870340603
2026-06-01,2026-06-01 11:03:35,V024,150.0,1.0526503360682897
2026-06-01,2026-06-01 11:03:36,V024,150.0,1.0538249358404301
2026-06-01,2026-06-01 11:03:37,V024,150.0,1.0500827223583158
2026-06-01,2026-06-01 11:03:38,V024,150.0,1.0532745156438321
2026-06-01,2026-06-01 11:03:39,V024,149.0,1.0529876955330533
2026-06-01,2026-06-01 11:03:40,V024,149.0,1.0511430849210694
2026-06-01,2026-06-01 11:03:41,V024,147.0,1.0539332024821642
2026-06-01,2026-06-01 11:03:42,V024,147.0,1.053493604799522
2026-06-01,2026-06-01 11:03:43,V024,144.0,1.0540083430476364
2026-06-01,2026-06-01 11:03:44,V024,143.0,1.0537607533572053
2026-06-01,2026-06-01 11:03:45,V024,142.0,1.0522571395979328
2026-06-01,2026-06-01 11:03:46,V024,142.0,1.0525125630269774
2026-06-01,2026-06-01 11:03:47,V024,141.0,1.052572537202398
2026-06-01,2026-06-01 11:03:48,V024,140.0,1.0528156556198687
2026-06-01,2026-06-01 11:03:49,V024,140.0,1.0527021882867236
2026-06-01,2026-06-01 11:03:50,V024,139.0,1.0563799060650718
2026-06-01,2026-06-01 11:03:51,V024,138.0,1.0562672693844424
2026-06-01,2026-06-01 11:03:52,V024,137.0,1.052228609901313
2026-06-01,2026-06-01 11:03:53,V024,137.0,1.053520910703762
2026-06-01,2026-06-01 11:03:54,V024,136.0,1.0563159458036904
2026-06-01,2026-06-01 11:03:55,V024,136.0,1.0508582814554974
2026-06-01,2026-06-01 11:03:56,V024,136.0,1.045587174225719
2026-06-01,2026-06-01 11:03:57,V024,137.0,1.0709317590176486
2026-06-01,2026-06-01 11:03:58,V024,137.0,1.0531157978995798
2026-06-01,2026-06-01 11:03:59,V024,137.0,1.0745251169011283
2026-06-01,2026-06-01 11:04:00,V024,137.0,1.0432635666267376
2026-06-01,2026-06-01 11:04:01,V024,137.0,1.0498942696962772
2026-06-01,2026-06-01 11:04:02,V024,138.0,1.0504489517412672
2026-06-01,2026-06-01 11:04:03,V024,138.0,1.0687944505076916
2026-06-01,2026-06-01 11:04:04,V024,138.0,1.0590358198624465
2026-06-01,2026-06-01 11:04:05,V024,138.0,1.063938987334861
2026-06-01,2026-06-01 11:04:06,V024,138.0,1.0533338516933173
2026-06-01,2026-06-01 11:04:07,V024,138.0,1.0550790107248256
2026-06-01,2026-06-01 11:04:08,V024,138.0,1.0552237390920765
2026-06-01,2026-06-01 11:04:09,V024,138.0,1.051786285698116
2026-06-01,2026-06-01 11:04:10,V024,138.0,1.0541392038637274
2026-06-01,2026-06-01 11:04:11,V024,138.0,1.0529182832275235
2026-06-01,2026-06-01 11:04:12,V024,137.0,1.0551831188693983
2026-06-01,2026-06-01 11:04:13,V024,137.0,1.06165839957543
2026-06-01,2026-06-01 11:04:14,V024,136.0,1.0527326897186433
2026-06-01,2026-06-01 11:04:15,V024,136.0,1.0544199569307469
2026-06-01,2026-06-01 11:04:16,V024,136.0,1.0610885936808656
2026-06-01,2026-06-01 11:04:17,V024,136.0,1.059589445972
2026-06-01,2026-06-01 11:04:18,V024,136.0,1.0611874710912814
2026-06-01,2026-06-01 11:04:19,V024,136.0,1.0577091657265916
2026-06-01,2026-06-01 11:04:20,V024,136.0,1.0645622501964356
2026-06-01,2026-06-01 11:04:21,V024,137.0,1.0734489318451101
2026-06-01,2026-06-01 11:04:22,V024,137.0,1.0585914961457852
2026-06-01,2026-06-01 11:04:23,V024,138.0,1.1008662664158984
2026-06-01,2026-06-01 11:04:24,V024,138.0,1.0800111335223719
2026-06-01,2026-06-01 11:04:25,V024,138.0,1.0717275242987527
2026-06-01,2026-06-01 11:04:26,V024,138.0,1.0398098837670289
2026-06-01,2026-06-01 11:04:27,V024,139.0,1.0643075332247127
2026-06-01,2026-06-01 11:04:28,V024,139.0,1.1175784955161612
2026-06-01,2026-06-01 11:04:29,V024,139.0,1.0832248109993736
2026-06-01,2026-06-01 11:04:30,V024,140.0,1.0815202859218584
2026-06-01,2026-06-01 11:04:31,V024,140.0,1.0829728545678354
2026-06-01,2026-06-01 11:04:32,V024,140.0,1.0624462928936718
2026-06-01,2026-06-01 11:04:33,V024,141.0,1.079417316016584
2026-06-01,2026-06-01 11:04:34,V024,141.0,1.0552246504374547
2026-06-01,2026-06-01 11:04:35,V024,141.0,1.0592269697308152
2026-06-01,2026-06-01 11:04:36,V024,142.0,1.0589670034387988
2026-06-01,2026-06-01 11:04:37,V024,143.0,1.0543832849819397
2026-06-01,2026-06-01 11:04:38,V024,143.0,1.0800016890007926
2026-06-01,2026-06-01 11:04:39,V024,144.0,1.0602608626882892
2026-06-01,2026-06-01 11:04:40,V024,144.0,1.0529219494263384
2026-06-01,2026-06-01 11:04:41,V024,145.0,1.0570340912481146
2026-06-01,2026-06-01 11:04:42,V024,146.0,1.0526651671694263
2026-06-01,2026-06-01 11:04:43,V024,146.0,1.067065362401833
2026-06-01,2026-06-01 11:04:44,V024,147.0,1.053335732815491
2026-06-01,2026-06-01 11:04:45,V024,148.0,1.0531269584831873
2026-06-01,2026-06-01 11:04:46,V024,148.0,1.0540520384208452
2026-06-01,2026-06-01 11:04:47,V024,148.0,1.0563667141960786
2026-06-01,2026-06-01 11:04:48,V024,148.0,1.0521973521599979
2026-06-01,2026-06-01 11:04:49,V024,148.0,1.0506028986559321
2026-06-01,2026-06-01 11:04:50,V024,148.0,1.0554532231777922
2026-06-01,2026-06-01 11:04:51,V024,147.0,1.0549247523500136
2026-06-01,2026-06-01 11:04:52,V024,147.0,1.0517259490616768
2026-06-01,2026-06-01 11:04:53,V024,147.0,1.0531014758530846
2026-06-01,2026-06-01 11:04:54,V024,146.0,1.053684609352518
2026-06-01,2026-06-01 11:04:55,V024,147.0,1.053260020256069
2026-06-01,2026-06-01 11:04:56,V024,147.0,1.0526376371286514
2026-06-01,2026-06-01 11:04:57,V024,147.0,1.050347939895516
2026-06-01,2026-06-01 11:04:58,V024,148.0,1.051698707005664
2026-06-01,2026-06-01 11:04:59,V024,149.0,1.0537534892199358
2026-06-01,2026-06-01 11:05:00,V024,149.0,1.0537683817340888
2026-06-01,2026-06-01 11:05:01,V024,149.0,1.0526121639374157
2026-06-01,2026-06-01 11:05:02,V024,149.0,1.054395011466789
2026-06-01,2026-06-01 11:05:03,V024,149.0,1.0529893364193301
2026-06-01,2026-06-01 11:05:04,V024,150.0,1.0529569578975095
2026-06-01,2026-06-01 11:05:05,V024,150.0,1.0569119547024621
2026-06-01,2026-06-01 11:05:06,V024,150.0,1.0470183927741592
2026-06-01,2026-06-01 11:05:07,V024,151.0,1.055314725531041
2026-06-01,2026-06-01 11:05:08,V024,151.0,1.0544920070036476
2026-06-01,2026-06-01 11:05:09,V024,151.0,1.052601641906922
2026-06-01,2026-06-01 11:05:10,V024,151.0,1.053098601080247
2026-06-01,2026-06-01 11:05:11,V024,151.0,1.0540899121871652
2026-06-01,2026-06-01 11:05:12,V024,151.0,1.0539776256633464
2026-06-01,2026-06-01 11:05:13,V024,150.0,1.055485054058074
2026-06-01,2026-06-01 11:05:14,V024,150.0,1.047221866797779
2026-06-01,2026-06-01 11:05:15,V024,150.0,1.0600194221082258
2026-06-01,2026-06-01 11:05:16,V024,149.0,1.0540978680386415
2026-06-01,2026-06-01 11:05:17,V024,150.0,1.0521449410899988
2026-06-01,2026-06-01 11:05:18,V024,150.0,1.0534893135636563
2026-06-01,2026-06-01 11:05:19,V024,151.0,1.0542292897538286
2026-06-01,2026-06-01 11:05:20,V024,151.0,1.0530494919201916
2026-06-01,2026-06-01 11:05:21,V024,152.0,1.054364933228225
2026-06-01,2026-06-01 11:05:22,V024,153.0,1.0531665182433767
2026-06-01,2026-06-01 11:05:23,V024,154.0,1.0523274260996949
2026-06-01,2026-06-01 11:05:24,V024,154.0,1.0553909157621992
2026-06-01,2026-06-01 11:05:25,V024,155.0,1.053930450234632
2026-06-01,2026-06-01 11:05:26,V024,155.0,1.0511912115279165
2026-06-01,2026-06-01 11:05:27,V024,156.0,1.0550817125858312
2026-06-01,2026-06-01 11:05:28,V024,156.0,1.0539381589419607
2026-06-01,2026-06-01 11:05:29,V024,156.0,1.0538553322330557
2026-06-01,2026-06-01 11:05:30,V024,155.0,1.0498189216401523
2026-06-01,2026-06-01 11:05:31,V024,155.0,1.0547686721471539
2026-06-01,2026-06-01 11:05:32,V024,155.0,1.0541291850407086
2026-06-01,2026-06-01 11:05:33,V024,154.0,1.051790745012131
2026-06-01,2026-06-01 11:05:34,V024,153.0,1.0541247740463593
2026-06-01,2026-06-01 11:05:35,V024,152.0,1.0517682715569618
2026-06-01,2026-06-01 11:05:36,V024,152.0,1.0546697185404117
2026-06-01,2026-06-01 11:05:37,V024,152.0,1.054954109054998
2026-06-01,2026-06-01 11:05:38,V024,152.0,1.0548093854066034
2026-06-01,2026-06-01 11:05:39,V024,152.0,1.0534404877630221
2026-06-01,2026-06-01 11:05:40,V024,151.0,1.0530682325370389
2026-06-01,2026-06-01 11:05:41,V024,151.0,1.0525928277997865
2026-06-01,2026-06-01 11:05:42,V024,150.0,1.0551824686544002
2026-06-01,2026-06-01 11:05:43,V024,150.0,1.0528820426384804
2026-06-01,2026-06-01 11:05:44,V024,149.0,1.0533658513239006
2026-06-01,2026-06-01 11:05:45,V024,149.0,1.0540819818888014
2026-06-01,2026-06-01 11:05:46,V024,149.0,1.0520947255100708
2026-06-01,2026-06-01 11:05:47,V024,149.0,1.054776572915214
2026-06-01,2026-06-01 11:05:48,V024,148.0,1.0511521323407054
2026-06-01,2026-06-01 11:05:49,V024,149.0,1.0541374854294905
2026-06-01,2026-06-01 11:05:50,V024,149.0,1.0540101627988248
2026-06-01,2026-06-01 11:05:51,V024,150.0,1.057767664602819
2026-06-01,2026-06-01 11:05:52,V024,151.0,1.0489673122970862
2026-06-01,2026-06-01 11:05:53,V024,151.0,1.0547188836878503
2026-06-01,2026-06-01 11:05:54,V024,152.0,1.0547995259826881
2026-06-01,2026-06-01 11:05:55,V024,152.0,1.0525069509751948
2026-06-01,2026-06-01 11:05:56,V024,152.0,1.0528502717617048
2026-06-01,2026-06-01 11:05:57,V024,152.0,1.0550295821882612
2026-06-01,2026-06-01 11:05:58,V024,152.0,1.0542204532361246
2026-06-01,2026-06-01 11:05:59,V024,152.0,1.0525192496551465
2026-06-01,2026-06-01 11:06:00,V024,151.0,1.0535982237492751
2026-06-01,2026-06-01 11:06:01,V024,150.0,1.0533493104671487
2026-06-01,2026-06-01 11:06:02,V024,149.0,1.0549767249239592
2026-06-01,2026-06-01 11:06:03,V024,148.0,1.0539143326006484
2026-06-01,2026-06-01 11:06:04,V024,147.0,1.0549205381921078
2026-06-01,2026-06-01 11:06:05,V024,146.0,1.0542078990325077
2026-06-01,2026-06-01 11:06:06,V024,146.0,1.0534823247814817
2026-06-01,2026-06-01 11:06:07,V024,146.0,1.0541132854458293
2026-06-01,2026-06-01 11:06:08,V024,145.0,1.0540472347139438
2026-06-01,2026-06-01 11:06:09,V024,146.0,1.055529685612234
2026-06-01,2026-06-01 11:06:10,V024,146.0,1.0486771630629492
2026-06-01,2026-06-01 11:06:11,V024,148.0,1.0568061042774692
2026-06-01,2026-06-01 11:06:12,V024,148.0,1.0535452632488016
2026-06-01,2026-06-01 11:06:13,V024,150.0,1.0532507679891918
2026-06-01,2026-06-01 11:06:14,V024,150.0,1.0545342625853333
2026-06-01,2026-06-01 11:06:15,V024,151.0,1.0536195477141985
2026-06-01,2026-06-01 11:06:16,V024,152.0,1.0587000769058854
2026-06-01,2026-06-01 11:06:17,V024,152.0,1.0478398323673406
2026-06-01,2026-06-01 11:06:18,V024,153.0,1.0521593202551835
2026-06-01,2026-06-01 11:06:19,V024,153.0,1.087309127036807
2026-06-01,2026-06-01 11:06:20,V024,153.0,1.040049173511603
2026-06-01,2026-06-01 11:06:21,V024,152.0,1.0580166763538594
2026-06-01,2026-06-01 11:06:22,V024,152.0,1.0519855700747325
2026-06-01,2026-06-01 11:06:23,V024,152.0,1.050887271547388
2026-06-01,2026-06-01 11:06:24,V024,152.0,1.0540718336310053
2026-06-01,2026-06-01 11:06:25,V024,151.0,1.0546192662821297
2026-06-01,2026-06-01 11:06:26,V024,151.0,1.051816744446521
2026-06-01,2026-06-01 11:06:27,V024,150.0,1.0525881812573867
2026-06-01,2026-06-01 11:06:28,V024,149.0,1.052868516350314
2026-06-01,2026-06-01 11:06:29,V024,149.0,1.0509023048849437
2026-06-01,2026-06-01 11:06:30,V024,149.0,1.0430559055769888
2026-06-01,2026-06-01 11:06:31,V024,147.0,1.046199913237276
2026-06-01,2026-06-01 11:06:32,V024,146.0,1.0538720018389804
2026-06-01,2026-06-01 11:06:33,V024,146.0,1.051367341894147
2026-06-01,2026-06-01 11:06:34,V024,146.0,1.0501856103494907
2026-06-01,2026-06-01 11:06:35,V024,146.0,1.0504822950001267
2026-06-01,2026-06-01 11:06:36,V024,145.0,1.0485109200895406
2026-06-01,2026-06-01 11:06:37,V024,144.0,1.0446138956833875
2026-06-01,2026-06-01 11:06:38,V024,144.0,1.0566269615497261
2026-06-01,2026-06-01 11:06:39,V024,143.0,1.0508937039111825
2026-06-01,2026-06-01 11:06:40,V024,143.0,1.04752846019439
2026-06-01,2026-06-01 11:06:41,V024,143.0,1.0481939694778248
2026-06-01,2026-06-01 11:06:42,V024,143.0,1.0488922021670062
2026-06-01,2026-06-01 11:06:43,V024,143.0,1.054672655181689
2026-06-01,2026-06-01 11:06:44,V024,143.0,1.0511849654054795
2026-06-01,2026-06-01 11:06:45,V024,141.0,1.0514766154017903
2026-06-01,2026-06-01 11:06:46,V024,141.0,1.0478222204049235
2026-06-01,2026-06-01 11:06:47,V024,140.0,1.0621535720210675
2026-06-01,2026-06-01 11:06:48,V024,139.0,1.0523072109947873
2026-06-01,2026-06-01 11:06:49,V024,139.0,1.0435078898453922
2026-06-01,2026-06-01 11:06:50,V024,139.0,1.0586680777683541
2026-06-01,2026-06-01 11:06:51,V024,139.0,1.0650551398166515
2026-06-01,2026-06-01 11:06:52,V024,139.0,1.0595603078584732
2026-06-01,2026-06-01 11:06:53,V024,139.0,1.0324781663222273
2026-06-01,2026-06-01 11:06:54,V024,139.0,1.0714009137834826
2026-06-01,2026-06-01 11:06:55,V024,139.0,1.039316389422471
2026-06-01,2026-06-01 11:06:56,V024,139.0,1.0385304476302117
2026-06-01,2026-06-01 11:06:57,V024,139.0,1.0352144155106755
2026-06-01,2026-06-01 11:06:58,V024,139.0,1.0412526481792574
2026-06-01,2026-06-01 11:06:59,V024,139.0,1.031277235369501
2026-06-01,2026-06-01 11:07:00,V024,139.0,1.0345239705285707
2026-06-01,2026-06-01 11:07:01,V024,139.0,1.0360324155598872
2026-06-01,2026-06-01 11:07:02,V024,139.0,1.0365133938129734
2026-06-01,2026-06-01 11:07:03,V024,140.0,1.0330421231921045
2026-06-01,2026-06-01 11:07:04,V024,140.0,1.0298711169405397
2026-06-01,2026-06-01 11:07:05,V024,140.0,1.0347324548811239
2026-06-01,2026-06-01 11:07:06,V024,140.0,1.024478940347134
2026-06-01,2026-06-01 11:07:07,V024,139.0,1.0452191829559332
2026-06-01,2026-06-01 11:07:08,V024,139.0,1.03414376284569
2026-06-01,2026-06-01 11:07:09,V024,139.0,1.0387502966521192
2026-06-01,2026-06-01 11:07:10,V024,139.0,1.0560502723486371
2026-06-01,2026-06-01 11:07:11,V024,139.0,1.0621734747546483
2026-06-01,2026-06-01 11:07:12,V024,139.0,1.051960847907954
2026-06-01,2026-06-01 11:07:13,V024,139.0,1.0517018628160304
2026-06-01,2026-06-01 11:07:14,V024,139.0,1.0533139393813793
2026-06-01,2026-06-01 11:07:15,V024,140.0,1.0521482065690222
2026-06-01,2026-06-01 11:07:16,V024,141.0,1.057117560752988
2026-06-01,2026-06-01 11:07:17,V024,142.0,1.0932672558709213
2026-06-01,2026-06-01 11:07:18,V024,143.0,1.0508807326018315
2026-06-01,2026-06-01 11:07:19,V024,143.0,1.056269638621134
2026-06-01,2026-06-01 11:07:20,V024,143.0,1.0621106110014222
2026-06-01,2026-06-01 11:07:21,V024,144.0,1.0576513544872812
2026-06-01,2026-06-01 11:07:22,V024,144.0,1.0587650071312282
2026-06-01,2026-06-01 11:07:23,V024,144.0,1.0697059562204767
2026-06-01,2026-06-01 11:07:24,V024,144.0,1.0821756886320038
2026-06-01,2026-06-01 11:07:25,V024,143.0,1.055588680681834
2026-06-01,2026-06-01 11:07:26,V024,143.0,1.0538709370638548
2026-06-01,2026-06-01 11:07:27,V024,143.0,1.0546195443804558
2026-06-01,2026-06-01 11:07:28,V024,142.0,1.0540562171979906
2026-06-01,2026-06-01 11:07:29,V024,142.0,1.05588421724867
2026-06-01,2026-06-01 11:07:30,V024,141.0,1.058822817503264
2026-06-01,2026-06-01 11:07:31,V024,141.0,1.0784885075849133
2026-06-01,2026-06-01 11:07:32,V024,141.0,1.0628956418436757
2026-06-01,2026-06-01 11:07:33,V024,141.0,1.0575702989345255
2026-06-01,2026-06-01 11:07:34,V024,142.0,1.0557477362677044
2026-06-01,2026-06-01 11:07:35,V024,142.0,1.0688278882596338
2026-06-01,2026-06-01 11:07:36,V024,142.0,1.061276621955137
2026-06-01,2026-06-01 11:07:37,V024,142.0,1.0651753743621317
2026-06-01,2026-06-01 11:07:38,V024,142.0,1.0540148027490277
2026-06-01,2026-06-01 11:07:39,V024,142.0,1.0505801489332067
2026-06-01,2026-06-01 11:07:40,V024,142.0,1.0545648285820803
2026-06-01,2026-06-01 11:07:41,V024,142.0,1.0608415536509215
2026-06-01,2026-06-01 11:07:42,V024,143.0,1.051728250956168
2026-06-01,2026-06-01 11:07:43,V024,143.0,1.0541257907475543
2026-06-01,2026-06-01 11:07:44,V024,144.0,1.0575174294335519
2026-06-01,2026-06-01 11:07:45,V024,145.0,1.047448132474413
2026-06-01,2026-06-01 11:07:46,V024,145.0,1.0615301103992096
2026-06-01,2026-06-01 11:07:47,V024,146.0,1.060149098716727
2026-06-01,2026-06-01 11:07:48,V024,147.0,1.046839455695928
2026-06-01,2026-06-01 11:07:49,V024,147.0,1.0616205038909552
2026-06-01,2026-06-01 11:07:50,V024,147.0,1.0518308498533233
2026-06-01,2026-06-01 11:07:51,V024,147.0,1.0543139821898881
2026-06-01,2026-06-01 11:07:52,V024,147.0,1.055254559902568
2026-06-01,2026-06-01 11:07:53,V024,147.0,1.053425978762334
2026-06-01,2026-06-01 11:07:54,V024,147.0,1.0538506229512394
2026-06-01,2026-06-01 11:07:55,V024,147.0,1.0526383619522068
2026-06-01,2026-06-01 11:07:56,V024,148.0,1.056019474771133
2026-06-01,2026-06-01 11:07:57,V024,149.0,1.0525328893917827
2026-06-01,2026-06-01 11:07:58,V024,149.0,1.0579509994745835
2026-06-01,2026-06-01 11:07:59,V024,149.0,1.0510599133840042
2026-06-01,2026-06-01 11:08:00,V024,150.0,1.0533534967029472
2026-06-01,2026-06-01 11:08:01,V024,149.0,1.053026294310663
2026-06-01,2026-06-01 11:08:02,V024,149.0,1.0531871930694583
2026-06-01,2026-06-01 11:08:03,V024,148.0,1.0542212068735648
2026-06-01,2026-06-01 11:08:04,V024,148.0,1.050419377525431
2026-06-01,2026-06-01 11:08:05,V024,148.0,1.0575768381619668
2026-06-01,2026-06-01 11:08:06,V024,148.0,1.052939169445435
2026-06-01,2026-06-01 11:08:07,V024,148.0,1.0527203068370534
2026-06-01,2026-06-01 11:08:08,V024,148.0,1.0542535271471485
2026-06-01,2026-06-01 11:08:09,V024,147.0,1.0554199613635942
2026-06-01,2026-06-01 11:08:10,V024,147.0,1.0520257589005324
2026-06-01,2026-06-01 11:08:11,V024,146.0,1.0554868904528452
2026-06-01,2026-06-01 11:08:12,V024,146.0,1.0514935590812295
2026-06-01,2026-06-01 11:08:13,V024,145.0,1.054845145049181
2026-06-01,2026-06-01 11:08:14,V024,144.0,1.0529704563156281
2026-06-01,2026-06-01 11:08:15,V024,143.0,1.053953512450605
2026-06-01,2026-06-01 11:08:16,V024,142.0,1.0529190501262944
2026-06-01,2026-06-01 11:08:17,V024,141.0,1.054127412602602
2026-06-01,2026-06-01 11:08:18,V024,141.0,1.0538565655303702
2026-06-01,2026-06-01 11:08:19,V024,140.0,1.052382160613759
2026-06-01,2026-06-01 11:08:20,V024,140.0,1.0532971970803326
2026-06-01,2026-06-01 11:08:21,V024,140.0,1.0558248346069985
2026-06-01,2026-06-01 11:08:22,V024,140.0,1.0505588236252659
2026-06-01,2026-06-01 11:08:23,V024,140.0,1.0557541543019333
2026-06-01,2026-06-01 11:08:24,V024,140.0,1.0537939506603944
2026-06-01,2026-06-01 11:08:25,V024,140.0,1.054613095247667
2026-06-01,2026-06-01 11:08:26,V024,140.0,1.0631085691016027
2026-06-01,2026-06-01 11:08:27,V024,140.0,1.0534244871252278
2026-06-01,2026-06-01 11:08:28,V024,140.0,1.1019894477135581
2026-06-01,2026-06-01 11:08:29,V024,140.0,1.1103910529227408
2026-06-01,2026-06-01 11:08:30,V024,140.0,1.0505834484747494
2026-06-01,2026-06-01 11:08:31,V024,140.0,1.0610153821450783
2026-06-01,2026-06-01 11:08:32,V024,141.0,1.0447718835286715
2026-06-01,2026-06-01 11:08:33,V024,141.0,1.0849931034265923
2026-06-01,2026-06-01 11:08:34,V024,141.0,1.062548767660116
2026-06-01,2026-06-01 11:08:35,V024,141.0,1.0623085037516735
2026-06-01,2026-06-01 11:08:36,V024,141.0,1.0579582181908418
2026-06-01,2026-06-01 11:08:37,V024,142.0,1.0554758184715776
2026-06-01,2026-06-01 11:08:38,V024,142.0,1.0540017444052918
2026-06-01,2026-06-01 11:08:39,V024,143.0,1.0516162630823769
2026-06-01,2026-06-01 11:08:40,V024,143.0,1.0514784128692798
2026-06-01,2026-06-01 11:08:41,V024,144.0,1.054361069654848
2026-06-01,2026-06-01 11:08:42,V024,145.0,1.0531308647097346
2026-06-01,2026-06-01 11:08:43,V024,146.0,1.054524836714251
2026-06-01,2026-06-01 11:08:44,V024,146.0,1.0526616247781324
2026-06-01,2026-06-01 11:08:45,V024,147.0,1.053558222473134
2026-06-01,2026-06-01 11:08:46,V024,147.0,1.0513906400219988
2026-06-01,2026-06-01 11:08:47,V024,147.0,1.0571621565302818
2026-06-01,2026-06-01 11:08:48,V024,146.0,1.0541795656359825
2026-06-01,2026-06-01 11:08:49,V024,146.0,1.0552333050995388
2026-06-01,2026-06-01 11:08:50,V024,145.0,1.0536459662187334
2026-06-01,2026-06-01 11:08:51,V024,144.0,1.0581370368035987
2026-06-01,2026-06-01 11:08:52,V024,143.0,1.04690992968108
2026-06-01,2026-06-01 11:08:53,V024,142.0,1.0600616687952018
2026-06-01,2026-06-01 11:08:54,V024,142.0,1.051442561640247
2026-06-01,2026-06-01 11:08:55,V024,141.0,1.0545547779893465
2026-06-01,2026-06-01 11:08:56,V024,141.0,1.0525355012230702
2026-06-01,2026-06-01 11:08:57,V024,141.0,1.0540223749517499
2026-06-01,2026-06-01 11:08:58,V024,141.0,1.05284221103099
2026-06-01,2026-06-01 11:08:59,V024,140.0,1.0548043223866448
2026-06-01,2026-06-01 11:09:00,V024,140.0,1.0534932443417886
2026-06-01,2026-06-01 11:09:01,V024,141.0,1.0539261185280075
2026-06-01,2026-06-01 11:09:02,V024,141.0,1.0570441759056401
2026-06-01,2026-06-01 11:09:03,V024,141.0,1.053026326424392
2026-06-01,2026-06-01 11:09:04,V024,141.0,1.0554645200083719
2026-06-01,2026-06-01 11:09:05,V024,142.0,1.0612449970332025
2026-06-01,2026-06-01 11:09:06,V024,142.0,1.0529508317497351
2026-06-01,2026-06-01 11:09:07,V024,143.0,1.054891650523494
2026-06-01,2026-06-01 11:09:08,V024,143.0,1.0533122198659886
2026-06-01,2026-06-01 11:09:09,V024,143.0,1.0548578003742755
2026-06-01,2026-06-01 11:09:10,V024,144.0,1.0520486963959874
2026-06-01,2026-06-01 11:09:11,V024,144.0,1.0538780239668086
2026-06-01,2026-06-01 11:09:12,V024,144.0,1.0520185443059753
2026-06-01,2026-06-01 11:09:13,V024,144.0,1.0554972440186403
2026-06-01,2026-06-01 11:09:14,V024,144.0,1.0538923441634693
2026-06-01,2026-06-01 11:09:15,V024,144.0,1.0543805474546835
2026-06-01,2026-06-01 11:09:16,V024,144.0,1.053971645779304
2026-06-01,2026-06-01 11:09:17,V024,143.0,1.0527361563930637
2026-06-01,2026-06-01 11:09:18,V024,143.0,1.0540963780082313
2026-06-01,2026-06-01 11:09:19,V024,142.0,1.0527444135615982
2026-06-01,2026-06-01 11:09:20,V024,141.0,1.0533605974507514
2026-06-01,2026-06-01 11:09:21,V024,140.0,1.0551952399806512
2026-06-01,2026-06-01 11:09:22,V024,140.0,1.053292217522168
2026-06-01,2026-06-01 11:09:23,V024,141.0,1.0509178410331894
2026-06-01,2026-06-01 11:09:24,V024,141.0,1.0585902608742666
2026-06-01,2026-06-01 11:09:25,V024,142.0,1.0521748397664468
2026-06-01,2026-06-01 11:09:26,V024,143.0,1.054568060771819
2026-06-01,2026-06-01 11:09:27,V024,143.0,1.057093415404884
2026-06-01,2026-06-01 11:09:28,V024,143.0,1.0583558097857904
2026-06-01,2026-06-01 11:09:29,V024,143.0,1.053590972886624
2026-06-01,2026-06-01 11:09:30,V024,142.0,1.0592655547473837
2026-06-01,2026-06-01 11:09:31,V024,142.0,1.0545107674684318
2026-06-01,2026-06-01 11:09:32,V024,143.0,1.0531102291714314
2026-06-01,2026-06-01 11:09:33,V024,143.0,1.0543435818396574
2026-06-01,2026-06-01 11:09:34,V024,144.0,1.052275636880466
2026-06-01,2026-06-01 11:09:35,V024,144.0,1.055969015304617
2026-06-01,2026-06-01 11:09:36,V024,145.0,1.0522436292492434
2026-06-01,2026-06-01 11:09:37,V024,144.0,1.0574749492730064
2026-06-01,2026-06-01 11:09:38,V024,144.0,1.0691485681118331
2026-06-01,2026-06-01 11:09:39,V024,143.0,1.0622493737725702
2026-06-01,2026-06-01 11:09:40,V024,142.0,1.0553685433174627
2026-06-01,2026-06-01 11:09:41,V024,141.0,1.0604400510289171
2026-06-01,2026-06-01 11:09:42,V024,141.0,1.0570135039606454
2026-06-01,2026-06-01 11:09:43,V024,141.0,1.058659892931572
2026-06-01,2026-06-01 11:09:44,V024,141.0,1.0514950262867833
2026-06-01,2026-06-01 11:09:45,V024,142.0,1.055807865414851
2026-06-01,2026-06-01 11:09:46,V024,142.0,1.0524038397671325
2026-06-01,2026-06-01 11:09:47,V024,143.0,1.0533533053143447
2026-06-01,2026-06-01 11:09:48,V024,143.0,1.0559536890570622
2026-06-01,2026-06-01 11:09:49,V024,143.0,1.0446374604436843
2026-06-01,2026-06-01 11:09:50,V024,144.0,1.0195425384722658
2026-06-01,2026-06-01 11:09:51,V024,144.0,1.1522081373356803
2026-06-01,2026-06-01 11:09:52,V024,144.0,1.0621598270786714
2026-06-01,2026-06-01 11:09:53,V024,144.0,1.06141165436802
2026-06-01,2026-06-01 11:09:54,V024,144.0,1.060850062604349
2026-06-01,2026-06-01 11:09:55,V024,144.0,1.051167440003005
2026-06-01,2026-06-01 11:09:56,V024,144.0,1.0672204673384624
2026-06-01,2026-06-01 11:09:57,V024,145.0,1.052833294224931
2026-06-01,2026-06-01 11:09:58,V024,145.0,1.0534544779857145
2026-06-01,2026-06-01 11:09:59,V024,145.0,1.054544225928687
2026-06-01,2026-06-01 11:10:00,V024,145.0,1.0536321776014919
2026-06-01,2026-06-01 11:10:01,V024,144.0,1.0534092966304625
2026-06-01,2026-06-01 11:10:02,V024,143.0,1.0526292003974245
2026-06-01,2026-06-01 11:10:03,V024,142.0,1.0556699288651574
2026-06-01,2026-06-01 11:10:04,V024,142.0,1.0532608477284653
2026-06-01,2026-06-01 11:10:05,V024,141.0,1.0547935282596415
2026-06-01,2026-06-01 11:10:06,V024,141.0,1.067290927283447
2026-06-01,2026-06-01 11:10:07,V024,140.0,1.0728711049268993
2026-06-01,2026-06-01 11:10:08,V024,140.0,1.0448566584198844
2026-06-01,2026-06-01 11:10:09,V024,140.0,1.0969253976158104
2026-06-01,2026-06-01 11:10:10,V024,140.0,1.055273486839464
2026-06-01,2026-06-01 11:10:11,V024,141.0,1.0562197591495113
2026-06-01,2026-06-01 11:10:12,V024,141.0,1.0586491304683283
2026-06-01,2026-06-01 11:10:13,V024,141.0,1.06137677276617
2026-06-01,2026-06-01 11:10:14,V024,141.0,1.0377091674488126
2026-06-01,2026-06-01 11:10:15,V024,141.0,1.118191592190732
2026-06-01,2026-06-01 11:10:16,V024,141.0,1.0059502353146217
2026-06-01,2026-06-01 11:10:17,V024,141.0,1.0583233119834363
2026-06-01,2026-06-01 11:10:18,V024,141.0,1.0523513799706825
2026-06-01,2026-06-01 11:10:19,V024,140.0,1.0776114830502406
2026-06-01,2026-06-01 11:10:20,V024,140.0,1.013991562006932
2026-06-01,2026-06-01 11:10:21,V024,140.0,1.0409478605538436
2026-06-01,2026-06-01 11:10:22,V024,139.0,1.0635509603949795
2026-06-01,2026-06-01 11:10:23,V024,139.0,1.0537556217259298
2026-06-01,2026-06-01 11:10:24,V024,139.0,1.0548316045210058
2026-06-01,2026-06-01 11:10:25,V024,139.0,1.0555472423654437
2026-06-01,2026-06-01 11:10:26,V024,140.0,1.0513843835922756
2026-06-01,2026-06-01 11:10:27,V024,140.0,1.0587413953239517
2026-06-01,2026-06-01 11:10:28,V024,141.0,1.1801017661573259
2026-06-01,2026-06-01 11:10:29,V024,141.0,1.0594677116821627
2026-06-01,2026-06-01 11:10:30,V024,142.0,1.0548406690626366
2026-06-01,2026-06-01 11:10:31,V024,143.0,1.0522388263845701
2026-06-01,2026-06-01 11:10:32,V024,144.0,1.0525534745283727
2026-06-01,2026-06-01 11:10:33,V024,145.0,1.051937845444394
2026-06-01,2026-06-01 11:10:34,V024,146.0,1.0537611626642516
2026-06-01,2026-06-01 11:10:35,V024,146.0,1.0525123683433775
2026-06-01,2026-06-01 11:10:36,V024,147.0,1.053374415648116
2026-06-01,2026-06-01 11:10:37,V024,147.0,1.052703278053194
2026-06-01,2026-06-01 11:10:38,V024,148.0,1.0903744150573418
2026-06-01,2026-06-01 11:10:39,V024,148.0,1.1194721293720262
2026-06-01,2026-06-01 11:10:40,V024,148.0,1.0572305382815161
2026-06-01,2026-06-01 11:10:41,V024,149.0,1.0550312410576697
2026-06-01,2026-06-01 11:10:42,V024,149.0,1.047298679078691
2026-06-01,2026-06-01 11:10:43,V024,149.0,1.0889796214987877
2026-06-01,2026-06-01 11:10:44,V024,149.0,1.0595262434310213
2026-06-01,2026-06-01 11:10:45,V024,148.0,1.055573941293129
2026-06-01,2026-06-01 11:10:46,V024,148.0,1.0515908482564862
2026-06-01,2026-06-01 11:10:47,V024,147.0,1.0541272994707376
2026-06-01,2026-06-01 11:10:48,V024,146.0,1.0523199591387185
2026-06-01,2026-06-01 11:10:49,V024,146.0,1.1528662686326296
2026-06-01,2026-06-01 11:10:50,V024,145.0,1.0541134842117044
2026-06-01,2026-06-01 11:10:51,V024,144.0,1.052587801299589
2026-06-01,2026-06-01 11:10:52,V024,143.0,1.0554848027947918
2026-06-01,2026-06-01 11:10:53,V024,144.0,1.0533944660508647
2026-06-01,2026-06-01 11:10:54,V024,144.0,1.0531051509864264
2026-06-01,2026-06-01 11:10:55,V024,144.0,1.0555651184589114
2026-06-01,2026-06-01 11:10:56,V024,145.0,1.0526225081161322
2026-06-01,2026-06-01 11:10:57,V024,144.0,1.0509081305540624
2026-06-01,2026-06-01 11:10:58,V024,143.0,1.0749734902138097
2026-06-01,2026-06-01 11:10:59,V024,142.0,1.0533605589160882
2026-06-01,2026-06-01 11:11:00,V024,142.0,1.0529872708087784
2026-06-01,2026-06-01 11:11:01,V024,141.0,1.0533010785938008
2026-06-01,2026-06-01 11:11:02,V024,141.0,1.0509335914420745
2026-06-01,2026-06-01 11:11:03,V024,141.0,1.0769360809766224
2026-06-01,2026-06-01 11:11:04,V024,142.0,1.054505371487808
2026-06-01,2026-06-01 11:11:05,V024,142.0,1.0495556257901693
2026-06-01,2026-06-01 11:11:06,V024,143.0,1.048965150785853
2026-06-01,2026-06-01 11:11:07,V024,144.0,1.0589705901447388
2026-06-01,2026-06-01 11:11:08,V024,145.0,1.095349050416012
2026-06-01,2026-06-01 11:11:09,V024,145.0,1.0626617288128406
2026-06-01,2026-06-01 11:11:10,V024,145.0,1.0517822608185334
2026-06-01,2026-06-01 11:11:11,V024,144.0,1.0536360962210227
2026-06-01,2026-06-01 11:11:12,V024,144.0,1.0540067874196948
2026-06-01,2026-06-01 11:11:13,V024,143.0,1.0521938161042943
2026-06-01,2026-06-01 11:11:14,V024,143.0,1.0535972956921635
2026-06-01,2026-06-01 11:11:15,V024,142.0,1.0541270470051918
2026-06-01,2026-06-01 11:11:16,V024,142.0,1.052633061558984
2026-06-01,2026-06-01 11:11:17,V024,142.0,1.0522136678056508
2026-06-01,2026-06-01 11:11:18,V024,141.0,1.06404832252077
2026-06-01,2026-06-01 11:11:19,V024,142.0,1.1033016800044495
2026-06-01,2026-06-01 11:11:20,V024,142.0,1.0602001776539096
2026-06-01,2026-06-01 11:11:21,V024,143.0,1.05202050406227
2026-06-01,2026-06-01 11:11:22,V024,144.0,1.0509615776644834
2026-06-01,2026-06-01 11:11:23,V024,145.0,1.052097488951272
2026-06-01,2026-06-01 11:11:24,V024,146.0,1.0518937257302934
2026-06-01,2026-06-01 11:11:25,V024,146.0,1.054098411983043
2026-06-01,2026-06-01 11:11:26,V024,147.0,1.051773656097841
2026-06-01,2026-06-01 11:11:27,V024,146.0,1.0516429994775018
2026-06-01,2026-06-01 11:11:28,V024,146.0,1.0578237395155339
2026-06-01,2026-06-01 11:11:29,V024,146.0,1.0696778858171925
2026-06-01,2026-06-01 11:11:30,V024,145.0,1.0873958538634059
2026-06-01,2026-06-01 11:11:31,V024,144.0,1.053051702762537
2026-06-01,2026-06-01 11:11:32,V024,143.0,1.0554251691325756
2026-06-01,2026-06-01 11:11:33,V024,143.0,1.0553320427475645
2026-06-01,2026-06-01 11:11:34,V024,143.0,1.0519619109661245
2026-06-01,2026-06-01 11:11:35,V024,143.0,1.0538738744038054
2026-06-01,2026-06-01 11:11:36,V024,143.0,1.0534667687424777
2026-06-01,2026-06-01 11:11:37,V024,143.0,1.0825542829337795
2026-06-01,2026-06-01 11:11:38,V024,143.0,1.0836397775475584
2026-06-01,2026-06-01 11:11:39,V024,143.0,1.052362724798601
2026-06-01,2026-06-01 11:11:40,V024,143.0,1.0564904748410355
2026-06-01,2026-06-01 11:11:41,V024,143.0,1.0527633038881232
2026-06-01,2026-06-01 11:11:42,V024,143.0,1.0771645796255747
2026-06-01,2026-06-01 11:11:43,V024,143.0,1.0538920770478148
2026-06-01,2026-06-01 11:11:44,V024,143.0,1.0514020008386944
2026-06-01,2026-06-01 11:11:45,V024,143.0,1.0559358638985579
2026-06-01,2026-06-01 11:11:46,V024,143.0,1.051872425994266
2026-06-01,2026-06-01 11:11:47,V024,144.0,1.0638797145698693
2026-06-01,2026-06-01 11:11:48,V024,144.0,1.0537573318540834
2026-06-01,2026-06-01 11:11:49,V024,144.0,1.0625394201021683
2026-06-01,2026-06-01 11:11:50,V024,143.0,1.063497926805819
2026-06-01,2026-06-01 11:11:51,V024,143.0,1.0540543176124637
2026-06-01,2026-06-01 11:11:52,V024,143.0,1.0551325445863189
2026-06-01,2026-06-01 11:11:53,V024,143.0,0.9469584729587204
2026-06-01,2026-06-01 11:11:54,V024,143.0,1.310139898513151
2026-06-01,2026-06-01 11:11:55,V024,144.0,0.932358262458915
2026-06-01,2026-06-01 11:11:56,V024,144.0,1.0686048169714344
2026-06-01,2026-06-01 11:11:57,V024,144.0,1.0539982620028108
2026-06-01,2026-06-01 11:11:58,V024,144.0,1.0540574266478273
2026-06-01,2026-06-01 11:11:59,V024,144.0,1.0536648607429293
2026-06-01,2026-06-01 11:12:00,V024,144.0,1.0540148028753682
2026-06-01,2026-06-01 11:12:01,V024,144.0,1.0556218645883197
2026-06-01,2026-06-01 11:12:02,V024,144.0,1.0566095921048675
2026-06-01,2026-06-01 11:12:03,V024,143.0,1.0559358896875866
2026-06-01,2026-06-01 11:12:04,V024,143.0,1.0902586022804057
2026-06-01,2026-06-01 11:12:05,V024,143.0,1.0392795810262327
2026-06-01,2026-06-01 11:12:06,V024,143.0,1.0688235914911295
2026-06-01,2026-06-01 11:12:07,V024,143.0,1.0565993785820933
2026-06-01,2026-06-01 11:12:08,V024,143.0,1.0541345529700836
2026-06-01,2026-06-01 11:12:09,V024,143.0,1.0579016512701547
2026-06-01,2026-06-01 11:12:10,V024,143.0,1.0460457319401324
2026-06-01,2026-06-01 11:12:11,V024,143.0,1.0972417902100202
2026-06-01,2026-06-01 11:12:12,V024,143.0,1.0990974511377343
2026-06-01,2026-06-01 11:12:13,V024,143.0,1.0954984564901133
2026-06-01,2026-06-01 11:12:14,V024,144.0,1.0618420141971063
2026-06-01,2026-06-01 11:12:15,V024,145.0,1.0595763367612958
2026-06-01,2026-06-01 11:12:16,V024,146.0,1.0527961770228134
2026-06-01,2026-06-01 11:12:17,V024,147.0,1.054210879037944
2026-06-01,2026-06-01 11:12:18,V024,148.0,1.0511258713786147
2026-06-01,2026-06-01 11:12:19,V024,150.0,1.05112207314715
2026-06-01,2026-06-01 11:12:20,V024,151.0,1.056770187879817
2026-06-01,2026-06-01 11:12:21,V024,152.0,1.0481995380531866
2026-06-01,2026-06-01 11:12:22,V024,153.0,1.1022339493174957
2026-06-01,2026-06-01 11:12:23,V024,153.0,1.0585534158693168
2026-06-01,2026-06-01 11:12:24,V024,153.0,1.0784780797553102
2026-06-01,2026-06-01 11:12:25,V024,153.0,1.0657482846772337
2026-06-01,2026-06-01 11:12:26,V024,152.0,1.0535474317755376
2026-06-01,2026-06-01 11:12:27,V024,152.0,1.0857429037087718
2026-06-01,2026-06-01 11:12:28,V024,152.0,1.0587370409815886
2026-06-01,2026-06-01 11:12:29,V024,152.0,1.0608360889122777
2026-06-01,2026-06-01 11:12:30,V024,152.0,1.055074823634576
2026-06-01,2026-06-01 11:12:31,V024,152.0,1.0609189832121022
2026-06-01,2026-06-01 11:12:32,V024,152.0,1.0703388247516694
2026-06-01,2026-06-01 11:12:33,V024,153.0,1.1947937264439301
2026-06-01,2026-06-01 11:12:34,V024,153.0,1.064623402956093
2026-06-01,2026-06-01 11:12:35,V024,154.0,1.0566889042976797
2026-06-01,2026-06-01 11:12:36,V024,155.0,1.055129195190666
2026-06-01,2026-06-01 11:12:37,V024,156.0,1.0661572929776677
2026-06-01,2026-06-01 11:12:38,V024,156.0,1.0803424453363664
2026-06-01,2026-06-01 11:12:39,V024,157.0,1.0942121673477432
2026-06-01,2026-06-01 11:12:40,V024,158.0,1.1068810493503807
2026-06-01,2026-06-01 11:12:41,V024,159.0,1.0635918064491878
2026-06-01,2026-06-01 11:12:42,V024,160.0,1.088989967950458
2026-06-01,2026-06-01 11:12:43,V024,161.0,1.0825935948764844
2026-06-01,2026-06-01 11:12:44,V024,162.0,1.0701704659030864
2026-06-01,2026-06-01 11:12:45,V024,163.0,1.0688406679791425
2026-06-01,2026-06-01 11:12:46,V024,164.0,1.0719844334234645
2026-06-01,2026-06-01 11:12:47,V024,164.0,1.0546754019611375
2026-06-01,2026-06-01 11:12:48,V024,164.0,1.0522571082397374
2026-06-01,2026-06-01 11:12:49,V024,164.0,1.0583924205782398
2026-06-01,2026-06-01 11:12:50,V024,164.0,1.0606875769365773
2026-06-01,2026-06-01 11:12:51,V024,164.0,1.0528258209847012
2026-06-01,2026-06-01 11:12:52,V024,164.0,1.0506118876770816
2026-06-01,2026-06-01 11:12:53,V024,163.0,1.0565492628632853
2026-06-01,2026-06-01 11:12:54,V024,163.0,1.0533424763966952
2026-06-01,2026-06-01 11:12:55,V024,163.0,1.054154685119589
2026-06-01,2026-06-01 11:12:56,V024,163.0,1.057487871743936
2026-06-01,2026-06-01 11:12:57,V024,163.0,1.0541840105004263
2026-06-01,2026-06-01 11:12:58,V024,163.0,1.0677071066770107
2026-06-01,2026-06-01 11:12:59,V024,163.0,1.080275976980838
2026-06-01,2026-06-01 11:13:00,V024,163.0,1.0549753716649646
2026-06-01,2026-06-01 11:13:01,V024,162.0,1.0590440051566334
2026-06-01,2026-06-01 11:13:02,V024,162.0,1.0589112068845923
2026-06-01,2026-06-01 11:13:03,V024,162.0,1.0546367344116006
2026-06-01,2026-06-01 11:13:04,V024,161.0,1.048556243526482
2026-06-01,2026-06-01 11:13:05,V024,161.0,1.1313006080068457
2026-06-01,2026-06-01 11:13:06,V024,161.0,1.0534942587830687
2026-06-01,2026-06-01 11:13:07,V024,161.0,1.0589237015148871
2026-06-01,2026-06-01 11:13:08,V024,161.0,1.1310817944760276
2026-06-01,2026-06-01 11:13:09,V024,162.0,1.0637952212877368
2026-06-01,2026-06-01 11:13:10,V024,162.0,1.0731850175640314
2026-06-01,2026-06-01 11:13:11,V024,163.0,1.0545715756731175
2026-06-01,2026-06-01 11:13:12,V024,164.0,1.051757047643358
2026-06-01,2026-06-01 11:13:13,V024,164.0,1.070534771984849
2026-06-01,2026-06-01 11:13:14,V024,164.0,1.0582213555653857
2026-06-01,2026-06-01 11:13:15,V024,164.0,1.0483068233321706
2026-06-01,2026-06-01 11:13:16,V024,164.0,1.051850261295869
2026-06-01,2026-06-01 11:13:17,V024,164.0,1.0570243262404075
2026-06-01,2026-06-01 11:13:18,V024,163.0,1.060697612018529
2026-06-01,2026-06-01 11:13:19,V024,163.0,1.0649345207492984
2026-06-01,2026-06-01 11:13:20,V024,162.0,1.0975980978395992
2026-06-01,2026-06-01 11:13:21,V024,162.0,1.0965465225304731
2026-06-01,2026-06-01 11:13:22,V024,161.0,1.047212942896155
2026-06-01,2026-06-01 11:13:23,V024,161.0,1.0878758392571828
2026-06-01,2026-06-01 11:13:24,V024,161.0,1.0616956161987467
2026-06-01,2026-06-01 11:13:25,V024,161.0,1.0855536146950238
2026-06-01,2026-06-01 11:13:26,V024,161.0,1.086021773061224
2026-06-01,2026-06-01 11:13:27,V024,161.0,1.098402753251837
2026-06-01,2026-06-01 11:13:28,V024,161.0,1.095936364748037
2026-06-01,2026-06-01 11:13:29,V024,161.0,1.1074487747218327
2026-06-01,2026-06-01 11:13:30,V024,161.0,1.0832438521692818
2026-06-01,2026-06-01 11:13:31,V024,161.0,1.0610396831994213
2026-06-01,2026-06-01 11:13:32,V024,161.0,1.1006176928841829
2026-06-01,2026-06-01 11:13:33,V024,162.0,1.0712118160017772
2026-06-01,2026-06-01 11:13:34,V024,162.0,1.070946569391611
2026-06-01,2026-06-01 11:13:35,V024,162.0,1.0538819925355385
2026-06-01,2026-06-01 11:13:36,V024,162.0,1.0522338250849304
2026-06-01,2026-06-01 11:13:37,V024,162.0,1.0551781586467281
2026-06-01,2026-06-01 11:13:38,V024,162.0,1.0607012519567671
2026-06-01,2026-06-01 11:13:39,V024,161.0,1.0492371752630705
2026-06-01,2026-06-01 11:13:40,V024,161.0,1.172608533885207
2026-06-01,2026-06-01 11:13:41,V024,161.0,1.0856454216808944
2026-06-01,2026-06-01 11:13:42,V024,160.0,1.1038723190263118
2026-06-01,2026-06-01 11:13:43,V024,160.0,1.1061410940140899
2026-06-01,2026-06-01 11:13:44,V024,160.0,1.1429068840625691
2026-06-01,2026-06-01 11:13:45,V024,160.0,1.2358231664051507
2026-06-01,2026-06-01 11:13:46,V024,160.0,1.0456718557256686
2026-06-01,2026-06-01 11:13:47,V024,159.0,1.0678611068929964
2026-06-01,2026-06-01 11:13:48,V024,159.0,1.0737841990011825
2026-06-01,2026-06-01 11:13:49,V024,159.0,1.0400775373953575
2026-06-01,2026-06-01 11:13:50,V024,158.0,1.096077102490714
2026-06-01,2026-06-01 11:13:51,V024,158.0,1.0536607771417164
2026-06-01,2026-06-01 11:13:52,V024,158.0,1.0723079281707564
2026-06-01,2026-06-01 11:13:53,V024,158.0,1.0571751205075646
2026-06-01,2026-06-01 11:13:54,V024,158.0,1.067977367303664
2026-06-01,2026-06-01 11:13:55,V024,157.0,1.0410925987609505
2026-06-01,2026-06-01 11:13:56,V024,157.0,1.051670669878972
2026-06-01,2026-06-01 11:13:57,V024,156.0,1.0582546034285647
2026-06-01,2026-06-01 11:13:58,V024,156.0,1.0532747605735588
2026-06-01,2026-06-01 11:13:59,V024,155.0,1.0516881675833203
2026-06-01,2026-06-01 11:14:00,V024,155.0,1.0586613087426429
2026-06-01,2026-06-01 11:14:01,V024,154.0,1.0475104543448788
2026-06-01,2026-06-01 11:14:02,V024,153.0,1.0774534435956644
2026-06-01,2026-06-01 11:14:03,V024,153.0,1.0638154484034819
2026-06-01,2026-06-01 11:14:04,V024,152.0,1.0565266205336785
2026-06-01,2026-06-01 11:14:05,V024,152.0,1.0611770621995416
2026-06-01,2026-06-01 11:14:06,V024,152.0,1.0979964650497889
2026-06-01,2026-06-01 11:14:07,V024,152.0,1.1380028085455796
2026-06-01,2026-06-01 11:14:08,V024,152.0,1.1125165100992052
2026-06-01,2026-06-01 11:14:09,V024,151.0,1.1122150054618412
2026-06-01,2026-06-01 11:14:10,V024,151.0,1.0556169182027626
2026-06-01,2026-06-01 11:14:11,V024,150.0,1.106403362340807
2026-06-01,2026-06-01 11:14:12,V024,150.0,1.054781107629978
2026-06-01,2026-06-01 11:14:13,V024,150.0,1.0504805740048695
2026-06-01,2026-06-01 11:14:14,V024,150.0,1.062873231035736
2026-06-01,2026-06-01 11:14:15,V024,149.0,1.046338067151929
2026-06-01,2026-06-01 11:14:16,V024,149.0,1.0656687222092478
2026-06-01,2026-06-01 11:14:17,V024,149.0,1.057122337960274
2026-06-01,2026-06-01 11:14:18,V024,149.0,1.0544558684379288
2026-06-01,2026-06-01 11:14:19,V024,149.0,1.0571520957023748
2026-06-01,2026-06-01 11:14:20,V024,149.0,1.089121767128119
2026-06-01,2026-06-01 11:14:21,V024,148.0,1.162441438317594
2026-06-01,2026-06-01 11:14:22,V024,147.0,1.1258574372322971
2026-06-01,2026-06-01 11:14:23,V024,146.0,1.0610202408557436
2026-06-01,2026-06-01 11:14:24,V024,146.0,1.0570577133771155
2026-06-01,2026-06-01 11:14:25,V024,145.0,1.0465937765036044
2026-06-01,2026-06-01 11:14:26,V024,145.0,1.04932284772653
2026-06-01,2026-06-01 11:14:27,V024,145.0,1.0562924080271723
2026-06-01,2026-06-01 11:14:28,V024,145.0,1.0566028941062613
2026-06-01,2026-06-01 11:14:29,V024,145.0,1.0536411069594553
2026-06-01,2026-06-01 11:14:30,V024,145.0,1.0547006878008658
2026-06-01,2026-06-01 11:14:31,V024,145.0,1.0526741516016869
2026-06-01,2026-06-01 11:14:32,V024,146.0,1.0584248214126144
2026-06-01,2026-06-01 11:14:33,V024,147.0,1.0544417268208481
2026-06-01,2026-06-01 11:14:34,V024,147.0,1.110009593948723
2026-06-01,2026-06-01 11:14:35,V024,148.0,1.0779186688680356
2026-06-01,2026-06-01 11:14:36,V024,149.0,1.0526275640354539
2026-06-01,2026-06-01 11:14:37,V024,150.0,1.1528420140837417
2026-06-01,2026-06-01 11:14:38,V024,151.0,1.0537882128608194
2026-06-01,2026-06-01 11:14:39,V024,152.0,1.0572280451300458
2026-06-01,2026-06-01 11:14:40,V024,153.0,1.0528355584551532
2026-06-01,2026-06-01 11:14:41,V024,154.0,1.053046229497136
2026-06-01,2026-06-01 11:14:42,V024,155.0,1.0425231328556306
2026-06-01,2026-06-01 11:14:43,V024,156.0,1.1740683560889105
2026-06-01,2026-06-01 11:14:44,V024,156.0,1.0658658818425228
2026-06-01,2026-06-01 11:14:45,V024,155.0,1.2532874320357876
2026-06-01,2026-06-01 11:14:46,V024,155.0,1.0467556712659667
2026-06-01,2026-06-01 11:14:47,V024,155.0,1.0848033090680391
2026-06-01,2026-06-01 11:14:48,V024,156.0,1.0911746352253164
2026-06-01,2026-06-01 11:14:49,V024,156.0,1.1135426592646485
2026-06-01,2026-06-01 11:14:50,V024,155.0,1.0965637228741951
2026-06-01,2026-06-01 11:14:51,V024,155.0,1.068700875652659
2026-06-01,2026-06-01 11:14:52,V024,155.0,1.160353529328917
2026-06-01,2026-06-01 11:14:53,V024,154.0,1.1564420038577117
2026-06-01,2026-06-01 11:14:54,V024,154.0,1.0487938429773902
2026-06-01,2026-06-01 11:14:55,V024,153.0,1.061392950381712
2026-06-01,2026-06-01 11:14:56,V024,153.0,1.039421412591266
2026-06-01,2026-06-01 11:14:57,V024,152.0,1.090555832572064
2026-06-01,2026-06-01 11:14:58,V024,152.0,1.058473327389997
2026-06-01,2026-06-01 11:14:59,V024,151.0,1.050064663988472
2026-06-01,2026-06-01 11:15:00,V024,151.0,1.061790536199832
2026-06-01,2026-06-01 11:15:01,V024,151.0,1.0598810256111602
2026-06-01,2026-06-01 11:15:02,V024,151.0,1.1088756587887736
2026-06-01,2026-06-01 11:15:03,V024,152.0,1.1258907161945881
2026-06-01,2026-06-01 11:15:04,V024,153.0,1.0792316830819777
2026-06-01,2026-06-01 11:15:05,V024,153.0,1.019378483132583
2026-06-01,2026-06-01 11:15:06,V024,152.0,1.4305506677369608
2026-06-01,2026-06-01 11:15:07,V024,153.0,1.1458750662778034
2026-06-01,2026-06-01 11:15:08,V024,153.0,1.106065465536784
2026-06-01,2026-06-01 11:15:09,V024,153.0,1.0828207449802394
2026-06-01,2026-06-01 11:15:10,V024,153.0,1.0469726296064055
2026-06-01,2026-06-01 11:15:11,V024,154.0,1.0743789052267871
2026-06-01,2026-06-01 11:15:12,V024,154.0,1.0562721517700084
2026-06-01,2026-06-01 11:15:13,V024,155.0,1.0607146514796117
2026-06-01,2026-06-01 11:15:14,V024,156.0,1.0558164755671355
2026-06-01,2026-06-01 11:15:15,V024,157.0,1.1148407626132146
2026-06-01,2026-06-01 11:15:16,V024,158.0,1.2086578005810122
2026-06-01,2026-06-01 11:15:17,V024,160.0,1.063351272737593
2026-06-01,2026-06-01 11:15:18,V024,161.0,1.0789847968625286
2026-06-01,2026-06-01 11:15:19,V024,162.0,1.0871746777880562
2026-06-01,2026-06-01 11:15:20,V024,162.0,1.1201751048159627
2026-06-01,2026-06-01 11:15:21,V024,163.0,1.1095149515045473
2026-06-01,2026-06-01 11:15:22,V024,164.0,1.0539917572688542
2026-06-01,2026-06-01 11:15:23,V024,164.0,1.1081365266385033
2026-06-01,2026-06-01 11:15:24,V024,165.0,1.139612919960547
2026-06-01,2026-06-01 11:15:25,V024,165.0,1.1504193515835288
2026-06-01,2026-06-01 11:15:26,V024,166.0,1.2961862937388602
2026-06-01,2026-06-01 11:15:27,V024,167.0,1.1356076685313377
2026-06-01,2026-06-01 11:15:28,V024,168.0,1.0955343112919904
2026-06-01,2026-06-01 11:15:29,V024,168.0,1.0734097167432683
2026-06-01,2026-06-01 11:15:30,V024,167.0,1.0605360251330627
2026-06-01,2026-06-01 11:15:31,V024,167.0,1.0512203927713766
2026-06-01,2026-06-01 11:15:32,V024,166.0,1.0520902367903424
2026-06-01,2026-06-01 11:15:33,V024,167.0,1.0553532963475742
2026-06-01,2026-06-01 11:15:34,V024,168.0,1.0555961700307757
2026-06-01,2026-06-01 11:15:35,V024,169.0,1.0813436297049388
2026-06-01,2026-06-01 11:15:36,V024,170.0,1.046288053103004
2026-06-01,2026-06-01 11:15:37,V024,171.0,1.0816314033998766
2026-06-01,2026-06-01 11:15:38,V024,172.0,1.136403027258821
2026-06-01,2026-06-01 11:15:39,V024,172.0,1.099385639386973
2026-06-01,2026-06-01 11:15:40,V024,173.0,1.2616007065825274
2026-06-01,2026-06-01 11:15:41,V024,173.0,1.090505315849227
2026-06-01,2026-06-01 11:15:42,V024,173.0,1.0639071553254895
2026-06-01,2026-06-01 11:15:43,V024,173.0,1.0772743660898012
2026-06-01,2026-06-01 11:15:44,V024,173.0,1.265587833466528
2026-06-01,2026-06-01 11:15:45,V024,174.0,1.1023424791866563
2026-06-01,2026-06-01 11:15:46,V024,174.0,1.0630805246506188
2026-06-01,2026-06-01 11:15:47,V024,174.0,1.0672212942488695
2026-06-01,2026-06-01 11:15:48,V024,175.0,1.0542937963329606
2026-06-01,2026-06-01 11:15:49,V024,175.0,1.0511509696176755
2026-06-01,2026-06-01 11:15:50,V024,175.0,1.0541736238324522
2026-06-01,2026-06-01 11:15:51,V024,175.0,1.0485079353512263
2026-06-01,2026-06-01 11:15:52,V024,175.0,1.034421852597215
2026-06-01,2026-06-01 11:15:53,V024,175.0,1.1708048638614132
2026-06-01,2026-06-01 11:15:54,V024,175.0,1.1304473874456298
2026-06-01,2026-06-01 11:15:55,V024,174.0,1.1069464668425224
2026-06-01,2026-06-01 11:15:56,V024,174.0,1.055946213327708
2026-06-01,2026-06-01 11:15:57,V024,174.0,1.0699268478254758
2026-06-01,2026-06-01 11:15:58,V024,173.0,1.1537891243100875
2026-06-01,2026-06-01 11:15:59,V024,172.0,1.058917217935804
2026-06-01,2026-06-01 11:16:00,V024,172.0,1.1902099223297171
2026-06-01,2026-06-01 11:16:01,V024,171.0,1.0567071201153373
2026-06-01,2026-06-01 11:16:02,V024,171.0,1.0545000785639738
2026-06-01,2026-06-01 11:16:03,V024,170.0,1.0614829407784794
2026-06-01,2026-06-01 11:16:04,V024,170.0,1.0822509824699245
2026-06-01,2026-06-01 11:16:05,V024,170.0,1.053012577958882
2026-06-01,2026-06-01 11:16:06,V024,169.0,1.163721106316704
2026-06-01,2026-06-01 11:16:07,V024,169.0,1.0461086660487153
2026-06-01,2026-06-01 11:16:08,V024,169.0,1.064457646919651
2026-06-01,2026-06-01 11:16:09,V024,168.0,1.0514519074569602
2026-06-01,2026-06-01 11:16:10,V024,168.0,1.0569734243692865
2026-06-01,2026-06-01 11:16:11,V024,167.0,1.054497751793142
2026-06-01,2026-06-01 11:16:12,V024,166.0,1.0673385785146066
2026-06-01,2026-06-01 11:16:13,V024,165.0,1.0578505196776777
2026-06-01,2026-06-01 11:16:14,V024,164.0,1.0439148653308221
2026-06-01,2026-06-01 11:16:15,V024,163.0,1.073705833641588
2026-06-01,2026-06-01 11:16:16,V024,162.0,1.0625622355304305
2026-06-01,2026-06-01 11:16:17,V024,161.0,1.1033876802235345
2026-06-01,2026-06-01 11:16:18,V024,160.0,1.0379883653761677
2026-06-01,2026-06-01 11:16:19,V024,160.0,1.0430311624483617
2026-06-01,2026-06-01 11:16:20,V024,159.0,1.038739134953795
2026-06-01,2026-06-01 11:16:21,V024,158.0,1.0466770626596138
2026-06-01,2026-06-01 11:16:22,V024,158.0,1.065076096303264
2026-06-01,2026-06-01 11:16:23,V024,157.0,1.0728927285523997
2026-06-01,2026-06-01 11:16:24,V024,156.0,1.0539286704147364
2026-06-01,2026-06-01 11:16:25,V024,156.0,1.0945352999941345
2026-06-01,2026-06-01 11:16:26,V024,155.0,1.0340554911625799
2026-06-01,2026-06-01 11:16:27,V024,154.0,1.0241726364501802
2026-06-01,2026-06-01 11:16:28,V024,154.0,1.0358262814119863
2026-06-01,2026-06-01 11:16:29,V024,154.0,1.0349802743140122
2026-06-01,2026-06-01 11:16:30,V024,153.0,1.027973739322299
2026-06-01,2026-06-01 11:16:31,V024,153.0,1.0311822425860109
2026-06-01,2026-06-01 11:16:32,V024,153.0,1.028964369244827
2026-06-01,2026-06-01 11:16:33,V024,153.0,1.0303934173366651
2026-06-01,2026-06-01 11:16:34,V024,153.0,1.0288399209884966
2026-06-01,2026-06-01 11:16:35,V024,152.0,1.0339309158503798
2026-06-01,2026-06-01 11:16:36,V024,152.0,1.0349388291411852
2026-06-01,2026-06-01 11:16:37,V024,152.0,1.0223083871407657
2026-06-01,2026-06-01 11:16:38,V024,152.0,1.1109185672583441
2026-06-01,2026-06-01 11:16:39,V024,152.0,1.0639794920887045
2026-06-01,2026-06-01 11:16:40,V024,152.0,1.0512349111896495
2026-06-01,2026-06-01 11:16:41,V024,152.0,1.0691142021266271
2026-06-01,2026-06-01 11:16:42,V024,152.0,1.0408069860914086
2026-06-01,2026-06-01 11:16:43,V024,151.0,1.0446455702515325
2026-06-01,2026-06-01 11:16:44,V024,150.0,1.0825191559029503
2026-06-01,2026-06-01 11:16:45,V024,149.0,1.0763373730709342
2026-06-01,2026-06-01 11:16:46,V024,149.0,1.0562942955444588
2026-06-01,2026-06-01 11:16:47,V024,149.0,1.0534109940407141
2026-06-01,2026-06-01 11:16:48,V024,148.0,1.055874959268181
2026-06-01,2026-06-01 11:16:49,V024,148.0,1.0916804613707742
2026-06-01,2026-06-01 11:16:50,V024,148.0,1.073392194732755
2026-06-01,2026-06-01 11:16:51,V024,147.0,1.0474528391717233
2026-06-01,2026-06-01 11:16:52,V024,147.0,1.0424634483551884
2026-06-01,2026-06-01 11:16:53,V024,146.0,1.03796737731499
2026-06-01,2026-06-01 11:16:54,V024,146.0,1.0932771035838689
2026-06-01,2026-06-01 11:16:55,V024,145.0,1.0662876738917804
2026-06-01,2026-06-01 11:16:56,V024,145.0,1.0390711539385478
2026-06-01,2026-06-01 11:16:57,V024,145.0,1.0646382150997715
2026-06-01,2026-06-01 11:16:58,V024,145.0,1.0518019559397753
2026-06-01,2026-06-01 11:16:59,V024,145.0,1.0527123238532434
2026-06-01,2026-06-01 11:17:00,V024,145.0,1.0794154090448653
2026-06-01,2026-06-01 11:17:01,V024,144.0,1.0653134666639898
2026-06-01,2026-06-01 11:17:02,V024,144.0,1.0535150362613104
2026-06-01,2026-06-01 11:17:03,V024,143.0,1.0527166221568187
2026-06-01,2026-06-01 11:17:04,V024,143.0,1.0558929094175507
2026-06-01,2026-06-01 11:17:05,V024,143.0,1.0495329304853789
2026-06-01,2026-06-01 11:17:06,V024,143.0,1.0616272354349303
2026-06-01,2026-06-01 11:17:07,V024,143.0,1.052395965444577
2026-06-01,2026-06-01 11:17:08,V024,143.0,1.0599099851666114
2026-06-01,2026-06-01 11:17:09,V024,143.0,1.0805265147408007
2026-06-01,2026-06-01 11:17:10,V024,143.0,1.0618152597042476
2026-06-01,2026-06-01 11:17:11,V024,143.0,1.0466250896319726
2026-06-01,2026-06-01 11:17:12,V024,143.0,1.083329273042361
2026-06-01,2026-06-01 11:17:13,V024,143.0,1.0908918970146497
2026-06-01,2026-06-01 11:17:14,V024,144.0,1.0540389153378882
2026-06-01,2026-06-01 11:17:15,V024,144.0,1.0048989878933248
2026-06-01,2026-06-01 11:17:16,V024,144.0,1.2251413169960772
2026-06-01,2026-06-01 11:17:17,V024,145.0,1.0448008129232897
2026-06-01,2026-06-01 11:17:18,V024,145.0,1.090510655710748
2026-06-01,2026-06-01 11:17:19,V024,146.0,1.0747898584628464
2026-06-01,2026-06-01 11:17:20,V024,147.0,1.0800659725735415
2026-06-01,2026-06-01 11:17:21,V024,148.0,1.043863958146009
2026-06-01,2026-06-01 11:17:22,V024,148.0,1.0548067867750093
2026-06-01,2026-06-01 11:17:23,V024,149.0,1.0544227665145045
2026-06-01,2026-06-01 11:17:24,V024,150.0,1.051042784846479
2026-06-01,2026-06-01 11:17:25,V024,150.0,1.0589446515448684
2026-06-01,2026-06-01 11:17:26,V024,150.0,1.0551147668431606
2026-06-01,2026-06-01 11:17:27,V024,150.0,1.0529724159266733
2026-06-01,2026-06-01 11:17:28,V024,150.0,1.0526083988398582
2026-06-01,2026-06-01 11:17:29,V024,150.0,1.0579569419583261
2026-06-01,2026-06-01 11:17:30,V024,150.0,1.0531482730329302
2026-06-01,2026-06-01 11:17:31,V024,150.0,1.05222639228766
2026-06-01,2026-06-01 11:17:32,V024,150.0,1.0536022750459522
2026-06-01,2026-06-01 11:17:33,V024,150.0,1.0545420884157923
2026-06-01,2026-06-01 11:17:34,V024,150.0,1.056086747983334
2026-06-01,2026-06-01 11:17:35,V024,150.0,1.0502250315162913
2026-06-01,2026-06-01 11:17:36,V024,150.0,1.0532275203376589
2026-06-01,2026-06-01 11:17:37,V024,149.0,1.0503082651980564
2026-06-01,2026-06-01 11:17:38,V024,149.0,1.0535011985792597
2026-06-01,2026-06-01 11:17:39,V024,148.0,1.0592327173026763
2026-06-01,2026-06-01 11:17:40,V024,148.0,1.053342485370636
2026-06-01,2026-06-01 11:17:41,V024,148.0,1.0558817668934066
2026-06-01,2026-06-01 11:17:42,V024,148.0,1.0492925784046545
2026-06-01,2026-06-01 11:17:43,V024,148.0,1.0563735361625346
2026-06-01,2026-06-01 11:17:44,V024,148.0,1.05426787171449
2026-06-01,2026-06-01 11:17:45,V024,149.0,1.053527890285149
2026-06-01,2026-06-01 11:17:46,V024,150.0,1.0522397242070893
2026-06-01,2026-06-01 11:17:47,V024,150.0,1.055901721364215
2026-06-01,2026-06-01 11:17:48,V024,151.0,1.0526730365119354
2026-06-01,2026-06-01 11:17:49,V024,151.0,1.052571487412555
2026-06-01,2026-06-01 11:17:50,V024,151.0,1.0554041791443705
2026-06-01,2026-06-01 11:17:51,V024,151.0,1.05737581864668
2026-06-01,2026-06-01 11:17:52,V024,150.0,1.0621386395628583
2026-06-01,2026-06-01 11:17:53,V024,149.0,1.0337685919680561
2026-06-01,2026-06-01 11:17:54,V024,148.0,1.0763699048254802
2026-06-01,2026-06-01 11:17:55,V024,148.0,1.1548587086637823
2026-06-01,2026-06-01 11:17:56,V024,148.0,1.1026295972440945
2026-06-01,2026-06-01 11:17:57,V024,148.0,1.0692143609262368
2026-06-01,2026-06-01 11:17:58,V024,148.0,1.0263074355758273
2026-06-01,2026-06-01 11:17:59,V024,148.0,1.1302383116135388
2026-06-01,2026-06-01 11:18:00,V024,148.0,1.059455565038939
2026-06-01,2026-06-01 11:18:01,V024,147.0,1.0664515126103096
2026-06-01,2026-06-01 11:18:02,V024,147.0,1.0524762704102677
2026-06-01,2026-06-01 11:18:03,V024,146.0,1.0552350029080542
2026-06-01,2026-06-01 11:18:04,V024,146.0,1.0531090559533638
2026-06-01,2026-06-01 11:18:05,V024,146.0,1.0524940278121944
2026-06-01,2026-06-01 11:18:06,V024,146.0,1.053841586226696
2026-06-01,2026-06-01 11:18:07,V024,146.0,1.0514304623101685
2026-06-01,2026-06-01 11:18:08,V024,146.0,1.075670999315564
2026-06-01,2026-06-01 11:18:09,V024,147.0,1.052431963725225
2026-06-01,2026-06-01 11:18:10,V024,148.0,1.0541719256813162
2026-06-01,2026-06-01 11:18:11,V024,149.0,1.0641302585239123
2026-06-01,2026-06-01 11:18:12,V024,150.0,1.0638035702690263
2026-06-01,2026-06-01 11:18:13,V024,150.0,1.2279242231949623
2026-06-01,2026-06-01 11:18:14,V024,151.0,1.0645776403496412
2026-06-01,2026-06-01 11:18:15,V024,152.0,1.0483202904657323
2026-06-01,2026-06-01 11:18:16,V024,153.0,1.0636767454850107
2026-06-01,2026-06-01 11:18:17,V024,154.0,1.0665202594540466
2026-06-01,2026-06-01 11:18:18,V024,155.0,1.058683216427332
2026-06-01,2026-06-01 11:18:19,V024,156.0,1.0579772865043637
2026-06-01,2026-06-01 11:18:20,V024,157.0,1.0513359365304193
2026-06-01,2026-06-01 11:18:21,V024,157.0,1.0540950512883411
2026-06-01,2026-06-01 11:18:22,V024,158.0,1.0572760578654823
2026-06-01,2026-06-01 11:18:23,V024,157.0,1.0577634659659156
2026-06-01,2026-06-01 11:18:24,V024,157.0,1.1419244174249263
2026-06-01,2026-06-01 11:18:25,V024,157.0,1.0563465902116018
2026-06-01,2026-06-01 11:18:26,V024,156.0,1.0681110059917749
2026-06-01,2026-06-01 11:18:27,V024,156.0,1.0622430441845043
2026-06-01,2026-06-01 11:18:28,V024,155.0,1.055442118659666
2026-06-01,2026-06-01 11:18:29,V024,155.0,1.0467984773286738
2026-06-01,2026-06-01 11:18:30,V024,154.0,1.0619941213329709
2026-06-01,2026-06-01 11:18:31,V024,154.0,1.0497900569814365
2026-06-01,2026-06-01 11:18:32,V024,153.0,1.0556522601766423
2026-06-01,2026-06-01 11:18:33,V024,152.0,1.0524431855112417
2026-06-01,2026-06-01 11:18:34,V024,152.0,1.0564784828024594
2026-06-01,2026-06-01 11:18:35,V024,151.0,1.0901501770596087
2026-06-01,2026-06-01 11:18:36,V024,151.0,1.1138817411455804
2026-06-01,2026-06-01 11:18:37,V024,151.0,1.1069606613214462
2026-06-01,2026-06-01 11:18:38,V024,150.0,1.0040650612455246
2026-06-01,2026-06-01 11:18:39,V024,150.0,1.07007771725369
2026-06-01,2026-06-01 11:18:40,V024,150.0,1.0623611846146153
2026-06-01,2026-06-01 11:18:41,V024,150.0,1.0680442092198643
2026-06-01,2026-06-01 11:18:42,V024,150.0,1.053525556733869
2026-06-01,2026-06-01 11:18:43,V024,149.0,1.0729454256247424
2026-06-01,2026-06-01 11:18:44,V024,148.0,1.0455582303536215
2026-06-01,2026-06-01 11:18:45,V024,148.0,1.051114673115006
2026-06-01,2026-06-01 11:18:46,V024,147.0,1.059940977321331
2026-06-01,2026-06-01 11:18:47,V024,147.0,1.0543791182112279
2026-06-01,2026-06-01 11:18:48,V024,147.0,1.0594283607664303
2026-06-01,2026-06-01 11:18:49,V024,147.0,1.0627235722064658
2026-06-01,2026-06-01 11:18:50,V024,147.0,1.0590969859511705
2026-06-01,2026-06-01 11:18:51,V024,147.0,1.0492495364628727
2026-06-01,2026-06-01 11:18:52,V024,146.0,1.0716562442467277
2026-06-01,2026-06-01 11:18:53,V024,146.0,1.0541879356836081
2026-06-01,2026-06-01 11:18:54,V024,145.0,1.0716388266686623
2026-06-01,2026-06-01 11:18:55,V024,146.0,1.0547792320935887
2026-06-01,2026-06-01 11:18:56,V024,147.0,1.0568816353867787
2026-06-01,2026-06-01 11:18:57,V024,146.0,1.0568784159974216
2026-06-01,2026-06-01 11:18:58,V024,146.0,1.05229115201631
2026-06-01,2026-06-01 11:18:59,V024,146.0,1.054401503846074
2026-06-01,2026-06-01 11:19:00,V024,146.0,1.056728861825182
2026-06-01,2026-06-01 11:19:01,V024,146.0,1.0491204188395875
2026-06-01,2026-06-01 11:19:02,V024,146.0,1.1331331787205048
2026-06-01,2026-06-01 11:19:03,V024,147.0,1.1022725999864067
2026-06-01,2026-06-01 11:19:04,V024,147.0,1.1119272115422212
2026-06-01,2026-06-01 11:19:05,V024,146.0,1.0627347199938944
2026-06-01,2026-06-01 11:19:06,V024,145.0,1.106233143773264
2026-06-01,2026-06-01 11:19:07,V024,144.0,1.0353505661793923
2026-06-01,2026-06-01 11:19:08,V024,144.0,1.0896031717705144
2026-06-01,2026-06-01 11:19:09,V024,143.0,1.0563027615767229
2026-06-01,2026-06-01 11:19:10,V024,143.0,1.065230925917253
2026-06-01,2026-06-01 11:19:11,V024,142.0,1.0502069002347991
2026-06-01,2026-06-01 11:19:12,V024,142.0,1.0650103899199843
2026-06-01,2026-06-01 11:19:13,V024,141.0,1.0552046750997468
2026-06-01,2026-06-01 11:19:14,V024,140.0,1.0591372776188326
2026-06-01,2026-06-01 11:19:15,V024,140.0,1.1145112532544215
2026-06-01,2026-06-01 11:19:16,V024,140.0,1.049372111032733
2026-06-01,2026-06-01 11:19:17,V024,140.0,1.057314092789313
2026-06-01,2026-06-01 11:19:18,V024,140.0,1.0486297908635511
2026-06-01,2026-06-01 11:19:19,V024,141.0,1.0594185028199852
2026-06-01,2026-06-01 11:19:20,V024,141.0,1.0573556081534212
2026-06-01,2026-06-01 11:19:21,V024,141.0,1.0604256317157248
2026-06-01,2026-06-01 11:19:22,V024,142.0,1.0791839212922267
2026-06-01,2026-06-01 11:19:23,V024,142.0,0.9799993100970696
2026-06-01,2026-06-01 11:19:24,V024,142.0,1.1433062591004803
2026-06-01,2026-06-01 11:19:25,V024,142.0,1.065083865454
2026-06-01,2026-06-01 11:19:26,V024,142.0,1.0517057036595765
2026-06-01,2026-06-01 11:19:27,V024,141.0,1.0655879302914075
2026-06-01,2026-06-01 11:19:28,V024,141.0,1.051696676340516
2026-06-01,2026-06-01 11:19:29,V024,141.0,1.0549059823056102
2026-06-01,2026-06-01 11:19:30,V024,142.0,1.034490211482598
2026-06-01,2026-06-01 11:19:31,V024,142.0,1.0623400165615697
2026-06-01,2026-06-01 11:19:32,V024,143.0,1.0567234689354792
2026-06-01,2026-06-01 11:19:33,V024,143.0,1.0551270922500995
2026-06-01,2026-06-01 11:19:34,V024,143.0,1.054695425849762
2026-06-01,2026-06-01 11:19:35,V024,143.0,1.059646728584897
2026-06-01,2026-06-01 11:19:36,V024,144.0,1.0800678120374358
2026-06-01,2026-06-01 11:19:37,V024,143.0,1.1557547196060087
2026-06-01,2026-06-01 11:19:38,V024,143.0,1.018676300265078
2026-06-01,2026-06-01 11:19:39,V024,143.0,1.1070948144916843
2026-06-01,2026-06-01 11:19:40,V024,143.0,1.0591079230657419
2026-06-01,2026-06-01 11:19:41,V024,143.0,1.052949440756018
2026-06-01,2026-06-01 11:19:42,V024,144.0,1.0539398782770721
2026-06-01,2026-06-01 11:19:43,V024,144.0,1.0587651845727193
2026-06-01,2026-06-01 11:19:44,V024,144.0,1.0791321710948536
2026-06-01,2026-06-01 11:19:45,V024,144.0,1.079477424963079
2026-06-01,2026-06-01 11:19:46,V024,144.0,1.1527528842430614
2026-06-01,2026-06-01 11:19:47,V024,143.0,1.0475786118547115
2026-06-01,2026-06-01 11:19:48,V024,143.0,1.1662583999657892
2026-06-01,2026-06-01 11:19:49,V024,142.0,1.4015332143112078
2026-06-01,2026-06-01 11:19:50,V024,142.0,1.0640674365182323
2026-06-01,2026-06-01 11:19:51,V024,142.0,1.0551845723173559
2026-06-01,2026-06-01 11:19:52,V024,142.0,1.0608009714485398
2026-06-01,2026-06-01 11:19:53,V024,142.0,1.0556330736756896
2026-06-01,2026-06-01 11:19:54,V024,142.0,1.058467480555288
2026-06-01,2026-06-01 11:19:55,V024,142.0,1.0511715733898097
2026-06-01,2026-06-01 11:19:56,V024,141.0,1.0555970957416267
2026-06-01,2026-06-01 11:19:57,V024,141.0,1.0514408617541795
2026-06-01,2026-06-01 11:19:58,V024,141.0,1.067389014993411
2026-06-01,2026-06-01 11:19:59,V024,140.0,1.079456735036791
2026-06-01,2026-06-01 11:20:00,V024,140.0,1.060386340914988
2026-06-01,2026-06-01 11:20:01,V024,140.0,1.053918145865122
2026-06-01,2026-06-01 11:20:02,V024,140.0,1.0533203294181825
2026-06-01,2026-06-01 11:20:03,V024,139.0,1.055363709748077
2026-06-01,2026-06-01 11:20:04,V024,139.0,1.0660202607219234
2026-06-01,2026-06-01 11:20:05,V024,139.0,1.0537173980138719
2026-06-01,2026-06-01 11:20:06,V024,139.0,1.065804420769268
2026-06-01,2026-06-01 11:20:07,V024,139.0,1.0486572463117154
2026-06-01,2026-06-01 11:20:08,V024,139.0,1.0536105571042331
2026-06-01,2026-06-01 11:20:09,V024,140.0,1.052803941186658
2026-06-01,2026-06-01 11:20:10,V024,140.0,1.0584331905726645
2026-06-01,2026-06-01 11:20:11,V024,140.0,1.0551516736607705
2026-06-01,2026-06-01 11:20:12,V024,140.0,1.0518519945920235
2026-06-01,2026-06-01 11:20:13,V024,141.0,1.0636709284980077
2026-06-01,2026-06-01 11:20:14,V024,141.0,1.0577317086269218
2026-06-01,2026-06-01 11:20:15,V024,141.0,1.0528169197417578
2026-06-01,2026-06-01 11:20:16,V024,142.0,1.052581641656311
2026-06-01,2026-06-01 11:20:17,V024,142.0,1.0534510685601615
2026-06-01,2026-06-01 11:20:18,V024,142.0,1.0551810169014813
2026-06-01,2026-06-01 11:20:19,V024,141.0,1.0541349056154328
2026-06-01,2026-06-01 11:20:20,V024,141.0,1.1008930365778704
2026-06-01,2026-06-01 11:20:21,V024,141.0,1.0725207769111083
2026-06-01,2026-06-01 11:20:22,V024,140.0,1.0648824040324252
2026-06-01,2026-06-01 11:20:23,V024,141.0,1.0555652878890305
2026-06-01,2026-06-01 11:20:24,V024,141.0,1.0579654301868937
2026-06-01,2026-06-01 11:20:25,V024,142.0,1.0533063905219782
2026-06-01,2026-06-01 11:20:26,V024,143.0,1.0535381997235493
2026-06-01,2026-06-01 11:20:27,V024,144.0,1.0511383341287475
2026-06-01,2026-06-01 11:20:28,V024,144.0,1.0711243935520522
2026-06-01,2026-06-01 11:20:29,V024,145.0,1.0618892553781076
2026-06-01,2026-06-01 11:20:30,V024,145.0,1.0546638862032967
2026-06-01,2026-06-01 11:20:31,V024,145.0,1.0594164744261647
2026-06-01,2026-06-01 11:20:32,V024,145.0,1.05673130643312
2026-06-01,2026-06-01 11:20:33,V024,145.0,1.0515840474871272
2026-06-01,2026-06-01 11:20:34,V024,145.0,1.0546881751308705
2026-06-01,2026-06-01 11:20:35,V024,145.0,1.0595776843915932
2026-06-01,2026-06-01 11:20:36,V024,145.0,1.0581574907502416
2026-06-01,2026-06-01 11:20:37,V024,144.0,1.0414740638114262
2026-06-01,2026-06-01 11:20:38,V024,144.0,1.0848397942536616
2026-06-01,2026-06-01 11:20:39,V024,144.0,1.0420107360796973
2026-06-01,2026-06-01 11:20:40,V024,143.0,1.0590299627458497
2026-06-01,2026-06-01 11:20:41,V024,144.0,1.052915695941757
2026-06-01,2026-06-01 11:20:42,V024,144.0,1.0547358503400082
2026-06-01,2026-06-01 11:20:43,V024,144.0,1.0559558234741226
2026-06-01,2026-06-01 11:20:44,V024,144.0,1.0512686942432647
2026-06-01,2026-06-01 11:20:45,V024,144.0,1.0599543553210728
2026-06-01,2026-06-01 11:20:46,V024,144.0,1.0540793886260846
2026-06-01,2026-06-01 11:20:47,V024,144.0,1.054477203268193
2026-06-01,2026-06-01 11:20:48,V024,144.0,1.073582141260818
2026-06-01,2026-06-01 11:20:49,V024,144.0,1.0839095676637338
2026-06-01,2026-06-01 11:20:50,V024,144.0,1.1122082876363946
2026-06-01,2026-06-01 11:20:51,V024,144.0,1.087650616053137
2026-06-01,2026-06-01 11:20:52,V024,144.0,1.081801185739079
2026-06-01,2026-06-01 11:20:53,V024,144.0,1.0838559770497045
2026-06-01,2026-06-01 11:20:54,V024,144.0,1.0804126163213676
2026-06-01,2026-06-01 11:20:55,V024,144.0,1.0733584500338575
2026-06-01,2026-06-01 11:20:56,V024,145.0,1.0724519793439002
2026-06-01,2026-06-01 11:20:57,V024,145.0,1.0720989096951643
2026-06-01,2026-06-01 11:20:58,V024,145.0,1.0566081793937618
2026-06-01,2026-06-01 11:20:59,V024,145.0,1.0535992414167945
2026-06-01,2026-06-01 11:21:00,V024,145.0,1.0534697819591727
2026-06-01,2026-06-01 11:21:01,V024,144.0,1.0444100193830355
2026-06-01,2026-06-01 11:21:02,V024,144.0,1.0671205253488512
2026-06-01,2026-06-01 11:21:03,V024,144.0,1.0584087888189113
2026-06-01,2026-06-01 11:21:04,V024,143.0,1.0511748928335112
2026-06-01,2026-06-01 11:21:05,V024,143.0,1.0582328314648868
2026-06-01,2026-06-01 11:21:06,V024,143.0,1.0656519100438393
2026-06-01,2026-06-01 11:21:07,V024,143.0,1.058118304516859
2026-06-01,2026-06-01 11:21:08,V024,143.0,1.0536627972620134
2026-06-01,2026-06-01 11:21:09,V024,143.0,1.0451429894411146
2026-06-01,2026-06-01 11:21:10,V024,143.0,1.0633627137435733
2026-06-01,2026-06-01 11:21:11,V024,143.0,1.0926350397121805
2026-06-01,2026-06-01 11:21:12,V024,143.0,1.0823090064293188
2026-06-01,2026-06-01 11:21:13,V024,143.0,1.1164698471004673
2026-06-01,2026-06-01 11:21:14,V024,142.0,1.0486123539314895
2026-06-01,2026-06-01 11:21:15,V024,142.0,1.04303860019584
2026-06-01,2026-06-01 11:21:16,V024,142.0,1.0367339147954746
2026-06-01,2026-06-01 11:21:17,V024,142.0,1.0971252989436846
2026-06-01,2026-06-01 11:21:18,V024,142.0,1.0631903834260188
2026-06-01,2026-06-01 11:21:19,V024,142.0,1.0476641386395165
2026-06-01,2026-06-01 11:21:20,V024,142.0,1.060344895351303
2026-06-01,2026-06-01 11:21:21,V024,143.0,1.0549324952142571
2026-06-01,2026-06-01 11:21:22,V024,143.0,1.0549424532429958
2026-06-01,2026-06-01 11:21:23,V024,144.0,1.051874385589392
2026-06-01,2026-06-01 11:21:24,V024,144.0,1.0535084542451625
2026-06-01,2026-06-01 11:21:25,V024,145.0,1.0599589151575188
2026-06-01,2026-06-01 11:21:26,V024,145.0,1.0493066103263513
2026-06-01,2026-06-01 11:21:27,V024,146.0,1.1800661279789015
2026-06-01,2026-06-01 11:21:28,V024,146.0,1.024464066862839
2026-06-01,2026-06-01 11:21:29,V024,147.0,1.0371493921790484
2026-06-01,2026-06-01 11:21:30,V024,147.0,1.037902283910056
2026-06-01,2026-06-01 11:21:31,V024,148.0,1.0819775218607992
2026-06-01,2026-06-01 11:21:32,V024,148.0,1.0717579753240276
2026-06-01,2026-06-01 11:21:33,V024,148.0,1.0557030661027278
2026-06-01,2026-06-01 11:21:34,V024,148.0,1.0635645948398118
2026-06-01,2026-06-01 11:21:35,V024,147.0,1.0349383720906453
2026-06-01,2026-06-01 11:21:36,V024,147.0,1.055699180316368
2026-06-01,2026-06-01 11:21:37,V024,146.0,1.0545077575332682
2026-06-01,2026-06-01 11:21:38,V024,145.0,1.055148412946017
2026-06-01,2026-06-01 11:21:39,V024,144.0,1.1090215370280487
2026-06-01,2026-06-01 11:21:40,V024,144.0,1.188580366989523
2026-06-01,2026-06-01 11:21:41,V024,144.0,1.0619193037625236
2026-06-01,2026-06-01 11:21:42,V024,144.0,1.0564789891650737
2026-06-01,2026-06-01 11:21:43,V024,144.0,1.091678674187805
2026-06-01,2026-06-01 11:21:44,V024,144.0,1.1806275258682197
2026-06-01,2026-06-01 11:21:45,V024,145.0,1.0575671971337535
2026-06-01,2026-06-01 11:21:46,V024,146.0,1.061736204712022
2026-06-01,2026-06-01 11:21:47,V024,146.0,0.91996423213148
2026-06-01,2026-06-01 11:21:48,V024,147.0,1.2702677676976346
2026-06-01,2026-06-01 11:21:49,V024,147.0,1.0251913854715713
2026-06-01,2026-06-01 11:21:50,V024,146.0,1.0682772542826222
2026-06-01,2026-06-01 11:21:51,V024,145.0,1.0758751696688986
2026-06-01,2026-06-01 11:21:52,V024,144.0,1.0886477119263325
2026-06-01,2026-06-01 11:21:53,V024,144.0,1.0764683471637482
2026-06-01,2026-06-01 11:21:54,V024,144.0,1.0415067036408607
2026-06-01,2026-06-01 11:21:55,V024,143.0,1.0964052988337125
2026-06-01,2026-06-01 11:21:56,V024,143.0,1.0755647810288187
2026-06-01,2026-06-01 11:21:57,V024,143.0,1.0800599138168043
2026-06-01,2026-06-01 11:21:58,V024,143.0,1.05395451158078
2026-06-01,2026-06-01 11:21:59,V024,143.0,1.0560253437902882
2026-06-01,2026-06-01 11:22:00,V024,143.0,1.0511787034213786
2026-06-01,2026-06-01 11:22:01,V024,144.0,1.0596465009312572
2026-06-01,2026-06-01 11:22:02,V024,144.0,1.0691328248822205
2026-06-01,2026-06-01 11:22:03,V024,145.0,1.1076037585182006
2026-06-01,2026-06-01 11:22:04,V024,146.0,1.0470394160132312
2026-06-01,2026-06-01 11:22:05,V024,147.0,1.049424783174237
2026-06-01,2026-06-01 11:22:06,V024,148.0,1.050562652674642
2026-06-01,2026-06-01 11:22:07,V024,149.0,1.0678438955447724
2026-06-01,2026-06-01 11:22:08,V024,149.0,1.0525554538125812
2026-06-01,2026-06-01 11:22:09,V024,149.0,1.0741901236402163
2026-06-01,2026-06-01 11:22:10,V024,148.0,1.0395354267768322
2026-06-01,2026-06-01 11:22:11,V024,148.0,1.0768073386118744
2026-06-01,2026-06-01 11:22:12,V024,148.0,1.0905273312702386
2026-06-01,2026-06-01 11:22:13,V024,148.0,1.0905954767444737
2026-06-01,2026-06-01 11:22:14,V024,148.0,1.0524316064763164
2026-06-01,2026-06-01 11:22:15,V024,148.0,1.076207832166832
2026-06-01,2026-06-01 11:22:16,V024,148.0,1.0916412511066078
2026-06-01,2026-06-01 11:22:17,V024,148.0,1.057977965683426
2026-06-01,2026-06-01 11:22:18,V024,147.0,1.0766387550682748
2026-06-01,2026-06-01 11:22:19,V024,147.0,1.062497376745714
2026-06-01,2026-06-01 11:22:20,V024,147.0,1.048044083029948
2026-06-01,2026-06-01 11:22:21,V024,147.0,1.0526189041981813
2026-06-01,2026-06-01 11:22:22,V024,147.0,1.0545011801315007
2026-06-01,2026-06-01 11:22:23,V024,148.0,1.0620949154769943
2026-06-01,2026-06-01 11:22:24,V024,148.0,1.055309909777594
2026-06-01,2026-06-01 11:22:25,V024,148.0,1.0534900215407237
2026-06-01,2026-06-01 11:22:26,V024,148.0,1.0537422806302656
2026-06-01,2026-06-01 11:22:27,V024,148.0,1.053499956233266
2026-06-01,2026-06-01 11:22:28,V024,148.0,1.0564461778863647
2026-06-01,2026-06-01 11:22:29,V024,149.0,1.0530998871164743
2026-06-01,2026-06-01 11:22:30,V024,149.0,1.058283299534884
2026-06-01,2026-06-01 11:22:31,V024,150.0,1.0898260322173865
2026-06-01,2026-06-01 11:22:32,V024,150.0,1.325643608811918
2026-06-01,2026-06-01 11:22:33,V024,151.0,1.2923877291270158
2026-06-01,2026-06-01 11:22:34,V024,152.0,1.2155498072203903
2026-06-01,2026-06-01 11:22:35,V024,152.0,1.249484825197851
2026-06-01,2026-06-01 11:22:36,V024,152.0,1.2602961118907947
2026-06-01,2026-06-01 11:22:37,V024,152.0,1.0378770447330135
2026-06-01,2026-06-01 11:22:38,V024,152.0,1.0528616198362277
2026-06-01,2026-06-01 11:22:39,V024,152.0,1.0565497733728553
2026-06-01,2026-06-01 11:22:40,V024,152.0,1.0495404691010053
2026-06-01,2026-06-01 11:22:41,V024,153.0,1.1030946507632184
2026-06-01,2026-06-01 11:22:42,V024,153.0,1.047455076073695
2026-06-01,2026-06-01 11:22:43,V024,154.0,1.0614926044214938
2026-06-01,2026-06-01 11:22:44,V024,155.0,1.0903383128916333
2026-06-01,2026-06-01 11:22:45,V024,155.0,1.192096767825657
2026-06-01,2026-06-01 11:22:46,V024,155.0,1.1174987584464886
2026-06-01,2026-06-01 11:22:47,V024,155.0,1.0607389700076721
2026-06-01,2026-06-01 11:22:48,V024,156.0,1.0534967771972343
2026-06-01,2026-06-01 11:22:49,V024,157.0,1.0587448214147583
2026-06-01,2026-06-01 11:22:50,V024,158.0,1.0522643526303495
2026-06-01,2026-06-01 11:22:51,V024,159.0,1.0602902824889593
2026-06-01,2026-06-01 11:22:52,V024,159.0,1.0467445090795962
2026-06-01,2026-06-01 11:22:53,V024,161.0,1.0554392466295486
2026-06-01,2026-06-01 11:22:54,V024,161.0,1.056558323545126
2026-06-01,2026-06-01 11:22:55,V024,162.0,1.0525953574386206
2026-06-01,2026-06-01 11:22:56,V024,163.0,1.1044997470132176
2026-06-01,2026-06-01 11:22:57,V024,163.0,1.15115958273092
2026-06-01,2026-06-01 11:22:58,V024,164.0,1.104129671405157
2026-06-01,2026-06-01 11:22:59,V024,164.0,1.0909010446970213
2026-06-01,2026-06-01 11:23:00,V024,165.0,1.102052410665943
2026-06-01,2026-06-01 11:23:01,V024,165.0,1.2499529133932374
2026-06-01,2026-06-01 11:23:02,V024,166.0,1.122837220001778
2026-06-01,2026-06-01 11:23:03,V024,166.0,1.093428735856191
2026-06-01,2026-06-01 11:23:04,V024,167.0,1.0676963903401
2026-06-01,2026-06-01 11:23:05,V024,167.0,1.1091535617740298
2026-06-01,2026-06-01 11:23:06,V024,167.0,1.0457580449055095
2026-06-01,2026-06-01 11:23:07,V024,168.0,1.035868073649484
2026-06-01,2026-06-01 11:23:08,V024,168.0,1.080179894532766
2026-06-01,2026-06-01 11:23:09,V024,168.0,1.0621159590033644
2026-06-01,2026-06-01 11:23:10,V024,169.0,1.0544061782130045
2026-06-01,2026-06-01 11:23:11,V024,169.0,1.0470069662742527
2026-06-01,2026-06-01 11:23:12,V024,169.0,1.0691667279972044
2026-06-01,2026-06-01 11:23:13,V024,169.0,1.0594492848105854
2026-06-01,2026-06-01 11:23:14,V024,169.0,1.0668283848631035
2026-06-01,2026-06-01 11:23:15,V024,169.0,1.0665752183164292
2026-06-01,2026-06-01 11:23:16,V024,169.0,1.159982390562946
2026-06-01,2026-06-01 11:23:17,V024,169.0,1.2149268270308213
2026-06-01,2026-06-01 11:23:18,V024,168.0,1.0845302053626094
2026-06-01,2026-06-01 11:23:19,V024,168.0,1.3580257112090268
2026-06-01,2026-06-01 11:23:20,V024,168.0,0.9791574776284926
2026-06-01,2026-06-01 11:23:21,V024,167.0,1.0978733835212917
2026-06-01,2026-06-01 11:23:22,V024,167.0,1.1865218168333003
2026-06-01,2026-06-01 11:23:23,V024,166.0,1.118838074986819
2026-06-01,2026-06-01 11:23:24,V024,165.0,1.0547467302944573
2026-06-01,2026-06-01 11:23:25,V024,165.0,1.0498096068711567
2026-06-01,2026-06-01 11:23:26,V024,164.0,1.0842924321735785
2026-06-01,2026-06-01 11:23:27,V024,164.0,1.070320104966451
2026-06-01,2026-06-01 11:23:28,V024,164.0,1.0610084092993786
2026-06-01,2026-06-01 11:23:29,V024,164.0,1.062337722432562
2026-06-01,2026-06-01 11:23:30,V024,165.0,1.0518302731530138
2026-06-01,2026-06-01 11:23:31,V024,165.0,1.0537788994993087
2026-06-01,2026-06-01 11:23:32,V024,165.0,1.055270235651815
2026-06-01,2026-06-01 11:23:33,V024,166.0,1.0629338380327853
2026-06-01,2026-06-01 11:23:34,V024,167.0,1.0586974860526452
2026-06-01,2026-06-01 11:23:35,V024,167.0,1.0680569581428572
2026-06-01,2026-06-01 11:23:36,V024,168.0,1.055859418693079
2026-06-01,2026-06-01 11:23:37,V024,168.0,1.0686306087589361
2026-06-01,2026-06-01 11:23:38,V024,168.0,1.080433929716588
2026-06-01,2026-06-01 11:23:39,V024,167.0,1.1282130398927779
2026-06-01,2026-06-01 11:23:40,V024,167.0,1.1204293796001281
2026-06-01,2026-06-01 11:23:41,V024,167.0,1.0744463076260562
2026-06-01,2026-06-01 11:23:42,V024,166.0,1.053237132039387
2026-06-01,2026-06-01 11:23:43,V024,166.0,1.077044353936189
2026-06-01,2026-06-01 11:23:44,V024,165.0,1.100252106260874
2026-06-01,2026-06-01 11:23:45,V024,165.0,1.096374204368025
2026-06-01,2026-06-01 11:23:46,V024,165.0,1.1560095078368309
2026-06-01,2026-06-01 11:23:47,V024,165.0,1.057873248943147
2026-06-01,2026-06-01 11:23:48,V024,165.0,1.0776918558377824
2026-06-01,2026-06-01 11:23:49,V024,164.0,1.0628269295370723
2026-06-01,2026-06-01 11:23:50,V024,164.0,1.0522983168213165
2026-06-01,2026-06-01 11:23:51,V024,164.0,1.0616822490065292
2026-06-01,2026-06-01 11:23:52,V024,163.0,1.0503239670915268
2026-06-01,2026-06-01 11:23:53,V024,163.0,1.0642592886140965
2026-06-01,2026-06-01 11:23:54,V024,163.0,1.0763810290051667
2026-06-01,2026-06-01 11:23:55,V024,163.0,1.0712322252015893
2026-06-01,2026-06-01 11:23:56,V024,162.0,1.0764849053579328
2026-06-01,2026-06-01 11:23:57,V024,162.0,1.054446842093122
2026-06-01,2026-06-01 11:23:58,V024,162.0,1.0600856677104449
2026-06-01,2026-06-01 11:23:59,V024,161.0,1.0522890099401592
2026-06-01,2026-06-01 11:24:00,V024,161.0,1.0544982729638503
2026-06-01,2026-06-01 11:24:01,V024,161.0,1.1148448244140363
2026-06-01,2026-06-01 11:24:02,V024,161.0,1.1569723955929545
2026-06-01,2026-06-01 11:24:03,V024,160.0,1.090171027983164
2026-06-01,2026-06-01 11:24:04,V024,160.0,1.2228592801012392
2026-06-01,2026-06-01 11:24:05,V024,160.0,1.1743840522223221
2026-06-01,2026-06-01 11:24:06,V024,159.0,1.1349444432232285
2026-06-01,2026-06-01 11:24:07,V024,159.0,1.0483086152968148
2026-06-01,2026-06-01 11:24:08,V024,158.0,1.2209275258204944
2026-06-01,2026-06-01 11:24:09,V024,157.0,1.099496705324447
2026-06-01,2026-06-01 11:24:10,V024,156.0,1.0518629214558957
2026-06-01,2026-06-01 11:24:11,V024,156.0,1.1226875360269435
2026-06-01,2026-06-01 11:24:12,V024,155.0,1.0563374628843467
2026-06-01,2026-06-01 11:24:13,V024,154.0,1.0881706616131044
2026-06-01,2026-06-01 11:24:14,V024,154.0,1.071274138252969
2026-06-01,2026-06-01 11:24:15,V024,154.0,1.0455663552497707
2026-06-01,2026-06-01 11:24:16,V024,154.0,1.056879329193466
2026-06-01,2026-06-01 11:24:17,V024,155.0,1.0545187874037885
2026-06-01,2026-06-01 11:24:18,V024,156.0,1.0996655377634665
2026-06-01,2026-06-01 11:24:19,V024,157.0,1.5289717163374448
2026-06-01,2026-06-01 11:24:20,V024,157.0,1.267617135574735
2026-06-01,2026-06-01 11:24:21,V024,157.0,1.1201260157022035
2026-06-01,2026-06-01 11:24:22,V024,157.0,1.1188026726351397
2026-06-01,2026-06-01 11:24:23,V024,157.0,1.0748526305135864
2026-06-01,2026-06-01 11:24:24,V024,156.0,1.078897205724379
2026-06-01,2026-06-01 11:24:25,V024,156.0,1.0759048777423166
2026-06-01,2026-06-01 11:24:26,V024,156.0,1.0607365355833964
2026-06-01,2026-06-01 11:24:27,V024,156.0,1.0582703357659506
2026-06-01,2026-06-01 11:24:28,V024,156.0,1.0584096448264124
2026-06-01,2026-06-01 11:24:29,V024,156.0,1.0516436171768528
2026-06-01,2026-06-01 11:24:30,V024,156.0,1.0749629305995956
2026-06-01,2026-06-01 11:24:31,V024,156.0,1.0910570889185278
2026-06-01,2026-06-01 11:24:32,V024,156.0,1.0684958767959751
2026-06-01,2026-06-01 11:24:33,V024,157.0,1.0554129234612566
2026-06-01,2026-06-01 11:24:34,V024,157.0,1.061211916183485
2026-06-01,2026-06-01 11:24:35,V024,156.0,1.0530701652115115
2026-06-01,2026-06-01 11:24:36,V024,156.0,1.0547395887067657
2026-06-01,2026-06-01 11:24:37,V024,156.0,1.0669940513274239
2026-06-01,2026-06-01 11:24:38,V024,156.0,1.0591581924676658
2026-06-01,2026-06-01 11:24:39,V024,155.0,1.0965560043889242
2026-06-01,2026-06-01 11:24:40,V024,154.0,1.201644032878336
2026-06-01,2026-06-01 11:24:41,V024,155.0,1.1551917693181828
2026-06-01,2026-06-01 11:24:42,V024,155.0,1.2631955411048212
2026-06-01,2026-06-01 11:24:43,V024,156.0,1.0777983112647378
2026-06-01,2026-06-01 11:24:44,V024,156.0,1.0753011473628302
2026-06-01,2026-06-01 11:24:45,V024,156.0,1.1396519505606495
2026-06-01,2026-06-01 11:24:46,V024,156.0,1.1832221510237126
2026-06-01,2026-06-01 11:24:47,V024,155.0,1.178402929082329
2026-06-01,2026-06-01 11:24:48,V024,155.0,1.2574365908111513
2026-06-01,2026-06-01 11:24:49,V024,154.0,1.1234712134734255
2026-06-01,2026-06-01 11:24:50,V024,153.0,1.162382395274174
2026-06-01,2026-06-01 11:24:51,V024,152.0,1.0852799934193773
2026-06-01,2026-06-01 11:24:52,V024,151.0,1.0712395564328305
2026-06-01,2026-06-01 11:24:53,V024,151.0,1.06761041880962
2026-06-01,2026-06-01 11:24:54,V024,150.0,1.0735375361438628
2026-06-01,2026-06-01 11:24:55,V024,150.0,1.0556702731462928
2026-06-01,2026-06-01 11:24:56,V024,150.0,1.2513796933310213
2026-06-01,2026-06-01 11:24:57,V024,151.0,1.203443631203034
2026-06-01,2026-06-01 11:24:58,V024,152.0,1.1132456416444556
2026-06-01,2026-06-01 11:24:59,V024,153.0,1.2066028490711196
2026-06-01,2026-06-01 11:25:00,V024,153.0,1.0890991340822855
2026-06-01,2026-06-01 11:25:01,V024,154.0,1.1245456347721459
2026-06-01,2026-06-01 11:25:02,V024,155.0,1.092294065604033
2026-06-01,2026-06-01 11:25:03,V024,156.0,1.0313876681880219
2026-06-01,2026-06-01 11:25:04,V024,157.0,1.1221206164984086
2026-06-01,2026-06-01 11:25:05,V024,158.0,1.0895032266212008
2026-06-01,2026-06-01 11:25:06,V024,159.0,1.0792635258263457
2026-06-01,2026-06-01 11:25:07,V024,160.0,1.0759767472075525
2026-06-01,2026-06-01 11:25:08,V024,161.0,1.126251963234807
2026-06-01,2026-06-01 11:25:09,V024,162.0,1.1371780355255927
2026-06-01,2026-06-01 11:25:10,V024,162.0,1.1597690568197678
2026-06-01,2026-06-01 11:25:11,V024,163.0,1.0894833429892687
2026-06-01,2026-06-01 11:25:12,V024,163.0,0.9761402748397624
2026-06-01,2026-06-01 11:25:13,V024,163.0,1.0251138677015557
2026-06-01,2026-06-01 11:25:14,V024,163.0,1.01845314531209
2026-06-01,2026-06-01 11:25:15,V024,162.0,0.996262728217639
2026-06-01,2026-06-01 11:25:16,V024,162.0,1.0726350841416101
2026-06-01,2026-06-01 11:25:17,V024,161.0,1.027905334137593
2026-06-01,2026-06-01 11:25:18,V024,161.0,1.0634719998135875
2026-06-01,2026-06-01 11:25:19,V024,161.0,1.0610378664114333
2026-06-01,2026-06-01 11:25:20,V024,160.0,1.0704633637201175
2026-06-01,2026-06-01 11:25:21,V024,160.0,1.0588949878417795
2026-06-01,2026-06-01 11:25:22,V024,159.0,1.0536997815734048
2026-06-01,2026-06-01 11:25:23,V024,158.0,1.0734161392720254
2026-06-01,2026-06-01 11:25:24,V024,158.0,1.0752456353885156
2026-06-01,2026-06-01 11:25:25,V024,157.0,1.0654171661804148
2026-06-01,2026-06-01 11:25:26,V024,156.0,1.0559023649968218
2026-06-01,2026-06-01 11:25:27,V024,156.0,1.0535166309604531
2026-06-01,2026-06-01 11:25:28,V024,155.0,1.054258064346222
2026-06-01,2026-06-01 11:25:29,V024,155.0,1.0599376492535264
2026-06-01,2026-06-01 11:25:30,V024,154.0,1.0410741935449415
2026-06-01,2026-06-01 11:25:31,V024,154.0,1.0751871199629095
2026-06-01,2026-06-01 11:25:32,V024,153.0,1.065300565279353
2026-06-01,2026-06-01 11:25:33,V024,153.0,1.0585873440015012
2026-06-01,2026-06-01 11:25:34,V024,152.0,1.015414298166557
2026-06-01,2026-06-01 11:25:35,V024,152.0,1.1037838658510384
2026-06-01,2026-06-01 11:25:36,V024,152.0,1.0553432105231395
2026-06-01,2026-06-01 11:25:37,V024,152.0,1.0659661702955667
2026-06-01,2026-06-01 11:25:38,V024,152.0,1.0636519384326364
2026-06-01,2026-06-01 11:25:39,V024,152.0,1.0509290347173845
2026-06-01,2026-06-01 11:25:40,V024,152.0,1.0833910881209827
2026-06-01,2026-06-01 11:25:41,V024,153.0,1.071795233928846
2026-06-01,2026-06-01 11:25:42,V024,153.0,1.0828710826877308
2026-06-01,2026-06-01 11:25:43,V024,154.0,1.2044373194017353
2026-06-01,2026-06-01 11:25:44,V024,154.0,0.9394754111212306
2026-06-01,2026-06-01 11:25:45,V024,155.0,1.07219812321235
2026-06-01,2026-06-01 11:25:46,V024,155.0,1.1320233111370537
2026-06-01,2026-06-01 11:25:47,V024,155.0,1.0589390585043674
2026-06-01,2026-06-01 11:25:48,V024,155.0,1.0603753717176945
2026-06-01,2026-06-01 11:25:49,V024,155.0,1.0500948695071755
2026-06-01,2026-06-01 11:25:50,V024,155.0,1.0902388475841347
2026-06-01,2026-06-01 11:25:51,V024,154.0,1.0501055444582497
2026-06-01,2026-06-01 11:25:52,V024,154.0,1.0591829398318795
2026-06-01,2026-06-01 11:25:53,V024,153.0,1.0537663138012368
2026-06-01,2026-06-01 11:25:54,V024,152.0,1.056491529401731
2026-06-01,2026-06-01 11:25:55,V024,151.0,1.0470187450011466
2026-06-01,2026-06-01 11:25:56,V024,150.0,1.067909169475705
2026-06-01,2026-06-01 11:25:57,V024,149.0,1.0791687774413914
2026-06-01,2026-06-01 11:25:58,V024,148.0,1.166725998830237
2026-06-01,2026-06-01 11:25:59,V024,148.0,0.9971102903900457
2026-06-01,2026-06-01 11:26:00,V024,147.0,1.0433823802245181
2026-06-01,2026-06-01 11:26:01,V024,147.0,0.9772627198186351
2026-06-01,2026-06-01 11:26:02,V024,146.0,1.000543911913046
2026-06-01,2026-06-01 11:26:03,V024,146.0,1.0449893207112484
2026-06-01,2026-06-01 11:26:04,V024,146.0,1.0525693929460904
2026-06-01,2026-06-01 11:26:05,V024,146.0,1.0306385768339434
2026-06-01,2026-06-01 11:26:06,V024,146.0,1.0336918271187794
2026-06-01,2026-06-01 11:26:07,V024,146.0,1.0255656324949243
2026-06-01,2026-06-01 11:26:08,V024,147.0,1.0448670732690202
2026-06-01,2026-06-01 11:26:09,V024,147.0,1.027663737548632
2026-06-01,2026-06-01 11:26:10,V024,147.0,1.0495525026158756
2026-06-01,2026-06-01 11:26:11,V024,147.0,1.0728716386112274
2026-06-01,2026-06-01 11:26:12,V024,147.0,1.0604955574613604
2026-06-01,2026-06-01 11:26:13,V024,147.0,1.0571130279615726
2026-06-01,2026-06-01 11:26:14,V024,147.0,1.0554313499167016
2026-06-01,2026-06-01 11:26:15,V024,147.0,1.0495101286866706
2026-06-01,2026-06-01 11:26:16,V024,147.0,1.0610316348518771
2026-06-01,2026-06-01 11:26:17,V024,146.0,1.0823292268071865
2026-06-01,2026-06-01 11:26:18,V024,145.0,0.9573923459335977
2026-06-01,2026-06-01 11:26:19,V024,144.0,1.0355070186842066
2026-06-01,2026-06-01 11:26:20,V024,144.0,1.0208542390482016
2026-06-01,2026-06-01 11:26:21,V024,143.0,1.0282590489337589
2026-06-01,2026-06-01 11:26:22,V024,143.0,1.0122716339886337
2026-06-01,2026-06-01 11:26:23,V024,143.0,1.14477001076755
2026-06-01,2026-06-01 11:26:24,V024,142.0,1.061655549916148
2026-06-01,2026-06-01 11:26:25,V024,142.0,1.0549402265521348
2026-06-01,2026-06-01 11:26:26,V024,142.0,1.0613558305139168
2026-06-01,2026-06-01 11:26:27,V024,141.0,1.1494353895675318
2026-06-01,2026-06-01 11:26:28,V024,140.0,1.0550474931730855
2026-06-01,2026-06-01 11:26:29,V024,139.0,1.056424200261414
2026-06-01,2026-06-01 11:26:30,V024,138.0,1.06534361248782
2026-06-01,2026-06-01 11:26:31,V024,138.0,1.0584574968714453
2026-06-01,2026-06-01 11:26:32,V024,137.0,1.0659479467706845
2026-06-01,2026-06-01 11:26:33,V024,138.0,1.0600428044180341
2026-06-01,2026-06-01 11:26:34,V024,138.0,1.0536621655911023
2026-06-01,2026-06-01 11:26:35,V024,139.0,1.049160090582752
2026-06-01,2026-06-01 11:26:36,V024,139.0,1.053363883465607
2026-06-01,2026-06-01 11:26:37,V024,140.0,1.053482632719867
2026-06-01,2026-06-01 11:26:38,V024,140.0,1.0750677017959216
2026-06-01,2026-06-01 11:26:39,V024,141.0,1.0604634477238586
2026-06-01,2026-06-01 11:26:40,V024,141.0,1.0048137449327585
2026-06-01,2026-06-01 11:26:41,V024,142.0,1.0069147661979327
2026-06-01,2026-06-01 11:26:42,V024,142.0,1.0342030189567124
2026-06-01,2026-06-01 11:26:43,V024,143.0,0.9508208088104154
2026-06-01,2026-06-01 11:26:44,V024,143.0,0.9721358215393024
2026-06-01,2026-06-01 11:26:45,V024,143.0,0.9762354797329921
2026-06-01,2026-06-01 11:26:46,V024,143.0,1.0825711136265583
2026-06-01,2026-06-01 11:26:47,V024,143.0,1.064435037662314
2026-06-01,2026-06-01 11:26:48,V024,143.0,1.0518114020457656
2026-06-01,2026-06-01 11:26:49,V024,143.0,1.0535848189731185
2026-06-01,2026-06-01 11:26:50,V024,143.0,1.0529308257966659
2026-06-01,2026-06-01 11:26:51,V024,142.0,1.057788005959313
2026-06-01,2026-06-01 11:26:52,V024,142.0,1.0601496930221797
2026-06-01,2026-06-01 11:26:53,V024,142.0,1.0526897830501367
2026-06-01,2026-06-01 11:26:54,V024,142.0,1.0544504115446731
2026-06-01,2026-06-01 11:26:55,V024,142.0,1.0583984425694417
2026-06-01,2026-06-01 11:26:56,V024,142.0,1.0668851392659977
2026-06-01,2026-06-01 11:26:57,V024,143.0,1.0346031256472417
2026-06-01,2026-06-01 11:26:58,V024,143.0,1.0739295075766757
2026-06-01,2026-06-01 11:26:59,V024,143.0,1.0823558578341566
2026-06-01,2026-06-01 11:27:00,V024,144.0,1.0857876317173212
2026-06-01,2026-06-01 11:27:01,V024,144.0,1.048204739481065
2026-06-01,2026-06-01 11:27:02,V024,144.0,1.0698617269393937
2026-06-01,2026-06-01 11:27:03,V024,143.0,1.0990942754657083
2026-06-01,2026-06-01 11:27:04,V024,143.0,1.0488457639757942
2026-06-01,2026-06-01 11:27:05,V024,143.0,1.0669389550398058
2026-06-01,2026-06-01 11:27:06,V024,142.0,1.0450937338257176
2026-06-01,2026-06-01 11:27:07,V024,142.0,1.0537407552196403
2026-06-01,2026-06-01 11:27:08,V024,141.0,1.0577325647612346
2026-06-01,2026-06-01 11:27:09,V024,141.0,1.0697831535429019
2026-06-01,2026-06-01 11:27:10,V024,140.0,1.0430153204075392
2026-06-01,2026-06-01 11:27:11,V024,140.0,1.0542417044496994
2026-06-01,2026-06-01 11:27:12,V024,140.0,1.064881113135988
2026-06-01,2026-06-01 11:27:13,V024,140.0,1.061404589131709
2026-06-01,2026-06-01 11:27:14,V024,141.0,1.0580512548563445
2026-06-01,2026-06-01 11:27:15,V024,142.0,1.0540059582636288
2026-06-01,2026-06-01 11:27:16,V024,142.0,1.0474262847593918
2026-06-01,2026-06-01 11:27:17,V024,142.0,1.0922377447118203
2026-06-01,2026-06-01 11:27:18,V024,142.0,1.099017855425346
2026-06-01,2026-06-01 11:27:19,V024,142.0,1.0586897010191125
2026-06-01,2026-06-01 11:27:20,V024,142.0,1.1579948045056037
2026-06-01,2026-06-01 11:27:21,V024,142.0,1.0018787501675623
2026-06-01,2026-06-01 11:27:22,V024,142.0,1.0794449412413896
2026-06-01,2026-06-01 11:27:23,V024,142.0,1.082423606516843
2026-06-01,2026-06-01 11:27:24,V024,142.0,1.0636892878725415
2026-06-01,2026-06-01 11:27:25,V024,142.0,1.0496840399109917
2026-06-01,2026-06-01 11:27:26,V024,142.0,1.0584333430049586
2026-06-01,2026-06-01 11:27:27,V024,142.0,1.0513770979925026
2026-06-01,2026-06-01 11:27:28,V024,142.0,1.0593816596932386
2026-06-01,2026-06-01 11:27:29,V024,142.0,1.0500199862033242
2026-06-01,2026-06-01 11:27:30,V024,142.0,1.0482839512538444
2026-06-01,2026-06-01 11:27:31,V024,142.0,1.0535971278602658
2026-06-01,2026-06-01 11:27:32,V024,142.0,1.054979001575724
2026-06-01,2026-06-01 11:27:33,V024,142.0,1.0552025219221326
2026-06-01,2026-06-01 11:27:34,V024,143.0,1.0289263936048043
2026-06-01,2026-06-01 11:27:35,V024,143.0,1.1683345640879772
2026-06-01,2026-06-01 11:27:36,V024,144.0,1.1213877031005621
2026-06-01,2026-06-01 11:27:37,V024,145.0,1.1609486532689635
2026-06-01,2026-06-01 11:27:38,V024,145.0,1.0699194775135608
2026-06-01,2026-06-01 11:27:39,V024,146.0,1.0593205764558056
2026-06-01,2026-06-01 11:27:40,V024,146.0,1.0610479745317192
2026-06-01,2026-06-01 11:27:41,V024,147.0,1.0575095074456844
2026-06-01,2026-06-01 11:27:42,V024,148.0,1.052238871763431
2026-06-01,2026-06-01 11:27:43,V024,148.0,1.055254749731752
2026-06-01,2026-06-01 11:27:44,V024,148.0,1.0644258297934943
2026-06-01,2026-06-01 11:27:45,V024,148.0,1.0554672630115929
2026-06-01,2026-06-01 11:27:46,V024,148.0,1.062775290133032
2026-06-01,2026-06-01 11:27:47,V024,148.0,1.0510565724471785
2026-06-01,2026-06-01 11:27:48,V024,148.0,1.050679511355729
2026-06-01,2026-06-01 11:27:49,V024,149.0,1.0528358228973074
2026-06-01,2026-06-01 11:27:50,V024,149.0,1.0532978416060514
2026-06-01,2026-06-01 11:27:51,V024,149.0,1.0558421100723836
2026-06-01,2026-06-01 11:27:52,V024,150.0,1.0678444946036938
2026-06-01,2026-06-01 11:27:53,V024,151.0,1.0585395419758488
2026-06-01,2026-06-01 11:27:54,V024,152.0,1.0503350887439185
2026-06-01,2026-06-01 11:27:55,V024,153.0,1.1347985890834849
2026-06-01,2026-06-01 11:27:56,V024,153.0,1.1847485384463472
2026-06-01,2026-06-01 11:27:57,V024,153.0,0.9826232169642879
2026-06-01,2026-06-01 11:27:58,V024,153.0,1.1017360260172393
2026-06-01,2026-06-01 11:27:59,V024,153.0,1.0746730096208201
2026-06-01,2026-06-01 11:28:00,V024,152.0,1.10888619966915
2026-06-01,2026-06-01 11:28:01,V024,151.0,1.070628831802717
2026-06-01,2026-06-01 11:28:02,V024,151.0,1.1278045276715931
2026-06-01,2026-06-01 11:28:03,V024,151.0,1.0758160404586425
2026-06-01,2026-06-01 11:28:04,V024,151.0,1.0786133502019053
2026-06-01,2026-06-01 11:28:05,V024,151.0,1.0772299987775145
2026-06-01,2026-06-01 11:28:06,V024,152.0,1.045624598956757
2026-06-01,2026-06-01 11:28:07,V024,152.0,1.1013216296086095
2026-06-01,2026-06-01 11:28:08,V024,153.0,1.3093960397916102
2026-06-01,2026-06-01 11:28:09,V024,154.0,1.3639404703659348
2026-06-01,2026-06-01 11:28:10,V024,154.0,1.0937872783396232
2026-06-01,2026-06-01 11:28:11,V024,156.0,1.119389892710229
2026-06-01,2026-06-01 11:28:12,V024,157.0,1.1349648724799664
2026-06-01,2026-06-01 11:28:13,V024,159.0,1.0524747717961043
2026-06-01,2026-06-01 11:28:14,V024,160.0,1.0523933122251887
2026-06-01,2026-06-01 11:28:15,V024,162.0,1.0540848941190135
2026-06-01,2026-06-01 11:28:16,V024,163.0,1.0755297793053855
2026-06-01,2026-06-01 11:28:17,V024,164.0,1.0778637005891414
2026-06-01,2026-06-01 11:28:18,V024,165.0,1.191574997292901
2026-06-01,2026-06-01 11:28:19,V024,166.0,1.0498930120177299
2026-06-01,2026-06-01 11:28:20,V024,166.0,1.0853412091222208
2026-06-01,2026-06-01 11:28:21,V024,167.0,1.052651428808689
2026-06-01,2026-06-01 11:28:22,V024,167.0,1.0604007159205022
2026-06-01,2026-06-01 11:28:23,V024,167.0,1.053190599609891
2026-06-01,2026-06-01 11:28:24,V024,168.0,1.0585017575825877
2026-06-01,2026-06-01 11:28:25,V024,168.0,1.0566849010322767
2026-06-01,2026-06-01 11:28:26,V024,168.0,1.049722537626914
2026-06-01,2026-06-01 11:28:27,V024,168.0,1.3942487478616927
2026-06-01,2026-06-01 11:28:28,V024,168.0,1.0793357642321182
2026-06-01,2026-06-01 11:28:29,V024,168.0,1.278791078537806
2026-06-01,2026-06-01 11:28:30,V024,168.0,1.078792803513351
2026-06-01,2026-06-01 11:28:31,V024,168.0,1.0600035358493853
2026-06-01,2026-06-01 11:28:32,V024,169.0,1.0551391283703284
2026-06-01,2026-06-01 11:28:33,V024,168.0,1.0368518738323005
2026-06-01,2026-06-01 11:28:34,V024,168.0,1.160700936002739
2026-06-01,2026-06-01 11:28:35,V024,167.0,1.0246849180938018
2026-06-01,2026-06-01 11:28:36,V024,167.0,1.1679540547825988
2026-06-01,2026-06-01 11:28:37,V024,167.0,1.1031516774577335
2026-06-01,2026-06-01 11:28:38,V024,167.0,1.0672986138012706
2026-06-01,2026-06-01 11:28:39,V024,166.0,1.0581818637091898
2026-06-01,2026-06-01 11:28:40,V024,166.0,1.064384332814581
2026-06-01,2026-06-01 11:28:41,V024,166.0,1.055948838189493
2026-06-01,2026-06-01 11:28:42,V024,166.0,1.0921255313466938
2026-06-01,2026-06-01 11:28:43,V024,166.0,1.114728018950733
2026-06-01,2026-06-01 11:28:44,V024,166.0,1.0821006271205873
2026-06-01,2026-06-01 11:28:45,V024,165.0,1.0984444598957768
2026-06-01,2026-06-01 11:28:46,V024,165.0,1.0504861581658536
2026-06-01,2026-06-01 11:28:47,V024,166.0,1.0661477357505218
2026-06-01,2026-06-01 11:28:48,V024,166.0,1.1310400155632867
2026-06-01,2026-06-01 11:28:49,V024,167.0,1.0770935700952398
2026-06-01,2026-06-01 11:28:50,V024,168.0,1.0642802047738373
2026-06-01,2026-06-01 11:28:51,V024,168.0,1.0527052708970013
2026-06-01,2026-06-01 11:28:52,V024,168.0,1.052629101333297
2026-06-01,2026-06-01 11:28:53,V024,168.0,1.1247390264167556
2026-06-01,2026-06-01 11:28:54,V024,168.0,1.1042370365089345
2026-06-01,2026-06-01 11:28:55,V024,168.0,1.130350535317395
2026-06-01,2026-06-01 11:28:56,V024,167.0,1.0835193056644867
2026-06-01,2026-06-01 11:28:57,V024,167.0,1.0573159790004076
2026-06-01,2026-06-01 11:28:58,V024,167.0,1.0539822385974609
2026-06-01,2026-06-01 11:28:59,V024,166.0,1.3849519379393782
2026-06-01,2026-06-01 11:29:00,V024,165.0,1.4152811521055264
2026-06-01,2026-06-01 11:29:01,V024,165.0,1.102558266199125
2026-06-01,2026-06-01 11:29:02,V024,164.0,1.132365004345805
2026-06-01,2026-06-01 11:29:03,V024,164.0,1.1206274381001446
2026-06-01,2026-06-01 11:29:04,V024,164.0,1.0684372537684357
2026-06-01,2026-06-01 11:29:05,V024,164.0,1.0843242415369898
2026-06-01,2026-06-01 11:29:06,V024,163.0,1.052686091482954
2026-06-01,2026-06-01 11:29:07,V024,163.0,1.0582024533895316
2026-06-01,2026-06-01 11:29:08,V024,163.0,1.2038167328449136
2026-06-01,2026-06-01 11:29:09,V024,163.0,1.2111303598564132
2026-06-01,2026-06-01 11:29:10,V024,163.0,1.093457813043417
2026-06-01,2026-06-01 11:29:11,V024,164.0,1.0493709479891433
2026-06-01,2026-06-01 11:29:12,V024,164.0,1.0707235370511445
2026-06-01,2026-06-01 11:29:13,V024,165.0,1.0533707788279292
2026-06-01,2026-06-01 11:29:14,V024,166.0,1.0537414053216794
2026-06-01,2026-06-01 11:29:15,V024,166.0,1.0574167132895285
2026-06-01,2026-06-01 11:29:16,V024,166.0,1.0468641634583944
2026-06-01,2026-06-01 11:29:17,V024,167.0,1.056174092719008
2026-06-01,2026-06-01 11:29:18,V024,167.0,1.0534319968993404
2026-06-01,2026-06-01 11:29:19,V024,167.0,1.059911259849198
2026-06-01,2026-06-01 11:29:20,V024,168.0,1.0551126082890956
2026-06-01,2026-06-01 11:29:21,V024,168.0,1.0578758079536048
2026-06-01,2026-06-01 11:29:22,V024,168.0,1.08535502959605
2026-06-01,2026-06-01 11:29:23,V024,169.0,1.0669520073672623
2026-06-01,2026-06-01 11:29:24,V024,169.0,1.2201724335613464
2026-06-01,2026-06-01 11:29:25,V024,169.0,1.0849926004648534
2026-06-01,2026-06-01 11:29:26,V024,169.0,1.0626358873418615
2026-06-01,2026-06-01 11:29:27,V024,170.0,1.0625978526237312
2026-06-01,2026-06-01 11:29:28,V024,170.0,1.0419365851232112
2026-06-01,2026-06-01 11:29:29,V024,170.0,1.1050636578986772
2026-06-01,2026-06-01 11:29:30,V024,170.0,1.086467663089843
2026-06-01,2026-06-01 11:29:31,V024,170.0,1.045259481880275
2026-06-01,2026-06-01 11:29:32,V024,170.0,1.6113914557569844
2026-06-01,2026-06-01 11:29:33,V024,171.0,1.4406163165598531
2026-06-01,2026-06-01 11:29:34,V024,171.0,1.624317637487919
2026-06-01,2026-06-01 11:29:35,V024,172.0,1.231189866227355
2026-06-01,2026-06-01 11:29:36,V024,173.0,1.2643145831529763
2026-06-01,2026-06-01 11:29:37,V024,172.0,1.27108064242511
2026-06-01,2026-06-01 11:29:38,V024,171.0,0.9741669370612813
2026-06-01,2026-06-01 11:29:39,V024,170.0,1.1083064534299416
2026-06-01,2026-06-01 11:29:40,V024,168.0,1.0964065803960354
2026-06-01,2026-06-01 11:29:41,V024,167.0,1.0877667430929938
2026-06-01,2026-06-01 11:29:42,V024,166.0,1.0624440888963185
2026-06-01,2026-06-01 11:29:43,V024,166.0,1.1127077680054096
2026-06-01,2026-06-01 11:29:44,V024,165.0,1.1286919115095637
2026-06-01,2026-06-01 11:29:45,V024,165.0,1.0815281383999544
2026-06-01,2026-06-01 11:29:46,V024,165.0,1.0640053600296493
2026-06-01,2026-06-01 11:29:47,V024,166.0,1.066790779358878
2026-06-01,2026-06-01 11:29:48,V024,166.0,1.060614430177414
2026-06-01,2026-06-01 11:29:49,V024,166.0,1.0571139319866059
2026-06-01,2026-06-01 11:29:50,V024,167.0,1.0531401975815609
2026-06-01,2026-06-01 11:29:51,V024,169.0,1.0651026587187387
2026-06-01,2026-06-01 11:29:52,V024,170.0,1.113973242227207
2026-06-01,2026-06-01 11:29:53,V024,170.0,1.1858123463642978
2026-06-01,2026-06-01 11:29:54,V024,171.0,1.0447776248752294
2026-06-01,2026-06-01 11:29:55,V024,172.0,1.1129938089221245
2026-06-01,2026-06-01 11:29:56,V024,172.0,1.034698938743782
2026-06-01,2026-06-01 11:29:57,V024,173.0,1.0532345520760085
2026-06-01,2026-06-01 11:29:58,V024,173.0,1.0566336031502257
2026-06-01,2026-06-01 11:29:59,V024,174.0,1.0613372140280068
2026-06-01,2026-06-01 11:30:00,V024,174.0,1.0624996687852972
2026-06-01,2026-06-01 11:30:01,V024,174.0,1.063784394676517
2026-06-01,2026-06-01 11:30:02,V024,174.0,1.1899383827603003
2026-06-01,2026-06-01 11:30:03,V024,175.0,1.1191733987984058
2026-06-01,2026-06-01 11:30:04,V024,175.0,1.0698714471144126
2026-06-01,2026-06-01 11:30:05,V024,175.0,1.0673373338161207
2026-06-01,2026-06-01 11:30:06,V024,175.0,1.0529017493663042
2026-06-01,2026-06-01 11:30:07,V024,175.0,1.064651098091613
2026-06-01,2026-06-01 11:30:08,V024,175.0,1.0535311523776316
2026-06-01,2026-06-01 11:30:09,V024,174.0,1.054179657447538
2026-06-01,2026-06-01 11:30:10,V024,174.0,1.067476889108331
2026-06-01,2026-06-01 11:30:11,V024,174.0,1.073768420689909
2026-06-01,2026-06-01 11:30:12,V024,174.0,1.067678232818127
2026-06-01,2026-06-01 11:30:13,V024,174.0,1.0361049439906669
2026-06-01,2026-06-01 11:30:14,V024,174.0,1.120507025755134
2026-06-01,2026-06-01 11:30:15,V024,173.0,1.2063053074586578
2026-06-01,2026-06-01 11:30:16,V024,173.0,1.1784023002450283
2026-06-01,2026-06-01 11:30:17,V024,173.0,1.1200897967051273
2026-06-01,2026-06-01 11:30:18,V024,173.0,1.0557690700808249
2026-06-01,2026-06-01 11:30:19,V024,174.0,1.0579588158012756
2026-06-01,2026-06-01 11:30:20,V024,175.0,1.0681043180234593
2026-06-01,2026-06-01 11:30:21,V024,175.0,1.1990174092498052
2026-06-01,2026-06-01 11:30:22,V024,176.0,1.0941876186144872
2026-06-01,2026-06-01 11:30:23,V024,177.0,1.1070468475302722
2026-06-01,2026-06-01 11:30:24,V024,177.0,1.1401169918934475
2026-06-01,2026-06-01 11:30:25,V024,177.0,1.1110193063476033
2026-06-01,2026-06-01 11:30:26,V024,177.0,1.215587057783959
2026-06-01,2026-06-01 11:30:27,V024,177.0,1.25786749586043
2026-06-01,2026-06-01 11:30:28,V024,177.0,1.0729880432851058
2026-06-01,2026-06-01 11:30:29,V024,177.0,1.0552931559137637
2026-06-01,2026-06-01 11:30:30,V024,176.0,1.0617973989151914
2026-06-01,2026-06-01 11:30:31,V024,176.0,1.0600259005940071
2026-06-01,2026-06-01 11:30:32,V024,176.0,1.0542290068478921
2026-06-01,2026-06-01 11:30:33,V024,176.0,1.0585300082004683
2026-06-01,2026-06-01 11:30:34,V024,175.0,1.0544072994874516
2026-06-01,2026-06-01 11:30:35,V024,175.0,1.0526057130122857
2026-06-01,2026-06-01 11:30:36,V024,175.0,1.058463751585942
2026-06-01,2026-06-01 11:30:37,V024,174.0,1.1170938036470206
2026-06-01,2026-06-01 11:30:38,V024,174.0,1.076267075081285
2026-06-01,2026-06-01 11:30:39,V024,173.0,1.0754005987168778
2026-06-01,2026-06-01 11:30:40,V024,173.0,1.3557662684691796
2026-06-01,2026-06-01 11:30:41,V024,173.0,1.158168336174713
2026-06-01,2026-06-01 11:30:42,V024,173.0,1.1100564204951158
2026-06-01,2026-06-01 11:30:43,V024,173.0,1.1276588285002105
2026-06-01,2026-06-01 11:30:44,V024,173.0,1.03812002968239
2026-06-01,2026-06-01 11:30:45,V024,173.0,1.0604609364017121
2026-06-01,2026-06-01 11:30:46,V024,173.0,1.0576909532154095
2026-06-01,2026-06-01 11:30:47,V024,173.0,1.0650731950517542
2026-06-01,2026-06-01 11:30:48,V024,174.0,1.0796222944621832
2026-06-01,2026-06-01 11:30:49,V024,174.0,1.1461205247810475
2026-06-01,2026-06-01 11:30:50,V024,175.0,1.2364308272706432
2026-06-01,2026-06-01 11:30:51,V024,175.0,1.0660814703303352
2026-06-01,2026-06-01 11:30:52,V024,176.0,1.199456614283783
2026-06-01,2026-06-01 11:30:53,V024,177.0,1.078792494388575
2026-06-01,2026-06-01 11:30:54,V024,178.0,1.062911548372321
2026-06-01,2026-06-01 11:30:55,V024,178.0,1.055219991835645
2026-06-01,2026-06-01 11:30:56,V024,178.0,1.054722824224209
2026-06-01,2026-06-01 11:30:57,V024,178.0,1.053855488858626
2026-06-01,2026-06-01 11:30:58,V024,178.0,1.0657169244795364
2026-06-01,2026-06-01 11:30:59,V024,178.0,1.0846629160534493
2026-06-01,2026-06-01 11:31:00,V024,178.0,1.0512289277815186
2026-06-01,2026-06-01 11:31:01,V024,177.0,1.0513223455777672
2026-06-01,2026-06-01 11:31:02,V024,177.0,1.0677718404846017
2026-06-01,2026-06-01 11:31:03,V024,176.0,1.054309951560596
2026-06-01,2026-06-01 11:31:04,V024,175.0,1.0538198934564973
2026-06-01,2026-06-01 11:31:05,V024,174.0,1.0517272130832485
2026-06-01,2026-06-01 11:31:06,V024,173.0,1.2647516069495357
2026-06-01,2026-06-01 11:31:07,V024,171.0,1.1894438013304014
2026-06-01,2026-06-01 11:31:08,V024,170.0,1.0557304711563895
2026-06-01,2026-06-01 11:31:09,V024,170.0,1.0664607124704328
2026-06-01,2026-06-01 11:31:10,V024,169.0,1.2630637120392127
2026-06-01,2026-06-01 11:31:11,V024,168.0,0.8643680047008521
2026-06-01,2026-06-01 11:31:12,V024,168.0,1.2498098552191808
2026-06-01,2026-06-01 11:31:13,V024,168.0,1.0590331601482346
2026-06-01,2026-06-01 11:31:14,V024,167.0,1.093079921326525
2026-06-01,2026-06-01 11:31:15,V024,167.0,1.3527841561026028
2026-06-01,2026-06-01 11:31:16,V024,167.0,1.187308722939048
2026-06-01,2026-06-01 11:31:17,V024,167.0,1.0896253979421417
2026-06-01,2026-06-01 11:31:18,V024,167.0,1.1493863044998696
2026-06-01,2026-06-01 11:31:19,V024,166.0,1.063832986226694
2026-06-01,2026-06-01 11:31:20,V024,166.0,1.0524185480588208
2026-06-01,2026-06-01 11:31:21,V024,165.0,1.0868333273750497
2026-06-01,2026-06-01 11:31:22,V024,164.0,1.1264968662987542
2026-06-01,2026-06-01 11:31:23,V024,164.0,1.055557608115345
2026-06-01,2026-06-01 11:31:24,V024,163.0,1.0654406787703654
2026-06-01,2026-06-01 11:31:25,V024,162.0,1.0612823157854425
2026-06-01,2026-06-01 11:31:26,V024,162.0,1.082774923399003
2026-06-01,2026-06-01 11:31:27,V024,161.0,1.052075231204922
2026-06-01,2026-06-01 11:31:28,V024,160.0,1.0788823833132537
2026-06-01,2026-06-01 11:31:29,V024,160.0,1.0574250415199773
2026-06-01,2026-06-01 11:31:30,V024,160.0,1.088325154430568
2026-06-01,2026-06-01 11:31:31,V024,160.0,1.0635116695522455
2026-06-01,2026-06-01 11:31:32,V024,160.0,1.058902351375494
2026-06-01,2026-06-01 11:31:33,V024,160.0,1.048424220568784
2026-06-01,2026-06-01 11:31:34,V024,160.0,1.054712143510421
2026-06-01,2026-06-01 11:31:35,V024,160.0,1.0511511567255742
2026-06-01,2026-06-01 11:31:36,V024,160.0,1.0538062457531412
2026-06-01,2026-06-01 11:31:37,V024,160.0,1.1214144593883228
2026-06-01,2026-06-01 11:31:38,V024,160.0,1.0638765120217972
2026-06-01,2026-06-01 11:31:39,V024,159.0,1.0509900979789704
2026-06-01,2026-06-01 11:31:40,V024,159.0,1.0626932588937044
2026-06-01,2026-06-01 11:31:41,V024,158.0,1.0669212377756228
2026-06-01,2026-06-01 11:31:42,V024,157.0,1.0793514376929974
2026-06-01,2026-06-01 11:31:43,V024,156.0,1.0536195219706048
2026-06-01,2026-06-01 11:31:44,V024,155.0,1.0560852821908746
2026-06-01,2026-06-01 11:31:45,V024,154.0,1.065207632637989
2026-06-01,2026-06-01 11:31:46,V024,154.0,1.1027453944246235
2026-06-01,2026-06-01 11:31:47,V024,153.0,1.031821070703648
2026-06-01,2026-06-01 11:31:48,V024,153.0,1.1221749404033166
2026-06-01,2026-06-01 11:31:49,V024,153.0,1.0551266771481602
2026-06-01,2026-06-01 11:31:50,V024,153.0,1.0547189499629301
2026-06-01,2026-06-01 11:31:51,V024,153.0,1.0515371817742956
2026-06-01,2026-06-01 11:31:52,V024,153.0,1.0510875537354523
2026-06-01,2026-06-01 11:31:53,V024,153.0,1.0540092103533993
2026-06-01,2026-06-01 11:31:54,V024,153.0,1.0698273919945966
2026-06-01,2026-06-01 11:31:55,V024,153.0,1.063428267202428
2026-06-01,2026-06-01 11:31:56,V024,152.0,1.0785723588806615
2026-06-01,2026-06-01 11:31:57,V024,152.0,1.0619783037778134
2026-06-01,2026-06-01 11:31:58,V024,152.0,1.0551347229487116
2026-06-01,2026-06-01 11:31:59,V024,152.0,1.0610966779147992
2026-06-01,2026-06-01 11:32:00,V024,152.0,1.056977042731405
2026-06-01,2026-06-01 11:32:01,V024,152.0,1.0533197257817184
2026-06-01,2026-06-01 11:32:02,V024,152.0,1.0543344950267393
2026-06-01,2026-06-01 11:32:03,V024,152.0,1.051619188104014
2026-06-01,2026-06-01 11:32:04,V024,152.0,1.051116373516281
2026-06-01,2026-06-01 11:32:05,V024,152.0,1.0525520583094137
2026-06-01,2026-06-01 11:32:06,V024,151.0,1.0588692354688667
2026-06-01,2026-06-01 11:32:07,V024,151.0,1.069822207700978
2026-06-01,2026-06-01 11:32:08,V024,151.0,1.0071584043471142
2026-06-01,2026-06-01 11:32:09,V024,151.0,1.0330957880882243
2026-06-01,2026-06-01 11:32:10,V024,151.0,1.1204248402142858
2026-06-01,2026-06-01 11:32:11,V024,151.0,1.0530232625866558
2026-06-01,2026-06-01 11:32:12,V024,151.0,1.0540441924001176
2026-06-01,2026-06-01 11:32:13,V024,151.0,1.0549175980920422
2026-06-01,2026-06-01 11:32:14,V024,151.0,1.0525713464488653
2026-06-01,2026-06-01 11:32:15,V024,150.0,1.0556095325965933
2026-06-01,2026-06-01 11:32:16,V024,150.0,1.0553895242343445
2026-06-01,2026-06-01 11:32:17,V024,149.0,1.0504964662780412
2026-06-01,2026-06-01 11:32:18,V024,149.0,1.05136053279174
2026-06-01,2026-06-01 11:32:19,V024,148.0,1.1119293522778084
2026-06-01,2026-06-01 11:32:20,V024,148.0,1.018392718892696
2026-06-01,2026-06-01 11:32:21,V024,148.0,1.0291404720661106
2026-06-01,2026-06-01 11:32:22,V024,148.0,1.043768216050011
2026-06-01,2026-06-01 11:32:23,V024,148.0,1.0399833256372053
2026-06-01,2026-06-01 11:32:24,V024,148.0,1.057621508762132
2026-06-01,2026-06-01 11:32:25,V024,147.0,1.049780528586547
2026-06-01,2026-06-01 11:32:26,V024,147.0,1.0520199665754784
2026-06-01,2026-06-01 11:32:27,V024,147.0,1.0502961331421385
2026-06-01,2026-06-01 11:32:28,V024,147.0,1.0478992315000975
2026-06-01,2026-06-01 11:32:29,V024,147.0,1.0427602703801209
2026-06-01,2026-06-01 11:32:30,V024,147.0,1.0431715311435055
2026-06-01,2026-06-01 11:32:31,V024,147.0,1.0360755755072624
2026-06-01,2026-06-01 11:32:32,V024,148.0,1.0467908547296134
2026-06-01,2026-06-01 11:32:33,V024,148.0,1.0413871799448242
2026-06-01,2026-06-01 11:32:34,V024,148.0,1.0685627673311442
2026-06-01,2026-06-01 11:32:35,V024,148.0,1.0550506328014437
2026-06-01,2026-06-01 11:32:36,V024,148.0,1.0497826905245664
2026-06-01,2026-06-01 11:32:37,V024,147.0,1.055064907839778
2026-06-01,2026-06-01 11:32:38,V024,147.0,1.0553786818438402
2026-06-01,2026-06-01 11:32:39,V024,147.0,1.0545014368254648
2026-06-01,2026-06-01 11:32:40,V024,147.0,1.0485151511966928
2026-06-01,2026-06-01 11:32:41,V024,147.0,1.0319702238712796
2026-06-01,2026-06-01 11:32:42,V024,148.0,1.024080042508
2026-06-01,2026-06-01 11:32:43,V024,148.0,1.037574072498469
2026-06-01,2026-06-01 11:32:44,V024,148.0,1.0377494385296724
2026-06-01,2026-06-01 11:32:45,V024,148.0,1.039436029346849
2026-06-01,2026-06-01 11:32:46,V024,149.0,1.0407825144516902
2026-06-01,2026-06-01 11:32:47,V024,148.0,1.0387836161056616
2026-06-01,2026-06-01 11:32:48,V024,148.0,1.0384756461288684
2026-06-01,2026-06-01 11:32:49,V024,147.0,1.0361527942015165
2026-06-01,2026-06-01 11:32:50,V024,146.0,1.0378245960851553
2026-06-01,2026-06-01 11:32:51,V024,145.0,1.0289680540496624
2026-06-01,2026-06-01 11:32:52,V024,144.0,1.0095286679448319
2026-06-01,2026-06-01 11:32:53,V024,144.0,1.0172379211117353
2026-06-01,2026-06-01 11:32:54,V024,143.0,1.0210652394250046
2026-06-01,2026-06-01 11:32:55,V024,144.0,1.0337755110041127
2026-06-01,2026-06-01 11:32:56,V024,144.0,1.0370904206735456
2026-06-01,2026-06-01 11:32:57,V024,144.0,1.0298575265330436
2026-06-01,2026-06-01 11:32:58,V024,145.0,1.03312374434213
2026-06-01,2026-06-01 11:32:59,V024,145.0,1.0226042079770121
2026-06-01,2026-06-01 11:33:00,V024,145.0,1.0200036874275729
2026-06-01,2026-06-01 11:33:01,V024,145.0,1.0204273689610628
2026-06-01,2026-06-01 11:33:02,V024,145.0,1.0225838107080862
2026-06-01,2026-06-01 11:33:03,V024,144.0,1.0212376455551941
2026-06-01,2026-06-01 11:33:04,V024,144.0,1.0213942983731101
2026-06-01,2026-06-01 11:33:05,V024,144.0,1.0235559134579968
2026-06-01,2026-06-01 11:33:06,V024,144.0,1.018321717842409
2026-06-01,2026-06-01 11:33:07,V024,144.0,1.0327384020390158
2026-06-01,2026-06-01 11:33:08,V024,144.0,1.0231791110631239
2026-06-01,2026-06-01 11:33:09,V024,144.0,1.0253127010470304
2026-06-01,2026-06-01 11:33:10,V024,144.0,1.026718191372679
2026-06-01,2026-06-01 11:33:11,V024,144.0,1.0107466357251496
2026-06-01,2026-06-01 11:33:12,V024,144.0,1.0178374043130216
2026-06-01,2026-06-01 11:33:13,V024,143.0,1.0185094741016145
2026-06-01,2026-06-01 11:33:14,V024,143.0,1.017127656042283
2026-06-01,2026-06-01 11:33:15,V024,143.0,1.0168192929562065
2026-06-01,2026-06-01 11:33:16,V024,144.0,1.041478948714464
2026-06-01,2026-06-01 11:33:17,V024,144.0,1.0293253641228164
2026-06-01,2026-06-01 11:33:18,V024,145.0,1.0210267987912705
2026-06-01,2026-06-01 11:33:19,V024,146.0,1.0254275664315047
2026-06-01,2026-06-01 11:33:20,V024,146.0,1.0193427556385306
2026-06-01,2026-06-01 11:33:21,V024,147.0,1.0280145095182558
2026-06-01,2026-06-01 11:33:22,V024,147.0,1.028061729548229
2026-06-01,2026-06-01 11:33:23,V024,148.0,1.0222724201786058
2026-06-01,2026-06-01 11:33:24,V024,148.0,1.0302695950171779
2026-06-01,2026-06-01 11:33:25,V024,148.0,1.0300873968659772
2026-06-01,2026-06-01 11:33:26,V024,148.0,1.0363957085653928
2026-06-01,2026-06-01 11:33:27,V024,148.0,1.0233837430575934
2026-06-01,2026-06-01 11:33:28,V024,149.0,1.0288448385788829
2026-06-01,2026-06-01 11:33:29,V024,149.0,1.0214712068807161
2026-06-01,2026-06-01 11:33:30,V024,150.0,1.0150940960913026
2026-06-01,2026-06-01 11:33:31,V024,151.0,1.03314079757853
2026-06-01,2026-06-01 11:33:32,V024,151.0,1.0411183258537102
2026-06-01,2026-06-01 11:33:33,V024,152.0,1.03671533134637
2026-06-01,2026-06-01 11:33:34,V024,152.0,1.0404704067226207
2026-06-01,2026-06-01 11:33:35,V024,152.0,1.0404352175172145
2026-06-01,2026-06-01 11:33:36,V024,151.0,1.0411756031407526
2026-06-01,2026-06-01 11:33:37,V024,150.0,1.0390253049054727
2026-06-01,2026-06-01 11:33:38,V024,150.0,1.0581760759164547
2026-06-01,2026-06-01 11:33:39,V024,149.0,0.9983553448915841
2026-06-01,2026-06-01 11:33:40,V024,149.0,1.029732707934208
2026-06-01,2026-06-01 11:33:41,V024,149.0,1.0140831560585726
2026-06-01,2026-06-01 11:33:42,V024,149.0,1.021798166124706
2026-06-01,2026-06-01 11:33:43,V024,150.0,1.0013472621730484
2026-06-01,2026-06-01 11:33:44,V024,150.0,1.0245117695713435
2026-06-01,2026-06-01 11:33:45,V024,151.0,1.0120952156701277
2026-06-01,2026-06-01 11:33:46,V024,151.0,1.018394857242824
2026-06-01,2026-06-01 11:33:47,V024,151.0,1.0168916596625308
2026-06-01,2026-06-01 11:33:48,V024,151.0,1.0192896102328508
2026-06-01,2026-06-01 11:33:49,V024,151.0,1.0221218433771095
2026-06-01,2026-06-01 11:33:50,V024,152.0,1.024619231386389
2026-06-01,2026-06-01 11:33:51,V024,151.0,1.0198760875581143
2026-06-01,2026-06-01 11:33:52,V024,150.0,1.0260340597538842
2026-06-01,2026-06-01 11:33:53,V024,149.0,1.021687487625779
2026-06-01,2026-06-01 11:33:54,V024,149.0,1.0752929288316029
2026-06-01,2026-06-01 11:33:55,V024,149.0,0.9857777924451381
2026-06-01,2026-06-01 11:33:56,V024,149.0,1.0805507634152345
2026-06-01,2026-06-01 11:33:57,V024,149.0,1.0708326880979993
2026-06-01,2026-06-01 11:33:58,V024,149.0,1.0541584545526808
2026-06-01,2026-06-01 11:33:59,V024,149.0,1.0574173745211874
2026-06-01,2026-06-01 11:34:00,V024,150.0,1.055734479145669
2026-06-01,2026-06-01 11:34:01,V024,150.0,1.0515036374087943
2026-06-01,2026-06-01 11:34:02,V024,150.0,1.052987370933114
2026-06-01,2026-06-01 11:34:03,V024,150.0,1.0537604135241563
2026-06-01,2026-06-01 11:34:04,V024,150.0,1.0487561630197084
2026-06-01,2026-06-01 11:34:05,V024,150.0,1.0532205313424419
2026-06-01,2026-06-01 11:34:06,V024,149.0,1.0976944511070839
2026-06-01,2026-06-01 11:34:07,V024,149.0,0.9719089598023827
2026-06-01,2026-06-01 11:34:08,V024,148.0,1.0344518596250214
2026-06-01,2026-06-01 11:34:09,V024,148.0,1.0413508936106741
2026-06-01,2026-06-01 11:34:10,V024,148.0,1.044380528419328
2026-06-01,2026-06-01 11:34:11,V024,149.0,1.0419837291580567
2026-06-01,2026-06-01 11:34:12,V024,149.0,1.0471296367400174
2026-06-01,2026-06-01 11:34:13,V024,149.0,1.046075338043952
2026-06-01,2026-06-01 11:34:14,V024,150.0,1.046267549803257
2026-06-01,2026-06-01 11:34:15,V024,150.0,1.0462212888206055
2026-06-01,2026-06-01 11:34:16,V024,150.0,1.047660249292854
2026-06-01,2026-06-01 11:34:17,V024,149.0,1.0667416493690747
2026-06-01,2026-06-01 11:34:18,V024,149.0,1.0207944880224156
2026-06-01,2026-06-01 11:34:19,V024,149.0,1.0858697403712179
2026-06-01,2026-06-01 11:34:20,V024,148.0,1.0692632065940757
2026-06-01,2026-06-01 11:34:21,V024,148.0,1.0441782957765453
2026-06-01,2026-06-01 11:34:22,V024,149.0,1.0638482047766893
2026-06-01,2026-06-01 11:34:23,V024,149.0,1.057616903063076
2026-06-01,2026-06-01 11:34:24,V024,150.0,1.053331592318222
2026-06-01,2026-06-01 11:34:25,V024,150.0,1.0561214944125874
2026-06-01,2026-06-01 11:34:26,V024,150.0,1.057378382141591
2026-06-01,2026-06-01 11:34:27,V024,150.0,1.0536097065713652
2026-06-01,2026-06-01 11:34:28,V024,149.0,1.0542114578693524
2026-06-01,2026-06-01 11:34:29,V024,149.0,1.0564567124114947
2026-06-01,2026-06-01 11:34:30,V024,148.0,1.0533476428619761
2026-06-01,2026-06-01 11:34:31,V024,148.0,1.0618429754942629
2026-06-01,2026-06-01 11:34:32,V024,148.0,1.0617722530634612
2026-06-01,2026-06-01 11:34:33,V024,148.0,1.0545018930738377
2026-06-01,2026-06-01 11:34:34,V024,149.0,1.0526464714224824
2026-06-01,2026-06-01 11:34:35,V024,149.0,1.0542387904521633
2026-06-01,2026-06-01 11:34:36,V024,149.0,1.050783583953046
2026-06-01,2026-06-01 11:34:37,V024,149.0,1.0652807788503116
2026-06-01,2026-06-01 11:34:38,V024,149.0,1.0673453642080737
2026-06-01,2026-06-01 11:34:39,V024,149.0,1.0958485912928797
2026-06-01,2026-06-01 11:34:40,V024,149.0,1.0559738451689826
2026-06-01,2026-06-01 11:34:41,V024,148.0,1.0540306781283926
2026-06-01,2026-06-01 11:34:42,V024,148.0,1.090457310909079
2026-06-01,2026-06-01 11:34:43,V024,148.0,1.0533107699345923
2026-06-01,2026-06-01 11:34:44,V024,148.0,1.0531686972410417
2026-06-01,2026-06-01 11:34:45,V024,148.0,1.0549902272103058
2026-06-01,2026-06-01 11:34:46,V024,148.0,1.0615932690992615
2026-06-01,2026-06-01 11:34:47,V024,148.0,1.2832370901816181
2026-06-01,2026-06-01 11:34:48,V024,148.0,1.1652758394507658
2026-06-01,2026-06-01 11:34:49,V024,148.0,1.057960486693007
2026-06-01,2026-06-01 11:34:50,V024,148.0,1.079513446079807
2026-06-01,2026-06-01 11:34:51,V024,147.0,1.0448717287018932
2026-06-01,2026-06-01 11:34:52,V024,147.0,1.0475704404865271
2026-06-01,2026-06-01 11:34:53,V024,146.0,1.0479507397388532
2026-06-01,2026-06-01 11:34:54,V024,146.0,1.0627262528912367
2026-06-01,2026-06-01 11:34:55,V024,145.0,1.0288735049344166
2026-06-01,2026-06-01 11:34:56,V024,145.0,1.0255124152352546
2026-06-01,2026-06-01 11:34:57,V024,145.0,1.0330270772472543
2026-06-01,2026-06-01 11:34:58,V024,145.0,1.0460045811054197
2026-06-01,2026-06-01 11:34:59,V024,145.0,1.0557026007597143
2026-06-01,2026-06-01 11:35:00,V024,145.0,1.0487113989940955
2026-06-01,2026-06-01 11:35:01,V024,145.0,1.049742145452452
2026-06-01,2026-06-01 11:35:02,V024,145.0,1.0475952388239036
2026-06-01,2026-06-01 11:35:03,V024,145.0,1.0493626197478245
2026-06-01,2026-06-01 11:35:04,V024,144.0,1.055136398369468
2026-06-01,2026-06-01 11:35:05,V024,144.0,1.05569503331801
2026-06-01,2026-06-01 11:35:06,V024,143.0,1.0532889172931632
2026-06-01,2026-06-01 11:35:07,V024,143.0,1.0537219851257564
2026-06-01,2026-06-01 11:35:08,V024,142.0,1.0518264633861527
2026-06-01,2026-06-01 11:35:09,V024,141.0,1.0663670029105627
2026-06-01,2026-06-01 11:35:10,V024,141.0,1.0470521539181172
2026-06-01,2026-06-01 11:35:11,V024,140.0,1.055196062484686
2026-06-01,2026-06-01 11:35:12,V024,140.0,1.039702849263878
2026-06-01,2026-06-01 11:35:13,V024,139.0,1.0559971708520846
2026-06-01,2026-06-01 11:35:14,V024,139.0,1.0413383232801574
2026-06-01,2026-06-01 11:35:15,V024,138.0,1.090224899167408
2026-06-01,2026-06-01 11:35:16,V024,138.0,1.0511013034230832
2026-06-01,2026-06-01 11:35:17,V024,138.0,1.0777289763019424
2026-06-01,2026-06-01 11:35:18,V024,138.0,1.050726433655397
2026-06-01,2026-06-01 11:35:19,V024,138.0,1.0415731625051086
2026-06-01,2026-06-01 11:35:20,V024,138.0,1.0537321710661818
2026-06-01,2026-06-01 11:35:21,V024,138.0,1.0402759025199404
2026-06-01,2026-06-01 11:35:22,V024,138.0,1.1583001018180026
2026-06-01,2026-06-01 11:35:23,V024,139.0,1.115373108335838
2026-06-01,2026-06-01 11:35:24,V024,139.0,0.9848103385975383
2026-06-01,2026-06-01 11:35:25,V024,139.0,1.0616535613117153
2026-06-01,2026-06-01 11:35:26,V024,138.0,1.0711601391389434
2026-06-01,2026-06-01 11:35:27,V024,138.0,1.079291942871486
2026-06-01,2026-06-01 11:35:28,V024,137.0,1.0526622097234242
2026-06-01,2026-06-01 11:35:29,V024,136.0,1.1148333277766134
2026-06-01,2026-06-01 11:35:30,V024,136.0,1.0811563266946238
2026-06-01,2026-06-01 11:35:31,V024,136.0,1.081607000580444
2026-06-01,2026-06-01 11:35:32,V024,136.0,1.0613082487850098
2026-06-01,2026-06-01 11:35:33,V024,137.0,1.0591085525128099
2026-06-01,2026-06-01 11:35:34,V024,137.0,1.0908531669162491
2026-06-01,2026-06-01 11:35:35,V024,138.0,1.049590559456497
2026-06-01,2026-06-01 11:35:36,V024,138.0,1.0130589001395622
2026-06-01,2026-06-01 11:35:37,V024,139.0,1.0963501944108978
2026-06-01,2026-06-01 11:35:38,V024,139.0,1.0860641511563818
2026-06-01,2026-06-01 11:35:39,V024,139.0,1.0743165501368113
2026-06-01,2026-06-01 11:35:40,V024,139.0,1.072484237440674
2026-06-01,2026-06-01 11:35:41,V024,139.0,1.10128253156491
2026-06-01,2026-06-01 11:35:42,V024,139.0,0.9970092694720839
2026-06-01,2026-06-01 11:35:43,V024,139.0,1.0266365390057965
2026-06-01,2026-06-01 11:35:44,V024,139.0,1.1248233904065816
2026-06-01,2026-06-01 11:35:45,V024,139.0,1.033820763096775
2026-06-01,2026-06-01 11:35:46,V024,139.0,1.0604734011925978
2026-06-01,2026-06-01 11:35:47,V024,139.0,1.0617690090656142
2026-06-01,2026-06-01 11:35:48,V024,139.0,1.0567808358647433
2026-06-01,2026-06-01 11:35:49,V024,140.0,1.0598089827804724
2026-06-01,2026-06-01 11:35:50,V024,140.0,1.0575306281922336
2026-06-01,2026-06-01 11:35:51,V024,140.0,1.0540513314559354
2026-06-01,2026-06-01 11:35:52,V024,139.0,1.0527444314394934
2026-06-01,2026-06-01 11:35:53,V024,139.0,1.0567435171670156
2026-06-01,2026-06-01 11:35:54,V024,139.0,1.1645222191303466
2026-06-01,2026-06-01 11:35:55,V024,139.0,0.9173366147854407
2026-06-01,2026-06-01 11:35:56,V024,140.0,0.9827395875923968
2026-06-01,2026-06-01 11:35:57,V024,140.0,0.9853797485572998
2026-06-01,2026-06-01 11:35:58,V024,140.0,1.0034329245765121
2026-06-01,2026-06-01 11:35:59,V024,139.0,0.9889316792188113
2026-06-01,2026-06-01 11:36:00,V024,139.0,0.9990416023857054
2026-06-01,2026-06-01 11:36:01,V024,138.0,1.012159425464287
2026-06-01,2026-06-01 11:36:02,V024,138.0,0.998718670594414
2026-06-01,2026-06-01 11:36:03,V024,137.0,1.0211399255492069
2026-06-01,2026-06-01 11:36:04,V024,136.0,0.9607180679333154
2026-06-01,2026-06-01 11:36:05,V024,136.0,0.9574513833680143
2026-06-01,2026-06-01 11:36:06,V024,135.0,1.1451767515897144
2026-06-01,2026-06-01 11:36:07,V024,135.0,1.0525860331319337
2026-06-01,2026-06-01 11:36:08,V024,134.0,1.0350302972235792
2026-06-01,2026-06-01 11:36:09,V024,134.0,1.1088728305018412
2026-06-01,2026-06-01 11:36:10,V024,134.0,0.9267091997682746
2026-06-01,2026-06-01 11:36:11,V024,134.0,0.9941799278027539
2026-06-01,2026-06-01 11:36:12,V024,134.0,0.9729931209775065
2026-06-01,2026-06-01 11:36:13,V024,134.0,1.049172857385678
2026-06-01,2026-06-01 11:36:14,V024,134.0,1.0579350926127904
2026-06-01,2026-06-01 11:36:15,V024,133.0,1.0651434552264885
2026-06-01,2026-06-01 11:36:16,V024,133.0,0.9607086925754026
2026-06-01,2026-06-01 11:36:17,V024,133.0,1.102382478164473
2026-06-01,2026-06-01 11:36:18,V024,132.0,1.0725378399871668
2026-06-01,2026-06-01 11:36:19,V024,133.0,1.08117704600638
2026-06-01,2026-06-01 11:36:20,V024,133.0,1.0996385194607052
2026-06-01,2026-06-01 11:36:21,V024,134.0,1.061020630940632
2026-06-01,2026-06-01 11:36:22,V024,135.0,1.0553940538102375
2026-06-01,2026-06-01 11:36:23,V024,136.0,1.054838071255539
2026-06-01,2026-06-01 11:36:24,V024,136.0,1.1837131379336594
2026-06-01,2026-06-01 11:36:25,V024,137.0,0.9044413887729581
2026-06-01,2026-06-01 11:36:26,V024,137.0,1.1944720704013074
2026-06-01,2026-06-01 11:36:27,V024,138.0,1.0663456869265213
2026-06-01,2026-06-01 11:36:28,V024,138.0,1.195485330850546
2026-06-01,2026-06-01 11:36:29,V024,138.0,1.0079170084376987
2026-06-01,2026-06-01 11:36:30,V024,138.0,0.9409266176815988
2026-06-01,2026-06-01 11:36:31,V024,139.0,1.2640944898651512
2026-06-01,2026-06-01 11:36:32,V024,139.0,1.110377956437429
2026-06-01,2026-06-01 11:36:33,V024,139.0,1.0749951621888894
2026-06-01,2026-06-01 11:36:34,V024,140.0,1.117526273769349
2026-06-01,2026-06-01 11:36:35,V024,140.0,1.047249609288151
2026-06-01,2026-06-01 11:36:36,V024,140.0,1.066593335632001
2026-06-01,2026-06-01 11:36:37,V024,140.0,1.093809701347731
2026-06-01,2026-06-01 11:36:38,V024,140.0,1.139637835629929
2026-06-01,2026-06-01 11:36:39,V024,140.0,1.0571691042759075
2026-06-01,2026-06-01 11:36:40,V024,140.0,1.0608671293445948
2026-06-01,2026-06-01 11:36:41,V024,140.0,1.4075477939313588
2026-06-01,2026-06-01 11:36:42,V024,141.0,1.0332576369071897
2026-06-01,2026-06-01 11:36:43,V024,141.0,1.2765887694689002
2026-06-01,2026-06-01 11:36:44,V024,141.0,1.0541874647701126
2026-06-01,2026-06-01 11:36:45,V024,142.0,1.0644533500199995
2026-06-01,2026-06-01 11:36:46,V024,142.0,1.0558208271555993
2026-06-01,2026-06-01 11:36:47,V024,143.0,1.0445819776930305
2026-06-01,2026-06-01 11:36:48,V024,143.0,1.1265917436432478
2026-06-01,2026-06-01 11:36:49,V024,144.0,1.0353429435429804
2026-06-01,2026-06-01 11:36:50,V024,144.0,1.0839097138305636
2026-06-01,2026-06-01 11:36:51,V024,145.0,1.1152415483230922
2026-06-01,2026-06-01 11:36:52,V024,145.0,1.110721374209103
2026-06-01,2026-06-01 11:36:53,V024,146.0,1.0623255621714411
2026-06-01,2026-06-01 11:36:54,V024,146.0,1.0605935658405639
2026-06-01,2026-06-01 11:36:55,V024,146.0,1.0571953950310164
2026-06-01,2026-06-01 11:36:56,V024,146.0,1.0606194239310105
2026-06-01,2026-06-01 11:36:57,V024,145.0,1.0558847496577701
2026-06-01,2026-06-01 11:36:58,V024,145.0,1.063117252284622
2026-06-01,2026-06-01 11:36:59,V024,145.0,1.051332977041574
2026-06-01,2026-06-01 11:37:00,V024,145.0,1.2182155256281237
2026-06-01,2026-06-01 11:37:01,V024,145.0,1.0646792042027342
2026-06-01,2026-06-01 11:37:02,V024,145.0,1.1092261421147094
2026-06-01,2026-06-01 11:37:03,V024,145.0,1.0989199685914965
2026-06-01,2026-06-01 11:37:04,V024,146.0,1.1170739224318154
2026-06-01,2026-06-01 11:37:05,V024,146.0,1.0898908136624914
2026-06-01,2026-06-01 11:37:06,V024,146.0,1.063235651956996
2026-06-01,2026-06-01 11:37:07,V024,146.0,1.060330356199127
2026-06-01,2026-06-01 11:37:08,V024,146.0,1.1281178353324888
2026-06-01,2026-06-01 11:37:09,V024,146.0,1.067151135484168
2026-06-01,2026-06-01 11:37:10,V024,147.0,1.0330303624207409
2026-06-01,2026-06-01 11:37:11,V024,146.0,1.325175384338693
2026-06-01,2026-06-01 11:37:12,V024,146.0,1.072722316168708
2026-06-01,2026-06-01 11:37:13,V024,146.0,1.0690079837285873
2026-06-01,2026-06-01 11:37:14,V024,146.0,1.0751064146643736
2026-06-01,2026-06-01 11:37:15,V024,145.0,1.060174070630907
2026-06-01,2026-06-01 11:37:16,V024,145.0,1.0586515625413437
2026-06-01,2026-06-01 11:37:17,V024,145.0,1.0542681092282382
2026-06-01,2026-06-01 11:37:18,V024,145.0,1.060388413982993
2026-06-01,2026-06-01 11:37:19,V024,145.0,1.0476730680806752
2026-06-01,2026-06-01 11:37:20,V024,145.0,1.0574720264547592
2026-06-01,2026-06-01 11:37:21,V024,144.0,1.0533646698050307
2026-06-01,2026-06-01 11:37:22,V024,144.0,1.1056786212836451
2026-06-01,2026-06-01 11:37:23,V024,144.0,1.1069604108704456
2026-06-01,2026-06-01 11:37:24,V024,144.0,1.0788164374074738
2026-06-01,2026-06-01 11:37:25,V024,145.0,1.0755304234343537
2026-06-01,2026-06-01 11:37:26,V024,145.0,1.0783475803491895
2026-06-01,2026-06-01 11:37:27,V024,145.0,1.07562261367294
2026-06-01,2026-06-01 11:37:28,V024,144.0,1.0533597634263419
2026-06-01,2026-06-01 11:37:29,V024,144.0,1.0547255299264182
2026-06-01,2026-06-01 11:37:30,V024,144.0,1.0571174527652685
2026-06-01,2026-06-01 11:37:31,V024,144.0,1.0539619541244307
2026-06-01,2026-06-01 11:37:32,V024,144.0,1.0865256814710216
2026-06-01,2026-06-01 11:37:33,V024,145.0,1.1005000608920925
2026-06-01,2026-06-01 11:37:34,V024,146.0,1.0908739147291089
2026-06-01,2026-06-01 11:37:35,V024,146.0,1.058478482990523
2026-06-01,2026-06-01 11:37:36,V024,147.0,1.0945545199915718
2026-06-01,2026-06-01 11:37:37,V024,147.0,1.0819893335104955
2026-06-01,2026-06-01 11:37:38,V024,147.0,1.066783613188982
2026-06-01,2026-06-01 11:37:39,V024,146.0,1.057015113172394
2026-06-01,2026-06-01 11:37:40,V024,146.0,1.0866070892039832
2026-06-01,2026-06-01 11:37:41,V024,145.0,1.0654474104496605
2026-06-01,2026-06-01 11:37:42,V024,145.0,1.0980408106024895
2026-06-01,2026-06-01 11:37:43,V024,145.0,1.0999589129420797
2026-06-01,2026-06-01 11:37:44,V024,145.0,1.1309195487400758
2026-06-01,2026-06-01 11:37:45,V024,144.0,1.1097197601076403
2026-06-01,2026-06-01 11:37:46,V024,144.0,1.1012475095792769
2026-06-01,2026-06-01 11:37:47,V024,144.0,1.055965947053141
2026-06-01,2026-06-01 11:37:48,V024,144.0,1.07415846228889
2026-06-01,2026-06-01 11:37:49,V024,144.0,1.0297460075922926
2026-06-01,2026-06-01 11:37:50,V024,144.0,1.1133452734099418
2026-06-01,2026-06-01 11:37:51,V024,144.0,1.124288169523164
2026-06-01,2026-06-01 11:37:52,V024,143.0,1.1047726484876421
2026-06-01,2026-06-01 11:37:53,V024,143.0,1.4057293798711425
2026-06-01,2026-06-01 11:37:54,V024,142.0,1.0640403430023329
2026-06-01,2026-06-01 11:37:55,V024,142.0,1.0610796702516139
2026-06-01,2026-06-01 11:37:56,V024,142.0,1.0398720943929232
2026-06-01,2026-06-01 11:37:57,V024,142.0,1.075437079007416
2026-06-01,2026-06-01 11:37:58,V024,142.0,1.059467682753179
2026-06-01,2026-06-01 11:37:59,V024,143.0,1.0523481444170917
2026-06-01,2026-06-01 11:38:00,V024,143.0,1.0589115317532578
2026-06-01,2026-06-01 11:38:01,V024,143.0,1.05463658810589
2026-06-01,2026-06-01 11:38:02,V024,144.0,1.062462883778912
2026-06-01,2026-06-01 11:38:03,V024,144.0,1.135610976150785
2026-06-01,2026-06-01 11:38:04,V024,144.0,1.042081889120887
2026-06-01,2026-06-01 11:38:05,V024,144.0,1.1188816157088302
2026-06-01,2026-06-01 11:38:06,V024,144.0,1.1559988460114288
2026-06-01,2026-06-01 11:38:07,V024,144.0,1.463662249855359
2026-06-01,2026-06-01 11:38:08,V024,144.0,1.1166941640093038
2026-06-01,2026-06-01 11:38:09,V024,144.0,1.0685924640145494
2026-06-01,2026-06-01 11:38:10,V024,144.0,1.0640166685210564
2026-06-01,2026-06-01 11:38:11,V024,144.0,1.0877407482603343
2026-06-01,2026-06-01 11:38:12,V024,144.0,1.0569261389575695
2026-06-01,2026-06-01 11:38:13,V024,144.0,1.0729751701645063
2026-06-01,2026-06-01 11:38:14,V024,144.0,1.06170706161351
2026-06-01,2026-06-01 11:38:15,V024,145.0,1.0666713587812693
2026-06-01,2026-06-01 11:38:16,V024,145.0,1.0931162539659494
2026-06-01,2026-06-01 11:38:17,V024,145.0,1.0763621778870573
2026-06-01,2026-06-01 11:38:18,V024,145.0,1.0465011429987843
2026-06-01,2026-06-01 11:38:19,V024,145.0,1.0644479850889703
2026-06-01,2026-06-01 11:38:20,V024,145.0,1.0930157375357883
2026-06-01,2026-06-01 11:38:21,V024,145.0,1.0385087521782108
2026-06-01,2026-06-01 11:38:22,V024,146.0,1.0651686943431231
2026-06-01,2026-06-01 11:38:23,V024,146.0,1.0630456978838039
2026-06-01,2026-06-01 11:38:24,V024,146.0,1.0514764864793709
2026-06-01,2026-06-01 11:38:25,V024,145.0,1.0771226003750076
2026-06-01,2026-06-01 11:38:26,V024,144.0,1.0560115823806695
2026-06-01,2026-06-01 11:38:27,V024,144.0,1.056432265824925
2026-06-01,2026-06-01 11:38:28,V024,143.0,1.0578665800500753
2026-06-01,2026-06-01 11:38:29,V024,142.0,1.0741596160075275
2026-06-01,2026-06-01 11:38:30,V024,141.0,1.1442981357847088
2026-06-01,2026-06-01 11:38:31,V024,140.0,1.069706832440477
2026-06-01,2026-06-01 11:38:32,V024,140.0,1.0948072990966817
2026-06-01,2026-06-01 11:38:33,V024,140.0,1.0942450348212498
2026-06-01,2026-06-01 11:38:34,V024,140.0,1.231334798664819
2026-06-01,2026-06-01 11:38:35,V024,139.0,1.303260503935556
2026-06-01,2026-06-01 11:38:36,V024,138.0,1.189083844866233
2026-06-01,2026-06-01 11:38:37,V024,138.0,1.1383850157338773
2026-06-01,2026-06-01 11:38:38,V024,138.0,1.0886015701560725
2026-06-01,2026-06-01 11:38:39,V024,139.0,1.057066333242376
2026-06-01,2026-06-01 11:38:40,V024,139.0,1.055668803441893
2026-06-01,2026-06-01 11:38:41,V024,139.0,1.106994970565243
2026-06-01,2026-06-01 11:38:42,V024,139.0,1.17439585344906
2026-06-01,2026-06-01 11:38:43,V024,140.0,1.1130621772734417
2026-06-01,2026-06-01 11:38:44,V024,140.0,1.1266042438299517
2026-06-01,2026-06-01 11:38:45,V024,141.0,1.0419419314678398
2026-06-01,2026-06-01 11:38:46,V024,142.0,1.0537854436915282
2026-06-01,2026-06-01 11:38:47,V024,143.0,1.0501872739003895
2026-06-01,2026-06-01 11:38:48,V024,144.0,1.0574391312256626
2026-06-01,2026-06-01 11:38:49,V024,145.0,1.053034022705442
2026-06-01,2026-06-01 11:38:50,V024,146.0,1.0625490497541767
2026-06-01,2026-06-01 11:38:51,V024,146.0,1.0545508495741662
2026-06-01,2026-06-01 11:38:52,V024,146.0,1.0564782572064908
2026-06-01,2026-06-01 11:38:53,V024,146.0,1.0587939778265005
2026-06-01,2026-06-01 11:38:54,V024,145.0,1.0563066434964756
2026-06-01,2026-06-01 11:38:55,V024,145.0,1.055250579558435
2026-06-01,2026-06-01 11:38:56,V024,144.0,1.0502091760895487
2026-06-01,2026-06-01 11:38:57,V024,144.0,1.0547046819156987
2026-06-01,2026-06-01 11:38:58,V024,144.0,1.0550989143450764
2026-06-01,2026-06-01 11:38:59,V024,144.0,1.0525870827636294
2026-06-01,2026-06-01 11:39:00,V024,144.0,1.0535367486382594
2026-06-01,2026-06-01 11:39:01,V024,144.0,1.055491158128041
2026-06-01,2026-06-01 11:39:02,V024,144.0,1.0560725002998803
2026-06-01,2026-06-01 11:39:03,V024,144.0,1.0526414730202645
2026-06-01,2026-06-01 11:39:04,V024,144.0,1.055193873083611
2026-06-01,2026-06-01 11:39:05,V024,144.0,1.0538213914450647
2026-06-01,2026-06-01 11:39:06,V024,144.0,1.060628113028923
2026-06-01,2026-06-01 11:39:07,V024,144.0,1.0478010533514481
2026-06-01,2026-06-01 11:39:08,V024,144.0,1.054722540297035
2026-06-01,2026-06-01 11:39:09,V024,144.0,1.0501164242413425
2026-06-01,2026-06-01 11:39:10,V024,144.0,1.0597060073430502
2026-06-01,2026-06-01 11:39:11,V024,144.0,1.0702319031771592
2026-06-01,2026-06-01 11:39:12,V024,143.0,1.058403696666616
2026-06-01,2026-06-01 11:39:13,V024,144.0,1.0545487600329144
2026-06-01,2026-06-01 11:39:14,V024,144.0,1.0662153027022998
2026-06-01,2026-06-01 11:39:15,V024,144.0,1.059763242118218
2026-06-01,2026-06-01 11:39:16,V024,145.0,1.0575539247058794
2026-06-01,2026-06-01 11:39:17,V024,145.0,1.0682809652565992
2026-06-01,2026-06-01 11:39:18,V024,146.0,1.0636532915459485
2026-06-01,2026-06-01 11:39:19,V024,146.0,1.0570202523086971
2026-06-01,2026-06-01 11:39:20,V024,146.0,1.0670819737627617
2026-06-01,2026-06-01 11:39:21,V024,146.0,1.0900932025808447
2026-06-01,2026-06-01 11:39:22,V024,146.0,1.035324695699818
2026-06-01,2026-06-01 11:39:23,V024,145.0,1.0663511211526975
2026-06-01,2026-06-01 11:39:24,V024,144.0,1.106788374071642
2026-06-01,2026-06-01 11:39:25,V024,143.0,1.0681123485437816
2026-06-01,2026-06-01 11:39:26,V024,141.0,1.0775306124976527
2026-06-01,2026-06-01 11:39:27,V024,140.0,1.06460029365364
2026-06-01,2026-06-01 11:39:28,V024,139.0,1.0625267907926494
2026-06-01,2026-06-01 11:39:29,V024,137.0,1.0548589293380688
2026-06-01,2026-06-01 11:39:30,V024,136.0,1.0518392436341304
2026-06-01,2026-06-01 11:39:31,V024,136.0,1.0615352012035646
2026-06-01,2026-06-01 11:39:32,V024,135.0,1.0579717581121921
2026-06-01,2026-06-01 11:39:33,V024,135.0,1.0585320413500057
2026-06-01,2026-06-01 11:39:34,V024,134.0,1.049944092944974
2026-06-01,2026-06-01 11:39:35,V024,135.0,1.0566891466993322
2026-06-01,2026-06-01 11:39:36,V024,135.0,1.0540369863966188
2026-06-01,2026-06-01 11:39:37,V024,136.0,1.0619994380674338
2026-06-01,2026-06-01 11:39:38,V024,136.0,1.0518178879445093
2026-06-01,2026-06-01 11:39:39,V024,136.0,1.0575795959145102
2026-06-01,2026-06-01 11:39:40,V024,136.0,1.0524098965016517
2026-06-01,2026-06-01 11:39:41,V024,136.0,1.0552066915923926
2026-06-01,2026-06-01 11:39:42,V024,136.0,1.0562716733134985
2026-06-01,2026-06-01 11:39:43,V024,136.0,1.0478141888858805
2026-06-01,2026-06-01 11:39:44,V024,135.0,1.0553340054365263
2026-06-01,2026-06-01 11:39:45,V024,134.0,1.0591067288193523
2026-06-01,2026-06-01 11:39:46,V024,134.0,1.0524299381796816
2026-06-01,2026-06-01 11:39:47,V024,134.0,1.0518430253056468
2026-06-01,2026-06-01 11:39:48,V024,133.0,1.056786112710049
2026-06-01,2026-06-01 11:39:49,V024,134.0,1.0577001187669504
2026-06-01,2026-06-01 11:39:50,V024,134.0,1.0655866372657066
2026-06-01,2026-06-01 11:39:51,V024,135.0,1.0556189076357054
2026-06-01,2026-06-01 11:39:52,V024,136.0,1.053474453244417
2026-06-01,2026-06-01 11:39:53,V024,137.0,1.0584407757897318
2026-06-01,2026-06-01 11:39:54,V024,138.0,1.0691912819448812
2026-06-01,2026-06-01 11:39:55,V024,138.0,1.0454138696775137
2026-06-01,2026-06-01 11:39:56,V024,139.0,1.059730733332204
2026-06-01,2026-06-01 11:39:57,V024,138.0,1.052842935722099
2026-06-01,2026-06-01 11:39:58,V024,138.0,1.055237252211585
2026-06-01,2026-06-01 11:39:59,V024,137.0,1.0633198607580747
2026-06-01,2026-06-01 11:40:00,V024,137.0,1.0543386420236518
2026-06-01,2026-06-01 11:40:01,V024,137.0,1.0586384252274268
2026-06-01,2026-06-01 11:40:02,V024,136.0,1.0542272363268919
2026-06-01,2026-06-01 11:40:03,V024,136.0,1.0550081357092767
2026-06-01,2026-06-01 11:40:04,V024,136.0,1.0694793160272615
2026-06-01,2026-06-01 11:40:05,V024,136.0,1.0450156012395446
2026-06-01,2026-06-01 11:40:06,V024,136.0,1.0406772281880625
2026-06-01,2026-06-01 11:40:07,V024,137.0,1.0741852231830122
2026-06-01,2026-06-01 11:40:08,V024,137.0,1.0610467912100616
2026-06-01,2026-06-01 11:40:09,V024,137.0,1.0563666726719056
2026-06-01,2026-06-01 11:40:10,V024,137.0,1.0989444439314926
2026-06-01,2026-06-01 11:40:11,V024,136.0,1.0714580490957106
2026-06-01,2026-06-01 11:40:12,V024,136.0,1.0570819218141938
2026-06-01,2026-06-01 11:40:13,V024,136.0,1.0724507160004682
2026-06-01,2026-06-01 11:40:14,V024,136.0,1.055865491056862
2026-06-01,2026-06-01 11:40:15,V024,136.0,1.0679478868493277
2026-06-01,2026-06-01 11:40:16,V024,136.0,1.074892829331256
2026-06-01,2026-06-01 11:40:17,V024,136.0,1.0656564774918293
2026-06-01,2026-06-01 11:40:18,V024,136.0,1.062103642378017
2026-06-01,2026-06-01 11:40:19,V024,135.0,1.0459829328675756
2026-06-01,2026-06-01 11:40:20,V024,135.0,1.0824762809809365
2026-06-01,2026-06-01 11:40:21,V024,134.0,1.0747308804146922
2026-06-01,2026-06-01 11:40:22,V024,134.0,1.071377530741072
2026-06-01,2026-06-01 11:40:23,V024,134.0,1.067250189387268
2026-06-01,2026-06-01 11:40:24,V024,134.0,1.0896003161257228
2026-06-01,2026-06-01 11:40:25,V024,133.0,1.054115220610523
2026-06-01,2026-06-01 11:40:26,V024,133.0,1.0627643633026447
2026-06-01,2026-06-01 11:40:27,V024,133.0,1.0552334079811667
2026-06-01,2026-06-01 11:40:28,V024,133.0,1.0523290261570728
2026-06-01,2026-06-01 11:40:29,V024,133.0,1.0495966126796772
2026-06-01,2026-06-01 11:40:30,V024,134.0,1.0741694033454996
2026-06-01,2026-06-01 11:40:31,V024,134.0,1.050688525972438
2026-06-01,2026-06-01 11:40:32,V024,135.0,1.0624274971193184
2026-06-01,2026-06-01 11:40:33,V024,136.0,1.0620501048908177
2026-06-01,2026-06-01 11:40:34,V024,136.0,1.0474924960453664
2026-06-01,2026-06-01 11:40:35,V024,138.0,1.0641693247086268
2026-06-01,2026-06-01 11:40:36,V024,138.0,1.058718253052263
2026-06-01,2026-06-01 11:40:37,V024,139.0,1.057589593856468
2026-06-01,2026-06-01 11:40:38,V024,139.0,1.0600510330177404
2026-06-01,2026-06-01 11:40:39,V024,139.0,1.071409437669959
2026-06-01,2026-06-01 11:40:40,V024,140.0,1.0831884449880802
2026-06-01,2026-06-01 11:40:41,V024,140.0,1.0461477726699084
2026-06-01,2026-06-01 11:40:42,V024,140.0,1.0534540520882418
2026-06-01,2026-06-01 11:40:43,V024,141.0,1.0637320468650207
2026-06-01,2026-06-01 11:40:44,V024,141.0,1.066429011175984
2026-06-01,2026-06-01 11:40:45,V024,141.0,1.0411692572645745
2026-06-01,2026-06-01 11:40:46,V024,142.0,1.0623554167749607
2026-06-01,2026-06-01 11:40:47,V024,142.0,1.0491184284410426
2026-06-01,2026-06-01 11:40:48,V024,142.0,1.0562594249898294
2026-06-01,2026-06-01 11:40:49,V024,141.0,1.050791675884369
2026-06-01,2026-06-01 11:40:50,V024,140.0,1.0479150551591725
2026-06-01,2026-06-01 11:40:51,V024,139.0,1.0652848919982385
2026-06-01,2026-06-01 11:40:52,V024,139.0,1.0523860494049995
2026-06-01,2026-06-01 11:40:53,V024,138.0,1.05407982966044
2026-06-01,2026-06-01 11:40:54,V024,138.0,1.0460127138696427
2026-06-01,2026-06-01 11:40:55,V024,137.0,1.127384155623715
2026-06-01,2026-06-01 11:40:56,V024,137.0,1.0026208825573983
2026-06-01,2026-06-01 11:40:57,V024,137.0,1.0223608854992468
2026-06-01,2026-06-01 11:40:58,V024,136.0,1.0390792793807024
2026-06-01,2026-06-01 11:40:59,V024,136.0,1.033155835336026
2026-06-01,2026-06-01 11:41:00,V024,137.0,1.0372243411527873
2026-06-01,2026-06-01 11:41:01,V024,136.0,1.0353366776035922
2026-06-01,2026-06-01 11:41:02,V024,135.0,1.0344525495580164
2026-06-01,2026-06-01 11:41:03,V024,134.0,1.1063174596106178
2026-06-01,2026-06-01 11:41:04,V024,133.0,1.0607993209001896
2026-06-01,2026-06-01 11:41:05,V024,131.0,1.0667869064650681
2026-06-01,2026-06-01 11:41:06,V024,130.0,1.0551841662251145
2026-06-01,2026-06-01 11:41:07,V024,129.0,1.0527698872644524
2026-06-01,2026-06-01 11:41:08,V024,128.0,1.0397347808812158
2026-06-01,2026-06-01 11:41:09,V024,128.0,1.067864740322957
2026-06-01,2026-06-01 11:41:10,V024,128.0,1.0316688397236855
2026-06-01,2026-06-01 11:41:11,V024,129.0,1.089848296651757
2026-06-01,2026-06-01 11:41:12,V024,130.0,1.029588222270301
2026-06-01,2026-06-01 11:41:13,V024,130.0,1.041536200746926
2026-06-01,2026-06-01 11:41:14,V024,131.0,1.0946530749160983
2026-06-01,2026-06-01 11:41:15,V024,131.0,1.1031068925292455
2026-06-01,2026-06-01 11:41:16,V024,132.0,1.0735808368100062
2026-06-01,2026-06-01 11:41:17,V024,132.0,1.047340975231489
2026-06-01,2026-06-01 11:41:18,V024,132.0,1.0469698901597912
2026-06-01,2026-06-01 11:41:19,V024,131.0,1.0404684272510318
2026-06-01,2026-06-01 11:41:20,V024,131.0,1.1070885884109951
2026-06-01,2026-06-01 11:41:21,V024,130.0,1.0640439865809572
2026-06-01,2026-06-01 11:41:22,V024,130.0,1.0650720224078423
2026-06-01,2026-06-01 11:41:23,V024,129.0,1.0752454835110354
2026-06-01,2026-06-01 11:41:24,V024,129.0,1.062937092420479
2026-06-01,2026-06-01 11:41:25,V024,128.0,1.0002261069232714
2026-06-01,2026-06-01 11:41:26,V024,128.0,1.1678396633033548
2026-06-01,2026-06-01 11:41:27,V024,128.0,1.0833322355429205
2026-06-01,2026-06-01 11:41:28,V024,128.0,1.047340242100956
2026-06-01,2026-06-01 11:41:29,V024,128.0,1.096493215298493
2026-06-01,2026-06-01 11:41:30,V024,129.0,1.1267612533138083
2026-06-01,2026-06-01 11:41:31,V024,129.0,1.0588564460826702
2026-06-01,2026-06-01 11:41:32,V024,129.0,1.05946277088528
2026-06-01,2026-06-01 11:41:33,V024,128.0,1.1521182611737564
2026-06-01,2026-06-01 11:41:34,V024,128.0,1.00398433691325
2026-06-01,2026-06-01 11:41:35,V024,128.0,1.0455293248344275
2026-06-01,2026-06-01 11:41:36,V024,128.0,1.1410405167319295
2026-06-01,2026-06-01 11:41:37,V024,129.0,1.106774229552162
2026-06-01,2026-06-01 11:41:38,V024,129.0,1.0563665265287596
2026-06-01,2026-06-01 11:41:39,V024,130.0,1.045126019835226
2026-06-01,2026-06-01 11:41:40,V024,130.0,1.0652094946308446
2026-06-01,2026-06-01 11:41:41,V024,131.0,1.0901605000343177
2026-06-01,2026-06-01 11:41:42,V024,132.0,1.0139692830878255
2026-06-01,2026-06-01 11:41:43,V024,133.0,1.0316765092228681
2026-06-01,2026-06-01 11:41:44,V024,134.0,1.0315570624980788
2026-06-01,2026-06-01 11:41:45,V024,135.0,0.9904653790015223
2026-06-01,2026-06-01 11:41:46,V024,136.0,0.9757420550929088
2026-06-01,2026-06-01 11:41:47,V024,137.0,1.1506576918443896
2026-06-01,2026-06-01 11:41:48,V024,137.0,1.0540412586322365
2026-06-01,2026-06-01 11:41:49,V024,138.0,1.0726586118538195
2026-06-01,2026-06-01 11:41:50,V024,138.0,1.0698790123264375
2026-06-01,2026-06-01 11:41:51,V024,138.0,1.0484236253720312
2026-06-01,2026-06-01 11:41:52,V024,138.0,1.1154594631658268
2026-06-01,2026-06-01 11:41:53,V024,138.0,1.0976550626195574
2026-06-01,2026-06-01 11:41:54,V024,137.0,1.027026759264329
2026-06-01,2026-06-01 11:41:55,V024,137.0,1.034655358616072
2026-06-01,2026-06-01 11:41:56,V024,136.0,1.034905097876033
2026-06-01,2026-06-01 11:41:57,V024,136.0,0.9926424352141336
2026-06-01,2026-06-01 11:41:58,V024,136.0,1.0990089735558017
2026-06-01,2026-06-01 11:41:59,V024,136.0,1.054970658141631
2026-06-01,2026-06-01 11:42:00,V024,136.0,1.0574603713199626
2026-06-01,2026-06-01 11:42:01,V024,136.0,1.0747448682393885
2026-06-01,2026-06-01 11:42:02,V024,136.0,1.0538162339241366
2026-06-01,2026-06-01 11:42:03,V024,136.0,1.0767103820071529
2026-06-01,2026-06-01 11:42:04,V024,136.0,1.0523723018915285
2026-06-01,2026-06-01 11:42:05,V024,136.0,1.0549402122434886
2026-06-01,2026-06-01 11:42:06,V024,136.0,1.051064686291609
2026-06-01,2026-06-01 11:42:07,V024,136.0,1.051142590594036
2026-06-01,2026-06-01 11:42:08,V024,136.0,1.055510444814145
2026-06-01,2026-06-01 11:42:09,V024,136.0,1.0543533210893146
2026-06-01,2026-06-01 11:42:10,V024,136.0,1.0549978322882443
2026-06-01,2026-06-01 11:42:11,V024,136.0,1.0582251560498837
2026-06-01,2026-06-01 11:42:12,V024,136.0,1.0490693217557292
2026-06-01,2026-06-01 11:42:13,V024,136.0,1.0534302971104152
2026-06-01,2026-06-01 11:42:14,V024,136.0,1.0620951966354832
2026-06-01,2026-06-01 11:42:15,V024,137.0,1.10725715678242
2026-06-01,2026-06-01 11:42:16,V024,137.0,1.0900774992525217
2026-06-01,2026-06-01 11:42:17,V024,137.0,0.9425586312270083
2026-06-01,2026-06-01 11:42:18,V024,137.0,1.0212194143092974
2026-06-01,2026-06-01 11:42:19,V024,136.0,0.9955208345877031
2026-06-01,2026-06-01 11:42:20,V024,135.0,1.0317642598660908
2026-06-01,2026-06-01 11:42:21,V024,135.0,1.0751492261698936
2026-06-01,2026-06-01 11:42:22,V024,135.0,1.114818391709127
2026-06-01,2026-06-01 11:42:23,V024,134.0,1.0512930244992638
2026-06-01,2026-06-01 11:42:24,V024,134.0,1.056135716603315
2026-06-01,2026-06-01 11:42:25,V024,134.0,1.0495548564153587
2026-06-01,2026-06-01 11:42:26,V024,134.0,1.0574535675983587
2026-06-01,2026-06-01 11:42:27,V024,134.0,1.0554829577203286
2026-06-01,2026-06-01 11:42:28,V024,135.0,1.037318462034241
2026-06-01,2026-06-01 11:42:29,V024,135.0,1.0857125671164471
2026-06-01,2026-06-01 11:42:30,V024,135.0,1.0304488115780719
2026-06-01,2026-06-01 11:42:31,V024,135.0,1.0649114957613621
2026-06-01,2026-06-01 11:42:32,V024,135.0,1.0610022241645631
2026-06-01,2026-06-01 11:42:33,V024,134.0,1.0408140211786103
2026-06-01,2026-06-01 11:42:34,V024,133.0,1.0635453740628495
2026-06-01,2026-06-01 11:42:35,V024,133.0,1.5448202655751955
2026-06-01,2026-06-01 11:42:36,V024,132.0,1.0870717656669109
2026-06-01,2026-06-01 11:42:37,V024,131.0,1.136581047553752
2026-06-01,2026-06-01 11:42:38,V024,130.0,1.1359511257429267
2026-06-01,2026-06-01 11:42:39,V024,129.0,1.0460515961422783
2026-06-01,2026-06-01 11:42:40,V024,129.0,1.0352020749296098
2026-06-01,2026-06-01 11:42:41,V024,128.0,1.067868908622271
2026-06-01,2026-06-01 11:42:42,V024,128.0,1.0361065684518684
2026-06-01,2026-06-01 11:42:43,V024,128.0,1.0180921849668236
2026-06-01,2026-06-01 11:42:44,V024,127.0,1.029783515924988
2026-06-01,2026-06-01 11:42:45,V024,127.0,1.0690223096154872
2026-06-01,2026-06-01 11:42:46,V024,127.0,1.050112134999601
2026-06-01,2026-06-01 11:42:47,V024,126.0,1.0733433459972606
2026-06-01,2026-06-01 11:42:48,V024,125.0,0.9841220794282023
2026-06-01,2026-06-01 11:42:49,V024,124.0,0.9647312090316235
2026-06-01,2026-06-01 11:42:50,V024,124.0,1.050173110383359
2026-06-01,2026-06-01 11:42:51,V024,123.0,1.093721058163398
2026-06-01,2026-06-01 11:42:52,V024,123.0,1.0044937760919948
2026-06-01,2026-06-01 11:42:53,V024,122.0,1.0112333157395053
2026-06-01,2026-06-01 11:42:54,V024,122.0,1.0282861253421633
2026-06-01,2026-06-01 11:42:55,V024,122.0,0.9866810955759653
2026-06-01,2026-06-01 11:42:56,V024,121.0,0.9867760754362832
2026-06-01,2026-06-01 11:42:57,V024,121.0,0.9679868651871593
2026-06-01,2026-06-01 11:42:58,V024,120.0,1.0202101109789206
2026-06-01,2026-06-01 11:42:59,V024,120.0,1.0324423029150278
2026-06-01,2026-06-01 11:43:00,V024,121.0,1.043974609186348
2026-06-01,2026-06-01 11:43:01,V024,121.0,1.049264968101802
2026-06-01,2026-06-01 11:43:02,V024,122.0,1.1114719054653839
2026-06-01,2026-06-01 11:43:03,V024,122.0,1.0824140697351397
2026-06-01,2026-06-01 11:43:04,V024,123.0,1.0495097875574597
2026-06-01,2026-06-01 11:43:05,V024,123.0,0.9823919103148242
2026-06-01,2026-06-01 11:43:06,V024,124.0,1.0118569476614285
2026-06-01,2026-06-01 11:43:07,V024,125.0,1.0017022451495854
2026-06-01,2026-06-01 11:43:08,V024,126.0,1.072170816520409
2026-06-01,2026-06-01 11:43:09,V024,126.0,0.9226885992559258
2026-06-01,2026-06-01 11:43:10,V024,127.0,0.921397185289434
2026-06-01,2026-06-01 11:43:11,V024,127.0,1.173628422060095
2026-06-01,2026-06-01 11:43:12,V024,128.0,1.0878794302061594
2026-06-01,2026-06-01 11:43:13,V024,128.0,1.0075333537724804
2026-06-01,2026-06-01 11:43:14,V024,128.0,1.0267757775806599
2026-06-01,2026-06-01 11:43:15,V024,129.0,1.0298958346505402
2026-06-01,2026-06-01 11:43:16,V024,129.0,1.112609503944463
2026-06-01,2026-06-01 11:43:17,V024,130.0,1.0211050234618486
2026-06-01,2026-06-01 11:43:18,V024,131.0,1.0644787972710978
2026-06-01,2026-06-01 11:43:19,V024,132.0,1.0868653068319853
2026-06-01,2026-06-01 11:43:20,V024,133.0,1.0676292861169594
2026-06-01,2026-06-01 11:43:21,V024,133.0,1.064440217485016
2026-06-01,2026-06-01 11:43:22,V024,134.0,1.0618110181513278
2026-06-01,2026-06-01 11:43:23,V024,134.0,1.092032581408896
2026-06-01,2026-06-01 11:43:24,V024,134.0,1.0458314038639591
2026-06-01,2026-06-01 11:43:25,V024,134.0,1.0750688229121745
2026-06-01,2026-06-01 11:43:26,V024,134.0,1.0487470096214013
2026-06-01,2026-06-01 11:43:27,V024,134.0,1.06793683361737
2026-06-01,2026-06-01 11:43:28,V024,134.0,1.0461993112384338
2026-06-01,2026-06-01 11:43:29,V024,134.0,1.055351508706697
2026-06-01,2026-06-01 11:43:30,V024,134.0,1.0545169726965495
2026-06-01,2026-06-01 11:43:31,V024,134.0,1.0522997242100478
2026-06-01,2026-06-01 11:43:32,V024,134.0,1.0483284070876915
2026-06-01,2026-06-01 11:43:33,V024,134.0,1.0524826779323524
2026-06-01,2026-06-01 11:43:34,V024,134.0,1.0690968268042305
2026-06-01,2026-06-01 11:43:35,V024,134.0,1.0544581007493716
2026-06-01,2026-06-01 11:43:36,V024,134.0,1.057095206014068
2026-06-01,2026-06-01 11:43:37,V024,133.0,1.0600035261689915
2026-06-01,2026-06-01 11:43:38,V024,133.0,1.0503104931615201
2026-06-01,2026-06-01 11:43:39,V024,133.0,1.1094474860237933
2026-06-01,2026-06-01 11:43:40,V024,132.0,0.9967692055907565
2026-06-01,2026-06-01 11:43:41,V024,132.0,1.0276111767729974
2026-06-01,2026-06-01 11:43:42,V024,132.0,1.0051476483876651
2026-06-01,2026-06-01 11:43:43,V024,131.0,1.0271189442871713
2026-06-01,2026-06-01 11:43:44,V024,131.0,1.006881782406884
2026-06-01,2026-06-01 11:43:45,V024,131.0,1.0051926719574875
2026-06-01,2026-06-01 11:43:46,V024,131.0,1.007538930849468
2026-06-01,2026-06-01 11:43:47,V024,131.0,1.0066662136216007
2026-06-01,2026-06-01 11:43:48,V024,131.0,1.014762881032657
2026-06-01,2026-06-01 11:43:49,V024,131.0,1.0089400354192504
2026-06-01,2026-06-01 11:43:50,V024,131.0,1.0145662543576686
2026-06-01,2026-06-01 11:43:51,V024,131.0,1.0082775386882241
2026-06-01,2026-06-01 11:43:52,V024,131.0,1.0057844504964089
2026-06-01,2026-06-01 11:43:53,V024,132.0,1.0036696746197673
2026-06-01,2026-06-01 11:43:54,V024,133.0,1.0079736471715177
2026-06-01,2026-06-01 11:43:55,V024,133.0,1.0062580751260755
2026-06-01,2026-06-01 11:43:56,V024,134.0,0.995904301174685
2026-06-01,2026-06-01 11:43:57,V024,134.0,1.0085586186332929
2026-06-01,2026-06-01 11:43:58,V024,134.0,1.0040299335381173
2026-06-01,2026-06-01 11:43:59,V024,135.0,1.005224056668391
2026-06-01,2026-06-01 11:44:00,V024,135.0,1.0155182353520071
2026-06-01,2026-06-01 11:44:01,V024,135.0,1.0043560890512497
2026-06-01,2026-06-01 11:44:02,V024,135.0,1.0048016516995828
2026-06-01,2026-06-01 11:44:03,V024,136.0,0.9992298249963719
2026-06-01,2026-06-01 11:44:04,V024,136.0,1.0095401806735154
2026-06-01,2026-06-01 11:44:05,V024,137.0,1.0080776620835148
2026-06-01,2026-06-01 11:44:06,V024,137.0,0.9979694464960905
2026-06-01,2026-06-01 11:44:07,V024,138.0,1.0113542839926966
2026-06-01,2026-06-01 11:44:08,V024,138.0,0.9954450829366055
2026-06-01,2026-06-01 11:44:09,V024,139.0,1.011477199252478
2026-06-01,2026-06-01 11:44:10,V024,139.0,1.006279237196704
2026-06-01,2026-06-01 11:44:11,V024,139.0,1.0045225658467796
2026-06-01,2026-06-01 11:44:12,V024,139.0,1.006967086305753
2026-06-01,2026-06-01 11:44:13,V024,139.0,1.0064816694814187
2026-06-01,2026-06-01 11:44:14,V024,139.0,1.0114581256243844
2026-06-01,2026-06-01 11:44:15,V024,139.0,1.0120112322965071
2026-06-01,2026-06-01 11:44:16,V024,139.0,1.0102216238454529
2026-06-01,2026-06-01 11:44:17,V024,139.0,1.0031358852207495
2026-06-01,2026-06-01 11:44:18,V024,139.0,1.0086430238030577
2026-06-01,2026-06-01 11:44:19,V024,139.0,1.0096077217413857
2026-06-01,2026-06-01 11:44:20,V024,139.0,1.0054197600930168
2026-06-01,2026-06-01 11:44:21,V024,138.0,1.0075852660116058
2026-06-01,2026-06-01 11:44:22,V024,138.0,1.0088149410158904
2026-06-01,2026-06-01 11:44:23,V024,137.0,1.0073378681901757
2026-06-01,2026-06-01 11:44:24,V024,137.0,1.0074472999180977
2026-06-01,2026-06-01 11:44:25,V024,136.0,1.005751597118144
2026-06-01,2026-06-01 11:44:26,V024,136.0,1.0062836051232777
2026-06-01,2026-06-01 11:44:27,V024,136.0,1.0059152587478195
2026-06-01,2026-06-01 11:44:28,V024,136.0,1.0032675827094484
2026-06-01,2026-06-01 11:44:29,V024,136.0,1.0072349799538303
2026-06-01,2026-06-01 11:44:30,V024,135.0,1.0063217600264929
2026-06-01,2026-06-01 11:44:31,V024,135.0,1.0042050612159323
2026-06-01,2026-06-01 11:44:32,V024,135.0,1.0077390866871239
2026-06-01,2026-06-01 11:44:33,V024,135.0,1.0067510313606727
2026-06-01,2026-06-01 11:44:34,V024,135.0,1.006983206354693
2026-06-01,2026-06-01 11:44:35,V024,135.0,1.0079129563572395
2026-06-01,2026-06-01 11:44:36,V024,134.0,1.0070735925691285
2026-06-01,2026-06-01 11:44:37,V024,134.0,1.0073592111157195
2026-06-01,2026-06-01 11:44:38,V024,134.0,1.0030197380490469
2026-06-01,2026-06-01 11:44:39,V024,134.0,1.0128402800864964
2026-06-01,2026-06-01 11:44:40,V024,134.0,1.0017119465498456
2026-06-01,2026-06-01 11:44:41,V024,133.0,1.0048877887846581
2026-06-01,2026-06-01 11:44:42,V024,133.0,1.0030227338038038
2026-06-01,2026-06-01 11:44:43,V024,133.0,1.0052994000651259
2026-06-01,2026-06-01 11:44:44,V024,132.0,1.0019020631951392
2026-06-01,2026-06-01 11:44:45,V024,132.0,1.0066705098613142
2026-06-01,2026-06-01 11:44:46,V024,131.0,1.0039238781077284
2026-06-01,2026-06-01 11:44:47,V024,129.0,1.0054101257382118
2026-06-01,2026-06-01 11:44:48,V024,126.0,1.0007734200652865
2026-06-01,2026-06-01 11:44:49,V024,124.0,0.9985107352910488
2026-06-01,2026-06-01 11:44:50,V024,122.0,1.007721645838278
2026-06-01,2026-06-01 11:44:51,V024,122.0,1.0042582694679842
2026-06-01,2026-06-01 11:44:52,V024,122.0,1.0047775951761977
2026-06-01,2026-06-01 11:44:53,V024,121.0,1.0070868596161981
2026-06-01,2026-06-01 11:44:54,V024,121.0,1.0099077550837134
2026-06-01,2026-06-01 11:44:55,V024,120.0,1.007995315414078
2026-06-01,2026-06-01 11:44:56,V024,120.0,1.003734917050542
2026-06-01,2026-06-01 11:44:57,V024,119.0,1.0074120088873362
2026-06-01,2026-06-01 11:44:58,V024,118.0,1.0052102994182104
2026-06-01,2026-06-01 11:44:59,V024,118.0,1.0046493799595393
2026-06-01,2026-06-01 11:45:00,V024,117.0,1.0041469127901963
2026-06-01,2026-06-01 11:45:01,V024,117.0,1.0112235270166994
2026-06-01,2026-06-01 11:45:02,V024,118.0,1.0047882656209444
2026-06-01,2026-06-01 11:45:03,V024,118.0,0.9983402962701847
2026-06-01,2026-06-01 11:45:04,V024,118.0,1.005264766520126
2026-06-01,2026-06-01 11:45:05,V024,117.0,1.007638488459671
2026-06-01,2026-06-01 11:45:06,V024,117.0,1.0046227115655901
2026-06-01,2026-06-01 11:45:07,V024,117.0,1.0089057538685202
2026-06-01,2026-06-01 11:45:08,V024,116.0,1.0087920802694952
2026-06-01,2026-06-01 11:45:09,V024,116.0,1.0043750944350482
2026-06-01,2026-06-01 11:45:10,V024,115.0,1.0076899783566873
2026-06-01,2026-06-01 11:45:11,V024,115.0,1.0053963151278775
2026-06-01,2026-06-01 11:45:12,V024,115.0,1.0092030804998724
2026-06-01,2026-06-01 11:45:13,V024,115.0,1.006204065788004
2026-06-01,2026-06-01 11:45:14,V024,115.0,1.0038266811217664
2026-06-01,2026-06-01 11:45:15,V024,114.0,1.0054576924741703
2026-06-01,2026-06-01 11:45:16,V024,114.0,1.0071361368761944
2026-06-01,2026-06-01 11:45:17,V024,114.0,1.005066641598701
2026-06-01,2026-06-01 11:45:18,V024,113.0,1.0075570458701146
2026-06-01,2026-06-01 11:45:19,V024,113.0,1.0068845762760186
2026-06-01,2026-06-01 11:45:20,V024,113.0,1.00553831746354
2026-06-01,2026-06-01 11:45:21,V024,113.0,1.0059251257063282
2026-06-01,2026-06-01 11:45:22,V024,113.0,1.006245931620226
2026-06-01,2026-06-01 11:45:23,V024,112.0,1.00541956272514
2026-06-01,2026-06-01 11:45:24,V024,112.0,1.0055771267278366
2026-06-01,2026-06-01 11:45:25,V024,112.0,1.005277535703727
2026-06-01,2026-06-01 11:45:26,V024,111.0,1.0071024928738244
2026-06-01,2026-06-01 11:45:27,V024,111.0,1.006710532999392
2026-06-01,2026-06-01 11:45:28,V024,112.0,0.9978373068829639
2026-06-01,2026-06-01 11:45:29,V024,112.0,1.0095148384459267
2026-06-01,2026-06-01 11:45:30,V024,112.0,1.00618253862846
2026-06-01,2026-06-01 11:45:31,V024,112.0,1.002208473365076
2026-06-01,2026-06-01 11:45:32,V024,112.0,1.0052519291707103
2026-06-01,2026-06-01 11:45:33,V024,112.0,1.0080997416382023
2026-06-01,2026-06-01 11:45:34,V024,112.0,1.004366352609667
2026-06-01,2026-06-01 11:45:35,V024,112.0,1.0053771198665638
2026-06-01,2026-06-01 11:45:36,V024,111.0,1.0081104354878394
2026-06-01,2026-06-01 11:45:37,V024,111.0,1.0056987649959308
2026-06-01,2026-06-01 11:45:38,V024,111.0,1.007870364032038
2026-06-01,2026-06-01 11:45:39,V024,110.0,1.0081831665010057
2026-06-01,2026-06-01 11:45:40,V024,110.0,1.0082219931013139
2026-06-01,2026-06-01 11:45:41,V024,110.0,1.0070349233549765
2026-06-01,2026-06-01 11:45:42,V024,109.0,1.006819220132016
2026-06-01,2026-06-01 11:45:43,V024,109.0,1.0016396467018536
2026-06-01,2026-06-01 11:45:44,V024,109.0,1.00747990393313
2026-06-01,2026-06-01 11:45:45,V024,109.0,1.0033992514339753
2026-06-01,2026-06-01 11:45:46,V024,109.0,1.003728229731773
2026-06-01,2026-06-01 11:45:47,V024,108.0,1.0072986058320164
2026-06-01,2026-06-01 11:45:48,V024,108.0,1.0058882809661545
2026-06-01,2026-06-01 11:45:49,V024,108.0,1.0119907237368135
2026-06-01,2026-06-01 11:45:50,V024,107.0,1.0056135218688023
2026-06-01,2026-06-01 11:45:51,V024,107.0,1.0066451806991215
2026-06-01,2026-06-01 11:45:52,V024,106.0,1.0053542225823744
2026-06-01,2026-06-01 11:45:53,V024,105.0,1.0037187209776317
2026-06-01,2026-06-01 11:45:54,V024,104.0,1.00687961613328
2026-06-01,2026-06-01 11:45:55,V024,104.0,1.0095226421453383
2026-06-01,2026-06-01 11:45:56,V024,105.0,1.0095830391126197
2026-06-01,2026-06-01 11:45:57,V024,105.0,1.0069157772339283
2026-06-01,2026-06-01 11:45:58,V024,105.0,1.0086319098128829
2026-06-01,2026-06-01 11:45:59,V024,105.0,1.0059972825980734
2026-06-01,2026-06-01 11:46:00,V024,105.0,1.007744980253705
2026-06-01,2026-06-01 11:46:01,V024,105.0,1.0066515628074915
2026-06-01,2026-06-01 11:46:02,V024,105.0,1.0061833997975282
2026-06-01,2026-06-01 11:46:03,V024,105.0,1.0059448394479467
2026-06-01,2026-06-01 11:46:04,V024,105.0,1.0042085582385727
2026-06-01,2026-06-01 11:46:05,V024,105.0,1.005608382877227
2026-06-01,2026-06-01 11:46:06,V024,105.0,1.0063459187494002
2026-06-01,2026-06-01 11:46:07,V024,104.0,1.0068778292478635
2026-06-01,2026-06-01 11:46:08,V024,104.0,1.0067879488905271
2026-06-01,2026-06-01 11:46:09,V024,104.0,1.004105744880151
2026-06-01,2026-06-01 11:46:10,V024,104.0,1.00799237014162
2026-06-01,2026-06-01 11:46:11,V024,104.0,1.0068283735245698
2026-06-01,2026-06-01 11:46:12,V024,104.0,1.0054755184553177
2026-06-01,2026-06-01 11:46:13,V024,105.0,1.007299781525692
2026-06-01,2026-06-01 11:46:14,V024,105.0,1.0061959649953869
2026-06-01,2026-06-01 11:46:15,V024,105.0,1.0043861385745958
2026-06-01,2026-06-01 11:46:16,V024,,1.0058901691513533
2026-06-01,2026-06-01 11:46:17,V024,,1.006359599957761
2026-06-01,2026-06-01 11:46:18,V024,,1.0057923270886475
2026-06-01,2026-06-01 11:46:19,V024,,1.0068932656969203
2026-06-01,2026-06-01 11:46:20,V024,,1.0064841295564637
2026-06-01,2026-06-01 11:46:21,V024,,1.0078505118997898
