Date,Timestamp,SensorID,HeartRate,AccNorm
2026-06-01,2026-06-01 10:40:00,V028,109.0,1.0207732643552934
2026-06-01,2026-06-01 10:40:01,V028,110.0,0.9994054205678776
2026-06-01,2026-06-01 10:40:02,V028,110.0,1.006363764203211
2026-06-01,2026-06-01 10:40:03,V028,110.0,1.017082668372275
2026-06-01,2026-06-01 10:40:04,V028,110.0,1.0005630427527414
2026-06-01,2026-06-01 10:40:05,V028,110.0,1.0148402753290804
2026-06-01,2026-06-01 10:40:06,V028,110.0,1.0005921536191824
2026-06-01,2026-06-01 10:40:07,V028,110.0,1.007043027495644
2026-06-01,2026-06-01 10:40:08,V028,110.0,1.0034746834494646
2026-06-01,2026-06-01 10:40:09,V028,110.0,0.9994057442443917
2026-06-01,2026-06-01 10:40:10,V028,110.0,1.0084833629198688
2026-06-01,2026-06-01 10:40:11,V028,110.0,1.0148042166209998
2026-06-01,2026-06-01 10:40:12,V028,110.0,1.0058288730728218
2026-06-01,2026-06-01 10:40:13,V028,110.0,1.0043089379373764
2026-06-01,2026-06-01 10:40:14,V028,110.0,1.0116630834620306
2026-06-01,2026-06-01 10:40:15,V028,110.0,1.0461222959089937
2026-06-01,2026-06-01 10:40:16,V028,110.0,0.9919595678837249
2026-06-01,2026-06-01 10:40:17,V028,111.0,1.012396057030567
2026-06-01,2026-06-01 10:40:18,V028,111.0,1.0182881848578198
2026-06-01,2026-06-01 10:40:19,V028,111.0,1.0174346457240249
2026-06-01,2026-06-01 10:40:20,V028,111.0,1.0245404307610386
2026-06-01,2026-06-01 10:40:21,V028,111.0,0.9741574181043464
2026-06-01,2026-06-01 10:40:22,V028,111.0,1.0002223119307128
2026-06-01,2026-06-01 10:40:23,V028,112.0,1.0190581743832152
2026-06-01,2026-06-01 10:40:24,V028,112.0,0.9756416693345041
2026-06-01,2026-06-01 10:40:25,V028,113.0,1.004424747403711
2026-06-01,2026-06-01 10:40:26,V028,113.0,1.0192289134335322
2026-06-01,2026-06-01 10:40:27,V028,113.0,0.9867578865369464
2026-06-01,2026-06-01 10:40:28,V028,113.0,1.0037143159200095
2026-06-01,2026-06-01 10:40:29,V028,113.0,1.0080964445556042
2026-06-01,2026-06-01 10:40:30,V028,113.0,0.9996685496255313
2026-06-01,2026-06-01 10:40:31,V028,113.0,0.9923800056175056
2026-06-01,2026-06-01 10:40:32,V028,113.0,0.9915393550377161
2026-06-01,2026-06-01 10:40:33,V028,113.0,0.9999643738491661
2026-06-01,2026-06-01 10:40:34,V028,113.0,1.0222865269234003
2026-06-01,2026-06-01 10:40:35,V028,114.0,1.0305393538558665
2026-06-01,2026-06-01 10:40:36,V028,115.0,1.0110604596958075
2026-06-01,2026-06-01 10:40:37,V028,115.0,0.9984808489604451
2026-06-01,2026-06-01 10:40:38,V028,115.0,1.0123371353686519
2026-06-01,2026-06-01 10:40:39,V028,115.0,0.9963407096175715
2026-06-01,2026-06-01 10:40:40,V028,115.0,1.0007610523759474
2026-06-01,2026-06-01 10:40:41,V028,115.0,0.9966562666550081
2026-06-01,2026-06-01 10:40:42,V028,116.0,1.0315953386436323
2026-06-01,2026-06-01 10:40:43,V028,116.0,0.9956115743558337
2026-06-01,2026-06-01 10:40:44,V028,116.0,0.996156306873322
2026-06-01,2026-06-01 10:40:45,V028,116.0,0.9992865876623341
2026-06-01,2026-06-01 10:40:46,V028,116.0,1.0000097663132994
2026-06-01,2026-06-01 10:40:47,V028,115.0,0.9957169563783904
2026-06-01,2026-06-01 10:40:48,V028,114.0,0.9889242915814128
2026-06-01,2026-06-01 10:40:49,V028,114.0,0.9992523217114342
2026-06-01,2026-06-01 10:40:50,V028,113.0,1.0053578647114068
2026-06-01,2026-06-01 10:40:51,V028,112.0,1.010235071899146
2026-06-01,2026-06-01 10:40:52,V028,111.0,0.9984642715362115
2026-06-01,2026-06-01 10:40:53,V028,111.0,1.0000783551966321
2026-06-01,2026-06-01 10:40:54,V028,110.0,1.0042444740695389
2026-06-01,2026-06-01 10:40:55,V028,110.0,1.0070364913552028
2026-06-01,2026-06-01 10:40:56,V028,109.0,1.000231376477106
2026-06-01,2026-06-01 10:40:57,V028,110.0,1.0052238182600417
2026-06-01,2026-06-01 10:40:58,V028,110.0,0.9922421471898389
2026-06-01,2026-06-01 10:40:59,V028,110.0,1.0101693352680594
2026-06-01,2026-06-01 10:41:00,V028,109.0,0.9879941626815988
2026-06-01,2026-06-01 10:41:01,V028,109.0,0.9994412648357859
2026-06-01,2026-06-01 10:41:02,V028,109.0,1.0088706645662007
2026-06-01,2026-06-01 10:41:03,V028,108.0,0.9829459967262548
2026-06-01,2026-06-01 10:41:04,V028,108.0,1.005900115879091
2026-06-01,2026-06-01 10:41:05,V028,108.0,1.0036644044495313
2026-06-01,2026-06-01 10:41:06,V028,108.0,0.997621160384613
2026-06-01,2026-06-01 10:41:07,V028,107.0,1.004096732945384
2026-06-01,2026-06-01 10:41:08,V028,107.0,1.008454510052336
2026-06-01,2026-06-01 10:41:09,V028,106.0,1.0165464031893705
2026-06-01,2026-06-01 10:41:10,V028,105.0,1.0104398096526526
2026-06-01,2026-06-01 10:41:11,V028,104.0,0.996979169960423
2026-06-01,2026-06-01 10:41:12,V028,104.0,1.0048437230149927
2026-06-01,2026-06-01 10:41:13,V028,103.0,1.00666040824625
2026-06-01,2026-06-01 10:41:14,V028,103.0,0.9912283071775685
2026-06-01,2026-06-01 10:41:15,V028,102.0,0.999542389454712
2026-06-01,2026-06-01 10:41:16,V028,102.0,0.9945329215510683
2026-06-01,2026-06-01 10:41:17,V028,103.0,0.998280391970645
2026-06-01,2026-06-01 10:41:18,V028,103.0,0.9889512286336376
2026-06-01,2026-06-01 10:41:19,V028,103.0,1.004083432975643
2026-06-01,2026-06-01 10:41:20,V028,104.0,1.0087281256651364
2026-06-01,2026-06-01 10:41:21,V028,104.0,1.0234780022334007
2026-06-01,2026-06-01 10:41:22,V028,104.0,0.9965475017007834
2026-06-01,2026-06-01 10:41:23,V028,104.0,0.9999039400395842
2026-06-01,2026-06-01 10:41:24,V028,104.0,1.0041099143159937
2026-06-01,2026-06-01 10:41:25,V028,104.0,0.9988341098805459
2026-06-01,2026-06-01 10:41:26,V028,103.0,1.0063691203312808
2026-06-01,2026-06-01 10:41:27,V028,103.0,0.9952800425572965
2026-06-01,2026-06-01 10:41:28,V028,102.0,1.0055455286558135
2026-06-01,2026-06-01 10:41:29,V028,101.0,0.9997892539543015
2026-06-01,2026-06-01 10:41:30,V028,99.0,1.001544735924401
2026-06-01,2026-06-01 10:41:31,V028,98.0,0.9937178714281963
2026-06-01,2026-06-01 10:41:32,V028,97.0,1.0014120532089745
2026-06-01,2026-06-01 10:41:33,V028,96.0,0.9998087499875652
2026-06-01,2026-06-01 10:41:34,V028,95.0,0.9984194377317228
2026-06-01,2026-06-01 10:41:35,V028,96.0,1.0019562197521708
2026-06-01,2026-06-01 10:41:36,V028,96.0,0.9995004141667684
2026-06-01,2026-06-01 10:41:37,V028,96.0,0.991513979367754
2026-06-01,2026-06-01 10:41:38,V028,96.0,1.0016881683659784
2026-06-01,2026-06-01 10:41:39,V028,97.0,1.0009005787441791
2026-06-01,2026-06-01 10:41:40,V028,98.0,1.0050479610935374
2026-06-01,2026-06-01 10:41:41,V028,98.0,1.0045236150624917
2026-06-01,2026-06-01 10:41:42,V028,99.0,1.0026956943318324
2026-06-01,2026-06-01 10:41:43,V028,100.0,0.9953888279036526
2026-06-01,2026-06-01 10:41:44,V028,101.0,0.9959071846451264
2026-06-01,2026-06-01 10:41:45,V028,101.0,0.9886376565918146
2026-06-01,2026-06-01 10:41:46,V028,101.0,1.0061840420562975
2026-06-01,2026-06-01 10:41:47,V028,101.0,0.9951198559690125
2026-06-01,2026-06-01 10:41:48,V028,101.0,0.994384105540305
2026-06-01,2026-06-01 10:41:49,V028,102.0,1.0080814934439009
2026-06-01,2026-06-01 10:41:50,V028,102.0,0.9969897904289486
2026-06-01,2026-06-01 10:41:51,V028,102.0,0.9965725131207095
2026-06-01,2026-06-01 10:41:52,V028,103.0,0.9990781727645612
2026-06-01,2026-06-01 10:41:53,V028,103.0,1.0107441341647105
2026-06-01,2026-06-01 10:41:54,V028,102.0,1.0181656075383128
2026-06-01,2026-06-01 10:41:55,V028,103.0,1.0032969260544413
2026-06-01,2026-06-01 10:41:56,V028,103.0,0.9896587927661861
2026-06-01,2026-06-01 10:41:57,V028,103.0,0.9947791061007553
2026-06-01,2026-06-01 10:41:58,V028,103.0,0.9982360831583252
2026-06-01,2026-06-01 10:41:59,V028,103.0,1.007512547390075
2026-06-01,2026-06-01 10:42:00,V028,104.0,1.004506364901687
2026-06-01,2026-06-01 10:42:01,V028,104.0,0.9962069690609393
2026-06-01,2026-06-01 10:42:02,V028,104.0,1.0148641531362659
2026-06-01,2026-06-01 10:42:03,V028,105.0,1.0047718084073638
2026-06-01,2026-06-01 10:42:04,V028,105.0,1.0127566099174004
2026-06-01,2026-06-01 10:42:05,V028,105.0,1.0062461381426455
2026-06-01,2026-06-01 10:42:06,V028,106.0,1.0001602902512525
2026-06-01,2026-06-01 10:42:07,V028,106.0,1.0100373477011875
2026-06-01,2026-06-01 10:42:08,V028,106.0,1.0144016842683166
2026-06-01,2026-06-01 10:42:09,V028,106.0,1.0130892090103818
2026-06-01,2026-06-01 10:42:10,V028,106.0,1.0027918866192982
2026-06-01,2026-06-01 10:42:11,V028,106.0,0.9832828586354838
2026-06-01,2026-06-01 10:42:12,V028,106.0,1.018828433773093
2026-06-01,2026-06-01 10:42:13,V028,106.0,1.0170289589898087
2026-06-01,2026-06-01 10:42:14,V028,106.0,0.998048992229805
2026-06-01,2026-06-01 10:42:15,V028,105.0,1.0099933077068894
2026-06-01,2026-06-01 10:42:16,V028,105.0,1.0123527386327649
2026-06-01,2026-06-01 10:42:17,V028,105.0,1.0111964255862909
2026-06-01,2026-06-01 10:42:18,V028,105.0,0.9912720075044025
2026-06-01,2026-06-01 10:42:19,V028,105.0,1.0143552541061407
2026-06-01,2026-06-01 10:42:20,V028,105.0,1.0127646770560552
2026-06-01,2026-06-01 10:42:21,V028,105.0,0.997803193064358
2026-06-01,2026-06-01 10:42:22,V028,105.0,0.9779125792857533
2026-06-01,2026-06-01 10:42:23,V028,105.0,1.0053557927799932
2026-06-01,2026-06-01 10:42:24,V028,105.0,1.0066490098128973
2026-06-01,2026-06-01 10:42:25,V028,105.0,0.9938561203056144
2026-06-01,2026-06-01 10:42:26,V028,105.0,0.9922603170032074
2026-06-01,2026-06-01 10:42:27,V028,105.0,1.0020779911777176
2026-06-01,2026-06-01 10:42:28,V028,105.0,1.0027556739391
2026-06-01,2026-06-01 10:42:29,V028,105.0,1.016721809765381
2026-06-01,2026-06-01 10:42:30,V028,106.0,1.0142205707892304
2026-06-01,2026-06-01 10:42:31,V028,106.0,1.015065750535591
2026-06-01,2026-06-01 10:42:32,V028,106.0,1.0110189641493206
2026-06-01,2026-06-01 10:42:33,V028,106.0,0.9971555712392685
2026-06-01,2026-06-01 10:42:34,V028,106.0,1.0062540034744356
2026-06-01,2026-06-01 10:42:35,V028,107.0,1.0147419461046019
2026-06-01,2026-06-01 10:42:36,V028,107.0,1.0161494119973538
2026-06-01,2026-06-01 10:42:37,V028,107.0,1.0150102714048284
2026-06-01,2026-06-01 10:42:38,V028,107.0,1.0016750128322534
2026-06-01,2026-06-01 10:42:39,V028,107.0,1.0168226176023236
2026-06-01,2026-06-01 10:42:40,V028,108.0,1.0024750725211902
2026-06-01,2026-06-01 10:42:41,V028,108.0,0.9908229031909005
2026-06-01,2026-06-01 10:42:42,V028,108.0,0.9897717738722078
2026-06-01,2026-06-01 10:42:43,V028,108.0,0.9994903468511062
2026-06-01,2026-06-01 10:42:44,V028,109.0,1.0011267202048302
2026-06-01,2026-06-01 10:42:45,V028,109.0,0.9964758904843763
2026-06-01,2026-06-01 10:42:46,V028,110.0,1.009115987440354
2026-06-01,2026-06-01 10:42:47,V028,109.0,1.0107153786935874
2026-06-01,2026-06-01 10:42:48,V028,109.0,0.9938815091013761
2026-06-01,2026-06-01 10:42:49,V028,108.0,1.0084470845336968
2026-06-01,2026-06-01 10:42:50,V028,108.0,0.9970025404419646
2026-06-01,2026-06-01 10:42:51,V028,108.0,1.0012388396289895
2026-06-01,2026-06-01 10:42:52,V028,108.0,1.0010591279709122
2026-06-01,2026-06-01 10:42:53,V028,107.0,0.997487615797694
2026-06-01,2026-06-01 10:42:54,V028,107.0,1.0014316500445508
2026-06-01,2026-06-01 10:42:55,V028,107.0,1.00842882662373
2026-06-01,2026-06-01 10:42:56,V028,107.0,0.9897711261475121
2026-06-01,2026-06-01 10:42:57,V028,108.0,0.9993722141270537
2026-06-01,2026-06-01 10:42:58,V028,108.0,1.0023127391798836
2026-06-01,2026-06-01 10:42:59,V028,109.0,1.0073396183688172
2026-06-01,2026-06-01 10:43:00,V028,109.0,1.0041021626892739
2026-06-01,2026-06-01 10:43:01,V028,109.0,0.9965240589704452
2026-06-01,2026-06-01 10:43:02,V028,109.0,0.9965414796799378
2026-06-01,2026-06-01 10:43:03,V028,110.0,1.0008256042669266
2026-06-01,2026-06-01 10:43:04,V028,110.0,1.0267515309157695
2026-06-01,2026-06-01 10:43:05,V028,110.0,1.0002865300415842
2026-06-01,2026-06-01 10:43:06,V028,111.0,1.0100256384489041
2026-06-01,2026-06-01 10:43:07,V028,110.0,0.9897488074813825
2026-06-01,2026-06-01 10:43:08,V028,110.0,0.992252943051375
2026-06-01,2026-06-01 10:43:09,V028,109.0,1.0020748264329196
2026-06-01,2026-06-01 10:43:10,V028,109.0,1.006337004489173
2026-06-01,2026-06-01 10:43:11,V028,109.0,1.0020216353842992
2026-06-01,2026-06-01 10:43:12,V028,109.0,1.0084607761390396
2026-06-01,2026-06-01 10:43:13,V028,109.0,0.9922013679820952
2026-06-01,2026-06-01 10:43:14,V028,109.0,0.9975911703706074
2026-06-01,2026-06-01 10:43:15,V028,109.0,0.9946785829450254
2026-06-01,2026-06-01 10:43:16,V028,109.0,1.0054012303095579
2026-06-01,2026-06-01 10:43:17,V028,109.0,1.0196099412568016
2026-06-01,2026-06-01 10:43:18,V028,109.0,0.998031866838548
2026-06-01,2026-06-01 10:43:19,V028,109.0,0.9991273165184991
2026-06-01,2026-06-01 10:43:20,V028,109.0,0.9553076175828955
2026-06-01,2026-06-01 10:43:21,V028,109.0,1.0003633820670448
2026-06-01,2026-06-01 10:43:22,V028,109.0,1.0011095497937932
2026-06-01,2026-06-01 10:43:23,V028,109.0,0.9966779347382798
2026-06-01,2026-06-01 10:43:24,V028,110.0,1.0055473795770373
2026-06-01,2026-06-01 10:43:25,V028,110.0,1.0045871202898646
2026-06-01,2026-06-01 10:43:26,V028,110.0,0.9981981456332976
2026-06-01,2026-06-01 10:43:27,V028,111.0,1.00054355547632
2026-06-01,2026-06-01 10:43:28,V028,111.0,0.982106214931275
2026-06-01,2026-06-01 10:43:29,V028,111.0,1.0159310631215042
2026-06-01,2026-06-01 10:43:30,V028,111.0,0.984983475731242
2026-06-01,2026-06-01 10:43:31,V028,111.0,1.000978524288194
2026-06-01,2026-06-01 10:43:32,V028,111.0,1.0383964542328477
2026-06-01,2026-06-01 10:43:33,V028,111.0,1.0024996822666137
2026-06-01,2026-06-01 10:43:34,V028,111.0,0.9924767807440295
2026-06-01,2026-06-01 10:43:35,V028,111.0,1.0110412533605704
2026-06-01,2026-06-01 10:43:36,V028,111.0,1.0173901207171974
2026-06-01,2026-06-01 10:43:37,V028,111.0,0.9961939795446536
2026-06-01,2026-06-01 10:43:38,V028,111.0,0.9980094646125793
2026-06-01,2026-06-01 10:43:39,V028,110.0,1.004951178593047
2026-06-01,2026-06-01 10:43:40,V028,110.0,0.9963104706760858
2026-06-01,2026-06-01 10:43:41,V028,110.0,1.008747015458195
2026-06-01,2026-06-01 10:43:42,V028,110.0,1.0083750890838683
2026-06-01,2026-06-01 10:43:43,V028,109.0,1.0127659988597346
2026-06-01,2026-06-01 10:43:44,V028,108.0,1.0125133653600213
2026-06-01,2026-06-01 10:43:45,V028,107.0,0.9966122383661226
2026-06-01,2026-06-01 10:43:46,V028,106.0,1.0042700928082442
2026-06-01,2026-06-01 10:43:47,V028,106.0,1.0039784189800554
2026-06-01,2026-06-01 10:43:48,V028,106.0,1.0189158113121566
2026-06-01,2026-06-01 10:43:49,V028,106.0,1.003624606242521
2026-06-01,2026-06-01 10:43:50,V028,106.0,0.9934701829875471
2026-06-01,2026-06-01 10:43:51,V028,105.0,0.9916789925744836
2026-06-01,2026-06-01 10:43:52,V028,105.0,1.006382581098973
2026-06-01,2026-06-01 10:43:53,V028,104.0,0.9905146425831531
2026-06-01,2026-06-01 10:43:54,V028,104.0,0.996009688549306
2026-06-01,2026-06-01 10:43:55,V028,102.0,0.9802169932184193
2026-06-01,2026-06-01 10:43:56,V028,101.0,0.9926621786833038
2026-06-01,2026-06-01 10:43:57,V028,100.0,0.9935226634410101
2026-06-01,2026-06-01 10:43:58,V028,99.0,0.9958462661857053
2026-06-01,2026-06-01 10:43:59,V028,100.0,0.993796230841722
2026-06-01,2026-06-01 10:44:00,V028,100.0,0.9950609816711448
2026-06-01,2026-06-01 10:44:01,V028,100.0,0.997502293869187
2026-06-01,2026-06-01 10:44:02,V028,100.0,0.9983974073033155
2026-06-01,2026-06-01 10:44:03,V028,100.0,0.9924600161326446
2026-06-01,2026-06-01 10:44:04,V028,100.0,1.0149543406826596
2026-06-01,2026-06-01 10:44:05,V028,100.0,1.0060000840180077
2026-06-01,2026-06-01 10:44:06,V028,100.0,0.9849636982273582
2026-06-01,2026-06-01 10:44:07,V028,100.0,0.99801950720172
2026-06-01,2026-06-01 10:44:08,V028,101.0,1.0179127023935044
2026-06-01,2026-06-01 10:44:09,V028,101.0,1.0105982372966529
2026-06-01,2026-06-01 10:44:10,V028,101.0,1.0010885017362077
2026-06-01,2026-06-01 10:44:11,V028,102.0,0.9972540469904644
2026-06-01,2026-06-01 10:44:12,V028,103.0,1.0313756421013074
2026-06-01,2026-06-01 10:44:13,V028,103.0,1.0090057930777403
2026-06-01,2026-06-01 10:44:14,V028,104.0,1.0202937822956621
2026-06-01,2026-06-01 10:44:15,V028,104.0,0.9963102802754599
2026-06-01,2026-06-01 10:44:16,V028,105.0,0.9928562928631928
2026-06-01,2026-06-01 10:44:17,V028,106.0,0.9966187281561759
2026-06-01,2026-06-01 10:44:18,V028,107.0,1.01994903231972
2026-06-01,2026-06-01 10:44:19,V028,108.0,1.0059240595701002
2026-06-01,2026-06-01 10:44:20,V028,108.0,1.0009237605167052
2026-06-01,2026-06-01 10:44:21,V028,108.0,1.009169575683386
2026-06-01,2026-06-01 10:44:22,V028,108.0,0.9998184504145488
2026-06-01,2026-06-01 10:44:23,V028,108.0,1.0080592302066123
2026-06-01,2026-06-01 10:44:24,V028,107.0,1.0052353207811988
2026-06-01,2026-06-01 10:44:25,V028,108.0,1.0063672324675257
2026-06-01,2026-06-01 10:44:26,V028,108.0,0.9997678412475726
2026-06-01,2026-06-01 10:44:27,V028,109.0,0.9996841107443711
2026-06-01,2026-06-01 10:44:28,V028,109.0,1.0049610101884243
2026-06-01,2026-06-01 10:44:29,V028,110.0,1.0041451994493165
2026-06-01,2026-06-01 10:44:30,V028,110.0,1.0047261022417773
2026-06-01,2026-06-01 10:44:31,V028,110.0,1.0022052320903925
2026-06-01,2026-06-01 10:44:32,V028,109.0,1.0097499086095354
2026-06-01,2026-06-01 10:44:33,V028,109.0,1.002545398429407
2026-06-01,2026-06-01 10:44:34,V028,109.0,1.0070680420333942
2026-06-01,2026-06-01 10:44:35,V028,110.0,1.0066784633265218
2026-06-01,2026-06-01 10:44:36,V028,110.0,1.00278678188996
2026-06-01,2026-06-01 10:44:37,V028,109.0,1.003582401599117
2026-06-01,2026-06-01 10:44:38,V028,109.0,0.9981660962275147
2026-06-01,2026-06-01 10:44:39,V028,109.0,1.0094041771853792
2026-06-01,2026-06-01 10:44:40,V028,109.0,0.9900931843075909
2026-06-01,2026-06-01 10:44:41,V028,110.0,0.9994128372368769
2026-06-01,2026-06-01 10:44:42,V028,110.0,0.9900523333657966
2026-06-01,2026-06-01 10:44:43,V028,110.0,1.0061608886394604
2026-06-01,2026-06-01 10:44:44,V028,110.0,1.023871424297205
2026-06-01,2026-06-01 10:44:45,V028,111.0,0.9991494722875163
2026-06-01,2026-06-01 10:44:46,V028,111.0,1.002838795975998
2026-06-01,2026-06-01 10:44:47,V028,112.0,0.9987997901692252
2026-06-01,2026-06-01 10:44:48,V028,112.0,0.9988348038097516
2026-06-01,2026-06-01 10:44:49,V028,112.0,0.9999982506334448
2026-06-01,2026-06-01 10:44:50,V028,112.0,0.9973034342708268
2026-06-01,2026-06-01 10:44:51,V028,111.0,1.0000944619727092
2026-06-01,2026-06-01 10:44:52,V028,111.0,1.003795462124892
2026-06-01,2026-06-01 10:44:53,V028,111.0,1.0003373050010567
2026-06-01,2026-06-01 10:44:54,V028,112.0,0.9992622990121203
2026-06-01,2026-06-01 10:44:55,V028,111.0,0.9995467481374275
2026-06-01,2026-06-01 10:44:56,V028,111.0,1.0002134033664996
2026-06-01,2026-06-01 10:44:57,V028,111.0,0.9991088859999981
2026-06-01,2026-06-01 10:44:58,V028,111.0,1.003324152683201
2026-06-01,2026-06-01 10:44:59,V028,111.0,1.0019122365973245
2026-06-01,2026-06-01 10:45:00,V028,112.0,0.9997283406490121
2026-06-01,2026-06-01 10:45:01,V028,112.0,1.0000928559162212
2026-06-01,2026-06-01 10:45:02,V028,114.0,1.0005098892606985
2026-06-01,2026-06-01 10:45:03,V028,115.0,0.9981963093940662
2026-06-01,2026-06-01 10:45:04,V028,115.0,0.9968664429001255
2026-06-01,2026-06-01 10:45:05,V028,114.0,1.004869047262966
2026-06-01,2026-06-01 10:45:06,V028,114.0,1.0040376081961702
2026-06-01,2026-06-01 10:45:07,V028,113.0,1.001683987205711
2026-06-01,2026-06-01 10:45:08,V028,113.0,1.0023443293818315
2026-06-01,2026-06-01 10:45:09,V028,113.0,1.0064032208126121
2026-06-01,2026-06-01 10:45:10,V028,114.0,1.0037954027781273
2026-06-01,2026-06-01 10:45:11,V028,114.0,0.9993136547099064
2026-06-01,2026-06-01 10:45:12,V028,114.0,0.9992979909604793
2026-06-01,2026-06-01 10:45:13,V028,115.0,0.9983862838858247
2026-06-01,2026-06-01 10:45:14,V028,115.0,1.001463507267621
2026-06-01,2026-06-01 10:45:15,V028,116.0,1.0022430549425994
2026-06-01,2026-06-01 10:45:16,V028,116.0,0.9995898474885953
2026-06-01,2026-06-01 10:45:17,V028,116.0,1.0063996505970232
2026-06-01,2026-06-01 10:45:18,V028,116.0,1.0015623238097215
2026-06-01,2026-06-01 10:45:19,V028,115.0,1.003892172657311
2026-06-01,2026-06-01 10:45:20,V028,115.0,0.9962903222044185
2026-06-01,2026-06-01 10:45:21,V028,115.0,0.9989593859621697
2026-06-01,2026-06-01 10:45:22,V028,115.0,0.997808708455391
2026-06-01,2026-06-01 10:45:23,V028,115.0,1.0024012387348098
2026-06-01,2026-06-01 10:45:24,V028,115.0,1.0044291278143835
2026-06-01,2026-06-01 10:45:25,V028,115.0,1.0142389425167133
2026-06-01,2026-06-01 10:45:26,V028,114.0,1.0035332777544923
2026-06-01,2026-06-01 10:45:27,V028,114.0,0.9982703436594331
2026-06-01,2026-06-01 10:45:28,V028,114.0,0.9935143448053618
2026-06-01,2026-06-01 10:45:29,V028,113.0,1.000889647756971
2026-06-01,2026-06-01 10:45:30,V028,113.0,1.0007282936079693
2026-06-01,2026-06-01 10:45:31,V028,112.0,0.9995056693532189
2026-06-01,2026-06-01 10:45:32,V028,112.0,0.9991707293755607
2026-06-01,2026-06-01 10:45:33,V028,111.0,1.002613987644947
2026-06-01,2026-06-01 10:45:34,V028,111.0,1.0021590846977229
2026-06-01,2026-06-01 10:45:35,V028,111.0,1.0008259114097944
2026-06-01,2026-06-01 10:45:36,V028,110.0,1.00313079208693
2026-06-01,2026-06-01 10:45:37,V028,110.0,0.9996794013334412
2026-06-01,2026-06-01 10:45:38,V028,110.0,0.9977763066602487
2026-06-01,2026-06-01 10:45:39,V028,110.0,1.0002278635088875
2026-06-01,2026-06-01 10:45:40,V028,109.0,0.9977585099539893
2026-06-01,2026-06-01 10:45:41,V028,108.0,1.00078043115193
2026-06-01,2026-06-01 10:45:42,V028,108.0,1.0004077625068908
2026-06-01,2026-06-01 10:45:43,V028,108.0,1.0008275053504456
2026-06-01,2026-06-01 10:45:44,V028,108.0,1.0003989786164118
2026-06-01,2026-06-01 10:45:45,V028,108.0,1.0016045370040059
2026-06-01,2026-06-01 10:45:46,V028,108.0,1.0012199105491721
2026-06-01,2026-06-01 10:45:47,V028,108.0,1.000524273108351
2026-06-01,2026-06-01 10:45:48,V028,107.0,0.9943196045056897
2026-06-01,2026-06-01 10:45:49,V028,107.0,0.9988869097390982
2026-06-01,2026-06-01 10:45:50,V028,107.0,1.0014209776179046
2026-06-01,2026-06-01 10:45:51,V028,106.0,1.0012381492714737
2026-06-01,2026-06-01 10:45:52,V028,106.0,0.9981664575298145
2026-06-01,2026-06-01 10:45:53,V028,105.0,1.0030535463040269
2026-06-01,2026-06-01 10:45:54,V028,105.0,1.0041864540112424
2026-06-01,2026-06-01 10:45:55,V028,105.0,0.9968368911009973
2026-06-01,2026-06-01 10:45:56,V028,106.0,1.0061610666164775
2026-06-01,2026-06-01 10:45:57,V028,106.0,1.0050199011411964
2026-06-01,2026-06-01 10:45:58,V028,107.0,1.0013081806658828
2026-06-01,2026-06-01 10:45:59,V028,107.0,0.9960183962775153
2026-06-01,2026-06-01 10:46:00,V028,108.0,0.9999809178244202
2026-06-01,2026-06-01 10:46:01,V028,108.0,1.0063617455255358
2026-06-01,2026-06-01 10:46:02,V028,107.0,1.000704375436532
2026-06-01,2026-06-01 10:46:03,V028,107.0,1.000333652910068
2026-06-01,2026-06-01 10:46:04,V028,107.0,0.9999139307351365
2026-06-01,2026-06-01 10:46:05,V028,107.0,0.9991696316093371
2026-06-01,2026-06-01 10:46:06,V028,107.0,1.0024209239385324
2026-06-01,2026-06-01 10:46:07,V028,107.0,1.0008905133202715
2026-06-01,2026-06-01 10:46:08,V028,107.0,0.9998277014685262
2026-06-01,2026-06-01 10:46:09,V028,107.0,0.9992891128241819
2026-06-01,2026-06-01 10:46:10,V028,107.0,1.006078309287395
2026-06-01,2026-06-01 10:46:11,V028,107.0,1.0006017086804182
2026-06-01,2026-06-01 10:46:12,V028,107.0,1.0082512614070918
2026-06-01,2026-06-01 10:46:13,V028,108.0,1.0040432388807974
2026-06-01,2026-06-01 10:46:14,V028,108.0,1.0027839601614494
2026-06-01,2026-06-01 10:46:15,V028,109.0,1.0048456941105468
2026-06-01,2026-06-01 10:46:16,V028,110.0,1.0043347155899074
2026-06-01,2026-06-01 10:46:17,V028,112.0,0.9997960572676553
2026-06-01,2026-06-01 10:46:18,V028,113.0,1.0006811033646283
2026-06-01,2026-06-01 10:46:19,V028,114.0,1.0003005425498923
2026-06-01,2026-06-01 10:46:20,V028,115.0,0.9988508030089422
2026-06-01,2026-06-01 10:46:21,V028,116.0,1.0015185581657644
2026-06-01,2026-06-01 10:46:22,V028,116.0,1.0024479178064436
2026-06-01,2026-06-01 10:46:23,V028,116.0,1.000708151606779
2026-06-01,2026-06-01 10:46:24,V028,117.0,0.9971767402914055
2026-06-01,2026-06-01 10:46:25,V028,116.0,1.0018704002821917
2026-06-01,2026-06-01 10:46:26,V028,116.0,1.0034788527369944
2026-06-01,2026-06-01 10:46:27,V028,116.0,1.0036366247749857
2026-06-01,2026-06-01 10:46:28,V028,115.0,0.9989324541914665
2026-06-01,2026-06-01 10:46:29,V028,115.0,1.0098409797442751
2026-06-01,2026-06-01 10:46:30,V028,115.0,1.0018009719486234
2026-06-01,2026-06-01 10:46:31,V028,115.0,1.0038425979137948
2026-06-01,2026-06-01 10:46:32,V028,114.0,1.0053052799361475
2026-06-01,2026-06-01 10:46:33,V028,114.0,0.9998333524623668
2026-06-01,2026-06-01 10:46:34,V028,114.0,1.0008241336396304
2026-06-01,2026-06-01 10:46:35,V028,114.0,1.0082107231369462
2026-06-01,2026-06-01 10:46:36,V028,115.0,0.9956288580376899
2026-06-01,2026-06-01 10:46:37,V028,115.0,1.000332193366077
2026-06-01,2026-06-01 10:46:38,V028,115.0,1.0019981153824113
2026-06-01,2026-06-01 10:46:39,V028,115.0,0.998820859089028
2026-06-01,2026-06-01 10:46:40,V028,115.0,0.9992008030616598
2026-06-01,2026-06-01 10:46:41,V028,115.0,1.000017874012036
2026-06-01,2026-06-01 10:46:42,V028,115.0,0.9993763749211017
2026-06-01,2026-06-01 10:46:43,V028,115.0,0.9996501214565362
2026-06-01,2026-06-01 10:46:44,V028,115.0,0.9995760729979037
2026-06-01,2026-06-01 10:46:45,V028,114.0,1.0007338699425046
2026-06-01,2026-06-01 10:46:46,V028,114.0,1.1403305263597
2026-06-01,2026-06-01 10:46:47,V028,113.0,1.1434288591993065
2026-06-01,2026-06-01 10:46:48,V028,112.0,1.0234390563150777
2026-06-01,2026-06-01 10:46:49,V028,112.0,1.0174271319906034
2026-06-01,2026-06-01 10:46:50,V028,111.0,1.0027153610189756
2026-06-01,2026-06-01 10:46:51,V028,111.0,1.0010118999669784
2026-06-01,2026-06-01 10:46:52,V028,110.0,1.065614006150265
2026-06-01,2026-06-01 10:46:53,V028,110.0,0.9972857673683213
2026-06-01,2026-06-01 10:46:54,V028,110.0,0.9991853035914409
2026-06-01,2026-06-01 10:46:55,V028,109.0,0.9993892342904783
2026-06-01,2026-06-01 10:46:56,V028,109.0,1.0018586110169296
2026-06-01,2026-06-01 10:46:57,V028,108.0,0.9990219414449009
2026-06-01,2026-06-01 10:46:58,V028,108.0,0.9991569497875792
2026-06-01,2026-06-01 10:46:59,V028,107.0,0.9972977465782898
2026-06-01,2026-06-01 10:47:00,V028,106.0,1.0001005631367148
2026-06-01,2026-06-01 10:47:01,V028,105.0,0.9988843874787611
2026-06-01,2026-06-01 10:47:02,V028,103.0,0.9984030729539517
2026-06-01,2026-06-01 10:47:03,V028,102.0,0.9981997481425758
2026-06-01,2026-06-01 10:47:04,V028,102.0,0.9998307674243118
2026-06-01,2026-06-01 10:47:05,V028,102.0,1.0009988879465164
2026-06-01,2026-06-01 10:47:06,V028,101.0,1.0006426332946683
2026-06-01,2026-06-01 10:47:07,V028,101.0,0.9997414583752513
2026-06-01,2026-06-01 10:47:08,V028,101.0,1.0009509484367907
2026-06-01,2026-06-01 10:47:09,V028,101.0,1.0272281001435741
2026-06-01,2026-06-01 10:47:10,V028,101.0,0.9982421645998044
2026-06-01,2026-06-01 10:47:11,V028,101.0,0.9984398512793329
2026-06-01,2026-06-01 10:47:12,V028,101.0,0.9988371799049445
2026-06-01,2026-06-01 10:47:13,V028,100.0,0.999217529523266
2026-06-01,2026-06-01 10:47:14,V028,100.0,0.9997028912890867
2026-06-01,2026-06-01 10:47:15,V028,100.0,0.999660133385728
2026-06-01,2026-06-01 10:47:16,V028,100.0,0.9988118508654832
2026-06-01,2026-06-01 10:47:17,V028,101.0,1.0024941546383477
2026-06-01,2026-06-01 10:47:18,V028,101.0,0.9949352659739515
2026-06-01,2026-06-01 10:47:19,V028,102.0,0.9955340786602547
2026-06-01,2026-06-01 10:47:20,V028,102.0,0.9992950652726459
2026-06-01,2026-06-01 10:47:21,V028,102.0,0.9947499089857751
2026-06-01,2026-06-01 10:47:22,V028,102.0,0.9966923065101115
2026-06-01,2026-06-01 10:47:23,V028,102.0,0.9980413226097724
2026-06-01,2026-06-01 10:47:24,V028,101.0,0.9980478232020322
2026-06-01,2026-06-01 10:47:25,V028,101.0,0.9978776474169351
2026-06-01,2026-06-01 10:47:26,V028,101.0,0.997575715906463
2026-06-01,2026-06-01 10:47:27,V028,100.0,0.9997540098247482
2026-06-01,2026-06-01 10:47:28,V028,100.0,1.005725695876455
2026-06-01,2026-06-01 10:47:29,V028,100.0,0.9980788168199763
2026-06-01,2026-06-01 10:47:30,V028,100.0,0.9990202326062589
2026-06-01,2026-06-01 10:47:31,V028,101.0,0.9993032594830374
2026-06-01,2026-06-01 10:47:32,V028,101.0,0.9964571005958862
2026-06-01,2026-06-01 10:47:33,V028,101.0,0.9988486765727455
2026-06-01,2026-06-01 10:47:34,V028,102.0,1.0020993476312607
2026-06-01,2026-06-01 10:47:35,V028,101.0,1.0040128304186204
2026-06-01,2026-06-01 10:47:36,V028,101.0,0.9959372968149341
2026-06-01,2026-06-01 10:47:37,V028,100.0,1.0450126002608917
2026-06-01,2026-06-01 10:47:38,V028,100.0,0.9974867386048699
2026-06-01,2026-06-01 10:47:39,V028,100.0,0.9969977458731637
2026-06-01,2026-06-01 10:47:40,V028,100.0,1.0001517948166443
2026-06-01,2026-06-01 10:47:41,V028,101.0,0.9978137710035248
2026-06-01,2026-06-01 10:47:42,V028,101.0,0.9989176415914527
2026-06-01,2026-06-01 10:47:43,V028,101.0,1.0014984709290369
2026-06-01,2026-06-01 10:47:44,V028,101.0,1.0019491888032348
2026-06-01,2026-06-01 10:47:45,V028,101.0,0.9978637268264617
2026-06-01,2026-06-01 10:47:46,V028,100.0,1.0005775932065262
2026-06-01,2026-06-01 10:47:47,V028,101.0,1.0016029947646676
2026-06-01,2026-06-01 10:47:48,V028,101.0,0.9995221658647129
2026-06-01,2026-06-01 10:47:49,V028,102.0,1.0037818398210432
2026-06-01,2026-06-01 10:47:50,V028,103.0,0.9984497098430773
2026-06-01,2026-06-01 10:47:51,V028,103.0,1.007956632136652
2026-06-01,2026-06-01 10:47:52,V028,103.0,1.0013810761940156
2026-06-01,2026-06-01 10:47:53,V028,104.0,1.0017051207124945
2026-06-01,2026-06-01 10:47:54,V028,104.0,0.9968446540112731
2026-06-01,2026-06-01 10:47:55,V028,104.0,1.0008611636123934
2026-06-01,2026-06-01 10:47:56,V028,104.0,0.9995673161346383
2026-06-01,2026-06-01 10:47:57,V028,103.0,1.001151313550791
2026-06-01,2026-06-01 10:47:58,V028,103.0,0.9985976497630891
2026-06-01,2026-06-01 10:47:59,V028,102.0,0.9995343200224005
2026-06-01,2026-06-01 10:48:00,V028,101.0,1.0018864183699399
2026-06-01,2026-06-01 10:48:01,V028,100.0,0.9996080365789842
2026-06-01,2026-06-01 10:48:02,V028,99.0,0.9998115425080387
2026-06-01,2026-06-01 10:48:03,V028,99.0,1.0010665941142807
2026-06-01,2026-06-01 10:48:04,V028,99.0,0.9994480228145136
2026-06-01,2026-06-01 10:48:05,V028,99.0,0.9994926428850556
2026-06-01,2026-06-01 10:48:06,V028,99.0,1.0022799570460708
2026-06-01,2026-06-01 10:48:07,V028,99.0,1.002298316421675
2026-06-01,2026-06-01 10:48:08,V028,99.0,0.9968623797346826
2026-06-01,2026-06-01 10:48:09,V028,98.0,0.9978414429254416
2026-06-01,2026-06-01 10:48:10,V028,98.0,0.9966329529300697
2026-06-01,2026-06-01 10:48:11,V028,98.0,1.0016177213385107
2026-06-01,2026-06-01 10:48:12,V028,97.0,1.0005625421979398
2026-06-01,2026-06-01 10:48:13,V028,97.0,0.9991986065465459
2026-06-01,2026-06-01 10:48:14,V028,96.0,1.000082169660289
2026-06-01,2026-06-01 10:48:15,V028,95.0,0.9985028643516667
2026-06-01,2026-06-01 10:48:16,V028,95.0,1.0005068102930177
2026-06-01,2026-06-01 10:48:17,V028,94.0,1.0008379745575138
2026-06-01,2026-06-01 10:48:18,V028,94.0,0.9977999675091815
2026-06-01,2026-06-01 10:48:19,V028,93.0,1.0030986662555863
2026-06-01,2026-06-01 10:48:20,V028,93.0,0.9986474564063206
2026-06-01,2026-06-01 10:48:21,V028,92.0,0.9985841143106907
2026-06-01,2026-06-01 10:48:22,V028,92.0,1.0008566079039074
2026-06-01,2026-06-01 10:48:23,V028,92.0,0.9985209566380167
2026-06-01,2026-06-01 10:48:24,V028,92.0,1.0015310539707214
2026-06-01,2026-06-01 10:48:25,V028,92.0,0.9978204759047345
2026-06-01,2026-06-01 10:48:26,V028,92.0,1.0007371833169711
2026-06-01,2026-06-01 10:48:27,V028,92.0,0.9985219620470872
2026-06-01,2026-06-01 10:48:28,V028,92.0,1.0013182524443631
2026-06-01,2026-06-01 10:48:29,V028,92.0,1.0015853625939453
2026-06-01,2026-06-01 10:48:30,V028,92.0,1.0008900384718724
2026-06-01,2026-06-01 10:48:31,V028,93.0,1.0016502061657155
2026-06-01,2026-06-01 10:48:32,V028,93.0,0.9998009522992097
2026-06-01,2026-06-01 10:48:33,V028,93.0,0.9998710852058349
2026-06-01,2026-06-01 10:48:34,V028,93.0,0.9997765798980676
2026-06-01,2026-06-01 10:48:35,V028,93.0,1.0000313312984515
2026-06-01,2026-06-01 10:48:36,V028,93.0,1.0000322109684776
2026-06-01,2026-06-01 10:48:37,V028,93.0,0.9999670669748081
2026-06-01,2026-06-01 10:48:38,V028,93.0,1.000870270314103
2026-06-01,2026-06-01 10:48:39,V028,93.0,1.000193013986684
2026-06-01,2026-06-01 10:48:40,V028,92.0,1.0016045097980497
2026-06-01,2026-06-01 10:48:41,V028,92.0,0.997971737795401
2026-06-01,2026-06-01 10:48:42,V028,92.0,1.0013415258668943
2026-06-01,2026-06-01 10:48:43,V028,92.0,0.9994374672365498
2026-06-01,2026-06-01 10:48:44,V028,92.0,1.0013310497579235
2026-06-01,2026-06-01 10:48:45,V028,92.0,1.0006994248956589
2026-06-01,2026-06-01 10:48:46,V028,93.0,1.001302302483135
2026-06-01,2026-06-01 10:48:47,V028,93.0,0.9994703444290728
2026-06-01,2026-06-01 10:48:48,V028,93.0,1.0014681350644103
2026-06-01,2026-06-01 10:48:49,V028,93.0,0.9999811604603225
2026-06-01,2026-06-01 10:48:50,V028,93.0,0.999116025029519
2026-06-01,2026-06-01 10:48:51,V028,93.0,1.0000970258818669
2026-06-01,2026-06-01 10:48:52,V028,93.0,1.0002640542533516
2026-06-01,2026-06-01 10:48:53,V028,94.0,0.9995448688598816
2026-06-01,2026-06-01 10:48:54,V028,94.0,1.0001818972285224
2026-06-01,2026-06-01 10:48:55,V028,94.0,1.0012422308017839
2026-06-01,2026-06-01 10:48:56,V028,94.0,0.999331814306762
2026-06-01,2026-06-01 10:48:57,V028,93.0,1.002771793914916
2026-06-01,2026-06-01 10:48:58,V028,92.0,0.9998328075773946
2026-06-01,2026-06-01 10:48:59,V028,91.0,1.001126164853333
2026-06-01,2026-06-01 10:49:00,V028,90.0,0.9999798045257396
2026-06-01,2026-06-01 10:49:01,V028,90.0,0.9999485029763011
2026-06-01,2026-06-01 10:49:02,V028,91.0,0.9994253741169199
2026-06-01,2026-06-01 10:49:03,V028,91.0,1.000752260500419
2026-06-01,2026-06-01 10:49:04,V028,91.0,0.9992448764722464
2026-06-01,2026-06-01 10:49:05,V028,92.0,1.0005245618500287
2026-06-01,2026-06-01 10:49:06,V028,92.0,0.9999132482626883
2026-06-01,2026-06-01 10:49:07,V028,93.0,1.0006080115012557
2026-06-01,2026-06-01 10:49:08,V028,93.0,1.0015527860568383
2026-06-01,2026-06-01 10:49:09,V028,93.0,0.9991819938109522
2026-06-01,2026-06-01 10:49:10,V028,93.0,0.9993556063284185
2026-06-01,2026-06-01 10:49:11,V028,92.0,0.9999509391990266
2026-06-01,2026-06-01 10:49:12,V028,92.0,1.0005548285697612
2026-06-01,2026-06-01 10:49:13,V028,92.0,0.9995893619687145
2026-06-01,2026-06-01 10:49:14,V028,91.0,0.9982165237885979
2026-06-01,2026-06-01 10:49:15,V028,92.0,0.9983904184318572
2026-06-01,2026-06-01 10:49:16,V028,93.0,1.0006058154173356
2026-06-01,2026-06-01 10:49:17,V028,93.0,0.9980884168959746
2026-06-01,2026-06-01 10:49:18,V028,94.0,1.0004022866689044
2026-06-01,2026-06-01 10:49:19,V028,94.0,0.9997907418745319
2026-06-01,2026-06-01 10:49:20,V028,94.0,1.0001463669274029
2026-06-01,2026-06-01 10:49:21,V028,94.0,0.999473864947805
2026-06-01,2026-06-01 10:49:22,V028,94.0,0.9971270400255843
2026-06-01,2026-06-01 10:49:23,V028,94.0,0.9998653997639039
2026-06-01,2026-06-01 10:49:24,V028,93.0,0.9999461300660348
2026-06-01,2026-06-01 10:49:25,V028,94.0,1.000283384169355
2026-06-01,2026-06-01 10:49:26,V028,94.0,1.00029279917486
2026-06-01,2026-06-01 10:49:27,V028,94.0,1.0001255168894232
2026-06-01,2026-06-01 10:49:28,V028,94.0,0.9996776207003947
2026-06-01,2026-06-01 10:49:29,V028,94.0,1.002668565015178
2026-06-01,2026-06-01 10:49:30,V028,94.0,0.999483900665144
2026-06-01,2026-06-01 10:49:31,V028,94.0,1.0002289280870644
2026-06-01,2026-06-01 10:49:32,V028,94.0,1.0006244359373426
2026-06-01,2026-06-01 10:49:33,V028,94.0,0.99987039383614
2026-06-01,2026-06-01 10:49:34,V028,94.0,0.9989113433908581
2026-06-01,2026-06-01 10:49:35,V028,94.0,1.0000143561148083
2026-06-01,2026-06-01 10:49:36,V028,94.0,1.0007992067687987
2026-06-01,2026-06-01 10:49:37,V028,94.0,0.9990736269300042
2026-06-01,2026-06-01 10:49:38,V028,94.0,1.0009426020458925
2026-06-01,2026-06-01 10:49:39,V028,93.0,0.9983790670906376
2026-06-01,2026-06-01 10:49:40,V028,93.0,1.0005966806908406
2026-06-01,2026-06-01 10:49:41,V028,93.0,1.0017244243701449
2026-06-01,2026-06-01 10:49:42,V028,93.0,1.000979256742643
2026-06-01,2026-06-01 10:49:43,V028,93.0,0.9995590152010845
2026-06-01,2026-06-01 10:49:44,V028,93.0,1.0004280513798005
2026-06-01,2026-06-01 10:49:45,V028,93.0,0.9995177721701746
2026-06-01,2026-06-01 10:49:46,V028,93.0,1.0010745574283448
2026-06-01,2026-06-01 10:49:47,V028,93.0,0.9991680888552787
2026-06-01,2026-06-01 10:49:48,V028,94.0,1.001626858193481
2026-06-01,2026-06-01 10:49:49,V028,94.0,0.9990928523994039
2026-06-01,2026-06-01 10:49:50,V028,95.0,1.0000340426596628
2026-06-01,2026-06-01 10:49:51,V028,96.0,1.0001911299366772
2026-06-01,2026-06-01 10:49:52,V028,96.0,1.000420027987147
2026-06-01,2026-06-01 10:49:53,V028,96.0,0.9994305538055741
2026-06-01,2026-06-01 10:49:54,V028,96.0,1.0003165012004176
2026-06-01,2026-06-01 10:49:55,V028,95.0,0.999977822358547
2026-06-01,2026-06-01 10:49:56,V028,95.0,1.0002628043217343
2026-06-01,2026-06-01 10:49:57,V028,95.0,0.9985739104528635
2026-06-01,2026-06-01 10:49:58,V028,94.0,0.9985906312397183
2026-06-01,2026-06-01 10:49:59,V028,95.0,0.9994398636652689
2026-06-01,2026-06-01 10:50:00,V028,95.0,0.9989558555272969
2026-06-01,2026-06-01 10:50:01,V028,95.0,1.0008830687098482
2026-06-01,2026-06-01 10:50:02,V028,95.0,1.000762789438388
2026-06-01,2026-06-01 10:50:03,V028,95.0,1.0018170119861285
2026-06-01,2026-06-01 10:50:04,V028,95.0,0.9993246194180828
2026-06-01,2026-06-01 10:50:05,V028,95.0,1.0000301643110787
2026-06-01,2026-06-01 10:50:06,V028,96.0,0.9999344538299696
2026-06-01,2026-06-01 10:50:07,V028,95.0,1.0003691819924438
2026-06-01,2026-06-01 10:50:08,V028,95.0,0.999315686376954
2026-06-01,2026-06-01 10:50:09,V028,96.0,1.0013702453296862
2026-06-01,2026-06-01 10:50:10,V028,96.0,0.999425978061295
2026-06-01,2026-06-01 10:50:11,V028,96.0,0.9987269528926
2026-06-01,2026-06-01 10:50:12,V028,96.0,0.9998274520038014
2026-06-01,2026-06-01 10:50:13,V028,96.0,1.0011646207293288
2026-06-01,2026-06-01 10:50:14,V028,95.0,0.9990375645289336
2026-06-01,2026-06-01 10:50:15,V028,95.0,0.9996817485856744
2026-06-01,2026-06-01 10:50:16,V028,95.0,0.9998833290557395
2026-06-01,2026-06-01 10:50:17,V028,95.0,0.9991838683031036
2026-06-01,2026-06-01 10:50:18,V028,95.0,0.9996766633163
2026-06-01,2026-06-01 10:50:19,V028,95.0,1.0006056879037502
2026-06-01,2026-06-01 10:50:20,V028,95.0,0.9995642300427104
2026-06-01,2026-06-01 10:50:21,V028,95.0,1.0000374918832866
2026-06-01,2026-06-01 10:50:22,V028,95.0,1.0012124495345078
2026-06-01,2026-06-01 10:50:23,V028,95.0,0.9996306425695589
2026-06-01,2026-06-01 10:50:24,V028,96.0,1.0005473291429439
2026-06-01,2026-06-01 10:50:25,V028,96.0,0.9992914446722718
2026-06-01,2026-06-01 10:50:26,V028,96.0,0.9988992396519253
2026-06-01,2026-06-01 10:50:27,V028,96.0,0.9999677952743232
2026-06-01,2026-06-01 10:50:28,V028,95.0,1.0001136380728963
2026-06-01,2026-06-01 10:50:29,V028,95.0,0.9992626483780918
2026-06-01,2026-06-01 10:50:30,V028,95.0,0.9992846831073906
2026-06-01,2026-06-01 10:50:31,V028,95.0,1.0001304415138796
2026-06-01,2026-06-01 10:50:32,V028,95.0,0.9990528568966371
2026-06-01,2026-06-01 10:50:33,V028,95.0,0.9993996568592083
2026-06-01,2026-06-01 10:50:34,V028,94.0,0.9997341134044687
2026-06-01,2026-06-01 10:50:35,V028,94.0,1.0004528233123102
2026-06-01,2026-06-01 10:50:36,V028,94.0,1.0005200451106155
2026-06-01,2026-06-01 10:50:37,V028,94.0,1.0000063988056436
2026-06-01,2026-06-01 10:50:38,V028,93.0,1.000062272204258
2026-06-01,2026-06-01 10:50:39,V028,93.0,0.9997764573959096
2026-06-01,2026-06-01 10:50:40,V028,92.0,1.0004891251182129
2026-06-01,2026-06-01 10:50:41,V028,92.0,0.9996762284807266
2026-06-01,2026-06-01 10:50:42,V028,93.0,0.9997825737340695
2026-06-01,2026-06-01 10:50:43,V028,92.0,1.0001185368445147
2026-06-01,2026-06-01 10:50:44,V028,92.0,1.000814294303769
2026-06-01,2026-06-01 10:50:45,V028,92.0,1.0003520488376303
2026-06-01,2026-06-01 10:50:46,V028,92.0,0.9999427956123527
2026-06-01,2026-06-01 10:50:47,V028,91.0,1.0009568635986117
2026-06-01,2026-06-01 10:50:48,V028,91.0,1.0012632000546482
2026-06-01,2026-06-01 10:50:49,V028,90.0,0.9997676080552245
2026-06-01,2026-06-01 10:50:50,V028,90.0,1.0001502082936065
2026-06-01,2026-06-01 10:50:51,V028,89.0,1.0008774739089086
2026-06-01,2026-06-01 10:50:52,V028,89.0,0.999138781059114
2026-06-01,2026-06-01 10:50:53,V028,88.0,1.0020557666631866
2026-06-01,2026-06-01 10:50:54,V028,88.0,1.0031532931581433
2026-06-01,2026-06-01 10:50:55,V028,88.0,0.9997573077898922
2026-06-01,2026-06-01 10:50:56,V028,88.0,0.9993836083554072
2026-06-01,2026-06-01 10:50:57,V028,89.0,0.9997630749404264
2026-06-01,2026-06-01 10:50:58,V028,89.0,0.9993208018132335
2026-06-01,2026-06-01 10:50:59,V028,89.0,1.0002410239187594
2026-06-01,2026-06-01 10:51:00,V028,89.0,0.9994602902776497
2026-06-01,2026-06-01 10:51:01,V028,89.0,1.0005844518206473
2026-06-01,2026-06-01 10:51:02,V028,90.0,1.0000577122886622
2026-06-01,2026-06-01 10:51:03,V028,90.0,0.9999318651733935
2026-06-01,2026-06-01 10:51:04,V028,90.0,1.00065469287746
2026-06-01,2026-06-01 10:51:05,V028,90.0,1.0016087333119374
2026-06-01,2026-06-01 10:51:06,V028,90.0,0.9999204543164568
2026-06-01,2026-06-01 10:51:07,V028,90.0,1.0006549431288416
2026-06-01,2026-06-01 10:51:08,V028,91.0,0.9991146399211548
2026-06-01,2026-06-01 10:51:09,V028,91.0,1.001414678130779
2026-06-01,2026-06-01 10:51:10,V028,91.0,0.9983587935689938
2026-06-01,2026-06-01 10:51:11,V028,91.0,1.0001983118053634
2026-06-01,2026-06-01 10:51:12,V028,91.0,0.9998756162526675
2026-06-01,2026-06-01 10:51:13,V028,92.0,1.0015216789277708
2026-06-01,2026-06-01 10:51:14,V028,93.0,1.0008224659751521
2026-06-01,2026-06-01 10:51:15,V028,94.0,1.000021585135957
2026-06-01,2026-06-01 10:51:16,V028,95.0,0.9997774221781777
2026-06-01,2026-06-01 10:51:17,V028,96.0,1.0002063087743427
2026-06-01,2026-06-01 10:51:18,V028,96.0,1.000290008044695
2026-06-01,2026-06-01 10:51:19,V028,96.0,1.0001470736784281
2026-06-01,2026-06-01 10:51:20,V028,96.0,1.0007093222672658
2026-06-01,2026-06-01 10:51:21,V028,96.0,1.0001300927669083
2026-06-01,2026-06-01 10:51:22,V028,96.0,1.000196486819155
2026-06-01,2026-06-01 10:51:23,V028,96.0,0.9987209772406016
2026-06-01,2026-06-01 10:51:24,V028,96.0,1.0001860575978645
2026-06-01,2026-06-01 10:51:25,V028,96.0,0.9988585995072752
2026-06-01,2026-06-01 10:51:26,V028,97.0,1.0000812052167245
2026-06-01,2026-06-01 10:51:27,V028,97.0,1.0008117062978563
2026-06-01,2026-06-01 10:51:28,V028,97.0,0.999483624011158
2026-06-01,2026-06-01 10:51:29,V028,96.0,1.0004309597912042
2026-06-01,2026-06-01 10:51:30,V028,96.0,1.0000476808558905
2026-06-01,2026-06-01 10:51:31,V028,96.0,1.000443457319594
2026-06-01,2026-06-01 10:51:32,V028,96.0,0.9996518908179487
2026-06-01,2026-06-01 10:51:33,V028,96.0,0.9993074833143049
2026-06-01,2026-06-01 10:51:34,V028,97.0,0.9997229702213829
2026-06-01,2026-06-01 10:51:35,V028,97.0,1.0008652389011634
2026-06-01,2026-06-01 10:51:36,V028,97.0,1.0004766497228144
2026-06-01,2026-06-01 10:51:37,V028,97.0,0.9957700005980414
2026-06-01,2026-06-01 10:51:38,V028,97.0,1.000458982535194
2026-06-01,2026-06-01 10:51:39,V028,97.0,0.9997648506922587
2026-06-01,2026-06-01 10:51:40,V028,97.0,1.0009699874322495
2026-06-01,2026-06-01 10:51:41,V028,97.0,1.0001530633091669
2026-06-01,2026-06-01 10:51:42,V028,97.0,1.0002104361246398
2026-06-01,2026-06-01 10:51:43,V028,96.0,0.9995396386285518
2026-06-01,2026-06-01 10:51:44,V028,96.0,0.9991696586451706
2026-06-01,2026-06-01 10:51:45,V028,96.0,1.0011751810568315
2026-06-01,2026-06-01 10:51:46,V028,96.0,0.9990045142564681
2026-06-01,2026-06-01 10:51:47,V028,96.0,1.0022076463547809
2026-06-01,2026-06-01 10:51:48,V028,96.0,1.0013028026475195
2026-06-01,2026-06-01 10:51:49,V028,97.0,1.0035129871908106
2026-06-01,2026-06-01 10:51:50,V028,97.0,1.0015012659228062
2026-06-01,2026-06-01 10:51:51,V028,97.0,1.0034276124393275
2026-06-01,2026-06-01 10:51:52,V028,97.0,0.9915853308104221
2026-06-01,2026-06-01 10:51:53,V028,97.0,1.0096344739525802
2026-06-01,2026-06-01 10:51:54,V028,97.0,1.0037063436835567
2026-06-01,2026-06-01 10:51:55,V028,97.0,1.0019258233769766
2026-06-01,2026-06-01 10:51:56,V028,97.0,1.00047476781986
2026-06-01,2026-06-01 10:51:57,V028,98.0,1.0017713490901063
2026-06-01,2026-06-01 10:51:58,V028,98.0,0.999681611705833
2026-06-01,2026-06-01 10:51:59,V028,98.0,1.0008451400631035
2026-06-01,2026-06-01 10:52:00,V028,99.0,1.0014866274093313
2026-06-01,2026-06-01 10:52:01,V028,99.0,1.0007029871530975
2026-06-01,2026-06-01 10:52:02,V028,100.0,0.998556048613259
2026-06-01,2026-06-01 10:52:03,V028,100.0,1.0027970263135029
2026-06-01,2026-06-01 10:52:04,V028,101.0,0.9998120661363391
2026-06-01,2026-06-01 10:52:05,V028,101.0,0.9984076138297514
2026-06-01,2026-06-01 10:52:06,V028,101.0,1.0005567522117196
2026-06-01,2026-06-01 10:52:07,V028,101.0,1.0009834753152196
2026-06-01,2026-06-01 10:52:08,V028,101.0,0.9993562416041282
2026-06-01,2026-06-01 10:52:09,V028,101.0,0.9987820092022
2026-06-01,2026-06-01 10:52:10,V028,101.0,1.0001858749094614
2026-06-01,2026-06-01 10:52:11,V028,102.0,0.9998327780606987
2026-06-01,2026-06-01 10:52:12,V028,102.0,0.999645328711051
2026-06-01,2026-06-01 10:52:13,V028,102.0,0.9992615665876587
2026-06-01,2026-06-01 10:52:14,V028,103.0,1.001850629206693
2026-06-01,2026-06-01 10:52:15,V028,103.0,0.9992836487362532
2026-06-01,2026-06-01 10:52:16,V028,103.0,0.9972988676691974
2026-06-01,2026-06-01 10:52:17,V028,103.0,0.9996641392603445
2026-06-01,2026-06-01 10:52:18,V028,103.0,1.0035932223629769
2026-06-01,2026-06-01 10:52:19,V028,103.0,0.9982071941941935
2026-06-01,2026-06-01 10:52:20,V028,103.0,1.0011216426262053
2026-06-01,2026-06-01 10:52:21,V028,103.0,0.9992181216016387
2026-06-01,2026-06-01 10:52:22,V028,103.0,1.0020663217625245
2026-06-01,2026-06-01 10:52:23,V028,103.0,1.0049943558753989
2026-06-01,2026-06-01 10:52:24,V028,103.0,0.9992957439844024
2026-06-01,2026-06-01 10:52:25,V028,104.0,1.0013227684794548
2026-06-01,2026-06-01 10:52:26,V028,104.0,0.9969244543841497
2026-06-01,2026-06-01 10:52:27,V028,104.0,1.000648804173711
2026-06-01,2026-06-01 10:52:28,V028,105.0,0.9991672892188495
2026-06-01,2026-06-01 10:52:29,V028,106.0,1.0006934439199868
2026-06-01,2026-06-01 10:52:30,V028,107.0,1.0003613582372517
2026-06-01,2026-06-01 10:52:31,V028,107.0,0.9997031910990578
2026-06-01,2026-06-01 10:52:32,V028,108.0,1.0017836134912126
2026-06-01,2026-06-01 10:52:33,V028,108.0,0.9994001929068637
2026-06-01,2026-06-01 10:52:34,V028,108.0,1.002225392331148
2026-06-01,2026-06-01 10:52:35,V028,108.0,1.002014748735385
2026-06-01,2026-06-01 10:52:36,V028,108.0,1.002746831481046
2026-06-01,2026-06-01 10:52:37,V028,108.0,0.999848862760996
2026-06-01,2026-06-01 10:52:38,V028,108.0,0.9982993026133353
2026-06-01,2026-06-01 10:52:39,V028,108.0,0.9970448503523297
2026-06-01,2026-06-01 10:52:40,V028,108.0,0.9989403106765093
2026-06-01,2026-06-01 10:52:41,V028,108.0,0.9979325925462696
2026-06-01,2026-06-01 10:52:42,V028,108.0,0.9977322351019973
2026-06-01,2026-06-01 10:52:43,V028,108.0,1.0010607236514324
2026-06-01,2026-06-01 10:52:44,V028,107.0,1.0024827454751222
2026-06-01,2026-06-01 10:52:45,V028,107.0,1.0015299217081515
2026-06-01,2026-06-01 10:52:46,V028,107.0,1.0017338179994515
2026-06-01,2026-06-01 10:52:47,V028,107.0,1.001637623227217
2026-06-01,2026-06-01 10:52:48,V028,107.0,1.0023372753481676
2026-06-01,2026-06-01 10:52:49,V028,107.0,1.0009539142961268
2026-06-01,2026-06-01 10:52:50,V028,108.0,0.9988336395088593
2026-06-01,2026-06-01 10:52:51,V028,107.0,0.9976255766570925
2026-06-01,2026-06-01 10:52:52,V028,107.0,1.0002923382980575
2026-06-01,2026-06-01 10:52:53,V028,107.0,1.0010324927650116
2026-06-01,2026-06-01 10:52:54,V028,106.0,1.0001854163994262
2026-06-01,2026-06-01 10:52:55,V028,106.0,1.0009567142292755
2026-06-01,2026-06-01 10:52:56,V028,105.0,1.000478443584476
2026-06-01,2026-06-01 10:52:57,V028,105.0,1.0017300651934513
2026-06-01,2026-06-01 10:52:58,V028,105.0,0.9997937852062384
2026-06-01,2026-06-01 10:52:59,V028,105.0,1.0019581730972804
2026-06-01,2026-06-01 10:53:00,V028,104.0,0.9989977289264971
2026-06-01,2026-06-01 10:53:01,V028,104.0,1.0022768712637555
2026-06-01,2026-06-01 10:53:02,V028,104.0,1.0034636432717572
2026-06-01,2026-06-01 10:53:03,V028,104.0,0.9980540036464891
2026-06-01,2026-06-01 10:53:04,V028,103.0,1.0000282153534972
2026-06-01,2026-06-01 10:53:05,V028,103.0,0.9980937488867271
2026-06-01,2026-06-01 10:53:06,V028,103.0,1.0003808457369148
2026-06-01,2026-06-01 10:53:07,V028,103.0,0.9989590799307169
2026-06-01,2026-06-01 10:53:08,V028,102.0,1.0003740954415559
2026-06-01,2026-06-01 10:53:09,V028,103.0,0.9995111392675167
2026-06-01,2026-06-01 10:53:10,V028,103.0,0.9978205675829277
2026-06-01,2026-06-01 10:53:11,V028,103.0,0.9976121407074537
2026-06-01,2026-06-01 10:53:12,V028,103.0,0.998538523700247
2026-06-01,2026-06-01 10:53:13,V028,103.0,0.9980693296925436
2026-06-01,2026-06-01 10:53:14,V028,103.0,1.0010463762194433
2026-06-01,2026-06-01 10:53:15,V028,103.0,1.000473567693256
2026-06-01,2026-06-01 10:53:16,V028,103.0,1.0024571899868213
2026-06-01,2026-06-01 10:53:17,V028,102.0,1.000722192031654
2026-06-01,2026-06-01 10:53:18,V028,102.0,0.9993759594849467
2026-06-01,2026-06-01 10:53:19,V028,102.0,1.0022815842469992
2026-06-01,2026-06-01 10:53:20,V028,102.0,1.0001874543260927
2026-06-01,2026-06-01 10:53:21,V028,102.0,1.0021946529696897
2026-06-01,2026-06-01 10:53:22,V028,102.0,1.0006064990158126
2026-06-01,2026-06-01 10:53:23,V028,102.0,0.9999119547471778
2026-06-01,2026-06-01 10:53:24,V028,102.0,0.9993174020778277
2026-06-01,2026-06-01 10:53:25,V028,102.0,0.9984719780508263
2026-06-01,2026-06-01 10:53:26,V028,102.0,0.9993420245106173
2026-06-01,2026-06-01 10:53:27,V028,102.0,1.0006207234831013
2026-06-01,2026-06-01 10:53:28,V028,102.0,1.0024280846503009
2026-06-01,2026-06-01 10:53:29,V028,102.0,1.002027534790673
2026-06-01,2026-06-01 10:53:30,V028,102.0,1.001351036584807
2026-06-01,2026-06-01 10:53:31,V028,102.0,0.9989950414574459
2026-06-01,2026-06-01 10:53:32,V028,102.0,1.0006575899335624
2026-06-01,2026-06-01 10:53:33,V028,102.0,0.9991417822327964
2026-06-01,2026-06-01 10:53:34,V028,102.0,0.9982932824002996
2026-06-01,2026-06-01 10:53:35,V028,102.0,1.0016971845040468
2026-06-01,2026-06-01 10:53:36,V028,102.0,1.0007832348669532
2026-06-01,2026-06-01 10:53:37,V028,102.0,1.0007757431820714
2026-06-01,2026-06-01 10:53:38,V028,102.0,1.0022789216530907
2026-06-01,2026-06-01 10:53:39,V028,102.0,0.9994856642617793
2026-06-01,2026-06-01 10:53:40,V028,102.0,1.0002277540630475
2026-06-01,2026-06-01 10:53:41,V028,102.0,1.0020551592423186
2026-06-01,2026-06-01 10:53:42,V028,102.0,1.0006178208440555
2026-06-01,2026-06-01 10:53:43,V028,103.0,1.0015233982359792
2026-06-01,2026-06-01 10:53:44,V028,103.0,1.0023872305097943
2026-06-01,2026-06-01 10:53:45,V028,104.0,0.9993934553856917
2026-06-01,2026-06-01 10:53:46,V028,104.0,0.999570139813519
2026-06-01,2026-06-01 10:53:47,V028,105.0,1.0010443746195743
2026-06-01,2026-06-01 10:53:48,V028,105.0,0.9975845047965668
2026-06-01,2026-06-01 10:53:49,V028,104.0,1.0024872499283122
2026-06-01,2026-06-01 10:53:50,V028,103.0,0.9977138994410266
2026-06-01,2026-06-01 10:53:51,V028,103.0,0.9987581067020661
2026-06-01,2026-06-01 10:53:52,V028,102.0,1.002384903220364
2026-06-01,2026-06-01 10:53:53,V028,102.0,0.9961195481293624
2026-06-01,2026-06-01 10:53:54,V028,102.0,0.9976144327178649
2026-06-01,2026-06-01 10:53:55,V028,102.0,0.9995356073415999
2026-06-01,2026-06-01 10:53:56,V028,102.0,1.0011527327618226
2026-06-01,2026-06-01 10:53:57,V028,102.0,1.0004509793698257
2026-06-01,2026-06-01 10:53:58,V028,103.0,0.999817932535818
2026-06-01,2026-06-01 10:53:59,V028,103.0,1.0009722616991212
2026-06-01,2026-06-01 10:54:00,V028,102.0,1.0011566113854302
2026-06-01,2026-06-01 10:54:01,V028,103.0,1.0019616019162594
2026-06-01,2026-06-01 10:54:02,V028,103.0,1.0028995522590174
2026-06-01,2026-06-01 10:54:03,V028,104.0,1.0019127996817774
2026-06-01,2026-06-01 10:54:04,V028,104.0,1.0014890044894063
2026-06-01,2026-06-01 10:54:05,V028,104.0,1.0015025767270922
2026-06-01,2026-06-01 10:54:06,V028,105.0,0.9998088330440036
2026-06-01,2026-06-01 10:54:07,V028,105.0,0.9997574175781819
2026-06-01,2026-06-01 10:54:08,V028,104.0,1.002253974483826
2026-06-01,2026-06-01 10:54:09,V028,104.0,0.9978584465472694
2026-06-01,2026-06-01 10:54:10,V028,104.0,1.0009379222922385
2026-06-01,2026-06-01 10:54:11,V028,104.0,1.0007105853818805
2026-06-01,2026-06-01 10:54:12,V028,104.0,0.9992412884521704
2026-06-01,2026-06-01 10:54:13,V028,104.0,0.9998660977787934
2026-06-01,2026-06-01 10:54:14,V028,104.0,0.9997762218422575
2026-06-01,2026-06-01 10:54:15,V028,104.0,1.0006313947101766
2026-06-01,2026-06-01 10:54:16,V028,104.0,1.0003976315654155
2026-06-01,2026-06-01 10:54:17,V028,103.0,1.0012343677866329
2026-06-01,2026-06-01 10:54:18,V028,103.0,0.9981384055995595
2026-06-01,2026-06-01 10:54:19,V028,102.0,1.000754781327331
2026-06-01,2026-06-01 10:54:20,V028,100.0,1.0021184292462582
2026-06-01,2026-06-01 10:54:21,V028,99.0,1.0007505243085386
2026-06-01,2026-06-01 10:54:22,V028,99.0,0.9989490709637296
2026-06-01,2026-06-01 10:54:23,V028,99.0,0.9974890356870999
2026-06-01,2026-06-01 10:54:24,V028,99.0,1.000521014470133
2026-06-01,2026-06-01 10:54:25,V028,98.0,1.0003776080036113
2026-06-01,2026-06-01 10:54:26,V028,98.0,1.000580198748323
2026-06-01,2026-06-01 10:54:27,V028,97.0,1.0002805448731935
2026-06-01,2026-06-01 10:54:28,V028,97.0,1.002139301283594
2026-06-01,2026-06-01 10:54:29,V028,98.0,0.9998082823332188
2026-06-01,2026-06-01 10:54:30,V028,98.0,0.9981583126111274
2026-06-01,2026-06-01 10:54:31,V028,98.0,0.9998902189185975
2026-06-01,2026-06-01 10:54:32,V028,98.0,1.0007455006423456
2026-06-01,2026-06-01 10:54:33,V028,99.0,1.0011851001861518
2026-06-01,2026-06-01 10:54:34,V028,100.0,1.0007241922956045
2026-06-01,2026-06-01 10:54:35,V028,100.0,0.998890124717383
2026-06-01,2026-06-01 10:54:36,V028,101.0,1.0036237042560536
2026-06-01,2026-06-01 10:54:37,V028,102.0,0.9995604472495712
2026-06-01,2026-06-01 10:54:38,V028,103.0,0.9986444116839128
2026-06-01,2026-06-01 10:54:39,V028,104.0,0.9998824878070196
2026-06-01,2026-06-01 10:54:40,V028,104.0,0.999493725491264
2026-06-01,2026-06-01 10:54:41,V028,106.0,1.0005216242565456
2026-06-01,2026-06-01 10:54:42,V028,108.0,0.9986676868927358
2026-06-01,2026-06-01 10:54:43,V028,108.0,0.9994379999405973
2026-06-01,2026-06-01 10:54:44,V028,107.0,1.00026020173479
2026-06-01,2026-06-01 10:54:45,V028,107.0,1.0001588375495318
2026-06-01,2026-06-01 10:54:46,V028,106.0,0.9976084748794447
2026-06-01,2026-06-01 10:54:47,V028,106.0,1.0025403039298084
2026-06-01,2026-06-01 10:54:48,V028,106.0,1.0004733281233564
2026-06-01,2026-06-01 10:54:49,V028,107.0,1.0012065445076082
2026-06-01,2026-06-01 10:54:50,V028,107.0,0.9997460167611423
2026-06-01,2026-06-01 10:54:51,V028,108.0,0.998223843672118
2026-06-01,2026-06-01 10:54:52,V028,108.0,0.9997463035628256
2026-06-01,2026-06-01 10:54:53,V028,109.0,0.9937181777206363
2026-06-01,2026-06-01 10:54:54,V028,110.0,0.9986655127659153
2026-06-01,2026-06-01 10:54:55,V028,110.0,0.9998559651075885
2026-06-01,2026-06-01 10:54:56,V028,111.0,1.0018186868070944
2026-06-01,2026-06-01 10:54:57,V028,111.0,0.9990010926516066
2026-06-01,2026-06-01 10:54:58,V028,112.0,0.9983930854725154
2026-06-01,2026-06-01 10:54:59,V028,111.0,1.0009812947732109
2026-06-01,2026-06-01 10:55:00,V028,111.0,1.0026945973333714
2026-06-01,2026-06-01 10:55:01,V028,111.0,0.9997219015134096
2026-06-01,2026-06-01 10:55:02,V028,110.0,0.9965370919236561
2026-06-01,2026-06-01 10:55:03,V028,109.0,1.0008168170798437
2026-06-01,2026-06-01 10:55:04,V028,108.0,0.9924523923671563
2026-06-01,2026-06-01 10:55:05,V028,108.0,1.0010629580862176
2026-06-01,2026-06-01 10:55:06,V028,107.0,1.0016151774683104
2026-06-01,2026-06-01 10:55:07,V028,106.0,1.0131688948800885
2026-06-01,2026-06-01 10:55:08,V028,106.0,1.0028043930637736
2026-06-01,2026-06-01 10:55:09,V028,105.0,1.0044577378145134
2026-06-01,2026-06-01 10:55:10,V028,104.0,1.0016012861778756
2026-06-01,2026-06-01 10:55:11,V028,103.0,1.0007413794445597
2026-06-01,2026-06-01 10:55:12,V028,103.0,0.9966738996008131
2026-06-01,2026-06-01 10:55:13,V028,102.0,1.0009858996173797
2026-06-01,2026-06-01 10:55:14,V028,101.0,1.001386959236518
2026-06-01,2026-06-01 10:55:15,V028,102.0,1.002377638721634
2026-06-01,2026-06-01 10:55:16,V028,102.0,0.9959679494513299
2026-06-01,2026-06-01 10:55:17,V028,103.0,1.0006008339652483
2026-06-01,2026-06-01 10:55:18,V028,104.0,1.001043028027183
2026-06-01,2026-06-01 10:55:19,V028,104.0,0.9994783914769698
2026-06-01,2026-06-01 10:55:20,V028,106.0,1.0016882260971756
2026-06-01,2026-06-01 10:55:21,V028,106.0,0.9992413216367886
2026-06-01,2026-06-01 10:55:22,V028,106.0,1.0032504352273477
2026-06-01,2026-06-01 10:55:23,V028,105.0,0.9985503683683404
2026-06-01,2026-06-01 10:55:24,V028,104.0,1.0003553406836014
2026-06-01,2026-06-01 10:55:25,V028,105.0,1.001811066698583
2026-06-01,2026-06-01 10:55:26,V028,105.0,1.0001453910102371
2026-06-01,2026-06-01 10:55:27,V028,105.0,1.0005074664494888
2026-06-01,2026-06-01 10:55:28,V028,106.0,1.0005317112140204
2026-06-01,2026-06-01 10:55:29,V028,106.0,0.9997018001901412
2026-06-01,2026-06-01 10:55:30,V028,107.0,1.0007802246911974
2026-06-01,2026-06-01 10:55:31,V028,106.0,1.0025907978875563
2026-06-01,2026-06-01 10:55:32,V028,105.0,1.000053810916865
2026-06-01,2026-06-01 10:55:33,V028,105.0,1.0015494187324936
2026-06-01,2026-06-01 10:55:34,V028,104.0,0.9996722610300235
2026-06-01,2026-06-01 10:55:35,V028,105.0,0.9996660886271086
2026-06-01,2026-06-01 10:55:36,V028,105.0,0.9995500114517365
2026-06-01,2026-06-01 10:55:37,V028,106.0,1.00202285760525
2026-06-01,2026-06-01 10:55:38,V028,106.0,1.0022289306920822
2026-06-01,2026-06-01 10:55:39,V028,107.0,1.0012710795263438
2026-06-01,2026-06-01 10:55:40,V028,107.0,0.9986828838462479
2026-06-01,2026-06-01 10:55:41,V028,108.0,1.0006513661181458
2026-06-01,2026-06-01 10:55:42,V028,108.0,1.0002321248689898
2026-06-01,2026-06-01 10:55:43,V028,109.0,0.9987268530767722
2026-06-01,2026-06-01 10:55:44,V028,109.0,1.001467385680221
2026-06-01,2026-06-01 10:55:45,V028,109.0,0.9998966278178164
2026-06-01,2026-06-01 10:55:46,V028,109.0,1.000988017054154
2026-06-01,2026-06-01 10:55:47,V028,109.0,1.0024388455000388
2026-06-01,2026-06-01 10:55:48,V028,109.0,1.0048581555857632
2026-06-01,2026-06-01 10:55:49,V028,109.0,0.9990150172022836
2026-06-01,2026-06-01 10:55:50,V028,110.0,1.0001062526076332
2026-06-01,2026-06-01 10:55:51,V028,109.0,0.9954150484492913
2026-06-01,2026-06-01 10:55:52,V028,109.0,1.000380160146325
2026-06-01,2026-06-01 10:55:53,V028,109.0,1.0029803225206317
2026-06-01,2026-06-01 10:55:54,V028,109.0,1.000446024554048
2026-06-01,2026-06-01 10:55:55,V028,109.0,1.0031707429367183
2026-06-01,2026-06-01 10:55:56,V028,109.0,1.000770795297161
2026-06-01,2026-06-01 10:55:57,V028,109.0,1.0012528196685384
2026-06-01,2026-06-01 10:55:58,V028,109.0,1.0013309994908635
2026-06-01,2026-06-01 10:55:59,V028,108.0,0.9990769020770831
2026-06-01,2026-06-01 10:56:00,V028,108.0,1.0020475656779317
2026-06-01,2026-06-01 10:56:01,V028,108.0,1.002600710434967
2026-06-01,2026-06-01 10:56:02,V028,108.0,0.9993036021046259
2026-06-01,2026-06-01 10:56:03,V028,108.0,1.0004219112510677
2026-06-01,2026-06-01 10:56:04,V028,108.0,1.0006929202781047
2026-06-01,2026-06-01 10:56:05,V028,107.0,1.0018710540357045
2026-06-01,2026-06-01 10:56:06,V028,107.0,0.9993656206554709
2026-06-01,2026-06-01 10:56:07,V028,106.0,1.003726460551489
2026-06-01,2026-06-01 10:56:08,V028,106.0,1.0005996318499357
2026-06-01,2026-06-01 10:56:09,V028,106.0,0.9971824200005727
2026-06-01,2026-06-01 10:56:10,V028,105.0,0.996852076650908
2026-06-01,2026-06-01 10:56:11,V028,105.0,1.0028137957231893
2026-06-01,2026-06-01 10:56:12,V028,105.0,1.005477947724674
2026-06-01,2026-06-01 10:56:13,V028,105.0,0.9978119821603686
2026-06-01,2026-06-01 10:56:14,V028,105.0,1.003150175900658
2026-06-01,2026-06-01 10:56:15,V028,104.0,1.0005616180015058
2026-06-01,2026-06-01 10:56:16,V028,104.0,1.0029497394469309
2026-06-01,2026-06-01 10:56:17,V028,104.0,0.999471261625267
2026-06-01,2026-06-01 10:56:18,V028,104.0,0.9991060249664058
2026-06-01,2026-06-01 10:56:19,V028,104.0,0.9987804225256767
2026-06-01,2026-06-01 10:56:20,V028,105.0,1.0018607817933525
2026-06-01,2026-06-01 10:56:21,V028,105.0,1.00046578847011
2026-06-01,2026-06-01 10:56:22,V028,105.0,0.9987597000447975
2026-06-01,2026-06-01 10:56:23,V028,106.0,0.9993772669856126
2026-06-01,2026-06-01 10:56:24,V028,106.0,0.9992335395565066
2026-06-01,2026-06-01 10:56:25,V028,106.0,1.0004531228201006
2026-06-01,2026-06-01 10:56:26,V028,107.0,1.0007989958846022
2026-06-01,2026-06-01 10:56:27,V028,107.0,1.000130243535643
2026-06-01,2026-06-01 10:56:28,V028,107.0,0.9997708975214528
2026-06-01,2026-06-01 10:56:29,V028,107.0,1.0004977111955935
2026-06-01,2026-06-01 10:56:30,V028,107.0,1.0027833426942683
2026-06-01,2026-06-01 10:56:31,V028,108.0,1.0011056653837882
2026-06-01,2026-06-01 10:56:32,V028,108.0,0.9986871175071657
2026-06-01,2026-06-01 10:56:33,V028,108.0,1.0017143329305196
2026-06-01,2026-06-01 10:56:34,V028,108.0,0.9936141375650779
2026-06-01,2026-06-01 10:56:35,V028,108.0,1.0083209465628646
2026-06-01,2026-06-01 10:56:36,V028,108.0,1.0018411846368014
2026-06-01,2026-06-01 10:56:37,V028,108.0,1.001250470274767
2026-06-01,2026-06-01 10:56:38,V028,108.0,1.0024196341031484
2026-06-01,2026-06-01 10:56:39,V028,108.0,1.0015230449702663
2026-06-01,2026-06-01 10:56:40,V028,108.0,1.0029467813520199
2026-06-01,2026-06-01 10:56:41,V028,110.0,0.9988681665265864
2026-06-01,2026-06-01 10:56:42,V028,111.0,1.0001490284279155
2026-06-01,2026-06-01 10:56:43,V028,110.0,0.9988401343167885
2026-06-01,2026-06-01 10:56:44,V028,110.0,0.9980706473297479
2026-06-01,2026-06-01 10:56:45,V028,109.0,0.9984140965166216
2026-06-01,2026-06-01 10:56:46,V028,110.0,1.0001226832128889
2026-06-01,2026-06-01 10:56:47,V028,110.0,0.9996619132035753
2026-06-01,2026-06-01 10:56:48,V028,110.0,0.9992267493037853
2026-06-01,2026-06-01 10:56:49,V028,110.0,1.002673249033678
2026-06-01,2026-06-01 10:56:50,V028,110.0,1.0013281738196331
2026-06-01,2026-06-01 10:56:51,V028,110.0,1.0040075535905044
2026-06-01,2026-06-01 10:56:52,V028,110.0,1.0016070096043876
2026-06-01,2026-06-01 10:56:53,V028,110.0,1.0040367988325154
2026-06-01,2026-06-01 10:56:54,V028,110.0,1.0024705322313316
2026-06-01,2026-06-01 10:56:55,V028,110.0,0.9952039012880312
2026-06-01,2026-06-01 10:56:56,V028,109.0,0.999731625152823
2026-06-01,2026-06-01 10:56:57,V028,109.0,0.9995897612649948
2026-06-01,2026-06-01 10:56:58,V028,109.0,1.002017606975722
2026-06-01,2026-06-01 10:56:59,V028,109.0,1.003014632543472
2026-06-01,2026-06-01 10:57:00,V028,109.0,1.0015685263263883
2026-06-01,2026-06-01 10:57:01,V028,109.0,1.0054573523537638
2026-06-01,2026-06-01 10:57:02,V028,108.0,0.9984860246871317
2026-06-01,2026-06-01 10:57:03,V028,108.0,0.9972027181812646
2026-06-01,2026-06-01 10:57:04,V028,108.0,1.0029709158050015
2026-06-01,2026-06-01 10:57:05,V028,109.0,1.0047573564440666
2026-06-01,2026-06-01 10:57:06,V028,109.0,1.0027041205442075
2026-06-01,2026-06-01 10:57:07,V028,110.0,0.9991306972844209
2026-06-01,2026-06-01 10:57:08,V028,110.0,0.9998898554231288
2026-06-01,2026-06-01 10:57:09,V028,110.0,1.000665889391073
2026-06-01,2026-06-01 10:57:10,V028,110.0,1.001177076434949
2026-06-01,2026-06-01 10:57:11,V028,110.0,0.9999000233320703
2026-06-01,2026-06-01 10:57:12,V028,110.0,1.0008498336852785
2026-06-01,2026-06-01 10:57:13,V028,110.0,1.0009391888133987
2026-06-01,2026-06-01 10:57:14,V028,109.0,1.0021180542741268
2026-06-01,2026-06-01 10:57:15,V028,109.0,0.9976089689304581
2026-06-01,2026-06-01 10:57:16,V028,108.0,0.9988159753300077
2026-06-01,2026-06-01 10:57:17,V028,108.0,1.0009522215979427
2026-06-01,2026-06-01 10:57:18,V028,107.0,0.9994108148562643
2026-06-01,2026-06-01 10:57:19,V028,108.0,0.999882486870455
2026-06-01,2026-06-01 10:57:20,V028,108.0,0.9986296392513363
2026-06-01,2026-06-01 10:57:21,V028,108.0,1.0007804077395666
2026-06-01,2026-06-01 10:57:22,V028,109.0,0.9993872989337585
2026-06-01,2026-06-01 10:57:23,V028,108.0,1.0011521633580276
2026-06-01,2026-06-01 10:57:24,V028,108.0,0.9966608987906296
2026-06-01,2026-06-01 10:57:25,V028,107.0,0.9974436038586237
2026-06-01,2026-06-01 10:57:26,V028,107.0,0.9989347971060097
2026-06-01,2026-06-01 10:57:27,V028,106.0,1.000345346803292
2026-06-01,2026-06-01 10:57:28,V028,105.0,1.0016488398788717
2026-06-01,2026-06-01 10:57:29,V028,104.0,0.9996412872602232
2026-06-01,2026-06-01 10:57:30,V028,104.0,0.998834037069591
2026-06-01,2026-06-01 10:57:31,V028,104.0,0.9984364214765241
2026-06-01,2026-06-01 10:57:32,V028,104.0,0.9979661743510043
2026-06-01,2026-06-01 10:57:33,V028,105.0,1.0000558617398003
2026-06-01,2026-06-01 10:57:34,V028,105.0,1.000424451552928
2026-06-01,2026-06-01 10:57:35,V028,105.0,1.0023991499222313
2026-06-01,2026-06-01 10:57:36,V028,105.0,1.0015258263407787
2026-06-01,2026-06-01 10:57:37,V028,105.0,0.9992342128045626
2026-06-01,2026-06-01 10:57:38,V028,105.0,0.9984026739917743
2026-06-01,2026-06-01 10:57:39,V028,105.0,1.0033555369046323
2026-06-01,2026-06-01 10:57:40,V028,106.0,1.0012637441522385
2026-06-01,2026-06-01 10:57:41,V028,106.0,0.9989776097515948
2026-06-01,2026-06-01 10:57:42,V028,106.0,0.9984324487152597
2026-06-01,2026-06-01 10:57:43,V028,106.0,1.000614880538325
2026-06-01,2026-06-01 10:57:44,V028,105.0,0.9980630454193148
2026-06-01,2026-06-01 10:57:45,V028,105.0,1.0021515234070795
2026-06-01,2026-06-01 10:57:46,V028,106.0,1.0011169878135353
2026-06-01,2026-06-01 10:57:47,V028,106.0,1.0010736605845332
2026-06-01,2026-06-01 10:57:48,V028,106.0,1.0000768168944616
2026-06-01,2026-06-01 10:57:49,V028,106.0,1.0005246956573217
2026-06-01,2026-06-01 10:57:50,V028,106.0,0.999054625444156
2026-06-01,2026-06-01 10:57:51,V028,106.0,0.9938841627694737
2026-06-01,2026-06-01 10:57:52,V028,106.0,0.9992396344951174
2026-06-01,2026-06-01 10:57:53,V028,106.0,1.0010641369101672
2026-06-01,2026-06-01 10:57:54,V028,106.0,0.9982264663909806
2026-06-01,2026-06-01 10:57:55,V028,106.0,0.9991678705560779
2026-06-01,2026-06-01 10:57:56,V028,106.0,1.000547206417418
2026-06-01,2026-06-01 10:57:57,V028,106.0,0.9996991827653199
2026-06-01,2026-06-01 10:57:58,V028,106.0,0.998721934509687
2026-06-01,2026-06-01 10:57:59,V028,106.0,0.9961198336104192
2026-06-01,2026-06-01 10:58:00,V028,106.0,1.0165852499647772
2026-06-01,2026-06-01 10:58:01,V028,106.0,0.9949091163788519
2026-06-01,2026-06-01 10:58:02,V028,106.0,1.010185348393813
2026-06-01,2026-06-01 10:58:03,V028,107.0,1.0023736001814927
2026-06-01,2026-06-01 10:58:04,V028,107.0,0.9999874102463113
2026-06-01,2026-06-01 10:58:05,V028,107.0,1.00118746865416
2026-06-01,2026-06-01 10:58:06,V028,106.0,1.0004404092669934
2026-06-01,2026-06-01 10:58:07,V028,106.0,1.0021902568939447
2026-06-01,2026-06-01 10:58:08,V028,106.0,0.9953507957176052
2026-06-01,2026-06-01 10:58:09,V028,106.0,1.0030168912101443
2026-06-01,2026-06-01 10:58:10,V028,105.0,0.9984185764137266
2026-06-01,2026-06-01 10:58:11,V028,106.0,1.0009825342168341
2026-06-01,2026-06-01 10:58:12,V028,106.0,0.9992709837385845
2026-06-01,2026-06-01 10:58:13,V028,106.0,1.0001606959855236
2026-06-01,2026-06-01 10:58:14,V028,106.0,0.9997021095694983
2026-06-01,2026-06-01 10:58:15,V028,107.0,1.0002838726641552
2026-06-01,2026-06-01 10:58:16,V028,107.0,1.001910502306834
2026-06-01,2026-06-01 10:58:17,V028,107.0,1.0000772367912192
2026-06-01,2026-06-01 10:58:18,V028,107.0,0.9988409338354735
2026-06-01,2026-06-01 10:58:19,V028,107.0,1.0005836552920728
2026-06-01,2026-06-01 10:58:20,V028,107.0,1.0030816163403542
2026-06-01,2026-06-01 10:58:21,V028,108.0,1.0010128687857345
2026-06-01,2026-06-01 10:58:22,V028,108.0,1.003712799498088
2026-06-01,2026-06-01 10:58:23,V028,109.0,0.9989209910070327
2026-06-01,2026-06-01 10:58:24,V028,109.0,1.002204353082778
2026-06-01,2026-06-01 10:58:25,V028,110.0,1.0006037962067662
2026-06-01,2026-06-01 10:58:26,V028,110.0,0.9997237940059813
2026-06-01,2026-06-01 10:58:27,V028,111.0,1.0013317580452934
2026-06-01,2026-06-01 10:58:28,V028,111.0,1.0020695789652205
2026-06-01,2026-06-01 10:58:29,V028,111.0,1.0052322226192427
2026-06-01,2026-06-01 10:58:30,V028,111.0,0.998599484979414
2026-06-01,2026-06-01 10:58:31,V028,110.0,0.9995475141132626
2026-06-01,2026-06-01 10:58:32,V028,110.0,1.0015929192873774
2026-06-01,2026-06-01 10:58:33,V028,110.0,0.9996928187384496
2026-06-01,2026-06-01 10:58:34,V028,110.0,1.0003109178047245
2026-06-01,2026-06-01 10:58:35,V028,110.0,1.0019060123133736
2026-06-01,2026-06-01 10:58:36,V028,109.0,0.9997462889745102
2026-06-01,2026-06-01 10:58:37,V028,109.0,1.000358570678636
2026-06-01,2026-06-01 10:58:38,V028,108.0,1.0051636277236673
2026-06-01,2026-06-01 10:58:39,V028,108.0,1.000570074207848
2026-06-01,2026-06-01 10:58:40,V028,108.0,0.9973600134565108
2026-06-01,2026-06-01 10:58:41,V028,107.0,0.9977204586008276
2026-06-01,2026-06-01 10:58:42,V028,107.0,1.0019483322398417
2026-06-01,2026-06-01 10:58:43,V028,106.0,1.0023710062554354
2026-06-01,2026-06-01 10:58:44,V028,106.0,1.0006705851525441
2026-06-01,2026-06-01 10:58:45,V028,105.0,0.9988648719988571
2026-06-01,2026-06-01 10:58:46,V028,105.0,1.0000087893109064
2026-06-01,2026-06-01 10:58:47,V028,105.0,1.0010206919420548
2026-06-01,2026-06-01 10:58:48,V028,105.0,1.0031073166604179
2026-06-01,2026-06-01 10:58:49,V028,105.0,1.0020995134890929
2026-06-01,2026-06-01 10:58:50,V028,105.0,0.9999441827713057
2026-06-01,2026-06-01 10:58:51,V028,104.0,0.9990394298947944
2026-06-01,2026-06-01 10:58:52,V028,105.0,0.999236076730336
2026-06-01,2026-06-01 10:58:53,V028,105.0,0.9987449174162785
2026-06-01,2026-06-01 10:58:54,V028,105.0,0.9991740040802087
2026-06-01,2026-06-01 10:58:55,V028,105.0,0.9988677551115855
2026-06-01,2026-06-01 10:58:56,V028,105.0,1.000287116539616
2026-06-01,2026-06-01 10:58:57,V028,105.0,0.9982638321110753
2026-06-01,2026-06-01 10:58:58,V028,105.0,1.00503994494923
2026-06-01,2026-06-01 10:58:59,V028,105.0,1.0004831872820101
2026-06-01,2026-06-01 10:59:00,V028,105.0,0.9999049350806861
2026-06-01,2026-06-01 10:59:01,V028,105.0,1.0028752267201528
2026-06-01,2026-06-01 10:59:02,V028,105.0,1.0000228759776049
2026-06-01,2026-06-01 10:59:03,V028,104.0,0.9985639062298967
2026-06-01,2026-06-01 10:59:04,V028,104.0,0.9979620835038991
2026-06-01,2026-06-01 10:59:05,V028,104.0,0.9991615138444602
2026-06-01,2026-06-01 10:59:06,V028,104.0,1.0028300129757275
2026-06-01,2026-06-01 10:59:07,V028,104.0,1.0013078148602192
2026-06-01,2026-06-01 10:59:08,V028,105.0,0.9996371008441295
2026-06-01,2026-06-01 10:59:09,V028,105.0,0.9992776839733386
2026-06-01,2026-06-01 10:59:10,V028,105.0,1.0008152756503317
2026-06-01,2026-06-01 10:59:11,V028,106.0,1.000654940890896
2026-06-01,2026-06-01 10:59:12,V028,105.0,1.0005994118152846
2026-06-01,2026-06-01 10:59:13,V028,105.0,1.0000398990310002
2026-06-01,2026-06-01 10:59:14,V028,105.0,0.9989148681739285
2026-06-01,2026-06-01 10:59:15,V028,105.0,1.0025248556947626
2026-06-01,2026-06-01 10:59:16,V028,105.0,0.9993784305487204
2026-06-01,2026-06-01 10:59:17,V028,104.0,0.9983190550540477
2026-06-01,2026-06-01 10:59:18,V028,104.0,0.9966102122157674
2026-06-01,2026-06-01 10:59:19,V028,104.0,0.9978158330119354
2026-06-01,2026-06-01 10:59:20,V028,103.0,1.0022084942311569
2026-06-01,2026-06-01 10:59:21,V028,103.0,0.9989249725006203
2026-06-01,2026-06-01 10:59:22,V028,102.0,0.9997850504061362
2026-06-01,2026-06-01 10:59:23,V028,103.0,1.0002204911873598
2026-06-01,2026-06-01 10:59:24,V028,104.0,1.0026917740170012
2026-06-01,2026-06-01 10:59:25,V028,105.0,0.9985794889143477
2026-06-01,2026-06-01 10:59:26,V028,105.0,1.0019410132425157
2026-06-01,2026-06-01 10:59:27,V028,106.0,0.9999110850952331
2026-06-01,2026-06-01 10:59:28,V028,107.0,1.000859124135201
2026-06-01,2026-06-01 10:59:29,V028,107.0,1.0004420944689352
2026-06-01,2026-06-01 10:59:30,V028,107.0,0.9980398140010444
2026-06-01,2026-06-01 10:59:31,V028,106.0,1.00024519405816
2026-06-01,2026-06-01 10:59:32,V028,106.0,0.9988898636498187
2026-06-01,2026-06-01 10:59:33,V028,106.0,1.0005121772935015
2026-06-01,2026-06-01 10:59:34,V028,106.0,0.9976965793388958
2026-06-01,2026-06-01 10:59:35,V028,106.0,1.000000352726695
2026-06-01,2026-06-01 10:59:36,V028,106.0,0.9985768341736765
2026-06-01,2026-06-01 10:59:37,V028,106.0,0.9990978199461361
2026-06-01,2026-06-01 10:59:38,V028,106.0,0.9982106110270302
2026-06-01,2026-06-01 10:59:39,V028,106.0,0.9997187017448758
2026-06-01,2026-06-01 10:59:40,V028,106.0,1.0040311170533953
2026-06-01,2026-06-01 10:59:41,V028,106.0,1.0083909665337802
2026-06-01,2026-06-01 10:59:42,V028,106.0,0.9996870942731285
2026-06-01,2026-06-01 10:59:43,V028,107.0,0.9987261316585587
2026-06-01,2026-06-01 10:59:44,V028,107.0,0.9987152205203006
2026-06-01,2026-06-01 10:59:45,V028,107.0,0.9987783091121282
2026-06-01,2026-06-01 10:59:46,V028,106.0,1.000657907975416
2026-06-01,2026-06-01 10:59:47,V028,106.0,0.9995157332798001
2026-06-01,2026-06-01 10:59:48,V028,106.0,0.9991448282166084
2026-06-01,2026-06-01 10:59:49,V028,107.0,0.9988187411951952
2026-06-01,2026-06-01 10:59:50,V028,107.0,1.0001467064823988
2026-06-01,2026-06-01 10:59:51,V028,107.0,0.9959889476775301
2026-06-01,2026-06-01 10:59:52,V028,108.0,0.9992475298664566
2026-06-01,2026-06-01 10:59:53,V028,108.0,1.0048058724622912
2026-06-01,2026-06-01 10:59:54,V028,108.0,1.0029802731885435
2026-06-01,2026-06-01 10:59:55,V028,108.0,0.9985086488758276
2026-06-01,2026-06-01 10:59:56,V028,107.0,1.0012456252606132
2026-06-01,2026-06-01 10:59:57,V028,107.0,0.9997424882284929
2026-06-01,2026-06-01 10:59:58,V028,106.0,1.0000763410884785
2026-06-01,2026-06-01 10:59:59,V028,106.0,1.0017186836604712
2026-06-01,2026-06-01 11:00:00,V028,105.0,0.9991546814709078
2026-06-01,2026-06-01 11:00:01,V028,106.0,0.9969070341834037
2026-06-01,2026-06-01 11:00:02,V028,106.0,1.000641606934614
2026-06-01,2026-06-01 11:00:03,V028,106.0,0.9989878451922951
2026-06-01,2026-06-01 11:00:04,V028,106.0,1.0001303462508975
2026-06-01,2026-06-01 11:00:05,V028,106.0,1.0021340282866713
2026-06-01,2026-06-01 11:00:06,V028,105.0,0.997884702115744
2026-06-01,2026-06-01 11:00:07,V028,105.0,0.9986895379804975
2026-06-01,2026-06-01 11:00:08,V028,105.0,0.9975800020755784
2026-06-01,2026-06-01 11:00:09,V028,105.0,0.9988105997259256
2026-06-01,2026-06-01 11:00:10,V028,105.0,1.0002001526216941
2026-06-01,2026-06-01 11:00:11,V028,105.0,0.9984269076425775
2026-06-01,2026-06-01 11:00:12,V028,105.0,0.9980854884128234
2026-06-01,2026-06-01 11:00:13,V028,105.0,0.998651281900478
2026-06-01,2026-06-01 11:00:14,V028,105.0,1.0032729257011452
2026-06-01,2026-06-01 11:00:15,V028,105.0,0.9991836972588706
2026-06-01,2026-06-01 11:00:16,V028,105.0,1.001252235987476
2026-06-01,2026-06-01 11:00:17,V028,105.0,1.0045990826418487
2026-06-01,2026-06-01 11:00:18,V028,104.0,0.999617156344655
2026-06-01,2026-06-01 11:00:19,V028,105.0,0.9920076582122591
2026-06-01,2026-06-01 11:00:20,V028,105.0,1.0009366557408552
2026-06-01,2026-06-01 11:00:21,V028,105.0,1.0017201787788053
2026-06-01,2026-06-01 11:00:22,V028,105.0,0.9991962810010311
2026-06-01,2026-06-01 11:00:23,V028,105.0,0.9967954549493494
2026-06-01,2026-06-01 11:00:24,V028,106.0,1.0021837440177794
2026-06-01,2026-06-01 11:00:25,V028,105.0,0.99648880133754
2026-06-01,2026-06-01 11:00:26,V028,104.0,0.9967802713299684
2026-06-01,2026-06-01 11:00:27,V028,104.0,1.0004646491929328
2026-06-01,2026-06-01 11:00:28,V028,103.0,1.0000670224321424
2026-06-01,2026-06-01 11:00:29,V028,103.0,0.9977984087841096
2026-06-01,2026-06-01 11:00:30,V028,102.0,0.999075740021541
2026-06-01,2026-06-01 11:00:31,V028,102.0,0.999455160222284
2026-06-01,2026-06-01 11:00:32,V028,102.0,1.0011027925488367
2026-06-01,2026-06-01 11:00:33,V028,102.0,1.0008056299931594
2026-06-01,2026-06-01 11:00:34,V028,102.0,1.004728404614417
2026-06-01,2026-06-01 11:00:35,V028,102.0,0.9998708714091201
2026-06-01,2026-06-01 11:00:36,V028,102.0,0.9989673419100591
2026-06-01,2026-06-01 11:00:37,V028,102.0,1.0014083585665459
2026-06-01,2026-06-01 11:00:38,V028,101.0,1.001013697825784
2026-06-01,2026-06-01 11:00:39,V028,101.0,0.9959405764494526
2026-06-01,2026-06-01 11:00:40,V028,101.0,0.9970769132807389
2026-06-01,2026-06-01 11:00:41,V028,100.0,1.0014479816013453
2026-06-01,2026-06-01 11:00:42,V028,100.0,0.9985857954058609
2026-06-01,2026-06-01 11:00:43,V028,99.0,0.9999614855166807
2026-06-01,2026-06-01 11:00:44,V028,98.0,1.000282415801895
2026-06-01,2026-06-01 11:00:45,V028,98.0,1.0003062328356047
2026-06-01,2026-06-01 11:00:46,V028,99.0,0.9999487158540752
2026-06-01,2026-06-01 11:00:47,V028,99.0,0.9988710510374227
2026-06-01,2026-06-01 11:00:48,V028,99.0,0.9975246520908055
2026-06-01,2026-06-01 11:00:49,V028,98.0,1.001348257449282
2026-06-01,2026-06-01 11:00:50,V028,98.0,1.002653335006253
2026-06-01,2026-06-01 11:00:51,V028,98.0,1.001027730173154
2026-06-01,2026-06-01 11:00:52,V028,98.0,1.0025884724862337
2026-06-01,2026-06-01 11:00:53,V028,98.0,1.00097856814994
2026-06-01,2026-06-01 11:00:54,V028,97.0,1.00071690511063
2026-06-01,2026-06-01 11:00:55,V028,97.0,1.0000002284574143
2026-06-01,2026-06-01 11:00:56,V028,97.0,0.9983013218912684
2026-06-01,2026-06-01 11:00:57,V028,97.0,0.9996736418301807
2026-06-01,2026-06-01 11:00:58,V028,97.0,1.0011788228426999
2026-06-01,2026-06-01 11:00:59,V028,96.0,0.9990181975883383
2026-06-01,2026-06-01 11:01:00,V028,96.0,0.9983614571672694
2026-06-01,2026-06-01 11:01:01,V028,96.0,1.0033636860689361
2026-06-01,2026-06-01 11:01:02,V028,95.0,1.0015831381971025
2026-06-01,2026-06-01 11:01:03,V028,95.0,1.0005870302022781
2026-06-01,2026-06-01 11:01:04,V028,95.0,1.0031364935285538
2026-06-01,2026-06-01 11:01:05,V028,95.0,0.9993411318196899
2026-06-01,2026-06-01 11:01:06,V028,95.0,1.0017965212350757
2026-06-01,2026-06-01 11:01:07,V028,95.0,1.004016912248741
2026-06-01,2026-06-01 11:01:08,V028,95.0,0.9987010151291024
2026-06-01,2026-06-01 11:01:09,V028,95.0,1.0001364838610882
2026-06-01,2026-06-01 11:01:10,V028,96.0,0.9977217520640755
2026-06-01,2026-06-01 11:01:11,V028,95.0,0.9975982090817401
2026-06-01,2026-06-01 11:01:12,V028,95.0,0.9965622801290732
2026-06-01,2026-06-01 11:01:13,V028,95.0,0.9983832870549464
2026-06-01,2026-06-01 11:01:14,V028,94.0,1.001613976712838
2026-06-01,2026-06-01 11:01:15,V028,93.0,1.0004954795385992
2026-06-01,2026-06-01 11:01:16,V028,92.0,0.9997898930019589
2026-06-01,2026-06-01 11:01:17,V028,93.0,1.0015789330108167
2026-06-01,2026-06-01 11:01:18,V028,93.0,0.9997223197035007
2026-06-01,2026-06-01 11:01:19,V028,93.0,0.9992880235866664
2026-06-01,2026-06-01 11:01:20,V028,94.0,0.9972731613592355
2026-06-01,2026-06-01 11:01:21,V028,94.0,0.9976995569713599
2026-06-01,2026-06-01 11:01:22,V028,94.0,0.9994546960008585
2026-06-01,2026-06-01 11:01:23,V028,94.0,1.0011574852188698
2026-06-01,2026-06-01 11:01:24,V028,94.0,0.9975309781454368
2026-06-01,2026-06-01 11:01:25,V028,94.0,1.0007520541734605
2026-06-01,2026-06-01 11:01:26,V028,94.0,0.9939569642645766
2026-06-01,2026-06-01 11:01:27,V028,94.0,0.999557630064112
2026-06-01,2026-06-01 11:01:28,V028,94.0,0.9989793319059113
2026-06-01,2026-06-01 11:01:29,V028,94.0,0.9987254588971736
2026-06-01,2026-06-01 11:01:30,V028,94.0,0.9936341357788071
2026-06-01,2026-06-01 11:01:31,V028,94.0,0.9989087944032167
2026-06-01,2026-06-01 11:01:32,V028,94.0,1.0018234135037003
2026-06-01,2026-06-01 11:01:33,V028,94.0,1.000896968322281
2026-06-01,2026-06-01 11:01:34,V028,94.0,0.99734914585086
2026-06-01,2026-06-01 11:01:35,V028,94.0,1.0000527573344524
2026-06-01,2026-06-01 11:01:36,V028,94.0,1.0021751662069665
2026-06-01,2026-06-01 11:01:37,V028,94.0,1.0000973083208125
2026-06-01,2026-06-01 11:01:38,V028,93.0,0.9970334838263537
2026-06-01,2026-06-01 11:01:39,V028,93.0,0.9974498032139659
2026-06-01,2026-06-01 11:01:40,V028,93.0,0.9987970435198437
2026-06-01,2026-06-01 11:01:41,V028,93.0,0.9971262714359772
2026-06-01,2026-06-01 11:01:42,V028,93.0,1.002865569893566
2026-06-01,2026-06-01 11:01:43,V028,94.0,0.9985949939310964
2026-06-01,2026-06-01 11:01:44,V028,94.0,0.9988611863881777
2026-06-01,2026-06-01 11:01:45,V028,95.0,0.9986683317187576
2026-06-01,2026-06-01 11:01:46,V028,95.0,1.001031404840285
2026-06-01,2026-06-01 11:01:47,V028,96.0,0.9968614927996573
2026-06-01,2026-06-01 11:01:48,V028,97.0,0.99607451616238
2026-06-01,2026-06-01 11:01:49,V028,96.0,0.9991935533824509
2026-06-01,2026-06-01 11:01:50,V028,96.0,0.9998381890044401
2026-06-01,2026-06-01 11:01:51,V028,95.0,1.0020798910076074
2026-06-01,2026-06-01 11:01:52,V028,95.0,1.0004808314078393
2026-06-01,2026-06-01 11:01:53,V028,95.0,0.9972697996472691
2026-06-01,2026-06-01 11:01:54,V028,94.0,0.9999911053516323
2026-06-01,2026-06-01 11:01:55,V028,94.0,1.0014260495726168
2026-06-01,2026-06-01 11:01:56,V028,94.0,0.9917166735422832
2026-06-01,2026-06-01 11:01:57,V028,94.0,0.9999142762233673
2026-06-01,2026-06-01 11:01:58,V028,95.0,0.9995418367927802
2026-06-01,2026-06-01 11:01:59,V028,95.0,0.9991115152743256
2026-06-01,2026-06-01 11:02:00,V028,95.0,0.99906970794734
2026-06-01,2026-06-01 11:02:01,V028,95.0,0.9962362460113277
2026-06-01,2026-06-01 11:02:02,V028,96.0,1.0024091113546023
2026-06-01,2026-06-01 11:02:03,V028,96.0,1.0021869889731645
2026-06-01,2026-06-01 11:02:04,V028,96.0,0.9996903188204621
2026-06-01,2026-06-01 11:02:05,V028,95.0,0.999625990886939
2026-06-01,2026-06-01 11:02:06,V028,95.0,1.0036153427239836
2026-06-01,2026-06-01 11:02:07,V028,95.0,0.9973842927768636
2026-06-01,2026-06-01 11:02:08,V028,94.0,0.9977168137343595
2026-06-01,2026-06-01 11:02:09,V028,95.0,0.996417643127997
2026-06-01,2026-06-01 11:02:10,V028,95.0,0.9984493707795736
2026-06-01,2026-06-01 11:02:11,V028,95.0,1.0019686199672466
2026-06-01,2026-06-01 11:02:12,V028,94.0,0.9991037340156416
2026-06-01,2026-06-01 11:02:13,V028,94.0,1.0011254611327252
2026-06-01,2026-06-01 11:02:14,V028,94.0,1.0001340878975347
2026-06-01,2026-06-01 11:02:15,V028,93.0,0.9994616466236316
2026-06-01,2026-06-01 11:02:16,V028,93.0,0.9982281741897812
2026-06-01,2026-06-01 11:02:17,V028,92.0,1.0019155957088732
2026-06-01,2026-06-01 11:02:18,V028,92.0,0.9966106191469981
2026-06-01,2026-06-01 11:02:19,V028,91.0,1.0005366957947301
2026-06-01,2026-06-01 11:02:20,V028,91.0,1.0001634101877395
2026-06-01,2026-06-01 11:02:21,V028,91.0,1.001016299888685
2026-06-01,2026-06-01 11:02:22,V028,91.0,0.999981251208581
2026-06-01,2026-06-01 11:02:23,V028,91.0,1.001257321548419
2026-06-01,2026-06-01 11:02:24,V028,91.0,1.001188616331213
2026-06-01,2026-06-01 11:02:25,V028,91.0,1.0030512902067013
2026-06-01,2026-06-01 11:02:26,V028,91.0,1.001124025898767
2026-06-01,2026-06-01 11:02:27,V028,92.0,1.000130049182433
2026-06-01,2026-06-01 11:02:28,V028,92.0,0.9988302359620645
2026-06-01,2026-06-01 11:02:29,V028,93.0,0.997094160054751
2026-06-01,2026-06-01 11:02:30,V028,94.0,0.9991539455200721
2026-06-01,2026-06-01 11:02:31,V028,96.0,0.9978754271370506
2026-06-01,2026-06-01 11:02:32,V028,97.0,0.9994009530280006
2026-06-01,2026-06-01 11:02:33,V028,98.0,1.0007287458909042
2026-06-01,2026-06-01 11:02:34,V028,98.0,1.0014327136113597
2026-06-01,2026-06-01 11:02:35,V028,99.0,0.9965044685064847
2026-06-01,2026-06-01 11:02:36,V028,99.0,1.0004413048801246
2026-06-01,2026-06-01 11:02:37,V028,99.0,0.9987201061443809
2026-06-01,2026-06-01 11:02:38,V028,99.0,0.9975475989140314
2026-06-01,2026-06-01 11:02:39,V028,99.0,0.9980019215723414
2026-06-01,2026-06-01 11:02:40,V028,99.0,0.9976656680454827
2026-06-01,2026-06-01 11:02:41,V028,99.0,0.9996921383519107
2026-06-01,2026-06-01 11:02:42,V028,99.0,1.0022334001886766
2026-06-01,2026-06-01 11:02:43,V028,99.0,0.9993696722582012
2026-06-01,2026-06-01 11:02:44,V028,99.0,0.9973600429505588
2026-06-01,2026-06-01 11:02:45,V028,98.0,0.9966131240245255
2026-06-01,2026-06-01 11:02:46,V028,97.0,0.9989213341379216
2026-06-01,2026-06-01 11:02:47,V028,97.0,1.0015736053230873
2026-06-01,2026-06-01 11:02:48,V028,96.0,0.996466612879571
2026-06-01,2026-06-01 11:02:49,V028,96.0,0.9983552006538726
2026-06-01,2026-06-01 11:02:50,V028,96.0,0.9984776580140526
2026-06-01,2026-06-01 11:02:51,V028,96.0,0.9975716509143525
2026-06-01,2026-06-01 11:02:52,V028,96.0,0.9999187718724206
2026-06-01,2026-06-01 11:02:53,V028,96.0,0.9987744434443336
2026-06-01,2026-06-01 11:02:54,V028,97.0,1.0015699616196947
2026-06-01,2026-06-01 11:02:55,V028,97.0,0.9993011355115857
2026-06-01,2026-06-01 11:02:56,V028,97.0,0.9995003093039361
2026-06-01,2026-06-01 11:02:57,V028,98.0,1.0000139429346977
2026-06-01,2026-06-01 11:02:58,V028,99.0,0.9999904251693523
2026-06-01,2026-06-01 11:02:59,V028,100.0,0.9984658765355366
2026-06-01,2026-06-01 11:03:00,V028,101.0,1.0012183352400013
2026-06-01,2026-06-01 11:03:01,V028,101.0,0.9996254981106603
2026-06-01,2026-06-01 11:03:02,V028,102.0,1.000569814782325
2026-06-01,2026-06-01 11:03:03,V028,103.0,1.002464090467991
2026-06-01,2026-06-01 11:03:04,V028,106.0,1.000934978037582
2026-06-01,2026-06-01 11:03:05,V028,108.0,0.9944744216588451
2026-06-01,2026-06-01 11:03:06,V028,108.0,0.9990255732290259
2026-06-01,2026-06-01 11:03:07,V028,107.0,0.9971031328856226
2026-06-01,2026-06-01 11:03:08,V028,107.0,0.9972352223776959
2026-06-01,2026-06-01 11:03:09,V028,107.0,0.99895364805728
2026-06-01,2026-06-01 11:03:10,V028,107.0,0.9984817773268105
2026-06-01,2026-06-01 11:03:11,V028,107.0,1.000334241193942
2026-06-01,2026-06-01 11:03:12,V028,107.0,0.9982024929926633
2026-06-01,2026-06-01 11:03:13,V028,107.0,0.9995540746608259
2026-06-01,2026-06-01 11:03:14,V028,108.0,0.9990803732920652
2026-06-01,2026-06-01 11:03:15,V028,108.0,0.9993889058657013
2026-06-01,2026-06-01 11:03:16,V028,108.0,1.0005351723354623
2026-06-01,2026-06-01 11:03:17,V028,108.0,0.9992710595758514
2026-06-01,2026-06-01 11:03:18,V028,108.0,0.9991965996780092
2026-06-01,2026-06-01 11:03:19,V028,108.0,0.9990111893886828
2026-06-01,2026-06-01 11:03:20,V028,108.0,1.0001274420480675
2026-06-01,2026-06-01 11:03:21,V028,108.0,1.000170321319983
2026-06-01,2026-06-01 11:03:22,V028,108.0,0.9987380614889024
2026-06-01,2026-06-01 11:03:23,V028,108.0,1.0003192444813898
2026-06-01,2026-06-01 11:03:24,V028,108.0,1.00050302057227
2026-06-01,2026-06-01 11:03:25,V028,108.0,0.9990542136140534
2026-06-01,2026-06-01 11:03:26,V028,108.0,1.0013636800855301
2026-06-01,2026-06-01 11:03:27,V028,108.0,0.9990627737541997
2026-06-01,2026-06-01 11:03:28,V028,109.0,0.9936886831891092
2026-06-01,2026-06-01 11:03:29,V028,109.0,1.0007481506497118
2026-06-01,2026-06-01 11:03:30,V028,109.0,0.9974165272131059
2026-06-01,2026-06-01 11:03:31,V028,109.0,1.0003216338362146
2026-06-01,2026-06-01 11:03:32,V028,109.0,0.9990263411258163
2026-06-01,2026-06-01 11:03:33,V028,109.0,0.999134803909309
2026-06-01,2026-06-01 11:03:34,V028,109.0,0.9983190260211516
2026-06-01,2026-06-01 11:03:35,V028,110.0,1.0004487777648516
2026-06-01,2026-06-01 11:03:36,V028,110.0,0.9998089357387572
2026-06-01,2026-06-01 11:03:37,V028,111.0,0.9995257741554141
2026-06-01,2026-06-01 11:03:38,V028,111.0,0.998249206027056
2026-06-01,2026-06-01 11:03:39,V028,111.0,0.9981391218832667
2026-06-01,2026-06-01 11:03:40,V028,111.0,0.9992219771842542
2026-06-01,2026-06-01 11:03:41,V028,110.0,0.9975754764097375
2026-06-01,2026-06-01 11:03:42,V028,110.0,0.998387831527293
2026-06-01,2026-06-01 11:03:43,V028,109.0,0.9992121649492284
2026-06-01,2026-06-01 11:03:44,V028,108.0,1.0001596532062662
2026-06-01,2026-06-01 11:03:45,V028,107.0,0.9986159563684718
2026-06-01,2026-06-01 11:03:46,V028,107.0,1.0006029609547749
2026-06-01,2026-06-01 11:03:47,V028,107.0,0.9990297486849173
2026-06-01,2026-06-01 11:03:48,V028,107.0,0.9989208722322376
2026-06-01,2026-06-01 11:03:49,V028,106.0,1.0008269966798804
2026-06-01,2026-06-01 11:03:50,V028,106.0,0.9996643643017538
2026-06-01,2026-06-01 11:03:51,V028,106.0,0.9991726924670564
2026-06-01,2026-06-01 11:03:52,V028,106.0,0.9961921563952472
2026-06-01,2026-06-01 11:03:53,V028,105.0,0.9994566724615888
2026-06-01,2026-06-01 11:03:54,V028,105.0,0.9971130947920118
2026-06-01,2026-06-01 11:03:55,V028,105.0,0.998063372155269
2026-06-01,2026-06-01 11:03:56,V028,105.0,0.9995561425700638
2026-06-01,2026-06-01 11:03:57,V028,105.0,0.9987142304042859
2026-06-01,2026-06-01 11:03:58,V028,105.0,0.9995123240022876
2026-06-01,2026-06-01 11:03:59,V028,105.0,0.9966284270110478
2026-06-01,2026-06-01 11:04:00,V028,104.0,1.000530541361888
2026-06-01,2026-06-01 11:04:01,V028,104.0,0.9964992877467513
2026-06-01,2026-06-01 11:04:02,V028,104.0,0.9925595947053149
2026-06-01,2026-06-01 11:04:03,V028,104.0,0.9972618811091516
2026-06-01,2026-06-01 11:04:04,V028,104.0,0.997799166910591
2026-06-01,2026-06-01 11:04:05,V028,104.0,0.9988655014182869
2026-06-01,2026-06-01 11:04:06,V028,104.0,1.0005037198113473
2026-06-01,2026-06-01 11:04:07,V028,104.0,0.9999335103885557
2026-06-01,2026-06-01 11:04:08,V028,104.0,1.0004260089559824
2026-06-01,2026-06-01 11:04:09,V028,104.0,0.9997698813603433
2026-06-01,2026-06-01 11:04:10,V028,104.0,1.001102128534882
2026-06-01,2026-06-01 11:04:11,V028,104.0,0.9966316613661685
2026-06-01,2026-06-01 11:04:12,V028,104.0,0.9982866688474614
2026-06-01,2026-06-01 11:04:13,V028,104.0,1.000178572108568
2026-06-01,2026-06-01 11:04:14,V028,103.0,1.0037456932404374
2026-06-01,2026-06-01 11:04:15,V028,103.0,1.0004316543866085
2026-06-01,2026-06-01 11:04:16,V028,103.0,0.9992875744391235
2026-06-01,2026-06-01 11:04:17,V028,103.0,1.0004183537535785
2026-06-01,2026-06-01 11:04:18,V028,102.0,1.0008299911346865
2026-06-01,2026-06-01 11:04:19,V028,102.0,1.0042183514341116
2026-06-01,2026-06-01 11:04:20,V028,101.0,1.0019393109364567
2026-06-01,2026-06-01 11:04:21,V028,101.0,0.9997980043008126
2026-06-01,2026-06-01 11:04:22,V028,101.0,0.998553494475258
2026-06-01,2026-06-01 11:04:23,V028,101.0,0.9991325148931812
2026-06-01,2026-06-01 11:04:24,V028,101.0,1.0007893144844455
2026-06-01,2026-06-01 11:04:25,V028,101.0,0.998884362044228
2026-06-01,2026-06-01 11:04:26,V028,101.0,1.0013703141451866
2026-06-01,2026-06-01 11:04:27,V028,101.0,1.0015787016394917
2026-06-01,2026-06-01 11:04:28,V028,101.0,0.9979800421822987
2026-06-01,2026-06-01 11:04:29,V028,101.0,1.000451963531728
2026-06-01,2026-06-01 11:04:30,V028,101.0,0.9994482948795131
2026-06-01,2026-06-01 11:04:31,V028,102.0,0.9998113555469473
2026-06-01,2026-06-01 11:04:32,V028,102.0,0.9999598336041191
2026-06-01,2026-06-01 11:04:33,V028,103.0,0.9991967189069578
2026-06-01,2026-06-01 11:04:34,V028,104.0,0.9995787969589017
2026-06-01,2026-06-01 11:04:35,V028,104.0,0.998439125161173
2026-06-01,2026-06-01 11:04:36,V028,104.0,0.9993219661045012
2026-06-01,2026-06-01 11:04:37,V028,104.0,0.9991242191192822
2026-06-01,2026-06-01 11:04:38,V028,104.0,0.9984986516228507
2026-06-01,2026-06-01 11:04:39,V028,104.0,0.9996148310356775
2026-06-01,2026-06-01 11:04:40,V028,104.0,0.9987735290276438
2026-06-01,2026-06-01 11:04:41,V028,104.0,0.9991208133779703
2026-06-01,2026-06-01 11:04:42,V028,104.0,0.9976957907748347
2026-06-01,2026-06-01 11:04:43,V028,103.0,0.9971789133847204
2026-06-01,2026-06-01 11:04:44,V028,103.0,1.0012849717338224
2026-06-01,2026-06-01 11:04:45,V028,102.0,1.0012872979995127
2026-06-01,2026-06-01 11:04:46,V028,101.0,0.9972925562220235
2026-06-01,2026-06-01 11:04:47,V028,101.0,0.997465150874588
2026-06-01,2026-06-01 11:04:48,V028,101.0,0.9982680367362534
2026-06-01,2026-06-01 11:04:49,V028,101.0,0.9995010966156122
2026-06-01,2026-06-01 11:04:50,V028,101.0,0.9993187537973263
2026-06-01,2026-06-01 11:04:51,V028,101.0,0.9994270529930674
2026-06-01,2026-06-01 11:04:52,V028,102.0,1.000337526615762
2026-06-01,2026-06-01 11:04:53,V028,102.0,0.9990739210458756
2026-06-01,2026-06-01 11:04:54,V028,103.0,1.000447120184512
2026-06-01,2026-06-01 11:04:55,V028,104.0,0.9992230935375214
2026-06-01,2026-06-01 11:04:56,V028,104.0,0.998873298687088
2026-06-01,2026-06-01 11:04:57,V028,104.0,0.9981928301672353
2026-06-01,2026-06-01 11:04:58,V028,104.0,0.9977641687587142
2026-06-01,2026-06-01 11:04:59,V028,104.0,1.0001472838226768
2026-06-01,2026-06-01 11:05:00,V028,104.0,1.000248030923905
2026-06-01,2026-06-01 11:05:01,V028,104.0,0.9979305632080118
2026-06-01,2026-06-01 11:05:02,V028,104.0,0.9994340615658088
2026-06-01,2026-06-01 11:05:03,V028,104.0,0.9965415235481156
2026-06-01,2026-06-01 11:05:04,V028,104.0,0.9977349797534089
2026-06-01,2026-06-01 11:05:05,V028,104.0,0.9994157082481784
2026-06-01,2026-06-01 11:05:06,V028,104.0,0.9999756384225148
2026-06-01,2026-06-01 11:05:07,V028,105.0,0.998525581970233
2026-06-01,2026-06-01 11:05:08,V028,106.0,0.9992764050740851
2026-06-01,2026-06-01 11:05:09,V028,107.0,0.9995163932721329
2026-06-01,2026-06-01 11:05:10,V028,108.0,0.9986530127048647
2026-06-01,2026-06-01 11:05:11,V028,109.0,1.0013686959694044
2026-06-01,2026-06-01 11:05:12,V028,110.0,0.9978749358277111
2026-06-01,2026-06-01 11:05:13,V028,110.0,0.999413405586484
2026-06-01,2026-06-01 11:05:14,V028,111.0,0.9989625432675233
2026-06-01,2026-06-01 11:05:15,V028,112.0,0.9989241496745829
2026-06-01,2026-06-01 11:05:16,V028,112.0,0.9983262399675579
2026-06-01,2026-06-01 11:05:17,V028,113.0,0.9998141956883455
2026-06-01,2026-06-01 11:05:18,V028,113.0,0.9999152116179787
2026-06-01,2026-06-01 11:05:19,V028,114.0,0.9999178984493635
2026-06-01,2026-06-01 11:05:20,V028,115.0,0.9983768809732696
2026-06-01,2026-06-01 11:05:21,V028,115.0,1.0002314070687317
2026-06-01,2026-06-01 11:05:22,V028,116.0,1.0003550538793937
2026-06-01,2026-06-01 11:05:23,V028,116.0,0.9995481609606401
2026-06-01,2026-06-01 11:05:24,V028,116.0,0.9994092866376951
2026-06-01,2026-06-01 11:05:25,V028,116.0,0.9997893958094958
2026-06-01,2026-06-01 11:05:26,V028,116.0,0.9994948076504384
2026-06-01,2026-06-01 11:05:27,V028,116.0,0.9991581710802223
2026-06-01,2026-06-01 11:05:28,V028,116.0,0.9975989715621214
2026-06-01,2026-06-01 11:05:29,V028,115.0,0.9993636216453198
2026-06-01,2026-06-01 11:05:30,V028,115.0,0.9994530879513908
2026-06-01,2026-06-01 11:05:31,V028,115.0,1.001043588831892
2026-06-01,2026-06-01 11:05:32,V028,115.0,0.9980030761182485
2026-06-01,2026-06-01 11:05:33,V028,115.0,0.9978846194518155
2026-06-01,2026-06-01 11:05:34,V028,114.0,1.0007739359804535
2026-06-01,2026-06-01 11:05:35,V028,114.0,0.9988057567387038
2026-06-01,2026-06-01 11:05:36,V028,114.0,0.9994554121597028
2026-06-01,2026-06-01 11:05:37,V028,114.0,0.9992803477454247
2026-06-01,2026-06-01 11:05:38,V028,114.0,0.9994975960666503
2026-06-01,2026-06-01 11:05:39,V028,114.0,0.9987824289448488
2026-06-01,2026-06-01 11:05:40,V028,114.0,0.9989655876339243
2026-06-01,2026-06-01 11:05:41,V028,114.0,0.9984062314321187
2026-06-01,2026-06-01 11:05:42,V028,114.0,0.998560201353157
2026-06-01,2026-06-01 11:05:43,V028,113.0,0.9996496381337626
2026-06-01,2026-06-01 11:05:44,V028,113.0,1.0014187503261085
2026-06-01,2026-06-01 11:05:45,V028,113.0,1.0002424020427552
2026-06-01,2026-06-01 11:05:46,V028,113.0,1.0012748688263142
2026-06-01,2026-06-01 11:05:47,V028,113.0,1.0010597004572752
2026-06-01,2026-06-01 11:05:48,V028,112.0,0.9987271046912148
2026-06-01,2026-06-01 11:05:49,V028,112.0,0.9977479346425266
2026-06-01,2026-06-01 11:05:50,V028,112.0,0.9995630851655379
2026-06-01,2026-06-01 11:05:51,V028,113.0,0.9993457690383893
2026-06-01,2026-06-01 11:05:52,V028,113.0,0.9985909291265938
2026-06-01,2026-06-01 11:05:53,V028,113.0,0.9985747395746288
2026-06-01,2026-06-01 11:05:54,V028,112.0,0.9994644600369263
2026-06-01,2026-06-01 11:05:55,V028,112.0,0.9986994849020933
2026-06-01,2026-06-01 11:05:56,V028,111.0,0.9999296854465928
2026-06-01,2026-06-01 11:05:57,V028,110.0,0.9997862902518531
2026-06-01,2026-06-01 11:05:58,V028,109.0,0.9995009672789569
2026-06-01,2026-06-01 11:05:59,V028,109.0,0.9970985727245262
2026-06-01,2026-06-01 11:06:00,V028,110.0,0.9982380453957832
2026-06-01,2026-06-01 11:06:01,V028,110.0,0.9990584546109491
2026-06-01,2026-06-01 11:06:02,V028,110.0,0.9996156991544907
2026-06-01,2026-06-01 11:06:03,V028,111.0,0.9981364444010152
2026-06-01,2026-06-01 11:06:04,V028,113.0,1.0007593636760939
2026-06-01,2026-06-01 11:06:05,V028,113.0,1.00072455435811
2026-06-01,2026-06-01 11:06:06,V028,113.0,0.9971982241059434
2026-06-01,2026-06-01 11:06:07,V028,113.0,1.0022691564012771
2026-06-01,2026-06-01 11:06:08,V028,113.0,0.9992748061758397
2026-06-01,2026-06-01 11:06:09,V028,113.0,0.9991954160385604
2026-06-01,2026-06-01 11:06:10,V028,113.0,0.9989978202199028
2026-06-01,2026-06-01 11:06:11,V028,113.0,0.9998780017042794
2026-06-01,2026-06-01 11:06:12,V028,113.0,0.998343091294539
2026-06-01,2026-06-01 11:06:13,V028,113.0,1.0003517186546784
2026-06-01,2026-06-01 11:06:14,V028,112.0,0.9985163634439002
2026-06-01,2026-06-01 11:06:15,V028,112.0,0.9979753720062716
2026-06-01,2026-06-01 11:06:16,V028,112.0,0.9994553621605852
2026-06-01,2026-06-01 11:06:17,V028,112.0,1.0001848822748671
2026-06-01,2026-06-01 11:06:18,V028,112.0,0.9988178334576521
2026-06-01,2026-06-01 11:06:19,V028,112.0,0.9990128945953679
2026-06-01,2026-06-01 11:06:20,V028,112.0,0.9983418692121903
2026-06-01,2026-06-01 11:06:21,V028,112.0,0.9983817575089504
2026-06-01,2026-06-01 11:06:22,V028,111.0,0.9980063354023074
2026-06-01,2026-06-01 11:06:23,V028,111.0,1.0027633362502786
2026-06-01,2026-06-01 11:06:24,V028,111.0,0.9992901162802542
2026-06-01,2026-06-01 11:06:25,V028,111.0,1.0005333071238893
2026-06-01,2026-06-01 11:06:26,V028,111.0,0.9994533449764155
2026-06-01,2026-06-01 11:06:27,V028,111.0,1.0022170587264116
2026-06-01,2026-06-01 11:06:28,V028,111.0,0.9974158004193775
2026-06-01,2026-06-01 11:06:29,V028,111.0,0.9975499939433848
2026-06-01,2026-06-01 11:06:30,V028,111.0,0.9999032166529674
2026-06-01,2026-06-01 11:06:31,V028,111.0,1.0015679479666335
2026-06-01,2026-06-01 11:06:32,V028,111.0,1.0010426175775229
2026-06-01,2026-06-01 11:06:33,V028,110.0,1.0000035806083578
2026-06-01,2026-06-01 11:06:34,V028,110.0,0.9989210588767178
2026-06-01,2026-06-01 11:06:35,V028,110.0,0.9986281239080408
2026-06-01,2026-06-01 11:06:36,V028,109.0,0.9997103433660787
2026-06-01,2026-06-01 11:06:37,V028,109.0,0.9990491624323375
2026-06-01,2026-06-01 11:06:38,V028,108.0,0.9983930202139647
2026-06-01,2026-06-01 11:06:39,V028,108.0,0.9999640743417427
2026-06-01,2026-06-01 11:06:40,V028,108.0,1.0002538889615786
2026-06-01,2026-06-01 11:06:41,V028,107.0,0.9986333337860483
2026-06-01,2026-06-01 11:06:42,V028,106.0,0.9972161425943654
2026-06-01,2026-06-01 11:06:43,V028,105.0,0.9997394370295805
2026-06-01,2026-06-01 11:06:44,V028,105.0,0.999152123879084
2026-06-01,2026-06-01 11:06:45,V028,104.0,0.999324803853993
2026-06-01,2026-06-01 11:06:46,V028,103.0,0.9998992909952411
2026-06-01,2026-06-01 11:06:47,V028,102.0,0.9992040851080861
2026-06-01,2026-06-01 11:06:48,V028,101.0,0.9950593001876835
2026-06-01,2026-06-01 11:06:49,V028,100.0,0.9985350857401419
2026-06-01,2026-06-01 11:06:50,V028,99.0,0.9994888936566979
2026-06-01,2026-06-01 11:06:51,V028,99.0,0.998674713625676
2026-06-01,2026-06-01 11:06:52,V028,100.0,0.999565253508141
2026-06-01,2026-06-01 11:06:53,V028,100.0,0.9989801017961476
2026-06-01,2026-06-01 11:06:54,V028,101.0,0.9981744779985602
2026-06-01,2026-06-01 11:06:55,V028,101.0,1.0000252460941246
2026-06-01,2026-06-01 11:06:56,V028,102.0,0.9977817294279673
2026-06-01,2026-06-01 11:06:57,V028,103.0,0.9999818683943569
2026-06-01,2026-06-01 11:06:58,V028,104.0,1.0001530791944813
2026-06-01,2026-06-01 11:06:59,V028,103.0,1.0010148246626487
2026-06-01,2026-06-01 11:07:00,V028,103.0,0.9983008552475785
2026-06-01,2026-06-01 11:07:01,V028,102.0,0.9998421672355801
2026-06-01,2026-06-01 11:07:02,V028,102.0,0.9962252714602219
2026-06-01,2026-06-01 11:07:03,V028,102.0,0.9968618738960872
2026-06-01,2026-06-01 11:07:04,V028,102.0,0.9973995539646415
2026-06-01,2026-06-01 11:07:05,V028,102.0,0.9974649642367367
2026-06-01,2026-06-01 11:07:06,V028,102.0,0.9987319996795119
2026-06-01,2026-06-01 11:07:07,V028,102.0,1.0000693203252151
2026-06-01,2026-06-01 11:07:08,V028,102.0,0.9983454518057023
2026-06-01,2026-06-01 11:07:09,V028,101.0,0.9976177530330944
2026-06-01,2026-06-01 11:07:10,V028,101.0,0.9993911995800481
2026-06-01,2026-06-01 11:07:11,V028,101.0,0.9991049956833149
2026-06-01,2026-06-01 11:07:12,V028,100.0,0.9995746189239553
2026-06-01,2026-06-01 11:07:13,V028,100.0,0.9988668405061549
2026-06-01,2026-06-01 11:07:14,V028,100.0,0.9976577810755702
2026-06-01,2026-06-01 11:07:15,V028,99.0,1.0020165496560398
2026-06-01,2026-06-01 11:07:16,V028,99.0,0.997570722295861
2026-06-01,2026-06-01 11:07:17,V028,98.0,0.9980466361634628
2026-06-01,2026-06-01 11:07:18,V028,97.0,0.9994630975869087
2026-06-01,2026-06-01 11:07:19,V028,97.0,1.00037554331583
2026-06-01,2026-06-01 11:07:20,V028,97.0,0.9996242480736565
2026-06-01,2026-06-01 11:07:21,V028,97.0,0.99860933005594
2026-06-01,2026-06-01 11:07:22,V028,97.0,1.0011346997540846
2026-06-01,2026-06-01 11:07:23,V028,97.0,1.000022996921795
2026-06-01,2026-06-01 11:07:24,V028,97.0,0.9988058252334513
2026-06-01,2026-06-01 11:07:25,V028,97.0,0.9998916190836182
2026-06-01,2026-06-01 11:07:26,V028,97.0,0.9989755249057604
2026-06-01,2026-06-01 11:07:27,V028,97.0,0.9987885327929648
2026-06-01,2026-06-01 11:07:28,V028,98.0,0.9996496503621928
2026-06-01,2026-06-01 11:07:29,V028,99.0,0.9996290080932867
2026-06-01,2026-06-01 11:07:30,V028,99.0,0.9973452069029561
2026-06-01,2026-06-01 11:07:31,V028,99.0,0.9991548608089728
2026-06-01,2026-06-01 11:07:32,V028,98.0,0.9968655589518013
2026-06-01,2026-06-01 11:07:33,V028,98.0,0.9977236649167165
2026-06-01,2026-06-01 11:07:34,V028,98.0,0.9928546864761966
2026-06-01,2026-06-01 11:07:35,V028,97.0,1.0007954428618842
2026-06-01,2026-06-01 11:07:36,V028,97.0,0.9986036123497368
2026-06-01,2026-06-01 11:07:37,V028,97.0,1.0006154636074973
2026-06-01,2026-06-01 11:07:38,V028,98.0,0.9999216413938227
2026-06-01,2026-06-01 11:07:39,V028,98.0,0.9985876864975775
2026-06-01,2026-06-01 11:07:40,V028,98.0,0.9990361313066126
2026-06-01,2026-06-01 11:07:41,V028,98.0,0.9988190811024213
2026-06-01,2026-06-01 11:07:42,V028,98.0,0.9992524924863063
2026-06-01,2026-06-01 11:07:43,V028,99.0,0.9993562146358611
2026-06-01,2026-06-01 11:07:44,V028,100.0,0.9993762536470393
2026-06-01,2026-06-01 11:07:45,V028,100.0,0.9997863517007394
2026-06-01,2026-06-01 11:07:46,V028,100.0,0.9990958345563341
2026-06-01,2026-06-01 11:07:47,V028,100.0,1.0006126199492271
2026-06-01,2026-06-01 11:07:48,V028,101.0,0.9985579204269205
2026-06-01,2026-06-01 11:07:49,V028,101.0,1.003332411654895
2026-06-01,2026-06-01 11:07:50,V028,100.0,1.0017647447029538
2026-06-01,2026-06-01 11:07:51,V028,100.0,0.9996409334742664
2026-06-01,2026-06-01 11:07:52,V028,100.0,0.9995526071544917
2026-06-01,2026-06-01 11:07:53,V028,100.0,0.9975300646206988
2026-06-01,2026-06-01 11:07:54,V028,100.0,1.002599873566341
2026-06-01,2026-06-01 11:07:55,V028,100.0,0.9992742025627792
2026-06-01,2026-06-01 11:07:56,V028,101.0,0.9974295965443036
2026-06-01,2026-06-01 11:07:57,V028,102.0,0.9992827287254866
2026-06-01,2026-06-01 11:07:58,V028,103.0,1.000161983564874
2026-06-01,2026-06-01 11:07:59,V028,104.0,0.9987228610141798
2026-06-01,2026-06-01 11:08:00,V028,104.0,1.0023091063034366
2026-06-01,2026-06-01 11:08:01,V028,104.0,0.9971464112040882
2026-06-01,2026-06-01 11:08:02,V028,104.0,1.0008039495000682
2026-06-01,2026-06-01 11:08:03,V028,104.0,0.999739632997263
2026-06-01,2026-06-01 11:08:04,V028,104.0,0.9976618594902993
2026-06-01,2026-06-01 11:08:05,V028,104.0,1.002789047461615
2026-06-01,2026-06-01 11:08:06,V028,104.0,0.9986301050160991
2026-06-01,2026-06-01 11:08:07,V028,104.0,1.0023468213321545
2026-06-01,2026-06-01 11:08:08,V028,104.0,0.9980621347853853
2026-06-01,2026-06-01 11:08:09,V028,104.0,0.9987173519548697
2026-06-01,2026-06-01 11:08:10,V028,104.0,1.0033014506858895
2026-06-01,2026-06-01 11:08:11,V028,104.0,1.0005291953357744
2026-06-01,2026-06-01 11:08:12,V028,104.0,1.0021874484906195
2026-06-01,2026-06-01 11:08:13,V028,104.0,0.9997490559617572
2026-06-01,2026-06-01 11:08:14,V028,104.0,1.0010286510993227
2026-06-01,2026-06-01 11:08:15,V028,103.0,1.0037749703841996
2026-06-01,2026-06-01 11:08:16,V028,103.0,0.9983303502503277
2026-06-01,2026-06-01 11:08:17,V028,103.0,1.0010438139717748
2026-06-01,2026-06-01 11:08:18,V028,103.0,0.9985353592087118
2026-06-01,2026-06-01 11:08:19,V028,103.0,0.9994395033736504
2026-06-01,2026-06-01 11:08:20,V028,103.0,0.9995915463912348
2026-06-01,2026-06-01 11:08:21,V028,103.0,1.0010240030129578
2026-06-01,2026-06-01 11:08:22,V028,103.0,0.9979015903088071
2026-06-01,2026-06-01 11:08:23,V028,103.0,0.9971873857161909
2026-06-01,2026-06-01 11:08:24,V028,102.0,0.9994806941849862
2026-06-01,2026-06-01 11:08:25,V028,102.0,0.9998549142618292
2026-06-01,2026-06-01 11:08:26,V028,102.0,1.0000452472877408
2026-06-01,2026-06-01 11:08:27,V028,102.0,0.9996630877531694
2026-06-01,2026-06-01 11:08:28,V028,102.0,0.9973692961527829
2026-06-01,2026-06-01 11:08:29,V028,102.0,1.003160917080114
2026-06-01,2026-06-01 11:08:30,V028,102.0,1.000218700733884
2026-06-01,2026-06-01 11:08:31,V028,102.0,0.9982541979742535
2026-06-01,2026-06-01 11:08:32,V028,102.0,0.99968731390046
2026-06-01,2026-06-01 11:08:33,V028,102.0,1.0145142095090927
2026-06-01,2026-06-01 11:08:34,V028,102.0,1.0016200015311545
2026-06-01,2026-06-01 11:08:35,V028,103.0,0.9937251830826165
2026-06-01,2026-06-01 11:08:36,V028,103.0,0.999604579872481
2026-06-01,2026-06-01 11:08:37,V028,103.0,1.0051895627666987
2026-06-01,2026-06-01 11:08:38,V028,104.0,0.9986334938321663
2026-06-01,2026-06-01 11:08:39,V028,105.0,0.9979676038531899
2026-06-01,2026-06-01 11:08:40,V028,105.0,1.0001144476168025
2026-06-01,2026-06-01 11:08:41,V028,106.0,1.0003681155752713
2026-06-01,2026-06-01 11:08:42,V028,106.0,1.0009191106517636
2026-06-01,2026-06-01 11:08:43,V028,105.0,1.0015228059436785
2026-06-01,2026-06-01 11:08:44,V028,105.0,0.9959542775931061
2026-06-01,2026-06-01 11:08:45,V028,105.0,1.0012544394141591
2026-06-01,2026-06-01 11:08:46,V028,105.0,1.0004783956314005
2026-06-01,2026-06-01 11:08:47,V028,105.0,0.998719498264781
2026-06-01,2026-06-01 11:08:48,V028,105.0,1.0018414392873725
2026-06-01,2026-06-01 11:08:49,V028,105.0,0.9993574329574394
2026-06-01,2026-06-01 11:08:50,V028,105.0,1.0000004106308
2026-06-01,2026-06-01 11:08:51,V028,105.0,0.9995225817670118
2026-06-01,2026-06-01 11:08:52,V028,105.0,0.9982842507011778
2026-06-01,2026-06-01 11:08:53,V028,105.0,0.9975261195940045
2026-06-01,2026-06-01 11:08:54,V028,104.0,0.9996170961469767
2026-06-01,2026-06-01 11:08:55,V028,104.0,1.0017329083337077
2026-06-01,2026-06-01 11:08:56,V028,104.0,0.9997955282768664
2026-06-01,2026-06-01 11:08:57,V028,103.0,1.0023870786478926
2026-06-01,2026-06-01 11:08:58,V028,103.0,0.9994959060276786
2026-06-01,2026-06-01 11:08:59,V028,103.0,0.9952182075010442
2026-06-01,2026-06-01 11:09:00,V028,102.0,0.9979435647615714
2026-06-01,2026-06-01 11:09:01,V028,103.0,0.9981325296212573
2026-06-01,2026-06-01 11:09:02,V028,104.0,0.9987546903296534
2026-06-01,2026-06-01 11:09:03,V028,104.0,0.9976025848853395
2026-06-01,2026-06-01 11:09:04,V028,103.0,1.0003127027375542
2026-06-01,2026-06-01 11:09:05,V028,103.0,0.9965521984724222
2026-06-01,2026-06-01 11:09:06,V028,103.0,1.002054533904101
2026-06-01,2026-06-01 11:09:07,V028,102.0,1.0008139940379879
2026-06-01,2026-06-01 11:09:08,V028,102.0,0.9983944564738595
2026-06-01,2026-06-01 11:09:09,V028,101.0,1.0002509380576898
2026-06-01,2026-06-01 11:09:10,V028,100.0,1.0000574573054712
2026-06-01,2026-06-01 11:09:11,V028,100.0,1.000815592318741
2026-06-01,2026-06-01 11:09:12,V028,99.0,0.9978294096486303
2026-06-01,2026-06-01 11:09:13,V028,99.0,1.0027674832866145
2026-06-01,2026-06-01 11:09:14,V028,98.0,0.9989601865224856
2026-06-01,2026-06-01 11:09:15,V028,99.0,0.9981952055886387
2026-06-01,2026-06-01 11:09:16,V028,99.0,1.002248262874752
2026-06-01,2026-06-01 11:09:17,V028,100.0,0.9972229311036319
2026-06-01,2026-06-01 11:09:18,V028,100.0,0.9955428373642194
2026-06-01,2026-06-01 11:09:19,V028,100.0,1.0003004019182336
2026-06-01,2026-06-01 11:09:20,V028,100.0,0.9991909801847415
2026-06-01,2026-06-01 11:09:21,V028,100.0,1.0031355061333211
2026-06-01,2026-06-01 11:09:22,V028,100.0,0.9992688178793889
2026-06-01,2026-06-01 11:09:23,V028,99.0,0.9986203164491678
2026-06-01,2026-06-01 11:09:24,V028,99.0,0.9999460257802384
2026-06-01,2026-06-01 11:09:25,V028,99.0,1.0030596748097758
2026-06-01,2026-06-01 11:09:26,V028,98.0,1.0034929713291096
2026-06-01,2026-06-01 11:09:27,V028,99.0,1.0003340889891466
2026-06-01,2026-06-01 11:09:28,V028,99.0,0.9971259904431832
2026-06-01,2026-06-01 11:09:29,V028,99.0,1.0029739493467533
2026-06-01,2026-06-01 11:09:30,V028,100.0,0.9979369045719954
2026-06-01,2026-06-01 11:09:31,V028,101.0,0.9936169123681007
2026-06-01,2026-06-01 11:09:32,V028,101.0,0.999974489803263
2026-06-01,2026-06-01 11:09:33,V028,102.0,0.9950423917163316
2026-06-01,2026-06-01 11:09:34,V028,103.0,1.0003976903001555
2026-06-01,2026-06-01 11:09:35,V028,102.0,0.9955130367785279
2026-06-01,2026-06-01 11:09:36,V028,102.0,1.0032993923143478
2026-06-01,2026-06-01 11:09:37,V028,102.0,1.0014695976509267
2026-06-01,2026-06-01 11:09:38,V028,102.0,0.9990560406227731
2026-06-01,2026-06-01 11:09:39,V028,102.0,0.9951188313205177
2026-06-01,2026-06-01 11:09:40,V028,102.0,0.9922476869215062
2026-06-01,2026-06-01 11:09:41,V028,102.0,1.0030247604799167
2026-06-01,2026-06-01 11:09:42,V028,102.0,1.0003533162024396
2026-06-01,2026-06-01 11:09:43,V028,102.0,1.0012806442175393
2026-06-01,2026-06-01 11:09:44,V028,102.0,1.000823470295308
2026-06-01,2026-06-01 11:09:45,V028,103.0,0.9943492797094704
2026-06-01,2026-06-01 11:09:46,V028,103.0,0.9996409615169198
2026-06-01,2026-06-01 11:09:47,V028,103.0,0.9982283936644948
2026-06-01,2026-06-01 11:09:48,V028,104.0,1.0011849778087276
2026-06-01,2026-06-01 11:09:49,V028,103.0,0.9976936831563944
2026-06-01,2026-06-01 11:09:50,V028,103.0,0.9966850334318139
2026-06-01,2026-06-01 11:09:51,V028,103.0,1.0021644768370623
2026-06-01,2026-06-01 11:09:52,V028,103.0,1.0015888474378132
2026-06-01,2026-06-01 11:09:53,V028,103.0,0.9988374522375871
2026-06-01,2026-06-01 11:09:54,V028,102.0,0.9851800831838026
2026-06-01,2026-06-01 11:09:55,V028,102.0,0.9973390752418906
2026-06-01,2026-06-01 11:09:56,V028,102.0,0.9994993693348935
2026-06-01,2026-06-01 11:09:57,V028,103.0,0.9964541309707846
2026-06-01,2026-06-01 11:09:58,V028,103.0,0.9948815453570172
2026-06-01,2026-06-01 11:09:59,V028,103.0,1.0000999654068163
2026-06-01,2026-06-01 11:10:00,V028,103.0,0.9989770194840725
2026-06-01,2026-06-01 11:10:01,V028,103.0,0.9991720718499814
2026-06-01,2026-06-01 11:10:02,V028,103.0,1.0020465624192825
2026-06-01,2026-06-01 11:10:03,V028,104.0,0.9964378127134184
2026-06-01,2026-06-01 11:10:04,V028,104.0,0.9993865277332846
2026-06-01,2026-06-01 11:10:05,V028,104.0,0.9981492127726194
2026-06-01,2026-06-01 11:10:06,V028,104.0,0.9998765118010577
2026-06-01,2026-06-01 11:10:07,V028,104.0,1.0015727003664532
2026-06-01,2026-06-01 11:10:08,V028,104.0,0.9990973148723207
2026-06-01,2026-06-01 11:10:09,V028,104.0,1.0011570466850965
2026-06-01,2026-06-01 11:10:10,V028,104.0,0.9997316921272286
2026-06-01,2026-06-01 11:10:11,V028,104.0,0.9986730906231114
2026-06-01,2026-06-01 11:10:12,V028,104.0,1.000253015455129
2026-06-01,2026-06-01 11:10:13,V028,105.0,1.0009479817695452
2026-06-01,2026-06-01 11:10:14,V028,105.0,1.0010847430321639
2026-06-01,2026-06-01 11:10:15,V028,106.0,1.0039740287823347
2026-06-01,2026-06-01 11:10:16,V028,106.0,0.9992263389987723
2026-06-01,2026-06-01 11:10:17,V028,106.0,0.9998848644707372
2026-06-01,2026-06-01 11:10:18,V028,105.0,0.9996051848287787
2026-06-01,2026-06-01 11:10:19,V028,105.0,1.0051186568150121
2026-06-01,2026-06-01 11:10:20,V028,105.0,0.9970692838159457
2026-06-01,2026-06-01 11:10:21,V028,105.0,1.0011129141970716
2026-06-01,2026-06-01 11:10:22,V028,105.0,0.9925836028392091
2026-06-01,2026-06-01 11:10:23,V028,105.0,0.9965856862948703
2026-06-01,2026-06-01 11:10:24,V028,105.0,1.0047487580739847
2026-06-01,2026-06-01 11:10:25,V028,105.0,0.9987830687730506
2026-06-01,2026-06-01 11:10:26,V028,105.0,0.9999836187309126
2026-06-01,2026-06-01 11:10:27,V028,105.0,0.9971458533361157
2026-06-01,2026-06-01 11:10:28,V028,105.0,1.004456221215787
2026-06-01,2026-06-01 11:10:29,V028,105.0,0.9987871090138288
2026-06-01,2026-06-01 11:10:30,V028,105.0,0.9992400870342949
2026-06-01,2026-06-01 11:10:31,V028,105.0,0.9967232197357655
2026-06-01,2026-06-01 11:10:32,V028,105.0,0.9998393761983451
2026-06-01,2026-06-01 11:10:33,V028,105.0,0.9989731359713268
2026-06-01,2026-06-01 11:10:34,V028,104.0,0.9992658413017038
2026-06-01,2026-06-01 11:10:35,V028,105.0,0.9976306164250589
2026-06-01,2026-06-01 11:10:36,V028,105.0,1.000301481978433
2026-06-01,2026-06-01 11:10:37,V028,105.0,1.0060366755471613
2026-06-01,2026-06-01 11:10:38,V028,105.0,0.9911036792405523
2026-06-01,2026-06-01 11:10:39,V028,105.0,1.0000075732050866
2026-06-01,2026-06-01 11:10:40,V028,105.0,0.9987635570418489
2026-06-01,2026-06-01 11:10:41,V028,105.0,1.000857544331822
2026-06-01,2026-06-01 11:10:42,V028,104.0,1.001682283869752
2026-06-01,2026-06-01 11:10:43,V028,104.0,0.9990333516731844
2026-06-01,2026-06-01 11:10:44,V028,104.0,0.9998576461912635
2026-06-01,2026-06-01 11:10:45,V028,104.0,1.0011661194720627
2026-06-01,2026-06-01 11:10:46,V028,104.0,1.0000349072170698
2026-06-01,2026-06-01 11:10:47,V028,104.0,1.0031094538392757
2026-06-01,2026-06-01 11:10:48,V028,104.0,1.0018734437328838
2026-06-01,2026-06-01 11:10:49,V028,103.0,1.001445915674698
2026-06-01,2026-06-01 11:10:50,V028,103.0,1.003240037556798
2026-06-01,2026-06-01 11:10:51,V028,104.0,0.99900633299475
2026-06-01,2026-06-01 11:10:52,V028,104.0,0.9995913246183479
2026-06-01,2026-06-01 11:10:53,V028,104.0,1.0008443068411268
2026-06-01,2026-06-01 11:10:54,V028,104.0,1.0046513620114794
2026-06-01,2026-06-01 11:10:55,V028,105.0,1.0008087554688627
2026-06-01,2026-06-01 11:10:56,V028,106.0,0.9981294810242195
2026-06-01,2026-06-01 11:10:57,V028,106.0,1.0011236852864698
2026-06-01,2026-06-01 11:10:58,V028,106.0,0.9990069117550404
2026-06-01,2026-06-01 11:10:59,V028,106.0,1.001039182198678
2026-06-01,2026-06-01 11:11:00,V028,105.0,0.9999177532331402
2026-06-01,2026-06-01 11:11:01,V028,105.0,1.000385295347347
2026-06-01,2026-06-01 11:11:02,V028,105.0,1.0015898574346285
2026-06-01,2026-06-01 11:11:03,V028,104.0,1.0011030245026962
2026-06-01,2026-06-01 11:11:04,V028,104.0,1.0012834734198286
2026-06-01,2026-06-01 11:11:05,V028,104.0,0.9980861584894262
2026-06-01,2026-06-01 11:11:06,V028,104.0,1.0101715668210918
2026-06-01,2026-06-01 11:11:07,V028,104.0,1.0011008529874446
2026-06-01,2026-06-01 11:11:08,V028,104.0,1.000987042977102
2026-06-01,2026-06-01 11:11:09,V028,103.0,1.0036021682252778
2026-06-01,2026-06-01 11:11:10,V028,103.0,0.9970078232525221
2026-06-01,2026-06-01 11:11:11,V028,103.0,0.988270710158978
2026-06-01,2026-06-01 11:11:12,V028,103.0,0.9988242256739701
2026-06-01,2026-06-01 11:11:13,V028,103.0,1.0007339249007097
2026-06-01,2026-06-01 11:11:14,V028,103.0,0.9993074414873786
2026-06-01,2026-06-01 11:11:15,V028,103.0,0.9972538068394438
2026-06-01,2026-06-01 11:11:16,V028,104.0,1.0007846097350086
2026-06-01,2026-06-01 11:11:17,V028,104.0,0.9978756448819189
2026-06-01,2026-06-01 11:11:18,V028,105.0,0.9985576310073061
2026-06-01,2026-06-01 11:11:19,V028,104.0,0.9980577134769855
2026-06-01,2026-06-01 11:11:20,V028,103.0,0.998652278686143
2026-06-01,2026-06-01 11:11:21,V028,103.0,1.0011987174677508
2026-06-01,2026-06-01 11:11:22,V028,102.0,0.9997003238938619
2026-06-01,2026-06-01 11:11:23,V028,102.0,0.9991990816841451
2026-06-01,2026-06-01 11:11:24,V028,102.0,0.9938457660152475
2026-06-01,2026-06-01 11:11:25,V028,102.0,0.9976414120247346
2026-06-01,2026-06-01 11:11:26,V028,102.0,0.9964064657075324
2026-06-01,2026-06-01 11:11:27,V028,102.0,0.9972412462385483
2026-06-01,2026-06-01 11:11:28,V028,103.0,0.99483789959097
2026-06-01,2026-06-01 11:11:29,V028,103.0,1.000874265762095
2026-06-01,2026-06-01 11:11:30,V028,103.0,0.9992333048079356
2026-06-01,2026-06-01 11:11:31,V028,102.0,0.995231381744758
2026-06-01,2026-06-01 11:11:32,V028,102.0,0.9956146950884992
2026-06-01,2026-06-01 11:11:33,V028,102.0,0.9985862473021219
2026-06-01,2026-06-01 11:11:34,V028,102.0,1.0004283487756769
2026-06-01,2026-06-01 11:11:35,V028,102.0,0.998970029586991
2026-06-01,2026-06-01 11:11:36,V028,103.0,0.9983604474106264
2026-06-01,2026-06-01 11:11:37,V028,102.0,0.9942011444254748
2026-06-01,2026-06-01 11:11:38,V028,102.0,0.9976822896784474
2026-06-01,2026-06-01 11:11:39,V028,102.0,1.000107195649249
2026-06-01,2026-06-01 11:11:40,V028,102.0,1.0016841943762558
2026-06-01,2026-06-01 11:11:41,V028,102.0,0.9966361065050588
2026-06-01,2026-06-01 11:11:42,V028,101.0,0.9989505555015772
2026-06-01,2026-06-01 11:11:43,V028,100.0,1.0035389873574225
2026-06-01,2026-06-01 11:11:44,V028,100.0,0.9985039442330148
2026-06-01,2026-06-01 11:11:45,V028,100.0,1.0009541481389237
2026-06-01,2026-06-01 11:11:46,V028,101.0,1.001351529305923
2026-06-01,2026-06-01 11:11:47,V028,101.0,1.001442191252225
2026-06-01,2026-06-01 11:11:48,V028,101.0,0.9993096124579917
2026-06-01,2026-06-01 11:11:49,V028,101.0,1.0009675517694827
2026-06-01,2026-06-01 11:11:50,V028,101.0,1.0005718571578168
2026-06-01,2026-06-01 11:11:51,V028,101.0,0.9991445378859409
2026-06-01,2026-06-01 11:11:52,V028,102.0,1.0002022546590887
2026-06-01,2026-06-01 11:11:53,V028,102.0,1.000972482230115
2026-06-01,2026-06-01 11:11:54,V028,101.0,0.9989005895707701
2026-06-01,2026-06-01 11:11:55,V028,101.0,0.9974751564905148
2026-06-01,2026-06-01 11:11:56,V028,102.0,1.001303091596241
2026-06-01,2026-06-01 11:11:57,V028,102.0,0.9960869909864504
2026-06-01,2026-06-01 11:11:58,V028,102.0,0.9995005031031245
2026-06-01,2026-06-01 11:11:59,V028,102.0,1.0003922065565911
2026-06-01,2026-06-01 11:12:00,V028,102.0,1.000988456024926
2026-06-01,2026-06-01 11:12:01,V028,102.0,1.0002549859767893
2026-06-01,2026-06-01 11:12:02,V028,102.0,0.9996781217053
2026-06-01,2026-06-01 11:12:03,V028,102.0,0.9990066568368604
2026-06-01,2026-06-01 11:12:04,V028,102.0,1.0013237218828372
2026-06-01,2026-06-01 11:12:05,V028,102.0,0.9988176658680681
2026-06-01,2026-06-01 11:12:06,V028,102.0,0.9994580442662349
2026-06-01,2026-06-01 11:12:07,V028,102.0,1.0001154061579314
2026-06-01,2026-06-01 11:12:08,V028,103.0,1.002075583695539
2026-06-01,2026-06-01 11:12:09,V028,103.0,0.9979816507591681
2026-06-01,2026-06-01 11:12:10,V028,103.0,1.0006232897696525
2026-06-01,2026-06-01 11:12:11,V028,103.0,1.0003659075598164
2026-06-01,2026-06-01 11:12:12,V028,103.0,1.0074947249490984
2026-06-01,2026-06-01 11:12:13,V028,103.0,0.9972883417355238
2026-06-01,2026-06-01 11:12:14,V028,103.0,1.0036305810963353
2026-06-01,2026-06-01 11:12:15,V028,103.0,1.001921991676379
2026-06-01,2026-06-01 11:12:16,V028,103.0,0.9994231765769386
2026-06-01,2026-06-01 11:12:17,V028,103.0,1.0018294480352812
2026-06-01,2026-06-01 11:12:18,V028,103.0,0.9982870729410454
2026-06-01,2026-06-01 11:12:19,V028,103.0,1.0006497875550155
2026-06-01,2026-06-01 11:12:20,V028,103.0,0.9995059898018493
2026-06-01,2026-06-01 11:12:21,V028,103.0,0.9967178812337233
2026-06-01,2026-06-01 11:12:22,V028,103.0,1.0040889247564022
2026-06-01,2026-06-01 11:12:23,V028,103.0,0.9978321444015268
2026-06-01,2026-06-01 11:12:24,V028,103.0,1.0051978737763094
2026-06-01,2026-06-01 11:12:25,V028,102.0,0.9910882290708193
2026-06-01,2026-06-01 11:12:26,V028,102.0,0.9828972117001926
2026-06-01,2026-06-01 11:12:27,V028,102.0,0.9969409697787129
2026-06-01,2026-06-01 11:12:28,V028,101.0,1.0014561868896308
2026-06-01,2026-06-01 11:12:29,V028,101.0,1.0006950608780982
2026-06-01,2026-06-01 11:12:30,V028,101.0,0.9968386588573139
2026-06-01,2026-06-01 11:12:31,V028,101.0,0.9982896814052669
2026-06-01,2026-06-01 11:12:32,V028,102.0,0.9975505393889732
2026-06-01,2026-06-01 11:12:33,V028,102.0,0.9999939437227444
2026-06-01,2026-06-01 11:12:34,V028,102.0,1.0002015411929028
2026-06-01,2026-06-01 11:12:35,V028,103.0,1.0012121780612595
2026-06-01,2026-06-01 11:12:36,V028,103.0,1.0002987463263704
2026-06-01,2026-06-01 11:12:37,V028,104.0,0.9968370394847124
2026-06-01,2026-06-01 11:12:38,V028,105.0,1.0000840088896124
2026-06-01,2026-06-01 11:12:39,V028,105.0,1.0006225424964013
2026-06-01,2026-06-01 11:12:40,V028,106.0,0.9993135103987361
2026-06-01,2026-06-01 11:12:41,V028,106.0,0.9975336831408682
2026-06-01,2026-06-01 11:12:42,V028,106.0,0.9993579867865141
2026-06-01,2026-06-01 11:12:43,V028,106.0,0.999734269994669
2026-06-01,2026-06-01 11:12:44,V028,106.0,0.9995591809519488
2026-06-01,2026-06-01 11:12:45,V028,106.0,0.9974599931490696
2026-06-01,2026-06-01 11:12:46,V028,105.0,1.0016765431482533
2026-06-01,2026-06-01 11:12:47,V028,105.0,0.9993284023055761
2026-06-01,2026-06-01 11:12:48,V028,105.0,1.00200007566533
2026-06-01,2026-06-01 11:12:49,V028,105.0,0.998522003573315
2026-06-01,2026-06-01 11:12:50,V028,106.0,1.0001321135938424
2026-06-01,2026-06-01 11:12:51,V028,105.0,1.0004256150094042
2026-06-01,2026-06-01 11:12:52,V028,105.0,0.9981502744468771
2026-06-01,2026-06-01 11:12:53,V028,105.0,1.0019385457106278
2026-06-01,2026-06-01 11:12:54,V028,105.0,0.9980509227254919
2026-06-01,2026-06-01 11:12:55,V028,105.0,0.9978503852694706
2026-06-01,2026-06-01 11:12:56,V028,105.0,0.996669048207645
2026-06-01,2026-06-01 11:12:57,V028,105.0,1.001079156592866
2026-06-01,2026-06-01 11:12:58,V028,105.0,1.0007984273800872
2026-06-01,2026-06-01 11:12:59,V028,104.0,0.9995668974079052
2026-06-01,2026-06-01 11:13:00,V028,104.0,1.006986890174054
2026-06-01,2026-06-01 11:13:01,V028,104.0,1.0074887315273908
2026-06-01,2026-06-01 11:13:02,V028,104.0,1.001871251424134
2026-06-01,2026-06-01 11:13:03,V028,104.0,1.0001241658794677
2026-06-01,2026-06-01 11:13:04,V028,104.0,0.99914093230124
2026-06-01,2026-06-01 11:13:05,V028,104.0,1.0017939863960164
2026-06-01,2026-06-01 11:13:06,V028,104.0,1.0028169164761909
2026-06-01,2026-06-01 11:13:07,V028,104.0,0.9970950725216371
2026-06-01,2026-06-01 11:13:08,V028,103.0,1.0016816355828315
2026-06-01,2026-06-01 11:13:09,V028,103.0,0.9998105371596772
2026-06-01,2026-06-01 11:13:10,V028,103.0,0.9999417265953706
2026-06-01,2026-06-01 11:13:11,V028,103.0,1.0010135255004469
2026-06-01,2026-06-01 11:13:12,V028,103.0,0.9998797080443209
2026-06-01,2026-06-01 11:13:13,V028,104.0,1.013917705121039
2026-06-01,2026-06-01 11:13:14,V028,105.0,0.9638942705413202
2026-06-01,2026-06-01 11:13:15,V028,105.0,1.0003189960056562
2026-06-01,2026-06-01 11:13:16,V028,106.0,1.004580655936568
2026-06-01,2026-06-01 11:13:17,V028,106.0,0.997450288179868
2026-06-01,2026-06-01 11:13:18,V028,105.0,1.0049327108599957
2026-06-01,2026-06-01 11:13:19,V028,106.0,0.9971036731298879
2026-06-01,2026-06-01 11:13:20,V028,106.0,1.0017871593581815
2026-06-01,2026-06-01 11:13:21,V028,106.0,0.9995894804699529
2026-06-01,2026-06-01 11:13:22,V028,106.0,0.99755418996335
2026-06-01,2026-06-01 11:13:23,V028,107.0,1.0011996938053582
2026-06-01,2026-06-01 11:13:24,V028,107.0,1.0033577991019997
2026-06-01,2026-06-01 11:13:25,V028,108.0,1.0004194653698717
2026-06-01,2026-06-01 11:13:26,V028,109.0,0.9999859128095281
2026-06-01,2026-06-01 11:13:27,V028,110.0,1.0020690424087941
2026-06-01,2026-06-01 11:13:28,V028,111.0,0.9978501020611892
2026-06-01,2026-06-01 11:13:29,V028,110.0,0.9993788134614129
2026-06-01,2026-06-01 11:13:30,V028,110.0,0.9997859840104982
2026-06-01,2026-06-01 11:13:31,V028,109.0,0.9998911688983143
2026-06-01,2026-06-01 11:13:32,V028,109.0,1.0016458539866424
2026-06-01,2026-06-01 11:13:33,V028,109.0,0.9982391363508134
2026-06-01,2026-06-01 11:13:34,V028,108.0,0.9967493399110785
2026-06-01,2026-06-01 11:13:35,V028,108.0,1.0025788810469844
2026-06-01,2026-06-01 11:13:36,V028,108.0,0.9994144733403884
2026-06-01,2026-06-01 11:13:37,V028,108.0,0.9995987070449375
2026-06-01,2026-06-01 11:13:38,V028,107.0,0.999277738979772
2026-06-01,2026-06-01 11:13:39,V028,108.0,0.9996380250165318
2026-06-01,2026-06-01 11:13:40,V028,108.0,0.9948268877535645
2026-06-01,2026-06-01 11:13:41,V028,108.0,1.000062643597934
2026-06-01,2026-06-01 11:13:42,V028,108.0,1.001509439087113
2026-06-01,2026-06-01 11:13:43,V028,108.0,0.994383441122189
2026-06-01,2026-06-01 11:13:44,V028,108.0,1.0023047279783222
2026-06-01,2026-06-01 11:13:45,V028,108.0,1.011250485270527
2026-06-01,2026-06-01 11:13:46,V028,108.0,0.999771921831905
2026-06-01,2026-06-01 11:13:47,V028,107.0,1.0012035639752712
2026-06-01,2026-06-01 11:13:48,V028,107.0,0.9978210483444582
2026-06-01,2026-06-01 11:13:49,V028,107.0,0.9988395389637105
2026-06-01,2026-06-01 11:13:50,V028,107.0,1.000130309723677
2026-06-01,2026-06-01 11:13:51,V028,108.0,0.9944370005031474
2026-06-01,2026-06-01 11:13:52,V028,108.0,0.9945429742886711
2026-06-01,2026-06-01 11:13:53,V028,108.0,0.9995216323187103
2026-06-01,2026-06-01 11:13:54,V028,108.0,0.9907655793510427
2026-06-01,2026-06-01 11:13:55,V028,108.0,1.0112157767596732
2026-06-01,2026-06-01 11:13:56,V028,108.0,1.0039145541030325
2026-06-01,2026-06-01 11:13:57,V028,108.0,0.9956975517902584
2026-06-01,2026-06-01 11:13:58,V028,108.0,0.9949219218110479
2026-06-01,2026-06-01 11:13:59,V028,108.0,0.9930853592397931
2026-06-01,2026-06-01 11:14:00,V028,108.0,1.0001731041317872
2026-06-01,2026-06-01 11:14:01,V028,108.0,0.9951776842526528
2026-06-01,2026-06-01 11:14:02,V028,108.0,1.003167579313543
2026-06-01,2026-06-01 11:14:03,V028,108.0,1.0019447335980116
2026-06-01,2026-06-01 11:14:04,V028,108.0,0.9986742531388226
2026-06-01,2026-06-01 11:14:05,V028,108.0,1.003287009964068
2026-06-01,2026-06-01 11:14:06,V028,108.0,1.0085983200580548
2026-06-01,2026-06-01 11:14:07,V028,109.0,1.0007333040859117
2026-06-01,2026-06-01 11:14:08,V028,111.0,0.9991626727413013
2026-06-01,2026-06-01 11:14:09,V028,111.0,0.9994797226235818
2026-06-01,2026-06-01 11:14:10,V028,111.0,0.9995551228754941
2026-06-01,2026-06-01 11:14:11,V028,111.0,0.9994439929267583
2026-06-01,2026-06-01 11:14:12,V028,112.0,1.0036028253423677
2026-06-01,2026-06-01 11:14:13,V028,112.0,0.9969131484180433
2026-06-01,2026-06-01 11:14:14,V028,112.0,0.9975348637728909
2026-06-01,2026-06-01 11:14:15,V028,112.0,0.9992523692467997
2026-06-01,2026-06-01 11:14:16,V028,112.0,0.9988518405616387
2026-06-01,2026-06-01 11:14:17,V028,113.0,0.9987998868280293
2026-06-01,2026-06-01 11:14:18,V028,114.0,1.00005282644346
2026-06-01,2026-06-01 11:14:19,V028,114.0,0.9982988732071917
2026-06-01,2026-06-01 11:14:20,V028,114.0,1.0001376455686846
2026-06-01,2026-06-01 11:14:21,V028,115.0,1.0007867596554547
2026-06-01,2026-06-01 11:14:22,V028,115.0,1.0038952243515786
2026-06-01,2026-06-01 11:14:23,V028,116.0,1.0009579074386994
2026-06-01,2026-06-01 11:14:24,V028,116.0,1.0015515607406507
2026-06-01,2026-06-01 11:14:25,V028,116.0,1.0048735910453281
2026-06-01,2026-06-01 11:14:26,V028,116.0,1.0008536765483014
2026-06-01,2026-06-01 11:14:27,V028,116.0,0.9985803052036444
2026-06-01,2026-06-01 11:14:28,V028,116.0,0.997071290260688
2026-06-01,2026-06-01 11:14:29,V028,115.0,1.0032401516967078
2026-06-01,2026-06-01 11:14:30,V028,115.0,1.0006190156029564
2026-06-01,2026-06-01 11:14:31,V028,115.0,0.9986240325353218
2026-06-01,2026-06-01 11:14:32,V028,115.0,0.999867390034668
2026-06-01,2026-06-01 11:14:33,V028,114.0,0.9990146589814326
2026-06-01,2026-06-01 11:14:34,V028,114.0,0.9989986641633368
2026-06-01,2026-06-01 11:14:35,V028,113.0,0.9958513607579329
2026-06-01,2026-06-01 11:14:36,V028,113.0,1.00138045466877
2026-06-01,2026-06-01 11:14:37,V028,113.0,0.998686890829073
2026-06-01,2026-06-01 11:14:38,V028,113.0,0.99902486671021
2026-06-01,2026-06-01 11:14:39,V028,113.0,0.9995806047775564
2026-06-01,2026-06-01 11:14:40,V028,114.0,1.0014194412222746
2026-06-01,2026-06-01 11:14:41,V028,113.0,0.9979987904834443
2026-06-01,2026-06-01 11:14:42,V028,113.0,1.0011077902757108
2026-06-01,2026-06-01 11:14:43,V028,113.0,1.001856297365559
2026-06-01,2026-06-01 11:14:44,V028,113.0,0.9984790775084766
2026-06-01,2026-06-01 11:14:45,V028,113.0,1.000872571472573
2026-06-01,2026-06-01 11:14:46,V028,113.0,0.9964704912954189
2026-06-01,2026-06-01 11:14:47,V028,113.0,1.0008000302082791
2026-06-01,2026-06-01 11:14:48,V028,113.0,0.9977492421117432
2026-06-01,2026-06-01 11:14:49,V028,113.0,1.0020499267345102
2026-06-01,2026-06-01 11:14:50,V028,113.0,0.9932547653598873
2026-06-01,2026-06-01 11:14:51,V028,114.0,0.9964185572280327
2026-06-01,2026-06-01 11:14:52,V028,115.0,0.9961278757603447
2026-06-01,2026-06-01 11:14:53,V028,116.0,0.9975111986619462
2026-06-01,2026-06-01 11:14:54,V028,117.0,0.9987649355295721
2026-06-01,2026-06-01 11:14:55,V028,119.0,0.9981642254504721
2026-06-01,2026-06-01 11:14:56,V028,121.0,1.0006205663472374
2026-06-01,2026-06-01 11:14:57,V028,120.0,0.9999191707035954
2026-06-01,2026-06-01 11:14:58,V028,119.0,0.9988384343087752
2026-06-01,2026-06-01 11:14:59,V028,118.0,0.9950915828688492
2026-06-01,2026-06-01 11:15:00,V028,117.0,0.9952983208730846
2026-06-01,2026-06-01 11:15:01,V028,116.0,0.9986374622620271
2026-06-01,2026-06-01 11:15:02,V028,115.0,0.9971622659288893
2026-06-01,2026-06-01 11:15:03,V028,114.0,1.0024487651663676
2026-06-01,2026-06-01 11:15:04,V028,114.0,0.9974229163029873
2026-06-01,2026-06-01 11:15:05,V028,114.0,1.0023685856993094
2026-06-01,2026-06-01 11:15:06,V028,114.0,1.0003601010013194
2026-06-01,2026-06-01 11:15:07,V028,114.0,1.0011663661201855
2026-06-01,2026-06-01 11:15:08,V028,114.0,1.0036668849773354
2026-06-01,2026-06-01 11:15:09,V028,115.0,1.0001467994502204
2026-06-01,2026-06-01 11:15:10,V028,115.0,1.0049423509090263
2026-06-01,2026-06-01 11:15:11,V028,115.0,0.9992564778976979
2026-06-01,2026-06-01 11:15:12,V028,115.0,1.0001698554776026
2026-06-01,2026-06-01 11:15:13,V028,115.0,0.9977525555461422
2026-06-01,2026-06-01 11:15:14,V028,116.0,1.002243237487944
2026-06-01,2026-06-01 11:15:15,V028,116.0,1.0012026306912785
2026-06-01,2026-06-01 11:15:16,V028,116.0,0.9990071657408351
2026-06-01,2026-06-01 11:15:17,V028,116.0,1.0003858937116006
2026-06-01,2026-06-01 11:15:18,V028,116.0,0.9976211428240149
2026-06-01,2026-06-01 11:15:19,V028,117.0,1.014489279539357
2026-06-01,2026-06-01 11:15:20,V028,117.0,1.0005366189776967
2026-06-01,2026-06-01 11:15:21,V028,117.0,1.0033161941719646
2026-06-01,2026-06-01 11:15:22,V028,117.0,0.9971298314465805
2026-06-01,2026-06-01 11:15:23,V028,116.0,1.0049653198514321
2026-06-01,2026-06-01 11:15:24,V028,116.0,1.0013386519009602
2026-06-01,2026-06-01 11:15:25,V028,115.0,1.001273939041836
2026-06-01,2026-06-01 11:15:26,V028,115.0,1.0070111539057065
2026-06-01,2026-06-01 11:15:27,V028,114.0,1.0048873658650543
2026-06-01,2026-06-01 11:15:28,V028,114.0,1.0021158826037513
2026-06-01,2026-06-01 11:15:29,V028,113.0,1.0035231540821246
2026-06-01,2026-06-01 11:15:30,V028,113.0,1.0035014134916262
2026-06-01,2026-06-01 11:15:31,V028,112.0,1.0047686305607841
2026-06-01,2026-06-01 11:15:32,V028,112.0,1.0058684140271446
2026-06-01,2026-06-01 11:15:33,V028,112.0,0.9983030554430864
2026-06-01,2026-06-01 11:15:34,V028,112.0,0.99841151154783
2026-06-01,2026-06-01 11:15:35,V028,112.0,0.9976635147665994
2026-06-01,2026-06-01 11:15:36,V028,112.0,1.0009559601197133
2026-06-01,2026-06-01 11:15:37,V028,112.0,0.995792981314357
2026-06-01,2026-06-01 11:15:38,V028,112.0,0.9983618722439453
2026-06-01,2026-06-01 11:15:39,V028,112.0,0.9989828232163451
2026-06-01,2026-06-01 11:15:40,V028,113.0,1.0021229550063513
2026-06-01,2026-06-01 11:15:41,V028,114.0,1.0058612786327241
2026-06-01,2026-06-01 11:15:42,V028,114.0,1.0081066573008797
2026-06-01,2026-06-01 11:15:43,V028,115.0,0.9982459493275089
2026-06-01,2026-06-01 11:15:44,V028,115.0,0.9969035177406264
2026-06-01,2026-06-01 11:15:45,V028,115.0,0.9993407053254545
2026-06-01,2026-06-01 11:15:46,V028,115.0,1.0003053388933398
2026-06-01,2026-06-01 11:15:47,V028,114.0,1.000109931387748
2026-06-01,2026-06-01 11:15:48,V028,114.0,1.00322985807749
2026-06-01,2026-06-01 11:15:49,V028,114.0,1.004462660575328
2026-06-01,2026-06-01 11:15:50,V028,114.0,1.0019005911933219
2026-06-01,2026-06-01 11:15:51,V028,115.0,0.9995697268006045
2026-06-01,2026-06-01 11:15:52,V028,115.0,0.9984570109680783
2026-06-01,2026-06-01 11:15:53,V028,115.0,1.004381713921135
2026-06-01,2026-06-01 11:15:54,V028,116.0,0.9986427012215595
2026-06-01,2026-06-01 11:15:55,V028,116.0,0.9989053865359938
2026-06-01,2026-06-01 11:15:56,V028,116.0,1.0037064735126218
2026-06-01,2026-06-01 11:15:57,V028,116.0,1.0011760178287001
2026-06-01,2026-06-01 11:15:58,V028,116.0,0.99863554673026
2026-06-01,2026-06-01 11:15:59,V028,116.0,0.9995609699491583
2026-06-01,2026-06-01 11:16:00,V028,116.0,1.0031967369845325
2026-06-01,2026-06-01 11:16:01,V028,116.0,1.0030249283370434
2026-06-01,2026-06-01 11:16:02,V028,116.0,1.0046481952812243
2026-06-01,2026-06-01 11:16:03,V028,116.0,1.0031219456357816
2026-06-01,2026-06-01 11:16:04,V028,116.0,0.9976468380979165
2026-06-01,2026-06-01 11:16:05,V028,115.0,1.0007742590104778
2026-06-01,2026-06-01 11:16:06,V028,115.0,1.0016085563227226
2026-06-01,2026-06-01 11:16:07,V028,114.0,1.0014651412412252
2026-06-01,2026-06-01 11:16:08,V028,114.0,0.9995278343831515
2026-06-01,2026-06-01 11:16:09,V028,114.0,1.000257593241741
2026-06-01,2026-06-01 11:16:10,V028,114.0,0.9995207868227071
2026-06-01,2026-06-01 11:16:11,V028,114.0,0.9986944967914756
2026-06-01,2026-06-01 11:16:12,V028,114.0,0.9991073799661242
2026-06-01,2026-06-01 11:16:13,V028,114.0,0.9991362143880419
2026-06-01,2026-06-01 11:16:14,V028,114.0,0.999947969023472
2026-06-01,2026-06-01 11:16:15,V028,114.0,0.9965842106248077
2026-06-01,2026-06-01 11:16:16,V028,114.0,1.0000679938964945
2026-06-01,2026-06-01 11:16:17,V028,114.0,0.9981067439107211
2026-06-01,2026-06-01 11:16:18,V028,114.0,0.9993552673059914
2026-06-01,2026-06-01 11:16:19,V028,114.0,0.9988563955012565
2026-06-01,2026-06-01 11:16:20,V028,114.0,1.00009991537726
2026-06-01,2026-06-01 11:16:21,V028,113.0,1.0004189547858
2026-06-01,2026-06-01 11:16:22,V028,113.0,0.9995896118802827
2026-06-01,2026-06-01 11:16:23,V028,112.0,0.999298251641727
2026-06-01,2026-06-01 11:16:24,V028,111.0,0.99949159835994
2026-06-01,2026-06-01 11:16:25,V028,109.0,1.0007755690409148
2026-06-01,2026-06-01 11:16:26,V028,108.0,1.0020817651961222
2026-06-01,2026-06-01 11:16:27,V028,107.0,0.9991685392025198
2026-06-01,2026-06-01 11:16:28,V028,106.0,0.9971058873619517
2026-06-01,2026-06-01 11:16:29,V028,106.0,1.0002865682245436
2026-06-01,2026-06-01 11:16:30,V028,105.0,0.9993554902860755
2026-06-01,2026-06-01 11:16:31,V028,103.0,0.9988174719756008
2026-06-01,2026-06-01 11:16:32,V028,102.0,1.0001537200787702
2026-06-01,2026-06-01 11:16:33,V028,101.0,1.0003486660373024
2026-06-01,2026-06-01 11:16:34,V028,101.0,0.9991355067408682
2026-06-01,2026-06-01 11:16:35,V028,102.0,1.0001216317810824
2026-06-01,2026-06-01 11:16:36,V028,102.0,1.0011718323437162
2026-06-01,2026-06-01 11:16:37,V028,102.0,1.0000839523182417
2026-06-01,2026-06-01 11:16:38,V028,102.0,1.0010042510814483
2026-06-01,2026-06-01 11:16:39,V028,102.0,0.996585275387774
2026-06-01,2026-06-01 11:16:40,V028,102.0,0.9983306342193542
2026-06-01,2026-06-01 11:16:41,V028,102.0,1.0000857722432086
2026-06-01,2026-06-01 11:16:42,V028,102.0,0.9974884287811068
2026-06-01,2026-06-01 11:16:43,V028,101.0,1.0007708699730347
2026-06-01,2026-06-01 11:16:44,V028,101.0,0.9999489432473696
2026-06-01,2026-06-01 11:16:45,V028,102.0,0.9986988815741098
2026-06-01,2026-06-01 11:16:46,V028,102.0,0.9995676978964027
2026-06-01,2026-06-01 11:16:47,V028,102.0,0.9917117733010832
2026-06-01,2026-06-01 11:16:48,V028,103.0,0.9992318880395153
2026-06-01,2026-06-01 11:16:49,V028,103.0,1.0025895378280911
2026-06-01,2026-06-01 11:16:50,V028,103.0,0.9982547573852097
2026-06-01,2026-06-01 11:16:51,V028,102.0,1.0022767018605265
2026-06-01,2026-06-01 11:16:52,V028,102.0,1.000488183312447
2026-06-01,2026-06-01 11:16:53,V028,102.0,1.0005392421702712
2026-06-01,2026-06-01 11:16:54,V028,103.0,0.998717486834404
2026-06-01,2026-06-01 11:16:55,V028,104.0,0.9997717437886917
2026-06-01,2026-06-01 11:16:56,V028,105.0,0.9993044825480378
2026-06-01,2026-06-01 11:16:57,V028,105.0,0.9991823655293791
2026-06-01,2026-06-01 11:16:58,V028,106.0,0.9999963231837017
2026-06-01,2026-06-01 11:16:59,V028,106.0,0.999847369921249
2026-06-01,2026-06-01 11:17:00,V028,106.0,1.0029508208488311
2026-06-01,2026-06-01 11:17:01,V028,106.0,0.99921424657301
2026-06-01,2026-06-01 11:17:02,V028,106.0,0.9987671232577379
2026-06-01,2026-06-01 11:17:03,V028,106.0,0.9970093451080578
2026-06-01,2026-06-01 11:17:04,V028,106.0,1.0012261362707717
2026-06-01,2026-06-01 11:17:05,V028,105.0,0.999138111117693
2026-06-01,2026-06-01 11:17:06,V028,105.0,0.9983451652301755
2026-06-01,2026-06-01 11:17:07,V028,104.0,0.998254420164572
2026-06-01,2026-06-01 11:17:08,V028,104.0,1.0030827635765747
2026-06-01,2026-06-01 11:17:09,V028,104.0,1.004549782524005
2026-06-01,2026-06-01 11:17:10,V028,104.0,0.9977459918288646
2026-06-01,2026-06-01 11:17:11,V028,104.0,0.9982524650762035
2026-06-01,2026-06-01 11:17:12,V028,104.0,1.0026436632437534
2026-06-01,2026-06-01 11:17:13,V028,104.0,1.000951554998554
2026-06-01,2026-06-01 11:17:14,V028,104.0,0.9990777463909426
2026-06-01,2026-06-01 11:17:15,V028,104.0,1.003788270481119
2026-06-01,2026-06-01 11:17:16,V028,104.0,1.0038850904069139
2026-06-01,2026-06-01 11:17:17,V028,104.0,1.0023478176845784
2026-06-01,2026-06-01 11:17:18,V028,104.0,1.0002578117570429
2026-06-01,2026-06-01 11:17:19,V028,104.0,1.0001541393671831
2026-06-01,2026-06-01 11:17:20,V028,104.0,0.9992771792525122
2026-06-01,2026-06-01 11:17:21,V028,105.0,1.0022626088448103
2026-06-01,2026-06-01 11:17:22,V028,105.0,1.0008668258482298
2026-06-01,2026-06-01 11:17:23,V028,105.0,1.000834235933536
2026-06-01,2026-06-01 11:17:24,V028,105.0,1.000655658247992
2026-06-01,2026-06-01 11:17:25,V028,104.0,1.0005826322381273
2026-06-01,2026-06-01 11:17:26,V028,103.0,0.9977212014538313
2026-06-01,2026-06-01 11:17:27,V028,103.0,0.9973221932504429
2026-06-01,2026-06-01 11:17:28,V028,102.0,0.998324114394508
2026-06-01,2026-06-01 11:17:29,V028,102.0,0.9989260673694231
2026-06-01,2026-06-01 11:17:30,V028,102.0,1.0007916586677408
2026-06-01,2026-06-01 11:17:31,V028,101.0,1.0012573408577634
2026-06-01,2026-06-01 11:17:32,V028,101.0,1.0039798615245292
2026-06-01,2026-06-01 11:17:33,V028,101.0,0.9977637577182633
2026-06-01,2026-06-01 11:17:34,V028,101.0,0.9974078858512796
2026-06-01,2026-06-01 11:17:35,V028,101.0,1.0040775226379541
2026-06-01,2026-06-01 11:17:36,V028,101.0,1.000388745485265
2026-06-01,2026-06-01 11:17:37,V028,101.0,0.9966007595448537
2026-06-01,2026-06-01 11:17:38,V028,101.0,0.9973700532350637
2026-06-01,2026-06-01 11:17:39,V028,102.0,0.9984996248872279
2026-06-01,2026-06-01 11:17:40,V028,102.0,0.9995864930087132
2026-06-01,2026-06-01 11:17:41,V028,102.0,0.9985284452649169
2026-06-01,2026-06-01 11:17:42,V028,102.0,1.0038884522699003
2026-06-01,2026-06-01 11:17:43,V028,102.0,0.9995253085930381
2026-06-01,2026-06-01 11:17:44,V028,102.0,1.002248723276382
2026-06-01,2026-06-01 11:17:45,V028,102.0,1.0009592159917398
2026-06-01,2026-06-01 11:17:46,V028,101.0,1.0026121074556458
2026-06-01,2026-06-01 11:17:47,V028,101.0,1.0028965338115803
2026-06-01,2026-06-01 11:17:48,V028,101.0,1.0020533384307673
2026-06-01,2026-06-01 11:17:49,V028,101.0,0.9990552610333383
2026-06-01,2026-06-01 11:17:50,V028,101.0,1.001378229306219
2026-06-01,2026-06-01 11:17:51,V028,102.0,0.9976053191026374
2026-06-01,2026-06-01 11:17:52,V028,103.0,1.0018950919480356
2026-06-01,2026-06-01 11:17:53,V028,102.0,1.0022565865352544
2026-06-01,2026-06-01 11:17:54,V028,101.0,1.0033838026816018
2026-06-01,2026-06-01 11:17:55,V028,102.0,0.9980083328950511
2026-06-01,2026-06-01 11:17:56,V028,102.0,0.998736690277815
2026-06-01,2026-06-01 11:17:57,V028,102.0,0.9996744319963431
2026-06-01,2026-06-01 11:17:58,V028,102.0,0.9993951711474844
2026-06-01,2026-06-01 11:17:59,V028,102.0,0.9991748602282531
2026-06-01,2026-06-01 11:18:00,V028,101.0,1.0025163924279485
2026-06-01,2026-06-01 11:18:01,V028,101.0,0.999972617681231
2026-06-01,2026-06-01 11:18:02,V028,101.0,1.0006355372314308
2026-06-01,2026-06-01 11:18:03,V028,101.0,1.0007986349104414
2026-06-01,2026-06-01 11:18:04,V028,101.0,1.0000496106567536
2026-06-01,2026-06-01 11:18:05,V028,101.0,1.00010390480397
2026-06-01,2026-06-01 11:18:06,V028,101.0,0.9984531289608254
2026-06-01,2026-06-01 11:18:07,V028,101.0,0.9983729269651435
2026-06-01,2026-06-01 11:18:08,V028,101.0,1.0010386453304976
2026-06-01,2026-06-01 11:18:09,V028,101.0,0.9984830937589964
2026-06-01,2026-06-01 11:18:10,V028,101.0,0.999495271667086
2026-06-01,2026-06-01 11:18:11,V028,101.0,0.9986498347301447
2026-06-01,2026-06-01 11:18:12,V028,101.0,1.0009136640876968
2026-06-01,2026-06-01 11:18:13,V028,101.0,0.9989692632896003
2026-06-01,2026-06-01 11:18:14,V028,101.0,1.0013772323261887
2026-06-01,2026-06-01 11:18:15,V028,101.0,1.0000976815472395
2026-06-01,2026-06-01 11:18:16,V028,101.0,1.000408938638115
2026-06-01,2026-06-01 11:18:17,V028,101.0,0.9993976030878304
2026-06-01,2026-06-01 11:18:18,V028,101.0,0.9966542064126034
2026-06-01,2026-06-01 11:18:19,V028,102.0,1.0009114193057644
2026-06-01,2026-06-01 11:18:20,V028,103.0,0.9993409669556712
2026-06-01,2026-06-01 11:18:21,V028,102.0,1.0003266907735961
2026-06-01,2026-06-01 11:18:22,V028,102.0,0.9956387572360927
2026-06-01,2026-06-01 11:18:23,V028,101.0,0.999436416178954
2026-06-01,2026-06-01 11:18:24,V028,100.0,0.9999863497358623
2026-06-01,2026-06-01 11:18:25,V028,99.0,0.9982035834205313
2026-06-01,2026-06-01 11:18:26,V028,98.0,0.9988088040219362
2026-06-01,2026-06-01 11:18:27,V028,97.0,1.0001721893198372
2026-06-01,2026-06-01 11:18:28,V028,96.0,0.9994625475012515
2026-06-01,2026-06-01 11:18:29,V028,97.0,0.9991204128074656
2026-06-01,2026-06-01 11:18:30,V028,97.0,0.9973953658438751
2026-06-01,2026-06-01 11:18:31,V028,97.0,1.0020279679947697
2026-06-01,2026-06-01 11:18:32,V028,97.0,0.9977825291924741
2026-06-01,2026-06-01 11:18:33,V028,97.0,0.9985466707935841
2026-06-01,2026-06-01 11:18:34,V028,98.0,0.9995632980022333
2026-06-01,2026-06-01 11:18:35,V028,98.0,1.000056773096442
2026-06-01,2026-06-01 11:18:36,V028,98.0,0.9984543874742224
2026-06-01,2026-06-01 11:18:37,V028,98.0,0.9976098200229438
2026-06-01,2026-06-01 11:18:38,V028,98.0,1.000758724107558
2026-06-01,2026-06-01 11:18:39,V028,98.0,0.9969877530172877
2026-06-01,2026-06-01 11:18:40,V028,98.0,0.9986605078286271
2026-06-01,2026-06-01 11:18:41,V028,97.0,1.0024090881478414
2026-06-01,2026-06-01 11:18:42,V028,97.0,0.9950380270887068
2026-06-01,2026-06-01 11:18:43,V028,97.0,1.0007596674305321
2026-06-01,2026-06-01 11:18:44,V028,97.0,1.0045271186710023
2026-06-01,2026-06-01 11:18:45,V028,97.0,0.9997397352402647
2026-06-01,2026-06-01 11:18:46,V028,96.0,1.0023071688100464
2026-06-01,2026-06-01 11:18:47,V028,96.0,0.9991228466380302
2026-06-01,2026-06-01 11:18:48,V028,97.0,0.9986322546639536
2026-06-01,2026-06-01 11:18:49,V028,97.0,1.0001796634632458
2026-06-01,2026-06-01 11:18:50,V028,97.0,0.9972891301976734
2026-06-01,2026-06-01 11:18:51,V028,97.0,0.9968597674205325
2026-06-01,2026-06-01 11:18:52,V028,97.0,0.9977032261502865
2026-06-01,2026-06-01 11:18:53,V028,97.0,1.0022175202040413
2026-06-01,2026-06-01 11:18:54,V028,97.0,1.0042719963088582
2026-06-01,2026-06-01 11:18:55,V028,98.0,0.9983434781541165
2026-06-01,2026-06-01 11:18:56,V028,98.0,0.9985686305315478
2026-06-01,2026-06-01 11:18:57,V028,97.0,0.9989888088769747
2026-06-01,2026-06-01 11:18:58,V028,97.0,0.998428076534697
2026-06-01,2026-06-01 11:18:59,V028,97.0,0.9986738506629802
2026-06-01,2026-06-01 11:19:00,V028,98.0,1.0002928171883232
2026-06-01,2026-06-01 11:19:01,V028,98.0,1.004308578172879
2026-06-01,2026-06-01 11:19:02,V028,98.0,0.9968434442897003
2026-06-01,2026-06-01 11:19:03,V028,98.0,0.9964036064212666
2026-06-01,2026-06-01 11:19:04,V028,99.0,0.99666736749794
2026-06-01,2026-06-01 11:19:05,V028,99.0,0.998218202875023
2026-06-01,2026-06-01 11:19:06,V028,98.0,0.9976317113523707
2026-06-01,2026-06-01 11:19:07,V028,98.0,0.9980200166148516
2026-06-01,2026-06-01 11:19:08,V028,98.0,1.0004381868995396
2026-06-01,2026-06-01 11:19:09,V028,98.0,1.0046030485696398
2026-06-01,2026-06-01 11:19:10,V028,98.0,0.9988070590800762
2026-06-01,2026-06-01 11:19:11,V028,98.0,0.9931478471673145
2026-06-01,2026-06-01 11:19:12,V028,97.0,1.0138246800999315
2026-06-01,2026-06-01 11:19:13,V028,97.0,0.9972945429651501
2026-06-01,2026-06-01 11:19:14,V028,97.0,0.995771665504032
2026-06-01,2026-06-01 11:19:15,V028,96.0,0.9998969666695522
2026-06-01,2026-06-01 11:19:16,V028,96.0,0.9891290753963451
2026-06-01,2026-06-01 11:19:17,V028,96.0,0.9987053152031284
2026-06-01,2026-06-01 11:19:18,V028,95.0,1.0010792915151006
2026-06-01,2026-06-01 11:19:19,V028,95.0,1.0008482890222294
2026-06-01,2026-06-01 11:19:20,V028,95.0,0.9882955094753338
2026-06-01,2026-06-01 11:19:21,V028,94.0,0.9984360506102021
2026-06-01,2026-06-01 11:19:22,V028,94.0,0.9989503890328036
2026-06-01,2026-06-01 11:19:23,V028,94.0,0.9973010765237016
2026-06-01,2026-06-01 11:19:24,V028,94.0,0.9995447047496273
2026-06-01,2026-06-01 11:19:25,V028,94.0,1.0000328882782086
2026-06-01,2026-06-01 11:19:26,V028,94.0,0.9950192911925363
2026-06-01,2026-06-01 11:19:27,V028,94.0,0.9983923096850587
2026-06-01,2026-06-01 11:19:28,V028,94.0,0.9983280421546603
2026-06-01,2026-06-01 11:19:29,V028,94.0,0.9990784524121059
2026-06-01,2026-06-01 11:19:30,V028,95.0,0.9967912288631623
2026-06-01,2026-06-01 11:19:31,V028,95.0,1.00503802925278
2026-06-01,2026-06-01 11:19:32,V028,95.0,0.9987424736085051
2026-06-01,2026-06-01 11:19:33,V028,96.0,1.0006978921986531
2026-06-01,2026-06-01 11:19:34,V028,95.0,0.9993931772177237
2026-06-01,2026-06-01 11:19:35,V028,95.0,1.0019740603466822
2026-06-01,2026-06-01 11:19:36,V028,95.0,1.0013616205010794
2026-06-01,2026-06-01 11:19:37,V028,94.0,1.00098793694312
2026-06-01,2026-06-01 11:19:38,V028,93.0,0.9975027514094089
2026-06-01,2026-06-01 11:19:39,V028,92.0,0.9996179309511131
2026-06-01,2026-06-01 11:19:40,V028,91.0,0.9976044180549419
2026-06-01,2026-06-01 11:19:41,V028,90.0,1.0008838621244647
2026-06-01,2026-06-01 11:19:42,V028,90.0,0.9970656733917924
2026-06-01,2026-06-01 11:19:43,V028,89.0,1.00028717710906
2026-06-01,2026-06-01 11:19:44,V028,88.0,0.9984187184811196
2026-06-01,2026-06-01 11:19:45,V028,89.0,1.0032260821264198
2026-06-01,2026-06-01 11:19:46,V028,89.0,1.001161937942723
2026-06-01,2026-06-01 11:19:47,V028,89.0,1.0004336275444663
2026-06-01,2026-06-01 11:19:48,V028,89.0,0.9988400729864364
2026-06-01,2026-06-01 11:19:49,V028,89.0,0.9992671307701603
2026-06-01,2026-06-01 11:19:50,V028,89.0,1.0036074594781739
2026-06-01,2026-06-01 11:19:51,V028,89.0,1.001581180143569
2026-06-01,2026-06-01 11:19:52,V028,89.0,1.0021491095189237
2026-06-01,2026-06-01 11:19:53,V028,89.0,0.998151117876834
2026-06-01,2026-06-01 11:19:54,V028,89.0,1.0019015256324129
2026-06-01,2026-06-01 11:19:55,V028,89.0,1.003092835846831
2026-06-01,2026-06-01 11:19:56,V028,89.0,0.9923110904399282
2026-06-01,2026-06-01 11:19:57,V028,89.0,1.0032766946037799
2026-06-01,2026-06-01 11:19:58,V028,89.0,0.9994814633503786
2026-06-01,2026-06-01 11:19:59,V028,90.0,0.998692046199762
2026-06-01,2026-06-01 11:20:00,V028,90.0,1.0025709940017866
2026-06-01,2026-06-01 11:20:01,V028,91.0,0.9993365493765263
2026-06-01,2026-06-01 11:20:02,V028,91.0,0.9999593104715276
2026-06-01,2026-06-01 11:20:03,V028,91.0,0.9997993449670872
2026-06-01,2026-06-01 11:20:04,V028,91.0,1.0049720476238448
2026-06-01,2026-06-01 11:20:05,V028,91.0,1.0011057427130823
2026-06-01,2026-06-01 11:20:06,V028,91.0,0.9997107053610188
2026-06-01,2026-06-01 11:20:07,V028,91.0,0.9998457752195893
2026-06-01,2026-06-01 11:20:08,V028,91.0,0.9920360196526915
2026-06-01,2026-06-01 11:20:09,V028,91.0,0.9998005562365488
2026-06-01,2026-06-01 11:20:10,V028,92.0,0.9920898403360324
2026-06-01,2026-06-01 11:20:11,V028,92.0,1.004655849736397
2026-06-01,2026-06-01 11:20:12,V028,93.0,1.0062589259359558
2026-06-01,2026-06-01 11:20:13,V028,93.0,0.9982230598232367
2026-06-01,2026-06-01 11:20:14,V028,94.0,1.0024588932941243
2026-06-01,2026-06-01 11:20:15,V028,94.0,1.005353283194111
2026-06-01,2026-06-01 11:20:16,V028,94.0,1.0009697738592305
2026-06-01,2026-06-01 11:20:17,V028,95.0,1.0022746872118347
2026-06-01,2026-06-01 11:20:18,V028,95.0,1.0019314337585916
2026-06-01,2026-06-01 11:20:19,V028,95.0,1.0024212281570235
2026-06-01,2026-06-01 11:20:20,V028,95.0,0.9986164314956005
2026-06-01,2026-06-01 11:20:21,V028,95.0,1.001209480528214
2026-06-01,2026-06-01 11:20:22,V028,95.0,0.9978565631488324
2026-06-01,2026-06-01 11:20:23,V028,96.0,1.0034025727586173
2026-06-01,2026-06-01 11:20:24,V028,96.0,0.9976341336625126
2026-06-01,2026-06-01 11:20:25,V028,96.0,0.9998867413801671
2026-06-01,2026-06-01 11:20:26,V028,97.0,1.0015399930155315
2026-06-01,2026-06-01 11:20:27,V028,97.0,0.9963278010380401
2026-06-01,2026-06-01 11:20:28,V028,97.0,1.0028756890141393
2026-06-01,2026-06-01 11:20:29,V028,97.0,0.995044574842939
2026-06-01,2026-06-01 11:20:30,V028,97.0,1.0002885730791993
2026-06-01,2026-06-01 11:20:31,V028,97.0,0.9992104938023324
2026-06-01,2026-06-01 11:20:32,V028,96.0,0.9974933466973942
2026-06-01,2026-06-01 11:20:33,V028,96.0,0.9997526927376126
2026-06-01,2026-06-01 11:20:34,V028,96.0,0.9988353381826167
2026-06-01,2026-06-01 11:20:35,V028,95.0,1.0029098254803621
2026-06-01,2026-06-01 11:20:36,V028,95.0,0.9973178246454394
2026-06-01,2026-06-01 11:20:37,V028,95.0,0.9992301805851943
2026-06-01,2026-06-01 11:20:38,V028,95.0,0.9978319318399624
2026-06-01,2026-06-01 11:20:39,V028,95.0,0.9991985199374486
2026-06-01,2026-06-01 11:20:40,V028,95.0,1.0008994862317684
2026-06-01,2026-06-01 11:20:41,V028,95.0,1.0015224000909422
2026-06-01,2026-06-01 11:20:42,V028,95.0,1.000962879549832
2026-06-01,2026-06-01 11:20:43,V028,95.0,1.0017871081909235
2026-06-01,2026-06-01 11:20:44,V028,95.0,1.0005003032384092
2026-06-01,2026-06-01 11:20:45,V028,95.0,1.0000467564436246
2026-06-01,2026-06-01 11:20:46,V028,95.0,0.9978151932076164
2026-06-01,2026-06-01 11:20:47,V028,96.0,1.0056744630074137
2026-06-01,2026-06-01 11:20:48,V028,96.0,1.001417595862234
2026-06-01,2026-06-01 11:20:49,V028,97.0,1.0017101402242925
2026-06-01,2026-06-01 11:20:50,V028,97.0,0.9981230078060239
2026-06-01,2026-06-01 11:20:51,V028,97.0,1.0013118946864683
2026-06-01,2026-06-01 11:20:52,V028,97.0,1.000936260486043
2026-06-01,2026-06-01 11:20:53,V028,97.0,1.0004015083630913
2026-06-01,2026-06-01 11:20:54,V028,97.0,0.9991264377963328
2026-06-01,2026-06-01 11:20:55,V028,97.0,0.9974566806417646
2026-06-01,2026-06-01 11:20:56,V028,97.0,0.9981303585742012
2026-06-01,2026-06-01 11:20:57,V028,97.0,0.9997093421197083
2026-06-01,2026-06-01 11:20:58,V028,97.0,1.005791953889421
2026-06-01,2026-06-01 11:20:59,V028,98.0,0.9947388049219421
2026-06-01,2026-06-01 11:21:00,V028,99.0,0.9973398377116801
2026-06-01,2026-06-01 11:21:01,V028,99.0,1.008808458683526
2026-06-01,2026-06-01 11:21:02,V028,99.0,0.9995676582267031
2026-06-01,2026-06-01 11:21:03,V028,99.0,1.002874902718542
2026-06-01,2026-06-01 11:21:04,V028,98.0,0.9955925887813184
2026-06-01,2026-06-01 11:21:05,V028,98.0,1.0007468654235163
2026-06-01,2026-06-01 11:21:06,V028,99.0,0.9981322226902443
2026-06-01,2026-06-01 11:21:07,V028,99.0,1.0007016394198616
2026-06-01,2026-06-01 11:21:08,V028,99.0,0.9987925825546544
2026-06-01,2026-06-01 11:21:09,V028,99.0,0.9981451468332014
2026-06-01,2026-06-01 11:21:10,V028,98.0,1.0091025946474748
2026-06-01,2026-06-01 11:21:11,V028,98.0,0.9958453915856568
2026-06-01,2026-06-01 11:21:12,V028,98.0,0.9993905346191343
2026-06-01,2026-06-01 11:21:13,V028,98.0,1.0009171589122803
2026-06-01,2026-06-01 11:21:14,V028,98.0,0.9890978586817564
2026-06-01,2026-06-01 11:21:15,V028,98.0,0.9973837778956346
2026-06-01,2026-06-01 11:21:16,V028,98.0,0.9993733778458003
2026-06-01,2026-06-01 11:21:17,V028,99.0,0.9992356743010303
2026-06-01,2026-06-01 11:21:18,V028,99.0,0.9990659510860813
2026-06-01,2026-06-01 11:21:19,V028,100.0,1.000713874489966
2026-06-01,2026-06-01 11:21:20,V028,101.0,0.9992136200700978
2026-06-01,2026-06-01 11:21:21,V028,102.0,0.9979056799787296
2026-06-01,2026-06-01 11:21:22,V028,102.0,1.0016036581688328
2026-06-01,2026-06-01 11:21:23,V028,103.0,0.9983404248293274
2026-06-01,2026-06-01 11:21:24,V028,104.0,0.9988996368342463
2026-06-01,2026-06-01 11:21:25,V028,104.0,0.9979286242752409
2026-06-01,2026-06-01 11:21:26,V028,104.0,0.9992647922466819
2026-06-01,2026-06-01 11:21:27,V028,105.0,0.9950192746460909
2026-06-01,2026-06-01 11:21:28,V028,105.0,0.9982972438505469
2026-06-01,2026-06-01 11:21:29,V028,104.0,0.9980604537517361
2026-06-01,2026-06-01 11:21:30,V028,104.0,0.9963033529634877
2026-06-01,2026-06-01 11:21:31,V028,104.0,0.9980009907176819
2026-06-01,2026-06-01 11:21:32,V028,103.0,0.9969339613421823
2026-06-01,2026-06-01 11:21:33,V028,103.0,0.9980114989897966
2026-06-01,2026-06-01 11:21:34,V028,103.0,1.0034263384498041
2026-06-01,2026-06-01 11:21:35,V028,103.0,1.002651270454214
2026-06-01,2026-06-01 11:21:36,V028,103.0,0.9992840224201821
2026-06-01,2026-06-01 11:21:37,V028,103.0,0.9956721545233984
2026-06-01,2026-06-01 11:21:38,V028,104.0,1.0028642809417103
2026-06-01,2026-06-01 11:21:39,V028,103.0,0.9976004409270735
2026-06-01,2026-06-01 11:21:40,V028,103.0,0.9978626370297081
2026-06-01,2026-06-01 11:21:41,V028,103.0,1.000763823035788
2026-06-01,2026-06-01 11:21:42,V028,102.0,0.9987672434942542
2026-06-01,2026-06-01 11:21:43,V028,102.0,1.0008839691835
2026-06-01,2026-06-01 11:21:44,V028,102.0,1.0012074136648519
2026-06-01,2026-06-01 11:21:45,V028,102.0,1.000337407536763
2026-06-01,2026-06-01 11:21:46,V028,102.0,0.9997881976284079
2026-06-01,2026-06-01 11:21:47,V028,102.0,0.9992978766923741
2026-06-01,2026-06-01 11:21:48,V028,102.0,0.9991495860390542
2026-06-01,2026-06-01 11:21:49,V028,102.0,1.0001675369091132
2026-06-01,2026-06-01 11:21:50,V028,101.0,1.0002795235646604
2026-06-01,2026-06-01 11:21:51,V028,101.0,1.0013036562158928
2026-06-01,2026-06-01 11:21:52,V028,101.0,0.9965408826508291
2026-06-01,2026-06-01 11:21:53,V028,101.0,0.9980745667197438
2026-06-01,2026-06-01 11:21:54,V028,100.0,0.9994275890222244
2026-06-01,2026-06-01 11:21:55,V028,99.0,0.9996606720850776
2026-06-01,2026-06-01 11:21:56,V028,98.0,1.0013150943750486
2026-06-01,2026-06-01 11:21:57,V028,97.0,1.0012863274257904
2026-06-01,2026-06-01 11:21:58,V028,96.0,1.0000226338224383
2026-06-01,2026-06-01 11:21:59,V028,96.0,0.9938326881750837
2026-06-01,2026-06-01 11:22:00,V028,97.0,1.0027502080857946
2026-06-01,2026-06-01 11:22:01,V028,97.0,1.000323883424721
2026-06-01,2026-06-01 11:22:02,V028,97.0,1.0006986499414192
2026-06-01,2026-06-01 11:22:03,V028,97.0,1.003371559664958
2026-06-01,2026-06-01 11:22:04,V028,97.0,1.0037686382865936
2026-06-01,2026-06-01 11:22:05,V028,97.0,1.0001250573283176
2026-06-01,2026-06-01 11:22:06,V028,97.0,1.001062776342351
2026-06-01,2026-06-01 11:22:07,V028,97.0,0.9996125359070483
2026-06-01,2026-06-01 11:22:08,V028,97.0,0.9999302945128185
2026-06-01,2026-06-01 11:22:09,V028,97.0,0.9982075240069669
2026-06-01,2026-06-01 11:22:10,V028,97.0,1.0036003701836897
2026-06-01,2026-06-01 11:22:11,V028,97.0,0.9936595617687617
2026-06-01,2026-06-01 11:22:12,V028,97.0,1.0062878981364203
2026-06-01,2026-06-01 11:22:13,V028,97.0,0.9922662306792458
2026-06-01,2026-06-01 11:22:14,V028,98.0,1.0024897201803689
2026-06-01,2026-06-01 11:22:15,V028,98.0,0.9987625128928613
2026-06-01,2026-06-01 11:22:16,V028,99.0,0.999950793421002
2026-06-01,2026-06-01 11:22:17,V028,98.0,0.9973990285553248
2026-06-01,2026-06-01 11:22:18,V028,98.0,0.997654713678716
2026-06-01,2026-06-01 11:22:19,V028,98.0,0.9988364722443551
2026-06-01,2026-06-01 11:22:20,V028,98.0,0.9998673994667892
2026-06-01,2026-06-01 11:22:21,V028,98.0,1.0065341533068288
2026-06-01,2026-06-01 11:22:22,V028,98.0,0.9996520182072374
2026-06-01,2026-06-01 11:22:23,V028,97.0,1.0009841484443975
2026-06-01,2026-06-01 11:22:24,V028,97.0,0.999533379544302
2026-06-01,2026-06-01 11:22:25,V028,97.0,1.002629425708084
2026-06-01,2026-06-01 11:22:26,V028,98.0,0.9986447231247738
2026-06-01,2026-06-01 11:22:27,V028,98.0,1.0008559162436108
2026-06-01,2026-06-01 11:22:28,V028,98.0,0.9995977741155591
2026-06-01,2026-06-01 11:22:29,V028,98.0,0.9988852019660076
2026-06-01,2026-06-01 11:22:30,V028,98.0,0.9982426721753802
2026-06-01,2026-06-01 11:22:31,V028,98.0,0.9964733605937597
2026-06-01,2026-06-01 11:22:32,V028,98.0,1.0010927372596605
2026-06-01,2026-06-01 11:22:33,V028,98.0,0.9999961437473187
2026-06-01,2026-06-01 11:22:34,V028,97.0,1.0052720901949672
2026-06-01,2026-06-01 11:22:35,V028,97.0,1.003247723668679
2026-06-01,2026-06-01 11:22:36,V028,97.0,1.0042459808754118
2026-06-01,2026-06-01 11:22:37,V028,97.0,0.998427834119123
2026-06-01,2026-06-01 11:22:38,V028,96.0,1.001461090911933
2026-06-01,2026-06-01 11:22:39,V028,96.0,1.0013462389502616
2026-06-01,2026-06-01 11:22:40,V028,96.0,1.0001310704489472
2026-06-01,2026-06-01 11:22:41,V028,96.0,0.9981975347295177
2026-06-01,2026-06-01 11:22:42,V028,96.0,1.0084163063152387
2026-06-01,2026-06-01 11:22:43,V028,96.0,1.000408866928272
2026-06-01,2026-06-01 11:22:44,V028,96.0,1.0026205467838836
2026-06-01,2026-06-01 11:22:45,V028,96.0,0.9973127144433418
2026-06-01,2026-06-01 11:22:46,V028,96.0,1.002817326233857
2026-06-01,2026-06-01 11:22:47,V028,97.0,1.0009208244422176
2026-06-01,2026-06-01 11:22:48,V028,97.0,1.0019442821249342
2026-06-01,2026-06-01 11:22:49,V028,97.0,0.9999724895863592
2026-06-01,2026-06-01 11:22:50,V028,97.0,0.9983831117798858
2026-06-01,2026-06-01 11:22:51,V028,97.0,1.000397584852994
2026-06-01,2026-06-01 11:22:52,V028,97.0,0.9979483559254753
2026-06-01,2026-06-01 11:22:53,V028,97.0,1.0015372170355081
2026-06-01,2026-06-01 11:22:54,V028,97.0,0.9943587449239232
2026-06-01,2026-06-01 11:22:55,V028,97.0,1.0010205257824332
2026-06-01,2026-06-01 11:22:56,V028,97.0,1.0013290156299268
2026-06-01,2026-06-01 11:22:57,V028,96.0,0.9954578844710402
2026-06-01,2026-06-01 11:22:58,V028,96.0,0.9920438122420864
2026-06-01,2026-06-01 11:22:59,V028,97.0,1.0114337203575101
2026-06-01,2026-06-01 11:23:00,V028,97.0,0.9991412649213356
2026-06-01,2026-06-01 11:23:01,V028,98.0,0.987094329133103
2026-06-01,2026-06-01 11:23:02,V028,98.0,1.0047523530114186
2026-06-01,2026-06-01 11:23:03,V028,98.0,1.0045594159994737
2026-06-01,2026-06-01 11:23:04,V028,98.0,0.9975074310311374
2026-06-01,2026-06-01 11:23:05,V028,99.0,1.0054752045235764
2026-06-01,2026-06-01 11:23:06,V028,99.0,0.9987750216328637
2026-06-01,2026-06-01 11:23:07,V028,99.0,1.0001330401055324
2026-06-01,2026-06-01 11:23:08,V028,100.0,0.99410756430525
2026-06-01,2026-06-01 11:23:09,V028,101.0,1.0023026121737273
2026-06-01,2026-06-01 11:23:10,V028,102.0,0.9989466406749707
2026-06-01,2026-06-01 11:23:11,V028,103.0,1.0032597912003014
2026-06-01,2026-06-01 11:23:12,V028,104.0,1.0009692047473349
2026-06-01,2026-06-01 11:23:13,V028,104.0,0.9988186883715745
2026-06-01,2026-06-01 11:23:14,V028,104.0,0.998439785603965
2026-06-01,2026-06-01 11:23:15,V028,104.0,0.9976747881244815
2026-06-01,2026-06-01 11:23:16,V028,104.0,1.001431515703259
2026-06-01,2026-06-01 11:23:17,V028,105.0,0.9994728318119585
2026-06-01,2026-06-01 11:23:18,V028,105.0,1.0009452918070265
2026-06-01,2026-06-01 11:23:19,V028,105.0,0.998679076644065
2026-06-01,2026-06-01 11:23:20,V028,105.0,0.9962214044160499
2026-06-01,2026-06-01 11:23:21,V028,105.0,1.0024110726975815
2026-06-01,2026-06-01 11:23:22,V028,105.0,1.0015644863512625
2026-06-01,2026-06-01 11:23:23,V028,105.0,0.9980258232241483
2026-06-01,2026-06-01 11:23:24,V028,105.0,1.0001994287720903
2026-06-01,2026-06-01 11:23:25,V028,105.0,0.9967687110605343
2026-06-01,2026-06-01 11:23:26,V028,104.0,1.0042105026866663
2026-06-01,2026-06-01 11:23:27,V028,104.0,1.0001511468947484
2026-06-01,2026-06-01 11:23:28,V028,104.0,1.001195420180997
2026-06-01,2026-06-01 11:23:29,V028,104.0,0.998752376588542
2026-06-01,2026-06-01 11:23:30,V028,104.0,0.9976295271692431
2026-06-01,2026-06-01 11:23:31,V028,104.0,1.002477207747644
2026-06-01,2026-06-01 11:23:32,V028,104.0,0.9947805901094717
2026-06-01,2026-06-01 11:23:33,V028,104.0,1.0021592647165296
2026-06-01,2026-06-01 11:23:34,V028,104.0,1.0001719489255585
2026-06-01,2026-06-01 11:23:35,V028,104.0,1.0009071450113678
2026-06-01,2026-06-01 11:23:36,V028,104.0,1.0011130631495102
2026-06-01,2026-06-01 11:23:37,V028,104.0,1.001132022120011
2026-06-01,2026-06-01 11:23:38,V028,103.0,1.0003172643075888
2026-06-01,2026-06-01 11:23:39,V028,103.0,0.9988288775381227
2026-06-01,2026-06-01 11:23:40,V028,103.0,0.9986242156578529
2026-06-01,2026-06-01 11:23:41,V028,103.0,1.0024646592161515
2026-06-01,2026-06-01 11:23:42,V028,104.0,1.0012163974561987
2026-06-01,2026-06-01 11:23:43,V028,104.0,0.9977322095323597
2026-06-01,2026-06-01 11:23:44,V028,104.0,0.9968751330292517
2026-06-01,2026-06-01 11:23:45,V028,104.0,0.9993774790308433
2026-06-01,2026-06-01 11:23:46,V028,104.0,0.9995777874895483
2026-06-01,2026-06-01 11:23:47,V028,104.0,1.0009823649875986
2026-06-01,2026-06-01 11:23:48,V028,104.0,0.9992636363236418
2026-06-01,2026-06-01 11:23:49,V028,103.0,0.9990742411529301
2026-06-01,2026-06-01 11:23:50,V028,103.0,1.00089286843758
2026-06-01,2026-06-01 11:23:51,V028,102.0,0.9996877126966293
2026-06-01,2026-06-01 11:23:52,V028,102.0,1.0009241193022549
2026-06-01,2026-06-01 11:23:53,V028,102.0,1.0001695296051427
2026-06-01,2026-06-01 11:23:54,V028,102.0,0.9990232727311654
2026-06-01,2026-06-01 11:23:55,V028,102.0,1.0013594292497618
2026-06-01,2026-06-01 11:23:56,V028,102.0,1.0039036636358507
2026-06-01,2026-06-01 11:23:57,V028,101.0,1.0014224202676965
2026-06-01,2026-06-01 11:23:58,V028,101.0,1.001742490098892
2026-06-01,2026-06-01 11:23:59,V028,100.0,0.9997753346009571
2026-06-01,2026-06-01 11:24:00,V028,99.0,0.9989121839763289
2026-06-01,2026-06-01 11:24:01,V028,99.0,1.0049522666764181
2026-06-01,2026-06-01 11:24:02,V028,99.0,1.0005485415144155
2026-06-01,2026-06-01 11:24:03,V028,98.0,0.998433764763958
2026-06-01,2026-06-01 11:24:04,V028,98.0,0.9988621993187263
2026-06-01,2026-06-01 11:24:05,V028,98.0,1.0001847260083456
2026-06-01,2026-06-01 11:24:06,V028,97.0,0.999940334275533
2026-06-01,2026-06-01 11:24:07,V028,97.0,0.9988941544973357
2026-06-01,2026-06-01 11:24:08,V028,96.0,1.0009990961937938
2026-06-01,2026-06-01 11:24:09,V028,95.0,0.9974651696432519
2026-06-01,2026-06-01 11:24:10,V028,94.0,0.9999856420995626
2026-06-01,2026-06-01 11:24:11,V028,94.0,0.9991432216850595
2026-06-01,2026-06-01 11:24:12,V028,93.0,0.9993665751276287
2026-06-01,2026-06-01 11:24:13,V028,94.0,1.0002476130736313
2026-06-01,2026-06-01 11:24:14,V028,94.0,1.002256070854214
2026-06-01,2026-06-01 11:24:15,V028,95.0,1.001044563259213
2026-06-01,2026-06-01 11:24:16,V028,96.0,0.9989004852983467
2026-06-01,2026-06-01 11:24:17,V028,97.0,1.001894889230672
2026-06-01,2026-06-01 11:24:18,V028,98.0,1.0010166312359488
2026-06-01,2026-06-01 11:24:19,V028,98.0,1.0035457460895814
2026-06-01,2026-06-01 11:24:20,V028,97.0,0.9971833277266119
2026-06-01,2026-06-01 11:24:21,V028,97.0,0.9973430460255478
2026-06-01,2026-06-01 11:24:22,V028,97.0,0.9989263126578456
2026-06-01,2026-06-01 11:24:23,V028,97.0,1.000069309201951
2026-06-01,2026-06-01 11:24:24,V028,97.0,0.9990258704138533
2026-06-01,2026-06-01 11:24:25,V028,97.0,0.9977526828213827
2026-06-01,2026-06-01 11:24:26,V028,98.0,1.0055861843304859
2026-06-01,2026-06-01 11:24:27,V028,98.0,0.9994872114552675
2026-06-01,2026-06-01 11:24:28,V028,98.0,0.9968202526508264
2026-06-01,2026-06-01 11:24:29,V028,98.0,0.9958676965141575
2026-06-01,2026-06-01 11:24:30,V028,98.0,1.0011659635766106
2026-06-01,2026-06-01 11:24:31,V028,99.0,1.0013216156205798
2026-06-01,2026-06-01 11:24:32,V028,99.0,1.0002439295173005
2026-06-01,2026-06-01 11:24:33,V028,99.0,0.9972039841350807
2026-06-01,2026-06-01 11:24:34,V028,99.0,1.0018436074349701
2026-06-01,2026-06-01 11:24:35,V028,99.0,1.000562513792092
2026-06-01,2026-06-01 11:24:36,V028,99.0,0.9986936936351795
2026-06-01,2026-06-01 11:24:37,V028,99.0,1.0002866423703058
2026-06-01,2026-06-01 11:24:38,V028,99.0,0.998468873558107
2026-06-01,2026-06-01 11:24:39,V028,99.0,0.9999150221499393
2026-06-01,2026-06-01 11:24:40,V028,99.0,0.9987530050829643
2026-06-01,2026-06-01 11:24:41,V028,99.0,0.996980407057664
2026-06-01,2026-06-01 11:24:42,V028,100.0,0.9986129648848531
2026-06-01,2026-06-01 11:24:43,V028,100.0,1.0013418668469243
2026-06-01,2026-06-01 11:24:44,V028,99.0,1.0020382910606498
2026-06-01,2026-06-01 11:24:45,V028,99.0,0.9980358227108486
2026-06-01,2026-06-01 11:24:46,V028,99.0,1.0009709241269706
2026-06-01,2026-06-01 11:24:47,V028,100.0,1.0026265365125344
2026-06-01,2026-06-01 11:24:48,V028,100.0,1.0017671815566895
2026-06-01,2026-06-01 11:24:49,V028,100.0,0.9996757731702576
2026-06-01,2026-06-01 11:24:50,V028,100.0,1.0002268551628322
2026-06-01,2026-06-01 11:24:51,V028,99.0,0.9985145174219577
2026-06-01,2026-06-01 11:24:52,V028,99.0,0.9976486503264647
2026-06-01,2026-06-01 11:24:53,V028,98.0,1.0031821094654836
2026-06-01,2026-06-01 11:24:54,V028,98.0,0.9991010358210878
2026-06-01,2026-06-01 11:24:55,V028,98.0,0.9984629588876772
2026-06-01,2026-06-01 11:24:56,V028,99.0,1.0005720842588777
2026-06-01,2026-06-01 11:24:57,V028,99.0,0.9988342558103644
2026-06-01,2026-06-01 11:24:58,V028,98.0,1.0012400503505692
2026-06-01,2026-06-01 11:24:59,V028,98.0,0.9986498392621429
2026-06-01,2026-06-01 11:25:00,V028,98.0,1.0001155196046285
2026-06-01,2026-06-01 11:25:01,V028,98.0,1.002787337535974
2026-06-01,2026-06-01 11:25:02,V028,97.0,0.9999937937173596
2026-06-01,2026-06-01 11:25:03,V028,97.0,0.999554005087447
2026-06-01,2026-06-01 11:25:04,V028,97.0,0.9985376551518266
2026-06-01,2026-06-01 11:25:05,V028,97.0,0.9980784644042613
2026-06-01,2026-06-01 11:25:06,V028,97.0,0.9998890386468927
2026-06-01,2026-06-01 11:25:07,V028,98.0,1.0003921646329195
2026-06-01,2026-06-01 11:25:08,V028,98.0,0.9996869825550778
2026-06-01,2026-06-01 11:25:09,V028,98.0,0.99943959076859
2026-06-01,2026-06-01 11:25:10,V028,98.0,1.0001390457273394
2026-06-01,2026-06-01 11:25:11,V028,98.0,1.0008165990881803
2026-06-01,2026-06-01 11:25:12,V028,98.0,1.002317164751698
2026-06-01,2026-06-01 11:25:13,V028,98.0,0.9976905000368801
2026-06-01,2026-06-01 11:25:14,V028,98.0,1.00188496496206
2026-06-01,2026-06-01 11:25:15,V028,97.0,0.9971793422797176
2026-06-01,2026-06-01 11:25:16,V028,97.0,0.9997206628809114
2026-06-01,2026-06-01 11:25:17,V028,97.0,0.9990717714589383
2026-06-01,2026-06-01 11:25:18,V028,97.0,1.0002756930602608
2026-06-01,2026-06-01 11:25:19,V028,97.0,0.9994191007395851
2026-06-01,2026-06-01 11:25:20,V028,98.0,0.999380991512927
2026-06-01,2026-06-01 11:25:21,V028,98.0,0.9990847863100486
2026-06-01,2026-06-01 11:25:22,V028,98.0,0.9998832680474129
2026-06-01,2026-06-01 11:25:23,V028,98.0,0.9977334083248725
2026-06-01,2026-06-01 11:25:24,V028,98.0,1.0007026276930953
2026-06-01,2026-06-01 11:25:25,V028,97.0,0.9990001506772223
2026-06-01,2026-06-01 11:25:26,V028,97.0,1.0004670963790046
2026-06-01,2026-06-01 11:25:27,V028,97.0,0.9972642496500613
2026-06-01,2026-06-01 11:25:28,V028,97.0,1.0001748704643245
2026-06-01,2026-06-01 11:25:29,V028,98.0,0.9986817709326696
2026-06-01,2026-06-01 11:25:30,V028,98.0,1.0012009026930846
2026-06-01,2026-06-01 11:25:31,V028,98.0,1.000363978476398
2026-06-01,2026-06-01 11:25:32,V028,98.0,1.000001361795981
2026-06-01,2026-06-01 11:25:33,V028,99.0,0.999278627199848
2026-06-01,2026-06-01 11:25:34,V028,99.0,0.9965179509689183
2026-06-01,2026-06-01 11:25:35,V028,99.0,1.0002528626779534
2026-06-01,2026-06-01 11:25:36,V028,99.0,1.0007384517956348
2026-06-01,2026-06-01 11:25:37,V028,98.0,0.9999272496376693
2026-06-01,2026-06-01 11:25:38,V028,98.0,0.9989020391380908
2026-06-01,2026-06-01 11:25:39,V028,98.0,1.0001571963959015
2026-06-01,2026-06-01 11:25:40,V028,97.0,1.0023557837582726
2026-06-01,2026-06-01 11:25:41,V028,98.0,1.0014227350946714
2026-06-01,2026-06-01 11:25:42,V028,98.0,1.0019658131236493
2026-06-01,2026-06-01 11:25:43,V028,99.0,1.0041286560384033
2026-06-01,2026-06-01 11:25:44,V028,99.0,0.9978554601002803
2026-06-01,2026-06-01 11:25:45,V028,99.0,0.997867517660173
2026-06-01,2026-06-01 11:25:46,V028,99.0,1.0008901567483672
2026-06-01,2026-06-01 11:25:47,V028,100.0,1.0003018666359196
2026-06-01,2026-06-01 11:25:48,V028,100.0,1.0003211330890227
2026-06-01,2026-06-01 11:25:49,V028,101.0,1.0015349224007504
2026-06-01,2026-06-01 11:25:50,V028,101.0,1.0007305468998509
2026-06-01,2026-06-01 11:25:51,V028,101.0,0.9992866973819294
2026-06-01,2026-06-01 11:25:52,V028,100.0,0.9995644576378864
2026-06-01,2026-06-01 11:25:53,V028,100.0,0.9995683100387452
2026-06-01,2026-06-01 11:25:54,V028,100.0,0.998445685763728
2026-06-01,2026-06-01 11:25:55,V028,99.0,1.0022491628176828
2026-06-01,2026-06-01 11:25:56,V028,98.0,1.000921853367016
2026-06-01,2026-06-01 11:25:57,V028,97.0,0.9954683528971706
2026-06-01,2026-06-01 11:25:58,V028,96.0,1.0019269368102262
2026-06-01,2026-06-01 11:25:59,V028,95.0,1.0005778172155562
2026-06-01,2026-06-01 11:26:00,V028,93.0,1.0002191190847223
2026-06-01,2026-06-01 11:26:01,V028,94.0,0.9981922885616671
2026-06-01,2026-06-01 11:26:02,V028,95.0,0.9992180329819742
2026-06-01,2026-06-01 11:26:03,V028,95.0,0.9978573929836454
2026-06-01,2026-06-01 11:26:04,V028,95.0,0.9951675298962402
2026-06-01,2026-06-01 11:26:05,V028,96.0,0.9971416910651961
2026-06-01,2026-06-01 11:26:06,V028,96.0,0.9964134488074515
2026-06-01,2026-06-01 11:26:07,V028,96.0,1.0029000931503314
2026-06-01,2026-06-01 11:26:08,V028,96.0,0.9973998843504975
2026-06-01,2026-06-01 11:26:09,V028,96.0,0.9972332449203325
2026-06-01,2026-06-01 11:26:10,V028,96.0,0.9999758311007644
2026-06-01,2026-06-01 11:26:11,V028,97.0,0.9981827404063484
2026-06-01,2026-06-01 11:26:12,V028,97.0,0.9980434978126852
2026-06-01,2026-06-01 11:26:13,V028,98.0,1.0030097603479904
2026-06-01,2026-06-01 11:26:14,V028,98.0,0.9979734105621223
2026-06-01,2026-06-01 11:26:15,V028,99.0,1.0044515361626996
2026-06-01,2026-06-01 11:26:16,V028,100.0,0.9998036158130471
2026-06-01,2026-06-01 11:26:17,V028,100.0,0.9995656830487556
2026-06-01,2026-06-01 11:26:18,V028,99.0,0.9996623334767152
2026-06-01,2026-06-01 11:26:19,V028,99.0,0.9999275158295216
2026-06-01,2026-06-01 11:26:20,V028,99.0,1.0008496149892936
2026-06-01,2026-06-01 11:26:21,V028,98.0,0.9980297656672446
2026-06-01,2026-06-01 11:26:22,V028,98.0,1.000783043317393
2026-06-01,2026-06-01 11:26:23,V028,97.0,1.0016254165428375
2026-06-01,2026-06-01 11:26:24,V028,96.0,0.9989314916808032
2026-06-01,2026-06-01 11:26:25,V028,96.0,1.000166203578092
2026-06-01,2026-06-01 11:26:26,V028,96.0,0.9971840644206089
2026-06-01,2026-06-01 11:26:27,V028,96.0,1.001496348873264
2026-06-01,2026-06-01 11:26:28,V028,96.0,0.9970190356557428
2026-06-01,2026-06-01 11:26:29,V028,96.0,0.9996340632766154
2026-06-01,2026-06-01 11:26:30,V028,97.0,1.0037072159329545
2026-06-01,2026-06-01 11:26:31,V028,97.0,0.995883138695618
2026-06-01,2026-06-01 11:26:32,V028,97.0,0.9998570602266208
2026-06-01,2026-06-01 11:26:33,V028,98.0,1.0021354994312592
2026-06-01,2026-06-01 11:26:34,V028,98.0,1.0051245192372635
2026-06-01,2026-06-01 11:26:35,V028,98.0,1.0032473918149702
2026-06-01,2026-06-01 11:26:36,V028,97.0,0.9953825830619853
2026-06-01,2026-06-01 11:26:37,V028,97.0,0.995461211229721
2026-06-01,2026-06-01 11:26:38,V028,98.0,1.0055015405159158
2026-06-01,2026-06-01 11:26:39,V028,98.0,1.002699351932264
2026-06-01,2026-06-01 11:26:40,V028,98.0,1.002017117880828
2026-06-01,2026-06-01 11:26:41,V028,98.0,0.9976476054202332
2026-06-01,2026-06-01 11:26:42,V028,98.0,1.001685085438604
2026-06-01,2026-06-01 11:26:43,V028,98.0,0.9994724647488997
2026-06-01,2026-06-01 11:26:44,V028,98.0,0.9965489037811021
2026-06-01,2026-06-01 11:26:45,V028,98.0,0.9994833254059596
2026-06-01,2026-06-01 11:26:46,V028,98.0,0.9980446822642767
2026-06-01,2026-06-01 11:26:47,V028,98.0,1.001039358487145
2026-06-01,2026-06-01 11:26:48,V028,97.0,1.0005312415617968
2026-06-01,2026-06-01 11:26:49,V028,97.0,0.9987189996364986
2026-06-01,2026-06-01 11:26:50,V028,97.0,1.0012568239286643
2026-06-01,2026-06-01 11:26:51,V028,98.0,1.000586308509426
2026-06-01,2026-06-01 11:26:52,V028,99.0,0.9995625721277904
2026-06-01,2026-06-01 11:26:53,V028,99.0,1.0006012931725208
2026-06-01,2026-06-01 11:26:54,V028,99.0,1.0007006183544132
2026-06-01,2026-06-01 11:26:55,V028,99.0,1.0010383680972526
2026-06-01,2026-06-01 11:26:56,V028,99.0,0.9999279239202176
2026-06-01,2026-06-01 11:26:57,V028,98.0,0.9972542932422981
2026-06-01,2026-06-01 11:26:58,V028,98.0,1.0009538501814181
2026-06-01,2026-06-01 11:26:59,V028,98.0,0.997979129041831
2026-06-01,2026-06-01 11:27:00,V028,98.0,0.999903457774702
2026-06-01,2026-06-01 11:27:01,V028,98.0,1.0016219346466206
2026-06-01,2026-06-01 11:27:02,V028,98.0,1.000470776528338
2026-06-01,2026-06-01 11:27:03,V028,98.0,0.999818279007187
2026-06-01,2026-06-01 11:27:04,V028,98.0,0.9995106048651968
2026-06-01,2026-06-01 11:27:05,V028,98.0,1.0012534562295268
2026-06-01,2026-06-01 11:27:06,V028,97.0,0.9986114119782472
2026-06-01,2026-06-01 11:27:07,V028,98.0,1.0019523280821152
2026-06-01,2026-06-01 11:27:08,V028,98.0,1.0014838588435628
2026-06-01,2026-06-01 11:27:09,V028,98.0,1.0005324924083967
2026-06-01,2026-06-01 11:27:10,V028,98.0,1.0002772684676775
2026-06-01,2026-06-01 11:27:11,V028,98.0,0.9996140777991952
2026-06-01,2026-06-01 11:27:12,V028,99.0,0.9994322173408133
2026-06-01,2026-06-01 11:27:13,V028,99.0,0.9998212148402477
2026-06-01,2026-06-01 11:27:14,V028,99.0,0.9989542813812896
2026-06-01,2026-06-01 11:27:15,V028,100.0,1.000627154451698
2026-06-01,2026-06-01 11:27:16,V028,100.0,0.9995329268322095
2026-06-01,2026-06-01 11:27:17,V028,100.0,1.0015113528124648
2026-06-01,2026-06-01 11:27:18,V028,99.0,0.9986112667122344
2026-06-01,2026-06-01 11:27:19,V028,99.0,0.9974568958002077
2026-06-01,2026-06-01 11:27:20,V028,99.0,1.0020751547230569
2026-06-01,2026-06-01 11:27:21,V028,99.0,1.0013031963660057
2026-06-01,2026-06-01 11:27:22,V028,99.0,0.9992585179906489
2026-06-01,2026-06-01 11:27:23,V028,99.0,1.001508600001205
2026-06-01,2026-06-01 11:27:24,V028,99.0,0.9986805095284415
2026-06-01,2026-06-01 11:27:25,V028,100.0,1.0006896909949063
2026-06-01,2026-06-01 11:27:26,V028,100.0,1.009393272149745
2026-06-01,2026-06-01 11:27:27,V028,100.0,0.9981137671314722
2026-06-01,2026-06-01 11:27:28,V028,100.0,0.9993251392134602
2026-06-01,2026-06-01 11:27:29,V028,100.0,0.9984035164099535
2026-06-01,2026-06-01 11:27:30,V028,100.0,0.9996909566316798
2026-06-01,2026-06-01 11:27:31,V028,101.0,0.9999928767000327
2026-06-01,2026-06-01 11:27:32,V028,101.0,1.0003643193687448
2026-06-01,2026-06-01 11:27:33,V028,101.0,0.9997576601694974
2026-06-01,2026-06-01 11:27:34,V028,101.0,0.999249973099725
2026-06-01,2026-06-01 11:27:35,V028,102.0,1.0013878066367348
2026-06-01,2026-06-01 11:27:36,V028,102.0,1.0004671147960842
2026-06-01,2026-06-01 11:27:37,V028,102.0,0.9990898109601724
2026-06-01,2026-06-01 11:27:38,V028,102.0,1.001250620706518
2026-06-01,2026-06-01 11:27:39,V028,103.0,1.0012665300463948
2026-06-01,2026-06-01 11:27:40,V028,104.0,0.9999772455050896
2026-06-01,2026-06-01 11:27:41,V028,104.0,1.000017431164477
2026-06-01,2026-06-01 11:27:42,V028,105.0,0.9971840630899569
2026-06-01,2026-06-01 11:27:43,V028,105.0,1.0006866392386387
2026-06-01,2026-06-01 11:27:44,V028,105.0,0.9909718870543188
2026-06-01,2026-06-01 11:27:45,V028,104.0,0.9993544587887776
2026-06-01,2026-06-01 11:27:46,V028,104.0,1.0010169999998313
2026-06-01,2026-06-01 11:27:47,V028,104.0,0.9999438344680052
2026-06-01,2026-06-01 11:27:48,V028,104.0,1.001101890002188
2026-06-01,2026-06-01 11:27:49,V028,104.0,1.0017715533994018
2026-06-01,2026-06-01 11:27:50,V028,104.0,1.001930430269963
2026-06-01,2026-06-01 11:27:51,V028,104.0,0.9986389680042236
2026-06-01,2026-06-01 11:27:52,V028,104.0,1.0006856216461464
2026-06-01,2026-06-01 11:27:53,V028,103.0,1.00130639406875
2026-06-01,2026-06-01 11:27:54,V028,103.0,1.0001237822800941
2026-06-01,2026-06-01 11:27:55,V028,103.0,1.0006259619936744
2026-06-01,2026-06-01 11:27:56,V028,103.0,0.9990131611453058
2026-06-01,2026-06-01 11:27:57,V028,103.0,0.9969065587977163
2026-06-01,2026-06-01 11:27:58,V028,103.0,0.9971302707546082
2026-06-01,2026-06-01 11:27:59,V028,103.0,1.00051590392589
2026-06-01,2026-06-01 11:28:00,V028,102.0,1.0019171061227303
2026-06-01,2026-06-01 11:28:01,V028,102.0,1.0014301445625864
2026-06-01,2026-06-01 11:28:02,V028,102.0,0.9979143595592073
2026-06-01,2026-06-01 11:28:03,V028,102.0,0.9975292988833794
2026-06-01,2026-06-01 11:28:04,V028,102.0,1.0010791955499916
2026-06-01,2026-06-01 11:28:05,V028,102.0,1.0007729316938985
2026-06-01,2026-06-01 11:28:06,V028,102.0,1.0002340428435708
2026-06-01,2026-06-01 11:28:07,V028,102.0,0.9981601693390775
2026-06-01,2026-06-01 11:28:08,V028,102.0,0.9994860241030332
2026-06-01,2026-06-01 11:28:09,V028,102.0,0.9997764394679547
2026-06-01,2026-06-01 11:28:10,V028,102.0,0.9984365589385117
2026-06-01,2026-06-01 11:28:11,V028,102.0,0.9972222523026945
2026-06-01,2026-06-01 11:28:12,V028,102.0,1.0051992027142413
2026-06-01,2026-06-01 11:28:13,V028,102.0,1.0026841468116585
2026-06-01,2026-06-01 11:28:14,V028,101.0,0.9997515335651973
2026-06-01,2026-06-01 11:28:15,V028,101.0,1.000281696811626
2026-06-01,2026-06-01 11:28:16,V028,100.0,0.9999943545024991
2026-06-01,2026-06-01 11:28:17,V028,100.0,1.0011703688229672
2026-06-01,2026-06-01 11:28:18,V028,101.0,1.000390314054573
2026-06-01,2026-06-01 11:28:19,V028,100.0,1.00209160912793
2026-06-01,2026-06-01 11:28:20,V028,100.0,1.001697862877405
2026-06-01,2026-06-01 11:28:21,V028,100.0,0.997181011201625
2026-06-01,2026-06-01 11:28:22,V028,100.0,1.000990581499098
2026-06-01,2026-06-01 11:28:23,V028,99.0,0.9976396461066257
2026-06-01,2026-06-01 11:28:24,V028,99.0,1.0039603894845743
2026-06-01,2026-06-01 11:28:25,V028,99.0,0.9996959904983321
2026-06-01,2026-06-01 11:28:26,V028,99.0,1.0001398221146205
2026-06-01,2026-06-01 11:28:27,V028,99.0,0.9989015378367249
2026-06-01,2026-06-01 11:28:28,V028,99.0,0.9984732891014156
2026-06-01,2026-06-01 11:28:29,V028,99.0,1.0018133341430167
2026-06-01,2026-06-01 11:28:30,V028,98.0,1.0027709228584905
2026-06-01,2026-06-01 11:28:31,V028,99.0,1.003738677100801
2026-06-01,2026-06-01 11:28:32,V028,99.0,0.9990694968652377
2026-06-01,2026-06-01 11:28:33,V028,99.0,0.9919693860426094
2026-06-01,2026-06-01 11:28:34,V028,99.0,0.9987891891180857
2026-06-01,2026-06-01 11:28:35,V028,100.0,0.9984173222087664
2026-06-01,2026-06-01 11:28:36,V028,100.0,0.997849370225423
2026-06-01,2026-06-01 11:28:37,V028,101.0,1.00157963413293
2026-06-01,2026-06-01 11:28:38,V028,101.0,1.0001601051467308
2026-06-01,2026-06-01 11:28:39,V028,102.0,0.9999655546044893
2026-06-01,2026-06-01 11:28:40,V028,102.0,1.0071093248154854
2026-06-01,2026-06-01 11:28:41,V028,102.0,1.0023213477855242
2026-06-01,2026-06-01 11:28:42,V028,102.0,0.9961049067563232
2026-06-01,2026-06-01 11:28:43,V028,102.0,1.0008543646792256
2026-06-01,2026-06-01 11:28:44,V028,102.0,1.0002587137722188
2026-06-01,2026-06-01 11:28:45,V028,102.0,1.00062674718222
2026-06-01,2026-06-01 11:28:46,V028,102.0,1.000288690815289
2026-06-01,2026-06-01 11:28:47,V028,102.0,0.9982281261184948
2026-06-01,2026-06-01 11:28:48,V028,102.0,1.0007704484736317
2026-06-01,2026-06-01 11:28:49,V028,102.0,0.9998740295935777
2026-06-01,2026-06-01 11:28:50,V028,101.0,0.9971367652181299
2026-06-01,2026-06-01 11:28:51,V028,101.0,1.0054168808062227
2026-06-01,2026-06-01 11:28:52,V028,101.0,1.0029066583198523
2026-06-01,2026-06-01 11:28:53,V028,101.0,0.9991908848540981
2026-06-01,2026-06-01 11:28:54,V028,101.0,1.0000466510687214
2026-06-01,2026-06-01 11:28:55,V028,101.0,1.0024516350014676
2026-06-01,2026-06-01 11:28:56,V028,100.0,0.9958864053438236
2026-06-01,2026-06-01 11:28:57,V028,99.0,0.9941360846822257
2026-06-01,2026-06-01 11:28:58,V028,98.0,0.9964521055262977
2026-06-01,2026-06-01 11:28:59,V028,98.0,1.0024572278953114
2026-06-01,2026-06-01 11:29:00,V028,99.0,1.0001287340522438
2026-06-01,2026-06-01 11:29:01,V028,99.0,0.999982935626143
2026-06-01,2026-06-01 11:29:02,V028,99.0,0.9989051589714443
2026-06-01,2026-06-01 11:29:03,V028,100.0,0.9959509001013851
2026-06-01,2026-06-01 11:29:04,V028,100.0,0.9990115484524891
2026-06-01,2026-06-01 11:29:05,V028,100.0,0.9941362205324189
2026-06-01,2026-06-01 11:29:06,V028,101.0,1.002486700923468
2026-06-01,2026-06-01 11:29:07,V028,102.0,1.007633941156092
2026-06-01,2026-06-01 11:29:08,V028,102.0,0.9998297526250876
2026-06-01,2026-06-01 11:29:09,V028,103.0,0.9974466150573651
2026-06-01,2026-06-01 11:29:10,V028,103.0,1.000716915241897
2026-06-01,2026-06-01 11:29:11,V028,103.0,1.0010856483908106
2026-06-01,2026-06-01 11:29:12,V028,103.0,1.0008641742796416
2026-06-01,2026-06-01 11:29:13,V028,103.0,1.0011938888993355
2026-06-01,2026-06-01 11:29:14,V028,103.0,1.0002991015475293
2026-06-01,2026-06-01 11:29:15,V028,103.0,0.9999581438445323
2026-06-01,2026-06-01 11:29:16,V028,103.0,0.9987390903111865
2026-06-01,2026-06-01 11:29:17,V028,103.0,1.0008746262032013
2026-06-01,2026-06-01 11:29:18,V028,103.0,1.0008651943659588
2026-06-01,2026-06-01 11:29:19,V028,103.0,1.0021172277529746
2026-06-01,2026-06-01 11:29:20,V028,103.0,0.9983877239780703
2026-06-01,2026-06-01 11:29:21,V028,103.0,1.0016830339198775
2026-06-01,2026-06-01 11:29:22,V028,103.0,0.9995975356347268
2026-06-01,2026-06-01 11:29:23,V028,102.0,1.0006264332385597
2026-06-01,2026-06-01 11:29:24,V028,101.0,1.0044871717866273
2026-06-01,2026-06-01 11:29:25,V028,101.0,1.0032875249030289
2026-06-01,2026-06-01 11:29:26,V028,101.0,1.003477597074606
2026-06-01,2026-06-01 11:29:27,V028,101.0,1.0035478499788966
2026-06-01,2026-06-01 11:29:28,V028,101.0,1.0003272835758612
2026-06-01,2026-06-01 11:29:29,V028,101.0,1.00020350854872
2026-06-01,2026-06-01 11:29:30,V028,101.0,0.9996505032229974
2026-06-01,2026-06-01 11:29:31,V028,101.0,0.9969347418341342
2026-06-01,2026-06-01 11:29:32,V028,101.0,1.0009003366737672
2026-06-01,2026-06-01 11:29:33,V028,101.0,0.9994568005404314
2026-06-01,2026-06-01 11:29:34,V028,101.0,1.0003189029172297
2026-06-01,2026-06-01 11:29:35,V028,101.0,1.0012658251460171
2026-06-01,2026-06-01 11:29:36,V028,101.0,0.9987747547651608
2026-06-01,2026-06-01 11:29:37,V028,101.0,0.9992528683911047
2026-06-01,2026-06-01 11:29:38,V028,101.0,1.0118144633469346
2026-06-01,2026-06-01 11:29:39,V028,101.0,1.001352606815622
2026-06-01,2026-06-01 11:29:40,V028,102.0,1.0030657155286666
2026-06-01,2026-06-01 11:29:41,V028,102.0,1.0028906636936272
2026-06-01,2026-06-01 11:29:42,V028,102.0,0.9924844144394522
2026-06-01,2026-06-01 11:29:43,V028,101.0,0.9963997682573487
2026-06-01,2026-06-01 11:29:44,V028,101.0,1.0017831441105447
2026-06-01,2026-06-01 11:29:45,V028,101.0,1.0001667845156634
2026-06-01,2026-06-01 11:29:46,V028,101.0,1.000067202991237
2026-06-01,2026-06-01 11:29:47,V028,101.0,1.0030769195931928
2026-06-01,2026-06-01 11:29:48,V028,101.0,1.0004633049557716
2026-06-01,2026-06-01 11:29:49,V028,102.0,0.999332293627167
2026-06-01,2026-06-01 11:29:50,V028,103.0,0.999112251147536
2026-06-01,2026-06-01 11:29:51,V028,104.0,0.9998146941846642
2026-06-01,2026-06-01 11:29:52,V028,106.0,1.0013239139724732
2026-06-01,2026-06-01 11:29:53,V028,107.0,0.9995538128348704
2026-06-01,2026-06-01 11:29:54,V028,107.0,0.9997047609561279
2026-06-01,2026-06-01 11:29:55,V028,106.0,1.0006233685690902
2026-06-01,2026-06-01 11:29:56,V028,105.0,0.9976603870121141
2026-06-01,2026-06-01 11:29:57,V028,105.0,1.002062105276299
2026-06-01,2026-06-01 11:29:58,V028,105.0,0.9986721958212518
2026-06-01,2026-06-01 11:29:59,V028,104.0,0.9986707627312875
2026-06-01,2026-06-01 11:30:00,V028,104.0,0.9990514518384271
2026-06-01,2026-06-01 11:30:01,V028,104.0,1.0006733689948375
2026-06-01,2026-06-01 11:30:02,V028,104.0,0.9990900521411527
2026-06-01,2026-06-01 11:30:03,V028,103.0,0.9927275514438978
2026-06-01,2026-06-01 11:30:04,V028,103.0,1.0013540849923783
2026-06-01,2026-06-01 11:30:05,V028,102.0,1.000418952945018
2026-06-01,2026-06-01 11:30:06,V028,102.0,1.001844199966129
2026-06-01,2026-06-01 11:30:07,V028,101.0,0.9992228462330836
2026-06-01,2026-06-01 11:30:08,V028,101.0,0.9997826529893308
2026-06-01,2026-06-01 11:30:09,V028,101.0,0.9983578274808061
2026-06-01,2026-06-01 11:30:10,V028,101.0,1.0022837853857507
2026-06-01,2026-06-01 11:30:11,V028,100.0,1.0002986205416926
2026-06-01,2026-06-01 11:30:12,V028,100.0,1.0010392102847352
2026-06-01,2026-06-01 11:30:13,V028,100.0,0.9995868283238302
2026-06-01,2026-06-01 11:30:14,V028,100.0,1.0019998750046102
2026-06-01,2026-06-01 11:30:15,V028,99.0,0.9991425498856894
2026-06-01,2026-06-01 11:30:16,V028,99.0,0.9977986732750288
2026-06-01,2026-06-01 11:30:17,V028,99.0,0.9987787644398495
2026-06-01,2026-06-01 11:30:18,V028,99.0,1.0009335304522258
2026-06-01,2026-06-01 11:30:19,V028,99.0,1.0018046716796007
2026-06-01,2026-06-01 11:30:20,V028,99.0,0.999719884185279
2026-06-01,2026-06-01 11:30:21,V028,99.0,1.0005988236631633
2026-06-01,2026-06-01 11:30:22,V028,99.0,0.9881641198588823
2026-06-01,2026-06-01 11:30:23,V028,99.0,0.9997106547956313
2026-06-01,2026-06-01 11:30:24,V028,99.0,0.9983831698967719
2026-06-01,2026-06-01 11:30:25,V028,100.0,0.9997697956647903
2026-06-01,2026-06-01 11:30:26,V028,100.0,0.9960185999284219
2026-06-01,2026-06-01 11:30:27,V028,101.0,0.9974938455579851
2026-06-01,2026-06-01 11:30:28,V028,101.0,1.0082250292450665
2026-06-01,2026-06-01 11:30:29,V028,100.0,0.9968510539215563
2026-06-01,2026-06-01 11:30:30,V028,100.0,1.0018841692790486
2026-06-01,2026-06-01 11:30:31,V028,99.0,1.0019959538396301
2026-06-01,2026-06-01 11:30:32,V028,99.0,1.0003915215943804
2026-06-01,2026-06-01 11:30:33,V028,98.0,0.9964202828109796
2026-06-01,2026-06-01 11:30:34,V028,98.0,0.994526176762908
2026-06-01,2026-06-01 11:30:35,V028,98.0,1.0009672166164232
2026-06-01,2026-06-01 11:30:36,V028,98.0,0.9993439116682474
2026-06-01,2026-06-01 11:30:37,V028,97.0,1.0013532856383283
2026-06-01,2026-06-01 11:30:38,V028,97.0,1.0036139401560698
2026-06-01,2026-06-01 11:30:39,V028,97.0,1.0074353503691909
2026-06-01,2026-06-01 11:30:40,V028,97.0,0.9963779223635685
2026-06-01,2026-06-01 11:30:41,V028,97.0,1.002192611692236
2026-06-01,2026-06-01 11:30:42,V028,97.0,1.0065180819765114
2026-06-01,2026-06-01 11:30:43,V028,97.0,1.0054209491037984
2026-06-01,2026-06-01 11:30:44,V028,97.0,0.9997506721439406
2026-06-01,2026-06-01 11:30:45,V028,97.0,0.9929854849635813
2026-06-01,2026-06-01 11:30:46,V028,97.0,1.0009742033133895
2026-06-01,2026-06-01 11:30:47,V028,96.0,0.9973581130393153
2026-06-01,2026-06-01 11:30:48,V028,96.0,1.0036127462808833
2026-06-01,2026-06-01 11:30:49,V028,96.0,0.9987085358240771
2026-06-01,2026-06-01 11:30:50,V028,97.0,0.9964822329009797
2026-06-01,2026-06-01 11:30:51,V028,96.0,0.9997102949417235
2026-06-01,2026-06-01 11:30:52,V028,96.0,1.0044238076467165
2026-06-01,2026-06-01 11:30:53,V028,97.0,1.0067160563920505
2026-06-01,2026-06-01 11:30:54,V028,97.0,1.009388324198485
2026-06-01,2026-06-01 11:30:55,V028,97.0,1.0035336490020423
2026-06-01,2026-06-01 11:30:56,V028,97.0,1.0012166014860742
2026-06-01,2026-06-01 11:30:57,V028,98.0,0.9989772134305792
2026-06-01,2026-06-01 11:30:58,V028,98.0,1.0025605049427584
2026-06-01,2026-06-01 11:30:59,V028,98.0,0.9945462378742045
2026-06-01,2026-06-01 11:31:00,V028,98.0,1.0039935301907743
2026-06-01,2026-06-01 11:31:01,V028,97.0,0.9991718441144967
2026-06-01,2026-06-01 11:31:02,V028,97.0,1.0030899345901092
2026-06-01,2026-06-01 11:31:03,V028,97.0,1.0011881832933056
2026-06-01,2026-06-01 11:31:04,V028,97.0,1.0009969070384042
2026-06-01,2026-06-01 11:31:05,V028,97.0,0.9999932434896465
2026-06-01,2026-06-01 11:31:06,V028,97.0,1.0009655786851872
2026-06-01,2026-06-01 11:31:07,V028,96.0,1.0015039119159426
2026-06-01,2026-06-01 11:31:08,V028,96.0,1.0034049895624064
2026-06-01,2026-06-01 11:31:09,V028,95.0,1.0014306245002833
2026-06-01,2026-06-01 11:31:10,V028,94.0,0.9997267671303793
2026-06-01,2026-06-01 11:31:11,V028,91.0,0.9999421123962361
2026-06-01,2026-06-01 11:31:12,V028,89.0,1.0011669126401865
2026-06-01,2026-06-01 11:31:13,V028,89.0,0.9986444234374431
2026-06-01,2026-06-01 11:31:14,V028,88.0,0.999951895276476
2026-06-01,2026-06-01 11:31:15,V028,88.0,1.0023059753517534
2026-06-01,2026-06-01 11:31:16,V028,89.0,1.0020899655321993
2026-06-01,2026-06-01 11:31:17,V028,89.0,1.0001961316009993
2026-06-01,2026-06-01 11:31:18,V028,90.0,1.0027327245020008
2026-06-01,2026-06-01 11:31:19,V028,90.0,1.0042557100648037
2026-06-01,2026-06-01 11:31:20,V028,90.0,1.0017790089734269
2026-06-01,2026-06-01 11:31:21,V028,90.0,0.9999126037153201
2026-06-01,2026-06-01 11:31:22,V028,91.0,1.0013861184445165
2026-06-01,2026-06-01 11:31:23,V028,91.0,1.0005051044543933
2026-06-01,2026-06-01 11:31:24,V028,91.0,0.9997331835061224
2026-06-01,2026-06-01 11:31:25,V028,91.0,1.0000541468290431
2026-06-01,2026-06-01 11:31:26,V028,91.0,1.001996387641972
2026-06-01,2026-06-01 11:31:27,V028,91.0,0.9970327653271553
2026-06-01,2026-06-01 11:31:28,V028,91.0,0.9998150727383375
2026-06-01,2026-06-01 11:31:29,V028,91.0,0.9998774681395072
2026-06-01,2026-06-01 11:31:30,V028,90.0,0.9990203075403011
2026-06-01,2026-06-01 11:31:31,V028,90.0,1.0038868422694451
2026-06-01,2026-06-01 11:31:32,V028,91.0,0.9997340127061337
2026-06-01,2026-06-01 11:31:33,V028,90.0,1.0008768893696054
2026-06-01,2026-06-01 11:31:34,V028,90.0,0.9998701679046249
2026-06-01,2026-06-01 11:31:35,V028,90.0,1.000579419878235
2026-06-01,2026-06-01 11:31:36,V028,90.0,1.0024302248211556
2026-06-01,2026-06-01 11:31:37,V028,90.0,1.0023935865546778
2026-06-01,2026-06-01 11:31:38,V028,90.0,1.0025045239455748
2026-06-01,2026-06-01 11:31:39,V028,91.0,0.9962746633613413
2026-06-01,2026-06-01 11:31:40,V028,91.0,1.0012740504528639
2026-06-01,2026-06-01 11:31:41,V028,91.0,1.001150609268505
2026-06-01,2026-06-01 11:31:42,V028,92.0,1.0003046079686004
2026-06-01,2026-06-01 11:31:43,V028,92.0,0.9993458963676369
2026-06-01,2026-06-01 11:31:44,V028,92.0,1.0001843172110083
2026-06-01,2026-06-01 11:31:45,V028,92.0,0.9967195074075376
2026-06-01,2026-06-01 11:31:46,V028,92.0,1.001277230799546
2026-06-01,2026-06-01 11:31:47,V028,92.0,0.9993233054591717
2026-06-01,2026-06-01 11:31:48,V028,92.0,0.9961123836446161
2026-06-01,2026-06-01 11:31:49,V028,93.0,1.0022362747667122
2026-06-01,2026-06-01 11:31:50,V028,93.0,1.0003273948518838
2026-06-01,2026-06-01 11:31:51,V028,93.0,0.9999734805148661
2026-06-01,2026-06-01 11:31:52,V028,93.0,1.0023382720284362
2026-06-01,2026-06-01 11:31:53,V028,93.0,0.9982469911179072
2026-06-01,2026-06-01 11:31:54,V028,93.0,0.9971751160168132
2026-06-01,2026-06-01 11:31:55,V028,93.0,0.9999580543159113
2026-06-01,2026-06-01 11:31:56,V028,94.0,0.997890852258544
2026-06-01,2026-06-01 11:31:57,V028,94.0,0.9962015263073637
2026-06-01,2026-06-01 11:31:58,V028,94.0,1.000578206356697
2026-06-01,2026-06-01 11:31:59,V028,95.0,1.0028977830580659
2026-06-01,2026-06-01 11:32:00,V028,94.0,1.000527579241491
2026-06-01,2026-06-01 11:32:01,V028,94.0,1.0060286754365477
2026-06-01,2026-06-01 11:32:02,V028,94.0,1.0051815930275392
2026-06-01,2026-06-01 11:32:03,V028,94.0,0.9956758084565259
2026-06-01,2026-06-01 11:32:04,V028,94.0,1.0009510246056257
2026-06-01,2026-06-01 11:32:05,V028,94.0,0.9991515756826131
2026-06-01,2026-06-01 11:32:06,V028,94.0,0.9985060906559012
2026-06-01,2026-06-01 11:32:07,V028,94.0,0.9976703702861917
2026-06-01,2026-06-01 11:32:08,V028,94.0,1.0011279159104431
2026-06-01,2026-06-01 11:32:09,V028,94.0,1.0000123049425367
2026-06-01,2026-06-01 11:32:10,V028,94.0,1.0004587780653094
2026-06-01,2026-06-01 11:32:11,V028,94.0,1.0006472707025758
2026-06-01,2026-06-01 11:32:12,V028,94.0,0.9997343835337837
2026-06-01,2026-06-01 11:32:13,V028,94.0,0.9971116796400404
2026-06-01,2026-06-01 11:32:14,V028,94.0,0.997972332735372
2026-06-01,2026-06-01 11:32:15,V028,93.0,1.0006077538044156
2026-06-01,2026-06-01 11:32:16,V028,93.0,0.9972238543152073
2026-06-01,2026-06-01 11:32:17,V028,93.0,0.999618494770284
2026-06-01,2026-06-01 11:32:18,V028,94.0,1.0003467298363875
2026-06-01,2026-06-01 11:32:19,V028,95.0,1.0027319091421483
2026-06-01,2026-06-01 11:32:20,V028,95.0,0.9999804759900757
2026-06-01,2026-06-01 11:32:21,V028,95.0,0.9988372947921955
2026-06-01,2026-06-01 11:32:22,V028,95.0,0.9998034282381135
2026-06-01,2026-06-01 11:32:23,V028,95.0,0.9976651178069217
2026-06-01,2026-06-01 11:32:24,V028,95.0,1.0035062910410064
2026-06-01,2026-06-01 11:32:25,V028,95.0,1.001545353057136
2026-06-01,2026-06-01 11:32:26,V028,95.0,1.003172364167471
2026-06-01,2026-06-01 11:32:27,V028,95.0,1.0006348992718874
2026-06-01,2026-06-01 11:32:28,V028,95.0,0.9991857424604461
2026-06-01,2026-06-01 11:32:29,V028,94.0,1.0016816364687977
2026-06-01,2026-06-01 11:32:30,V028,94.0,0.9993613382584431
2026-06-01,2026-06-01 11:32:31,V028,93.0,1.0003216144663263
2026-06-01,2026-06-01 11:32:32,V028,92.0,1.0004368468417215
2026-06-01,2026-06-01 11:32:33,V028,91.0,1.000941028304451
2026-06-01,2026-06-01 11:32:34,V028,90.0,0.9987175523950447
2026-06-01,2026-06-01 11:32:35,V028,87.0,1.00378617646267
2026-06-01,2026-06-01 11:32:36,V028,84.0,0.9999165009514426
2026-06-01,2026-06-01 11:32:37,V028,82.0,0.99749469697666
2026-06-01,2026-06-01 11:32:38,V028,81.0,1.0029261337937112
2026-06-01,2026-06-01 11:32:39,V028,81.0,0.999881774284441
2026-06-01,2026-06-01 11:32:40,V028,81.0,1.0011991358895613
2026-06-01,2026-06-01 11:32:41,V028,82.0,1.0015584968579774
2026-06-01,2026-06-01 11:32:42,V028,82.0,1.0001009280550033
2026-06-01,2026-06-01 11:32:43,V028,83.0,0.9991624797112669
2026-06-01,2026-06-01 11:32:44,V028,84.0,0.999263455299648
2026-06-01,2026-06-01 11:32:45,V028,84.0,0.9990367543707974
2026-06-01,2026-06-01 11:32:46,V028,84.0,0.999489531327493
2026-06-01,2026-06-01 11:32:47,V028,86.0,0.9984240553888944
2026-06-01,2026-06-01 11:32:48,V028,87.0,0.9997227690378588
2026-06-01,2026-06-01 11:32:49,V028,88.0,1.0022225820941217
2026-06-01,2026-06-01 11:32:50,V028,89.0,0.9990740003102191
2026-06-01,2026-06-01 11:32:51,V028,89.0,1.0005947761877143
2026-06-01,2026-06-01 11:32:52,V028,90.0,0.9985592004852236
2026-06-01,2026-06-01 11:32:53,V028,90.0,0.9990738302337132
2026-06-01,2026-06-01 11:32:54,V028,90.0,1.003178615404231
2026-06-01,2026-06-01 11:32:55,V028,90.0,0.9996086502341945
2026-06-01,2026-06-01 11:32:56,V028,90.0,0.999862719492778
2026-06-01,2026-06-01 11:32:57,V028,89.0,0.9865286748744264
2026-06-01,2026-06-01 11:32:58,V028,89.0,0.9981097669403759
2026-06-01,2026-06-01 11:32:59,V028,89.0,0.998029168428356
2026-06-01,2026-06-01 11:33:00,V028,89.0,0.9991203527206827
2026-06-01,2026-06-01 11:33:01,V028,89.0,0.9998088536121538
2026-06-01,2026-06-01 11:33:02,V028,89.0,1.0004381517070886
2026-06-01,2026-06-01 11:33:03,V028,88.0,1.000742362891141
2026-06-01,2026-06-01 11:33:04,V028,88.0,0.9992689913878752
2026-06-01,2026-06-01 11:33:05,V028,89.0,1.002000264765399
2026-06-01,2026-06-01 11:33:06,V028,89.0,0.9997714423847024
2026-06-01,2026-06-01 11:33:07,V028,88.0,1.0071596806720131
2026-06-01,2026-06-01 11:33:08,V028,88.0,1.0022548362455013
2026-06-01,2026-06-01 11:33:09,V028,88.0,0.9992965581008495
2026-06-01,2026-06-01 11:33:10,V028,88.0,0.9957171428837766
2026-06-01,2026-06-01 11:33:11,V028,88.0,0.9975092862717456
2026-06-01,2026-06-01 11:33:12,V028,88.0,1.0020806664620259
2026-06-01,2026-06-01 11:33:13,V028,88.0,0.9989826093663475
2026-06-01,2026-06-01 11:33:14,V028,88.0,0.9990493222373849
2026-06-01,2026-06-01 11:33:15,V028,88.0,1.0001207242171801
2026-06-01,2026-06-01 11:33:16,V028,88.0,1.0027342778673443
2026-06-01,2026-06-01 11:33:17,V028,88.0,1.000000454581779
2026-06-01,2026-06-01 11:33:18,V028,88.0,1.0048079655049733
2026-06-01,2026-06-01 11:33:19,V028,88.0,0.9993882814332828
2026-06-01,2026-06-01 11:33:20,V028,88.0,0.9971902418229799
2026-06-01,2026-06-01 11:33:21,V028,88.0,1.0005494962285897
2026-06-01,2026-06-01 11:33:22,V028,87.0,0.9967887119516017
2026-06-01,2026-06-01 11:33:23,V028,88.0,1.0010886231535334
2026-06-01,2026-06-01 11:33:24,V028,88.0,0.9980296943903532
2026-06-01,2026-06-01 11:33:25,V028,89.0,1.002713503149724
2026-06-01,2026-06-01 11:33:26,V028,89.0,1.00383645981002
2026-06-01,2026-06-01 11:33:27,V028,90.0,0.9964599773866044
2026-06-01,2026-06-01 11:33:28,V028,90.0,0.9998902608106461
2026-06-01,2026-06-01 11:33:29,V028,90.0,1.0004223087663378
2026-06-01,2026-06-01 11:33:30,V028,90.0,0.9992012149061889
2026-06-01,2026-06-01 11:33:31,V028,90.0,1.00230740909474
2026-06-01,2026-06-01 11:33:32,V028,90.0,1.0010600488651304
2026-06-01,2026-06-01 11:33:33,V028,90.0,1.0010568321192344
2026-06-01,2026-06-01 11:33:34,V028,89.0,0.9978738682561064
2026-06-01,2026-06-01 11:33:35,V028,88.0,0.9985886097117754
2026-06-01,2026-06-01 11:33:36,V028,88.0,0.9997227544909221
2026-06-01,2026-06-01 11:33:37,V028,87.0,1.0009764013019937
2026-06-01,2026-06-01 11:33:38,V028,87.0,0.99575561020793
2026-06-01,2026-06-01 11:33:39,V028,88.0,0.9977520283420682
2026-06-01,2026-06-01 11:33:40,V028,88.0,1.0026125562179846
2026-06-01,2026-06-01 11:33:41,V028,88.0,1.002083611729643
2026-06-01,2026-06-01 11:33:42,V028,89.0,1.0014982388597875
2026-06-01,2026-06-01 11:33:43,V028,89.0,1.0023344580369233
2026-06-01,2026-06-01 11:33:44,V028,89.0,0.9984277653128563
2026-06-01,2026-06-01 11:33:45,V028,89.0,0.9983569818351679
2026-06-01,2026-06-01 11:33:46,V028,89.0,0.9953024187109533
2026-06-01,2026-06-01 11:33:47,V028,89.0,1.0035392336293372
2026-06-01,2026-06-01 11:33:48,V028,89.0,0.9999209492035044
2026-06-01,2026-06-01 11:33:49,V028,90.0,1.001885777927612
2026-06-01,2026-06-01 11:33:50,V028,90.0,0.9992805053242272
2026-06-01,2026-06-01 11:33:51,V028,90.0,1.0130401876044632
2026-06-01,2026-06-01 11:33:52,V028,90.0,0.9987081670624858
2026-06-01,2026-06-01 11:33:53,V028,91.0,1.0003630869118834
2026-06-01,2026-06-01 11:33:54,V028,91.0,1.003528750579539
2026-06-01,2026-06-01 11:33:55,V028,91.0,0.9995325923323385
2026-06-01,2026-06-01 11:33:56,V028,92.0,1.001257689670253
2026-06-01,2026-06-01 11:33:57,V028,92.0,1.000661423215265
2026-06-01,2026-06-01 11:33:58,V028,93.0,0.9995535000984391
2026-06-01,2026-06-01 11:33:59,V028,93.0,1.0030531802385374
2026-06-01,2026-06-01 11:34:00,V028,93.0,0.9989259822322469
2026-06-01,2026-06-01 11:34:01,V028,92.0,0.9995873017678297
2026-06-01,2026-06-01 11:34:02,V028,92.0,0.999845576838847
2026-06-01,2026-06-01 11:34:03,V028,91.0,0.9984910500808455
2026-06-01,2026-06-01 11:34:04,V028,91.0,1.0018224097285002
2026-06-01,2026-06-01 11:34:05,V028,92.0,1.0017829781381584
2026-06-01,2026-06-01 11:34:06,V028,92.0,1.0051463785713837
2026-06-01,2026-06-01 11:34:07,V028,92.0,1.001217507038325
2026-06-01,2026-06-01 11:34:08,V028,92.0,0.9983330666826462
2026-06-01,2026-06-01 11:34:09,V028,92.0,1.0067381716925712
2026-06-01,2026-06-01 11:34:10,V028,92.0,0.9952186828895837
2026-06-01,2026-06-01 11:34:11,V028,92.0,0.9971075988053544
2026-06-01,2026-06-01 11:34:12,V028,92.0,1.0059864572385333
2026-06-01,2026-06-01 11:34:13,V028,92.0,1.0073881069906439
2026-06-01,2026-06-01 11:34:14,V028,92.0,0.9949794455469493
2026-06-01,2026-06-01 11:34:15,V028,92.0,1.0027875212616715
2026-06-01,2026-06-01 11:34:16,V028,92.0,1.0023981635930532
2026-06-01,2026-06-01 11:34:17,V028,92.0,0.9972919944425248
2026-06-01,2026-06-01 11:34:18,V028,92.0,1.004307211383848
2026-06-01,2026-06-01 11:34:19,V028,92.0,0.9942250561472191
2026-06-01,2026-06-01 11:34:20,V028,92.0,0.9994763761686838
2026-06-01,2026-06-01 11:34:21,V028,92.0,1.0001010197349536
2026-06-01,2026-06-01 11:34:22,V028,92.0,0.99991490892224
2026-06-01,2026-06-01 11:34:23,V028,92.0,1.0015491960915852
2026-06-01,2026-06-01 11:34:24,V028,92.0,0.9998765746675006
2026-06-01,2026-06-01 11:34:25,V028,92.0,1.0003352017082594
2026-06-01,2026-06-01 11:34:26,V028,92.0,0.996219886877267
2026-06-01,2026-06-01 11:34:27,V028,93.0,0.9965102740484224
2026-06-01,2026-06-01 11:34:28,V028,93.0,0.9964408450498304
2026-06-01,2026-06-01 11:34:29,V028,93.0,0.9978607749186196
2026-06-01,2026-06-01 11:34:30,V028,93.0,1.003041818685214
2026-06-01,2026-06-01 11:34:31,V028,93.0,1.0017187721203469
2026-06-01,2026-06-01 11:34:32,V028,93.0,1.0006482751878625
2026-06-01,2026-06-01 11:34:33,V028,93.0,1.0035047744202534
2026-06-01,2026-06-01 11:34:34,V028,93.0,0.9973272991774869
2026-06-01,2026-06-01 11:34:35,V028,93.0,1.000140331133496
2026-06-01,2026-06-01 11:34:36,V028,93.0,0.9996796287502949
2026-06-01,2026-06-01 11:34:37,V028,93.0,0.9998789385740557
2026-06-01,2026-06-01 11:34:38,V028,93.0,0.9999165923809432
2026-06-01,2026-06-01 11:34:39,V028,94.0,0.9983203504799113
2026-06-01,2026-06-01 11:34:40,V028,94.0,0.9978385075110341
2026-06-01,2026-06-01 11:34:41,V028,94.0,1.0034091254667277
2026-06-01,2026-06-01 11:34:42,V028,94.0,1.001741090394825
2026-06-01,2026-06-01 11:34:43,V028,94.0,0.9962115879524854
2026-06-01,2026-06-01 11:34:44,V028,94.0,1.0000227960579555
2026-06-01,2026-06-01 11:34:45,V028,94.0,1.0042452582793662
2026-06-01,2026-06-01 11:34:46,V028,94.0,0.9977038847588301
2026-06-01,2026-06-01 11:34:47,V028,94.0,1.010447181455126
2026-06-01,2026-06-01 11:34:48,V028,94.0,1.0009571901776417
2026-06-01,2026-06-01 11:34:49,V028,94.0,1.0008631474624106
2026-06-01,2026-06-01 11:34:50,V028,94.0,0.9976161099447605
2026-06-01,2026-06-01 11:34:51,V028,94.0,1.0018111522453559
2026-06-01,2026-06-01 11:34:52,V028,93.0,1.0012503247399982
2026-06-01,2026-06-01 11:34:53,V028,94.0,1.0008500706086951
2026-06-01,2026-06-01 11:34:54,V028,94.0,1.001613008045962
2026-06-01,2026-06-01 11:34:55,V028,94.0,1.004352536983775
2026-06-01,2026-06-01 11:34:56,V028,94.0,1.005959190280516
2026-06-01,2026-06-01 11:34:57,V028,94.0,0.9926845348425576
2026-06-01,2026-06-01 11:34:58,V028,95.0,0.997922592028414
2026-06-01,2026-06-01 11:34:59,V028,95.0,1.0069572126936563
2026-06-01,2026-06-01 11:35:00,V028,95.0,1.0006088290180037
2026-06-01,2026-06-01 11:35:01,V028,95.0,0.9995659991203739
2026-06-01,2026-06-01 11:35:02,V028,95.0,1.001833051687492
2026-06-01,2026-06-01 11:35:03,V028,96.0,0.9999954752665237
2026-06-01,2026-06-01 11:35:04,V028,96.0,0.9988300555890783
2026-06-01,2026-06-01 11:35:05,V028,96.0,0.9986534958985563
2026-06-01,2026-06-01 11:35:06,V028,96.0,1.0014277281098694
2026-06-01,2026-06-01 11:35:07,V028,97.0,1.000179077542112
2026-06-01,2026-06-01 11:35:08,V028,97.0,1.0004207721421394
2026-06-01,2026-06-01 11:35:09,V028,98.0,1.005245035405004
2026-06-01,2026-06-01 11:35:10,V028,98.0,1.0047368331758888
2026-06-01,2026-06-01 11:35:11,V028,99.0,0.9892239602740771
2026-06-01,2026-06-01 11:35:12,V028,99.0,1.0004241994251324
2026-06-01,2026-06-01 11:35:13,V028,99.0,0.9974746154109438
2026-06-01,2026-06-01 11:35:14,V028,99.0,1.0020642033438367
2026-06-01,2026-06-01 11:35:15,V028,99.0,0.99966515992915
2026-06-01,2026-06-01 11:35:16,V028,100.0,1.0000488463730837
2026-06-01,2026-06-01 11:35:17,V028,100.0,1.001965416140521
2026-06-01,2026-06-01 11:35:18,V028,100.0,0.9988116826996829
2026-06-01,2026-06-01 11:35:19,V028,100.0,1.0009743289464115
2026-06-01,2026-06-01 11:35:20,V028,100.0,1.0003081364140647
2026-06-01,2026-06-01 11:35:21,V028,100.0,1.0028125951652422
2026-06-01,2026-06-01 11:35:22,V028,100.0,1.0022361515402298
2026-06-01,2026-06-01 11:35:23,V028,100.0,1.0064765135397054
2026-06-01,2026-06-01 11:35:24,V028,100.0,0.9986429333330414
2026-06-01,2026-06-01 11:35:25,V028,100.0,1.0042929468071928
2026-06-01,2026-06-01 11:35:26,V028,100.0,1.0016706122597456
2026-06-01,2026-06-01 11:35:27,V028,100.0,0.9990247562270493
2026-06-01,2026-06-01 11:35:28,V028,101.0,1.000839225029365
2026-06-01,2026-06-01 11:35:29,V028,101.0,1.0047480390336518
2026-06-01,2026-06-01 11:35:30,V028,100.0,0.9966105730040719
2026-06-01,2026-06-01 11:35:31,V028,100.0,1.018869711162936
2026-06-01,2026-06-01 11:35:32,V028,100.0,0.998278306470307
2026-06-01,2026-06-01 11:35:33,V028,100.0,1.0068354813217468
2026-06-01,2026-06-01 11:35:34,V028,100.0,1.0029265361898285
2026-06-01,2026-06-01 11:35:35,V028,100.0,0.99895481332335
2026-06-01,2026-06-01 11:35:36,V028,100.0,1.0013644850382395
2026-06-01,2026-06-01 11:35:37,V028,100.0,0.9981481857488649
2026-06-01,2026-06-01 11:35:38,V028,100.0,1.0041749010257819
2026-06-01,2026-06-01 11:35:39,V028,100.0,1.0003563500248076
2026-06-01,2026-06-01 11:35:40,V028,100.0,0.9875910415541174
2026-06-01,2026-06-01 11:35:41,V028,100.0,1.0030701561147075
2026-06-01,2026-06-01 11:35:42,V028,100.0,0.9978448575787928
2026-06-01,2026-06-01 11:35:43,V028,100.0,0.9976691014266079
2026-06-01,2026-06-01 11:35:44,V028,100.0,1.0022115576118558
2026-06-01,2026-06-01 11:35:45,V028,100.0,0.9987390956625829
2026-06-01,2026-06-01 11:35:46,V028,100.0,1.000179783787222
2026-06-01,2026-06-01 11:35:47,V028,100.0,0.997916784116086
2026-06-01,2026-06-01 11:35:48,V028,100.0,0.9977809408376049
2026-06-01,2026-06-01 11:35:49,V028,100.0,1.0054959926565228
2026-06-01,2026-06-01 11:35:50,V028,101.0,0.9988722625962929
2026-06-01,2026-06-01 11:35:51,V028,101.0,0.9974087596587061
2026-06-01,2026-06-01 11:35:52,V028,101.0,1.0000375989885475
2026-06-01,2026-06-01 11:35:53,V028,101.0,1.0000036709364952
2026-06-01,2026-06-01 11:35:54,V028,102.0,0.9989148302434169
2026-06-01,2026-06-01 11:35:55,V028,102.0,1.0035914308667822
2026-06-01,2026-06-01 11:35:56,V028,102.0,1.0008841751940818
2026-06-01,2026-06-01 11:35:57,V028,101.0,1.0089558134776602
2026-06-01,2026-06-01 11:35:58,V028,101.0,1.0035661435331586
2026-06-01,2026-06-01 11:35:59,V028,101.0,0.9980537128183335
2026-06-01,2026-06-01 11:36:00,V028,101.0,1.0029055593014045
2026-06-01,2026-06-01 11:36:01,V028,101.0,0.9995126533293003
2026-06-01,2026-06-01 11:36:02,V028,101.0,0.9954538186106243
2026-06-01,2026-06-01 11:36:03,V028,101.0,0.9993364162479531
2026-06-01,2026-06-01 11:36:04,V028,101.0,1.0041666698538743
2026-06-01,2026-06-01 11:36:05,V028,101.0,1.0012598435310256
2026-06-01,2026-06-01 11:36:06,V028,101.0,1.0003489842766966
2026-06-01,2026-06-01 11:36:07,V028,101.0,1.0005093420149536
2026-06-01,2026-06-01 11:36:08,V028,101.0,1.0023509474067516
2026-06-01,2026-06-01 11:36:09,V028,102.0,1.0037764750347502
2026-06-01,2026-06-01 11:36:10,V028,102.0,1.0002420160574788
2026-06-01,2026-06-01 11:36:11,V028,104.0,0.9982428823614387
2026-06-01,2026-06-01 11:36:12,V028,105.0,1.0029878923389366
2026-06-01,2026-06-01 11:36:13,V028,106.0,1.0004916828604677
2026-06-01,2026-06-01 11:36:14,V028,106.0,1.0001158358458027
2026-06-01,2026-06-01 11:36:15,V028,107.0,1.0011462010755652
2026-06-01,2026-06-01 11:36:16,V028,108.0,1.0066143004512904
2026-06-01,2026-06-01 11:36:17,V028,108.0,1.0016288341885438
2026-06-01,2026-06-01 11:36:18,V028,108.0,0.996586589333049
2026-06-01,2026-06-01 11:36:19,V028,108.0,1.0025363379685472
2026-06-01,2026-06-01 11:36:20,V028,108.0,0.9989325366437835
2026-06-01,2026-06-01 11:36:21,V028,108.0,1.0006271223532113
2026-06-01,2026-06-01 11:36:22,V028,107.0,1.0007660143580976
2026-06-01,2026-06-01 11:36:23,V028,107.0,1.0019283984574325
2026-06-01,2026-06-01 11:36:24,V028,107.0,1.0033549179263361
2026-06-01,2026-06-01 11:36:25,V028,107.0,0.9998154943880546
2026-06-01,2026-06-01 11:36:26,V028,106.0,0.9961442421870778
2026-06-01,2026-06-01 11:36:27,V028,106.0,1.0003525007144352
2026-06-01,2026-06-01 11:36:28,V028,106.0,0.990443386153179
2026-06-01,2026-06-01 11:36:29,V028,106.0,0.9988877688724267
2026-06-01,2026-06-01 11:36:30,V028,106.0,1.0055638523891863
2026-06-01,2026-06-01 11:36:31,V028,106.0,1.0003774729752304
2026-06-01,2026-06-01 11:36:32,V028,106.0,1.0029070648246605
2026-06-01,2026-06-01 11:36:33,V028,105.0,0.9984361774107022
2026-06-01,2026-06-01 11:36:34,V028,105.0,0.999293122254315
2026-06-01,2026-06-01 11:36:35,V028,105.0,0.9983050871310609
2026-06-01,2026-06-01 11:36:36,V028,105.0,0.9973232272963091
2026-06-01,2026-06-01 11:36:37,V028,105.0,0.9990310104797349
2026-06-01,2026-06-01 11:36:38,V028,105.0,1.0001979029769137
2026-06-01,2026-06-01 11:36:39,V028,105.0,0.9998335388154734
2026-06-01,2026-06-01 11:36:40,V028,104.0,0.9967222383509065
2026-06-01,2026-06-01 11:36:41,V028,104.0,0.9991741297193236
2026-06-01,2026-06-01 11:36:42,V028,105.0,0.9971862487214131
2026-06-01,2026-06-01 11:36:43,V028,104.0,1.0061012042847994
2026-06-01,2026-06-01 11:36:44,V028,104.0,0.992414256029184
2026-06-01,2026-06-01 11:36:45,V028,104.0,0.9961375748555189
2026-06-01,2026-06-01 11:36:46,V028,104.0,0.9659323402460803
2026-06-01,2026-06-01 11:36:47,V028,105.0,1.0140164480187002
2026-06-01,2026-06-01 11:36:48,V028,105.0,1.0068356435012116
2026-06-01,2026-06-01 11:36:49,V028,105.0,0.9999878821954276
2026-06-01,2026-06-01 11:36:50,V028,105.0,0.9970536042775436
2026-06-01,2026-06-01 11:36:51,V028,105.0,1.0013598626621953
2026-06-01,2026-06-01 11:36:52,V028,106.0,0.9999019158358337
2026-06-01,2026-06-01 11:36:53,V028,106.0,1.0134036460553792
2026-06-01,2026-06-01 11:36:54,V028,107.0,1.0026256071949864
2026-06-01,2026-06-01 11:36:55,V028,109.0,0.9990492680697592
2026-06-01,2026-06-01 11:36:56,V028,113.0,0.9961838643622313
2026-06-01,2026-06-01 11:36:57,V028,115.0,1.000222027400382
2026-06-01,2026-06-01 11:36:58,V028,115.0,0.996364893845614
2026-06-01,2026-06-01 11:36:59,V028,115.0,1.002149162646372
2026-06-01,2026-06-01 11:37:00,V028,114.0,0.9987698913576994
2026-06-01,2026-06-01 11:37:01,V028,114.0,1.0053790431582548
2026-06-01,2026-06-01 11:37:02,V028,113.0,1.007959560846238
2026-06-01,2026-06-01 11:37:03,V028,113.0,1.0001649405686905
2026-06-01,2026-06-01 11:37:04,V028,112.0,1.003216144793674
2026-06-01,2026-06-01 11:37:05,V028,112.0,0.9982455858268555
2026-06-01,2026-06-01 11:37:06,V028,112.0,1.0038941770000411
2026-06-01,2026-06-01 11:37:07,V028,112.0,0.996842414603822
2026-06-01,2026-06-01 11:37:08,V028,112.0,1.0011037255141588
2026-06-01,2026-06-01 11:37:09,V028,112.0,1.0009643668113304
2026-06-01,2026-06-01 11:37:10,V028,112.0,0.9987255320493715
2026-06-01,2026-06-01 11:37:11,V028,112.0,1.0023022102574068
2026-06-01,2026-06-01 11:37:12,V028,112.0,1.0004038393695527
2026-06-01,2026-06-01 11:37:13,V028,112.0,0.9928516269320384
2026-06-01,2026-06-01 11:37:14,V028,111.0,1.0028465918724048
2026-06-01,2026-06-01 11:37:15,V028,111.0,1.0059045400552107
2026-06-01,2026-06-01 11:37:16,V028,111.0,0.9964462109446569
2026-06-01,2026-06-01 11:37:17,V028,111.0,0.9955746087843375
2026-06-01,2026-06-01 11:37:18,V028,112.0,1.0065081606708857
2026-06-01,2026-06-01 11:37:19,V028,112.0,1.0093099083716852
2026-06-01,2026-06-01 11:37:20,V028,112.0,1.0018492387131983
2026-06-01,2026-06-01 11:37:21,V028,111.0,0.9992033273255493
2026-06-01,2026-06-01 11:37:22,V028,111.0,1.0016802258123956
2026-06-01,2026-06-01 11:37:23,V028,111.0,0.9961977716480271
2026-06-01,2026-06-01 11:37:24,V028,111.0,1.0012651421863485
2026-06-01,2026-06-01 11:37:25,V028,111.0,0.9986929902896817
2026-06-01,2026-06-01 11:37:26,V028,110.0,1.0008567972329478
2026-06-01,2026-06-01 11:37:27,V028,110.0,0.9969800631456041
2026-06-01,2026-06-01 11:37:28,V028,110.0,0.9978666466029154
2026-06-01,2026-06-01 11:37:29,V028,110.0,1.0001622709058426
2026-06-01,2026-06-01 11:37:30,V028,109.0,1.0002410711967353
2026-06-01,2026-06-01 11:37:31,V028,110.0,0.9983838983565732
2026-06-01,2026-06-01 11:37:32,V028,110.0,0.9925373816709805
2026-06-01,2026-06-01 11:37:33,V028,110.0,1.0011937400040594
2026-06-01,2026-06-01 11:37:34,V028,110.0,1.0002287862251993
2026-06-01,2026-06-01 11:37:35,V028,110.0,0.9984180039906438
2026-06-01,2026-06-01 11:37:36,V028,109.0,1.0009977960324246
2026-06-01,2026-06-01 11:37:37,V028,109.0,0.9985363466090532
2026-06-01,2026-06-01 11:37:38,V028,109.0,1.0028439446673665
2026-06-01,2026-06-01 11:37:39,V028,109.0,0.9983807530339174
2026-06-01,2026-06-01 11:37:40,V028,109.0,1.0036055557502626
2026-06-01,2026-06-01 11:37:41,V028,109.0,1.0003202008336227
2026-06-01,2026-06-01 11:37:42,V028,109.0,1.0009781039210648
2026-06-01,2026-06-01 11:37:43,V028,109.0,1.0002867509073132
2026-06-01,2026-06-01 11:37:44,V028,109.0,1.001032044401472
2026-06-01,2026-06-01 11:37:45,V028,109.0,1.005968419675117
2026-06-01,2026-06-01 11:37:46,V028,109.0,1.0027200518742032
2026-06-01,2026-06-01 11:37:47,V028,109.0,0.9945514194919091
2026-06-01,2026-06-01 11:37:48,V028,109.0,1.0010605039990126
2026-06-01,2026-06-01 11:37:49,V028,109.0,1.0180928772964184
2026-06-01,2026-06-01 11:37:50,V028,108.0,0.991216565165236
2026-06-01,2026-06-01 11:37:51,V028,108.0,1.0024931144185492
2026-06-01,2026-06-01 11:37:52,V028,108.0,1.0036287883892636
2026-06-01,2026-06-01 11:37:53,V028,108.0,0.999896147696205
2026-06-01,2026-06-01 11:37:54,V028,108.0,0.9986031567394744
2026-06-01,2026-06-01 11:37:55,V028,108.0,0.9998933717219531
2026-06-01,2026-06-01 11:37:56,V028,108.0,1.0000360561092083
2026-06-01,2026-06-01 11:37:57,V028,108.0,1.0032875371872905
2026-06-01,2026-06-01 11:37:58,V028,108.0,1.002381142207304
2026-06-01,2026-06-01 11:37:59,V028,107.0,1.0052724726168107
2026-06-01,2026-06-01 11:38:00,V028,107.0,0.9902117396312479
2026-06-01,2026-06-01 11:38:01,V028,106.0,0.9955080884393464
2026-06-01,2026-06-01 11:38:02,V028,106.0,1.0010718864076165
2026-06-01,2026-06-01 11:38:03,V028,106.0,1.0013667029532363
2026-06-01,2026-06-01 11:38:04,V028,106.0,0.9993291829787149
2026-06-01,2026-06-01 11:38:05,V028,106.0,0.997771963314082
2026-06-01,2026-06-01 11:38:06,V028,106.0,1.0020472037102082
2026-06-01,2026-06-01 11:38:07,V028,106.0,1.0068761394644226
2026-06-01,2026-06-01 11:38:08,V028,106.0,1.0056721811746112
2026-06-01,2026-06-01 11:38:09,V028,106.0,0.9890841964023082
2026-06-01,2026-06-01 11:38:10,V028,106.0,0.9998212307992552
2026-06-01,2026-06-01 11:38:11,V028,106.0,0.9967864489929116
2026-06-01,2026-06-01 11:38:12,V028,106.0,1.000980375654392
2026-06-01,2026-06-01 11:38:13,V028,106.0,0.9978689196078439
2026-06-01,2026-06-01 11:38:14,V028,106.0,1.009831818841914
2026-06-01,2026-06-01 11:38:15,V028,106.0,1.0062431298926784
2026-06-01,2026-06-01 11:38:16,V028,106.0,1.00617915205501
2026-06-01,2026-06-01 11:38:17,V028,107.0,0.9893994662928158
2026-06-01,2026-06-01 11:38:18,V028,107.0,0.9987370212599657
2026-06-01,2026-06-01 11:38:19,V028,107.0,1.0005109280821256
2026-06-01,2026-06-01 11:38:20,V028,107.0,0.9947826875734205
2026-06-01,2026-06-01 11:38:21,V028,108.0,0.9999112030982771
2026-06-01,2026-06-01 11:38:22,V028,108.0,0.9949460423183694
2026-06-01,2026-06-01 11:38:23,V028,107.0,0.9964680983123904
2026-06-01,2026-06-01 11:38:24,V028,107.0,0.9999318475004743
2026-06-01,2026-06-01 11:38:25,V028,107.0,1.0014710049445028
2026-06-01,2026-06-01 11:38:26,V028,107.0,0.9993390860080127
2026-06-01,2026-06-01 11:38:27,V028,107.0,0.9997403334475912
2026-06-01,2026-06-01 11:38:28,V028,107.0,0.9987882352742649
2026-06-01,2026-06-01 11:38:29,V028,108.0,0.9992454688202187
2026-06-01,2026-06-01 11:38:30,V028,108.0,1.0009535379992993
2026-06-01,2026-06-01 11:38:31,V028,108.0,1.0021329518515685
2026-06-01,2026-06-01 11:38:32,V028,108.0,1.0017915678672105
2026-06-01,2026-06-01 11:38:33,V028,108.0,0.9998075330213937
2026-06-01,2026-06-01 11:38:34,V028,108.0,0.9994751754656265
2026-06-01,2026-06-01 11:38:35,V028,109.0,1.0019225153272078
2026-06-01,2026-06-01 11:38:36,V028,109.0,0.9997908578612837
2026-06-01,2026-06-01 11:38:37,V028,109.0,1.0013915505787827
2026-06-01,2026-06-01 11:38:38,V028,108.0,1.0003830077323836
2026-06-01,2026-06-01 11:38:39,V028,108.0,0.9997746561039605
2026-06-01,2026-06-01 11:38:40,V028,108.0,1.0002066228147612
2026-06-01,2026-06-01 11:38:41,V028,108.0,0.9999997687387278
2026-06-01,2026-06-01 11:38:42,V028,108.0,1.0006457534182391
2026-06-01,2026-06-01 11:38:43,V028,108.0,1.000532780362787
2026-06-01,2026-06-01 11:38:44,V028,108.0,1.0004808384278967
2026-06-01,2026-06-01 11:38:45,V028,108.0,1.0009604876538398
2026-06-01,2026-06-01 11:38:46,V028,108.0,1.000582099489895
2026-06-01,2026-06-01 11:38:47,V028,108.0,0.9991075810546767
2026-06-01,2026-06-01 11:38:48,V028,109.0,0.9994077644966128
2026-06-01,2026-06-01 11:38:49,V028,109.0,0.9994880790767461
2026-06-01,2026-06-01 11:38:50,V028,109.0,1.002051791199334
2026-06-01,2026-06-01 11:38:51,V028,109.0,0.9991959552051115
2026-06-01,2026-06-01 11:38:52,V028,109.0,0.9996355116563512
2026-06-01,2026-06-01 11:38:53,V028,109.0,0.9991372773585345
2026-06-01,2026-06-01 11:38:54,V028,109.0,0.9993398955313889
2026-06-01,2026-06-01 11:38:55,V028,109.0,0.9995809396720796
2026-06-01,2026-06-01 11:38:56,V028,109.0,1.0005694942599916
2026-06-01,2026-06-01 11:38:57,V028,109.0,1.0023911820336897
2026-06-01,2026-06-01 11:38:58,V028,109.0,1.0006023478363315
2026-06-01,2026-06-01 11:38:59,V028,110.0,1.001230877112762
2026-06-01,2026-06-01 11:39:00,V028,110.0,0.999308264131733
2026-06-01,2026-06-01 11:39:01,V028,110.0,1.0038606880815366
2026-06-01,2026-06-01 11:39:02,V028,110.0,0.9974509440916461
2026-06-01,2026-06-01 11:39:03,V028,111.0,0.9996229895595851
2026-06-01,2026-06-01 11:39:04,V028,111.0,0.9963823826828697
2026-06-01,2026-06-01 11:39:05,V028,111.0,1.0015113568153273
2026-06-01,2026-06-01 11:39:06,V028,110.0,0.9995458137078822
2026-06-01,2026-06-01 11:39:07,V028,110.0,0.9979851944880227
2026-06-01,2026-06-01 11:39:08,V028,109.0,0.9981771281510115
2026-06-01,2026-06-01 11:39:09,V028,109.0,0.9995132809533667
2026-06-01,2026-06-01 11:39:10,V028,108.0,0.998350201467771
2026-06-01,2026-06-01 11:39:11,V028,108.0,0.9992601994669355
2026-06-01,2026-06-01 11:39:12,V028,108.0,0.9974825479330164
2026-06-01,2026-06-01 11:39:13,V028,108.0,0.9990597264533322
2026-06-01,2026-06-01 11:39:14,V028,108.0,0.9998519691348541
2026-06-01,2026-06-01 11:39:15,V028,109.0,0.997943889327359
2026-06-01,2026-06-01 11:39:16,V028,109.0,1.0014359092853762
2026-06-01,2026-06-01 11:39:17,V028,109.0,1.0006872089010688
2026-06-01,2026-06-01 11:39:18,V028,110.0,1.0013274500806308
2026-06-01,2026-06-01 11:39:19,V028,110.0,1.004049666289537
2026-06-01,2026-06-01 11:39:20,V028,110.0,1.0009348083296759
2026-06-01,2026-06-01 11:39:21,V028,110.0,1.0000294463756494
2026-06-01,2026-06-01 11:39:22,V028,110.0,0.9993650261883158
2026-06-01,2026-06-01 11:39:23,V028,110.0,1.0037012175516642
2026-06-01,2026-06-01 11:39:24,V028,110.0,0.9977168812420512
2026-06-01,2026-06-01 11:39:25,V028,110.0,1.0017627592379263
2026-06-01,2026-06-01 11:39:26,V028,111.0,1.002747193449656
2026-06-01,2026-06-01 11:39:27,V028,111.0,1.0011645677140586
2026-06-01,2026-06-01 11:39:28,V028,111.0,0.9989517304287181
2026-06-01,2026-06-01 11:39:29,V028,111.0,0.9994908940957112
2026-06-01,2026-06-01 11:39:30,V028,111.0,1.0010211900576136
2026-06-01,2026-06-01 11:39:31,V028,111.0,0.9993787740989907
2026-06-01,2026-06-01 11:39:32,V028,111.0,1.001198601073128
2026-06-01,2026-06-01 11:39:33,V028,110.0,1.0001620618524416
2026-06-01,2026-06-01 11:39:34,V028,110.0,1.0013124405255769
2026-06-01,2026-06-01 11:39:35,V028,110.0,1.001416518259649
2026-06-01,2026-06-01 11:39:36,V028,109.0,1.0002428999520374
2026-06-01,2026-06-01 11:39:37,V028,108.0,1.0011960552586958
2026-06-01,2026-06-01 11:39:38,V028,107.0,1.0010808962439661
2026-06-01,2026-06-01 11:39:39,V028,107.0,1.0001350569400844
2026-06-01,2026-06-01 11:39:40,V028,107.0,1.000436084725947
2026-06-01,2026-06-01 11:39:41,V028,107.0,1.0011026915318626
2026-06-01,2026-06-01 11:39:42,V028,107.0,1.001191957184902
2026-06-01,2026-06-01 11:39:43,V028,107.0,0.9973644171020049
2026-06-01,2026-06-01 11:39:44,V028,106.0,1.0013536891984989
2026-06-01,2026-06-01 11:39:45,V028,106.0,1.0005945639253264
2026-06-01,2026-06-01 11:39:46,V028,106.0,1.0004842310978752
2026-06-01,2026-06-01 11:39:47,V028,106.0,0.997550716477715
2026-06-01,2026-06-01 11:39:48,V028,105.0,1.0008581752379813
2026-06-01,2026-06-01 11:39:49,V028,106.0,0.9999797237190915
2026-06-01,2026-06-01 11:39:50,V028,106.0,1.0016056702258511
2026-06-01,2026-06-01 11:39:51,V028,106.0,1.0009968860851859
2026-06-01,2026-06-01 11:39:52,V028,107.0,0.9985970543409436
2026-06-01,2026-06-01 11:39:53,V028,107.0,0.9991489958926845
2026-06-01,2026-06-01 11:39:54,V028,107.0,0.9995584391967579
2026-06-01,2026-06-01 11:39:55,V028,107.0,0.9997340069562776
2026-06-01,2026-06-01 11:39:56,V028,106.0,0.9982805112955134
2026-06-01,2026-06-01 11:39:57,V028,106.0,0.9992041199949884
2026-06-01,2026-06-01 11:39:58,V028,106.0,1.0016135744879506
2026-06-01,2026-06-01 11:39:59,V028,106.0,1.0010991426175118
2026-06-01,2026-06-01 11:40:00,V028,106.0,1.000628823076178
2026-06-01,2026-06-01 11:40:01,V028,106.0,0.9984156731616639
2026-06-01,2026-06-01 11:40:02,V028,105.0,1.0000919645523303
2026-06-01,2026-06-01 11:40:03,V028,105.0,1.00276544177936
2026-06-01,2026-06-01 11:40:04,V028,105.0,0.9997594166886097
2026-06-01,2026-06-01 11:40:05,V028,105.0,1.002336750527033
2026-06-01,2026-06-01 11:40:06,V028,105.0,1.0000402800917858
2026-06-01,2026-06-01 11:40:07,V028,104.0,0.9974066819155943
2026-06-01,2026-06-01 11:40:08,V028,104.0,0.999939994868603
2026-06-01,2026-06-01 11:40:09,V028,104.0,1.0008916274683295
2026-06-01,2026-06-01 11:40:10,V028,105.0,1.0063166044209761
2026-06-01,2026-06-01 11:40:11,V028,105.0,0.9998669057057648
2026-06-01,2026-06-01 11:40:12,V028,104.0,0.9994131671211346
2026-06-01,2026-06-01 11:40:13,V028,104.0,0.9991427005635518
2026-06-01,2026-06-01 11:40:14,V028,103.0,1.0010408756818823
2026-06-01,2026-06-01 11:40:15,V028,103.0,0.9998815906368022
2026-06-01,2026-06-01 11:40:16,V028,102.0,1.0031861010645056
2026-06-01,2026-06-01 11:40:17,V028,102.0,0.9994056757270593
2026-06-01,2026-06-01 11:40:18,V028,102.0,1.0013139211793556
2026-06-01,2026-06-01 11:40:19,V028,102.0,0.9993385756348961
2026-06-01,2026-06-01 11:40:20,V028,102.0,0.9983474172144855
2026-06-01,2026-06-01 11:40:21,V028,102.0,0.9993843950043949
2026-06-01,2026-06-01 11:40:22,V028,101.0,1.0018972985502606
2026-06-01,2026-06-01 11:40:23,V028,101.0,1.0032230065844154
2026-06-01,2026-06-01 11:40:24,V028,101.0,1.001317584791973
2026-06-01,2026-06-01 11:40:25,V028,100.0,0.9988827811170814
2026-06-01,2026-06-01 11:40:26,V028,100.0,1.0013094450007252
2026-06-01,2026-06-01 11:40:27,V028,99.0,1.0007603075007543
2026-06-01,2026-06-01 11:40:28,V028,99.0,1.0011535252431418
2026-06-01,2026-06-01 11:40:29,V028,99.0,0.9980594348176296
2026-06-01,2026-06-01 11:40:30,V028,98.0,0.9996188851124296
2026-06-01,2026-06-01 11:40:31,V028,97.0,0.9992533918397905
2026-06-01,2026-06-01 11:40:32,V028,97.0,0.996054809397158
2026-06-01,2026-06-01 11:40:33,V028,98.0,0.9987877403826982
2026-06-01,2026-06-01 11:40:34,V028,98.0,1.0007264853126212
2026-06-01,2026-06-01 11:40:35,V028,98.0,0.9986978628974584
2026-06-01,2026-06-01 11:40:36,V028,98.0,1.0000430560450604
2026-06-01,2026-06-01 11:40:37,V028,97.0,1.0008641662503177
2026-06-01,2026-06-01 11:40:38,V028,97.0,1.0004426163238531
2026-06-01,2026-06-01 11:40:39,V028,97.0,0.9990526688525359
2026-06-01,2026-06-01 11:40:40,V028,97.0,0.9982841910214884
2026-06-01,2026-06-01 11:40:41,V028,96.0,1.000348711113274
2026-06-01,2026-06-01 11:40:42,V028,96.0,0.9996240209493322
2026-06-01,2026-06-01 11:40:43,V028,96.0,0.9998342350411666
2026-06-01,2026-06-01 11:40:44,V028,96.0,1.000082398846011
2026-06-01,2026-06-01 11:40:45,V028,96.0,1.0007518117819507
2026-06-01,2026-06-01 11:40:46,V028,96.0,0.9966584649521661
2026-06-01,2026-06-01 11:40:47,V028,95.0,0.9982179817657965
2026-06-01,2026-06-01 11:40:48,V028,95.0,0.9984787127438906
2026-06-01,2026-06-01 11:40:49,V028,95.0,1.0007109968500263
2026-06-01,2026-06-01 11:40:50,V028,95.0,0.9969321666023114
2026-06-01,2026-06-01 11:40:51,V028,95.0,1.0001258826648716
2026-06-01,2026-06-01 11:40:52,V028,95.0,1.0026260213781175
2026-06-01,2026-06-01 11:40:53,V028,95.0,1.0003845836148608
2026-06-01,2026-06-01 11:40:54,V028,95.0,0.9995570085771843
2026-06-01,2026-06-01 11:40:55,V028,95.0,1.0018384125656954
2026-06-01,2026-06-01 11:40:56,V028,95.0,0.9962716151584567
2026-06-01,2026-06-01 11:40:57,V028,95.0,0.9985436292645393
2026-06-01,2026-06-01 11:40:58,V028,95.0,1.0008209750719785
2026-06-01,2026-06-01 11:40:59,V028,95.0,0.999275729077498
2026-06-01,2026-06-01 11:41:00,V028,95.0,1.0031388504506613
2026-06-01,2026-06-01 11:41:01,V028,95.0,0.9984718511733249
2026-06-01,2026-06-01 11:41:02,V028,95.0,1.0009823681790693
2026-06-01,2026-06-01 11:41:03,V028,95.0,0.9989102212298627
2026-06-01,2026-06-01 11:41:04,V028,95.0,0.9998642358236977
2026-06-01,2026-06-01 11:41:05,V028,95.0,0.9989912945660931
2026-06-01,2026-06-01 11:41:06,V028,94.0,1.0006359956830284
2026-06-01,2026-06-01 11:41:07,V028,94.0,1.0011868801877
2026-06-01,2026-06-01 11:41:08,V028,94.0,0.9974180877743642
2026-06-01,2026-06-01 11:41:09,V028,94.0,1.0001291839519675
2026-06-01,2026-06-01 11:41:10,V028,94.0,0.9595529399769804
2026-06-01,2026-06-01 11:41:11,V028,95.0,1.0382016018138236
2026-06-01,2026-06-01 11:41:12,V028,95.0,0.9562197584645584
2026-06-01,2026-06-01 11:41:13,V028,96.0,1.001171163726009
2026-06-01,2026-06-01 11:41:14,V028,96.0,0.9982202462728423
2026-06-01,2026-06-01 11:41:15,V028,97.0,1.000503342859086
2026-06-01,2026-06-01 11:41:16,V028,97.0,0.9974067254933033
2026-06-01,2026-06-01 11:41:17,V028,98.0,1.0000326257311136
2026-06-01,2026-06-01 11:41:18,V028,98.0,1.0012122675512598
2026-06-01,2026-06-01 11:41:19,V028,98.0,0.9987666236494033
2026-06-01,2026-06-01 11:41:20,V028,98.0,1.0005359708041228
2026-06-01,2026-06-01 11:41:21,V028,97.0,0.9243799064592334
2026-06-01,2026-06-01 11:41:22,V028,96.0,1.2197571478628682
2026-06-01,2026-06-01 11:41:23,V028,95.0,1.023814234179839
2026-06-01,2026-06-01 11:41:24,V028,95.0,0.8912384157291092
2026-06-01,2026-06-01 11:41:25,V028,94.0,1.0236563654485638
2026-06-01,2026-06-01 11:41:26,V028,94.0,1.0851951956218309
2026-06-01,2026-06-01 11:41:27,V028,93.0,0.9830825163531673
2026-06-01,2026-06-01 11:41:28,V028,93.0,0.9930350985414085
2026-06-01,2026-06-01 11:41:29,V028,92.0,1.025786713537187
2026-06-01,2026-06-01 11:41:30,V028,92.0,1.0185006391325715
2026-06-01,2026-06-01 11:41:31,V028,92.0,1.015878911658697
2026-06-01,2026-06-01 11:41:32,V028,92.0,1.0013002209284938
2026-06-01,2026-06-01 11:41:33,V028,93.0,1.0118974633890065
2026-06-01,2026-06-01 11:41:34,V028,93.0,1.0103449580023598
2026-06-01,2026-06-01 11:41:35,V028,93.0,1.01717291859194
2026-06-01,2026-06-01 11:41:36,V028,93.0,1.014841161494012
2026-06-01,2026-06-01 11:41:37,V028,93.0,1.0066836671245025
2026-06-01,2026-06-01 11:41:38,V028,93.0,1.015064190782452
2026-06-01,2026-06-01 11:41:39,V028,93.0,1.0108233239176099
2026-06-01,2026-06-01 11:41:40,V028,93.0,1.0150274727766526
2026-06-01,2026-06-01 11:41:41,V028,93.0,1.0163347140002388
2026-06-01,2026-06-01 11:41:42,V028,93.0,1.0186976094032847
2026-06-01,2026-06-01 11:41:43,V028,93.0,1.0155294986896959
2026-06-01,2026-06-01 11:41:44,V028,92.0,1.011520879874238
2026-06-01,2026-06-01 11:41:45,V028,92.0,1.0228682903877977
2026-06-01,2026-06-01 11:41:46,V028,92.0,1.0166576280997297
2026-06-01,2026-06-01 11:41:47,V028,92.0,1.0141836644596207
2026-06-01,2026-06-01 11:41:48,V028,92.0,1.015886941276209
2026-06-01,2026-06-01 11:41:49,V028,93.0,1.0124561397169825
2026-06-01,2026-06-01 11:41:50,V028,93.0,1.0103399852801696
2026-06-01,2026-06-01 11:41:51,V028,93.0,1.0147084313363006
2026-06-01,2026-06-01 11:41:52,V028,93.0,1.0154277897212585
2026-06-01,2026-06-01 11:41:53,V028,93.0,1.0171656074586881
2026-06-01,2026-06-01 11:41:54,V028,93.0,1.016672319955382
2026-06-01,2026-06-01 11:41:55,V028,93.0,1.008172875762105
2026-06-01,2026-06-01 11:41:56,V028,93.0,1.0153104016769499
2026-06-01,2026-06-01 11:41:57,V028,93.0,1.0132893237089764
2026-06-01,2026-06-01 11:41:58,V028,93.0,1.0155964519974137
2026-06-01,2026-06-01 11:41:59,V028,93.0,1.015071693424889
2026-06-01,2026-06-01 11:42:00,V028,93.0,1.0135613542708344
2026-06-01,2026-06-01 11:42:01,V028,93.0,1.0131619647282388
2026-06-01,2026-06-01 11:42:02,V028,92.0,1.0128195138772564
2026-06-01,2026-06-01 11:42:03,V028,92.0,1.0141725693464654
2026-06-01,2026-06-01 11:42:04,V028,93.0,1.0185205909502448
2026-06-01,2026-06-01 11:42:05,V028,93.0,1.0140035591442342
2026-06-01,2026-06-01 11:42:06,V028,92.0,1.0150784761794847
2026-06-01,2026-06-01 11:42:07,V028,92.0,1.0133198849263259
2026-06-01,2026-06-01 11:42:08,V028,92.0,1.012498706870321
2026-06-01,2026-06-01 11:42:09,V028,92.0,1.0152336267758766
2026-06-01,2026-06-01 11:42:10,V028,92.0,1.0115584770335662
2026-06-01,2026-06-01 11:42:11,V028,92.0,1.0117349323039178
2026-06-01,2026-06-01 11:42:12,V028,92.0,1.0156490180324558
2026-06-01,2026-06-01 11:42:13,V028,92.0,1.0102016987154177
2026-06-01,2026-06-01 11:42:14,V028,92.0,1.0143830680329826
2026-06-01,2026-06-01 11:42:15,V028,92.0,1.0048969910697232
2026-06-01,2026-06-01 11:42:16,V028,93.0,1.012819422755968
2026-06-01,2026-06-01 11:42:17,V028,93.0,1.012985048111899
2026-06-01,2026-06-01 11:42:18,V028,93.0,1.0117240059909895
2026-06-01,2026-06-01 11:42:19,V028,92.0,1.014243821577342
2026-06-01,2026-06-01 11:42:20,V028,92.0,1.0144260475238074
2026-06-01,2026-06-01 11:42:21,V028,92.0,1.0102965118102374
2026-06-01,2026-06-01 11:42:22,V028,93.0,1.0070267157054957
2026-06-01,2026-06-01 11:42:23,V028,93.0,1.0117812438399925
2026-06-01,2026-06-01 11:42:24,V028,93.0,1.0142840485807807
2026-06-01,2026-06-01 11:42:25,V028,93.0,1.0139926781841238
2026-06-01,2026-06-01 11:42:26,V028,92.0,1.0136754095217562
2026-06-01,2026-06-01 11:42:27,V028,93.0,1.0088006732965027
2026-06-01,2026-06-01 11:42:28,V028,93.0,1.0135150821652117
2026-06-01,2026-06-01 11:42:29,V028,93.0,1.0132753260466263
2026-06-01,2026-06-01 11:42:30,V028,93.0,1.0112950497911375
2026-06-01,2026-06-01 11:42:31,V028,94.0,1.0114113813662347
2026-06-01,2026-06-01 11:42:32,V028,94.0,1.013523579980765
2026-06-01,2026-06-01 11:42:33,V028,94.0,0.928457381883582
2026-06-01,2026-06-01 11:42:34,V028,94.0,1.1105842837715008
2026-06-01,2026-06-01 11:42:35,V028,94.0,1.008588627484666
2026-06-01,2026-06-01 11:42:36,V028,95.0,1.027168839461903
2026-06-01,2026-06-01 11:42:37,V028,95.0,1.0118132443947108
2026-06-01,2026-06-01 11:42:38,V028,95.0,1.0083293656643375
2026-06-01,2026-06-01 11:42:39,V028,96.0,1.0160218450876843
2026-06-01,2026-06-01 11:42:40,V028,97.0,1.0126094042345537
2026-06-01,2026-06-01 11:42:41,V028,97.0,1.0115718181335904
2026-06-01,2026-06-01 11:42:42,V028,97.0,1.0109994252959427
2026-06-01,2026-06-01 11:42:43,V028,97.0,1.032383837040298
2026-06-01,2026-06-01 11:42:44,V028,97.0,1.0180150435595596
2026-06-01,2026-06-01 11:42:45,V028,97.0,1.020202463200823
2026-06-01,2026-06-01 11:42:46,V028,97.0,1.012535321678977
2026-06-01,2026-06-01 11:42:47,V028,98.0,1.0122513881542794
2026-06-01,2026-06-01 11:42:48,V028,99.0,1.0135981581407039
2026-06-01,2026-06-01 11:42:49,V028,99.0,1.0109468042236098
2026-06-01,2026-06-01 11:42:50,V028,99.0,1.0076771248082277
2026-06-01,2026-06-01 11:42:51,V028,99.0,1.0045088617598907
2026-06-01,2026-06-01 11:42:52,V028,99.0,1.0108239170808202
2026-06-01,2026-06-01 11:42:53,V028,99.0,1.0131382692286748
2026-06-01,2026-06-01 11:42:54,V028,99.0,1.0123135316107361
2026-06-01,2026-06-01 11:42:55,V028,99.0,1.01179746650674
2026-06-01,2026-06-01 11:42:56,V028,100.0,0.9972408945561044
2026-06-01,2026-06-01 11:42:57,V028,101.0,1.0066070752565721
2026-06-01,2026-06-01 11:42:58,V028,101.0,1.0092639759357664
2026-06-01,2026-06-01 11:42:59,V028,102.0,1.0126656100763247
2026-06-01,2026-06-01 11:43:00,V028,103.0,0.989945299227784
2026-06-01,2026-06-01 11:43:01,V028,103.0,1.002540967294089
2026-06-01,2026-06-01 11:43:02,V028,103.0,1.0184699522551364
2026-06-01,2026-06-01 11:43:03,V028,103.0,1.0095186259274298
2026-06-01,2026-06-01 11:43:04,V028,104.0,1.0101062050931395
2026-06-01,2026-06-01 11:43:05,V028,104.0,1.0106688274549125
2026-06-01,2026-06-01 11:43:06,V028,104.0,0.9980491730933926
2026-06-01,2026-06-01 11:43:07,V028,104.0,1.006227467314417
2026-06-01,2026-06-01 11:43:08,V028,104.0,1.0084926100906682
2026-06-01,2026-06-01 11:43:09,V028,104.0,1.0356484825882861
2026-06-01,2026-06-01 11:43:10,V028,103.0,1.0640489694128121
2026-06-01,2026-06-01 11:43:11,V028,103.0,1.0162751095300506
2026-06-01,2026-06-01 11:43:12,V028,103.0,1.016925326824106
2026-06-01,2026-06-01 11:43:13,V028,102.0,1.0071245344412696
2026-06-01,2026-06-01 11:43:14,V028,102.0,0.9823936104019018
2026-06-01,2026-06-01 11:43:15,V028,102.0,0.941016152586226
2026-06-01,2026-06-01 11:43:16,V028,102.0,0.9813914567913457
2026-06-01,2026-06-01 11:43:17,V028,102.0,0.981360819696478
2026-06-01,2026-06-01 11:43:18,V028,102.0,1.0271803531480133
2026-06-01,2026-06-01 11:43:19,V028,102.0,1.0145034481112805
2026-06-01,2026-06-01 11:43:20,V028,102.0,1.0182022552320977
2026-06-01,2026-06-01 11:43:21,V028,102.0,1.0072084087318502
2026-06-01,2026-06-01 11:43:22,V028,102.0,1.00785998684857
2026-06-01,2026-06-01 11:43:23,V028,102.0,1.0295687606364632
2026-06-01,2026-06-01 11:43:24,V028,102.0,1.0660023711691335
2026-06-01,2026-06-01 11:43:25,V028,102.0,1.0164594797627127
2026-06-01,2026-06-01 11:43:26,V028,102.0,1.0152490938178356
2026-06-01,2026-06-01 11:43:27,V028,102.0,1.0346105685264269
2026-06-01,2026-06-01 11:43:28,V028,102.0,1.0039949017108556
2026-06-01,2026-06-01 11:43:29,V028,102.0,0.9932040679092384
2026-06-01,2026-06-01 11:43:30,V028,102.0,1.0082557081928012
2026-06-01,2026-06-01 11:43:31,V028,102.0,1.0572995961884712
2026-06-01,2026-06-01 11:43:32,V028,101.0,1.0147350566965507
2026-06-01,2026-06-01 11:43:33,V028,102.0,1.0226668572223214
2026-06-01,2026-06-01 11:43:34,V028,102.0,1.009614624022249
2026-06-01,2026-06-01 11:43:35,V028,102.0,1.0055550121445855
2026-06-01,2026-06-01 11:43:36,V028,101.0,1.0131108622765148
2026-06-01,2026-06-01 11:43:37,V028,100.0,1.0236154266929658
2026-06-01,2026-06-01 11:43:38,V028,100.0,0.9776179190921644
2026-06-01,2026-06-01 11:43:39,V028,99.0,1.008986512421878
2026-06-01,2026-06-01 11:43:40,V028,98.0,1.0490790973735793
2026-06-01,2026-06-01 11:43:41,V028,99.0,1.0130281027616657
2026-06-01,2026-06-01 11:43:42,V028,99.0,1.0125452118454203
2026-06-01,2026-06-01 11:43:43,V028,99.0,0.990709573526539
2026-06-01,2026-06-01 11:43:44,V028,99.0,1.0031992998074832
2026-06-01,2026-06-01 11:43:45,V028,99.0,1.0350780303447924
2026-06-01,2026-06-01 11:43:46,V028,98.0,1.0123183527172355
2026-06-01,2026-06-01 11:43:47,V028,98.0,1.0109056781180865
2026-06-01,2026-06-01 11:43:48,V028,98.0,1.0152896612459925
2026-06-01,2026-06-01 11:43:49,V028,99.0,1.0120772041084112
2026-06-01,2026-06-01 11:43:50,V028,99.0,1.0309619587164434
2026-06-01,2026-06-01 11:43:51,V028,99.0,1.016240390882401
2026-06-01,2026-06-01 11:43:52,V028,99.0,1.0252364052226404
2026-06-01,2026-06-01 11:43:53,V028,99.0,1.0110988148608566
2026-06-01,2026-06-01 11:43:54,V028,99.0,1.0123566412013179
2026-06-01,2026-06-01 11:43:55,V028,99.0,1.0129257933501965
2026-06-01,2026-06-01 11:43:56,V028,100.0,1.010601187930679
2026-06-01,2026-06-01 11:43:57,V028,100.0,1.0118339372730194
2026-06-01,2026-06-01 11:43:58,V028,100.0,1.012657474793347
2026-06-01,2026-06-01 11:43:59,V028,100.0,1.016561946040303
2026-06-01,2026-06-01 11:44:00,V028,100.0,1.0035800468790548
2026-06-01,2026-06-01 11:44:01,V028,100.0,1.0117120511708435
2026-06-01,2026-06-01 11:44:02,V028,100.0,1.0172860047756056
2026-06-01,2026-06-01 11:44:03,V028,99.0,1.0105822410037566
2026-06-01,2026-06-01 11:44:04,V028,99.0,1.0136584810000773
2026-06-01,2026-06-01 11:44:05,V028,99.0,0.9896829266315157
2026-06-01,2026-06-01 11:44:06,V028,98.0,1.0117652216390076
2026-06-01,2026-06-01 11:44:07,V028,98.0,1.0141898598949821
2026-06-01,2026-06-01 11:44:08,V028,98.0,1.0174224138586614
2026-06-01,2026-06-01 11:44:09,V028,98.0,1.0195283985587502
2026-06-01,2026-06-01 11:44:10,V028,98.0,1.0151629711265446
2026-06-01,2026-06-01 11:44:11,V028,99.0,1.0059005026006709
2026-06-01,2026-06-01 11:44:12,V028,99.0,1.0116274034566763
2026-06-01,2026-06-01 11:44:13,V028,99.0,1.0140493918044358
2026-06-01,2026-06-01 11:44:14,V028,99.0,1.0116302096774377
2026-06-01,2026-06-01 11:44:15,V028,99.0,1.0188696080577342
2026-06-01,2026-06-01 11:44:16,V028,98.0,1.0154552275238715
2026-06-01,2026-06-01 11:44:17,V028,98.0,1.0094472030045776
2026-06-01,2026-06-01 11:44:18,V028,98.0,1.0082858877866259
2026-06-01,2026-06-01 11:44:19,V028,97.0,1.0113927165757872
2026-06-01,2026-06-01 11:44:20,V028,97.0,1.0056071947076288
2026-06-01,2026-06-01 11:44:21,V028,97.0,1.0131929730440787
2026-06-01,2026-06-01 11:44:22,V028,97.0,1.0119147563443844
2026-06-01,2026-06-01 11:44:23,V028,97.0,1.008876957810233
2026-06-01,2026-06-01 11:44:24,V028,97.0,1.0148708291140662
2026-06-01,2026-06-01 11:44:25,V028,97.0,1.0113252558916326
2026-06-01,2026-06-01 11:44:26,V028,97.0,1.0142513599837986
2026-06-01,2026-06-01 11:44:27,V028,97.0,1.0124843878084777
2026-06-01,2026-06-01 11:44:28,V028,97.0,1.0118824394288013
2026-06-01,2026-06-01 11:44:29,V028,97.0,1.0133760061740826
2026-06-01,2026-06-01 11:44:30,V028,97.0,1.0190080240598818
2026-06-01,2026-06-01 11:44:31,V028,98.0,1.0096294855016017
2026-06-01,2026-06-01 11:44:32,V028,98.0,1.0138014408793867
2026-06-01,2026-06-01 11:44:33,V028,98.0,1.0115855709783772
2026-06-01,2026-06-01 11:44:34,V028,98.0,1.0149524039264566
2026-06-01,2026-06-01 11:44:35,V028,98.0,1.0118244978068691
2026-06-01,2026-06-01 11:44:36,V028,98.0,1.0120424946282929
2026-06-01,2026-06-01 11:44:37,V028,98.0,1.0123704615965081
2026-06-01,2026-06-01 11:44:38,V028,98.0,1.0129278062827378
2026-06-01,2026-06-01 11:44:39,V028,98.0,1.0154123258514889
2026-06-01,2026-06-01 11:44:40,V028,98.0,1.0129105502527451
2026-06-01,2026-06-01 11:44:41,V028,98.0,1.0070135637351527
2026-06-01,2026-06-01 11:44:42,V028,98.0,1.0153131057875484
2026-06-01,2026-06-01 11:44:43,V028,98.0,1.0102186103296662
2026-06-01,2026-06-01 11:44:44,V028,97.0,1.0089837123501537
2026-06-01,2026-06-01 11:44:45,V028,97.0,1.0114867546705129
2026-06-01,2026-06-01 11:44:46,V028,97.0,1.008630373681509
2026-06-01,2026-06-01 11:44:47,V028,97.0,1.0099210152241855
2026-06-01,2026-06-01 11:44:48,V028,97.0,1.0075904761953498
2026-06-01,2026-06-01 11:44:49,V028,97.0,1.0081162961715522
2026-06-01,2026-06-01 11:44:50,V028,97.0,1.0169196891013677
2026-06-01,2026-06-01 11:44:51,V028,97.0,1.01516368027757
2026-06-01,2026-06-01 11:44:52,V028,97.0,1.017363389554118
2026-06-01,2026-06-01 11:44:53,V028,97.0,1.005498320780004
2026-06-01,2026-06-01 11:44:54,V028,97.0,1.0141853498664608
2026-06-01,2026-06-01 11:44:55,V028,97.0,1.0138512407329885
2026-06-01,2026-06-01 11:44:56,V028,97.0,1.0095993109603525
2026-06-01,2026-06-01 11:44:57,V028,97.0,1.0065824308172833
2026-06-01,2026-06-01 11:44:58,V028,97.0,1.006119425113586
2026-06-01,2026-06-01 11:44:59,V028,97.0,1.0096529310510232
2026-06-01,2026-06-01 11:45:00,V028,97.0,1.0206184762321786
2026-06-01,2026-06-01 11:45:01,V028,97.0,1.0131945869588133
2026-06-01,2026-06-01 11:45:02,V028,97.0,1.0152544939220791
2026-06-01,2026-06-01 11:45:03,V028,97.0,1.011378883859641
2026-06-01,2026-06-01 11:45:04,V028,97.0,1.01477453947731
2026-06-01,2026-06-01 11:45:05,V028,97.0,1.0126284496777358
2026-06-01,2026-06-01 11:45:06,V028,98.0,1.0114388938502188
2026-06-01,2026-06-01 11:45:07,V028,98.0,1.0145062171202204
2026-06-01,2026-06-01 11:45:08,V028,98.0,1.0129847338713251
2026-06-01,2026-06-01 11:45:09,V028,98.0,1.010153225911238
2026-06-01,2026-06-01 11:45:10,V028,98.0,1.0125172242986766
2026-06-01,2026-06-01 11:45:11,V028,98.0,1.011118832087948
2026-06-01,2026-06-01 11:45:12,V028,98.0,1.011427634358258
2026-06-01,2026-06-01 11:45:13,V028,98.0,1.0148013382741312
2026-06-01,2026-06-01 11:45:14,V028,98.0,1.010735718368527
2026-06-01,2026-06-01 11:45:15,V028,99.0,1.0184660768947698
2026-06-01,2026-06-01 11:45:16,V028,99.0,1.0147418543451332
2026-06-01,2026-06-01 11:45:17,V028,98.0,1.0171267979223595
2026-06-01,2026-06-01 11:45:18,V028,98.0,1.0135633002666493
2026-06-01,2026-06-01 11:45:19,V028,98.0,1.0137469021770305
2026-06-01,2026-06-01 11:45:20,V028,98.0,1.0116364258388815
2026-06-01,2026-06-01 11:45:21,V028,98.0,1.0165105919213648
2026-06-01,2026-06-01 11:45:22,V028,98.0,1.0139129057776466
2026-06-01,2026-06-01 11:45:23,V028,98.0,1.0140033636963417
2026-06-01,2026-06-01 11:45:24,V028,98.0,1.0113150742990153
2026-06-01,2026-06-01 11:45:25,V028,99.0,1.0167195454293747
2026-06-01,2026-06-01 11:45:26,V028,99.0,1.0127915694953
2026-06-01,2026-06-01 11:45:27,V028,100.0,1.0026668133451448
2026-06-01,2026-06-01 11:45:28,V028,101.0,1.013577744787651
2026-06-01,2026-06-01 11:45:29,V028,103.0,1.0108222217236513
2026-06-01,2026-06-01 11:45:30,V028,104.0,1.0086972491527024
2026-06-01,2026-06-01 11:45:31,V028,103.0,1.0141905724199465
2026-06-01,2026-06-01 11:45:32,V028,102.0,1.015796027887107
2026-06-01,2026-06-01 11:45:33,V028,101.0,1.0164813683503862
2026-06-01,2026-06-01 11:45:34,V028,100.0,1.0122969084895457
2026-06-01,2026-06-01 11:45:35,V028,99.0,1.013456011007209
2026-06-01,2026-06-01 11:45:36,V028,98.0,1.010591473225794
2026-06-01,2026-06-01 11:45:37,V028,97.0,1.0118719773002072
2026-06-01,2026-06-01 11:45:38,V028,96.0,1.0112758752911593
2026-06-01,2026-06-01 11:45:39,V028,96.0,1.0099598906491698
2026-06-01,2026-06-01 11:45:40,V028,95.0,1.0085161127758688
2026-06-01,2026-06-01 11:45:41,V028,95.0,1.0100158508038626
2026-06-01,2026-06-01 11:45:42,V028,95.0,1.0116700903081204
2026-06-01,2026-06-01 11:45:43,V028,95.0,1.014879997271366
2026-06-01,2026-06-01 11:45:44,V028,95.0,1.0063905476899944
2026-06-01,2026-06-01 11:45:45,V028,95.0,1.0121413224445388
2026-06-01,2026-06-01 11:45:46,V028,95.0,1.0117776177595001
2026-06-01,2026-06-01 11:45:47,V028,94.0,1.0098415882289882
2026-06-01,2026-06-01 11:45:48,V028,93.0,1.01305692200344
2026-06-01,2026-06-01 11:45:49,V028,92.0,1.0100626250636666
2026-06-01,2026-06-01 11:45:50,V028,92.0,1.0136554391660733
2026-06-01,2026-06-01 11:45:51,V028,91.0,1.0133430790380855
2026-06-01,2026-06-01 11:45:52,V028,90.0,1.014011011413885
2026-06-01,2026-06-01 11:45:53,V028,90.0,1.014745759670694
2026-06-01,2026-06-01 11:45:54,V028,89.0,1.0125942058145043
2026-06-01,2026-06-01 11:45:55,V028,89.0,1.0121861553839222
2026-06-01,2026-06-01 11:45:56,V028,89.0,1.01443124001391
2026-06-01,2026-06-01 11:45:57,V028,89.0,1.0120490193209424
2026-06-01,2026-06-01 11:45:58,V028,89.0,1.0149641076463798
2026-06-01,2026-06-01 11:45:59,V028,89.0,1.0089723086204727
2026-06-01,2026-06-01 11:46:00,V028,90.0,1.0140754495643407
2026-06-01,2026-06-01 11:46:01,V028,90.0,1.0087205689737164
2026-06-01,2026-06-01 11:46:02,V028,90.0,1.011162937333037
2026-06-01,2026-06-01 11:46:03,V028,90.0,1.0127525312404995
2026-06-01,2026-06-01 11:46:04,V028,90.0,1.0121975058098414
2026-06-01,2026-06-01 11:46:05,V028,89.0,1.011556997635985
2026-06-01,2026-06-01 11:46:06,V028,89.0,1.0103158737530569
2026-06-01,2026-06-01 11:46:07,V028,88.0,1.012659773002309
2026-06-01,2026-06-01 11:46:08,V028,88.0,1.0136950827883628
2026-06-01,2026-06-01 11:46:09,V028,87.0,1.012488081227834
2026-06-01,2026-06-01 11:46:10,V028,87.0,1.0120823866037174
2026-06-01,2026-06-01 11:46:11,V028,87.0,1.013581505571779
2026-06-01,2026-06-01 11:46:12,V028,86.0,1.0141570769347077
2026-06-01,2026-06-01 11:46:13,V028,86.0,1.0119691745974824
2026-06-01,2026-06-01 11:46:14,V028,85.0,1.010653291896023
2026-06-01,2026-06-01 11:46:15,V028,86.0,1.0133871411774644
2026-06-01,2026-06-01 11:46:16,V028,86.0,1.014047789245321
2026-06-01,2026-06-01 11:46:17,V028,86.0,1.010484335057359
2026-06-01,2026-06-01 11:46:18,V028,86.0,1.0120645703719866
2026-06-01,2026-06-01 11:46:19,V028,86.0,1.010690149755759
2026-06-01,2026-06-01 11:46:20,V028,86.0,1.010433576095542
2026-06-01,2026-06-01 11:46:21,V028,86.0,1.0136434528743825
2026-06-01,2026-06-01 11:46:22,V028,86.0,1.0131967853033403
2026-06-01,2026-06-01 11:46:23,V028,86.0,1.0122703318608468
2026-06-01,2026-06-01 11:46:24,V028,86.0,1.013170920007299
2026-06-01,2026-06-01 11:46:25,V028,86.0,1.0116329010549965
2026-06-01,2026-06-01 11:46:26,V028,86.0,1.0108696197126015
2026-06-01,2026-06-01 11:46:27,V028,86.0,1.0120435872967672
2026-06-01,2026-06-01 11:46:28,V028,86.0,1.0015192251618674
2026-06-01,2026-06-01 11:46:29,V028,86.0,1.0774693903237078
2026-06-01,2026-06-01 11:46:30,V028,86.0,1.0371686305504646
2026-06-01,2026-06-01 11:46:31,V028,86.0,1.0291254406066521
2026-06-01,2026-06-01 11:46:32,V028,86.0,1.0148831377123737
2026-06-01,2026-06-01 11:46:33,V028,85.0,0.9986927708003469
2026-06-01,2026-06-01 11:46:34,V028,84.0,1.2202857103829754
2026-06-01,2026-06-01 11:46:35,V028,85.0,1.0952144387571106
2026-06-01,2026-06-01 11:46:36,V028,86.0,1.1133698647197516
2026-06-01,2026-06-01 11:46:37,V028,86.0,1.0630484777249596
2026-06-01,2026-06-01 11:46:38,V028,87.0,1.2484272738876814
2026-06-01,2026-06-01 11:46:39,V028,87.0,1.0154410749923333
2026-06-01,2026-06-01 11:46:40,V028,88.0,1.0137830109982993
2026-06-01,2026-06-01 11:46:41,V028,88.0,1.0154534881038337
2026-06-01,2026-06-01 11:46:42,V028,88.0,1.0140436201689431
2026-06-01,2026-06-01 11:46:43,V028,88.0,1.01222241019559
2026-06-01,2026-06-01 11:46:44,V028,89.0,1.0490648776160738
2026-06-01,2026-06-01 11:46:45,V028,89.0,1.012067609474936
2026-06-01,2026-06-01 11:46:46,V028,89.0,1.0147060371532777
2026-06-01,2026-06-01 11:46:47,V028,89.0,1.0102672161310768
2026-06-01,2026-06-01 11:46:48,V028,89.0,1.0119900611117418
2026-06-01,2026-06-01 11:46:49,V028,89.0,1.0139164477466247
2026-06-01,2026-06-01 11:46:50,V028,89.0,1.0136200438083944
2026-06-01,2026-06-01 11:46:51,V028,,1.013593926440876
2026-06-01,2026-06-01 11:46:52,V028,,1.0093033368660755
2026-06-01,2026-06-01 11:46:53,V028,,1.0021226982025504
2026-06-01,2026-06-01 11:46:54,V028,,1.0147687588402945
2026-06-01,2026-06-01 11:46:55,V028,,1.014313178904202
2026-06-01,2026-06-01 11:46:56,V028,,1.0132850608509263
2026-06-01,2026-06-01 11:46:57,V028,,1.0127271818994108
