Date,Timestamp,SensorID,HeartRate,AccNorm
2026-06-01,2026-06-01 10:40:00,V037,112.0,1.1003116803002815
2026-06-01,2026-06-01 10:40:01,V037,112.0,1.1612673616380114
2026-06-01,2026-06-01 10:40:02,V037,111.0,1.1232703172322198
2026-06-01,2026-06-01 10:40:03,V037,111.0,1.2331970136042592
2026-06-01,2026-06-01 10:40:04,V037,110.0,1.1148716633013989
2026-06-01,2026-06-01 10:40:05,V037,110.0,1.225732054649275
2026-06-01,2026-06-01 10:40:06,V037,110.0,1.13703446078634
2026-06-01,2026-06-01 10:40:07,V037,110.0,1.2662077729470989
2026-06-01,2026-06-01 10:40:08,V037,111.0,1.1738903931013442
2026-06-01,2026-06-01 10:40:09,V037,111.0,1.1100213459024526
2026-06-01,2026-06-01 10:40:10,V037,111.0,1.1531691343491213
2026-06-01,2026-06-01 10:40:11,V037,111.0,1.0789668195645286
2026-06-01,2026-06-01 10:40:12,V037,111.0,1.1943415552220962
2026-06-01,2026-06-01 10:40:13,V037,110.0,1.123782012175465
2026-06-01,2026-06-01 10:40:14,V037,111.0,1.195082641786087
2026-06-01,2026-06-01 10:40:15,V037,111.0,1.1555568777403842
2026-06-01,2026-06-01 10:40:16,V037,111.0,1.1909206673995731
2026-06-01,2026-06-01 10:40:17,V037,112.0,1.1274521625322846
2026-06-01,2026-06-01 10:40:18,V037,112.0,1.1308709147110054
2026-06-01,2026-06-01 10:40:19,V037,113.0,1.1182581884400353
2026-06-01,2026-06-01 10:40:20,V037,114.0,1.1436285157036996
2026-06-01,2026-06-01 10:40:21,V037,114.0,1.113058895373741
2026-06-01,2026-06-01 10:40:22,V037,116.0,1.1517237829502383
2026-06-01,2026-06-01 10:40:23,V037,117.0,1.1191365296395317
2026-06-01,2026-06-01 10:40:24,V037,117.0,1.1543284086622552
2026-06-01,2026-06-01 10:40:25,V037,118.0,1.1434457850682869
2026-06-01,2026-06-01 10:40:26,V037,118.0,1.1019657007510133
2026-06-01,2026-06-01 10:40:27,V037,118.0,1.174833020195606
2026-06-01,2026-06-01 10:40:28,V037,118.0,1.124905296783747
2026-06-01,2026-06-01 10:40:29,V037,118.0,1.1960430363474306
2026-06-01,2026-06-01 10:40:30,V037,117.0,1.2279880858927998
2026-06-01,2026-06-01 10:40:31,V037,117.0,1.179661310312942
2026-06-01,2026-06-01 10:40:32,V037,117.0,1.124954093623136
2026-06-01,2026-06-01 10:40:33,V037,117.0,1.1708462507402833
2026-06-01,2026-06-01 10:40:34,V037,116.0,1.144142215287258
2026-06-01,2026-06-01 10:40:35,V037,116.0,1.1095087591762034
2026-06-01,2026-06-01 10:40:36,V037,115.0,1.1525530922609146
2026-06-01,2026-06-01 10:40:37,V037,115.0,1.151260322647698
2026-06-01,2026-06-01 10:40:38,V037,114.0,1.1289450132010894
2026-06-01,2026-06-01 10:40:39,V037,114.0,1.1411821737619847
2026-06-01,2026-06-01 10:40:40,V037,113.0,1.115192661350485
2026-06-01,2026-06-01 10:40:41,V037,112.0,1.1060298180084165
2026-06-01,2026-06-01 10:40:42,V037,111.0,1.1409419611266078
2026-06-01,2026-06-01 10:40:43,V037,111.0,1.1534671699639638
2026-06-01,2026-06-01 10:40:44,V037,110.0,1.1094441178558676
2026-06-01,2026-06-01 10:40:45,V037,110.0,1.1659794459861645
2026-06-01,2026-06-01 10:40:46,V037,109.0,1.0865397537894759
2026-06-01,2026-06-01 10:40:47,V037,109.0,1.125602914970016
2026-06-01,2026-06-01 10:40:48,V037,108.0,1.1551785158558592
2026-06-01,2026-06-01 10:40:49,V037,108.0,1.1402129078346872
2026-06-01,2026-06-01 10:40:50,V037,107.0,1.1089378209068181
2026-06-01,2026-06-01 10:40:51,V037,107.0,1.1531979397597187
2026-06-01,2026-06-01 10:40:52,V037,107.0,1.0907996766104087
2026-06-01,2026-06-01 10:40:53,V037,107.0,1.1568619603714094
2026-06-01,2026-06-01 10:40:54,V037,107.0,1.1135699050061432
2026-06-01,2026-06-01 10:40:55,V037,107.0,1.1061498506744922
2026-06-01,2026-06-01 10:40:56,V037,107.0,1.1473973624140634
2026-06-01,2026-06-01 10:40:57,V037,108.0,1.12935194234689
2026-06-01,2026-06-01 10:40:58,V037,108.0,1.1544995660355293
2026-06-01,2026-06-01 10:40:59,V037,108.0,1.1334722487798021
2026-06-01,2026-06-01 10:41:00,V037,108.0,1.1182499706693583
2026-06-01,2026-06-01 10:41:01,V037,109.0,1.1670245583763919
2026-06-01,2026-06-01 10:41:02,V037,109.0,1.1714502692133189
2026-06-01,2026-06-01 10:41:03,V037,109.0,1.1369921820789899
2026-06-01,2026-06-01 10:41:04,V037,110.0,1.1250895339048452
2026-06-01,2026-06-01 10:41:05,V037,110.0,1.1334534211986727
2026-06-01,2026-06-01 10:41:06,V037,111.0,1.125595700128917
2026-06-01,2026-06-01 10:41:07,V037,111.0,1.1220139435606202
2026-06-01,2026-06-01 10:41:08,V037,112.0,1.1522241262463713
2026-06-01,2026-06-01 10:41:09,V037,113.0,1.1639237897509667
2026-06-01,2026-06-01 10:41:10,V037,113.0,1.1301464284251084
2026-06-01,2026-06-01 10:41:11,V037,113.0,1.1863691375042633
2026-06-01,2026-06-01 10:41:12,V037,113.0,1.1611356935335417
2026-06-01,2026-06-01 10:41:13,V037,113.0,1.1409052715923649
2026-06-01,2026-06-01 10:41:14,V037,114.0,1.1775136157793413
2026-06-01,2026-06-01 10:41:15,V037,114.0,1.1078144185952215
2026-06-01,2026-06-01 10:41:16,V037,114.0,1.1274674868292067
2026-06-01,2026-06-01 10:41:17,V037,114.0,1.1603429335698277
2026-06-01,2026-06-01 10:41:18,V037,114.0,1.1312580555772898
2026-06-01,2026-06-01 10:41:19,V037,114.0,1.1461529981760292
2026-06-01,2026-06-01 10:41:20,V037,114.0,1.1446146364994432
2026-06-01,2026-06-01 10:41:21,V037,114.0,1.099354893969566
2026-06-01,2026-06-01 10:41:22,V037,114.0,1.1571231749431459
2026-06-01,2026-06-01 10:41:23,V037,114.0,1.154175577406666
2026-06-01,2026-06-01 10:41:24,V037,114.0,1.1285686657068823
2026-06-01,2026-06-01 10:41:25,V037,113.0,1.1341445740892404
2026-06-01,2026-06-01 10:41:26,V037,112.0,1.1198506032730722
2026-06-01,2026-06-01 10:41:27,V037,112.0,1.1182301427476895
2026-06-01,2026-06-01 10:41:28,V037,111.0,1.1085441596262098
2026-06-01,2026-06-01 10:41:29,V037,111.0,1.137946313593744
2026-06-01,2026-06-01 10:41:30,V037,110.0,1.1434763935819054
2026-06-01,2026-06-01 10:41:31,V037,110.0,1.0993171137762154
2026-06-01,2026-06-01 10:41:32,V037,110.0,1.1398423695339037
2026-06-01,2026-06-01 10:41:33,V037,109.0,1.1019805760233312
2026-06-01,2026-06-01 10:41:34,V037,109.0,1.1349567181793878
2026-06-01,2026-06-01 10:41:35,V037,109.0,1.0991407134272793
2026-06-01,2026-06-01 10:41:36,V037,109.0,1.1422274973324273
2026-06-01,2026-06-01 10:41:37,V037,109.0,1.1345146345752792
2026-06-01,2026-06-01 10:41:38,V037,109.0,1.1017403457912243
2026-06-01,2026-06-01 10:41:39,V037,109.0,1.1416866545984121
2026-06-01,2026-06-01 10:41:40,V037,110.0,1.1002326594249314
2026-06-01,2026-06-01 10:41:41,V037,110.0,1.160103022110826
2026-06-01,2026-06-01 10:41:42,V037,110.0,1.086708220271758
2026-06-01,2026-06-01 10:41:43,V037,109.0,1.1443015750773373
2026-06-01,2026-06-01 10:41:44,V037,109.0,1.1558662243946922
2026-06-01,2026-06-01 10:41:45,V037,109.0,1.0782234226405767
2026-06-01,2026-06-01 10:41:46,V037,109.0,1.1489232736033697
2026-06-01,2026-06-01 10:41:47,V037,109.0,1.1377596181969378
2026-06-01,2026-06-01 10:41:48,V037,109.0,1.1307176487295094
2026-06-01,2026-06-01 10:41:49,V037,109.0,1.119308366160559
2026-06-01,2026-06-01 10:41:50,V037,109.0,1.12242849665305
2026-06-01,2026-06-01 10:41:51,V037,109.0,1.1408495973579076
2026-06-01,2026-06-01 10:41:52,V037,109.0,1.1578691897466482
2026-06-01,2026-06-01 10:41:53,V037,109.0,1.1232621581891304
2026-06-01,2026-06-01 10:41:54,V037,109.0,1.1346536230566047
2026-06-01,2026-06-01 10:41:55,V037,109.0,1.1454869293570507
2026-06-01,2026-06-01 10:41:56,V037,109.0,1.0968665066978933
2026-06-01,2026-06-01 10:41:57,V037,109.0,1.1626046680078819
2026-06-01,2026-06-01 10:41:58,V037,109.0,1.0967211496935743
2026-06-01,2026-06-01 10:41:59,V037,108.0,1.1626057620499883
2026-06-01,2026-06-01 10:42:00,V037,109.0,1.0951873380820845
2026-06-01,2026-06-01 10:42:01,V037,109.0,1.1570772037519426
2026-06-01,2026-06-01 10:42:02,V037,109.0,1.090527442723645
2026-06-01,2026-06-01 10:42:03,V037,109.0,1.1469113036416727
2026-06-01,2026-06-01 10:42:04,V037,110.0,1.0922288185323548
2026-06-01,2026-06-01 10:42:05,V037,110.0,1.1459117564445696
2026-06-01,2026-06-01 10:42:06,V037,110.0,1.0976227417821205
2026-06-01,2026-06-01 10:42:07,V037,110.0,1.1470174536826734
2026-06-01,2026-06-01 10:42:08,V037,110.0,1.1154937329656063
2026-06-01,2026-06-01 10:42:09,V037,110.0,1.1534663402436987
2026-06-01,2026-06-01 10:42:10,V037,110.0,1.1403393704160565
2026-06-01,2026-06-01 10:42:11,V037,109.0,1.1214832740439276
2026-06-01,2026-06-01 10:42:12,V037,109.0,1.1479245531703863
2026-06-01,2026-06-01 10:42:13,V037,109.0,1.1131664023974381
2026-06-01,2026-06-01 10:42:14,V037,109.0,1.1137180934896356
2026-06-01,2026-06-01 10:42:15,V037,108.0,1.1472445281394346
2026-06-01,2026-06-01 10:42:16,V037,106.0,1.1048922971796873
2026-06-01,2026-06-01 10:42:17,V037,105.0,1.1009120733360633
2026-06-01,2026-06-01 10:42:18,V037,105.0,1.1773069175085895
2026-06-01,2026-06-01 10:42:19,V037,104.0,1.1315544563184434
2026-06-01,2026-06-01 10:42:20,V037,104.0,1.1451386494586626
2026-06-01,2026-06-01 10:42:21,V037,104.0,1.1297777354805152
2026-06-01,2026-06-01 10:42:22,V037,104.0,1.1149999026966309
2026-06-01,2026-06-01 10:42:23,V037,103.0,1.1608465279708997
2026-06-01,2026-06-01 10:42:24,V037,104.0,1.1265581602708243
2026-06-01,2026-06-01 10:42:25,V037,104.0,1.1340637902402948
2026-06-01,2026-06-01 10:42:26,V037,104.0,1.2462776502221682
2026-06-01,2026-06-01 10:42:27,V037,105.0,1.101885994419651
2026-06-01,2026-06-01 10:42:28,V037,106.0,1.2296291602014962
2026-06-01,2026-06-01 10:42:29,V037,106.0,1.162344552047219
2026-06-01,2026-06-01 10:42:30,V037,106.0,1.1709784173988387
2026-06-01,2026-06-01 10:42:31,V037,106.0,1.1662095724184127
2026-06-01,2026-06-01 10:42:32,V037,106.0,1.2387772973182933
2026-06-01,2026-06-01 10:42:33,V037,107.0,1.1350475331432501
2026-06-01,2026-06-01 10:42:34,V037,107.0,1.1897042741710917
2026-06-01,2026-06-01 10:42:35,V037,107.0,1.1923652586555655
2026-06-01,2026-06-01 10:42:36,V037,107.0,1.1376635909233934
2026-06-01,2026-06-01 10:42:37,V037,107.0,1.1381185843451573
2026-06-01,2026-06-01 10:42:38,V037,107.0,1.119376964221164
2026-06-01,2026-06-01 10:42:39,V037,107.0,1.1360434290769112
2026-06-01,2026-06-01 10:42:40,V037,108.0,1.114849662015887
2026-06-01,2026-06-01 10:42:41,V037,108.0,1.155922828963872
2026-06-01,2026-06-01 10:42:42,V037,109.0,1.1093617673881908
2026-06-01,2026-06-01 10:42:43,V037,109.0,1.128050471138293
2026-06-01,2026-06-01 10:42:44,V037,109.0,1.1541057544548257
2026-06-01,2026-06-01 10:42:45,V037,109.0,1.183923406737659
2026-06-01,2026-06-01 10:42:46,V037,110.0,1.2961539341046724
2026-06-01,2026-06-01 10:42:47,V037,110.0,1.367663453348842
2026-06-01,2026-06-01 10:42:48,V037,110.0,1.2819151458118483
2026-06-01,2026-06-01 10:42:49,V037,111.0,1.2185129455045711
2026-06-01,2026-06-01 10:42:50,V037,111.0,1.191141148253268
2026-06-01,2026-06-01 10:42:51,V037,111.0,1.1585113102756066
2026-06-01,2026-06-01 10:42:52,V037,111.0,1.2374748985351478
2026-06-01,2026-06-01 10:42:53,V037,111.0,1.2510440741352484
2026-06-01,2026-06-01 10:42:54,V037,111.0,1.1487672142040724
2026-06-01,2026-06-01 10:42:55,V037,111.0,1.1509611178742227
2026-06-01,2026-06-01 10:42:56,V037,111.0,1.1354094976739686
2026-06-01,2026-06-01 10:42:57,V037,111.0,1.164342334966565
2026-06-01,2026-06-01 10:42:58,V037,112.0,1.1085574314582134
2026-06-01,2026-06-01 10:42:59,V037,113.0,1.1133409047215732
2026-06-01,2026-06-01 10:43:00,V037,113.0,1.1250281854092308
2026-06-01,2026-06-01 10:43:01,V037,114.0,1.0965896314633814
2026-06-01,2026-06-01 10:43:02,V037,114.0,1.161076952914939
2026-06-01,2026-06-01 10:43:03,V037,114.0,1.1276859454090724
2026-06-01,2026-06-01 10:43:04,V037,115.0,1.1237951171832885
2026-06-01,2026-06-01 10:43:05,V037,115.0,1.151760186991555
2026-06-01,2026-06-01 10:43:06,V037,115.0,1.1360626395216937
2026-06-01,2026-06-01 10:43:07,V037,116.0,1.1409709773478083
2026-06-01,2026-06-01 10:43:08,V037,116.0,1.1323160023847925
2026-06-01,2026-06-01 10:43:09,V037,117.0,1.2357623186535336
2026-06-01,2026-06-01 10:43:10,V037,118.0,1.2808583562802849
2026-06-01,2026-06-01 10:43:11,V037,119.0,1.2157536015044919
2026-06-01,2026-06-01 10:43:12,V037,121.0,1.1701485914293215
2026-06-01,2026-06-01 10:43:13,V037,122.0,1.1626602376941395
2026-06-01,2026-06-01 10:43:14,V037,125.0,1.250780039902679
2026-06-01,2026-06-01 10:43:15,V037,127.0,1.1943423936712063
2026-06-01,2026-06-01 10:43:16,V037,128.0,1.1175229232133195
2026-06-01,2026-06-01 10:43:17,V037,129.0,1.1167080055505119
2026-06-01,2026-06-01 10:43:18,V037,130.0,1.198196947092107
2026-06-01,2026-06-01 10:43:19,V037,131.0,1.1536075761317532
2026-06-01,2026-06-01 10:43:20,V037,131.0,1.1656537890448402
2026-06-01,2026-06-01 10:43:21,V037,132.0,1.1251565929157985
2026-06-01,2026-06-01 10:43:22,V037,132.0,1.1575943297929918
2026-06-01,2026-06-01 10:43:23,V037,133.0,1.0763176341326293
2026-06-01,2026-06-01 10:43:24,V037,133.0,1.1470086188311277
2026-06-01,2026-06-01 10:43:25,V037,134.0,1.0943839552979648
2026-06-01,2026-06-01 10:43:26,V037,134.0,1.1482241715216468
2026-06-01,2026-06-01 10:43:27,V037,135.0,1.1216569559176044
2026-06-01,2026-06-01 10:43:28,V037,135.0,1.1128299034154194
2026-06-01,2026-06-01 10:43:29,V037,135.0,1.1596628673986775
2026-06-01,2026-06-01 10:43:30,V037,135.0,1.1047414432697584
2026-06-01,2026-06-01 10:43:31,V037,135.0,1.1623671526317432
2026-06-01,2026-06-01 10:43:32,V037,134.0,1.2215409179762944
2026-06-01,2026-06-01 10:43:33,V037,134.0,1.151193557725673
2026-06-01,2026-06-01 10:43:34,V037,134.0,1.2139142000807994
2026-06-01,2026-06-01 10:43:35,V037,134.0,1.1598770692008649
2026-06-01,2026-06-01 10:43:36,V037,133.0,1.1445706077581728
2026-06-01,2026-06-01 10:43:37,V037,132.0,1.13162256421321
2026-06-01,2026-06-01 10:43:38,V037,132.0,1.1320156706770805
2026-06-01,2026-06-01 10:43:39,V037,131.0,1.1699537865319383
2026-06-01,2026-06-01 10:43:40,V037,131.0,1.1307183709789592
2026-06-01,2026-06-01 10:43:41,V037,130.0,1.1084007572292187
2026-06-01,2026-06-01 10:43:42,V037,130.0,1.147668120630625
2026-06-01,2026-06-01 10:43:43,V037,130.0,1.1075741096656775
2026-06-01,2026-06-01 10:43:44,V037,129.0,1.1391221348784846
2026-06-01,2026-06-01 10:43:45,V037,129.0,1.1777076779053754
2026-06-01,2026-06-01 10:43:46,V037,129.0,1.1257560095690053
2026-06-01,2026-06-01 10:43:47,V037,128.0,1.07323953008219
2026-06-01,2026-06-01 10:43:48,V037,128.0,1.1411434924277766
2026-06-01,2026-06-01 10:43:49,V037,128.0,1.1551746563375045
2026-06-01,2026-06-01 10:43:50,V037,128.0,1.118642249332148
2026-06-01,2026-06-01 10:43:51,V037,128.0,1.136920083602021
2026-06-01,2026-06-01 10:43:52,V037,128.0,1.1245656617350042
2026-06-01,2026-06-01 10:43:53,V037,128.0,1.1430497346004067
2026-06-01,2026-06-01 10:43:54,V037,128.0,1.1912890706177581
2026-06-01,2026-06-01 10:43:55,V037,128.0,1.3036060535111464
2026-06-01,2026-06-01 10:43:56,V037,128.0,1.170242261848524
2026-06-01,2026-06-01 10:43:57,V037,129.0,1.1485871642336758
2026-06-01,2026-06-01 10:43:58,V037,129.0,1.1568018283204144
2026-06-01,2026-06-01 10:43:59,V037,129.0,1.173928477617697
2026-06-01,2026-06-01 10:44:00,V037,128.0,1.111845576322388
2026-06-01,2026-06-01 10:44:01,V037,128.0,1.1431026180784765
2026-06-01,2026-06-01 10:44:02,V037,128.0,1.1126000439039756
2026-06-01,2026-06-01 10:44:03,V037,127.0,1.1828939822979445
2026-06-01,2026-06-01 10:44:04,V037,126.0,1.1069303070887253
2026-06-01,2026-06-01 10:44:05,V037,126.0,1.137214335889976
2026-06-01,2026-06-01 10:44:06,V037,125.0,1.1925377590646655
2026-06-01,2026-06-01 10:44:07,V037,124.0,1.155500473125479
2026-06-01,2026-06-01 10:44:08,V037,123.0,1.126789701064113
2026-06-01,2026-06-01 10:44:09,V037,123.0,1.1730297830642156
2026-06-01,2026-06-01 10:44:10,V037,123.0,1.1747086100030666
2026-06-01,2026-06-01 10:44:11,V037,124.0,1.1493820094999663
2026-06-01,2026-06-01 10:44:12,V037,124.0,1.1270692188726361
2026-06-01,2026-06-01 10:44:13,V037,124.0,1.150172445299388
2026-06-01,2026-06-01 10:44:14,V037,125.0,1.135324036276648
2026-06-01,2026-06-01 10:44:15,V037,125.0,1.1427077291893768
2026-06-01,2026-06-01 10:44:16,V037,125.0,1.1266384220939574
2026-06-01,2026-06-01 10:44:17,V037,126.0,1.1097758630701053
2026-06-01,2026-06-01 10:44:18,V037,127.0,1.098783519104528
2026-06-01,2026-06-01 10:44:19,V037,128.0,1.0839310315266493
2026-06-01,2026-06-01 10:44:20,V037,128.0,1.0990512595583237
2026-06-01,2026-06-01 10:44:21,V037,129.0,1.0869054505459679
2026-06-01,2026-06-01 10:44:22,V037,129.0,1.110536077232303
2026-06-01,2026-06-01 10:44:23,V037,129.0,1.0860430208823513
2026-06-01,2026-06-01 10:44:24,V037,129.0,1.0997551934943053
2026-06-01,2026-06-01 10:44:25,V037,128.0,1.0776074823515158
2026-06-01,2026-06-01 10:44:26,V037,128.0,1.0768813927513505
2026-06-01,2026-06-01 10:44:27,V037,127.0,1.091132178442096
2026-06-01,2026-06-01 10:44:28,V037,126.0,1.2573320255968714
2026-06-01,2026-06-01 10:44:29,V037,125.0,1.1223424607151722
2026-06-01,2026-06-01 10:44:30,V037,125.0,1.1280884349497522
2026-06-01,2026-06-01 10:44:31,V037,124.0,1.131202745525811
2026-06-01,2026-06-01 10:44:32,V037,123.0,1.1098266574000357
2026-06-01,2026-06-01 10:44:33,V037,122.0,1.1250519288930567
2026-06-01,2026-06-01 10:44:34,V037,122.0,1.1346625295940282
2026-06-01,2026-06-01 10:44:35,V037,122.0,1.1203572083819406
2026-06-01,2026-06-01 10:44:36,V037,121.0,1.1288841297357142
2026-06-01,2026-06-01 10:44:37,V037,121.0,1.1206313747986432
2026-06-01,2026-06-01 10:44:38,V037,120.0,1.1213552350511888
2026-06-01,2026-06-01 10:44:39,V037,120.0,1.1239763780607364
2026-06-01,2026-06-01 10:44:40,V037,120.0,1.1059483794854725
2026-06-01,2026-06-01 10:44:41,V037,119.0,1.1543199050253483
2026-06-01,2026-06-01 10:44:42,V037,120.0,1.1163516282326535
2026-06-01,2026-06-01 10:44:43,V037,121.0,1.128948613542378
2026-06-01,2026-06-01 10:44:44,V037,121.0,1.1272878848213612
2026-06-01,2026-06-01 10:44:45,V037,122.0,1.138588831607184
2026-06-01,2026-06-01 10:44:46,V037,122.0,1.1510621635524783
2026-06-01,2026-06-01 10:44:47,V037,122.0,1.1964193525432039
2026-06-01,2026-06-01 10:44:48,V037,122.0,1.1112397136420158
2026-06-01,2026-06-01 10:44:49,V037,122.0,1.107577865708182
2026-06-01,2026-06-01 10:44:50,V037,122.0,1.13362386026436
2026-06-01,2026-06-01 10:44:51,V037,121.0,1.150493918169711
2026-06-01,2026-06-01 10:44:52,V037,121.0,1.1359089750538878
2026-06-01,2026-06-01 10:44:53,V037,121.0,1.1173813505173043
2026-06-01,2026-06-01 10:44:54,V037,120.0,1.1084453166754156
2026-06-01,2026-06-01 10:44:55,V037,120.0,1.1195713833990004
2026-06-01,2026-06-01 10:44:56,V037,120.0,1.1180196210208346
2026-06-01,2026-06-01 10:44:57,V037,120.0,1.1174141934195876
2026-06-01,2026-06-01 10:44:58,V037,120.0,1.1262881260184283
2026-06-01,2026-06-01 10:44:59,V037,120.0,1.1108187382374288
2026-06-01,2026-06-01 10:45:00,V037,120.0,1.117129228360355
2026-06-01,2026-06-01 10:45:01,V037,120.0,1.1187507002503503
2026-06-01,2026-06-01 10:45:02,V037,120.0,1.116642276998881
2026-06-01,2026-06-01 10:45:03,V037,120.0,1.1180248117763185
2026-06-01,2026-06-01 10:45:04,V037,120.0,1.3886265169640128
2026-06-01,2026-06-01 10:45:05,V037,120.0,1.1436894272373122
2026-06-01,2026-06-01 10:45:06,V037,120.0,1.1448923667849513
2026-06-01,2026-06-01 10:45:07,V037,121.0,1.150049940042952
2026-06-01,2026-06-01 10:45:08,V037,121.0,1.1528379619400355
2026-06-01,2026-06-01 10:45:09,V037,121.0,1.151745836731242
2026-06-01,2026-06-01 10:45:10,V037,122.0,1.1241768322486603
2026-06-01,2026-06-01 10:45:11,V037,122.0,1.115587977308671
2026-06-01,2026-06-01 10:45:12,V037,122.0,1.1079868177920815
2026-06-01,2026-06-01 10:45:13,V037,122.0,1.1102417203662835
2026-06-01,2026-06-01 10:45:14,V037,122.0,1.1106905470999249
2026-06-01,2026-06-01 10:45:15,V037,122.0,1.1114201983826126
2026-06-01,2026-06-01 10:45:16,V037,122.0,1.1119885253573178
2026-06-01,2026-06-01 10:45:17,V037,123.0,1.112605826210951
2026-06-01,2026-06-01 10:45:18,V037,122.0,1.1188981806024318
2026-06-01,2026-06-01 10:45:19,V037,122.0,1.1146125390547832
2026-06-01,2026-06-01 10:45:20,V037,121.0,1.1142662736893134
2026-06-01,2026-06-01 10:45:21,V037,120.0,1.120881950583556
2026-06-01,2026-06-01 10:45:22,V037,120.0,1.1288227889352376
2026-06-01,2026-06-01 10:45:23,V037,119.0,1.1135439412452444
2026-06-01,2026-06-01 10:45:24,V037,119.0,1.1287322274256086
2026-06-01,2026-06-01 10:45:25,V037,118.0,1.1338254204864935
2026-06-01,2026-06-01 10:45:26,V037,118.0,1.1288188033030653
2026-06-01,2026-06-01 10:45:27,V037,117.0,1.1012212292848693
2026-06-01,2026-06-01 10:45:28,V037,118.0,1.1470747468705507
2026-06-01,2026-06-01 10:45:29,V037,118.0,1.1247950674834493
2026-06-01,2026-06-01 10:45:30,V037,119.0,1.1268789108436241
2026-06-01,2026-06-01 10:45:31,V037,119.0,1.108266797759734
2026-06-01,2026-06-01 10:45:32,V037,119.0,1.1055353579381346
2026-06-01,2026-06-01 10:45:33,V037,119.0,1.1639775187062507
2026-06-01,2026-06-01 10:45:34,V037,119.0,1.1296949656923245
2026-06-01,2026-06-01 10:45:35,V037,119.0,1.1096676786074398
2026-06-01,2026-06-01 10:45:36,V037,118.0,1.1725644700251674
2026-06-01,2026-06-01 10:45:37,V037,118.0,1.162656684120258
2026-06-01,2026-06-01 10:45:38,V037,118.0,1.113617788175509
2026-06-01,2026-06-01 10:45:39,V037,118.0,1.1091286303231591
2026-06-01,2026-06-01 10:45:40,V037,118.0,1.110778819075453
2026-06-01,2026-06-01 10:45:41,V037,118.0,1.1172116641818124
2026-06-01,2026-06-01 10:45:42,V037,119.0,1.1058284857375658
2026-06-01,2026-06-01 10:45:43,V037,119.0,1.12650325902941
2026-06-01,2026-06-01 10:45:44,V037,119.0,1.1292254709779328
2026-06-01,2026-06-01 10:45:45,V037,120.0,1.1019659135530704
2026-06-01,2026-06-01 10:45:46,V037,120.0,1.132201316517666
2026-06-01,2026-06-01 10:45:47,V037,120.0,1.1555521370485817
2026-06-01,2026-06-01 10:45:48,V037,121.0,1.1078852083187962
2026-06-01,2026-06-01 10:45:49,V037,121.0,1.1264697702182898
2026-06-01,2026-06-01 10:45:50,V037,122.0,1.1265904286386512
2026-06-01,2026-06-01 10:45:51,V037,122.0,1.1299471994299655
2026-06-01,2026-06-01 10:45:52,V037,122.0,1.1156693080952664
2026-06-01,2026-06-01 10:45:53,V037,122.0,1.1247281428852975
2026-06-01,2026-06-01 10:45:54,V037,122.0,1.128182039065181
2026-06-01,2026-06-01 10:45:55,V037,122.0,1.1226382972183295
2026-06-01,2026-06-01 10:45:56,V037,122.0,1.1889559305424413
2026-06-01,2026-06-01 10:45:57,V037,121.0,1.1435610624004882
2026-06-01,2026-06-01 10:45:58,V037,121.0,1.1418312697818964
2026-06-01,2026-06-01 10:45:59,V037,120.0,1.133286339357358
2026-06-01,2026-06-01 10:46:00,V037,120.0,1.1417946038631666
2026-06-01,2026-06-01 10:46:01,V037,119.0,1.1383535635897089
2026-06-01,2026-06-01 10:46:02,V037,119.0,1.138608166492438
2026-06-01,2026-06-01 10:46:03,V037,118.0,1.1408590101610614
2026-06-01,2026-06-01 10:46:04,V037,117.0,1.1520322208348828
2026-06-01,2026-06-01 10:46:05,V037,116.0,1.1150502475058395
2026-06-01,2026-06-01 10:46:06,V037,116.0,1.1226261602864402
2026-06-01,2026-06-01 10:46:07,V037,115.0,1.119745962104753
2026-06-01,2026-06-01 10:46:08,V037,116.0,1.1196608404035528
2026-06-01,2026-06-01 10:46:09,V037,116.0,1.1202283127422241
2026-06-01,2026-06-01 10:46:10,V037,116.0,1.1112764835530404
2026-06-01,2026-06-01 10:46:11,V037,117.0,1.1143621544113154
2026-06-01,2026-06-01 10:46:12,V037,117.0,1.1116822788732708
2026-06-01,2026-06-01 10:46:13,V037,118.0,1.1097041950942939
2026-06-01,2026-06-01 10:46:14,V037,119.0,1.1110745863485623
2026-06-01,2026-06-01 10:46:15,V037,119.0,1.1159914763788803
2026-06-01,2026-06-01 10:46:16,V037,119.0,1.1146475134167748
2026-06-01,2026-06-01 10:46:17,V037,118.0,1.1173105856983092
2026-06-01,2026-06-01 10:46:18,V037,117.0,1.125646259669895
2026-06-01,2026-06-01 10:46:19,V037,117.0,1.1548237410617725
2026-06-01,2026-06-01 10:46:20,V037,116.0,1.1453345419826493
2026-06-01,2026-06-01 10:46:21,V037,115.0,1.1322752743435462
2026-06-01,2026-06-01 10:46:22,V037,115.0,1.1404209197203363
2026-06-01,2026-06-01 10:46:23,V037,115.0,1.14364551751905
2026-06-01,2026-06-01 10:46:24,V037,115.0,1.128839927840571
2026-06-01,2026-06-01 10:46:25,V037,115.0,1.1381873583277589
2026-06-01,2026-06-01 10:46:26,V037,114.0,1.1684842349033655
2026-06-01,2026-06-01 10:46:27,V037,114.0,1.1025778044619237
2026-06-01,2026-06-01 10:46:28,V037,113.0,1.1388324912101044
2026-06-01,2026-06-01 10:46:29,V037,113.0,1.1629951030171415
2026-06-01,2026-06-01 10:46:30,V037,113.0,1.1543675403058433
2026-06-01,2026-06-01 10:46:31,V037,113.0,1.1433919027218271
2026-06-01,2026-06-01 10:46:32,V037,113.0,1.095762504882584
2026-06-01,2026-06-01 10:46:33,V037,114.0,1.1568253273046982
2026-06-01,2026-06-01 10:46:34,V037,114.0,1.140335600145076
2026-06-01,2026-06-01 10:46:35,V037,115.0,1.0977087619893144
2026-06-01,2026-06-01 10:46:36,V037,115.0,1.1270865650848343
2026-06-01,2026-06-01 10:46:37,V037,116.0,1.1288146639454988
2026-06-01,2026-06-01 10:46:38,V037,117.0,1.126007118791195
2026-06-01,2026-06-01 10:46:39,V037,117.0,1.1154016716780082
2026-06-01,2026-06-01 10:46:40,V037,118.0,1.113984789951795
2026-06-01,2026-06-01 10:46:41,V037,118.0,1.1047275294367718
2026-06-01,2026-06-01 10:46:42,V037,118.0,1.1102993395437168
2026-06-01,2026-06-01 10:46:43,V037,118.0,1.1187643395545739
2026-06-01,2026-06-01 10:46:44,V037,119.0,1.111983531952898
2026-06-01,2026-06-01 10:46:45,V037,119.0,1.1216303112522683
2026-06-01,2026-06-01 10:46:46,V037,120.0,1.1161605176946714
2026-06-01,2026-06-01 10:46:47,V037,120.0,1.11943229843348
2026-06-01,2026-06-01 10:46:48,V037,120.0,1.1174357832234325
2026-06-01,2026-06-01 10:46:49,V037,121.0,1.131793209400686
2026-06-01,2026-06-01 10:46:50,V037,122.0,1.1224175814456654
2026-06-01,2026-06-01 10:46:51,V037,122.0,1.1221126102629213
2026-06-01,2026-06-01 10:46:52,V037,123.0,1.1181014014901782
2026-06-01,2026-06-01 10:46:53,V037,123.0,1.131795534005862
2026-06-01,2026-06-01 10:46:54,V037,123.0,1.1111368774493824
2026-06-01,2026-06-01 10:46:55,V037,123.0,1.1233238016137883
2026-06-01,2026-06-01 10:46:56,V037,124.0,1.0990397957200384
2026-06-01,2026-06-01 10:46:57,V037,124.0,1.111957108513111
2026-06-01,2026-06-01 10:46:58,V037,125.0,1.0996636846181167
2026-06-01,2026-06-01 10:46:59,V037,125.0,1.12792748383193
2026-06-01,2026-06-01 10:47:00,V037,125.0,1.1164812964970727
2026-06-01,2026-06-01 10:47:01,V037,125.0,1.1044331072975804
2026-06-01,2026-06-01 10:47:02,V037,124.0,1.114310607235656
2026-06-01,2026-06-01 10:47:03,V037,124.0,1.1220597625142295
2026-06-01,2026-06-01 10:47:04,V037,124.0,1.11080786184215
2026-06-01,2026-06-01 10:47:05,V037,124.0,1.1115355891228826
2026-06-01,2026-06-01 10:47:06,V037,124.0,1.1104472294418712
2026-06-01,2026-06-01 10:47:07,V037,124.0,1.1457631179958685
2026-06-01,2026-06-01 10:47:08,V037,123.0,1.1150113960907109
2026-06-01,2026-06-01 10:47:09,V037,123.0,1.1597150643968686
2026-06-01,2026-06-01 10:47:10,V037,123.0,1.1321455900900552
2026-06-01,2026-06-01 10:47:11,V037,123.0,1.2574839973431142
2026-06-01,2026-06-01 10:47:12,V037,122.0,1.136426581797598
2026-06-01,2026-06-01 10:47:13,V037,121.0,1.1634861480708556
2026-06-01,2026-06-01 10:47:14,V037,121.0,1.1196111668069348
2026-06-01,2026-06-01 10:47:15,V037,120.0,1.1727847573222139
2026-06-01,2026-06-01 10:47:16,V037,120.0,1.196153721371671
2026-06-01,2026-06-01 10:47:17,V037,120.0,1.13216746988057
2026-06-01,2026-06-01 10:47:18,V037,121.0,1.1591836688228998
2026-06-01,2026-06-01 10:47:19,V037,121.0,1.2338074165867274
2026-06-01,2026-06-01 10:47:20,V037,121.0,1.121249908549855
2026-06-01,2026-06-01 10:47:21,V037,121.0,1.122435537838422
2026-06-01,2026-06-01 10:47:22,V037,122.0,1.1323706108603577
2026-06-01,2026-06-01 10:47:23,V037,122.0,1.1137922855805105
2026-06-01,2026-06-01 10:47:24,V037,121.0,1.1136362362654475
2026-06-01,2026-06-01 10:47:25,V037,121.0,1.1148801339551833
2026-06-01,2026-06-01 10:47:26,V037,121.0,1.1075023288206098
2026-06-01,2026-06-01 10:47:27,V037,122.0,1.1280112462134273
2026-06-01,2026-06-01 10:47:28,V037,122.0,1.110355643040775
2026-06-01,2026-06-01 10:47:29,V037,122.0,1.1233117292162715
2026-06-01,2026-06-01 10:47:30,V037,122.0,1.1053091763692406
2026-06-01,2026-06-01 10:47:31,V037,123.0,1.1205761106947114
2026-06-01,2026-06-01 10:47:32,V037,122.0,1.1161058098371572
2026-06-01,2026-06-01 10:47:33,V037,122.0,1.1108877131500037
2026-06-01,2026-06-01 10:47:34,V037,122.0,1.1274761994384537
2026-06-01,2026-06-01 10:47:35,V037,122.0,1.1186757668573752
2026-06-01,2026-06-01 10:47:36,V037,121.0,1.1074803531378912
2026-06-01,2026-06-01 10:47:37,V037,121.0,1.1103649142356904
2026-06-01,2026-06-01 10:47:38,V037,121.0,1.1108693924906552
2026-06-01,2026-06-01 10:47:39,V037,121.0,1.1146348336695027
2026-06-01,2026-06-01 10:47:40,V037,121.0,1.108906297887969
2026-06-01,2026-06-01 10:47:41,V037,121.0,1.1095968340140265
2026-06-01,2026-06-01 10:47:42,V037,120.0,1.108485581267602
2026-06-01,2026-06-01 10:47:43,V037,119.0,1.1094701534730729
2026-06-01,2026-06-01 10:47:44,V037,118.0,1.108746345254392
2026-06-01,2026-06-01 10:47:45,V037,117.0,1.1071671773154854
2026-06-01,2026-06-01 10:47:46,V037,118.0,1.106304619152253
2026-06-01,2026-06-01 10:47:47,V037,119.0,1.1091989420218398
2026-06-01,2026-06-01 10:47:48,V037,120.0,1.1227986134063384
2026-06-01,2026-06-01 10:47:49,V037,120.0,1.1147909391822735
2026-06-01,2026-06-01 10:47:50,V037,121.0,1.109223991311863
2026-06-01,2026-06-01 10:47:51,V037,121.0,1.0959839450687079
2026-06-01,2026-06-01 10:47:52,V037,121.0,1.1388964197846858
2026-06-01,2026-06-01 10:47:53,V037,121.0,1.1016811684599812
2026-06-01,2026-06-01 10:47:54,V037,120.0,1.128386053205768
2026-06-01,2026-06-01 10:47:55,V037,120.0,1.1024608958500304
2026-06-01,2026-06-01 10:47:56,V037,119.0,1.1105514125176645
2026-06-01,2026-06-01 10:47:57,V037,119.0,1.1305400219218436
2026-06-01,2026-06-01 10:47:58,V037,118.0,1.5614287941369545
2026-06-01,2026-06-01 10:47:59,V037,117.0,1.1166620825558193
2026-06-01,2026-06-01 10:48:00,V037,118.0,1.116446816239964
2026-06-01,2026-06-01 10:48:01,V037,118.0,1.1097272178411997
2026-06-01,2026-06-01 10:48:02,V037,119.0,1.1172816856441725
2026-06-01,2026-06-01 10:48:03,V037,119.0,1.1132096746059796
2026-06-01,2026-06-01 10:48:04,V037,120.0,1.1103225465320805
2026-06-01,2026-06-01 10:48:05,V037,120.0,1.1096063512836993
2026-06-01,2026-06-01 10:48:06,V037,120.0,1.113182998890979
2026-06-01,2026-06-01 10:48:07,V037,120.0,1.107898837556394
2026-06-01,2026-06-01 10:48:08,V037,120.0,1.1113351814981642
2026-06-01,2026-06-01 10:48:09,V037,120.0,1.1085427143213213
2026-06-01,2026-06-01 10:48:10,V037,121.0,1.1216802222071802
2026-06-01,2026-06-01 10:48:11,V037,121.0,1.151907861406928
2026-06-01,2026-06-01 10:48:12,V037,121.0,1.111991982453093
2026-06-01,2026-06-01 10:48:13,V037,122.0,1.1245322882920588
2026-06-01,2026-06-01 10:48:14,V037,122.0,1.1066514808457002
2026-06-01,2026-06-01 10:48:15,V037,122.0,1.1257957416623663
2026-06-01,2026-06-01 10:48:16,V037,122.0,1.1103255152354012
2026-06-01,2026-06-01 10:48:17,V037,122.0,1.1149077803602194
2026-06-01,2026-06-01 10:48:18,V037,122.0,1.1171822339307278
2026-06-01,2026-06-01 10:48:19,V037,121.0,1.114584676010401
2026-06-01,2026-06-01 10:48:20,V037,121.0,1.1114124597022204
2026-06-01,2026-06-01 10:48:21,V037,120.0,1.106658766373867
2026-06-01,2026-06-01 10:48:22,V037,121.0,1.1027632191146186
2026-06-01,2026-06-01 10:48:23,V037,121.0,1.11617455289932
2026-06-01,2026-06-01 10:48:24,V037,122.0,1.1886777085333589
2026-06-01,2026-06-01 10:48:25,V037,122.0,1.1200157053825552
2026-06-01,2026-06-01 10:48:26,V037,123.0,1.1215869795486029
2026-06-01,2026-06-01 10:48:27,V037,123.0,1.1462296183327612
2026-06-01,2026-06-01 10:48:28,V037,122.0,1.1348682429564694
2026-06-01,2026-06-01 10:48:29,V037,121.0,1.1523479023140715
2026-06-01,2026-06-01 10:48:30,V037,121.0,1.1531206761814352
2026-06-01,2026-06-01 10:48:31,V037,121.0,1.156038378813561
2026-06-01,2026-06-01 10:48:32,V037,121.0,1.1612347114641892
2026-06-01,2026-06-01 10:48:33,V037,120.0,1.1305968878703931
2026-06-01,2026-06-01 10:48:34,V037,120.0,1.1306923865804785
2026-06-01,2026-06-01 10:48:35,V037,119.0,1.1553244196567902
2026-06-01,2026-06-01 10:48:36,V037,119.0,1.1442319403917887
2026-06-01,2026-06-01 10:48:37,V037,118.0,1.1910542518993312
2026-06-01,2026-06-01 10:48:38,V037,117.0,1.1007624868206887
2026-06-01,2026-06-01 10:48:39,V037,116.0,1.104560205659711
2026-06-01,2026-06-01 10:48:40,V037,115.0,1.1174106732154114
2026-06-01,2026-06-01 10:48:41,V037,114.0,1.1165035835247126
2026-06-01,2026-06-01 10:48:42,V037,114.0,1.165322142746115
2026-06-01,2026-06-01 10:48:43,V037,113.0,1.158415263288899
2026-06-01,2026-06-01 10:48:44,V037,113.0,1.1474745267541508
2026-06-01,2026-06-01 10:48:45,V037,113.0,1.1581756875141935
2026-06-01,2026-06-01 10:48:46,V037,112.0,1.1927650676688677
2026-06-01,2026-06-01 10:48:47,V037,112.0,1.0967362370749723
2026-06-01,2026-06-01 10:48:48,V037,112.0,1.1157382561277
2026-06-01,2026-06-01 10:48:49,V037,112.0,1.128060288679663
2026-06-01,2026-06-01 10:48:50,V037,113.0,1.1027871220533025
2026-06-01,2026-06-01 10:48:51,V037,114.0,1.1101671818933974
2026-06-01,2026-06-01 10:48:52,V037,115.0,1.1119925690598433
2026-06-01,2026-06-01 10:48:53,V037,116.0,1.10947957407349
2026-06-01,2026-06-01 10:48:54,V037,117.0,1.1156438359762817
2026-06-01,2026-06-01 10:48:55,V037,118.0,1.1220166604403372
2026-06-01,2026-06-01 10:48:56,V037,119.0,1.1426421189637361
2026-06-01,2026-06-01 10:48:57,V037,119.0,1.1252917669728035
2026-06-01,2026-06-01 10:48:58,V037,120.0,1.154696258048182
2026-06-01,2026-06-01 10:48:59,V037,120.0,1.070975255177035
2026-06-01,2026-06-01 10:49:00,V037,121.0,1.0952200329620323
2026-06-01,2026-06-01 10:49:01,V037,121.0,1.1283018922412107
2026-06-01,2026-06-01 10:49:02,V037,120.0,1.1082635904939082
2026-06-01,2026-06-01 10:49:03,V037,120.0,1.1559805636703575
2026-06-01,2026-06-01 10:49:04,V037,120.0,1.1147623587634838
2026-06-01,2026-06-01 10:49:05,V037,120.0,1.107718004883419
2026-06-01,2026-06-01 10:49:06,V037,119.0,1.1764978169102638
2026-06-01,2026-06-01 10:49:07,V037,119.0,1.1695342296948574
2026-06-01,2026-06-01 10:49:08,V037,118.0,1.1531277355377192
2026-06-01,2026-06-01 10:49:09,V037,117.0,1.1227885469010193
2026-06-01,2026-06-01 10:49:10,V037,117.0,1.1098216577133593
2026-06-01,2026-06-01 10:49:11,V037,117.0,1.1304855092931547
2026-06-01,2026-06-01 10:49:12,V037,116.0,1.1026033436483527
2026-06-01,2026-06-01 10:49:13,V037,116.0,1.1247595594613151
2026-06-01,2026-06-01 10:49:14,V037,116.0,1.1811304982658335
2026-06-01,2026-06-01 10:49:15,V037,116.0,1.1697516265278682
2026-06-01,2026-06-01 10:49:16,V037,116.0,1.1476159367058063
2026-06-01,2026-06-01 10:49:17,V037,116.0,1.1437524640096168
2026-06-01,2026-06-01 10:49:18,V037,116.0,1.1489084145462003
2026-06-01,2026-06-01 10:49:19,V037,116.0,1.1522964696951574
2026-06-01,2026-06-01 10:49:20,V037,116.0,1.1806463535403668
2026-06-01,2026-06-01 10:49:21,V037,116.0,1.1287671695335175
2026-06-01,2026-06-01 10:49:22,V037,117.0,1.19307948559213
2026-06-01,2026-06-01 10:49:23,V037,117.0,1.1604646748996454
2026-06-01,2026-06-01 10:49:24,V037,118.0,1.1710655971183586
2026-06-01,2026-06-01 10:49:25,V037,119.0,1.148931872164687
2026-06-01,2026-06-01 10:49:26,V037,121.0,1.0957974953990466
2026-06-01,2026-06-01 10:49:27,V037,122.0,1.1857031942673908
2026-06-01,2026-06-01 10:49:28,V037,121.0,1.1296134758161818
2026-06-01,2026-06-01 10:49:29,V037,120.0,1.134718373305905
2026-06-01,2026-06-01 10:49:30,V037,119.0,1.1575952789904806
2026-06-01,2026-06-01 10:49:31,V037,119.0,1.1445245023365327
2026-06-01,2026-06-01 10:49:32,V037,118.0,1.1762733726845853
2026-06-01,2026-06-01 10:49:33,V037,118.0,1.1182842294779012
2026-06-01,2026-06-01 10:49:34,V037,117.0,1.1014016957293244
2026-06-01,2026-06-01 10:49:35,V037,117.0,1.0576732381100582
2026-06-01,2026-06-01 10:49:36,V037,116.0,1.2469419152661163
2026-06-01,2026-06-01 10:49:37,V037,116.0,1.1413620192031306
2026-06-01,2026-06-01 10:49:38,V037,116.0,1.1782352377023548
2026-06-01,2026-06-01 10:49:39,V037,116.0,1.100164904141374
2026-06-01,2026-06-01 10:49:40,V037,117.0,1.126028634385637
2026-06-01,2026-06-01 10:49:41,V037,117.0,1.101974797142954
2026-06-01,2026-06-01 10:49:42,V037,118.0,1.110358899375384
2026-06-01,2026-06-01 10:49:43,V037,118.0,1.1011305653079804
2026-06-01,2026-06-01 10:49:44,V037,119.0,1.0806947279099077
2026-06-01,2026-06-01 10:49:45,V037,119.0,1.0989534376552326
2026-06-01,2026-06-01 10:49:46,V037,119.0,1.0945851578688963
2026-06-01,2026-06-01 10:49:47,V037,118.0,1.1269236550116528
2026-06-01,2026-06-01 10:49:48,V037,118.0,1.1061215146390417
2026-06-01,2026-06-01 10:49:49,V037,117.0,1.117996552336172
2026-06-01,2026-06-01 10:49:50,V037,117.0,1.1054173739224298
2026-06-01,2026-06-01 10:49:51,V037,117.0,1.0945194518196213
2026-06-01,2026-06-01 10:49:52,V037,117.0,1.1207187881615444
2026-06-01,2026-06-01 10:49:53,V037,116.0,1.0996789160341358
2026-06-01,2026-06-01 10:49:54,V037,116.0,1.1023730898010256
2026-06-01,2026-06-01 10:49:55,V037,116.0,1.1037809995984897
2026-06-01,2026-06-01 10:49:56,V037,116.0,1.0968586475162978
2026-06-01,2026-06-01 10:49:57,V037,116.0,1.1341767428682166
2026-06-01,2026-06-01 10:49:58,V037,116.0,1.1393859531577804
2026-06-01,2026-06-01 10:49:59,V037,116.0,1.1156113912080623
2026-06-01,2026-06-01 10:50:00,V037,117.0,1.120579400511554
2026-06-01,2026-06-01 10:50:01,V037,118.0,1.1459125884110561
2026-06-01,2026-06-01 10:50:02,V037,117.0,1.1218140196398139
2026-06-01,2026-06-01 10:50:03,V037,116.0,1.110917987198854
2026-06-01,2026-06-01 10:50:04,V037,116.0,1.1116587458947025
2026-06-01,2026-06-01 10:50:05,V037,117.0,1.125105467942491
2026-06-01,2026-06-01 10:50:06,V037,117.0,1.1402623104198133
2026-06-01,2026-06-01 10:50:07,V037,118.0,1.1216737646630441
2026-06-01,2026-06-01 10:50:08,V037,118.0,1.1128100298670893
2026-06-01,2026-06-01 10:50:09,V037,118.0,1.1284772765660531
2026-06-01,2026-06-01 10:50:10,V037,119.0,1.1605153253604468
2026-06-01,2026-06-01 10:50:11,V037,119.0,1.1518664552156541
2026-06-01,2026-06-01 10:50:12,V037,119.0,1.131820110198678
2026-06-01,2026-06-01 10:50:13,V037,119.0,1.2311304605471365
2026-06-01,2026-06-01 10:50:14,V037,119.0,1.1967460417500715
2026-06-01,2026-06-01 10:50:15,V037,119.0,1.1391485612441585
2026-06-01,2026-06-01 10:50:16,V037,119.0,1.1451064852185342
2026-06-01,2026-06-01 10:50:17,V037,119.0,1.1375066086485184
2026-06-01,2026-06-01 10:50:18,V037,119.0,1.1418728811109768
2026-06-01,2026-06-01 10:50:19,V037,119.0,1.1205672641111708
2026-06-01,2026-06-01 10:50:20,V037,119.0,1.1270235016631702
2026-06-01,2026-06-01 10:50:21,V037,119.0,1.1111951008686665
2026-06-01,2026-06-01 10:50:22,V037,120.0,1.1281393712136076
2026-06-01,2026-06-01 10:50:23,V037,120.0,1.1048599090789708
2026-06-01,2026-06-01 10:50:24,V037,120.0,1.112510785213674
2026-06-01,2026-06-01 10:50:25,V037,120.0,1.1790572154581773
2026-06-01,2026-06-01 10:50:26,V037,120.0,1.1083451384666267
2026-06-01,2026-06-01 10:50:27,V037,119.0,1.1441941359785122
2026-06-01,2026-06-01 10:50:28,V037,120.0,1.1209770296986947
2026-06-01,2026-06-01 10:50:29,V037,121.0,1.1191935763810545
2026-06-01,2026-06-01 10:50:30,V037,121.0,1.1052886637517731
2026-06-01,2026-06-01 10:50:31,V037,122.0,1.1151964075845127
2026-06-01,2026-06-01 10:50:32,V037,122.0,1.121039428263822
2026-06-01,2026-06-01 10:50:33,V037,122.0,1.0986099183175648
2026-06-01,2026-06-01 10:50:34,V037,123.0,1.1608708278911444
2026-06-01,2026-06-01 10:50:35,V037,123.0,1.0637268344115536
2026-06-01,2026-06-01 10:50:36,V037,123.0,1.1317716126120738
2026-06-01,2026-06-01 10:50:37,V037,124.0,1.1115035739814163
2026-06-01,2026-06-01 10:50:38,V037,125.0,1.200473948890374
2026-06-01,2026-06-01 10:50:39,V037,125.0,1.1531697791478497
2026-06-01,2026-06-01 10:50:40,V037,126.0,1.1030601120419663
2026-06-01,2026-06-01 10:50:41,V037,127.0,1.1439305795428016
2026-06-01,2026-06-01 10:50:42,V037,128.0,1.11611773528973
2026-06-01,2026-06-01 10:50:43,V037,129.0,1.1350335028806042
2026-06-01,2026-06-01 10:50:44,V037,128.0,1.1289617086797092
2026-06-01,2026-06-01 10:50:45,V037,128.0,1.1381017203850823
2026-06-01,2026-06-01 10:50:46,V037,127.0,1.1039090791765611
2026-06-01,2026-06-01 10:50:47,V037,127.0,1.1248107198328976
2026-06-01,2026-06-01 10:50:48,V037,126.0,1.1180756907362688
2026-06-01,2026-06-01 10:50:49,V037,126.0,1.114672403240947
2026-06-01,2026-06-01 10:50:50,V037,125.0,1.1124986832455275
2026-06-01,2026-06-01 10:50:51,V037,124.0,1.1264090125842203
2026-06-01,2026-06-01 10:50:52,V037,123.0,1.1082066655742242
2026-06-01,2026-06-01 10:50:53,V037,122.0,1.1173623111341837
2026-06-01,2026-06-01 10:50:54,V037,121.0,1.1154802942787339
2026-06-01,2026-06-01 10:50:55,V037,121.0,1.1387619222327545
2026-06-01,2026-06-01 10:50:56,V037,120.0,1.114205787647598
2026-06-01,2026-06-01 10:50:57,V037,120.0,1.1057278160047614
2026-06-01,2026-06-01 10:50:58,V037,120.0,1.139717312872598
2026-06-01,2026-06-01 10:50:59,V037,120.0,1.1277752756872301
2026-06-01,2026-06-01 10:51:00,V037,121.0,1.125227215197155
2026-06-01,2026-06-01 10:51:01,V037,121.0,1.1084305604408609
2026-06-01,2026-06-01 10:51:02,V037,121.0,1.1223482201431532
2026-06-01,2026-06-01 10:51:03,V037,122.0,1.1145294788055706
2026-06-01,2026-06-01 10:51:04,V037,122.0,1.1040736241568034
2026-06-01,2026-06-01 10:51:05,V037,122.0,1.1462800605619166
2026-06-01,2026-06-01 10:51:06,V037,122.0,1.1067385670780838
2026-06-01,2026-06-01 10:51:07,V037,121.0,1.1168951194642114
2026-06-01,2026-06-01 10:51:08,V037,120.0,1.1249776490889394
2026-06-01,2026-06-01 10:51:09,V037,120.0,1.1189600050028388
2026-06-01,2026-06-01 10:51:10,V037,119.0,1.1103464102089315
2026-06-01,2026-06-01 10:51:11,V037,118.0,1.11162040112154
2026-06-01,2026-06-01 10:51:12,V037,118.0,1.110892742826434
2026-06-01,2026-06-01 10:51:13,V037,117.0,1.1186055352972208
2026-06-01,2026-06-01 10:51:14,V037,116.0,1.1214516226941103
2026-06-01,2026-06-01 10:51:15,V037,115.0,1.1100163366602938
2026-06-01,2026-06-01 10:51:16,V037,114.0,1.1219983221439827
2026-06-01,2026-06-01 10:51:17,V037,114.0,1.1187435301236914
2026-06-01,2026-06-01 10:51:18,V037,113.0,1.1240779799755796
2026-06-01,2026-06-01 10:51:19,V037,113.0,1.1280458253744072
2026-06-01,2026-06-01 10:51:20,V037,113.0,1.1047065977173651
2026-06-01,2026-06-01 10:51:21,V037,113.0,1.1159956324878628
2026-06-01,2026-06-01 10:51:22,V037,114.0,1.104146270700463
2026-06-01,2026-06-01 10:51:23,V037,114.0,1.11172393153981
2026-06-01,2026-06-01 10:51:24,V037,115.0,1.1098766358804897
2026-06-01,2026-06-01 10:51:25,V037,116.0,1.127460731232083
2026-06-01,2026-06-01 10:51:26,V037,116.0,1.129532632210476
2026-06-01,2026-06-01 10:51:27,V037,117.0,1.1170662640804059
2026-06-01,2026-06-01 10:51:28,V037,117.0,1.1166402651502507
2026-06-01,2026-06-01 10:51:29,V037,117.0,1.1310140648757843
2026-06-01,2026-06-01 10:51:30,V037,117.0,1.1180410011070667
2026-06-01,2026-06-01 10:51:31,V037,117.0,1.1141854573304313
2026-06-01,2026-06-01 10:51:32,V037,117.0,1.1187286498981872
2026-06-01,2026-06-01 10:51:33,V037,117.0,1.1136299973512158
2026-06-01,2026-06-01 10:51:34,V037,117.0,1.1359760173871731
2026-06-01,2026-06-01 10:51:35,V037,117.0,1.1055657908116514
2026-06-01,2026-06-01 10:51:36,V037,117.0,1.0991975375343752
2026-06-01,2026-06-01 10:51:37,V037,116.0,1.116051894879786
2026-06-01,2026-06-01 10:51:38,V037,116.0,1.1102482761002186
2026-06-01,2026-06-01 10:51:39,V037,116.0,1.1129017629152897
2026-06-01,2026-06-01 10:51:40,V037,116.0,1.1214994606576432
2026-06-01,2026-06-01 10:51:41,V037,117.0,1.1211384775393836
2026-06-01,2026-06-01 10:51:42,V037,117.0,1.120655705421211
2026-06-01,2026-06-01 10:51:43,V037,118.0,1.0936203849877455
2026-06-01,2026-06-01 10:51:44,V037,118.0,1.1356393249675956
2026-06-01,2026-06-01 10:51:45,V037,119.0,1.1103143168982295
2026-06-01,2026-06-01 10:51:46,V037,119.0,1.1169356915430328
2026-06-01,2026-06-01 10:51:47,V037,119.0,1.1184750770624625
2026-06-01,2026-06-01 10:51:48,V037,119.0,1.1085288269966573
2026-06-01,2026-06-01 10:51:49,V037,118.0,1.1242872806001654
2026-06-01,2026-06-01 10:51:50,V037,118.0,1.110770079648455
2026-06-01,2026-06-01 10:51:51,V037,117.0,1.1176662585620398
2026-06-01,2026-06-01 10:51:52,V037,117.0,1.09925417295459
2026-06-01,2026-06-01 10:51:53,V037,116.0,1.1251509989519306
2026-06-01,2026-06-01 10:51:54,V037,116.0,1.1229343347465905
2026-06-01,2026-06-01 10:51:55,V037,116.0,1.1392635523816736
2026-06-01,2026-06-01 10:51:56,V037,116.0,1.176884272383034
2026-06-01,2026-06-01 10:51:57,V037,117.0,1.1118240313135612
2026-06-01,2026-06-01 10:51:58,V037,117.0,1.1306750623609267
2026-06-01,2026-06-01 10:51:59,V037,118.0,1.1416715931538852
2026-06-01,2026-06-01 10:52:00,V037,118.0,1.1100047277878042
2026-06-01,2026-06-01 10:52:01,V037,118.0,1.1249241627276294
2026-06-01,2026-06-01 10:52:02,V037,118.0,1.107184818877612
2026-06-01,2026-06-01 10:52:03,V037,118.0,1.102559024578585
2026-06-01,2026-06-01 10:52:04,V037,118.0,1.1139324473746375
2026-06-01,2026-06-01 10:52:05,V037,118.0,1.134477229554642
2026-06-01,2026-06-01 10:52:06,V037,117.0,1.1210944886073293
2026-06-01,2026-06-01 10:52:07,V037,117.0,1.145595931851595
2026-06-01,2026-06-01 10:52:08,V037,117.0,1.1070883856220102
2026-06-01,2026-06-01 10:52:09,V037,116.0,1.1463868224203169
2026-06-01,2026-06-01 10:52:10,V037,116.0,1.1206657396821904
2026-06-01,2026-06-01 10:52:11,V037,117.0,1.2345355178035793
2026-06-01,2026-06-01 10:52:12,V037,116.0,1.2881595573094944
2026-06-01,2026-06-01 10:52:13,V037,116.0,1.1054444638846879
2026-06-01,2026-06-01 10:52:14,V037,117.0,1.2630296275727102
2026-06-01,2026-06-01 10:52:15,V037,118.0,1.0942422161573973
2026-06-01,2026-06-01 10:52:16,V037,119.0,1.1690090533329962
2026-06-01,2026-06-01 10:52:17,V037,120.0,1.1564475115802855
2026-06-01,2026-06-01 10:52:18,V037,120.0,1.146995619820621
2026-06-01,2026-06-01 10:52:19,V037,120.0,1.1305742020833827
2026-06-01,2026-06-01 10:52:20,V037,120.0,1.1348863355064753
2026-06-01,2026-06-01 10:52:21,V037,120.0,1.1090523154844991
2026-06-01,2026-06-01 10:52:22,V037,120.0,1.0889505113516094
2026-06-01,2026-06-01 10:52:23,V037,120.0,1.1626390977475272
2026-06-01,2026-06-01 10:52:24,V037,119.0,1.1737437700853095
2026-06-01,2026-06-01 10:52:25,V037,119.0,1.1242886695550383
2026-06-01,2026-06-01 10:52:26,V037,119.0,1.1454694197202118
2026-06-01,2026-06-01 10:52:27,V037,119.0,1.1157825883898682
2026-06-01,2026-06-01 10:52:28,V037,119.0,1.1325119655094187
2026-06-01,2026-06-01 10:52:29,V037,119.0,1.1206605975432054
2026-06-01,2026-06-01 10:52:30,V037,119.0,1.1338593415490614
2026-06-01,2026-06-01 10:52:31,V037,120.0,1.116612257040576
2026-06-01,2026-06-01 10:52:32,V037,120.0,1.1360250241705134
2026-06-01,2026-06-01 10:52:33,V037,121.0,1.1275626055173236
2026-06-01,2026-06-01 10:52:34,V037,121.0,1.1305096711244467
2026-06-01,2026-06-01 10:52:35,V037,121.0,1.136633549728727
2026-06-01,2026-06-01 10:52:36,V037,120.0,1.1427967136521107
2026-06-01,2026-06-01 10:52:37,V037,120.0,1.1136281227639018
2026-06-01,2026-06-01 10:52:38,V037,119.0,1.1695743421800207
2026-06-01,2026-06-01 10:52:39,V037,118.0,1.1275438473576125
2026-06-01,2026-06-01 10:52:40,V037,118.0,1.2258453758127945
2026-06-01,2026-06-01 10:52:41,V037,117.0,1.2397135935763746
2026-06-01,2026-06-01 10:52:42,V037,116.0,1.153885552873589
2026-06-01,2026-06-01 10:52:43,V037,116.0,1.2543716247347911
2026-06-01,2026-06-01 10:52:44,V037,116.0,1.128459069438474
2026-06-01,2026-06-01 10:52:45,V037,115.0,1.1382064408448838
2026-06-01,2026-06-01 10:52:46,V037,115.0,1.0904745922540202
2026-06-01,2026-06-01 10:52:47,V037,115.0,1.1214087567342115
2026-06-01,2026-06-01 10:52:48,V037,115.0,1.1345492228615244
2026-06-01,2026-06-01 10:52:49,V037,115.0,1.1775710593014723
2026-06-01,2026-06-01 10:52:50,V037,115.0,1.1066642366255863
2026-06-01,2026-06-01 10:52:51,V037,115.0,1.272986891650538
2026-06-01,2026-06-01 10:52:52,V037,115.0,1.161085862764151
2026-06-01,2026-06-01 10:52:53,V037,116.0,1.1285207273412763
2026-06-01,2026-06-01 10:52:54,V037,117.0,1.1787155182569387
2026-06-01,2026-06-01 10:52:55,V037,118.0,1.191733948341226
2026-06-01,2026-06-01 10:52:56,V037,119.0,1.1910469649704634
2026-06-01,2026-06-01 10:52:57,V037,120.0,1.0440953240548703
2026-06-01,2026-06-01 10:52:58,V037,121.0,1.247460214996623
2026-06-01,2026-06-01 10:52:59,V037,122.0,1.112303138584772
2026-06-01,2026-06-01 10:53:00,V037,123.0,1.1124428224185872
2026-06-01,2026-06-01 10:53:01,V037,124.0,1.1314224894121339
2026-06-01,2026-06-01 10:53:02,V037,124.0,1.115578161303661
2026-06-01,2026-06-01 10:53:03,V037,124.0,1.157631324070045
2026-06-01,2026-06-01 10:53:04,V037,124.0,1.1049675682713973
2026-06-01,2026-06-01 10:53:05,V037,124.0,1.108012205930354
2026-06-01,2026-06-01 10:53:06,V037,125.0,1.1085487502176756
2026-06-01,2026-06-01 10:53:07,V037,125.0,1.1057841515947158
2026-06-01,2026-06-01 10:53:08,V037,125.0,1.1209738405286738
2026-06-01,2026-06-01 10:53:09,V037,125.0,1.1173623252455664
2026-06-01,2026-06-01 10:53:10,V037,127.0,1.1130711608332733
2026-06-01,2026-06-01 10:53:11,V037,129.0,1.1371709859600512
2026-06-01,2026-06-01 10:53:12,V037,131.0,1.097459884796844
2026-06-01,2026-06-01 10:53:13,V037,132.0,1.1246140355886842
2026-06-01,2026-06-01 10:53:14,V037,134.0,1.103264039556108
2026-06-01,2026-06-01 10:53:15,V037,135.0,1.1244886188203926
2026-06-01,2026-06-01 10:53:16,V037,136.0,1.1654035257695248
2026-06-01,2026-06-01 10:53:17,V037,136.0,1.145551638481193
2026-06-01,2026-06-01 10:53:18,V037,136.0,1.1782819638461917
2026-06-01,2026-06-01 10:53:19,V037,136.0,1.0941872316775774
2026-06-01,2026-06-01 10:53:20,V037,136.0,1.1396390081200811
2026-06-01,2026-06-01 10:53:21,V037,136.0,1.1292512381584965
2026-06-01,2026-06-01 10:53:22,V037,137.0,1.1603139378273783
2026-06-01,2026-06-01 10:53:23,V037,137.0,1.1223985463968125
2026-06-01,2026-06-01 10:53:24,V037,136.0,1.1275402581195269
2026-06-01,2026-06-01 10:53:25,V037,136.0,1.1616986672637635
2026-06-01,2026-06-01 10:53:26,V037,136.0,1.1458557210413862
2026-06-01,2026-06-01 10:53:27,V037,136.0,1.181988745639455
2026-06-01,2026-06-01 10:53:28,V037,136.0,1.087560259157902
2026-06-01,2026-06-01 10:53:29,V037,136.0,1.1578479074698993
2026-06-01,2026-06-01 10:53:30,V037,136.0,1.2023780232488501
2026-06-01,2026-06-01 10:53:31,V037,136.0,1.2213134179007108
2026-06-01,2026-06-01 10:53:32,V037,136.0,1.1311350305627272
2026-06-01,2026-06-01 10:53:33,V037,136.0,1.1119027477213885
2026-06-01,2026-06-01 10:53:34,V037,135.0,1.099365797128697
2026-06-01,2026-06-01 10:53:35,V037,135.0,1.1308313281619014
2026-06-01,2026-06-01 10:53:36,V037,135.0,1.112057565011683
2026-06-01,2026-06-01 10:53:37,V037,135.0,1.1966343613268535
2026-06-01,2026-06-01 10:53:38,V037,135.0,1.155106378808778
2026-06-01,2026-06-01 10:53:39,V037,135.0,1.1364595746035084
2026-06-01,2026-06-01 10:53:40,V037,136.0,1.1402748210190976
2026-06-01,2026-06-01 10:53:41,V037,136.0,1.2405718631578058
2026-06-01,2026-06-01 10:53:42,V037,136.0,1.0618253822648425
2026-06-01,2026-06-01 10:53:43,V037,136.0,1.2127386206094155
2026-06-01,2026-06-01 10:53:44,V037,136.0,1.1159964723977005
2026-06-01,2026-06-01 10:53:45,V037,135.0,1.281673490395662
2026-06-01,2026-06-01 10:53:46,V037,134.0,1.127904902816241
2026-06-01,2026-06-01 10:53:47,V037,133.0,1.1675056989287964
2026-06-01,2026-06-01 10:53:48,V037,132.0,1.1743644301355336
2026-06-01,2026-06-01 10:53:49,V037,131.0,1.1431598310333724
2026-06-01,2026-06-01 10:53:50,V037,132.0,1.1416270213240889
2026-06-01,2026-06-01 10:53:51,V037,132.0,1.1119584137625227
2026-06-01,2026-06-01 10:53:52,V037,133.0,1.1357548728548028
2026-06-01,2026-06-01 10:53:53,V037,133.0,1.1992595738533651
2026-06-01,2026-06-01 10:53:54,V037,133.0,1.2649740109541345
2026-06-01,2026-06-01 10:53:55,V037,134.0,1.1210798682664267
2026-06-01,2026-06-01 10:53:56,V037,134.0,1.1479996242091577
2026-06-01,2026-06-01 10:53:57,V037,134.0,1.1180956352156701
2026-06-01,2026-06-01 10:53:58,V037,134.0,1.1722173803873257
2026-06-01,2026-06-01 10:53:59,V037,134.0,1.2204339906998996
2026-06-01,2026-06-01 10:54:00,V037,134.0,1.1550488498754383
2026-06-01,2026-06-01 10:54:01,V037,134.0,1.1337684995147772
2026-06-01,2026-06-01 10:54:02,V037,135.0,1.1286265695419513
2026-06-01,2026-06-01 10:54:03,V037,135.0,1.1227224962384914
2026-06-01,2026-06-01 10:54:04,V037,135.0,1.1032056707051563
2026-06-01,2026-06-01 10:54:05,V037,135.0,1.1005421918309617
2026-06-01,2026-06-01 10:54:06,V037,135.0,1.1130235644195046
2026-06-01,2026-06-01 10:54:07,V037,135.0,1.1054866442111146
2026-06-01,2026-06-01 10:54:08,V037,136.0,1.1378455191381809
2026-06-01,2026-06-01 10:54:09,V037,136.0,1.1578298931557143
2026-06-01,2026-06-01 10:54:10,V037,136.0,1.1384713571051772
2026-06-01,2026-06-01 10:54:11,V037,135.0,1.1448056901955532
2026-06-01,2026-06-01 10:54:12,V037,135.0,1.121491208065699
2026-06-01,2026-06-01 10:54:13,V037,135.0,1.1273133286581316
2026-06-01,2026-06-01 10:54:14,V037,135.0,1.125900726698699
2026-06-01,2026-06-01 10:54:15,V037,134.0,1.1274923912189652
2026-06-01,2026-06-01 10:54:16,V037,133.0,1.1446934469762038
2026-06-01,2026-06-01 10:54:17,V037,132.0,1.306839221191734
2026-06-01,2026-06-01 10:54:18,V037,131.0,1.1381816495938617
2026-06-01,2026-06-01 10:54:19,V037,131.0,1.1305048665876392
2026-06-01,2026-06-01 10:54:20,V037,131.0,1.2382201185749142
2026-06-01,2026-06-01 10:54:21,V037,132.0,1.2234109992131523
2026-06-01,2026-06-01 10:54:22,V037,132.0,1.146395444381758
2026-06-01,2026-06-01 10:54:23,V037,132.0,1.2373311746507145
2026-06-01,2026-06-01 10:54:24,V037,133.0,1.2291054643737105
2026-06-01,2026-06-01 10:54:25,V037,133.0,1.1109343264469604
2026-06-01,2026-06-01 10:54:26,V037,134.0,1.1138848969874866
2026-06-01,2026-06-01 10:54:27,V037,134.0,1.1221535194902086
2026-06-01,2026-06-01 10:54:28,V037,136.0,1.1730955485861319
2026-06-01,2026-06-01 10:54:29,V037,137.0,1.0911812176462927
2026-06-01,2026-06-01 10:54:30,V037,137.0,1.199151674238096
2026-06-01,2026-06-01 10:54:31,V037,137.0,1.1106445006096404
2026-06-01,2026-06-01 10:54:32,V037,137.0,1.1194807790804395
2026-06-01,2026-06-01 10:54:33,V037,137.0,1.1064971810036277
2026-06-01,2026-06-01 10:54:34,V037,137.0,1.1584595709213845
2026-06-01,2026-06-01 10:54:35,V037,137.0,1.108832693347767
2026-06-01,2026-06-01 10:54:36,V037,136.0,1.119860040369424
2026-06-01,2026-06-01 10:54:37,V037,136.0,1.1977107986104303
2026-06-01,2026-06-01 10:54:38,V037,136.0,1.1696491730118674
2026-06-01,2026-06-01 10:54:39,V037,136.0,1.1132943440023266
2026-06-01,2026-06-01 10:54:40,V037,136.0,1.1275101235732135
2026-06-01,2026-06-01 10:54:41,V037,136.0,1.1080487655382063
2026-06-01,2026-06-01 10:54:42,V037,136.0,1.1079440036101484
2026-06-01,2026-06-01 10:54:43,V037,136.0,1.1237835029345342
2026-06-01,2026-06-01 10:54:44,V037,136.0,1.1279325198399626
2026-06-01,2026-06-01 10:54:45,V037,136.0,1.0632229381934932
2026-06-01,2026-06-01 10:54:46,V037,136.0,1.1187710953325058
2026-06-01,2026-06-01 10:54:47,V037,136.0,1.124166801311942
2026-06-01,2026-06-01 10:54:48,V037,136.0,1.2532257941729268
2026-06-01,2026-06-01 10:54:49,V037,136.0,1.207954085289853
2026-06-01,2026-06-01 10:54:50,V037,136.0,1.2462073408736736
2026-06-01,2026-06-01 10:54:51,V037,135.0,1.1072959761447667
2026-06-01,2026-06-01 10:54:52,V037,133.0,1.1130082461044013
2026-06-01,2026-06-01 10:54:53,V037,132.0,1.120607684160125
2026-06-01,2026-06-01 10:54:54,V037,133.0,1.1279797686406414
2026-06-01,2026-06-01 10:54:55,V037,134.0,1.121560195152043
2026-06-01,2026-06-01 10:54:56,V037,134.0,1.2323100489910792
2026-06-01,2026-06-01 10:54:57,V037,134.0,1.199920470566883
2026-06-01,2026-06-01 10:54:58,V037,134.0,1.1371441310668773
2026-06-01,2026-06-01 10:54:59,V037,134.0,1.1678783939153385
2026-06-01,2026-06-01 10:55:00,V037,133.0,1.125193815193342
2026-06-01,2026-06-01 10:55:01,V037,132.0,1.139009262656512
2026-06-01,2026-06-01 10:55:02,V037,132.0,1.1419483605670881
2026-06-01,2026-06-01 10:55:03,V037,131.0,1.13770092845755
2026-06-01,2026-06-01 10:55:04,V037,130.0,1.2079738327854754
2026-06-01,2026-06-01 10:55:05,V037,130.0,1.1815252482249758
2026-06-01,2026-06-01 10:55:06,V037,129.0,1.17426133495443
2026-06-01,2026-06-01 10:55:07,V037,129.0,1.2656748569851275
2026-06-01,2026-06-01 10:55:08,V037,129.0,1.245403341684829
2026-06-01,2026-06-01 10:55:09,V037,128.0,1.3077463958832007
2026-06-01,2026-06-01 10:55:10,V037,129.0,1.1539723896413097
2026-06-01,2026-06-01 10:55:11,V037,129.0,1.1458827586374516
2026-06-01,2026-06-01 10:55:12,V037,129.0,1.1050989892927798
2026-06-01,2026-06-01 10:55:13,V037,130.0,1.1928609733882052
2026-06-01,2026-06-01 10:55:14,V037,129.0,1.1348637017870804
2026-06-01,2026-06-01 10:55:15,V037,128.0,1.1758073758046674
2026-06-01,2026-06-01 10:55:16,V037,127.0,1.1109526266825076
2026-06-01,2026-06-01 10:55:17,V037,126.0,1.1110516981057021
2026-06-01,2026-06-01 10:55:18,V037,124.0,1.1568433307348192
2026-06-01,2026-06-01 10:55:19,V037,123.0,1.3649482934541932
2026-06-01,2026-06-01 10:55:20,V037,124.0,1.1357332779059288
2026-06-01,2026-06-01 10:55:21,V037,125.0,1.252561732083691
2026-06-01,2026-06-01 10:55:22,V037,125.0,1.1802856034792895
2026-06-01,2026-06-01 10:55:23,V037,126.0,1.1518997905248671
2026-06-01,2026-06-01 10:55:24,V037,126.0,1.121331306852728
2026-06-01,2026-06-01 10:55:25,V037,127.0,1.1781540920405484
2026-06-01,2026-06-01 10:55:26,V037,127.0,1.1334839784732476
2026-06-01,2026-06-01 10:55:27,V037,128.0,1.1123568689563161
2026-06-01,2026-06-01 10:55:28,V037,128.0,1.2149253923814949
2026-06-01,2026-06-01 10:55:29,V037,129.0,1.279572225211176
2026-06-01,2026-06-01 10:55:30,V037,130.0,1.1985410897763933
2026-06-01,2026-06-01 10:55:31,V037,130.0,1.1053251335655876
2026-06-01,2026-06-01 10:55:32,V037,131.0,1.1976875029609702
2026-06-01,2026-06-01 10:55:33,V037,132.0,1.505766377706529
2026-06-01,2026-06-01 10:55:34,V037,134.0,1.1271649616268289
2026-06-01,2026-06-01 10:55:35,V037,135.0,1.1292234793907998
2026-06-01,2026-06-01 10:55:36,V037,137.0,1.1077230259546322
2026-06-01,2026-06-01 10:55:37,V037,138.0,1.2259593565214564
2026-06-01,2026-06-01 10:55:38,V037,140.0,1.2143720738481316
2026-06-01,2026-06-01 10:55:39,V037,141.0,1.2515947724796899
2026-06-01,2026-06-01 10:55:40,V037,141.0,1.1303947496103237
2026-06-01,2026-06-01 10:55:41,V037,141.0,1.1752681176339008
2026-06-01,2026-06-01 10:55:42,V037,141.0,1.1251846953554552
2026-06-01,2026-06-01 10:55:43,V037,141.0,1.2017683117870697
2026-06-01,2026-06-01 10:55:44,V037,142.0,1.137614875978154
2026-06-01,2026-06-01 10:55:45,V037,142.0,1.1306627595848218
2026-06-01,2026-06-01 10:55:46,V037,142.0,1.1520127655032948
2026-06-01,2026-06-01 10:55:47,V037,142.0,1.1103041650372625
2026-06-01,2026-06-01 10:55:48,V037,142.0,1.07306351050068
2026-06-01,2026-06-01 10:55:49,V037,142.0,1.1303889618188006
2026-06-01,2026-06-01 10:55:50,V037,141.0,1.156658204329334
2026-06-01,2026-06-01 10:55:51,V037,141.0,1.1396519393315432
2026-06-01,2026-06-01 10:55:52,V037,141.0,1.102679269277441
2026-06-01,2026-06-01 10:55:53,V037,140.0,1.1428862219592237
2026-06-01,2026-06-01 10:55:54,V037,140.0,1.1006666732607977
2026-06-01,2026-06-01 10:55:55,V037,140.0,1.157689331439222
2026-06-01,2026-06-01 10:55:56,V037,140.0,1.0922632266452343
2026-06-01,2026-06-01 10:55:57,V037,140.0,1.2378931039268808
2026-06-01,2026-06-01 10:55:58,V037,140.0,1.0568707214225521
2026-06-01,2026-06-01 10:55:59,V037,140.0,1.226609401451004
2026-06-01,2026-06-01 10:56:00,V037,141.0,1.1443178764898343
2026-06-01,2026-06-01 10:56:01,V037,141.0,1.108646626313552
2026-06-01,2026-06-01 10:56:02,V037,142.0,1.191215484022969
2026-06-01,2026-06-01 10:56:03,V037,143.0,1.1037557547768981
2026-06-01,2026-06-01 10:56:04,V037,145.0,1.1354344224730992
2026-06-01,2026-06-01 10:56:05,V037,147.0,1.1369107804103697
2026-06-01,2026-06-01 10:56:06,V037,148.0,1.1061867212472747
2026-06-01,2026-06-01 10:56:07,V037,149.0,1.0620024793238632
2026-06-01,2026-06-01 10:56:08,V037,150.0,1.1018384465003248
2026-06-01,2026-06-01 10:56:09,V037,151.0,1.1337627816198872
2026-06-01,2026-06-01 10:56:10,V037,150.0,1.0885164294939864
2026-06-01,2026-06-01 10:56:11,V037,150.0,1.141757721721115
2026-06-01,2026-06-01 10:56:12,V037,150.0,1.1373366268582705
2026-06-01,2026-06-01 10:56:13,V037,149.0,1.1042653817090642
2026-06-01,2026-06-01 10:56:14,V037,148.0,1.1447637678354081
2026-06-01,2026-06-01 10:56:15,V037,148.0,1.128082886936874
2026-06-01,2026-06-01 10:56:16,V037,147.0,1.1090153028722962
2026-06-01,2026-06-01 10:56:17,V037,147.0,1.1287529907469227
2026-06-01,2026-06-01 10:56:18,V037,146.0,1.1576334769684742
2026-06-01,2026-06-01 10:56:19,V037,146.0,1.1432949398682843
2026-06-01,2026-06-01 10:56:20,V037,147.0,1.2066966421077376
2026-06-01,2026-06-01 10:56:21,V037,147.0,1.3630553322387469
2026-06-01,2026-06-01 10:56:22,V037,147.0,1.280993606577466
2026-06-01,2026-06-01 10:56:23,V037,148.0,1.3325447132260995
2026-06-01,2026-06-01 10:56:24,V037,148.0,1.2267787612844807
2026-06-01,2026-06-01 10:56:25,V037,148.0,1.1164893545923198
2026-06-01,2026-06-01 10:56:26,V037,149.0,1.1229014965464186
2026-06-01,2026-06-01 10:56:27,V037,149.0,1.1566487998754713
2026-06-01,2026-06-01 10:56:28,V037,149.0,1.1514617803062897
2026-06-01,2026-06-01 10:56:29,V037,149.0,1.1792255167956613
2026-06-01,2026-06-01 10:56:30,V037,149.0,1.1173314147416629
2026-06-01,2026-06-01 10:56:31,V037,149.0,1.1701404641958097
2026-06-01,2026-06-01 10:56:32,V037,149.0,1.122762944416536
2026-06-01,2026-06-01 10:56:33,V037,148.0,1.1388610489582096
2026-06-01,2026-06-01 10:56:34,V037,148.0,1.1154266676974525
2026-06-01,2026-06-01 10:56:35,V037,148.0,1.1971955058421604
2026-06-01,2026-06-01 10:56:36,V037,148.0,1.1378552530014976
2026-06-01,2026-06-01 10:56:37,V037,148.0,1.1596139772898577
2026-06-01,2026-06-01 10:56:38,V037,146.0,1.2252386924129037
2026-06-01,2026-06-01 10:56:39,V037,145.0,1.1416672240646843
2026-06-01,2026-06-01 10:56:40,V037,145.0,1.122527979415114
2026-06-01,2026-06-01 10:56:41,V037,144.0,1.1642046887028343
2026-06-01,2026-06-01 10:56:42,V037,144.0,1.109912316230327
2026-06-01,2026-06-01 10:56:43,V037,143.0,1.122473618061218
2026-06-01,2026-06-01 10:56:44,V037,143.0,1.1438983113311245
2026-06-01,2026-06-01 10:56:45,V037,143.0,1.1153073210292679
2026-06-01,2026-06-01 10:56:46,V037,143.0,1.1332360849351204
2026-06-01,2026-06-01 10:56:47,V037,143.0,1.117769858945303
2026-06-01,2026-06-01 10:56:48,V037,143.0,1.5189359387756503
2026-06-01,2026-06-01 10:56:49,V037,143.0,1.2229163889202928
2026-06-01,2026-06-01 10:56:50,V037,142.0,1.17007437580309
2026-06-01,2026-06-01 10:56:51,V037,142.0,1.1485575804913706
2026-06-01,2026-06-01 10:56:52,V037,142.0,1.1325945659230359
2026-06-01,2026-06-01 10:56:53,V037,141.0,1.1675211228268512
2026-06-01,2026-06-01 10:56:54,V037,140.0,1.1056873969848988
2026-06-01,2026-06-01 10:56:55,V037,140.0,1.1374132741671925
2026-06-01,2026-06-01 10:56:56,V037,140.0,1.2912426757749924
2026-06-01,2026-06-01 10:56:57,V037,140.0,1.188679056658322
2026-06-01,2026-06-01 10:56:58,V037,140.0,1.1051943502953758
2026-06-01,2026-06-01 10:56:59,V037,140.0,1.1532386978817062
2026-06-01,2026-06-01 10:57:00,V037,140.0,1.191455788264923
2026-06-01,2026-06-01 10:57:01,V037,140.0,1.1307008761443968
2026-06-01,2026-06-01 10:57:02,V037,140.0,1.099420322102244
2026-06-01,2026-06-01 10:57:03,V037,140.0,1.1403451324137726
2026-06-01,2026-06-01 10:57:04,V037,140.0,1.2380647584256708
2026-06-01,2026-06-01 10:57:05,V037,140.0,1.0721391622426724
2026-06-01,2026-06-01 10:57:06,V037,140.0,1.1986687929741986
2026-06-01,2026-06-01 10:57:07,V037,140.0,1.2293348526676457
2026-06-01,2026-06-01 10:57:08,V037,140.0,1.1246110683849224
2026-06-01,2026-06-01 10:57:09,V037,140.0,1.4526798834356374
2026-06-01,2026-06-01 10:57:10,V037,140.0,1.0275650453832812
2026-06-01,2026-06-01 10:57:11,V037,140.0,1.1547706705944003
2026-06-01,2026-06-01 10:57:12,V037,140.0,1.1246736413524383
2026-06-01,2026-06-01 10:57:13,V037,140.0,1.1276087176092096
2026-06-01,2026-06-01 10:57:14,V037,140.0,1.1213793929710378
2026-06-01,2026-06-01 10:57:15,V037,140.0,1.1057722643943215
2026-06-01,2026-06-01 10:57:16,V037,140.0,1.1080637696067637
2026-06-01,2026-06-01 10:57:17,V037,140.0,1.1183184514388813
2026-06-01,2026-06-01 10:57:18,V037,140.0,1.1063020633051752
2026-06-01,2026-06-01 10:57:19,V037,140.0,1.153982137705496
2026-06-01,2026-06-01 10:57:20,V037,140.0,1.1064408057454294
2026-06-01,2026-06-01 10:57:21,V037,140.0,1.2327492951966288
2026-06-01,2026-06-01 10:57:22,V037,140.0,1.1199192206928685
2026-06-01,2026-06-01 10:57:23,V037,140.0,1.1211402953404905
2026-06-01,2026-06-01 10:57:24,V037,140.0,1.1291457284512167
2026-06-01,2026-06-01 10:57:25,V037,140.0,1.1217224356957827
2026-06-01,2026-06-01 10:57:26,V037,140.0,1.1132111376857792
2026-06-01,2026-06-01 10:57:27,V037,140.0,1.135671264259854
2026-06-01,2026-06-01 10:57:28,V037,140.0,1.1371359896875206
2026-06-01,2026-06-01 10:57:29,V037,140.0,1.169514643823274
2026-06-01,2026-06-01 10:57:30,V037,140.0,1.2051629697945672
2026-06-01,2026-06-01 10:57:31,V037,140.0,1.1317970257369598
2026-06-01,2026-06-01 10:57:32,V037,140.0,1.172675013574326
2026-06-01,2026-06-01 10:57:33,V037,140.0,1.0969277818659493
2026-06-01,2026-06-01 10:57:34,V037,140.0,1.1468625879165668
2026-06-01,2026-06-01 10:57:35,V037,140.0,1.2211233295702972
2026-06-01,2026-06-01 10:57:36,V037,141.0,1.1348073836792198
2026-06-01,2026-06-01 10:57:37,V037,141.0,1.1297956815331118
2026-06-01,2026-06-01 10:57:38,V037,141.0,1.139113891883004
2026-06-01,2026-06-01 10:57:39,V037,141.0,1.1855879597115335
2026-06-01,2026-06-01 10:57:40,V037,141.0,1.12757126912416
2026-06-01,2026-06-01 10:57:41,V037,141.0,1.1295472253179863
2026-06-01,2026-06-01 10:57:42,V037,141.0,1.1228831529434975
2026-06-01,2026-06-01 10:57:43,V037,141.0,1.1241331225488231
2026-06-01,2026-06-01 10:57:44,V037,141.0,1.1377008181904715
2026-06-01,2026-06-01 10:57:45,V037,141.0,1.116428494870199
2026-06-01,2026-06-01 10:57:46,V037,141.0,1.1604039871000957
2026-06-01,2026-06-01 10:57:47,V037,141.0,1.166913988389668
2026-06-01,2026-06-01 10:57:48,V037,141.0,1.1970860947126105
2026-06-01,2026-06-01 10:57:49,V037,141.0,1.0868053035031184
2026-06-01,2026-06-01 10:57:50,V037,141.0,1.2151216292336748
2026-06-01,2026-06-01 10:57:51,V037,142.0,1.265446023742177
2026-06-01,2026-06-01 10:57:52,V037,142.0,1.4322611809807808
2026-06-01,2026-06-01 10:57:53,V037,142.0,1.1050280689552292
2026-06-01,2026-06-01 10:57:54,V037,142.0,1.1500862956010585
2026-06-01,2026-06-01 10:57:55,V037,142.0,1.132120758710001
2026-06-01,2026-06-01 10:57:56,V037,142.0,1.122587934081016
2026-06-01,2026-06-01 10:57:57,V037,142.0,1.164414923316061
2026-06-01,2026-06-01 10:57:58,V037,142.0,1.2175840029490426
2026-06-01,2026-06-01 10:57:59,V037,142.0,1.1419934078339355
2026-06-01,2026-06-01 10:58:00,V037,142.0,1.1720727564632258
2026-06-01,2026-06-01 10:58:01,V037,141.0,1.1206239912137423
2026-06-01,2026-06-01 10:58:02,V037,141.0,1.1671767548914898
2026-06-01,2026-06-01 10:58:03,V037,141.0,1.1194433405785156
2026-06-01,2026-06-01 10:58:04,V037,141.0,1.1432995266812063
2026-06-01,2026-06-01 10:58:05,V037,141.0,1.1382276200241668
2026-06-01,2026-06-01 10:58:06,V037,141.0,1.1282258279090671
2026-06-01,2026-06-01 10:58:07,V037,140.0,1.1285878401912286
2026-06-01,2026-06-01 10:58:08,V037,140.0,1.1364190764771145
2026-06-01,2026-06-01 10:58:09,V037,139.0,1.1008546974515858
2026-06-01,2026-06-01 10:58:10,V037,139.0,1.1452739956827027
2026-06-01,2026-06-01 10:58:11,V037,138.0,1.1636677538084
2026-06-01,2026-06-01 10:58:12,V037,136.0,1.1192527180022442
2026-06-01,2026-06-01 10:58:13,V037,135.0,1.1348986602448972
2026-06-01,2026-06-01 10:58:14,V037,134.0,1.1256319815310698
2026-06-01,2026-06-01 10:58:15,V037,133.0,1.1402203625538505
2026-06-01,2026-06-01 10:58:16,V037,132.0,1.156402939775305
2026-06-01,2026-06-01 10:58:17,V037,131.0,1.1347483180211368
2026-06-01,2026-06-01 10:58:18,V037,130.0,1.1688762297323092
2026-06-01,2026-06-01 10:58:19,V037,130.0,1.0991760795319634
2026-06-01,2026-06-01 10:58:20,V037,129.0,1.1938692173770604
2026-06-01,2026-06-01 10:58:21,V037,129.0,1.1370250077052484
2026-06-01,2026-06-01 10:58:22,V037,129.0,1.1528234072035684
2026-06-01,2026-06-01 10:58:23,V037,129.0,1.115155529787821
2026-06-01,2026-06-01 10:58:24,V037,128.0,1.142556776089425
2026-06-01,2026-06-01 10:58:25,V037,128.0,1.1031375691825187
2026-06-01,2026-06-01 10:58:26,V037,128.0,1.1016571162314164
2026-06-01,2026-06-01 10:58:27,V037,128.0,1.1373667474945666
2026-06-01,2026-06-01 10:58:28,V037,128.0,1.1251364624851194
2026-06-01,2026-06-01 10:58:29,V037,128.0,1.1385793717154915
2026-06-01,2026-06-01 10:58:30,V037,128.0,1.1683646875167644
2026-06-01,2026-06-01 10:58:31,V037,128.0,1.1435991847432583
2026-06-01,2026-06-01 10:58:32,V037,128.0,1.1374955795790118
2026-06-01,2026-06-01 10:58:33,V037,128.0,1.1406682456976331
2026-06-01,2026-06-01 10:58:34,V037,128.0,1.1446488830623611
2026-06-01,2026-06-01 10:58:35,V037,127.0,1.1060183929062726
2026-06-01,2026-06-01 10:58:36,V037,127.0,1.17368541809281
2026-06-01,2026-06-01 10:58:37,V037,127.0,1.1366554247467282
2026-06-01,2026-06-01 10:58:38,V037,127.0,1.1133767874005396
2026-06-01,2026-06-01 10:58:39,V037,127.0,1.1445588365451511
2026-06-01,2026-06-01 10:58:40,V037,127.0,1.1234360385922182
2026-06-01,2026-06-01 10:58:41,V037,127.0,1.1091588364325022
2026-06-01,2026-06-01 10:58:42,V037,128.0,1.1168880635374512
2026-06-01,2026-06-01 10:58:43,V037,128.0,1.114417073477332
2026-06-01,2026-06-01 10:58:44,V037,128.0,1.1324880104806694
2026-06-01,2026-06-01 10:58:45,V037,128.0,1.1308422982931592
2026-06-01,2026-06-01 10:58:46,V037,128.0,1.1292301085024772
2026-06-01,2026-06-01 10:58:47,V037,128.0,1.093591795518054
2026-06-01,2026-06-01 10:58:48,V037,128.0,1.2408531300582253
2026-06-01,2026-06-01 10:58:49,V037,127.0,1.178688749580064
2026-06-01,2026-06-01 10:58:50,V037,128.0,1.120187655685109
2026-06-01,2026-06-01 10:58:51,V037,128.0,1.1231090507035035
2026-06-01,2026-06-01 10:58:52,V037,128.0,1.1313860377964127
2026-06-01,2026-06-01 10:58:53,V037,129.0,1.1147382307736142
2026-06-01,2026-06-01 10:58:54,V037,129.0,1.136093118572744
2026-06-01,2026-06-01 10:58:55,V037,129.0,1.1335325580866988
2026-06-01,2026-06-01 10:58:56,V037,129.0,1.1202467298932062
2026-06-01,2026-06-01 10:58:57,V037,129.0,1.1149938093976353
2026-06-01,2026-06-01 10:58:58,V037,130.0,1.122620195412677
2026-06-01,2026-06-01 10:58:59,V037,130.0,1.153221589742238
2026-06-01,2026-06-01 10:59:00,V037,129.0,1.1302692958755958
2026-06-01,2026-06-01 10:59:01,V037,129.0,1.155598700029335
2026-06-01,2026-06-01 10:59:02,V037,129.0,1.1010292511074218
2026-06-01,2026-06-01 10:59:03,V037,128.0,1.1434186723266204
2026-06-01,2026-06-01 10:59:04,V037,128.0,1.1972378049525687
2026-06-01,2026-06-01 10:59:05,V037,127.0,1.1095709632416266
2026-06-01,2026-06-01 10:59:06,V037,126.0,1.1741886507310864
2026-06-01,2026-06-01 10:59:07,V037,126.0,1.1800205035994682
2026-06-01,2026-06-01 10:59:08,V037,124.0,1.1599901829250463
2026-06-01,2026-06-01 10:59:09,V037,122.0,1.098306183581328
2026-06-01,2026-06-01 10:59:10,V037,121.0,1.1398770105218514
2026-06-01,2026-06-01 10:59:11,V037,120.0,1.1290681451707332
2026-06-01,2026-06-01 10:59:12,V037,121.0,1.12713296379455
2026-06-01,2026-06-01 10:59:13,V037,121.0,1.121876371685953
2026-06-01,2026-06-01 10:59:14,V037,121.0,1.1227735288267524
2026-06-01,2026-06-01 10:59:15,V037,122.0,1.132931957104827
2026-06-01,2026-06-01 10:59:16,V037,122.0,1.105833685551412
2026-06-01,2026-06-01 10:59:17,V037,122.0,1.159020854238407
2026-06-01,2026-06-01 10:59:18,V037,122.0,1.1210885667312822
2026-06-01,2026-06-01 10:59:19,V037,122.0,1.201118024463744
2026-06-01,2026-06-01 10:59:20,V037,122.0,1.2146739980587002
2026-06-01,2026-06-01 10:59:21,V037,122.0,1.1631066661251968
2026-06-01,2026-06-01 10:59:22,V037,122.0,1.177480168388686
2026-06-01,2026-06-01 10:59:23,V037,122.0,1.2122380098689478
2026-06-01,2026-06-01 10:59:24,V037,122.0,1.2481803975323291
2026-06-01,2026-06-01 10:59:25,V037,122.0,1.155262681728923
2026-06-01,2026-06-01 10:59:26,V037,121.0,1.1488537911621235
2026-06-01,2026-06-01 10:59:27,V037,121.0,1.1329081165069474
2026-06-01,2026-06-01 10:59:28,V037,121.0,1.1529052332009662
2026-06-01,2026-06-01 10:59:29,V037,121.0,1.1835799978860744
2026-06-01,2026-06-01 10:59:30,V037,121.0,1.2609000809924864
2026-06-01,2026-06-01 10:59:31,V037,121.0,1.1898239156215717
2026-06-01,2026-06-01 10:59:32,V037,120.0,1.087354831038332
2026-06-01,2026-06-01 10:59:33,V037,119.0,1.2981889681439176
2026-06-01,2026-06-01 10:59:34,V037,119.0,1.184297137229788
2026-06-01,2026-06-01 10:59:35,V037,118.0,1.1583311554829128
2026-06-01,2026-06-01 10:59:36,V037,118.0,1.20925616344261
2026-06-01,2026-06-01 10:59:37,V037,118.0,1.2008203160274187
2026-06-01,2026-06-01 10:59:38,V037,118.0,1.1811864162909802
2026-06-01,2026-06-01 10:59:39,V037,118.0,1.2174137402054837
2026-06-01,2026-06-01 10:59:40,V037,117.0,1.1753663249204394
2026-06-01,2026-06-01 10:59:41,V037,117.0,1.1105892435264104
2026-06-01,2026-06-01 10:59:42,V037,118.0,1.1903853627930883
2026-06-01,2026-06-01 10:59:43,V037,118.0,1.1274952132734415
2026-06-01,2026-06-01 10:59:44,V037,119.0,1.3275115325016713
2026-06-01,2026-06-01 10:59:45,V037,120.0,1.143532927661715
2026-06-01,2026-06-01 10:59:46,V037,121.0,1.082795712666259
2026-06-01,2026-06-01 10:59:47,V037,122.0,1.1588654297457066
2026-06-01,2026-06-01 10:59:48,V037,123.0,1.2455847884090492
2026-06-01,2026-06-01 10:59:49,V037,124.0,1.1957057161513458
2026-06-01,2026-06-01 10:59:50,V037,123.0,1.1826313043681906
2026-06-01,2026-06-01 10:59:51,V037,122.0,1.1675471999236737
2026-06-01,2026-06-01 10:59:52,V037,122.0,1.3833117303526519
2026-06-01,2026-06-01 10:59:53,V037,121.0,1.2238390189631134
2026-06-01,2026-06-01 10:59:54,V037,121.0,1.1257131792529689
2026-06-01,2026-06-01 10:59:55,V037,120.0,1.183390039971827
2026-06-01,2026-06-01 10:59:56,V037,120.0,1.185096635691317
2026-06-01,2026-06-01 10:59:57,V037,121.0,1.1504172104713328
2026-06-01,2026-06-01 10:59:58,V037,121.0,1.1640449948189047
2026-06-01,2026-06-01 10:59:59,V037,121.0,1.1488740663903032
2026-06-01,2026-06-01 11:00:00,V037,121.0,1.09939639576726
2026-06-01,2026-06-01 11:00:01,V037,121.0,1.2022438315566268
2026-06-01,2026-06-01 11:00:02,V037,121.0,1.2326243859468722
2026-06-01,2026-06-01 11:00:03,V037,121.0,1.1039230247024323
2026-06-01,2026-06-01 11:00:04,V037,122.0,1.1322973695435552
2026-06-01,2026-06-01 11:00:05,V037,122.0,1.1247903450959904
2026-06-01,2026-06-01 11:00:06,V037,122.0,1.1450810588607903
2026-06-01,2026-06-01 11:00:07,V037,122.0,1.1549731325111128
2026-06-01,2026-06-01 11:00:08,V037,122.0,1.166349482900505
2026-06-01,2026-06-01 11:00:09,V037,123.0,1.1338635352842488
2026-06-01,2026-06-01 11:00:10,V037,123.0,1.1165316055794556
2026-06-01,2026-06-01 11:00:11,V037,123.0,1.1344896365209862
2026-06-01,2026-06-01 11:00:12,V037,123.0,1.1354433605264238
2026-06-01,2026-06-01 11:00:13,V037,124.0,1.1253919553736051
2026-06-01,2026-06-01 11:00:14,V037,125.0,1.123310258820642
2026-06-01,2026-06-01 11:00:15,V037,125.0,1.1518378315503848
2026-06-01,2026-06-01 11:00:16,V037,129.0,1.1448249866543476
2026-06-01,2026-06-01 11:00:17,V037,131.0,1.1595830995875058
2026-06-01,2026-06-01 11:00:18,V037,134.0,1.2057168432583016
2026-06-01,2026-06-01 11:00:19,V037,135.0,1.1160596224489745
2026-06-01,2026-06-01 11:00:20,V037,137.0,1.1381968224251562
2026-06-01,2026-06-01 11:00:21,V037,137.0,1.2065108807871954
2026-06-01,2026-06-01 11:00:22,V037,138.0,1.1047417182612398
2026-06-01,2026-06-01 11:00:23,V037,138.0,1.1707204625910856
2026-06-01,2026-06-01 11:00:24,V037,139.0,1.1815287218865618
2026-06-01,2026-06-01 11:00:25,V037,139.0,1.1769057846426676
2026-06-01,2026-06-01 11:00:26,V037,139.0,1.1229057918187668
2026-06-01,2026-06-01 11:00:27,V037,139.0,1.1397867606867116
2026-06-01,2026-06-01 11:00:28,V037,139.0,1.1487934023240958
2026-06-01,2026-06-01 11:00:29,V037,139.0,1.1646640706828062
2026-06-01,2026-06-01 11:00:30,V037,139.0,1.1959957835379995
2026-06-01,2026-06-01 11:00:31,V037,139.0,1.1856690036150606
2026-06-01,2026-06-01 11:00:32,V037,139.0,1.2208499170902165
2026-06-01,2026-06-01 11:00:33,V037,139.0,1.1433550298537227
2026-06-01,2026-06-01 11:00:34,V037,139.0,1.1327311448491517
2026-06-01,2026-06-01 11:00:35,V037,139.0,1.1705263347757764
2026-06-01,2026-06-01 11:00:36,V037,139.0,1.1856825198233705
2026-06-01,2026-06-01 11:00:37,V037,139.0,1.154591043422273
2026-06-01,2026-06-01 11:00:38,V037,139.0,1.1349266166209218
2026-06-01,2026-06-01 11:00:39,V037,139.0,1.1559364430142482
2026-06-01,2026-06-01 11:00:40,V037,139.0,1.1396085394193
2026-06-01,2026-06-01 11:00:41,V037,139.0,1.1660783692256684
2026-06-01,2026-06-01 11:00:42,V037,139.0,1.1466985968021572
2026-06-01,2026-06-01 11:00:43,V037,139.0,1.2760088482742726
2026-06-01,2026-06-01 11:00:44,V037,138.0,1.2235485667684132
2026-06-01,2026-06-01 11:00:45,V037,138.0,1.2275118275647
2026-06-01,2026-06-01 11:00:46,V037,137.0,1.1710671505961778
2026-06-01,2026-06-01 11:00:47,V037,136.0,1.2129248230157033
2026-06-01,2026-06-01 11:00:48,V037,135.0,1.1341759306667702
2026-06-01,2026-06-01 11:00:49,V037,134.0,1.1672017438229039
2026-06-01,2026-06-01 11:00:50,V037,130.0,1.1289545863037422
2026-06-01,2026-06-01 11:00:51,V037,127.0,1.1883612992721255
2026-06-01,2026-06-01 11:00:52,V037,126.0,1.1471514964239211
2026-06-01,2026-06-01 11:00:53,V037,125.0,1.1392067998488589
2026-06-01,2026-06-01 11:00:54,V037,125.0,1.128935865596119
2026-06-01,2026-06-01 11:00:55,V037,125.0,1.1399323943935153
2026-06-01,2026-06-01 11:00:56,V037,125.0,1.1413398469562777
2026-06-01,2026-06-01 11:00:57,V037,125.0,1.1460074313165387
2026-06-01,2026-06-01 11:00:58,V037,125.0,1.147266291996698
2026-06-01,2026-06-01 11:00:59,V037,125.0,1.1347783805610796
2026-06-01,2026-06-01 11:01:00,V037,126.0,1.1519421144312225
2026-06-01,2026-06-01 11:01:01,V037,126.0,1.149446179183459
2026-06-01,2026-06-01 11:01:02,V037,127.0,1.1871855760047094
2026-06-01,2026-06-01 11:01:03,V037,127.0,1.2252147461815912
2026-06-01,2026-06-01 11:01:04,V037,128.0,1.1967841670344628
2026-06-01,2026-06-01 11:01:05,V037,128.0,1.1466307374410518
2026-06-01,2026-06-01 11:01:06,V037,129.0,1.3295592780799916
2026-06-01,2026-06-01 11:01:07,V037,129.0,1.0617872474280683
2026-06-01,2026-06-01 11:01:08,V037,129.0,1.129452881697289
2026-06-01,2026-06-01 11:01:09,V037,130.0,1.1234055439168789
2026-06-01,2026-06-01 11:01:10,V037,129.0,1.214419530204753
2026-06-01,2026-06-01 11:01:11,V037,129.0,1.1617097423547296
2026-06-01,2026-06-01 11:01:12,V037,129.0,1.1257830159545124
2026-06-01,2026-06-01 11:01:13,V037,129.0,1.1848029558258029
2026-06-01,2026-06-01 11:01:14,V037,129.0,1.1428061386735346
2026-06-01,2026-06-01 11:01:15,V037,129.0,1.1521157562532207
2026-06-01,2026-06-01 11:01:16,V037,129.0,1.1466527061065508
2026-06-01,2026-06-01 11:01:17,V037,130.0,1.1573267948749044
2026-06-01,2026-06-01 11:01:18,V037,130.0,1.1947451562627434
2026-06-01,2026-06-01 11:01:19,V037,130.0,1.3326599133945887
2026-06-01,2026-06-01 11:01:20,V037,131.0,1.199581948385934
2026-06-01,2026-06-01 11:01:21,V037,132.0,1.177943390382841
2026-06-01,2026-06-01 11:01:22,V037,133.0,1.1010055036391715
2026-06-01,2026-06-01 11:01:23,V037,134.0,1.0892225585185278
2026-06-01,2026-06-01 11:01:24,V037,137.0,1.1120861006794809
2026-06-01,2026-06-01 11:01:25,V037,138.0,1.1132951728345024
2026-06-01,2026-06-01 11:01:26,V037,139.0,1.1230596057399145
2026-06-01,2026-06-01 11:01:27,V037,140.0,1.1533321308788125
2026-06-01,2026-06-01 11:01:28,V037,140.0,1.106422508075889
2026-06-01,2026-06-01 11:01:29,V037,140.0,1.1834216892879146
2026-06-01,2026-06-01 11:01:30,V037,140.0,1.1183682243526138
2026-06-01,2026-06-01 11:01:31,V037,139.0,1.1295185399208396
2026-06-01,2026-06-01 11:01:32,V037,140.0,1.1223321154151011
2026-06-01,2026-06-01 11:01:33,V037,140.0,1.1550050812234767
2026-06-01,2026-06-01 11:01:34,V037,141.0,1.1477604643533714
2026-06-01,2026-06-01 11:01:35,V037,141.0,1.1322662874574745
2026-06-01,2026-06-01 11:01:36,V037,143.0,1.1508389893057298
2026-06-01,2026-06-01 11:01:37,V037,143.0,1.1089093556845024
2026-06-01,2026-06-01 11:01:38,V037,144.0,1.1442585893163915
2026-06-01,2026-06-01 11:01:39,V037,145.0,1.1093943977811866
2026-06-01,2026-06-01 11:01:40,V037,145.0,1.171613863418852
2026-06-01,2026-06-01 11:01:41,V037,145.0,1.0554504470029158
2026-06-01,2026-06-01 11:01:42,V037,146.0,1.1180176673557267
2026-06-01,2026-06-01 11:01:43,V037,147.0,1.1374181384443605
2026-06-01,2026-06-01 11:01:44,V037,148.0,1.1624929492699434
2026-06-01,2026-06-01 11:01:45,V037,149.0,1.1522464422819254
2026-06-01,2026-06-01 11:01:46,V037,149.0,1.1206902589139298
2026-06-01,2026-06-01 11:01:47,V037,150.0,1.183180566561936
2026-06-01,2026-06-01 11:01:48,V037,150.0,1.1569318232481212
2026-06-01,2026-06-01 11:01:49,V037,149.0,1.3703830032899604
2026-06-01,2026-06-01 11:01:50,V037,149.0,1.1128076915046934
2026-06-01,2026-06-01 11:01:51,V037,149.0,1.2350402197024362
2026-06-01,2026-06-01 11:01:52,V037,149.0,1.2943695474752595
2026-06-01,2026-06-01 11:01:53,V037,149.0,1.1611854894312597
2026-06-01,2026-06-01 11:01:54,V037,148.0,1.1623764695811563
2026-06-01,2026-06-01 11:01:55,V037,148.0,1.2175987404023914
2026-06-01,2026-06-01 11:01:56,V037,148.0,1.150145637797456
2026-06-01,2026-06-01 11:01:57,V037,148.0,1.2688426869290645
2026-06-01,2026-06-01 11:01:58,V037,148.0,1.1433401553491813
2026-06-01,2026-06-01 11:01:59,V037,148.0,1.3512901811866205
2026-06-01,2026-06-01 11:02:00,V037,148.0,1.306451724769546
2026-06-01,2026-06-01 11:02:01,V037,148.0,1.0641534406303872
2026-06-01,2026-06-01 11:02:02,V037,148.0,1.152297276551429
2026-06-01,2026-06-01 11:02:03,V037,147.0,1.14601543451845
2026-06-01,2026-06-01 11:02:04,V037,147.0,1.1488376992794918
2026-06-01,2026-06-01 11:02:05,V037,147.0,1.1402191505718786
2026-06-01,2026-06-01 11:02:06,V037,147.0,1.1457293204852286
2026-06-01,2026-06-01 11:02:07,V037,146.0,1.2044136795562463
2026-06-01,2026-06-01 11:02:08,V037,146.0,1.2041372036359963
2026-06-01,2026-06-01 11:02:09,V037,145.0,1.2528454396246964
2026-06-01,2026-06-01 11:02:10,V037,144.0,1.1565962778827805
2026-06-01,2026-06-01 11:02:11,V037,143.0,1.1478440796906295
2026-06-01,2026-06-01 11:02:12,V037,142.0,1.177019290762006
2026-06-01,2026-06-01 11:02:13,V037,141.0,1.3398237531033428
2026-06-01,2026-06-01 11:02:14,V037,140.0,1.2022445791681735
2026-06-01,2026-06-01 11:02:15,V037,139.0,1.1254447860270311
2026-06-01,2026-06-01 11:02:16,V037,139.0,1.1438370213738323
2026-06-01,2026-06-01 11:02:17,V037,139.0,1.1325753069645867
2026-06-01,2026-06-01 11:02:18,V037,139.0,1.143016281962471
2026-06-01,2026-06-01 11:02:19,V037,139.0,1.1801886975232052
2026-06-01,2026-06-01 11:02:20,V037,139.0,1.1337968691178066
2026-06-01,2026-06-01 11:02:21,V037,139.0,1.158560324980188
2026-06-01,2026-06-01 11:02:22,V037,139.0,1.152903762417771
2026-06-01,2026-06-01 11:02:23,V037,138.0,1.0983535089282321
2026-06-01,2026-06-01 11:02:24,V037,138.0,1.1800908390230225
2026-06-01,2026-06-01 11:02:25,V037,138.0,1.1458860944292155
2026-06-01,2026-06-01 11:02:26,V037,139.0,1.1666995581331003
2026-06-01,2026-06-01 11:02:27,V037,139.0,1.1196319826766512
2026-06-01,2026-06-01 11:02:28,V037,139.0,1.1574716412621184
2026-06-01,2026-06-01 11:02:29,V037,140.0,1.13716206389043
2026-06-01,2026-06-01 11:02:30,V037,141.0,1.1461001506792179
2026-06-01,2026-06-01 11:02:31,V037,142.0,1.1580561398749998
2026-06-01,2026-06-01 11:02:32,V037,142.0,1.1217664733433768
2026-06-01,2026-06-01 11:02:33,V037,142.0,1.1322350665596495
2026-06-01,2026-06-01 11:02:34,V037,143.0,1.1368691207622237
2026-06-01,2026-06-01 11:02:35,V037,143.0,1.1620794098815646
2026-06-01,2026-06-01 11:02:36,V037,143.0,1.136402861213394
2026-06-01,2026-06-01 11:02:37,V037,143.0,1.1413758906414497
2026-06-01,2026-06-01 11:02:38,V037,143.0,1.1501658921984526
2026-06-01,2026-06-01 11:02:39,V037,143.0,1.1367358115660193
2026-06-01,2026-06-01 11:02:40,V037,143.0,1.2154670823990767
2026-06-01,2026-06-01 11:02:41,V037,143.0,1.172743475535012
2026-06-01,2026-06-01 11:02:42,V037,143.0,1.152242310987255
2026-06-01,2026-06-01 11:02:43,V037,143.0,1.0894331276028415
2026-06-01,2026-06-01 11:02:44,V037,143.0,1.2106244412139533
2026-06-01,2026-06-01 11:02:45,V037,142.0,1.1364232540755443
2026-06-01,2026-06-01 11:02:46,V037,143.0,1.1661225655963896
2026-06-01,2026-06-01 11:02:47,V037,143.0,1.146593939263564
2026-06-01,2026-06-01 11:02:48,V037,143.0,1.1390431984376879
2026-06-01,2026-06-01 11:02:49,V037,143.0,1.174188631879656
2026-06-01,2026-06-01 11:02:50,V037,143.0,1.1143677514444232
2026-06-01,2026-06-01 11:02:51,V037,142.0,1.126625800066007
2026-06-01,2026-06-01 11:02:52,V037,143.0,1.1268660408667464
2026-06-01,2026-06-01 11:02:53,V037,143.0,1.1280991949884984
2026-06-01,2026-06-01 11:02:54,V037,143.0,1.127063986306864
2026-06-01,2026-06-01 11:02:55,V037,143.0,1.1505263821243863
2026-06-01,2026-06-01 11:02:56,V037,143.0,1.1453988720083765
2026-06-01,2026-06-01 11:02:57,V037,144.0,1.1446958220464558
2026-06-01,2026-06-01 11:02:58,V037,144.0,1.1440592664498728
2026-06-01,2026-06-01 11:02:59,V037,144.0,1.1296882539965079
2026-06-01,2026-06-01 11:03:00,V037,145.0,1.1510337117411718
2026-06-01,2026-06-01 11:03:01,V037,145.0,1.2313643728635792
2026-06-01,2026-06-01 11:03:02,V037,146.0,1.1951136557629622
2026-06-01,2026-06-01 11:03:03,V037,147.0,1.1300403111093782
2026-06-01,2026-06-01 11:03:04,V037,147.0,1.4753321760017257
2026-06-01,2026-06-01 11:03:05,V037,147.0,1.1437299941872636
2026-06-01,2026-06-01 11:03:06,V037,147.0,1.1739011597577322
2026-06-01,2026-06-01 11:03:07,V037,146.0,1.1793537468536235
2026-06-01,2026-06-01 11:03:08,V037,146.0,1.1910648454962145
2026-06-01,2026-06-01 11:03:09,V037,146.0,1.1538491581817085
2026-06-01,2026-06-01 11:03:10,V037,146.0,1.1314521054249291
2026-06-01,2026-06-01 11:03:11,V037,146.0,1.127017464298097
2026-06-01,2026-06-01 11:03:12,V037,146.0,1.1250453453688474
2026-06-01,2026-06-01 11:03:13,V037,146.0,1.128112283917624
2026-06-01,2026-06-01 11:03:14,V037,146.0,1.1247505396709478
2026-06-01,2026-06-01 11:03:15,V037,146.0,1.1218613025107733
2026-06-01,2026-06-01 11:03:16,V037,146.0,1.1277251690773344
2026-06-01,2026-06-01 11:03:17,V037,146.0,1.1283976789665207
2026-06-01,2026-06-01 11:03:18,V037,146.0,1.1297922557022135
2026-06-01,2026-06-01 11:03:19,V037,145.0,1.1297201350327173
2026-06-01,2026-06-01 11:03:20,V037,146.0,1.1369688490646699
2026-06-01,2026-06-01 11:03:21,V037,147.0,1.1242601791393467
2026-06-01,2026-06-01 11:03:22,V037,148.0,1.12777238471294
2026-06-01,2026-06-01 11:03:23,V037,149.0,1.1316212671668788
2026-06-01,2026-06-01 11:03:24,V037,150.0,1.1251920314761565
2026-06-01,2026-06-01 11:03:25,V037,151.0,1.1418328653628114
2026-06-01,2026-06-01 11:03:26,V037,153.0,1.1352822272430987
2026-06-01,2026-06-01 11:03:27,V037,154.0,1.1274058018139426
2026-06-01,2026-06-01 11:03:28,V037,155.0,1.1347420184187347
2026-06-01,2026-06-01 11:03:29,V037,155.0,1.1380952775261644
2026-06-01,2026-06-01 11:03:30,V037,155.0,1.138435223926252
2026-06-01,2026-06-01 11:03:31,V037,155.0,1.1318864641890563
2026-06-01,2026-06-01 11:03:32,V037,154.0,1.1360012993621587
2026-06-01,2026-06-01 11:03:33,V037,153.0,1.135904842683072
2026-06-01,2026-06-01 11:03:34,V037,153.0,1.1756263964343792
2026-06-01,2026-06-01 11:03:35,V037,153.0,1.104219779394391
2026-06-01,2026-06-01 11:03:36,V037,152.0,1.1440394322691747
2026-06-01,2026-06-01 11:03:37,V037,151.0,1.1344113691509512
2026-06-01,2026-06-01 11:03:38,V037,150.0,1.1281286978658573
2026-06-01,2026-06-01 11:03:39,V037,150.0,1.155196786810425
2026-06-01,2026-06-01 11:03:40,V037,150.0,1.1577919184629648
2026-06-01,2026-06-01 11:03:41,V037,149.0,1.1586159510893326
2026-06-01,2026-06-01 11:03:42,V037,149.0,1.1190523070617395
2026-06-01,2026-06-01 11:03:43,V037,149.0,1.1526520643781186
2026-06-01,2026-06-01 11:03:44,V037,149.0,1.117519796536711
2026-06-01,2026-06-01 11:03:45,V037,148.0,1.1471169400572567
2026-06-01,2026-06-01 11:03:46,V037,148.0,1.1574746634961381
2026-06-01,2026-06-01 11:03:47,V037,148.0,1.165714791812822
2026-06-01,2026-06-01 11:03:48,V037,148.0,1.1503964738289338
2026-06-01,2026-06-01 11:03:49,V037,149.0,1.146567752557879
2026-06-01,2026-06-01 11:03:50,V037,149.0,1.150407107466181
2026-06-01,2026-06-01 11:03:51,V037,149.0,1.3008005681280281
2026-06-01,2026-06-01 11:03:52,V037,149.0,1.3947765037158595
2026-06-01,2026-06-01 11:03:53,V037,149.0,1.4153025143348126
2026-06-01,2026-06-01 11:03:54,V037,148.0,1.2051107390456157
2026-06-01,2026-06-01 11:03:55,V037,148.0,1.1375721676085917
2026-06-01,2026-06-01 11:03:56,V037,148.0,1.1341663015099976
2026-06-01,2026-06-01 11:03:57,V037,147.0,1.155314063537253
2026-06-01,2026-06-01 11:03:58,V037,147.0,1.1301754814647567
2026-06-01,2026-06-01 11:03:59,V037,147.0,1.1373083387361271
2026-06-01,2026-06-01 11:04:00,V037,146.0,1.1543331400046635
2026-06-01,2026-06-01 11:04:01,V037,146.0,1.1306077813892705
2026-06-01,2026-06-01 11:04:02,V037,145.0,1.140916259240123
2026-06-01,2026-06-01 11:04:03,V037,145.0,1.1222308479048384
2026-06-01,2026-06-01 11:04:04,V037,144.0,1.147720399710799
2026-06-01,2026-06-01 11:04:05,V037,144.0,1.1301500450185182
2026-06-01,2026-06-01 11:04:06,V037,144.0,1.1512442445582312
2026-06-01,2026-06-01 11:04:07,V037,144.0,1.1227915870262204
2026-06-01,2026-06-01 11:04:08,V037,144.0,1.1299847648191317
2026-06-01,2026-06-01 11:04:09,V037,144.0,1.1405556257500356
2026-06-01,2026-06-01 11:04:10,V037,144.0,1.1450778479875114
2026-06-01,2026-06-01 11:04:11,V037,144.0,1.1437488852801656
2026-06-01,2026-06-01 11:04:12,V037,144.0,1.1279353348275596
2026-06-01,2026-06-01 11:04:13,V037,144.0,1.1247159469922752
2026-06-01,2026-06-01 11:04:14,V037,144.0,1.1275010151752705
2026-06-01,2026-06-01 11:04:15,V037,144.0,1.116450772162752
2026-06-01,2026-06-01 11:04:16,V037,144.0,1.1167303859810138
2026-06-01,2026-06-01 11:04:17,V037,144.0,1.1245358079040997
2026-06-01,2026-06-01 11:04:18,V037,144.0,1.1213832970194626
2026-06-01,2026-06-01 11:04:19,V037,144.0,1.133349352651453
2026-06-01,2026-06-01 11:04:20,V037,144.0,1.1344653429745295
2026-06-01,2026-06-01 11:04:21,V037,144.0,1.126466859817057
2026-06-01,2026-06-01 11:04:22,V037,144.0,1.1347933664262564
2026-06-01,2026-06-01 11:04:23,V037,144.0,1.094829993524218
2026-06-01,2026-06-01 11:04:24,V037,143.0,1.1496827282109412
2026-06-01,2026-06-01 11:04:25,V037,143.0,1.120645430698367
2026-06-01,2026-06-01 11:04:26,V037,143.0,1.1377445718638535
2026-06-01,2026-06-01 11:04:27,V037,142.0,1.1368160499329056
2026-06-01,2026-06-01 11:04:28,V037,141.0,1.1143998394389985
2026-06-01,2026-06-01 11:04:29,V037,141.0,1.126448722530742
2026-06-01,2026-06-01 11:04:30,V037,140.0,1.1161881575557218
2026-06-01,2026-06-01 11:04:31,V037,140.0,1.1206714454700235
2026-06-01,2026-06-01 11:04:32,V037,139.0,1.1221099229892664
2026-06-01,2026-06-01 11:04:33,V037,139.0,1.1144554056504723
2026-06-01,2026-06-01 11:04:34,V037,139.0,1.132705420502947
2026-06-01,2026-06-01 11:04:35,V037,138.0,1.1403700553893776
2026-06-01,2026-06-01 11:04:36,V037,138.0,1.1384481650070934
2026-06-01,2026-06-01 11:04:37,V037,137.0,1.1316106610794365
2026-06-01,2026-06-01 11:04:38,V037,137.0,1.1423887019935302
2026-06-01,2026-06-01 11:04:39,V037,137.0,1.1345320652400108
2026-06-01,2026-06-01 11:04:40,V037,137.0,1.1322861551387915
2026-06-01,2026-06-01 11:04:41,V037,137.0,1.139253281742804
2026-06-01,2026-06-01 11:04:42,V037,136.0,1.1373530535007046
2026-06-01,2026-06-01 11:04:43,V037,136.0,1.1503576146962962
2026-06-01,2026-06-01 11:04:44,V037,136.0,1.1256194766333558
2026-06-01,2026-06-01 11:04:45,V037,136.0,1.1288464043082884
2026-06-01,2026-06-01 11:04:46,V037,136.0,1.127236608099694
2026-06-01,2026-06-01 11:04:47,V037,136.0,1.1245925294401866
2026-06-01,2026-06-01 11:04:48,V037,137.0,1.117879710560971
2026-06-01,2026-06-01 11:04:49,V037,138.0,1.182398577178857
2026-06-01,2026-06-01 11:04:50,V037,139.0,1.1647776236810528
2026-06-01,2026-06-01 11:04:51,V037,140.0,1.136376055088632
2026-06-01,2026-06-01 11:04:52,V037,141.0,1.1359631006628088
2026-06-01,2026-06-01 11:04:53,V037,142.0,1.1323280022926479
2026-06-01,2026-06-01 11:04:54,V037,141.0,1.1319703572799673
2026-06-01,2026-06-01 11:04:55,V037,140.0,1.1206684431776814
2026-06-01,2026-06-01 11:04:56,V037,140.0,1.1347989880328282
2026-06-01,2026-06-01 11:04:57,V037,139.0,1.1379812484665561
2026-06-01,2026-06-01 11:04:58,V037,139.0,1.1262559027934804
2026-06-01,2026-06-01 11:04:59,V037,139.0,1.1350228650299357
2026-06-01,2026-06-01 11:05:00,V037,138.0,1.1315574412336373
2026-06-01,2026-06-01 11:05:01,V037,138.0,1.127237011851021
2026-06-01,2026-06-01 11:05:02,V037,138.0,1.126472049389568
2026-06-01,2026-06-01 11:05:03,V037,138.0,1.1280451974019103
2026-06-01,2026-06-01 11:05:04,V037,139.0,1.132480829239195
2026-06-01,2026-06-01 11:05:05,V037,139.0,1.1294659594492318
2026-06-01,2026-06-01 11:05:06,V037,140.0,1.1402788624759947
2026-06-01,2026-06-01 11:05:07,V037,140.0,1.128505106755222
2026-06-01,2026-06-01 11:05:08,V037,140.0,1.1278811878523685
2026-06-01,2026-06-01 11:05:09,V037,140.0,1.1285529432942016
2026-06-01,2026-06-01 11:05:10,V037,140.0,1.1333978044645179
2026-06-01,2026-06-01 11:05:11,V037,140.0,1.1252487116161365
2026-06-01,2026-06-01 11:05:12,V037,139.0,1.1309920228217785
2026-06-01,2026-06-01 11:05:13,V037,139.0,1.1279721774170777
2026-06-01,2026-06-01 11:05:14,V037,138.0,1.1171242818764262
2026-06-01,2026-06-01 11:05:15,V037,138.0,1.1271040378606714
2026-06-01,2026-06-01 11:05:16,V037,137.0,1.1182427473432575
2026-06-01,2026-06-01 11:05:17,V037,137.0,1.1204202324731842
2026-06-01,2026-06-01 11:05:18,V037,136.0,1.121949243917362
2026-06-01,2026-06-01 11:05:19,V037,135.0,1.1203846849338353
2026-06-01,2026-06-01 11:05:20,V037,135.0,1.119807750550978
2026-06-01,2026-06-01 11:05:21,V037,136.0,1.1189637236442966
2026-06-01,2026-06-01 11:05:22,V037,136.0,1.1229758613035083
2026-06-01,2026-06-01 11:05:23,V037,137.0,1.125975782041758
2026-06-01,2026-06-01 11:05:24,V037,137.0,1.1140030790013329
2026-06-01,2026-06-01 11:05:25,V037,137.0,1.146993212583416
2026-06-01,2026-06-01 11:05:26,V037,137.0,1.1272669010057628
2026-06-01,2026-06-01 11:05:27,V037,137.0,1.1361302524026797
2026-06-01,2026-06-01 11:05:28,V037,137.0,1.141615452152622
2026-06-01,2026-06-01 11:05:29,V037,137.0,1.1428348793931047
2026-06-01,2026-06-01 11:05:30,V037,137.0,1.1411904776639306
2026-06-01,2026-06-01 11:05:31,V037,136.0,1.1248972376844142
2026-06-01,2026-06-01 11:05:32,V037,137.0,1.131698476162241
2026-06-01,2026-06-01 11:05:33,V037,138.0,1.1312113397672063
2026-06-01,2026-06-01 11:05:34,V037,139.0,1.130001217910269
2026-06-01,2026-06-01 11:05:35,V037,140.0,1.1300420951369188
2026-06-01,2026-06-01 11:05:36,V037,141.0,1.1248273095150334
2026-06-01,2026-06-01 11:05:37,V037,142.0,1.12070715823102
2026-06-01,2026-06-01 11:05:38,V037,142.0,1.133907820488808
2026-06-01,2026-06-01 11:05:39,V037,143.0,1.1212220900175438
2026-06-01,2026-06-01 11:05:40,V037,143.0,1.1332744732641158
2026-06-01,2026-06-01 11:05:41,V037,143.0,1.190688752416858
2026-06-01,2026-06-01 11:05:42,V037,143.0,1.1900941033945867
2026-06-01,2026-06-01 11:05:43,V037,143.0,1.1617378786045642
2026-06-01,2026-06-01 11:05:44,V037,144.0,1.1869316288367135
2026-06-01,2026-06-01 11:05:45,V037,144.0,1.1449595154126242
2026-06-01,2026-06-01 11:05:46,V037,144.0,1.1558754788460843
2026-06-01,2026-06-01 11:05:47,V037,143.0,1.1337553766088542
2026-06-01,2026-06-01 11:05:48,V037,143.0,1.1481148385930955
2026-06-01,2026-06-01 11:05:49,V037,142.0,1.1308803920585813
2026-06-01,2026-06-01 11:05:50,V037,143.0,1.1385527688570631
2026-06-01,2026-06-01 11:05:51,V037,143.0,1.1333187985463946
2026-06-01,2026-06-01 11:05:52,V037,143.0,1.1289871448104825
2026-06-01,2026-06-01 11:05:53,V037,143.0,1.132164853224891
2026-06-01,2026-06-01 11:05:54,V037,143.0,1.1379048634801006
2026-06-01,2026-06-01 11:05:55,V037,143.0,1.1144843831132025
2026-06-01,2026-06-01 11:05:56,V037,143.0,1.153381724666738
2026-06-01,2026-06-01 11:05:57,V037,143.0,1.1335963651228569
2026-06-01,2026-06-01 11:05:58,V037,143.0,1.1330096787507424
2026-06-01,2026-06-01 11:05:59,V037,143.0,1.1303309099329875
2026-06-01,2026-06-01 11:06:00,V037,143.0,1.127167961326966
2026-06-01,2026-06-01 11:06:01,V037,143.0,1.134090801947542
2026-06-01,2026-06-01 11:06:02,V037,143.0,1.123405005606148
2026-06-01,2026-06-01 11:06:03,V037,143.0,1.11152982133386
2026-06-01,2026-06-01 11:06:04,V037,143.0,1.1131808494969195
2026-06-01,2026-06-01 11:06:05,V037,143.0,1.1141468261995704
2026-06-01,2026-06-01 11:06:06,V037,144.0,1.1707325069419339
2026-06-01,2026-06-01 11:06:07,V037,144.0,1.1290988970415736
2026-06-01,2026-06-01 11:06:08,V037,144.0,1.1723258928252016
2026-06-01,2026-06-01 11:06:09,V037,143.0,1.253000990310403
2026-06-01,2026-06-01 11:06:10,V037,143.0,1.147233837797262
2026-06-01,2026-06-01 11:06:11,V037,143.0,1.1344428712591024
2026-06-01,2026-06-01 11:06:12,V037,142.0,1.129032028047936
2026-06-01,2026-06-01 11:06:13,V037,142.0,1.1400988897461857
2026-06-01,2026-06-01 11:06:14,V037,142.0,1.1328519874333793
2026-06-01,2026-06-01 11:06:15,V037,141.0,1.1424025754713716
2026-06-01,2026-06-01 11:06:16,V037,141.0,1.1028700256307946
2026-06-01,2026-06-01 11:06:17,V037,141.0,1.1412374381091206
2026-06-01,2026-06-01 11:06:18,V037,141.0,1.127361653650494
2026-06-01,2026-06-01 11:06:19,V037,141.0,1.124693398157525
2026-06-01,2026-06-01 11:06:20,V037,141.0,1.134311617569583
2026-06-01,2026-06-01 11:06:21,V037,141.0,1.131484742799032
2026-06-01,2026-06-01 11:06:22,V037,141.0,1.1211668539721347
2026-06-01,2026-06-01 11:06:23,V037,141.0,1.1378280138117451
2026-06-01,2026-06-01 11:06:24,V037,141.0,1.1210469654831223
2026-06-01,2026-06-01 11:06:25,V037,141.0,1.118356097876027
2026-06-01,2026-06-01 11:06:26,V037,141.0,1.1163502680298347
2026-06-01,2026-06-01 11:06:27,V037,140.0,1.1173217311734003
2026-06-01,2026-06-01 11:06:28,V037,140.0,1.1220797728844871
2026-06-01,2026-06-01 11:06:29,V037,140.0,1.1212097625445663
2026-06-01,2026-06-01 11:06:30,V037,140.0,1.1178281631823601
2026-06-01,2026-06-01 11:06:31,V037,140.0,1.1211396751594256
2026-06-01,2026-06-01 11:06:32,V037,140.0,1.1203737349367466
2026-06-01,2026-06-01 11:06:33,V037,141.0,1.1178155054162269
2026-06-01,2026-06-01 11:06:34,V037,141.0,1.120007334864071
2026-06-01,2026-06-01 11:06:35,V037,141.0,1.1196957086625896
2026-06-01,2026-06-01 11:06:36,V037,142.0,1.119200885052701
2026-06-01,2026-06-01 11:06:37,V037,142.0,1.119568758968365
2026-06-01,2026-06-01 11:06:38,V037,143.0,1.1209951145330037
2026-06-01,2026-06-01 11:06:39,V037,143.0,1.118863670401448
2026-06-01,2026-06-01 11:06:40,V037,143.0,1.1208856463014283
2026-06-01,2026-06-01 11:06:41,V037,144.0,1.1191217367795903
2026-06-01,2026-06-01 11:06:42,V037,144.0,1.1227745581274666
2026-06-01,2026-06-01 11:06:43,V037,144.0,1.1669411210419331
2026-06-01,2026-06-01 11:06:44,V037,143.0,1.1396526532942273
2026-06-01,2026-06-01 11:06:45,V037,143.0,1.1505191044906964
2026-06-01,2026-06-01 11:06:46,V037,143.0,1.152883159444885
2026-06-01,2026-06-01 11:06:47,V037,143.0,1.1287710072260067
2026-06-01,2026-06-01 11:06:48,V037,143.0,1.16426047542836
2026-06-01,2026-06-01 11:06:49,V037,143.0,1.15124012939848
2026-06-01,2026-06-01 11:06:50,V037,144.0,1.1633078052180772
2026-06-01,2026-06-01 11:06:51,V037,144.0,1.1616471953768435
2026-06-01,2026-06-01 11:06:52,V037,144.0,1.1808214304530698
2026-06-01,2026-06-01 11:06:53,V037,144.0,1.2072602253355786
2026-06-01,2026-06-01 11:06:54,V037,144.0,1.1661109078334653
2026-06-01,2026-06-01 11:06:55,V037,145.0,1.157145865732822
2026-06-01,2026-06-01 11:06:56,V037,144.0,1.1506920671921317
2026-06-01,2026-06-01 11:06:57,V037,144.0,1.1477944649616731
2026-06-01,2026-06-01 11:06:58,V037,144.0,1.1847784839444901
2026-06-01,2026-06-01 11:06:59,V037,144.0,1.1343293280559965
2026-06-01,2026-06-01 11:07:00,V037,143.0,1.1450983500165328
2026-06-01,2026-06-01 11:07:01,V037,143.0,1.1253161024834122
2026-06-01,2026-06-01 11:07:02,V037,143.0,1.1361577866515948
2026-06-01,2026-06-01 11:07:03,V037,144.0,1.1339823850660968
2026-06-01,2026-06-01 11:07:04,V037,144.0,1.130464058389558
2026-06-01,2026-06-01 11:07:05,V037,145.0,1.128364196439869
2026-06-01,2026-06-01 11:07:06,V037,146.0,1.1462077940325954
2026-06-01,2026-06-01 11:07:07,V037,146.0,1.120998409148173
2026-06-01,2026-06-01 11:07:08,V037,147.0,1.137365960819052
2026-06-01,2026-06-01 11:07:09,V037,148.0,1.1384573548412769
2026-06-01,2026-06-01 11:07:10,V037,149.0,1.1424165479700663
2026-06-01,2026-06-01 11:07:11,V037,150.0,1.1400275056089557
2026-06-01,2026-06-01 11:07:12,V037,152.0,1.1745531292617548
2026-06-01,2026-06-01 11:07:13,V037,154.0,1.1255253781541694
2026-06-01,2026-06-01 11:07:14,V037,154.0,1.157131576881368
2026-06-01,2026-06-01 11:07:15,V037,155.0,1.1509284529989359
2026-06-01,2026-06-01 11:07:16,V037,156.0,1.1447368766559352
2026-06-01,2026-06-01 11:07:17,V037,156.0,1.150359128037968
2026-06-01,2026-06-01 11:07:18,V037,155.0,1.1666041045015334
2026-06-01,2026-06-01 11:07:19,V037,155.0,1.1268824549730443
2026-06-01,2026-06-01 11:07:20,V037,155.0,1.1255154964918643
2026-06-01,2026-06-01 11:07:21,V037,154.0,1.1350842409438893
2026-06-01,2026-06-01 11:07:22,V037,154.0,1.1616181190219768
2026-06-01,2026-06-01 11:07:23,V037,153.0,1.1282717865733345
2026-06-01,2026-06-01 11:07:24,V037,152.0,1.1710064843390444
2026-06-01,2026-06-01 11:07:25,V037,151.0,1.1249681632315633
2026-06-01,2026-06-01 11:07:26,V037,151.0,1.1490825445662494
2026-06-01,2026-06-01 11:07:27,V037,151.0,1.1288958244288687
2026-06-01,2026-06-01 11:07:28,V037,150.0,1.0948886688457076
2026-06-01,2026-06-01 11:07:29,V037,150.0,1.1489593330399772
2026-06-01,2026-06-01 11:07:30,V037,149.0,1.1608843798451123
2026-06-01,2026-06-01 11:07:31,V037,149.0,1.1419966155103825
2026-06-01,2026-06-01 11:07:32,V037,148.0,1.1440793118270247
2026-06-01,2026-06-01 11:07:33,V037,148.0,1.136378494022644
2026-06-01,2026-06-01 11:07:34,V037,147.0,1.132957500521447
2026-06-01,2026-06-01 11:07:35,V037,147.0,1.1309794083790865
2026-06-01,2026-06-01 11:07:36,V037,146.0,1.1373467578302066
2026-06-01,2026-06-01 11:07:37,V037,146.0,1.212639685150749
2026-06-01,2026-06-01 11:07:38,V037,146.0,1.106215800842829
2026-06-01,2026-06-01 11:07:39,V037,146.0,1.1500398271994943
2026-06-01,2026-06-01 11:07:40,V037,145.0,1.2195485691886734
2026-06-01,2026-06-01 11:07:41,V037,145.0,1.0838256251283007
2026-06-01,2026-06-01 11:07:42,V037,144.0,1.1427463683916421
2026-06-01,2026-06-01 11:07:43,V037,144.0,1.114391909619989
2026-06-01,2026-06-01 11:07:44,V037,143.0,1.1498439268012222
2026-06-01,2026-06-01 11:07:45,V037,142.0,1.1504434086276991
2026-06-01,2026-06-01 11:07:46,V037,141.0,1.120670710419186
2026-06-01,2026-06-01 11:07:47,V037,140.0,1.1307937326300883
2026-06-01,2026-06-01 11:07:48,V037,139.0,1.1221566351416552
2026-06-01,2026-06-01 11:07:49,V037,139.0,1.1221186961156897
2026-06-01,2026-06-01 11:07:50,V037,139.0,1.1472990963371328
2026-06-01,2026-06-01 11:07:51,V037,140.0,1.1464184181115216
2026-06-01,2026-06-01 11:07:52,V037,140.0,1.1205432809417653
2026-06-01,2026-06-01 11:07:53,V037,140.0,1.1245852809019519
2026-06-01,2026-06-01 11:07:54,V037,140.0,1.120846946651317
2026-06-01,2026-06-01 11:07:55,V037,140.0,1.123639605331919
2026-06-01,2026-06-01 11:07:56,V037,140.0,1.1239591710439731
2026-06-01,2026-06-01 11:07:57,V037,140.0,1.150743444990843
2026-06-01,2026-06-01 11:07:58,V037,139.0,1.1600044425772977
2026-06-01,2026-06-01 11:07:59,V037,139.0,1.1524290594019404
2026-06-01,2026-06-01 11:08:00,V037,139.0,1.162345749939813
2026-06-01,2026-06-01 11:08:01,V037,139.0,1.1456012617116667
2026-06-01,2026-06-01 11:08:02,V037,139.0,1.1499212659786806
2026-06-01,2026-06-01 11:08:03,V037,138.0,1.1664429416880608
2026-06-01,2026-06-01 11:08:04,V037,139.0,1.1366822253065325
2026-06-01,2026-06-01 11:08:05,V037,139.0,1.1447769555128944
2026-06-01,2026-06-01 11:08:06,V037,139.0,1.1426394217673088
2026-06-01,2026-06-01 11:08:07,V037,139.0,1.133664357773036
2026-06-01,2026-06-01 11:08:08,V037,139.0,1.1331409346008332
2026-06-01,2026-06-01 11:08:09,V037,139.0,1.1344206005016748
2026-06-01,2026-06-01 11:08:10,V037,139.0,1.1251423530602673
2026-06-01,2026-06-01 11:08:11,V037,139.0,1.1265152196776262
2026-06-01,2026-06-01 11:08:12,V037,138.0,1.1281515303602307
2026-06-01,2026-06-01 11:08:13,V037,138.0,1.127220158297053
2026-06-01,2026-06-01 11:08:14,V037,138.0,1.1268336132661303
2026-06-01,2026-06-01 11:08:15,V037,138.0,1.1263696668757857
2026-06-01,2026-06-01 11:08:16,V037,137.0,1.1298211709904142
2026-06-01,2026-06-01 11:08:17,V037,137.0,1.1430184496374145
2026-06-01,2026-06-01 11:08:18,V037,137.0,1.085086829460768
2026-06-01,2026-06-01 11:08:19,V037,137.0,1.113597963683811
2026-06-01,2026-06-01 11:08:20,V037,137.0,1.11534894967679
2026-06-01,2026-06-01 11:08:21,V037,137.0,1.1279095150369696
2026-06-01,2026-06-01 11:08:22,V037,137.0,1.1596233628395394
2026-06-01,2026-06-01 11:08:23,V037,137.0,1.1452916017237553
2026-06-01,2026-06-01 11:08:24,V037,137.0,1.1480315573310633
2026-06-01,2026-06-01 11:08:25,V037,137.0,1.204874859718757
2026-06-01,2026-06-01 11:08:26,V037,137.0,1.1470871457629386
2026-06-01,2026-06-01 11:08:27,V037,137.0,1.161484539495727
2026-06-01,2026-06-01 11:08:28,V037,138.0,1.123509415760207
2026-06-01,2026-06-01 11:08:29,V037,138.0,1.1751991176930199
2026-06-01,2026-06-01 11:08:30,V037,138.0,1.1651542083812354
2026-06-01,2026-06-01 11:08:31,V037,138.0,1.1545209572504564
2026-06-01,2026-06-01 11:08:32,V037,138.0,1.1217786601297302
2026-06-01,2026-06-01 11:08:33,V037,138.0,1.1236835094223199
2026-06-01,2026-06-01 11:08:34,V037,138.0,1.1324303364571933
2026-06-01,2026-06-01 11:08:35,V037,138.0,1.1284264251975282
2026-06-01,2026-06-01 11:08:36,V037,138.0,1.1230968262274652
2026-06-01,2026-06-01 11:08:37,V037,138.0,1.1328473171963382
2026-06-01,2026-06-01 11:08:38,V037,138.0,1.1696239549903358
2026-06-01,2026-06-01 11:08:39,V037,138.0,1.1309767344198487
2026-06-01,2026-06-01 11:08:40,V037,138.0,1.1463808265467432
2026-06-01,2026-06-01 11:08:41,V037,138.0,1.1542420469089179
2026-06-01,2026-06-01 11:08:42,V037,138.0,1.1491562471185244
2026-06-01,2026-06-01 11:08:43,V037,138.0,1.119850885221451
2026-06-01,2026-06-01 11:08:44,V037,138.0,1.1311628532753626
2026-06-01,2026-06-01 11:08:45,V037,138.0,1.115895597335481
2026-06-01,2026-06-01 11:08:46,V037,139.0,1.1504205615404344
2026-06-01,2026-06-01 11:08:47,V037,139.0,1.1392899634214328
2026-06-01,2026-06-01 11:08:48,V037,139.0,1.1549656829730297
2026-06-01,2026-06-01 11:08:49,V037,139.0,1.1080970155345706
2026-06-01,2026-06-01 11:08:50,V037,139.0,1.1571355045593967
2026-06-01,2026-06-01 11:08:51,V037,139.0,1.146908550777705
2026-06-01,2026-06-01 11:08:52,V037,139.0,1.2018433703045872
2026-06-01,2026-06-01 11:08:53,V037,139.0,1.1205061329720778
2026-06-01,2026-06-01 11:08:54,V037,139.0,1.135824124384683
2026-06-01,2026-06-01 11:08:55,V037,139.0,1.2293839498453965
2026-06-01,2026-06-01 11:08:56,V037,139.0,1.3020462394874959
2026-06-01,2026-06-01 11:08:57,V037,139.0,1.079225553786336
2026-06-01,2026-06-01 11:08:58,V037,139.0,1.2522588994102053
2026-06-01,2026-06-01 11:08:59,V037,139.0,1.1458510960936317
2026-06-01,2026-06-01 11:09:00,V037,139.0,1.1810746759749067
2026-06-01,2026-06-01 11:09:01,V037,139.0,1.2726005659413009
2026-06-01,2026-06-01 11:09:02,V037,139.0,1.2901691470979406
2026-06-01,2026-06-01 11:09:03,V037,138.0,1.2791556907760429
2026-06-01,2026-06-01 11:09:04,V037,138.0,1.2496957568288185
2026-06-01,2026-06-01 11:09:05,V037,137.0,1.271735192042637
2026-06-01,2026-06-01 11:09:06,V037,138.0,1.1414628242818476
2026-06-01,2026-06-01 11:09:07,V037,138.0,1.1438286012951826
2026-06-01,2026-06-01 11:09:08,V037,139.0,1.314385102188112
2026-06-01,2026-06-01 11:09:09,V037,139.0,1.2512126563319
2026-06-01,2026-06-01 11:09:10,V037,140.0,1.1011337540077366
2026-06-01,2026-06-01 11:09:11,V037,140.0,1.153702025935902
2026-06-01,2026-06-01 11:09:12,V037,140.0,1.1289226683646654
2026-06-01,2026-06-01 11:09:13,V037,140.0,1.2362655244778626
2026-06-01,2026-06-01 11:09:14,V037,139.0,1.155873174025788
2026-06-01,2026-06-01 11:09:15,V037,139.0,1.1841930385711743
2026-06-01,2026-06-01 11:09:16,V037,138.0,1.2174548767419424
2026-06-01,2026-06-01 11:09:17,V037,137.0,1.2001241718824402
2026-06-01,2026-06-01 11:09:18,V037,136.0,1.1509625411391469
2026-06-01,2026-06-01 11:09:19,V037,135.0,1.1470546757371787
2026-06-01,2026-06-01 11:09:20,V037,135.0,1.0940009510854714
2026-06-01,2026-06-01 11:09:21,V037,134.0,1.2925646458200386
2026-06-01,2026-06-01 11:09:22,V037,134.0,1.2291761625749509
2026-06-01,2026-06-01 11:09:23,V037,134.0,1.2115300570474428
2026-06-01,2026-06-01 11:09:24,V037,134.0,1.1256444081334944
2026-06-01,2026-06-01 11:09:25,V037,134.0,1.088918312741319
2026-06-01,2026-06-01 11:09:26,V037,134.0,1.1274522068754997
2026-06-01,2026-06-01 11:09:27,V037,134.0,1.1784700086260353
2026-06-01,2026-06-01 11:09:28,V037,134.0,1.1625851252308959
2026-06-01,2026-06-01 11:09:29,V037,134.0,1.1145248695784165
2026-06-01,2026-06-01 11:09:30,V037,134.0,1.1918106638575228
2026-06-01,2026-06-01 11:09:31,V037,134.0,1.1492157653282997
2026-06-01,2026-06-01 11:09:32,V037,134.0,1.287188616219126
2026-06-01,2026-06-01 11:09:33,V037,133.0,1.359802204290927
2026-06-01,2026-06-01 11:09:34,V037,134.0,1.1552876287916285
2026-06-01,2026-06-01 11:09:35,V037,134.0,1.1235339242831628
2026-06-01,2026-06-01 11:09:36,V037,134.0,1.1552347847474542
2026-06-01,2026-06-01 11:09:37,V037,134.0,1.1302567771026852
2026-06-01,2026-06-01 11:09:38,V037,133.0,1.2070036824092483
2026-06-01,2026-06-01 11:09:39,V037,133.0,1.1982994174960306
2026-06-01,2026-06-01 11:09:40,V037,132.0,1.1668697295536228
2026-06-01,2026-06-01 11:09:41,V037,131.0,1.2653647896149007
2026-06-01,2026-06-01 11:09:42,V037,130.0,1.2439238987637102
2026-06-01,2026-06-01 11:09:43,V037,129.0,1.1733780704558654
2026-06-01,2026-06-01 11:09:44,V037,128.0,1.1720697898231307
2026-06-01,2026-06-01 11:09:45,V037,128.0,1.1819002519829964
2026-06-01,2026-06-01 11:09:46,V037,126.0,1.1461077866663698
2026-06-01,2026-06-01 11:09:47,V037,124.0,1.1433920648901903
2026-06-01,2026-06-01 11:09:48,V037,124.0,1.157590174461174
2026-06-01,2026-06-01 11:09:49,V037,123.0,1.1393507406486287
2026-06-01,2026-06-01 11:09:50,V037,123.0,1.2190260733972424
2026-06-01,2026-06-01 11:09:51,V037,123.0,1.1450673524947594
2026-06-01,2026-06-01 11:09:52,V037,124.0,1.1375936041772203
2026-06-01,2026-06-01 11:09:53,V037,124.0,1.1251636338194062
2026-06-01,2026-06-01 11:09:54,V037,124.0,1.1710954934891484
2026-06-01,2026-06-01 11:09:55,V037,124.0,1.1601499766640364
2026-06-01,2026-06-01 11:09:56,V037,124.0,1.1480630941103562
2026-06-01,2026-06-01 11:09:57,V037,124.0,1.1246840035175933
2026-06-01,2026-06-01 11:09:58,V037,124.0,1.137854672089759
2026-06-01,2026-06-01 11:09:59,V037,124.0,1.15160151069541
2026-06-01,2026-06-01 11:10:00,V037,124.0,1.13297265134367
2026-06-01,2026-06-01 11:10:01,V037,124.0,1.1453942900579819
2026-06-01,2026-06-01 11:10:02,V037,124.0,1.143368299038705
2026-06-01,2026-06-01 11:10:03,V037,124.0,1.1822253933506157
2026-06-01,2026-06-01 11:10:04,V037,123.0,1.1727405558413957
2026-06-01,2026-06-01 11:10:05,V037,123.0,1.1634647502321007
2026-06-01,2026-06-01 11:10:06,V037,123.0,1.1570535102208874
2026-06-01,2026-06-01 11:10:07,V037,123.0,1.17690842055145
2026-06-01,2026-06-01 11:10:08,V037,123.0,1.1322678013477085
2026-06-01,2026-06-01 11:10:09,V037,122.0,1.1298365042546772
2026-06-01,2026-06-01 11:10:10,V037,123.0,1.1476037201626261
2026-06-01,2026-06-01 11:10:11,V037,123.0,1.1770245705402373
2026-06-01,2026-06-01 11:10:12,V037,123.0,1.1310622374594173
2026-06-01,2026-06-01 11:10:13,V037,123.0,1.1233122455103368
2026-06-01,2026-06-01 11:10:14,V037,123.0,1.148122848055236
2026-06-01,2026-06-01 11:10:15,V037,123.0,1.1462130025049322
2026-06-01,2026-06-01 11:10:16,V037,123.0,1.1536745584507782
2026-06-01,2026-06-01 11:10:17,V037,124.0,1.1420967451817157
2026-06-01,2026-06-01 11:10:18,V037,124.0,1.1303254171047317
2026-06-01,2026-06-01 11:10:19,V037,124.0,1.144392129344075
2026-06-01,2026-06-01 11:10:20,V037,125.0,1.1563032201955108
2026-06-01,2026-06-01 11:10:21,V037,125.0,1.127030423405568
2026-06-01,2026-06-01 11:10:22,V037,125.0,1.1650166263327137
2026-06-01,2026-06-01 11:10:23,V037,125.0,1.0820879639071446
2026-06-01,2026-06-01 11:10:24,V037,126.0,1.3495468197972114
2026-06-01,2026-06-01 11:10:25,V037,126.0,1.234246243078978
2026-06-01,2026-06-01 11:10:26,V037,127.0,1.2909571378034552
2026-06-01,2026-06-01 11:10:27,V037,127.0,1.2422290390620128
2026-06-01,2026-06-01 11:10:28,V037,127.0,1.2373384990504488
2026-06-01,2026-06-01 11:10:29,V037,128.0,1.1634098715749277
2026-06-01,2026-06-01 11:10:30,V037,128.0,1.1307311025173346
2026-06-01,2026-06-01 11:10:31,V037,129.0,1.1774601198970902
2026-06-01,2026-06-01 11:10:32,V037,129.0,1.1700788633982022
2026-06-01,2026-06-01 11:10:33,V037,129.0,1.1699223246678487
2026-06-01,2026-06-01 11:10:34,V037,130.0,1.168002258910911
2026-06-01,2026-06-01 11:10:35,V037,130.0,1.1579129628384164
2026-06-01,2026-06-01 11:10:36,V037,131.0,1.2020561379326387
2026-06-01,2026-06-01 11:10:37,V037,131.0,1.169392439417429
2026-06-01,2026-06-01 11:10:38,V037,131.0,1.1744936292772121
2026-06-01,2026-06-01 11:10:39,V037,131.0,1.1813982861170793
2026-06-01,2026-06-01 11:10:40,V037,131.0,1.1532084505290887
2026-06-01,2026-06-01 11:10:41,V037,131.0,1.2024379991429768
2026-06-01,2026-06-01 11:10:42,V037,131.0,1.1415944896946997
2026-06-01,2026-06-01 11:10:43,V037,131.0,1.1994639933645725
2026-06-01,2026-06-01 11:10:44,V037,132.0,1.2934857287988795
2026-06-01,2026-06-01 11:10:45,V037,132.0,1.313217940158032
2026-06-01,2026-06-01 11:10:46,V037,132.0,1.301202080880121
2026-06-01,2026-06-01 11:10:47,V037,132.0,1.1526445914345533
2026-06-01,2026-06-01 11:10:48,V037,132.0,1.1371505515745892
2026-06-01,2026-06-01 11:10:49,V037,132.0,1.2617833096159334
2026-06-01,2026-06-01 11:10:50,V037,132.0,1.127652921056939
2026-06-01,2026-06-01 11:10:51,V037,132.0,1.1319919266639338
2026-06-01,2026-06-01 11:10:52,V037,132.0,1.3392373172719516
2026-06-01,2026-06-01 11:10:53,V037,132.0,1.366451678547445
2026-06-01,2026-06-01 11:10:54,V037,132.0,1.1768069236083885
2026-06-01,2026-06-01 11:10:55,V037,132.0,1.1781546495571835
2026-06-01,2026-06-01 11:10:56,V037,132.0,1.1345026548474226
2026-06-01,2026-06-01 11:10:57,V037,132.0,1.1284610351535043
2026-06-01,2026-06-01 11:10:58,V037,133.0,1.1321919055701288
2026-06-01,2026-06-01 11:10:59,V037,133.0,1.1720026950255111
2026-06-01,2026-06-01 11:11:00,V037,133.0,1.2273040204226238
2026-06-01,2026-06-01 11:11:01,V037,133.0,1.1740139557786422
2026-06-01,2026-06-01 11:11:02,V037,133.0,1.188073464795746
2026-06-01,2026-06-01 11:11:03,V037,133.0,1.1931845284052272
2026-06-01,2026-06-01 11:11:04,V037,133.0,1.1267083564967852
2026-06-01,2026-06-01 11:11:05,V037,133.0,1.204283477960132
2026-06-01,2026-06-01 11:11:06,V037,133.0,1.3870904583776384
2026-06-01,2026-06-01 11:11:07,V037,133.0,1.3063144916806027
2026-06-01,2026-06-01 11:11:08,V037,133.0,1.1265257272439047
2026-06-01,2026-06-01 11:11:09,V037,133.0,1.2422219204394631
2026-06-01,2026-06-01 11:11:10,V037,133.0,1.1601523962572993
2026-06-01,2026-06-01 11:11:11,V037,133.0,1.1662469653544867
2026-06-01,2026-06-01 11:11:12,V037,133.0,1.1321457622341673
2026-06-01,2026-06-01 11:11:13,V037,133.0,1.1387127568392996
2026-06-01,2026-06-01 11:11:14,V037,133.0,1.157623927497609
2026-06-01,2026-06-01 11:11:15,V037,134.0,1.3140110148149489
2026-06-01,2026-06-01 11:11:16,V037,133.0,1.2316030602015957
2026-06-01,2026-06-01 11:11:17,V037,133.0,1.1389303979178893
2026-06-01,2026-06-01 11:11:18,V037,133.0,1.1659227337332103
2026-06-01,2026-06-01 11:11:19,V037,133.0,1.1346641533069322
2026-06-01,2026-06-01 11:11:20,V037,133.0,1.1922144155999648
2026-06-01,2026-06-01 11:11:21,V037,132.0,1.1453812998961308
2026-06-01,2026-06-01 11:11:22,V037,132.0,1.128320524573329
2026-06-01,2026-06-01 11:11:23,V037,132.0,1.1450174221266782
2026-06-01,2026-06-01 11:11:24,V037,130.0,1.1284087939940495
2026-06-01,2026-06-01 11:11:25,V037,129.0,1.1467501810376846
2026-06-01,2026-06-01 11:11:26,V037,129.0,1.0364837270109293
2026-06-01,2026-06-01 11:11:27,V037,129.0,1.4980778722912875
2026-06-01,2026-06-01 11:11:28,V037,129.0,1.34181331728617
2026-06-01,2026-06-01 11:11:29,V037,129.0,1.1459765989169706
2026-06-01,2026-06-01 11:11:30,V037,129.0,1.1418457632416779
2026-06-01,2026-06-01 11:11:31,V037,129.0,1.134445697603665
2026-06-01,2026-06-01 11:11:32,V037,130.0,1.2336001019620202
2026-06-01,2026-06-01 11:11:33,V037,130.0,1.2645033375358283
2026-06-01,2026-06-01 11:11:34,V037,130.0,1.1446441110880088
2026-06-01,2026-06-01 11:11:35,V037,130.0,1.4069976581878947
2026-06-01,2026-06-01 11:11:36,V037,130.0,1.398025935613046
2026-06-01,2026-06-01 11:11:37,V037,131.0,1.1877261513866555
2026-06-01,2026-06-01 11:11:38,V037,131.0,1.1541643021672814
2026-06-01,2026-06-01 11:11:39,V037,131.0,1.201165737451479
2026-06-01,2026-06-01 11:11:40,V037,131.0,1.163450619922747
2026-06-01,2026-06-01 11:11:41,V037,132.0,1.1660464635809569
2026-06-01,2026-06-01 11:11:42,V037,132.0,1.175871817517579
2026-06-01,2026-06-01 11:11:43,V037,133.0,1.1593778275128366
2026-06-01,2026-06-01 11:11:44,V037,133.0,1.1393566407139437
2026-06-01,2026-06-01 11:11:45,V037,133.0,1.1548925337347424
2026-06-01,2026-06-01 11:11:46,V037,133.0,1.1794600720331998
2026-06-01,2026-06-01 11:11:47,V037,134.0,1.2374056754891476
2026-06-01,2026-06-01 11:11:48,V037,134.0,1.1300731618951843
2026-06-01,2026-06-01 11:11:49,V037,134.0,1.231981108551082
2026-06-01,2026-06-01 11:11:50,V037,134.0,1.1401843384706252
2026-06-01,2026-06-01 11:11:51,V037,135.0,1.1391269193006603
2026-06-01,2026-06-01 11:11:52,V037,135.0,1.1548245899994338
2026-06-01,2026-06-01 11:11:53,V037,136.0,1.1364368535766454
2026-06-01,2026-06-01 11:11:54,V037,136.0,1.1122831551483787
2026-06-01,2026-06-01 11:11:55,V037,136.0,1.1595568229982136
2026-06-01,2026-06-01 11:11:56,V037,137.0,1.1299378428482663
2026-06-01,2026-06-01 11:11:57,V037,137.0,1.1385489326218239
2026-06-01,2026-06-01 11:11:58,V037,137.0,1.1462491408803035
2026-06-01,2026-06-01 11:11:59,V037,138.0,1.1555806214314284
2026-06-01,2026-06-01 11:12:00,V037,138.0,1.1399785140835252
2026-06-01,2026-06-01 11:12:01,V037,138.0,1.0978301380465503
2026-06-01,2026-06-01 11:12:02,V037,138.0,1.1486194649373338
2026-06-01,2026-06-01 11:12:03,V037,138.0,1.162807093549471
2026-06-01,2026-06-01 11:12:04,V037,138.0,1.2116516325870688
2026-06-01,2026-06-01 11:12:05,V037,138.0,1.122328164753356
2026-06-01,2026-06-01 11:12:06,V037,137.0,1.2086083777084151
2026-06-01,2026-06-01 11:12:07,V037,137.0,1.4615693907725542
2026-06-01,2026-06-01 11:12:08,V037,137.0,1.3980759485478542
2026-06-01,2026-06-01 11:12:09,V037,136.0,1.2505718284645797
2026-06-01,2026-06-01 11:12:10,V037,135.0,1.113830787135025
2026-06-01,2026-06-01 11:12:11,V037,135.0,1.1390102491201775
2026-06-01,2026-06-01 11:12:12,V037,134.0,1.2083928839120504
2026-06-01,2026-06-01 11:12:13,V037,134.0,1.1023612473836004
2026-06-01,2026-06-01 11:12:14,V037,133.0,1.5215643864143669
2026-06-01,2026-06-01 11:12:15,V037,132.0,1.3307341964349961
2026-06-01,2026-06-01 11:12:16,V037,132.0,1.149194835704478
2026-06-01,2026-06-01 11:12:17,V037,131.0,1.121501581070187
2026-06-01,2026-06-01 11:12:18,V037,131.0,1.1337296955766794
2026-06-01,2026-06-01 11:12:19,V037,131.0,1.1681077792308179
2026-06-01,2026-06-01 11:12:20,V037,131.0,1.6801311914653834
2026-06-01,2026-06-01 11:12:21,V037,131.0,1.1291780981845303
2026-06-01,2026-06-01 11:12:22,V037,131.0,1.1608358653833628
2026-06-01,2026-06-01 11:12:23,V037,130.0,1.1642879223011053
2026-06-01,2026-06-01 11:12:24,V037,130.0,1.1962648733880978
2026-06-01,2026-06-01 11:12:25,V037,129.0,1.4174293811272878
2026-06-01,2026-06-01 11:12:26,V037,129.0,1.3741128046850886
2026-06-01,2026-06-01 11:12:27,V037,129.0,1.1916801173899154
2026-06-01,2026-06-01 11:12:28,V037,128.0,1.2434310906460793
2026-06-01,2026-06-01 11:12:29,V037,128.0,1.388528133932789
2026-06-01,2026-06-01 11:12:30,V037,126.0,1.124797457368354
2026-06-01,2026-06-01 11:12:31,V037,126.0,1.2562097127807048
2026-06-01,2026-06-01 11:12:32,V037,125.0,1.3102749769078772
2026-06-01,2026-06-01 11:12:33,V037,125.0,1.1924819498323433
2026-06-01,2026-06-01 11:12:34,V037,125.0,1.1418589067514715
2026-06-01,2026-06-01 11:12:35,V037,125.0,1.1639969570468687
2026-06-01,2026-06-01 11:12:36,V037,125.0,1.2586608895248312
2026-06-01,2026-06-01 11:12:37,V037,124.0,1.1682160920850635
2026-06-01,2026-06-01 11:12:38,V037,124.0,1.1623695554069797
2026-06-01,2026-06-01 11:12:39,V037,124.0,1.2466765380606604
2026-06-01,2026-06-01 11:12:40,V037,124.0,1.1526890268183032
2026-06-01,2026-06-01 11:12:41,V037,124.0,1.4983365075655857
2026-06-01,2026-06-01 11:12:42,V037,124.0,1.241862791362774
2026-06-01,2026-06-01 11:12:43,V037,124.0,1.2255927239211297
2026-06-01,2026-06-01 11:12:44,V037,124.0,1.1814316827382128
2026-06-01,2026-06-01 11:12:45,V037,123.0,1.164195831311935
2026-06-01,2026-06-01 11:12:46,V037,123.0,1.169621973873213
2026-06-01,2026-06-01 11:12:47,V037,123.0,1.1752573799609412
2026-06-01,2026-06-01 11:12:48,V037,123.0,1.1661815860334401
2026-06-01,2026-06-01 11:12:49,V037,123.0,1.1352058312964086
2026-06-01,2026-06-01 11:12:50,V037,122.0,1.1648576604850458
2026-06-01,2026-06-01 11:12:51,V037,122.0,1.137934157336547
2026-06-01,2026-06-01 11:12:52,V037,122.0,1.138161197388375
2026-06-01,2026-06-01 11:12:53,V037,122.0,1.1206514220887533
2026-06-01,2026-06-01 11:12:54,V037,122.0,1.1666908625947574
2026-06-01,2026-06-01 11:12:55,V037,122.0,1.0796713908752542
2026-06-01,2026-06-01 11:12:56,V037,123.0,1.088945094083922
2026-06-01,2026-06-01 11:12:57,V037,123.0,1.1176081345199984
2026-06-01,2026-06-01 11:12:58,V037,123.0,1.1817880205100322
2026-06-01,2026-06-01 11:12:59,V037,123.0,1.059624009534761
2026-06-01,2026-06-01 11:13:00,V037,124.0,1.0887081031490624
2026-06-01,2026-06-01 11:13:01,V037,124.0,1.162668114189482
2026-06-01,2026-06-01 11:13:02,V037,124.0,1.1314492473701592
2026-06-01,2026-06-01 11:13:03,V037,125.0,1.14618583876657
2026-06-01,2026-06-01 11:13:04,V037,125.0,1.140279265709268
2026-06-01,2026-06-01 11:13:05,V037,125.0,1.1858353905776096
2026-06-01,2026-06-01 11:13:06,V037,125.0,1.1777967538846668
2026-06-01,2026-06-01 11:13:07,V037,125.0,1.7770687589618193
2026-06-01,2026-06-01 11:13:08,V037,125.0,1.2158716736402164
2026-06-01,2026-06-01 11:13:09,V037,125.0,1.1856495190493053
2026-06-01,2026-06-01 11:13:10,V037,125.0,1.409141873648899
2026-06-01,2026-06-01 11:13:11,V037,125.0,1.2260957939993076
2026-06-01,2026-06-01 11:13:12,V037,125.0,1.1172936496876333
2026-06-01,2026-06-01 11:13:13,V037,125.0,1.1925194222913367
2026-06-01,2026-06-01 11:13:14,V037,125.0,1.2018371040208855
2026-06-01,2026-06-01 11:13:15,V037,125.0,1.4161898580646357
2026-06-01,2026-06-01 11:13:16,V037,125.0,1.1437758673313674
2026-06-01,2026-06-01 11:13:17,V037,125.0,1.1683359793601578
2026-06-01,2026-06-01 11:13:18,V037,125.0,1.1330665621741305
2026-06-01,2026-06-01 11:13:19,V037,125.0,1.1415559424329498
2026-06-01,2026-06-01 11:13:20,V037,125.0,1.1304460662212776
2026-06-01,2026-06-01 11:13:21,V037,126.0,1.1775760807989901
2026-06-01,2026-06-01 11:13:22,V037,126.0,1.1848922357946179
2026-06-01,2026-06-01 11:13:23,V037,126.0,1.2041898631866121
2026-06-01,2026-06-01 11:13:24,V037,126.0,1.1655247114629592
2026-06-01,2026-06-01 11:13:25,V037,126.0,1.153777123463565
2026-06-01,2026-06-01 11:13:26,V037,126.0,1.1640965852641327
2026-06-01,2026-06-01 11:13:27,V037,127.0,1.1764368596530788
2026-06-01,2026-06-01 11:13:28,V037,127.0,1.1630900463928688
2026-06-01,2026-06-01 11:13:29,V037,127.0,1.1268855995604372
2026-06-01,2026-06-01 11:13:30,V037,127.0,1.1437081380341483
2026-06-01,2026-06-01 11:13:31,V037,128.0,1.1474374162607404
2026-06-01,2026-06-01 11:13:32,V037,128.0,1.1731513489968062
2026-06-01,2026-06-01 11:13:33,V037,129.0,1.224103026975895
2026-06-01,2026-06-01 11:13:34,V037,129.0,1.1992945221571514
2026-06-01,2026-06-01 11:13:35,V037,129.0,1.1507192360159573
2026-06-01,2026-06-01 11:13:36,V037,130.0,1.158455442196689
2026-06-01,2026-06-01 11:13:37,V037,130.0,1.1147286187720582
2026-06-01,2026-06-01 11:13:38,V037,131.0,1.1385760520411088
2026-06-01,2026-06-01 11:13:39,V037,131.0,1.1482035955517844
2026-06-01,2026-06-01 11:13:40,V037,132.0,1.1760580521761543
2026-06-01,2026-06-01 11:13:41,V037,132.0,1.1654645593489728
2026-06-01,2026-06-01 11:13:42,V037,133.0,1.2040848565572966
2026-06-01,2026-06-01 11:13:43,V037,133.0,1.1800837210000485
2026-06-01,2026-06-01 11:13:44,V037,134.0,1.1401718042806321
2026-06-01,2026-06-01 11:13:45,V037,134.0,1.140900248320351
2026-06-01,2026-06-01 11:13:46,V037,135.0,1.1452428220018658
2026-06-01,2026-06-01 11:13:47,V037,136.0,1.1787565971151581
2026-06-01,2026-06-01 11:13:48,V037,136.0,1.140217278832589
2026-06-01,2026-06-01 11:13:49,V037,137.0,1.1645346331643522
2026-06-01,2026-06-01 11:13:50,V037,137.0,1.180074637469559
2026-06-01,2026-06-01 11:13:51,V037,138.0,1.1560064426992778
2026-06-01,2026-06-01 11:13:52,V037,138.0,1.15246917346777
2026-06-01,2026-06-01 11:13:53,V037,139.0,1.1282695246955188
2026-06-01,2026-06-01 11:13:54,V037,138.0,1.1372383168673998
2026-06-01,2026-06-01 11:13:55,V037,138.0,1.1529215575983522
2026-06-01,2026-06-01 11:13:56,V037,138.0,1.1704260832096018
2026-06-01,2026-06-01 11:13:57,V037,138.0,1.1509609939902983
2026-06-01,2026-06-01 11:13:58,V037,137.0,1.1607659655489821
2026-06-01,2026-06-01 11:13:59,V037,137.0,1.184629623877359
2026-06-01,2026-06-01 11:14:00,V037,137.0,1.1437379599754314
2026-06-01,2026-06-01 11:14:01,V037,136.0,1.2140415414358867
2026-06-01,2026-06-01 11:14:02,V037,136.0,1.210284851586509
2026-06-01,2026-06-01 11:14:03,V037,135.0,1.2886503624877481
2026-06-01,2026-06-01 11:14:04,V037,135.0,1.1658063424823104
2026-06-01,2026-06-01 11:14:05,V037,134.0,1.1623327302274362
2026-06-01,2026-06-01 11:14:06,V037,134.0,1.143416237169594
2026-06-01,2026-06-01 11:14:07,V037,134.0,1.1305419843783828
2026-06-01,2026-06-01 11:14:08,V037,134.0,1.140487498728844
2026-06-01,2026-06-01 11:14:09,V037,134.0,1.1416904083834745
2026-06-01,2026-06-01 11:14:10,V037,134.0,1.1396499158121478
2026-06-01,2026-06-01 11:14:11,V037,134.0,1.1459596323610213
2026-06-01,2026-06-01 11:14:12,V037,133.0,1.1785730652981006
2026-06-01,2026-06-01 11:14:13,V037,133.0,1.2134894214951246
2026-06-01,2026-06-01 11:14:14,V037,132.0,1.112438976585312
2026-06-01,2026-06-01 11:14:15,V037,132.0,1.2008541524766072
2026-06-01,2026-06-01 11:14:16,V037,132.0,1.1626989389799254
2026-06-01,2026-06-01 11:14:17,V037,131.0,1.147580754741975
2026-06-01,2026-06-01 11:14:18,V037,131.0,1.2906635991466906
2026-06-01,2026-06-01 11:14:19,V037,131.0,1.2807266303759974
2026-06-01,2026-06-01 11:14:20,V037,131.0,1.1659017069227207
2026-06-01,2026-06-01 11:14:21,V037,132.0,1.162077525559654
2026-06-01,2026-06-01 11:14:22,V037,132.0,1.1848021307350838
2026-06-01,2026-06-01 11:14:23,V037,132.0,1.1497575757224154
2026-06-01,2026-06-01 11:14:24,V037,132.0,1.1359710746124714
2026-06-01,2026-06-01 11:14:25,V037,132.0,1.1398360344287473
2026-06-01,2026-06-01 11:14:26,V037,133.0,1.1683502283402558
2026-06-01,2026-06-01 11:14:27,V037,133.0,1.2514015209103035
2026-06-01,2026-06-01 11:14:28,V037,134.0,1.3582444276346335
2026-06-01,2026-06-01 11:14:29,V037,135.0,1.1506046895367694
2026-06-01,2026-06-01 11:14:30,V037,136.0,1.1378960289249753
2026-06-01,2026-06-01 11:14:31,V037,137.0,1.1373717774937586
2026-06-01,2026-06-01 11:14:32,V037,136.0,1.12272464488345
2026-06-01,2026-06-01 11:14:33,V037,136.0,1.1494870742009387
2026-06-01,2026-06-01 11:14:34,V037,136.0,1.1519073513281382
2026-06-01,2026-06-01 11:14:35,V037,135.0,1.1405097060179519
2026-06-01,2026-06-01 11:14:36,V037,134.0,1.1547346612811171
2026-06-01,2026-06-01 11:14:37,V037,133.0,1.123584900348962
2026-06-01,2026-06-01 11:14:38,V037,134.0,1.1253440252278184
2026-06-01,2026-06-01 11:14:39,V037,135.0,1.1465275217255948
2026-06-01,2026-06-01 11:14:40,V037,135.0,1.1347209853712505
2026-06-01,2026-06-01 11:14:41,V037,136.0,1.136761893594233
2026-06-01,2026-06-01 11:14:42,V037,136.0,1.141211405922192
2026-06-01,2026-06-01 11:14:43,V037,137.0,1.1376767154868486
2026-06-01,2026-06-01 11:14:44,V037,137.0,1.156843397648882
2026-06-01,2026-06-01 11:14:45,V037,138.0,1.1988671965177355
2026-06-01,2026-06-01 11:14:46,V037,140.0,1.0529134371905386
2026-06-01,2026-06-01 11:14:47,V037,142.0,1.52013195689366
2026-06-01,2026-06-01 11:14:48,V037,144.0,1.2102050190866696
2026-06-01,2026-06-01 11:14:49,V037,146.0,1.1942180444937078
2026-06-01,2026-06-01 11:14:50,V037,147.0,1.1461610462581546
2026-06-01,2026-06-01 11:14:51,V037,148.0,1.1187910427903471
2026-06-01,2026-06-01 11:14:52,V037,148.0,1.1365488925288236
2026-06-01,2026-06-01 11:14:53,V037,148.0,1.1232239830225854
2026-06-01,2026-06-01 11:14:54,V037,148.0,1.1249287826276455
2026-06-01,2026-06-01 11:14:55,V037,148.0,1.138046017272712
2026-06-01,2026-06-01 11:14:56,V037,147.0,1.1434027021023003
2026-06-01,2026-06-01 11:14:57,V037,147.0,1.1455542413026791
2026-06-01,2026-06-01 11:14:58,V037,147.0,1.1466372781084364
2026-06-01,2026-06-01 11:14:59,V037,146.0,1.1350328399599998
2026-06-01,2026-06-01 11:15:00,V037,147.0,1.1307114523019006
2026-06-01,2026-06-01 11:15:01,V037,147.0,1.1291907190270993
2026-06-01,2026-06-01 11:15:02,V037,148.0,1.1399649646693037
2026-06-01,2026-06-01 11:15:03,V037,148.0,1.143984203372341
2026-06-01,2026-06-01 11:15:04,V037,149.0,1.12159162960117
2026-06-01,2026-06-01 11:15:05,V037,149.0,1.1438760783758162
2026-06-01,2026-06-01 11:15:06,V037,150.0,1.1448897757669885
2026-06-01,2026-06-01 11:15:07,V037,150.0,1.1312152642415938
2026-06-01,2026-06-01 11:15:08,V037,152.0,1.2053495685651368
2026-06-01,2026-06-01 11:15:09,V037,152.0,1.3580426804921297
2026-06-01,2026-06-01 11:15:10,V037,153.0,1.3011628828760942
2026-06-01,2026-06-01 11:15:11,V037,154.0,1.195555947601634
2026-06-01,2026-06-01 11:15:12,V037,154.0,1.1576828420530978
2026-06-01,2026-06-01 11:15:13,V037,154.0,1.1783087397060539
2026-06-01,2026-06-01 11:15:14,V037,154.0,1.0653184166898706
2026-06-01,2026-06-01 11:15:15,V037,154.0,1.09290717575098
2026-06-01,2026-06-01 11:15:16,V037,153.0,1.1426143004123395
2026-06-01,2026-06-01 11:15:17,V037,153.0,1.1284010869052985
2026-06-01,2026-06-01 11:15:18,V037,153.0,1.1178280617272156
2026-06-01,2026-06-01 11:15:19,V037,152.0,1.1365438215760102
2026-06-01,2026-06-01 11:15:20,V037,152.0,1.139090491455205
2026-06-01,2026-06-01 11:15:21,V037,152.0,1.138029619043719
2026-06-01,2026-06-01 11:15:22,V037,152.0,1.1342956012166654
2026-06-01,2026-06-01 11:15:23,V037,151.0,1.1359511372654663
2026-06-01,2026-06-01 11:15:24,V037,151.0,1.134984271952772
2026-06-01,2026-06-01 11:15:25,V037,151.0,1.13720210734812
2026-06-01,2026-06-01 11:15:26,V037,151.0,1.165943245108539
2026-06-01,2026-06-01 11:15:27,V037,151.0,1.1641259636576347
2026-06-01,2026-06-01 11:15:28,V037,151.0,1.1376366062941214
2026-06-01,2026-06-01 11:15:29,V037,151.0,1.2259139769256906
2026-06-01,2026-06-01 11:15:30,V037,151.0,1.1229873719360262
2026-06-01,2026-06-01 11:15:31,V037,151.0,1.161530573083869
2026-06-01,2026-06-01 11:15:32,V037,151.0,1.1753379470105139
2026-06-01,2026-06-01 11:15:33,V037,151.0,1.1199100094726835
2026-06-01,2026-06-01 11:15:34,V037,151.0,1.1667924494037918
2026-06-01,2026-06-01 11:15:35,V037,150.0,1.1744228142002273
2026-06-01,2026-06-01 11:15:36,V037,150.0,1.171383936784265
2026-06-01,2026-06-01 11:15:37,V037,150.0,1.168823720920175
2026-06-01,2026-06-01 11:15:38,V037,150.0,1.1596559797488437
2026-06-01,2026-06-01 11:15:39,V037,150.0,1.1421730815608113
2026-06-01,2026-06-01 11:15:40,V037,150.0,1.1706137138570403
2026-06-01,2026-06-01 11:15:41,V037,150.0,1.1650773041043894
2026-06-01,2026-06-01 11:15:42,V037,150.0,1.2943273359899867
2026-06-01,2026-06-01 11:15:43,V037,150.0,1.1633274510362737
2026-06-01,2026-06-01 11:15:44,V037,149.0,1.151042861072597
2026-06-01,2026-06-01 11:15:45,V037,149.0,1.174590348046661
2026-06-01,2026-06-01 11:15:46,V037,149.0,1.136095281944316
2026-06-01,2026-06-01 11:15:47,V037,149.0,1.14000919447905
2026-06-01,2026-06-01 11:15:48,V037,149.0,1.1391434332380086
2026-06-01,2026-06-01 11:15:49,V037,148.0,1.1294420226497566
2026-06-01,2026-06-01 11:15:50,V037,148.0,1.133203015191537
2026-06-01,2026-06-01 11:15:51,V037,148.0,1.1319726445048925
2026-06-01,2026-06-01 11:15:52,V037,147.0,1.1373847473814827
2026-06-01,2026-06-01 11:15:53,V037,146.0,1.141446463690198
2026-06-01,2026-06-01 11:15:54,V037,145.0,1.2050410536130234
2026-06-01,2026-06-01 11:15:55,V037,144.0,1.3097600706525032
2026-06-01,2026-06-01 11:15:56,V037,141.0,1.0607364146219733
2026-06-01,2026-06-01 11:15:57,V037,138.0,1.4598422505076836
2026-06-01,2026-06-01 11:15:58,V037,135.0,1.1993636010262043
2026-06-01,2026-06-01 11:15:59,V037,133.0,1.146338721984081
2026-06-01,2026-06-01 11:16:00,V037,132.0,1.121341796216467
2026-06-01,2026-06-01 11:16:01,V037,131.0,1.1376683096502584
2026-06-01,2026-06-01 11:16:02,V037,131.0,1.1428419314641094
2026-06-01,2026-06-01 11:16:03,V037,131.0,1.205680400399421
2026-06-01,2026-06-01 11:16:04,V037,131.0,1.468806834998373
2026-06-01,2026-06-01 11:16:05,V037,131.0,1.2941900086859461
2026-06-01,2026-06-01 11:16:06,V037,131.0,1.1408665352332679
2026-06-01,2026-06-01 11:16:07,V037,131.0,1.1311014967197641
2026-06-01,2026-06-01 11:16:08,V037,131.0,1.1382506167820474
2026-06-01,2026-06-01 11:16:09,V037,132.0,1.1306326817129364
2026-06-01,2026-06-01 11:16:10,V037,132.0,1.1307188131912926
2026-06-01,2026-06-01 11:16:11,V037,133.0,1.1430817830639635
2026-06-01,2026-06-01 11:16:12,V037,133.0,1.1452026090724918
2026-06-01,2026-06-01 11:16:13,V037,134.0,1.1455190841803777
2026-06-01,2026-06-01 11:16:14,V037,134.0,1.153821030326884
2026-06-01,2026-06-01 11:16:15,V037,135.0,1.1408035880827279
2026-06-01,2026-06-01 11:16:16,V037,135.0,1.1632362643987662
2026-06-01,2026-06-01 11:16:17,V037,135.0,1.154905798112119
2026-06-01,2026-06-01 11:16:18,V037,135.0,1.132807494736206
2026-06-01,2026-06-01 11:16:19,V037,135.0,1.1251511458317498
2026-06-01,2026-06-01 11:16:20,V037,135.0,1.1867794189157972
2026-06-01,2026-06-01 11:16:21,V037,134.0,1.169179489402106
2026-06-01,2026-06-01 11:16:22,V037,134.0,1.1123553952130882
2026-06-01,2026-06-01 11:16:23,V037,134.0,1.1814156718293216
2026-06-01,2026-06-01 11:16:24,V037,134.0,1.1483255317443437
2026-06-01,2026-06-01 11:16:25,V037,134.0,1.1482499327464573
2026-06-01,2026-06-01 11:16:26,V037,134.0,1.1535759275025956
2026-06-01,2026-06-01 11:16:27,V037,134.0,1.1579029971810213
2026-06-01,2026-06-01 11:16:28,V037,135.0,1.194760136765177
2026-06-01,2026-06-01 11:16:29,V037,135.0,1.1570485173949687
2026-06-01,2026-06-01 11:16:30,V037,136.0,1.1781889238815455
2026-06-01,2026-06-01 11:16:31,V037,136.0,1.1528930264286448
2026-06-01,2026-06-01 11:16:32,V037,139.0,1.135478506540234
2026-06-01,2026-06-01 11:16:33,V037,140.0,1.1390729685118701
2026-06-01,2026-06-01 11:16:34,V037,140.0,1.131942745160574
2026-06-01,2026-06-01 11:16:35,V037,140.0,1.1387019996916463
2026-06-01,2026-06-01 11:16:36,V037,140.0,1.128714941296696
2026-06-01,2026-06-01 11:16:37,V037,140.0,1.1324804218565874
2026-06-01,2026-06-01 11:16:38,V037,139.0,1.1404084612936556
2026-06-01,2026-06-01 11:16:39,V037,139.0,1.1358781375561973
2026-06-01,2026-06-01 11:16:40,V037,139.0,1.1218092910659931
2026-06-01,2026-06-01 11:16:41,V037,138.0,1.156356560194323
2026-06-01,2026-06-01 11:16:42,V037,138.0,1.1478768658276235
2026-06-01,2026-06-01 11:16:43,V037,138.0,1.103720530374335
2026-06-01,2026-06-01 11:16:44,V037,138.0,1.138239541990493
2026-06-01,2026-06-01 11:16:45,V037,138.0,1.1272921493947845
2026-06-01,2026-06-01 11:16:46,V037,138.0,1.1434717623468178
2026-06-01,2026-06-01 11:16:47,V037,138.0,1.1245238862514277
2026-06-01,2026-06-01 11:16:48,V037,138.0,1.1457407263350856
2026-06-01,2026-06-01 11:16:49,V037,138.0,1.1345384513297712
2026-06-01,2026-06-01 11:16:50,V037,138.0,1.0934097852886626
2026-06-01,2026-06-01 11:16:51,V037,138.0,1.1471058668896943
2026-06-01,2026-06-01 11:16:52,V037,138.0,1.0735202662979932
2026-06-01,2026-06-01 11:16:53,V037,138.0,1.0903125795329258
2026-06-01,2026-06-01 11:16:54,V037,138.0,1.1189833421877426
2026-06-01,2026-06-01 11:16:55,V037,138.0,1.1316602036210972
2026-06-01,2026-06-01 11:16:56,V037,138.0,1.135709956559004
2026-06-01,2026-06-01 11:16:57,V037,138.0,1.1321065458584194
2026-06-01,2026-06-01 11:16:58,V037,138.0,1.1533466046734542
2026-06-01,2026-06-01 11:16:59,V037,138.0,1.114256877602165
2026-06-01,2026-06-01 11:17:00,V037,138.0,1.1609340963769958
2026-06-01,2026-06-01 11:17:01,V037,138.0,1.155558996379304
2026-06-01,2026-06-01 11:17:02,V037,137.0,1.122775859412508
2026-06-01,2026-06-01 11:17:03,V037,137.0,1.1642271056878581
2026-06-01,2026-06-01 11:17:04,V037,137.0,1.1824396876480374
2026-06-01,2026-06-01 11:17:05,V037,136.0,1.1126004525433928
2026-06-01,2026-06-01 11:17:06,V037,136.0,1.1468988298388134
2026-06-01,2026-06-01 11:17:07,V037,136.0,1.1388055072779422
2026-06-01,2026-06-01 11:17:08,V037,136.0,1.1294304304594487
2026-06-01,2026-06-01 11:17:09,V037,135.0,1.1560937871696342
2026-06-01,2026-06-01 11:17:10,V037,136.0,1.128065281885912
2026-06-01,2026-06-01 11:17:11,V037,136.0,1.1355580328786816
2026-06-01,2026-06-01 11:17:12,V037,136.0,1.0875202472938963
2026-06-01,2026-06-01 11:17:13,V037,136.0,1.1981394779078092
2026-06-01,2026-06-01 11:17:14,V037,135.0,1.1907373276076219
2026-06-01,2026-06-01 11:17:15,V037,135.0,1.1441839901688888
2026-06-01,2026-06-01 11:17:16,V037,135.0,1.143465379552011
2026-06-01,2026-06-01 11:17:17,V037,135.0,1.1435326138840043
2026-06-01,2026-06-01 11:17:18,V037,135.0,1.0832298887631082
2026-06-01,2026-06-01 11:17:19,V037,135.0,1.161992687223365
2026-06-01,2026-06-01 11:17:20,V037,134.0,1.1449463229352561
2026-06-01,2026-06-01 11:17:21,V037,134.0,1.1358848622674567
2026-06-01,2026-06-01 11:17:22,V037,133.0,1.1423981519132433
2026-06-01,2026-06-01 11:17:23,V037,132.0,1.1239246337902191
2026-06-01,2026-06-01 11:17:24,V037,132.0,1.1160969881888256
2026-06-01,2026-06-01 11:17:25,V037,131.0,1.1151445376397102
2026-06-01,2026-06-01 11:17:26,V037,131.0,1.143440639796647
2026-06-01,2026-06-01 11:17:27,V037,131.0,1.1542304874245233
2026-06-01,2026-06-01 11:17:28,V037,131.0,1.1717242324304329
2026-06-01,2026-06-01 11:17:29,V037,131.0,1.1422218510242357
2026-06-01,2026-06-01 11:17:30,V037,131.0,1.1585515849703876
2026-06-01,2026-06-01 11:17:31,V037,132.0,1.1637656112766661
2026-06-01,2026-06-01 11:17:32,V037,131.0,1.1992221348567937
2026-06-01,2026-06-01 11:17:33,V037,131.0,1.1336823397426103
2026-06-01,2026-06-01 11:17:34,V037,131.0,1.1556336718625995
2026-06-01,2026-06-01 11:17:35,V037,131.0,1.1448942126526616
2026-06-01,2026-06-01 11:17:36,V037,131.0,1.1574977287303105
2026-06-01,2026-06-01 11:17:37,V037,131.0,1.2963263143762145
2026-06-01,2026-06-01 11:17:38,V037,130.0,1.1871489476832704
2026-06-01,2026-06-01 11:17:39,V037,130.0,1.3617134686490118
2026-06-01,2026-06-01 11:17:40,V037,130.0,1.2128185750470242
2026-06-01,2026-06-01 11:17:41,V037,130.0,1.1464839392647388
2026-06-01,2026-06-01 11:17:42,V037,130.0,1.142636295077137
2026-06-01,2026-06-01 11:17:43,V037,130.0,1.1410391043576915
2026-06-01,2026-06-01 11:17:44,V037,129.0,1.141021364669246
2026-06-01,2026-06-01 11:17:45,V037,129.0,1.161402672210345
2026-06-01,2026-06-01 11:17:46,V037,129.0,1.1314881070103855
2026-06-01,2026-06-01 11:17:47,V037,129.0,1.1323523044528816
2026-06-01,2026-06-01 11:17:48,V037,128.0,1.1332610767950864
2026-06-01,2026-06-01 11:17:49,V037,127.0,1.1394488612465845
2026-06-01,2026-06-01 11:17:50,V037,127.0,1.136140041176984
2026-06-01,2026-06-01 11:17:51,V037,126.0,1.1239210398874797
2026-06-01,2026-06-01 11:17:52,V037,126.0,1.1613204803302033
2026-06-01,2026-06-01 11:17:53,V037,127.0,1.1044658535065297
2026-06-01,2026-06-01 11:17:54,V037,127.0,1.1924080432112758
2026-06-01,2026-06-01 11:17:55,V037,127.0,1.1498237910109401
2026-06-01,2026-06-01 11:17:56,V037,127.0,1.1884660076203606
2026-06-01,2026-06-01 11:17:57,V037,128.0,1.1664917113473006
2026-06-01,2026-06-01 11:17:58,V037,128.0,1.153390615827186
2026-06-01,2026-06-01 11:17:59,V037,128.0,1.1478147157252883
2026-06-01,2026-06-01 11:18:00,V037,128.0,1.1404359337795276
2026-06-01,2026-06-01 11:18:01,V037,128.0,1.1280612231263585
2026-06-01,2026-06-01 11:18:02,V037,128.0,1.1293033599344602
2026-06-01,2026-06-01 11:18:03,V037,128.0,1.1328123354560344
2026-06-01,2026-06-01 11:18:04,V037,128.0,1.1367395438823082
2026-06-01,2026-06-01 11:18:05,V037,128.0,1.136411328309828
2026-06-01,2026-06-01 11:18:06,V037,128.0,1.1384123762164076
2026-06-01,2026-06-01 11:18:07,V037,128.0,1.1362918896816807
2026-06-01,2026-06-01 11:18:08,V037,128.0,1.142717181422864
2026-06-01,2026-06-01 11:18:09,V037,128.0,1.1443652370688246
2026-06-01,2026-06-01 11:18:10,V037,128.0,1.1364199360877256
2026-06-01,2026-06-01 11:18:11,V037,128.0,1.1539485415718627
2026-06-01,2026-06-01 11:18:12,V037,128.0,1.1489937779178785
2026-06-01,2026-06-01 11:18:13,V037,128.0,1.1324121976860617
2026-06-01,2026-06-01 11:18:14,V037,128.0,1.1465050614839087
2026-06-01,2026-06-01 11:18:15,V037,128.0,1.1333044597626671
2026-06-01,2026-06-01 11:18:16,V037,128.0,1.11905247613148
2026-06-01,2026-06-01 11:18:17,V037,128.0,1.1508855973863907
2026-06-01,2026-06-01 11:18:18,V037,128.0,1.1409046974482482
2026-06-01,2026-06-01 11:18:19,V037,129.0,1.144448420250347
2026-06-01,2026-06-01 11:18:20,V037,129.0,1.1375989253206973
2026-06-01,2026-06-01 11:18:21,V037,130.0,1.1329894748712281
2026-06-01,2026-06-01 11:18:22,V037,130.0,1.1326752689104373
2026-06-01,2026-06-01 11:18:23,V037,130.0,1.1533701885823593
2026-06-01,2026-06-01 11:18:24,V037,129.0,1.1467372156285733
2026-06-01,2026-06-01 11:18:25,V037,129.0,1.1382215748686406
2026-06-01,2026-06-01 11:18:26,V037,130.0,1.1359442045288766
2026-06-01,2026-06-01 11:18:27,V037,130.0,1.1430162017389305
2026-06-01,2026-06-01 11:18:28,V037,130.0,1.1007047361982096
2026-06-01,2026-06-01 11:18:29,V037,130.0,1.1158206924666867
2026-06-01,2026-06-01 11:18:30,V037,130.0,1.1197711192854727
2026-06-01,2026-06-01 11:18:31,V037,130.0,1.1769977599853332
2026-06-01,2026-06-01 11:18:32,V037,131.0,1.1562544067083236
2026-06-01,2026-06-01 11:18:33,V037,131.0,1.1301900623926453
2026-06-01,2026-06-01 11:18:34,V037,131.0,1.1484780233805365
2026-06-01,2026-06-01 11:18:35,V037,131.0,1.1394515393534914
2026-06-01,2026-06-01 11:18:36,V037,132.0,1.1372435532304
2026-06-01,2026-06-01 11:18:37,V037,132.0,1.1321410351325396
2026-06-01,2026-06-01 11:18:38,V037,132.0,1.1325814461703738
2026-06-01,2026-06-01 11:18:39,V037,131.0,1.1427452630726314
2026-06-01,2026-06-01 11:18:40,V037,131.0,1.1457031177348456
2026-06-01,2026-06-01 11:18:41,V037,131.0,1.138029455996912
2026-06-01,2026-06-01 11:18:42,V037,131.0,1.1464612750952008
2026-06-01,2026-06-01 11:18:43,V037,131.0,1.147804170674571
2026-06-01,2026-06-01 11:18:44,V037,131.0,1.1367580160980006
2026-06-01,2026-06-01 11:18:45,V037,131.0,1.1443652174476993
2026-06-01,2026-06-01 11:18:46,V037,131.0,1.1379599101567601
2026-06-01,2026-06-01 11:18:47,V037,131.0,1.143335374369635
2026-06-01,2026-06-01 11:18:48,V037,131.0,1.1506756025199227
2026-06-01,2026-06-01 11:18:49,V037,131.0,1.131995811036877
2026-06-01,2026-06-01 11:18:50,V037,132.0,1.1438371313777795
2026-06-01,2026-06-01 11:18:51,V037,132.0,1.1181166242765583
2026-06-01,2026-06-01 11:18:52,V037,133.0,1.1322379241655378
2026-06-01,2026-06-01 11:18:53,V037,133.0,1.1466329470152101
2026-06-01,2026-06-01 11:18:54,V037,134.0,1.152992325646893
2026-06-01,2026-06-01 11:18:55,V037,135.0,1.14110346639286
2026-06-01,2026-06-01 11:18:56,V037,136.0,1.139110840757383
2026-06-01,2026-06-01 11:18:57,V037,136.0,1.1349181460779678
2026-06-01,2026-06-01 11:18:58,V037,138.0,1.1376881362407012
2026-06-01,2026-06-01 11:18:59,V037,139.0,1.1376429067603908
2026-06-01,2026-06-01 11:19:00,V037,140.0,1.1401067368901214
2026-06-01,2026-06-01 11:19:01,V037,141.0,1.1535440479491155
2026-06-01,2026-06-01 11:19:02,V037,142.0,1.1518238947989565
2026-06-01,2026-06-01 11:19:03,V037,143.0,1.1277564037955727
2026-06-01,2026-06-01 11:19:04,V037,144.0,1.1337035789899728
2026-06-01,2026-06-01 11:19:05,V037,145.0,1.1518740585546707
2026-06-01,2026-06-01 11:19:06,V037,146.0,1.1433027166713148
2026-06-01,2026-06-01 11:19:07,V037,147.0,1.1392913168895813
2026-06-01,2026-06-01 11:19:08,V037,148.0,1.1333411581204484
2026-06-01,2026-06-01 11:19:09,V037,149.0,1.1328603875824572
2026-06-01,2026-06-01 11:19:10,V037,150.0,1.1341677024406671
2026-06-01,2026-06-01 11:19:11,V037,151.0,1.1345714809528673
2026-06-01,2026-06-01 11:19:12,V037,152.0,1.1469705465095574
2026-06-01,2026-06-01 11:19:13,V037,152.0,1.1385641238587951
2026-06-01,2026-06-01 11:19:14,V037,152.0,1.1561584435742545
2026-06-01,2026-06-01 11:19:15,V037,153.0,1.1508355679803906
2026-06-01,2026-06-01 11:19:16,V037,153.0,1.1428147045988597
2026-06-01,2026-06-01 11:19:17,V037,154.0,1.139514410899658
2026-06-01,2026-06-01 11:19:18,V037,155.0,1.1316757784830247
2026-06-01,2026-06-01 11:19:19,V037,155.0,1.1546993337821878
2026-06-01,2026-06-01 11:19:20,V037,155.0,1.1373640301195167
2026-06-01,2026-06-01 11:19:21,V037,155.0,1.1326192461609694
2026-06-01,2026-06-01 11:19:22,V037,155.0,1.1369124600948766
2026-06-01,2026-06-01 11:19:23,V037,155.0,1.1551950566462734
2026-06-01,2026-06-01 11:19:24,V037,155.0,1.14205390151051
2026-06-01,2026-06-01 11:19:25,V037,155.0,1.1415344899130178
2026-06-01,2026-06-01 11:19:26,V037,155.0,1.1207336304830755
2026-06-01,2026-06-01 11:19:27,V037,154.0,1.1315246234449308
2026-06-01,2026-06-01 11:19:28,V037,154.0,1.1262047681467917
2026-06-01,2026-06-01 11:19:29,V037,154.0,1.1332694439713944
2026-06-01,2026-06-01 11:19:30,V037,153.0,1.1458033950877575
2026-06-01,2026-06-01 11:19:31,V037,153.0,1.1491893486268434
2026-06-01,2026-06-01 11:19:32,V037,153.0,1.1343561014984598
2026-06-01,2026-06-01 11:19:33,V037,152.0,1.1261358694404624
2026-06-01,2026-06-01 11:19:34,V037,152.0,1.1253051054366139
2026-06-01,2026-06-01 11:19:35,V037,152.0,1.1425587513095177
2026-06-01,2026-06-01 11:19:36,V037,152.0,1.1449226087780036
2026-06-01,2026-06-01 11:19:37,V037,152.0,1.1330893552072085
2026-06-01,2026-06-01 11:19:38,V037,151.0,1.130409516395466
2026-06-01,2026-06-01 11:19:39,V037,151.0,1.1515981463016483
2026-06-01,2026-06-01 11:19:40,V037,151.0,1.1891593639121256
2026-06-01,2026-06-01 11:19:41,V037,150.0,1.1011180287018207
2026-06-01,2026-06-01 11:19:42,V037,150.0,1.148121714432281
2026-06-01,2026-06-01 11:19:43,V037,150.0,1.1750467315623327
2026-06-01,2026-06-01 11:19:44,V037,150.0,1.1448132259416375
2026-06-01,2026-06-01 11:19:45,V037,150.0,1.1490305904244342
2026-06-01,2026-06-01 11:19:46,V037,150.0,1.1403964193699092
2026-06-01,2026-06-01 11:19:47,V037,150.0,1.117008198557317
2026-06-01,2026-06-01 11:19:48,V037,150.0,1.1352579872179474
2026-06-01,2026-06-01 11:19:49,V037,150.0,1.1358259836641116
2026-06-01,2026-06-01 11:19:50,V037,149.0,1.1509688888731215
2026-06-01,2026-06-01 11:19:51,V037,149.0,1.1415745312411718
2026-06-01,2026-06-01 11:19:52,V037,149.0,1.1468395738378565
2026-06-01,2026-06-01 11:19:53,V037,149.0,1.1336336777161409
2026-06-01,2026-06-01 11:19:54,V037,149.0,1.1302534892328868
2026-06-01,2026-06-01 11:19:55,V037,149.0,1.1331998041891589
2026-06-01,2026-06-01 11:19:56,V037,149.0,1.119882658392599
2026-06-01,2026-06-01 11:19:57,V037,149.0,1.1407480943484078
2026-06-01,2026-06-01 11:19:58,V037,149.0,1.1519598216784752
2026-06-01,2026-06-01 11:19:59,V037,149.0,1.1188275660652773
2026-06-01,2026-06-01 11:20:00,V037,149.0,1.1379453162098445
2026-06-01,2026-06-01 11:20:01,V037,150.0,1.131789618722894
2026-06-01,2026-06-01 11:20:02,V037,149.0,1.132511430306141
2026-06-01,2026-06-01 11:20:03,V037,149.0,1.1228603880848211
2026-06-01,2026-06-01 11:20:04,V037,149.0,1.1357480105898339
2026-06-01,2026-06-01 11:20:05,V037,149.0,1.1312295217274448
2026-06-01,2026-06-01 11:20:06,V037,149.0,1.1501824922824284
2026-06-01,2026-06-01 11:20:07,V037,150.0,1.1439629414843897
2026-06-01,2026-06-01 11:20:08,V037,150.0,1.1473022833075694
2026-06-01,2026-06-01 11:20:09,V037,150.0,1.1402727662484313
2026-06-01,2026-06-01 11:20:10,V037,150.0,1.123562807501232
2026-06-01,2026-06-01 11:20:11,V037,151.0,1.11374874768394
2026-06-01,2026-06-01 11:20:12,V037,152.0,1.1360141113693354
2026-06-01,2026-06-01 11:20:13,V037,153.0,1.1434558958832175
2026-06-01,2026-06-01 11:20:14,V037,154.0,1.1490360446835775
2026-06-01,2026-06-01 11:20:15,V037,155.0,1.137193046888298
2026-06-01,2026-06-01 11:20:16,V037,155.0,1.1409065647335535
2026-06-01,2026-06-01 11:20:17,V037,156.0,1.1390495008863029
2026-06-01,2026-06-01 11:20:18,V037,156.0,1.1444019776863235
2026-06-01,2026-06-01 11:20:19,V037,156.0,1.1507074306472147
2026-06-01,2026-06-01 11:20:20,V037,156.0,1.1454755302366983
2026-06-01,2026-06-01 11:20:21,V037,156.0,1.1488370675168522
2026-06-01,2026-06-01 11:20:22,V037,155.0,1.1324090935787836
2026-06-01,2026-06-01 11:20:23,V037,155.0,1.1220605276582087
2026-06-01,2026-06-01 11:20:24,V037,155.0,1.1638533732358798
2026-06-01,2026-06-01 11:20:25,V037,154.0,1.141148290343122
2026-06-01,2026-06-01 11:20:26,V037,154.0,1.1424774850805064
2026-06-01,2026-06-01 11:20:27,V037,154.0,1.147556166049457
2026-06-01,2026-06-01 11:20:28,V037,153.0,1.146751536085254
2026-06-01,2026-06-01 11:20:29,V037,153.0,1.1451083960075734
2026-06-01,2026-06-01 11:20:30,V037,152.0,1.1313776423825581
2026-06-01,2026-06-01 11:20:31,V037,152.0,1.1352589942570888
2026-06-01,2026-06-01 11:20:32,V037,152.0,1.129678255814196
2026-06-01,2026-06-01 11:20:33,V037,152.0,1.1400236811150306
2026-06-01,2026-06-01 11:20:34,V037,152.0,1.142491421803117
2026-06-01,2026-06-01 11:20:35,V037,151.0,1.1540730314069014
2026-06-01,2026-06-01 11:20:36,V037,151.0,1.1501288588309904
2026-06-01,2026-06-01 11:20:37,V037,151.0,1.1386200813580611
2026-06-01,2026-06-01 11:20:38,V037,151.0,1.1307250496284542
2026-06-01,2026-06-01 11:20:39,V037,151.0,1.1462852806007338
2026-06-01,2026-06-01 11:20:40,V037,151.0,1.1545761194365518
2026-06-01,2026-06-01 11:20:41,V037,151.0,1.14113465646079
2026-06-01,2026-06-01 11:20:42,V037,152.0,1.1476927203519591
2026-06-01,2026-06-01 11:20:43,V037,152.0,1.1273437637984742
2026-06-01,2026-06-01 11:20:44,V037,152.0,1.1564032250574694
2026-06-01,2026-06-01 11:20:45,V037,152.0,1.1410057812913317
2026-06-01,2026-06-01 11:20:46,V037,151.0,1.15108883988987
2026-06-01,2026-06-01 11:20:47,V037,151.0,1.1431563873158002
2026-06-01,2026-06-01 11:20:48,V037,151.0,1.1489509557998907
2026-06-01,2026-06-01 11:20:49,V037,150.0,1.1409036768148944
2026-06-01,2026-06-01 11:20:50,V037,151.0,1.1405560232809815
2026-06-01,2026-06-01 11:20:51,V037,151.0,1.1383179954597582
2026-06-01,2026-06-01 11:20:52,V037,150.0,1.163906379061957
2026-06-01,2026-06-01 11:20:53,V037,150.0,1.1463246181246622
2026-06-01,2026-06-01 11:20:54,V037,151.0,1.1350177241149668
2026-06-01,2026-06-01 11:20:55,V037,151.0,1.1462349435081516
2026-06-01,2026-06-01 11:20:56,V037,152.0,1.158213299620121
2026-06-01,2026-06-01 11:20:57,V037,153.0,1.1344341565638523
2026-06-01,2026-06-01 11:20:58,V037,153.0,1.1313911060502093
2026-06-01,2026-06-01 11:20:59,V037,153.0,1.1286147703419036
2026-06-01,2026-06-01 11:21:00,V037,153.0,1.140638714713954
2026-06-01,2026-06-01 11:21:01,V037,153.0,1.285510615287234
2026-06-01,2026-06-01 11:21:02,V037,153.0,1.1846978012748703
2026-06-01,2026-06-01 11:21:03,V037,153.0,1.1413209615171163
2026-06-01,2026-06-01 11:21:04,V037,153.0,1.176329330991836
2026-06-01,2026-06-01 11:21:05,V037,153.0,1.1285351453010004
2026-06-01,2026-06-01 11:21:06,V037,152.0,1.0831233570423426
2026-06-01,2026-06-01 11:21:07,V037,152.0,1.1522738243719657
2026-06-01,2026-06-01 11:21:08,V037,152.0,1.1375656743641152
2026-06-01,2026-06-01 11:21:09,V037,152.0,1.1768352232687858
2026-06-01,2026-06-01 11:21:10,V037,152.0,1.123884243257635
2026-06-01,2026-06-01 11:21:11,V037,151.0,1.1512799835827996
2026-06-01,2026-06-01 11:21:12,V037,151.0,1.1675765452244486
2026-06-01,2026-06-01 11:21:13,V037,151.0,1.1539406592912154
2026-06-01,2026-06-01 11:21:14,V037,150.0,1.1226223837482745
2026-06-01,2026-06-01 11:21:15,V037,150.0,1.1851556293894276
2026-06-01,2026-06-01 11:21:16,V037,149.0,1.181048052909844
2026-06-01,2026-06-01 11:21:17,V037,149.0,1.1239430610263446
2026-06-01,2026-06-01 11:21:18,V037,149.0,1.1533807407359316
2026-06-01,2026-06-01 11:21:19,V037,150.0,1.1449932616353315
2026-06-01,2026-06-01 11:21:20,V037,150.0,1.1669683420268104
2026-06-01,2026-06-01 11:21:21,V037,150.0,1.1360323899107896
2026-06-01,2026-06-01 11:21:22,V037,150.0,1.143913490016951
2026-06-01,2026-06-01 11:21:23,V037,150.0,1.1514961438928097
2026-06-01,2026-06-01 11:21:24,V037,151.0,1.1939800319167588
2026-06-01,2026-06-01 11:21:25,V037,151.0,1.173148026739612
2026-06-01,2026-06-01 11:21:26,V037,150.0,1.1295156235072639
2026-06-01,2026-06-01 11:21:27,V037,150.0,1.126226037789601
2026-06-01,2026-06-01 11:21:28,V037,149.0,1.1377946703083266
2026-06-01,2026-06-01 11:21:29,V037,149.0,1.112813901647358
2026-06-01,2026-06-01 11:21:30,V037,148.0,1.1086238697463193
2026-06-01,2026-06-01 11:21:31,V037,147.0,1.1511563915194434
2026-06-01,2026-06-01 11:21:32,V037,147.0,1.1787446615365211
2026-06-01,2026-06-01 11:21:33,V037,148.0,1.176374845582571
2026-06-01,2026-06-01 11:21:34,V037,148.0,1.1659140728814261
2026-06-01,2026-06-01 11:21:35,V037,148.0,1.4769642861312104
2026-06-01,2026-06-01 11:21:36,V037,148.0,1.1433097389490254
2026-06-01,2026-06-01 11:21:37,V037,148.0,1.1797908558784886
2026-06-01,2026-06-01 11:21:38,V037,148.0,1.1973396495264017
2026-06-01,2026-06-01 11:21:39,V037,148.0,1.2071563048163387
2026-06-01,2026-06-01 11:21:40,V037,148.0,1.1567109618388112
2026-06-01,2026-06-01 11:21:41,V037,148.0,1.1667441460409766
2026-06-01,2026-06-01 11:21:42,V037,148.0,1.1371318223039504
2026-06-01,2026-06-01 11:21:43,V037,148.0,1.1467757390730777
2026-06-01,2026-06-01 11:21:44,V037,148.0,1.1248877702956133
2026-06-01,2026-06-01 11:21:45,V037,147.0,1.139547315697462
2026-06-01,2026-06-01 11:21:46,V037,147.0,1.1896544445965982
2026-06-01,2026-06-01 11:21:47,V037,147.0,1.18726397954342
2026-06-01,2026-06-01 11:21:48,V037,147.0,1.1362066584242068
2026-06-01,2026-06-01 11:21:49,V037,147.0,1.1697169376252232
2026-06-01,2026-06-01 11:21:50,V037,147.0,1.1664475623821706
2026-06-01,2026-06-01 11:21:51,V037,146.0,1.2019328909859193
2026-06-01,2026-06-01 11:21:52,V037,146.0,1.190918260706848
2026-06-01,2026-06-01 11:21:53,V037,147.0,1.1479167527192258
2026-06-01,2026-06-01 11:21:54,V037,147.0,1.1684608579576388
2026-06-01,2026-06-01 11:21:55,V037,147.0,1.0807980093614107
2026-06-01,2026-06-01 11:21:56,V037,147.0,1.477995660941421
2026-06-01,2026-06-01 11:21:57,V037,147.0,1.59149070238574
2026-06-01,2026-06-01 11:21:58,V037,148.0,1.091449242503385
2026-06-01,2026-06-01 11:21:59,V037,148.0,1.1648228892358605
2026-06-01,2026-06-01 11:22:00,V037,148.0,1.194049813672667
2026-06-01,2026-06-01 11:22:01,V037,148.0,1.1007556734982933
2026-06-01,2026-06-01 11:22:02,V037,148.0,1.2032935083181904
2026-06-01,2026-06-01 11:22:03,V037,148.0,1.202921978534435
2026-06-01,2026-06-01 11:22:04,V037,148.0,1.147582373050323
2026-06-01,2026-06-01 11:22:05,V037,148.0,1.433109265881828
2026-06-01,2026-06-01 11:22:06,V037,148.0,1.5059545726423473
2026-06-01,2026-06-01 11:22:07,V037,148.0,1.5128058867037248
2026-06-01,2026-06-01 11:22:08,V037,148.0,1.2043834908930802
2026-06-01,2026-06-01 11:22:09,V037,148.0,1.1493569402362624
2026-06-01,2026-06-01 11:22:10,V037,148.0,1.1674211328219857
2026-06-01,2026-06-01 11:22:11,V037,147.0,1.2150219941231493
2026-06-01,2026-06-01 11:22:12,V037,147.0,1.3300109141693834
2026-06-01,2026-06-01 11:22:13,V037,146.0,1.1760839243620187
2026-06-01,2026-06-01 11:22:14,V037,145.0,1.133931416646641
2026-06-01,2026-06-01 11:22:15,V037,144.0,1.1391970184196774
2026-06-01,2026-06-01 11:22:16,V037,143.0,1.1331434639538291
2026-06-01,2026-06-01 11:22:17,V037,142.0,1.200076739302184
2026-06-01,2026-06-01 11:22:18,V037,139.0,1.1736498015740569
2026-06-01,2026-06-01 11:22:19,V037,136.0,1.1713940390225819
2026-06-01,2026-06-01 11:22:20,V037,137.0,1.2517576824508028
2026-06-01,2026-06-01 11:22:21,V037,137.0,1.2075349048656339
2026-06-01,2026-06-01 11:22:22,V037,137.0,1.1958309877508044
2026-06-01,2026-06-01 11:22:23,V037,137.0,1.179054723409911
2026-06-01,2026-06-01 11:22:24,V037,137.0,1.1297999935948697
2026-06-01,2026-06-01 11:22:25,V037,138.0,1.1286758013955642
2026-06-01,2026-06-01 11:22:26,V037,138.0,1.1534959002138105
2026-06-01,2026-06-01 11:22:27,V037,138.0,1.1513175524325998
2026-06-01,2026-06-01 11:22:28,V037,138.0,1.2185634078668581
2026-06-01,2026-06-01 11:22:29,V037,139.0,1.174686327123207
2026-06-01,2026-06-01 11:22:30,V037,139.0,1.1494224389049872
2026-06-01,2026-06-01 11:22:31,V037,139.0,1.1896445989420323
2026-06-01,2026-06-01 11:22:32,V037,139.0,1.1508844512552368
2026-06-01,2026-06-01 11:22:33,V037,140.0,1.1477462701022556
2026-06-01,2026-06-01 11:22:34,V037,140.0,1.2157592642367596
2026-06-01,2026-06-01 11:22:35,V037,140.0,1.1543306145163246
2026-06-01,2026-06-01 11:22:36,V037,140.0,1.13132065781448
2026-06-01,2026-06-01 11:22:37,V037,140.0,1.1443501250658803
2026-06-01,2026-06-01 11:22:38,V037,140.0,1.3387069308993274
2026-06-01,2026-06-01 11:22:39,V037,139.0,1.1925786015619917
2026-06-01,2026-06-01 11:22:40,V037,139.0,1.1046063023369197
2026-06-01,2026-06-01 11:22:41,V037,138.0,1.1331026185557327
2026-06-01,2026-06-01 11:22:42,V037,137.0,1.1426365344708982
2026-06-01,2026-06-01 11:22:43,V037,136.0,1.1795629365539941
2026-06-01,2026-06-01 11:22:44,V037,135.0,1.1279989824348102
2026-06-01,2026-06-01 11:22:45,V037,134.0,1.136288636168352
2026-06-01,2026-06-01 11:22:46,V037,131.0,1.1188491840831278
2026-06-01,2026-06-01 11:22:47,V037,129.0,1.1467649717167008
2026-06-01,2026-06-01 11:22:48,V037,128.0,1.1713404530371145
2026-06-01,2026-06-01 11:22:49,V037,128.0,1.13278634841804
2026-06-01,2026-06-01 11:22:50,V037,128.0,1.2401195575886645
2026-06-01,2026-06-01 11:22:51,V037,128.0,1.594281299959378
2026-06-01,2026-06-01 11:22:52,V037,128.0,1.1911264164171902
2026-06-01,2026-06-01 11:22:53,V037,129.0,1.2125551640772254
2026-06-01,2026-06-01 11:22:54,V037,129.0,1.2637915587497228
2026-06-01,2026-06-01 11:22:55,V037,129.0,1.2159574437707532
2026-06-01,2026-06-01 11:22:56,V037,129.0,1.191409814673386
2026-06-01,2026-06-01 11:22:57,V037,130.0,1.2031323663302473
2026-06-01,2026-06-01 11:22:58,V037,129.0,1.1115037297106198
2026-06-01,2026-06-01 11:22:59,V037,129.0,1.1228668005133697
2026-06-01,2026-06-01 11:23:00,V037,129.0,1.1255555911300426
2026-06-01,2026-06-01 11:23:01,V037,129.0,1.1565087852251514
2026-06-01,2026-06-01 11:23:02,V037,129.0,1.1421576729866032
2026-06-01,2026-06-01 11:23:03,V037,129.0,1.1331461103406104
2026-06-01,2026-06-01 11:23:04,V037,130.0,1.1233054681379744
2026-06-01,2026-06-01 11:23:05,V037,130.0,1.2252220746137727
2026-06-01,2026-06-01 11:23:06,V037,130.0,1.139519212179679
2026-06-01,2026-06-01 11:23:07,V037,130.0,1.1327345922337886
2026-06-01,2026-06-01 11:23:08,V037,130.0,1.1918211704203574
2026-06-01,2026-06-01 11:23:09,V037,131.0,1.1835987881643741
2026-06-01,2026-06-01 11:23:10,V037,130.0,1.1595933780575975
2026-06-01,2026-06-01 11:23:11,V037,130.0,1.130413015838173
2026-06-01,2026-06-01 11:23:12,V037,130.0,1.1766347151344467
2026-06-01,2026-06-01 11:23:13,V037,130.0,1.1530528014586727
2026-06-01,2026-06-01 11:23:14,V037,130.0,1.1645683191078438
2026-06-01,2026-06-01 11:23:15,V037,130.0,1.1481031139380875
2026-06-01,2026-06-01 11:23:16,V037,130.0,1.1690505153916633
2026-06-01,2026-06-01 11:23:17,V037,130.0,1.2058514940284855
2026-06-01,2026-06-01 11:23:18,V037,130.0,1.167537885980766
2026-06-01,2026-06-01 11:23:19,V037,131.0,1.231770832452303
2026-06-01,2026-06-01 11:23:20,V037,131.0,1.296021155994645
2026-06-01,2026-06-01 11:23:21,V037,131.0,1.1532670991876226
2026-06-01,2026-06-01 11:23:22,V037,131.0,1.177389204381965
2026-06-01,2026-06-01 11:23:23,V037,132.0,1.1361385834447197
2026-06-01,2026-06-01 11:23:24,V037,132.0,1.1133773133406752
2026-06-01,2026-06-01 11:23:25,V037,132.0,1.151027981661158
2026-06-01,2026-06-01 11:23:26,V037,133.0,1.1320545499367654
2026-06-01,2026-06-01 11:23:27,V037,134.0,1.1108222100005387
2026-06-01,2026-06-01 11:23:28,V037,134.0,1.2247819217183076
2026-06-01,2026-06-01 11:23:29,V037,135.0,1.1395341759745727
2026-06-01,2026-06-01 11:23:30,V037,135.0,1.1451667008764979
2026-06-01,2026-06-01 11:23:31,V037,136.0,1.1787627365232973
2026-06-01,2026-06-01 11:23:32,V037,136.0,1.2017840648052172
2026-06-01,2026-06-01 11:23:33,V037,136.0,1.156810088336855
2026-06-01,2026-06-01 11:23:34,V037,137.0,1.2937141758475093
2026-06-01,2026-06-01 11:23:35,V037,137.0,1.1876722182531882
2026-06-01,2026-06-01 11:23:36,V037,137.0,1.2065761477805177
2026-06-01,2026-06-01 11:23:37,V037,137.0,1.1271938688398815
2026-06-01,2026-06-01 11:23:38,V037,137.0,1.0545294759660178
2026-06-01,2026-06-01 11:23:39,V037,137.0,1.155444917185075
2026-06-01,2026-06-01 11:23:40,V037,137.0,1.1629785224424762
2026-06-01,2026-06-01 11:23:41,V037,137.0,1.1357161744729571
2026-06-01,2026-06-01 11:23:42,V037,136.0,1.1660431611943258
2026-06-01,2026-06-01 11:23:43,V037,136.0,1.1336426606019998
2026-06-01,2026-06-01 11:23:44,V037,136.0,1.140774407586358
2026-06-01,2026-06-01 11:23:45,V037,136.0,1.1259947328493156
2026-06-01,2026-06-01 11:23:46,V037,136.0,1.1701086811029682
2026-06-01,2026-06-01 11:23:47,V037,136.0,1.1296199546068362
2026-06-01,2026-06-01 11:23:48,V037,136.0,1.14373658235146
2026-06-01,2026-06-01 11:23:49,V037,136.0,1.1295773234396844
2026-06-01,2026-06-01 11:23:50,V037,136.0,1.175311034594125
2026-06-01,2026-06-01 11:23:51,V037,136.0,1.177557715186881
2026-06-01,2026-06-01 11:23:52,V037,136.0,1.1562324517429234
2026-06-01,2026-06-01 11:23:53,V037,135.0,1.1475773453900726
2026-06-01,2026-06-01 11:23:54,V037,135.0,1.1542046134033446
2026-06-01,2026-06-01 11:23:55,V037,134.0,1.1655641874983882
2026-06-01,2026-06-01 11:23:56,V037,134.0,1.178741278314424
2026-06-01,2026-06-01 11:23:57,V037,133.0,1.1556988211566437
2026-06-01,2026-06-01 11:23:58,V037,131.0,1.1226023355522072
2026-06-01,2026-06-01 11:23:59,V037,129.0,1.1809805633789698
2026-06-01,2026-06-01 11:24:00,V037,127.0,1.1327424069641812
2026-06-01,2026-06-01 11:24:01,V037,126.0,1.1457732064882777
2026-06-01,2026-06-01 11:24:02,V037,124.0,1.1149011685719474
2026-06-01,2026-06-01 11:24:03,V037,123.0,1.1412736283053682
2026-06-01,2026-06-01 11:24:04,V037,122.0,1.1329962115562775
2026-06-01,2026-06-01 11:24:05,V037,121.0,1.1571734205661652
2026-06-01,2026-06-01 11:24:06,V037,121.0,1.1901357825219785
2026-06-01,2026-06-01 11:24:07,V037,120.0,1.1511555157501852
2026-06-01,2026-06-01 11:24:08,V037,121.0,1.144486360655628
2026-06-01,2026-06-01 11:24:09,V037,121.0,1.1520909060613345
2026-06-01,2026-06-01 11:24:10,V037,120.0,1.155478125380217
2026-06-01,2026-06-01 11:24:11,V037,120.0,1.2293900626625718
2026-06-01,2026-06-01 11:24:12,V037,120.0,1.1431965164270745
2026-06-01,2026-06-01 11:24:13,V037,119.0,1.1973072608381945
2026-06-01,2026-06-01 11:24:14,V037,118.0,1.1893578858307485
2026-06-01,2026-06-01 11:24:15,V037,118.0,1.1751149121732134
2026-06-01,2026-06-01 11:24:16,V037,117.0,1.1213362330000711
2026-06-01,2026-06-01 11:24:17,V037,117.0,1.1730880159421007
2026-06-01,2026-06-01 11:24:18,V037,117.0,1.1200994912967783
2026-06-01,2026-06-01 11:24:19,V037,117.0,1.1424986730351503
2026-06-01,2026-06-01 11:24:20,V037,116.0,1.1269989395984585
2026-06-01,2026-06-01 11:24:21,V037,116.0,1.1714209153654307
2026-06-01,2026-06-01 11:24:22,V037,116.0,1.1355613051858908
2026-06-01,2026-06-01 11:24:23,V037,115.0,1.1719459741303455
2026-06-01,2026-06-01 11:24:24,V037,115.0,1.1560904250952586
2026-06-01,2026-06-01 11:24:25,V037,114.0,1.1531033116957083
2026-06-01,2026-06-01 11:24:26,V037,113.0,1.150797952345589
2026-06-01,2026-06-01 11:24:27,V037,111.0,1.1016968372101823
2026-06-01,2026-06-01 11:24:28,V037,112.0,1.1455083257715788
2026-06-01,2026-06-01 11:24:29,V037,113.0,1.1679057348117172
2026-06-01,2026-06-01 11:24:30,V037,112.0,1.0933783701547153
2026-06-01,2026-06-01 11:24:31,V037,112.0,1.1416861227612483
2026-06-01,2026-06-01 11:24:32,V037,112.0,1.123088211715465
2026-06-01,2026-06-01 11:24:33,V037,112.0,1.1613768778687406
2026-06-01,2026-06-01 11:24:34,V037,112.0,1.1482811529449513
2026-06-01,2026-06-01 11:24:35,V037,112.0,1.176239988352515
2026-06-01,2026-06-01 11:24:36,V037,113.0,1.1054541214966862
2026-06-01,2026-06-01 11:24:37,V037,113.0,1.1261428496139343
2026-06-01,2026-06-01 11:24:38,V037,113.0,1.2001577616804957
2026-06-01,2026-06-01 11:24:39,V037,113.0,1.0909267250181636
2026-06-01,2026-06-01 11:24:40,V037,113.0,1.1926739239360686
2026-06-01,2026-06-01 11:24:41,V037,113.0,1.1813853403106376
2026-06-01,2026-06-01 11:24:42,V037,113.0,1.2038426359747239
2026-06-01,2026-06-01 11:24:43,V037,113.0,1.1172893413253577
2026-06-01,2026-06-01 11:24:44,V037,113.0,1.1460543173967457
2026-06-01,2026-06-01 11:24:45,V037,114.0,1.1180943178975054
2026-06-01,2026-06-01 11:24:46,V037,114.0,1.1131109959301493
2026-06-01,2026-06-01 11:24:47,V037,114.0,1.1326311819518085
2026-06-01,2026-06-01 11:24:48,V037,114.0,1.1246332901442537
2026-06-01,2026-06-01 11:24:49,V037,114.0,1.1443405545386907
2026-06-01,2026-06-01 11:24:50,V037,115.0,1.143464089534571
2026-06-01,2026-06-01 11:24:51,V037,115.0,1.2007578851940806
2026-06-01,2026-06-01 11:24:52,V037,116.0,1.1273439298664318
2026-06-01,2026-06-01 11:24:53,V037,116.0,1.120762472586015
2026-06-01,2026-06-01 11:24:54,V037,116.0,1.1572585837008689
2026-06-01,2026-06-01 11:24:55,V037,116.0,1.1045852013375186
2026-06-01,2026-06-01 11:24:56,V037,116.0,1.15428479634434
2026-06-01,2026-06-01 11:24:57,V037,116.0,1.1211079592489366
2026-06-01,2026-06-01 11:24:58,V037,116.0,1.1319840147459175
2026-06-01,2026-06-01 11:24:59,V037,116.0,1.1836893385510352
2026-06-01,2026-06-01 11:25:00,V037,116.0,1.167088037382975
2026-06-01,2026-06-01 11:25:01,V037,116.0,1.10273746584161
2026-06-01,2026-06-01 11:25:02,V037,116.0,1.1905030623309256
2026-06-01,2026-06-01 11:25:03,V037,116.0,1.2507764826654284
2026-06-01,2026-06-01 11:25:04,V037,116.0,1.1332456791761885
2026-06-01,2026-06-01 11:25:05,V037,116.0,1.1509577022495476
2026-06-01,2026-06-01 11:25:06,V037,116.0,1.1225782231432897
2026-06-01,2026-06-01 11:25:07,V037,116.0,1.1556812800017136
2026-06-01,2026-06-01 11:25:08,V037,116.0,1.1156002393324032
2026-06-01,2026-06-01 11:25:09,V037,116.0,1.145032348434808
2026-06-01,2026-06-01 11:25:10,V037,116.0,1.1297209126724939
2026-06-01,2026-06-01 11:25:11,V037,116.0,1.1852714774347497
2026-06-01,2026-06-01 11:25:12,V037,116.0,1.2273066691304895
2026-06-01,2026-06-01 11:25:13,V037,116.0,1.1911772570001655
2026-06-01,2026-06-01 11:25:14,V037,116.0,1.1536693046879813
2026-06-01,2026-06-01 11:25:15,V037,116.0,1.1366109322224767
2026-06-01,2026-06-01 11:25:16,V037,115.0,1.1387778076597046
2026-06-01,2026-06-01 11:25:17,V037,115.0,1.1128250413805496
2026-06-01,2026-06-01 11:25:18,V037,114.0,1.1236978449022896
2026-06-01,2026-06-01 11:25:19,V037,113.0,1.178577567144452
2026-06-01,2026-06-01 11:25:20,V037,112.0,1.156149639031076
2026-06-01,2026-06-01 11:25:21,V037,112.0,1.149264252950146
2026-06-01,2026-06-01 11:25:22,V037,110.0,1.17966780426855
2026-06-01,2026-06-01 11:25:23,V037,109.0,1.1806413181315853
2026-06-01,2026-06-01 11:25:24,V037,108.0,1.2116716113543942
2026-06-01,2026-06-01 11:25:25,V037,107.0,1.1668735408648252
2026-06-01,2026-06-01 11:25:26,V037,106.0,1.1975837351620569
2026-06-01,2026-06-01 11:25:27,V037,105.0,1.1530117629708958
2026-06-01,2026-06-01 11:25:28,V037,104.0,1.1779531361636946
2026-06-01,2026-06-01 11:25:29,V037,103.0,1.1515797038303015
2026-06-01,2026-06-01 11:25:30,V037,102.0,1.167445016179406
2026-06-01,2026-06-01 11:25:31,V037,102.0,1.1514948518149255
2026-06-01,2026-06-01 11:25:32,V037,102.0,1.1537958214644888
2026-06-01,2026-06-01 11:25:33,V037,102.0,1.1580922810658159
2026-06-01,2026-06-01 11:25:34,V037,102.0,1.1472112863589883
2026-06-01,2026-06-01 11:25:35,V037,102.0,1.141365273844333
2026-06-01,2026-06-01 11:25:36,V037,102.0,1.1470225809369408
2026-06-01,2026-06-01 11:25:37,V037,102.0,1.1372057071583375
2026-06-01,2026-06-01 11:25:38,V037,102.0,1.1526974196479534
2026-06-01,2026-06-01 11:25:39,V037,102.0,1.1245245851441519
2026-06-01,2026-06-01 11:25:40,V037,102.0,1.1367698331475762
2026-06-01,2026-06-01 11:25:41,V037,102.0,1.1298849661247528
2026-06-01,2026-06-01 11:25:42,V037,102.0,1.167627876104323
2026-06-01,2026-06-01 11:25:43,V037,102.0,1.1657742539708487
2026-06-01,2026-06-01 11:25:44,V037,102.0,1.3090149829246007
2026-06-01,2026-06-01 11:25:45,V037,101.0,1.2199801453413732
2026-06-01,2026-06-01 11:25:46,V037,101.0,1.3204815311868134
2026-06-01,2026-06-01 11:25:47,V037,101.0,1.1845462180726225
2026-06-01,2026-06-01 11:25:48,V037,99.0,1.2074800110559556
2026-06-01,2026-06-01 11:25:49,V037,98.0,1.142266734648123
2026-06-01,2026-06-01 11:25:50,V037,98.0,1.162580580374687
2026-06-01,2026-06-01 11:25:51,V037,97.0,1.156115597875344
2026-06-01,2026-06-01 11:25:52,V037,98.0,1.1606450108106208
2026-06-01,2026-06-01 11:25:53,V037,98.0,1.5291331086929554
2026-06-01,2026-06-01 11:25:54,V037,98.0,1.4820892578971756
2026-06-01,2026-06-01 11:25:55,V037,98.0,1.3036797039523622
2026-06-01,2026-06-01 11:25:56,V037,99.0,1.16010582351409
2026-06-01,2026-06-01 11:25:57,V037,99.0,1.1367677883610423
2026-06-01,2026-06-01 11:25:58,V037,99.0,1.1427825775090774
2026-06-01,2026-06-01 11:25:59,V037,100.0,1.126245715923062
2026-06-01,2026-06-01 11:26:00,V037,100.0,1.1408315719015327
2026-06-01,2026-06-01 11:26:01,V037,101.0,1.1276557323865533
2026-06-01,2026-06-01 11:26:02,V037,101.0,1.1427882581048812
2026-06-01,2026-06-01 11:26:03,V037,101.0,1.129050481155374
2026-06-01,2026-06-01 11:26:04,V037,101.0,1.135377844289884
2026-06-01,2026-06-01 11:26:05,V037,102.0,1.140639623612324
2026-06-01,2026-06-01 11:26:06,V037,102.0,1.1272131098412428
2026-06-01,2026-06-01 11:26:07,V037,103.0,1.1591047599283388
2026-06-01,2026-06-01 11:26:08,V037,103.0,1.1036630878281986
2026-06-01,2026-06-01 11:26:09,V037,104.0,1.1458282514049312
2026-06-01,2026-06-01 11:26:10,V037,104.0,1.1401540559846337
2026-06-01,2026-06-01 11:26:11,V037,104.0,1.1400281998914776
2026-06-01,2026-06-01 11:26:12,V037,104.0,1.1407042968944985
2026-06-01,2026-06-01 11:26:13,V037,103.0,1.1632674022591805
2026-06-01,2026-06-01 11:26:14,V037,104.0,1.2054873943663362
2026-06-01,2026-06-01 11:26:15,V037,104.0,1.1273577380893478
2026-06-01,2026-06-01 11:26:16,V037,104.0,1.183456307399786
2026-06-01,2026-06-01 11:26:17,V037,104.0,1.1501483817531073
2026-06-01,2026-06-01 11:26:18,V037,104.0,1.1434226995922823
2026-06-01,2026-06-01 11:26:19,V037,104.0,1.126509471776475
2026-06-01,2026-06-01 11:26:20,V037,104.0,1.1504329650801053
2026-06-01,2026-06-01 11:26:21,V037,105.0,1.1409729783241649
2026-06-01,2026-06-01 11:26:22,V037,105.0,1.1001634309114587
2026-06-01,2026-06-01 11:26:23,V037,105.0,1.1984725262764329
2026-06-01,2026-06-01 11:26:24,V037,105.0,1.1297393666143964
2026-06-01,2026-06-01 11:26:25,V037,105.0,1.1772985767006703
2026-06-01,2026-06-01 11:26:26,V037,105.0,1.1407109261669293
2026-06-01,2026-06-01 11:26:27,V037,105.0,1.1409255671493634
2026-06-01,2026-06-01 11:26:28,V037,105.0,1.1371956323877197
2026-06-01,2026-06-01 11:26:29,V037,105.0,1.1301745298152588
2026-06-01,2026-06-01 11:26:30,V037,106.0,1.1246125819341537
2026-06-01,2026-06-01 11:26:31,V037,106.0,1.1415860867886078
2026-06-01,2026-06-01 11:26:32,V037,107.0,1.1389757660186601
2026-06-01,2026-06-01 11:26:33,V037,107.0,1.1384092295971195
2026-06-01,2026-06-01 11:26:34,V037,107.0,1.1513786127909038
2026-06-01,2026-06-01 11:26:35,V037,108.0,1.1262581687333892
2026-06-01,2026-06-01 11:26:36,V037,108.0,1.1819612451960613
2026-06-01,2026-06-01 11:26:37,V037,108.0,1.104884898445065
2026-06-01,2026-06-01 11:26:38,V037,109.0,1.1293028118392217
2026-06-01,2026-06-01 11:26:39,V037,109.0,1.1305203617823851
2026-06-01,2026-06-01 11:26:40,V037,109.0,1.2344810734093918
2026-06-01,2026-06-01 11:26:41,V037,109.0,0.9874742494445518
2026-06-01,2026-06-01 11:26:42,V037,109.0,0.9345601105046644
2026-06-01,2026-06-01 11:26:43,V037,109.0,0.9529727107490507
2026-06-01,2026-06-01 11:26:44,V037,109.0,1.1002218406353501
2026-06-01,2026-06-01 11:26:45,V037,109.0,1.1640780672210913
2026-06-01,2026-06-01 11:26:46,V037,109.0,1.1378024361983619
2026-06-01,2026-06-01 11:26:47,V037,109.0,1.1531301269267409
2026-06-01,2026-06-01 11:26:48,V037,110.0,1.109960024258843
2026-06-01,2026-06-01 11:26:49,V037,110.0,1.1406133280342408
2026-06-01,2026-06-01 11:26:50,V037,110.0,1.1328805126329842
2026-06-01,2026-06-01 11:26:51,V037,110.0,1.1282042402232932
2026-06-01,2026-06-01 11:26:52,V037,111.0,1.1392490283619137
2026-06-01,2026-06-01 11:26:53,V037,111.0,1.1280322870267236
2026-06-01,2026-06-01 11:26:54,V037,111.0,1.1331954194827736
2026-06-01,2026-06-01 11:26:55,V037,111.0,1.1363244553693095
2026-06-01,2026-06-01 11:26:56,V037,111.0,1.1195673288631522
2026-06-01,2026-06-01 11:26:57,V037,111.0,1.1609035241311063
2026-06-01,2026-06-01 11:26:58,V037,111.0,1.1107549235755028
2026-06-01,2026-06-01 11:26:59,V037,111.0,1.1481384432878405
2026-06-01,2026-06-01 11:27:00,V037,111.0,1.130908862649678
2026-06-01,2026-06-01 11:27:01,V037,111.0,1.1653915908206105
2026-06-01,2026-06-01 11:27:02,V037,111.0,1.1328911613554953
2026-06-01,2026-06-01 11:27:03,V037,111.0,1.1313908697089003
2026-06-01,2026-06-01 11:27:04,V037,111.0,1.1437397907186901
2026-06-01,2026-06-01 11:27:05,V037,111.0,1.1476118774527202
2026-06-01,2026-06-01 11:27:06,V037,111.0,1.13488075304337
2026-06-01,2026-06-01 11:27:07,V037,111.0,1.1427679398506392
2026-06-01,2026-06-01 11:27:08,V037,111.0,1.1366712888663206
2026-06-01,2026-06-01 11:27:09,V037,111.0,1.1335075804750234
2026-06-01,2026-06-01 11:27:10,V037,111.0,1.1352509413481644
2026-06-01,2026-06-01 11:27:11,V037,112.0,1.1365623169267367
2026-06-01,2026-06-01 11:27:12,V037,112.0,1.133692666014978
2026-06-01,2026-06-01 11:27:13,V037,112.0,1.1539831506624325
2026-06-01,2026-06-01 11:27:14,V037,112.0,1.1196355364553856
2026-06-01,2026-06-01 11:27:15,V037,112.0,1.1479310726906355
2026-06-01,2026-06-01 11:27:16,V037,113.0,1.1246577985035353
2026-06-01,2026-06-01 11:27:17,V037,113.0,1.159481760304379
2026-06-01,2026-06-01 11:27:18,V037,113.0,1.1451670135559493
2026-06-01,2026-06-01 11:27:19,V037,113.0,1.1583860845220988
2026-06-01,2026-06-01 11:27:20,V037,113.0,1.136784686377638
2026-06-01,2026-06-01 11:27:21,V037,113.0,1.1710431003846578
2026-06-01,2026-06-01 11:27:22,V037,113.0,1.1344342440874777
2026-06-01,2026-06-01 11:27:23,V037,113.0,1.1975440672638638
2026-06-01,2026-06-01 11:27:24,V037,113.0,1.1664689161272643
2026-06-01,2026-06-01 11:27:25,V037,114.0,1.134152604575601
2026-06-01,2026-06-01 11:27:26,V037,114.0,1.1278998767233424
2026-06-01,2026-06-01 11:27:27,V037,114.0,1.1600870337973148
2026-06-01,2026-06-01 11:27:28,V037,115.0,1.262911284145014
2026-06-01,2026-06-01 11:27:29,V037,115.0,1.2881266289109414
2026-06-01,2026-06-01 11:27:30,V037,116.0,1.1621567017391148
2026-06-01,2026-06-01 11:27:31,V037,116.0,1.0697871293617507
2026-06-01,2026-06-01 11:27:32,V037,116.0,1.3364951255144728
2026-06-01,2026-06-01 11:27:33,V037,117.0,1.1310394607371528
2026-06-01,2026-06-01 11:27:34,V037,117.0,1.1389192669033168
2026-06-01,2026-06-01 11:27:35,V037,117.0,1.1385369324185244
2026-06-01,2026-06-01 11:27:36,V037,118.0,1.1434490517618259
2026-06-01,2026-06-01 11:27:37,V037,118.0,1.1443992043122342
2026-06-01,2026-06-01 11:27:38,V037,119.0,1.2390045816177482
2026-06-01,2026-06-01 11:27:39,V037,120.0,1.194648433739436
2026-06-01,2026-06-01 11:27:40,V037,121.0,1.131328614021528
2026-06-01,2026-06-01 11:27:41,V037,122.0,1.155657390658887
2026-06-01,2026-06-01 11:27:42,V037,121.0,1.123866225318004
2026-06-01,2026-06-01 11:27:43,V037,121.0,1.2203292080923689
2026-06-01,2026-06-01 11:27:44,V037,120.0,1.171483424057824
2026-06-01,2026-06-01 11:27:45,V037,120.0,1.1393202788131713
2026-06-01,2026-06-01 11:27:46,V037,119.0,1.1311029588403299
2026-06-01,2026-06-01 11:27:47,V037,119.0,1.192227906632068
2026-06-01,2026-06-01 11:27:48,V037,118.0,1.2219015326870677
2026-06-01,2026-06-01 11:27:49,V037,118.0,1.282882763064852
2026-06-01,2026-06-01 11:27:50,V037,116.0,1.2958518817313467
2026-06-01,2026-06-01 11:27:51,V037,115.0,1.1532607594550013
2026-06-01,2026-06-01 11:27:52,V037,114.0,1.203289217415124
2026-06-01,2026-06-01 11:27:53,V037,113.0,1.1221149908218206
2026-06-01,2026-06-01 11:27:54,V037,113.0,1.1794450993160501
2026-06-01,2026-06-01 11:27:55,V037,113.0,1.302466753652314
2026-06-01,2026-06-01 11:27:56,V037,113.0,1.2795809772303541
2026-06-01,2026-06-01 11:27:57,V037,112.0,1.2249934724237395
2026-06-01,2026-06-01 11:27:58,V037,112.0,1.1713736933410763
2026-06-01,2026-06-01 11:27:59,V037,112.0,1.1629179864175372
2026-06-01,2026-06-01 11:28:00,V037,112.0,1.16216265221148
2026-06-01,2026-06-01 11:28:01,V037,113.0,1.15044288527477
2026-06-01,2026-06-01 11:28:02,V037,113.0,1.2704888033755726
2026-06-01,2026-06-01 11:28:03,V037,113.0,1.1631055667760177
2026-06-01,2026-06-01 11:28:04,V037,114.0,1.1661775294571601
2026-06-01,2026-06-01 11:28:05,V037,114.0,1.150384468285804
2026-06-01,2026-06-01 11:28:06,V037,115.0,1.1477050485603053
2026-06-01,2026-06-01 11:28:07,V037,115.0,1.1808483985448832
2026-06-01,2026-06-01 11:28:08,V037,116.0,1.1184040743172294
2026-06-01,2026-06-01 11:28:09,V037,117.0,1.154680847894131
2026-06-01,2026-06-01 11:28:10,V037,119.0,1.1192895224696
2026-06-01,2026-06-01 11:28:11,V037,120.0,1.1808956567821314
2026-06-01,2026-06-01 11:28:12,V037,123.0,1.103840995611402
2026-06-01,2026-06-01 11:28:13,V037,125.0,1.1370069505968388
2026-06-01,2026-06-01 11:28:14,V037,129.0,1.1156820048835483
2026-06-01,2026-06-01 11:28:15,V037,132.0,1.1620671848289845
2026-06-01,2026-06-01 11:28:16,V037,135.0,1.197876894501882
2026-06-01,2026-06-01 11:28:17,V037,137.0,1.1524625912610558
2026-06-01,2026-06-01 11:28:18,V037,138.0,1.141900693384839
2026-06-01,2026-06-01 11:28:19,V037,140.0,1.1494551175316312
2026-06-01,2026-06-01 11:28:20,V037,140.0,1.1156720818888728
2026-06-01,2026-06-01 11:28:21,V037,141.0,1.144520816477004
2026-06-01,2026-06-01 11:28:22,V037,140.0,1.1210043518247146
2026-06-01,2026-06-01 11:28:23,V037,140.0,1.1304523085268432
2026-06-01,2026-06-01 11:28:24,V037,140.0,1.1226933640461132
2026-06-01,2026-06-01 11:28:25,V037,139.0,1.1862917260195647
2026-06-01,2026-06-01 11:28:26,V037,139.0,1.125129286535222
2026-06-01,2026-06-01 11:28:27,V037,139.0,1.1341041125054925
2026-06-01,2026-06-01 11:28:28,V037,139.0,1.1239377296003321
2026-06-01,2026-06-01 11:28:29,V037,139.0,1.14207053385398
2026-06-01,2026-06-01 11:28:30,V037,139.0,1.1499888964319533
2026-06-01,2026-06-01 11:28:31,V037,139.0,1.1748693632549898
2026-06-01,2026-06-01 11:28:32,V037,139.0,1.1037252774521176
2026-06-01,2026-06-01 11:28:33,V037,139.0,1.1645606735341967
2026-06-01,2026-06-01 11:28:34,V037,139.0,1.1101799819193003
2026-06-01,2026-06-01 11:28:35,V037,139.0,1.2757430076777674
2026-06-01,2026-06-01 11:28:36,V037,139.0,1.1905470505566185
2026-06-01,2026-06-01 11:28:37,V037,139.0,1.2308995883106004
2026-06-01,2026-06-01 11:28:38,V037,139.0,1.161915685636154
2026-06-01,2026-06-01 11:28:39,V037,138.0,1.140120567178229
2026-06-01,2026-06-01 11:28:40,V037,138.0,1.1632618550392402
2026-06-01,2026-06-01 11:28:41,V037,138.0,1.093921549448959
2026-06-01,2026-06-01 11:28:42,V037,138.0,1.0949395943834028
2026-06-01,2026-06-01 11:28:43,V037,138.0,1.1129998697488115
2026-06-01,2026-06-01 11:28:44,V037,137.0,1.065164250115517
2026-06-01,2026-06-01 11:28:45,V037,137.0,1.1770065591391965
2026-06-01,2026-06-01 11:28:46,V037,137.0,1.1439806725521424
2026-06-01,2026-06-01 11:28:47,V037,137.0,1.146302990162005
2026-06-01,2026-06-01 11:28:48,V037,137.0,1.115625908298633
2026-06-01,2026-06-01 11:28:49,V037,137.0,1.1612887108968806
2026-06-01,2026-06-01 11:28:50,V037,137.0,1.1250304923131242
2026-06-01,2026-06-01 11:28:51,V037,138.0,1.1368406829110875
2026-06-01,2026-06-01 11:28:52,V037,139.0,1.1896605098263195
2026-06-01,2026-06-01 11:28:53,V037,139.0,1.1353052261444307
2026-06-01,2026-06-01 11:28:54,V037,139.0,1.1442234839018879
2026-06-01,2026-06-01 11:28:55,V037,138.0,1.1527730746053146
2026-06-01,2026-06-01 11:28:56,V037,139.0,1.144132445960591
2026-06-01,2026-06-01 11:28:57,V037,139.0,1.1755010992424575
2026-06-01,2026-06-01 11:28:58,V037,139.0,1.1621650254813378
2026-06-01,2026-06-01 11:28:59,V037,139.0,1.130313552622697
2026-06-01,2026-06-01 11:29:00,V037,139.0,1.162445657153209
2026-06-01,2026-06-01 11:29:01,V037,139.0,1.1732519728660946
2026-06-01,2026-06-01 11:29:02,V037,139.0,1.1363201083344114
2026-06-01,2026-06-01 11:29:03,V037,139.0,1.1745512546948076
2026-06-01,2026-06-01 11:29:04,V037,139.0,1.1364342826512355
2026-06-01,2026-06-01 11:29:05,V037,139.0,1.1436429440353908
2026-06-01,2026-06-01 11:29:06,V037,139.0,1.1797188711323088
2026-06-01,2026-06-01 11:29:07,V037,139.0,1.1241334853760494
2026-06-01,2026-06-01 11:29:08,V037,139.0,1.252332573109558
2026-06-01,2026-06-01 11:29:09,V037,139.0,1.0998742582771455
2026-06-01,2026-06-01 11:29:10,V037,139.0,1.1738136510782176
2026-06-01,2026-06-01 11:29:11,V037,139.0,1.1684304772029537
2026-06-01,2026-06-01 11:29:12,V037,139.0,1.1573415440502164
2026-06-01,2026-06-01 11:29:13,V037,138.0,1.1457021658603759
2026-06-01,2026-06-01 11:29:14,V037,138.0,1.1440332480168292
2026-06-01,2026-06-01 11:29:15,V037,138.0,1.1305638406150895
2026-06-01,2026-06-01 11:29:16,V037,138.0,1.1455715234673678
2026-06-01,2026-06-01 11:29:17,V037,138.0,1.169386709410419
2026-06-01,2026-06-01 11:29:18,V037,138.0,1.1296061313943253
2026-06-01,2026-06-01 11:29:19,V037,138.0,1.1335259433907303
2026-06-01,2026-06-01 11:29:20,V037,138.0,1.1353121941239857
2026-06-01,2026-06-01 11:29:21,V037,138.0,1.1239961259145588
2026-06-01,2026-06-01 11:29:22,V037,138.0,1.139705189436007
2026-06-01,2026-06-01 11:29:23,V037,137.0,1.139497477984574
2026-06-01,2026-06-01 11:29:24,V037,137.0,1.163140208207254
2026-06-01,2026-06-01 11:29:25,V037,137.0,1.1607209953303907
2026-06-01,2026-06-01 11:29:26,V037,137.0,1.124326463045004
2026-06-01,2026-06-01 11:29:27,V037,137.0,1.1667140973475494
2026-06-01,2026-06-01 11:29:28,V037,137.0,1.133296331469487
2026-06-01,2026-06-01 11:29:29,V037,137.0,1.1492332500164064
2026-06-01,2026-06-01 11:29:30,V037,137.0,1.1382181018932824
2026-06-01,2026-06-01 11:29:31,V037,137.0,1.1894509018553199
2026-06-01,2026-06-01 11:29:32,V037,137.0,1.1109640820165263
2026-06-01,2026-06-01 11:29:33,V037,137.0,1.1501890411426305
2026-06-01,2026-06-01 11:29:34,V037,136.0,1.16518002186937
2026-06-01,2026-06-01 11:29:35,V037,136.0,1.1265176979395843
2026-06-01,2026-06-01 11:29:36,V037,136.0,1.1151376150596521
2026-06-01,2026-06-01 11:29:37,V037,136.0,1.151839715606842
2026-06-01,2026-06-01 11:29:38,V037,136.0,1.1219062716508692
2026-06-01,2026-06-01 11:29:39,V037,136.0,1.123034500325297
2026-06-01,2026-06-01 11:29:40,V037,136.0,1.1227076882536116
2026-06-01,2026-06-01 11:29:41,V037,136.0,1.126349962084467
2026-06-01,2026-06-01 11:29:42,V037,136.0,1.124548907746373
2026-06-01,2026-06-01 11:29:43,V037,136.0,1.1279133115645275
2026-06-01,2026-06-01 11:29:44,V037,136.0,1.1397004242639157
2026-06-01,2026-06-01 11:29:45,V037,137.0,1.1426415901359737
2026-06-01,2026-06-01 11:29:46,V037,138.0,1.1372062910797558
2026-06-01,2026-06-01 11:29:47,V037,138.0,1.1965425238178975
2026-06-01,2026-06-01 11:29:48,V037,140.0,1.1721736867324355
2026-06-01,2026-06-01 11:29:49,V037,142.0,1.1275341243954955
2026-06-01,2026-06-01 11:29:50,V037,144.0,1.1628472723064611
2026-06-01,2026-06-01 11:29:51,V037,145.0,1.1758987478730536
2026-06-01,2026-06-01 11:29:52,V037,147.0,1.1231829289388429
2026-06-01,2026-06-01 11:29:53,V037,148.0,1.156117602910304
2026-06-01,2026-06-01 11:29:54,V037,149.0,1.133980413302103
2026-06-01,2026-06-01 11:29:55,V037,150.0,1.1285232075250022
2026-06-01,2026-06-01 11:29:56,V037,150.0,1.135245804687354
2026-06-01,2026-06-01 11:29:57,V037,151.0,1.1655417769833343
2026-06-01,2026-06-01 11:29:58,V037,151.0,1.1721144688181928
2026-06-01,2026-06-01 11:29:59,V037,150.0,1.1471715140048897
2026-06-01,2026-06-01 11:30:00,V037,150.0,1.1558937799249178
2026-06-01,2026-06-01 11:30:01,V037,150.0,1.1414813370142873
2026-06-01,2026-06-01 11:30:02,V037,150.0,1.1220338290383112
2026-06-01,2026-06-01 11:30:03,V037,150.0,1.1837092711701003
2026-06-01,2026-06-01 11:30:04,V037,150.0,1.1350044323963464
2026-06-01,2026-06-01 11:30:05,V037,150.0,1.154816221718545
2026-06-01,2026-06-01 11:30:06,V037,150.0,1.308926179802595
2026-06-01,2026-06-01 11:30:07,V037,150.0,1.254286747420836
2026-06-01,2026-06-01 11:30:08,V037,150.0,1.1102388221986716
2026-06-01,2026-06-01 11:30:09,V037,149.0,1.2584112656888715
2026-06-01,2026-06-01 11:30:10,V037,149.0,1.5355374100439716
2026-06-01,2026-06-01 11:30:11,V037,149.0,1.3921691233249764
2026-06-01,2026-06-01 11:30:12,V037,149.0,1.1421648217921867
2026-06-01,2026-06-01 11:30:13,V037,148.0,1.2397091496699846
2026-06-01,2026-06-01 11:30:14,V037,148.0,1.233051981284048
2026-06-01,2026-06-01 11:30:15,V037,147.0,1.106134201141238
2026-06-01,2026-06-01 11:30:16,V037,147.0,1.1425346443084559
2026-06-01,2026-06-01 11:30:17,V037,146.0,1.1427216212937001
2026-06-01,2026-06-01 11:30:18,V037,146.0,1.138243058546087
2026-06-01,2026-06-01 11:30:19,V037,145.0,1.160292542639883
2026-06-01,2026-06-01 11:30:20,V037,145.0,1.1427627610532232
2026-06-01,2026-06-01 11:30:21,V037,144.0,1.1441448614686616
2026-06-01,2026-06-01 11:30:22,V037,144.0,1.14802535814024
2026-06-01,2026-06-01 11:30:23,V037,144.0,1.196197351695697
2026-06-01,2026-06-01 11:30:24,V037,144.0,1.2078466458192214
2026-06-01,2026-06-01 11:30:25,V037,144.0,1.2768903372126092
2026-06-01,2026-06-01 11:30:26,V037,144.0,1.2115405756304276
2026-06-01,2026-06-01 11:30:27,V037,144.0,1.20518374148359
2026-06-01,2026-06-01 11:30:28,V037,143.0,1.1877047149257849
2026-06-01,2026-06-01 11:30:29,V037,143.0,1.2642689408439112
2026-06-01,2026-06-01 11:30:30,V037,142.0,1.1724739275074891
2026-06-01,2026-06-01 11:30:31,V037,142.0,1.1104549877201508
2026-06-01,2026-06-01 11:30:32,V037,142.0,1.15305527274562
2026-06-01,2026-06-01 11:30:33,V037,142.0,1.4131150731555873
2026-06-01,2026-06-01 11:30:34,V037,142.0,1.2331648075327517
2026-06-01,2026-06-01 11:30:35,V037,142.0,1.1512564933344447
2026-06-01,2026-06-01 11:30:36,V037,142.0,1.1511907734186142
2026-06-01,2026-06-01 11:30:37,V037,142.0,1.1646986338445886
2026-06-01,2026-06-01 11:30:38,V037,142.0,1.147135410561757
2026-06-01,2026-06-01 11:30:39,V037,142.0,1.1441821560338157
2026-06-01,2026-06-01 11:30:40,V037,141.0,1.140096533946379
2026-06-01,2026-06-01 11:30:41,V037,141.0,1.1374938580925507
2026-06-01,2026-06-01 11:30:42,V037,140.0,1.1467055225594731
2026-06-01,2026-06-01 11:30:43,V037,139.0,1.163509150903004
2026-06-01,2026-06-01 11:30:44,V037,139.0,1.2008101093825114
2026-06-01,2026-06-01 11:30:45,V037,139.0,1.4413093112656041
2026-06-01,2026-06-01 11:30:46,V037,138.0,1.1705063038686592
2026-06-01,2026-06-01 11:30:47,V037,138.0,1.158695137879077
2026-06-01,2026-06-01 11:30:48,V037,138.0,1.1541465422748967
2026-06-01,2026-06-01 11:30:49,V037,138.0,1.1632174301439484
2026-06-01,2026-06-01 11:30:50,V037,138.0,1.1301515685930306
2026-06-01,2026-06-01 11:30:51,V037,138.0,1.1486640856137231
2026-06-01,2026-06-01 11:30:52,V037,138.0,1.158795876081975
2026-06-01,2026-06-01 11:30:53,V037,137.0,1.168589405007635
2026-06-01,2026-06-01 11:30:54,V037,137.0,1.137893992662623
2026-06-01,2026-06-01 11:30:55,V037,137.0,1.1825178482765477
2026-06-01,2026-06-01 11:30:56,V037,137.0,1.1237861374795017
2026-06-01,2026-06-01 11:30:57,V037,137.0,1.2192365409593047
2026-06-01,2026-06-01 11:30:58,V037,137.0,1.185391617534383
2026-06-01,2026-06-01 11:30:59,V037,137.0,1.1924535752365781
2026-06-01,2026-06-01 11:31:00,V037,137.0,1.1806028905968555
2026-06-01,2026-06-01 11:31:01,V037,137.0,1.1654440499053706
2026-06-01,2026-06-01 11:31:02,V037,137.0,1.1876588616754797
2026-06-01,2026-06-01 11:31:03,V037,137.0,1.1906731144295912
2026-06-01,2026-06-01 11:31:04,V037,137.0,1.1530404245179888
2026-06-01,2026-06-01 11:31:05,V037,137.0,1.201931572070273
2026-06-01,2026-06-01 11:31:06,V037,137.0,1.1401916270247416
2026-06-01,2026-06-01 11:31:07,V037,137.0,1.288697901644698
2026-06-01,2026-06-01 11:31:08,V037,137.0,1.1586912707641979
2026-06-01,2026-06-01 11:31:09,V037,137.0,1.193839875015148
2026-06-01,2026-06-01 11:31:10,V037,137.0,1.1556657887417126
2026-06-01,2026-06-01 11:31:11,V037,137.0,1.3559396676026172
2026-06-01,2026-06-01 11:31:12,V037,136.0,1.5012660060094463
2026-06-01,2026-06-01 11:31:13,V037,136.0,1.1750018623175358
2026-06-01,2026-06-01 11:31:14,V037,136.0,1.1035107740825103
2026-06-01,2026-06-01 11:31:15,V037,136.0,1.143767925211879
2026-06-01,2026-06-01 11:31:16,V037,135.0,1.1191431958448537
2026-06-01,2026-06-01 11:31:17,V037,135.0,1.1931390739126195
2026-06-01,2026-06-01 11:31:18,V037,134.0,1.4824237209338338
2026-06-01,2026-06-01 11:31:19,V037,133.0,1.3270514069460109
2026-06-01,2026-06-01 11:31:20,V037,132.0,1.206582556515855
2026-06-01,2026-06-01 11:31:21,V037,130.0,1.1622951437555367
2026-06-01,2026-06-01 11:31:22,V037,131.0,1.1566166755361673
2026-06-01,2026-06-01 11:31:23,V037,131.0,1.185761788092145
2026-06-01,2026-06-01 11:31:24,V037,131.0,1.1423232618329568
2026-06-01,2026-06-01 11:31:25,V037,131.0,1.144529067126008
2026-06-01,2026-06-01 11:31:26,V037,131.0,1.160999059523954
2026-06-01,2026-06-01 11:31:27,V037,132.0,1.1483162295879903
2026-06-01,2026-06-01 11:31:28,V037,132.0,1.1237567343070463
2026-06-01,2026-06-01 11:31:29,V037,132.0,1.1233339564990454
2026-06-01,2026-06-01 11:31:30,V037,132.0,1.2093854950794594
2026-06-01,2026-06-01 11:31:31,V037,131.0,1.1852313049092922
2026-06-01,2026-06-01 11:31:32,V037,131.0,1.2443958037111174
2026-06-01,2026-06-01 11:31:33,V037,130.0,1.1754433134756517
2026-06-01,2026-06-01 11:31:34,V037,129.0,1.325847551603097
2026-06-01,2026-06-01 11:31:35,V037,129.0,1.2063818298653084
2026-06-01,2026-06-01 11:31:36,V037,128.0,1.151987372350703
2026-06-01,2026-06-01 11:31:37,V037,127.0,1.145578764758886
2026-06-01,2026-06-01 11:31:38,V037,126.0,1.1466446898861509
2026-06-01,2026-06-01 11:31:39,V037,126.0,1.244891183271081
2026-06-01,2026-06-01 11:31:40,V037,125.0,1.1709822716718457
2026-06-01,2026-06-01 11:31:41,V037,124.0,1.410849360568738
2026-06-01,2026-06-01 11:31:42,V037,124.0,1.2156908083396203
2026-06-01,2026-06-01 11:31:43,V037,123.0,1.2412802503938076
2026-06-01,2026-06-01 11:31:44,V037,122.0,1.2888289173670224
2026-06-01,2026-06-01 11:31:45,V037,122.0,1.374114375547794
2026-06-01,2026-06-01 11:31:46,V037,121.0,1.4041355851951174
2026-06-01,2026-06-01 11:31:47,V037,120.0,1.1821926497706217
2026-06-01,2026-06-01 11:31:48,V037,119.0,1.158188535143075
2026-06-01,2026-06-01 11:31:49,V037,118.0,1.2620614208428578
2026-06-01,2026-06-01 11:31:50,V037,115.0,1.161746833394896
2026-06-01,2026-06-01 11:31:51,V037,113.0,1.230730968302178
2026-06-01,2026-06-01 11:31:52,V037,112.0,1.1521551545617181
2026-06-01,2026-06-01 11:31:53,V037,110.0,1.1897921823446653
2026-06-01,2026-06-01 11:31:54,V037,110.0,1.2282590111499028
2026-06-01,2026-06-01 11:31:55,V037,110.0,1.1981800279249184
2026-06-01,2026-06-01 11:31:56,V037,110.0,1.1589572053749404
2026-06-01,2026-06-01 11:31:57,V037,110.0,1.3234536786397237
2026-06-01,2026-06-01 11:31:58,V037,110.0,1.220270553424491
2026-06-01,2026-06-01 11:31:59,V037,110.0,1.3538772399193337
2026-06-01,2026-06-01 11:32:00,V037,110.0,1.1883284230256
2026-06-01,2026-06-01 11:32:01,V037,110.0,1.1375887300873284
2026-06-01,2026-06-01 11:32:02,V037,111.0,1.125807144991085
2026-06-01,2026-06-01 11:32:03,V037,111.0,1.128225045023175
2026-06-01,2026-06-01 11:32:04,V037,111.0,1.1753541941153187
2026-06-01,2026-06-01 11:32:05,V037,111.0,1.1960985519923593
2026-06-01,2026-06-01 11:32:06,V037,111.0,1.170177512615359
2026-06-01,2026-06-01 11:32:07,V037,111.0,1.2096636322331609
2026-06-01,2026-06-01 11:32:08,V037,111.0,1.1466681278644848
2026-06-01,2026-06-01 11:32:09,V037,111.0,1.1069973306683418
2026-06-01,2026-06-01 11:32:10,V037,111.0,1.1430716124380647
2026-06-01,2026-06-01 11:32:11,V037,110.0,1.1554198670849243
2026-06-01,2026-06-01 11:32:12,V037,110.0,1.167611866037745
2026-06-01,2026-06-01 11:32:13,V037,109.0,1.087353576955892
2026-06-01,2026-06-01 11:32:14,V037,109.0,1.1300385084128506
2026-06-01,2026-06-01 11:32:15,V037,108.0,1.1251889855329718
2026-06-01,2026-06-01 11:32:16,V037,108.0,1.13056686029165
2026-06-01,2026-06-01 11:32:17,V037,107.0,1.1229694149206635
2026-06-01,2026-06-01 11:32:18,V037,106.0,1.1465751266720907
2026-06-01,2026-06-01 11:32:19,V037,106.0,1.1713900056348618
2026-06-01,2026-06-01 11:32:20,V037,106.0,1.1575630427542045
2026-06-01,2026-06-01 11:32:21,V037,105.0,1.1165877030259606
2026-06-01,2026-06-01 11:32:22,V037,104.0,1.1024238563243525
2026-06-01,2026-06-01 11:32:23,V037,103.0,1.1203678894684717
2026-06-01,2026-06-01 11:32:24,V037,103.0,1.1295587899377433
2026-06-01,2026-06-01 11:32:25,V037,102.0,1.132492078147529
2026-06-01,2026-06-01 11:32:26,V037,102.0,1.1672275586879792
2026-06-01,2026-06-01 11:32:27,V037,101.0,1.1397575912467244
2026-06-01,2026-06-01 11:32:28,V037,101.0,1.1716348200781201
2026-06-01,2026-06-01 11:32:29,V037,101.0,1.1378972664968285
2026-06-01,2026-06-01 11:32:30,V037,101.0,1.1423142737830352
2026-06-01,2026-06-01 11:32:31,V037,101.0,1.1381945871838803
2026-06-01,2026-06-01 11:32:32,V037,100.0,1.155604933631079
2026-06-01,2026-06-01 11:32:33,V037,99.0,1.1280476070606587
2026-06-01,2026-06-01 11:32:34,V037,98.0,1.1382724729774167
2026-06-01,2026-06-01 11:32:35,V037,98.0,1.1544810508633074
2026-06-01,2026-06-01 11:32:36,V037,96.0,1.1322595475665438
2026-06-01,2026-06-01 11:32:37,V037,95.0,1.1323938643028562
2026-06-01,2026-06-01 11:32:38,V037,94.0,1.140892090325163
2026-06-01,2026-06-01 11:32:39,V037,94.0,1.1770778613032957
2026-06-01,2026-06-01 11:32:40,V037,94.0,1.1030780055035245
2026-06-01,2026-06-01 11:32:41,V037,94.0,1.1169638578194336
2026-06-01,2026-06-01 11:32:42,V037,95.0,1.1573139511509165
2026-06-01,2026-06-01 11:32:43,V037,95.0,1.1398559001759778
2026-06-01,2026-06-01 11:32:44,V037,95.0,1.1453326252235259
2026-06-01,2026-06-01 11:32:45,V037,95.0,1.162869408872482
2026-06-01,2026-06-01 11:32:46,V037,95.0,1.1348384495137782
2026-06-01,2026-06-01 11:32:47,V037,95.0,1.1276521746889157
2026-06-01,2026-06-01 11:32:48,V037,96.0,1.1277188985066446
2026-06-01,2026-06-01 11:32:49,V037,96.0,1.1347811265404202
2026-06-01,2026-06-01 11:32:50,V037,96.0,1.1501876127578907
2026-06-01,2026-06-01 11:32:51,V037,96.0,1.1407091339965123
2026-06-01,2026-06-01 11:32:52,V037,96.0,1.1432012966749647
2026-06-01,2026-06-01 11:32:53,V037,96.0,1.1518524436022295
2026-06-01,2026-06-01 11:32:54,V037,96.0,1.1355935202142735
2026-06-01,2026-06-01 11:32:55,V037,96.0,1.1442167917160158
2026-06-01,2026-06-01 11:32:56,V037,97.0,1.1385514566297754
2026-06-01,2026-06-01 11:32:57,V037,97.0,1.1594294971761068
2026-06-01,2026-06-01 11:32:58,V037,97.0,1.1389282587133234
2026-06-01,2026-06-01 11:32:59,V037,97.0,1.1385113422963287
2026-06-01,2026-06-01 11:33:00,V037,97.0,1.1341089944883873
2026-06-01,2026-06-01 11:33:01,V037,97.0,1.1520471927339166
2026-06-01,2026-06-01 11:33:02,V037,97.0,1.1395671117040975
2026-06-01,2026-06-01 11:33:03,V037,97.0,1.1536080302054972
2026-06-01,2026-06-01 11:33:04,V037,97.0,1.1178350338849046
2026-06-01,2026-06-01 11:33:05,V037,98.0,1.1350658052861495
2026-06-01,2026-06-01 11:33:06,V037,98.0,1.1523840405393417
2026-06-01,2026-06-01 11:33:07,V037,98.0,1.1301490047703533
2026-06-01,2026-06-01 11:33:08,V037,98.0,1.1405980110456042
2026-06-01,2026-06-01 11:33:09,V037,98.0,1.1773273339512462
2026-06-01,2026-06-01 11:33:10,V037,98.0,1.1359301645525857
2026-06-01,2026-06-01 11:33:11,V037,98.0,1.1966508193158178
2026-06-01,2026-06-01 11:33:12,V037,98.0,1.126979121704511
2026-06-01,2026-06-01 11:33:13,V037,98.0,1.1494079914149617
2026-06-01,2026-06-01 11:33:14,V037,98.0,1.1358398356921098
2026-06-01,2026-06-01 11:33:15,V037,98.0,1.141325192062657
2026-06-01,2026-06-01 11:33:16,V037,98.0,1.132113624740143
2026-06-01,2026-06-01 11:33:17,V037,98.0,1.134855674815793
2026-06-01,2026-06-01 11:33:18,V037,98.0,1.1273510387441554
2026-06-01,2026-06-01 11:33:19,V037,98.0,1.1382622121566777
2026-06-01,2026-06-01 11:33:20,V037,98.0,1.119718107565807
2026-06-01,2026-06-01 11:33:21,V037,98.0,1.1263084874024778
2026-06-01,2026-06-01 11:33:22,V037,98.0,1.1287586144963317
2026-06-01,2026-06-01 11:33:23,V037,99.0,1.128124102412252
2026-06-01,2026-06-01 11:33:24,V037,99.0,1.1238420052860012
2026-06-01,2026-06-01 11:33:25,V037,99.0,1.1265682099714998
2026-06-01,2026-06-01 11:33:26,V037,99.0,1.1327366520684463
2026-06-01,2026-06-01 11:33:27,V037,100.0,1.1321854730773142
2026-06-01,2026-06-01 11:33:28,V037,100.0,1.1381594803823163
2026-06-01,2026-06-01 11:33:29,V037,101.0,1.1240406866617758
2026-06-01,2026-06-01 11:33:30,V037,101.0,1.1273523043894933
2026-06-01,2026-06-01 11:33:31,V037,102.0,1.1390370448315303
2026-06-01,2026-06-01 11:33:32,V037,103.0,1.1196566638807544
2026-06-01,2026-06-01 11:33:33,V037,105.0,1.1318055913985738
2026-06-01,2026-06-01 11:33:34,V037,106.0,1.1001583158512536
2026-06-01,2026-06-01 11:33:35,V037,107.0,1.1219623018299518
2026-06-01,2026-06-01 11:33:36,V037,108.0,1.140197319542338
2026-06-01,2026-06-01 11:33:37,V037,110.0,1.1306011711695665
2026-06-01,2026-06-01 11:33:38,V037,111.0,1.1336238913795877
2026-06-01,2026-06-01 11:33:39,V037,112.0,1.1339573574640067
2026-06-01,2026-06-01 11:33:40,V037,113.0,1.1497681201277832
2026-06-01,2026-06-01 11:33:41,V037,114.0,1.1455389535286595
2026-06-01,2026-06-01 11:33:42,V037,114.0,1.1515673849621662
2026-06-01,2026-06-01 11:33:43,V037,114.0,1.1005374658282667
2026-06-01,2026-06-01 11:33:44,V037,115.0,1.1312424346405436
2026-06-01,2026-06-01 11:33:45,V037,116.0,1.1232304401515654
2026-06-01,2026-06-01 11:33:46,V037,117.0,1.1244459053116451
2026-06-01,2026-06-01 11:33:47,V037,118.0,1.126277547256773
2026-06-01,2026-06-01 11:33:48,V037,119.0,1.1309476854388234
2026-06-01,2026-06-01 11:33:49,V037,120.0,1.1311983171465645
2026-06-01,2026-06-01 11:33:50,V037,121.0,1.1371302142750366
2026-06-01,2026-06-01 11:33:51,V037,122.0,1.1249025909970605
2026-06-01,2026-06-01 11:33:52,V037,122.0,1.1437958295694988
2026-06-01,2026-06-01 11:33:53,V037,123.0,1.1064521116161883
2026-06-01,2026-06-01 11:33:54,V037,124.0,1.1662544546493012
2026-06-01,2026-06-01 11:33:55,V037,125.0,1.1446023800125251
2026-06-01,2026-06-01 11:33:56,V037,125.0,1.1472451667973789
2026-06-01,2026-06-01 11:33:57,V037,126.0,1.1237478104263163
2026-06-01,2026-06-01 11:33:58,V037,127.0,1.1620772675962072
2026-06-01,2026-06-01 11:33:59,V037,128.0,1.1588444602217063
2026-06-01,2026-06-01 11:34:00,V037,130.0,1.140005834439277
2026-06-01,2026-06-01 11:34:01,V037,131.0,1.1580407284956242
2026-06-01,2026-06-01 11:34:02,V037,133.0,1.1002691440753631
2026-06-01,2026-06-01 11:34:03,V037,135.0,1.0884325142789761
2026-06-01,2026-06-01 11:34:04,V037,138.0,1.1382593413640674
2026-06-01,2026-06-01 11:34:05,V037,141.0,1.0869801763597755
2026-06-01,2026-06-01 11:34:06,V037,142.0,1.110177426815411
2026-06-01,2026-06-01 11:34:07,V037,143.0,1.118976415302696
2026-06-01,2026-06-01 11:34:08,V037,144.0,1.106553579579921
2026-06-01,2026-06-01 11:34:09,V037,145.0,1.226054882217431
2026-06-01,2026-06-01 11:34:10,V037,145.0,1.2091632173752989
2026-06-01,2026-06-01 11:34:11,V037,145.0,1.1600629215614808
2026-06-01,2026-06-01 11:34:12,V037,146.0,1.150712237516777
2026-06-01,2026-06-01 11:34:13,V037,147.0,1.1466799629375766
2026-06-01,2026-06-01 11:34:14,V037,147.0,1.1345963089279245
2026-06-01,2026-06-01 11:34:15,V037,147.0,1.133443599721446
2026-06-01,2026-06-01 11:34:16,V037,147.0,1.1324703177366222
2026-06-01,2026-06-01 11:34:17,V037,147.0,1.123295766590476
2026-06-01,2026-06-01 11:34:18,V037,147.0,1.1378400545762013
2026-06-01,2026-06-01 11:34:19,V037,148.0,1.150016115073049
2026-06-01,2026-06-01 11:34:20,V037,148.0,1.130505422600016
2026-06-01,2026-06-01 11:34:21,V037,148.0,1.1641338100586958
2026-06-01,2026-06-01 11:34:22,V037,148.0,1.1123639725711885
2026-06-01,2026-06-01 11:34:23,V037,148.0,1.1359730306866496
2026-06-01,2026-06-01 11:34:24,V037,148.0,1.1547154341734318
2026-06-01,2026-06-01 11:34:25,V037,148.0,1.1201440610947233
2026-06-01,2026-06-01 11:34:26,V037,147.0,1.1210308757819991
2026-06-01,2026-06-01 11:34:27,V037,147.0,1.1293041747234378
2026-06-01,2026-06-01 11:34:28,V037,147.0,1.15129231463048
2026-06-01,2026-06-01 11:34:29,V037,146.0,1.1612517837762708
2026-06-01,2026-06-01 11:34:30,V037,145.0,1.1546252168553492
2026-06-01,2026-06-01 11:34:31,V037,145.0,1.1500801641826137
2026-06-01,2026-06-01 11:34:32,V037,144.0,1.196417510294329
2026-06-01,2026-06-01 11:34:33,V037,144.0,1.1225377698265409
2026-06-01,2026-06-01 11:34:34,V037,144.0,1.1337528979146116
2026-06-01,2026-06-01 11:34:35,V037,145.0,1.1403025545191219
2026-06-01,2026-06-01 11:34:36,V037,146.0,1.1295236267440802
2026-06-01,2026-06-01 11:34:37,V037,146.0,1.1364480513780173
2026-06-01,2026-06-01 11:34:38,V037,147.0,1.1174510508709738
2026-06-01,2026-06-01 11:34:39,V037,147.0,1.1526043559727157
2026-06-01,2026-06-01 11:34:40,V037,148.0,1.1320075172065824
2026-06-01,2026-06-01 11:34:41,V037,148.0,1.1538374855224123
2026-06-01,2026-06-01 11:34:42,V037,149.0,1.1331736078479375
2026-06-01,2026-06-01 11:34:43,V037,149.0,1.1327726681962782
2026-06-01,2026-06-01 11:34:44,V037,149.0,1.1669666404772707
2026-06-01,2026-06-01 11:34:45,V037,149.0,1.1186830519071753
2026-06-01,2026-06-01 11:34:46,V037,149.0,1.1589274141886634
2026-06-01,2026-06-01 11:34:47,V037,149.0,1.1399016153171508
2026-06-01,2026-06-01 11:34:48,V037,148.0,1.126165473514555
2026-06-01,2026-06-01 11:34:49,V037,148.0,1.1505703853657125
2026-06-01,2026-06-01 11:34:50,V037,148.0,1.1511746906352336
2026-06-01,2026-06-01 11:34:51,V037,148.0,1.1201241255955563
2026-06-01,2026-06-01 11:34:52,V037,149.0,1.1376638421017906
2026-06-01,2026-06-01 11:34:53,V037,149.0,1.1342307389015007
2026-06-01,2026-06-01 11:34:54,V037,149.0,1.1297994306091226
2026-06-01,2026-06-01 11:34:55,V037,150.0,1.1385444918441603
2026-06-01,2026-06-01 11:34:56,V037,150.0,1.127269108096408
2026-06-01,2026-06-01 11:34:57,V037,150.0,1.1415836959866912
2026-06-01,2026-06-01 11:34:58,V037,151.0,1.1331682790158473
2026-06-01,2026-06-01 11:34:59,V037,151.0,1.1227777266986085
2026-06-01,2026-06-01 11:35:00,V037,150.0,1.1599390377845533
2026-06-01,2026-06-01 11:35:01,V037,150.0,1.155729642935411
2026-06-01,2026-06-01 11:35:02,V037,150.0,1.2905614272208603
2026-06-01,2026-06-01 11:35:03,V037,150.0,1.3118970475531924
2026-06-01,2026-06-01 11:35:04,V037,150.0,1.264977944157214
2026-06-01,2026-06-01 11:35:05,V037,150.0,1.133395939079138
2026-06-01,2026-06-01 11:35:06,V037,151.0,1.1417239913182056
2026-06-01,2026-06-01 11:35:07,V037,152.0,1.160697208541501
2026-06-01,2026-06-01 11:35:08,V037,152.0,1.1440828043433195
2026-06-01,2026-06-01 11:35:09,V037,153.0,1.131182977758853
2026-06-01,2026-06-01 11:35:10,V037,153.0,1.1744901030613906
2026-06-01,2026-06-01 11:35:11,V037,154.0,1.144245069435733
2026-06-01,2026-06-01 11:35:12,V037,154.0,1.201950740529842
2026-06-01,2026-06-01 11:35:13,V037,154.0,1.4492062627420899
2026-06-01,2026-06-01 11:35:14,V037,154.0,1.3958297584804453
2026-06-01,2026-06-01 11:35:15,V037,154.0,1.4475838134031829
2026-06-01,2026-06-01 11:35:16,V037,153.0,1.433597263479413
2026-06-01,2026-06-01 11:35:17,V037,153.0,1.1491670679168566
2026-06-01,2026-06-01 11:35:18,V037,153.0,1.1459279902437371
2026-06-01,2026-06-01 11:35:19,V037,152.0,1.1365435028845983
2026-06-01,2026-06-01 11:35:20,V037,151.0,1.1590355279848361
2026-06-01,2026-06-01 11:35:21,V037,150.0,1.139324457968856
2026-06-01,2026-06-01 11:35:22,V037,150.0,1.1428292307140375
2026-06-01,2026-06-01 11:35:23,V037,149.0,1.158890205227534
2026-06-01,2026-06-01 11:35:24,V037,149.0,1.1613995285916068
2026-06-01,2026-06-01 11:35:25,V037,149.0,1.1237674623501714
2026-06-01,2026-06-01 11:35:26,V037,149.0,1.1481775342065041
2026-06-01,2026-06-01 11:35:27,V037,149.0,1.150338646415879
2026-06-01,2026-06-01 11:35:28,V037,149.0,1.1352414524510357
2026-06-01,2026-06-01 11:35:29,V037,148.0,1.1636603677681197
2026-06-01,2026-06-01 11:35:30,V037,148.0,1.136370746825285
2026-06-01,2026-06-01 11:35:31,V037,147.0,1.148634752921067
2026-06-01,2026-06-01 11:35:32,V037,145.0,1.1504904263637181
2026-06-01,2026-06-01 11:35:33,V037,145.0,1.1332004838195462
2026-06-01,2026-06-01 11:35:34,V037,144.0,1.136091783925818
2026-06-01,2026-06-01 11:35:35,V037,143.0,1.2188801589891423
2026-06-01,2026-06-01 11:35:36,V037,143.0,1.1123946814028793
2026-06-01,2026-06-01 11:35:37,V037,143.0,1.213201394916117
2026-06-01,2026-06-01 11:35:38,V037,144.0,1.2995726577363391
2026-06-01,2026-06-01 11:35:39,V037,144.0,1.1276166810829087
2026-06-01,2026-06-01 11:35:40,V037,145.0,1.5281443581586787
2026-06-01,2026-06-01 11:35:41,V037,146.0,1.1690064036093966
2026-06-01,2026-06-01 11:35:42,V037,147.0,1.1506899695342865
2026-06-01,2026-06-01 11:35:43,V037,148.0,1.1847843643878107
2026-06-01,2026-06-01 11:35:44,V037,149.0,1.1348172061850395
2026-06-01,2026-06-01 11:35:45,V037,149.0,1.1307781906839414
2026-06-01,2026-06-01 11:35:46,V037,150.0,1.1528340308372567
2026-06-01,2026-06-01 11:35:47,V037,150.0,1.1306231297630371
2026-06-01,2026-06-01 11:35:48,V037,150.0,1.1634258100478672
2026-06-01,2026-06-01 11:35:49,V037,150.0,1.1461314675851269
2026-06-01,2026-06-01 11:35:50,V037,151.0,1.1287219590361124
2026-06-01,2026-06-01 11:35:51,V037,151.0,1.1641455155744513
2026-06-01,2026-06-01 11:35:52,V037,151.0,1.1746746569734192
2026-06-01,2026-06-01 11:35:53,V037,152.0,1.169477639199717
2026-06-01,2026-06-01 11:35:54,V037,152.0,1.1594034101813389
2026-06-01,2026-06-01 11:35:55,V037,152.0,1.1530075387085197
2026-06-01,2026-06-01 11:35:56,V037,151.0,1.1428714495586467
2026-06-01,2026-06-01 11:35:57,V037,151.0,1.1480853090414669
2026-06-01,2026-06-01 11:35:58,V037,151.0,1.1493333544719793
2026-06-01,2026-06-01 11:35:59,V037,151.0,1.1413234265301342
2026-06-01,2026-06-01 11:36:00,V037,150.0,1.1636023958555028
2026-06-01,2026-06-01 11:36:01,V037,150.0,1.141695861310105
2026-06-01,2026-06-01 11:36:02,V037,148.0,1.1845883980401444
2026-06-01,2026-06-01 11:36:03,V037,146.0,1.1276395303454196
2026-06-01,2026-06-01 11:36:04,V037,144.0,1.2201144385076563
2026-06-01,2026-06-01 11:36:05,V037,143.0,1.2475185405039069
2026-06-01,2026-06-01 11:36:06,V037,142.0,1.3539024355956633
2026-06-01,2026-06-01 11:36:07,V037,141.0,1.4091260063432292
2026-06-01,2026-06-01 11:36:08,V037,140.0,1.1732708420908375
2026-06-01,2026-06-01 11:36:09,V037,140.0,1.1325922422320596
2026-06-01,2026-06-01 11:36:10,V037,139.0,1.1348734350852057
2026-06-01,2026-06-01 11:36:11,V037,138.0,1.148054623068863
2026-06-01,2026-06-01 11:36:12,V037,137.0,1.1265002183307986
2026-06-01,2026-06-01 11:36:13,V037,136.0,1.1774003507226813
2026-06-01,2026-06-01 11:36:14,V037,136.0,1.126718954556809
2026-06-01,2026-06-01 11:36:15,V037,136.0,1.1878299988709269
2026-06-01,2026-06-01 11:36:16,V037,136.0,1.1701146876976285
2026-06-01,2026-06-01 11:36:17,V037,136.0,1.1122097955523318
2026-06-01,2026-06-01 11:36:18,V037,137.0,1.1862903662228321
2026-06-01,2026-06-01 11:36:19,V037,137.0,1.1394539602595846
2026-06-01,2026-06-01 11:36:20,V037,138.0,1.1620004448266914
2026-06-01,2026-06-01 11:36:21,V037,138.0,1.12369177244908
2026-06-01,2026-06-01 11:36:22,V037,138.0,1.1373961834530713
2026-06-01,2026-06-01 11:36:23,V037,137.0,1.1449911968555542
2026-06-01,2026-06-01 11:36:24,V037,138.0,1.1306985773387948
2026-06-01,2026-06-01 11:36:25,V037,138.0,1.140982797086563
2026-06-01,2026-06-01 11:36:26,V037,138.0,1.1203046445822724
2026-06-01,2026-06-01 11:36:27,V037,138.0,1.1792365543407617
2026-06-01,2026-06-01 11:36:28,V037,138.0,1.151801169184119
2026-06-01,2026-06-01 11:36:29,V037,138.0,1.1329348473420515
2026-06-01,2026-06-01 11:36:30,V037,138.0,1.150574015732642
2026-06-01,2026-06-01 11:36:31,V037,138.0,1.1632034657371635
2026-06-01,2026-06-01 11:36:32,V037,138.0,1.1306161555353964
2026-06-01,2026-06-01 11:36:33,V037,138.0,1.1569712037351654
2026-06-01,2026-06-01 11:36:34,V037,138.0,1.1652237820155333
2026-06-01,2026-06-01 11:36:35,V037,138.0,1.1483054160310304
2026-06-01,2026-06-01 11:36:36,V037,138.0,1.197124259705269
2026-06-01,2026-06-01 11:36:37,V037,138.0,1.4180919148437552
2026-06-01,2026-06-01 11:36:38,V037,138.0,1.1381279783469933
2026-06-01,2026-06-01 11:36:39,V037,139.0,1.165444306187909
2026-06-01,2026-06-01 11:36:40,V037,139.0,1.187777508458121
2026-06-01,2026-06-01 11:36:41,V037,138.0,1.1473030930241792
2026-06-01,2026-06-01 11:36:42,V037,139.0,1.2092147587030306
2026-06-01,2026-06-01 11:36:43,V037,139.0,1.152658046766568
2026-06-01,2026-06-01 11:36:44,V037,139.0,1.1090101189940538
2026-06-01,2026-06-01 11:36:45,V037,139.0,1.1664320604430962
2026-06-01,2026-06-01 11:36:46,V037,139.0,1.1865082232783293
2026-06-01,2026-06-01 11:36:47,V037,139.0,1.2724554604029998
2026-06-01,2026-06-01 11:36:48,V037,139.0,1.2171875191610617
2026-06-01,2026-06-01 11:36:49,V037,139.0,1.1496605207617572
2026-06-01,2026-06-01 11:36:50,V037,139.0,1.1655427874804756
2026-06-01,2026-06-01 11:36:51,V037,139.0,1.1734177047367598
2026-06-01,2026-06-01 11:36:52,V037,140.0,1.1374446982696358
2026-06-01,2026-06-01 11:36:53,V037,140.0,1.1836672010716076
2026-06-01,2026-06-01 11:36:54,V037,140.0,1.1744851048152707
2026-06-01,2026-06-01 11:36:55,V037,140.0,1.1674043252463013
2026-06-01,2026-06-01 11:36:56,V037,141.0,1.1563610739838606
2026-06-01,2026-06-01 11:36:57,V037,141.0,1.2177740015408485
2026-06-01,2026-06-01 11:36:58,V037,141.0,1.1469751181451402
2026-06-01,2026-06-01 11:36:59,V037,142.0,1.140993436388641
2026-06-01,2026-06-01 11:37:00,V037,142.0,1.2373995587903066
2026-06-01,2026-06-01 11:37:01,V037,143.0,1.1690477145267248
2026-06-01,2026-06-01 11:37:02,V037,143.0,1.1581554098766926
2026-06-01,2026-06-01 11:37:03,V037,144.0,1.1847100973205211
2026-06-01,2026-06-01 11:37:04,V037,144.0,1.1370487245899514
2026-06-01,2026-06-01 11:37:05,V037,144.0,1.2124797871929318
2026-06-01,2026-06-01 11:37:06,V037,144.0,1.1274556088794243
2026-06-01,2026-06-01 11:37:07,V037,144.0,1.209206795252435
2026-06-01,2026-06-01 11:37:08,V037,144.0,1.1730420107468325
2026-06-01,2026-06-01 11:37:09,V037,144.0,1.2961513026598146
2026-06-01,2026-06-01 11:37:10,V037,144.0,1.565169691791907
2026-06-01,2026-06-01 11:37:11,V037,144.0,1.5206074939928584
2026-06-01,2026-06-01 11:37:12,V037,144.0,1.5513498872960756
2026-06-01,2026-06-01 11:37:13,V037,143.0,1.1066979554006109
2026-06-01,2026-06-01 11:37:14,V037,143.0,1.264020990968247
2026-06-01,2026-06-01 11:37:15,V037,143.0,1.1040126778433905
2026-06-01,2026-06-01 11:37:16,V037,143.0,1.1650709295246184
2026-06-01,2026-06-01 11:37:17,V037,143.0,1.1696190371325326
2026-06-01,2026-06-01 11:37:18,V037,143.0,1.1942543727021675
2026-06-01,2026-06-01 11:37:19,V037,143.0,1.135788369446941
2026-06-01,2026-06-01 11:37:20,V037,143.0,1.1790036194303695
2026-06-01,2026-06-01 11:37:21,V037,143.0,1.1404917422324259
2026-06-01,2026-06-01 11:37:22,V037,143.0,1.1581289946535758
2026-06-01,2026-06-01 11:37:23,V037,143.0,1.1667863836932382
2026-06-01,2026-06-01 11:37:24,V037,144.0,1.1558981281180494
2026-06-01,2026-06-01 11:37:25,V037,144.0,1.1324733333631625
2026-06-01,2026-06-01 11:37:26,V037,144.0,1.1487558669076978
2026-06-01,2026-06-01 11:37:27,V037,144.0,1.1619174817706042
2026-06-01,2026-06-01 11:37:28,V037,144.0,1.1691691747767587
2026-06-01,2026-06-01 11:37:29,V037,144.0,1.1226761553019273
2026-06-01,2026-06-01 11:37:30,V037,144.0,1.1459433490244617
2026-06-01,2026-06-01 11:37:31,V037,145.0,1.178603615554069
2026-06-01,2026-06-01 11:37:32,V037,145.0,1.1342250662657283
2026-06-01,2026-06-01 11:37:33,V037,145.0,1.1585303474584712
2026-06-01,2026-06-01 11:37:34,V037,146.0,1.196995232220814
2026-06-01,2026-06-01 11:37:35,V037,146.0,1.1601223841829549
2026-06-01,2026-06-01 11:37:36,V037,147.0,1.1395437705702784
2026-06-01,2026-06-01 11:37:37,V037,147.0,1.1496289866666782
2026-06-01,2026-06-01 11:37:38,V037,149.0,1.1605962638542229
2026-06-01,2026-06-01 11:37:39,V037,150.0,1.1379750195256848
2026-06-01,2026-06-01 11:37:40,V037,151.0,1.165225555364178
2026-06-01,2026-06-01 11:37:41,V037,152.0,1.1347395199018278
2026-06-01,2026-06-01 11:37:42,V037,153.0,1.1152872282727062
2026-06-01,2026-06-01 11:37:43,V037,154.0,1.1581836189526957
2026-06-01,2026-06-01 11:37:44,V037,154.0,1.2541801668264763
2026-06-01,2026-06-01 11:37:45,V037,155.0,1.4323767963595755
2026-06-01,2026-06-01 11:37:46,V037,156.0,1.1934821262381616
2026-06-01,2026-06-01 11:37:47,V037,156.0,1.144938816707613
2026-06-01,2026-06-01 11:37:48,V037,157.0,1.1490307574302943
2026-06-01,2026-06-01 11:37:49,V037,158.0,1.204585776594209
2026-06-01,2026-06-01 11:37:50,V037,159.0,1.1507785109869662
2026-06-01,2026-06-01 11:37:51,V037,160.0,1.1477992690448058
2026-06-01,2026-06-01 11:37:52,V037,160.0,1.1811857388195808
2026-06-01,2026-06-01 11:37:53,V037,160.0,1.1772360696108095
2026-06-01,2026-06-01 11:37:54,V037,160.0,1.2158698064400082
2026-06-01,2026-06-01 11:37:55,V037,160.0,1.1543985004271569
2026-06-01,2026-06-01 11:37:56,V037,159.0,1.171597744065382
2026-06-01,2026-06-01 11:37:57,V037,159.0,1.1622680671733445
2026-06-01,2026-06-01 11:37:58,V037,159.0,1.144271672772953
2026-06-01,2026-06-01 11:37:59,V037,159.0,1.1566414405504595
2026-06-01,2026-06-01 11:38:00,V037,159.0,1.1240228936824732
2026-06-01,2026-06-01 11:38:01,V037,158.0,1.1933212150350319
2026-06-01,2026-06-01 11:38:02,V037,159.0,1.3038942604929797
2026-06-01,2026-06-01 11:38:03,V037,159.0,1.2469449069755754
2026-06-01,2026-06-01 11:38:04,V037,159.0,1.1967816628905068
2026-06-01,2026-06-01 11:38:05,V037,159.0,1.1762033328642427
2026-06-01,2026-06-01 11:38:06,V037,160.0,1.14466275437716
2026-06-01,2026-06-01 11:38:07,V037,160.0,1.1772509649464082
2026-06-01,2026-06-01 11:38:08,V037,161.0,1.166243757530084
2026-06-01,2026-06-01 11:38:09,V037,161.0,1.185506361683415
2026-06-01,2026-06-01 11:38:10,V037,161.0,1.1733402998755142
2026-06-01,2026-06-01 11:38:11,V037,162.0,1.1263797397922577
2026-06-01,2026-06-01 11:38:12,V037,162.0,1.1732607035096245
2026-06-01,2026-06-01 11:38:13,V037,161.0,1.1684427028583904
2026-06-01,2026-06-01 11:38:14,V037,161.0,1.115670021804481
2026-06-01,2026-06-01 11:38:15,V037,161.0,1.1581998638003543
2026-06-01,2026-06-01 11:38:16,V037,161.0,1.232102085945951
2026-06-01,2026-06-01 11:38:17,V037,161.0,1.12705825274904
2026-06-01,2026-06-01 11:38:18,V037,161.0,1.172840668045248
2026-06-01,2026-06-01 11:38:19,V037,161.0,1.1071890466482242
2026-06-01,2026-06-01 11:38:20,V037,161.0,1.2201631176650676
2026-06-01,2026-06-01 11:38:21,V037,161.0,1.361738923612339
2026-06-01,2026-06-01 11:38:22,V037,161.0,1.1733533914907466
2026-06-01,2026-06-01 11:38:23,V037,161.0,1.2485343540932934
2026-06-01,2026-06-01 11:38:24,V037,161.0,1.0940752203195125
2026-06-01,2026-06-01 11:38:25,V037,161.0,0.952951846599924
2026-06-01,2026-06-01 11:38:26,V037,161.0,1.021970222429516
2026-06-01,2026-06-01 11:38:27,V037,160.0,0.9543269778836717
2026-06-01,2026-06-01 11:38:28,V037,160.0,1.261224231070438
2026-06-01,2026-06-01 11:38:29,V037,160.0,1.1622389851556825
2026-06-01,2026-06-01 11:38:30,V037,160.0,1.1504530843814693
2026-06-01,2026-06-01 11:38:31,V037,160.0,1.1684372235540856
2026-06-01,2026-06-01 11:38:32,V037,159.0,1.1291504747282493
2026-06-01,2026-06-01 11:38:33,V037,159.0,1.1497725615043894
2026-06-01,2026-06-01 11:38:34,V037,159.0,1.1596794408044666
2026-06-01,2026-06-01 11:38:35,V037,158.0,1.1136319274107407
2026-06-01,2026-06-01 11:38:36,V037,158.0,1.157735768360693
2026-06-01,2026-06-01 11:38:37,V037,157.0,1.1448819289184367
2026-06-01,2026-06-01 11:38:38,V037,154.0,1.13185901356486
2026-06-01,2026-06-01 11:38:39,V037,153.0,1.1790266477643778
2026-06-01,2026-06-01 11:38:40,V037,152.0,1.155622090329092
2026-06-01,2026-06-01 11:38:41,V037,151.0,1.1466207446672931
2026-06-01,2026-06-01 11:38:42,V037,152.0,1.135268950640376
2026-06-01,2026-06-01 11:38:43,V037,152.0,1.144810814016403
2026-06-01,2026-06-01 11:38:44,V037,153.0,1.1383280217450982
2026-06-01,2026-06-01 11:38:45,V037,153.0,1.1310758102763592
2026-06-01,2026-06-01 11:38:46,V037,154.0,1.1222153472002443
2026-06-01,2026-06-01 11:38:47,V037,154.0,1.1448414127289457
2026-06-01,2026-06-01 11:38:48,V037,154.0,1.1265603002984095
2026-06-01,2026-06-01 11:38:49,V037,155.0,1.1385033136574134
2026-06-01,2026-06-01 11:38:50,V037,155.0,1.154934203972204
2026-06-01,2026-06-01 11:38:51,V037,155.0,1.1699788481388878
2026-06-01,2026-06-01 11:38:52,V037,155.0,1.1670745630208001
2026-06-01,2026-06-01 11:38:53,V037,155.0,1.144642518678632
2026-06-01,2026-06-01 11:38:54,V037,155.0,1.1413209055969848
2026-06-01,2026-06-01 11:38:55,V037,155.0,1.148214374208118
2026-06-01,2026-06-01 11:38:56,V037,154.0,1.149730238407897
2026-06-01,2026-06-01 11:38:57,V037,154.0,1.1343015007052504
2026-06-01,2026-06-01 11:38:58,V037,154.0,1.1426549264367143
2026-06-01,2026-06-01 11:38:59,V037,154.0,1.1542766596755933
2026-06-01,2026-06-01 11:39:00,V037,154.0,1.1474234700705117
2026-06-01,2026-06-01 11:39:01,V037,154.0,1.1397035476627106
2026-06-01,2026-06-01 11:39:02,V037,153.0,1.1505709497452532
2026-06-01,2026-06-01 11:39:03,V037,153.0,1.1831261685833374
2026-06-01,2026-06-01 11:39:04,V037,153.0,1.1520842162685347
2026-06-01,2026-06-01 11:39:05,V037,153.0,1.1325170190347744
2026-06-01,2026-06-01 11:39:06,V037,153.0,1.1965055209865476
2026-06-01,2026-06-01 11:39:07,V037,153.0,1.119172433965142
2026-06-01,2026-06-01 11:39:08,V037,153.0,1.147590554232401
2026-06-01,2026-06-01 11:39:09,V037,153.0,1.1652007647930216
2026-06-01,2026-06-01 11:39:10,V037,153.0,1.1881392986484964
2026-06-01,2026-06-01 11:39:11,V037,153.0,1.1494668427493775
2026-06-01,2026-06-01 11:39:12,V037,153.0,1.1313568303683412
2026-06-01,2026-06-01 11:39:13,V037,153.0,1.1394575860262028
2026-06-01,2026-06-01 11:39:14,V037,152.0,1.194680045530811
2026-06-01,2026-06-01 11:39:15,V037,152.0,1.1405835602196899
2026-06-01,2026-06-01 11:39:16,V037,152.0,1.1253891514462684
2026-06-01,2026-06-01 11:39:17,V037,151.0,1.1700388046486094
2026-06-01,2026-06-01 11:39:18,V037,151.0,1.2230853140953741
2026-06-01,2026-06-01 11:39:19,V037,151.0,1.1903709371829667
2026-06-01,2026-06-01 11:39:20,V037,150.0,1.182410447455867
2026-06-01,2026-06-01 11:39:21,V037,150.0,1.208766932553041
2026-06-01,2026-06-01 11:39:22,V037,150.0,1.1779942942557176
2026-06-01,2026-06-01 11:39:23,V037,149.0,1.1486695972297711
2026-06-01,2026-06-01 11:39:24,V037,149.0,1.1695334684111958
2026-06-01,2026-06-01 11:39:25,V037,149.0,1.1780651566236195
2026-06-01,2026-06-01 11:39:26,V037,148.0,1.1299500874388915
2026-06-01,2026-06-01 11:39:27,V037,148.0,1.1337719110489992
2026-06-01,2026-06-01 11:39:28,V037,148.0,1.1181871411422135
2026-06-01,2026-06-01 11:39:29,V037,148.0,1.161039252085701
2026-06-01,2026-06-01 11:39:30,V037,148.0,1.1210406545095186
2026-06-01,2026-06-01 11:39:31,V037,148.0,1.1221463127780797
2026-06-01,2026-06-01 11:39:32,V037,148.0,1.123455166121069
2026-06-01,2026-06-01 11:39:33,V037,148.0,1.1220003598860662
2026-06-01,2026-06-01 11:39:34,V037,148.0,1.1447327923772606
2026-06-01,2026-06-01 11:39:35,V037,149.0,1.1261013692924289
2026-06-01,2026-06-01 11:39:36,V037,148.0,1.147024678438065
2026-06-01,2026-06-01 11:39:37,V037,148.0,1.1090261149308331
2026-06-01,2026-06-01 11:39:38,V037,147.0,1.1589781684257963
2026-06-01,2026-06-01 11:39:39,V037,147.0,1.1307062847380345
2026-06-01,2026-06-01 11:39:40,V037,147.0,1.1526538741835075
2026-06-01,2026-06-01 11:39:41,V037,147.0,1.1188473452034706
2026-06-01,2026-06-01 11:39:42,V037,147.0,1.1499949313018443
2026-06-01,2026-06-01 11:39:43,V037,147.0,1.124166066745038
2026-06-01,2026-06-01 11:39:44,V037,146.0,1.176679710917337
2026-06-01,2026-06-01 11:39:45,V037,146.0,1.1573222754914474
2026-06-01,2026-06-01 11:39:46,V037,146.0,1.1731597687300417
2026-06-01,2026-06-01 11:39:47,V037,146.0,1.128487963085332
2026-06-01,2026-06-01 11:39:48,V037,146.0,1.1321850740617407
2026-06-01,2026-06-01 11:39:49,V037,147.0,1.1401550632588087
2026-06-01,2026-06-01 11:39:50,V037,147.0,1.1661714728321622
2026-06-01,2026-06-01 11:39:51,V037,147.0,1.2521628084545477
2026-06-01,2026-06-01 11:39:52,V037,147.0,1.0931083037317504
2026-06-01,2026-06-01 11:39:53,V037,147.0,1.1591157287589453
2026-06-01,2026-06-01 11:39:54,V037,147.0,1.1116438446947783
2026-06-01,2026-06-01 11:39:55,V037,146.0,1.1385387619040372
2026-06-01,2026-06-01 11:39:56,V037,146.0,1.042458786613144
2026-06-01,2026-06-01 11:39:57,V037,146.0,1.0511583724692608
2026-06-01,2026-06-01 11:39:58,V037,146.0,1.1315987855136516
2026-06-01,2026-06-01 11:39:59,V037,146.0,1.2456448373709568
2026-06-01,2026-06-01 11:40:00,V037,146.0,1.171443489784697
2026-06-01,2026-06-01 11:40:01,V037,146.0,1.1522005889123275
2026-06-01,2026-06-01 11:40:02,V037,146.0,1.20905620946673
2026-06-01,2026-06-01 11:40:03,V037,146.0,1.1989432493504606
2026-06-01,2026-06-01 11:40:04,V037,146.0,1.133339257116436
2026-06-01,2026-06-01 11:40:05,V037,145.0,1.172764730627545
2026-06-01,2026-06-01 11:40:06,V037,144.0,1.343517614868065
2026-06-01,2026-06-01 11:40:07,V037,144.0,1.0982205981436022
2026-06-01,2026-06-01 11:40:08,V037,143.0,1.1126668800059647
2026-06-01,2026-06-01 11:40:09,V037,143.0,1.226414938998998
2026-06-01,2026-06-01 11:40:10,V037,143.0,1.1637697051310982
2026-06-01,2026-06-01 11:40:11,V037,142.0,1.1451162247000084
2026-06-01,2026-06-01 11:40:12,V037,142.0,1.1210109713149845
2026-06-01,2026-06-01 11:40:13,V037,142.0,1.261023562855897
2026-06-01,2026-06-01 11:40:14,V037,142.0,1.0618303507614069
2026-06-01,2026-06-01 11:40:15,V037,141.0,1.1593124292502055
2026-06-01,2026-06-01 11:40:16,V037,142.0,1.1336957664339604
2026-06-01,2026-06-01 11:40:17,V037,142.0,1.1121397090701486
2026-06-01,2026-06-01 11:40:18,V037,143.0,1.1498996049579917
2026-06-01,2026-06-01 11:40:19,V037,143.0,1.1064255716374922
2026-06-01,2026-06-01 11:40:20,V037,144.0,1.1545623317654206
2026-06-01,2026-06-01 11:40:21,V037,145.0,1.141830705851766
2026-06-01,2026-06-01 11:40:22,V037,146.0,1.1335027905289325
2026-06-01,2026-06-01 11:40:23,V037,147.0,1.1442086381775456
2026-06-01,2026-06-01 11:40:24,V037,149.0,1.1251046848432054
2026-06-01,2026-06-01 11:40:25,V037,151.0,1.1806294245325977
2026-06-01,2026-06-01 11:40:26,V037,153.0,1.11429890313036
2026-06-01,2026-06-01 11:40:27,V037,154.0,1.1527965182856657
2026-06-01,2026-06-01 11:40:28,V037,155.0,1.1645523278112464
2026-06-01,2026-06-01 11:40:29,V037,156.0,1.1337953794295896
2026-06-01,2026-06-01 11:40:30,V037,157.0,1.1330719707115597
2026-06-01,2026-06-01 11:40:31,V037,158.0,1.1408035179160454
2026-06-01,2026-06-01 11:40:32,V037,159.0,1.1505333508828857
2026-06-01,2026-06-01 11:40:33,V037,160.0,1.1498507764577768
2026-06-01,2026-06-01 11:40:34,V037,161.0,1.1346590841094002
2026-06-01,2026-06-01 11:40:35,V037,162.0,1.1500050991170043
2026-06-01,2026-06-01 11:40:36,V037,163.0,1.1440692637081067
2026-06-01,2026-06-01 11:40:37,V037,163.0,1.1596491497722603
2026-06-01,2026-06-01 11:40:38,V037,163.0,1.1434502975967404
2026-06-01,2026-06-01 11:40:39,V037,162.0,1.1570128928388552
2026-06-01,2026-06-01 11:40:40,V037,162.0,1.1433057373114683
2026-06-01,2026-06-01 11:40:41,V037,161.0,1.147591592299169
2026-06-01,2026-06-01 11:40:42,V037,161.0,1.151627629912966
2026-06-01,2026-06-01 11:40:43,V037,160.0,1.1551685770022502
2026-06-01,2026-06-01 11:40:44,V037,160.0,1.1721567762135063
2026-06-01,2026-06-01 11:40:45,V037,159.0,1.1493971902071798
2026-06-01,2026-06-01 11:40:46,V037,159.0,1.171283482485204
2026-06-01,2026-06-01 11:40:47,V037,159.0,1.1616566134728863
2026-06-01,2026-06-01 11:40:48,V037,158.0,1.1467845065991034
2026-06-01,2026-06-01 11:40:49,V037,158.0,1.1387772129555438
2026-06-01,2026-06-01 11:40:50,V037,158.0,1.1272604684233112
2026-06-01,2026-06-01 11:40:51,V037,157.0,1.1985940339366112
2026-06-01,2026-06-01 11:40:52,V037,157.0,1.1651174286417945
2026-06-01,2026-06-01 11:40:53,V037,157.0,1.1544950708511292
2026-06-01,2026-06-01 11:40:54,V037,157.0,1.1567329233105508
2026-06-01,2026-06-01 11:40:55,V037,156.0,1.15078982746275
2026-06-01,2026-06-01 11:40:56,V037,156.0,1.1532246365273253
2026-06-01,2026-06-01 11:40:57,V037,156.0,1.1469275265908982
2026-06-01,2026-06-01 11:40:58,V037,156.0,1.1329654820535071
2026-06-01,2026-06-01 11:40:59,V037,156.0,1.1410143115705713
2026-06-01,2026-06-01 11:41:00,V037,156.0,1.139893095869733
2026-06-01,2026-06-01 11:41:01,V037,157.0,1.139293101424755
2026-06-01,2026-06-01 11:41:02,V037,157.0,1.122210950146939
2026-06-01,2026-06-01 11:41:03,V037,157.0,1.1213247693870032
2026-06-01,2026-06-01 11:41:04,V037,157.0,1.1191316976113939
2026-06-01,2026-06-01 11:41:05,V037,157.0,1.1376900070211984
2026-06-01,2026-06-01 11:41:06,V037,157.0,1.1227243641266316
2026-06-01,2026-06-01 11:41:07,V037,158.0,1.1340067716753743
2026-06-01,2026-06-01 11:41:08,V037,158.0,1.136995757230793
2026-06-01,2026-06-01 11:41:09,V037,158.0,1.1287694874882532
2026-06-01,2026-06-01 11:41:10,V037,158.0,1.1798832661225984
2026-06-01,2026-06-01 11:41:11,V037,159.0,1.1372527048682854
2026-06-01,2026-06-01 11:41:12,V037,159.0,1.1271687527737844
2026-06-01,2026-06-01 11:41:13,V037,159.0,1.137225223874884
2026-06-01,2026-06-01 11:41:14,V037,159.0,1.1258379834845471
2026-06-01,2026-06-01 11:41:15,V037,159.0,1.153501037517765
2026-06-01,2026-06-01 11:41:16,V037,159.0,1.1357617766078651
2026-06-01,2026-06-01 11:41:17,V037,159.0,1.1620858707417687
2026-06-01,2026-06-01 11:41:18,V037,159.0,1.1631520818256638
2026-06-01,2026-06-01 11:41:19,V037,159.0,1.1407738030224266
2026-06-01,2026-06-01 11:41:20,V037,158.0,1.1309213060002306
2026-06-01,2026-06-01 11:41:21,V037,158.0,1.1888192909252904
2026-06-01,2026-06-01 11:41:22,V037,158.0,1.1588307005764171
2026-06-01,2026-06-01 11:41:23,V037,157.0,1.147918803418544
2026-06-01,2026-06-01 11:41:24,V037,157.0,1.1541662167849709
2026-06-01,2026-06-01 11:41:25,V037,157.0,1.12012963763831
2026-06-01,2026-06-01 11:41:26,V037,156.0,1.155670931077041
2026-06-01,2026-06-01 11:41:27,V037,155.0,1.1574491707934453
2026-06-01,2026-06-01 11:41:28,V037,154.0,1.1354652062971888
2026-06-01,2026-06-01 11:41:29,V037,153.0,1.125171470000171
2026-06-01,2026-06-01 11:41:30,V037,152.0,1.1791152825441802
2026-06-01,2026-06-01 11:41:31,V037,151.0,1.1334706865255837
2026-06-01,2026-06-01 11:41:32,V037,149.0,1.1527837150733138
2026-06-01,2026-06-01 11:41:33,V037,148.0,1.144859409975021
2026-06-01,2026-06-01 11:41:34,V037,147.0,1.1690885762164083
2026-06-01,2026-06-01 11:41:35,V037,146.0,1.143327199072316
2026-06-01,2026-06-01 11:41:36,V037,146.0,1.1435227144443794
2026-06-01,2026-06-01 11:41:37,V037,146.0,1.1229448798720596
2026-06-01,2026-06-01 11:41:38,V037,146.0,1.10595288683989
2026-06-01,2026-06-01 11:41:39,V037,146.0,1.100569664598983
2026-06-01,2026-06-01 11:41:40,V037,146.0,1.1443885903869022
2026-06-01,2026-06-01 11:41:41,V037,145.0,1.1513140630631533
2026-06-01,2026-06-01 11:41:42,V037,145.0,1.1889389680925928
2026-06-01,2026-06-01 11:41:43,V037,144.0,1.1203983822698471
2026-06-01,2026-06-01 11:41:44,V037,144.0,1.126088543351149
2026-06-01,2026-06-01 11:41:45,V037,143.0,1.130167737219803
2026-06-01,2026-06-01 11:41:46,V037,143.0,1.1052517601665874
2026-06-01,2026-06-01 11:41:47,V037,143.0,1.1450626608493835
2026-06-01,2026-06-01 11:41:48,V037,142.0,1.1070640038526152
2026-06-01,2026-06-01 11:41:49,V037,142.0,1.1433509479954045
2026-06-01,2026-06-01 11:41:50,V037,141.0,1.1525838146520644
2026-06-01,2026-06-01 11:41:51,V037,141.0,1.1570417983514074
2026-06-01,2026-06-01 11:41:52,V037,141.0,1.161003897149572
2026-06-01,2026-06-01 11:41:53,V037,142.0,1.117222640451281
2026-06-01,2026-06-01 11:41:54,V037,141.0,1.1847499675192823
2026-06-01,2026-06-01 11:41:55,V037,141.0,1.1092490346303003
2026-06-01,2026-06-01 11:41:56,V037,142.0,1.1689140039624928
2026-06-01,2026-06-01 11:41:57,V037,143.0,1.1260065058592308
2026-06-01,2026-06-01 11:41:58,V037,143.0,1.1367982517752944
2026-06-01,2026-06-01 11:41:59,V037,143.0,1.1624529153272025
2026-06-01,2026-06-01 11:42:00,V037,144.0,1.1240896133601412
2026-06-01,2026-06-01 11:42:01,V037,144.0,1.2224539304627502
2026-06-01,2026-06-01 11:42:02,V037,144.0,1.1493078795769407
2026-06-01,2026-06-01 11:42:03,V037,144.0,1.2034127822596035
2026-06-01,2026-06-01 11:42:04,V037,144.0,1.3851317845375528
2026-06-01,2026-06-01 11:42:05,V037,144.0,1.3265742481932703
2026-06-01,2026-06-01 11:42:06,V037,144.0,2.292364570898886
2026-06-01,2026-06-01 11:42:07,V037,144.0,1.1688143444027888
2026-06-01,2026-06-01 11:42:08,V037,144.0,1.1588030882126732
2026-06-01,2026-06-01 11:42:09,V037,144.0,0.9703548241663729
2026-06-01,2026-06-01 11:42:10,V037,144.0,1.262222966100607
2026-06-01,2026-06-01 11:42:11,V037,144.0,1.070718558027075
2026-06-01,2026-06-01 11:42:12,V037,144.0,1.1477808606163495
2026-06-01,2026-06-01 11:42:13,V037,145.0,1.1783438840939862
2026-06-01,2026-06-01 11:42:14,V037,144.0,1.1455675598938375
2026-06-01,2026-06-01 11:42:15,V037,142.0,1.166053887007242
2026-06-01,2026-06-01 11:42:16,V037,141.0,1.1804923518204054
2026-06-01,2026-06-01 11:42:17,V037,139.0,1.1047291372905883
2026-06-01,2026-06-01 11:42:18,V037,138.0,1.1548552987626597
2026-06-01,2026-06-01 11:42:19,V037,136.0,1.059137007987266
2026-06-01,2026-06-01 11:42:20,V037,137.0,1.1276926034733483
2026-06-01,2026-06-01 11:42:21,V037,139.0,0.9842978854668144
2026-06-01,2026-06-01 11:42:22,V037,140.0,0.9291619921990422
2026-06-01,2026-06-01 11:42:23,V037,142.0,0.9664824784832513
2026-06-01,2026-06-01 11:42:24,V037,143.0,0.9614818203929516
2026-06-01,2026-06-01 11:42:25,V037,144.0,0.9547082797353278
2026-06-01,2026-06-01 11:42:26,V037,143.0,0.960875631048191
2026-06-01,2026-06-01 11:42:27,V037,143.0,0.9429152006305955
2026-06-01,2026-06-01 11:42:28,V037,143.0,0.9722954495867137
2026-06-01,2026-06-01 11:42:29,V037,143.0,0.9134385457819891
2026-06-01,2026-06-01 11:42:30,V037,143.0,0.9620982363948908
2026-06-01,2026-06-01 11:42:31,V037,143.0,1.0504502394219333
2026-06-01,2026-06-01 11:42:32,V037,143.0,0.9985936307243953
2026-06-01,2026-06-01 11:42:33,V037,143.0,1.0888827004252608
2026-06-01,2026-06-01 11:42:34,V037,143.0,1.0892539136138888
2026-06-01,2026-06-01 11:42:35,V037,142.0,1.161085174043313
2026-06-01,2026-06-01 11:42:36,V037,143.0,1.3354731178575205
2026-06-01,2026-06-01 11:42:37,V037,143.0,1.210283426198204
2026-06-01,2026-06-01 11:42:38,V037,143.0,1.1362356615186573
2026-06-01,2026-06-01 11:42:39,V037,143.0,1.3029038827448238
2026-06-01,2026-06-01 11:42:40,V037,143.0,1.1892643552527582
2026-06-01,2026-06-01 11:42:41,V037,143.0,1.15713613245622
2026-06-01,2026-06-01 11:42:42,V037,143.0,1.1365431543338582
2026-06-01,2026-06-01 11:42:43,V037,144.0,1.122964453883169
2026-06-01,2026-06-01 11:42:44,V037,144.0,1.7439463220931042
2026-06-01,2026-06-01 11:42:45,V037,144.0,1.1072244563367455
2026-06-01,2026-06-01 11:42:46,V037,143.0,1.087088556603408
2026-06-01,2026-06-01 11:42:47,V037,143.0,1.1180588529277513
2026-06-01,2026-06-01 11:42:48,V037,143.0,1.1742777182750066
2026-06-01,2026-06-01 11:42:49,V037,143.0,1.1482025906869604
2026-06-01,2026-06-01 11:42:50,V037,143.0,1.1845320838836677
2026-06-01,2026-06-01 11:42:51,V037,143.0,1.1632379540332645
2026-06-01,2026-06-01 11:42:52,V037,143.0,1.135101723728104
2026-06-01,2026-06-01 11:42:53,V037,143.0,1.1887409690633537
2026-06-01,2026-06-01 11:42:54,V037,143.0,1.12694911035943
2026-06-01,2026-06-01 11:42:55,V037,143.0,1.5781493387110637
2026-06-01,2026-06-01 11:42:56,V037,143.0,1.0045286616205427
2026-06-01,2026-06-01 11:42:57,V037,143.0,1.023357102865147
2026-06-01,2026-06-01 11:42:58,V037,143.0,1.0792946630924274
2026-06-01,2026-06-01 11:42:59,V037,143.0,1.067592842121283
2026-06-01,2026-06-01 11:43:00,V037,143.0,1.033566720177212
2026-06-01,2026-06-01 11:43:01,V037,143.0,1.027575625864987
2026-06-01,2026-06-01 11:43:02,V037,143.0,1.001418199987382
2026-06-01,2026-06-01 11:43:03,V037,143.0,1.2242677690893398
2026-06-01,2026-06-01 11:43:04,V037,143.0,1.0566714282079246
2026-06-01,2026-06-01 11:43:05,V037,143.0,0.8202427872552754
2026-06-01,2026-06-01 11:43:06,V037,143.0,1.5045362799626654
2026-06-01,2026-06-01 11:43:07,V037,143.0,1.1383125716066749
2026-06-01,2026-06-01 11:43:08,V037,143.0,1.0674600818302646
2026-06-01,2026-06-01 11:43:09,V037,143.0,0.9388104553334526
2026-06-01,2026-06-01 11:43:10,V037,142.0,0.9887755957379547
2026-06-01,2026-06-01 11:43:11,V037,141.0,1.1721713688619613
2026-06-01,2026-06-01 11:43:12,V037,141.0,1.134304824007044
2026-06-01,2026-06-01 11:43:13,V037,140.0,1.1471548850468714
2026-06-01,2026-06-01 11:43:14,V037,140.0,1.1246525094653728
2026-06-01,2026-06-01 11:43:15,V037,140.0,1.1492913957367936
2026-06-01,2026-06-01 11:43:16,V037,140.0,1.114094845630661
2026-06-01,2026-06-01 11:43:17,V037,140.0,0.9972506441338981
2026-06-01,2026-06-01 11:43:18,V037,140.0,1.17803555132727
2026-06-01,2026-06-01 11:43:19,V037,140.0,0.9997774451523116
2026-06-01,2026-06-01 11:43:20,V037,140.0,1.0030634901631543
2026-06-01,2026-06-01 11:43:21,V037,140.0,1.0027892742028637
2026-06-01,2026-06-01 11:43:22,V037,140.0,1.0035533763116817
2026-06-01,2026-06-01 11:43:23,V037,141.0,1.0082459786693037
2026-06-01,2026-06-01 11:43:24,V037,141.0,1.0055098184776983
2026-06-01,2026-06-01 11:43:25,V037,141.0,1.001940472093044
2026-06-01,2026-06-01 11:43:26,V037,141.0,1.0012369358251867
2026-06-01,2026-06-01 11:43:27,V037,141.0,1.0037006394211556
2026-06-01,2026-06-01 11:43:28,V037,141.0,0.9856695394935286
2026-06-01,2026-06-01 11:43:29,V037,142.0,1.010376994746944
2026-06-01,2026-06-01 11:43:30,V037,141.0,1.0028639286045917
2026-06-01,2026-06-01 11:43:31,V037,140.0,1.005384675789759
2026-06-01,2026-06-01 11:43:32,V037,139.0,0.997373643942841
2026-06-01,2026-06-01 11:43:33,V037,139.0,1.0024612191326223
2026-06-01,2026-06-01 11:43:34,V037,137.0,1.0053669958579563
2026-06-01,2026-06-01 11:43:35,V037,136.0,0.9992036541576504
2026-06-01,2026-06-01 11:43:36,V037,134.0,0.999334861487666
2026-06-01,2026-06-01 11:43:37,V037,133.0,0.9984042943663252
2026-06-01,2026-06-01 11:43:38,V037,131.0,1.0003565587723866
2026-06-01,2026-06-01 11:43:39,V037,130.0,1.0043312871624006
2026-06-01,2026-06-01 11:43:40,V037,129.0,1.0286248968024079
2026-06-01,2026-06-01 11:43:41,V037,128.0,1.0024441772135955
2026-06-01,2026-06-01 11:43:42,V037,128.0,0.9985234853881345
2026-06-01,2026-06-01 11:43:43,V037,128.0,1.0020388102355697
2026-06-01,2026-06-01 11:43:44,V037,128.0,1.0016390317469808
2026-06-01,2026-06-01 11:43:45,V037,128.0,0.9997501105869125
2026-06-01,2026-06-01 11:43:46,V037,127.0,0.9991329529261905
2026-06-01,2026-06-01 11:43:47,V037,126.0,1.0014493401484998
2026-06-01,2026-06-01 11:43:48,V037,126.0,1.01065172903939
2026-06-01,2026-06-01 11:43:49,V037,126.0,0.999926771551597
2026-06-01,2026-06-01 11:43:50,V037,125.0,1.0050878279964646
2026-06-01,2026-06-01 11:43:51,V037,125.0,1.0043216623577105
2026-06-01,2026-06-01 11:43:52,V037,126.0,0.9824590116472839
2026-06-01,2026-06-01 11:43:53,V037,126.0,1.0035386270793
2026-06-01,2026-06-01 11:43:54,V037,127.0,1.0040001001281167
2026-06-01,2026-06-01 11:43:55,V037,127.0,1.0020099375661415
2026-06-01,2026-06-01 11:43:56,V037,128.0,1.00400741163999
2026-06-01,2026-06-01 11:43:57,V037,128.0,0.99802433120139
2026-06-01,2026-06-01 11:43:58,V037,129.0,1.0000286105992617
2026-06-01,2026-06-01 11:43:59,V037,130.0,0.9991063813122943
2026-06-01,2026-06-01 11:44:00,V037,133.0,1.001044684521326
2026-06-01,2026-06-01 11:44:01,V037,135.0,0.9967270973469051
2026-06-01,2026-06-01 11:44:02,V037,137.0,1.008699118866608
2026-06-01,2026-06-01 11:44:03,V037,139.0,0.9990333078504423
2026-06-01,2026-06-01 11:44:04,V037,140.0,0.9995402085915605
2026-06-01,2026-06-01 11:44:05,V037,140.0,1.0069828061444612
2026-06-01,2026-06-01 11:44:06,V037,141.0,0.9827825132066711
2026-06-01,2026-06-01 11:44:07,V037,141.0,0.9843646398703656
2026-06-01,2026-06-01 11:44:08,V037,141.0,1.0034640161032329
2026-06-01,2026-06-01 11:44:09,V037,141.0,0.9998037323472602
2026-06-01,2026-06-01 11:44:10,V037,141.0,1.0018804891659985
2026-06-01,2026-06-01 11:44:11,V037,141.0,1.0090276357441115
2026-06-01,2026-06-01 11:44:12,V037,141.0,1.0010947945877025
2026-06-01,2026-06-01 11:44:13,V037,140.0,1.0037423036448445
2026-06-01,2026-06-01 11:44:14,V037,140.0,1.0024408808394019
2026-06-01,2026-06-01 11:44:15,V037,140.0,1.013837529183036
2026-06-01,2026-06-01 11:44:16,V037,140.0,0.9990867828705541
2026-06-01,2026-06-01 11:44:17,V037,140.0,1.002629504506749
2026-06-01,2026-06-01 11:44:18,V037,140.0,1.0031604118346618
2026-06-01,2026-06-01 11:44:19,V037,140.0,1.0074722210683136
2026-06-01,2026-06-01 11:44:20,V037,139.0,1.0044004332073753
2026-06-01,2026-06-01 11:44:21,V037,139.0,1.0017336095302556
2026-06-01,2026-06-01 11:44:22,V037,138.0,1.0038575906332339
2026-06-01,2026-06-01 11:44:23,V037,138.0,1.0034566202852562
2026-06-01,2026-06-01 11:44:24,V037,137.0,1.002431387006365
2026-06-01,2026-06-01 11:44:25,V037,137.0,1.003891928461877
2026-06-01,2026-06-01 11:44:26,V037,136.0,1.0029064654703963
2026-06-01,2026-06-01 11:44:27,V037,136.0,1.002873176071572
2026-06-01,2026-06-01 11:44:28,V037,136.0,1.0041411075587603
2026-06-01,2026-06-01 11:44:29,V037,136.0,1.0018858685503713
2026-06-01,2026-06-01 11:44:30,V037,136.0,1.0025067234445935
2026-06-01,2026-06-01 11:44:31,V037,136.0,1.003412189953988
2026-06-01,2026-06-01 11:44:32,V037,136.0,1.0031868314138825
2026-06-01,2026-06-01 11:44:33,V037,136.0,1.003441493553056
2026-06-01,2026-06-01 11:44:34,V037,136.0,0.9982534426641029
2026-06-01,2026-06-01 11:44:35,V037,135.0,1.0015319030680732
2026-06-01,2026-06-01 11:44:36,V037,135.0,1.0030283731158391
2026-06-01,2026-06-01 11:44:37,V037,135.0,1.0027452825818606
2026-06-01,2026-06-01 11:44:38,V037,135.0,1.0018108329841373
2026-06-01,2026-06-01 11:44:39,V037,135.0,0.9987827504966923
2026-06-01,2026-06-01 11:44:40,V037,134.0,1.002418791432149
2026-06-01,2026-06-01 11:44:41,V037,134.0,1.002982892914722
2026-06-01,2026-06-01 11:44:42,V037,134.0,1.0046004309137417
2026-06-01,2026-06-01 11:44:43,V037,134.0,1.0025949182879674
2026-06-01,2026-06-01 11:44:44,V037,134.0,1.0041802947814507
2026-06-01,2026-06-01 11:44:45,V037,133.0,0.9988359410071999
2026-06-01,2026-06-01 11:44:46,V037,133.0,1.0085484639278577
2026-06-01,2026-06-01 11:44:47,V037,133.0,1.0036141372986342
2026-06-01,2026-06-01 11:44:48,V037,132.0,1.005528867226034
2026-06-01,2026-06-01 11:44:49,V037,133.0,1.002159819513059
2026-06-01,2026-06-01 11:44:50,V037,133.0,1.0032569157882116
2026-06-01,2026-06-01 11:44:51,V037,133.0,1.004632553256158
2026-06-01,2026-06-01 11:44:52,V037,133.0,0.9999754238989755
2026-06-01,2026-06-01 11:44:53,V037,133.0,1.0030147150026099
2026-06-01,2026-06-01 11:44:54,V037,133.0,1.0107306373045684
2026-06-01,2026-06-01 11:44:55,V037,132.0,1.0003624381640026
2026-06-01,2026-06-01 11:44:56,V037,132.0,1.0036431695882309
2026-06-01,2026-06-01 11:44:57,V037,132.0,1.0011827056407692
2026-06-01,2026-06-01 11:44:58,V037,132.0,1.004191309525565
2026-06-01,2026-06-01 11:44:59,V037,132.0,1.0094836098338336
2026-06-01,2026-06-01 11:45:00,V037,131.0,1.0063611355742916
2026-06-01,2026-06-01 11:45:01,V037,131.0,1.0047828452305705
2026-06-01,2026-06-01 11:45:02,V037,131.0,1.0036349587080633
2026-06-01,2026-06-01 11:45:03,V037,131.0,1.0040781500157778
2026-06-01,2026-06-01 11:45:04,V037,130.0,1.005767965862553
2026-06-01,2026-06-01 11:45:05,V037,130.0,1.0044940997008474
2026-06-01,2026-06-01 11:45:06,V037,129.0,1.002704564158102
2026-06-01,2026-06-01 11:45:07,V037,129.0,1.0023512486560855
2026-06-01,2026-06-01 11:45:08,V037,129.0,1.000985492721625
2026-06-01,2026-06-01 11:45:09,V037,129.0,1.0013107770086316
2026-06-01,2026-06-01 11:45:10,V037,129.0,1.006135371591983
2026-06-01,2026-06-01 11:45:11,V037,129.0,1.0036369893385355
2026-06-01,2026-06-01 11:45:12,V037,129.0,1.0060530549794766
2026-06-01,2026-06-01 11:45:13,V037,129.0,1.0041077776387999
2026-06-01,2026-06-01 11:45:14,V037,128.0,1.003580070186468
2026-06-01,2026-06-01 11:45:15,V037,128.0,1.000343280216056
2026-06-01,2026-06-01 11:45:16,V037,129.0,1.0049453338027112
2026-06-01,2026-06-01 11:45:17,V037,129.0,1.0024253837299677
2026-06-01,2026-06-01 11:45:18,V037,129.0,1.0034134574898612
2026-06-01,2026-06-01 11:45:19,V037,129.0,0.9998981152263526
2026-06-01,2026-06-01 11:45:20,V037,128.0,1.0051400668605457
2026-06-01,2026-06-01 11:45:21,V037,128.0,0.9993552443624337
2026-06-01,2026-06-01 11:45:22,V037,127.0,1.0010488732532903
2026-06-01,2026-06-01 11:45:23,V037,126.0,1.0005690029766137
2026-06-01,2026-06-01 11:45:24,V037,125.0,1.0042338925089764
2026-06-01,2026-06-01 11:45:25,V037,125.0,1.0014144854691955
2026-06-01,2026-06-01 11:45:26,V037,124.0,0.9990517490757597
2026-06-01,2026-06-01 11:45:27,V037,124.0,1.0119862641960922
2026-06-01,2026-06-01 11:45:28,V037,124.0,1.0042026704403806
2026-06-01,2026-06-01 11:45:29,V037,125.0,1.0056855653907872
2026-06-01,2026-06-01 11:45:30,V037,125.0,1.005332376203804
2026-06-01,2026-06-01 11:45:31,V037,125.0,1.0080003319219408
2026-06-01,2026-06-01 11:45:32,V037,126.0,1.005611028459418
2026-06-01,2026-06-01 11:45:33,V037,126.0,1.0014381843279894
2026-06-01,2026-06-01 11:45:34,V037,126.0,1.003660200170462
2026-06-01,2026-06-01 11:45:35,V037,125.0,1.003756617247745
2026-06-01,2026-06-01 11:45:36,V037,125.0,1.0005164849460146
2026-06-01,2026-06-01 11:45:37,V037,125.0,1.0039559656782606
2026-06-01,2026-06-01 11:45:38,V037,125.0,1.0020914544785011
2026-06-01,2026-06-01 11:45:39,V037,124.0,1.0036395212376537
2026-06-01,2026-06-01 11:45:40,V037,124.0,1.005116646017781
2026-06-01,2026-06-01 11:45:41,V037,124.0,1.004497675727679
2026-06-01,2026-06-01 11:45:42,V037,124.0,1.002920515653356
2026-06-01,2026-06-01 11:45:43,V037,125.0,1.0020091366218136
2026-06-01,2026-06-01 11:45:44,V037,125.0,0.9981393269058256
2026-06-01,2026-06-01 11:45:45,V037,125.0,1.0042056447250038
2026-06-01,2026-06-01 11:45:46,V037,125.0,1.0056711226515462
2026-06-01,2026-06-01 11:45:47,V037,124.0,1.004155433802029
2026-06-01,2026-06-01 11:45:48,V037,124.0,1.0035287070567536
2026-06-01,2026-06-01 11:45:49,V037,124.0,1.004658702981883
2026-06-01,2026-06-01 11:45:50,V037,124.0,1.0014234997699187
2026-06-01,2026-06-01 11:45:51,V037,124.0,1.0049673559944823
2026-06-01,2026-06-01 11:45:52,V037,124.0,0.9933832325161555
2026-06-01,2026-06-01 11:45:53,V037,123.0,1.002532569514084
2026-06-01,2026-06-01 11:45:54,V037,122.0,1.0094750636075633
2026-06-01,2026-06-01 11:45:55,V037,122.0,1.0012437464238888
2026-06-01,2026-06-01 11:45:56,V037,121.0,1.004968296655106
2026-06-01,2026-06-01 11:45:57,V037,120.0,1.0035087620252745
2026-06-01,2026-06-01 11:45:58,V037,119.0,1.0028313060685892
2026-06-01,2026-06-01 11:45:59,V037,119.0,1.002173449551209
2026-06-01,2026-06-01 11:46:00,V037,119.0,1.0015802344612093
2026-06-01,2026-06-01 11:46:01,V037,118.0,1.0037085856828991
2026-06-01,2026-06-01 11:46:02,V037,118.0,1.0029759621913734
2026-06-01,2026-06-01 11:46:03,V037,118.0,1.0026516759686794
2026-06-01,2026-06-01 11:46:04,V037,118.0,1.0030199855415738
2026-06-01,2026-06-01 11:46:05,V037,118.0,1.0030632574487877
2026-06-01,2026-06-01 11:46:06,V037,117.0,1.0052077061429696
2026-06-01,2026-06-01 11:46:07,V037,116.0,1.003517571123328
2026-06-01,2026-06-01 11:46:08,V037,115.0,1.0040846254186275
2026-06-01,2026-06-01 11:46:09,V037,114.0,1.0020167168433505
2026-06-01,2026-06-01 11:46:10,V037,113.0,1.0033925689018943
2026-06-01,2026-06-01 11:46:11,V037,112.0,1.004169371230171
2026-06-01,2026-06-01 11:46:12,V037,112.0,1.0042479973564495
2026-06-01,2026-06-01 11:46:13,V037,111.0,1.003550236209316
2026-06-01,2026-06-01 11:46:14,V037,110.0,1.002481584313908
2026-06-01,2026-06-01 11:46:15,V037,109.0,1.003664342158588
2026-06-01,2026-06-01 11:46:16,V037,109.0,1.0027664544682549
2026-06-01,2026-06-01 11:46:17,V037,108.0,1.0025824869249167
2026-06-01,2026-06-01 11:46:18,V037,108.0,1.002890652009099
2026-06-01,2026-06-01 11:46:19,V037,107.0,1.0034323622293382
2026-06-01,2026-06-01 11:46:20,V037,107.0,1.0030521739608649
2026-06-01,2026-06-01 11:46:21,V037,106.0,1.0020133274829426
2026-06-01,2026-06-01 11:46:22,V037,103.0,1.0028526309235324
2026-06-01,2026-06-01 11:46:23,V037,102.0,1.0503539990126973
2026-06-01,2026-06-01 11:46:24,V037,102.0,1.0049329316944766
2026-06-01,2026-06-01 11:46:25,V037,102.0,1.0052757847652338
2026-06-01,2026-06-01 11:46:26,V037,102.0,1.0114916548283999
2026-06-01,2026-06-01 11:46:27,V037,102.0,0.999097863058308
2026-06-01,2026-06-01 11:46:28,V037,101.0,1.0066382495334454
2026-06-01,2026-06-01 11:46:29,V037,101.0,1.0018853297239763
2026-06-01,2026-06-01 11:46:30,V037,100.0,0.9551189606941792
2026-06-01,2026-06-01 11:46:31,V037,100.0,0.9626810641196416
2026-06-01,2026-06-01 11:46:32,V037,99.0,1.0028308817561897
2026-06-01,2026-06-01 11:46:33,V037,98.0,1.0287177512307568
2026-06-01,2026-06-01 11:46:34,V037,98.0,1.0029069994507558
2026-06-01,2026-06-01 11:46:35,V037,97.0,1.0046378913370435
2026-06-01,2026-06-01 11:46:36,V037,97.0,1.0054835269584428
2026-06-01,2026-06-01 11:46:37,V037,97.0,1.00153257671834
2026-06-01,2026-06-01 11:46:38,V037,97.0,1.0036193214116804
2026-06-01,2026-06-01 11:46:39,V037,97.0,1.0011616882615242
2026-06-01,2026-06-01 11:46:40,V037,97.0,1.0046367718445806
2026-06-01,2026-06-01 11:46:41,V037,97.0,1.0053737860841803
2026-06-01,2026-06-01 11:46:42,V037,97.0,0.9980226752350374
2026-06-01,2026-06-01 11:46:43,V037,97.0,1.0053560000167605
2026-06-01,2026-06-01 11:46:44,V037,97.0,1.0036238280413499
2026-06-01,2026-06-01 11:46:45,V037,97.0,1.0033029275340715
2026-06-01,2026-06-01 11:46:46,V037,97.0,1.0033799968103254
2026-06-01,2026-06-01 11:46:47,V037,97.0,1.0035703455332219
2026-06-01,2026-06-01 11:46:48,V037,97.0,1.0027007500915923
2026-06-01,2026-06-01 11:46:49,V037,97.0,1.0035980881702329
2026-06-01,2026-06-01 11:46:50,V037,96.0,1.0042495938556097
2026-06-01,2026-06-01 11:46:51,V037,96.0,1.0020694185557004
2026-06-01,2026-06-01 11:46:52,V037,96.0,1.0048305261554198
2026-06-01,2026-06-01 11:46:53,V037,96.0,1.0046980740372378
2026-06-01,2026-06-01 11:46:54,V037,97.0,1.0044043648790766
2026-06-01,2026-06-01 11:46:55,V037,97.0,1.004625806136445
2026-06-01,2026-06-01 11:46:56,V037,97.0,1.0056743939500625
2026-06-01,2026-06-01 11:46:57,V037,97.0,1.0026852153714065
2026-06-01,2026-06-01 11:46:58,V037,97.0,1.005012106784235
2026-06-01,2026-06-01 11:46:59,V037,97.0,1.0027276096230975
2026-06-01,2026-06-01 11:47:00,V037,97.0,1.0035377569107122
2026-06-01,2026-06-01 11:47:01,V037,97.0,1.0070579206876722
2026-06-01,2026-06-01 11:47:02,V037,97.0,0.995437748308611
2026-06-01,2026-06-01 11:47:03,V037,97.0,1.0055637873173364
2026-06-01,2026-06-01 11:47:04,V037,97.0,1.00401633785261
2026-06-01,2026-06-01 11:47:05,V037,96.0,1.0036874683179222
2026-06-01,2026-06-01 11:47:06,V037,96.0,1.0046728785949826
2026-06-01,2026-06-01 11:47:07,V037,95.0,1.004311471627244
2026-06-01,2026-06-01 11:47:08,V037,96.0,1.0046804997252274
2026-06-01,2026-06-01 11:47:09,V037,96.0,1.0032184142866067
2026-06-01,2026-06-01 11:47:10,V037,97.0,1.003727627044536
2026-06-01,2026-06-01 11:47:11,V037,97.0,1.0037540065836092
2026-06-01,2026-06-01 11:47:12,V037,97.0,1.0034662415532392
2026-06-01,2026-06-01 11:47:13,V037,96.0,1.0033918483863706
2026-06-01,2026-06-01 11:47:14,V037,96.0,1.0033856442064275
2026-06-01,2026-06-01 11:47:15,V037,95.0,1.0038501651565612
2026-06-01,2026-06-01 11:47:16,V037,95.0,1.0033051584507493
2026-06-01,2026-06-01 11:47:17,V037,95.0,1.0040685648907766
2026-06-01,2026-06-01 11:47:18,V037,95.0,1.0040596252818237
2026-06-01,2026-06-01 11:47:19,V037,96.0,1.0026000590558475
2026-06-01,2026-06-01 11:47:20,V037,96.0,1.004360782544871
2026-06-01,2026-06-01 11:47:21,V037,96.0,1.0044994140089838
2026-06-01,2026-06-01 11:47:22,V037,96.0,1.0045223406450106
2026-06-01,2026-06-01 11:47:23,V037,97.0,1.0031514808963289
2026-06-01,2026-06-01 11:47:24,V037,96.0,1.0036330724187636
2026-06-01,2026-06-01 11:47:25,V037,96.0,1.003780062567566
2026-06-01,2026-06-01 11:47:26,V037,95.0,1.0039527525384553
2026-06-01,2026-06-01 11:47:27,V037,95.0,1.0036482941412885
2026-06-01,2026-06-01 11:47:28,V037,95.0,1.002578710134939
2026-06-01,2026-06-01 11:47:29,V037,95.0,1.0043537802517273
2026-06-01,2026-06-01 11:47:30,V037,95.0,1.003136493523915
2026-06-01,2026-06-01 11:47:31,V037,96.0,1.0028407293019321
2026-06-01,2026-06-01 11:47:32,V037,96.0,1.0036599002377808
2026-06-01,2026-06-01 11:47:33,V037,96.0,1.0034967710485536
2026-06-01,2026-06-01 11:47:34,V037,96.0,1.0028594405021944
2026-06-01,2026-06-01 11:47:35,V037,96.0,1.0038808644399118
2026-06-01,2026-06-01 11:47:36,V037,96.0,1.0039498762235854
2026-06-01,2026-06-01 11:47:37,V037,96.0,1.0039502010135524
2026-06-01,2026-06-01 11:47:38,V037,96.0,1.0036777874162555
2026-06-01,2026-06-01 11:47:39,V037,96.0,1.0041731197116255
2026-06-01,2026-06-01 11:47:40,V037,96.0,1.0031232625736026
2026-06-01,2026-06-01 11:47:41,V037,96.0,1.0028149290099648
2026-06-01,2026-06-01 11:47:42,V037,97.0,1.0036883133723242
2026-06-01,2026-06-01 11:47:43,V037,97.0,1.0035763335396497
2026-06-01,2026-06-01 11:47:44,V037,99.0,1.004159729537841
2026-06-01,2026-06-01 11:47:45,V037,100.0,1.0034351195485964
2026-06-01,2026-06-01 11:47:46,V037,101.0,1.0037459054830316
2026-06-01,2026-06-01 11:47:47,V037,101.0,1.0035511230522915
2026-06-01,2026-06-01 11:47:48,V037,101.0,1.003288151841695
2026-06-01,2026-06-01 11:47:49,V037,101.0,1.004456518523788
2026-06-01,2026-06-01 11:47:50,V037,101.0,1.0038086423853694
2026-06-01,2026-06-01 11:47:51,V037,101.0,1.0047952434777805
2026-06-01,2026-06-01 11:47:52,V037,101.0,1.0040517924829993
2026-06-01,2026-06-01 11:47:53,V037,102.0,1.00376675193601
2026-06-01,2026-06-01 11:47:54,V037,103.0,1.0036178777069533
2026-06-01,2026-06-01 11:47:55,V037,104.0,1.0034595708735443
2026-06-01,2026-06-01 11:47:56,V037,104.0,1.0039372700505091
2026-06-01,2026-06-01 11:47:57,V037,105.0,1.0038181343623565
2026-06-01,2026-06-01 11:47:58,V037,104.0,1.0052209523574187
2026-06-01,2026-06-01 11:47:59,V037,104.0,1.0047416749190217
2026-06-01,2026-06-01 11:48:00,V037,104.0,1.003444385025843
2026-06-01,2026-06-01 11:48:01,V037,105.0,1.00387200296236
2026-06-01,2026-06-01 11:48:02,V037,105.0,1.0038927871714152
2026-06-01,2026-06-01 11:48:03,V037,105.0,1.0036332628581273
2026-06-01,2026-06-01 11:48:04,V037,105.0,1.0039403401260192
2026-06-01,2026-06-01 11:48:05,V037,105.0,1.0050913271812136
2026-06-01,2026-06-01 11:48:06,V037,,1.0049073958776187
