Date,Timestamp,SensorID,HeartRate,AccNorm
2026-06-01,2026-06-01 10:40:00,V026,107.0,1.436461078180607
2026-06-01,2026-06-01 10:40:01,V026,108.0,1.6108300156586426
2026-06-01,2026-06-01 10:40:02,V026,107.0,1.0975523788270412
2026-06-01,2026-06-01 10:40:03,V026,106.0,1.0182138881684948
2026-06-01,2026-06-01 10:40:04,V026,108.0,1.1117982349223254
2026-06-01,2026-06-01 10:40:05,V026,109.0,1.0374459393851114
2026-06-01,2026-06-01 10:40:06,V026,108.0,1.0122143279617735
2026-06-01,2026-06-01 10:40:07,V026,108.0,1.146989084364755
2026-06-01,2026-06-01 10:40:08,V026,109.0,1.004919237183427
2026-06-01,2026-06-01 10:40:09,V026,111.0,1.0562685027000098
2026-06-01,2026-06-01 10:40:10,V026,112.0,1.0841554071326838
2026-06-01,2026-06-01 10:40:11,V026,114.0,1.1126093749566164
2026-06-01,2026-06-01 10:40:12,V026,115.0,1.0523790859391648
2026-06-01,2026-06-01 10:40:13,V026,117.0,1.1324266474052975
2026-06-01,2026-06-01 10:40:14,V026,118.0,0.992552362467967
2026-06-01,2026-06-01 10:40:15,V026,120.0,1.04545093096236
2026-06-01,2026-06-01 10:40:16,V026,122.0,1.1279150696354754
2026-06-01,2026-06-01 10:40:17,V026,124.0,1.0487755604672226
2026-06-01,2026-06-01 10:40:18,V026,123.0,1.0607114963044058
2026-06-01,2026-06-01 10:40:19,V026,122.0,1.0514788642739408
2026-06-01,2026-06-01 10:40:20,V026,121.0,1.1882299143273602
2026-06-01,2026-06-01 10:40:21,V026,119.0,1.0477490708844226
2026-06-01,2026-06-01 10:40:22,V026,118.0,1.1038127364405148
2026-06-01,2026-06-01 10:40:23,V026,117.0,1.063540596990147
2026-06-01,2026-06-01 10:40:24,V026,116.0,1.2130398596034495
2026-06-01,2026-06-01 10:40:25,V026,116.0,1.003103773650435
2026-06-01,2026-06-01 10:40:26,V026,116.0,1.286683067660327
2026-06-01,2026-06-01 10:40:27,V026,116.0,0.9906967023310764
2026-06-01,2026-06-01 10:40:28,V026,116.0,1.0194068209039953
2026-06-01,2026-06-01 10:40:29,V026,117.0,0.9934440770270323
2026-06-01,2026-06-01 10:40:30,V026,117.0,0.990216117213265
2026-06-01,2026-06-01 10:40:31,V026,117.0,0.9751014922550554
2026-06-01,2026-06-01 10:40:32,V026,117.0,1.0391859761059514
2026-06-01,2026-06-01 10:40:33,V026,117.0,1.0267576674167649
2026-06-01,2026-06-01 10:40:34,V026,115.0,1.065695498789999
2026-06-01,2026-06-01 10:40:35,V026,115.0,0.9896769358244065
2026-06-01,2026-06-01 10:40:36,V026,113.0,1.1075854364039408
2026-06-01,2026-06-01 10:40:37,V026,112.0,1.0519818081880223
2026-06-01,2026-06-01 10:40:38,V026,111.0,0.9839540304397014
2026-06-01,2026-06-01 10:40:39,V026,110.0,1.086246823923932
2026-06-01,2026-06-01 10:40:40,V026,110.0,1.0542420776397476
2026-06-01,2026-06-01 10:40:41,V026,110.0,0.9994750899506477
2026-06-01,2026-06-01 10:40:42,V026,109.0,1.0584879589799345
2026-06-01,2026-06-01 10:40:43,V026,109.0,1.0646403567837546
2026-06-01,2026-06-01 10:40:44,V026,109.0,1.063397539740504
2026-06-01,2026-06-01 10:40:45,V026,109.0,1.0687800943063164
2026-06-01,2026-06-01 10:40:46,V026,109.0,1.057720190904717
2026-06-01,2026-06-01 10:40:47,V026,109.0,1.0981227044620125
2026-06-01,2026-06-01 10:40:48,V026,109.0,1.030204259846249
2026-06-01,2026-06-01 10:40:49,V026,109.0,1.0498455690584487
2026-06-01,2026-06-01 10:40:50,V026,109.0,0.9580444370269409
2026-06-01,2026-06-01 10:40:51,V026,109.0,1.0942631900398465
2026-06-01,2026-06-01 10:40:52,V026,110.0,0.9739754040090792
2026-06-01,2026-06-01 10:40:53,V026,110.0,1.0561461730700041
2026-06-01,2026-06-01 10:40:54,V026,111.0,1.0176959282399594
2026-06-01,2026-06-01 10:40:55,V026,111.0,1.0662727307085564
2026-06-01,2026-06-01 10:40:56,V026,111.0,1.0511144629223264
2026-06-01,2026-06-01 10:40:57,V026,111.0,1.0141350749919278
2026-06-01,2026-06-01 10:40:58,V026,111.0,1.0298990095225615
2026-06-01,2026-06-01 10:40:59,V026,111.0,1.0598873166940639
2026-06-01,2026-06-01 10:41:00,V026,110.0,0.9849590924882105
2026-06-01,2026-06-01 10:41:01,V026,109.0,1.0423938137112776
2026-06-01,2026-06-01 10:41:02,V026,108.0,1.0265316080804596
2026-06-01,2026-06-01 10:41:03,V026,108.0,1.0766379347747022
2026-06-01,2026-06-01 10:41:04,V026,108.0,0.9766493658027892
2026-06-01,2026-06-01 10:41:05,V026,107.0,1.0663272487113007
2026-06-01,2026-06-01 10:41:06,V026,107.0,1.0240107387075819
2026-06-01,2026-06-01 10:41:07,V026,107.0,0.9687484633612545
2026-06-01,2026-06-01 10:41:08,V026,107.0,0.9995665935923629
2026-06-01,2026-06-01 10:41:09,V026,107.0,0.9943724480793805
2026-06-01,2026-06-01 10:41:10,V026,108.0,1.0191752648221986
2026-06-01,2026-06-01 10:41:11,V026,108.0,0.9917193730310333
2026-06-01,2026-06-01 10:41:12,V026,108.0,0.9972893540443928
2026-06-01,2026-06-01 10:41:13,V026,107.0,0.9911432501560904
2026-06-01,2026-06-01 10:41:14,V026,107.0,0.9808998066870191
2026-06-01,2026-06-01 10:41:15,V026,107.0,0.9823492217655961
2026-06-01,2026-06-01 10:41:16,V026,106.0,0.9964849799565373
2026-06-01,2026-06-01 10:41:17,V026,106.0,1.048611017269906
2026-06-01,2026-06-01 10:41:18,V026,107.0,0.9862938114236814
2026-06-01,2026-06-01 10:41:19,V026,107.0,0.9970812453257588
2026-06-01,2026-06-01 10:41:20,V026,108.0,0.9882512437827619
2026-06-01,2026-06-01 10:41:21,V026,108.0,0.979748247185494
2026-06-01,2026-06-01 10:41:22,V026,108.0,0.9871016701636454
2026-06-01,2026-06-01 10:41:23,V026,108.0,0.9991928217419352
2026-06-01,2026-06-01 10:41:24,V026,108.0,0.9791496934408425
2026-06-01,2026-06-01 10:41:25,V026,107.0,0.9625069067901596
2026-06-01,2026-06-01 10:41:26,V026,106.0,1.14274681956157
2026-06-01,2026-06-01 10:41:27,V026,105.0,1.1670014248178284
2026-06-01,2026-06-01 10:41:28,V026,104.0,0.9734763250187355
2026-06-01,2026-06-01 10:41:29,V026,102.0,1.5028767599909314
2026-06-01,2026-06-01 10:41:30,V026,101.0,1.2079168775188387
2026-06-01,2026-06-01 10:41:31,V026,101.0,1.390485988826244
2026-06-01,2026-06-01 10:41:32,V026,100.0,1.4345895145988254
2026-06-01,2026-06-01 10:41:33,V026,100.0,1.2755045144163617
2026-06-01,2026-06-01 10:41:34,V026,100.0,1.3277153211454893
2026-06-01,2026-06-01 10:41:35,V026,101.0,1.1683851259109113
2026-06-01,2026-06-01 10:41:36,V026,101.0,1.2098609489718017
2026-06-01,2026-06-01 10:41:37,V026,102.0,1.7092024285046923
2026-06-01,2026-06-01 10:41:38,V026,103.0,1.1973407598998569
2026-06-01,2026-06-01 10:41:39,V026,104.0,1.2776325357420308
2026-06-01,2026-06-01 10:41:40,V026,106.0,1.592377133542004
2026-06-01,2026-06-01 10:41:41,V026,107.0,1.2901446688820366
2026-06-01,2026-06-01 10:41:42,V026,109.0,1.3494308341231664
2026-06-01,2026-06-01 10:41:43,V026,111.0,1.6778499952756571
2026-06-01,2026-06-01 10:41:44,V026,113.0,1.122529166898352
2026-06-01,2026-06-01 10:41:45,V026,115.0,0.9572957366879361
2026-06-01,2026-06-01 10:41:46,V026,117.0,0.9952137914970716
2026-06-01,2026-06-01 10:41:47,V026,118.0,1.0422158172453393
2026-06-01,2026-06-01 10:41:48,V026,121.0,1.1090628768701718
2026-06-01,2026-06-01 10:41:49,V026,122.0,1.0520320587161867
2026-06-01,2026-06-01 10:41:50,V026,125.0,0.9923914763497702
2026-06-01,2026-06-01 10:41:51,V026,126.0,1.004134692314748
2026-06-01,2026-06-01 10:41:52,V026,128.0,1.006736457200028
2026-06-01,2026-06-01 10:41:53,V026,130.0,1.0362502174739057
2026-06-01,2026-06-01 10:41:54,V026,132.0,0.97953688466173
2026-06-01,2026-06-01 10:41:55,V026,133.0,1.0095514905972292
2026-06-01,2026-06-01 10:41:56,V026,135.0,1.0136310698305655
2026-06-01,2026-06-01 10:41:57,V026,136.0,0.9286176984654251
2026-06-01,2026-06-01 10:41:58,V026,138.0,1.543604964497695
2026-06-01,2026-06-01 10:41:59,V026,139.0,1.587357096475958
2026-06-01,2026-06-01 10:42:00,V026,139.0,1.4777831192655289
2026-06-01,2026-06-01 10:42:01,V026,140.0,1.3884737194181562
2026-06-01,2026-06-01 10:42:02,V026,140.0,1.4858879253651225
2026-06-01,2026-06-01 10:42:03,V026,140.0,1.3344922254901177
2026-06-01,2026-06-01 10:42:04,V026,139.0,1.250170834366551
2026-06-01,2026-06-01 10:42:05,V026,138.0,1.2154012312746045
2026-06-01,2026-06-01 10:42:06,V026,138.0,1.2794033910551947
2026-06-01,2026-06-01 10:42:07,V026,138.0,1.5382293181892932
2026-06-01,2026-06-01 10:42:08,V026,137.0,1.5622784445050322
2026-06-01,2026-06-01 10:42:09,V026,137.0,1.4427002892307634
2026-06-01,2026-06-01 10:42:10,V026,137.0,1.4710471843331536
2026-06-01,2026-06-01 10:42:11,V026,137.0,1.513877735919033
2026-06-01,2026-06-01 10:42:12,V026,135.0,1.426406865839449
2026-06-01,2026-06-01 10:42:13,V026,135.0,1.3558929329399938
2026-06-01,2026-06-01 10:42:14,V026,134.0,1.5805195672118988
2026-06-01,2026-06-01 10:42:15,V026,134.0,1.5603355146316513
2026-06-01,2026-06-01 10:42:16,V026,135.0,1.586349443531543
2026-06-01,2026-06-01 10:42:17,V026,135.0,1.352518720787521
2026-06-01,2026-06-01 10:42:18,V026,135.0,1.5870757642674003
2026-06-01,2026-06-01 10:42:19,V026,135.0,1.5301384593628344
2026-06-01,2026-06-01 10:42:20,V026,135.0,1.29881341960282
2026-06-01,2026-06-01 10:42:21,V026,135.0,1.6809452778555198
2026-06-01,2026-06-01 10:42:22,V026,136.0,1.353899843545171
2026-06-01,2026-06-01 10:42:23,V026,136.0,1.5966113439412881
2026-06-01,2026-06-01 10:42:24,V026,136.0,1.687050141736208
2026-06-01,2026-06-01 10:42:25,V026,137.0,1.4804190609515953
2026-06-01,2026-06-01 10:42:26,V026,138.0,1.4758924691274107
2026-06-01,2026-06-01 10:42:27,V026,139.0,1.5531938338690576
2026-06-01,2026-06-01 10:42:28,V026,139.0,1.222651600425421
2026-06-01,2026-06-01 10:42:29,V026,139.0,1.420524584955792
2026-06-01,2026-06-01 10:42:30,V026,139.0,1.245687846365826
2026-06-01,2026-06-01 10:42:31,V026,139.0,1.4845516988390204
2026-06-01,2026-06-01 10:42:32,V026,139.0,1.6174506912577442
2026-06-01,2026-06-01 10:42:33,V026,139.0,1.4041653152358802
2026-06-01,2026-06-01 10:42:34,V026,139.0,1.5374948885175062
2026-06-01,2026-06-01 10:42:35,V026,139.0,1.495581160638203
2026-06-01,2026-06-01 10:42:36,V026,139.0,1.2145635292799701
2026-06-01,2026-06-01 10:42:37,V026,139.0,1.6418731498745436
2026-06-01,2026-06-01 10:42:38,V026,139.0,1.239374466928347
2026-06-01,2026-06-01 10:42:39,V026,139.0,1.477243290070646
2026-06-01,2026-06-01 10:42:40,V026,139.0,1.5821002910972028
2026-06-01,2026-06-01 10:42:41,V026,140.0,1.3231402659739775
2026-06-01,2026-06-01 10:42:42,V026,140.0,1.5531778664692353
2026-06-01,2026-06-01 10:42:43,V026,140.0,1.6002000348892418
2026-06-01,2026-06-01 10:42:44,V026,140.0,1.3337938731181747
2026-06-01,2026-06-01 10:42:45,V026,139.0,1.4676903143642306
2026-06-01,2026-06-01 10:42:46,V026,139.0,1.2135556962007805
2026-06-01,2026-06-01 10:42:47,V026,139.0,1.4991362941301487
2026-06-01,2026-06-01 10:42:48,V026,139.0,1.3520656356458671
2026-06-01,2026-06-01 10:42:49,V026,139.0,1.3727405247686857
2026-06-01,2026-06-01 10:42:50,V026,140.0,1.5050968535475533
2026-06-01,2026-06-01 10:42:51,V026,140.0,1.4895049152832722
2026-06-01,2026-06-01 10:42:52,V026,140.0,1.2939931780911182
2026-06-01,2026-06-01 10:42:53,V026,141.0,1.4351448992552396
2026-06-01,2026-06-01 10:42:54,V026,141.0,1.2297649773006756
2026-06-01,2026-06-01 10:42:55,V026,141.0,1.2501787675574891
2026-06-01,2026-06-01 10:42:56,V026,141.0,1.0263178180207493
2026-06-01,2026-06-01 10:42:57,V026,142.0,1.07367830066027
2026-06-01,2026-06-01 10:42:58,V026,142.0,1.5672797370975393
2026-06-01,2026-06-01 10:42:59,V026,142.0,1.540053327299613
2026-06-01,2026-06-01 10:43:00,V026,142.0,1.4066015432367776
2026-06-01,2026-06-01 10:43:01,V026,142.0,1.520335327660756
2026-06-01,2026-06-01 10:43:02,V026,142.0,1.618284620259445
2026-06-01,2026-06-01 10:43:03,V026,143.0,1.3432305514132663
2026-06-01,2026-06-01 10:43:04,V026,143.0,1.240254298559343
2026-06-01,2026-06-01 10:43:05,V026,143.0,1.0921846158226531
2026-06-01,2026-06-01 10:43:06,V026,144.0,1.0047018280550113
2026-06-01,2026-06-01 10:43:07,V026,144.0,1.0165829966153086
2026-06-01,2026-06-01 10:43:08,V026,145.0,0.9818787041676473
2026-06-01,2026-06-01 10:43:09,V026,145.0,0.9847584897723914
2026-06-01,2026-06-01 10:43:10,V026,146.0,0.9814138038920465
2026-06-01,2026-06-01 10:43:11,V026,146.0,0.9985257086028296
2026-06-01,2026-06-01 10:43:12,V026,146.0,0.9918617475203108
2026-06-01,2026-06-01 10:43:13,V026,145.0,1.1047411063306554
2026-06-01,2026-06-01 10:43:14,V026,144.0,1.2206743884286195
2026-06-01,2026-06-01 10:43:15,V026,143.0,1.634417515223337
2026-06-01,2026-06-01 10:43:16,V026,142.0,1.2004730735978772
2026-06-01,2026-06-01 10:43:17,V026,141.0,1.0797064646128913
2026-06-01,2026-06-01 10:43:18,V026,140.0,1.5146514796590844
2026-06-01,2026-06-01 10:43:19,V026,139.0,1.0130218859802322
2026-06-01,2026-06-01 10:43:20,V026,139.0,1.5255429776796603
2026-06-01,2026-06-01 10:43:21,V026,139.0,1.6165562344889919
2026-06-01,2026-06-01 10:43:22,V026,140.0,1.5126940773101183
2026-06-01,2026-06-01 10:43:23,V026,140.0,1.197901123312211
2026-06-01,2026-06-01 10:43:24,V026,140.0,1.4954905536927392
2026-06-01,2026-06-01 10:43:25,V026,140.0,1.962106392598996
2026-06-01,2026-06-01 10:43:26,V026,140.0,1.6381867429812884
2026-06-01,2026-06-01 10:43:27,V026,140.0,1.2667438702372702
2026-06-01,2026-06-01 10:43:28,V026,140.0,1.2101308596596971
2026-06-01,2026-06-01 10:43:29,V026,140.0,1.5440053053706713
2026-06-01,2026-06-01 10:43:30,V026,139.0,1.5954349912668748
2026-06-01,2026-06-01 10:43:31,V026,139.0,1.2190534375884938
2026-06-01,2026-06-01 10:43:32,V026,138.0,1.2058301652970644
2026-06-01,2026-06-01 10:43:33,V026,137.0,1.5658581925147417
2026-06-01,2026-06-01 10:43:34,V026,138.0,1.6752816735275842
2026-06-01,2026-06-01 10:43:35,V026,138.0,1.5843743574520253
2026-06-01,2026-06-01 10:43:36,V026,139.0,1.2366249799107651
2026-06-01,2026-06-01 10:43:37,V026,140.0,1.2909213837730995
2026-06-01,2026-06-01 10:43:38,V026,141.0,1.0599408106918988
2026-06-01,2026-06-01 10:43:39,V026,142.0,1.053908602757831
2026-06-01,2026-06-01 10:43:40,V026,145.0,1.0118044188529633
2026-06-01,2026-06-01 10:43:41,V026,146.0,1.0337522601386346
2026-06-01,2026-06-01 10:43:42,V026,148.0,0.9927798545387336
2026-06-01,2026-06-01 10:43:43,V026,149.0,0.976982696756456
2026-06-01,2026-06-01 10:43:44,V026,150.0,0.9820143617567518
2026-06-01,2026-06-01 10:43:45,V026,151.0,0.9763860384670088
2026-06-01,2026-06-01 10:43:46,V026,151.0,0.9814318041951375
2026-06-01,2026-06-01 10:43:47,V026,151.0,0.9902348065855815
2026-06-01,2026-06-01 10:43:48,V026,152.0,0.9880152344502733
2026-06-01,2026-06-01 10:43:49,V026,153.0,0.9742096382876917
2026-06-01,2026-06-01 10:43:50,V026,154.0,0.9656709380759536
2026-06-01,2026-06-01 10:43:51,V026,155.0,1.0258082106227862
2026-06-01,2026-06-01 10:43:52,V026,152.0,1.08161082672161
2026-06-01,2026-06-01 10:43:53,V026,150.0,1.046142603360659
2026-06-01,2026-06-01 10:43:54,V026,148.0,1.117157678846285
2026-06-01,2026-06-01 10:43:55,V026,147.0,1.0867386800013519
2026-06-01,2026-06-01 10:43:56,V026,146.0,1.0777211216988056
2026-06-01,2026-06-01 10:43:57,V026,145.0,1.145027006222383
2026-06-01,2026-06-01 10:43:58,V026,144.0,0.9945623058496899
2026-06-01,2026-06-01 10:43:59,V026,142.0,1.0995469317223123
2026-06-01,2026-06-01 10:44:00,V026,142.0,1.0720092268032841
2026-06-01,2026-06-01 10:44:01,V026,142.0,1.0945468110887664
2026-06-01,2026-06-01 10:44:02,V026,142.0,0.9587619786971188
2026-06-01,2026-06-01 10:44:03,V026,142.0,1.0559043649355402
2026-06-01,2026-06-01 10:44:04,V026,142.0,0.9723276998860035
2026-06-01,2026-06-01 10:44:05,V026,142.0,1.0101390750057793
2026-06-01,2026-06-01 10:44:06,V026,141.0,1.029059940609197
2026-06-01,2026-06-01 10:44:07,V026,141.0,1.015102956595079
2026-06-01,2026-06-01 10:44:08,V026,141.0,1.1009897165973481
2026-06-01,2026-06-01 10:44:09,V026,140.0,1.0922800935850359
2026-06-01,2026-06-01 10:44:10,V026,140.0,1.1002695638200652
2026-06-01,2026-06-01 10:44:11,V026,140.0,1.0701511664945218
2026-06-01,2026-06-01 10:44:12,V026,139.0,0.9787169586987151
2026-06-01,2026-06-01 10:44:13,V026,139.0,1.0020475917927036
2026-06-01,2026-06-01 10:44:14,V026,139.0,1.0036757839974668
2026-06-01,2026-06-01 10:44:15,V026,140.0,1.0176877079683038
2026-06-01,2026-06-01 10:44:16,V026,140.0,0.9892649407402062
2026-06-01,2026-06-01 10:44:17,V026,141.0,0.9987272826752575
2026-06-01,2026-06-01 10:44:18,V026,141.0,0.9801575857456433
2026-06-01,2026-06-01 10:44:19,V026,141.0,1.008528046567582
2026-06-01,2026-06-01 10:44:20,V026,141.0,0.9788773631148039
2026-06-01,2026-06-01 10:44:21,V026,141.0,1.0043284080541273
2026-06-01,2026-06-01 10:44:22,V026,141.0,0.9863444233661055
2026-06-01,2026-06-01 10:44:23,V026,141.0,1.0093138590773398
2026-06-01,2026-06-01 10:44:24,V026,140.0,0.9779814520330964
2026-06-01,2026-06-01 10:44:25,V026,140.0,0.9951281185958275
2026-06-01,2026-06-01 10:44:26,V026,139.0,0.9761585734889144
2026-06-01,2026-06-01 10:44:27,V026,139.0,1.0030021184961784
2026-06-01,2026-06-01 10:44:28,V026,139.0,0.9804535450820755
2026-06-01,2026-06-01 10:44:29,V026,139.0,0.9945921394418009
2026-06-01,2026-06-01 10:44:30,V026,138.0,0.984731725871387
2026-06-01,2026-06-01 10:44:31,V026,138.0,0.9840155330652745
2026-06-01,2026-06-01 10:44:32,V026,136.0,0.9929701021488678
2026-06-01,2026-06-01 10:44:33,V026,135.0,0.9734758385460283
2026-06-01,2026-06-01 10:44:34,V026,134.0,1.0271671934138529
2026-06-01,2026-06-01 10:44:35,V026,134.0,0.957175478685755
2026-06-01,2026-06-01 10:44:36,V026,132.0,0.9793480232699064
2026-06-01,2026-06-01 10:44:37,V026,131.0,0.9916066616216758
2026-06-01,2026-06-01 10:44:38,V026,131.0,0.9737378281493929
2026-06-01,2026-06-01 10:44:39,V026,131.0,1.0220855129561555
2026-06-01,2026-06-01 10:44:40,V026,130.0,0.9670063079371207
2026-06-01,2026-06-01 10:44:41,V026,130.0,0.9952391793565903
2026-06-01,2026-06-01 10:44:42,V026,129.0,0.9649523845526302
2026-06-01,2026-06-01 10:44:43,V026,129.0,0.9883545922961408
2026-06-01,2026-06-01 10:44:44,V026,129.0,0.978056141480154
2026-06-01,2026-06-01 10:44:45,V026,129.0,0.9787778362116358
2026-06-01,2026-06-01 10:44:46,V026,128.0,0.9813045774538588
2026-06-01,2026-06-01 10:44:47,V026,128.0,1.00569277989789
2026-06-01,2026-06-01 10:44:48,V026,127.0,0.9988596407387306
2026-06-01,2026-06-01 10:44:49,V026,127.0,1.0179889808886111
2026-06-01,2026-06-01 10:44:50,V026,126.0,0.9752144330536483
2026-06-01,2026-06-01 10:44:51,V026,125.0,1.0402179195632726
2026-06-01,2026-06-01 10:44:52,V026,125.0,0.9941655527881409
2026-06-01,2026-06-01 10:44:53,V026,125.0,0.9892421995721122
2026-06-01,2026-06-01 10:44:54,V026,125.0,0.9958144759467182
2026-06-01,2026-06-01 10:44:55,V026,125.0,0.9878266444283
2026-06-01,2026-06-01 10:44:56,V026,124.0,0.9820947697163628
2026-06-01,2026-06-01 10:44:57,V026,124.0,0.9826461959828928
2026-06-01,2026-06-01 10:44:58,V026,125.0,0.9863905894456645
2026-06-01,2026-06-01 10:44:59,V026,125.0,0.9837662035130166
2026-06-01,2026-06-01 10:45:00,V026,125.0,0.9918592955177121
2026-06-01,2026-06-01 10:45:01,V026,125.0,0.9935590716863895
2026-06-01,2026-06-01 10:45:02,V026,125.0,0.9798236726343434
2026-06-01,2026-06-01 10:45:03,V026,125.0,0.9892383622487161
2026-06-01,2026-06-01 10:45:04,V026,124.0,0.9870007498617376
2026-06-01,2026-06-01 10:45:05,V026,124.0,0.9796793895537302
2026-06-01,2026-06-01 10:45:06,V026,124.0,0.9906760828487282
2026-06-01,2026-06-01 10:45:07,V026,125.0,0.9785530614752033
2026-06-01,2026-06-01 10:45:08,V026,124.0,0.9918166583961233
2026-06-01,2026-06-01 10:45:09,V026,124.0,0.990086834571309
2026-06-01,2026-06-01 10:45:10,V026,123.0,0.9877211704988109
2026-06-01,2026-06-01 10:45:11,V026,123.0,0.9819040249392055
2026-06-01,2026-06-01 10:45:12,V026,123.0,0.9963933381273604
2026-06-01,2026-06-01 10:45:13,V026,122.0,0.992223352985168
2026-06-01,2026-06-01 10:45:14,V026,122.0,0.9769178788708651
2026-06-01,2026-06-01 10:45:15,V026,121.0,1.0040316049832723
2026-06-01,2026-06-01 10:45:16,V026,120.0,0.9882942646889765
2026-06-01,2026-06-01 10:45:17,V026,119.0,0.9757607400361038
2026-06-01,2026-06-01 10:45:18,V026,119.0,0.9984915567324335
2026-06-01,2026-06-01 10:45:19,V026,118.0,0.9934416988099997
2026-06-01,2026-06-01 10:45:20,V026,117.0,0.9849905078233747
2026-06-01,2026-06-01 10:45:21,V026,117.0,0.9799609219216469
2026-06-01,2026-06-01 10:45:22,V026,116.0,0.9772549898013708
2026-06-01,2026-06-01 10:45:23,V026,116.0,0.9885434851727984
2026-06-01,2026-06-01 10:45:24,V026,116.0,0.9788272301406962
2026-06-01,2026-06-01 10:45:25,V026,115.0,0.9825007903249572
2026-06-01,2026-06-01 10:45:26,V026,115.0,0.9827994983991082
2026-06-01,2026-06-01 10:45:27,V026,115.0,0.9847092061883055
2026-06-01,2026-06-01 10:45:28,V026,115.0,0.9840347559022545
2026-06-01,2026-06-01 10:45:29,V026,115.0,0.9845507300274116
2026-06-01,2026-06-01 10:45:30,V026,115.0,0.9908257429823177
2026-06-01,2026-06-01 10:45:31,V026,115.0,0.9880862075759814
2026-06-01,2026-06-01 10:45:32,V026,114.0,0.9828469692914741
2026-06-01,2026-06-01 10:45:33,V026,113.0,0.9917500354702284
2026-06-01,2026-06-01 10:45:34,V026,112.0,0.9870080318487159
2026-06-01,2026-06-01 10:45:35,V026,112.0,0.9871030669627067
2026-06-01,2026-06-01 10:45:36,V026,111.0,0.9835917986981723
2026-06-01,2026-06-01 10:45:37,V026,111.0,0.9803841169058586
2026-06-01,2026-06-01 10:45:38,V026,111.0,0.9810068287955444
2026-06-01,2026-06-01 10:45:39,V026,111.0,0.9781351233002827
2026-06-01,2026-06-01 10:45:40,V026,111.0,0.9813904006042299
2026-06-01,2026-06-01 10:45:41,V026,110.0,0.9794824272173317
2026-06-01,2026-06-01 10:45:42,V026,110.0,0.9793251538690536
2026-06-01,2026-06-01 10:45:43,V026,109.0,0.9792701855308154
2026-06-01,2026-06-01 10:45:44,V026,109.0,0.9835769762125638
2026-06-01,2026-06-01 10:45:45,V026,109.0,0.9747798580293229
2026-06-01,2026-06-01 10:45:46,V026,108.0,0.9920279866785892
2026-06-01,2026-06-01 10:45:47,V026,108.0,0.9867544937837991
2026-06-01,2026-06-01 10:45:48,V026,108.0,0.9885971899875902
2026-06-01,2026-06-01 10:45:49,V026,108.0,0.9721538665839825
2026-06-01,2026-06-01 10:45:50,V026,107.0,0.9813522178500623
2026-06-01,2026-06-01 10:45:51,V026,106.0,1.0028415291477508
2026-06-01,2026-06-01 10:45:52,V026,105.0,0.9733019754581348
2026-06-01,2026-06-01 10:45:53,V026,105.0,0.9840183594825873
2026-06-01,2026-06-01 10:45:54,V026,104.0,0.9897178593064367
2026-06-01,2026-06-01 10:45:55,V026,103.0,0.9859913048184432
2026-06-01,2026-06-01 10:45:56,V026,103.0,1.0051021506067626
2026-06-01,2026-06-01 10:45:57,V026,103.0,0.9725618486593569
2026-06-01,2026-06-01 10:45:58,V026,103.0,0.9802887095433762
2026-06-01,2026-06-01 10:45:59,V026,103.0,0.9913730749748961
2026-06-01,2026-06-01 10:46:00,V026,103.0,0.9829274863826014
2026-06-01,2026-06-01 10:46:01,V026,103.0,0.9842473835984846
2026-06-01,2026-06-01 10:46:02,V026,104.0,0.9742634097995384
2026-06-01,2026-06-01 10:46:03,V026,104.0,1.0061943720335107
2026-06-01,2026-06-01 10:46:04,V026,105.0,0.9828689781080074
2026-06-01,2026-06-01 10:46:05,V026,105.0,0.9832024118458024
2026-06-01,2026-06-01 10:46:06,V026,105.0,0.9837506643009786
2026-06-01,2026-06-01 10:46:07,V026,105.0,0.9824895899665806
2026-06-01,2026-06-01 10:46:08,V026,106.0,0.9826171882939191
2026-06-01,2026-06-01 10:46:09,V026,106.0,0.9837586460921707
2026-06-01,2026-06-01 10:46:10,V026,106.0,0.9797392129303258
2026-06-01,2026-06-01 10:46:11,V026,107.0,0.9849695683249752
2026-06-01,2026-06-01 10:46:12,V026,107.0,0.9801042014827344
2026-06-01,2026-06-01 10:46:13,V026,107.0,0.9835392646885422
2026-06-01,2026-06-01 10:46:14,V026,108.0,0.980621414068087
2026-06-01,2026-06-01 10:46:15,V026,108.0,0.9816937001096069
2026-06-01,2026-06-01 10:46:16,V026,108.0,0.9819303111356211
2026-06-01,2026-06-01 10:46:17,V026,108.0,0.9798862194642575
2026-06-01,2026-06-01 10:46:18,V026,107.0,0.980123024057538
2026-06-01,2026-06-01 10:46:19,V026,107.0,0.9838533498541883
2026-06-01,2026-06-01 10:46:20,V026,106.0,0.9778955364240849
2026-06-01,2026-06-01 10:46:21,V026,106.0,0.9846068992339198
2026-06-01,2026-06-01 10:46:22,V026,106.0,0.9755026947009797
2026-06-01,2026-06-01 10:46:23,V026,106.0,0.9980395979953955
2026-06-01,2026-06-01 10:46:24,V026,106.0,0.9978047831847316
2026-06-01,2026-06-01 10:46:25,V026,106.0,0.9698075581267779
2026-06-01,2026-06-01 10:46:26,V026,106.0,1.0353506132748342
2026-06-01,2026-06-01 10:46:27,V026,106.0,0.9872330003242311
2026-06-01,2026-06-01 10:46:28,V026,106.0,0.9905052458384513
2026-06-01,2026-06-01 10:46:29,V026,105.0,1.0016801221946718
2026-06-01,2026-06-01 10:46:30,V026,105.0,1.0102535880499546
2026-06-01,2026-06-01 10:46:31,V026,104.0,0.9905082475192256
2026-06-01,2026-06-01 10:46:32,V026,104.0,0.9973241155237826
2026-06-01,2026-06-01 10:46:33,V026,104.0,0.9789900816358365
2026-06-01,2026-06-01 10:46:34,V026,104.0,1.0223790331247422
2026-06-01,2026-06-01 10:46:35,V026,103.0,0.9927557598916623
2026-06-01,2026-06-01 10:46:36,V026,103.0,0.9689951314689238
2026-06-01,2026-06-01 10:46:37,V026,104.0,1.0283346560450366
2026-06-01,2026-06-01 10:46:38,V026,104.0,0.9715974440787392
2026-06-01,2026-06-01 10:46:39,V026,104.0,0.9918050258926357
2026-06-01,2026-06-01 10:46:40,V026,104.0,0.9800278498429806
2026-06-01,2026-06-01 10:46:41,V026,104.0,0.9851133475477387
2026-06-01,2026-06-01 10:46:42,V026,104.0,0.9755298799225264
2026-06-01,2026-06-01 10:46:43,V026,103.0,0.9914173414117584
2026-06-01,2026-06-01 10:46:44,V026,103.0,0.991969809728054
2026-06-01,2026-06-01 10:46:45,V026,104.0,0.9783285311251666
2026-06-01,2026-06-01 10:46:46,V026,104.0,0.9878736750821416
2026-06-01,2026-06-01 10:46:47,V026,104.0,0.9748904158797419
2026-06-01,2026-06-01 10:46:48,V026,104.0,0.9836914788427034
2026-06-01,2026-06-01 10:46:49,V026,105.0,0.9845996548624427
2026-06-01,2026-06-01 10:46:50,V026,105.0,0.980523571371666
2026-06-01,2026-06-01 10:46:51,V026,105.0,1.0040449745276114
2026-06-01,2026-06-01 10:46:52,V026,105.0,0.9741934220574323
2026-06-01,2026-06-01 10:46:53,V026,105.0,1.0042127918889738
2026-06-01,2026-06-01 10:46:54,V026,105.0,0.9979768993450064
2026-06-01,2026-06-01 10:46:55,V026,104.0,0.9839779263484322
2026-06-01,2026-06-01 10:46:56,V026,104.0,0.9939825186624087
2026-06-01,2026-06-01 10:46:57,V026,104.0,1.001227601837875
2026-06-01,2026-06-01 10:46:58,V026,104.0,0.9893688029634217
2026-06-01,2026-06-01 10:46:59,V026,103.0,0.9921893261082219
2026-06-01,2026-06-01 10:47:00,V026,104.0,0.9888145520438332
2026-06-01,2026-06-01 10:47:01,V026,104.0,1.008630686471474
2026-06-01,2026-06-01 10:47:02,V026,105.0,1.002058944302074
2026-06-01,2026-06-01 10:47:03,V026,105.0,1.0141694392384917
2026-06-01,2026-06-01 10:47:04,V026,105.0,0.9912193925922973
2026-06-01,2026-06-01 10:47:05,V026,105.0,0.9873211746096993
2026-06-01,2026-06-01 10:47:06,V026,106.0,0.9982140696752931
2026-06-01,2026-06-01 10:47:07,V026,106.0,0.9901376159368568
2026-06-01,2026-06-01 10:47:08,V026,107.0,0.9816942643914676
2026-06-01,2026-06-01 10:47:09,V026,107.0,0.9977988904226278
2026-06-01,2026-06-01 10:47:10,V026,107.0,0.9849127429936453
2026-06-01,2026-06-01 10:47:11,V026,106.0,1.0070415281322245
2026-06-01,2026-06-01 10:47:12,V026,106.0,0.9872974753457084
2026-06-01,2026-06-01 10:47:13,V026,106.0,1.0268927155036818
2026-06-01,2026-06-01 10:47:14,V026,106.0,0.9826610537376937
2026-06-01,2026-06-01 10:47:15,V026,106.0,1.0169566918978876
2026-06-01,2026-06-01 10:47:16,V026,106.0,1.0095556290210397
2026-06-01,2026-06-01 10:47:17,V026,106.0,0.993919511118251
2026-06-01,2026-06-01 10:47:18,V026,106.0,1.0265830531009175
2026-06-01,2026-06-01 10:47:19,V026,107.0,0.9939016753163433
2026-06-01,2026-06-01 10:47:20,V026,107.0,0.9800975902490369
2026-06-01,2026-06-01 10:47:21,V026,107.0,0.979766768426461
2026-06-01,2026-06-01 10:47:22,V026,107.0,0.9859113808282581
2026-06-01,2026-06-01 10:47:23,V026,107.0,0.9787650784666037
2026-06-01,2026-06-01 10:47:24,V026,107.0,0.9708131016192804
2026-06-01,2026-06-01 10:47:25,V026,107.0,0.9797943834238065
2026-06-01,2026-06-01 10:47:26,V026,107.0,0.9784957993464721
2026-06-01,2026-06-01 10:47:27,V026,108.0,0.9758716658443656
2026-06-01,2026-06-01 10:47:28,V026,108.0,0.9935082894169057
2026-06-01,2026-06-01 10:47:29,V026,108.0,0.9796318895529865
2026-06-01,2026-06-01 10:47:30,V026,108.0,0.9755406607984113
2026-06-01,2026-06-01 10:47:31,V026,108.0,0.98520709009658
2026-06-01,2026-06-01 10:47:32,V026,107.0,0.9690585567861194
2026-06-01,2026-06-01 10:47:33,V026,106.0,0.9762665023985211
2026-06-01,2026-06-01 10:47:34,V026,105.0,0.9770038881677293
2026-06-01,2026-06-01 10:47:35,V026,105.0,0.9747782929155369
2026-06-01,2026-06-01 10:47:36,V026,104.0,0.9750187534867529
2026-06-01,2026-06-01 10:47:37,V026,103.0,0.9749961420604949
2026-06-01,2026-06-01 10:47:38,V026,103.0,0.9867237517255422
2026-06-01,2026-06-01 10:47:39,V026,102.0,0.9762625619508402
2026-06-01,2026-06-01 10:47:40,V026,102.0,0.9775606903570302
2026-06-01,2026-06-01 10:47:41,V026,101.0,0.9863906274325277
2026-06-01,2026-06-01 10:47:42,V026,101.0,0.9884207911138038
2026-06-01,2026-06-01 10:47:43,V026,100.0,0.9787953310795467
2026-06-01,2026-06-01 10:47:44,V026,100.0,0.9809277082816901
2026-06-01,2026-06-01 10:47:45,V026,99.0,0.9902228961970106
2026-06-01,2026-06-01 10:47:46,V026,99.0,0.9730433079891193
2026-06-01,2026-06-01 10:47:47,V026,99.0,0.9914002830671108
2026-06-01,2026-06-01 10:47:48,V026,99.0,0.9710682088258207
2026-06-01,2026-06-01 10:47:49,V026,99.0,0.9771139771768391
2026-06-01,2026-06-01 10:47:50,V026,99.0,0.9821689485424135
2026-06-01,2026-06-01 10:47:51,V026,100.0,0.9702821874660156
2026-06-01,2026-06-01 10:47:52,V026,100.0,0.9806778043174136
2026-06-01,2026-06-01 10:47:53,V026,100.0,0.9818401140240035
2026-06-01,2026-06-01 10:47:54,V026,100.0,0.9812072022797381
2026-06-01,2026-06-01 10:47:55,V026,100.0,0.9794472680952565
2026-06-01,2026-06-01 10:47:56,V026,101.0,0.9770008500662503
2026-06-01,2026-06-01 10:47:57,V026,101.0,0.9757954123791526
2026-06-01,2026-06-01 10:47:58,V026,101.0,0.9800763235879204
2026-06-01,2026-06-01 10:47:59,V026,102.0,0.9716410112684725
2026-06-01,2026-06-01 10:48:00,V026,101.0,0.9844576406407934
2026-06-01,2026-06-01 10:48:01,V026,101.0,0.9704430428656686
2026-06-01,2026-06-01 10:48:02,V026,101.0,0.9788553852992428
2026-06-01,2026-06-01 10:48:03,V026,101.0,0.9846231699384619
2026-06-01,2026-06-01 10:48:04,V026,101.0,0.9822672583692607
2026-06-01,2026-06-01 10:48:05,V026,101.0,0.9753379285885293
2026-06-01,2026-06-01 10:48:06,V026,100.0,0.9787018999803133
2026-06-01,2026-06-01 10:48:07,V026,100.0,0.9869466216543973
2026-06-01,2026-06-01 10:48:08,V026,100.0,0.9918784871135008
2026-06-01,2026-06-01 10:48:09,V026,100.0,1.0358424557744015
2026-06-01,2026-06-01 10:48:10,V026,100.0,0.9865203452322139
2026-06-01,2026-06-01 10:48:11,V026,100.0,0.9938571505457271
2026-06-01,2026-06-01 10:48:12,V026,101.0,0.9969777530028869
2026-06-01,2026-06-01 10:48:13,V026,101.0,0.9886262201751171
2026-06-01,2026-06-01 10:48:14,V026,101.0,0.9860875485515566
2026-06-01,2026-06-01 10:48:15,V026,101.0,0.9953233473822943
2026-06-01,2026-06-01 10:48:16,V026,101.0,0.9971982118655889
2026-06-01,2026-06-01 10:48:17,V026,102.0,0.9822403487136487
2026-06-01,2026-06-01 10:48:18,V026,102.0,1.0037256271525865
2026-06-01,2026-06-01 10:48:19,V026,101.0,0.9884666691709739
2026-06-01,2026-06-01 10:48:20,V026,102.0,0.9835343440130846
2026-06-01,2026-06-01 10:48:21,V026,102.0,0.9841537631027364
2026-06-01,2026-06-01 10:48:22,V026,103.0,0.9936774742877669
2026-06-01,2026-06-01 10:48:23,V026,103.0,0.9910466831226893
2026-06-01,2026-06-01 10:48:24,V026,104.0,0.9955676027290669
2026-06-01,2026-06-01 10:48:25,V026,104.0,0.9863315094488041
2026-06-01,2026-06-01 10:48:26,V026,103.0,0.9904972920877969
2026-06-01,2026-06-01 10:48:27,V026,103.0,0.9859142814178624
2026-06-01,2026-06-01 10:48:28,V026,103.0,0.9842229431182072
2026-06-01,2026-06-01 10:48:29,V026,103.0,0.9811788098807398
2026-06-01,2026-06-01 10:48:30,V026,103.0,0.977129230071938
2026-06-01,2026-06-01 10:48:31,V026,103.0,0.9843159362152897
2026-06-01,2026-06-01 10:48:32,V026,103.0,0.9776719083286939
2026-06-01,2026-06-01 10:48:33,V026,104.0,0.9847099503076268
2026-06-01,2026-06-01 10:48:34,V026,104.0,0.9872771862593775
2026-06-01,2026-06-01 10:48:35,V026,105.0,0.9823980067231769
2026-06-01,2026-06-01 10:48:36,V026,105.0,0.9809504015501632
2026-06-01,2026-06-01 10:48:37,V026,105.0,0.9870654821331704
2026-06-01,2026-06-01 10:48:38,V026,104.0,0.9853274660458766
2026-06-01,2026-06-01 10:48:39,V026,104.0,0.9830012356119697
2026-06-01,2026-06-01 10:48:40,V026,105.0,0.9819666305806782
2026-06-01,2026-06-01 10:48:41,V026,105.0,0.9756636113343949
2026-06-01,2026-06-01 10:48:42,V026,105.0,1.000781521730863
2026-06-01,2026-06-01 10:48:43,V026,105.0,0.9781795656951108
2026-06-01,2026-06-01 10:48:44,V026,105.0,0.9801567929527092
2026-06-01,2026-06-01 10:48:45,V026,105.0,0.9904029860756439
2026-06-01,2026-06-01 10:48:46,V026,105.0,0.9931468183275829
2026-06-01,2026-06-01 10:48:47,V026,105.0,0.9724962757013462
2026-06-01,2026-06-01 10:48:48,V026,105.0,1.000331379033603
2026-06-01,2026-06-01 10:48:49,V026,104.0,0.981595641941209
2026-06-01,2026-06-01 10:48:50,V026,104.0,0.9858857695691423
2026-06-01,2026-06-01 10:48:51,V026,104.0,0.9844630499209694
2026-06-01,2026-06-01 10:48:52,V026,104.0,0.9844815978146997
2026-06-01,2026-06-01 10:48:53,V026,104.0,0.9868826303137875
2026-06-01,2026-06-01 10:48:54,V026,105.0,0.9806432893436208
2026-06-01,2026-06-01 10:48:55,V026,106.0,0.990862907683478
2026-06-01,2026-06-01 10:48:56,V026,106.0,0.9916652248794159
2026-06-01,2026-06-01 10:48:57,V026,107.0,0.9874598626341271
2026-06-01,2026-06-01 10:48:58,V026,106.0,0.9844109930585225
2026-06-01,2026-06-01 10:48:59,V026,106.0,1.0056367964543864
2026-06-01,2026-06-01 10:49:00,V026,105.0,0.9845007030744733
2026-06-01,2026-06-01 10:49:01,V026,105.0,0.9899574329796931
2026-06-01,2026-06-01 10:49:02,V026,104.0,0.993056020871515
2026-06-01,2026-06-01 10:49:03,V026,104.0,0.9900431595222293
2026-06-01,2026-06-01 10:49:04,V026,104.0,0.9937458047196448
2026-06-01,2026-06-01 10:49:05,V026,104.0,0.9856825822306037
2026-06-01,2026-06-01 10:49:06,V026,104.0,0.9807988251596361
2026-06-01,2026-06-01 10:49:07,V026,104.0,0.9812741533593334
2026-06-01,2026-06-01 10:49:08,V026,104.0,0.982029825537657
2026-06-01,2026-06-01 10:49:09,V026,105.0,0.974617535597253
2026-06-01,2026-06-01 10:49:10,V026,104.0,1.0222047415998465
2026-06-01,2026-06-01 10:49:11,V026,104.0,0.9536698462280536
2026-06-01,2026-06-01 10:49:12,V026,104.0,0.9997446595028407
2026-06-01,2026-06-01 10:49:13,V026,104.0,0.9756507737043876
2026-06-01,2026-06-01 10:49:14,V026,104.0,0.9730602081094293
2026-06-01,2026-06-01 10:49:15,V026,104.0,1.02036815347907
2026-06-01,2026-06-01 10:49:16,V026,104.0,0.9695017603211824
2026-06-01,2026-06-01 10:49:17,V026,105.0,0.993857446104675
2026-06-01,2026-06-01 10:49:18,V026,104.0,0.9761264443186052
2026-06-01,2026-06-01 10:49:19,V026,104.0,0.9675195370502454
2026-06-01,2026-06-01 10:49:20,V026,105.0,1.0011291150528747
2026-06-01,2026-06-01 10:49:21,V026,105.0,1.053666906437788
2026-06-01,2026-06-01 10:49:22,V026,104.0,0.9612752012153578
2026-06-01,2026-06-01 10:49:23,V026,104.0,0.9871842513227274
2026-06-01,2026-06-01 10:49:24,V026,104.0,0.9803658333601452
2026-06-01,2026-06-01 10:49:25,V026,104.0,0.9732780509273057
2026-06-01,2026-06-01 10:49:26,V026,104.0,1.005700157442904
2026-06-01,2026-06-01 10:49:27,V026,104.0,0.9839964631705571
2026-06-01,2026-06-01 10:49:28,V026,104.0,0.9925696066411274
2026-06-01,2026-06-01 10:49:29,V026,104.0,1.0180953749626738
2026-06-01,2026-06-01 10:49:30,V026,104.0,0.9835262283672969
2026-06-01,2026-06-01 10:49:31,V026,105.0,1.0132601043311502
2026-06-01,2026-06-01 10:49:32,V026,104.0,1.0086483862267888
2026-06-01,2026-06-01 10:49:33,V026,104.0,0.9868713732960928
2026-06-01,2026-06-01 10:49:34,V026,104.0,0.984545208847266
2026-06-01,2026-06-01 10:49:35,V026,104.0,0.9904319391370269
2026-06-01,2026-06-01 10:49:36,V026,104.0,1.0079215619474318
2026-06-01,2026-06-01 10:49:37,V026,104.0,0.9666068339178059
2026-06-01,2026-06-01 10:49:38,V026,104.0,0.9854510306056891
2026-06-01,2026-06-01 10:49:39,V026,104.0,0.9843541365089915
2026-06-01,2026-06-01 10:49:40,V026,104.0,0.9838878239327049
2026-06-01,2026-06-01 10:49:41,V026,104.0,0.9809802103752892
2026-06-01,2026-06-01 10:49:42,V026,105.0,0.9844484372408245
2026-06-01,2026-06-01 10:49:43,V026,105.0,0.982633465762594
2026-06-01,2026-06-01 10:49:44,V026,106.0,0.9844355439368643
2026-06-01,2026-06-01 10:49:45,V026,107.0,0.9818908345622457
2026-06-01,2026-06-01 10:49:46,V026,107.0,0.993427307038792
2026-06-01,2026-06-01 10:49:47,V026,108.0,0.9917777445011533
2026-06-01,2026-06-01 10:49:48,V026,108.0,0.9836598450117863
2026-06-01,2026-06-01 10:49:49,V026,108.0,0.987623640949143
2026-06-01,2026-06-01 10:49:50,V026,108.0,0.9851497469874411
2026-06-01,2026-06-01 10:49:51,V026,108.0,0.9825384621391864
2026-06-01,2026-06-01 10:49:52,V026,108.0,0.9938341816114047
2026-06-01,2026-06-01 10:49:53,V026,107.0,0.9815401165046101
2026-06-01,2026-06-01 10:49:54,V026,108.0,1.006664538793964
2026-06-01,2026-06-01 10:49:55,V026,108.0,0.9757477898424058
2026-06-01,2026-06-01 10:49:56,V026,107.0,0.9705062721945477
2026-06-01,2026-06-01 10:49:57,V026,107.0,1.020230317259118
2026-06-01,2026-06-01 10:49:58,V026,107.0,1.0121189404378383
2026-06-01,2026-06-01 10:49:59,V026,107.0,0.9817705083886216
2026-06-01,2026-06-01 10:50:00,V026,107.0,0.9671087592173516
2026-06-01,2026-06-01 10:50:01,V026,106.0,1.0069073836507003
2026-06-01,2026-06-01 10:50:02,V026,106.0,1.0057937463098918
2026-06-01,2026-06-01 10:50:03,V026,106.0,0.9860795721282396
2026-06-01,2026-06-01 10:50:04,V026,107.0,0.9855934665617399
2026-06-01,2026-06-01 10:50:05,V026,107.0,0.9872326064397535
2026-06-01,2026-06-01 10:50:06,V026,107.0,0.9686273305875691
2026-06-01,2026-06-01 10:50:07,V026,107.0,1.0147089371381162
2026-06-01,2026-06-01 10:50:08,V026,108.0,0.9490212607049576
2026-06-01,2026-06-01 10:50:09,V026,108.0,0.9928683544118684
2026-06-01,2026-06-01 10:50:10,V026,108.0,1.0097958942688328
2026-06-01,2026-06-01 10:50:11,V026,108.0,0.993553009584681
2026-06-01,2026-06-01 10:50:12,V026,109.0,0.9707729237397541
2026-06-01,2026-06-01 10:50:13,V026,109.0,0.9687775634985486
2026-06-01,2026-06-01 10:50:14,V026,109.0,1.0115857749183998
2026-06-01,2026-06-01 10:50:15,V026,109.0,0.9844621790531282
2026-06-01,2026-06-01 10:50:16,V026,109.0,0.9854592178986534
2026-06-01,2026-06-01 10:50:17,V026,109.0,0.9969793886369951
2026-06-01,2026-06-01 10:50:18,V026,109.0,0.9997882336442151
2026-06-01,2026-06-01 10:50:19,V026,110.0,1.0457578702786454
2026-06-01,2026-06-01 10:50:20,V026,110.0,1.0049828571893256
2026-06-01,2026-06-01 10:50:21,V026,110.0,0.9929848563237107
2026-06-01,2026-06-01 10:50:22,V026,110.0,0.9806730350367625
2026-06-01,2026-06-01 10:50:23,V026,110.0,0.9978455095267402
2026-06-01,2026-06-01 10:50:24,V026,110.0,1.0060146602139064
2026-06-01,2026-06-01 10:50:25,V026,110.0,0.9875156972458689
2026-06-01,2026-06-01 10:50:26,V026,110.0,0.996194269632825
2026-06-01,2026-06-01 10:50:27,V026,110.0,1.0003169424217633
2026-06-01,2026-06-01 10:50:28,V026,110.0,0.9898768048555585
2026-06-01,2026-06-01 10:50:29,V026,110.0,0.9803556763117942
2026-06-01,2026-06-01 10:50:30,V026,111.0,0.979302284148635
2026-06-01,2026-06-01 10:50:31,V026,111.0,0.9806150239292146
2026-06-01,2026-06-01 10:50:32,V026,111.0,0.9843661821973374
2026-06-01,2026-06-01 10:50:33,V026,111.0,0.9835465276060172
2026-06-01,2026-06-01 10:50:34,V026,111.0,0.9821949814323863
2026-06-01,2026-06-01 10:50:35,V026,111.0,0.9763756761639556
2026-06-01,2026-06-01 10:50:36,V026,111.0,0.950733060119805
2026-06-01,2026-06-01 10:50:37,V026,111.0,0.9908132978267714
2026-06-01,2026-06-01 10:50:38,V026,111.0,0.9974700696830165
2026-06-01,2026-06-01 10:50:39,V026,111.0,0.9860658548813486
2026-06-01,2026-06-01 10:50:40,V026,110.0,0.9805993067316371
2026-06-01,2026-06-01 10:50:41,V026,110.0,0.9803027593515811
2026-06-01,2026-06-01 10:50:42,V026,109.0,0.9785362074530266
2026-06-01,2026-06-01 10:50:43,V026,109.0,0.9857607796027438
2026-06-01,2026-06-01 10:50:44,V026,108.0,0.9832907823940602
2026-06-01,2026-06-01 10:50:45,V026,108.0,0.9856200795939407
2026-06-01,2026-06-01 10:50:46,V026,108.0,0.9765786693678593
2026-06-01,2026-06-01 10:50:47,V026,108.0,0.9929278594935715
2026-06-01,2026-06-01 10:50:48,V026,108.0,0.9895267197587826
2026-06-01,2026-06-01 10:50:49,V026,108.0,0.986543459290103
2026-06-01,2026-06-01 10:50:50,V026,108.0,0.9961407799196551
2026-06-01,2026-06-01 10:50:51,V026,107.0,0.9880870203848009
2026-06-01,2026-06-01 10:50:52,V026,107.0,0.9856976180760878
2026-06-01,2026-06-01 10:50:53,V026,106.0,0.9964780760888714
2026-06-01,2026-06-01 10:50:54,V026,106.0,0.9889629571724438
2026-06-01,2026-06-01 10:50:55,V026,105.0,0.991679281824482
2026-06-01,2026-06-01 10:50:56,V026,104.0,0.9934969284354526
2026-06-01,2026-06-01 10:50:57,V026,103.0,1.0167458329572145
2026-06-01,2026-06-01 10:50:58,V026,102.0,1.0147428458974055
2026-06-01,2026-06-01 10:50:59,V026,100.0,0.9313555716351273
2026-06-01,2026-06-01 10:51:00,V026,99.0,0.9829037835839524
2026-06-01,2026-06-01 10:51:01,V026,99.0,0.9569661718682995
2026-06-01,2026-06-01 10:51:02,V026,98.0,1.0072375045617334
2026-06-01,2026-06-01 10:51:03,V026,97.0,0.9924382794266551
2026-06-01,2026-06-01 10:51:04,V026,97.0,0.9859473840115988
2026-06-01,2026-06-01 10:51:05,V026,97.0,0.9806035958197398
2026-06-01,2026-06-01 10:51:06,V026,97.0,0.9780378853781115
2026-06-01,2026-06-01 10:51:07,V026,97.0,0.974508346649362
2026-06-01,2026-06-01 10:51:08,V026,97.0,0.9708681826534421
2026-06-01,2026-06-01 10:51:09,V026,98.0,0.9800035326621549
2026-06-01,2026-06-01 10:51:10,V026,98.0,0.9640886162798816
2026-06-01,2026-06-01 10:51:11,V026,99.0,0.9861955013550562
2026-06-01,2026-06-01 10:51:12,V026,100.0,0.9931776898558236
2026-06-01,2026-06-01 10:51:13,V026,101.0,0.9702989308390414
2026-06-01,2026-06-01 10:51:14,V026,101.0,0.9843856900298046
2026-06-01,2026-06-01 10:51:15,V026,102.0,0.9674871719936599
2026-06-01,2026-06-01 10:51:16,V026,102.0,0.9783365082686012
2026-06-01,2026-06-01 10:51:17,V026,102.0,0.9795974894982554
2026-06-01,2026-06-01 10:51:18,V026,101.0,0.978352730586174
2026-06-01,2026-06-01 10:51:19,V026,101.0,0.9723863183692525
2026-06-01,2026-06-01 10:51:20,V026,100.0,0.9740666140595985
2026-06-01,2026-06-01 10:51:21,V026,99.0,0.9811808023910531
2026-06-01,2026-06-01 10:51:22,V026,99.0,0.9908935069650501
2026-06-01,2026-06-01 10:51:23,V026,98.0,0.9719416295003539
2026-06-01,2026-06-01 10:51:24,V026,98.0,0.9930260852429935
2026-06-01,2026-06-01 10:51:25,V026,98.0,0.9912305117997153
2026-06-01,2026-06-01 10:51:26,V026,98.0,0.9856642303266095
2026-06-01,2026-06-01 10:51:27,V026,98.0,0.9875233967975949
2026-06-01,2026-06-01 10:51:28,V026,98.0,0.9845038429302847
2026-06-01,2026-06-01 10:51:29,V026,98.0,0.9829995835693746
2026-06-01,2026-06-01 10:51:30,V026,98.0,1.0020188700689008
2026-06-01,2026-06-01 10:51:31,V026,98.0,1.012704651105267
2026-06-01,2026-06-01 10:51:32,V026,98.0,0.956594487741476
2026-06-01,2026-06-01 10:51:33,V026,98.0,0.9796578430367314
2026-06-01,2026-06-01 10:51:34,V026,99.0,0.9894141029860564
2026-06-01,2026-06-01 10:51:35,V026,99.0,0.9688680038461938
2026-06-01,2026-06-01 10:51:36,V026,99.0,0.9899286920897757
2026-06-01,2026-06-01 10:51:37,V026,99.0,0.9668337625210682
2026-06-01,2026-06-01 10:51:38,V026,100.0,0.972714426908172
2026-06-01,2026-06-01 10:51:39,V026,100.0,1.0046966463687794
2026-06-01,2026-06-01 10:51:40,V026,101.0,0.9896225615618941
2026-06-01,2026-06-01 10:51:41,V026,101.0,0.9788980125337455
2026-06-01,2026-06-01 10:51:42,V026,102.0,0.9903345593925824
2026-06-01,2026-06-01 10:51:43,V026,102.0,1.0330711598473588
2026-06-01,2026-06-01 10:51:44,V026,103.0,0.9679440157171476
2026-06-01,2026-06-01 10:51:45,V026,104.0,0.999023378744399
2026-06-01,2026-06-01 10:51:46,V026,105.0,1.02120534630202
2026-06-01,2026-06-01 10:51:47,V026,105.0,0.994940884917556
2026-06-01,2026-06-01 10:51:48,V026,106.0,0.9725592817964216
2026-06-01,2026-06-01 10:51:49,V026,107.0,0.994520649808632
2026-06-01,2026-06-01 10:51:50,V026,106.0,0.9970855948821522
2026-06-01,2026-06-01 10:51:51,V026,105.0,0.9946736816598899
2026-06-01,2026-06-01 10:51:52,V026,104.0,0.9972101504359694
2026-06-01,2026-06-01 10:51:53,V026,103.0,0.981272078040515
2026-06-01,2026-06-01 10:51:54,V026,102.0,1.0135778034540321
2026-06-01,2026-06-01 10:51:55,V026,102.0,0.9774366582914751
2026-06-01,2026-06-01 10:51:56,V026,102.0,0.9951022076230127
2026-06-01,2026-06-01 10:51:57,V026,102.0,0.9894246726732923
2026-06-01,2026-06-01 10:51:58,V026,101.0,0.9928983610845533
2026-06-01,2026-06-01 10:51:59,V026,101.0,0.9901241529604871
2026-06-01,2026-06-01 10:52:00,V026,101.0,0.9859838180514775
2026-06-01,2026-06-01 10:52:01,V026,101.0,1.0055840433648744
2026-06-01,2026-06-01 10:52:02,V026,101.0,0.983341188873841
2026-06-01,2026-06-01 10:52:03,V026,101.0,0.990725402257887
2026-06-01,2026-06-01 10:52:04,V026,101.0,0.9879822679780482
2026-06-01,2026-06-01 10:52:05,V026,102.0,0.9830403524500029
2026-06-01,2026-06-01 10:52:06,V026,102.0,0.975207459536415
2026-06-01,2026-06-01 10:52:07,V026,103.0,0.9809592322234636
2026-06-01,2026-06-01 10:52:08,V026,104.0,0.9932241258716505
2026-06-01,2026-06-01 10:52:09,V026,105.0,0.9992541933284125
2026-06-01,2026-06-01 10:52:10,V026,106.0,0.9721112668387312
2026-06-01,2026-06-01 10:52:11,V026,107.0,1.0505990979595357
2026-06-01,2026-06-01 10:52:12,V026,109.0,1.010639322725162
2026-06-01,2026-06-01 10:52:13,V026,110.0,0.9770392224366853
2026-06-01,2026-06-01 10:52:14,V026,111.0,0.9951665544522702
2026-06-01,2026-06-01 10:52:15,V026,111.0,0.9878787395584052
2026-06-01,2026-06-01 10:52:16,V026,112.0,0.9825556445907403
2026-06-01,2026-06-01 10:52:17,V026,112.0,0.9909911821698466
2026-06-01,2026-06-01 10:52:18,V026,111.0,0.9812167674325522
2026-06-01,2026-06-01 10:52:19,V026,111.0,0.9935447030614506
2026-06-01,2026-06-01 10:52:20,V026,111.0,0.9969272185781075
2026-06-01,2026-06-01 10:52:21,V026,111.0,1.001222895058991
2026-06-01,2026-06-01 10:52:22,V026,110.0,0.9944134745548611
2026-06-01,2026-06-01 10:52:23,V026,110.0,0.9917485397504052
2026-06-01,2026-06-01 10:52:24,V026,109.0,0.9922070118372366
2026-06-01,2026-06-01 10:52:25,V026,109.0,0.9819917817781217
2026-06-01,2026-06-01 10:52:26,V026,108.0,0.9931792382552933
2026-06-01,2026-06-01 10:52:27,V026,108.0,0.9793190400660319
2026-06-01,2026-06-01 10:52:28,V026,108.0,0.9836829513283429
2026-06-01,2026-06-01 10:52:29,V026,107.0,0.9820037062765148
2026-06-01,2026-06-01 10:52:30,V026,107.0,1.0000420956881877
2026-06-01,2026-06-01 10:52:31,V026,107.0,1.0103329537046828
2026-06-01,2026-06-01 10:52:32,V026,107.0,1.059697348721841
2026-06-01,2026-06-01 10:52:33,V026,106.0,1.0983451344133364
2026-06-01,2026-06-01 10:52:34,V026,106.0,1.0057796593594632
2026-06-01,2026-06-01 10:52:35,V026,106.0,0.9762548607839014
2026-06-01,2026-06-01 10:52:36,V026,106.0,1.0233745379810215
2026-06-01,2026-06-01 10:52:37,V026,106.0,0.9784826910776157
2026-06-01,2026-06-01 10:52:38,V026,106.0,0.9833819603024726
2026-06-01,2026-06-01 10:52:39,V026,106.0,0.9979818580221789
2026-06-01,2026-06-01 10:52:40,V026,105.0,0.996379404889926
2026-06-01,2026-06-01 10:52:41,V026,105.0,0.9775808284242729
2026-06-01,2026-06-01 10:52:42,V026,104.0,0.9842822030587424
2026-06-01,2026-06-01 10:52:43,V026,104.0,0.9779974574390944
2026-06-01,2026-06-01 10:52:44,V026,103.0,0.9812795961146469
2026-06-01,2026-06-01 10:52:45,V026,103.0,0.9809173865113788
2026-06-01,2026-06-01 10:52:46,V026,103.0,0.9973418724372797
2026-06-01,2026-06-01 10:52:47,V026,103.0,0.9917195080278502
2026-06-01,2026-06-01 10:52:48,V026,104.0,0.9775400280177812
2026-06-01,2026-06-01 10:52:49,V026,104.0,0.9889556812086377
2026-06-01,2026-06-01 10:52:50,V026,104.0,1.0417071990822304
2026-06-01,2026-06-01 10:52:51,V026,105.0,0.984120323872539
2026-06-01,2026-06-01 10:52:52,V026,105.0,1.014721759971916
2026-06-01,2026-06-01 10:52:53,V026,105.0,0.9921363443641069
2026-06-01,2026-06-01 10:52:54,V026,104.0,1.0343182181380792
2026-06-01,2026-06-01 10:52:55,V026,104.0,0.9638386476943611
2026-06-01,2026-06-01 10:52:56,V026,104.0,1.0159399634389334
2026-06-01,2026-06-01 10:52:57,V026,104.0,0.9830540751861293
2026-06-01,2026-06-01 10:52:58,V026,104.0,0.9844700653408249
2026-06-01,2026-06-01 10:52:59,V026,103.0,0.985162226714754
2026-06-01,2026-06-01 10:53:00,V026,104.0,1.0004426394527008
2026-06-01,2026-06-01 10:53:01,V026,104.0,0.9906209813624477
2026-06-01,2026-06-01 10:53:02,V026,105.0,1.0084648308904611
2026-06-01,2026-06-01 10:53:03,V026,105.0,0.9754562723156429
2026-06-01,2026-06-01 10:53:04,V026,105.0,1.0146552818691572
2026-06-01,2026-06-01 10:53:05,V026,106.0,1.0576064882686227
2026-06-01,2026-06-01 10:53:06,V026,106.0,1.0203952359329875
2026-06-01,2026-06-01 10:53:07,V026,106.0,0.983999270928776
2026-06-01,2026-06-01 10:53:08,V026,106.0,0.9837311077742251
2026-06-01,2026-06-01 10:53:09,V026,107.0,0.9896639537105956
2026-06-01,2026-06-01 10:53:10,V026,106.0,0.9853733039611726
2026-06-01,2026-06-01 10:53:11,V026,105.0,0.9906171040340841
2026-06-01,2026-06-01 10:53:12,V026,104.0,0.9822195541952013
2026-06-01,2026-06-01 10:53:13,V026,103.0,0.9928563945224336
2026-06-01,2026-06-01 10:53:14,V026,102.0,0.9837479825143597
2026-06-01,2026-06-01 10:53:15,V026,101.0,0.982563444881317
2026-06-01,2026-06-01 10:53:16,V026,101.0,0.9801973522344561
2026-06-01,2026-06-01 10:53:17,V026,101.0,0.9842031531485388
2026-06-01,2026-06-01 10:53:18,V026,101.0,1.1389528383187448
2026-06-01,2026-06-01 10:53:19,V026,101.0,0.9429342613805257
2026-06-01,2026-06-01 10:53:20,V026,101.0,0.9860410656572046
2026-06-01,2026-06-01 10:53:21,V026,101.0,0.9836470060016833
2026-06-01,2026-06-01 10:53:22,V026,101.0,0.9955289353189988
2026-06-01,2026-06-01 10:53:23,V026,101.0,0.9894005301739071
2026-06-01,2026-06-01 10:53:24,V026,101.0,1.0019298080482124
2026-06-01,2026-06-01 10:53:25,V026,102.0,1.0931463364163798
2026-06-01,2026-06-01 10:53:26,V026,102.0,0.9951435391606441
2026-06-01,2026-06-01 10:53:27,V026,101.0,0.9764141699722056
2026-06-01,2026-06-01 10:53:28,V026,102.0,0.9961430829942169
2026-06-01,2026-06-01 10:53:29,V026,102.0,0.9804370657605284
2026-06-01,2026-06-01 10:53:30,V026,102.0,0.9817586781406901
2026-06-01,2026-06-01 10:53:31,V026,103.0,1.1170728549108695
2026-06-01,2026-06-01 10:53:32,V026,103.0,1.01882535753528
2026-06-01,2026-06-01 10:53:33,V026,102.0,1.0126409928725653
2026-06-01,2026-06-01 10:53:34,V026,103.0,0.9926354169204036
2026-06-01,2026-06-01 10:53:35,V026,104.0,0.9791987423710887
2026-06-01,2026-06-01 10:53:36,V026,104.0,1.0059337934335941
2026-06-01,2026-06-01 10:53:37,V026,105.0,0.9844713919725824
2026-06-01,2026-06-01 10:53:38,V026,105.0,1.0044093130597407
2026-06-01,2026-06-01 10:53:39,V026,106.0,0.9881985467359993
2026-06-01,2026-06-01 10:53:40,V026,107.0,0.9872904282865654
2026-06-01,2026-06-01 10:53:41,V026,107.0,0.9853792174154936
2026-06-01,2026-06-01 10:53:42,V026,108.0,1.0833076619581352
2026-06-01,2026-06-01 10:53:43,V026,108.0,1.0075186411116526
2026-06-01,2026-06-01 10:53:44,V026,109.0,1.0670676410394424
2026-06-01,2026-06-01 10:53:45,V026,109.0,0.9956134150903373
2026-06-01,2026-06-01 10:53:46,V026,110.0,0.9941842798015423
2026-06-01,2026-06-01 10:53:47,V026,110.0,1.0881276388331724
2026-06-01,2026-06-01 10:53:48,V026,110.0,1.0466292728378812
2026-06-01,2026-06-01 10:53:49,V026,110.0,1.0948385686643822
2026-06-01,2026-06-01 10:53:50,V026,109.0,1.092647976915222
2026-06-01,2026-06-01 10:53:51,V026,108.0,1.0276696968234593
2026-06-01,2026-06-01 10:53:52,V026,108.0,0.99217802392773
2026-06-01,2026-06-01 10:53:53,V026,107.0,0.9858624345589035
2026-06-01,2026-06-01 10:53:54,V026,107.0,0.9934190287598748
2026-06-01,2026-06-01 10:53:55,V026,107.0,0.9686149210525284
2026-06-01,2026-06-01 10:53:56,V026,107.0,1.0713466872722162
2026-06-01,2026-06-01 10:53:57,V026,107.0,1.1008854061668514
2026-06-01,2026-06-01 10:53:58,V026,107.0,1.136227341529499
2026-06-01,2026-06-01 10:53:59,V026,107.0,0.9768179034717132
2026-06-01,2026-06-01 10:54:00,V026,107.0,1.3821705513791844
2026-06-01,2026-06-01 10:54:01,V026,108.0,0.931056611616285
2026-06-01,2026-06-01 10:54:02,V026,109.0,1.1185737077518374
2026-06-01,2026-06-01 10:54:03,V026,109.0,1.1195743732297379
2026-06-01,2026-06-01 10:54:04,V026,110.0,0.9345852658634024
2026-06-01,2026-06-01 10:54:05,V026,111.0,1.0650594884393179
2026-06-01,2026-06-01 10:54:06,V026,112.0,0.9869099013633772
2026-06-01,2026-06-01 10:54:07,V026,113.0,1.0196243159408123
2026-06-01,2026-06-01 10:54:08,V026,113.0,1.0155808759917586
2026-06-01,2026-06-01 10:54:09,V026,113.0,1.0229146124226713
2026-06-01,2026-06-01 10:54:10,V026,114.0,0.9903672288098438
2026-06-01,2026-06-01 10:54:11,V026,114.0,0.9929456396425189
2026-06-01,2026-06-01 10:54:12,V026,113.0,0.9614725244384666
2026-06-01,2026-06-01 10:54:13,V026,113.0,1.1422084493608482
2026-06-01,2026-06-01 10:54:14,V026,112.0,0.9501969114615822
2026-06-01,2026-06-01 10:54:15,V026,112.0,0.980057560796844
2026-06-01,2026-06-01 10:54:16,V026,111.0,0.993452240646991
2026-06-01,2026-06-01 10:54:17,V026,111.0,0.9932184763469859
2026-06-01,2026-06-01 10:54:18,V026,110.0,0.9791445781835351
2026-06-01,2026-06-01 10:54:19,V026,109.0,0.9954953812648166
2026-06-01,2026-06-01 10:54:20,V026,109.0,0.9914000280345884
2026-06-01,2026-06-01 10:54:21,V026,109.0,0.9907633827300633
2026-06-01,2026-06-01 10:54:22,V026,109.0,1.0274222598653187
2026-06-01,2026-06-01 10:54:23,V026,109.0,0.9884183712191192
2026-06-01,2026-06-01 10:54:24,V026,109.0,1.0102288443986704
2026-06-01,2026-06-01 10:54:25,V026,109.0,0.9597833379938079
2026-06-01,2026-06-01 10:54:26,V026,109.0,1.426764039554127
2026-06-01,2026-06-01 10:54:27,V026,110.0,0.9989716593404726
2026-06-01,2026-06-01 10:54:28,V026,109.0,1.0744019568721233
2026-06-01,2026-06-01 10:54:29,V026,108.0,0.9133943404091663
2026-06-01,2026-06-01 10:54:30,V026,108.0,1.1599498190874815
2026-06-01,2026-06-01 10:54:31,V026,109.0,1.0691042311454195
2026-06-01,2026-06-01 10:54:32,V026,109.0,1.1234788874612731
2026-06-01,2026-06-01 10:54:33,V026,110.0,1.0363128454445103
2026-06-01,2026-06-01 10:54:34,V026,110.0,0.9924637173586098
2026-06-01,2026-06-01 10:54:35,V026,110.0,0.9908179457433369
2026-06-01,2026-06-01 10:54:36,V026,111.0,0.9935837430348661
2026-06-01,2026-06-01 10:54:37,V026,112.0,0.9858525051077233
2026-06-01,2026-06-01 10:54:38,V026,113.0,1.0045857411734238
2026-06-01,2026-06-01 10:54:39,V026,113.0,0.9623295997744723
2026-06-01,2026-06-01 10:54:40,V026,112.0,1.1327644153420244
2026-06-01,2026-06-01 10:54:41,V026,111.0,1.009700606365188
2026-06-01,2026-06-01 10:54:42,V026,111.0,0.9824171622434738
2026-06-01,2026-06-01 10:54:43,V026,110.0,0.9788134123307235
2026-06-01,2026-06-01 10:54:44,V026,109.0,0.9953717270128994
2026-06-01,2026-06-01 10:54:45,V026,109.0,0.9876715771037099
2026-06-01,2026-06-01 10:54:46,V026,109.0,0.9823429510334027
2026-06-01,2026-06-01 10:54:47,V026,110.0,1.0683374259787712
2026-06-01,2026-06-01 10:54:48,V026,111.0,0.9662192530306247
2026-06-01,2026-06-01 10:54:49,V026,112.0,1.046352790959728
2026-06-01,2026-06-01 10:54:50,V026,112.0,1.0163782561435222
2026-06-01,2026-06-01 10:54:51,V026,113.0,0.9740106679717347
2026-06-01,2026-06-01 10:54:52,V026,113.0,0.9951798208490699
2026-06-01,2026-06-01 10:54:53,V026,114.0,0.9860466437458532
2026-06-01,2026-06-01 10:54:54,V026,113.0,0.9871591132263494
2026-06-01,2026-06-01 10:54:55,V026,113.0,0.9843228312676588
2026-06-01,2026-06-01 10:54:56,V026,113.0,1.0164392995473666
2026-06-01,2026-06-01 10:54:57,V026,113.0,1.073113779048295
2026-06-01,2026-06-01 10:54:58,V026,114.0,1.1395391124960743
2026-06-01,2026-06-01 10:54:59,V026,115.0,1.0095982099671106
2026-06-01,2026-06-01 10:55:00,V026,115.0,0.9319598063577843
2026-06-01,2026-06-01 10:55:01,V026,116.0,1.133767706388628
2026-06-01,2026-06-01 10:55:02,V026,117.0,1.1079534460761034
2026-06-01,2026-06-01 10:55:03,V026,118.0,1.2979927444579518
2026-06-01,2026-06-01 10:55:04,V026,118.0,0.9807403298859892
2026-06-01,2026-06-01 10:55:05,V026,119.0,1.0242713375881076
2026-06-01,2026-06-01 10:55:06,V026,119.0,1.1107708208701172
2026-06-01,2026-06-01 10:55:07,V026,119.0,1.040605973623005
2026-06-01,2026-06-01 10:55:08,V026,119.0,1.0107781250713754
2026-06-01,2026-06-01 10:55:09,V026,118.0,0.9987176946014785
2026-06-01,2026-06-01 10:55:10,V026,118.0,1.001260283097623
2026-06-01,2026-06-01 10:55:11,V026,118.0,0.9821006611283388
2026-06-01,2026-06-01 10:55:12,V026,118.0,1.0151420085349039
2026-06-01,2026-06-01 10:55:13,V026,117.0,0.9675358502072665
2026-06-01,2026-06-01 10:55:14,V026,117.0,0.9809099645529934
2026-06-01,2026-06-01 10:55:15,V026,116.0,0.862081553711939
2026-06-01,2026-06-01 10:55:16,V026,116.0,1.2332626184878397
2026-06-01,2026-06-01 10:55:17,V026,115.0,1.0110319058504045
2026-06-01,2026-06-01 10:55:18,V026,114.0,0.9802710669969077
2026-06-01,2026-06-01 10:55:19,V026,114.0,1.0814649681290174
2026-06-01,2026-06-01 10:55:20,V026,113.0,0.9725917756577316
2026-06-01,2026-06-01 10:55:21,V026,113.0,0.9926862918119046
2026-06-01,2026-06-01 10:55:22,V026,113.0,0.9883553025011332
2026-06-01,2026-06-01 10:55:23,V026,113.0,0.9709143592965074
2026-06-01,2026-06-01 10:55:24,V026,113.0,1.045519122314752
2026-06-01,2026-06-01 10:55:25,V026,112.0,1.0088730149113068
2026-06-01,2026-06-01 10:55:26,V026,111.0,1.0343714042780052
2026-06-01,2026-06-01 10:55:27,V026,111.0,1.2878859093193642
2026-06-01,2026-06-01 10:55:28,V026,110.0,1.042266020774625
2026-06-01,2026-06-01 10:55:29,V026,110.0,1.0248258063748568
2026-06-01,2026-06-01 10:55:30,V026,109.0,1.0597690121846752
2026-06-01,2026-06-01 10:55:31,V026,109.0,0.9868985702509606
2026-06-01,2026-06-01 10:55:32,V026,109.0,0.9880015253789199
2026-06-01,2026-06-01 10:55:33,V026,109.0,0.9909743154144326
2026-06-01,2026-06-01 10:55:34,V026,109.0,1.0430889735998732
2026-06-01,2026-06-01 10:55:35,V026,110.0,1.0283711054460778
2026-06-01,2026-06-01 10:55:36,V026,110.0,0.985637196219115
2026-06-01,2026-06-01 10:55:37,V026,110.0,1.0119170982904784
2026-06-01,2026-06-01 10:55:38,V026,110.0,0.984905549405458
2026-06-01,2026-06-01 10:55:39,V026,110.0,0.9935212056200063
2026-06-01,2026-06-01 10:55:40,V026,110.0,1.006842301482742
2026-06-01,2026-06-01 10:55:41,V026,110.0,0.9954901425202253
2026-06-01,2026-06-01 10:55:42,V026,110.0,1.0757155559300313
2026-06-01,2026-06-01 10:55:43,V026,110.0,1.1314715734778866
2026-06-01,2026-06-01 10:55:44,V026,111.0,1.0720816733131195
2026-06-01,2026-06-01 10:55:45,V026,111.0,0.979624883444763
2026-06-01,2026-06-01 10:55:46,V026,111.0,0.9843681230748956
2026-06-01,2026-06-01 10:55:47,V026,112.0,0.9865004175293238
2026-06-01,2026-06-01 10:55:48,V026,112.0,0.9890809709050217
2026-06-01,2026-06-01 10:55:49,V026,112.0,0.9906121384593077
2026-06-01,2026-06-01 10:55:50,V026,112.0,1.0321446926943516
2026-06-01,2026-06-01 10:55:51,V026,112.0,1.067436742712088
2026-06-01,2026-06-01 10:55:52,V026,111.0,0.98319437565615
2026-06-01,2026-06-01 10:55:53,V026,111.0,1.0042544248306056
2026-06-01,2026-06-01 10:55:54,V026,111.0,1.0573425901089943
2026-06-01,2026-06-01 10:55:55,V026,112.0,0.9808759388949192
2026-06-01,2026-06-01 10:55:56,V026,113.0,1.0039569631469034
2026-06-01,2026-06-01 10:55:57,V026,113.0,0.9871540364663778
2026-06-01,2026-06-01 10:55:58,V026,114.0,0.9852806596029593
2026-06-01,2026-06-01 10:55:59,V026,114.0,1.0056484096287333
2026-06-01,2026-06-01 10:56:00,V026,115.0,0.9989274828923346
2026-06-01,2026-06-01 10:56:01,V026,115.0,0.9773168189665924
2026-06-01,2026-06-01 10:56:02,V026,115.0,0.9894885758005387
2026-06-01,2026-06-01 10:56:03,V026,115.0,1.0760655596129713
2026-06-01,2026-06-01 10:56:04,V026,115.0,0.9783635578143243
2026-06-01,2026-06-01 10:56:05,V026,115.0,0.9844328048307929
2026-06-01,2026-06-01 10:56:06,V026,114.0,0.9832376115021022
2026-06-01,2026-06-01 10:56:07,V026,114.0,1.02220654164012
2026-06-01,2026-06-01 10:56:08,V026,114.0,1.0354763091551042
2026-06-01,2026-06-01 10:56:09,V026,114.0,1.0087794369606735
2026-06-01,2026-06-01 10:56:10,V026,114.0,1.080236977125509
2026-06-01,2026-06-01 10:56:11,V026,115.0,1.0480751859526722
2026-06-01,2026-06-01 10:56:12,V026,115.0,1.0007256972571372
2026-06-01,2026-06-01 10:56:13,V026,115.0,0.9883894689687949
2026-06-01,2026-06-01 10:56:14,V026,115.0,0.9974212722741997
2026-06-01,2026-06-01 10:56:15,V026,116.0,1.1545820828400661
2026-06-01,2026-06-01 10:56:16,V026,116.0,1.0560008924301099
2026-06-01,2026-06-01 10:56:17,V026,116.0,1.0692893157299177
2026-06-01,2026-06-01 10:56:18,V026,116.0,1.0392322258421016
2026-06-01,2026-06-01 10:56:19,V026,115.0,1.2369350862598674
2026-06-01,2026-06-01 10:56:20,V026,115.0,1.0345659448614468
2026-06-01,2026-06-01 10:56:21,V026,115.0,0.980468180117957
2026-06-01,2026-06-01 10:56:22,V026,114.0,0.9923708478883281
2026-06-01,2026-06-01 10:56:23,V026,114.0,0.9792514212635526
2026-06-01,2026-06-01 10:56:24,V026,114.0,0.9866440672956089
2026-06-01,2026-06-01 10:56:25,V026,115.0,1.0407947548283722
2026-06-01,2026-06-01 10:56:26,V026,115.0,1.1556743642013694
2026-06-01,2026-06-01 10:56:27,V026,115.0,0.9853696664427702
2026-06-01,2026-06-01 10:56:28,V026,116.0,1.004825418941054
2026-06-01,2026-06-01 10:56:29,V026,116.0,0.9847003062492133
2026-06-01,2026-06-01 10:56:30,V026,117.0,0.9794219689812204
2026-06-01,2026-06-01 10:56:31,V026,118.0,1.0010980238194267
2026-06-01,2026-06-01 10:56:32,V026,118.0,0.9792610079212011
2026-06-01,2026-06-01 10:56:33,V026,119.0,0.9888308139987729
2026-06-01,2026-06-01 10:56:34,V026,118.0,1.1645587369862411
2026-06-01,2026-06-01 10:56:35,V026,118.0,1.2610675714040107
2026-06-01,2026-06-01 10:56:36,V026,117.0,0.9986071808037787
2026-06-01,2026-06-01 10:56:37,V026,117.0,0.994983046682204
2026-06-01,2026-06-01 10:56:38,V026,117.0,0.9960626757916675
2026-06-01,2026-06-01 10:56:39,V026,117.0,1.008197275315488
2026-06-01,2026-06-01 10:56:40,V026,117.0,0.9718508370277532
2026-06-01,2026-06-01 10:56:41,V026,117.0,0.9927859473211526
2026-06-01,2026-06-01 10:56:42,V026,117.0,0.9826289250439175
2026-06-01,2026-06-01 10:56:43,V026,117.0,0.9983000171371784
2026-06-01,2026-06-01 10:56:44,V026,117.0,0.9969814165505827
2026-06-01,2026-06-01 10:56:45,V026,116.0,1.1459633536456562
2026-06-01,2026-06-01 10:56:46,V026,116.0,1.0153906783096263
2026-06-01,2026-06-01 10:56:47,V026,116.0,0.9898163565130499
2026-06-01,2026-06-01 10:56:48,V026,116.0,0.9955109376533858
2026-06-01,2026-06-01 10:56:49,V026,116.0,0.9841112040734801
2026-06-01,2026-06-01 10:56:50,V026,115.0,0.9840289108203275
2026-06-01,2026-06-01 10:56:51,V026,115.0,1.0380871278871182
2026-06-01,2026-06-01 10:56:52,V026,115.0,0.9814652706140529
2026-06-01,2026-06-01 10:56:53,V026,114.0,0.9592925034623121
2026-06-01,2026-06-01 10:56:54,V026,114.0,1.037009574163736
2026-06-01,2026-06-01 10:56:55,V026,113.0,0.9944647583123446
2026-06-01,2026-06-01 10:56:56,V026,112.0,0.9899142985258051
2026-06-01,2026-06-01 10:56:57,V026,111.0,0.9854805635653867
2026-06-01,2026-06-01 10:56:58,V026,110.0,1.0299279976804994
2026-06-01,2026-06-01 10:56:59,V026,109.0,0.9975806754326255
2026-06-01,2026-06-01 10:57:00,V026,109.0,1.373772805150404
2026-06-01,2026-06-01 10:57:01,V026,108.0,1.1010677820325685
2026-06-01,2026-06-01 10:57:02,V026,107.0,1.0238859959467925
2026-06-01,2026-06-01 10:57:03,V026,107.0,1.001502007834625
2026-06-01,2026-06-01 10:57:04,V026,107.0,0.9959698333808679
2026-06-01,2026-06-01 10:57:05,V026,107.0,0.9703169772114474
2026-06-01,2026-06-01 10:57:06,V026,107.0,1.0037542723347486
2026-06-01,2026-06-01 10:57:07,V026,107.0,0.970722178184381
2026-06-01,2026-06-01 10:57:08,V026,108.0,0.9936133638971484
2026-06-01,2026-06-01 10:57:09,V026,108.0,0.9818060843376799
2026-06-01,2026-06-01 10:57:10,V026,109.0,1.0102223418181004
2026-06-01,2026-06-01 10:57:11,V026,110.0,0.9744355940453753
2026-06-01,2026-06-01 10:57:12,V026,110.0,1.0145824334741924
2026-06-01,2026-06-01 10:57:13,V026,110.0,0.9811492248153768
2026-06-01,2026-06-01 10:57:14,V026,111.0,1.004652734762722
2026-06-01,2026-06-01 10:57:15,V026,111.0,0.9851379710170448
2026-06-01,2026-06-01 10:57:16,V026,111.0,1.0272635731792132
2026-06-01,2026-06-01 10:57:17,V026,112.0,1.028318751438812
2026-06-01,2026-06-01 10:57:18,V026,112.0,1.2413619348267637
2026-06-01,2026-06-01 10:57:19,V026,113.0,1.0445368821144894
2026-06-01,2026-06-01 10:57:20,V026,114.0,1.1497986179503827
2026-06-01,2026-06-01 10:57:21,V026,114.0,0.9896316608989021
2026-06-01,2026-06-01 10:57:22,V026,114.0,1.15054549410152
2026-06-01,2026-06-01 10:57:23,V026,113.0,1.0584629598665765
2026-06-01,2026-06-01 10:57:24,V026,113.0,1.0020202868970423
2026-06-01,2026-06-01 10:57:25,V026,112.0,1.1498053127553385
2026-06-01,2026-06-01 10:57:26,V026,112.0,1.0302826040022997
2026-06-01,2026-06-01 10:57:27,V026,112.0,1.0309241033701624
2026-06-01,2026-06-01 10:57:28,V026,111.0,1.0361962373137759
2026-06-01,2026-06-01 10:57:29,V026,111.0,1.0115680103291482
2026-06-01,2026-06-01 10:57:30,V026,111.0,0.9793696689520066
2026-06-01,2026-06-01 10:57:31,V026,111.0,1.0063690184982317
2026-06-01,2026-06-01 10:57:32,V026,111.0,1.403604236943285
2026-06-01,2026-06-01 10:57:33,V026,111.0,1.1203943614063774
2026-06-01,2026-06-01 10:57:34,V026,110.0,0.9814107162961073
2026-06-01,2026-06-01 10:57:35,V026,110.0,1.086067975970436
2026-06-01,2026-06-01 10:57:36,V026,110.0,0.9819781458185752
2026-06-01,2026-06-01 10:57:37,V026,110.0,0.9803165151894081
2026-06-01,2026-06-01 10:57:38,V026,109.0,1.0041212250239393
2026-06-01,2026-06-01 10:57:39,V026,109.0,0.9780674542222294
2026-06-01,2026-06-01 10:57:40,V026,110.0,0.9952888824235061
2026-06-01,2026-06-01 10:57:41,V026,110.0,1.0147221901463583
2026-06-01,2026-06-01 10:57:42,V026,111.0,1.0548605361830339
2026-06-01,2026-06-01 10:57:43,V026,111.0,0.9726974809009667
2026-06-01,2026-06-01 10:57:44,V026,112.0,0.9973852684685734
2026-06-01,2026-06-01 10:57:45,V026,112.0,0.9812674997954755
2026-06-01,2026-06-01 10:57:46,V026,112.0,0.9869108083948323
2026-06-01,2026-06-01 10:57:47,V026,112.0,1.0763353703412601
2026-06-01,2026-06-01 10:57:48,V026,113.0,1.04276781387013
2026-06-01,2026-06-01 10:57:49,V026,114.0,0.9887635610406917
2026-06-01,2026-06-01 10:57:50,V026,113.0,1.001209483890175
2026-06-01,2026-06-01 10:57:51,V026,113.0,0.9777526982232896
2026-06-01,2026-06-01 10:57:52,V026,112.0,1.0092791308302929
2026-06-01,2026-06-01 10:57:53,V026,112.0,0.9735831161452528
2026-06-01,2026-06-01 10:57:54,V026,111.0,1.0113548013880662
2026-06-01,2026-06-01 10:57:55,V026,111.0,1.035127308419808
2026-06-01,2026-06-01 10:57:56,V026,111.0,0.9898566740359224
2026-06-01,2026-06-01 10:57:57,V026,111.0,1.0933365054505284
2026-06-01,2026-06-01 10:57:58,V026,110.0,1.0295688552458104
2026-06-01,2026-06-01 10:57:59,V026,110.0,1.0411249589784468
2026-06-01,2026-06-01 10:58:00,V026,109.0,0.9732656202976058
2026-06-01,2026-06-01 10:58:01,V026,109.0,0.9957797667554596
2026-06-01,2026-06-01 10:58:02,V026,109.0,0.974632053865065
2026-06-01,2026-06-01 10:58:03,V026,108.0,1.0098906333457571
2026-06-01,2026-06-01 10:58:04,V026,108.0,0.9742847052491885
2026-06-01,2026-06-01 10:58:05,V026,108.0,0.9889209610324317
2026-06-01,2026-06-01 10:58:06,V026,109.0,0.9852074454868714
2026-06-01,2026-06-01 10:58:07,V026,109.0,0.9775913851411575
2026-06-01,2026-06-01 10:58:08,V026,109.0,1.1714873925419
2026-06-01,2026-06-01 10:58:09,V026,108.0,1.0139751039492861
2026-06-01,2026-06-01 10:58:10,V026,108.0,0.9964587002183304
2026-06-01,2026-06-01 10:58:11,V026,108.0,0.9867594106421046
2026-06-01,2026-06-01 10:58:12,V026,108.0,1.0005052878562246
2026-06-01,2026-06-01 10:58:13,V026,107.0,0.9800222833693014
2026-06-01,2026-06-01 10:58:14,V026,107.0,0.9818473416385876
2026-06-01,2026-06-01 10:58:15,V026,107.0,1.4195819478595335
2026-06-01,2026-06-01 10:58:16,V026,107.0,1.0293133281175428
2026-06-01,2026-06-01 10:58:17,V026,106.0,1.0594693406060993
2026-06-01,2026-06-01 10:58:18,V026,106.0,1.0044197843631224
2026-06-01,2026-06-01 10:58:19,V026,106.0,0.9802281666392078
2026-06-01,2026-06-01 10:58:20,V026,106.0,1.0005621204276993
2026-06-01,2026-06-01 10:58:21,V026,106.0,0.9774464264859972
2026-06-01,2026-06-01 10:58:22,V026,106.0,0.9986572869809309
2026-06-01,2026-06-01 10:58:23,V026,106.0,1.039748152823175
2026-06-01,2026-06-01 10:58:24,V026,106.0,0.9699985231881612
2026-06-01,2026-06-01 10:58:25,V026,107.0,1.0021390327506645
2026-06-01,2026-06-01 10:58:26,V026,107.0,0.9837303581274969
2026-06-01,2026-06-01 10:58:27,V026,108.0,0.9851880518576137
2026-06-01,2026-06-01 10:58:28,V026,108.0,1.4232486583288952
2026-06-01,2026-06-01 10:58:29,V026,109.0,1.025760477029048
2026-06-01,2026-06-01 10:58:30,V026,109.0,1.0082092179271784
2026-06-01,2026-06-01 10:58:31,V026,109.0,0.9719545042191522
2026-06-01,2026-06-01 10:58:32,V026,110.0,0.9970149914577352
2026-06-01,2026-06-01 10:58:33,V026,110.0,0.9837947666342798
2026-06-01,2026-06-01 10:58:34,V026,110.0,0.9869843842668723
2026-06-01,2026-06-01 10:58:35,V026,110.0,1.003701684788217
2026-06-01,2026-06-01 10:58:36,V026,109.0,1.064884361241836
2026-06-01,2026-06-01 10:58:37,V026,109.0,1.0309193479922776
2026-06-01,2026-06-01 10:58:38,V026,109.0,0.9976965485223426
2026-06-01,2026-06-01 10:58:39,V026,109.0,0.9967498697241102
2026-06-01,2026-06-01 10:58:40,V026,109.0,0.9877534531922697
2026-06-01,2026-06-01 10:58:41,V026,108.0,0.9981971969469765
2026-06-01,2026-06-01 10:58:42,V026,108.0,0.9879407661186922
2026-06-01,2026-06-01 10:58:43,V026,107.0,0.9872905176300222
2026-06-01,2026-06-01 10:58:44,V026,106.0,0.9990891010860938
2026-06-01,2026-06-01 10:58:45,V026,106.0,1.0087830392917145
2026-06-01,2026-06-01 10:58:46,V026,106.0,0.9675980653827386
2026-06-01,2026-06-01 10:58:47,V026,106.0,1.0015692007114199
2026-06-01,2026-06-01 10:58:48,V026,106.0,0.9781873195648237
2026-06-01,2026-06-01 10:58:49,V026,105.0,0.9877116181511975
2026-06-01,2026-06-01 10:58:50,V026,106.0,0.9803842811559738
2026-06-01,2026-06-01 10:58:51,V026,106.0,1.3163831521925584
2026-06-01,2026-06-01 10:58:52,V026,106.0,0.9371117817649864
2026-06-01,2026-06-01 10:58:53,V026,106.0,1.0014552098693124
2026-06-01,2026-06-01 10:58:54,V026,106.0,0.987052290210784
2026-06-01,2026-06-01 10:58:55,V026,106.0,0.9936917905372192
2026-06-01,2026-06-01 10:58:56,V026,107.0,1.1490166179946597
2026-06-01,2026-06-01 10:58:57,V026,108.0,1.003527161454839
2026-06-01,2026-06-01 10:58:58,V026,109.0,1.0792212525867524
2026-06-01,2026-06-01 10:58:59,V026,109.0,1.3174272174509756
2026-06-01,2026-06-01 10:59:00,V026,109.0,1.3911599251959266
2026-06-01,2026-06-01 10:59:01,V026,109.0,1.2022945802973457
2026-06-01,2026-06-01 10:59:02,V026,109.0,1.0028437240282204
2026-06-01,2026-06-01 10:59:03,V026,109.0,0.9970558067724752
2026-06-01,2026-06-01 10:59:04,V026,108.0,1.0276440296493203
2026-06-01,2026-06-01 10:59:05,V026,108.0,0.9915551176908532
2026-06-01,2026-06-01 10:59:06,V026,107.0,1.0006874209044405
2026-06-01,2026-06-01 10:59:07,V026,106.0,0.9781732132196818
2026-06-01,2026-06-01 10:59:08,V026,107.0,1.147723426311788
2026-06-01,2026-06-01 10:59:09,V026,107.0,1.010765491009959
2026-06-01,2026-06-01 10:59:10,V026,108.0,1.0065997032688214
2026-06-01,2026-06-01 10:59:11,V026,108.0,1.0021954791864067
2026-06-01,2026-06-01 10:59:12,V026,109.0,0.9962683142657877
2026-06-01,2026-06-01 10:59:13,V026,110.0,1.0032981228584483
2026-06-01,2026-06-01 10:59:14,V026,111.0,0.9849570846599683
2026-06-01,2026-06-01 10:59:15,V026,112.0,0.9784178238163364
2026-06-01,2026-06-01 10:59:16,V026,113.0,0.9971568025022352
2026-06-01,2026-06-01 10:59:17,V026,113.0,0.9916940769110616
2026-06-01,2026-06-01 10:59:18,V026,114.0,1.3387268025182928
2026-06-01,2026-06-01 10:59:19,V026,115.0,0.9717261817511542
2026-06-01,2026-06-01 10:59:20,V026,115.0,0.9858057482937536
2026-06-01,2026-06-01 10:59:21,V026,115.0,1.002032178131776
2026-06-01,2026-06-01 10:59:22,V026,115.0,0.9736825862267453
2026-06-01,2026-06-01 10:59:23,V026,115.0,0.9936980635061714
2026-06-01,2026-06-01 10:59:24,V026,115.0,1.1398002933549192
2026-06-01,2026-06-01 10:59:25,V026,115.0,1.013647822087385
2026-06-01,2026-06-01 10:59:26,V026,116.0,0.9891624989182867
2026-06-01,2026-06-01 10:59:27,V026,117.0,0.9843387779383534
2026-06-01,2026-06-01 10:59:28,V026,117.0,0.9917997782195593
2026-06-01,2026-06-01 10:59:29,V026,117.0,0.9812300745180513
2026-06-01,2026-06-01 10:59:30,V026,117.0,0.9994752756484896
2026-06-01,2026-06-01 10:59:31,V026,118.0,0.9891208552016176
2026-06-01,2026-06-01 10:59:32,V026,117.0,1.0045521248348248
2026-06-01,2026-06-01 10:59:33,V026,117.0,1.1608014196845344
2026-06-01,2026-06-01 10:59:34,V026,117.0,1.1959293807452267
2026-06-01,2026-06-01 10:59:35,V026,117.0,1.1386489315576271
2026-06-01,2026-06-01 10:59:36,V026,116.0,1.0765029932316141
2026-06-01,2026-06-01 10:59:37,V026,115.0,1.1822181716855011
2026-06-01,2026-06-01 10:59:38,V026,115.0,0.9981330609330646
2026-06-01,2026-06-01 10:59:39,V026,115.0,1.0135554072634516
2026-06-01,2026-06-01 10:59:40,V026,114.0,1.0296366831307053
2026-06-01,2026-06-01 10:59:41,V026,114.0,0.9726131700040518
2026-06-01,2026-06-01 10:59:42,V026,114.0,1.038334219780691
2026-06-01,2026-06-01 10:59:43,V026,114.0,1.0124952053836767
2026-06-01,2026-06-01 10:59:44,V026,114.0,0.9828017146045384
2026-06-01,2026-06-01 10:59:45,V026,115.0,0.9946267434056026
2026-06-01,2026-06-01 10:59:46,V026,114.0,0.9842558658160409
2026-06-01,2026-06-01 10:59:47,V026,114.0,0.9815462282147253
2026-06-01,2026-06-01 10:59:48,V026,114.0,0.9755667123240076
2026-06-01,2026-06-01 10:59:49,V026,114.0,1.0776675896108097
2026-06-01,2026-06-01 10:59:50,V026,113.0,1.191910127453368
2026-06-01,2026-06-01 10:59:51,V026,113.0,0.9735397921131442
2026-06-01,2026-06-01 10:59:52,V026,112.0,1.0021267861677499
2026-06-01,2026-06-01 10:59:53,V026,112.0,1.0612457407460156
2026-06-01,2026-06-01 10:59:54,V026,113.0,0.9810318590950065
2026-06-01,2026-06-01 10:59:55,V026,113.0,0.9972567020254912
2026-06-01,2026-06-01 10:59:56,V026,114.0,1.1562858853522502
2026-06-01,2026-06-01 10:59:57,V026,114.0,1.039544883293124
2026-06-01,2026-06-01 10:59:58,V026,114.0,1.0148142261672337
2026-06-01,2026-06-01 10:59:59,V026,114.0,1.0879555656321511
2026-06-01,2026-06-01 11:00:00,V026,115.0,0.9899721586027214
2026-06-01,2026-06-01 11:00:01,V026,115.0,1.1268685618240606
2026-06-01,2026-06-01 11:00:02,V026,115.0,1.0923160222673176
2026-06-01,2026-06-01 11:00:03,V026,115.0,1.006034103907266
2026-06-01,2026-06-01 11:00:04,V026,114.0,1.0200622533764874
2026-06-01,2026-06-01 11:00:05,V026,114.0,1.061187657607486
2026-06-01,2026-06-01 11:00:06,V026,114.0,1.0678016424348125
2026-06-01,2026-06-01 11:00:07,V026,113.0,1.0237727809613713
2026-06-01,2026-06-01 11:00:08,V026,113.0,1.0318972859106341
2026-06-01,2026-06-01 11:00:09,V026,112.0,1.0005730794213255
2026-06-01,2026-06-01 11:00:10,V026,111.0,1.2725794933116668
2026-06-01,2026-06-01 11:00:11,V026,111.0,1.0975728022016058
2026-06-01,2026-06-01 11:00:12,V026,110.0,1.030156406767266
2026-06-01,2026-06-01 11:00:13,V026,109.0,1.0502761591923082
2026-06-01,2026-06-01 11:00:14,V026,108.0,1.0386018941057404
2026-06-01,2026-06-01 11:00:15,V026,108.0,1.0399494534262772
2026-06-01,2026-06-01 11:00:16,V026,107.0,1.1299086470255237
2026-06-01,2026-06-01 11:00:17,V026,106.0,0.8908127861662042
2026-06-01,2026-06-01 11:00:18,V026,105.0,1.0001774697506327
2026-06-01,2026-06-01 11:00:19,V026,104.0,0.9848437553102959
2026-06-01,2026-06-01 11:00:20,V026,104.0,0.9943455940892187
2026-06-01,2026-06-01 11:00:21,V026,104.0,0.9728359569421108
2026-06-01,2026-06-01 11:00:22,V026,104.0,0.9995558428404592
2026-06-01,2026-06-01 11:00:23,V026,104.0,0.9829107834319405
2026-06-01,2026-06-01 11:00:24,V026,104.0,0.993256263154914
2026-06-01,2026-06-01 11:00:25,V026,104.0,1.0033152015322238
2026-06-01,2026-06-01 11:00:26,V026,104.0,0.9957379700963142
2026-06-01,2026-06-01 11:00:27,V026,104.0,0.987179342359139
2026-06-01,2026-06-01 11:00:28,V026,104.0,0.9825268560211167
2026-06-01,2026-06-01 11:00:29,V026,104.0,1.1901523440162725
2026-06-01,2026-06-01 11:00:30,V026,104.0,1.2179101852429755
2026-06-01,2026-06-01 11:00:31,V026,104.0,1.0006979136357657
2026-06-01,2026-06-01 11:00:32,V026,105.0,0.9901960161290645
2026-06-01,2026-06-01 11:00:33,V026,106.0,1.067561763459938
2026-06-01,2026-06-01 11:00:34,V026,107.0,1.5496545355883367
2026-06-01,2026-06-01 11:00:35,V026,107.0,1.077437327286007
2026-06-01,2026-06-01 11:00:36,V026,108.0,1.0703255705058015
2026-06-01,2026-06-01 11:00:37,V026,109.0,0.9820536183935414
2026-06-01,2026-06-01 11:00:38,V026,111.0,1.0069187942629099
2026-06-01,2026-06-01 11:00:39,V026,112.0,0.9753758138905724
2026-06-01,2026-06-01 11:00:40,V026,114.0,1.144893631391518
2026-06-01,2026-06-01 11:00:41,V026,115.0,1.0054584560194733
2026-06-01,2026-06-01 11:00:42,V026,116.0,0.992264336209792
2026-06-01,2026-06-01 11:00:43,V026,117.0,1.0920356711893293
2026-06-01,2026-06-01 11:00:44,V026,117.0,1.0499971972683368
2026-06-01,2026-06-01 11:00:45,V026,117.0,1.0085909833393565
2026-06-01,2026-06-01 11:00:46,V026,118.0,1.1157247243918136
2026-06-01,2026-06-01 11:00:47,V026,119.0,1.074306937682451
2026-06-01,2026-06-01 11:00:48,V026,119.0,1.025801581671164
2026-06-01,2026-06-01 11:00:49,V026,120.0,0.9739274100595215
2026-06-01,2026-06-01 11:00:50,V026,120.0,0.9923836142452036
2026-06-01,2026-06-01 11:00:51,V026,120.0,0.9997453463664513
2026-06-01,2026-06-01 11:00:52,V026,120.0,0.9907648027879911
2026-06-01,2026-06-01 11:00:53,V026,119.0,0.9959552388894053
2026-06-01,2026-06-01 11:00:54,V026,119.0,0.9943987309802669
2026-06-01,2026-06-01 11:00:55,V026,119.0,0.9996098791409954
2026-06-01,2026-06-01 11:00:56,V026,118.0,1.3147528995588431
2026-06-01,2026-06-01 11:00:57,V026,117.0,1.4576471978550385
2026-06-01,2026-06-01 11:00:58,V026,117.0,1.031316665923807
2026-06-01,2026-06-01 11:00:59,V026,116.0,1.0242452839059244
2026-06-01,2026-06-01 11:01:00,V026,115.0,1.0514716014403909
2026-06-01,2026-06-01 11:01:01,V026,115.0,1.0086451383992925
2026-06-01,2026-06-01 11:01:02,V026,115.0,0.9981581774554042
2026-06-01,2026-06-01 11:01:03,V026,115.0,0.9815703546386781
2026-06-01,2026-06-01 11:01:04,V026,115.0,0.9962204725031868
2026-06-01,2026-06-01 11:01:05,V026,115.0,0.9940993369662962
2026-06-01,2026-06-01 11:01:06,V026,116.0,1.0987319585919313
2026-06-01,2026-06-01 11:01:07,V026,116.0,1.004210317982577
2026-06-01,2026-06-01 11:01:08,V026,117.0,0.9874855443335059
2026-06-01,2026-06-01 11:01:09,V026,117.0,1.0042690742685731
2026-06-01,2026-06-01 11:01:10,V026,118.0,0.9880326929476804
2026-06-01,2026-06-01 11:01:11,V026,118.0,1.0588837631744545
2026-06-01,2026-06-01 11:01:12,V026,119.0,0.9877692164178395
2026-06-01,2026-06-01 11:01:13,V026,119.0,0.9883749385493297
2026-06-01,2026-06-01 11:01:14,V026,119.0,0.9773746626314355
2026-06-01,2026-06-01 11:01:15,V026,119.0,0.9822483618653466
2026-06-01,2026-06-01 11:01:16,V026,119.0,0.9853320208707246
2026-06-01,2026-06-01 11:01:17,V026,119.0,1.2211593967324614
2026-06-01,2026-06-01 11:01:18,V026,119.0,1.1384068921302173
2026-06-01,2026-06-01 11:01:19,V026,119.0,1.168106843227618
2026-06-01,2026-06-01 11:01:20,V026,119.0,1.017596745504363
2026-06-01,2026-06-01 11:01:21,V026,119.0,1.1537138544496879
2026-06-01,2026-06-01 11:01:22,V026,119.0,1.0118667091393834
2026-06-01,2026-06-01 11:01:23,V026,119.0,0.9962239218467871
2026-06-01,2026-06-01 11:01:24,V026,119.0,1.0017156330634527
2026-06-01,2026-06-01 11:01:25,V026,119.0,0.9984896462944916
2026-06-01,2026-06-01 11:01:26,V026,119.0,0.9910806776826034
2026-06-01,2026-06-01 11:01:27,V026,119.0,0.9902654053430173
2026-06-01,2026-06-01 11:01:28,V026,119.0,0.9833745530807393
2026-06-01,2026-06-01 11:01:29,V026,119.0,0.9965279935591866
2026-06-01,2026-06-01 11:01:30,V026,119.0,1.1429020113112625
2026-06-01,2026-06-01 11:01:31,V026,118.0,1.4111065662453857
2026-06-01,2026-06-01 11:01:32,V026,117.0,1.063678063890065
2026-06-01,2026-06-01 11:01:33,V026,117.0,0.9908565979017063
2026-06-01,2026-06-01 11:01:34,V026,116.0,0.9920678810246795
2026-06-01,2026-06-01 11:01:35,V026,117.0,1.0000768845611023
2026-06-01,2026-06-01 11:01:36,V026,117.0,0.968766393914177
2026-06-01,2026-06-01 11:01:37,V026,117.0,1.0182427055933745
2026-06-01,2026-06-01 11:01:38,V026,117.0,1.0339290678692448
2026-06-01,2026-06-01 11:01:39,V026,117.0,1.0251580077279812
2026-06-01,2026-06-01 11:01:40,V026,118.0,1.0575529746133703
2026-06-01,2026-06-01 11:01:41,V026,118.0,1.0166666798402753
2026-06-01,2026-06-01 11:01:42,V026,119.0,1.0596893276218815
2026-06-01,2026-06-01 11:01:43,V026,120.0,1.0229160972191575
2026-06-01,2026-06-01 11:01:44,V026,121.0,0.9821364019570268
2026-06-01,2026-06-01 11:01:45,V026,121.0,0.9913622978689283
2026-06-01,2026-06-01 11:01:46,V026,121.0,0.9883524647575246
2026-06-01,2026-06-01 11:01:47,V026,121.0,0.9770957464808654
2026-06-01,2026-06-01 11:01:48,V026,122.0,1.1019868347199242
2026-06-01,2026-06-01 11:01:49,V026,122.0,1.0605831925173852
2026-06-01,2026-06-01 11:01:50,V026,122.0,1.0094529839993613
2026-06-01,2026-06-01 11:01:51,V026,122.0,0.9768757877445582
2026-06-01,2026-06-01 11:01:52,V026,122.0,0.996353488663194
2026-06-01,2026-06-01 11:01:53,V026,121.0,0.9828644275419257
2026-06-01,2026-06-01 11:01:54,V026,121.0,0.9957657020642837
2026-06-01,2026-06-01 11:01:55,V026,120.0,0.9814073186082276
2026-06-01,2026-06-01 11:01:56,V026,120.0,1.0006414908932022
2026-06-01,2026-06-01 11:01:57,V026,120.0,0.986088907047432
2026-06-01,2026-06-01 11:01:58,V026,120.0,0.977658134095938
2026-06-01,2026-06-01 11:01:59,V026,119.0,1.008782653142391
2026-06-01,2026-06-01 11:02:00,V026,119.0,1.2225319229931857
2026-06-01,2026-06-01 11:02:01,V026,119.0,0.9811087725602538
2026-06-01,2026-06-01 11:02:02,V026,118.0,1.0433422735656699
2026-06-01,2026-06-01 11:02:03,V026,118.0,1.0072458620463784
2026-06-01,2026-06-01 11:02:04,V026,118.0,1.0146553591286671
2026-06-01,2026-06-01 11:02:05,V026,117.0,1.0088703060612694
2026-06-01,2026-06-01 11:02:06,V026,117.0,1.0037117896987584
2026-06-01,2026-06-01 11:02:07,V026,117.0,1.0122231056993558
2026-06-01,2026-06-01 11:02:08,V026,116.0,0.9780019019295423
2026-06-01,2026-06-01 11:02:09,V026,116.0,0.9983622804341327
2026-06-01,2026-06-01 11:02:10,V026,116.0,1.0035404750239654
2026-06-01,2026-06-01 11:02:11,V026,116.0,0.9825494524495
2026-06-01,2026-06-01 11:02:12,V026,115.0,1.0131064144301316
2026-06-01,2026-06-01 11:02:13,V026,114.0,0.9677525336460899
2026-06-01,2026-06-01 11:02:14,V026,114.0,0.9969145481894871
2026-06-01,2026-06-01 11:02:15,V026,113.0,0.9816682904157515
2026-06-01,2026-06-01 11:02:16,V026,113.0,0.9987460119767038
2026-06-01,2026-06-01 11:02:17,V026,113.0,0.9860071134105348
2026-06-01,2026-06-01 11:02:18,V026,112.0,0.9946028131691848
2026-06-01,2026-06-01 11:02:19,V026,112.0,1.0019065168537122
2026-06-01,2026-06-01 11:02:20,V026,111.0,1.035188182721219
2026-06-01,2026-06-01 11:02:21,V026,111.0,1.3498340083006521
2026-06-01,2026-06-01 11:02:22,V026,111.0,1.1148316721394194
2026-06-01,2026-06-01 11:02:23,V026,112.0,0.9882007092521855
2026-06-01,2026-06-01 11:02:24,V026,112.0,1.005871515938216
2026-06-01,2026-06-01 11:02:25,V026,113.0,0.9833403506997105
2026-06-01,2026-06-01 11:02:26,V026,113.0,0.9801006878840403
2026-06-01,2026-06-01 11:02:27,V026,112.0,0.9800537159941546
2026-06-01,2026-06-01 11:02:28,V026,112.0,0.9901643679290429
2026-06-01,2026-06-01 11:02:29,V026,112.0,1.0348725953983497
2026-06-01,2026-06-01 11:02:30,V026,111.0,1.0079957216169506
2026-06-01,2026-06-01 11:02:31,V026,111.0,1.0026072315188819
2026-06-01,2026-06-01 11:02:32,V026,110.0,0.9861062249323292
2026-06-01,2026-06-01 11:02:33,V026,110.0,0.9874435782205482
2026-06-01,2026-06-01 11:02:34,V026,110.0,0.9900913984437726
2026-06-01,2026-06-01 11:02:35,V026,110.0,1.0445206462431527
2026-06-01,2026-06-01 11:02:36,V026,111.0,1.045285796930147
2026-06-01,2026-06-01 11:02:37,V026,111.0,1.0088853501493533
2026-06-01,2026-06-01 11:02:38,V026,110.0,0.9260279304137222
2026-06-01,2026-06-01 11:02:39,V026,109.0,1.2537490412394938
2026-06-01,2026-06-01 11:02:40,V026,110.0,1.010431177125846
2026-06-01,2026-06-01 11:02:41,V026,111.0,1.0297575210271925
2026-06-01,2026-06-01 11:02:42,V026,111.0,1.02057188548662
2026-06-01,2026-06-01 11:02:43,V026,112.0,0.9973687760091594
2026-06-01,2026-06-01 11:02:44,V026,111.0,1.0189461980433965
2026-06-01,2026-06-01 11:02:45,V026,110.0,1.119120384025096
2026-06-01,2026-06-01 11:02:46,V026,109.0,1.0879737984919027
2026-06-01,2026-06-01 11:02:47,V026,109.0,0.9722179183193083
2026-06-01,2026-06-01 11:02:48,V026,108.0,0.9889657100197804
2026-06-01,2026-06-01 11:02:49,V026,107.0,0.9778008134973679
2026-06-01,2026-06-01 11:02:50,V026,107.0,0.9880825346239931
2026-06-01,2026-06-01 11:02:51,V026,107.0,0.9852119961305003
2026-06-01,2026-06-01 11:02:52,V026,108.0,0.9877080452703096
2026-06-01,2026-06-01 11:02:53,V026,108.0,0.984288162245361
2026-06-01,2026-06-01 11:02:54,V026,108.0,0.9840230488738189
2026-06-01,2026-06-01 11:02:55,V026,108.0,0.9830253948101901
2026-06-01,2026-06-01 11:02:56,V026,108.0,0.9837345550700828
2026-06-01,2026-06-01 11:02:57,V026,109.0,0.9818474266619744
2026-06-01,2026-06-01 11:02:58,V026,109.0,0.9846383252227309
2026-06-01,2026-06-01 11:02:59,V026,110.0,0.9838197568123949
2026-06-01,2026-06-01 11:03:00,V026,111.0,0.9811300631970274
2026-06-01,2026-06-01 11:03:01,V026,112.0,0.9815068966105662
2026-06-01,2026-06-01 11:03:02,V026,113.0,0.9753584827943536
2026-06-01,2026-06-01 11:03:03,V026,114.0,0.985355464172244
2026-06-01,2026-06-01 11:03:04,V026,115.0,0.9790121388047639
2026-06-01,2026-06-01 11:03:05,V026,116.0,0.9815353120444132
2026-06-01,2026-06-01 11:03:06,V026,117.0,0.9802867150161731
2026-06-01,2026-06-01 11:03:07,V026,117.0,0.9864669436815083
2026-06-01,2026-06-01 11:03:08,V026,117.0,0.9901346601865426
2026-06-01,2026-06-01 11:03:09,V026,118.0,0.9816922081689116
2026-06-01,2026-06-01 11:03:10,V026,118.0,0.9847819494033933
2026-06-01,2026-06-01 11:03:11,V026,118.0,0.9909433664232484
2026-06-01,2026-06-01 11:03:12,V026,118.0,0.9802097790762258
2026-06-01,2026-06-01 11:03:13,V026,118.0,0.9776179996840764
2026-06-01,2026-06-01 11:03:14,V026,118.0,1.017996568860969
2026-06-01,2026-06-01 11:03:15,V026,117.0,0.9720423912408753
2026-06-01,2026-06-01 11:03:16,V026,118.0,0.988544235955679
2026-06-01,2026-06-01 11:03:17,V026,118.0,0.9846512054394979
2026-06-01,2026-06-01 11:03:18,V026,118.0,0.9818804498732713
2026-06-01,2026-06-01 11:03:19,V026,119.0,0.9906614244325777
2026-06-01,2026-06-01 11:03:20,V026,118.0,0.9771565752259379
2026-06-01,2026-06-01 11:03:21,V026,118.0,0.9954678319597334
2026-06-01,2026-06-01 11:03:22,V026,118.0,0.9741009215472692
2026-06-01,2026-06-01 11:03:23,V026,118.0,0.9786222548022971
2026-06-01,2026-06-01 11:03:24,V026,118.0,1.0185106459669597
2026-06-01,2026-06-01 11:03:25,V026,118.0,0.9833268044121425
2026-06-01,2026-06-01 11:03:26,V026,118.0,1.0136455784984157
2026-06-01,2026-06-01 11:03:27,V026,118.0,0.9827447186136343
2026-06-01,2026-06-01 11:03:28,V026,118.0,0.9824976962896875
2026-06-01,2026-06-01 11:03:29,V026,118.0,0.9838788081718365
2026-06-01,2026-06-01 11:03:30,V026,118.0,0.9799780043351446
2026-06-01,2026-06-01 11:03:31,V026,118.0,0.9786180266712298
2026-06-01,2026-06-01 11:03:32,V026,118.0,0.9788001146470331
2026-06-01,2026-06-01 11:03:33,V026,117.0,0.9780012107141681
2026-06-01,2026-06-01 11:03:34,V026,117.0,0.979294445731044
2026-06-01,2026-06-01 11:03:35,V026,117.0,0.9942953585841215
2026-06-01,2026-06-01 11:03:36,V026,117.0,0.9681236934612371
2026-06-01,2026-06-01 11:03:37,V026,116.0,1.0125205390219505
2026-06-01,2026-06-01 11:03:38,V026,115.0,0.9768643494650779
2026-06-01,2026-06-01 11:03:39,V026,115.0,0.9813299352781869
2026-06-01,2026-06-01 11:03:40,V026,114.0,0.9769767954556098
2026-06-01,2026-06-01 11:03:41,V026,113.0,0.9833528841831002
2026-06-01,2026-06-01 11:03:42,V026,113.0,0.972323538133563
2026-06-01,2026-06-01 11:03:43,V026,112.0,1.0030777600598788
2026-06-01,2026-06-01 11:03:44,V026,111.0,0.9750259258882731
2026-06-01,2026-06-01 11:03:45,V026,110.0,0.9836734706951195
2026-06-01,2026-06-01 11:03:46,V026,109.0,0.9925269777931622
2026-06-01,2026-06-01 11:03:47,V026,108.0,0.997742381073687
2026-06-01,2026-06-01 11:03:48,V026,107.0,0.9787197803468789
2026-06-01,2026-06-01 11:03:49,V026,107.0,1.0023977919448017
2026-06-01,2026-06-01 11:03:50,V026,106.0,1.0140428605950602
2026-06-01,2026-06-01 11:03:51,V026,106.0,0.9849450866712036
2026-06-01,2026-06-01 11:03:52,V026,107.0,1.0101514972996557
2026-06-01,2026-06-01 11:03:53,V026,107.0,0.9868811575731523
2026-06-01,2026-06-01 11:03:54,V026,107.0,0.9871531447306816
2026-06-01,2026-06-01 11:03:55,V026,107.0,0.9750930396746103
2026-06-01,2026-06-01 11:03:56,V026,107.0,0.9851013082412235
2026-06-01,2026-06-01 11:03:57,V026,107.0,0.981837298131813
2026-06-01,2026-06-01 11:03:58,V026,107.0,0.9788196109463627
2026-06-01,2026-06-01 11:03:59,V026,107.0,0.9850172180830583
2026-06-01,2026-06-01 11:04:00,V026,106.0,0.9808366119821712
2026-06-01,2026-06-01 11:04:01,V026,106.0,0.9860001482796794
2026-06-01,2026-06-01 11:04:02,V026,105.0,0.9821426879489074
2026-06-01,2026-06-01 11:04:03,V026,105.0,0.982081665625476
2026-06-01,2026-06-01 11:04:04,V026,105.0,0.9772248073683896
2026-06-01,2026-06-01 11:04:05,V026,105.0,0.9875076821569191
2026-06-01,2026-06-01 11:04:06,V026,105.0,0.9878941290115867
2026-06-01,2026-06-01 11:04:07,V026,104.0,0.9875190659351917
2026-06-01,2026-06-01 11:04:08,V026,105.0,0.9895795649653943
2026-06-01,2026-06-01 11:04:09,V026,105.0,0.990094398041193
2026-06-01,2026-06-01 11:04:10,V026,105.0,0.9886458732812106
2026-06-01,2026-06-01 11:04:11,V026,105.0,0.9914428018595249
2026-06-01,2026-06-01 11:04:12,V026,105.0,0.9896591322904325
2026-06-01,2026-06-01 11:04:13,V026,105.0,0.9832877546630662
2026-06-01,2026-06-01 11:04:14,V026,106.0,0.996556130171946
2026-06-01,2026-06-01 11:04:15,V026,106.0,0.9755419514324893
2026-06-01,2026-06-01 11:04:16,V026,107.0,0.989413689824148
2026-06-01,2026-06-01 11:04:17,V026,108.0,0.9735967206859821
2026-06-01,2026-06-01 11:04:18,V026,109.0,0.995254491136205
2026-06-01,2026-06-01 11:04:19,V026,109.0,0.9832745413441668
2026-06-01,2026-06-01 11:04:20,V026,109.0,0.9960672229897571
2026-06-01,2026-06-01 11:04:21,V026,109.0,0.9804446672164706
2026-06-01,2026-06-01 11:04:22,V026,109.0,1.014788055470744
2026-06-01,2026-06-01 11:04:23,V026,109.0,0.9836525358845519
2026-06-01,2026-06-01 11:04:24,V026,109.0,1.0001311306329448
2026-06-01,2026-06-01 11:04:25,V026,109.0,1.0061374553534466
2026-06-01,2026-06-01 11:04:26,V026,109.0,0.9867531214379484
2026-06-01,2026-06-01 11:04:27,V026,108.0,0.9823846878297477
2026-06-01,2026-06-01 11:04:28,V026,108.0,1.0127267656598289
2026-06-01,2026-06-01 11:04:29,V026,107.0,0.9775419639471374
2026-06-01,2026-06-01 11:04:30,V026,107.0,1.0088986474458068
2026-06-01,2026-06-01 11:04:31,V026,106.0,0.9818303444446924
2026-06-01,2026-06-01 11:04:32,V026,106.0,1.0115217535666983
2026-06-01,2026-06-01 11:04:33,V026,105.0,0.9931460246927934
2026-06-01,2026-06-01 11:04:34,V026,105.0,0.984918644424154
2026-06-01,2026-06-01 11:04:35,V026,105.0,0.9858680301333578
2026-06-01,2026-06-01 11:04:36,V026,104.0,0.9837327276306214
2026-06-01,2026-06-01 11:04:37,V026,104.0,0.9892140412283719
2026-06-01,2026-06-01 11:04:38,V026,104.0,0.9828048904619432
2026-06-01,2026-06-01 11:04:39,V026,104.0,0.9961218238351388
2026-06-01,2026-06-01 11:04:40,V026,104.0,0.9821186600500359
2026-06-01,2026-06-01 11:04:41,V026,103.0,0.9826456694344017
2026-06-01,2026-06-01 11:04:42,V026,103.0,0.9859671605183373
2026-06-01,2026-06-01 11:04:43,V026,104.0,0.9804361512404345
2026-06-01,2026-06-01 11:04:44,V026,104.0,0.9834887236986688
2026-06-01,2026-06-01 11:04:45,V026,104.0,0.9875334013905159
2026-06-01,2026-06-01 11:04:46,V026,105.0,0.9867378371201723
2026-06-01,2026-06-01 11:04:47,V026,105.0,0.993400380176993
2026-06-01,2026-06-01 11:04:48,V026,106.0,0.9815714638642216
2026-06-01,2026-06-01 11:04:49,V026,107.0,0.9889977132719413
2026-06-01,2026-06-01 11:04:50,V026,108.0,0.9808825872355632
2026-06-01,2026-06-01 11:04:51,V026,109.0,0.9883102536636088
2026-06-01,2026-06-01 11:04:52,V026,109.0,0.9827708836176746
2026-06-01,2026-06-01 11:04:53,V026,110.0,0.9853436921544352
2026-06-01,2026-06-01 11:04:54,V026,110.0,0.9863138038161665
2026-06-01,2026-06-01 11:04:55,V026,110.0,0.9859532960065613
2026-06-01,2026-06-01 11:04:56,V026,111.0,0.9844643554840029
2026-06-01,2026-06-01 11:04:57,V026,111.0,0.985435457467042
2026-06-01,2026-06-01 11:04:58,V026,111.0,0.9696754745180347
2026-06-01,2026-06-01 11:04:59,V026,111.0,1.0097228295009177
2026-06-01,2026-06-01 11:05:00,V026,112.0,0.9727178321280456
2026-06-01,2026-06-01 11:05:01,V026,112.0,0.9783605656752247
2026-06-01,2026-06-01 11:05:02,V026,112.0,0.9984740584150557
2026-06-01,2026-06-01 11:05:03,V026,112.0,0.9858388634585461
2026-06-01,2026-06-01 11:05:04,V026,113.0,0.9856461018061932
2026-06-01,2026-06-01 11:05:05,V026,113.0,0.9882390427053763
2026-06-01,2026-06-01 11:05:06,V026,113.0,0.9871702334267716
2026-06-01,2026-06-01 11:05:07,V026,114.0,0.9849841762414949
2026-06-01,2026-06-01 11:05:08,V026,114.0,0.9849953179533243
2026-06-01,2026-06-01 11:05:09,V026,115.0,0.9850822167546089
2026-06-01,2026-06-01 11:05:10,V026,115.0,0.9838139786618648
2026-06-01,2026-06-01 11:05:11,V026,116.0,0.9838722806943083
2026-06-01,2026-06-01 11:05:12,V026,116.0,0.9766330890703956
2026-06-01,2026-06-01 11:05:13,V026,116.0,0.997669383870288
2026-06-01,2026-06-01 11:05:14,V026,116.0,0.9897464774306033
2026-06-01,2026-06-01 11:05:15,V026,116.0,0.9820251062777543
2026-06-01,2026-06-01 11:05:16,V026,115.0,0.9910968453414011
2026-06-01,2026-06-01 11:05:17,V026,115.0,0.9830916707324623
2026-06-01,2026-06-01 11:05:18,V026,115.0,0.9803179017897908
2026-06-01,2026-06-01 11:05:19,V026,115.0,0.9883015947285128
2026-06-01,2026-06-01 11:05:20,V026,114.0,0.9881591728979405
2026-06-01,2026-06-01 11:05:21,V026,114.0,0.9899788245207737
2026-06-01,2026-06-01 11:05:22,V026,113.0,0.9898626416841968
2026-06-01,2026-06-01 11:05:23,V026,113.0,0.988713317044836
2026-06-01,2026-06-01 11:05:24,V026,113.0,0.9992023200455491
2026-06-01,2026-06-01 11:05:25,V026,113.0,0.9909833863572651
2026-06-01,2026-06-01 11:05:26,V026,114.0,0.994695928650673
2026-06-01,2026-06-01 11:05:27,V026,114.0,0.9995610799959939
2026-06-01,2026-06-01 11:05:28,V026,115.0,0.9855910344531317
2026-06-01,2026-06-01 11:05:29,V026,115.0,1.0005181573765312
2026-06-01,2026-06-01 11:05:30,V026,116.0,0.9822809806898761
2026-06-01,2026-06-01 11:05:31,V026,116.0,0.9803484288834257
2026-06-01,2026-06-01 11:05:32,V026,115.0,1.0040515890735764
2026-06-01,2026-06-01 11:05:33,V026,114.0,0.9802498772688546
2026-06-01,2026-06-01 11:05:34,V026,114.0,0.9944577656664062
2026-06-01,2026-06-01 11:05:35,V026,113.0,0.9904681678065764
2026-06-01,2026-06-01 11:05:36,V026,113.0,0.9874165470672297
2026-06-01,2026-06-01 11:05:37,V026,113.0,0.9908005060941167
2026-06-01,2026-06-01 11:05:38,V026,113.0,1.0006516925562412
2026-06-01,2026-06-01 11:05:39,V026,114.0,0.9892766041663491
2026-06-01,2026-06-01 11:05:40,V026,115.0,0.9881871878747968
2026-06-01,2026-06-01 11:05:41,V026,115.0,0.9855319547318837
2026-06-01,2026-06-01 11:05:42,V026,116.0,0.986989280550981
2026-06-01,2026-06-01 11:05:43,V026,116.0,0.9851382967134683
2026-06-01,2026-06-01 11:05:44,V026,117.0,0.9862771055820091
2026-06-01,2026-06-01 11:05:45,V026,117.0,0.9739481036504505
2026-06-01,2026-06-01 11:05:46,V026,118.0,0.9935892967818034
2026-06-01,2026-06-01 11:05:47,V026,118.0,0.9744386941804591
2026-06-01,2026-06-01 11:05:48,V026,118.0,0.9913885365976626
2026-06-01,2026-06-01 11:05:49,V026,119.0,0.9855366984671325
2026-06-01,2026-06-01 11:05:50,V026,118.0,0.9873838285058555
2026-06-01,2026-06-01 11:05:51,V026,118.0,0.9969944757727126
2026-06-01,2026-06-01 11:05:52,V026,117.0,0.9854489659298233
2026-06-01,2026-06-01 11:05:53,V026,116.0,0.9926979452979884
2026-06-01,2026-06-01 11:05:54,V026,115.0,0.9915009012914344
2026-06-01,2026-06-01 11:05:55,V026,114.0,0.983151542392638
2026-06-01,2026-06-01 11:05:56,V026,113.0,0.9904384928164962
2026-06-01,2026-06-01 11:05:57,V026,113.0,0.9816252296230054
2026-06-01,2026-06-01 11:05:58,V026,113.0,0.9975976599242842
2026-06-01,2026-06-01 11:05:59,V026,113.0,1.0043573150173182
2026-06-01,2026-06-01 11:06:00,V026,113.0,0.9984997711800881
2026-06-01,2026-06-01 11:06:01,V026,113.0,0.9968973907567331
2026-06-01,2026-06-01 11:06:02,V026,113.0,1.0087484928870678
2026-06-01,2026-06-01 11:06:03,V026,113.0,1.0032994102620632
2026-06-01,2026-06-01 11:06:04,V026,112.0,0.9798146909298325
2026-06-01,2026-06-01 11:06:05,V026,111.0,0.9954463303517278
2026-06-01,2026-06-01 11:06:06,V026,111.0,0.9751143818081204
2026-06-01,2026-06-01 11:06:07,V026,110.0,1.0191182290543488
2026-06-01,2026-06-01 11:06:08,V026,110.0,0.9689064322504347
2026-06-01,2026-06-01 11:06:09,V026,110.0,0.9775405021281608
2026-06-01,2026-06-01 11:06:10,V026,110.0,1.0183383442862532
2026-06-01,2026-06-01 11:06:11,V026,110.0,0.9647448797443544
2026-06-01,2026-06-01 11:06:12,V026,111.0,0.9951770373397074
2026-06-01,2026-06-01 11:06:13,V026,111.0,0.9879457543281119
2026-06-01,2026-06-01 11:06:14,V026,111.0,0.9807983718404112
2026-06-01,2026-06-01 11:06:15,V026,111.0,0.9766657888436195
2026-06-01,2026-06-01 11:06:16,V026,110.0,1.1312182012961465
2026-06-01,2026-06-01 11:06:17,V026,110.0,1.1840908033663613
2026-06-01,2026-06-01 11:06:18,V026,110.0,0.9942541527537712
2026-06-01,2026-06-01 11:06:19,V026,110.0,1.1046425599087633
2026-06-01,2026-06-01 11:06:20,V026,110.0,1.186634137771331
2026-06-01,2026-06-01 11:06:21,V026,110.0,1.2932774269484557
2026-06-01,2026-06-01 11:06:22,V026,110.0,1.1655648290864227
2026-06-01,2026-06-01 11:06:23,V026,110.0,1.127757845951258
2026-06-01,2026-06-01 11:06:24,V026,111.0,0.9767548380138724
2026-06-01,2026-06-01 11:06:25,V026,113.0,0.9881835785985961
2026-06-01,2026-06-01 11:06:26,V026,114.0,0.9836321191615038
2026-06-01,2026-06-01 11:06:27,V026,116.0,0.9875767049329123
2026-06-01,2026-06-01 11:06:28,V026,116.0,0.987183004108484
2026-06-01,2026-06-01 11:06:29,V026,117.0,0.9865221817416522
2026-06-01,2026-06-01 11:06:30,V026,117.0,0.9876591249682205
2026-06-01,2026-06-01 11:06:31,V026,117.0,0.9873321658690132
2026-06-01,2026-06-01 11:06:32,V026,118.0,0.986580725945432
2026-06-01,2026-06-01 11:06:33,V026,118.0,0.9869570667247884
2026-06-01,2026-06-01 11:06:34,V026,119.0,0.9852263623442389
2026-06-01,2026-06-01 11:06:35,V026,119.0,0.9848766248166926
2026-06-01,2026-06-01 11:06:36,V026,119.0,0.9831524092921067
2026-06-01,2026-06-01 11:06:37,V026,120.0,0.9870476662294844
2026-06-01,2026-06-01 11:06:38,V026,120.0,0.9876426677001484
2026-06-01,2026-06-01 11:06:39,V026,121.0,0.9881992904791506
2026-06-01,2026-06-01 11:06:40,V026,122.0,0.9748069439874453
2026-06-01,2026-06-01 11:06:41,V026,123.0,0.9806744183835616
2026-06-01,2026-06-01 11:06:42,V026,124.0,0.9802902748890312
2026-06-01,2026-06-01 11:06:43,V026,125.0,0.981158291471914
2026-06-01,2026-06-01 11:06:44,V026,123.0,0.9842103936917185
2026-06-01,2026-06-01 11:06:45,V026,122.0,0.9886205878345072
2026-06-01,2026-06-01 11:06:46,V026,121.0,0.9847851463692454
2026-06-01,2026-06-01 11:06:47,V026,120.0,0.9835168875349423
2026-06-01,2026-06-01 11:06:48,V026,118.0,0.9870654288812056
2026-06-01,2026-06-01 11:06:49,V026,116.0,0.986857977418858
2026-06-01,2026-06-01 11:06:50,V026,114.0,0.9598074987758721
2026-06-01,2026-06-01 11:06:51,V026,113.0,1.025106955541453
2026-06-01,2026-06-01 11:06:52,V026,111.0,0.987036943746958
2026-06-01,2026-06-01 11:06:53,V026,109.0,0.9888633294542436
2026-06-01,2026-06-01 11:06:54,V026,109.0,0.98583270805106
2026-06-01,2026-06-01 11:06:55,V026,108.0,0.9894628555276943
2026-06-01,2026-06-01 11:06:56,V026,109.0,0.9899530549260649
2026-06-01,2026-06-01 11:06:57,V026,109.0,0.9899787988389559
2026-06-01,2026-06-01 11:06:58,V026,109.0,0.9886360144188904
2026-06-01,2026-06-01 11:06:59,V026,109.0,0.9876576507117255
2026-06-01,2026-06-01 11:07:00,V026,110.0,0.9862001467142649
2026-06-01,2026-06-01 11:07:01,V026,110.0,0.9941094617460149
2026-06-01,2026-06-01 11:07:02,V026,110.0,0.9960556701196677
2026-06-01,2026-06-01 11:07:03,V026,110.0,0.9888487547550316
2026-06-01,2026-06-01 11:07:04,V026,110.0,0.9837104548158276
2026-06-01,2026-06-01 11:07:05,V026,110.0,0.9810304400010326
2026-06-01,2026-06-01 11:07:06,V026,110.0,0.9826191664686014
2026-06-01,2026-06-01 11:07:07,V026,110.0,0.9941349250129677
2026-06-01,2026-06-01 11:07:08,V026,109.0,0.9804606262391292
2026-06-01,2026-06-01 11:07:09,V026,109.0,0.9859111906251378
2026-06-01,2026-06-01 11:07:10,V026,109.0,0.9861028622424273
2026-06-01,2026-06-01 11:07:11,V026,109.0,0.9904406981570189
2026-06-01,2026-06-01 11:07:12,V026,109.0,1.006101649719183
2026-06-01,2026-06-01 11:07:13,V026,109.0,0.9740349360810165
2026-06-01,2026-06-01 11:07:14,V026,109.0,1.031657451349009
2026-06-01,2026-06-01 11:07:15,V026,109.0,0.9587703319121285
2026-06-01,2026-06-01 11:07:16,V026,109.0,0.995626743076553
2026-06-01,2026-06-01 11:07:17,V026,109.0,0.9815760451740189
2026-06-01,2026-06-01 11:07:18,V026,109.0,1.0059548999865187
2026-06-01,2026-06-01 11:07:19,V026,108.0,0.9916655651107102
2026-06-01,2026-06-01 11:07:20,V026,109.0,0.9990511547347394
2026-06-01,2026-06-01 11:07:21,V026,109.0,0.9752163527222147
2026-06-01,2026-06-01 11:07:22,V026,109.0,1.0067132449840799
2026-06-01,2026-06-01 11:07:23,V026,109.0,0.9841035169095694
2026-06-01,2026-06-01 11:07:24,V026,108.0,0.9836355658675151
2026-06-01,2026-06-01 11:07:25,V026,108.0,0.9866535059153397
2026-06-01,2026-06-01 11:07:26,V026,107.0,0.9849995899168579
2026-06-01,2026-06-01 11:07:27,V026,107.0,0.9918624666264431
2026-06-01,2026-06-01 11:07:28,V026,106.0,0.9919171879153532
2026-06-01,2026-06-01 11:07:29,V026,105.0,0.985672134987756
2026-06-01,2026-06-01 11:07:30,V026,104.0,0.9860847926087667
2026-06-01,2026-06-01 11:07:31,V026,104.0,0.983286819072825
2026-06-01,2026-06-01 11:07:32,V026,104.0,0.9836892952362863
2026-06-01,2026-06-01 11:07:33,V026,104.0,0.9847079356250684
2026-06-01,2026-06-01 11:07:34,V026,104.0,0.9875358338779776
2026-06-01,2026-06-01 11:07:35,V026,104.0,0.9875875146010139
2026-06-01,2026-06-01 11:07:36,V026,105.0,0.9797333235727209
2026-06-01,2026-06-01 11:07:37,V026,105.0,0.985260755692001
2026-06-01,2026-06-01 11:07:38,V026,106.0,0.9796953208191955
2026-06-01,2026-06-01 11:07:39,V026,106.0,0.9797530842748909
2026-06-01,2026-06-01 11:07:40,V026,106.0,0.978921837230056
2026-06-01,2026-06-01 11:07:41,V026,106.0,0.9820701490941967
2026-06-01,2026-06-01 11:07:42,V026,106.0,0.9803990457683467
2026-06-01,2026-06-01 11:07:43,V026,106.0,0.9806305295893442
2026-06-01,2026-06-01 11:07:44,V026,106.0,0.9835248975408565
2026-06-01,2026-06-01 11:07:45,V026,106.0,0.9816916181285548
2026-06-01,2026-06-01 11:07:46,V026,105.0,0.9887878760737384
2026-06-01,2026-06-01 11:07:47,V026,105.0,0.9398467054564779
2026-06-01,2026-06-01 11:07:48,V026,104.0,1.1097684625235023
2026-06-01,2026-06-01 11:07:49,V026,104.0,1.0215436060393517
2026-06-01,2026-06-01 11:07:50,V026,105.0,0.940104794505755
2026-06-01,2026-06-01 11:07:51,V026,105.0,1.0076538846310426
2026-06-01,2026-06-01 11:07:52,V026,106.0,1.068236549996515
2026-06-01,2026-06-01 11:07:53,V026,107.0,0.9873982728167939
2026-06-01,2026-06-01 11:07:54,V026,107.0,1.0189491995988602
2026-06-01,2026-06-01 11:07:55,V026,108.0,1.0307886417198813
2026-06-01,2026-06-01 11:07:56,V026,108.0,0.9822351121756937
2026-06-01,2026-06-01 11:07:57,V026,108.0,0.9816851426233276
2026-06-01,2026-06-01 11:07:58,V026,108.0,0.9818901549612492
2026-06-01,2026-06-01 11:07:59,V026,107.0,0.9886826113995492
2026-06-01,2026-06-01 11:08:00,V026,107.0,0.9787643148617385
2026-06-01,2026-06-01 11:08:01,V026,106.0,1.004480916108034
2026-06-01,2026-06-01 11:08:02,V026,106.0,0.9742287290045789
2026-06-01,2026-06-01 11:08:03,V026,105.0,0.9934121610523965
2026-06-01,2026-06-01 11:08:04,V026,105.0,0.9976169959951685
2026-06-01,2026-06-01 11:08:05,V026,105.0,0.9927954910691142
2026-06-01,2026-06-01 11:08:06,V026,104.0,1.0646084509136795
2026-06-01,2026-06-01 11:08:07,V026,104.0,1.0143468156456452
2026-06-01,2026-06-01 11:08:08,V026,105.0,1.0036599679326876
2026-06-01,2026-06-01 11:08:09,V026,106.0,0.9986414521118818
2026-06-01,2026-06-01 11:08:10,V026,107.0,0.9893232606574697
2026-06-01,2026-06-01 11:08:11,V026,108.0,0.9882230206446986
2026-06-01,2026-06-01 11:08:12,V026,109.0,0.9805631380447694
2026-06-01,2026-06-01 11:08:13,V026,109.0,0.983438369897856
2026-06-01,2026-06-01 11:08:14,V026,110.0,0.9845157657485164
2026-06-01,2026-06-01 11:08:15,V026,111.0,0.9762014333480143
2026-06-01,2026-06-01 11:08:16,V026,111.0,1.0232952029651776
2026-06-01,2026-06-01 11:08:17,V026,111.0,0.9840108560293102
2026-06-01,2026-06-01 11:08:18,V026,110.0,0.9906319050766754
2026-06-01,2026-06-01 11:08:19,V026,110.0,0.9821854881865624
2026-06-01,2026-06-01 11:08:20,V026,110.0,0.9871816005988155
2026-06-01,2026-06-01 11:08:21,V026,110.0,1.0095726683213737
2026-06-01,2026-06-01 11:08:22,V026,111.0,1.0040716477511755
2026-06-01,2026-06-01 11:08:23,V026,111.0,0.9873349606787309
2026-06-01,2026-06-01 11:08:24,V026,112.0,1.0002559560199202
2026-06-01,2026-06-01 11:08:25,V026,112.0,1.0398419509586536
2026-06-01,2026-06-01 11:08:26,V026,112.0,1.0390377004969018
2026-06-01,2026-06-01 11:08:27,V026,112.0,1.0019849299894996
2026-06-01,2026-06-01 11:08:28,V026,112.0,0.9944215086490521
2026-06-01,2026-06-01 11:08:29,V026,111.0,0.9889602850213788
2026-06-01,2026-06-01 11:08:30,V026,111.0,1.0087634463170916
2026-06-01,2026-06-01 11:08:31,V026,111.0,0.9912471775633441
2026-06-01,2026-06-01 11:08:32,V026,111.0,0.9910407633209806
2026-06-01,2026-06-01 11:08:33,V026,111.0,0.9881376322177498
2026-06-01,2026-06-01 11:08:34,V026,110.0,1.0949441340658748
2026-06-01,2026-06-01 11:08:35,V026,110.0,1.0559092831888872
2026-06-01,2026-06-01 11:08:36,V026,110.0,0.9181903889931878
2026-06-01,2026-06-01 11:08:37,V026,109.0,0.9779874656849932
2026-06-01,2026-06-01 11:08:38,V026,109.0,0.9966104396708233
2026-06-01,2026-06-01 11:08:39,V026,109.0,0.9838125909558643
2026-06-01,2026-06-01 11:08:40,V026,108.0,0.9850139781826779
2026-06-01,2026-06-01 11:08:41,V026,108.0,0.9840143536903527
2026-06-01,2026-06-01 11:08:42,V026,107.0,1.0000342466980565
2026-06-01,2026-06-01 11:08:43,V026,107.0,1.0024152004173028
2026-06-01,2026-06-01 11:08:44,V026,107.0,1.1905872229505343
2026-06-01,2026-06-01 11:08:45,V026,107.0,0.9776122652884174
2026-06-01,2026-06-01 11:08:46,V026,107.0,1.0128481994337386
2026-06-01,2026-06-01 11:08:47,V026,107.0,1.0624390205442777
2026-06-01,2026-06-01 11:08:48,V026,107.0,1.0473799167053022
2026-06-01,2026-06-01 11:08:49,V026,107.0,0.9992463003113955
2026-06-01,2026-06-01 11:08:50,V026,107.0,0.9910695625295386
2026-06-01,2026-06-01 11:08:51,V026,107.0,0.9848827999633787
2026-06-01,2026-06-01 11:08:52,V026,108.0,0.9904424987939906
2026-06-01,2026-06-01 11:08:53,V026,109.0,0.9884775740861816
2026-06-01,2026-06-01 11:08:54,V026,110.0,0.9977713207627241
2026-06-01,2026-06-01 11:08:55,V026,111.0,0.9834463446667674
2026-06-01,2026-06-01 11:08:56,V026,112.0,0.9795292108407224
2026-06-01,2026-06-01 11:08:57,V026,113.0,1.0104127548687953
2026-06-01,2026-06-01 11:08:58,V026,114.0,1.0232696692598677
2026-06-01,2026-06-01 11:08:59,V026,114.0,0.9754229819967017
2026-06-01,2026-06-01 11:09:00,V026,114.0,0.997299488406498
2026-06-01,2026-06-01 11:09:01,V026,114.0,0.9785576321204317
2026-06-01,2026-06-01 11:09:02,V026,115.0,1.0069060491048976
2026-06-01,2026-06-01 11:09:03,V026,115.0,0.9780440378211394
2026-06-01,2026-06-01 11:09:04,V026,115.0,0.9873301353794175
2026-06-01,2026-06-01 11:09:05,V026,116.0,0.9636809512248747
2026-06-01,2026-06-01 11:09:06,V026,115.0,1.0688053473401502
2026-06-01,2026-06-01 11:09:07,V026,115.0,1.2101802355653524
2026-06-01,2026-06-01 11:09:08,V026,115.0,1.0207658505855526
2026-06-01,2026-06-01 11:09:09,V026,114.0,1.0165802711055345
2026-06-01,2026-06-01 11:09:10,V026,114.0,1.004086115756033
2026-06-01,2026-06-01 11:09:11,V026,114.0,1.0385281885374098
2026-06-01,2026-06-01 11:09:12,V026,113.0,1.0477541898658596
2026-06-01,2026-06-01 11:09:13,V026,113.0,0.9871808357367303
2026-06-01,2026-06-01 11:09:14,V026,113.0,1.0122450538879821
2026-06-01,2026-06-01 11:09:15,V026,113.0,1.0070106283535356
2026-06-01,2026-06-01 11:09:16,V026,113.0,0.9944714846160838
2026-06-01,2026-06-01 11:09:17,V026,113.0,0.9974644629969945
2026-06-01,2026-06-01 11:09:18,V026,113.0,0.985169088298701
2026-06-01,2026-06-01 11:09:19,V026,114.0,1.004663742563242
2026-06-01,2026-06-01 11:09:20,V026,114.0,0.9959902499525233
2026-06-01,2026-06-01 11:09:21,V026,114.0,1.0595065795651415
2026-06-01,2026-06-01 11:09:22,V026,114.0,1.0269598718435147
2026-06-01,2026-06-01 11:09:23,V026,115.0,1.0059083890196847
2026-06-01,2026-06-01 11:09:24,V026,115.0,1.0158717219568683
2026-06-01,2026-06-01 11:09:25,V026,115.0,0.9765430179903891
2026-06-01,2026-06-01 11:09:26,V026,116.0,0.9919031737502877
2026-06-01,2026-06-01 11:09:27,V026,116.0,1.0036235234361712
2026-06-01,2026-06-01 11:09:28,V026,116.0,0.9874466307031686
2026-06-01,2026-06-01 11:09:29,V026,117.0,0.9852896761144326
2026-06-01,2026-06-01 11:09:30,V026,117.0,1.125602477690049
2026-06-01,2026-06-01 11:09:31,V026,117.0,1.0325983857814496
2026-06-01,2026-06-01 11:09:32,V026,117.0,1.0343206172019257
2026-06-01,2026-06-01 11:09:33,V026,117.0,0.9665169007404083
2026-06-01,2026-06-01 11:09:34,V026,116.0,1.0439906642112573
2026-06-01,2026-06-01 11:09:35,V026,116.0,1.063063350220678
2026-06-01,2026-06-01 11:09:36,V026,115.0,1.0672410020852525
2026-06-01,2026-06-01 11:09:37,V026,115.0,1.1384910749394528
2026-06-01,2026-06-01 11:09:38,V026,114.0,1.0147802874909304
2026-06-01,2026-06-01 11:09:39,V026,114.0,1.0544251421860344
2026-06-01,2026-06-01 11:09:40,V026,113.0,1.0640404595804143
2026-06-01,2026-06-01 11:09:41,V026,113.0,0.9848898932467519
2026-06-01,2026-06-01 11:09:42,V026,113.0,1.0400005186418457
2026-06-01,2026-06-01 11:09:43,V026,113.0,0.9872736573571969
2026-06-01,2026-06-01 11:09:44,V026,113.0,0.9892859729910068
2026-06-01,2026-06-01 11:09:45,V026,113.0,0.9943230405969844
2026-06-01,2026-06-01 11:09:46,V026,114.0,0.9852033286374648
2026-06-01,2026-06-01 11:09:47,V026,115.0,0.9816502395785747
2026-06-01,2026-06-01 11:09:48,V026,115.0,0.9858989756969166
2026-06-01,2026-06-01 11:09:49,V026,116.0,0.9942977445071142
2026-06-01,2026-06-01 11:09:50,V026,117.0,0.9769214937458984
2026-06-01,2026-06-01 11:09:51,V026,118.0,1.0193812607559565
2026-06-01,2026-06-01 11:09:52,V026,119.0,1.0280199891870463
2026-06-01,2026-06-01 11:09:53,V026,119.0,1.010982071190271
2026-06-01,2026-06-01 11:09:54,V026,119.0,1.0196707419220623
2026-06-01,2026-06-01 11:09:55,V026,120.0,0.9884644951091806
2026-06-01,2026-06-01 11:09:56,V026,120.0,1.020474106588522
2026-06-01,2026-06-01 11:09:57,V026,120.0,0.9888048954372209
2026-06-01,2026-06-01 11:09:58,V026,119.0,0.9916678901184233
2026-06-01,2026-06-01 11:09:59,V026,119.0,0.9829908027528802
2026-06-01,2026-06-01 11:10:00,V026,118.0,0.9813402788136973
2026-06-01,2026-06-01 11:10:01,V026,117.0,0.9834897160917544
2026-06-01,2026-06-01 11:10:02,V026,116.0,0.9948748404418002
2026-06-01,2026-06-01 11:10:03,V026,116.0,1.0214140765632989
2026-06-01,2026-06-01 11:10:04,V026,115.0,1.0451974235123196
2026-06-01,2026-06-01 11:10:05,V026,114.0,1.034959160116755
2026-06-01,2026-06-01 11:10:06,V026,114.0,1.0491991031863719
2026-06-01,2026-06-01 11:10:07,V026,113.0,0.9433802011531579
2026-06-01,2026-06-01 11:10:08,V026,113.0,1.135929254237472
2026-06-01,2026-06-01 11:10:09,V026,113.0,0.9574666706134741
2026-06-01,2026-06-01 11:10:10,V026,113.0,0.9860818143225651
2026-06-01,2026-06-01 11:10:11,V026,113.0,1.0616476492299443
2026-06-01,2026-06-01 11:10:12,V026,113.0,1.011421078966153
2026-06-01,2026-06-01 11:10:13,V026,113.0,0.9907673592431989
2026-06-01,2026-06-01 11:10:14,V026,113.0,0.9855469246513514
2026-06-01,2026-06-01 11:10:15,V026,113.0,0.9915360257640393
2026-06-01,2026-06-01 11:10:16,V026,112.0,0.9829509763015138
2026-06-01,2026-06-01 11:10:17,V026,111.0,0.9831223826751473
2026-06-01,2026-06-01 11:10:18,V026,110.0,0.9805528755509594
2026-06-01,2026-06-01 11:10:19,V026,110.0,0.9802951087738607
2026-06-01,2026-06-01 11:10:20,V026,109.0,1.020226836066112
2026-06-01,2026-06-01 11:10:21,V026,109.0,0.9685556517866063
2026-06-01,2026-06-01 11:10:22,V026,109.0,0.9929866313121379
2026-06-01,2026-06-01 11:10:23,V026,108.0,0.9852824706042993
2026-06-01,2026-06-01 11:10:24,V026,109.0,0.9825258832562259
2026-06-01,2026-06-01 11:10:25,V026,110.0,0.9982689018355905
2026-06-01,2026-06-01 11:10:26,V026,111.0,0.9819490252379391
2026-06-01,2026-06-01 11:10:27,V026,112.0,0.9817686507918725
2026-06-01,2026-06-01 11:10:28,V026,112.0,0.990292903870621
2026-06-01,2026-06-01 11:10:29,V026,113.0,0.9602093030855018
2026-06-01,2026-06-01 11:10:30,V026,113.0,1.091509006127053
2026-06-01,2026-06-01 11:10:31,V026,114.0,0.981334784136355
2026-06-01,2026-06-01 11:10:32,V026,114.0,1.0038842981675797
2026-06-01,2026-06-01 11:10:33,V026,113.0,0.9950664026873876
2026-06-01,2026-06-01 11:10:34,V026,114.0,0.988815328859428
2026-06-01,2026-06-01 11:10:35,V026,114.0,0.9830298617804049
2026-06-01,2026-06-01 11:10:36,V026,114.0,0.9937901302181761
2026-06-01,2026-06-01 11:10:37,V026,114.0,0.9836848830589991
2026-06-01,2026-06-01 11:10:38,V026,114.0,1.057457976018815
2026-06-01,2026-06-01 11:10:39,V026,114.0,1.0109407633356753
2026-06-01,2026-06-01 11:10:40,V026,114.0,1.0551523614992167
2026-06-01,2026-06-01 11:10:41,V026,114.0,1.0229481445851356
2026-06-01,2026-06-01 11:10:42,V026,114.0,1.0239989584058793
2026-06-01,2026-06-01 11:10:43,V026,114.0,0.9774296461121618
2026-06-01,2026-06-01 11:10:44,V026,113.0,1.097718286600533
2026-06-01,2026-06-01 11:10:45,V026,112.0,0.9355358157898808
2026-06-01,2026-06-01 11:10:46,V026,111.0,1.0794718197668594
2026-06-01,2026-06-01 11:10:47,V026,111.0,1.1370501502734285
2026-06-01,2026-06-01 11:10:48,V026,110.0,1.0200863431537188
2026-06-01,2026-06-01 11:10:49,V026,110.0,1.0565089229175153
2026-06-01,2026-06-01 11:10:50,V026,109.0,0.919235127698778
2026-06-01,2026-06-01 11:10:51,V026,108.0,1.2994478466127664
2026-06-01,2026-06-01 11:10:52,V026,108.0,1.1677079670676662
2026-06-01,2026-06-01 11:10:53,V026,107.0,1.0178801301669858
2026-06-01,2026-06-01 11:10:54,V026,106.0,0.9864525849304935
2026-06-01,2026-06-01 11:10:55,V026,105.0,0.9936585981522127
2026-06-01,2026-06-01 11:10:56,V026,105.0,0.9881943176155725
2026-06-01,2026-06-01 11:10:57,V026,105.0,0.9974723044792849
2026-06-01,2026-06-01 11:10:58,V026,105.0,0.9978010259386642
2026-06-01,2026-06-01 11:10:59,V026,106.0,0.9802346803949409
2026-06-01,2026-06-01 11:11:00,V026,107.0,0.987676551324006
2026-06-01,2026-06-01 11:11:01,V026,107.0,1.079982301446201
2026-06-01,2026-06-01 11:11:02,V026,109.0,0.9760541407713226
2026-06-01,2026-06-01 11:11:03,V026,110.0,1.1942977882978125
2026-06-01,2026-06-01 11:11:04,V026,112.0,1.056767851125207
2026-06-01,2026-06-01 11:11:05,V026,113.0,1.0341134687542444
2026-06-01,2026-06-01 11:11:06,V026,114.0,0.9561833694155686
2026-06-01,2026-06-01 11:11:07,V026,114.0,0.9846940701188649
2026-06-01,2026-06-01 11:11:08,V026,115.0,1.0079160980506316
2026-06-01,2026-06-01 11:11:09,V026,116.0,0.9757700121681216
2026-06-01,2026-06-01 11:11:10,V026,117.0,1.0341055442991924
2026-06-01,2026-06-01 11:11:11,V026,118.0,1.1706879252092697
2026-06-01,2026-06-01 11:11:12,V026,117.0,1.0716942664239129
2026-06-01,2026-06-01 11:11:13,V026,116.0,1.00364316562116
2026-06-01,2026-06-01 11:11:14,V026,115.0,1.103147427779917
2026-06-01,2026-06-01 11:11:15,V026,114.0,1.0596409624265646
2026-06-01,2026-06-01 11:11:16,V026,114.0,1.04002376298603
2026-06-01,2026-06-01 11:11:17,V026,114.0,0.9913463528804477
2026-06-01,2026-06-01 11:11:18,V026,114.0,0.9895501127348707
2026-06-01,2026-06-01 11:11:19,V026,114.0,0.9919155023918663
2026-06-01,2026-06-01 11:11:20,V026,114.0,0.9881602672565871
2026-06-01,2026-06-01 11:11:21,V026,114.0,0.9843427779978636
2026-06-01,2026-06-01 11:11:22,V026,115.0,0.9874487933949805
2026-06-01,2026-06-01 11:11:23,V026,115.0,1.0276675583603492
2026-06-01,2026-06-01 11:11:24,V026,115.0,0.9719442817418231
2026-06-01,2026-06-01 11:11:25,V026,116.0,1.0160385228300248
2026-06-01,2026-06-01 11:11:26,V026,116.0,0.9899218829346681
2026-06-01,2026-06-01 11:11:27,V026,117.0,1.0129468928820984
2026-06-01,2026-06-01 11:11:28,V026,117.0,0.9903089275858955
2026-06-01,2026-06-01 11:11:29,V026,117.0,0.9934553255297062
2026-06-01,2026-06-01 11:11:30,V026,117.0,0.9835599809761626
2026-06-01,2026-06-01 11:11:31,V026,116.0,0.9976366127271983
2026-06-01,2026-06-01 11:11:32,V026,116.0,0.9807580348395866
2026-06-01,2026-06-01 11:11:33,V026,115.0,0.9862523503189796
2026-06-01,2026-06-01 11:11:34,V026,114.0,0.9958509444739648
2026-06-01,2026-06-01 11:11:35,V026,114.0,0.9944546317648861
2026-06-01,2026-06-01 11:11:36,V026,114.0,1.0684676461001121
2026-06-01,2026-06-01 11:11:37,V026,114.0,1.0638174443366082
2026-06-01,2026-06-01 11:11:38,V026,114.0,1.02734430436792
2026-06-01,2026-06-01 11:11:39,V026,114.0,1.1552130857348972
2026-06-01,2026-06-01 11:11:40,V026,114.0,0.9824503186012761
2026-06-01,2026-06-01 11:11:41,V026,114.0,1.0165598707189116
2026-06-01,2026-06-01 11:11:42,V026,114.0,0.9956244009321712
2026-06-01,2026-06-01 11:11:43,V026,115.0,1.1634372645834257
2026-06-01,2026-06-01 11:11:44,V026,114.0,0.9977302890821294
2026-06-01,2026-06-01 11:11:45,V026,114.0,1.0025200211936116
2026-06-01,2026-06-01 11:11:46,V026,114.0,1.086364731702709
2026-06-01,2026-06-01 11:11:47,V026,114.0,1.0212042173156577
2026-06-01,2026-06-01 11:11:48,V026,114.0,1.043662248441244
2026-06-01,2026-06-01 11:11:49,V026,113.0,1.0481295168380678
2026-06-01,2026-06-01 11:11:50,V026,113.0,1.0016298707635607
2026-06-01,2026-06-01 11:11:51,V026,113.0,1.0491287868021852
2026-06-01,2026-06-01 11:11:52,V026,112.0,1.0055987939047244
2026-06-01,2026-06-01 11:11:53,V026,112.0,1.0319514795616438
2026-06-01,2026-06-01 11:11:54,V026,111.0,1.0081526293021834
2026-06-01,2026-06-01 11:11:55,V026,111.0,1.0256216469029396
2026-06-01,2026-06-01 11:11:56,V026,112.0,1.0178334967649578
2026-06-01,2026-06-01 11:11:57,V026,112.0,0.9436288148315563
2026-06-01,2026-06-01 11:11:58,V026,112.0,1.0199155416116508
2026-06-01,2026-06-01 11:11:59,V026,112.0,1.0026989515240043
2026-06-01,2026-06-01 11:12:00,V026,112.0,0.9757891078692863
2026-06-01,2026-06-01 11:12:01,V026,112.0,0.9888172661346272
2026-06-01,2026-06-01 11:12:02,V026,112.0,0.9896724161792627
2026-06-01,2026-06-01 11:12:03,V026,112.0,0.9940785965365384
2026-06-01,2026-06-01 11:12:04,V026,112.0,0.9909295438817398
2026-06-01,2026-06-01 11:12:05,V026,112.0,0.9851260266139262
2026-06-01,2026-06-01 11:12:06,V026,112.0,0.99561339562454
2026-06-01,2026-06-01 11:12:07,V026,112.0,0.9978520804313205
2026-06-01,2026-06-01 11:12:08,V026,111.0,0.9973842840151305
2026-06-01,2026-06-01 11:12:09,V026,111.0,0.9957960385892308
2026-06-01,2026-06-01 11:12:10,V026,111.0,0.9972032452279054
2026-06-01,2026-06-01 11:12:11,V026,111.0,0.993519297397437
2026-06-01,2026-06-01 11:12:12,V026,112.0,0.9712284444189853
2026-06-01,2026-06-01 11:12:13,V026,112.0,1.093102800375054
2026-06-01,2026-06-01 11:12:14,V026,112.0,0.9727706850606126
2026-06-01,2026-06-01 11:12:15,V026,112.0,1.007889248783709
2026-06-01,2026-06-01 11:12:16,V026,112.0,0.98063316219253
2026-06-01,2026-06-01 11:12:17,V026,111.0,0.9890438026151495
2026-06-01,2026-06-01 11:12:18,V026,111.0,0.9889482316763113
2026-06-01,2026-06-01 11:12:19,V026,110.0,0.9866372528915597
2026-06-01,2026-06-01 11:12:20,V026,110.0,0.9908035601605728
2026-06-01,2026-06-01 11:12:21,V026,109.0,0.9932280516174283
2026-06-01,2026-06-01 11:12:22,V026,109.0,0.9875876318673334
2026-06-01,2026-06-01 11:12:23,V026,109.0,0.9887242673098797
2026-06-01,2026-06-01 11:12:24,V026,109.0,0.9839344044117826
2026-06-01,2026-06-01 11:12:25,V026,110.0,1.00807850519266
2026-06-01,2026-06-01 11:12:26,V026,110.0,0.9743812246462574
2026-06-01,2026-06-01 11:12:27,V026,110.0,0.9881353233221578
2026-06-01,2026-06-01 11:12:28,V026,110.0,0.9974698838369651
2026-06-01,2026-06-01 11:12:29,V026,110.0,0.9895510023841171
2026-06-01,2026-06-01 11:12:30,V026,109.0,0.9881627411408568
2026-06-01,2026-06-01 11:12:31,V026,109.0,0.9857836840233047
2026-06-01,2026-06-01 11:12:32,V026,109.0,0.9888737887266057
2026-06-01,2026-06-01 11:12:33,V026,108.0,0.9857513132515461
2026-06-01,2026-06-01 11:12:34,V026,107.0,0.9901661340853433
2026-06-01,2026-06-01 11:12:35,V026,107.0,1.0320157743855727
2026-06-01,2026-06-01 11:12:36,V026,106.0,0.972128930339363
2026-06-01,2026-06-01 11:12:37,V026,106.0,0.9979836066892083
2026-06-01,2026-06-01 11:12:38,V026,106.0,0.982744675934734
2026-06-01,2026-06-01 11:12:39,V026,106.0,0.9821901892095303
2026-06-01,2026-06-01 11:12:40,V026,106.0,0.9829818749358963
2026-06-01,2026-06-01 11:12:41,V026,106.0,0.9818474262643347
2026-06-01,2026-06-01 11:12:42,V026,106.0,0.9806644744105957
2026-06-01,2026-06-01 11:12:43,V026,106.0,0.9814014143769983
2026-06-01,2026-06-01 11:12:44,V026,106.0,0.9819143530242337
2026-06-01,2026-06-01 11:12:45,V026,106.0,0.9803345734976767
2026-06-01,2026-06-01 11:12:46,V026,106.0,0.9815244797481948
2026-06-01,2026-06-01 11:12:47,V026,107.0,0.9814298233228211
2026-06-01,2026-06-01 11:12:48,V026,107.0,0.9813952007915755
2026-06-01,2026-06-01 11:12:49,V026,107.0,0.9812374071377103
2026-06-01,2026-06-01 11:12:50,V026,107.0,0.9807251171682161
2026-06-01,2026-06-01 11:12:51,V026,107.0,0.9826624344257107
2026-06-01,2026-06-01 11:12:52,V026,108.0,0.9805773354820146
2026-06-01,2026-06-01 11:12:53,V026,109.0,0.9811504239587062
2026-06-01,2026-06-01 11:12:54,V026,109.0,0.981130003212068
2026-06-01,2026-06-01 11:12:55,V026,109.0,0.9821519216013318
2026-06-01,2026-06-01 11:12:56,V026,109.0,0.988287009935587
2026-06-01,2026-06-01 11:12:57,V026,108.0,0.9780768902002785
2026-06-01,2026-06-01 11:12:58,V026,107.0,0.9814420495267977
2026-06-01,2026-06-01 11:12:59,V026,106.0,0.9797528255817008
2026-06-01,2026-06-01 11:13:00,V026,106.0,0.9849743973252716
2026-06-01,2026-06-01 11:13:01,V026,105.0,0.9898578939397596
2026-06-01,2026-06-01 11:13:02,V026,105.0,0.9742194583692936
2026-06-01,2026-06-01 11:13:03,V026,105.0,1.0206248905671094
2026-06-01,2026-06-01 11:13:04,V026,105.0,1.0138504221143076
2026-06-01,2026-06-01 11:13:05,V026,105.0,0.9795679261154588
2026-06-01,2026-06-01 11:13:06,V026,105.0,1.0326257691535015
2026-06-01,2026-06-01 11:13:07,V026,105.0,0.9939605267019226
2026-06-01,2026-06-01 11:13:08,V026,104.0,0.9893053708827882
2026-06-01,2026-06-01 11:13:09,V026,104.0,0.993705551290418
2026-06-01,2026-06-01 11:13:10,V026,104.0,0.9849542346835647
2026-06-01,2026-06-01 11:13:11,V026,104.0,0.9992398003541886
2026-06-01,2026-06-01 11:13:12,V026,104.0,0.9947613216266203
2026-06-01,2026-06-01 11:13:13,V026,104.0,1.0013081688558991
2026-06-01,2026-06-01 11:13:14,V026,104.0,0.9856124812319114
2026-06-01,2026-06-01 11:13:15,V026,105.0,0.9805406725068158
2026-06-01,2026-06-01 11:13:16,V026,105.0,1.005277054948062
2026-06-01,2026-06-01 11:13:17,V026,106.0,0.9781447419368708
2026-06-01,2026-06-01 11:13:18,V026,106.0,1.0006935067946443
2026-06-01,2026-06-01 11:13:19,V026,106.0,0.9860666762192629
2026-06-01,2026-06-01 11:13:20,V026,106.0,0.9911857881389431
2026-06-01,2026-06-01 11:13:21,V026,106.0,0.9860025780014737
2026-06-01,2026-06-01 11:13:22,V026,105.0,0.9853646362463636
2026-06-01,2026-06-01 11:13:23,V026,105.0,0.9903221571989334
2026-06-01,2026-06-01 11:13:24,V026,104.0,0.9839319834941938
2026-06-01,2026-06-01 11:13:25,V026,104.0,0.9863340219377931
2026-06-01,2026-06-01 11:13:26,V026,104.0,0.9863976989630645
2026-06-01,2026-06-01 11:13:27,V026,103.0,0.9863708713233221
2026-06-01,2026-06-01 11:13:28,V026,103.0,0.9881620802745464
2026-06-01,2026-06-01 11:13:29,V026,103.0,0.9894883983665332
2026-06-01,2026-06-01 11:13:30,V026,103.0,0.9867984851170776
2026-06-01,2026-06-01 11:13:31,V026,103.0,0.9865893232226715
2026-06-01,2026-06-01 11:13:32,V026,104.0,0.9839007925975011
2026-06-01,2026-06-01 11:13:33,V026,104.0,0.982454649615228
2026-06-01,2026-06-01 11:13:34,V026,105.0,0.9853481037748432
2026-06-01,2026-06-01 11:13:35,V026,105.0,0.9879440333111115
2026-06-01,2026-06-01 11:13:36,V026,106.0,0.9858378745276831
2026-06-01,2026-06-01 11:13:37,V026,106.0,0.9903865983746105
2026-06-01,2026-06-01 11:13:38,V026,107.0,0.9945430483613086
2026-06-01,2026-06-01 11:13:39,V026,107.0,0.9929555498450748
2026-06-01,2026-06-01 11:13:40,V026,107.0,1.1912643907060951
2026-06-01,2026-06-01 11:13:41,V026,107.0,1.1683878567602672
2026-06-01,2026-06-01 11:13:42,V026,108.0,1.0456924574295372
2026-06-01,2026-06-01 11:13:43,V026,108.0,0.9774598430995178
2026-06-01,2026-06-01 11:13:44,V026,109.0,0.9850955673754942
2026-06-01,2026-06-01 11:13:45,V026,109.0,0.9857345766757382
2026-06-01,2026-06-01 11:13:46,V026,109.0,0.9887361496410548
2026-06-01,2026-06-01 11:13:47,V026,109.0,0.9840900360192758
2026-06-01,2026-06-01 11:13:48,V026,110.0,0.9874866599081512
2026-06-01,2026-06-01 11:13:49,V026,110.0,0.9878826802448818
2026-06-01,2026-06-01 11:13:50,V026,110.0,0.9852272655061978
2026-06-01,2026-06-01 11:13:51,V026,111.0,0.9869115437709691
2026-06-01,2026-06-01 11:13:52,V026,110.0,0.9861874664968989
2026-06-01,2026-06-01 11:13:53,V026,110.0,0.989146837526033
2026-06-01,2026-06-01 11:13:54,V026,111.0,0.986178963619292
2026-06-01,2026-06-01 11:13:55,V026,111.0,0.9884401148610636
2026-06-01,2026-06-01 11:13:56,V026,112.0,0.9871008699489294
2026-06-01,2026-06-01 11:13:57,V026,113.0,0.9875960956249672
2026-06-01,2026-06-01 11:13:58,V026,113.0,0.9864707099304535
2026-06-01,2026-06-01 11:13:59,V026,114.0,1.0078821506672524
2026-06-01,2026-06-01 11:14:00,V026,114.0,0.9815834790308932
2026-06-01,2026-06-01 11:14:01,V026,115.0,0.9838433122071445
2026-06-01,2026-06-01 11:14:02,V026,114.0,0.985289780255394
2026-06-01,2026-06-01 11:14:03,V026,114.0,0.9724025715955363
2026-06-01,2026-06-01 11:14:04,V026,113.0,1.0354852029631396
2026-06-01,2026-06-01 11:14:05,V026,113.0,0.9834056258230951
2026-06-01,2026-06-01 11:14:06,V026,112.0,0.9818270031337646
2026-06-01,2026-06-01 11:14:07,V026,112.0,0.994683233046905
2026-06-01,2026-06-01 11:14:08,V026,111.0,0.9834950887319844
2026-06-01,2026-06-01 11:14:09,V026,111.0,0.9852850959763789
2026-06-01,2026-06-01 11:14:10,V026,111.0,0.9904397345904215
2026-06-01,2026-06-01 11:14:11,V026,111.0,0.9808602466920648
2026-06-01,2026-06-01 11:14:12,V026,111.0,0.9866891182241487
2026-06-01,2026-06-01 11:14:13,V026,110.0,0.9874947592139509
2026-06-01,2026-06-01 11:14:14,V026,110.0,0.9872435705562154
2026-06-01,2026-06-01 11:14:15,V026,110.0,0.9870470153368516
2026-06-01,2026-06-01 11:14:16,V026,110.0,0.9877770248584747
2026-06-01,2026-06-01 11:14:17,V026,110.0,0.9856638184147429
2026-06-01,2026-06-01 11:14:18,V026,110.0,0.9857656625663282
2026-06-01,2026-06-01 11:14:19,V026,110.0,0.9873634502602082
2026-06-01,2026-06-01 11:14:20,V026,109.0,0.9862290842061325
2026-06-01,2026-06-01 11:14:21,V026,109.0,0.9654867420211425
2026-06-01,2026-06-01 11:14:22,V026,109.0,1.0822475317608908
2026-06-01,2026-06-01 11:14:23,V026,109.0,1.1638746917667921
2026-06-01,2026-06-01 11:14:24,V026,110.0,1.1335336435636088
2026-06-01,2026-06-01 11:14:25,V026,110.0,0.9755196603374875
2026-06-01,2026-06-01 11:14:26,V026,110.0,0.9913205491436965
2026-06-01,2026-06-01 11:14:27,V026,110.0,0.9792075283651441
2026-06-01,2026-06-01 11:14:28,V026,110.0,0.9797741231600555
2026-06-01,2026-06-01 11:14:29,V026,110.0,0.9821492884811022
2026-06-01,2026-06-01 11:14:30,V026,110.0,0.9794611171943304
2026-06-01,2026-06-01 11:14:31,V026,109.0,0.9815693070468153
2026-06-01,2026-06-01 11:14:32,V026,109.0,0.9843820162492883
2026-06-01,2026-06-01 11:14:33,V026,108.0,0.9868583254208203
2026-06-01,2026-06-01 11:14:34,V026,107.0,0.9844273275186857
2026-06-01,2026-06-01 11:14:35,V026,107.0,0.9855907454095606
2026-06-01,2026-06-01 11:14:36,V026,106.0,1.0015751308639522
2026-06-01,2026-06-01 11:14:37,V026,105.0,0.9999007161239054
2026-06-01,2026-06-01 11:14:38,V026,104.0,0.9836350048855595
2026-06-01,2026-06-01 11:14:39,V026,104.0,0.9908613429566268
2026-06-01,2026-06-01 11:14:40,V026,104.0,0.9854773269130012
2026-06-01,2026-06-01 11:14:41,V026,105.0,0.9860373296206273
2026-06-01,2026-06-01 11:14:42,V026,105.0,0.9917582685675591
2026-06-01,2026-06-01 11:14:43,V026,106.0,0.9864665064249397
2026-06-01,2026-06-01 11:14:44,V026,106.0,0.9920659547889323
2026-06-01,2026-06-01 11:14:45,V026,106.0,0.9851689122147657
2026-06-01,2026-06-01 11:14:46,V026,106.0,0.9932730917182369
2026-06-01,2026-06-01 11:14:47,V026,106.0,0.9789472895618603
2026-06-01,2026-06-01 11:14:48,V026,105.0,0.9811713502853208
2026-06-01,2026-06-01 11:14:49,V026,105.0,0.9879427687625797
2026-06-01,2026-06-01 11:14:50,V026,104.0,0.9807496547204169
2026-06-01,2026-06-01 11:14:51,V026,104.0,0.9853772303659606
2026-06-01,2026-06-01 11:14:52,V026,103.0,0.9877688266175001
2026-06-01,2026-06-01 11:14:53,V026,103.0,0.986198105460663
2026-06-01,2026-06-01 11:14:54,V026,104.0,0.990472952167329
2026-06-01,2026-06-01 11:14:55,V026,104.0,0.9815838217680446
2026-06-01,2026-06-01 11:14:56,V026,105.0,0.9897572121037347
2026-06-01,2026-06-01 11:14:57,V026,105.0,0.9836141371496263
2026-06-01,2026-06-01 11:14:58,V026,106.0,0.9848656302819998
2026-06-01,2026-06-01 11:14:59,V026,106.0,0.9830462890899733
2026-06-01,2026-06-01 11:15:00,V026,106.0,0.9853159439198134
2026-06-01,2026-06-01 11:15:01,V026,106.0,0.9842201508648232
2026-06-01,2026-06-01 11:15:02,V026,106.0,0.9867206039014083
2026-06-01,2026-06-01 11:15:03,V026,106.0,0.973419479491724
2026-06-01,2026-06-01 11:15:04,V026,106.0,1.0001026614158912
2026-06-01,2026-06-01 11:15:05,V026,106.0,1.0195891983539664
2026-06-01,2026-06-01 11:15:06,V026,106.0,1.033716878478617
2026-06-01,2026-06-01 11:15:07,V026,107.0,0.9590551667981425
2026-06-01,2026-06-01 11:15:08,V026,107.0,1.1358731411015925
2026-06-01,2026-06-01 11:15:09,V026,107.0,1.0173228475502396
2026-06-01,2026-06-01 11:15:10,V026,107.0,0.9566831296298611
2026-06-01,2026-06-01 11:15:11,V026,108.0,0.9967239770420736
2026-06-01,2026-06-01 11:15:12,V026,108.0,0.9749711650059074
2026-06-01,2026-06-01 11:15:13,V026,108.0,0.997830742529759
2026-06-01,2026-06-01 11:15:14,V026,108.0,0.9865059332570018
2026-06-01,2026-06-01 11:15:15,V026,108.0,0.9926013888909151
2026-06-01,2026-06-01 11:15:16,V026,108.0,0.9857021692036871
2026-06-01,2026-06-01 11:15:17,V026,109.0,0.9959958105137099
2026-06-01,2026-06-01 11:15:18,V026,109.0,0.9990426886257179
2026-06-01,2026-06-01 11:15:19,V026,109.0,0.990117155020493
2026-06-01,2026-06-01 11:15:20,V026,110.0,1.0093182537659526
2026-06-01,2026-06-01 11:15:21,V026,110.0,0.995272604223652
2026-06-01,2026-06-01 11:15:22,V026,110.0,0.9992365238208424
2026-06-01,2026-06-01 11:15:23,V026,110.0,0.9773368486975452
2026-06-01,2026-06-01 11:15:24,V026,109.0,0.9966435171855874
2026-06-01,2026-06-01 11:15:25,V026,109.0,0.979538183996451
2026-06-01,2026-06-01 11:15:26,V026,109.0,1.04733229429799
2026-06-01,2026-06-01 11:15:27,V026,109.0,0.9950981067231516
2026-06-01,2026-06-01 11:15:28,V026,109.0,0.9760855657990204
2026-06-01,2026-06-01 11:15:29,V026,109.0,0.9979620893120256
2026-06-01,2026-06-01 11:15:30,V026,109.0,0.9733502417213353
2026-06-01,2026-06-01 11:15:31,V026,110.0,1.0042944834697458
2026-06-01,2026-06-01 11:15:32,V026,109.0,0.977777252805044
2026-06-01,2026-06-01 11:15:33,V026,108.0,0.9900003471700551
2026-06-01,2026-06-01 11:15:34,V026,108.0,1.00125103572037
2026-06-01,2026-06-01 11:15:35,V026,108.0,0.9654220773824504
2026-06-01,2026-06-01 11:15:36,V026,108.0,0.960124433388591
2026-06-01,2026-06-01 11:15:37,V026,108.0,1.0317391934497293
2026-06-01,2026-06-01 11:15:38,V026,108.0,0.9750816587819183
2026-06-01,2026-06-01 11:15:39,V026,108.0,0.9958291148891162
2026-06-01,2026-06-01 11:15:40,V026,109.0,0.9922535216384599
2026-06-01,2026-06-01 11:15:41,V026,109.0,0.9813065432775621
2026-06-01,2026-06-01 11:15:42,V026,109.0,0.9842267437110905
2026-06-01,2026-06-01 11:15:43,V026,109.0,0.9756109319837197
2026-06-01,2026-06-01 11:15:44,V026,109.0,1.0017349755993064
2026-06-01,2026-06-01 11:15:45,V026,109.0,0.9764969689568326
2026-06-01,2026-06-01 11:15:46,V026,109.0,0.9817890016161035
2026-06-01,2026-06-01 11:15:47,V026,109.0,0.9828394079322937
2026-06-01,2026-06-01 11:15:48,V026,109.0,0.977325330515614
2026-06-01,2026-06-01 11:15:49,V026,109.0,0.98066305469418
2026-06-01,2026-06-01 11:15:50,V026,109.0,0.9834568406182498
2026-06-01,2026-06-01 11:15:51,V026,109.0,0.9794500706741496
2026-06-01,2026-06-01 11:15:52,V026,109.0,0.9784144619143008
2026-06-01,2026-06-01 11:15:53,V026,109.0,0.9858480798466942
2026-06-01,2026-06-01 11:15:54,V026,108.0,0.9839924785358238
2026-06-01,2026-06-01 11:15:55,V026,108.0,0.9950340674168315
2026-06-01,2026-06-01 11:15:56,V026,108.0,0.9868261826047021
2026-06-01,2026-06-01 11:15:57,V026,107.0,0.9905253250876508
2026-06-01,2026-06-01 11:15:58,V026,107.0,0.9796099080187313
2026-06-01,2026-06-01 11:15:59,V026,107.0,0.9935572808575651
2026-06-01,2026-06-01 11:16:00,V026,107.0,0.9842881084613192
2026-06-01,2026-06-01 11:16:01,V026,107.0,0.9983563595890568
2026-06-01,2026-06-01 11:16:02,V026,107.0,1.002641329220073
2026-06-01,2026-06-01 11:16:03,V026,107.0,1.0061196415051363
2026-06-01,2026-06-01 11:16:04,V026,107.0,0.9975729932525843
2026-06-01,2026-06-01 11:16:05,V026,108.0,1.002716948131584
2026-06-01,2026-06-01 11:16:06,V026,108.0,0.9910753241406772
2026-06-01,2026-06-01 11:16:07,V026,109.0,0.9822839690195823
2026-06-01,2026-06-01 11:16:08,V026,110.0,0.9982155350475945
2026-06-01,2026-06-01 11:16:09,V026,110.0,0.9815591258722216
2026-06-01,2026-06-01 11:16:10,V026,111.0,0.9923211735665816
2026-06-01,2026-06-01 11:16:11,V026,112.0,0.9842539636888057
2026-06-01,2026-06-01 11:16:12,V026,114.0,0.979323090211589
2026-06-01,2026-06-01 11:16:13,V026,115.0,0.9859887946064747
2026-06-01,2026-06-01 11:16:14,V026,115.0,0.980526417687308
2026-06-01,2026-06-01 11:16:15,V026,116.0,0.9838786546853551
2026-06-01,2026-06-01 11:16:16,V026,116.0,0.9947801689076371
2026-06-01,2026-06-01 11:16:17,V026,115.0,0.9740408961250557
2026-06-01,2026-06-01 11:16:18,V026,115.0,0.9896434689249499
2026-06-01,2026-06-01 11:16:19,V026,115.0,0.9838131767420663
2026-06-01,2026-06-01 11:16:20,V026,114.0,0.9837579826442245
2026-06-01,2026-06-01 11:16:21,V026,114.0,0.9790292883563891
2026-06-01,2026-06-01 11:16:22,V026,112.0,0.9838097690851693
2026-06-01,2026-06-01 11:16:23,V026,112.0,0.9787277385228217
2026-06-01,2026-06-01 11:16:24,V026,111.0,1.001276263080343
2026-06-01,2026-06-01 11:16:25,V026,110.0,0.9572867250843047
2026-06-01,2026-06-01 11:16:26,V026,108.0,0.9949033776317925
2026-06-01,2026-06-01 11:16:27,V026,107.0,0.9803593296925605
2026-06-01,2026-06-01 11:16:28,V026,107.0,0.9806948077739222
2026-06-01,2026-06-01 11:16:29,V026,107.0,0.9856995580335748
2026-06-01,2026-06-01 11:16:30,V026,107.0,0.9761011439686393
2026-06-01,2026-06-01 11:16:31,V026,107.0,0.986527769054609
2026-06-01,2026-06-01 11:16:32,V026,106.0,0.9778895077762497
2026-06-01,2026-06-01 11:16:33,V026,106.0,0.9767844887164737
2026-06-01,2026-06-01 11:16:34,V026,106.0,0.9781970510254885
2026-06-01,2026-06-01 11:16:35,V026,106.0,0.9764890767738161
2026-06-01,2026-06-01 11:16:36,V026,105.0,0.9801528027406367
2026-06-01,2026-06-01 11:16:37,V026,105.0,0.9867313075032385
2026-06-01,2026-06-01 11:16:38,V026,105.0,0.9792730804226674
2026-06-01,2026-06-01 11:16:39,V026,105.0,0.9843468719417074
2026-06-01,2026-06-01 11:16:40,V026,105.0,0.9874361599774799
2026-06-01,2026-06-01 11:16:41,V026,105.0,0.9839343910769104
2026-06-01,2026-06-01 11:16:42,V026,105.0,0.9813727344034419
2026-06-01,2026-06-01 11:16:43,V026,105.0,0.979717318478655
2026-06-01,2026-06-01 11:16:44,V026,104.0,0.979005204916844
2026-06-01,2026-06-01 11:16:45,V026,104.0,0.9810133985763608
2026-06-01,2026-06-01 11:16:46,V026,104.0,0.9808986138758166
2026-06-01,2026-06-01 11:16:47,V026,104.0,0.9807519590696254
2026-06-01,2026-06-01 11:16:48,V026,103.0,0.9825121033262718
2026-06-01,2026-06-01 11:16:49,V026,103.0,0.9811639795487826
2026-06-01,2026-06-01 11:16:50,V026,104.0,0.9847307386384283
2026-06-01,2026-06-01 11:16:51,V026,104.0,0.984335074116589
2026-06-01,2026-06-01 11:16:52,V026,104.0,0.9829534005481841
2026-06-01,2026-06-01 11:16:53,V026,104.0,0.985119315618443
2026-06-01,2026-06-01 11:16:54,V026,104.0,1.0017537844516065
2026-06-01,2026-06-01 11:16:55,V026,104.0,0.9687131818844301
2026-06-01,2026-06-01 11:16:56,V026,104.0,0.9976715393338494
2026-06-01,2026-06-01 11:16:57,V026,104.0,0.9931032912329938
2026-06-01,2026-06-01 11:16:58,V026,104.0,0.9977510281776678
2026-06-01,2026-06-01 11:16:59,V026,104.0,0.9925735856188964
2026-06-01,2026-06-01 11:17:00,V026,105.0,1.0045014971486994
2026-06-01,2026-06-01 11:17:01,V026,105.0,0.9823970775484695
2026-06-01,2026-06-01 11:17:02,V026,105.0,1.0181289569365355
2026-06-01,2026-06-01 11:17:03,V026,105.0,0.9870629381009005
2026-06-01,2026-06-01 11:17:04,V026,105.0,1.0141354330710062
2026-06-01,2026-06-01 11:17:05,V026,105.0,0.9830044672358358
2026-06-01,2026-06-01 11:17:06,V026,105.0,1.0018874292858493
2026-06-01,2026-06-01 11:17:07,V026,105.0,1.007902177579338
2026-06-01,2026-06-01 11:17:08,V026,105.0,0.9902995573429028
2026-06-01,2026-06-01 11:17:09,V026,106.0,0.9832377224656758
2026-06-01,2026-06-01 11:17:10,V026,106.0,0.9852801327797593
2026-06-01,2026-06-01 11:17:11,V026,106.0,0.9949213263362741
2026-06-01,2026-06-01 11:17:12,V026,106.0,1.0026764349991573
2026-06-01,2026-06-01 11:17:13,V026,105.0,0.9976789636113486
2026-06-01,2026-06-01 11:17:14,V026,105.0,1.0053914671323363
2026-06-01,2026-06-01 11:17:15,V026,105.0,1.0407067403574934
2026-06-01,2026-06-01 11:17:16,V026,104.0,1.0238816081477706
2026-06-01,2026-06-01 11:17:17,V026,104.0,0.9742386435111895
2026-06-01,2026-06-01 11:17:18,V026,104.0,0.9882835173022544
2026-06-01,2026-06-01 11:17:19,V026,103.0,0.9865287367069059
2026-06-01,2026-06-01 11:17:20,V026,103.0,0.9908513745401781
2026-06-01,2026-06-01 11:17:21,V026,103.0,0.980918522517826
2026-06-01,2026-06-01 11:17:22,V026,102.0,1.0911093384764232
2026-06-01,2026-06-01 11:17:23,V026,102.0,0.9953472214829876
2026-06-01,2026-06-01 11:17:24,V026,102.0,1.016689157642163
2026-06-01,2026-06-01 11:17:25,V026,103.0,1.0225216977405078
2026-06-01,2026-06-01 11:17:26,V026,103.0,1.023342427382556
2026-06-01,2026-06-01 11:17:27,V026,103.0,0.9792976834188897
2026-06-01,2026-06-01 11:17:28,V026,103.0,1.017282706342466
2026-06-01,2026-06-01 11:17:29,V026,104.0,0.9818635011736092
2026-06-01,2026-06-01 11:17:30,V026,104.0,0.9987826334236977
2026-06-01,2026-06-01 11:17:31,V026,105.0,0.9845472929821062
2026-06-01,2026-06-01 11:17:32,V026,105.0,0.981914983661083
2026-06-01,2026-06-01 11:17:33,V026,105.0,0.9856254397599093
2026-06-01,2026-06-01 11:17:34,V026,105.0,0.9923515103475102
2026-06-01,2026-06-01 11:17:35,V026,105.0,0.9883933662960521
2026-06-01,2026-06-01 11:17:36,V026,104.0,0.98836586938762
2026-06-01,2026-06-01 11:17:37,V026,104.0,0.9872588695547401
2026-06-01,2026-06-01 11:17:38,V026,104.0,0.9968870522362246
2026-06-01,2026-06-01 11:17:39,V026,105.0,0.980544870501923
2026-06-01,2026-06-01 11:17:40,V026,106.0,0.9898003124051588
2026-06-01,2026-06-01 11:17:41,V026,106.0,0.9943421264870631
2026-06-01,2026-06-01 11:17:42,V026,107.0,0.9757498788524245
2026-06-01,2026-06-01 11:17:43,V026,108.0,0.9868159325916032
2026-06-01,2026-06-01 11:17:44,V026,108.0,1.0005614210592286
2026-06-01,2026-06-01 11:17:45,V026,109.0,0.986662881570288
2026-06-01,2026-06-01 11:17:46,V026,109.0,0.9837428443845273
2026-06-01,2026-06-01 11:17:47,V026,109.0,0.9725190152840703
2026-06-01,2026-06-01 11:17:48,V026,109.0,0.9957159571885014
2026-06-01,2026-06-01 11:17:49,V026,109.0,0.9877140535473239
2026-06-01,2026-06-01 11:17:50,V026,110.0,0.9822208768185229
2026-06-01,2026-06-01 11:17:51,V026,110.0,0.9901046063666201
2026-06-01,2026-06-01 11:17:52,V026,111.0,0.9826487577223085
2026-06-01,2026-06-01 11:17:53,V026,111.0,0.9896639001684575
2026-06-01,2026-06-01 11:17:54,V026,111.0,1.0253480426312793
2026-06-01,2026-06-01 11:17:55,V026,111.0,0.9910177110947822
2026-06-01,2026-06-01 11:17:56,V026,111.0,0.9843521802647857
2026-06-01,2026-06-01 11:17:57,V026,110.0,0.9878987321741185
2026-06-01,2026-06-01 11:17:58,V026,109.0,0.9824954904626159
2026-06-01,2026-06-01 11:17:59,V026,109.0,0.9825037057987502
2026-06-01,2026-06-01 11:18:00,V026,108.0,0.9871575505584368
2026-06-01,2026-06-01 11:18:01,V026,108.0,0.9889903691599172
2026-06-01,2026-06-01 11:18:02,V026,108.0,1.0822083129579825
2026-06-01,2026-06-01 11:18:03,V026,108.0,1.0464489713513005
2026-06-01,2026-06-01 11:18:04,V026,108.0,0.9923313469118641
2026-06-01,2026-06-01 11:18:05,V026,109.0,0.9963112225931968
2026-06-01,2026-06-01 11:18:06,V026,109.0,0.9833621400019343
2026-06-01,2026-06-01 11:18:07,V026,109.0,0.9858024691052838
2026-06-01,2026-06-01 11:18:08,V026,109.0,0.9873333958114946
2026-06-01,2026-06-01 11:18:09,V026,109.0,0.9906583220512882
2026-06-01,2026-06-01 11:18:10,V026,109.0,1.0093757517780428
2026-06-01,2026-06-01 11:18:11,V026,108.0,0.9971225813341961
2026-06-01,2026-06-01 11:18:12,V026,107.0,0.9844166106183944
2026-06-01,2026-06-01 11:18:13,V026,107.0,0.9809337386102215
2026-06-01,2026-06-01 11:18:14,V026,106.0,0.9847119707628433
2026-06-01,2026-06-01 11:18:15,V026,106.0,0.97955085622125
2026-06-01,2026-06-01 11:18:16,V026,106.0,0.9945817136986964
2026-06-01,2026-06-01 11:18:17,V026,105.0,0.9841005507376915
2026-06-01,2026-06-01 11:18:18,V026,105.0,0.9838201958681432
2026-06-01,2026-06-01 11:18:19,V026,105.0,0.994841939459012
2026-06-01,2026-06-01 11:18:20,V026,105.0,0.9788714515986875
2026-06-01,2026-06-01 11:18:21,V026,105.0,0.9881525478479897
2026-06-01,2026-06-01 11:18:22,V026,105.0,0.9993488823561928
2026-06-01,2026-06-01 11:18:23,V026,105.0,1.025289069614399
2026-06-01,2026-06-01 11:18:24,V026,105.0,0.9896896464091185
2026-06-01,2026-06-01 11:18:25,V026,105.0,0.9967799088845478
2026-06-01,2026-06-01 11:18:26,V026,105.0,0.9901910932197769
2026-06-01,2026-06-01 11:18:27,V026,105.0,0.9858155066984923
2026-06-01,2026-06-01 11:18:28,V026,106.0,0.9831065834130116
2026-06-01,2026-06-01 11:18:29,V026,106.0,1.0057382611432732
2026-06-01,2026-06-01 11:18:30,V026,107.0,1.1160368942485728
2026-06-01,2026-06-01 11:18:31,V026,107.0,1.1661376048262233
2026-06-01,2026-06-01 11:18:32,V026,108.0,0.9647764260226861
2026-06-01,2026-06-01 11:18:33,V026,109.0,1.0065440043851273
2026-06-01,2026-06-01 11:18:34,V026,110.0,1.0453425622125496
2026-06-01,2026-06-01 11:18:35,V026,110.0,1.2643391749651833
2026-06-01,2026-06-01 11:18:36,V026,110.0,1.0877084647339699
2026-06-01,2026-06-01 11:18:37,V026,111.0,1.0174954606211635
2026-06-01,2026-06-01 11:18:38,V026,111.0,0.9809103224092892
2026-06-01,2026-06-01 11:18:39,V026,111.0,1.0343199158908685
2026-06-01,2026-06-01 11:18:40,V026,111.0,1.063313823249624
2026-06-01,2026-06-01 11:18:41,V026,111.0,0.9877633832543574
2026-06-01,2026-06-01 11:18:42,V026,112.0,1.0444553465335082
2026-06-01,2026-06-01 11:18:43,V026,112.0,1.0219602647598964
2026-06-01,2026-06-01 11:18:44,V026,113.0,1.07005539139266
2026-06-01,2026-06-01 11:18:45,V026,113.0,1.011361900281653
2026-06-01,2026-06-01 11:18:46,V026,114.0,1.0114958573609787
2026-06-01,2026-06-01 11:18:47,V026,114.0,0.9923298814036157
2026-06-01,2026-06-01 11:18:48,V026,115.0,1.1506134418889553
2026-06-01,2026-06-01 11:18:49,V026,116.0,1.174243980125638
2026-06-01,2026-06-01 11:18:50,V026,117.0,1.0422781671559505
2026-06-01,2026-06-01 11:18:51,V026,118.0,1.0241488349316874
2026-06-01,2026-06-01 11:18:52,V026,119.0,0.9859737357652663
2026-06-01,2026-06-01 11:18:53,V026,120.0,1.014647677171516
2026-06-01,2026-06-01 11:18:54,V026,121.0,0.979909421339153
2026-06-01,2026-06-01 11:18:55,V026,121.0,0.9955090469119914
2026-06-01,2026-06-01 11:18:56,V026,122.0,0.9912392047764106
2026-06-01,2026-06-01 11:18:57,V026,122.0,0.9845470238897165
2026-06-01,2026-06-01 11:18:58,V026,123.0,0.9979206882065392
2026-06-01,2026-06-01 11:18:59,V026,123.0,0.9808087071426962
2026-06-01,2026-06-01 11:19:00,V026,123.0,1.0006390987944922
2026-06-01,2026-06-01 11:19:01,V026,123.0,0.9884020036154486
2026-06-01,2026-06-01 11:19:02,V026,123.0,0.9869503971228644
2026-06-01,2026-06-01 11:19:03,V026,123.0,0.9947717173355268
2026-06-01,2026-06-01 11:19:04,V026,123.0,0.9920943515085601
2026-06-01,2026-06-01 11:19:05,V026,123.0,1.0028131578334982
2026-06-01,2026-06-01 11:19:06,V026,122.0,1.0649381784358956
2026-06-01,2026-06-01 11:19:07,V026,122.0,1.0648105862944255
2026-06-01,2026-06-01 11:19:08,V026,121.0,1.0809232021019808
2026-06-01,2026-06-01 11:19:09,V026,121.0,1.00166316398514
2026-06-01,2026-06-01 11:19:10,V026,121.0,1.0277160057354977
2026-06-01,2026-06-01 11:19:11,V026,121.0,1.1752049601141874
2026-06-01,2026-06-01 11:19:12,V026,121.0,1.1381396302969657
2026-06-01,2026-06-01 11:19:13,V026,122.0,1.0492732917242107
2026-06-01,2026-06-01 11:19:14,V026,122.0,0.9729880605207544
2026-06-01,2026-06-01 11:19:15,V026,121.0,0.9997424868149422
2026-06-01,2026-06-01 11:19:16,V026,121.0,0.9779605123623216
2026-06-01,2026-06-01 11:19:17,V026,120.0,0.9776008125967949
2026-06-01,2026-06-01 11:19:18,V026,120.0,0.9841466776472885
2026-06-01,2026-06-01 11:19:19,V026,120.0,0.9882963258253559
2026-06-01,2026-06-01 11:19:20,V026,120.0,0.9829163573976386
2026-06-01,2026-06-01 11:19:21,V026,120.0,1.0058137030579262
2026-06-01,2026-06-01 11:19:22,V026,120.0,0.9904522765255174
2026-06-01,2026-06-01 11:19:23,V026,119.0,1.016460312492161
2026-06-01,2026-06-01 11:19:24,V026,119.0,1.078519255363189
2026-06-01,2026-06-01 11:19:25,V026,119.0,1.0392298454391784
2026-06-01,2026-06-01 11:19:26,V026,120.0,1.0228883452168591
2026-06-01,2026-06-01 11:19:27,V026,120.0,1.0173463285368514
2026-06-01,2026-06-01 11:19:28,V026,122.0,1.0564491211217095
2026-06-01,2026-06-01 11:19:29,V026,122.0,1.2294670943415211
2026-06-01,2026-06-01 11:19:30,V026,123.0,0.985322980954588
2026-06-01,2026-06-01 11:19:31,V026,124.0,1.0057643244531618
2026-06-01,2026-06-01 11:19:32,V026,125.0,0.9801114013341258
2026-06-01,2026-06-01 11:19:33,V026,125.0,0.9980476194505413
2026-06-01,2026-06-01 11:19:34,V026,124.0,0.9954807319168774
2026-06-01,2026-06-01 11:19:35,V026,123.0,1.0080135707030478
2026-06-01,2026-06-01 11:19:36,V026,123.0,1.099906875826266
2026-06-01,2026-06-01 11:19:37,V026,122.0,0.9909631899292066
2026-06-01,2026-06-01 11:19:38,V026,122.0,1.0033365325901533
2026-06-01,2026-06-01 11:19:39,V026,122.0,1.0036831236526225
2026-06-01,2026-06-01 11:19:40,V026,121.0,0.9770907900776082
2026-06-01,2026-06-01 11:19:41,V026,120.0,0.9738503646067864
2026-06-01,2026-06-01 11:19:42,V026,120.0,1.0225716940467324
2026-06-01,2026-06-01 11:19:43,V026,119.0,1.0409645662513798
2026-06-01,2026-06-01 11:19:44,V026,118.0,1.0542178182971156
2026-06-01,2026-06-01 11:19:45,V026,117.0,1.0301920135230256
2026-06-01,2026-06-01 11:19:46,V026,117.0,1.021306717522628
2026-06-01,2026-06-01 11:19:47,V026,116.0,1.0338568989277956
2026-06-01,2026-06-01 11:19:48,V026,115.0,1.0438680553529747
2026-06-01,2026-06-01 11:19:49,V026,115.0,1.0758990897325302
2026-06-01,2026-06-01 11:19:50,V026,114.0,0.9987094091430647
2026-06-01,2026-06-01 11:19:51,V026,114.0,1.0451129623641775
2026-06-01,2026-06-01 11:19:52,V026,115.0,1.1815804834890484
2026-06-01,2026-06-01 11:19:53,V026,115.0,1.0194617449076961
2026-06-01,2026-06-01 11:19:54,V026,115.0,1.0653037558411371
2026-06-01,2026-06-01 11:19:55,V026,115.0,0.9811510032449267
2026-06-01,2026-06-01 11:19:56,V026,115.0,1.0255550231723398
2026-06-01,2026-06-01 11:19:57,V026,115.0,0.9842331676619327
2026-06-01,2026-06-01 11:19:58,V026,116.0,0.9768296894438553
2026-06-01,2026-06-01 11:19:59,V026,116.0,1.0060063592775983
2026-06-01,2026-06-01 11:20:00,V026,117.0,0.9760886206529703
2026-06-01,2026-06-01 11:20:01,V026,117.0,1.0247016465665924
2026-06-01,2026-06-01 11:20:02,V026,118.0,0.9939300414394105
2026-06-01,2026-06-01 11:20:03,V026,118.0,0.976815469915376
2026-06-01,2026-06-01 11:20:04,V026,119.0,1.2592322782515586
2026-06-01,2026-06-01 11:20:05,V026,120.0,0.9777117729640802
2026-06-01,2026-06-01 11:20:06,V026,121.0,1.0460110845723716
2026-06-01,2026-06-01 11:20:07,V026,122.0,1.0402094260817027
2026-06-01,2026-06-01 11:20:08,V026,122.0,1.004365404323007
2026-06-01,2026-06-01 11:20:09,V026,122.0,0.9650369625760787
2026-06-01,2026-06-01 11:20:10,V026,122.0,1.0101298391366378
2026-06-01,2026-06-01 11:20:11,V026,122.0,0.9966493056996587
2026-06-01,2026-06-01 11:20:12,V026,122.0,1.0118929478050975
2026-06-01,2026-06-01 11:20:13,V026,122.0,0.9949206921869829
2026-06-01,2026-06-01 11:20:14,V026,122.0,0.9975929754690307
2026-06-01,2026-06-01 11:20:15,V026,122.0,1.0491745129414296
2026-06-01,2026-06-01 11:20:16,V026,122.0,0.9880225640140545
2026-06-01,2026-06-01 11:20:17,V026,122.0,1.0482975635390899
2026-06-01,2026-06-01 11:20:18,V026,122.0,1.3275415862301068
2026-06-01,2026-06-01 11:20:19,V026,122.0,1.0925704547624728
2026-06-01,2026-06-01 11:20:20,V026,123.0,1.0148243913032167
2026-06-01,2026-06-01 11:20:21,V026,123.0,1.0125735532595532
2026-06-01,2026-06-01 11:20:22,V026,123.0,0.9713762262004969
2026-06-01,2026-06-01 11:20:23,V026,123.0,1.0644148338568002
2026-06-01,2026-06-01 11:20:24,V026,124.0,1.0114988970644
2026-06-01,2026-06-01 11:20:25,V026,125.0,0.9989220765701621
2026-06-01,2026-06-01 11:20:26,V026,124.0,1.0046957512371593
2026-06-01,2026-06-01 11:20:27,V026,123.0,0.9742849622311587
2026-06-01,2026-06-01 11:20:28,V026,123.0,0.9857794680588281
2026-06-01,2026-06-01 11:20:29,V026,122.0,0.984327058532343
2026-06-01,2026-06-01 11:20:30,V026,121.0,0.9870417330518612
2026-06-01,2026-06-01 11:20:31,V026,121.0,1.0393888307557355
2026-06-01,2026-06-01 11:20:32,V026,120.0,1.0006609864550822
2026-06-01,2026-06-01 11:20:33,V026,120.0,1.0566678627474817
2026-06-01,2026-06-01 11:20:34,V026,120.0,0.9774040131270876
2026-06-01,2026-06-01 11:20:35,V026,119.0,1.0412049810089217
2026-06-01,2026-06-01 11:20:36,V026,119.0,1.0042094136446198
2026-06-01,2026-06-01 11:20:37,V026,119.0,1.0257751343331358
2026-06-01,2026-06-01 11:20:38,V026,120.0,0.9881386575488104
2026-06-01,2026-06-01 11:20:39,V026,121.0,0.9872626128477975
2026-06-01,2026-06-01 11:20:40,V026,121.0,1.003476222670595
2026-06-01,2026-06-01 11:20:41,V026,121.0,0.9758983063088137
2026-06-01,2026-06-01 11:20:42,V026,121.0,0.9935430398562896
2026-06-01,2026-06-01 11:20:43,V026,121.0,0.996734393844847
2026-06-01,2026-06-01 11:20:44,V026,121.0,0.9998087812708087
2026-06-01,2026-06-01 11:20:45,V026,120.0,1.031893375100519
2026-06-01,2026-06-01 11:20:46,V026,120.0,1.0036371223737703
2026-06-01,2026-06-01 11:20:47,V026,119.0,1.0740503437436373
2026-06-01,2026-06-01 11:20:48,V026,119.0,0.9569710577823435
2026-06-01,2026-06-01 11:20:49,V026,118.0,1.0240013659574878
2026-06-01,2026-06-01 11:20:50,V026,117.0,1.183618321629657
2026-06-01,2026-06-01 11:20:51,V026,117.0,0.96123578081971
2026-06-01,2026-06-01 11:20:52,V026,116.0,1.002856292377163
2026-06-01,2026-06-01 11:20:53,V026,116.0,1.0461882767136874
2026-06-01,2026-06-01 11:20:54,V026,116.0,0.9731055262929639
2026-06-01,2026-06-01 11:20:55,V026,115.0,0.996024738644231
2026-06-01,2026-06-01 11:20:56,V026,116.0,0.9994066639019943
2026-06-01,2026-06-01 11:20:57,V026,116.0,0.9802691742134998
2026-06-01,2026-06-01 11:20:58,V026,116.0,0.994065740899608
2026-06-01,2026-06-01 11:20:59,V026,116.0,0.9854378323469442
2026-06-01,2026-06-01 11:21:00,V026,116.0,0.9859922336010466
2026-06-01,2026-06-01 11:21:01,V026,116.0,1.025027505378208
2026-06-01,2026-06-01 11:21:02,V026,115.0,1.0173345347614928
2026-06-01,2026-06-01 11:21:03,V026,115.0,1.0179577512216906
2026-06-01,2026-06-01 11:21:04,V026,115.0,1.0309601454371757
2026-06-01,2026-06-01 11:21:05,V026,116.0,0.9761622566995287
2026-06-01,2026-06-01 11:21:06,V026,116.0,1.0116694274837403
2026-06-01,2026-06-01 11:21:07,V026,116.0,0.9810213020304783
2026-06-01,2026-06-01 11:21:08,V026,116.0,0.9925380907866155
2026-06-01,2026-06-01 11:21:09,V026,115.0,0.9847911983779283
2026-06-01,2026-06-01 11:21:10,V026,115.0,0.9888865367178862
2026-06-01,2026-06-01 11:21:11,V026,114.0,0.9913875936919028
2026-06-01,2026-06-01 11:21:12,V026,113.0,0.983482658072903
2026-06-01,2026-06-01 11:21:13,V026,112.0,0.9786593083172352
2026-06-01,2026-06-01 11:21:14,V026,112.0,1.0008991589325222
2026-06-01,2026-06-01 11:21:15,V026,112.0,0.9729974877112195
2026-06-01,2026-06-01 11:21:16,V026,112.0,0.9991399634035713
2026-06-01,2026-06-01 11:21:17,V026,112.0,1.0195722642416123
2026-06-01,2026-06-01 11:21:18,V026,112.0,1.0236209358384392
2026-06-01,2026-06-01 11:21:19,V026,112.0,1.0045933156643045
2026-06-01,2026-06-01 11:21:20,V026,113.0,1.0395275193445754
2026-06-01,2026-06-01 11:21:21,V026,113.0,1.0447884305647237
2026-06-01,2026-06-01 11:21:22,V026,114.0,0.9914971826798037
2026-06-01,2026-06-01 11:21:23,V026,114.0,1.0211041084540642
2026-06-01,2026-06-01 11:21:24,V026,114.0,0.9893053989792515
2026-06-01,2026-06-01 11:21:25,V026,115.0,0.9870825349246904
2026-06-01,2026-06-01 11:21:26,V026,115.0,0.9945570096850076
2026-06-01,2026-06-01 11:21:27,V026,115.0,0.9901155777653949
2026-06-01,2026-06-01 11:21:28,V026,115.0,0.9368093311636588
2026-06-01,2026-06-01 11:21:29,V026,115.0,1.0683540550823498
2026-06-01,2026-06-01 11:21:30,V026,115.0,1.2909805686627396
2026-06-01,2026-06-01 11:21:31,V026,115.0,1.1055102895289493
2026-06-01,2026-06-01 11:21:32,V026,114.0,1.0416623432691008
2026-06-01,2026-06-01 11:21:33,V026,114.0,0.9736677549208395
2026-06-01,2026-06-01 11:21:34,V026,113.0,0.9907319543241181
2026-06-01,2026-06-01 11:21:35,V026,113.0,1.0104945109300605
2026-06-01,2026-06-01 11:21:36,V026,114.0,0.9897529333493541
2026-06-01,2026-06-01 11:21:37,V026,114.0,0.9907459653791403
2026-06-01,2026-06-01 11:21:38,V026,115.0,0.9857526360549036
2026-06-01,2026-06-01 11:21:39,V026,116.0,0.9888908141774663
2026-06-01,2026-06-01 11:21:40,V026,116.0,0.9918938221782899
2026-06-01,2026-06-01 11:21:41,V026,117.0,1.0072260144298855
2026-06-01,2026-06-01 11:21:42,V026,118.0,0.9820349852121238
2026-06-01,2026-06-01 11:21:43,V026,118.0,0.9878746787466
2026-06-01,2026-06-01 11:21:44,V026,118.0,0.9668103276283575
2026-06-01,2026-06-01 11:21:45,V026,119.0,1.087550274292541
2026-06-01,2026-06-01 11:21:46,V026,119.0,1.0823321937605042
2026-06-01,2026-06-01 11:21:47,V026,119.0,1.144897316187052
2026-06-01,2026-06-01 11:21:48,V026,119.0,1.0047019259484526
2026-06-01,2026-06-01 11:21:49,V026,118.0,1.01789199456841
2026-06-01,2026-06-01 11:21:50,V026,118.0,1.0073245846988297
2026-06-01,2026-06-01 11:21:51,V026,118.0,0.9999548612997846
2026-06-01,2026-06-01 11:21:52,V026,117.0,0.9862759063298953
2026-06-01,2026-06-01 11:21:53,V026,117.0,1.022161611300792
2026-06-01,2026-06-01 11:21:54,V026,117.0,0.9885883452167974
2026-06-01,2026-06-01 11:21:55,V026,117.0,0.9870963126334157
2026-06-01,2026-06-01 11:21:56,V026,117.0,1.001137155458699
2026-06-01,2026-06-01 11:21:57,V026,117.0,0.9804776908306694
2026-06-01,2026-06-01 11:21:58,V026,117.0,1.0051347620554418
2026-06-01,2026-06-01 11:21:59,V026,117.0,1.2386750515281542
2026-06-01,2026-06-01 11:22:00,V026,118.0,1.0107898574665215
2026-06-01,2026-06-01 11:22:01,V026,118.0,1.0400856917444279
2026-06-01,2026-06-01 11:22:02,V026,119.0,1.0201328037969695
2026-06-01,2026-06-01 11:22:03,V026,119.0,1.0157352006959726
2026-06-01,2026-06-01 11:22:04,V026,120.0,1.033065957028476
2026-06-01,2026-06-01 11:22:05,V026,120.0,1.0661620428163396
2026-06-01,2026-06-01 11:22:06,V026,120.0,0.9876799476060514
2026-06-01,2026-06-01 11:22:07,V026,120.0,0.9944350344957872
2026-06-01,2026-06-01 11:22:08,V026,121.0,0.9892643644842057
2026-06-01,2026-06-01 11:22:09,V026,121.0,0.984636888529521
2026-06-01,2026-06-01 11:22:10,V026,121.0,0.9952904556190371
2026-06-01,2026-06-01 11:22:11,V026,121.0,1.0008124444192479
2026-06-01,2026-06-01 11:22:12,V026,120.0,0.9883842857699259
2026-06-01,2026-06-01 11:22:13,V026,120.0,0.9729922036684584
2026-06-01,2026-06-01 11:22:14,V026,120.0,1.0257646161900456
2026-06-01,2026-06-01 11:22:15,V026,119.0,1.1844468486500401
2026-06-01,2026-06-01 11:22:16,V026,118.0,1.105475344017137
2026-06-01,2026-06-01 11:22:17,V026,118.0,1.1287844841440544
2026-06-01,2026-06-01 11:22:18,V026,119.0,1.1948724788010954
2026-06-01,2026-06-01 11:22:19,V026,119.0,1.239765175001945
2026-06-01,2026-06-01 11:22:20,V026,120.0,1.0790592465790707
2026-06-01,2026-06-01 11:22:21,V026,121.0,1.060970952146697
2026-06-01,2026-06-01 11:22:22,V026,122.0,0.9639976047936359
2026-06-01,2026-06-01 11:22:23,V026,123.0,0.9895524569581186
2026-06-01,2026-06-01 11:22:24,V026,123.0,0.9944546068038471
2026-06-01,2026-06-01 11:22:25,V026,124.0,0.9842424751997654
2026-06-01,2026-06-01 11:22:26,V026,124.0,0.9890780970867259
2026-06-01,2026-06-01 11:22:27,V026,124.0,0.9937462684480766
2026-06-01,2026-06-01 11:22:28,V026,125.0,0.9879040161708125
2026-06-01,2026-06-01 11:22:29,V026,125.0,0.9985796553168722
2026-06-01,2026-06-01 11:22:30,V026,126.0,1.042382013382017
2026-06-01,2026-06-01 11:22:31,V026,126.0,0.9906260563372276
2026-06-01,2026-06-01 11:22:32,V026,126.0,0.9826063190825521
2026-06-01,2026-06-01 11:22:33,V026,127.0,0.9909430931131118
2026-06-01,2026-06-01 11:22:34,V026,127.0,1.0168685000667175
2026-06-01,2026-06-01 11:22:35,V026,128.0,1.0020693036886563
2026-06-01,2026-06-01 11:22:36,V026,129.0,0.9877694757813358
2026-06-01,2026-06-01 11:22:37,V026,130.0,1.0067658977748863
2026-06-01,2026-06-01 11:22:38,V026,131.0,0.9851641756935436
2026-06-01,2026-06-01 11:22:39,V026,132.0,0.9969293139502273
2026-06-01,2026-06-01 11:22:40,V026,132.0,0.9817689118419337
2026-06-01,2026-06-01 11:22:41,V026,132.0,1.005021945513424
2026-06-01,2026-06-01 11:22:42,V026,132.0,0.9776593191814299
2026-06-01,2026-06-01 11:22:43,V026,131.0,1.0139360020779502
2026-06-01,2026-06-01 11:22:44,V026,130.0,0.9601961703056082
2026-06-01,2026-06-01 11:22:45,V026,130.0,1.0170089499542847
2026-06-01,2026-06-01 11:22:46,V026,129.0,0.9779268614206348
2026-06-01,2026-06-01 11:22:47,V026,129.0,0.971650769126395
2026-06-01,2026-06-01 11:22:48,V026,129.0,1.0295529459198125
2026-06-01,2026-06-01 11:22:49,V026,128.0,0.9808090790509834
2026-06-01,2026-06-01 11:22:50,V026,129.0,1.0249079900343236
2026-06-01,2026-06-01 11:22:51,V026,130.0,0.9623883556991898
2026-06-01,2026-06-01 11:22:52,V026,129.0,1.0266203018481608
2026-06-01,2026-06-01 11:22:53,V026,129.0,1.0114589164430898
2026-06-01,2026-06-01 11:22:54,V026,129.0,0.9880433015693352
2026-06-01,2026-06-01 11:22:55,V026,129.0,1.004858464095952
2026-06-01,2026-06-01 11:22:56,V026,129.0,0.9894386076436327
2026-06-01,2026-06-01 11:22:57,V026,128.0,0.9977584720443203
2026-06-01,2026-06-01 11:22:58,V026,127.0,0.9849931346833447
2026-06-01,2026-06-01 11:22:59,V026,126.0,0.9981646879767658
2026-06-01,2026-06-01 11:23:00,V026,126.0,0.9882428711425628
2026-06-01,2026-06-01 11:23:01,V026,125.0,0.9844810241457113
2026-06-01,2026-06-01 11:23:02,V026,124.0,0.9950042192574836
2026-06-01,2026-06-01 11:23:03,V026,123.0,0.9884377691400649
2026-06-01,2026-06-01 11:23:04,V026,121.0,0.987308265848236
2026-06-01,2026-06-01 11:23:05,V026,119.0,0.9907879439987507
2026-06-01,2026-06-01 11:23:06,V026,118.0,0.9822562876402084
2026-06-01,2026-06-01 11:23:07,V026,118.0,0.9951921753105797
2026-06-01,2026-06-01 11:23:08,V026,117.0,0.9868004598415949
2026-06-01,2026-06-01 11:23:09,V026,117.0,0.9869055722548622
2026-06-01,2026-06-01 11:23:10,V026,117.0,0.9981018003856382
2026-06-01,2026-06-01 11:23:11,V026,117.0,0.9891315147231047
2026-06-01,2026-06-01 11:23:12,V026,118.0,0.9913881719286682
2026-06-01,2026-06-01 11:23:13,V026,119.0,0.9891000113839359
2026-06-01,2026-06-01 11:23:14,V026,119.0,0.9813849366124545
2026-06-01,2026-06-01 11:23:15,V026,119.0,0.9985367913036255
2026-06-01,2026-06-01 11:23:16,V026,119.0,0.9813869231415713
2026-06-01,2026-06-01 11:23:17,V026,118.0,0.9959877067090018
2026-06-01,2026-06-01 11:23:18,V026,118.0,0.9780013860234816
2026-06-01,2026-06-01 11:23:19,V026,117.0,0.9847609795716594
2026-06-01,2026-06-01 11:23:20,V026,117.0,0.9881317709004306
2026-06-01,2026-06-01 11:23:21,V026,117.0,0.9814288397802446
2026-06-01,2026-06-01 11:23:22,V026,117.0,1.0027457829458222
2026-06-01,2026-06-01 11:23:23,V026,117.0,0.9842518413553958
2026-06-01,2026-06-01 11:23:24,V026,116.0,0.9926545308097819
2026-06-01,2026-06-01 11:23:25,V026,115.0,0.9871620631878706
2026-06-01,2026-06-01 11:23:26,V026,115.0,0.9925176410569299
2026-06-01,2026-06-01 11:23:27,V026,115.0,0.9767963619862067
2026-06-01,2026-06-01 11:23:28,V026,115.0,0.9871385600964576
2026-06-01,2026-06-01 11:23:29,V026,114.0,0.9831256049635471
2026-06-01,2026-06-01 11:23:30,V026,114.0,0.9935797236186302
2026-06-01,2026-06-01 11:23:31,V026,114.0,0.983370729173491
2026-06-01,2026-06-01 11:23:32,V026,114.0,0.9514186271371853
2026-06-01,2026-06-01 11:23:33,V026,114.0,1.0549254730511368
2026-06-01,2026-06-01 11:23:34,V026,114.0,0.9796710872104267
2026-06-01,2026-06-01 11:23:35,V026,114.0,0.9919338435633643
2026-06-01,2026-06-01 11:23:36,V026,114.0,0.9867494591816373
2026-06-01,2026-06-01 11:23:37,V026,113.0,0.9904864054733334
2026-06-01,2026-06-01 11:23:38,V026,113.0,0.9995666679256497
2026-06-01,2026-06-01 11:23:39,V026,113.0,0.9875754134738076
2026-06-01,2026-06-01 11:23:40,V026,113.0,0.9915873531282202
2026-06-01,2026-06-01 11:23:41,V026,112.0,0.9837616664423527
2026-06-01,2026-06-01 11:23:42,V026,113.0,0.9870634405695331
2026-06-01,2026-06-01 11:23:43,V026,113.0,0.9876074542533875
2026-06-01,2026-06-01 11:23:44,V026,113.0,0.9923680890883754
2026-06-01,2026-06-01 11:23:45,V026,114.0,0.9822266703868398
2026-06-01,2026-06-01 11:23:46,V026,115.0,0.9939512787173258
2026-06-01,2026-06-01 11:23:47,V026,115.0,0.9771159779137641
2026-06-01,2026-06-01 11:23:48,V026,116.0,0.9953400777821814
2026-06-01,2026-06-01 11:23:49,V026,116.0,0.9747356177090177
2026-06-01,2026-06-01 11:23:50,V026,117.0,0.9899980198771798
2026-06-01,2026-06-01 11:23:51,V026,117.0,0.9794785353717839
2026-06-01,2026-06-01 11:23:52,V026,117.0,0.9846125085686949
2026-06-01,2026-06-01 11:23:53,V026,117.0,1.0143765805131812
2026-06-01,2026-06-01 11:23:54,V026,116.0,1.0020840629803076
2026-06-01,2026-06-01 11:23:55,V026,116.0,0.9869100732740924
2026-06-01,2026-06-01 11:23:56,V026,115.0,0.9852894614031734
2026-06-01,2026-06-01 11:23:57,V026,115.0,0.9783582372579549
2026-06-01,2026-06-01 11:23:58,V026,114.0,0.994148905883671
2026-06-01,2026-06-01 11:23:59,V026,113.0,0.981449171016617
2026-06-01,2026-06-01 11:24:00,V026,112.0,0.9825286764569995
2026-06-01,2026-06-01 11:24:01,V026,111.0,0.9976299065100719
2026-06-01,2026-06-01 11:24:02,V026,111.0,0.9848536701152659
2026-06-01,2026-06-01 11:24:03,V026,110.0,0.9823586565526384
2026-06-01,2026-06-01 11:24:04,V026,109.0,0.9845764050070027
2026-06-01,2026-06-01 11:24:05,V026,109.0,0.9950425891616571
2026-06-01,2026-06-01 11:24:06,V026,109.0,0.9842311702596259
2026-06-01,2026-06-01 11:24:07,V026,109.0,0.9825462244512602
2026-06-01,2026-06-01 11:24:08,V026,108.0,0.992118994365398
2026-06-01,2026-06-01 11:24:09,V026,108.0,1.0004610972693528
2026-06-01,2026-06-01 11:24:10,V026,107.0,0.9977189557927899
2026-06-01,2026-06-01 11:24:11,V026,107.0,0.9864547980953627
2026-06-01,2026-06-01 11:24:12,V026,107.0,0.9880150740148952
2026-06-01,2026-06-01 11:24:13,V026,108.0,0.991691182761882
2026-06-01,2026-06-01 11:24:14,V026,108.0,0.9878721948532402
2026-06-01,2026-06-01 11:24:15,V026,109.0,0.9820347034134299
2026-06-01,2026-06-01 11:24:16,V026,109.0,0.9854023059357502
2026-06-01,2026-06-01 11:24:17,V026,109.0,0.984662257065385
2026-06-01,2026-06-01 11:24:18,V026,109.0,0.9849254022099948
2026-06-01,2026-06-01 11:24:19,V026,110.0,0.9887700277924211
2026-06-01,2026-06-01 11:24:20,V026,110.0,0.9856383775056267
2026-06-01,2026-06-01 11:24:21,V026,110.0,0.9877379497380658
2026-06-01,2026-06-01 11:24:22,V026,110.0,0.9864055813101987
2026-06-01,2026-06-01 11:24:23,V026,109.0,0.9859574769961497
2026-06-01,2026-06-01 11:24:24,V026,109.0,0.986350785667355
2026-06-01,2026-06-01 11:24:25,V026,109.0,0.9863933432516867
2026-06-01,2026-06-01 11:24:26,V026,109.0,0.9892199171731392
2026-06-01,2026-06-01 11:24:27,V026,109.0,0.9819699897862335
2026-06-01,2026-06-01 11:24:28,V026,110.0,0.9901940804168016
2026-06-01,2026-06-01 11:24:29,V026,110.0,0.9863156855629495
2026-06-01,2026-06-01 11:24:30,V026,111.0,0.9838750022182937
2026-06-01,2026-06-01 11:24:31,V026,111.0,0.9865278570035454
2026-06-01,2026-06-01 11:24:32,V026,112.0,0.9836475033374057
2026-06-01,2026-06-01 11:24:33,V026,112.0,0.9843587701586923
2026-06-01,2026-06-01 11:24:34,V026,112.0,0.9853485492466413
2026-06-01,2026-06-01 11:24:35,V026,112.0,0.9850422124256325
2026-06-01,2026-06-01 11:24:36,V026,112.0,0.9850960019770487
2026-06-01,2026-06-01 11:24:37,V026,111.0,0.9851078697167758
2026-06-01,2026-06-01 11:24:38,V026,111.0,0.9852769889122778
2026-06-01,2026-06-01 11:24:39,V026,111.0,0.9839934679989101
2026-06-01,2026-06-01 11:24:40,V026,111.0,0.9847889883154063
2026-06-01,2026-06-01 11:24:41,V026,110.0,0.984983110464307
2026-06-01,2026-06-01 11:24:42,V026,110.0,0.985728746537122
2026-06-01,2026-06-01 11:24:43,V026,110.0,0.9852176846429225
2026-06-01,2026-06-01 11:24:44,V026,110.0,0.9857761249096547
2026-06-01,2026-06-01 11:24:45,V026,110.0,0.9846918514061939
2026-06-01,2026-06-01 11:24:46,V026,109.0,0.9844775728657913
2026-06-01,2026-06-01 11:24:47,V026,109.0,0.9846802054565719
2026-06-01,2026-06-01 11:24:48,V026,108.0,0.9847261077831231
2026-06-01,2026-06-01 11:24:49,V026,108.0,0.9855057967059717
2026-06-01,2026-06-01 11:24:50,V026,108.0,0.984961879733422
2026-06-01,2026-06-01 11:24:51,V026,108.0,0.984672724253146
2026-06-01,2026-06-01 11:24:52,V026,109.0,0.984691041129644
2026-06-01,2026-06-01 11:24:53,V026,109.0,0.9839935368590326
2026-06-01,2026-06-01 11:24:54,V026,110.0,0.9828224637158387
2026-06-01,2026-06-01 11:24:55,V026,110.0,0.9885714135202628
2026-06-01,2026-06-01 11:24:56,V026,110.0,0.9846169144273931
2026-06-01,2026-06-01 11:24:57,V026,110.0,1.0121651136235752
2026-06-01,2026-06-01 11:24:58,V026,110.0,0.9761339532836206
2026-06-01,2026-06-01 11:24:59,V026,110.0,0.9858666668926027
2026-06-01,2026-06-01 11:25:00,V026,111.0,0.9850255176269832
2026-06-01,2026-06-01 11:25:01,V026,111.0,0.9833978608118775
2026-06-01,2026-06-01 11:25:02,V026,112.0,0.9856211436552201
2026-06-01,2026-06-01 11:25:03,V026,113.0,0.9819446250235051
2026-06-01,2026-06-01 11:25:04,V026,114.0,0.9825232304303002
2026-06-01,2026-06-01 11:25:05,V026,114.0,0.9823596684650453
2026-06-01,2026-06-01 11:25:06,V026,114.0,0.9821414976059676
2026-06-01,2026-06-01 11:25:07,V026,114.0,0.981133453154114
2026-06-01,2026-06-01 11:25:08,V026,114.0,0.9797553373163307
2026-06-01,2026-06-01 11:25:09,V026,114.0,0.97747479904339
2026-06-01,2026-06-01 11:25:10,V026,114.0,0.9832972895385224
2026-06-01,2026-06-01 11:25:11,V026,113.0,0.9821365539127602
2026-06-01,2026-06-01 11:25:12,V026,114.0,0.9799912859617109
2026-06-01,2026-06-01 11:25:13,V026,114.0,0.9812337364028751
2026-06-01,2026-06-01 11:25:14,V026,114.0,0.9795869011332923
2026-06-01,2026-06-01 11:25:15,V026,115.0,0.9786592770146052
2026-06-01,2026-06-01 11:25:16,V026,115.0,0.9745166664334335
2026-06-01,2026-06-01 11:25:17,V026,115.0,1.0047862510675654
2026-06-01,2026-06-01 11:25:18,V026,114.0,0.9926500762778321
2026-06-01,2026-06-01 11:25:19,V026,114.0,0.983234899990622
2026-06-01,2026-06-01 11:25:20,V026,113.0,0.9910018107941152
2026-06-01,2026-06-01 11:25:21,V026,113.0,0.9991427766238848
2026-06-01,2026-06-01 11:25:22,V026,113.0,0.9887025780257709
2026-06-01,2026-06-01 11:25:23,V026,113.0,0.9940268225238015
2026-06-01,2026-06-01 11:25:24,V026,113.0,0.9879677349933198
2026-06-01,2026-06-01 11:25:25,V026,113.0,0.9847717148376175
2026-06-01,2026-06-01 11:25:26,V026,112.0,1.006370595630552
2026-06-01,2026-06-01 11:25:27,V026,112.0,0.9789217561710039
2026-06-01,2026-06-01 11:25:28,V026,112.0,0.9821781671598653
2026-06-01,2026-06-01 11:25:29,V026,111.0,0.9948681221451913
2026-06-01,2026-06-01 11:25:30,V026,111.0,0.9813215253520894
2026-06-01,2026-06-01 11:25:31,V026,111.0,0.9862717371426947
2026-06-01,2026-06-01 11:25:32,V026,111.0,0.9852146899623975
2026-06-01,2026-06-01 11:25:33,V026,111.0,0.9852976085702579
2026-06-01,2026-06-01 11:25:34,V026,111.0,0.9862018551858887
2026-06-01,2026-06-01 11:25:35,V026,111.0,0.9844976221942697
2026-06-01,2026-06-01 11:25:36,V026,110.0,0.9886447026296391
2026-06-01,2026-06-01 11:25:37,V026,109.0,0.9869558521112078
2026-06-01,2026-06-01 11:25:38,V026,109.0,0.9871282483833084
2026-06-01,2026-06-01 11:25:39,V026,109.0,0.9838131491720253
2026-06-01,2026-06-01 11:25:40,V026,108.0,0.985065542293338
2026-06-01,2026-06-01 11:25:41,V026,108.0,0.9840361089034193
2026-06-01,2026-06-01 11:25:42,V026,108.0,0.9899481076848886
2026-06-01,2026-06-01 11:25:43,V026,108.0,1.0046318485591195
2026-06-01,2026-06-01 11:25:44,V026,108.0,0.9901517209316792
2026-06-01,2026-06-01 11:25:45,V026,108.0,0.9918961539200476
2026-06-01,2026-06-01 11:25:46,V026,108.0,0.9771747259493433
2026-06-01,2026-06-01 11:25:47,V026,108.0,0.9934258803544533
2026-06-01,2026-06-01 11:25:48,V026,109.0,0.989109616330037
2026-06-01,2026-06-01 11:25:49,V026,110.0,0.9890904485569444
2026-06-01,2026-06-01 11:25:50,V026,110.0,0.9994195046639102
2026-06-01,2026-06-01 11:25:51,V026,110.0,0.9988661870756163
2026-06-01,2026-06-01 11:25:52,V026,111.0,0.9992908884631788
2026-06-01,2026-06-01 11:25:53,V026,111.0,0.9934819300758182
2026-06-01,2026-06-01 11:25:54,V026,110.0,0.9859665048934431
2026-06-01,2026-06-01 11:25:55,V026,110.0,0.9898289843369866
2026-06-01,2026-06-01 11:25:56,V026,110.0,0.9873007936013495
2026-06-01,2026-06-01 11:25:57,V026,110.0,0.9956499001091563
2026-06-01,2026-06-01 11:25:58,V026,109.0,0.9953451453691368
2026-06-01,2026-06-01 11:25:59,V026,109.0,0.9812575238488233
2026-06-01,2026-06-01 11:26:00,V026,108.0,0.9818694127949423
2026-06-01,2026-06-01 11:26:01,V026,107.0,1.0250545416740715
2026-06-01,2026-06-01 11:26:02,V026,106.0,1.0019821437135576
2026-06-01,2026-06-01 11:26:03,V026,106.0,0.9919645504110761
2026-06-01,2026-06-01 11:26:04,V026,105.0,1.0001522916020107
2026-06-01,2026-06-01 11:26:05,V026,105.0,0.996009164244278
2026-06-01,2026-06-01 11:26:06,V026,105.0,0.9819171876482714
2026-06-01,2026-06-01 11:26:07,V026,105.0,0.9835181172902114
2026-06-01,2026-06-01 11:26:08,V026,105.0,0.9868170208302653
2026-06-01,2026-06-01 11:26:09,V026,105.0,0.9855269646266147
2026-06-01,2026-06-01 11:26:10,V026,105.0,0.9826952463950879
2026-06-01,2026-06-01 11:26:11,V026,105.0,0.9879186164483991
2026-06-01,2026-06-01 11:26:12,V026,105.0,0.9853139515366165
2026-06-01,2026-06-01 11:26:13,V026,105.0,0.9798618544388683
2026-06-01,2026-06-01 11:26:14,V026,106.0,0.9794520740765451
2026-06-01,2026-06-01 11:26:15,V026,106.0,0.9806364742241054
2026-06-01,2026-06-01 11:26:16,V026,106.0,0.9823034544221936
2026-06-01,2026-06-01 11:26:17,V026,106.0,0.9829151825860626
2026-06-01,2026-06-01 11:26:18,V026,107.0,0.9832119065281116
2026-06-01,2026-06-01 11:26:19,V026,108.0,0.9842179628744328
2026-06-01,2026-06-01 11:26:20,V026,108.0,0.9904661968169909
2026-06-01,2026-06-01 11:26:21,V026,107.0,0.9836168046450705
2026-06-01,2026-06-01 11:26:22,V026,107.0,0.9863406096145821
2026-06-01,2026-06-01 11:26:23,V026,106.0,0.9796051570186453
2026-06-01,2026-06-01 11:26:24,V026,105.0,0.9916952525006838
2026-06-01,2026-06-01 11:26:25,V026,105.0,0.9784238243173797
2026-06-01,2026-06-01 11:26:26,V026,105.0,0.9905196302119552
2026-06-01,2026-06-01 11:26:27,V026,105.0,0.9843799507724397
2026-06-01,2026-06-01 11:26:28,V026,106.0,1.0014255386331508
2026-06-01,2026-06-01 11:26:29,V026,106.0,0.986624352661169
2026-06-01,2026-06-01 11:26:30,V026,107.0,1.0006109139528014
2026-06-01,2026-06-01 11:26:31,V026,108.0,1.0162065325908947
2026-06-01,2026-06-01 11:26:32,V026,109.0,1.0132588628393702
2026-06-01,2026-06-01 11:26:33,V026,109.0,0.9862480243853297
2026-06-01,2026-06-01 11:26:34,V026,110.0,1.008400062284072
2026-06-01,2026-06-01 11:26:35,V026,111.0,0.9976715026874734
2026-06-01,2026-06-01 11:26:36,V026,110.0,0.9839513526917116
2026-06-01,2026-06-01 11:26:37,V026,109.0,0.9932243908506498
2026-06-01,2026-06-01 11:26:38,V026,108.0,0.9939869768566966
2026-06-01,2026-06-01 11:26:39,V026,107.0,0.9882043390603733
2026-06-01,2026-06-01 11:26:40,V026,106.0,0.9942246500211308
2026-06-01,2026-06-01 11:26:41,V026,105.0,1.0070494798599954
2026-06-01,2026-06-01 11:26:42,V026,104.0,0.9720957265754948
2026-06-01,2026-06-01 11:26:43,V026,103.0,1.0063616548534138
2026-06-01,2026-06-01 11:26:44,V026,102.0,0.981610774813041
2026-06-01,2026-06-01 11:26:45,V026,101.0,0.995933841828558
2026-06-01,2026-06-01 11:26:46,V026,100.0,0.9824093067281395
2026-06-01,2026-06-01 11:26:47,V026,100.0,0.9842367128573747
2026-06-01,2026-06-01 11:26:48,V026,100.0,1.007933539570962
2026-06-01,2026-06-01 11:26:49,V026,100.0,0.9768208613407614
2026-06-01,2026-06-01 11:26:50,V026,100.0,0.9996797583003622
2026-06-01,2026-06-01 11:26:51,V026,101.0,0.9865922057575038
2026-06-01,2026-06-01 11:26:52,V026,102.0,1.0118561221912148
2026-06-01,2026-06-01 11:26:53,V026,103.0,0.9862449676291438
2026-06-01,2026-06-01 11:26:54,V026,104.0,0.9738683230660696
2026-06-01,2026-06-01 11:26:55,V026,105.0,1.0483248755468184
2026-06-01,2026-06-01 11:26:56,V026,106.0,1.0059227641638082
2026-06-01,2026-06-01 11:26:57,V026,106.0,1.0232296291215852
2026-06-01,2026-06-01 11:26:58,V026,107.0,0.9633858613744436
2026-06-01,2026-06-01 11:26:59,V026,108.0,1.0171180339967836
2026-06-01,2026-06-01 11:27:00,V026,108.0,0.9882760991108136
2026-06-01,2026-06-01 11:27:01,V026,109.0,0.9771543904638258
2026-06-01,2026-06-01 11:27:02,V026,109.0,0.9952288347855014
2026-06-01,2026-06-01 11:27:03,V026,110.0,0.9966920782195353
2026-06-01,2026-06-01 11:27:04,V026,110.0,0.9857677255059913
2026-06-01,2026-06-01 11:27:05,V026,110.0,0.9824333174905716
2026-06-01,2026-06-01 11:27:06,V026,110.0,0.9921085553426537
2026-06-01,2026-06-01 11:27:07,V026,110.0,0.9748834809729031
2026-06-01,2026-06-01 11:27:08,V026,110.0,0.9785010064909607
2026-06-01,2026-06-01 11:27:09,V026,110.0,0.9785733102307287
2026-06-01,2026-06-01 11:27:10,V026,110.0,0.976349591388966
2026-06-01,2026-06-01 11:27:11,V026,111.0,0.9775471604332351
2026-06-01,2026-06-01 11:27:12,V026,111.0,0.9768703099731525
2026-06-01,2026-06-01 11:27:13,V026,111.0,0.9773958058462764
2026-06-01,2026-06-01 11:27:14,V026,111.0,0.974404140828091
2026-06-01,2026-06-01 11:27:15,V026,111.0,0.9933071176630692
2026-06-01,2026-06-01 11:27:16,V026,110.0,0.9915010596072256
2026-06-01,2026-06-01 11:27:17,V026,110.0,0.9881756733248319
2026-06-01,2026-06-01 11:27:18,V026,109.0,0.9932439921270514
2026-06-01,2026-06-01 11:27:19,V026,108.0,0.9884736065488146
2026-06-01,2026-06-01 11:27:20,V026,108.0,1.0134603713235677
2026-06-01,2026-06-01 11:27:21,V026,107.0,0.9894391618349484
2026-06-01,2026-06-01 11:27:22,V026,107.0,0.9948920977410551
2026-06-01,2026-06-01 11:27:23,V026,107.0,0.9856072719057992
2026-06-01,2026-06-01 11:27:24,V026,107.0,1.0089128554009394
2026-06-01,2026-06-01 11:27:25,V026,107.0,0.9801652544968082
2026-06-01,2026-06-01 11:27:26,V026,107.0,0.9802336580700299
2026-06-01,2026-06-01 11:27:27,V026,107.0,0.9902985264279426
2026-06-01,2026-06-01 11:27:28,V026,106.0,0.983654426045729
2026-06-01,2026-06-01 11:27:29,V026,106.0,0.9831196474695731
2026-06-01,2026-06-01 11:27:30,V026,106.0,0.9846191520453791
2026-06-01,2026-06-01 11:27:31,V026,106.0,0.9909017306903299
2026-06-01,2026-06-01 11:27:32,V026,106.0,0.9821912407033574
2026-06-01,2026-06-01 11:27:33,V026,106.0,0.9830708912109284
2026-06-01,2026-06-01 11:27:34,V026,107.0,0.9987453921208705
2026-06-01,2026-06-01 11:27:35,V026,107.0,0.9727093159339756
2026-06-01,2026-06-01 11:27:36,V026,108.0,1.0009984135195378
2026-06-01,2026-06-01 11:27:37,V026,108.0,1.0113067319414013
2026-06-01,2026-06-01 11:27:38,V026,109.0,0.9974576003746112
2026-06-01,2026-06-01 11:27:39,V026,109.0,0.9815588213974612
2026-06-01,2026-06-01 11:27:40,V026,109.0,1.0197479919959203
2026-06-01,2026-06-01 11:27:41,V026,110.0,1.0281686557097152
2026-06-01,2026-06-01 11:27:42,V026,110.0,0.9700315819468524
2026-06-01,2026-06-01 11:27:43,V026,110.0,1.0040044470080651
2026-06-01,2026-06-01 11:27:44,V026,110.0,0.9902594906718845
2026-06-01,2026-06-01 11:27:45,V026,110.0,0.9959866772548139
2026-06-01,2026-06-01 11:27:46,V026,110.0,0.9980521777739838
2026-06-01,2026-06-01 11:27:47,V026,110.0,0.991724912332299
2026-06-01,2026-06-01 11:27:48,V026,110.0,0.9967266105997022
2026-06-01,2026-06-01 11:27:49,V026,110.0,0.9908862151222928
2026-06-01,2026-06-01 11:27:50,V026,110.0,0.9898728105083876
2026-06-01,2026-06-01 11:27:51,V026,109.0,0.9996580496631456
2026-06-01,2026-06-01 11:27:52,V026,109.0,0.9950739078936163
2026-06-01,2026-06-01 11:27:53,V026,109.0,0.968024655967765
2026-06-01,2026-06-01 11:27:54,V026,109.0,1.0395200795107347
2026-06-01,2026-06-01 11:27:55,V026,110.0,0.9838165889569684
2026-06-01,2026-06-01 11:27:56,V026,110.0,0.9818908388324773
2026-06-01,2026-06-01 11:27:57,V026,110.0,0.9815094018761468
2026-06-01,2026-06-01 11:27:58,V026,110.0,0.9826813347234742
2026-06-01,2026-06-01 11:27:59,V026,110.0,0.9808566127944103
2026-06-01,2026-06-01 11:28:00,V026,111.0,0.9813550565315294
2026-06-01,2026-06-01 11:28:01,V026,111.0,0.9818801452826186
2026-06-01,2026-06-01 11:28:02,V026,111.0,0.9796026248365313
2026-06-01,2026-06-01 11:28:03,V026,111.0,0.9815228653679583
2026-06-01,2026-06-01 11:28:04,V026,111.0,0.9798621084867095
2026-06-01,2026-06-01 11:28:05,V026,110.0,0.981486042573158
2026-06-01,2026-06-01 11:28:06,V026,110.0,0.9795592233806871
2026-06-01,2026-06-01 11:28:07,V026,109.0,0.9702814788646714
2026-06-01,2026-06-01 11:28:08,V026,109.0,0.9891621927675055
2026-06-01,2026-06-01 11:28:09,V026,108.0,0.9718255381633671
2026-06-01,2026-06-01 11:28:10,V026,108.0,1.0246695217483197
2026-06-01,2026-06-01 11:28:11,V026,108.0,0.9772093829807498
2026-06-01,2026-06-01 11:28:12,V026,109.0,0.9794528191546912
2026-06-01,2026-06-01 11:28:13,V026,109.0,0.9818711042719226
2026-06-01,2026-06-01 11:28:14,V026,110.0,0.9820056936263153
2026-06-01,2026-06-01 11:28:15,V026,110.0,0.974068102236174
2026-06-01,2026-06-01 11:28:16,V026,111.0,0.995461558665233
2026-06-01,2026-06-01 11:28:17,V026,112.0,0.9805202323393027
2026-06-01,2026-06-01 11:28:18,V026,112.0,0.9800955648899836
2026-06-01,2026-06-01 11:28:19,V026,112.0,0.9694580723876365
2026-06-01,2026-06-01 11:28:20,V026,112.0,1.0085388709845053
2026-06-01,2026-06-01 11:28:21,V026,113.0,0.9973957573345003
2026-06-01,2026-06-01 11:28:22,V026,113.0,0.9773122858915713
2026-06-01,2026-06-01 11:28:23,V026,113.0,0.9845507972593652
2026-06-01,2026-06-01 11:28:24,V026,113.0,0.9779939262804817
2026-06-01,2026-06-01 11:28:25,V026,112.0,0.9797325807981079
2026-06-01,2026-06-01 11:28:26,V026,112.0,0.9818611839439342
2026-06-01,2026-06-01 11:28:27,V026,111.0,0.9841377986197167
2026-06-01,2026-06-01 11:28:28,V026,111.0,0.9711461346428774
2026-06-01,2026-06-01 11:28:29,V026,110.0,0.9837660743958068
2026-06-01,2026-06-01 11:28:30,V026,111.0,0.9832875669427857
2026-06-01,2026-06-01 11:28:31,V026,112.0,0.9775085620118816
2026-06-01,2026-06-01 11:28:32,V026,111.0,0.9824790639281187
2026-06-01,2026-06-01 11:28:33,V026,111.0,0.9799612136997429
2026-06-01,2026-06-01 11:28:34,V026,110.0,0.9873540266970963
2026-06-01,2026-06-01 11:28:35,V026,110.0,0.9820423820149509
2026-06-01,2026-06-01 11:28:36,V026,109.0,0.9839140550000129
2026-06-01,2026-06-01 11:28:37,V026,109.0,0.9882174476988591
2026-06-01,2026-06-01 11:28:38,V026,108.0,0.9800389182808578
2026-06-01,2026-06-01 11:28:39,V026,108.0,1.01525383698261
2026-06-01,2026-06-01 11:28:40,V026,107.0,0.9939773983846546
2026-06-01,2026-06-01 11:28:41,V026,106.0,0.9833721357457968
2026-06-01,2026-06-01 11:28:42,V026,105.0,1.0245593213140038
2026-06-01,2026-06-01 11:28:43,V026,105.0,0.9844951160337568
2026-06-01,2026-06-01 11:28:44,V026,105.0,0.9974608033343363
2026-06-01,2026-06-01 11:28:45,V026,104.0,1.0123473844069848
2026-06-01,2026-06-01 11:28:46,V026,104.0,1.0127761956582875
2026-06-01,2026-06-01 11:28:47,V026,104.0,0.991362777212406
2026-06-01,2026-06-01 11:28:48,V026,105.0,0.9895316605266748
2026-06-01,2026-06-01 11:28:49,V026,105.0,0.9873646432640162
2026-06-01,2026-06-01 11:28:50,V026,106.0,0.9854662428611809
2026-06-01,2026-06-01 11:28:51,V026,107.0,0.9822154428468138
2026-06-01,2026-06-01 11:28:52,V026,107.0,0.9832162713949915
2026-06-01,2026-06-01 11:28:53,V026,107.0,0.9779932009101495
2026-06-01,2026-06-01 11:28:54,V026,106.0,0.9885701103675641
2026-06-01,2026-06-01 11:28:55,V026,106.0,1.0025206833572173
2026-06-01,2026-06-01 11:28:56,V026,105.0,0.9812693222948747
2026-06-01,2026-06-01 11:28:57,V026,105.0,0.9794129599477434
2026-06-01,2026-06-01 11:28:58,V026,104.0,0.9795396932922681
2026-06-01,2026-06-01 11:28:59,V026,103.0,0.9779870568407685
2026-06-01,2026-06-01 11:29:00,V026,102.0,0.9786688875169559
2026-06-01,2026-06-01 11:29:01,V026,102.0,0.9799996229472475
2026-06-01,2026-06-01 11:29:02,V026,101.0,0.9772492879251828
2026-06-01,2026-06-01 11:29:03,V026,101.0,0.9780978695659471
2026-06-01,2026-06-01 11:29:04,V026,101.0,0.992647912063487
2026-06-01,2026-06-01 11:29:05,V026,101.0,0.9856082843429468
2026-06-01,2026-06-01 11:29:06,V026,102.0,0.9856287782477225
2026-06-01,2026-06-01 11:29:07,V026,103.0,0.9871249878675834
2026-06-01,2026-06-01 11:29:08,V026,103.0,0.9835364286480356
2026-06-01,2026-06-01 11:29:09,V026,103.0,0.9851381191373493
2026-06-01,2026-06-01 11:29:10,V026,103.0,0.9831885431660079
2026-06-01,2026-06-01 11:29:11,V026,103.0,0.983118386916308
2026-06-01,2026-06-01 11:29:12,V026,104.0,0.9835238631279604
2026-06-01,2026-06-01 11:29:13,V026,104.0,0.9835376745557521
2026-06-01,2026-06-01 11:29:14,V026,104.0,0.9837952859974288
2026-06-01,2026-06-01 11:29:15,V026,104.0,0.9823045413696809
2026-06-01,2026-06-01 11:29:16,V026,103.0,0.9824447583903222
2026-06-01,2026-06-01 11:29:17,V026,102.0,0.9854263534855655
2026-06-01,2026-06-01 11:29:18,V026,102.0,0.9828370038341154
2026-06-01,2026-06-01 11:29:19,V026,101.0,0.9836182498656407
2026-06-01,2026-06-01 11:29:20,V026,100.0,0.984068249694594
2026-06-01,2026-06-01 11:29:21,V026,100.0,0.981937914724539
2026-06-01,2026-06-01 11:29:22,V026,101.0,0.9846755417474576
2026-06-01,2026-06-01 11:29:23,V026,101.0,0.9845149339513185
2026-06-01,2026-06-01 11:29:24,V026,102.0,0.9815329344186563
2026-06-01,2026-06-01 11:29:25,V026,102.0,0.9845649223907087
2026-06-01,2026-06-01 11:29:26,V026,103.0,0.9832993814570433
2026-06-01,2026-06-01 11:29:27,V026,103.0,0.9825683017683412
2026-06-01,2026-06-01 11:29:28,V026,103.0,0.9832233262906789
2026-06-01,2026-06-01 11:29:29,V026,103.0,0.98189581173346
2026-06-01,2026-06-01 11:29:30,V026,103.0,0.9833134156643083
2026-06-01,2026-06-01 11:29:31,V026,103.0,0.9832284656212498
2026-06-01,2026-06-01 11:29:32,V026,103.0,0.9822069843290263
2026-06-01,2026-06-01 11:29:33,V026,102.0,0.9839382092787257
2026-06-01,2026-06-01 11:29:34,V026,102.0,0.9827653916855918
2026-06-01,2026-06-01 11:29:35,V026,102.0,1.0009461473754193
2026-06-01,2026-06-01 11:29:36,V026,102.0,0.9798962714334033
2026-06-01,2026-06-01 11:29:37,V026,102.0,0.9843628143324438
2026-06-01,2026-06-01 11:29:38,V026,103.0,0.9847079839221418
2026-06-01,2026-06-01 11:29:39,V026,103.0,0.9829799771158727
2026-06-01,2026-06-01 11:29:40,V026,104.0,0.9807975004234599
2026-06-01,2026-06-01 11:29:41,V026,104.0,0.9827595401469224
2026-06-01,2026-06-01 11:29:42,V026,104.0,0.991472221954381
2026-06-01,2026-06-01 11:29:43,V026,104.0,1.0031329716844812
2026-06-01,2026-06-01 11:29:44,V026,105.0,0.995143755912616
2026-06-01,2026-06-01 11:29:45,V026,105.0,1.0015858934290691
2026-06-01,2026-06-01 11:29:46,V026,105.0,0.9945722722206616
2026-06-01,2026-06-01 11:29:47,V026,105.0,1.0004451756426478
2026-06-01,2026-06-01 11:29:48,V026,106.0,0.9980212392753058
2026-06-01,2026-06-01 11:29:49,V026,107.0,0.9945508062707442
2026-06-01,2026-06-01 11:29:50,V026,107.0,0.9974980298355531
2026-06-01,2026-06-01 11:29:51,V026,108.0,0.9955368264670437
2026-06-01,2026-06-01 11:29:52,V026,108.0,0.9964320386377026
2026-06-01,2026-06-01 11:29:53,V026,108.0,0.9968724576406436
2026-06-01,2026-06-01 11:29:54,V026,107.0,0.9950888207142479
2026-06-01,2026-06-01 11:29:55,V026,107.0,0.9954267128247237
2026-06-01,2026-06-01 11:29:56,V026,106.0,0.9960584357406318
2026-06-01,2026-06-01 11:29:57,V026,105.0,0.996021471350369
2026-06-01,2026-06-01 11:29:58,V026,105.0,0.9976871160366555
2026-06-01,2026-06-01 11:29:59,V026,104.0,0.9955411945056154
2026-06-01,2026-06-01 11:30:00,V026,104.0,0.9969082352839909
2026-06-01,2026-06-01 11:30:01,V026,103.0,0.9962999222159639
2026-06-01,2026-06-01 11:30:02,V026,103.0,0.9968494811128977
2026-06-01,2026-06-01 11:30:03,V026,103.0,0.9970824767284457
2026-06-01,2026-06-01 11:30:04,V026,103.0,0.9940915928238439
2026-06-01,2026-06-01 11:30:05,V026,102.0,0.9942121259364181
2026-06-01,2026-06-01 11:30:06,V026,102.0,0.9950463668063937
2026-06-01,2026-06-01 11:30:07,V026,102.0,0.9960255870214895
2026-06-01,2026-06-01 11:30:08,V026,101.0,0.9944232584279069
2026-06-01,2026-06-01 11:30:09,V026,101.0,0.9970862032474576
2026-06-01,2026-06-01 11:30:10,V026,101.0,0.9947033482264885
2026-06-01,2026-06-01 11:30:11,V026,101.0,0.99569383456985
2026-06-01,2026-06-01 11:30:12,V026,101.0,0.9951751846465049
2026-06-01,2026-06-01 11:30:13,V026,102.0,0.9958473160737223
2026-06-01,2026-06-01 11:30:14,V026,103.0,0.9950960187355131
2026-06-01,2026-06-01 11:30:15,V026,104.0,0.9950519313857897
2026-06-01,2026-06-01 11:30:16,V026,105.0,0.9956135022732169
2026-06-01,2026-06-01 11:30:17,V026,105.0,0.9948426974731951
2026-06-01,2026-06-01 11:30:18,V026,104.0,0.9956308317441018
2026-06-01,2026-06-01 11:30:19,V026,104.0,0.9953866115127957
2026-06-01,2026-06-01 11:30:20,V026,103.0,0.9952930719111492
2026-06-01,2026-06-01 11:30:21,V026,103.0,0.9941462814936032
2026-06-01,2026-06-01 11:30:22,V026,102.0,0.9959160380034089
2026-06-01,2026-06-01 11:30:23,V026,102.0,0.9955875294851718
2026-06-01,2026-06-01 11:30:24,V026,101.0,0.9948796395434982
2026-06-01,2026-06-01 11:30:25,V026,101.0,0.993928360902489
2026-06-01,2026-06-01 11:30:26,V026,100.0,0.9939765875840058
2026-06-01,2026-06-01 11:30:27,V026,100.0,0.9953431437426721
2026-06-01,2026-06-01 11:30:28,V026,100.0,0.9946102033627724
2026-06-01,2026-06-01 11:30:29,V026,100.0,0.9940270801835386
2026-06-01,2026-06-01 11:30:30,V026,101.0,0.994674283201995
2026-06-01,2026-06-01 11:30:31,V026,101.0,0.9942642445036293
2026-06-01,2026-06-01 11:30:32,V026,101.0,0.9945720847004498
2026-06-01,2026-06-01 11:30:33,V026,102.0,0.994131248127406
2026-06-01,2026-06-01 11:30:34,V026,102.0,0.9939943631585809
2026-06-01,2026-06-01 11:30:35,V026,102.0,0.9951427807770503
2026-06-01,2026-06-01 11:30:36,V026,102.0,0.9933254674538637
2026-06-01,2026-06-01 11:30:37,V026,102.0,0.9939686478017818
2026-06-01,2026-06-01 11:30:38,V026,102.0,0.9927591463719807
2026-06-01,2026-06-01 11:30:39,V026,102.0,0.9929777748132259
2026-06-01,2026-06-01 11:30:40,V026,103.0,0.9927470654172026
2026-06-01,2026-06-01 11:30:41,V026,103.0,0.9929387738186932
2026-06-01,2026-06-01 11:30:42,V026,103.0,0.9929577443809898
2026-06-01,2026-06-01 11:30:43,V026,103.0,0.9932477580042052
2026-06-01,2026-06-01 11:30:44,V026,103.0,0.9938878560272005
2026-06-01,2026-06-01 11:30:45,V026,103.0,0.9930412739237128
2026-06-01,2026-06-01 11:30:46,V026,103.0,0.9932202509285721
2026-06-01,2026-06-01 11:30:47,V026,103.0,0.993674827089922
2026-06-01,2026-06-01 11:30:48,V026,103.0,0.9933676410803307
2026-06-01,2026-06-01 11:30:49,V026,102.0,0.9930079043004297
2026-06-01,2026-06-01 11:30:50,V026,102.0,0.9925004528232667
2026-06-01,2026-06-01 11:30:51,V026,102.0,0.9970579716972822
2026-06-01,2026-06-01 11:30:52,V026,102.0,0.981276716426935
2026-06-01,2026-06-01 11:30:53,V026,102.0,1.0033197768840247
2026-06-01,2026-06-01 11:30:54,V026,102.0,0.9778733784952981
2026-06-01,2026-06-01 11:30:55,V026,102.0,0.9921419158780097
2026-06-01,2026-06-01 11:30:56,V026,103.0,0.9816992166732296
2026-06-01,2026-06-01 11:30:57,V026,103.0,0.9933488335370103
2026-06-01,2026-06-01 11:30:58,V026,103.0,0.9938841990387486
2026-06-01,2026-06-01 11:30:59,V026,103.0,0.9881210571424418
2026-06-01,2026-06-01 11:31:00,V026,103.0,0.9979601113242713
2026-06-01,2026-06-01 11:31:01,V026,104.0,0.9979342259050156
2026-06-01,2026-06-01 11:31:02,V026,105.0,0.9779671674701803
2026-06-01,2026-06-01 11:31:03,V026,106.0,0.9836534815901765
2026-06-01,2026-06-01 11:31:04,V026,107.0,0.9882189894557829
2026-06-01,2026-06-01 11:31:05,V026,108.0,0.9974211033128945
2026-06-01,2026-06-01 11:31:06,V026,110.0,0.9899099430892441
2026-06-01,2026-06-01 11:31:07,V026,111.0,1.0239276683293486
2026-06-01,2026-06-01 11:31:08,V026,111.0,0.9841883078427653
2026-06-01,2026-06-01 11:31:09,V026,112.0,1.024042075377471
2026-06-01,2026-06-01 11:31:10,V026,112.0,1.0153533325705835
2026-06-01,2026-06-01 11:31:11,V026,113.0,0.975976991110305
2026-06-01,2026-06-01 11:31:12,V026,113.0,0.9990555276987086
2026-06-01,2026-06-01 11:31:13,V026,113.0,0.9974690991477762
2026-06-01,2026-06-01 11:31:14,V026,113.0,0.9869000859482654
2026-06-01,2026-06-01 11:31:15,V026,113.0,0.9916443077455034
2026-06-01,2026-06-01 11:31:16,V026,112.0,0.9782867689287309
2026-06-01,2026-06-01 11:31:17,V026,112.0,0.9845055498393213
2026-06-01,2026-06-01 11:31:18,V026,112.0,0.9831944040360833
2026-06-01,2026-06-01 11:31:19,V026,111.0,0.9826860391410533
2026-06-01,2026-06-01 11:31:20,V026,111.0,0.9849377104722569
2026-06-01,2026-06-01 11:31:21,V026,110.0,0.9721425473201823
2026-06-01,2026-06-01 11:31:22,V026,110.0,1.2597529820392535
2026-06-01,2026-06-01 11:31:23,V026,110.0,0.8678825286582069
2026-06-01,2026-06-01 11:31:24,V026,110.0,1.0063693521502213
2026-06-01,2026-06-01 11:31:25,V026,110.0,0.9790879006871545
2026-06-01,2026-06-01 11:31:26,V026,110.0,0.9841430094805489
2026-06-01,2026-06-01 11:31:27,V026,109.0,0.9968646812552782
2026-06-01,2026-06-01 11:31:28,V026,110.0,0.9867013365176339
2026-06-01,2026-06-01 11:31:29,V026,111.0,1.0067916385731832
2026-06-01,2026-06-01 11:31:30,V026,110.0,1.0400123930565806
2026-06-01,2026-06-01 11:31:31,V026,110.0,1.0006612579732672
2026-06-01,2026-06-01 11:31:32,V026,109.0,0.9807229883102161
2026-06-01,2026-06-01 11:31:33,V026,109.0,0.9917231124169557
2026-06-01,2026-06-01 11:31:34,V026,108.0,1.0183634789110034
2026-06-01,2026-06-01 11:31:35,V026,107.0,0.9908123412895383
2026-06-01,2026-06-01 11:31:36,V026,107.0,1.0119663097312237
2026-06-01,2026-06-01 11:31:37,V026,108.0,1.0513209448486676
2026-06-01,2026-06-01 11:31:38,V026,108.0,1.0167822740627024
2026-06-01,2026-06-01 11:31:39,V026,108.0,0.989461451638377
2026-06-01,2026-06-01 11:31:40,V026,108.0,1.0022230295780779
2026-06-01,2026-06-01 11:31:41,V026,109.0,1.0660234425889017
2026-06-01,2026-06-01 11:31:42,V026,109.0,0.9933259824412791
2026-06-01,2026-06-01 11:31:43,V026,109.0,1.0126753966358268
2026-06-01,2026-06-01 11:31:44,V026,110.0,0.9922021673233252
2026-06-01,2026-06-01 11:31:45,V026,111.0,0.9952469808078609
2026-06-01,2026-06-01 11:31:46,V026,112.0,0.9855123328031755
2026-06-01,2026-06-01 11:31:47,V026,113.0,0.9896445821788348
2026-06-01,2026-06-01 11:31:48,V026,114.0,1.0058473886904382
2026-06-01,2026-06-01 11:31:49,V026,116.0,1.1209016614400478
2026-06-01,2026-06-01 11:31:50,V026,118.0,1.099491172136453
2026-06-01,2026-06-01 11:31:51,V026,120.0,1.0143215378002268
2026-06-01,2026-06-01 11:31:52,V026,121.0,0.9961346781399024
2026-06-01,2026-06-01 11:31:53,V026,121.0,1.001496243217932
2026-06-01,2026-06-01 11:31:54,V026,122.0,0.9802426866024703
2026-06-01,2026-06-01 11:31:55,V026,122.0,1.0223272097665115
2026-06-01,2026-06-01 11:31:56,V026,122.0,1.0213663468611005
2026-06-01,2026-06-01 11:31:57,V026,122.0,0.9883509775859043
2026-06-01,2026-06-01 11:31:58,V026,122.0,0.9901809544399098
2026-06-01,2026-06-01 11:31:59,V026,122.0,1.0310767639239258
2026-06-01,2026-06-01 11:32:00,V026,122.0,1.070297361289104
2026-06-01,2026-06-01 11:32:01,V026,122.0,0.9936502586339946
2026-06-01,2026-06-01 11:32:02,V026,122.0,1.033272331860552
2026-06-01,2026-06-01 11:32:03,V026,122.0,1.2941871523364683
2026-06-01,2026-06-01 11:32:04,V026,123.0,1.0635170233116233
2026-06-01,2026-06-01 11:32:05,V026,124.0,1.0416647543662936
2026-06-01,2026-06-01 11:32:06,V026,125.0,0.9844521049427115
2026-06-01,2026-06-01 11:32:07,V026,126.0,0.9885080969283769
2026-06-01,2026-06-01 11:32:08,V026,127.0,0.9922140931208918
2026-06-01,2026-06-01 11:32:09,V026,128.0,0.9852341953115924
2026-06-01,2026-06-01 11:32:10,V026,128.0,0.991146881035797
2026-06-01,2026-06-01 11:32:11,V026,129.0,1.0074921091810034
2026-06-01,2026-06-01 11:32:12,V026,129.0,1.2330738653458628
2026-06-01,2026-06-01 11:32:13,V026,129.0,1.4280255713524344
2026-06-01,2026-06-01 11:32:14,V026,129.0,1.0790683397207712
2026-06-01,2026-06-01 11:32:15,V026,129.0,1.0085041460342892
2026-06-01,2026-06-01 11:32:16,V026,129.0,0.9639363287050501
2026-06-01,2026-06-01 11:32:17,V026,128.0,1.0151769191562088
2026-06-01,2026-06-01 11:32:18,V026,129.0,0.9813344243020646
2026-06-01,2026-06-01 11:32:19,V026,130.0,1.0717451881411417
2026-06-01,2026-06-01 11:32:20,V026,130.0,1.0115136361026469
2026-06-01,2026-06-01 11:32:21,V026,130.0,0.9929432252751168
2026-06-01,2026-06-01 11:32:22,V026,129.0,1.047631226337761
2026-06-01,2026-06-01 11:32:23,V026,128.0,1.0006912770913852
2026-06-01,2026-06-01 11:32:24,V026,127.0,1.2326139061218135
2026-06-01,2026-06-01 11:32:25,V026,127.0,0.996286425572604
2026-06-01,2026-06-01 11:32:26,V026,126.0,0.9892887640150594
2026-06-01,2026-06-01 11:32:27,V026,125.0,0.9945264233252775
2026-06-01,2026-06-01 11:32:28,V026,124.0,0.9745520839424606
2026-06-01,2026-06-01 11:32:29,V026,124.0,1.0136293064630884
2026-06-01,2026-06-01 11:32:30,V026,124.0,0.997364848108831
2026-06-01,2026-06-01 11:32:31,V026,124.0,0.997125466023205
2026-06-01,2026-06-01 11:32:32,V026,125.0,0.9911433563617503
2026-06-01,2026-06-01 11:32:33,V026,125.0,0.9770002265067086
2026-06-01,2026-06-01 11:32:34,V026,126.0,1.0114408257110215
2026-06-01,2026-06-01 11:32:35,V026,127.0,1.004595282086511
2026-06-01,2026-06-01 11:32:36,V026,128.0,1.0182773089839794
2026-06-01,2026-06-01 11:32:37,V026,129.0,1.0081197836385667
2026-06-01,2026-06-01 11:32:38,V026,130.0,0.9904632582657903
2026-06-01,2026-06-01 11:32:39,V026,130.0,0.9950009488181065
2026-06-01,2026-06-01 11:32:40,V026,131.0,0.9896961358964337
2026-06-01,2026-06-01 11:32:41,V026,131.0,0.9939247195143304
2026-06-01,2026-06-01 11:32:42,V026,131.0,1.0016355328846518
2026-06-01,2026-06-01 11:32:43,V026,131.0,1.0481864262558043
2026-06-01,2026-06-01 11:32:44,V026,130.0,1.0477317593511057
2026-06-01,2026-06-01 11:32:45,V026,129.0,1.0160699993337352
2026-06-01,2026-06-01 11:32:46,V026,129.0,1.038511418759165
2026-06-01,2026-06-01 11:32:47,V026,128.0,1.2116096460507992
2026-06-01,2026-06-01 11:32:48,V026,128.0,1.1295775332686353
2026-06-01,2026-06-01 11:32:49,V026,128.0,1.3792980046404324
2026-06-01,2026-06-01 11:32:50,V026,127.0,0.9830039978108027
2026-06-01,2026-06-01 11:32:51,V026,127.0,1.0068929418569976
2026-06-01,2026-06-01 11:32:52,V026,127.0,0.9769360512534887
2026-06-01,2026-06-01 11:32:53,V026,127.0,0.9801425682038503
2026-06-01,2026-06-01 11:32:54,V026,125.0,0.9882472632050104
2026-06-01,2026-06-01 11:32:55,V026,125.0,0.9822329546740964
2026-06-01,2026-06-01 11:32:56,V026,124.0,0.9821350958485453
2026-06-01,2026-06-01 11:32:57,V026,123.0,0.9796607631534006
2026-06-01,2026-06-01 11:32:58,V026,123.0,0.9972746872086851
2026-06-01,2026-06-01 11:32:59,V026,122.0,0.9775964453763393
2026-06-01,2026-06-01 11:33:00,V026,122.0,0.9900437686783862
2026-06-01,2026-06-01 11:33:01,V026,122.0,0.9978832542079151
2026-06-01,2026-06-01 11:33:02,V026,122.0,1.049972913458406
2026-06-01,2026-06-01 11:33:03,V026,122.0,0.9607520619254687
2026-06-01,2026-06-01 11:33:04,V026,122.0,1.065004221626177
2026-06-01,2026-06-01 11:33:05,V026,123.0,0.9712051581884854
2026-06-01,2026-06-01 11:33:06,V026,123.0,1.1818188476275866
2026-06-01,2026-06-01 11:33:07,V026,123.0,0.9965668867135975
2026-06-01,2026-06-01 11:33:08,V026,123.0,1.0577038798797012
2026-06-01,2026-06-01 11:33:09,V026,123.0,1.014457698044659
2026-06-01,2026-06-01 11:33:10,V026,123.0,1.0676652431935434
2026-06-01,2026-06-01 11:33:11,V026,123.0,0.9905694606230634
2026-06-01,2026-06-01 11:33:12,V026,122.0,0.9955786913647027
2026-06-01,2026-06-01 11:33:13,V026,121.0,0.9888876950082216
2026-06-01,2026-06-01 11:33:14,V026,120.0,1.0028928971923015
2026-06-01,2026-06-01 11:33:15,V026,120.0,0.9813499584302737
2026-06-01,2026-06-01 11:33:16,V026,119.0,0.9927542882089238
2026-06-01,2026-06-01 11:33:17,V026,118.0,0.9863109064020801
2026-06-01,2026-06-01 11:33:18,V026,118.0,0.9892208517766383
2026-06-01,2026-06-01 11:33:19,V026,118.0,0.9765981581570463
2026-06-01,2026-06-01 11:33:20,V026,118.0,1.0128861771276565
2026-06-01,2026-06-01 11:33:21,V026,118.0,1.0392648976727326
2026-06-01,2026-06-01 11:33:22,V026,118.0,1.0062945980374944
2026-06-01,2026-06-01 11:33:23,V026,118.0,0.9900941182141835
2026-06-01,2026-06-01 11:33:24,V026,119.0,0.977446399927392
2026-06-01,2026-06-01 11:33:25,V026,119.0,1.0023643289959743
2026-06-01,2026-06-01 11:33:26,V026,120.0,0.9771600830320597
2026-06-01,2026-06-01 11:33:27,V026,120.0,0.9984352268602488
2026-06-01,2026-06-01 11:33:28,V026,121.0,0.9806914479583799
2026-06-01,2026-06-01 11:33:29,V026,122.0,0.9989036444168723
2026-06-01,2026-06-01 11:33:30,V026,121.0,0.9935740041253949
2026-06-01,2026-06-01 11:33:31,V026,121.0,0.9925720487710823
2026-06-01,2026-06-01 11:33:32,V026,121.0,0.9825331916567227
2026-06-01,2026-06-01 11:33:33,V026,121.0,1.0556554758229408
2026-06-01,2026-06-01 11:33:34,V026,121.0,1.017849075934374
2026-06-01,2026-06-01 11:33:35,V026,120.0,1.0462350390995103
2026-06-01,2026-06-01 11:33:36,V026,120.0,0.9916175832504498
2026-06-01,2026-06-01 11:33:37,V026,120.0,0.9705053842722844
2026-06-01,2026-06-01 11:33:38,V026,120.0,0.9930872699027953
2026-06-01,2026-06-01 11:33:39,V026,120.0,0.981084376018577
2026-06-01,2026-06-01 11:33:40,V026,119.0,0.9851289546664233
2026-06-01,2026-06-01 11:33:41,V026,119.0,0.987783502619142
2026-06-01,2026-06-01 11:33:42,V026,119.0,1.0200347949193678
2026-06-01,2026-06-01 11:33:43,V026,118.0,1.0341689435476704
2026-06-01,2026-06-01 11:33:44,V026,117.0,1.0410528273062118
2026-06-01,2026-06-01 11:33:45,V026,117.0,0.9637425351309966
2026-06-01,2026-06-01 11:33:46,V026,117.0,1.0230832204203388
2026-06-01,2026-06-01 11:33:47,V026,116.0,1.0490588588625394
2026-06-01,2026-06-01 11:33:48,V026,116.0,1.0559577187362912
2026-06-01,2026-06-01 11:33:49,V026,116.0,1.0318655854347225
2026-06-01,2026-06-01 11:33:50,V026,117.0,1.0071073175456748
2026-06-01,2026-06-01 11:33:51,V026,117.0,1.0171209075087861
2026-06-01,2026-06-01 11:33:52,V026,118.0,0.9753449803135562
2026-06-01,2026-06-01 11:33:53,V026,119.0,1.004488282005352
2026-06-01,2026-06-01 11:33:54,V026,118.0,0.9773195204868387
2026-06-01,2026-06-01 11:33:55,V026,117.0,0.9922793158391894
2026-06-01,2026-06-01 11:33:56,V026,117.0,0.9792122605924515
2026-06-01,2026-06-01 11:33:57,V026,116.0,0.9921204774371881
2026-06-01,2026-06-01 11:33:58,V026,115.0,0.9804910923030912
2026-06-01,2026-06-01 11:33:59,V026,114.0,1.0146068071346448
2026-06-01,2026-06-01 11:34:00,V026,114.0,1.009886436049537
2026-06-01,2026-06-01 11:34:01,V026,113.0,1.0754602281066612
2026-06-01,2026-06-01 11:34:02,V026,113.0,0.9567786140794059
2026-06-01,2026-06-01 11:34:03,V026,114.0,1.0488017505237945
2026-06-01,2026-06-01 11:34:04,V026,114.0,0.9861999929469748
2026-06-01,2026-06-01 11:34:05,V026,115.0,1.0275451310203514
2026-06-01,2026-06-01 11:34:06,V026,116.0,0.9998767853053512
2026-06-01,2026-06-01 11:34:07,V026,116.0,0.9892293077551939
2026-06-01,2026-06-01 11:34:08,V026,116.0,0.982890339887508
2026-06-01,2026-06-01 11:34:09,V026,117.0,1.0502767935681205
2026-06-01,2026-06-01 11:34:10,V026,117.0,1.0291874846529996
2026-06-01,2026-06-01 11:34:11,V026,117.0,0.9781941382339367
2026-06-01,2026-06-01 11:34:12,V026,116.0,1.0982125514187115
2026-06-01,2026-06-01 11:34:13,V026,115.0,1.1409930471924674
2026-06-01,2026-06-01 11:34:14,V026,115.0,1.441782249753833
2026-06-01,2026-06-01 11:34:15,V026,115.0,1.0407111397951294
2026-06-01,2026-06-01 11:34:16,V026,115.0,0.9995603286250302
2026-06-01,2026-06-01 11:34:17,V026,115.0,0.9891701245198998
2026-06-01,2026-06-01 11:34:18,V026,116.0,1.0068982710942793
2026-06-01,2026-06-01 11:34:19,V026,117.0,0.9659494772580848
2026-06-01,2026-06-01 11:34:20,V026,118.0,1.0089749278747389
2026-06-01,2026-06-01 11:34:21,V026,119.0,0.9747730549886355
2026-06-01,2026-06-01 11:34:22,V026,119.0,1.0085468441913243
2026-06-01,2026-06-01 11:34:23,V026,120.0,0.9907472464050078
2026-06-01,2026-06-01 11:34:24,V026,120.0,0.9903628342229789
2026-06-01,2026-06-01 11:34:25,V026,121.0,1.0386523836938706
2026-06-01,2026-06-01 11:34:26,V026,122.0,1.02311890078901
2026-06-01,2026-06-01 11:34:27,V026,123.0,0.9991145726551202
2026-06-01,2026-06-01 11:34:28,V026,124.0,0.9684807464417531
2026-06-01,2026-06-01 11:34:29,V026,124.0,1.0072480117787803
2026-06-01,2026-06-01 11:34:30,V026,125.0,0.9955273326466944
2026-06-01,2026-06-01 11:34:31,V026,125.0,0.9975079965820457
2026-06-01,2026-06-01 11:34:32,V026,125.0,0.9905872285884194
2026-06-01,2026-06-01 11:34:33,V026,124.0,0.9823326330777281
2026-06-01,2026-06-01 11:34:34,V026,124.0,0.9833850353654011
2026-06-01,2026-06-01 11:34:35,V026,125.0,0.9852941708875758
2026-06-01,2026-06-01 11:34:36,V026,124.0,1.2879472537511858
2026-06-01,2026-06-01 11:34:37,V026,123.0,1.0046005476790845
2026-06-01,2026-06-01 11:34:38,V026,122.0,1.0643239766587251
2026-06-01,2026-06-01 11:34:39,V026,121.0,1.0390312100117998
2026-06-01,2026-06-01 11:34:40,V026,120.0,0.9803661074027806
2026-06-01,2026-06-01 11:34:41,V026,120.0,0.9819793838393561
2026-06-01,2026-06-01 11:34:42,V026,119.0,0.9715635139120606
2026-06-01,2026-06-01 11:34:43,V026,118.0,1.0193942890992258
2026-06-01,2026-06-01 11:34:44,V026,118.0,0.9780708613033015
2026-06-01,2026-06-01 11:34:45,V026,117.0,0.9797477106838278
2026-06-01,2026-06-01 11:34:46,V026,117.0,0.9808494146959447
2026-06-01,2026-06-01 11:34:47,V026,117.0,0.9811869766582098
2026-06-01,2026-06-01 11:34:48,V026,117.0,0.9812919754805448
2026-06-01,2026-06-01 11:34:49,V026,117.0,0.981236896066208
2026-06-01,2026-06-01 11:34:50,V026,117.0,0.9818473168833943
2026-06-01,2026-06-01 11:34:51,V026,117.0,0.9795981868737235
2026-06-01,2026-06-01 11:34:52,V026,117.0,0.9821937395294411
2026-06-01,2026-06-01 11:34:53,V026,117.0,0.9829898888435186
2026-06-01,2026-06-01 11:34:54,V026,117.0,0.9794982393822171
2026-06-01,2026-06-01 11:34:55,V026,117.0,0.9824676399298113
2026-06-01,2026-06-01 11:34:56,V026,117.0,0.9803421557283659
2026-06-01,2026-06-01 11:34:57,V026,117.0,0.9820235854134105
2026-06-01,2026-06-01 11:34:58,V026,117.0,0.9813612437957344
2026-06-01,2026-06-01 11:34:59,V026,116.0,0.9823315470151186
2026-06-01,2026-06-01 11:35:00,V026,116.0,0.980822494624706
2026-06-01,2026-06-01 11:35:01,V026,117.0,0.9812031542608202
2026-06-01,2026-06-01 11:35:02,V026,117.0,0.9808233343396812
2026-06-01,2026-06-01 11:35:03,V026,117.0,0.9805769347838899
2026-06-01,2026-06-01 11:35:04,V026,116.0,0.9809233898097672
2026-06-01,2026-06-01 11:35:05,V026,116.0,0.9803821939456406
2026-06-01,2026-06-01 11:35:06,V026,116.0,0.9812856205958028
2026-06-01,2026-06-01 11:35:07,V026,116.0,0.9816095258592125
2026-06-01,2026-06-01 11:35:08,V026,116.0,0.9790918413287027
2026-06-01,2026-06-01 11:35:09,V026,115.0,0.978470103549303
2026-06-01,2026-06-01 11:35:10,V026,115.0,0.9803054020292977
2026-06-01,2026-06-01 11:35:11,V026,115.0,0.9802852586276982
2026-06-01,2026-06-01 11:35:12,V026,115.0,0.9789697031744675
2026-06-01,2026-06-01 11:35:13,V026,114.0,0.9793663590894862
2026-06-01,2026-06-01 11:35:14,V026,114.0,0.9792167883441025
2026-06-01,2026-06-01 11:35:15,V026,114.0,0.979529465539199
2026-06-01,2026-06-01 11:35:16,V026,114.0,0.9790372733623283
2026-06-01,2026-06-01 11:35:17,V026,115.0,0.9792310778790725
2026-06-01,2026-06-01 11:35:18,V026,115.0,0.9786622581199742
2026-06-01,2026-06-01 11:35:19,V026,115.0,0.9799347442867496
2026-06-01,2026-06-01 11:35:20,V026,115.0,0.9768303969693786
2026-06-01,2026-06-01 11:35:21,V026,115.0,0.9721590802182405
2026-06-01,2026-06-01 11:35:22,V026,115.0,1.0250406841672541
2026-06-01,2026-06-01 11:35:23,V026,115.0,0.9794431218756551
2026-06-01,2026-06-01 11:35:24,V026,115.0,0.9689365378564436
2026-06-01,2026-06-01 11:35:25,V026,115.0,1.0081451422331318
2026-06-01,2026-06-01 11:35:26,V026,115.0,0.9820975444344545
2026-06-01,2026-06-01 11:35:27,V026,115.0,1.0019045808457587
2026-06-01,2026-06-01 11:35:28,V026,115.0,0.9815167328743996
2026-06-01,2026-06-01 11:35:29,V026,115.0,1.0258720995777473
2026-06-01,2026-06-01 11:35:30,V026,114.0,1.0243977701322082
2026-06-01,2026-06-01 11:35:31,V026,114.0,1.0267300715505199
2026-06-01,2026-06-01 11:35:32,V026,113.0,1.0206048205640366
2026-06-01,2026-06-01 11:35:33,V026,112.0,1.0047605456039335
2026-06-01,2026-06-01 11:35:34,V026,113.0,0.980158737555846
2026-06-01,2026-06-01 11:35:35,V026,113.0,0.9802182115261723
2026-06-01,2026-06-01 11:35:36,V026,113.0,0.9796961562823917
2026-06-01,2026-06-01 11:35:37,V026,112.0,0.9909707396744379
2026-06-01,2026-06-01 11:35:38,V026,112.0,0.9734742072566983
2026-06-01,2026-06-01 11:35:39,V026,111.0,0.9929949352119607
2026-06-01,2026-06-01 11:35:40,V026,111.0,0.9792040338372336
2026-06-01,2026-06-01 11:35:41,V026,110.0,0.9772404395829803
2026-06-01,2026-06-01 11:35:42,V026,110.0,0.97916662051563
2026-06-01,2026-06-01 11:35:43,V026,110.0,0.9801369909185089
2026-06-01,2026-06-01 11:35:44,V026,110.0,0.9954733571752756
2026-06-01,2026-06-01 11:35:45,V026,110.0,1.0485058634238003
2026-06-01,2026-06-01 11:35:46,V026,110.0,1.0270341098804048
2026-06-01,2026-06-01 11:35:47,V026,110.0,0.9938049529792593
2026-06-01,2026-06-01 11:35:48,V026,110.0,1.0277286570661472
2026-06-01,2026-06-01 11:35:49,V026,110.0,0.996029816101496
2026-06-01,2026-06-01 11:35:50,V026,110.0,0.9918261902044871
2026-06-01,2026-06-01 11:35:51,V026,110.0,0.9936693797294271
2026-06-01,2026-06-01 11:35:52,V026,111.0,0.9769640929347353
2026-06-01,2026-06-01 11:35:53,V026,112.0,1.0048275744416162
2026-06-01,2026-06-01 11:35:54,V026,111.0,1.0044357516714715
2026-06-01,2026-06-01 11:35:55,V026,111.0,0.9939098888361022
2026-06-01,2026-06-01 11:35:56,V026,110.0,0.9970068693565766
2026-06-01,2026-06-01 11:35:57,V026,110.0,1.0706981528876764
2026-06-01,2026-06-01 11:35:58,V026,109.0,0.9706001799553543
2026-06-01,2026-06-01 11:35:59,V026,109.0,0.9883015134684284
2026-06-01,2026-06-01 11:36:00,V026,109.0,0.9216406713595106
2026-06-01,2026-06-01 11:36:01,V026,109.0,1.1552032444213183
2026-06-01,2026-06-01 11:36:02,V026,109.0,0.9853077267040106
2026-06-01,2026-06-01 11:36:03,V026,109.0,1.0009569488390995
2026-06-01,2026-06-01 11:36:04,V026,110.0,1.0060890361569845
2026-06-01,2026-06-01 11:36:05,V026,110.0,0.9830716585464954
2026-06-01,2026-06-01 11:36:06,V026,110.0,1.0057046072863003
2026-06-01,2026-06-01 11:36:07,V026,110.0,1.0268780556269785
2026-06-01,2026-06-01 11:36:08,V026,110.0,1.1447192125187178
2026-06-01,2026-06-01 11:36:09,V026,110.0,1.0405068470214036
2026-06-01,2026-06-01 11:36:10,V026,110.0,1.0569380188999755
2026-06-01,2026-06-01 11:36:11,V026,110.0,1.0296454982843226
2026-06-01,2026-06-01 11:36:12,V026,110.0,1.009876608126798
2026-06-01,2026-06-01 11:36:13,V026,110.0,1.004065550093523
2026-06-01,2026-06-01 11:36:14,V026,110.0,1.1011798680050298
2026-06-01,2026-06-01 11:36:15,V026,111.0,0.968703116143076
2026-06-01,2026-06-01 11:36:16,V026,112.0,1.0217334267816864
2026-06-01,2026-06-01 11:36:17,V026,113.0,1.0175446506694354
2026-06-01,2026-06-01 11:36:18,V026,114.0,1.0238746865482058
2026-06-01,2026-06-01 11:36:19,V026,115.0,1.0047917083094462
2026-06-01,2026-06-01 11:36:20,V026,115.0,1.019093442746563
2026-06-01,2026-06-01 11:36:21,V026,116.0,0.9967005544369125
2026-06-01,2026-06-01 11:36:22,V026,116.0,0.9917054518706203
2026-06-01,2026-06-01 11:36:23,V026,116.0,0.9842414873436777
2026-06-01,2026-06-01 11:36:24,V026,116.0,1.014082474785692
2026-06-01,2026-06-01 11:36:25,V026,116.0,1.0594353834668382
2026-06-01,2026-06-01 11:36:26,V026,116.0,1.0234253214110416
2026-06-01,2026-06-01 11:36:27,V026,116.0,1.0139018371428903
2026-06-01,2026-06-01 11:36:28,V026,117.0,1.1251447948392892
2026-06-01,2026-06-01 11:36:29,V026,117.0,1.083461861756041
2026-06-01,2026-06-01 11:36:30,V026,117.0,1.0021188124969442
2026-06-01,2026-06-01 11:36:31,V026,117.0,1.0093615528013482
2026-06-01,2026-06-01 11:36:32,V026,117.0,1.009825425779663
2026-06-01,2026-06-01 11:36:33,V026,118.0,1.0556031921409734
2026-06-01,2026-06-01 11:36:34,V026,118.0,0.9990601740266762
2026-06-01,2026-06-01 11:36:35,V026,117.0,0.989692803299504
2026-06-01,2026-06-01 11:36:36,V026,117.0,0.9934571933681947
2026-06-01,2026-06-01 11:36:37,V026,117.0,0.9848524196978845
2026-06-01,2026-06-01 11:36:38,V026,116.0,1.0350827888307745
2026-06-01,2026-06-01 11:36:39,V026,116.0,1.090439111569371
2026-06-01,2026-06-01 11:36:40,V026,116.0,1.055212631285387
2026-06-01,2026-06-01 11:36:41,V026,116.0,1.0015605092436901
2026-06-01,2026-06-01 11:36:42,V026,116.0,1.2083640999142216
2026-06-01,2026-06-01 11:36:43,V026,116.0,0.9984427248524331
2026-06-01,2026-06-01 11:36:44,V026,117.0,1.0347510049982984
2026-06-01,2026-06-01 11:36:45,V026,117.0,1.0206074549417523
2026-06-01,2026-06-01 11:36:46,V026,118.0,1.037752976595131
2026-06-01,2026-06-01 11:36:47,V026,118.0,1.017368598496468
2026-06-01,2026-06-01 11:36:48,V026,119.0,1.0091879804804869
2026-06-01,2026-06-01 11:36:49,V026,119.0,1.050397664230187
2026-06-01,2026-06-01 11:36:50,V026,120.0,1.0182203652956892
2026-06-01,2026-06-01 11:36:51,V026,120.0,1.134224201142124
2026-06-01,2026-06-01 11:36:52,V026,121.0,0.9752192544145459
2026-06-01,2026-06-01 11:36:53,V026,121.0,1.0043881780509927
2026-06-01,2026-06-01 11:36:54,V026,122.0,0.9909366554705883
2026-06-01,2026-06-01 11:36:55,V026,122.0,0.9880175401941083
2026-06-01,2026-06-01 11:36:56,V026,122.0,0.9777697436802798
2026-06-01,2026-06-01 11:36:57,V026,122.0,0.9978789856616609
2026-06-01,2026-06-01 11:36:58,V026,123.0,0.9794411229163922
2026-06-01,2026-06-01 11:36:59,V026,123.0,0.9950550862523739
2026-06-01,2026-06-01 11:37:00,V026,123.0,0.979454260756243
2026-06-01,2026-06-01 11:37:01,V026,124.0,0.99243203949895
2026-06-01,2026-06-01 11:37:02,V026,124.0,0.9990532008801253
2026-06-01,2026-06-01 11:37:03,V026,124.0,1.0097368358174352
2026-06-01,2026-06-01 11:37:04,V026,125.0,1.0074861624108145
2026-06-01,2026-06-01 11:37:05,V026,125.0,1.072901078094149
2026-06-01,2026-06-01 11:37:06,V026,126.0,1.022146464448047
2026-06-01,2026-06-01 11:37:07,V026,126.0,1.041349267244255
2026-06-01,2026-06-01 11:37:08,V026,127.0,1.0205338575192207
2026-06-01,2026-06-01 11:37:09,V026,127.0,1.0248179464155132
2026-06-01,2026-06-01 11:37:10,V026,128.0,1.0069221700065134
2026-06-01,2026-06-01 11:37:11,V026,128.0,0.9831990345335935
2026-06-01,2026-06-01 11:37:12,V026,128.0,0.996079544706757
2026-06-01,2026-06-01 11:37:13,V026,128.0,0.9873880378104753
2026-06-01,2026-06-01 11:37:14,V026,128.0,0.9863751032248383
2026-06-01,2026-06-01 11:37:15,V026,128.0,0.993629776803911
2026-06-01,2026-06-01 11:37:16,V026,127.0,0.9853649450466504
2026-06-01,2026-06-01 11:37:17,V026,127.0,0.9852146447685881
2026-06-01,2026-06-01 11:37:18,V026,126.0,1.0035106170240096
2026-06-01,2026-06-01 11:37:19,V026,126.0,0.9884549390506684
2026-06-01,2026-06-01 11:37:20,V026,126.0,1.129831227790222
2026-06-01,2026-06-01 11:37:21,V026,126.0,1.084066817836164
2026-06-01,2026-06-01 11:37:22,V026,126.0,1.031500885499811
2026-06-01,2026-06-01 11:37:23,V026,126.0,1.1352183652075305
2026-06-01,2026-06-01 11:37:24,V026,126.0,1.376491991643409
2026-06-01,2026-06-01 11:37:25,V026,125.0,1.1568962663335747
2026-06-01,2026-06-01 11:37:26,V026,125.0,1.0054937435508802
2026-06-01,2026-06-01 11:37:27,V026,125.0,1.1184176172986107
2026-06-01,2026-06-01 11:37:28,V026,126.0,1.1733579031633428
2026-06-01,2026-06-01 11:37:29,V026,126.0,1.0096022309001027
2026-06-01,2026-06-01 11:37:30,V026,126.0,1.0270177632535462
2026-06-01,2026-06-01 11:37:31,V026,125.0,1.000313528896735
2026-06-01,2026-06-01 11:37:32,V026,124.0,1.017424705708556
2026-06-01,2026-06-01 11:37:33,V026,124.0,1.004151685031513
2026-06-01,2026-06-01 11:37:34,V026,123.0,1.0242089121209494
2026-06-01,2026-06-01 11:37:35,V026,122.0,1.0173789511948732
2026-06-01,2026-06-01 11:37:36,V026,122.0,1.168723196048103
2026-06-01,2026-06-01 11:37:37,V026,121.0,1.0081331830714997
2026-06-01,2026-06-01 11:37:38,V026,121.0,1.0863601996925356
2026-06-01,2026-06-01 11:37:39,V026,121.0,1.0865166244934965
2026-06-01,2026-06-01 11:37:40,V026,121.0,0.887909831990874
2026-06-01,2026-06-01 11:37:41,V026,121.0,1.206645102285317
2026-06-01,2026-06-01 11:37:42,V026,120.0,1.006690681241077
2026-06-01,2026-06-01 11:37:43,V026,120.0,0.9969478213777588
2026-06-01,2026-06-01 11:37:44,V026,121.0,1.0296755703167373
2026-06-01,2026-06-01 11:37:45,V026,121.0,1.0111953410008927
2026-06-01,2026-06-01 11:37:46,V026,122.0,1.088309969364169
2026-06-01,2026-06-01 11:37:47,V026,122.0,1.1414367920984505
2026-06-01,2026-06-01 11:37:48,V026,122.0,1.0125146483958405
2026-06-01,2026-06-01 11:37:49,V026,122.0,1.1494049791323602
2026-06-01,2026-06-01 11:37:50,V026,122.0,1.071783234686253
2026-06-01,2026-06-01 11:37:51,V026,121.0,1.3263894475896385
2026-06-01,2026-06-01 11:37:52,V026,121.0,1.2118732898824127
2026-06-01,2026-06-01 11:37:53,V026,120.0,1.3321058805808068
2026-06-01,2026-06-01 11:37:54,V026,120.0,1.152212461894176
2026-06-01,2026-06-01 11:37:55,V026,120.0,1.0008403866202418
2026-06-01,2026-06-01 11:37:56,V026,121.0,1.05873197468257
2026-06-01,2026-06-01 11:37:57,V026,121.0,0.9878400782850081
2026-06-01,2026-06-01 11:37:58,V026,122.0,0.9810829682730158
2026-06-01,2026-06-01 11:37:59,V026,122.0,1.0030947763378721
2026-06-01,2026-06-01 11:38:00,V026,123.0,0.9724080804821422
2026-06-01,2026-06-01 11:38:01,V026,123.0,0.9887539963366246
2026-06-01,2026-06-01 11:38:02,V026,123.0,0.9949716786194326
2026-06-01,2026-06-01 11:38:03,V026,123.0,0.9739252570388088
2026-06-01,2026-06-01 11:38:04,V026,123.0,1.1358793532075413
2026-06-01,2026-06-01 11:38:05,V026,123.0,1.0564313511422585
2026-06-01,2026-06-01 11:38:06,V026,124.0,1.0986828175594976
2026-06-01,2026-06-01 11:38:07,V026,125.0,1.0659862718888102
2026-06-01,2026-06-01 11:38:08,V026,126.0,1.0834696142764757
2026-06-01,2026-06-01 11:38:09,V026,127.0,1.0241629535386623
2026-06-01,2026-06-01 11:38:10,V026,127.0,1.5801223491964826
2026-06-01,2026-06-01 11:38:11,V026,128.0,1.2021496791345043
2026-06-01,2026-06-01 11:38:12,V026,129.0,1.0919435928006842
2026-06-01,2026-06-01 11:38:13,V026,129.0,1.0139336417471534
2026-06-01,2026-06-01 11:38:14,V026,130.0,0.9899323250849109
2026-06-01,2026-06-01 11:38:15,V026,130.0,0.9845625975771837
2026-06-01,2026-06-01 11:38:16,V026,130.0,1.0299387298208427
2026-06-01,2026-06-01 11:38:17,V026,129.0,0.965682223982412
2026-06-01,2026-06-01 11:38:18,V026,129.0,0.9949784865100522
2026-06-01,2026-06-01 11:38:19,V026,129.0,1.0219112828951251
2026-06-01,2026-06-01 11:38:20,V026,130.0,0.9545979338490199
2026-06-01,2026-06-01 11:38:21,V026,131.0,1.0111032128189061
2026-06-01,2026-06-01 11:38:22,V026,131.0,0.9733835488914034
2026-06-01,2026-06-01 11:38:23,V026,132.0,1.022362478157248
2026-06-01,2026-06-01 11:38:24,V026,132.0,0.9984704918274939
2026-06-01,2026-06-01 11:38:25,V026,133.0,0.9894724195086974
2026-06-01,2026-06-01 11:38:26,V026,133.0,0.9877905616398595
2026-06-01,2026-06-01 11:38:27,V026,134.0,0.9892303251239825
2026-06-01,2026-06-01 11:38:28,V026,134.0,0.9881457489715643
2026-06-01,2026-06-01 11:38:29,V026,134.0,1.008695180183966
2026-06-01,2026-06-01 11:38:30,V026,133.0,0.9836167636433749
2026-06-01,2026-06-01 11:38:31,V026,133.0,0.9950110918948267
2026-06-01,2026-06-01 11:38:32,V026,132.0,0.987855495481948
2026-06-01,2026-06-01 11:38:33,V026,131.0,0.9917086387486157
2026-06-01,2026-06-01 11:38:34,V026,130.0,0.9961566084977383
2026-06-01,2026-06-01 11:38:35,V026,129.0,0.9886464380780026
2026-06-01,2026-06-01 11:38:36,V026,129.0,0.9883725131784805
2026-06-01,2026-06-01 11:38:37,V026,128.0,0.999982411861087
2026-06-01,2026-06-01 11:38:38,V026,128.0,0.997220423850814
2026-06-01,2026-06-01 11:38:39,V026,128.0,0.9872064734836196
2026-06-01,2026-06-01 11:38:40,V026,127.0,0.9899010835356084
2026-06-01,2026-06-01 11:38:41,V026,127.0,0.999557894612494
2026-06-01,2026-06-01 11:38:42,V026,127.0,0.981217303282762
2026-06-01,2026-06-01 11:38:43,V026,126.0,0.9861358097756379
2026-06-01,2026-06-01 11:38:44,V026,126.0,0.9971746813536791
2026-06-01,2026-06-01 11:38:45,V026,126.0,0.98925271255419
2026-06-01,2026-06-01 11:38:46,V026,126.0,0.9879512414660605
2026-06-01,2026-06-01 11:38:47,V026,127.0,0.9970346104245238
2026-06-01,2026-06-01 11:38:48,V026,126.0,0.9875296271715408
2026-06-01,2026-06-01 11:38:49,V026,126.0,0.983567963379214
2026-06-01,2026-06-01 11:38:50,V026,126.0,0.9840189690241439
2026-06-01,2026-06-01 11:38:51,V026,126.0,0.9970598471751867
2026-06-01,2026-06-01 11:38:52,V026,125.0,0.9862024307537963
2026-06-01,2026-06-01 11:38:53,V026,125.0,0.994681502138776
2026-06-01,2026-06-01 11:38:54,V026,124.0,0.9995978586163683
2026-06-01,2026-06-01 11:38:55,V026,124.0,0.9909933162979501
2026-06-01,2026-06-01 11:38:56,V026,123.0,1.0034777005278008
2026-06-01,2026-06-01 11:38:57,V026,122.0,0.9958193041169663
2026-06-01,2026-06-01 11:38:58,V026,121.0,0.9971391071650616
2026-06-01,2026-06-01 11:38:59,V026,121.0,0.9875527951324751
2026-06-01,2026-06-01 11:39:00,V026,120.0,0.9884995954303258
2026-06-01,2026-06-01 11:39:01,V026,120.0,0.9883221796641997
2026-06-01,2026-06-01 11:39:02,V026,120.0,0.988107380804084
2026-06-01,2026-06-01 11:39:03,V026,120.0,0.996064549344122
2026-06-01,2026-06-01 11:39:04,V026,120.0,0.9788852628977469
2026-06-01,2026-06-01 11:39:05,V026,120.0,0.9962408966706942
2026-06-01,2026-06-01 11:39:06,V026,120.0,0.9928706651548623
2026-06-01,2026-06-01 11:39:07,V026,119.0,0.9783734827573848
2026-06-01,2026-06-01 11:39:08,V026,119.0,1.0229577470566187
2026-06-01,2026-06-01 11:39:09,V026,119.0,0.9747075207740417
2026-06-01,2026-06-01 11:39:10,V026,118.0,0.96378740220525
2026-06-01,2026-06-01 11:39:11,V026,118.0,1.0308205534940014
2026-06-01,2026-06-01 11:39:12,V026,117.0,1.0219262199863641
2026-06-01,2026-06-01 11:39:13,V026,117.0,0.9642847463359132
2026-06-01,2026-06-01 11:39:14,V026,116.0,1.0285099764493058
2026-06-01,2026-06-01 11:39:15,V026,116.0,0.955740967140445
2026-06-01,2026-06-01 11:39:16,V026,116.0,1.0347284265300605
2026-06-01,2026-06-01 11:39:17,V026,116.0,0.988966481438183
2026-06-01,2026-06-01 11:39:18,V026,115.0,0.9802124873326746
2026-06-01,2026-06-01 11:39:19,V026,114.0,0.9758028976388953
2026-06-01,2026-06-01 11:39:20,V026,114.0,0.9911732811698488
2026-06-01,2026-06-01 11:39:21,V026,113.0,0.970295356900825
2026-06-01,2026-06-01 11:39:22,V026,113.0,0.9998737688056347
2026-06-01,2026-06-01 11:39:23,V026,112.0,0.9991760597308792
2026-06-01,2026-06-01 11:39:24,V026,111.0,0.9762029515827653
2026-06-01,2026-06-01 11:39:25,V026,110.0,0.9948006037392142
2026-06-01,2026-06-01 11:39:26,V026,109.0,0.9651480624460476
2026-06-01,2026-06-01 11:39:27,V026,108.0,0.998789106050303
2026-06-01,2026-06-01 11:39:28,V026,107.0,1.0232239980469493
2026-06-01,2026-06-01 11:39:29,V026,106.0,1.007371896792108
2026-06-01,2026-06-01 11:39:30,V026,106.0,0.9913322645899663
2026-06-01,2026-06-01 11:39:31,V026,105.0,0.995724270436169
2026-06-01,2026-06-01 11:39:32,V026,106.0,0.9922513804388736
2026-06-01,2026-06-01 11:39:33,V026,106.0,0.9964587815826791
2026-06-01,2026-06-01 11:39:34,V026,106.0,0.9812274516204105
2026-06-01,2026-06-01 11:39:35,V026,107.0,1.0027730394080527
2026-06-01,2026-06-01 11:39:36,V026,108.0,0.9968913411324052
2026-06-01,2026-06-01 11:39:37,V026,108.0,1.0038781567428696
2026-06-01,2026-06-01 11:39:38,V026,109.0,0.9695068532128679
2026-06-01,2026-06-01 11:39:39,V026,109.0,1.0158158936349113
2026-06-01,2026-06-01 11:39:40,V026,109.0,0.9831385358323282
2026-06-01,2026-06-01 11:39:41,V026,110.0,0.9771916948027326
2026-06-01,2026-06-01 11:39:42,V026,110.0,0.9998584193542688
2026-06-01,2026-06-01 11:39:43,V026,110.0,0.9706378193959273
2026-06-01,2026-06-01 11:39:44,V026,110.0,0.9942785846371966
2026-06-01,2026-06-01 11:39:45,V026,111.0,0.9815296371288116
2026-06-01,2026-06-01 11:39:46,V026,110.0,0.9849634926936518
2026-06-01,2026-06-01 11:39:47,V026,110.0,0.9814705971826784
2026-06-01,2026-06-01 11:39:48,V026,110.0,0.990727727272448
2026-06-01,2026-06-01 11:39:49,V026,110.0,0.9898375526785416
2026-06-01,2026-06-01 11:39:50,V026,110.0,0.9915735405187904
2026-06-01,2026-06-01 11:39:51,V026,110.0,1.0011220251172512
2026-06-01,2026-06-01 11:39:52,V026,110.0,0.993738232291507
2026-06-01,2026-06-01 11:39:53,V026,110.0,0.9668711527582113
2026-06-01,2026-06-01 11:39:54,V026,111.0,1.0338596680064684
2026-06-01,2026-06-01 11:39:55,V026,111.0,0.9739455668103043
2026-06-01,2026-06-01 11:39:56,V026,110.0,0.9952524317977848
2026-06-01,2026-06-01 11:39:57,V026,109.0,0.9908264193711687
2026-06-01,2026-06-01 11:39:58,V026,109.0,0.9804343910066787
2026-06-01,2026-06-01 11:39:59,V026,108.0,0.9927383854662853
2026-06-01,2026-06-01 11:40:00,V026,107.0,0.9801677201694741
2026-06-01,2026-06-01 11:40:01,V026,107.0,0.9836309063274111
2026-06-01,2026-06-01 11:40:02,V026,107.0,0.9746054241621288
2026-06-01,2026-06-01 11:40:03,V026,107.0,0.9927689450613588
2026-06-01,2026-06-01 11:40:04,V026,107.0,0.9793398815032178
2026-06-01,2026-06-01 11:40:05,V026,107.0,0.9798781376597702
2026-06-01,2026-06-01 11:40:06,V026,108.0,0.9841503616718843
2026-06-01,2026-06-01 11:40:07,V026,108.0,0.9728788904450333
2026-06-01,2026-06-01 11:40:08,V026,109.0,1.0003535167878042
2026-06-01,2026-06-01 11:40:09,V026,109.0,0.9800511191483489
2026-06-01,2026-06-01 11:40:10,V026,110.0,0.9857012103766184
2026-06-01,2026-06-01 11:40:11,V026,111.0,0.9812360120593189
2026-06-01,2026-06-01 11:40:12,V026,112.0,1.0127305749186877
2026-06-01,2026-06-01 11:40:13,V026,112.0,0.967357566732136
2026-06-01,2026-06-01 11:40:14,V026,113.0,1.021017352573992
2026-06-01,2026-06-01 11:40:15,V026,114.0,0.9475319389014235
2026-06-01,2026-06-01 11:40:16,V026,114.0,1.014054409898355
2026-06-01,2026-06-01 11:40:17,V026,115.0,0.9890323664436353
2026-06-01,2026-06-01 11:40:18,V026,115.0,0.9823013776663022
2026-06-01,2026-06-01 11:40:19,V026,115.0,1.0027360542590582
2026-06-01,2026-06-01 11:40:20,V026,114.0,0.9556994760325674
2026-06-01,2026-06-01 11:40:21,V026,114.0,1.0090340329338607
2026-06-01,2026-06-01 11:40:22,V026,114.0,0.9698566552749358
2026-06-01,2026-06-01 11:40:23,V026,115.0,1.002252351744694
2026-06-01,2026-06-01 11:40:24,V026,115.0,0.985607851791482
2026-06-01,2026-06-01 11:40:25,V026,116.0,0.9784973264553314
2026-06-01,2026-06-01 11:40:26,V026,115.0,0.9851322281950766
2026-06-01,2026-06-01 11:40:27,V026,115.0,0.9882148702985551
2026-06-01,2026-06-01 11:40:28,V026,115.0,0.9716238381403773
2026-06-01,2026-06-01 11:40:29,V026,115.0,1.017792508100061
2026-06-01,2026-06-01 11:40:30,V026,114.0,0.9739829546273142
2026-06-01,2026-06-01 11:40:31,V026,113.0,1.0102246216383413
2026-06-01,2026-06-01 11:40:32,V026,113.0,0.9529130406730197
2026-06-01,2026-06-01 11:40:33,V026,113.0,1.02183046852838
2026-06-01,2026-06-01 11:40:34,V026,113.0,0.9970972687275961
2026-06-01,2026-06-01 11:40:35,V026,113.0,0.9712782835003287
2026-06-01,2026-06-01 11:40:36,V026,114.0,1.0142884652529853
2026-06-01,2026-06-01 11:40:37,V026,114.0,0.9735935682837331
2026-06-01,2026-06-01 11:40:38,V026,114.0,1.0185196264607699
2026-06-01,2026-06-01 11:40:39,V026,114.0,0.978626998953761
2026-06-01,2026-06-01 11:40:40,V026,114.0,1.0083958252017682
2026-06-01,2026-06-01 11:40:41,V026,115.0,0.9685621934887284
2026-06-01,2026-06-01 11:40:42,V026,114.0,1.0024039140232706
2026-06-01,2026-06-01 11:40:43,V026,114.0,0.9918605968431615
2026-06-01,2026-06-01 11:40:44,V026,114.0,0.982657949185849
2026-06-01,2026-06-01 11:40:45,V026,114.0,0.9956789522043393
2026-06-01,2026-06-01 11:40:46,V026,113.0,0.9819814781409919
2026-06-01,2026-06-01 11:40:47,V026,112.0,0.9913547030853814
2026-06-01,2026-06-01 11:40:48,V026,111.0,0.9849214536921473
2026-06-01,2026-06-01 11:40:49,V026,110.0,0.9910817439968602
2026-06-01,2026-06-01 11:40:50,V026,109.0,0.9884361268361324
2026-06-01,2026-06-01 11:40:51,V026,108.0,1.0037999083621572
2026-06-01,2026-06-01 11:40:52,V026,107.0,0.9896275232584987
2026-06-01,2026-06-01 11:40:53,V026,107.0,0.965454631824676
2026-06-01,2026-06-01 11:40:54,V026,107.0,1.0052829699867254
2026-06-01,2026-06-01 11:40:55,V026,107.0,0.976763341328797
2026-06-01,2026-06-01 11:40:56,V026,107.0,0.9875776655712315
2026-06-01,2026-06-01 11:40:57,V026,108.0,0.9922163680337268
2026-06-01,2026-06-01 11:40:58,V026,108.0,0.975085960154363
2026-06-01,2026-06-01 11:40:59,V026,109.0,0.9873006850958562
2026-06-01,2026-06-01 11:41:00,V026,110.0,0.9795968841599374
2026-06-01,2026-06-01 11:41:01,V026,110.0,0.9881441740409096
2026-06-01,2026-06-01 11:41:02,V026,111.0,0.9811536396070759
2026-06-01,2026-06-01 11:41:03,V026,111.0,0.9816936601116322
2026-06-01,2026-06-01 11:41:04,V026,111.0,0.9642848589636409
2026-06-01,2026-06-01 11:41:05,V026,112.0,1.0425916243828595
2026-06-01,2026-06-01 11:41:06,V026,112.0,0.9973686323422597
2026-06-01,2026-06-01 11:41:07,V026,112.0,1.0620274471796498
2026-06-01,2026-06-01 11:41:08,V026,112.0,1.014448951227587
2026-06-01,2026-06-01 11:41:09,V026,113.0,1.0172784940125335
2026-06-01,2026-06-01 11:41:10,V026,113.0,1.0493803330279459
2026-06-01,2026-06-01 11:41:11,V026,114.0,0.935253912851155
2026-06-01,2026-06-01 11:41:12,V026,114.0,0.9788986063202482
2026-06-01,2026-06-01 11:41:13,V026,115.0,0.9674155938280617
2026-06-01,2026-06-01 11:41:14,V026,115.0,0.9981533619397909
2026-06-01,2026-06-01 11:41:15,V026,115.0,0.9665953789886373
2026-06-01,2026-06-01 11:41:16,V026,115.0,1.007150432408008
2026-06-01,2026-06-01 11:41:17,V026,114.0,0.9890260561881951
2026-06-01,2026-06-01 11:41:18,V026,114.0,0.9873135658699405
2026-06-01,2026-06-01 11:41:19,V026,114.0,0.9829717551895432
2026-06-01,2026-06-01 11:41:20,V026,114.0,0.9944567022811512
2026-06-01,2026-06-01 11:41:21,V026,114.0,1.0023820293827022
2026-06-01,2026-06-01 11:41:22,V026,114.0,0.9912070099010716
2026-06-01,2026-06-01 11:41:23,V026,114.0,0.9957925914489312
2026-06-01,2026-06-01 11:41:24,V026,114.0,0.9906835072045014
2026-06-01,2026-06-01 11:41:25,V026,114.0,0.9958745263594785
2026-06-01,2026-06-01 11:41:26,V026,114.0,0.9244701336775382
2026-06-01,2026-06-01 11:41:27,V026,115.0,1.11301437082153
2026-06-01,2026-06-01 11:41:28,V026,116.0,1.0113465839204558
2026-06-01,2026-06-01 11:41:29,V026,116.0,0.959774345646696
2026-06-01,2026-06-01 11:41:30,V026,116.0,1.078928520128074
2026-06-01,2026-06-01 11:41:31,V026,117.0,0.9561205048070741
2026-06-01,2026-06-01 11:41:32,V026,116.0,0.9889419944427337
2026-06-01,2026-06-01 11:41:33,V026,115.0,0.9783473525789542
2026-06-01,2026-06-01 11:41:34,V026,114.0,1.0046689051943638
2026-06-01,2026-06-01 11:41:35,V026,114.0,0.9831078208219103
2026-06-01,2026-06-01 11:41:36,V026,113.0,0.9728340124055285
2026-06-01,2026-06-01 11:41:37,V026,112.0,0.9825717444433865
2026-06-01,2026-06-01 11:41:38,V026,111.0,0.9767315490400322
2026-06-01,2026-06-01 11:41:39,V026,111.0,0.976612633314716
2026-06-01,2026-06-01 11:41:40,V026,110.0,0.9779133609511372
2026-06-01,2026-06-01 11:41:41,V026,109.0,0.9773666560282248
2026-06-01,2026-06-01 11:41:42,V026,108.0,0.9786158697552357
2026-06-01,2026-06-01 11:41:43,V026,108.0,0.9884677008716678
2026-06-01,2026-06-01 11:41:44,V026,108.0,0.9754610657908495
2026-06-01,2026-06-01 11:41:45,V026,109.0,0.9967577440604548
2026-06-01,2026-06-01 11:41:46,V026,109.0,0.997586767036057
2026-06-01,2026-06-01 11:41:47,V026,110.0,1.0017463828533786
2026-06-01,2026-06-01 11:41:48,V026,111.0,0.9785897209293473
2026-06-01,2026-06-01 11:41:49,V026,113.0,0.9689970688512741
2026-06-01,2026-06-01 11:41:50,V026,114.0,1.0182643714072184
2026-06-01,2026-06-01 11:41:51,V026,115.0,0.9720766853572277
2026-06-01,2026-06-01 11:41:52,V026,116.0,1.013192453209826
2026-06-01,2026-06-01 11:41:53,V026,116.0,0.9810304823178679
2026-06-01,2026-06-01 11:41:54,V026,116.0,0.9933590760608606
2026-06-01,2026-06-01 11:41:55,V026,116.0,1.000696175387539
2026-06-01,2026-06-01 11:41:56,V026,116.0,0.9783367854966607
2026-06-01,2026-06-01 11:41:57,V026,116.0,1.0085925484378322
2026-06-01,2026-06-01 11:41:58,V026,116.0,1.0007455247999963
2026-06-01,2026-06-01 11:41:59,V026,115.0,0.993642745625572
2026-06-01,2026-06-01 11:42:00,V026,115.0,0.9952843164491
2026-06-01,2026-06-01 11:42:01,V026,114.0,0.9845570783929242
2026-06-01,2026-06-01 11:42:02,V026,114.0,0.9737890296378388
2026-06-01,2026-06-01 11:42:03,V026,113.0,0.9794511907783942
2026-06-01,2026-06-01 11:42:04,V026,112.0,0.9751689507242668
2026-06-01,2026-06-01 11:42:05,V026,112.0,0.9778876841276225
2026-06-01,2026-06-01 11:42:06,V026,111.0,0.9814164943575895
2026-06-01,2026-06-01 11:42:07,V026,111.0,0.9656704872239136
2026-06-01,2026-06-01 11:42:08,V026,111.0,1.0108800542793244
2026-06-01,2026-06-01 11:42:09,V026,110.0,0.9691114615424128
2026-06-01,2026-06-01 11:42:10,V026,110.0,0.970292860019607
2026-06-01,2026-06-01 11:42:11,V026,110.0,0.9852874886200557
2026-06-01,2026-06-01 11:42:12,V026,110.0,0.9862743480741013
2026-06-01,2026-06-01 11:42:13,V026,110.0,0.9727568080906926
2026-06-01,2026-06-01 11:42:14,V026,110.0,0.9930076028970998
2026-06-01,2026-06-01 11:42:15,V026,111.0,0.982340068593366
2026-06-01,2026-06-01 11:42:16,V026,111.0,0.9852878515162102
2026-06-01,2026-06-01 11:42:17,V026,111.0,0.9809920646118045
2026-06-01,2026-06-01 11:42:18,V026,111.0,0.9717420834273981
2026-06-01,2026-06-01 11:42:19,V026,111.0,1.0136371994219986
2026-06-01,2026-06-01 11:42:20,V026,111.0,0.9741487492255912
2026-06-01,2026-06-01 11:42:21,V026,111.0,1.0227587013665127
2026-06-01,2026-06-01 11:42:22,V026,110.0,0.9986602652613865
2026-06-01,2026-06-01 11:42:23,V026,110.0,0.9981253659236005
2026-06-01,2026-06-01 11:42:24,V026,110.0,0.9807666056558028
2026-06-01,2026-06-01 11:42:25,V026,110.0,0.9735568499101988
2026-06-01,2026-06-01 11:42:26,V026,110.0,0.9914695611367924
2026-06-01,2026-06-01 11:42:27,V026,110.0,1.0374448833923915
2026-06-01,2026-06-01 11:42:28,V026,111.0,1.00006278777489
2026-06-01,2026-06-01 11:42:29,V026,111.0,0.9840700287956939
2026-06-01,2026-06-01 11:42:30,V026,111.0,0.9883998718438992
2026-06-01,2026-06-01 11:42:31,V026,111.0,0.983881286556567
2026-06-01,2026-06-01 11:42:32,V026,111.0,0.9951190918946892
2026-06-01,2026-06-01 11:42:33,V026,111.0,0.986787796820764
2026-06-01,2026-06-01 11:42:34,V026,111.0,1.030263694851097
2026-06-01,2026-06-01 11:42:35,V026,111.0,0.9686832144253386
2026-06-01,2026-06-01 11:42:36,V026,112.0,1.004626451154972
2026-06-01,2026-06-01 11:42:37,V026,112.0,1.0237175573492676
2026-06-01,2026-06-01 11:42:38,V026,113.0,1.0126536631646983
2026-06-01,2026-06-01 11:42:39,V026,113.0,0.9768773017782761
2026-06-01,2026-06-01 11:42:40,V026,114.0,1.0140520545202785
2026-06-01,2026-06-01 11:42:41,V026,114.0,0.9566378909695264
2026-06-01,2026-06-01 11:42:42,V026,114.0,1.025619502579022
2026-06-01,2026-06-01 11:42:43,V026,114.0,0.9911758796866479
2026-06-01,2026-06-01 11:42:44,V026,114.0,0.9984434084841055
2026-06-01,2026-06-01 11:42:45,V026,114.0,1.3178669529220588
2026-06-01,2026-06-01 11:42:46,V026,114.0,1.1215777832167713
2026-06-01,2026-06-01 11:42:47,V026,114.0,1.0653393504924158
2026-06-01,2026-06-01 11:42:48,V026,113.0,1.1767090061387322
2026-06-01,2026-06-01 11:42:49,V026,112.0,1.7880953702397155
2026-06-01,2026-06-01 11:42:50,V026,111.0,1.0678240652078919
2026-06-01,2026-06-01 11:42:51,V026,110.0,0.9679975834192519
2026-06-01,2026-06-01 11:42:52,V026,109.0,1.130003576854969
2026-06-01,2026-06-01 11:42:53,V026,108.0,0.9359176740394068
2026-06-01,2026-06-01 11:42:54,V026,108.0,1.002337417749
2026-06-01,2026-06-01 11:42:55,V026,107.0,1.0465295969028567
2026-06-01,2026-06-01 11:42:56,V026,108.0,1.0280647228145627
2026-06-01,2026-06-01 11:42:57,V026,109.0,1.0236797737059418
2026-06-01,2026-06-01 11:42:58,V026,110.0,1.0270799447829808
2026-06-01,2026-06-01 11:42:59,V026,111.0,1.0274044874614747
2026-06-01,2026-06-01 11:43:00,V026,112.0,1.0009433747300047
2026-06-01,2026-06-01 11:43:01,V026,113.0,0.9990772638183338
2026-06-01,2026-06-01 11:43:02,V026,113.0,1.0397577727643632
2026-06-01,2026-06-01 11:43:03,V026,112.0,1.034160048124107
2026-06-01,2026-06-01 11:43:04,V026,112.0,1.0136488899922598
2026-06-01,2026-06-01 11:43:05,V026,113.0,1.0294636512739457
2026-06-01,2026-06-01 11:43:06,V026,113.0,1.0439959784999704
2026-06-01,2026-06-01 11:43:07,V026,114.0,1.0259925448943885
2026-06-01,2026-06-01 11:43:08,V026,115.0,1.0239435430005872
2026-06-01,2026-06-01 11:43:09,V026,115.0,0.9743781198333281
2026-06-01,2026-06-01 11:43:10,V026,116.0,1.0290235685991913
2026-06-01,2026-06-01 11:43:11,V026,117.0,1.017416585055961
2026-06-01,2026-06-01 11:43:12,V026,117.0,0.9946218373789422
2026-06-01,2026-06-01 11:43:13,V026,118.0,0.9815067905234954
2026-06-01,2026-06-01 11:43:14,V026,118.0,0.9902102412460877
2026-06-01,2026-06-01 11:43:15,V026,119.0,0.9871098642635063
2026-06-01,2026-06-01 11:43:16,V026,119.0,0.9844243897614561
2026-06-01,2026-06-01 11:43:17,V026,120.0,0.9915528614167863
2026-06-01,2026-06-01 11:43:18,V026,120.0,0.9912198830619566
2026-06-01,2026-06-01 11:43:19,V026,120.0,1.0151137167811928
2026-06-01,2026-06-01 11:43:20,V026,121.0,1.0102564482773675
2026-06-01,2026-06-01 11:43:21,V026,121.0,1.0157343730490227
2026-06-01,2026-06-01 11:43:22,V026,121.0,0.9852073350037206
2026-06-01,2026-06-01 11:43:23,V026,121.0,0.984144969282942
2026-06-01,2026-06-01 11:43:24,V026,121.0,0.9829018527473182
2026-06-01,2026-06-01 11:43:25,V026,121.0,0.9935262380098587
2026-06-01,2026-06-01 11:43:26,V026,121.0,0.9974140364235741
2026-06-01,2026-06-01 11:43:27,V026,121.0,0.9861067119682231
2026-06-01,2026-06-01 11:43:28,V026,121.0,0.9846260519188282
2026-06-01,2026-06-01 11:43:29,V026,120.0,1.005017359241497
2026-06-01,2026-06-01 11:43:30,V026,120.0,0.9894754647121977
2026-06-01,2026-06-01 11:43:31,V026,120.0,0.994908961723613
2026-06-01,2026-06-01 11:43:32,V026,120.0,0.9840883127581114
2026-06-01,2026-06-01 11:43:33,V026,120.0,0.9942085216780815
2026-06-01,2026-06-01 11:43:34,V026,120.0,1.0022945151365585
2026-06-01,2026-06-01 11:43:35,V026,120.0,1.0186430858272704
2026-06-01,2026-06-01 11:43:36,V026,120.0,0.9965429224679061
2026-06-01,2026-06-01 11:43:37,V026,121.0,1.0048227466259763
2026-06-01,2026-06-01 11:43:38,V026,121.0,1.0019750454608152
2026-06-01,2026-06-01 11:43:39,V026,121.0,0.9605345214100224
2026-06-01,2026-06-01 11:43:40,V026,121.0,1.093947971769785
2026-06-01,2026-06-01 11:43:41,V026,122.0,0.9600729608739128
2026-06-01,2026-06-01 11:43:42,V026,122.0,1.028507112675825
2026-06-01,2026-06-01 11:43:43,V026,122.0,1.016336418812045
2026-06-01,2026-06-01 11:43:44,V026,121.0,1.0245058417961705
2026-06-01,2026-06-01 11:43:45,V026,121.0,1.031231807550421
2026-06-01,2026-06-01 11:43:46,V026,121.0,1.0179878708582564
2026-06-01,2026-06-01 11:43:47,V026,121.0,1.0174374746817052
2026-06-01,2026-06-01 11:43:48,V026,121.0,1.0326819680144312
2026-06-01,2026-06-01 11:43:49,V026,121.0,1.026971603490362
2026-06-01,2026-06-01 11:43:50,V026,121.0,1.0241908130972457
2026-06-01,2026-06-01 11:43:51,V026,121.0,1.0264394197259632
2026-06-01,2026-06-01 11:43:52,V026,121.0,1.0233026114246284
2026-06-01,2026-06-01 11:43:53,V026,121.0,1.0191800003331988
2026-06-01,2026-06-01 11:43:54,V026,122.0,1.0024892419890772
2026-06-01,2026-06-01 11:43:55,V026,122.0,1.0159563788534889
2026-06-01,2026-06-01 11:43:56,V026,122.0,1.0234995387481867
2026-06-01,2026-06-01 11:43:57,V026,122.0,1.007215619296863
2026-06-01,2026-06-01 11:43:58,V026,122.0,1.0174126290115506
2026-06-01,2026-06-01 11:43:59,V026,122.0,1.0203058007520116
2026-06-01,2026-06-01 11:44:00,V026,122.0,1.0239473165383712
2026-06-01,2026-06-01 11:44:01,V026,122.0,1.0181152273449294
2026-06-01,2026-06-01 11:44:02,V026,122.0,1.0181250961895147
2026-06-01,2026-06-01 11:44:03,V026,122.0,1.0233004587671135
2026-06-01,2026-06-01 11:44:04,V026,122.0,1.0082343898856096
2026-06-01,2026-06-01 11:44:05,V026,121.0,1.0291234290786169
2026-06-01,2026-06-01 11:44:06,V026,121.0,1.0389557451031226
2026-06-01,2026-06-01 11:44:07,V026,121.0,1.0283271795685378
2026-06-01,2026-06-01 11:44:08,V026,121.0,1.0255090699891223
2026-06-01,2026-06-01 11:44:09,V026,120.0,1.0217269005511853
2026-06-01,2026-06-01 11:44:10,V026,120.0,1.0223214175613302
2026-06-01,2026-06-01 11:44:11,V026,120.0,1.01878480243257
2026-06-01,2026-06-01 11:44:12,V026,118.0,1.0232108042248396
2026-06-01,2026-06-01 11:44:13,V026,118.0,1.0209187821931835
2026-06-01,2026-06-01 11:44:14,V026,118.0,1.0202757321093123
2026-06-01,2026-06-01 11:44:15,V026,118.0,1.0199946692495518
2026-06-01,2026-06-01 11:44:16,V026,119.0,1.032490342573326
2026-06-01,2026-06-01 11:44:17,V026,119.0,1.0202629462168065
2026-06-01,2026-06-01 11:44:18,V026,120.0,1.022944530256532
2026-06-01,2026-06-01 11:44:19,V026,120.0,1.0243604906953658
2026-06-01,2026-06-01 11:44:20,V026,121.0,1.0214924244347972
2026-06-01,2026-06-01 11:44:21,V026,121.0,1.0221317382649027
2026-06-01,2026-06-01 11:44:22,V026,121.0,1.02188859207332
2026-06-01,2026-06-01 11:44:23,V026,121.0,1.0218554829809319
2026-06-01,2026-06-01 11:44:24,V026,121.0,1.0224547578089005
2026-06-01,2026-06-01 11:44:25,V026,121.0,1.0245371096198095
2026-06-01,2026-06-01 11:44:26,V026,121.0,1.0239128929734962
2026-06-01,2026-06-01 11:44:27,V026,121.0,1.0216418470992965
2026-06-01,2026-06-01 11:44:28,V026,121.0,1.0219625067570115
2026-06-01,2026-06-01 11:44:29,V026,120.0,1.0221520898965277
2026-06-01,2026-06-01 11:44:30,V026,120.0,1.0216042487543837
2026-06-01,2026-06-01 11:44:31,V026,120.0,1.0216671705191438
2026-06-01,2026-06-01 11:44:32,V026,120.0,1.0216762070341987
2026-06-01,2026-06-01 11:44:33,V026,119.0,1.0191487940622654
2026-06-01,2026-06-01 11:44:34,V026,119.0,1.0231489308366895
2026-06-01,2026-06-01 11:44:35,V026,119.0,1.025755004239229
2026-06-01,2026-06-01 11:44:36,V026,119.0,1.0253919647051526
2026-06-01,2026-06-01 11:44:37,V026,119.0,1.0220801354213611
2026-06-01,2026-06-01 11:44:38,V026,119.0,1.0191565613214864
2026-06-01,2026-06-01 11:44:39,V026,119.0,1.021705385752199
2026-06-01,2026-06-01 11:44:40,V026,119.0,1.0197702253918068
2026-06-01,2026-06-01 11:44:41,V026,118.0,1.0267240878908914
2026-06-01,2026-06-01 11:44:42,V026,118.0,1.0226207817062423
2026-06-01,2026-06-01 11:44:43,V026,119.0,1.022202031217239
2026-06-01,2026-06-01 11:44:44,V026,119.0,1.0204061564224767
2026-06-01,2026-06-01 11:44:45,V026,119.0,1.0232480987289734
2026-06-01,2026-06-01 11:44:46,V026,119.0,1.0251687276678438
2026-06-01,2026-06-01 11:44:47,V026,119.0,1.0241106004836285
2026-06-01,2026-06-01 11:44:48,V026,119.0,1.0181068211128517
2026-06-01,2026-06-01 11:44:49,V026,118.0,1.0168795406240356
2026-06-01,2026-06-01 11:44:50,V026,118.0,1.0205269458160815
2026-06-01,2026-06-01 11:44:51,V026,118.0,1.017947347997044
2026-06-01,2026-06-01 11:44:52,V026,118.0,1.0179046284152051
2026-06-01,2026-06-01 11:44:53,V026,118.0,1.0173053834192025
2026-06-01,2026-06-01 11:44:54,V026,118.0,1.0099941607526306
2026-06-01,2026-06-01 11:44:55,V026,118.0,1.0326388682671956
2026-06-01,2026-06-01 11:44:56,V026,118.0,1.0221499065491586
2026-06-01,2026-06-01 11:44:57,V026,118.0,1.0246094839403188
2026-06-01,2026-06-01 11:44:58,V026,118.0,1.0244243551473886
2026-06-01,2026-06-01 11:44:59,V026,118.0,1.022852700851882
2026-06-01,2026-06-01 11:45:00,V026,118.0,1.0147588187087406
2026-06-01,2026-06-01 11:45:01,V026,118.0,1.0225026534447377
2026-06-01,2026-06-01 11:45:02,V026,118.0,1.0230084496540084
2026-06-01,2026-06-01 11:45:03,V026,117.0,1.022077408025688
2026-06-01,2026-06-01 11:45:04,V026,117.0,1.0214816027893874
2026-06-01,2026-06-01 11:45:05,V026,117.0,1.0205959498831338
2026-06-01,2026-06-01 11:45:06,V026,117.0,1.0219551613049873
2026-06-01,2026-06-01 11:45:07,V026,118.0,1.022039464634702
2026-06-01,2026-06-01 11:45:08,V026,119.0,1.02399031842115
2026-06-01,2026-06-01 11:45:09,V026,119.0,1.0244273296098552
2026-06-01,2026-06-01 11:45:10,V026,121.0,1.0200434663789042
2026-06-01,2026-06-01 11:45:11,V026,122.0,1.0216023680733857
2026-06-01,2026-06-01 11:45:12,V026,123.0,1.0207181950660507
2026-06-01,2026-06-01 11:45:13,V026,123.0,1.0238931984630186
2026-06-01,2026-06-01 11:45:14,V026,123.0,1.0187014228606976
2026-06-01,2026-06-01 11:45:15,V026,123.0,1.0228842399790607
2026-06-01,2026-06-01 11:45:16,V026,122.0,1.025608067921862
2026-06-01,2026-06-01 11:45:17,V026,122.0,1.0193962819395141
2026-06-01,2026-06-01 11:45:18,V026,122.0,1.0211682239824693
2026-06-01,2026-06-01 11:45:19,V026,122.0,1.0239175527896127
2026-06-01,2026-06-01 11:45:20,V026,122.0,1.020689739492747
2026-06-01,2026-06-01 11:45:21,V026,123.0,1.021659661250201
2026-06-01,2026-06-01 11:45:22,V026,122.0,1.0248670846593813
2026-06-01,2026-06-01 11:45:23,V026,122.0,1.016632744277213
2026-06-01,2026-06-01 11:45:24,V026,122.0,1.0228019824413765
2026-06-01,2026-06-01 11:45:25,V026,121.0,1.0269191626653185
2026-06-01,2026-06-01 11:45:26,V026,121.0,1.0232936767630154
2026-06-01,2026-06-01 11:45:27,V026,121.0,1.0185685941733806
2026-06-01,2026-06-01 11:45:28,V026,121.0,1.020421049006348
2026-06-01,2026-06-01 11:45:29,V026,121.0,1.0208105696538956
2026-06-01,2026-06-01 11:45:30,V026,121.0,1.0209750941793139
2026-06-01,2026-06-01 11:45:31,V026,121.0,1.0215582828335663
2026-06-01,2026-06-01 11:45:32,V026,121.0,1.0229876312739168
2026-06-01,2026-06-01 11:45:33,V026,121.0,1.0203280563366885
2026-06-01,2026-06-01 11:45:34,V026,121.0,1.0217529983052416
2026-06-01,2026-06-01 11:45:35,V026,120.0,1.0250787716852514
2026-06-01,2026-06-01 11:45:36,V026,120.0,1.0226889694042742
2026-06-01,2026-06-01 11:45:37,V026,120.0,1.023005445137428
2026-06-01,2026-06-01 11:45:38,V026,119.0,1.0211070955111792
2026-06-01,2026-06-01 11:45:39,V026,118.0,1.0250991886395
2026-06-01,2026-06-01 11:45:40,V026,117.0,1.0184633797580183
2026-06-01,2026-06-01 11:45:41,V026,116.0,1.0237946907074578
2026-06-01,2026-06-01 11:45:42,V026,117.0,1.019694656798066
2026-06-01,2026-06-01 11:45:43,V026,117.0,1.0217609944202255
2026-06-01,2026-06-01 11:45:44,V026,117.0,1.021761109444326
2026-06-01,2026-06-01 11:45:45,V026,117.0,1.0234215248592309
2026-06-01,2026-06-01 11:45:46,V026,117.0,1.0208616117554719
2026-06-01,2026-06-01 11:45:47,V026,117.0,1.019478743409488
2026-06-01,2026-06-01 11:45:48,V026,116.0,1.02279901883556
2026-06-01,2026-06-01 11:45:49,V026,116.0,1.0210779282985
2026-06-01,2026-06-01 11:45:50,V026,116.0,1.0195024341540742
2026-06-01,2026-06-01 11:45:51,V026,116.0,1.0214374345582227
2026-06-01,2026-06-01 11:45:52,V026,116.0,1.0201012201258488
2026-06-01,2026-06-01 11:45:53,V026,115.0,1.0228124506664982
2026-06-01,2026-06-01 11:45:54,V026,115.0,1.0198316916402042
2026-06-01,2026-06-01 11:45:55,V026,115.0,1.0230392260705967
2026-06-01,2026-06-01 11:45:56,V026,115.0,1.0185767193002673
2026-06-01,2026-06-01 11:45:57,V026,115.0,1.0203698168120627
2026-06-01,2026-06-01 11:45:58,V026,115.0,1.0220056795461798
2026-06-01,2026-06-01 11:45:59,V026,114.0,1.0212726556478295
2026-06-01,2026-06-01 11:46:00,V026,114.0,1.0230526152393133
2026-06-01,2026-06-01 11:46:01,V026,114.0,1.0237526757524364
2026-06-01,2026-06-01 11:46:02,V026,114.0,1.021845629177668
2026-06-01,2026-06-01 11:46:03,V026,114.0,1.0219606809226376
2026-06-01,2026-06-01 11:46:04,V026,115.0,1.0219556665052483
2026-06-01,2026-06-01 11:46:05,V026,115.0,1.0224625791968318
2026-06-01,2026-06-01 11:46:06,V026,115.0,1.0201286343451716
2026-06-01,2026-06-01 11:46:07,V026,115.0,1.0216442245086748
2026-06-01,2026-06-01 11:46:08,V026,115.0,1.020794900117992
2026-06-01,2026-06-01 11:46:09,V026,116.0,1.0249803322833038
2026-06-01,2026-06-01 11:46:10,V026,116.0,1.0217656011536658
2026-06-01,2026-06-01 11:46:11,V026,117.0,1.020813052077148
2026-06-01,2026-06-01 11:46:12,V026,118.0,1.026382779033474
2026-06-01,2026-06-01 11:46:13,V026,119.0,1.0223097035268849
2026-06-01,2026-06-01 11:46:14,V026,121.0,1.0214430122257105
2026-06-01,2026-06-01 11:46:15,V026,122.0,1.0214352855353097
2026-06-01,2026-06-01 11:46:16,V026,123.0,1.0226446270051306
2026-06-01,2026-06-01 11:46:17,V026,124.0,1.0232855900329418
2026-06-01,2026-06-01 11:46:18,V026,125.0,1.021400704522261
2026-06-01,2026-06-01 11:46:19,V026,126.0,1.0221123896666813
2026-06-01,2026-06-01 11:46:20,V026,125.0,1.0212000974562105
2026-06-01,2026-06-01 11:46:21,V026,125.0,1.0214832614012337
2026-06-01,2026-06-01 11:46:22,V026,125.0,1.022313473525509
2026-06-01,2026-06-01 11:46:23,V026,125.0,1.0203768582671524
2026-06-01,2026-06-01 11:46:24,V026,125.0,1.0143010896315476
2026-06-01,2026-06-01 11:46:25,V026,125.0,1.0081450243955423
2026-06-01,2026-06-01 11:46:26,V026,125.0,1.082092057917665
2026-06-01,2026-06-01 11:46:27,V026,126.0,1.020076478767743
2026-06-01,2026-06-01 11:46:28,V026,126.0,0.998670069732342
2026-06-01,2026-06-01 11:46:29,V026,126.0,0.9718169029079627
2026-06-01,2026-06-01 11:46:30,V026,126.0,1.1669823709368619
2026-06-01,2026-06-01 11:46:31,V026,126.0,1.0196126434330222
2026-06-01,2026-06-01 11:46:32,V026,126.0,1.2319437570941396
2026-06-01,2026-06-01 11:46:33,V026,125.0,0.8709024625710612
2026-06-01,2026-06-01 11:46:34,V026,125.0,1.0082580448634844
2026-06-01,2026-06-01 11:46:35,V026,125.0,1.0228161613790356
2026-06-01,2026-06-01 11:46:36,V026,,1.0232915228482546
