Date,Timestamp,SensorID,HeartRate,AccNorm
2026-06-01,2026-06-01 10:40:00,V013,95.0,1.1726517029408168
2026-06-01,2026-06-01 10:40:01,V013,94.0,1.1962581472711977
2026-06-01,2026-06-01 10:40:02,V013,93.0,1.175536822475329
2026-06-01,2026-06-01 10:40:03,V013,93.0,1.1645690211519621
2026-06-01,2026-06-01 10:40:04,V013,94.0,1.1815214183137714
2026-06-01,2026-06-01 10:40:05,V013,93.0,1.1166176653310866
2026-06-01,2026-06-01 10:40:06,V013,93.0,1.1535013384180366
2026-06-01,2026-06-01 10:40:07,V013,94.0,1.1201162876532706
2026-06-01,2026-06-01 10:40:08,V013,94.0,1.0875169506985995
2026-06-01,2026-06-01 10:40:09,V013,95.0,1.0415771021412925
2026-06-01,2026-06-01 10:40:10,V013,96.0,1.058483051018258
2026-06-01,2026-06-01 10:40:11,V013,98.0,1.0524180612292897
2026-06-01,2026-06-01 10:40:12,V013,99.0,1.004553160301496
2026-06-01,2026-06-01 10:40:13,V013,100.0,1.0411099414723286
2026-06-01,2026-06-01 10:40:14,V013,101.0,0.9703229957465698
2026-06-01,2026-06-01 10:40:15,V013,101.0,0.9473892007561611
2026-06-01,2026-06-01 10:40:16,V013,102.0,1.087271630529149
2026-06-01,2026-06-01 10:40:17,V013,103.0,1.0510162970532833
2026-06-01,2026-06-01 10:40:18,V013,104.0,1.0166252670132463
2026-06-01,2026-06-01 10:40:19,V013,105.0,1.0519002333566754
2026-06-01,2026-06-01 10:40:20,V013,107.0,1.0600667569742048
2026-06-01,2026-06-01 10:40:21,V013,109.0,1.099748437347113
2026-06-01,2026-06-01 10:40:22,V013,110.0,1.1055855957659635
2026-06-01,2026-06-01 10:40:23,V013,112.0,1.0891717390902433
2026-06-01,2026-06-01 10:40:24,V013,113.0,1.0811815136347727
2026-06-01,2026-06-01 10:40:25,V013,113.0,1.0837760266599816
2026-06-01,2026-06-01 10:40:26,V013,114.0,1.065269381973525
2026-06-01,2026-06-01 10:40:27,V013,113.0,1.0543736165636235
2026-06-01,2026-06-01 10:40:28,V013,113.0,1.0644061719886424
2026-06-01,2026-06-01 10:40:29,V013,113.0,1.0562197536475588
2026-06-01,2026-06-01 10:40:30,V013,113.0,1.0442275738269802
2026-06-01,2026-06-01 10:40:31,V013,113.0,1.0151244467444798
2026-06-01,2026-06-01 10:40:32,V013,113.0,1.0552059058258585
2026-06-01,2026-06-01 10:40:33,V013,114.0,0.9267364274108448
2026-06-01,2026-06-01 10:40:34,V013,114.0,1.0168463590010357
2026-06-01,2026-06-01 10:40:35,V013,114.0,1.0002793949530966
2026-06-01,2026-06-01 10:40:36,V013,114.0,1.0170566995401975
2026-06-01,2026-06-01 10:40:37,V013,114.0,1.0433601951043336
2026-06-01,2026-06-01 10:40:38,V013,114.0,1.0442635907550746
2026-06-01,2026-06-01 10:40:39,V013,114.0,1.0620793321040383
2026-06-01,2026-06-01 10:40:40,V013,114.0,1.043589637270063
2026-06-01,2026-06-01 10:40:41,V013,115.0,1.050509326534206
2026-06-01,2026-06-01 10:40:42,V013,115.0,1.032955253862312
2026-06-01,2026-06-01 10:40:43,V013,117.0,1.027272741874638
2026-06-01,2026-06-01 10:40:44,V013,118.0,1.0338902405823267
2026-06-01,2026-06-01 10:40:45,V013,120.0,1.0347041057571649
2026-06-01,2026-06-01 10:40:46,V013,122.0,1.0444159714448644
2026-06-01,2026-06-01 10:40:47,V013,122.0,1.0256531621610812
2026-06-01,2026-06-01 10:40:48,V013,123.0,1.0018482028312223
2026-06-01,2026-06-01 10:40:49,V013,124.0,1.0088976779066003
2026-06-01,2026-06-01 10:40:50,V013,124.0,0.9840160834570636
2026-06-01,2026-06-01 10:40:51,V013,124.0,1.0167979127391376
2026-06-01,2026-06-01 10:40:52,V013,124.0,0.9789648832125452
2026-06-01,2026-06-01 10:40:53,V013,124.0,1.0242608892934402
2026-06-01,2026-06-01 10:40:54,V013,125.0,0.9949177152082764
2026-06-01,2026-06-01 10:40:55,V013,125.0,1.024699469685196
2026-06-01,2026-06-01 10:40:56,V013,126.0,0.9372018107518975
2026-06-01,2026-06-01 10:40:57,V013,127.0,1.0540356205494232
2026-06-01,2026-06-01 10:40:58,V013,127.0,1.0125307268898434
2026-06-01,2026-06-01 10:40:59,V013,128.0,1.1217350323805546
2026-06-01,2026-06-01 10:41:00,V013,128.0,0.9242205934876161
2026-06-01,2026-06-01 10:41:01,V013,129.0,1.0079572474010274
2026-06-01,2026-06-01 10:41:02,V013,129.0,1.017758778118978
2026-06-01,2026-06-01 10:41:03,V013,129.0,1.0207676136796966
2026-06-01,2026-06-01 10:41:04,V013,129.0,1.0137492717490082
2026-06-01,2026-06-01 10:41:05,V013,128.0,1.051156580046561
2026-06-01,2026-06-01 10:41:06,V013,127.0,1.0835710099696556
2026-06-01,2026-06-01 10:41:07,V013,126.0,1.004896792148953
2026-06-01,2026-06-01 10:41:08,V013,125.0,1.035834318484922
2026-06-01,2026-06-01 10:41:09,V013,123.0,1.046566664489219
2026-06-01,2026-06-01 10:41:10,V013,121.0,1.4354816411084625
2026-06-01,2026-06-01 10:41:11,V013,120.0,1.1408128153011028
2026-06-01,2026-06-01 10:41:12,V013,118.0,1.2150572179776244
2026-06-01,2026-06-01 10:41:13,V013,119.0,1.0286761676646086
2026-06-01,2026-06-01 10:41:14,V013,119.0,1.2037587617357761
2026-06-01,2026-06-01 10:41:15,V013,120.0,0.9526622329182121
2026-06-01,2026-06-01 10:41:16,V013,121.0,1.1189334187111466
2026-06-01,2026-06-01 10:41:17,V013,121.0,0.9813345919919865
2026-06-01,2026-06-01 10:41:18,V013,122.0,1.0247354483434719
2026-06-01,2026-06-01 10:41:19,V013,121.0,1.0036056672024825
2026-06-01,2026-06-01 10:41:20,V013,121.0,1.0180721367064531
2026-06-01,2026-06-01 10:41:21,V013,121.0,1.003344911858845
2026-06-01,2026-06-01 10:41:22,V013,120.0,1.026330714947371
2026-06-01,2026-06-01 10:41:23,V013,121.0,1.0959102532799603
2026-06-01,2026-06-01 10:41:24,V013,121.0,1.565354291532298
2026-06-01,2026-06-01 10:41:25,V013,122.0,1.8315096079877924
2026-06-01,2026-06-01 10:41:26,V013,123.0,1.2889873102305909
2026-06-01,2026-06-01 10:41:27,V013,124.0,1.4914247660674236
2026-06-01,2026-06-01 10:41:28,V013,125.0,1.3565088383028183
2026-06-01,2026-06-01 10:41:29,V013,126.0,1.1546839352780796
2026-06-01,2026-06-01 10:41:30,V013,128.0,1.4071032111573367
2026-06-01,2026-06-01 10:41:31,V013,129.0,1.306002187144733
2026-06-01,2026-06-01 10:41:32,V013,131.0,1.5895717422469893
2026-06-01,2026-06-01 10:41:33,V013,132.0,1.6864135079271676
2026-06-01,2026-06-01 10:41:34,V013,133.0,1.3349287878322058
2026-06-01,2026-06-01 10:41:35,V013,134.0,1.3438006392042157
2026-06-01,2026-06-01 10:41:36,V013,135.0,1.2787218816590307
2026-06-01,2026-06-01 10:41:37,V013,136.0,1.252583978950833
2026-06-01,2026-06-01 10:41:38,V013,137.0,1.2988959738044237
2026-06-01,2026-06-01 10:41:39,V013,137.0,1.40964241313636
2026-06-01,2026-06-01 10:41:40,V013,137.0,1.4273822746912042
2026-06-01,2026-06-01 10:41:41,V013,137.0,1.5294719446073282
2026-06-01,2026-06-01 10:41:42,V013,138.0,1.6733974728482843
2026-06-01,2026-06-01 10:41:43,V013,138.0,1.1376762119095354
2026-06-01,2026-06-01 10:41:44,V013,139.0,1.2875331377903183
2026-06-01,2026-06-01 10:41:45,V013,140.0,1.6482528640802787
2026-06-01,2026-06-01 10:41:46,V013,141.0,1.7923429339651238
2026-06-01,2026-06-01 10:41:47,V013,142.0,1.7585837160646272
2026-06-01,2026-06-01 10:41:48,V013,143.0,1.2725796361050339
2026-06-01,2026-06-01 10:41:49,V013,143.0,1.337521085222242
2026-06-01,2026-06-01 10:41:50,V013,144.0,1.2583145316665794
2026-06-01,2026-06-01 10:41:51,V013,146.0,1.4221751058949197
2026-06-01,2026-06-01 10:41:52,V013,147.0,1.6040358031564388
2026-06-01,2026-06-01 10:41:53,V013,148.0,1.9771454694609152
2026-06-01,2026-06-01 10:41:54,V013,149.0,1.514715429672738
2026-06-01,2026-06-01 10:41:55,V013,149.0,1.4034798789196425
2026-06-01,2026-06-01 10:41:56,V013,149.0,1.2547147077621166
2026-06-01,2026-06-01 10:41:57,V013,148.0,1.267097618323882
2026-06-01,2026-06-01 10:41:58,V013,148.0,1.6945091941749533
2026-06-01,2026-06-01 10:41:59,V013,148.0,1.825009602450614
2026-06-01,2026-06-01 10:42:00,V013,148.0,1.5767600899983525
2026-06-01,2026-06-01 10:42:01,V013,149.0,1.2424618858820426
2026-06-01,2026-06-01 10:42:02,V013,149.0,1.1454911816306905
2026-06-01,2026-06-01 10:42:03,V013,149.0,1.335874458433958
2026-06-01,2026-06-01 10:42:04,V013,149.0,1.1950344175095484
2026-06-01,2026-06-01 10:42:05,V013,150.0,1.6008114256035089
2026-06-01,2026-06-01 10:42:06,V013,150.0,2.0829397001912264
2026-06-01,2026-06-01 10:42:07,V013,151.0,2.141048429180388
2026-06-01,2026-06-01 10:42:08,V013,152.0,1.4589384650798274
2026-06-01,2026-06-01 10:42:09,V013,153.0,1.0783845864341983
2026-06-01,2026-06-01 10:42:10,V013,154.0,1.2046163358975854
2026-06-01,2026-06-01 10:42:11,V013,156.0,1.0090852848024545
2026-06-01,2026-06-01 10:42:12,V013,157.0,1.164398823141624
2026-06-01,2026-06-01 10:42:13,V013,158.0,1.3804591519593021
2026-06-01,2026-06-01 10:42:14,V013,159.0,1.774671193038532
2026-06-01,2026-06-01 10:42:15,V013,159.0,1.8150395284921144
2026-06-01,2026-06-01 10:42:16,V013,159.0,1.430285540959832
2026-06-01,2026-06-01 10:42:17,V013,159.0,1.2949354991446926
2026-06-01,2026-06-01 10:42:18,V013,159.0,1.2851979173923678
2026-06-01,2026-06-01 10:42:19,V013,159.0,1.7883390549824365
2026-06-01,2026-06-01 10:42:20,V013,159.0,1.5005316021381392
2026-06-01,2026-06-01 10:42:21,V013,159.0,1.5188772112707016
2026-06-01,2026-06-01 10:42:22,V013,159.0,1.53565879069084
2026-06-01,2026-06-01 10:42:23,V013,159.0,1.3557463622477297
2026-06-01,2026-06-01 10:42:24,V013,159.0,1.2350868828196286
2026-06-01,2026-06-01 10:42:25,V013,159.0,1.388005251143863
2026-06-01,2026-06-01 10:42:26,V013,159.0,1.3878912488030677
2026-06-01,2026-06-01 10:42:27,V013,159.0,1.4471355222607596
2026-06-01,2026-06-01 10:42:28,V013,159.0,1.754977386576386
2026-06-01,2026-06-01 10:42:29,V013,159.0,1.4737961544207647
2026-06-01,2026-06-01 10:42:30,V013,160.0,1.212354898830473
2026-06-01,2026-06-01 10:42:31,V013,160.0,1.4357726131298334
2026-06-01,2026-06-01 10:42:32,V013,161.0,1.6184887080718555
2026-06-01,2026-06-01 10:42:33,V013,161.0,1.5991555759417773
2026-06-01,2026-06-01 10:42:34,V013,162.0,1.6295538526548887
2026-06-01,2026-06-01 10:42:35,V013,162.0,1.1412041513344655
2026-06-01,2026-06-01 10:42:36,V013,163.0,1.115134897936676
2026-06-01,2026-06-01 10:42:37,V013,163.0,1.2003479724513244
2026-06-01,2026-06-01 10:42:38,V013,163.0,1.5055852222298889
2026-06-01,2026-06-01 10:42:39,V013,162.0,1.478568765274053
2026-06-01,2026-06-01 10:42:40,V013,162.0,1.3288002584346181
2026-06-01,2026-06-01 10:42:41,V013,162.0,1.3143457112377974
2026-06-01,2026-06-01 10:42:42,V013,162.0,1.243445176883284
2026-06-01,2026-06-01 10:42:43,V013,162.0,1.6562003642311092
2026-06-01,2026-06-01 10:42:44,V013,162.0,1.6067789949969056
2026-06-01,2026-06-01 10:42:45,V013,162.0,1.8699514702634423
2026-06-01,2026-06-01 10:42:46,V013,161.0,1.2750642076076824
2026-06-01,2026-06-01 10:42:47,V013,161.0,1.104778141306496
2026-06-01,2026-06-01 10:42:48,V013,161.0,1.36471704975638
2026-06-01,2026-06-01 10:42:49,V013,161.0,1.6685439375190618
2026-06-01,2026-06-01 10:42:50,V013,161.0,1.3610220468477277
2026-06-01,2026-06-01 10:42:51,V013,161.0,1.4362685696274056
2026-06-01,2026-06-01 10:42:52,V013,161.0,1.2073580790571374
2026-06-01,2026-06-01 10:42:53,V013,161.0,1.233492659538637
2026-06-01,2026-06-01 10:42:54,V013,161.0,1.617407728724583
2026-06-01,2026-06-01 10:42:55,V013,161.0,1.4098900953472802
2026-06-01,2026-06-01 10:42:56,V013,161.0,1.2964182207943304
2026-06-01,2026-06-01 10:42:57,V013,161.0,1.3179642065142376
2026-06-01,2026-06-01 10:42:58,V013,161.0,1.0350793050621783
2026-06-01,2026-06-01 10:42:59,V013,161.0,1.007976338179601
2026-06-01,2026-06-01 10:43:00,V013,161.0,1.0218293894884944
2026-06-01,2026-06-01 10:43:01,V013,161.0,1.0613804903425763
2026-06-01,2026-06-01 10:43:02,V013,161.0,1.0225497092221294
2026-06-01,2026-06-01 10:43:03,V013,161.0,0.9998460886249766
2026-06-01,2026-06-01 10:43:04,V013,162.0,1.0051472231419851
2026-06-01,2026-06-01 10:43:05,V013,162.0,1.0337842424170296
2026-06-01,2026-06-01 10:43:06,V013,163.0,1.014529632528607
2026-06-01,2026-06-01 10:43:07,V013,165.0,1.0157315523959551
2026-06-01,2026-06-01 10:43:08,V013,166.0,1.0173175830298935
2026-06-01,2026-06-01 10:43:09,V013,167.0,1.000069807578539
2026-06-01,2026-06-01 10:43:10,V013,168.0,0.9758602842512489
2026-06-01,2026-06-01 10:43:11,V013,169.0,1.0214455933088677
2026-06-01,2026-06-01 10:43:12,V013,170.0,0.9982834996822088
2026-06-01,2026-06-01 10:43:13,V013,171.0,0.9914719775229482
2026-06-01,2026-06-01 10:43:14,V013,171.0,1.0730030675584619
2026-06-01,2026-06-01 10:43:15,V013,171.0,0.9899250229460573
2026-06-01,2026-06-01 10:43:16,V013,171.0,0.9883893598799074
2026-06-01,2026-06-01 10:43:17,V013,171.0,0.9935784038429727
2026-06-01,2026-06-01 10:43:18,V013,170.0,1.1185070129508428
2026-06-01,2026-06-01 10:43:19,V013,170.0,1.1509991615168103
2026-06-01,2026-06-01 10:43:20,V013,169.0,1.034695711373717
2026-06-01,2026-06-01 10:43:21,V013,168.0,1.0166789298370744
2026-06-01,2026-06-01 10:43:22,V013,167.0,0.983503248943749
2026-06-01,2026-06-01 10:43:23,V013,167.0,1.0841301919687762
2026-06-01,2026-06-01 10:43:24,V013,166.0,0.9534645953571415
2026-06-01,2026-06-01 10:43:25,V013,165.0,1.207242199690871
2026-06-01,2026-06-01 10:43:26,V013,165.0,1.4275341722329562
2026-06-01,2026-06-01 10:43:27,V013,164.0,1.3264048884929265
2026-06-01,2026-06-01 10:43:28,V013,164.0,1.6231326188952455
2026-06-01,2026-06-01 10:43:29,V013,163.0,0.9394793996828914
2026-06-01,2026-06-01 10:43:30,V013,162.0,0.9429424434256783
2026-06-01,2026-06-01 10:43:31,V013,162.0,1.0713610413575487
2026-06-01,2026-06-01 10:43:32,V013,162.0,1.011049733578297
2026-06-01,2026-06-01 10:43:33,V013,161.0,0.9743172382548628
2026-06-01,2026-06-01 10:43:34,V013,161.0,1.037117931944286
2026-06-01,2026-06-01 10:43:35,V013,161.0,0.9941937049997273
2026-06-01,2026-06-01 10:43:36,V013,161.0,1.0162799183519768
2026-06-01,2026-06-01 10:43:37,V013,160.0,1.0127503570945686
2026-06-01,2026-06-01 10:43:38,V013,160.0,1.0384688064467793
2026-06-01,2026-06-01 10:43:39,V013,160.0,1.015660101187559
2026-06-01,2026-06-01 10:43:40,V013,160.0,1.0131494447807292
2026-06-01,2026-06-01 10:43:41,V013,161.0,1.0145192436821464
2026-06-01,2026-06-01 10:43:42,V013,161.0,1.0141460076119446
2026-06-01,2026-06-01 10:43:43,V013,161.0,1.0095703480358675
2026-06-01,2026-06-01 10:43:44,V013,161.0,1.0109196677856163
2026-06-01,2026-06-01 10:43:45,V013,161.0,1.0073723065029268
2026-06-01,2026-06-01 10:43:46,V013,161.0,1.0033884391926735
2026-06-01,2026-06-01 10:43:47,V013,161.0,0.9940038636312372
2026-06-01,2026-06-01 10:43:48,V013,160.0,1.0207666338893038
2026-06-01,2026-06-01 10:43:49,V013,159.0,0.986935399043503
2026-06-01,2026-06-01 10:43:50,V013,159.0,1.014766821642811
2026-06-01,2026-06-01 10:43:51,V013,158.0,1.0062926567274428
2026-06-01,2026-06-01 10:43:52,V013,157.0,1.006960769356132
2026-06-01,2026-06-01 10:43:53,V013,156.0,1.0262031341655828
2026-06-01,2026-06-01 10:43:54,V013,155.0,0.9945366280916821
2026-06-01,2026-06-01 10:43:55,V013,155.0,1.0066394450705316
2026-06-01,2026-06-01 10:43:56,V013,154.0,0.9999383850640173
2026-06-01,2026-06-01 10:43:57,V013,154.0,0.9947158179472229
2026-06-01,2026-06-01 10:43:58,V013,154.0,1.0053304005295516
2026-06-01,2026-06-01 10:43:59,V013,154.0,1.00370804278332
2026-06-01,2026-06-01 10:44:00,V013,154.0,0.9863502851658013
2026-06-01,2026-06-01 10:44:01,V013,154.0,1.0231307076910179
2026-06-01,2026-06-01 10:44:02,V013,154.0,0.9951402341210185
2026-06-01,2026-06-01 10:44:03,V013,153.0,1.0041597816829073
2026-06-01,2026-06-01 10:44:04,V013,153.0,1.003371555497849
2026-06-01,2026-06-01 10:44:05,V013,152.0,1.0106794449865886
2026-06-01,2026-06-01 10:44:06,V013,151.0,0.9890285768589565
2026-06-01,2026-06-01 10:44:07,V013,150.0,1.0211779385753432
2026-06-01,2026-06-01 10:44:08,V013,150.0,1.0093922633230015
2026-06-01,2026-06-01 10:44:09,V013,149.0,0.9965101702162267
2026-06-01,2026-06-01 10:44:10,V013,148.0,1.0070847777540997
2026-06-01,2026-06-01 10:44:11,V013,148.0,1.0099023668937277
2026-06-01,2026-06-01 10:44:12,V013,147.0,0.9954848432077512
2026-06-01,2026-06-01 10:44:13,V013,146.0,1.0032374810632239
2026-06-01,2026-06-01 10:44:14,V013,146.0,1.0021698286176903
2026-06-01,2026-06-01 10:44:15,V013,145.0,1.0263645082390787
2026-06-01,2026-06-01 10:44:16,V013,144.0,0.9909412950534012
2026-06-01,2026-06-01 10:44:17,V013,143.0,1.0125289185737703
2026-06-01,2026-06-01 10:44:18,V013,142.0,1.009842274939812
2026-06-01,2026-06-01 10:44:19,V013,141.0,1.0009830751798972
2026-06-01,2026-06-01 10:44:20,V013,141.0,1.0131360665944282
2026-06-01,2026-06-01 10:44:21,V013,140.0,1.0141745856755349
2026-06-01,2026-06-01 10:44:22,V013,140.0,0.9979266036957619
2026-06-01,2026-06-01 10:44:23,V013,140.0,1.0265343788499994
2026-06-01,2026-06-01 10:44:24,V013,139.0,1.0125218921792314
2026-06-01,2026-06-01 10:44:25,V013,139.0,0.9922792471541353
2026-06-01,2026-06-01 10:44:26,V013,139.0,0.9942468449475831
2026-06-01,2026-06-01 10:44:27,V013,139.0,0.9888316864151904
2026-06-01,2026-06-01 10:44:28,V013,139.0,1.0048906228792231
2026-06-01,2026-06-01 10:44:29,V013,138.0,1.0993200492398156
2026-06-01,2026-06-01 10:44:30,V013,138.0,1.0119821752105143
2026-06-01,2026-06-01 10:44:31,V013,137.0,1.0053692240168433
2026-06-01,2026-06-01 10:44:32,V013,137.0,0.9954192181025888
2026-06-01,2026-06-01 10:44:33,V013,135.0,0.9896679812764676
2026-06-01,2026-06-01 10:44:34,V013,134.0,1.0007456729809403
2026-06-01,2026-06-01 10:44:35,V013,133.0,1.006262006088108
2026-06-01,2026-06-01 10:44:36,V013,132.0,0.9816343929285426
2026-06-01,2026-06-01 10:44:37,V013,130.0,1.0010579387704244
2026-06-01,2026-06-01 10:44:38,V013,128.0,0.9926847560572829
2026-06-01,2026-06-01 10:44:39,V013,126.0,0.9910411151079211
2026-06-01,2026-06-01 10:44:40,V013,125.0,0.9900907717882425
2026-06-01,2026-06-01 10:44:41,V013,125.0,0.9904493473063721
2026-06-01,2026-06-01 10:44:42,V013,124.0,1.0068665894025148
2026-06-01,2026-06-01 10:44:43,V013,124.0,1.0092691819056883
2026-06-01,2026-06-01 10:44:44,V013,124.0,0.9819941882401957
2026-06-01,2026-06-01 10:44:45,V013,125.0,1.0550087181345642
2026-06-01,2026-06-01 10:44:46,V013,126.0,1.0026161073246955
2026-06-01,2026-06-01 10:44:47,V013,127.0,1.0395351692334769
2026-06-01,2026-06-01 10:44:48,V013,128.0,0.985694503438517
2026-06-01,2026-06-01 10:44:49,V013,130.0,1.0220908262147
2026-06-01,2026-06-01 10:44:50,V013,131.0,1.0191537618957338
2026-06-01,2026-06-01 10:44:51,V013,132.0,1.0007805795539342
2026-06-01,2026-06-01 10:44:52,V013,132.0,0.9982735114556796
2026-06-01,2026-06-01 10:44:53,V013,132.0,1.012135133909064
2026-06-01,2026-06-01 10:44:54,V013,132.0,1.0020760181802695
2026-06-01,2026-06-01 10:44:55,V013,132.0,1.0140081957410145
2026-06-01,2026-06-01 10:44:56,V013,132.0,0.9946524478022314
2026-06-01,2026-06-01 10:44:57,V013,131.0,1.001057977738976
2026-06-01,2026-06-01 10:44:58,V013,131.0,1.0168737035948652
2026-06-01,2026-06-01 10:44:59,V013,132.0,1.000706202976117
2026-06-01,2026-06-01 10:45:00,V013,132.0,1.0059941491113527
2026-06-01,2026-06-01 10:45:01,V013,132.0,1.0095890108154533
2026-06-01,2026-06-01 10:45:02,V013,131.0,0.9997305299083675
2026-06-01,2026-06-01 10:45:03,V013,131.0,1.0048269135918577
2026-06-01,2026-06-01 10:45:04,V013,131.0,1.0046048576517947
2026-06-01,2026-06-01 10:45:05,V013,131.0,0.9897495283711623
2026-06-01,2026-06-01 10:45:06,V013,131.0,1.0208421922257547
2026-06-01,2026-06-01 10:45:07,V013,131.0,0.9955715068868833
2026-06-01,2026-06-01 10:45:08,V013,130.0,1.0096331429770036
2026-06-01,2026-06-01 10:45:09,V013,129.0,0.9801423777737952
2026-06-01,2026-06-01 10:45:10,V013,128.0,1.0098024198792253
2026-06-01,2026-06-01 10:45:11,V013,128.0,1.0272040123324433
2026-06-01,2026-06-01 10:45:12,V013,127.0,1.0076850294828352
2026-06-01,2026-06-01 10:45:13,V013,126.0,0.9938824656686881
2026-06-01,2026-06-01 10:45:14,V013,126.0,1.0029025766561375
2026-06-01,2026-06-01 10:45:15,V013,127.0,1.0104106676849067
2026-06-01,2026-06-01 10:45:16,V013,127.0,0.9955855577649316
2026-06-01,2026-06-01 10:45:17,V013,127.0,1.0100942714949541
2026-06-01,2026-06-01 10:45:18,V013,126.0,0.9929621229621287
2026-06-01,2026-06-01 10:45:19,V013,125.0,1.001887041068932
2026-06-01,2026-06-01 10:45:20,V013,124.0,1.0112054988763426
2026-06-01,2026-06-01 10:45:21,V013,123.0,0.9917604805171987
2026-06-01,2026-06-01 10:45:22,V013,123.0,1.0071384884635097
2026-06-01,2026-06-01 10:45:23,V013,122.0,0.9946173022454192
2026-06-01,2026-06-01 10:45:24,V013,121.0,0.9982431809804503
2026-06-01,2026-06-01 10:45:25,V013,120.0,0.9974991107725285
2026-06-01,2026-06-01 10:45:26,V013,119.0,0.9944885540824476
2026-06-01,2026-06-01 10:45:27,V013,119.0,0.9999494187217874
2026-06-01,2026-06-01 10:45:28,V013,120.0,0.9830240770933912
2026-06-01,2026-06-01 10:45:29,V013,118.0,0.9904587332932934
2026-06-01,2026-06-01 10:45:30,V013,117.0,0.9859170938037897
2026-06-01,2026-06-01 10:45:31,V013,116.0,1.0106089142039354
2026-06-01,2026-06-01 10:45:32,V013,116.0,0.9964114573237232
2026-06-01,2026-06-01 10:45:33,V013,115.0,1.002857701827962
2026-06-01,2026-06-01 10:45:34,V013,115.0,1.000240218270016
2026-06-01,2026-06-01 10:45:35,V013,115.0,1.0071067435629657
2026-06-01,2026-06-01 10:45:36,V013,115.0,0.9874980610587567
2026-06-01,2026-06-01 10:45:37,V013,115.0,1.0303211875062375
2026-06-01,2026-06-01 10:45:38,V013,115.0,0.9916062627590794
2026-06-01,2026-06-01 10:45:39,V013,115.0,1.008043783670099
2026-06-01,2026-06-01 10:45:40,V013,115.0,0.9788176950546648
2026-06-01,2026-06-01 10:45:41,V013,115.0,1.0068610530827116
2026-06-01,2026-06-01 10:45:42,V013,115.0,0.9786180082647388
2026-06-01,2026-06-01 10:45:43,V013,116.0,1.0006888129089442
2026-06-01,2026-06-01 10:45:44,V013,116.0,0.9872035744024469
2026-06-01,2026-06-01 10:45:45,V013,117.0,0.9898320284703228
2026-06-01,2026-06-01 10:45:46,V013,118.0,1.0029583631074315
2026-06-01,2026-06-01 10:45:47,V013,118.0,0.9898238512649408
2026-06-01,2026-06-01 10:45:48,V013,118.0,1.0054202489630257
2026-06-01,2026-06-01 10:45:49,V013,118.0,1.000555802475945
2026-06-01,2026-06-01 10:45:50,V013,119.0,0.9898531796355263
2026-06-01,2026-06-01 10:45:51,V013,119.0,0.9996034519311601
2026-06-01,2026-06-01 10:45:52,V013,118.0,1.036834924084756
2026-06-01,2026-06-01 10:45:53,V013,118.0,1.0248633318247924
2026-06-01,2026-06-01 10:45:54,V013,118.0,0.9859237972352413
2026-06-01,2026-06-01 10:45:55,V013,117.0,0.9939831672003816
2026-06-01,2026-06-01 10:45:56,V013,116.0,0.9938094403659261
2026-06-01,2026-06-01 10:45:57,V013,117.0,0.984541673891112
2026-06-01,2026-06-01 10:45:58,V013,117.0,0.9936541117190882
2026-06-01,2026-06-01 10:45:59,V013,118.0,0.9885279546231105
2026-06-01,2026-06-01 10:46:00,V013,118.0,0.9868797295002412
2026-06-01,2026-06-01 10:46:01,V013,118.0,0.990156325821814
2026-06-01,2026-06-01 10:46:02,V013,118.0,0.9908935959295693
2026-06-01,2026-06-01 10:46:03,V013,117.0,0.9832753658848545
2026-06-01,2026-06-01 10:46:04,V013,116.0,1.003207913425131
2026-06-01,2026-06-01 10:46:05,V013,116.0,0.9880352217312536
2026-06-01,2026-06-01 10:46:06,V013,115.0,0.992894169863481
2026-06-01,2026-06-01 10:46:07,V013,115.0,0.985990285149809
2026-06-01,2026-06-01 10:46:08,V013,115.0,0.9893732439347284
2026-06-01,2026-06-01 10:46:09,V013,115.0,0.9877372867214033
2026-06-01,2026-06-01 10:46:10,V013,115.0,0.9900392404671642
2026-06-01,2026-06-01 10:46:11,V013,115.0,0.9898331237011878
2026-06-01,2026-06-01 10:46:12,V013,115.0,0.9896515040318301
2026-06-01,2026-06-01 10:46:13,V013,114.0,0.9859290474786897
2026-06-01,2026-06-01 10:46:14,V013,114.0,0.9867349556344411
2026-06-01,2026-06-01 10:46:15,V013,114.0,0.9945829009327123
2026-06-01,2026-06-01 10:46:16,V013,114.0,0.9899973723400007
2026-06-01,2026-06-01 10:46:17,V013,114.0,0.9869196159288619
2026-06-01,2026-06-01 10:46:18,V013,114.0,0.9888103035802129
2026-06-01,2026-06-01 10:46:19,V013,113.0,0.9877551820412931
2026-06-01,2026-06-01 10:46:20,V013,113.0,0.9898312506668566
2026-06-01,2026-06-01 10:46:21,V013,113.0,0.9908894020079323
2026-06-01,2026-06-01 10:46:22,V013,113.0,0.9843492671504241
2026-06-01,2026-06-01 10:46:23,V013,113.0,0.9910625574353309
2026-06-01,2026-06-01 10:46:24,V013,113.0,0.9838083564815755
2026-06-01,2026-06-01 10:46:25,V013,114.0,0.9977961716919088
2026-06-01,2026-06-01 10:46:26,V013,114.0,1.0116376288754676
2026-06-01,2026-06-01 10:46:27,V013,115.0,1.0115865000821882
2026-06-01,2026-06-01 10:46:28,V013,115.0,1.0085116056250334
2026-06-01,2026-06-01 10:46:29,V013,115.0,1.0099846803938521
2026-06-01,2026-06-01 10:46:30,V013,115.0,1.003743124002126
2026-06-01,2026-06-01 10:46:31,V013,115.0,0.9980926749923559
2026-06-01,2026-06-01 10:46:32,V013,115.0,0.9964116017786641
2026-06-01,2026-06-01 10:46:33,V013,115.0,0.998401993535551
2026-06-01,2026-06-01 10:46:34,V013,115.0,0.9971799471340859
2026-06-01,2026-06-01 10:46:35,V013,114.0,0.9826232377987011
2026-06-01,2026-06-01 10:46:36,V013,114.0,0.9977350672076444
2026-06-01,2026-06-01 10:46:37,V013,114.0,0.991010336793949
2026-06-01,2026-06-01 10:46:38,V013,113.0,0.990970845761311
2026-06-01,2026-06-01 10:46:39,V013,113.0,0.9997815062543207
2026-06-01,2026-06-01 10:46:40,V013,112.0,0.9999474092127326
2026-06-01,2026-06-01 10:46:41,V013,112.0,0.990086774485888
2026-06-01,2026-06-01 10:46:42,V013,112.0,0.9977730090916136
2026-06-01,2026-06-01 10:46:43,V013,111.0,0.9873768317542841
2026-06-01,2026-06-01 10:46:44,V013,110.0,0.9924525421272303
2026-06-01,2026-06-01 10:46:45,V013,110.0,0.9926881577601957
2026-06-01,2026-06-01 10:46:46,V013,110.0,0.9972367279085076
2026-06-01,2026-06-01 10:46:47,V013,110.0,0.9877721170950146
2026-06-01,2026-06-01 10:46:48,V013,110.0,0.9968244722747726
2026-06-01,2026-06-01 10:46:49,V013,109.0,0.985025381593364
2026-06-01,2026-06-01 10:46:50,V013,109.0,0.9971588129515897
2026-06-01,2026-06-01 10:46:51,V013,108.0,0.9938896961895755
2026-06-01,2026-06-01 10:46:52,V013,108.0,0.9880642747507938
2026-06-01,2026-06-01 10:46:53,V013,107.0,0.9848787166138309
2026-06-01,2026-06-01 10:46:54,V013,107.0,0.9925550555440592
2026-06-01,2026-06-01 10:46:55,V013,107.0,0.9949734407341972
2026-06-01,2026-06-01 10:46:56,V013,107.0,0.9977667804593646
2026-06-01,2026-06-01 10:46:57,V013,107.0,1.0003755993047654
2026-06-01,2026-06-01 10:46:58,V013,107.0,0.9799908586971174
2026-06-01,2026-06-01 10:46:59,V013,107.0,1.0266365674221378
2026-06-01,2026-06-01 10:47:00,V013,107.0,0.9943755590807813
2026-06-01,2026-06-01 10:47:01,V013,107.0,0.9881957273418592
2026-06-01,2026-06-01 10:47:02,V013,107.0,0.9931527357209756
2026-06-01,2026-06-01 10:47:03,V013,108.0,1.0246494838936444
2026-06-01,2026-06-01 10:47:04,V013,108.0,0.9896252186910994
2026-06-01,2026-06-01 10:47:05,V013,109.0,1.0242730299156224
2026-06-01,2026-06-01 10:47:06,V013,109.0,1.0321180531371923
2026-06-01,2026-06-01 10:47:07,V013,110.0,1.001190047846615
2026-06-01,2026-06-01 10:47:08,V013,110.0,1.0200619310226167
2026-06-01,2026-06-01 10:47:09,V013,111.0,1.0090312056425634
2026-06-01,2026-06-01 10:47:10,V013,111.0,1.0192911576429844
2026-06-01,2026-06-01 10:47:11,V013,112.0,0.9935961548880184
2026-06-01,2026-06-01 10:47:12,V013,112.0,1.036051928501074
2026-06-01,2026-06-01 10:47:13,V013,112.0,1.015018662256189
2026-06-01,2026-06-01 10:47:14,V013,113.0,0.9748136956810679
2026-06-01,2026-06-01 10:47:15,V013,114.0,1.0331132166994892
2026-06-01,2026-06-01 10:47:16,V013,115.0,0.9955714161158029
2026-06-01,2026-06-01 10:47:17,V013,116.0,1.0177313624754538
2026-06-01,2026-06-01 10:47:18,V013,117.0,1.0539915711062429
2026-06-01,2026-06-01 10:47:19,V013,118.0,1.0277165061382942
2026-06-01,2026-06-01 10:47:20,V013,119.0,0.9997595162788571
2026-06-01,2026-06-01 10:47:21,V013,120.0,0.9948839334692571
2026-06-01,2026-06-01 10:47:22,V013,121.0,1.0129706131429868
2026-06-01,2026-06-01 10:47:23,V013,122.0,1.0220602648876775
2026-06-01,2026-06-01 10:47:24,V013,122.0,1.0056697814780513
2026-06-01,2026-06-01 10:47:25,V013,123.0,0.9963570644211861
2026-06-01,2026-06-01 10:47:26,V013,124.0,1.007723271503273
2026-06-01,2026-06-01 10:47:27,V013,125.0,1.0082684832432813
2026-06-01,2026-06-01 10:47:28,V013,125.0,0.98497330294095
2026-06-01,2026-06-01 10:47:29,V013,126.0,1.0079688997811846
2026-06-01,2026-06-01 10:47:30,V013,127.0,1.0430778437647623
2026-06-01,2026-06-01 10:47:31,V013,127.0,1.044787034409633
2026-06-01,2026-06-01 10:47:32,V013,128.0,1.007109283462257
2026-06-01,2026-06-01 10:47:33,V013,128.0,0.9822859993854436
2026-06-01,2026-06-01 10:47:34,V013,129.0,1.0076624588890495
2026-06-01,2026-06-01 10:47:35,V013,129.0,1.0070583395035266
2026-06-01,2026-06-01 10:47:36,V013,129.0,0.9969695559078428
2026-06-01,2026-06-01 10:47:37,V013,129.0,1.0128198496713725
2026-06-01,2026-06-01 10:47:38,V013,130.0,1.004320702614469
2026-06-01,2026-06-01 10:47:39,V013,130.0,1.0091919086394345
2026-06-01,2026-06-01 10:47:40,V013,130.0,1.0125534293156109
2026-06-01,2026-06-01 10:47:41,V013,130.0,1.0140159172796854
2026-06-01,2026-06-01 10:47:42,V013,130.0,0.9964733926801728
2026-06-01,2026-06-01 10:47:43,V013,130.0,1.0012495497598382
2026-06-01,2026-06-01 10:47:44,V013,130.0,0.9956285825490394
2026-06-01,2026-06-01 10:47:45,V013,130.0,0.9897851822374614
2026-06-01,2026-06-01 10:47:46,V013,131.0,1.0023952838262005
2026-06-01,2026-06-01 10:47:47,V013,131.0,0.9897074392702507
2026-06-01,2026-06-01 10:47:48,V013,132.0,0.9907950034744224
2026-06-01,2026-06-01 10:47:49,V013,132.0,0.9916712426582109
2026-06-01,2026-06-01 10:47:50,V013,133.0,0.9989265451484521
2026-06-01,2026-06-01 10:47:51,V013,132.0,0.9930137277928057
2026-06-01,2026-06-01 10:47:52,V013,132.0,0.9991481301192532
2026-06-01,2026-06-01 10:47:53,V013,132.0,1.0027361824938597
2026-06-01,2026-06-01 10:47:54,V013,131.0,0.9965595243079579
2026-06-01,2026-06-01 10:47:55,V013,131.0,0.9916899528472384
2026-06-01,2026-06-01 10:47:56,V013,130.0,0.9913172127131067
2026-06-01,2026-06-01 10:47:57,V013,129.0,1.0002062325354202
2026-06-01,2026-06-01 10:47:58,V013,129.0,1.0057195364655591
2026-06-01,2026-06-01 10:47:59,V013,128.0,1.0345520053312136
2026-06-01,2026-06-01 10:48:00,V013,128.0,1.012806806171765
2026-06-01,2026-06-01 10:48:01,V013,127.0,1.005813003330272
2026-06-01,2026-06-01 10:48:02,V013,127.0,1.0088926136382512
2026-06-01,2026-06-01 10:48:03,V013,127.0,1.1229382165784905
2026-06-01,2026-06-01 10:48:04,V013,127.0,1.2123261426131646
2026-06-01,2026-06-01 10:48:05,V013,128.0,1.055122080997128
2026-06-01,2026-06-01 10:48:06,V013,128.0,1.023405355396283
2026-06-01,2026-06-01 10:48:07,V013,129.0,1.0060127953529185
2026-06-01,2026-06-01 10:48:08,V013,130.0,1.0126056603459963
2026-06-01,2026-06-01 10:48:09,V013,131.0,1.0026373972859266
2026-06-01,2026-06-01 10:48:10,V013,132.0,0.9988888076735836
2026-06-01,2026-06-01 10:48:11,V013,133.0,0.9967700717514933
2026-06-01,2026-06-01 10:48:12,V013,133.0,1.0012099405503523
2026-06-01,2026-06-01 10:48:13,V013,134.0,0.9986257565768227
2026-06-01,2026-06-01 10:48:14,V013,134.0,0.9973673365937794
2026-06-01,2026-06-01 10:48:15,V013,134.0,1.0020591342350569
2026-06-01,2026-06-01 10:48:16,V013,134.0,0.9891670303806432
2026-06-01,2026-06-01 10:48:17,V013,134.0,1.0053028187158106
2026-06-01,2026-06-01 10:48:18,V013,134.0,1.0150842698321663
2026-06-01,2026-06-01 10:48:19,V013,134.0,0.9811652414239282
2026-06-01,2026-06-01 10:48:20,V013,134.0,0.998089975461505
2026-06-01,2026-06-01 10:48:21,V013,134.0,1.0001904634904142
2026-06-01,2026-06-01 10:48:22,V013,133.0,0.9901954977830447
2026-06-01,2026-06-01 10:48:23,V013,133.0,0.9959026156328354
2026-06-01,2026-06-01 10:48:24,V013,133.0,0.9940725782025546
2026-06-01,2026-06-01 10:48:25,V013,132.0,1.006880819617837
2026-06-01,2026-06-01 10:48:26,V013,131.0,0.9709248464550464
2026-06-01,2026-06-01 10:48:27,V013,130.0,1.0442518343453195
2026-06-01,2026-06-01 10:48:28,V013,128.0,1.005295206206842
2026-06-01,2026-06-01 10:48:29,V013,127.0,0.9913466619402895
2026-06-01,2026-06-01 10:48:30,V013,127.0,1.0135420143843166
2026-06-01,2026-06-01 10:48:31,V013,126.0,0.9719769204618837
2026-06-01,2026-06-01 10:48:32,V013,126.0,1.0143535848845997
2026-06-01,2026-06-01 10:48:33,V013,126.0,0.9503857810535933
2026-06-01,2026-06-01 10:48:34,V013,125.0,1.0310149739069274
2026-06-01,2026-06-01 10:48:35,V013,125.0,0.9824979521722732
2026-06-01,2026-06-01 10:48:36,V013,125.0,1.0284648068934101
2026-06-01,2026-06-01 10:48:37,V013,126.0,0.9719625194982144
2026-06-01,2026-06-01 10:48:38,V013,126.0,1.0496567991686436
2026-06-01,2026-06-01 10:48:39,V013,125.0,0.9968929717015036
2026-06-01,2026-06-01 10:48:40,V013,124.0,0.9918603754734276
2026-06-01,2026-06-01 10:48:41,V013,123.0,0.989550778753193
2026-06-01,2026-06-01 10:48:42,V013,123.0,0.9898470031170024
2026-06-01,2026-06-01 10:48:43,V013,121.0,1.0138393500383354
2026-06-01,2026-06-01 10:48:44,V013,120.0,0.9822186716863646
2026-06-01,2026-06-01 10:48:45,V013,118.0,0.9997636790901901
2026-06-01,2026-06-01 10:48:46,V013,116.0,1.014212196567022
2026-06-01,2026-06-01 10:48:47,V013,114.0,0.9973512716323759
2026-06-01,2026-06-01 10:48:48,V013,113.0,0.9864550205844301
2026-06-01,2026-06-01 10:48:49,V013,112.0,1.1557365260447374
2026-06-01,2026-06-01 10:48:50,V013,111.0,0.8751394932512891
2026-06-01,2026-06-01 10:48:51,V013,110.0,1.0184803252508494
2026-06-01,2026-06-01 10:48:52,V013,110.0,1.0362581981527148
2026-06-01,2026-06-01 10:48:53,V013,110.0,0.9656855901124832
2026-06-01,2026-06-01 10:48:54,V013,109.0,0.9963178529506603
2026-06-01,2026-06-01 10:48:55,V013,110.0,0.9831580938783113
2026-06-01,2026-06-01 10:48:56,V013,110.0,1.015128037358299
2026-06-01,2026-06-01 10:48:57,V013,111.0,0.9923563383875483
2026-06-01,2026-06-01 10:48:58,V013,111.0,1.0140227777668047
2026-06-01,2026-06-01 10:48:59,V013,113.0,0.9894309643696273
2026-06-01,2026-06-01 10:49:00,V013,114.0,0.9994675228606761
2026-06-01,2026-06-01 10:49:01,V013,113.0,1.0019302856922556
2026-06-01,2026-06-01 10:49:02,V013,113.0,0.9917775004512995
2026-06-01,2026-06-01 10:49:03,V013,114.0,1.019903261950279
2026-06-01,2026-06-01 10:49:04,V013,116.0,1.0046207932407116
2026-06-01,2026-06-01 10:49:05,V013,117.0,1.0179824340054944
2026-06-01,2026-06-01 10:49:06,V013,118.0,1.0032611232093724
2026-06-01,2026-06-01 10:49:07,V013,119.0,1.003878198039329
2026-06-01,2026-06-01 10:49:08,V013,120.0,1.0001859470079726
2026-06-01,2026-06-01 10:49:09,V013,121.0,1.0028987176021114
2026-06-01,2026-06-01 10:49:10,V013,121.0,1.003329099093318
2026-06-01,2026-06-01 10:49:11,V013,122.0,0.9972558122561307
2026-06-01,2026-06-01 10:49:12,V013,122.0,0.9970352942911314
2026-06-01,2026-06-01 10:49:13,V013,122.0,1.0131278732171378
2026-06-01,2026-06-01 10:49:14,V013,122.0,1.0281167118871068
2026-06-01,2026-06-01 10:49:15,V013,122.0,0.9712317847623709
2026-06-01,2026-06-01 10:49:16,V013,122.0,1.010628040544585
2026-06-01,2026-06-01 10:49:17,V013,121.0,1.0025488309593502
2026-06-01,2026-06-01 10:49:18,V013,120.0,1.0048732000828628
2026-06-01,2026-06-01 10:49:19,V013,120.0,1.0077615865226839
2026-06-01,2026-06-01 10:49:20,V013,120.0,0.9961936353135231
2026-06-01,2026-06-01 10:49:21,V013,120.0,1.0149431631901238
2026-06-01,2026-06-01 10:49:22,V013,119.0,1.0355521066171598
2026-06-01,2026-06-01 10:49:23,V013,118.0,1.0128280117555577
2026-06-01,2026-06-01 10:49:24,V013,118.0,0.9866951325016848
2026-06-01,2026-06-01 10:49:25,V013,118.0,1.0044112082951446
2026-06-01,2026-06-01 10:49:26,V013,117.0,1.0069025018408062
2026-06-01,2026-06-01 10:49:27,V013,118.0,1.0111779155527034
2026-06-01,2026-06-01 10:49:28,V013,118.0,1.0116962499441624
2026-06-01,2026-06-01 10:49:29,V013,119.0,0.9951026785759021
2026-06-01,2026-06-01 10:49:30,V013,120.0,1.00555838206868
2026-06-01,2026-06-01 10:49:31,V013,120.0,1.0015698097912644
2026-06-01,2026-06-01 10:49:32,V013,121.0,0.9893899842658489
2026-06-01,2026-06-01 10:49:33,V013,120.0,1.0069758332753616
2026-06-01,2026-06-01 10:49:34,V013,120.0,0.9899912294780543
2026-06-01,2026-06-01 10:49:35,V013,119.0,0.9982906020990671
2026-06-01,2026-06-01 10:49:36,V013,118.0,0.9867684528134024
2026-06-01,2026-06-01 10:49:37,V013,118.0,1.0107853093472652
2026-06-01,2026-06-01 10:49:38,V013,117.0,1.0099601281316626
2026-06-01,2026-06-01 10:49:39,V013,116.0,0.9959055326667606
2026-06-01,2026-06-01 10:49:40,V013,116.0,0.9960678045900396
2026-06-01,2026-06-01 10:49:41,V013,116.0,0.9956815431711138
2026-06-01,2026-06-01 10:49:42,V013,116.0,0.9966558826988506
2026-06-01,2026-06-01 10:49:43,V013,116.0,0.9985447353023167
2026-06-01,2026-06-01 10:49:44,V013,115.0,1.0014201811538648
2026-06-01,2026-06-01 10:49:45,V013,115.0,1.0023656252614563
2026-06-01,2026-06-01 10:49:46,V013,115.0,0.9997744612363355
2026-06-01,2026-06-01 10:49:47,V013,115.0,1.061547024525215
2026-06-01,2026-06-01 10:49:48,V013,115.0,0.9882374773024082
2026-06-01,2026-06-01 10:49:49,V013,116.0,1.0082341058407125
2026-06-01,2026-06-01 10:49:50,V013,117.0,0.9960942710781863
2026-06-01,2026-06-01 10:49:51,V013,118.0,0.989222149177301
2026-06-01,2026-06-01 10:49:52,V013,119.0,1.0239453214268757
2026-06-01,2026-06-01 10:49:53,V013,120.0,0.9842684698190632
2026-06-01,2026-06-01 10:49:54,V013,120.0,0.9983143422600973
2026-06-01,2026-06-01 10:49:55,V013,120.0,1.0192940595307867
2026-06-01,2026-06-01 10:49:56,V013,120.0,0.9969316445229807
2026-06-01,2026-06-01 10:49:57,V013,120.0,0.9909500010575485
2026-06-01,2026-06-01 10:49:58,V013,120.0,1.0041130669466936
2026-06-01,2026-06-01 10:49:59,V013,120.0,1.0054978291386871
2026-06-01,2026-06-01 10:50:00,V013,120.0,0.9945225078594264
2026-06-01,2026-06-01 10:50:01,V013,120.0,1.0048105573750643
2026-06-01,2026-06-01 10:50:02,V013,119.0,1.0092743821840924
2026-06-01,2026-06-01 10:50:03,V013,118.0,1.0063591875361373
2026-06-01,2026-06-01 10:50:04,V013,118.0,1.0423919764792922
2026-06-01,2026-06-01 10:50:05,V013,117.0,1.030245859630689
2026-06-01,2026-06-01 10:50:06,V013,116.0,1.0206596325231283
2026-06-01,2026-06-01 10:50:07,V013,116.0,0.9936235919567147
2026-06-01,2026-06-01 10:50:08,V013,115.0,1.0092944978964278
2026-06-01,2026-06-01 10:50:09,V013,115.0,1.0017430642468128
2026-06-01,2026-06-01 10:50:10,V013,115.0,1.0127352187931298
2026-06-01,2026-06-01 10:50:11,V013,116.0,1.0038918683193172
2026-06-01,2026-06-01 10:50:12,V013,116.0,0.9942290033391098
2026-06-01,2026-06-01 10:50:13,V013,116.0,1.0056919755683928
2026-06-01,2026-06-01 10:50:14,V013,117.0,0.9970551705435265
2026-06-01,2026-06-01 10:50:15,V013,117.0,0.9984985332832252
2026-06-01,2026-06-01 10:50:16,V013,117.0,1.0108749631370182
2026-06-01,2026-06-01 10:50:17,V013,118.0,0.9982861075152342
2026-06-01,2026-06-01 10:50:18,V013,118.0,1.0086623886128567
2026-06-01,2026-06-01 10:50:19,V013,118.0,0.9938878398272878
2026-06-01,2026-06-01 10:50:20,V013,118.0,0.9914215670150245
2026-06-01,2026-06-01 10:50:21,V013,118.0,1.02724247192194
2026-06-01,2026-06-01 10:50:22,V013,118.0,0.9912533699603029
2026-06-01,2026-06-01 10:50:23,V013,118.0,0.997413274287454
2026-06-01,2026-06-01 10:50:24,V013,118.0,0.9966340785338497
2026-06-01,2026-06-01 10:50:25,V013,118.0,0.9998292323657197
2026-06-01,2026-06-01 10:50:26,V013,118.0,0.9979804650065557
2026-06-01,2026-06-01 10:50:27,V013,118.0,0.9951482508580184
2026-06-01,2026-06-01 10:50:28,V013,118.0,0.9930664634884246
2026-06-01,2026-06-01 10:50:29,V013,117.0,0.9956632418460597
2026-06-01,2026-06-01 10:50:30,V013,117.0,0.9948418572823152
2026-06-01,2026-06-01 10:50:31,V013,116.0,0.9944077005172701
2026-06-01,2026-06-01 10:50:32,V013,115.0,0.9878870101788265
2026-06-01,2026-06-01 10:50:33,V013,114.0,1.0263719060328853
2026-06-01,2026-06-01 10:50:34,V013,114.0,0.9983717779621432
2026-06-01,2026-06-01 10:50:35,V013,114.0,1.0047384151483683
2026-06-01,2026-06-01 10:50:36,V013,114.0,0.9951385339566895
2026-06-01,2026-06-01 10:50:37,V013,114.0,0.9922212305303549
2026-06-01,2026-06-01 10:50:38,V013,115.0,1.0024806720409898
2026-06-01,2026-06-01 10:50:39,V013,115.0,0.9935190010646736
2026-06-01,2026-06-01 10:50:40,V013,116.0,0.9971904481389132
2026-06-01,2026-06-01 10:50:41,V013,116.0,0.9935795073548158
2026-06-01,2026-06-01 10:50:42,V013,116.0,1.0057582590949377
2026-06-01,2026-06-01 10:50:43,V013,117.0,1.005866230190267
2026-06-01,2026-06-01 10:50:44,V013,117.0,1.0068041279618538
2026-06-01,2026-06-01 10:50:45,V013,117.0,0.9909818636576111
2026-06-01,2026-06-01 10:50:46,V013,117.0,0.9968477463610788
2026-06-01,2026-06-01 10:50:47,V013,117.0,1.0035786844958101
2026-06-01,2026-06-01 10:50:48,V013,118.0,0.990416541123063
2026-06-01,2026-06-01 10:50:49,V013,118.0,0.9925358641652637
2026-06-01,2026-06-01 10:50:50,V013,118.0,0.9916456381832338
2026-06-01,2026-06-01 10:50:51,V013,118.0,0.9987581741402521
2026-06-01,2026-06-01 10:50:52,V013,118.0,0.9918208035239616
2026-06-01,2026-06-01 10:50:53,V013,117.0,1.0089033788378485
2026-06-01,2026-06-01 10:50:54,V013,116.0,0.9839382153566175
2026-06-01,2026-06-01 10:50:55,V013,115.0,0.9998145525705947
2026-06-01,2026-06-01 10:50:56,V013,114.0,1.0055574308426087
2026-06-01,2026-06-01 10:50:57,V013,113.0,0.9896340069463059
2026-06-01,2026-06-01 10:50:58,V013,113.0,0.9903574443836373
2026-06-01,2026-06-01 10:50:59,V013,112.0,1.0123056373576313
2026-06-01,2026-06-01 10:51:00,V013,112.0,1.0246741782592679
2026-06-01,2026-06-01 10:51:01,V013,113.0,0.9852125256207674
2026-06-01,2026-06-01 10:51:02,V013,113.0,0.9924344910734986
2026-06-01,2026-06-01 10:51:03,V013,114.0,1.017048075408878
2026-06-01,2026-06-01 10:51:04,V013,115.0,0.9677488155914247
2026-06-01,2026-06-01 10:51:05,V013,115.0,0.9933329109204149
2026-06-01,2026-06-01 10:51:06,V013,116.0,0.9729394694132738
2026-06-01,2026-06-01 10:51:07,V013,116.0,1.0304579987751559
2026-06-01,2026-06-01 10:51:08,V013,116.0,0.9919972192815405
2026-06-01,2026-06-01 10:51:09,V013,116.0,1.2889884171312485
2026-06-01,2026-06-01 10:51:10,V013,116.0,1.086424065129105
2026-06-01,2026-06-01 10:51:11,V013,115.0,1.0302155106743054
2026-06-01,2026-06-01 10:51:12,V013,115.0,1.0460948930592187
2026-06-01,2026-06-01 10:51:13,V013,115.0,0.9888999972581024
2026-06-01,2026-06-01 10:51:14,V013,115.0,1.005750512539332
2026-06-01,2026-06-01 10:51:15,V013,116.0,1.0182140881605781
2026-06-01,2026-06-01 10:51:16,V013,116.0,0.9868650423203353
2026-06-01,2026-06-01 10:51:17,V013,115.0,0.9939712416547524
2026-06-01,2026-06-01 10:51:18,V013,114.0,1.0031430591877677
2026-06-01,2026-06-01 10:51:19,V013,113.0,0.9861478531222184
2026-06-01,2026-06-01 10:51:20,V013,113.0,1.0003812973567692
2026-06-01,2026-06-01 10:51:21,V013,113.0,0.9986975363275362
2026-06-01,2026-06-01 10:51:22,V013,113.0,0.9936595641343356
2026-06-01,2026-06-01 10:51:23,V013,113.0,0.9891289834300121
2026-06-01,2026-06-01 10:51:24,V013,113.0,0.9955275752012804
2026-06-01,2026-06-01 10:51:25,V013,113.0,1.0029368917637804
2026-06-01,2026-06-01 10:51:26,V013,113.0,0.9838164606020287
2026-06-01,2026-06-01 10:51:27,V013,113.0,1.0004848760203353
2026-06-01,2026-06-01 10:51:28,V013,113.0,0.9948386257733808
2026-06-01,2026-06-01 10:51:29,V013,113.0,0.9907587516638422
2026-06-01,2026-06-01 10:51:30,V013,112.0,0.9961510954805916
2026-06-01,2026-06-01 10:51:31,V013,111.0,0.9826576693499008
2026-06-01,2026-06-01 10:51:32,V013,111.0,1.0165616951776242
2026-06-01,2026-06-01 10:51:33,V013,110.0,0.9951155117412643
2026-06-01,2026-06-01 10:51:34,V013,110.0,1.0030520939655185
2026-06-01,2026-06-01 10:51:35,V013,110.0,0.9894681753315127
2026-06-01,2026-06-01 10:51:36,V013,110.0,0.9924454042545985
2026-06-01,2026-06-01 10:51:37,V013,110.0,0.9946719275630693
2026-06-01,2026-06-01 10:51:38,V013,110.0,0.99538926529605
2026-06-01,2026-06-01 10:51:39,V013,110.0,0.9959024809718627
2026-06-01,2026-06-01 10:51:40,V013,110.0,0.993398433656758
2026-06-01,2026-06-01 10:51:41,V013,109.0,0.9956988997740104
2026-06-01,2026-06-01 10:51:42,V013,109.0,0.995188206110207
2026-06-01,2026-06-01 10:51:43,V013,109.0,0.9927322638243008
2026-06-01,2026-06-01 10:51:44,V013,109.0,0.9990822234026596
2026-06-01,2026-06-01 10:51:45,V013,109.0,1.0136812469222558
2026-06-01,2026-06-01 10:51:46,V013,108.0,0.9838889400238754
2026-06-01,2026-06-01 10:51:47,V013,108.0,1.0007033637936138
2026-06-01,2026-06-01 10:51:48,V013,107.0,0.9937013776409327
2026-06-01,2026-06-01 10:51:49,V013,106.0,0.9923121629116043
2026-06-01,2026-06-01 10:51:50,V013,105.0,0.9936118510776776
2026-06-01,2026-06-01 10:51:51,V013,105.0,0.9951713116067367
2026-06-01,2026-06-01 10:51:52,V013,104.0,0.9965908213989129
2026-06-01,2026-06-01 10:51:53,V013,105.0,0.995663271606525
2026-06-01,2026-06-01 10:51:54,V013,106.0,0.9951154819854777
2026-06-01,2026-06-01 10:51:55,V013,107.0,0.9959986470473823
2026-06-01,2026-06-01 10:51:56,V013,107.0,0.998756916019349
2026-06-01,2026-06-01 10:51:57,V013,108.0,0.9920900322944338
2026-06-01,2026-06-01 10:51:58,V013,109.0,1.0126681627707081
2026-06-01,2026-06-01 10:51:59,V013,109.0,0.998038867487805
2026-06-01,2026-06-01 10:52:00,V013,109.0,1.0250759263888314
2026-06-01,2026-06-01 10:52:01,V013,109.0,0.9971673612767065
2026-06-01,2026-06-01 10:52:02,V013,108.0,1.020717380500184
2026-06-01,2026-06-01 10:52:03,V013,108.0,0.9912679981446385
2026-06-01,2026-06-01 10:52:04,V013,108.0,1.005547909827344
2026-06-01,2026-06-01 10:52:05,V013,107.0,0.9950747489119515
2026-06-01,2026-06-01 10:52:06,V013,107.0,1.0162880586970295
2026-06-01,2026-06-01 10:52:07,V013,108.0,1.0168894717548427
2026-06-01,2026-06-01 10:52:08,V013,108.0,1.005309366911026
2026-06-01,2026-06-01 10:52:09,V013,108.0,0.9932094836868245
2026-06-01,2026-06-01 10:52:10,V013,109.0,1.0218307298163003
2026-06-01,2026-06-01 10:52:11,V013,110.0,1.0088745344590089
2026-06-01,2026-06-01 10:52:12,V013,110.0,1.0212802242360686
2026-06-01,2026-06-01 10:52:13,V013,110.0,1.2934769021643133
2026-06-01,2026-06-01 10:52:14,V013,110.0,1.2731931453879637
2026-06-01,2026-06-01 10:52:15,V013,111.0,1.0695249939249882
2026-06-01,2026-06-01 10:52:16,V013,112.0,0.9783938812468509
2026-06-01,2026-06-01 10:52:17,V013,113.0,1.087219749526752
2026-06-01,2026-06-01 10:52:18,V013,113.0,0.9936899128973476
2026-06-01,2026-06-01 10:52:19,V013,114.0,1.0084016945507268
2026-06-01,2026-06-01 10:52:20,V013,115.0,1.0001676671832782
2026-06-01,2026-06-01 10:52:21,V013,117.0,1.0322187651662105
2026-06-01,2026-06-01 10:52:22,V013,119.0,1.0023493697002197
2026-06-01,2026-06-01 10:52:23,V013,120.0,1.0093675974622724
2026-06-01,2026-06-01 10:52:24,V013,121.0,1.0004271408774477
2026-06-01,2026-06-01 10:52:25,V013,123.0,1.0040433872048207
2026-06-01,2026-06-01 10:52:26,V013,124.0,1.005684601186307
2026-06-01,2026-06-01 10:52:27,V013,125.0,1.0357785652739964
2026-06-01,2026-06-01 10:52:28,V013,126.0,1.0052671386696186
2026-06-01,2026-06-01 10:52:29,V013,127.0,0.9947071879179573
2026-06-01,2026-06-01 10:52:30,V013,128.0,0.9984021126555327
2026-06-01,2026-06-01 10:52:31,V013,129.0,1.005440795115234
2026-06-01,2026-06-01 10:52:32,V013,130.0,0.9906880533789975
2026-06-01,2026-06-01 10:52:33,V013,130.0,1.0044632812661376
2026-06-01,2026-06-01 10:52:34,V013,130.0,1.0907600850166004
2026-06-01,2026-06-01 10:52:35,V013,130.0,1.0461887649185981
2026-06-01,2026-06-01 10:52:36,V013,131.0,1.0348183946253309
2026-06-01,2026-06-01 10:52:37,V013,130.0,0.9961419380708881
2026-06-01,2026-06-01 10:52:38,V013,130.0,1.0020454328409898
2026-06-01,2026-06-01 10:52:39,V013,129.0,1.0161431340570768
2026-06-01,2026-06-01 10:52:40,V013,129.0,0.9916712310230189
2026-06-01,2026-06-01 10:52:41,V013,129.0,0.9932774571694091
2026-06-01,2026-06-01 10:52:42,V013,128.0,0.9911846195057077
2026-06-01,2026-06-01 10:52:43,V013,129.0,1.0054548075117506
2026-06-01,2026-06-01 10:52:44,V013,129.0,1.022168458957623
2026-06-01,2026-06-01 10:52:45,V013,130.0,1.024784521703496
2026-06-01,2026-06-01 10:52:46,V013,131.0,0.9831030306481489
2026-06-01,2026-06-01 10:52:47,V013,132.0,1.0148831573388652
2026-06-01,2026-06-01 10:52:48,V013,132.0,1.004386045917877
2026-06-01,2026-06-01 10:52:49,V013,132.0,1.0034279059298314
2026-06-01,2026-06-01 10:52:50,V013,132.0,1.0081795721331133
2026-06-01,2026-06-01 10:52:51,V013,132.0,1.0109503624973515
2026-06-01,2026-06-01 10:52:52,V013,131.0,1.0200997680926882
2026-06-01,2026-06-01 10:52:53,V013,131.0,0.9771669263754142
2026-06-01,2026-06-01 10:52:54,V013,130.0,0.9937977358539271
2026-06-01,2026-06-01 10:52:55,V013,129.0,0.9940965555335131
2026-06-01,2026-06-01 10:52:56,V013,129.0,1.0102428894878996
2026-06-01,2026-06-01 10:52:57,V013,128.0,1.0200043852439387
2026-06-01,2026-06-01 10:52:58,V013,127.0,0.979330028694154
2026-06-01,2026-06-01 10:52:59,V013,126.0,1.0404122364985613
2026-06-01,2026-06-01 10:53:00,V013,125.0,0.9996037320514342
2026-06-01,2026-06-01 10:53:01,V013,125.0,1.0067768634711125
2026-06-01,2026-06-01 10:53:02,V013,124.0,1.0032619163418837
2026-06-01,2026-06-01 10:53:03,V013,124.0,0.996722497499419
2026-06-01,2026-06-01 10:53:04,V013,123.0,0.9892971111594728
2026-06-01,2026-06-01 10:53:05,V013,123.0,1.0139449236093807
2026-06-01,2026-06-01 10:53:06,V013,123.0,1.005201226130103
2026-06-01,2026-06-01 10:53:07,V013,123.0,0.9939340413471821
2026-06-01,2026-06-01 10:53:08,V013,122.0,0.9873137162850636
2026-06-01,2026-06-01 10:53:09,V013,122.0,1.0157868583059941
2026-06-01,2026-06-01 10:53:10,V013,122.0,1.0373567934605823
2026-06-01,2026-06-01 10:53:11,V013,122.0,1.0169261525240325
2026-06-01,2026-06-01 10:53:12,V013,122.0,1.0313158069422685
2026-06-01,2026-06-01 10:53:13,V013,122.0,0.9965359556272668
2026-06-01,2026-06-01 10:53:14,V013,122.0,1.00836644725123
2026-06-01,2026-06-01 10:53:15,V013,122.0,0.9943534557812929
2026-06-01,2026-06-01 10:53:16,V013,122.0,0.9845884564063166
2026-06-01,2026-06-01 10:53:17,V013,122.0,1.0510861021414297
2026-06-01,2026-06-01 10:53:18,V013,122.0,1.0147061300589117
2026-06-01,2026-06-01 10:53:19,V013,122.0,1.0213388476697196
2026-06-01,2026-06-01 10:53:20,V013,122.0,1.129112385926316
2026-06-01,2026-06-01 10:53:21,V013,122.0,0.9795886415682287
2026-06-01,2026-06-01 10:53:22,V013,122.0,0.9377977420118534
2026-06-01,2026-06-01 10:53:23,V013,121.0,1.2738136122659494
2026-06-01,2026-06-01 10:53:24,V013,121.0,1.020019472274094
2026-06-01,2026-06-01 10:53:25,V013,120.0,1.0176615314281356
2026-06-01,2026-06-01 10:53:26,V013,120.0,1.0362093419561291
2026-06-01,2026-06-01 10:53:27,V013,119.0,0.9965938711369302
2026-06-01,2026-06-01 10:53:28,V013,119.0,1.0280568649081072
2026-06-01,2026-06-01 10:53:29,V013,119.0,0.9976132227111969
2026-06-01,2026-06-01 10:53:30,V013,119.0,0.9939164269368342
2026-06-01,2026-06-01 10:53:31,V013,119.0,1.013078558903202
2026-06-01,2026-06-01 10:53:32,V013,119.0,0.9915493143258777
2026-06-01,2026-06-01 10:53:33,V013,119.0,1.252034757442879
2026-06-01,2026-06-01 10:53:34,V013,119.0,1.058056704600419
2026-06-01,2026-06-01 10:53:35,V013,119.0,1.0396903637954258
2026-06-01,2026-06-01 10:53:36,V013,119.0,0.9862844643651081
2026-06-01,2026-06-01 10:53:37,V013,120.0,0.9972358134200084
2026-06-01,2026-06-01 10:53:38,V013,121.0,1.0026065157451298
2026-06-01,2026-06-01 10:53:39,V013,122.0,0.9966313242527435
2026-06-01,2026-06-01 10:53:40,V013,123.0,1.0025305428970717
2026-06-01,2026-06-01 10:53:41,V013,125.0,1.0116180464465665
2026-06-01,2026-06-01 10:53:42,V013,127.0,0.991232578876325
2026-06-01,2026-06-01 10:53:43,V013,128.0,0.9925642861069873
2026-06-01,2026-06-01 10:53:44,V013,130.0,1.0112407035928088
2026-06-01,2026-06-01 10:53:45,V013,131.0,1.0058034019264437
2026-06-01,2026-06-01 10:53:46,V013,132.0,1.034593394430665
2026-06-01,2026-06-01 10:53:47,V013,133.0,1.1528568871727833
2026-06-01,2026-06-01 10:53:48,V013,133.0,1.046561408852378
2026-06-01,2026-06-01 10:53:49,V013,134.0,1.0375270687921228
2026-06-01,2026-06-01 10:53:50,V013,134.0,1.0376468631876945
2026-06-01,2026-06-01 10:53:51,V013,134.0,1.004117676240588
2026-06-01,2026-06-01 10:53:52,V013,134.0,0.9899455108433962
2026-06-01,2026-06-01 10:53:53,V013,133.0,1.0247457291880429
2026-06-01,2026-06-01 10:53:54,V013,133.0,0.9867008028630377
2026-06-01,2026-06-01 10:53:55,V013,132.0,1.0141572440904703
2026-06-01,2026-06-01 10:53:56,V013,131.0,0.9867610291434408
2026-06-01,2026-06-01 10:53:57,V013,131.0,1.0055923068011783
2026-06-01,2026-06-01 10:53:58,V013,130.0,0.9764754320365182
2026-06-01,2026-06-01 10:53:59,V013,129.0,1.0000581892569276
2026-06-01,2026-06-01 10:54:00,V013,129.0,0.9879611406464658
2026-06-01,2026-06-01 10:54:01,V013,129.0,1.000477926465514
2026-06-01,2026-06-01 10:54:02,V013,129.0,1.000508875725241
2026-06-01,2026-06-01 10:54:03,V013,128.0,0.995472860127274
2026-06-01,2026-06-01 10:54:04,V013,128.0,1.0014260868341398
2026-06-01,2026-06-01 10:54:05,V013,128.0,1.006315815819457
2026-06-01,2026-06-01 10:54:06,V013,128.0,1.002477345525085
2026-06-01,2026-06-01 10:54:07,V013,128.0,1.0138006883642674
2026-06-01,2026-06-01 10:54:08,V013,128.0,0.9947886921721638
2026-06-01,2026-06-01 10:54:09,V013,128.0,1.007042904712353
2026-06-01,2026-06-01 10:54:10,V013,128.0,1.001140551634844
2026-06-01,2026-06-01 10:54:11,V013,128.0,1.0049353202351288
2026-06-01,2026-06-01 10:54:12,V013,128.0,0.9939306936315153
2026-06-01,2026-06-01 10:54:13,V013,128.0,0.9910393377245803
2026-06-01,2026-06-01 10:54:14,V013,128.0,1.0691640933090125
2026-06-01,2026-06-01 10:54:15,V013,126.0,1.0274432724251583
2026-06-01,2026-06-01 10:54:16,V013,126.0,0.9849870274491641
2026-06-01,2026-06-01 10:54:17,V013,125.0,1.0118221605161306
2026-06-01,2026-06-01 10:54:18,V013,124.0,1.0016327215373908
2026-06-01,2026-06-01 10:54:19,V013,124.0,0.9960791603508999
2026-06-01,2026-06-01 10:54:20,V013,124.0,0.9964304812037614
2026-06-01,2026-06-01 10:54:21,V013,123.0,1.0056592042762142
2026-06-01,2026-06-01 10:54:22,V013,123.0,0.9959074560155182
2026-06-01,2026-06-01 10:54:23,V013,123.0,1.0246401189459355
2026-06-01,2026-06-01 10:54:24,V013,124.0,1.0188930351055212
2026-06-01,2026-06-01 10:54:25,V013,125.0,0.987137010421032
2026-06-01,2026-06-01 10:54:26,V013,126.0,0.9808699566139402
2026-06-01,2026-06-01 10:54:27,V013,126.0,1.1109361653015248
2026-06-01,2026-06-01 10:54:28,V013,127.0,1.0098421178781265
2026-06-01,2026-06-01 10:54:29,V013,127.0,0.9899327369122833
2026-06-01,2026-06-01 10:54:30,V013,127.0,1.005118491187006
2026-06-01,2026-06-01 10:54:31,V013,127.0,1.0506918035250956
2026-06-01,2026-06-01 10:54:32,V013,127.0,1.0048130141044083
2026-06-01,2026-06-01 10:54:33,V013,128.0,0.9878998324872528
2026-06-01,2026-06-01 10:54:34,V013,128.0,0.9984713547304163
2026-06-01,2026-06-01 10:54:35,V013,129.0,0.9986224734123802
2026-06-01,2026-06-01 10:54:36,V013,130.0,0.9931921220923877
2026-06-01,2026-06-01 10:54:37,V013,131.0,0.9983883717486643
2026-06-01,2026-06-01 10:54:38,V013,131.0,0.9899184203905597
2026-06-01,2026-06-01 10:54:39,V013,132.0,1.0994297697009612
2026-06-01,2026-06-01 10:54:40,V013,132.0,1.0460062342752452
2026-06-01,2026-06-01 10:54:41,V013,131.0,1.0103289821173866
2026-06-01,2026-06-01 10:54:42,V013,130.0,1.0189903556262454
2026-06-01,2026-06-01 10:54:43,V013,131.0,1.0111253769628823
2026-06-01,2026-06-01 10:54:44,V013,131.0,0.9983225989476386
2026-06-01,2026-06-01 10:54:45,V013,131.0,0.9911969711307408
2026-06-01,2026-06-01 10:54:46,V013,131.0,1.1170450671512049
2026-06-01,2026-06-01 10:54:47,V013,131.0,0.9827817060649217
2026-06-01,2026-06-01 10:54:48,V013,132.0,0.997641996588499
2026-06-01,2026-06-01 10:54:49,V013,132.0,1.000211345914976
2026-06-01,2026-06-01 10:54:50,V013,132.0,1.0063142786013937
2026-06-01,2026-06-01 10:54:51,V013,132.0,0.9847115847926429
2026-06-01,2026-06-01 10:54:52,V013,132.0,0.996988986848682
2026-06-01,2026-06-01 10:54:53,V013,132.0,1.0151715703337385
2026-06-01,2026-06-01 10:54:54,V013,132.0,1.0046232388190954
2026-06-01,2026-06-01 10:54:55,V013,131.0,0.9939052338193428
2026-06-01,2026-06-01 10:54:56,V013,131.0,1.0255834650719602
2026-06-01,2026-06-01 10:54:57,V013,130.0,0.9901988101588378
2026-06-01,2026-06-01 10:54:58,V013,129.0,0.9909311975507101
2026-06-01,2026-06-01 10:54:59,V013,129.0,1.0092482143459998
2026-06-01,2026-06-01 10:55:00,V013,129.0,0.9951465406007042
2026-06-01,2026-06-01 10:55:01,V013,128.0,0.9867777002716868
2026-06-01,2026-06-01 10:55:02,V013,128.0,1.0094180437548506
2026-06-01,2026-06-01 10:55:03,V013,128.0,1.0339584370472403
2026-06-01,2026-06-01 10:55:04,V013,128.0,1.321726278334515
2026-06-01,2026-06-01 10:55:05,V013,128.0,1.1129258171801997
2026-06-01,2026-06-01 10:55:06,V013,127.0,1.0513455083907834
2026-06-01,2026-06-01 10:55:07,V013,127.0,1.0472799353703373
2026-06-01,2026-06-01 10:55:08,V013,126.0,1.0022538056012145
2026-06-01,2026-06-01 10:55:09,V013,125.0,1.0373775855277516
2026-06-01,2026-06-01 10:55:10,V013,124.0,1.0104862842020943
2026-06-01,2026-06-01 10:55:11,V013,123.0,1.027735712517791
2026-06-01,2026-06-01 10:55:12,V013,123.0,1.0174387961509066
2026-06-01,2026-06-01 10:55:13,V013,123.0,1.0228950153068612
2026-06-01,2026-06-01 10:55:14,V013,124.0,1.0103785686034608
2026-06-01,2026-06-01 10:55:15,V013,125.0,0.9997638806078304
2026-06-01,2026-06-01 10:55:16,V013,126.0,0.9975831278204518
2026-06-01,2026-06-01 10:55:17,V013,127.0,0.9951136998323836
2026-06-01,2026-06-01 10:55:18,V013,128.0,0.9934672740297356
2026-06-01,2026-06-01 10:55:19,V013,129.0,1.0053046765080462
2026-06-01,2026-06-01 10:55:20,V013,130.0,1.0114280882260467
2026-06-01,2026-06-01 10:55:21,V013,129.0,0.9949817935062527
2026-06-01,2026-06-01 10:55:22,V013,129.0,0.9965965133156919
2026-06-01,2026-06-01 10:55:23,V013,128.0,1.019865924440121
2026-06-01,2026-06-01 10:55:24,V013,128.0,0.9925771097407655
2026-06-01,2026-06-01 10:55:25,V013,127.0,1.0002211761188626
2026-06-01,2026-06-01 10:55:26,V013,127.0,1.0132558013156012
2026-06-01,2026-06-01 10:55:27,V013,126.0,0.9926263839721655
2026-06-01,2026-06-01 10:55:28,V013,125.0,1.006780414899793
2026-06-01,2026-06-01 10:55:29,V013,125.0,0.9924571588386082
2026-06-01,2026-06-01 10:55:30,V013,125.0,1.000740916496566
2026-06-01,2026-06-01 10:55:31,V013,125.0,0.9999227908799246
2026-06-01,2026-06-01 10:55:32,V013,124.0,0.9998432088942775
2026-06-01,2026-06-01 10:55:33,V013,124.0,0.9920709683644184
2026-06-01,2026-06-01 10:55:34,V013,124.0,0.9954764032415864
2026-06-01,2026-06-01 10:55:35,V013,124.0,0.9968686171068958
2026-06-01,2026-06-01 10:55:36,V013,124.0,1.0164202641364855
2026-06-01,2026-06-01 10:55:37,V013,123.0,1.0147110977029496
2026-06-01,2026-06-01 10:55:38,V013,123.0,0.9670324852770885
2026-06-01,2026-06-01 10:55:39,V013,122.0,1.0135718676427883
2026-06-01,2026-06-01 10:55:40,V013,121.0,0.9826070367826075
2026-06-01,2026-06-01 10:55:41,V013,121.0,1.0335806530590042
2026-06-01,2026-06-01 10:55:42,V013,121.0,1.0622924412909505
2026-06-01,2026-06-01 10:55:43,V013,120.0,0.9864571462814676
2026-06-01,2026-06-01 10:55:44,V013,120.0,1.0474735911179045
2026-06-01,2026-06-01 10:55:45,V013,120.0,1.013621385246785
2026-06-01,2026-06-01 10:55:46,V013,120.0,0.9832090135969498
2026-06-01,2026-06-01 10:55:47,V013,119.0,1.0058902540060448
2026-06-01,2026-06-01 10:55:48,V013,118.0,0.9891445307753395
2026-06-01,2026-06-01 10:55:49,V013,118.0,1.0067026569573119
2026-06-01,2026-06-01 10:55:50,V013,118.0,0.9900847974763718
2026-06-01,2026-06-01 10:55:51,V013,118.0,1.023504157972732
2026-06-01,2026-06-01 10:55:52,V013,118.0,0.9891228357309546
2026-06-01,2026-06-01 10:55:53,V013,118.0,1.0403100451664304
2026-06-01,2026-06-01 10:55:54,V013,119.0,0.9901163326994846
2026-06-01,2026-06-01 10:55:55,V013,119.0,1.002560543670833
2026-06-01,2026-06-01 10:55:56,V013,119.0,0.9997819276011959
2026-06-01,2026-06-01 10:55:57,V013,118.0,1.0309976032123318
2026-06-01,2026-06-01 10:55:58,V013,118.0,0.9951900850593174
2026-06-01,2026-06-01 10:55:59,V013,118.0,1.0990508841614168
2026-06-01,2026-06-01 10:56:00,V013,118.0,1.001198576263868
2026-06-01,2026-06-01 10:56:01,V013,118.0,1.0010415437644002
2026-06-01,2026-06-01 10:56:02,V013,117.0,1.137939648685864
2026-06-01,2026-06-01 10:56:03,V013,117.0,1.2783550395787437
2026-06-01,2026-06-01 10:56:04,V013,117.0,1.084153191057243
2026-06-01,2026-06-01 10:56:05,V013,117.0,0.9862422585972883
2026-06-01,2026-06-01 10:56:06,V013,118.0,1.0411190916564392
2026-06-01,2026-06-01 10:56:07,V013,119.0,1.0167561832317906
2026-06-01,2026-06-01 10:56:08,V013,119.0,1.0196917619377495
2026-06-01,2026-06-01 10:56:09,V013,120.0,1.01193611825442
2026-06-01,2026-06-01 10:56:10,V013,120.0,1.0261949572201616
2026-06-01,2026-06-01 10:56:11,V013,122.0,1.0020888193081197
2026-06-01,2026-06-01 10:56:12,V013,122.0,1.015045495731442
2026-06-01,2026-06-01 10:56:13,V013,123.0,1.0145006764132356
2026-06-01,2026-06-01 10:56:14,V013,124.0,1.0301231219929703
2026-06-01,2026-06-01 10:56:15,V013,125.0,1.1049527291199919
2026-06-01,2026-06-01 10:56:16,V013,126.0,0.9188654671959996
2026-06-01,2026-06-01 10:56:17,V013,127.0,1.2532834769261185
2026-06-01,2026-06-01 10:56:18,V013,127.0,0.9394482118323381
2026-06-01,2026-06-01 10:56:19,V013,127.0,1.046082590728537
2026-06-01,2026-06-01 10:56:20,V013,127.0,1.0247997871505652
2026-06-01,2026-06-01 10:56:21,V013,127.0,1.0435843824051592
2026-06-01,2026-06-01 10:56:22,V013,127.0,0.9928373279037668
2026-06-01,2026-06-01 10:56:23,V013,127.0,1.0019329062213151
2026-06-01,2026-06-01 10:56:24,V013,127.0,0.993642819991641
2026-06-01,2026-06-01 10:56:25,V013,126.0,1.020280017466116
2026-06-01,2026-06-01 10:56:26,V013,126.0,1.0123673788006473
2026-06-01,2026-06-01 10:56:27,V013,125.0,0.9953556977198162
2026-06-01,2026-06-01 10:56:28,V013,125.0,0.9995789080340262
2026-06-01,2026-06-01 10:56:29,V013,125.0,1.073135293609698
2026-06-01,2026-06-01 10:56:30,V013,125.0,1.026683937663045
2026-06-01,2026-06-01 10:56:31,V013,126.0,1.027165564805775
2026-06-01,2026-06-01 10:56:32,V013,126.0,0.9612770554882247
2026-06-01,2026-06-01 10:56:33,V013,127.0,1.2243320479081237
2026-06-01,2026-06-01 10:56:34,V013,127.0,1.0527157366292392
2026-06-01,2026-06-01 10:56:35,V013,128.0,1.0237299006034923
2026-06-01,2026-06-01 10:56:36,V013,129.0,1.077280948468891
2026-06-01,2026-06-01 10:56:37,V013,130.0,1.0131781613826152
2026-06-01,2026-06-01 10:56:38,V013,131.0,1.0022293003699476
2026-06-01,2026-06-01 10:56:39,V013,133.0,1.0263791392963624
2026-06-01,2026-06-01 10:56:40,V013,134.0,1.0080770412385403
2026-06-01,2026-06-01 10:56:41,V013,135.0,1.003323059590118
2026-06-01,2026-06-01 10:56:42,V013,136.0,1.0106208207053902
2026-06-01,2026-06-01 10:56:43,V013,137.0,1.013835153944199
2026-06-01,2026-06-01 10:56:44,V013,138.0,0.9877051518569104
2026-06-01,2026-06-01 10:56:45,V013,140.0,0.9984670881790624
2026-06-01,2026-06-01 10:56:46,V013,141.0,1.023034461179914
2026-06-01,2026-06-01 10:56:47,V013,143.0,1.0224362567288163
2026-06-01,2026-06-01 10:56:48,V013,144.0,1.008460070474418
2026-06-01,2026-06-01 10:56:49,V013,146.0,1.0578527659258374
2026-06-01,2026-06-01 10:56:50,V013,147.0,1.030406797920034
2026-06-01,2026-06-01 10:56:51,V013,148.0,0.9989466281992329
2026-06-01,2026-06-01 10:56:52,V013,148.0,1.0069728929517598
2026-06-01,2026-06-01 10:56:53,V013,148.0,0.9734316889135219
2026-06-01,2026-06-01 10:56:54,V013,148.0,1.0194389514563464
2026-06-01,2026-06-01 10:56:55,V013,148.0,1.0141440355073736
2026-06-01,2026-06-01 10:56:56,V013,148.0,1.0014344061833949
2026-06-01,2026-06-01 10:56:57,V013,148.0,1.0109895812133736
2026-06-01,2026-06-01 10:56:58,V013,149.0,1.1728543672243972
2026-06-01,2026-06-01 10:56:59,V013,149.0,0.956798559544604
2026-06-01,2026-06-01 10:57:00,V013,150.0,1.178360397987517
2026-06-01,2026-06-01 10:57:01,V013,149.0,0.9767494291162794
2026-06-01,2026-06-01 10:57:02,V013,149.0,1.0204383486652313
2026-06-01,2026-06-01 10:57:03,V013,148.0,1.0299852946715204
2026-06-01,2026-06-01 10:57:04,V013,148.0,1.001558094631672
2026-06-01,2026-06-01 10:57:05,V013,147.0,1.0344906601987882
2026-06-01,2026-06-01 10:57:06,V013,147.0,1.0175041233683733
2026-06-01,2026-06-01 10:57:07,V013,146.0,1.0219209582485829
2026-06-01,2026-06-01 10:57:08,V013,145.0,1.000357782128754
2026-06-01,2026-06-01 10:57:09,V013,144.0,1.0294576647602947
2026-06-01,2026-06-01 10:57:10,V013,143.0,1.0041517014462749
2026-06-01,2026-06-01 10:57:11,V013,142.0,1.0113706574596155
2026-06-01,2026-06-01 10:57:12,V013,141.0,0.9841924859841854
2026-06-01,2026-06-01 10:57:13,V013,140.0,1.0123416876237608
2026-06-01,2026-06-01 10:57:14,V013,139.0,1.0267483128171433
2026-06-01,2026-06-01 10:57:15,V013,139.0,1.004456025348282
2026-06-01,2026-06-01 10:57:16,V013,139.0,1.004145664321209
2026-06-01,2026-06-01 10:57:17,V013,139.0,0.9970131417436573
2026-06-01,2026-06-01 10:57:18,V013,139.0,1.003909306630582
2026-06-01,2026-06-01 10:57:19,V013,139.0,1.0100327381953962
2026-06-01,2026-06-01 10:57:20,V013,139.0,0.9967179496546225
2026-06-01,2026-06-01 10:57:21,V013,139.0,0.9940536200079437
2026-06-01,2026-06-01 10:57:22,V013,139.0,1.0064836783738764
2026-06-01,2026-06-01 10:57:23,V013,138.0,1.004019811444456
2026-06-01,2026-06-01 10:57:24,V013,138.0,1.0421211183766144
2026-06-01,2026-06-01 10:57:25,V013,137.0,1.0517780953595393
2026-06-01,2026-06-01 10:57:26,V013,137.0,1.1364710807296339
2026-06-01,2026-06-01 10:57:27,V013,136.0,1.050516647256845
2026-06-01,2026-06-01 10:57:28,V013,135.0,0.9881262983345058
2026-06-01,2026-06-01 10:57:29,V013,133.0,1.0195810184841565
2026-06-01,2026-06-01 10:57:30,V013,132.0,0.9744538091752245
2026-06-01,2026-06-01 10:57:31,V013,131.0,1.0142686808552317
2026-06-01,2026-06-01 10:57:32,V013,130.0,0.9894379114087966
2026-06-01,2026-06-01 10:57:33,V013,130.0,0.9927249224223843
2026-06-01,2026-06-01 10:57:34,V013,129.0,1.000858411426266
2026-06-01,2026-06-01 10:57:35,V013,129.0,1.002717770087562
2026-06-01,2026-06-01 10:57:36,V013,128.0,0.9907502181199359
2026-06-01,2026-06-01 10:57:37,V013,128.0,1.0144144589992556
2026-06-01,2026-06-01 10:57:38,V013,128.0,1.0324806424590194
2026-06-01,2026-06-01 10:57:39,V013,128.0,1.0193260687516055
2026-06-01,2026-06-01 10:57:40,V013,127.0,0.998781247511441
2026-06-01,2026-06-01 10:57:41,V013,127.0,1.0036687162652385
2026-06-01,2026-06-01 10:57:42,V013,127.0,1.011826585722046
2026-06-01,2026-06-01 10:57:43,V013,126.0,0.9990601211100139
2026-06-01,2026-06-01 10:57:44,V013,126.0,1.0350140202618356
2026-06-01,2026-06-01 10:57:45,V013,126.0,0.9951107629420862
2026-06-01,2026-06-01 10:57:46,V013,126.0,0.9968133887057548
2026-06-01,2026-06-01 10:57:47,V013,127.0,0.9702338138873648
2026-06-01,2026-06-01 10:57:48,V013,127.0,1.023504341943747
2026-06-01,2026-06-01 10:57:49,V013,127.0,1.146055983903904
2026-06-01,2026-06-01 10:57:50,V013,127.0,1.079564502976733
2026-06-01,2026-06-01 10:57:51,V013,128.0,0.9964756772572055
2026-06-01,2026-06-01 10:57:52,V013,128.0,1.0282003835158757
2026-06-01,2026-06-01 10:57:53,V013,128.0,0.9834188794929216
2026-06-01,2026-06-01 10:57:54,V013,128.0,1.0392589123697193
2026-06-01,2026-06-01 10:57:55,V013,129.0,1.027133674074423
2026-06-01,2026-06-01 10:57:56,V013,129.0,0.988402520832823
2026-06-01,2026-06-01 10:57:57,V013,128.0,1.0216549203626972
2026-06-01,2026-06-01 10:57:58,V013,127.0,0.9784037879294629
2026-06-01,2026-06-01 10:57:59,V013,126.0,1.0207666322997735
2026-06-01,2026-06-01 10:58:00,V013,125.0,0.9670667224098795
2026-06-01,2026-06-01 10:58:01,V013,125.0,1.074359797584346
2026-06-01,2026-06-01 10:58:02,V013,124.0,0.9938936809929647
2026-06-01,2026-06-01 10:58:03,V013,125.0,0.9965477262573433
2026-06-01,2026-06-01 10:58:04,V013,125.0,0.9975813694585133
2026-06-01,2026-06-01 10:58:05,V013,125.0,1.0382011813074992
2026-06-01,2026-06-01 10:58:06,V013,126.0,1.216220278559952
2026-06-01,2026-06-01 10:58:07,V013,126.0,0.8974729599049409
2026-06-01,2026-06-01 10:58:08,V013,126.0,1.2540253311183807
2026-06-01,2026-06-01 10:58:09,V013,125.0,0.9029619281427111
2026-06-01,2026-06-01 10:58:10,V013,125.0,1.00326357494495
2026-06-01,2026-06-01 10:58:11,V013,124.0,1.0477992237548321
2026-06-01,2026-06-01 10:58:12,V013,124.0,1.026816887101813
2026-06-01,2026-06-01 10:58:13,V013,124.0,0.9920073446049129
2026-06-01,2026-06-01 10:58:14,V013,124.0,1.0135537916663284
2026-06-01,2026-06-01 10:58:15,V013,124.0,1.0088101318008975
2026-06-01,2026-06-01 10:58:16,V013,125.0,0.9972879465882013
2026-06-01,2026-06-01 10:58:17,V013,124.0,0.9955673864991069
2026-06-01,2026-06-01 10:58:18,V013,124.0,0.9968733662079743
2026-06-01,2026-06-01 10:58:19,V013,124.0,0.9911641357298927
2026-06-01,2026-06-01 10:58:20,V013,124.0,1.0036793868523062
2026-06-01,2026-06-01 10:58:21,V013,124.0,1.0061490753119537
2026-06-01,2026-06-01 10:58:22,V013,124.0,1.0298464202150883
2026-06-01,2026-06-01 10:58:23,V013,125.0,0.9980630411031277
2026-06-01,2026-06-01 10:58:24,V013,126.0,1.005208655683389
2026-06-01,2026-06-01 10:58:25,V013,127.0,1.0611021982688382
2026-06-01,2026-06-01 10:58:26,V013,127.0,1.15195889536551
2026-06-01,2026-06-01 10:58:27,V013,128.0,1.021672886878517
2026-06-01,2026-06-01 10:58:28,V013,128.0,1.055108986304411
2026-06-01,2026-06-01 10:58:29,V013,129.0,0.9888710978647429
2026-06-01,2026-06-01 10:58:30,V013,129.0,1.0155281618295913
2026-06-01,2026-06-01 10:58:31,V013,129.0,1.0611256188512943
2026-06-01,2026-06-01 10:58:32,V013,129.0,1.0073312672257901
2026-06-01,2026-06-01 10:58:33,V013,129.0,0.9854737681526724
2026-06-01,2026-06-01 10:58:34,V013,129.0,1.0186281794737313
2026-06-01,2026-06-01 10:58:35,V013,129.0,0.9762659747886477
2026-06-01,2026-06-01 10:58:36,V013,129.0,1.106886027707066
2026-06-01,2026-06-01 10:58:37,V013,128.0,0.981256421473233
2026-06-01,2026-06-01 10:58:38,V013,128.0,1.005264872665074
2026-06-01,2026-06-01 10:58:39,V013,128.0,0.986682077018081
2026-06-01,2026-06-01 10:58:40,V013,128.0,0.9993467571124012
2026-06-01,2026-06-01 10:58:41,V013,128.0,0.984090759840553
2026-06-01,2026-06-01 10:58:42,V013,128.0,0.9882373354785665
2026-06-01,2026-06-01 10:58:43,V013,128.0,1.0190836478729044
2026-06-01,2026-06-01 10:58:44,V013,128.0,1.0074052534901023
2026-06-01,2026-06-01 10:58:45,V013,128.0,0.9872546013192914
2026-06-01,2026-06-01 10:58:46,V013,128.0,0.9959488110665115
2026-06-01,2026-06-01 10:58:47,V013,128.0,1.0128172867299075
2026-06-01,2026-06-01 10:58:48,V013,128.0,1.0075955744598495
2026-06-01,2026-06-01 10:58:49,V013,127.0,1.0411706537851562
2026-06-01,2026-06-01 10:58:50,V013,127.0,0.9944029065402601
2026-06-01,2026-06-01 10:58:51,V013,126.0,1.0066998124696014
2026-06-01,2026-06-01 10:58:52,V013,125.0,1.0074208522646604
2026-06-01,2026-06-01 10:58:53,V013,124.0,0.9930117750635006
2026-06-01,2026-06-01 10:58:54,V013,124.0,1.008211161362408
2026-06-01,2026-06-01 10:58:55,V013,123.0,0.9986417861769655
2026-06-01,2026-06-01 10:58:56,V013,122.0,1.098871756205906
2026-06-01,2026-06-01 10:58:57,V013,122.0,1.0868055361587738
2026-06-01,2026-06-01 10:58:58,V013,122.0,0.9716492137902977
2026-06-01,2026-06-01 10:58:59,V013,122.0,1.033320367179556
2026-06-01,2026-06-01 10:59:00,V013,123.0,1.0457051514175084
2026-06-01,2026-06-01 10:59:01,V013,123.0,0.990349535727
2026-06-01,2026-06-01 10:59:02,V013,123.0,1.0045306304370332
2026-06-01,2026-06-01 10:59:03,V013,123.0,0.992498591413609
2026-06-01,2026-06-01 10:59:04,V013,123.0,0.9901024906165184
2026-06-01,2026-06-01 10:59:05,V013,123.0,1.0146806452900785
2026-06-01,2026-06-01 10:59:06,V013,123.0,1.002794822798579
2026-06-01,2026-06-01 10:59:07,V013,122.0,1.003526204926944
2026-06-01,2026-06-01 10:59:08,V013,122.0,1.0052238087991876
2026-06-01,2026-06-01 10:59:09,V013,122.0,1.0131279775211681
2026-06-01,2026-06-01 10:59:10,V013,121.0,1.003929541831854
2026-06-01,2026-06-01 10:59:11,V013,121.0,0.9857926632670732
2026-06-01,2026-06-01 10:59:12,V013,121.0,1.0185789375659156
2026-06-01,2026-06-01 10:59:13,V013,121.0,0.98928030586241
2026-06-01,2026-06-01 10:59:14,V013,121.0,0.9973643392154534
2026-06-01,2026-06-01 10:59:15,V013,121.0,1.008401678142114
2026-06-01,2026-06-01 10:59:16,V013,121.0,1.0099001128979481
2026-06-01,2026-06-01 10:59:17,V013,121.0,0.9754373183205635
2026-06-01,2026-06-01 10:59:18,V013,120.0,1.0009867885244985
2026-06-01,2026-06-01 10:59:19,V013,120.0,1.0194265802274776
2026-06-01,2026-06-01 10:59:20,V013,120.0,0.9952301381466359
2026-06-01,2026-06-01 10:59:21,V013,119.0,0.9934586843393299
2026-06-01,2026-06-01 10:59:22,V013,118.0,1.00961818705261
2026-06-01,2026-06-01 10:59:23,V013,118.0,0.9823369199470088
2026-06-01,2026-06-01 10:59:24,V013,118.0,1.0741130595637585
2026-06-01,2026-06-01 10:59:25,V013,118.0,1.0070408808383449
2026-06-01,2026-06-01 10:59:26,V013,118.0,1.0150987188436784
2026-06-01,2026-06-01 10:59:27,V013,118.0,1.0153319346482725
2026-06-01,2026-06-01 10:59:28,V013,118.0,0.9738163784333006
2026-06-01,2026-06-01 10:59:29,V013,118.0,1.006842755098446
2026-06-01,2026-06-01 10:59:30,V013,119.0,0.9954321991079063
2026-06-01,2026-06-01 10:59:31,V013,119.0,1.01418092642433
2026-06-01,2026-06-01 10:59:32,V013,120.0,0.9968707755580003
2026-06-01,2026-06-01 10:59:33,V013,121.0,0.9946481163067682
2026-06-01,2026-06-01 10:59:34,V013,121.0,0.8810162900792696
2026-06-01,2026-06-01 10:59:35,V013,122.0,1.2787435271251606
2026-06-01,2026-06-01 10:59:36,V013,122.0,0.9145086220409848
2026-06-01,2026-06-01 10:59:37,V013,123.0,1.0226198449620467
2026-06-01,2026-06-01 10:59:38,V013,124.0,1.0071426038009335
2026-06-01,2026-06-01 10:59:39,V013,124.0,1.0113423773992554
2026-06-01,2026-06-01 10:59:40,V013,124.0,0.9962715597887236
2026-06-01,2026-06-01 10:59:41,V013,125.0,1.0067226974112637
2026-06-01,2026-06-01 10:59:42,V013,125.0,0.9981166155330963
2026-06-01,2026-06-01 10:59:43,V013,125.0,0.9952956894576603
2026-06-01,2026-06-01 10:59:44,V013,124.0,1.0245809873414566
2026-06-01,2026-06-01 10:59:45,V013,123.0,1.0360637321670736
2026-06-01,2026-06-01 10:59:46,V013,123.0,1.0163449358874113
2026-06-01,2026-06-01 10:59:47,V013,122.0,0.9979070081463246
2026-06-01,2026-06-01 10:59:48,V013,121.0,1.0040479003808922
2026-06-01,2026-06-01 10:59:49,V013,122.0,0.9951368076384776
2026-06-01,2026-06-01 10:59:50,V013,122.0,0.9992157616017053
2026-06-01,2026-06-01 10:59:51,V013,123.0,1.0034977909105935
2026-06-01,2026-06-01 10:59:52,V013,123.0,1.0180784824719928
2026-06-01,2026-06-01 10:59:53,V013,123.0,0.9941584504594801
2026-06-01,2026-06-01 10:59:54,V013,124.0,1.0140774116992854
2026-06-01,2026-06-01 10:59:55,V013,124.0,1.0081933008961628
2026-06-01,2026-06-01 10:59:56,V013,125.0,0.9856511147061285
2026-06-01,2026-06-01 10:59:57,V013,124.0,1.0490626440750725
2026-06-01,2026-06-01 10:59:58,V013,124.0,1.0002302921429516
2026-06-01,2026-06-01 10:59:59,V013,124.0,1.0029392996517301
2026-06-01,2026-06-01 11:00:00,V013,124.0,1.0126831933099891
2026-06-01,2026-06-01 11:00:01,V013,123.0,0.9903681265708244
2026-06-01,2026-06-01 11:00:02,V013,123.0,0.9999780978375135
2026-06-01,2026-06-01 11:00:03,V013,123.0,0.9900415039658813
2026-06-01,2026-06-01 11:00:04,V013,123.0,0.997139111545651
2026-06-01,2026-06-01 11:00:05,V013,123.0,0.9963542238210303
2026-06-01,2026-06-01 11:00:06,V013,123.0,0.9932657063984047
2026-06-01,2026-06-01 11:00:07,V013,123.0,1.004649281349591
2026-06-01,2026-06-01 11:00:08,V013,123.0,0.9994681289999439
2026-06-01,2026-06-01 11:00:09,V013,123.0,1.0047454262902384
2026-06-01,2026-06-01 11:00:10,V013,123.0,0.9872347534386217
2026-06-01,2026-06-01 11:00:11,V013,123.0,1.0035001990537382
2026-06-01,2026-06-01 11:00:12,V013,123.0,0.9931981404945087
2026-06-01,2026-06-01 11:00:13,V013,122.0,1.0043297283494192
2026-06-01,2026-06-01 11:00:14,V013,122.0,0.993475715473285
2026-06-01,2026-06-01 11:00:15,V013,121.0,0.9977326131774789
2026-06-01,2026-06-01 11:00:16,V013,120.0,1.0073923703942833
2026-06-01,2026-06-01 11:00:17,V013,120.0,0.9867465171827278
2026-06-01,2026-06-01 11:00:18,V013,119.0,0.9988139438870803
2026-06-01,2026-06-01 11:00:19,V013,118.0,0.9972385893998152
2026-06-01,2026-06-01 11:00:20,V013,118.0,1.014125286106861
2026-06-01,2026-06-01 11:00:21,V013,117.0,1.266622640326506
2026-06-01,2026-06-01 11:00:22,V013,117.0,0.9867347886915888
2026-06-01,2026-06-01 11:00:23,V013,117.0,1.047386559707319
2026-06-01,2026-06-01 11:00:24,V013,117.0,1.0504001087552461
2026-06-01,2026-06-01 11:00:25,V013,117.0,0.9939279554898454
2026-06-01,2026-06-01 11:00:26,V013,117.0,1.003143501334361
2026-06-01,2026-06-01 11:00:27,V013,118.0,1.0585007990740987
2026-06-01,2026-06-01 11:00:28,V013,118.0,1.0080305412265749
2026-06-01,2026-06-01 11:00:29,V013,118.0,0.9992581027629691
2026-06-01,2026-06-01 11:00:30,V013,118.0,0.9889009769049613
2026-06-01,2026-06-01 11:00:31,V013,118.0,1.007282144188146
2026-06-01,2026-06-01 11:00:32,V013,119.0,1.0462264402827266
2026-06-01,2026-06-01 11:00:33,V013,120.0,0.9698973550523614
2026-06-01,2026-06-01 11:00:34,V013,121.0,1.025944926923589
2026-06-01,2026-06-01 11:00:35,V013,122.0,0.9850361663488689
2026-06-01,2026-06-01 11:00:36,V013,123.0,0.9960533672107766
2026-06-01,2026-06-01 11:00:37,V013,125.0,0.9871122357665482
2026-06-01,2026-06-01 11:00:38,V013,126.0,0.9913130390211152
2026-06-01,2026-06-01 11:00:39,V013,127.0,1.0023626541432529
2026-06-01,2026-06-01 11:00:40,V013,127.0,1.057265674920487
2026-06-01,2026-06-01 11:00:41,V013,127.0,1.1104728334033052
2026-06-01,2026-06-01 11:00:42,V013,128.0,1.0293262528585962
2026-06-01,2026-06-01 11:00:43,V013,128.0,0.998085960789637
2026-06-01,2026-06-01 11:00:44,V013,128.0,1.052640862003136
2026-06-01,2026-06-01 11:00:45,V013,128.0,1.006602322811925
2026-06-01,2026-06-01 11:00:46,V013,127.0,1.00377308274212
2026-06-01,2026-06-01 11:00:47,V013,126.0,1.031999799019152
2026-06-01,2026-06-01 11:00:48,V013,126.0,0.9859881903286905
2026-06-01,2026-06-01 11:00:49,V013,125.0,1.0085782996947223
2026-06-01,2026-06-01 11:00:50,V013,124.0,0.993919664841733
2026-06-01,2026-06-01 11:00:51,V013,124.0,1.0155726775045575
2026-06-01,2026-06-01 11:00:52,V013,124.0,1.0092035216804893
2026-06-01,2026-06-01 11:00:53,V013,123.0,0.9954472062482527
2026-06-01,2026-06-01 11:00:54,V013,123.0,1.0041467419660064
2026-06-01,2026-06-01 11:00:55,V013,123.0,0.9826320108930112
2026-06-01,2026-06-01 11:00:56,V013,122.0,1.008347724339379
2026-06-01,2026-06-01 11:00:57,V013,123.0,1.0596188155761919
2026-06-01,2026-06-01 11:00:58,V013,124.0,1.0787749496075778
2026-06-01,2026-06-01 11:00:59,V013,124.0,0.9981065156326914
2026-06-01,2026-06-01 11:01:00,V013,124.0,1.0272020254147494
2026-06-01,2026-06-01 11:01:01,V013,124.0,0.9978860058381176
2026-06-01,2026-06-01 11:01:02,V013,124.0,1.0032931112505414
2026-06-01,2026-06-01 11:01:03,V013,124.0,0.992095923628978
2026-06-01,2026-06-01 11:01:04,V013,123.0,1.0149452005501733
2026-06-01,2026-06-01 11:01:05,V013,123.0,0.9862683572937889
2026-06-01,2026-06-01 11:01:06,V013,123.0,0.9959446195045909
2026-06-01,2026-06-01 11:01:07,V013,123.0,0.9863354287320132
2026-06-01,2026-06-01 11:01:08,V013,123.0,1.0197787301379606
2026-06-01,2026-06-01 11:01:09,V013,124.0,1.0023844119214251
2026-06-01,2026-06-01 11:01:10,V013,125.0,0.9791904211840847
2026-06-01,2026-06-01 11:01:11,V013,125.0,1.0021249719099377
2026-06-01,2026-06-01 11:01:12,V013,125.0,1.0355620987220866
2026-06-01,2026-06-01 11:01:13,V013,125.0,1.014091276317509
2026-06-01,2026-06-01 11:01:14,V013,125.0,0.9931214054388768
2026-06-01,2026-06-01 11:01:15,V013,125.0,1.0003623750255275
2026-06-01,2026-06-01 11:01:16,V013,125.0,1.0182551796690666
2026-06-01,2026-06-01 11:01:17,V013,124.0,0.9975173974126107
2026-06-01,2026-06-01 11:01:18,V013,124.0,1.0139380051385882
2026-06-01,2026-06-01 11:01:19,V013,124.0,1.0431252208042232
2026-06-01,2026-06-01 11:01:20,V013,124.0,0.9718392933763321
2026-06-01,2026-06-01 11:01:21,V013,124.0,1.125743534321935
2026-06-01,2026-06-01 11:01:22,V013,124.0,0.989800587873322
2026-06-01,2026-06-01 11:01:23,V013,124.0,1.042198851416325
2026-06-01,2026-06-01 11:01:24,V013,124.0,0.9930889800817233
2026-06-01,2026-06-01 11:01:25,V013,124.0,1.0256481610316572
2026-06-01,2026-06-01 11:01:26,V013,124.0,0.9938790786627709
2026-06-01,2026-06-01 11:01:27,V013,125.0,1.0305722237208224
2026-06-01,2026-06-01 11:01:28,V013,125.0,1.0029952455279434
2026-06-01,2026-06-01 11:01:29,V013,126.0,0.9992515587177118
2026-06-01,2026-06-01 11:01:30,V013,126.0,1.0394755357785097
2026-06-01,2026-06-01 11:01:31,V013,127.0,1.0347944936117166
2026-06-01,2026-06-01 11:01:32,V013,127.0,1.0696078545422079
2026-06-01,2026-06-01 11:01:33,V013,128.0,1.0322953852475631
2026-06-01,2026-06-01 11:01:34,V013,129.0,1.0032917939259947
2026-06-01,2026-06-01 11:01:35,V013,130.0,1.0438526276870816
2026-06-01,2026-06-01 11:01:36,V013,131.0,1.110989795229813
2026-06-01,2026-06-01 11:01:37,V013,132.0,1.0377713185401793
2026-06-01,2026-06-01 11:01:38,V013,132.0,1.0041582974687795
2026-06-01,2026-06-01 11:01:39,V013,132.0,0.999235678143303
2026-06-01,2026-06-01 11:01:40,V013,132.0,1.0011653043456397
2026-06-01,2026-06-01 11:01:41,V013,132.0,1.004955237214208
2026-06-01,2026-06-01 11:01:42,V013,131.0,0.9927610277866488
2026-06-01,2026-06-01 11:01:43,V013,130.0,0.9971887164400062
2026-06-01,2026-06-01 11:01:44,V013,130.0,1.0169006003063707
2026-06-01,2026-06-01 11:01:45,V013,128.0,1.116491835934939
2026-06-01,2026-06-01 11:01:46,V013,128.0,1.0150367564683882
2026-06-01,2026-06-01 11:01:47,V013,127.0,0.9961551747684785
2026-06-01,2026-06-01 11:01:48,V013,127.0,1.043228551909992
2026-06-01,2026-06-01 11:01:49,V013,127.0,1.0593809757557877
2026-06-01,2026-06-01 11:01:50,V013,127.0,0.9850228697260108
2026-06-01,2026-06-01 11:01:51,V013,127.0,1.010069141157388
2026-06-01,2026-06-01 11:01:52,V013,126.0,0.9950601120532228
2026-06-01,2026-06-01 11:01:53,V013,126.0,1.0175397669706703
2026-06-01,2026-06-01 11:01:54,V013,125.0,1.0688172225814185
2026-06-01,2026-06-01 11:01:55,V013,125.0,1.0205254483507378
2026-06-01,2026-06-01 11:01:56,V013,125.0,1.014662261793846
2026-06-01,2026-06-01 11:01:57,V013,125.0,0.988036113970735
2026-06-01,2026-06-01 11:01:58,V013,125.0,0.9986135767658553
2026-06-01,2026-06-01 11:01:59,V013,125.0,0.9947226046709389
2026-06-01,2026-06-01 11:02:00,V013,126.0,0.99537730439983
2026-06-01,2026-06-01 11:02:01,V013,127.0,0.9918711936398692
2026-06-01,2026-06-01 11:02:02,V013,127.0,0.9977166570012277
2026-06-01,2026-06-01 11:02:03,V013,127.0,1.0062560461695682
2026-06-01,2026-06-01 11:02:04,V013,127.0,1.0346581952348108
2026-06-01,2026-06-01 11:02:05,V013,127.0,0.996411630989486
2026-06-01,2026-06-01 11:02:06,V013,127.0,1.0154515131177142
2026-06-01,2026-06-01 11:02:07,V013,127.0,1.0088437681979696
2026-06-01,2026-06-01 11:02:08,V013,127.0,0.9827854186388972
2026-06-01,2026-06-01 11:02:09,V013,127.0,1.0394288997034564
2026-06-01,2026-06-01 11:02:10,V013,127.0,0.9872558871806961
2026-06-01,2026-06-01 11:02:11,V013,127.0,1.0000205879145039
2026-06-01,2026-06-01 11:02:12,V013,127.0,1.0139385395940426
2026-06-01,2026-06-01 11:02:13,V013,127.0,1.004923791813955
2026-06-01,2026-06-01 11:02:14,V013,127.0,0.9989086390208104
2026-06-01,2026-06-01 11:02:15,V013,127.0,1.011184857222948
2026-06-01,2026-06-01 11:02:16,V013,126.0,1.0001190504617328
2026-06-01,2026-06-01 11:02:17,V013,126.0,1.031916500119555
2026-06-01,2026-06-01 11:02:18,V013,126.0,0.9739622544438841
2026-06-01,2026-06-01 11:02:19,V013,126.0,0.9932867185109827
2026-06-01,2026-06-01 11:02:20,V013,126.0,1.0037639190315475
2026-06-01,2026-06-01 11:02:21,V013,126.0,0.9858631333252307
2026-06-01,2026-06-01 11:02:22,V013,125.0,0.9984504257219341
2026-06-01,2026-06-01 11:02:23,V013,125.0,0.9962520161192825
2026-06-01,2026-06-01 11:02:24,V013,124.0,1.026305101230643
2026-06-01,2026-06-01 11:02:25,V013,123.0,1.0085716512299883
2026-06-01,2026-06-01 11:02:26,V013,123.0,1.0158447828543777
2026-06-01,2026-06-01 11:02:27,V013,122.0,1.0146620112623967
2026-06-01,2026-06-01 11:02:28,V013,122.0,1.0093291043975372
2026-06-01,2026-06-01 11:02:29,V013,121.0,1.002998252544055
2026-06-01,2026-06-01 11:02:30,V013,120.0,1.0379774802464032
2026-06-01,2026-06-01 11:02:31,V013,119.0,1.063866860393133
2026-06-01,2026-06-01 11:02:32,V013,118.0,1.0077069574115523
2026-06-01,2026-06-01 11:02:33,V013,117.0,1.1070565114414666
2026-06-01,2026-06-01 11:02:34,V013,117.0,0.985082965241773
2026-06-01,2026-06-01 11:02:35,V013,117.0,1.0013498234413256
2026-06-01,2026-06-01 11:02:36,V013,118.0,1.0274965384329235
2026-06-01,2026-06-01 11:02:37,V013,118.0,1.0577297170928712
2026-06-01,2026-06-01 11:02:38,V013,118.0,1.2199040095660993
2026-06-01,2026-06-01 11:02:39,V013,118.0,0.9983658487965641
2026-06-01,2026-06-01 11:02:40,V013,118.0,1.0552848190827846
2026-06-01,2026-06-01 11:02:41,V013,119.0,1.039865750546475
2026-06-01,2026-06-01 11:02:42,V013,119.0,0.9870795987431111
2026-06-01,2026-06-01 11:02:43,V013,119.0,1.0451053774879862
2026-06-01,2026-06-01 11:02:44,V013,120.0,1.0279088305590425
2026-06-01,2026-06-01 11:02:45,V013,122.0,1.001288494627545
2026-06-01,2026-06-01 11:02:46,V013,123.0,1.0069133961781072
2026-06-01,2026-06-01 11:02:47,V013,125.0,1.0113718286584463
2026-06-01,2026-06-01 11:02:48,V013,126.0,1.029284001272334
2026-06-01,2026-06-01 11:02:49,V013,128.0,0.9829660127868476
2026-06-01,2026-06-01 11:02:50,V013,130.0,1.0037757587921685
2026-06-01,2026-06-01 11:02:51,V013,131.0,1.0033034007457275
2026-06-01,2026-06-01 11:02:52,V013,132.0,0.9940081598805314
2026-06-01,2026-06-01 11:02:53,V013,133.0,0.9947410855592481
2026-06-01,2026-06-01 11:02:54,V013,133.0,1.0065104838729426
2026-06-01,2026-06-01 11:02:55,V013,135.0,0.9865643272681243
2026-06-01,2026-06-01 11:02:56,V013,136.0,0.9975601760861303
2026-06-01,2026-06-01 11:02:57,V013,135.0,1.0082708800380558
2026-06-01,2026-06-01 11:02:58,V013,134.0,1.0064781987443177
2026-06-01,2026-06-01 11:02:59,V013,133.0,1.0138736562664943
2026-06-01,2026-06-01 11:03:00,V013,132.0,1.0107064580880563
2026-06-01,2026-06-01 11:03:01,V013,132.0,1.0219959659183575
2026-06-01,2026-06-01 11:03:02,V013,131.0,1.0056206070998222
2026-06-01,2026-06-01 11:03:03,V013,130.0,0.9864248895435139
2026-06-01,2026-06-01 11:03:04,V013,130.0,1.0232356784725556
2026-06-01,2026-06-01 11:03:05,V013,129.0,0.9978447480809207
2026-06-01,2026-06-01 11:03:06,V013,129.0,1.0345521536738085
2026-06-01,2026-06-01 11:03:07,V013,129.0,0.9650453208183953
2026-06-01,2026-06-01 11:03:08,V013,128.0,0.9926865493646744
2026-06-01,2026-06-01 11:03:09,V013,128.0,1.0113323541203745
2026-06-01,2026-06-01 11:03:10,V013,128.0,1.0164009744851268
2026-06-01,2026-06-01 11:03:11,V013,128.0,1.0036599709507446
2026-06-01,2026-06-01 11:03:12,V013,128.0,0.9991892717933765
2026-06-01,2026-06-01 11:03:13,V013,128.0,0.9988454294087649
2026-06-01,2026-06-01 11:03:14,V013,128.0,0.9815963719545177
2026-06-01,2026-06-01 11:03:15,V013,128.0,1.0129877266351792
2026-06-01,2026-06-01 11:03:16,V013,127.0,0.9907747107914581
2026-06-01,2026-06-01 11:03:17,V013,127.0,1.0000165193327235
2026-06-01,2026-06-01 11:03:18,V013,127.0,1.0127884770751983
2026-06-01,2026-06-01 11:03:19,V013,126.0,0.9859491516126403
2026-06-01,2026-06-01 11:03:20,V013,126.0,0.9943622763495985
2026-06-01,2026-06-01 11:03:21,V013,125.0,0.9956085238630282
2026-06-01,2026-06-01 11:03:22,V013,125.0,1.0047596904770442
2026-06-01,2026-06-01 11:03:23,V013,125.0,1.002223823158497
2026-06-01,2026-06-01 11:03:24,V013,125.0,1.004300215443383
2026-06-01,2026-06-01 11:03:25,V013,125.0,1.0122762962691938
2026-06-01,2026-06-01 11:03:26,V013,125.0,0.9956853381943601
2026-06-01,2026-06-01 11:03:27,V013,124.0,0.997534743753833
2026-06-01,2026-06-01 11:03:28,V013,124.0,0.9904523517199214
2026-06-01,2026-06-01 11:03:29,V013,123.0,0.9939090166110026
2026-06-01,2026-06-01 11:03:30,V013,122.0,0.9911112578788068
2026-06-01,2026-06-01 11:03:31,V013,121.0,0.991571437403497
2026-06-01,2026-06-01 11:03:32,V013,121.0,0.9898077047280767
2026-06-01,2026-06-01 11:03:33,V013,121.0,0.9947252425716838
2026-06-01,2026-06-01 11:03:34,V013,121.0,0.9916103421411713
2026-06-01,2026-06-01 11:03:35,V013,121.0,0.9930697211476468
2026-06-01,2026-06-01 11:03:36,V013,122.0,0.9894202449726364
2026-06-01,2026-06-01 11:03:37,V013,122.0,0.9889206482599588
2026-06-01,2026-06-01 11:03:38,V013,122.0,0.9922686539723153
2026-06-01,2026-06-01 11:03:39,V013,122.0,0.9965049455202882
2026-06-01,2026-06-01 11:03:40,V013,122.0,0.9861414948711337
2026-06-01,2026-06-01 11:03:41,V013,121.0,0.9923143239663368
2026-06-01,2026-06-01 11:03:42,V013,121.0,0.9895912241212332
2026-06-01,2026-06-01 11:03:43,V013,120.0,0.9892973284954242
2026-06-01,2026-06-01 11:03:44,V013,120.0,0.995296975718
2026-06-01,2026-06-01 11:03:45,V013,120.0,0.9912029439114567
2026-06-01,2026-06-01 11:03:46,V013,120.0,0.9923589287938646
2026-06-01,2026-06-01 11:03:47,V013,121.0,0.982971946921317
2026-06-01,2026-06-01 11:03:48,V013,121.0,0.9962666690504345
2026-06-01,2026-06-01 11:03:49,V013,121.0,0.993687893954095
2026-06-01,2026-06-01 11:03:50,V013,121.0,0.9921186874321416
2026-06-01,2026-06-01 11:03:51,V013,121.0,0.9852957157022719
2026-06-01,2026-06-01 11:03:52,V013,121.0,1.0046742616934554
2026-06-01,2026-06-01 11:03:53,V013,120.0,0.9986436352123516
2026-06-01,2026-06-01 11:03:54,V013,120.0,0.9893717438214154
2026-06-01,2026-06-01 11:03:55,V013,120.0,1.016436137943108
2026-06-01,2026-06-01 11:03:56,V013,120.0,0.986975240890104
2026-06-01,2026-06-01 11:03:57,V013,120.0,0.9959115694157792
2026-06-01,2026-06-01 11:03:58,V013,121.0,0.9903246207938214
2026-06-01,2026-06-01 11:03:59,V013,121.0,0.9911238699683848
2026-06-01,2026-06-01 11:04:00,V013,121.0,0.9924191918006621
2026-06-01,2026-06-01 11:04:01,V013,121.0,1.003545844342973
2026-06-01,2026-06-01 11:04:02,V013,122.0,0.9835892721469305
2026-06-01,2026-06-01 11:04:03,V013,122.0,0.9926768257681902
2026-06-01,2026-06-01 11:04:04,V013,122.0,0.9899482893914824
2026-06-01,2026-06-01 11:04:05,V013,122.0,0.9941148472932796
2026-06-01,2026-06-01 11:04:06,V013,123.0,0.9946101577911155
2026-06-01,2026-06-01 11:04:07,V013,123.0,0.9917902155105798
2026-06-01,2026-06-01 11:04:08,V013,124.0,0.9928705137899542
2026-06-01,2026-06-01 11:04:09,V013,125.0,0.9919499620708637
2026-06-01,2026-06-01 11:04:10,V013,125.0,0.9960553947917237
2026-06-01,2026-06-01 11:04:11,V013,125.0,1.0448378543891763
2026-06-01,2026-06-01 11:04:12,V013,126.0,0.967307523249732
2026-06-01,2026-06-01 11:04:13,V013,126.0,1.001720313062158
2026-06-01,2026-06-01 11:04:14,V013,127.0,1.0049359966534523
2026-06-01,2026-06-01 11:04:15,V013,128.0,0.996023742280121
2026-06-01,2026-06-01 11:04:16,V013,128.0,1.004992819717529
2026-06-01,2026-06-01 11:04:17,V013,129.0,0.9799896904177914
2026-06-01,2026-06-01 11:04:18,V013,129.0,0.9865396771247009
2026-06-01,2026-06-01 11:04:19,V013,129.0,0.997772273759953
2026-06-01,2026-06-01 11:04:20,V013,128.0,0.9998347743960779
2026-06-01,2026-06-01 11:04:21,V013,128.0,0.9908988992791045
2026-06-01,2026-06-01 11:04:22,V013,128.0,1.0310469582268624
2026-06-01,2026-06-01 11:04:23,V013,128.0,1.0558185364487558
2026-06-01,2026-06-01 11:04:24,V013,127.0,1.0021252620683947
2026-06-01,2026-06-01 11:04:25,V013,127.0,0.9873762732314662
2026-06-01,2026-06-01 11:04:26,V013,127.0,1.0020446797670561
2026-06-01,2026-06-01 11:04:27,V013,126.0,1.014031431898412
2026-06-01,2026-06-01 11:04:28,V013,125.0,1.024092570345215
2026-06-01,2026-06-01 11:04:29,V013,124.0,0.9888204019435846
2026-06-01,2026-06-01 11:04:30,V013,123.0,0.9959833461275276
2026-06-01,2026-06-01 11:04:31,V013,123.0,1.0102713753629255
2026-06-01,2026-06-01 11:04:32,V013,122.0,1.0155343886445385
2026-06-01,2026-06-01 11:04:33,V013,122.0,1.043082265035778
2026-06-01,2026-06-01 11:04:34,V013,122.0,1.0175018637349138
2026-06-01,2026-06-01 11:04:35,V013,122.0,1.0002351071037572
2026-06-01,2026-06-01 11:04:36,V013,122.0,0.9956929878072311
2026-06-01,2026-06-01 11:04:37,V013,122.0,1.0069609971484612
2026-06-01,2026-06-01 11:04:38,V013,123.0,0.9920943036741531
2026-06-01,2026-06-01 11:04:39,V013,123.0,0.9997248573342481
2026-06-01,2026-06-01 11:04:40,V013,123.0,1.013152191205335
2026-06-01,2026-06-01 11:04:41,V013,124.0,1.0005031955455617
2026-06-01,2026-06-01 11:04:42,V013,124.0,1.0077025725917697
2026-06-01,2026-06-01 11:04:43,V013,125.0,1.0017019290914433
2026-06-01,2026-06-01 11:04:44,V013,125.0,1.0390105507663672
2026-06-01,2026-06-01 11:04:45,V013,127.0,1.0119558607433705
2026-06-01,2026-06-01 11:04:46,V013,128.0,1.0079597391919959
2026-06-01,2026-06-01 11:04:47,V013,129.0,1.0127496503733382
2026-06-01,2026-06-01 11:04:48,V013,130.0,1.1438159530165832
2026-06-01,2026-06-01 11:04:49,V013,131.0,1.0069409985100064
2026-06-01,2026-06-01 11:04:50,V013,131.0,1.0078144169861603
2026-06-01,2026-06-01 11:04:51,V013,131.0,0.9942321727996906
2026-06-01,2026-06-01 11:04:52,V013,131.0,1.0039668115860205
2026-06-01,2026-06-01 11:04:53,V013,130.0,1.009217278298875
2026-06-01,2026-06-01 11:04:54,V013,130.0,0.9884372087847255
2026-06-01,2026-06-01 11:04:55,V013,130.0,1.020958613939876
2026-06-01,2026-06-01 11:04:56,V013,129.0,1.0179248210953402
2026-06-01,2026-06-01 11:04:57,V013,129.0,0.9945555358865208
2026-06-01,2026-06-01 11:04:58,V013,129.0,1.0019936728881504
2026-06-01,2026-06-01 11:04:59,V013,128.0,1.0054573978147607
2026-06-01,2026-06-01 11:05:00,V013,128.0,0.9985078155996315
2026-06-01,2026-06-01 11:05:01,V013,128.0,1.0061490667570518
2026-06-01,2026-06-01 11:05:02,V013,128.0,0.9977464626255158
2026-06-01,2026-06-01 11:05:03,V013,127.0,1.0101799442000907
2026-06-01,2026-06-01 11:05:04,V013,126.0,1.0011095502160627
2026-06-01,2026-06-01 11:05:05,V013,125.0,1.008239148268391
2026-06-01,2026-06-01 11:05:06,V013,125.0,0.990752413594036
2026-06-01,2026-06-01 11:05:07,V013,125.0,1.0094547437544488
2026-06-01,2026-06-01 11:05:08,V013,125.0,1.0029767805251864
2026-06-01,2026-06-01 11:05:09,V013,125.0,1.00449457155162
2026-06-01,2026-06-01 11:05:10,V013,124.0,0.9998998084282549
2026-06-01,2026-06-01 11:05:11,V013,125.0,0.9992488443839843
2026-06-01,2026-06-01 11:05:12,V013,125.0,1.0053768795254734
2026-06-01,2026-06-01 11:05:13,V013,125.0,1.0032898738088685
2026-06-01,2026-06-01 11:05:14,V013,124.0,1.0025861116288537
2026-06-01,2026-06-01 11:05:15,V013,123.0,1.0008169729268894
2026-06-01,2026-06-01 11:05:16,V013,123.0,1.0240354091456658
2026-06-01,2026-06-01 11:05:17,V013,122.0,0.9907471510705023
2026-06-01,2026-06-01 11:05:18,V013,122.0,1.0121371754787325
2026-06-01,2026-06-01 11:05:19,V013,121.0,1.0009639636423073
2026-06-01,2026-06-01 11:05:20,V013,121.0,1.025621874959176
2026-06-01,2026-06-01 11:05:21,V013,121.0,0.9973655277385057
2026-06-01,2026-06-01 11:05:22,V013,121.0,0.9999879565835187
2026-06-01,2026-06-01 11:05:23,V013,122.0,1.0021210255267052
2026-06-01,2026-06-01 11:05:24,V013,123.0,0.9966997457930948
2026-06-01,2026-06-01 11:05:25,V013,124.0,1.021468251530136
2026-06-01,2026-06-01 11:05:26,V013,124.0,1.0032007073302787
2026-06-01,2026-06-01 11:05:27,V013,125.0,0.9962456224171001
2026-06-01,2026-06-01 11:05:28,V013,125.0,0.9919278539268868
2026-06-01,2026-06-01 11:05:29,V013,125.0,1.0138723231925388
2026-06-01,2026-06-01 11:05:30,V013,124.0,1.0020706390380671
2026-06-01,2026-06-01 11:05:31,V013,123.0,0.9989348531920811
2026-06-01,2026-06-01 11:05:32,V013,122.0,1.0184292742983043
2026-06-01,2026-06-01 11:05:33,V013,121.0,1.000978570439727
2026-06-01,2026-06-01 11:05:34,V013,121.0,1.006537189410107
2026-06-01,2026-06-01 11:05:35,V013,120.0,0.9940334244505523
2026-06-01,2026-06-01 11:05:36,V013,120.0,1.0144563318539126
2026-06-01,2026-06-01 11:05:37,V013,119.0,1.0046132588239896
2026-06-01,2026-06-01 11:05:38,V013,119.0,0.9952470845241697
2026-06-01,2026-06-01 11:05:39,V013,120.0,1.0000549877999114
2026-06-01,2026-06-01 11:05:40,V013,120.0,0.9937230626435019
2026-06-01,2026-06-01 11:05:41,V013,121.0,1.0010764176647995
2026-06-01,2026-06-01 11:05:42,V013,121.0,0.9780122417327106
2026-06-01,2026-06-01 11:05:43,V013,122.0,1.0091232176960958
2026-06-01,2026-06-01 11:05:44,V013,123.0,0.9857207198249796
2026-06-01,2026-06-01 11:05:45,V013,124.0,1.003636760417485
2026-06-01,2026-06-01 11:05:46,V013,124.0,0.9937722279009551
2026-06-01,2026-06-01 11:05:47,V013,125.0,0.9918382215539158
2026-06-01,2026-06-01 11:05:48,V013,125.0,1.0108548406420714
2026-06-01,2026-06-01 11:05:49,V013,126.0,0.9983056567371487
2026-06-01,2026-06-01 11:05:50,V013,127.0,1.004017391127064
2026-06-01,2026-06-01 11:05:51,V013,127.0,1.0207337116903703
2026-06-01,2026-06-01 11:05:52,V013,127.0,0.9784624008112434
2026-06-01,2026-06-01 11:05:53,V013,128.0,1.0229034757922113
2026-06-01,2026-06-01 11:05:54,V013,128.0,1.012441660681397
2026-06-01,2026-06-01 11:05:55,V013,128.0,1.0047949628104171
2026-06-01,2026-06-01 11:05:56,V013,129.0,0.9983160669904235
2026-06-01,2026-06-01 11:05:57,V013,129.0,1.038081558824453
2026-06-01,2026-06-01 11:05:58,V013,130.0,1.0008707498577647
2026-06-01,2026-06-01 11:05:59,V013,129.0,1.0091302962406083
2026-06-01,2026-06-01 11:06:00,V013,129.0,1.0032490147690203
2026-06-01,2026-06-01 11:06:01,V013,128.0,0.9976137063065779
2026-06-01,2026-06-01 11:06:02,V013,127.0,1.0093938613794677
2026-06-01,2026-06-01 11:06:03,V013,127.0,1.0067515935661635
2026-06-01,2026-06-01 11:06:04,V013,126.0,1.008464730505392
2026-06-01,2026-06-01 11:06:05,V013,127.0,0.9849799945192785
2026-06-01,2026-06-01 11:06:06,V013,128.0,1.018640926211368
2026-06-01,2026-06-01 11:06:07,V013,128.0,0.9967765350242763
2026-06-01,2026-06-01 11:06:08,V013,129.0,1.0035867016739888
2026-06-01,2026-06-01 11:06:09,V013,129.0,1.0056888444018786
2026-06-01,2026-06-01 11:06:10,V013,130.0,0.9993723756773883
2026-06-01,2026-06-01 11:06:11,V013,130.0,1.0032888989917024
2026-06-01,2026-06-01 11:06:12,V013,130.0,1.0200953761702747
2026-06-01,2026-06-01 11:06:13,V013,130.0,0.9933383704733716
2026-06-01,2026-06-01 11:06:14,V013,130.0,1.0086852088395328
2026-06-01,2026-06-01 11:06:15,V013,130.0,0.9963339385236981
2026-06-01,2026-06-01 11:06:16,V013,131.0,1.014341207806807
2026-06-01,2026-06-01 11:06:17,V013,130.0,0.992610144946762
2026-06-01,2026-06-01 11:06:18,V013,130.0,1.0101070245817456
2026-06-01,2026-06-01 11:06:19,V013,130.0,1.0103268890271249
2026-06-01,2026-06-01 11:06:20,V013,129.0,1.0258339188897352
2026-06-01,2026-06-01 11:06:21,V013,129.0,0.9742470753690157
2026-06-01,2026-06-01 11:06:22,V013,129.0,0.9926793897945887
2026-06-01,2026-06-01 11:06:23,V013,130.0,0.9982114845428242
2026-06-01,2026-06-01 11:06:24,V013,131.0,1.0129670503999944
2026-06-01,2026-06-01 11:06:25,V013,131.0,1.0031809786727415
2026-06-01,2026-06-01 11:06:26,V013,131.0,1.0016631461237204
2026-06-01,2026-06-01 11:06:27,V013,131.0,1.0025918413730899
2026-06-01,2026-06-01 11:06:28,V013,130.0,1.0000270960240951
2026-06-01,2026-06-01 11:06:29,V013,130.0,1.0025991054390002
2026-06-01,2026-06-01 11:06:30,V013,130.0,1.0040531803172112
2026-06-01,2026-06-01 11:06:31,V013,131.0,1.0050938366496518
2026-06-01,2026-06-01 11:06:32,V013,131.0,1.0077010409994027
2026-06-01,2026-06-01 11:06:33,V013,131.0,0.9986594991313295
2026-06-01,2026-06-01 11:06:34,V013,132.0,1.0056756194965937
2026-06-01,2026-06-01 11:06:35,V013,131.0,1.0096756905032078
2026-06-01,2026-06-01 11:06:36,V013,131.0,1.0051790069256195
2026-06-01,2026-06-01 11:06:37,V013,131.0,1.0065121610436254
2026-06-01,2026-06-01 11:06:38,V013,131.0,0.9977921350217096
2026-06-01,2026-06-01 11:06:39,V013,130.0,1.008161060950998
2026-06-01,2026-06-01 11:06:40,V013,130.0,1.005681941481563
2026-06-01,2026-06-01 11:06:41,V013,129.0,1.0052923396538782
2026-06-01,2026-06-01 11:06:42,V013,128.0,1.0061144027177664
2026-06-01,2026-06-01 11:06:43,V013,127.0,1.0027221461354094
2026-06-01,2026-06-01 11:06:44,V013,126.0,1.0036000494035833
2026-06-01,2026-06-01 11:06:45,V013,127.0,1.002998861056663
2026-06-01,2026-06-01 11:06:46,V013,127.0,1.012724181243993
2026-06-01,2026-06-01 11:06:47,V013,127.0,1.006476427565311
2026-06-01,2026-06-01 11:06:48,V013,128.0,0.9851409303397748
2026-06-01,2026-06-01 11:06:49,V013,129.0,0.9961328835322113
2026-06-01,2026-06-01 11:06:50,V013,130.0,0.9928012500566739
2026-06-01,2026-06-01 11:06:51,V013,130.0,1.0004372553804068
2026-06-01,2026-06-01 11:06:52,V013,131.0,0.9925210192252705
2026-06-01,2026-06-01 11:06:53,V013,132.0,1.000398005270337
2026-06-01,2026-06-01 11:06:54,V013,132.0,0.9864442731631294
2026-06-01,2026-06-01 11:06:55,V013,133.0,0.9877609527092909
2026-06-01,2026-06-01 11:06:56,V013,133.0,0.9882499325556717
2026-06-01,2026-06-01 11:06:57,V013,134.0,0.9949595133313212
2026-06-01,2026-06-01 11:06:58,V013,134.0,0.9921604041951512
2026-06-01,2026-06-01 11:06:59,V013,135.0,0.9891891130458941
2026-06-01,2026-06-01 11:07:00,V013,136.0,0.9888077154433956
2026-06-01,2026-06-01 11:07:01,V013,136.0,0.9931461918419637
2026-06-01,2026-06-01 11:07:02,V013,137.0,0.9990869776750471
2026-06-01,2026-06-01 11:07:03,V013,137.0,1.0016639257474556
2026-06-01,2026-06-01 11:07:04,V013,137.0,1.0061566666411104
2026-06-01,2026-06-01 11:07:05,V013,138.0,1.0652065171051956
2026-06-01,2026-06-01 11:07:06,V013,139.0,0.9544487156764353
2026-06-01,2026-06-01 11:07:07,V013,139.0,0.9844503310854855
2026-06-01,2026-06-01 11:07:08,V013,140.0,1.0255444197995276
2026-06-01,2026-06-01 11:07:09,V013,140.0,1.010392338115015
2026-06-01,2026-06-01 11:07:10,V013,140.0,0.9901819648662127
2026-06-01,2026-06-01 11:07:11,V013,139.0,1.011407063331124
2026-06-01,2026-06-01 11:07:12,V013,138.0,0.9903481027824331
2026-06-01,2026-06-01 11:07:13,V013,138.0,1.028355649363311
2026-06-01,2026-06-01 11:07:14,V013,137.0,1.055110974657464
2026-06-01,2026-06-01 11:07:15,V013,137.0,0.9959720238164274
2026-06-01,2026-06-01 11:07:16,V013,137.0,1.0097124190973668
2026-06-01,2026-06-01 11:07:17,V013,137.0,1.0013705308320255
2026-06-01,2026-06-01 11:07:18,V013,136.0,1.0042199903500642
2026-06-01,2026-06-01 11:07:19,V013,136.0,0.996683776855814
2026-06-01,2026-06-01 11:07:20,V013,135.0,0.9969337806116333
2026-06-01,2026-06-01 11:07:21,V013,133.0,0.9858568558764937
2026-06-01,2026-06-01 11:07:22,V013,132.0,0.9943930287149872
2026-06-01,2026-06-01 11:07:23,V013,131.0,1.0009929476231847
2026-06-01,2026-06-01 11:07:24,V013,130.0,0.9962108545384456
2026-06-01,2026-06-01 11:07:25,V013,130.0,1.0088824169858142
2026-06-01,2026-06-01 11:07:26,V013,131.0,1.0000776443964656
2026-06-01,2026-06-01 11:07:27,V013,131.0,1.0058570409067908
2026-06-01,2026-06-01 11:07:28,V013,132.0,1.0062635717686315
2026-06-01,2026-06-01 11:07:29,V013,132.0,1.0024592005433408
2026-06-01,2026-06-01 11:07:30,V013,133.0,1.0145158597651094
2026-06-01,2026-06-01 11:07:31,V013,132.0,0.9997876637449892
2026-06-01,2026-06-01 11:07:32,V013,131.0,1.0047253063310968
2026-06-01,2026-06-01 11:07:33,V013,130.0,1.0058404036995083
2026-06-01,2026-06-01 11:07:34,V013,130.0,1.0047256662413944
2026-06-01,2026-06-01 11:07:35,V013,130.0,1.002710894044985
2026-06-01,2026-06-01 11:07:36,V013,130.0,1.0017884423864476
2026-06-01,2026-06-01 11:07:37,V013,130.0,0.9979393543906871
2026-06-01,2026-06-01 11:07:38,V013,129.0,1.0007764804722334
2026-06-01,2026-06-01 11:07:39,V013,130.0,1.0193484398905461
2026-06-01,2026-06-01 11:07:40,V013,130.0,0.9990280560669382
2026-06-01,2026-06-01 11:07:41,V013,131.0,1.0006374454679983
2026-06-01,2026-06-01 11:07:42,V013,132.0,1.0053296376151715
2026-06-01,2026-06-01 11:07:43,V013,132.0,1.0042417071977352
2026-06-01,2026-06-01 11:07:44,V013,133.0,1.0033416552802874
2026-06-01,2026-06-01 11:07:45,V013,132.0,1.0026015493316662
2026-06-01,2026-06-01 11:07:46,V013,132.0,0.9915073310868525
2026-06-01,2026-06-01 11:07:47,V013,132.0,1.0132234958778392
2026-06-01,2026-06-01 11:07:48,V013,132.0,1.015491187091384
2026-06-01,2026-06-01 11:07:49,V013,131.0,0.9878213464573747
2026-06-01,2026-06-01 11:07:50,V013,131.0,0.9938250769626288
2026-06-01,2026-06-01 11:07:51,V013,131.0,0.9960961082425256
2026-06-01,2026-06-01 11:07:52,V013,131.0,1.0273101776297147
2026-06-01,2026-06-01 11:07:53,V013,132.0,0.9947837995471605
2026-06-01,2026-06-01 11:07:54,V013,132.0,1.0728672848669385
2026-06-01,2026-06-01 11:07:55,V013,132.0,1.085049263178123
2026-06-01,2026-06-01 11:07:56,V013,132.0,0.9864049559179293
2026-06-01,2026-06-01 11:07:57,V013,132.0,1.0148142137753275
2026-06-01,2026-06-01 11:07:58,V013,132.0,0.9945773052317473
2026-06-01,2026-06-01 11:07:59,V013,132.0,0.9932635155333625
2026-06-01,2026-06-01 11:08:00,V013,132.0,1.0061519517505408
2026-06-01,2026-06-01 11:08:01,V013,132.0,0.9938877466592857
2026-06-01,2026-06-01 11:08:02,V013,132.0,1.0145368773537637
2026-06-01,2026-06-01 11:08:03,V013,132.0,0.9980943136702695
2026-06-01,2026-06-01 11:08:04,V013,132.0,1.0025125377081632
2026-06-01,2026-06-01 11:08:05,V013,131.0,0.9809439982049244
2026-06-01,2026-06-01 11:08:06,V013,130.0,0.9964960750612185
2026-06-01,2026-06-01 11:08:07,V013,130.0,0.9947992909944988
2026-06-01,2026-06-01 11:08:08,V013,130.0,0.9934274779594713
2026-06-01,2026-06-01 11:08:09,V013,130.0,0.9920735689887143
2026-06-01,2026-06-01 11:08:10,V013,130.0,0.9969387921821307
2026-06-01,2026-06-01 11:08:11,V013,131.0,0.996532356990193
2026-06-01,2026-06-01 11:08:12,V013,131.0,0.9949148325031548
2026-06-01,2026-06-01 11:08:13,V013,131.0,1.006981288114263
2026-06-01,2026-06-01 11:08:14,V013,131.0,1.0082884268038796
2026-06-01,2026-06-01 11:08:15,V013,131.0,0.9852025681431125
2026-06-01,2026-06-01 11:08:16,V013,130.0,0.9928714209541388
2026-06-01,2026-06-01 11:08:17,V013,131.0,0.9937535279630765
2026-06-01,2026-06-01 11:08:18,V013,131.0,0.9865508778102595
2026-06-01,2026-06-01 11:08:19,V013,131.0,0.9957012344395355
2026-06-01,2026-06-01 11:08:20,V013,131.0,1.002029065840265
2026-06-01,2026-06-01 11:08:21,V013,131.0,1.0323292745649122
2026-06-01,2026-06-01 11:08:22,V013,132.0,1.027292411638519
2026-06-01,2026-06-01 11:08:23,V013,132.0,1.0485729389737506
2026-06-01,2026-06-01 11:08:24,V013,132.0,1.0012267906109926
2026-06-01,2026-06-01 11:08:25,V013,131.0,1.010812532171768
2026-06-01,2026-06-01 11:08:26,V013,131.0,0.9937597090605317
2026-06-01,2026-06-01 11:08:27,V013,129.0,0.9998440775311972
2026-06-01,2026-06-01 11:08:28,V013,128.0,1.0144296607833851
2026-06-01,2026-06-01 11:08:29,V013,127.0,0.9960470533191929
2026-06-01,2026-06-01 11:08:30,V013,126.0,1.006814265323514
2026-06-01,2026-06-01 11:08:31,V013,125.0,1.1394303182495658
2026-06-01,2026-06-01 11:08:32,V013,125.0,1.0601623726666052
2026-06-01,2026-06-01 11:08:33,V013,125.0,1.053409717763849
2026-06-01,2026-06-01 11:08:34,V013,126.0,0.9910989491346323
2026-06-01,2026-06-01 11:08:35,V013,126.0,1.160096635955167
2026-06-01,2026-06-01 11:08:36,V013,127.0,1.2121532878162589
2026-06-01,2026-06-01 11:08:37,V013,128.0,1.0296219146840415
2026-06-01,2026-06-01 11:08:38,V013,129.0,1.0308034755670656
2026-06-01,2026-06-01 11:08:39,V013,130.0,1.0265719593284206
2026-06-01,2026-06-01 11:08:40,V013,131.0,1.004216395165629
2026-06-01,2026-06-01 11:08:41,V013,133.0,1.00621347801651
2026-06-01,2026-06-01 11:08:42,V013,134.0,1.0065922837346233
2026-06-01,2026-06-01 11:08:43,V013,136.0,1.0071327043709482
2026-06-01,2026-06-01 11:08:44,V013,137.0,1.0113019897288225
2026-06-01,2026-06-01 11:08:45,V013,140.0,0.9957642103138441
2026-06-01,2026-06-01 11:08:46,V013,143.0,1.0745311590464688
2026-06-01,2026-06-01 11:08:47,V013,145.0,0.9840356661261828
2026-06-01,2026-06-01 11:08:48,V013,147.0,0.9887734957421263
2026-06-01,2026-06-01 11:08:49,V013,149.0,1.072547345326672
2026-06-01,2026-06-01 11:08:50,V013,150.0,1.0102374055120038
2026-06-01,2026-06-01 11:08:51,V013,151.0,1.0822055830351023
2026-06-01,2026-06-01 11:08:52,V013,152.0,1.0619954357208474
2026-06-01,2026-06-01 11:08:53,V013,152.0,1.0286941914472532
2026-06-01,2026-06-01 11:08:54,V013,152.0,1.0459548260194216
2026-06-01,2026-06-01 11:08:55,V013,152.0,1.0218754178298133
2026-06-01,2026-06-01 11:08:56,V013,152.0,1.0109411911739956
2026-06-01,2026-06-01 11:08:57,V013,152.0,1.0253313618510482
2026-06-01,2026-06-01 11:08:58,V013,152.0,1.000772009069598
2026-06-01,2026-06-01 11:08:59,V013,152.0,1.0104822999925958
2026-06-01,2026-06-01 11:09:00,V013,152.0,0.9983238490472163
2026-06-01,2026-06-01 11:09:01,V013,153.0,1.0038876950683795
2026-06-01,2026-06-01 11:09:02,V013,154.0,0.9936744718714772
2026-06-01,2026-06-01 11:09:03,V013,154.0,0.9976668190488326
2026-06-01,2026-06-01 11:09:04,V013,155.0,0.996666368309437
2026-06-01,2026-06-01 11:09:05,V013,157.0,1.0192607276865466
2026-06-01,2026-06-01 11:09:06,V013,158.0,0.9928203083902012
2026-06-01,2026-06-01 11:09:07,V013,159.0,0.995451772880082
2026-06-01,2026-06-01 11:09:08,V013,161.0,1.0031358955713507
2026-06-01,2026-06-01 11:09:09,V013,162.0,1.006687083213014
2026-06-01,2026-06-01 11:09:10,V013,162.0,1.0124482678367168
2026-06-01,2026-06-01 11:09:11,V013,162.0,0.9957802195129609
2026-06-01,2026-06-01 11:09:12,V013,162.0,1.0059152515427048
2026-06-01,2026-06-01 11:09:13,V013,162.0,0.9836811516618875
2026-06-01,2026-06-01 11:09:14,V013,162.0,1.0748616725973075
2026-06-01,2026-06-01 11:09:15,V013,163.0,1.1812585740394228
2026-06-01,2026-06-01 11:09:16,V013,163.0,1.0428502309907233
2026-06-01,2026-06-01 11:09:17,V013,163.0,1.0974033415784006
2026-06-01,2026-06-01 11:09:18,V013,164.0,1.175675686474666
2026-06-01,2026-06-01 11:09:19,V013,164.0,1.0198642835649054
2026-06-01,2026-06-01 11:09:20,V013,164.0,1.0639013388270617
2026-06-01,2026-06-01 11:09:21,V013,164.0,0.9767761886733929
2026-06-01,2026-06-01 11:09:22,V013,164.0,0.9955673205884877
2026-06-01,2026-06-01 11:09:23,V013,165.0,1.1156977338999117
2026-06-01,2026-06-01 11:09:24,V013,165.0,1.0000340264436247
2026-06-01,2026-06-01 11:09:25,V013,166.0,1.003570103166912
2026-06-01,2026-06-01 11:09:26,V013,166.0,1.002808642259805
2026-06-01,2026-06-01 11:09:27,V013,167.0,1.0205690327384045
2026-06-01,2026-06-01 11:09:28,V013,168.0,1.0172179536839467
2026-06-01,2026-06-01 11:09:29,V013,168.0,0.9881397414457128
2026-06-01,2026-06-01 11:09:30,V013,168.0,1.0153497380981285
2026-06-01,2026-06-01 11:09:31,V013,168.0,0.9920496402519747
2026-06-01,2026-06-01 11:09:32,V013,168.0,0.9967649600959185
2026-06-01,2026-06-01 11:09:33,V013,167.0,0.9964911227412547
2026-06-01,2026-06-01 11:09:34,V013,166.0,1.0102302966527177
2026-06-01,2026-06-01 11:09:35,V013,165.0,1.2234145951785356
2026-06-01,2026-06-01 11:09:36,V013,163.0,1.0002650136211038
2026-06-01,2026-06-01 11:09:37,V013,162.0,1.0081929325405947
2026-06-01,2026-06-01 11:09:38,V013,161.0,1.0107934322698973
2026-06-01,2026-06-01 11:09:39,V013,159.0,1.0195062306472409
2026-06-01,2026-06-01 11:09:40,V013,158.0,1.0061108807516197
2026-06-01,2026-06-01 11:09:41,V013,157.0,0.990132074917579
2026-06-01,2026-06-01 11:09:42,V013,156.0,1.0066769388947758
2026-06-01,2026-06-01 11:09:43,V013,155.0,1.0037186506416829
2026-06-01,2026-06-01 11:09:44,V013,155.0,1.0603661107531428
2026-06-01,2026-06-01 11:09:45,V013,155.0,0.9743382008869879
2026-06-01,2026-06-01 11:09:46,V013,155.0,1.174674008059175
2026-06-01,2026-06-01 11:09:47,V013,155.0,0.9841439699899732
2026-06-01,2026-06-01 11:09:48,V013,155.0,1.0496708307163891
2026-06-01,2026-06-01 11:09:49,V013,155.0,1.0005276254766742
2026-06-01,2026-06-01 11:09:50,V013,155.0,0.9867236284313634
2026-06-01,2026-06-01 11:09:51,V013,155.0,1.0004230082138725
2026-06-01,2026-06-01 11:09:52,V013,155.0,0.9925182570378556
2026-06-01,2026-06-01 11:09:53,V013,154.0,0.9868137558718766
2026-06-01,2026-06-01 11:09:54,V013,154.0,0.993413616982431
2026-06-01,2026-06-01 11:09:55,V013,154.0,0.994644581293344
2026-06-01,2026-06-01 11:09:56,V013,154.0,1.0031474082213667
2026-06-01,2026-06-01 11:09:57,V013,153.0,1.0339580746188002
2026-06-01,2026-06-01 11:09:58,V013,153.0,1.0099244076719909
2026-06-01,2026-06-01 11:09:59,V013,152.0,1.0495434917151456
2026-06-01,2026-06-01 11:10:00,V013,151.0,1.01037136844974
2026-06-01,2026-06-01 11:10:01,V013,149.0,0.9986286433469911
2026-06-01,2026-06-01 11:10:02,V013,148.0,1.0625483116573893
2026-06-01,2026-06-01 11:10:03,V013,147.0,1.0120904006521159
2026-06-01,2026-06-01 11:10:04,V013,146.0,1.0370000831422608
2026-06-01,2026-06-01 11:10:05,V013,146.0,1.0113922493823264
2026-06-01,2026-06-01 11:10:06,V013,145.0,1.0061446152046396
2026-06-01,2026-06-01 11:10:07,V013,145.0,1.0004447789559954
2026-06-01,2026-06-01 11:10:08,V013,145.0,1.0006233928410677
2026-06-01,2026-06-01 11:10:09,V013,145.0,1.0082286407193635
2026-06-01,2026-06-01 11:10:10,V013,145.0,0.989867787842791
2026-06-01,2026-06-01 11:10:11,V013,146.0,0.9901615804443114
2026-06-01,2026-06-01 11:10:12,V013,146.0,0.9907161795341395
2026-06-01,2026-06-01 11:10:13,V013,146.0,1.0479907724432436
2026-06-01,2026-06-01 11:10:14,V013,146.0,0.9839660975477484
2026-06-01,2026-06-01 11:10:15,V013,146.0,1.0489457322247995
2026-06-01,2026-06-01 11:10:16,V013,146.0,1.0294792028644855
2026-06-01,2026-06-01 11:10:17,V013,146.0,1.00800629241432
2026-06-01,2026-06-01 11:10:18,V013,145.0,0.9876926777259917
2026-06-01,2026-06-01 11:10:19,V013,145.0,1.018155593476891
2026-06-01,2026-06-01 11:10:20,V013,144.0,1.0121741271948819
2026-06-01,2026-06-01 11:10:21,V013,143.0,0.9914262071320422
2026-06-01,2026-06-01 11:10:22,V013,143.0,0.992316802413577
2026-06-01,2026-06-01 11:10:23,V013,143.0,0.995386618364938
2026-06-01,2026-06-01 11:10:24,V013,143.0,0.9952194882912073
2026-06-01,2026-06-01 11:10:25,V013,143.0,0.995190464276373
2026-06-01,2026-06-01 11:10:26,V013,143.0,1.004369544109178
2026-06-01,2026-06-01 11:10:27,V013,143.0,1.0386806528700054
2026-06-01,2026-06-01 11:10:28,V013,143.0,1.0739823565773914
2026-06-01,2026-06-01 11:10:29,V013,143.0,1.0115396505413574
2026-06-01,2026-06-01 11:10:30,V013,142.0,1.091598092119339
2026-06-01,2026-06-01 11:10:31,V013,141.0,0.9754159711369852
2026-06-01,2026-06-01 11:10:32,V013,140.0,1.0247142210815847
2026-06-01,2026-06-01 11:10:33,V013,140.0,1.0011639781708597
2026-06-01,2026-06-01 11:10:34,V013,139.0,0.9932280439188096
2026-06-01,2026-06-01 11:10:35,V013,139.0,1.0032857978479661
2026-06-01,2026-06-01 11:10:36,V013,139.0,1.0338265853650381
2026-06-01,2026-06-01 11:10:37,V013,140.0,1.0635645201856434
2026-06-01,2026-06-01 11:10:38,V013,141.0,1.0039775329353342
2026-06-01,2026-06-01 11:10:39,V013,142.0,0.9976440885620406
2026-06-01,2026-06-01 11:10:40,V013,143.0,1.087323499082045
2026-06-01,2026-06-01 11:10:41,V013,145.0,1.1010125527413313
2026-06-01,2026-06-01 11:10:42,V013,146.0,1.0569392828328659
2026-06-01,2026-06-01 11:10:43,V013,147.0,1.0022948759022152
2026-06-01,2026-06-01 11:10:44,V013,148.0,1.0412167862071533
2026-06-01,2026-06-01 11:10:45,V013,149.0,1.0046097298227086
2026-06-01,2026-06-01 11:10:46,V013,150.0,1.0286683112653257
2026-06-01,2026-06-01 11:10:47,V013,152.0,1.0303704111578396
2026-06-01,2026-06-01 11:10:48,V013,153.0,1.0316452773692213
2026-06-01,2026-06-01 11:10:49,V013,154.0,1.0198829046313755
2026-06-01,2026-06-01 11:10:50,V013,156.0,0.995022118198595
2026-06-01,2026-06-01 11:10:51,V013,157.0,0.9933799666547438
2026-06-01,2026-06-01 11:10:52,V013,158.0,1.0034865449351422
2026-06-01,2026-06-01 11:10:53,V013,158.0,1.0238886422950881
2026-06-01,2026-06-01 11:10:54,V013,159.0,1.0345424277607864
2026-06-01,2026-06-01 11:10:55,V013,158.0,0.9979798457543597
2026-06-01,2026-06-01 11:10:56,V013,158.0,0.9859017305032406
2026-06-01,2026-06-01 11:10:57,V013,157.0,0.9973321869728413
2026-06-01,2026-06-01 11:10:58,V013,156.0,0.9929891456221762
2026-06-01,2026-06-01 11:10:59,V013,155.0,1.0035343500446818
2026-06-01,2026-06-01 11:11:00,V013,155.0,1.0826008067885824
2026-06-01,2026-06-01 11:11:01,V013,154.0,1.0674643275921027
2026-06-01,2026-06-01 11:11:02,V013,153.0,1.0805642954165864
2026-06-01,2026-06-01 11:11:03,V013,153.0,1.0085355995076808
2026-06-01,2026-06-01 11:11:04,V013,153.0,1.0350761456329818
2026-06-01,2026-06-01 11:11:05,V013,152.0,0.9691142961616891
2026-06-01,2026-06-01 11:11:06,V013,152.0,1.0127195787315262
2026-06-01,2026-06-01 11:11:07,V013,151.0,1.0019463092086962
2026-06-01,2026-06-01 11:11:08,V013,151.0,1.0009439389313681
2026-06-01,2026-06-01 11:11:09,V013,151.0,0.9996187138894524
2026-06-01,2026-06-01 11:11:10,V013,152.0,0.9995275618082214
2026-06-01,2026-06-01 11:11:11,V013,153.0,1.0394790343164702
2026-06-01,2026-06-01 11:11:12,V013,153.0,0.9879515500911031
2026-06-01,2026-06-01 11:11:13,V013,154.0,0.9895083886756609
2026-06-01,2026-06-01 11:11:14,V013,154.0,1.0391363246638652
2026-06-01,2026-06-01 11:11:15,V013,154.0,0.9957176977827394
2026-06-01,2026-06-01 11:11:16,V013,154.0,1.0160293618085239
2026-06-01,2026-06-01 11:11:17,V013,154.0,0.9885895143939605
2026-06-01,2026-06-01 11:11:18,V013,154.0,1.0321583285003972
2026-06-01,2026-06-01 11:11:19,V013,154.0,1.0248780321161164
2026-06-01,2026-06-01 11:11:20,V013,155.0,1.0150368289619356
2026-06-01,2026-06-01 11:11:21,V013,155.0,1.0050376990489742
2026-06-01,2026-06-01 11:11:22,V013,156.0,0.9997567078514887
2026-06-01,2026-06-01 11:11:23,V013,157.0,0.9930258542984692
2026-06-01,2026-06-01 11:11:24,V013,157.0,1.0141759728203603
2026-06-01,2026-06-01 11:11:25,V013,156.0,1.0016089009263711
2026-06-01,2026-06-01 11:11:26,V013,156.0,1.005888913553111
2026-06-01,2026-06-01 11:11:27,V013,155.0,1.0086611852236649
2026-06-01,2026-06-01 11:11:28,V013,155.0,1.0105986809640566
2026-06-01,2026-06-01 11:11:29,V013,154.0,0.9969045271192536
2026-06-01,2026-06-01 11:11:30,V013,154.0,1.0142557238250876
2026-06-01,2026-06-01 11:11:31,V013,153.0,1.0434858898869601
2026-06-01,2026-06-01 11:11:32,V013,153.0,1.0033518241610313
2026-06-01,2026-06-01 11:11:33,V013,152.0,0.9907884356169179
2026-06-01,2026-06-01 11:11:34,V013,152.0,0.9970356501232236
2026-06-01,2026-06-01 11:11:35,V013,151.0,0.9992328722628806
2026-06-01,2026-06-01 11:11:36,V013,151.0,1.0032152992516217
2026-06-01,2026-06-01 11:11:37,V013,150.0,1.0000975326984598
2026-06-01,2026-06-01 11:11:38,V013,149.0,0.9925794673932586
2026-06-01,2026-06-01 11:11:39,V013,149.0,0.9922587568834947
2026-06-01,2026-06-01 11:11:40,V013,149.0,1.002633186176132
2026-06-01,2026-06-01 11:11:41,V013,148.0,1.0573660513469492
2026-06-01,2026-06-01 11:11:42,V013,147.0,1.0382810641009486
2026-06-01,2026-06-01 11:11:43,V013,147.0,1.0050890368059362
2026-06-01,2026-06-01 11:11:44,V013,146.0,1.0164820750787957
2026-06-01,2026-06-01 11:11:45,V013,146.0,1.084652852695717
2026-06-01,2026-06-01 11:11:46,V013,145.0,1.0221857399618108
2026-06-01,2026-06-01 11:11:47,V013,145.0,1.0065263587732738
2026-06-01,2026-06-01 11:11:48,V013,144.0,1.1488903902328254
2026-06-01,2026-06-01 11:11:49,V013,144.0,1.0938104093032783
2026-06-01,2026-06-01 11:11:50,V013,143.0,1.0095616749626948
2026-06-01,2026-06-01 11:11:51,V013,144.0,1.032310016912057
2026-06-01,2026-06-01 11:11:52,V013,144.0,1.0061155195232736
2026-06-01,2026-06-01 11:11:53,V013,144.0,1.0543204093780987
2026-06-01,2026-06-01 11:11:54,V013,145.0,1.0030451621833538
2026-06-01,2026-06-01 11:11:55,V013,144.0,0.9939634944711929
2026-06-01,2026-06-01 11:11:56,V013,143.0,1.0595656229408061
2026-06-01,2026-06-01 11:11:57,V013,143.0,1.0429825713117264
2026-06-01,2026-06-01 11:11:58,V013,142.0,1.0367121639777417
2026-06-01,2026-06-01 11:11:59,V013,142.0,1.0497854920446277
2026-06-01,2026-06-01 11:12:00,V013,142.0,1.0941289434094632
2026-06-01,2026-06-01 11:12:01,V013,142.0,0.9976595638784219
2026-06-01,2026-06-01 11:12:02,V013,143.0,1.1286677435584114
2026-06-01,2026-06-01 11:12:03,V013,144.0,1.0010678689570571
2026-06-01,2026-06-01 11:12:04,V013,145.0,1.0340005636552183
2026-06-01,2026-06-01 11:12:05,V013,147.0,1.0055631698752088
2026-06-01,2026-06-01 11:12:06,V013,148.0,1.0263645829874943
2026-06-01,2026-06-01 11:12:07,V013,149.0,1.3001368076047015
2026-06-01,2026-06-01 11:12:08,V013,150.0,1.124383771830081
2026-06-01,2026-06-01 11:12:09,V013,150.0,1.0467147259250382
2026-06-01,2026-06-01 11:12:10,V013,150.0,1.0219171261578137
2026-06-01,2026-06-01 11:12:11,V013,151.0,1.0563835953122755
2026-06-01,2026-06-01 11:12:12,V013,151.0,0.9830226711470089
2026-06-01,2026-06-01 11:12:13,V013,151.0,1.0618819799359644
2026-06-01,2026-06-01 11:12:14,V013,151.0,1.0858043693313297
2026-06-01,2026-06-01 11:12:15,V013,151.0,0.9928416311794542
2026-06-01,2026-06-01 11:12:16,V013,151.0,1.035039697574201
2026-06-01,2026-06-01 11:12:17,V013,152.0,1.0584501378930864
2026-06-01,2026-06-01 11:12:18,V013,152.0,1.1265014584481667
2026-06-01,2026-06-01 11:12:19,V013,152.0,1.3120674553880234
2026-06-01,2026-06-01 11:12:20,V013,153.0,1.328037989107266
2026-06-01,2026-06-01 11:12:21,V013,153.0,1.3198729786511907
2026-06-01,2026-06-01 11:12:22,V013,154.0,0.981252185123166
2026-06-01,2026-06-01 11:12:23,V013,155.0,1.2215473194734585
2026-06-01,2026-06-01 11:12:24,V013,155.0,1.1760295638825602
2026-06-01,2026-06-01 11:12:25,V013,156.0,1.0430887791006533
2026-06-01,2026-06-01 11:12:26,V013,156.0,1.0062565025141872
2026-06-01,2026-06-01 11:12:27,V013,156.0,1.1221590140925257
2026-06-01,2026-06-01 11:12:28,V013,156.0,1.1178805816231687
2026-06-01,2026-06-01 11:12:29,V013,156.0,1.2056278005714693
2026-06-01,2026-06-01 11:12:30,V013,156.0,1.2017338268047153
2026-06-01,2026-06-01 11:12:31,V013,155.0,1.0369914303430647
2026-06-01,2026-06-01 11:12:32,V013,154.0,1.0336277422218798
2026-06-01,2026-06-01 11:12:33,V013,154.0,1.0059538541871675
2026-06-01,2026-06-01 11:12:34,V013,154.0,1.0057966221289927
2026-06-01,2026-06-01 11:12:35,V013,155.0,1.0533599899528157
2026-06-01,2026-06-01 11:12:36,V013,155.0,1.0458211977768264
2026-06-01,2026-06-01 11:12:37,V013,155.0,1.02277159341685
2026-06-01,2026-06-01 11:12:38,V013,155.0,0.9892633296893912
2026-06-01,2026-06-01 11:12:39,V013,156.0,1.1434388678066276
2026-06-01,2026-06-01 11:12:40,V013,157.0,1.0877582221826412
2026-06-01,2026-06-01 11:12:41,V013,158.0,0.9800588444994345
2026-06-01,2026-06-01 11:12:42,V013,159.0,1.0741177251006413
2026-06-01,2026-06-01 11:12:43,V013,161.0,1.0444814395606805
2026-06-01,2026-06-01 11:12:44,V013,163.0,1.0791813842116573
2026-06-01,2026-06-01 11:12:45,V013,165.0,1.0517301878707137
2026-06-01,2026-06-01 11:12:46,V013,167.0,0.9928297564258305
2026-06-01,2026-06-01 11:12:47,V013,170.0,1.011777267795579
2026-06-01,2026-06-01 11:12:48,V013,172.0,1.0351153793249603
2026-06-01,2026-06-01 11:12:49,V013,173.0,0.9960208770289085
2026-06-01,2026-06-01 11:12:50,V013,174.0,1.0001568761199604
2026-06-01,2026-06-01 11:12:51,V013,175.0,0.9959812063857749
2026-06-01,2026-06-01 11:12:52,V013,176.0,1.0123822404297176
2026-06-01,2026-06-01 11:12:53,V013,177.0,0.9977354323275154
2026-06-01,2026-06-01 11:12:54,V013,177.0,1.000031656584307
2026-06-01,2026-06-01 11:12:55,V013,177.0,1.1350360035481184
2026-06-01,2026-06-01 11:12:56,V013,178.0,1.0772345208715692
2026-06-01,2026-06-01 11:12:57,V013,177.0,1.1013621808557978
2026-06-01,2026-06-01 11:12:58,V013,177.0,1.066220509274723
2026-06-01,2026-06-01 11:12:59,V013,176.0,0.9792415063505382
2026-06-01,2026-06-01 11:13:00,V013,175.0,1.0283639565617964
2026-06-01,2026-06-01 11:13:01,V013,174.0,1.0589306977788662
2026-06-01,2026-06-01 11:13:02,V013,173.0,1.105441210939052
2026-06-01,2026-06-01 11:13:03,V013,173.0,1.0709051766982578
2026-06-01,2026-06-01 11:13:04,V013,172.0,1.0441196200719929
2026-06-01,2026-06-01 11:13:05,V013,171.0,1.0261019216313874
2026-06-01,2026-06-01 11:13:06,V013,171.0,1.1273118053314328
2026-06-01,2026-06-01 11:13:07,V013,170.0,1.0695563119419833
2026-06-01,2026-06-01 11:13:08,V013,169.0,1.0434085032031029
2026-06-01,2026-06-01 11:13:09,V013,169.0,1.0300636394723068
2026-06-01,2026-06-01 11:13:10,V013,169.0,1.0368507874065909
2026-06-01,2026-06-01 11:13:11,V013,169.0,1.0341257120047447
2026-06-01,2026-06-01 11:13:12,V013,169.0,1.022545269615538
2026-06-01,2026-06-01 11:13:13,V013,169.0,0.9993847973552598
2026-06-01,2026-06-01 11:13:14,V013,169.0,1.0309841393854036
2026-06-01,2026-06-01 11:13:15,V013,169.0,1.0207362191521414
2026-06-01,2026-06-01 11:13:16,V013,170.0,0.9813881974321464
2026-06-01,2026-06-01 11:13:17,V013,170.0,1.0002936667047
2026-06-01,2026-06-01 11:13:18,V013,170.0,1.0196252274080644
2026-06-01,2026-06-01 11:13:19,V013,170.0,1.0021365848545936
2026-06-01,2026-06-01 11:13:20,V013,170.0,1.0101551391882524
2026-06-01,2026-06-01 11:13:21,V013,170.0,0.9974887200288006
2026-06-01,2026-06-01 11:13:22,V013,170.0,1.0003102145452507
2026-06-01,2026-06-01 11:13:23,V013,170.0,1.0022777560752967
2026-06-01,2026-06-01 11:13:24,V013,169.0,1.0573004572850018
2026-06-01,2026-06-01 11:13:25,V013,168.0,1.0653826096657038
2026-06-01,2026-06-01 11:13:26,V013,168.0,1.0034744597804948
2026-06-01,2026-06-01 11:13:27,V013,167.0,1.042386467769428
2026-06-01,2026-06-01 11:13:28,V013,166.0,1.0412759271305854
2026-06-01,2026-06-01 11:13:29,V013,165.0,1.0302736591050523
2026-06-01,2026-06-01 11:13:30,V013,164.0,0.9947338873062849
2026-06-01,2026-06-01 11:13:31,V013,164.0,1.0771989188724302
2026-06-01,2026-06-01 11:13:32,V013,164.0,1.0999155840534618
2026-06-01,2026-06-01 11:13:33,V013,164.0,1.0094660750139057
2026-06-01,2026-06-01 11:13:34,V013,164.0,1.0316407274188824
2026-06-01,2026-06-01 11:13:35,V013,165.0,0.983248118326415
2026-06-01,2026-06-01 11:13:36,V013,165.0,1.0487014894338966
2026-06-01,2026-06-01 11:13:37,V013,165.0,1.1652551090606578
2026-06-01,2026-06-01 11:13:38,V013,164.0,1.0503629521046736
2026-06-01,2026-06-01 11:13:39,V013,164.0,1.0510586412098182
2026-06-01,2026-06-01 11:13:40,V013,164.0,1.0361396430214898
2026-06-01,2026-06-01 11:13:41,V013,164.0,0.9929448788600971
2026-06-01,2026-06-01 11:13:42,V013,164.0,1.0293554161693392
2026-06-01,2026-06-01 11:13:43,V013,164.0,1.026096080265761
2026-06-01,2026-06-01 11:13:44,V013,164.0,1.0305890314897976
2026-06-01,2026-06-01 11:13:45,V013,164.0,1.0261349169322898
2026-06-01,2026-06-01 11:13:46,V013,164.0,1.023403735393791
2026-06-01,2026-06-01 11:13:47,V013,164.0,1.1240646672958385
2026-06-01,2026-06-01 11:13:48,V013,164.0,1.0166706350877164
2026-06-01,2026-06-01 11:13:49,V013,164.0,1.0423928679083219
2026-06-01,2026-06-01 11:13:50,V013,165.0,0.9838472308867722
2026-06-01,2026-06-01 11:13:51,V013,165.0,1.0672909036601346
2026-06-01,2026-06-01 11:13:52,V013,164.0,1.0140860736677988
2026-06-01,2026-06-01 11:13:53,V013,164.0,1.0777372875468818
2026-06-01,2026-06-01 11:13:54,V013,164.0,1.31898496889852
2026-06-01,2026-06-01 11:13:55,V013,164.0,1.209057264026226
2026-06-01,2026-06-01 11:13:56,V013,164.0,1.0407904949905247
2026-06-01,2026-06-01 11:13:57,V013,164.0,1.0158254205459412
2026-06-01,2026-06-01 11:13:58,V013,164.0,1.080447036318638
2026-06-01,2026-06-01 11:13:59,V013,164.0,1.03080392293422
2026-06-01,2026-06-01 11:14:00,V013,164.0,1.1065778082664215
2026-06-01,2026-06-01 11:14:01,V013,164.0,0.9602990746178143
2026-06-01,2026-06-01 11:14:02,V013,164.0,1.3070437184173176
2026-06-01,2026-06-01 11:14:03,V013,163.0,1.0214624651025692
2026-06-01,2026-06-01 11:14:04,V013,162.0,1.0205313100730111
2026-06-01,2026-06-01 11:14:05,V013,161.0,0.9961612043824161
2026-06-01,2026-06-01 11:14:06,V013,160.0,1.0390614668324885
2026-06-01,2026-06-01 11:14:07,V013,159.0,0.99690038633242
2026-06-01,2026-06-01 11:14:08,V013,159.0,1.0118457150464109
2026-06-01,2026-06-01 11:14:09,V013,159.0,0.9897090904351182
2026-06-01,2026-06-01 11:14:10,V013,158.0,1.0064332113140277
2026-06-01,2026-06-01 11:14:11,V013,157.0,1.0205573509388353
2026-06-01,2026-06-01 11:14:12,V013,156.0,1.0272937347967503
2026-06-01,2026-06-01 11:14:13,V013,155.0,1.013924686804919
2026-06-01,2026-06-01 11:14:14,V013,154.0,1.005272434087454
2026-06-01,2026-06-01 11:14:15,V013,153.0,1.003280974917946
2026-06-01,2026-06-01 11:14:16,V013,153.0,1.0174801791911232
2026-06-01,2026-06-01 11:14:17,V013,153.0,0.9995888103674306
2026-06-01,2026-06-01 11:14:18,V013,153.0,1.0133085001906583
2026-06-01,2026-06-01 11:14:19,V013,153.0,1.0032947170412025
2026-06-01,2026-06-01 11:14:20,V013,154.0,1.0055141955885636
2026-06-01,2026-06-01 11:14:21,V013,154.0,1.0197753275827437
2026-06-01,2026-06-01 11:14:22,V013,154.0,0.9887429022708911
2026-06-01,2026-06-01 11:14:23,V013,154.0,1.0056790917266851
2026-06-01,2026-06-01 11:14:24,V013,154.0,0.9989268382711106
2026-06-01,2026-06-01 11:14:25,V013,154.0,1.0069747444230785
2026-06-01,2026-06-01 11:14:26,V013,155.0,1.0073678225094478
2026-06-01,2026-06-01 11:14:27,V013,156.0,1.0079145527607862
2026-06-01,2026-06-01 11:14:28,V013,156.0,1.0213350040158262
2026-06-01,2026-06-01 11:14:29,V013,157.0,1.0254560537957222
2026-06-01,2026-06-01 11:14:30,V013,157.0,1.0006074770470113
2026-06-01,2026-06-01 11:14:31,V013,156.0,0.9944427275365928
2026-06-01,2026-06-01 11:14:32,V013,156.0,1.0082263498473116
2026-06-01,2026-06-01 11:14:33,V013,155.0,1.076520525792059
2026-06-01,2026-06-01 11:14:34,V013,155.0,1.005761158127708
2026-06-01,2026-06-01 11:14:35,V013,154.0,1.054833248661193
2026-06-01,2026-06-01 11:14:36,V013,154.0,1.0091235104340321
2026-06-01,2026-06-01 11:14:37,V013,153.0,1.108442404340172
2026-06-01,2026-06-01 11:14:38,V013,153.0,1.047519635326015
2026-06-01,2026-06-01 11:14:39,V013,153.0,1.010605252188258
2026-06-01,2026-06-01 11:14:40,V013,153.0,1.0051297874677025
2026-06-01,2026-06-01 11:14:41,V013,152.0,1.0127166042549787
2026-06-01,2026-06-01 11:14:42,V013,152.0,1.0580570469255361
2026-06-01,2026-06-01 11:14:43,V013,151.0,1.0297683698932667
2026-06-01,2026-06-01 11:14:44,V013,151.0,0.9808958206919011
2026-06-01,2026-06-01 11:14:45,V013,150.0,1.125627688668932
2026-06-01,2026-06-01 11:14:46,V013,150.0,1.1297167892686026
2026-06-01,2026-06-01 11:14:47,V013,150.0,0.9013801846501409
2026-06-01,2026-06-01 11:14:48,V013,150.0,1.2308566937897532
2026-06-01,2026-06-01 11:14:49,V013,151.0,0.8523276268680265
2026-06-01,2026-06-01 11:14:50,V013,151.0,1.0238947001884964
2026-06-01,2026-06-01 11:14:51,V013,152.0,1.0911494489658577
2026-06-01,2026-06-01 11:14:52,V013,152.0,1.0448210673114118
2026-06-01,2026-06-01 11:14:53,V013,152.0,1.0233542072942847
2026-06-01,2026-06-01 11:14:54,V013,152.0,0.9995995941640698
2026-06-01,2026-06-01 11:14:55,V013,151.0,1.0202785783399428
2026-06-01,2026-06-01 11:14:56,V013,151.0,0.9969788291362801
2026-06-01,2026-06-01 11:14:57,V013,151.0,0.999913799219444
2026-06-01,2026-06-01 11:14:58,V013,150.0,1.036282794691451
2026-06-01,2026-06-01 11:14:59,V013,150.0,1.0048491263245871
2026-06-01,2026-06-01 11:15:00,V013,150.0,1.036589518199965
2026-06-01,2026-06-01 11:15:01,V013,149.0,0.9837573613839432
2026-06-01,2026-06-01 11:15:02,V013,149.0,1.0182304541203364
2026-06-01,2026-06-01 11:15:03,V013,146.0,1.0050014196686394
2026-06-01,2026-06-01 11:15:04,V013,143.0,0.9900471533249123
2026-06-01,2026-06-01 11:15:05,V013,142.0,1.004340618505514
2026-06-01,2026-06-01 11:15:06,V013,141.0,1.030543418539726
2026-06-01,2026-06-01 11:15:07,V013,141.0,1.0135799775657564
2026-06-01,2026-06-01 11:15:08,V013,141.0,1.0156599701728581
2026-06-01,2026-06-01 11:15:09,V013,140.0,1.0079984071680466
2026-06-01,2026-06-01 11:15:10,V013,140.0,1.0190571267039326
2026-06-01,2026-06-01 11:15:11,V013,140.0,1.0326154512424235
2026-06-01,2026-06-01 11:15:12,V013,140.0,1.019495758926225
2026-06-01,2026-06-01 11:15:13,V013,141.0,1.015234759591733
2026-06-01,2026-06-01 11:15:14,V013,141.0,1.0150881210187204
2026-06-01,2026-06-01 11:15:15,V013,141.0,0.9861856898333075
2026-06-01,2026-06-01 11:15:16,V013,141.0,1.0190151379244652
2026-06-01,2026-06-01 11:15:17,V013,141.0,1.020413016983104
2026-06-01,2026-06-01 11:15:18,V013,141.0,0.9968439429788176
2026-06-01,2026-06-01 11:15:19,V013,141.0,1.0038036742323364
2026-06-01,2026-06-01 11:15:20,V013,141.0,1.0178728572083926
2026-06-01,2026-06-01 11:15:21,V013,141.0,0.9975247981666642
2026-06-01,2026-06-01 11:15:22,V013,141.0,0.9796279108656009
2026-06-01,2026-06-01 11:15:23,V013,141.0,1.0201799222475234
2026-06-01,2026-06-01 11:15:24,V013,141.0,1.0224142545213433
2026-06-01,2026-06-01 11:15:25,V013,140.0,0.9762065475988033
2026-06-01,2026-06-01 11:15:26,V013,140.0,1.0287715339326964
2026-06-01,2026-06-01 11:15:27,V013,140.0,1.0027240807536613
2026-06-01,2026-06-01 11:15:28,V013,140.0,0.984253104335564
2026-06-01,2026-06-01 11:15:29,V013,139.0,0.9972122461615888
2026-06-01,2026-06-01 11:15:30,V013,139.0,1.0109971243473765
2026-06-01,2026-06-01 11:15:31,V013,139.0,0.9931619657323343
2026-06-01,2026-06-01 11:15:32,V013,138.0,0.9899065518187391
2026-06-01,2026-06-01 11:15:33,V013,138.0,1.0001446688330287
2026-06-01,2026-06-01 11:15:34,V013,137.0,0.9894704585426201
2026-06-01,2026-06-01 11:15:35,V013,136.0,0.9989702025124693
2026-06-01,2026-06-01 11:15:36,V013,136.0,0.9977137474353731
2026-06-01,2026-06-01 11:15:37,V013,135.0,1.0056214027595802
2026-06-01,2026-06-01 11:15:38,V013,134.0,0.9827521401134919
2026-06-01,2026-06-01 11:15:39,V013,134.0,0.9994709503743654
2026-06-01,2026-06-01 11:15:40,V013,133.0,0.9916408211647385
2026-06-01,2026-06-01 11:15:41,V013,134.0,0.9951438636858612
2026-06-01,2026-06-01 11:15:42,V013,134.0,1.0012995737450539
2026-06-01,2026-06-01 11:15:43,V013,135.0,0.973678512933349
2026-06-01,2026-06-01 11:15:44,V013,136.0,1.066998455847125
2026-06-01,2026-06-01 11:15:45,V013,136.0,0.9818315336619842
2026-06-01,2026-06-01 11:15:46,V013,136.0,1.0090509943646924
2026-06-01,2026-06-01 11:15:47,V013,137.0,0.9824323429451849
2026-06-01,2026-06-01 11:15:48,V013,137.0,1.027818652628165
2026-06-01,2026-06-01 11:15:49,V013,137.0,0.9952710767516826
2026-06-01,2026-06-01 11:15:50,V013,138.0,0.9937936329603525
2026-06-01,2026-06-01 11:15:51,V013,138.0,1.00964918416787
2026-06-01,2026-06-01 11:15:52,V013,138.0,0.9903829236075914
2026-06-01,2026-06-01 11:15:53,V013,138.0,1.0095145373109289
2026-06-01,2026-06-01 11:15:54,V013,137.0,0.9818196913262639
2026-06-01,2026-06-01 11:15:55,V013,137.0,1.0163343126976132
2026-06-01,2026-06-01 11:15:56,V013,137.0,1.0025240283842891
2026-06-01,2026-06-01 11:15:57,V013,137.0,0.9925101073448084
2026-06-01,2026-06-01 11:15:58,V013,137.0,1.0266077841569172
2026-06-01,2026-06-01 11:15:59,V013,137.0,0.9897249381456101
2026-06-01,2026-06-01 11:16:00,V013,138.0,1.0054409400527746
2026-06-01,2026-06-01 11:16:01,V013,138.0,0.9979846674663908
2026-06-01,2026-06-01 11:16:02,V013,138.0,0.977965726459725
2026-06-01,2026-06-01 11:16:03,V013,138.0,1.0041617960824003
2026-06-01,2026-06-01 11:16:04,V013,138.0,0.9912715544225197
2026-06-01,2026-06-01 11:16:05,V013,137.0,0.9941191238162791
2026-06-01,2026-06-01 11:16:06,V013,137.0,0.9925436977602439
2026-06-01,2026-06-01 11:16:07,V013,136.0,0.9927510485121598
2026-06-01,2026-06-01 11:16:08,V013,136.0,0.9953194541018194
2026-06-01,2026-06-01 11:16:09,V013,135.0,0.9744814190058151
2026-06-01,2026-06-01 11:16:10,V013,135.0,1.005506170269792
2026-06-01,2026-06-01 11:16:11,V013,134.0,1.0221855470023555
2026-06-01,2026-06-01 11:16:12,V013,133.0,0.9906915674164376
2026-06-01,2026-06-01 11:16:13,V013,132.0,0.9941023339989594
2026-06-01,2026-06-01 11:16:14,V013,132.0,0.9979142179709596
2026-06-01,2026-06-01 11:16:15,V013,131.0,0.9893779245860677
2026-06-01,2026-06-01 11:16:16,V013,130.0,0.9998025660492987
2026-06-01,2026-06-01 11:16:17,V013,129.0,0.9978754224806289
2026-06-01,2026-06-01 11:16:18,V013,129.0,0.9895946095712572
2026-06-01,2026-06-01 11:16:19,V013,128.0,0.9933197571406446
2026-06-01,2026-06-01 11:16:20,V013,127.0,1.0000882327617964
2026-06-01,2026-06-01 11:16:21,V013,126.0,0.9894984167515359
2026-06-01,2026-06-01 11:16:22,V013,125.0,0.9965710016881596
2026-06-01,2026-06-01 11:16:23,V013,124.0,0.9901521913210418
2026-06-01,2026-06-01 11:16:24,V013,123.0,0.9892158004455843
2026-06-01,2026-06-01 11:16:25,V013,123.0,1.0050138521713137
2026-06-01,2026-06-01 11:16:26,V013,123.0,0.9890648676945374
2026-06-01,2026-06-01 11:16:27,V013,123.0,1.004699627364331
2026-06-01,2026-06-01 11:16:28,V013,123.0,0.999282043827451
2026-06-01,2026-06-01 11:16:29,V013,123.0,1.0029829425267658
2026-06-01,2026-06-01 11:16:30,V013,124.0,0.9831957563717234
2026-06-01,2026-06-01 11:16:31,V013,124.0,0.9940470729887133
2026-06-01,2026-06-01 11:16:32,V013,124.0,0.9985637790669517
2026-06-01,2026-06-01 11:16:33,V013,124.0,1.006087592882024
2026-06-01,2026-06-01 11:16:34,V013,124.0,1.018481797972945
2026-06-01,2026-06-01 11:16:35,V013,124.0,1.0764064128226003
2026-06-01,2026-06-01 11:16:36,V013,124.0,1.0068727962906514
2026-06-01,2026-06-01 11:16:37,V013,124.0,0.9960367362199812
2026-06-01,2026-06-01 11:16:38,V013,124.0,0.9877540716811897
2026-06-01,2026-06-01 11:16:39,V013,124.0,0.9916244826710433
2026-06-01,2026-06-01 11:16:40,V013,124.0,0.9943809580591073
2026-06-01,2026-06-01 11:16:41,V013,124.0,0.983958255344913
2026-06-01,2026-06-01 11:16:42,V013,124.0,1.0119157125694043
2026-06-01,2026-06-01 11:16:43,V013,124.0,0.996616246735441
2026-06-01,2026-06-01 11:16:44,V013,124.0,1.0018796151070952
2026-06-01,2026-06-01 11:16:45,V013,124.0,0.9952022738503786
2026-06-01,2026-06-01 11:16:46,V013,124.0,0.9932641157647557
2026-06-01,2026-06-01 11:16:47,V013,124.0,1.000392221573733
2026-06-01,2026-06-01 11:16:48,V013,124.0,0.9882801918824521
2026-06-01,2026-06-01 11:16:49,V013,124.0,1.0038932105627107
2026-06-01,2026-06-01 11:16:50,V013,124.0,0.9865221509242629
2026-06-01,2026-06-01 11:16:51,V013,123.0,0.9959378578205214
2026-06-01,2026-06-01 11:16:52,V013,123.0,1.0059949914195092
2026-06-01,2026-06-01 11:16:53,V013,123.0,1.0155791280746618
2026-06-01,2026-06-01 11:16:54,V013,123.0,1.0144521599821434
2026-06-01,2026-06-01 11:16:55,V013,124.0,1.0018455545672085
2026-06-01,2026-06-01 11:16:56,V013,124.0,1.0105872430206824
2026-06-01,2026-06-01 11:16:57,V013,124.0,0.9431413283656889
2026-06-01,2026-06-01 11:16:58,V013,125.0,1.0758078004463334
2026-06-01,2026-06-01 11:16:59,V013,125.0,0.9836721980287508
2026-06-01,2026-06-01 11:17:00,V013,125.0,1.0215721038435182
2026-06-01,2026-06-01 11:17:01,V013,126.0,0.9845224462465789
2026-06-01,2026-06-01 11:17:02,V013,126.0,1.0029840805564814
2026-06-01,2026-06-01 11:17:03,V013,127.0,1.0004592811306459
2026-06-01,2026-06-01 11:17:04,V013,127.0,0.9949786694312153
2026-06-01,2026-06-01 11:17:05,V013,128.0,1.0104772148810954
2026-06-01,2026-06-01 11:17:06,V013,128.0,0.9734150161158973
2026-06-01,2026-06-01 11:17:07,V013,129.0,1.0759596915062268
2026-06-01,2026-06-01 11:17:08,V013,129.0,0.9943864571889568
2026-06-01,2026-06-01 11:17:09,V013,130.0,1.0113837927770162
2026-06-01,2026-06-01 11:17:10,V013,130.0,1.026296543787342
2026-06-01,2026-06-01 11:17:11,V013,130.0,1.0005100050341698
2026-06-01,2026-06-01 11:17:12,V013,130.0,0.9919084011476059
2026-06-01,2026-06-01 11:17:13,V013,130.0,1.1483125141565054
2026-06-01,2026-06-01 11:17:14,V013,130.0,1.1167200808353175
2026-06-01,2026-06-01 11:17:15,V013,130.0,1.0148502052423758
2026-06-01,2026-06-01 11:17:16,V013,129.0,1.0198649997090548
2026-06-01,2026-06-01 11:17:17,V013,129.0,1.0204892566697528
2026-06-01,2026-06-01 11:17:18,V013,129.0,0.9955045893280754
2026-06-01,2026-06-01 11:17:19,V013,128.0,1.0076399610319857
2026-06-01,2026-06-01 11:17:20,V013,128.0,1.0034190391625364
2026-06-01,2026-06-01 11:17:21,V013,127.0,0.9965862256549991
2026-06-01,2026-06-01 11:17:22,V013,127.0,0.9937213792652035
2026-06-01,2026-06-01 11:17:23,V013,127.0,0.9893681632063687
2026-06-01,2026-06-01 11:17:24,V013,127.0,0.9950450817846712
2026-06-01,2026-06-01 11:17:25,V013,128.0,1.0038241920550923
2026-06-01,2026-06-01 11:17:26,V013,128.0,1.0027511588452043
2026-06-01,2026-06-01 11:17:27,V013,128.0,0.9857070908792798
2026-06-01,2026-06-01 11:17:28,V013,129.0,0.9973426697070455
2026-06-01,2026-06-01 11:17:29,V013,130.0,0.9910396740243007
2026-06-01,2026-06-01 11:17:30,V013,131.0,0.9981575239806589
2026-06-01,2026-06-01 11:17:31,V013,132.0,0.999264406030357
2026-06-01,2026-06-01 11:17:32,V013,133.0,0.9952038676053857
2026-06-01,2026-06-01 11:17:33,V013,134.0,0.9980460760182535
2026-06-01,2026-06-01 11:17:34,V013,135.0,0.9956005139405784
2026-06-01,2026-06-01 11:17:35,V013,135.0,0.9936506118164503
2026-06-01,2026-06-01 11:17:36,V013,135.0,0.996296170252473
2026-06-01,2026-06-01 11:17:37,V013,136.0,1.0303020714951066
2026-06-01,2026-06-01 11:17:38,V013,136.0,1.020994477171227
2026-06-01,2026-06-01 11:17:39,V013,137.0,1.0004286304667418
2026-06-01,2026-06-01 11:17:40,V013,137.0,1.1055847985724918
2026-06-01,2026-06-01 11:17:41,V013,137.0,1.0249304934248755
2026-06-01,2026-06-01 11:17:42,V013,138.0,0.9918526134181883
2026-06-01,2026-06-01 11:17:43,V013,138.0,1.0346210448003015
2026-06-01,2026-06-01 11:17:44,V013,138.0,1.010437890923136
2026-06-01,2026-06-01 11:17:45,V013,138.0,1.017481648416317
2026-06-01,2026-06-01 11:17:46,V013,138.0,1.0656797703212089
2026-06-01,2026-06-01 11:17:47,V013,139.0,0.995291850502081
2026-06-01,2026-06-01 11:17:48,V013,140.0,1.015898715869872
2026-06-01,2026-06-01 11:17:49,V013,141.0,1.022649533265139
2026-06-01,2026-06-01 11:17:50,V013,141.0,1.0179615196922704
2026-06-01,2026-06-01 11:17:51,V013,141.0,1.0113730150218405
2026-06-01,2026-06-01 11:17:52,V013,141.0,1.0084443634427755
2026-06-01,2026-06-01 11:17:53,V013,141.0,0.9964315789130954
2026-06-01,2026-06-01 11:17:54,V013,141.0,1.0274789042398162
2026-06-01,2026-06-01 11:17:55,V013,140.0,1.0023727683227461
2026-06-01,2026-06-01 11:17:56,V013,140.0,1.022215812421009
2026-06-01,2026-06-01 11:17:57,V013,139.0,1.0043215068117939
2026-06-01,2026-06-01 11:17:58,V013,139.0,0.9944859071761591
2026-06-01,2026-06-01 11:17:59,V013,139.0,0.9969399683443726
2026-06-01,2026-06-01 11:18:00,V013,139.0,1.0304115361911788
2026-06-01,2026-06-01 11:18:01,V013,140.0,1.0062328185507123
2026-06-01,2026-06-01 11:18:02,V013,140.0,1.002687084184419
2026-06-01,2026-06-01 11:18:03,V013,140.0,0.99129777178797
2026-06-01,2026-06-01 11:18:04,V013,140.0,1.0322760068854773
2026-06-01,2026-06-01 11:18:05,V013,140.0,1.0116229812657158
2026-06-01,2026-06-01 11:18:06,V013,140.0,1.0062931993509603
2026-06-01,2026-06-01 11:18:07,V013,140.0,1.0065531073021425
2026-06-01,2026-06-01 11:18:08,V013,139.0,1.0314771772808997
2026-06-01,2026-06-01 11:18:09,V013,139.0,0.9886710691996776
2026-06-01,2026-06-01 11:18:10,V013,138.0,1.0419547614994553
2026-06-01,2026-06-01 11:18:11,V013,138.0,1.031439292048806
2026-06-01,2026-06-01 11:18:12,V013,137.0,1.023715440595181
2026-06-01,2026-06-01 11:18:13,V013,137.0,1.011033521385684
2026-06-01,2026-06-01 11:18:14,V013,137.0,1.0288371912607988
2026-06-01,2026-06-01 11:18:15,V013,137.0,1.0255290453904733
2026-06-01,2026-06-01 11:18:16,V013,137.0,1.0079884590175572
2026-06-01,2026-06-01 11:18:17,V013,136.0,0.9953057793343584
2026-06-01,2026-06-01 11:18:18,V013,136.0,0.9976421679643654
2026-06-01,2026-06-01 11:18:19,V013,136.0,1.0157474572014094
2026-06-01,2026-06-01 11:18:20,V013,136.0,0.9875027208905859
2026-06-01,2026-06-01 11:18:21,V013,136.0,0.9960433712435418
2026-06-01,2026-06-01 11:18:22,V013,136.0,0.9942552153857699
2026-06-01,2026-06-01 11:18:23,V013,136.0,0.9977638406667222
2026-06-01,2026-06-01 11:18:24,V013,136.0,0.9984509379564213
2026-06-01,2026-06-01 11:18:25,V013,136.0,1.0083022391282452
2026-06-01,2026-06-01 11:18:26,V013,136.0,0.9997662666185843
2026-06-01,2026-06-01 11:18:27,V013,136.0,1.087462243141903
2026-06-01,2026-06-01 11:18:28,V013,137.0,0.9430357657933384
2026-06-01,2026-06-01 11:18:29,V013,137.0,0.9875611750985285
2026-06-01,2026-06-01 11:18:30,V013,137.0,1.0658591928656889
2026-06-01,2026-06-01 11:18:31,V013,137.0,0.9801116852922843
2026-06-01,2026-06-01 11:18:32,V013,138.0,1.1357115576364087
2026-06-01,2026-06-01 11:18:33,V013,138.0,1.0377944370184844
2026-06-01,2026-06-01 11:18:34,V013,138.0,1.011751162460203
2026-06-01,2026-06-01 11:18:35,V013,138.0,1.0196985539251922
2026-06-01,2026-06-01 11:18:36,V013,138.0,1.0074920377884076
2026-06-01,2026-06-01 11:18:37,V013,138.0,1.0495483865769193
2026-06-01,2026-06-01 11:18:38,V013,138.0,1.0473891099555614
2026-06-01,2026-06-01 11:18:39,V013,139.0,1.3664428954736254
2026-06-01,2026-06-01 11:18:40,V013,139.0,0.9848097244494822
2026-06-01,2026-06-01 11:18:41,V013,139.0,1.0015328572991686
2026-06-01,2026-06-01 11:18:42,V013,140.0,1.006978092400693
2026-06-01,2026-06-01 11:18:43,V013,141.0,0.9905042570826454
2026-06-01,2026-06-01 11:18:44,V013,141.0,0.986910991814573
2026-06-01,2026-06-01 11:18:45,V013,142.0,0.9896291508246038
2026-06-01,2026-06-01 11:18:46,V013,143.0,0.9864866446459609
2026-06-01,2026-06-01 11:18:47,V013,144.0,0.9933260604404678
2026-06-01,2026-06-01 11:18:48,V013,144.0,1.0013106296469065
2026-06-01,2026-06-01 11:18:49,V013,145.0,0.9977006916149221
2026-06-01,2026-06-01 11:18:50,V013,145.0,0.9922091357903036
2026-06-01,2026-06-01 11:18:51,V013,145.0,0.992908107272572
2026-06-01,2026-06-01 11:18:52,V013,145.0,1.0191504169449963
2026-06-01,2026-06-01 11:18:53,V013,145.0,1.0235516462850731
2026-06-01,2026-06-01 11:18:54,V013,145.0,1.0745127379496955
2026-06-01,2026-06-01 11:18:55,V013,145.0,1.0715583686482424
2026-06-01,2026-06-01 11:18:56,V013,145.0,1.043074656097244
2026-06-01,2026-06-01 11:18:57,V013,144.0,1.0242980378843545
2026-06-01,2026-06-01 11:18:58,V013,144.0,1.0688194868773093
2026-06-01,2026-06-01 11:18:59,V013,143.0,1.016943555168566
2026-06-01,2026-06-01 11:19:00,V013,143.0,1.087675430555301
2026-06-01,2026-06-01 11:19:01,V013,143.0,1.0086890128869788
2026-06-01,2026-06-01 11:19:02,V013,142.0,1.0375090962922058
2026-06-01,2026-06-01 11:19:03,V013,142.0,1.0190205896844935
2026-06-01,2026-06-01 11:19:04,V013,143.0,1.048882560442312
2026-06-01,2026-06-01 11:19:05,V013,143.0,1.0009143733248096
2026-06-01,2026-06-01 11:19:06,V013,144.0,1.0403572051713033
2026-06-01,2026-06-01 11:19:07,V013,145.0,1.0518721329162992
2026-06-01,2026-06-01 11:19:08,V013,146.0,0.987626750788538
2026-06-01,2026-06-01 11:19:09,V013,147.0,1.0062757597686527
2026-06-01,2026-06-01 11:19:10,V013,148.0,0.9994920039454666
2026-06-01,2026-06-01 11:19:11,V013,149.0,1.0403505682500127
2026-06-01,2026-06-01 11:19:12,V013,149.0,1.0408452200998135
2026-06-01,2026-06-01 11:19:13,V013,150.0,1.0670700611710033
2026-06-01,2026-06-01 11:19:14,V013,151.0,1.0427525852439288
2026-06-01,2026-06-01 11:19:15,V013,151.0,0.9983431330913737
2026-06-01,2026-06-01 11:19:16,V013,152.0,1.0357297479967191
2026-06-01,2026-06-01 11:19:17,V013,152.0,0.9966431584828721
2026-06-01,2026-06-01 11:19:18,V013,153.0,1.1127153608282947
2026-06-01,2026-06-01 11:19:19,V013,153.0,0.9482586826240086
2026-06-01,2026-06-01 11:19:20,V013,154.0,1.0413228389214082
2026-06-01,2026-06-01 11:19:21,V013,155.0,1.0890660461717765
2026-06-01,2026-06-01 11:19:22,V013,155.0,1.0447763940611439
2026-06-01,2026-06-01 11:19:23,V013,156.0,1.0471127147942048
2026-06-01,2026-06-01 11:19:24,V013,156.0,1.0531550067821194
2026-06-01,2026-06-01 11:19:25,V013,157.0,1.072308872868811
2026-06-01,2026-06-01 11:19:26,V013,156.0,1.008570695592309
2026-06-01,2026-06-01 11:19:27,V013,156.0,1.073145204726031
2026-06-01,2026-06-01 11:19:28,V013,156.0,0.9919990579546882
2026-06-01,2026-06-01 11:19:29,V013,157.0,1.032520574650523
2026-06-01,2026-06-01 11:19:30,V013,157.0,1.1404785034787894
2026-06-01,2026-06-01 11:19:31,V013,157.0,1.032659428373032
2026-06-01,2026-06-01 11:19:32,V013,157.0,1.0463027611451892
2026-06-01,2026-06-01 11:19:33,V013,157.0,1.026934631091627
2026-06-01,2026-06-01 11:19:34,V013,158.0,1.0353414022760388
2026-06-01,2026-06-01 11:19:35,V013,158.0,1.0476439160413609
2026-06-01,2026-06-01 11:19:36,V013,158.0,1.004463273614247
2026-06-01,2026-06-01 11:19:37,V013,158.0,1.0555408860660267
2026-06-01,2026-06-01 11:19:38,V013,158.0,1.0634509248526203
2026-06-01,2026-06-01 11:19:39,V013,158.0,1.0795088787066194
2026-06-01,2026-06-01 11:19:40,V013,158.0,1.0982093868278202
2026-06-01,2026-06-01 11:19:41,V013,158.0,1.0437071169548018
2026-06-01,2026-06-01 11:19:42,V013,158.0,1.0048324733940408
2026-06-01,2026-06-01 11:19:43,V013,158.0,1.0086037655866382
2026-06-01,2026-06-01 11:19:44,V013,159.0,0.9913659000535933
2026-06-01,2026-06-01 11:19:45,V013,160.0,0.9984303921299099
2026-06-01,2026-06-01 11:19:46,V013,161.0,1.0034690724904423
2026-06-01,2026-06-01 11:19:47,V013,162.0,0.9627987622675993
2026-06-01,2026-06-01 11:19:48,V013,163.0,1.1004609653744477
2026-06-01,2026-06-01 11:19:49,V013,164.0,1.03455263528579
2026-06-01,2026-06-01 11:19:50,V013,165.0,1.0372748131890097
2026-06-01,2026-06-01 11:19:51,V013,165.0,1.020467249429898
2026-06-01,2026-06-01 11:19:52,V013,165.0,1.0693610907672648
2026-06-01,2026-06-01 11:19:53,V013,165.0,1.0953688757949365
2026-06-01,2026-06-01 11:19:54,V013,164.0,0.9843554872305434
2026-06-01,2026-06-01 11:19:55,V013,164.0,1.118172106228892
2026-06-01,2026-06-01 11:19:56,V013,163.0,1.0623858031659483
2026-06-01,2026-06-01 11:19:57,V013,163.0,1.1265384247539227
2026-06-01,2026-06-01 11:19:58,V013,163.0,1.1724993146829867
2026-06-01,2026-06-01 11:19:59,V013,163.0,0.9655812182613684
2026-06-01,2026-06-01 11:20:00,V013,164.0,1.0693235721335963
2026-06-01,2026-06-01 11:20:01,V013,164.0,1.0011281053481609
2026-06-01,2026-06-01 11:20:02,V013,165.0,0.9973231412329939
2026-06-01,2026-06-01 11:20:03,V013,165.0,1.0281989176380513
2026-06-01,2026-06-01 11:20:04,V013,166.0,1.0823086248548022
2026-06-01,2026-06-01 11:20:05,V013,166.0,1.00152175736144
2026-06-01,2026-06-01 11:20:06,V013,165.0,1.0760480095850684
2026-06-01,2026-06-01 11:20:07,V013,165.0,1.1514185536008352
2026-06-01,2026-06-01 11:20:08,V013,165.0,1.0350982520036218
2026-06-01,2026-06-01 11:20:09,V013,164.0,1.0508298432981844
2026-06-01,2026-06-01 11:20:10,V013,164.0,1.0439588051338733
2026-06-01,2026-06-01 11:20:11,V013,164.0,1.0095011699181207
2026-06-01,2026-06-01 11:20:12,V013,164.0,1.021437844993187
2026-06-01,2026-06-01 11:20:13,V013,163.0,1.0400483788839656
2026-06-01,2026-06-01 11:20:14,V013,163.0,1.098403074307083
2026-06-01,2026-06-01 11:20:15,V013,162.0,1.093313235224101
2026-06-01,2026-06-01 11:20:16,V013,162.0,1.0549162132249428
2026-06-01,2026-06-01 11:20:17,V013,161.0,1.1045525954329318
2026-06-01,2026-06-01 11:20:18,V013,161.0,1.0352461899762933
2026-06-01,2026-06-01 11:20:19,V013,161.0,0.9983964197038461
2026-06-01,2026-06-01 11:20:20,V013,161.0,1.0265256542667087
2026-06-01,2026-06-01 11:20:21,V013,161.0,1.005785288119228
2026-06-01,2026-06-01 11:20:22,V013,162.0,1.0156791965886507
2026-06-01,2026-06-01 11:20:23,V013,162.0,0.9987219527128874
2026-06-01,2026-06-01 11:20:24,V013,163.0,1.1259998046953237
2026-06-01,2026-06-01 11:20:25,V013,164.0,1.0245314864284183
2026-06-01,2026-06-01 11:20:26,V013,164.0,1.034191143536352
2026-06-01,2026-06-01 11:20:27,V013,165.0,1.0372426752908424
2026-06-01,2026-06-01 11:20:28,V013,165.0,1.0534613775735442
2026-06-01,2026-06-01 11:20:29,V013,166.0,1.055699373303287
2026-06-01,2026-06-01 11:20:30,V013,166.0,1.0664412747230663
2026-06-01,2026-06-01 11:20:31,V013,165.0,1.098160458767961
2026-06-01,2026-06-01 11:20:32,V013,165.0,1.0561629097169893
2026-06-01,2026-06-01 11:20:33,V013,164.0,1.0260291698076487
2026-06-01,2026-06-01 11:20:34,V013,164.0,1.010231359340054
2026-06-01,2026-06-01 11:20:35,V013,163.0,1.0175593394363893
2026-06-01,2026-06-01 11:20:36,V013,163.0,1.0752748480332106
2026-06-01,2026-06-01 11:20:37,V013,163.0,1.0085954968396826
2026-06-01,2026-06-01 11:20:38,V013,163.0,1.0249234764986337
2026-06-01,2026-06-01 11:20:39,V013,164.0,1.0265589524038337
2026-06-01,2026-06-01 11:20:40,V013,164.0,1.0554307602685848
2026-06-01,2026-06-01 11:20:41,V013,164.0,1.06903927552308
2026-06-01,2026-06-01 11:20:42,V013,164.0,1.048120271573493
2026-06-01,2026-06-01 11:20:43,V013,164.0,1.0290147757285064
2026-06-01,2026-06-01 11:20:44,V013,163.0,1.0553461047895696
2026-06-01,2026-06-01 11:20:45,V013,163.0,1.0057159379336207
2026-06-01,2026-06-01 11:20:46,V013,163.0,1.0088454450268711
2026-06-01,2026-06-01 11:20:47,V013,163.0,1.0280021846717673
2026-06-01,2026-06-01 11:20:48,V013,163.0,1.0136266780924847
2026-06-01,2026-06-01 11:20:49,V013,163.0,1.0242780320711333
2026-06-01,2026-06-01 11:20:50,V013,163.0,1.0636113366120117
2026-06-01,2026-06-01 11:20:51,V013,163.0,1.0473444678284947
2026-06-01,2026-06-01 11:20:52,V013,163.0,1.0305108888067984
2026-06-01,2026-06-01 11:20:53,V013,163.0,1.063053570714111
2026-06-01,2026-06-01 11:20:54,V013,162.0,1.0676877736149346
2026-06-01,2026-06-01 11:20:55,V013,162.0,1.0121685637370226
2026-06-01,2026-06-01 11:20:56,V013,162.0,1.0411318635072684
2026-06-01,2026-06-01 11:20:57,V013,162.0,1.0229031215003763
2026-06-01,2026-06-01 11:20:58,V013,162.0,1.0274580734763092
2026-06-01,2026-06-01 11:20:59,V013,163.0,1.0045817441326292
2026-06-01,2026-06-01 11:21:00,V013,163.0,1.0394417887938252
2026-06-01,2026-06-01 11:21:01,V013,164.0,1.0428021797904112
2026-06-01,2026-06-01 11:21:02,V013,164.0,0.9467994948657622
2026-06-01,2026-06-01 11:21:03,V013,165.0,1.0924081376190051
2026-06-01,2026-06-01 11:21:04,V013,165.0,1.034643790434292
2026-06-01,2026-06-01 11:21:05,V013,166.0,0.9955584780662917
2026-06-01,2026-06-01 11:21:06,V013,166.0,1.0268736093673547
2026-06-01,2026-06-01 11:21:07,V013,167.0,1.0125314134839989
2026-06-01,2026-06-01 11:21:08,V013,167.0,1.0645937069354525
2026-06-01,2026-06-01 11:21:09,V013,167.0,0.9933806318291714
2026-06-01,2026-06-01 11:21:10,V013,166.0,1.0639682552748837
2026-06-01,2026-06-01 11:21:11,V013,165.0,1.0580801309693724
2026-06-01,2026-06-01 11:21:12,V013,164.0,0.9991508727299848
2026-06-01,2026-06-01 11:21:13,V013,163.0,1.026497675776061
2026-06-01,2026-06-01 11:21:14,V013,162.0,1.02947661740639
2026-06-01,2026-06-01 11:21:15,V013,161.0,1.0270181742891693
2026-06-01,2026-06-01 11:21:16,V013,161.0,1.0331353123450537
2026-06-01,2026-06-01 11:21:17,V013,160.0,0.9842982659991655
2026-06-01,2026-06-01 11:21:18,V013,160.0,0.976844265061339
2026-06-01,2026-06-01 11:21:19,V013,159.0,1.0460078430001452
2026-06-01,2026-06-01 11:21:20,V013,159.0,0.9816882668834199
2026-06-01,2026-06-01 11:21:21,V013,159.0,1.0845647363184003
2026-06-01,2026-06-01 11:21:22,V013,158.0,1.022968150619703
2026-06-01,2026-06-01 11:21:23,V013,158.0,1.011374379538581
2026-06-01,2026-06-01 11:21:24,V013,158.0,1.0017891206254455
2026-06-01,2026-06-01 11:21:25,V013,158.0,1.0285034657402918
2026-06-01,2026-06-01 11:21:26,V013,158.0,1.0032447562318259
2026-06-01,2026-06-01 11:21:27,V013,157.0,1.025038139952735
2026-06-01,2026-06-01 11:21:28,V013,157.0,1.0277152170182464
2026-06-01,2026-06-01 11:21:29,V013,157.0,1.0019187149318176
2026-06-01,2026-06-01 11:21:30,V013,158.0,1.0016309368792682
2026-06-01,2026-06-01 11:21:31,V013,158.0,1.0128742248370664
2026-06-01,2026-06-01 11:21:32,V013,158.0,0.9977777309856387
2026-06-01,2026-06-01 11:21:33,V013,159.0,1.0259006871375982
2026-06-01,2026-06-01 11:21:34,V013,159.0,1.0588916282106318
2026-06-01,2026-06-01 11:21:35,V013,158.0,1.0210597863443438
2026-06-01,2026-06-01 11:21:36,V013,158.0,1.0214336430051458
2026-06-01,2026-06-01 11:21:37,V013,158.0,0.9765912232608678
2026-06-01,2026-06-01 11:21:38,V013,158.0,1.048908310389151
2026-06-01,2026-06-01 11:21:39,V013,157.0,0.9771816419438304
2026-06-01,2026-06-01 11:21:40,V013,157.0,1.0042098283272458
2026-06-01,2026-06-01 11:21:41,V013,158.0,0.9992497474364989
2026-06-01,2026-06-01 11:21:42,V013,158.0,1.0023698128450496
2026-06-01,2026-06-01 11:21:43,V013,158.0,1.0001332261632823
2026-06-01,2026-06-01 11:21:44,V013,158.0,0.9965923384858865
2026-06-01,2026-06-01 11:21:45,V013,158.0,0.9870941630885661
2026-06-01,2026-06-01 11:21:46,V013,157.0,0.9806942315961849
2026-06-01,2026-06-01 11:21:47,V013,157.0,1.0487820220713895
2026-06-01,2026-06-01 11:21:48,V013,156.0,0.9915337404751062
2026-06-01,2026-06-01 11:21:49,V013,156.0,1.026353207198209
2026-06-01,2026-06-01 11:21:50,V013,156.0,0.9916928520069316
2026-06-01,2026-06-01 11:21:51,V013,156.0,1.011106032925904
2026-06-01,2026-06-01 11:21:52,V013,155.0,1.031122390356936
2026-06-01,2026-06-01 11:21:53,V013,155.0,1.0080348059698836
2026-06-01,2026-06-01 11:21:54,V013,155.0,1.0047662039877259
2026-06-01,2026-06-01 11:21:55,V013,154.0,0.9676147102583151
2026-06-01,2026-06-01 11:21:56,V013,153.0,1.0426632772035054
2026-06-01,2026-06-01 11:21:57,V013,152.0,0.991770262029801
2026-06-01,2026-06-01 11:21:58,V013,151.0,1.027673968813465
2026-06-01,2026-06-01 11:21:59,V013,150.0,1.0398520015485149
2026-06-01,2026-06-01 11:22:00,V013,150.0,1.046583820691719
2026-06-01,2026-06-01 11:22:01,V013,149.0,0.9980999071435881
2026-06-01,2026-06-01 11:22:02,V013,149.0,1.0176814555415115
2026-06-01,2026-06-01 11:22:03,V013,149.0,0.9897034580242351
2026-06-01,2026-06-01 11:22:04,V013,148.0,1.0179758256522629
2026-06-01,2026-06-01 11:22:05,V013,147.0,1.000881149663876
2026-06-01,2026-06-01 11:22:06,V013,147.0,1.021700377344233
2026-06-01,2026-06-01 11:22:07,V013,146.0,0.9952383580179163
2026-06-01,2026-06-01 11:22:08,V013,145.0,0.9911974856614475
2026-06-01,2026-06-01 11:22:09,V013,144.0,1.0157404830455439
2026-06-01,2026-06-01 11:22:10,V013,143.0,0.9926305518492967
2026-06-01,2026-06-01 11:22:11,V013,143.0,1.0435200110598737
2026-06-01,2026-06-01 11:22:12,V013,143.0,0.9922216832377664
2026-06-01,2026-06-01 11:22:13,V013,143.0,0.9407852592341371
2026-06-01,2026-06-01 11:22:14,V013,143.0,1.2331865898434036
2026-06-01,2026-06-01 11:22:15,V013,142.0,1.1688324727265833
2026-06-01,2026-06-01 11:22:16,V013,142.0,1.1427761339120883
2026-06-01,2026-06-01 11:22:17,V013,141.0,1.1209979431892765
2026-06-01,2026-06-01 11:22:18,V013,141.0,1.043828855183626
2026-06-01,2026-06-01 11:22:19,V013,140.0,1.0048572481305802
2026-06-01,2026-06-01 11:22:20,V013,140.0,0.9969082974596571
2026-06-01,2026-06-01 11:22:21,V013,140.0,1.0116616880588516
2026-06-01,2026-06-01 11:22:22,V013,140.0,1.0035285859249612
2026-06-01,2026-06-01 11:22:23,V013,140.0,0.9864111653627075
2026-06-01,2026-06-01 11:22:24,V013,140.0,1.0100136224287741
2026-06-01,2026-06-01 11:22:25,V013,141.0,0.9996256960762154
2026-06-01,2026-06-01 11:22:26,V013,141.0,0.9658341819085572
2026-06-01,2026-06-01 11:22:27,V013,141.0,1.076290789002382
2026-06-01,2026-06-01 11:22:28,V013,141.0,0.9988709065866884
2026-06-01,2026-06-01 11:22:29,V013,142.0,1.0190948799616804
2026-06-01,2026-06-01 11:22:30,V013,142.0,1.1652523151356207
2026-06-01,2026-06-01 11:22:31,V013,142.0,1.015662360411973
2026-06-01,2026-06-01 11:22:32,V013,142.0,1.0135583186262656
2026-06-01,2026-06-01 11:22:33,V013,143.0,1.0208282814381848
2026-06-01,2026-06-01 11:22:34,V013,144.0,1.0047991135826149
2026-06-01,2026-06-01 11:22:35,V013,144.0,0.9929970493783545
2026-06-01,2026-06-01 11:22:36,V013,145.0,1.0000614226939042
2026-06-01,2026-06-01 11:22:37,V013,146.0,1.022470909015247
2026-06-01,2026-06-01 11:22:38,V013,147.0,1.0212283965903617
2026-06-01,2026-06-01 11:22:39,V013,148.0,1.0463017855577914
2026-06-01,2026-06-01 11:22:40,V013,149.0,1.0464853323804324
2026-06-01,2026-06-01 11:22:41,V013,150.0,1.0111208613412925
2026-06-01,2026-06-01 11:22:42,V013,151.0,1.0066830664139386
2026-06-01,2026-06-01 11:22:43,V013,152.0,1.152065395083905
2026-06-01,2026-06-01 11:22:44,V013,152.0,0.9942583646900677
2026-06-01,2026-06-01 11:22:45,V013,153.0,1.0154435677523403
2026-06-01,2026-06-01 11:22:46,V013,153.0,1.0609242105778822
2026-06-01,2026-06-01 11:22:47,V013,153.0,0.9732784006423622
2026-06-01,2026-06-01 11:22:48,V013,153.0,1.0402840019336534
2026-06-01,2026-06-01 11:22:49,V013,154.0,1.0729040403120933
2026-06-01,2026-06-01 11:22:50,V013,154.0,1.0376334828985367
2026-06-01,2026-06-01 11:22:51,V013,154.0,1.049363725767382
2026-06-01,2026-06-01 11:22:52,V013,154.0,0.9970832305019979
2026-06-01,2026-06-01 11:22:53,V013,153.0,0.9990980716745712
2026-06-01,2026-06-01 11:22:54,V013,153.0,0.9796445519867105
2026-06-01,2026-06-01 11:22:55,V013,152.0,1.0937633631977304
2026-06-01,2026-06-01 11:22:56,V013,151.0,1.0062585679676612
2026-06-01,2026-06-01 11:22:57,V013,150.0,1.1196208134727195
2026-06-01,2026-06-01 11:22:58,V013,149.0,0.9939279266284703
2026-06-01,2026-06-01 11:22:59,V013,148.0,1.0043115720175002
2026-06-01,2026-06-01 11:23:00,V013,148.0,1.0409765328765574
2026-06-01,2026-06-01 11:23:01,V013,147.0,1.0172705774589235
2026-06-01,2026-06-01 11:23:02,V013,147.0,1.0676143208325377
2026-06-01,2026-06-01 11:23:03,V013,148.0,1.0466178838839357
2026-06-01,2026-06-01 11:23:04,V013,148.0,0.978554375780767
2026-06-01,2026-06-01 11:23:05,V013,149.0,1.0134762705270581
2026-06-01,2026-06-01 11:23:06,V013,149.0,1.0009372588259369
2026-06-01,2026-06-01 11:23:07,V013,150.0,0.993374382351856
2026-06-01,2026-06-01 11:23:08,V013,150.0,1.034433718902297
2026-06-01,2026-06-01 11:23:09,V013,151.0,0.9597645761659713
2026-06-01,2026-06-01 11:23:10,V013,151.0,1.0132738352622301
2026-06-01,2026-06-01 11:23:11,V013,152.0,1.0288217501295058
2026-06-01,2026-06-01 11:23:12,V013,153.0,1.0383047073486242
2026-06-01,2026-06-01 11:23:13,V013,154.0,1.0058325952477865
2026-06-01,2026-06-01 11:23:14,V013,155.0,1.0478931068779984
2026-06-01,2026-06-01 11:23:15,V013,155.0,1.0246576375791612
2026-06-01,2026-06-01 11:23:16,V013,155.0,0.9752601488489623
2026-06-01,2026-06-01 11:23:17,V013,155.0,1.1005359877357033
2026-06-01,2026-06-01 11:23:18,V013,156.0,0.9730814198789414
2026-06-01,2026-06-01 11:23:19,V013,156.0,1.0369778614952567
2026-06-01,2026-06-01 11:23:20,V013,156.0,1.019909630667027
2026-06-01,2026-06-01 11:23:21,V013,157.0,1.0041292605863956
2026-06-01,2026-06-01 11:23:22,V013,157.0,0.9938054154449736
2026-06-01,2026-06-01 11:23:23,V013,158.0,1.0423731024449023
2026-06-01,2026-06-01 11:23:24,V013,159.0,1.0359022252000993
2026-06-01,2026-06-01 11:23:25,V013,159.0,1.0175493002906046
2026-06-01,2026-06-01 11:23:26,V013,158.0,0.9968375050168408
2026-06-01,2026-06-01 11:23:27,V013,158.0,1.0955388172921119
2026-06-01,2026-06-01 11:23:28,V013,158.0,0.9310203907307727
2026-06-01,2026-06-01 11:23:29,V013,158.0,1.034418800801017
2026-06-01,2026-06-01 11:23:30,V013,158.0,1.0211293649535735
2026-06-01,2026-06-01 11:23:31,V013,157.0,0.9849777970604401
2026-06-01,2026-06-01 11:23:32,V013,157.0,1.0104477887381111
2026-06-01,2026-06-01 11:23:33,V013,157.0,1.0541260264214225
2026-06-01,2026-06-01 11:23:34,V013,157.0,1.0457149395148757
2026-06-01,2026-06-01 11:23:35,V013,158.0,1.0051536830505439
2026-06-01,2026-06-01 11:23:36,V013,159.0,0.9919178373494547
2026-06-01,2026-06-01 11:23:37,V013,160.0,1.0058354266194227
2026-06-01,2026-06-01 11:23:38,V013,161.0,0.99498234704919
2026-06-01,2026-06-01 11:23:39,V013,161.0,1.0081299604175653
2026-06-01,2026-06-01 11:23:40,V013,162.0,1.0398599711671594
2026-06-01,2026-06-01 11:23:41,V013,163.0,1.0373727630529925
2026-06-01,2026-06-01 11:23:42,V013,163.0,1.0237186463537737
2026-06-01,2026-06-01 11:23:43,V013,163.0,1.0737552373269068
2026-06-01,2026-06-01 11:23:44,V013,164.0,0.9725785070625089
2026-06-01,2026-06-01 11:23:45,V013,164.0,1.0314765209025982
2026-06-01,2026-06-01 11:23:46,V013,164.0,0.9990948067147098
2026-06-01,2026-06-01 11:23:47,V013,164.0,1.006609302130364
2026-06-01,2026-06-01 11:23:48,V013,164.0,0.9925308207823841
2026-06-01,2026-06-01 11:23:49,V013,164.0,1.017691063484593
2026-06-01,2026-06-01 11:23:50,V013,164.0,1.038311117307557
2026-06-01,2026-06-01 11:23:51,V013,164.0,0.9918470438466984
2026-06-01,2026-06-01 11:23:52,V013,164.0,1.0379400633290168
2026-06-01,2026-06-01 11:23:53,V013,163.0,1.0808306520157709
2026-06-01,2026-06-01 11:23:54,V013,163.0,0.9710639229184213
2026-06-01,2026-06-01 11:23:55,V013,163.0,1.0033558856664735
2026-06-01,2026-06-01 11:23:56,V013,163.0,1.0382290860111292
2026-06-01,2026-06-01 11:23:57,V013,162.0,1.014453430676847
2026-06-01,2026-06-01 11:23:58,V013,161.0,1.0146375734913309
2026-06-01,2026-06-01 11:23:59,V013,160.0,1.0460170300152012
2026-06-01,2026-06-01 11:24:00,V013,160.0,1.0660297542348733
2026-06-01,2026-06-01 11:24:01,V013,159.0,1.0196535330360275
2026-06-01,2026-06-01 11:24:02,V013,158.0,1.0977419520007887
2026-06-01,2026-06-01 11:24:03,V013,158.0,1.005762072107584
2026-06-01,2026-06-01 11:24:04,V013,157.0,1.001651435409621
2026-06-01,2026-06-01 11:24:05,V013,157.0,1.0135824390543973
2026-06-01,2026-06-01 11:24:06,V013,156.0,1.0318023941192218
2026-06-01,2026-06-01 11:24:07,V013,155.0,0.9844604104525516
2026-06-01,2026-06-01 11:24:08,V013,155.0,0.9982782690293727
2026-06-01,2026-06-01 11:24:09,V013,154.0,0.9903841627447856
2026-06-01,2026-06-01 11:24:10,V013,153.0,1.0038762798546277
2026-06-01,2026-06-01 11:24:11,V013,152.0,1.025784224609435
2026-06-01,2026-06-01 11:24:12,V013,152.0,1.0918217840033406
2026-06-01,2026-06-01 11:24:13,V013,152.0,1.1621125394522949
2026-06-01,2026-06-01 11:24:14,V013,151.0,0.9541661807229805
2026-06-01,2026-06-01 11:24:15,V013,151.0,1.0945756526198083
2026-06-01,2026-06-01 11:24:16,V013,150.0,1.0639315972876406
2026-06-01,2026-06-01 11:24:17,V013,150.0,1.0291307740450897
2026-06-01,2026-06-01 11:24:18,V013,149.0,1.0084698418233569
2026-06-01,2026-06-01 11:24:19,V013,148.0,0.9920375009441023
2026-06-01,2026-06-01 11:24:20,V013,147.0,1.0022618072629412
2026-06-01,2026-06-01 11:24:21,V013,147.0,1.0516077362766956
2026-06-01,2026-06-01 11:24:22,V013,146.0,1.0753385502153394
2026-06-01,2026-06-01 11:24:23,V013,145.0,0.9925482198298342
2026-06-01,2026-06-01 11:24:24,V013,144.0,0.9993078736283788
2026-06-01,2026-06-01 11:24:25,V013,144.0,1.0123387833346664
2026-06-01,2026-06-01 11:24:26,V013,144.0,0.9980141768497321
2026-06-01,2026-06-01 11:24:27,V013,144.0,1.0355216375059604
2026-06-01,2026-06-01 11:24:28,V013,144.0,1.0566871604840788
2026-06-01,2026-06-01 11:24:29,V013,145.0,1.0135597070764535
2026-06-01,2026-06-01 11:24:30,V013,146.0,1.0392670079825472
2026-06-01,2026-06-01 11:24:31,V013,147.0,0.9876190674983579
2026-06-01,2026-06-01 11:24:32,V013,148.0,1.0114380078142038
2026-06-01,2026-06-01 11:24:33,V013,148.0,1.0568107454896964
2026-06-01,2026-06-01 11:24:34,V013,149.0,0.9934118297515462
2026-06-01,2026-06-01 11:24:35,V013,149.0,1.1644847467242443
2026-06-01,2026-06-01 11:24:36,V013,150.0,1.0119062886943149
2026-06-01,2026-06-01 11:24:37,V013,150.0,1.0460157467547038
2026-06-01,2026-06-01 11:24:38,V013,151.0,1.0261168011790232
2026-06-01,2026-06-01 11:24:39,V013,152.0,0.9995829490044249
2026-06-01,2026-06-01 11:24:40,V013,152.0,1.0114409600823273
2026-06-01,2026-06-01 11:24:41,V013,152.0,1.011712576756324
2026-06-01,2026-06-01 11:24:42,V013,152.0,0.9906934113226454
2026-06-01,2026-06-01 11:24:43,V013,152.0,1.0047599660648985
2026-06-01,2026-06-01 11:24:44,V013,152.0,1.0124516967131982
2026-06-01,2026-06-01 11:24:45,V013,152.0,0.9996972973072112
2026-06-01,2026-06-01 11:24:46,V013,152.0,1.0045872234809723
2026-06-01,2026-06-01 11:24:47,V013,151.0,0.9819564238669197
2026-06-01,2026-06-01 11:24:48,V013,151.0,1.0550907967667589
2026-06-01,2026-06-01 11:24:49,V013,150.0,1.0151391659013922
2026-06-01,2026-06-01 11:24:50,V013,149.0,0.9969095153852868
2026-06-01,2026-06-01 11:24:51,V013,148.0,0.9985959766144681
2026-06-01,2026-06-01 11:24:52,V013,148.0,1.0299017725857516
2026-06-01,2026-06-01 11:24:53,V013,147.0,1.0190331302560576
2026-06-01,2026-06-01 11:24:54,V013,147.0,0.9911450792986374
2026-06-01,2026-06-01 11:24:55,V013,147.0,1.0251401288179056
2026-06-01,2026-06-01 11:24:56,V013,147.0,1.006333632677186
2026-06-01,2026-06-01 11:24:57,V013,147.0,1.0077192301804767
2026-06-01,2026-06-01 11:24:58,V013,147.0,1.0249203886213423
2026-06-01,2026-06-01 11:24:59,V013,146.0,0.9918666030341858
2026-06-01,2026-06-01 11:25:00,V013,145.0,1.0424871304122587
2026-06-01,2026-06-01 11:25:01,V013,144.0,1.0242200100443875
2026-06-01,2026-06-01 11:25:02,V013,144.0,0.9817642141224702
2026-06-01,2026-06-01 11:25:03,V013,143.0,1.0180859641197364
2026-06-01,2026-06-01 11:25:04,V013,143.0,1.0189401186798481
2026-06-01,2026-06-01 11:25:05,V013,143.0,1.041357593008404
2026-06-01,2026-06-01 11:25:06,V013,143.0,0.9645401692366873
2026-06-01,2026-06-01 11:25:07,V013,143.0,1.042409625589479
2026-06-01,2026-06-01 11:25:08,V013,143.0,0.9739334329556392
2026-06-01,2026-06-01 11:25:09,V013,143.0,1.0157620131276988
2026-06-01,2026-06-01 11:25:10,V013,143.0,1.018144365654247
2026-06-01,2026-06-01 11:25:11,V013,143.0,1.0067826348385103
2026-06-01,2026-06-01 11:25:12,V013,142.0,1.0198743567118027
2026-06-01,2026-06-01 11:25:13,V013,142.0,1.0051222052059288
2026-06-01,2026-06-01 11:25:14,V013,142.0,0.9978321759009834
2026-06-01,2026-06-01 11:25:15,V013,142.0,0.9958517992050763
2026-06-01,2026-06-01 11:25:16,V013,142.0,1.00168775510694
2026-06-01,2026-06-01 11:25:17,V013,141.0,0.9994865954067693
2026-06-01,2026-06-01 11:25:18,V013,141.0,1.0060696445086497
2026-06-01,2026-06-01 11:25:19,V013,141.0,1.0275474229601687
2026-06-01,2026-06-01 11:25:20,V013,141.0,1.021556640176315
2026-06-01,2026-06-01 11:25:21,V013,140.0,1.012064265901839
2026-06-01,2026-06-01 11:25:22,V013,140.0,1.001186984638522
2026-06-01,2026-06-01 11:25:23,V013,140.0,1.002239510105384
2026-06-01,2026-06-01 11:25:24,V013,139.0,1.0269801033476804
2026-06-01,2026-06-01 11:25:25,V013,139.0,1.034857439427315
2026-06-01,2026-06-01 11:25:26,V013,139.0,0.9529082672347727
2026-06-01,2026-06-01 11:25:27,V013,138.0,1.0085927901822758
2026-06-01,2026-06-01 11:25:28,V013,137.0,1.0015213722892198
2026-06-01,2026-06-01 11:25:29,V013,137.0,1.0088813168421178
2026-06-01,2026-06-01 11:25:30,V013,136.0,1.0781757380492882
2026-06-01,2026-06-01 11:25:31,V013,136.0,0.9839375908723315
2026-06-01,2026-06-01 11:25:32,V013,136.0,1.05778188536609
2026-06-01,2026-06-01 11:25:33,V013,135.0,0.9914401666076454
2026-06-01,2026-06-01 11:25:34,V013,135.0,1.0096243521225796
2026-06-01,2026-06-01 11:25:35,V013,135.0,1.0047024260748778
2026-06-01,2026-06-01 11:25:36,V013,135.0,1.0099291507581594
2026-06-01,2026-06-01 11:25:37,V013,135.0,1.0032133666883087
2026-06-01,2026-06-01 11:25:38,V013,134.0,0.9772463027760884
2026-06-01,2026-06-01 11:25:39,V013,134.0,1.0744438590947403
2026-06-01,2026-06-01 11:25:40,V013,134.0,0.966505082420229
2026-06-01,2026-06-01 11:25:41,V013,134.0,1.0128228669844435
2026-06-01,2026-06-01 11:25:42,V013,134.0,1.0097240658337503
2026-06-01,2026-06-01 11:25:43,V013,134.0,0.9918803226863178
2026-06-01,2026-06-01 11:25:44,V013,133.0,1.0006855902084868
2026-06-01,2026-06-01 11:25:45,V013,133.0,0.9973612749320916
2026-06-01,2026-06-01 11:25:46,V013,134.0,1.0040462366488618
2026-06-01,2026-06-01 11:25:47,V013,134.0,0.9973361647439856
2026-06-01,2026-06-01 11:25:48,V013,134.0,0.9984643018487023
2026-06-01,2026-06-01 11:25:49,V013,135.0,1.000331365225433
2026-06-01,2026-06-01 11:25:50,V013,135.0,1.015158041229023
2026-06-01,2026-06-01 11:25:51,V013,135.0,0.9903508987071369
2026-06-01,2026-06-01 11:25:52,V013,135.0,1.051260498842864
2026-06-01,2026-06-01 11:25:53,V013,135.0,0.9807175653696943
2026-06-01,2026-06-01 11:25:54,V013,134.0,1.0428657108109995
2026-06-01,2026-06-01 11:25:55,V013,134.0,0.9957741139164388
2026-06-01,2026-06-01 11:25:56,V013,134.0,1.0391894764585643
2026-06-01,2026-06-01 11:25:57,V013,134.0,0.9895171780182934
2026-06-01,2026-06-01 11:25:58,V013,134.0,1.0139526680663034
2026-06-01,2026-06-01 11:25:59,V013,134.0,1.0014333955333738
2026-06-01,2026-06-01 11:26:00,V013,134.0,1.0071228801920653
2026-06-01,2026-06-01 11:26:01,V013,134.0,0.9929876470520503
2026-06-01,2026-06-01 11:26:02,V013,133.0,1.0046303921851962
2026-06-01,2026-06-01 11:26:03,V013,133.0,0.9950936581433879
2026-06-01,2026-06-01 11:26:04,V013,132.0,0.9966381051380884
2026-06-01,2026-06-01 11:26:05,V013,131.0,1.0081270527869437
2026-06-01,2026-06-01 11:26:06,V013,130.0,1.0039157704071147
2026-06-01,2026-06-01 11:26:07,V013,129.0,0.9893841735014743
2026-06-01,2026-06-01 11:26:08,V013,128.0,1.0972579751783507
2026-06-01,2026-06-01 11:26:09,V013,128.0,1.0180431379319146
2026-06-01,2026-06-01 11:26:10,V013,127.0,0.9339179888000695
2026-06-01,2026-06-01 11:26:11,V013,127.0,1.2888999051921457
2026-06-01,2026-06-01 11:26:12,V013,126.0,0.937789011135316
2026-06-01,2026-06-01 11:26:13,V013,127.0,0.9975027321590537
2026-06-01,2026-06-01 11:26:14,V013,127.0,1.0228302102546893
2026-06-01,2026-06-01 11:26:15,V013,127.0,0.9859407320869491
2026-06-01,2026-06-01 11:26:16,V013,128.0,0.9967164277996963
2026-06-01,2026-06-01 11:26:17,V013,129.0,1.0378439503769212
2026-06-01,2026-06-01 11:26:18,V013,129.0,1.0174285642784255
2026-06-01,2026-06-01 11:26:19,V013,129.0,1.0680749257603173
2026-06-01,2026-06-01 11:26:20,V013,130.0,1.1246331409225736
2026-06-01,2026-06-01 11:26:21,V013,130.0,1.046477435301728
2026-06-01,2026-06-01 11:26:22,V013,130.0,1.0158397041646767
2026-06-01,2026-06-01 11:26:23,V013,130.0,1.0325017547736917
2026-06-01,2026-06-01 11:26:24,V013,130.0,0.9955738935825542
2026-06-01,2026-06-01 11:26:25,V013,130.0,1.1348049907013213
2026-06-01,2026-06-01 11:26:26,V013,131.0,1.1187991701611082
2026-06-01,2026-06-01 11:26:27,V013,131.0,0.9821325493142784
2026-06-01,2026-06-01 11:26:28,V013,131.0,1.0383929494727793
2026-06-01,2026-06-01 11:26:29,V013,131.0,1.0015810089075725
2026-06-01,2026-06-01 11:26:30,V013,131.0,0.9859255678350101
2026-06-01,2026-06-01 11:26:31,V013,131.0,1.0859529031310147
2026-06-01,2026-06-01 11:26:32,V013,131.0,1.0251000822613474
2026-06-01,2026-06-01 11:26:33,V013,131.0,1.0216773206071512
2026-06-01,2026-06-01 11:26:34,V013,131.0,1.0176872213954784
2026-06-01,2026-06-01 11:26:35,V013,132.0,1.0389240814267025
2026-06-01,2026-06-01 11:26:36,V013,133.0,1.08593310616649
2026-06-01,2026-06-01 11:26:37,V013,134.0,1.0632449694088177
2026-06-01,2026-06-01 11:26:38,V013,135.0,1.0136607663442616
2026-06-01,2026-06-01 11:26:39,V013,135.0,1.0137525285821762
2026-06-01,2026-06-01 11:26:40,V013,136.0,0.9890214692063397
2026-06-01,2026-06-01 11:26:41,V013,136.0,1.013432886206553
2026-06-01,2026-06-01 11:26:42,V013,136.0,0.9815424479812029
2026-06-01,2026-06-01 11:26:43,V013,136.0,1.0507678532380451
2026-06-01,2026-06-01 11:26:44,V013,136.0,1.0079552075221725
2026-06-01,2026-06-01 11:26:45,V013,136.0,0.9983615452278752
2026-06-01,2026-06-01 11:26:46,V013,137.0,1.0095243564724707
2026-06-01,2026-06-01 11:26:47,V013,138.0,0.989096397546789
2026-06-01,2026-06-01 11:26:48,V013,138.0,1.031146121564459
2026-06-01,2026-06-01 11:26:49,V013,138.0,1.0055196404353768
2026-06-01,2026-06-01 11:26:50,V013,139.0,1.0121489308216178
2026-06-01,2026-06-01 11:26:51,V013,139.0,1.0191451298252219
2026-06-01,2026-06-01 11:26:52,V013,138.0,1.0266792933948976
2026-06-01,2026-06-01 11:26:53,V013,138.0,0.9933606456250181
2026-06-01,2026-06-01 11:26:54,V013,138.0,1.0227862847443294
2026-06-01,2026-06-01 11:26:55,V013,138.0,0.9941372878399377
2026-06-01,2026-06-01 11:26:56,V013,138.0,0.9922587789811584
2026-06-01,2026-06-01 11:26:57,V013,138.0,1.0021246134668862
2026-06-01,2026-06-01 11:26:58,V013,139.0,0.9986691145398942
2026-06-01,2026-06-01 11:26:59,V013,139.0,0.9891451157914766
2026-06-01,2026-06-01 11:27:00,V013,139.0,0.993872022435484
2026-06-01,2026-06-01 11:27:01,V013,139.0,1.0116987513197417
2026-06-01,2026-06-01 11:27:02,V013,139.0,0.9927090765598036
2026-06-01,2026-06-01 11:27:03,V013,139.0,1.0045142952020498
2026-06-01,2026-06-01 11:27:04,V013,139.0,0.9931759051463422
2026-06-01,2026-06-01 11:27:05,V013,140.0,0.9895551541737507
2026-06-01,2026-06-01 11:27:06,V013,140.0,1.0211974632091203
2026-06-01,2026-06-01 11:27:07,V013,141.0,1.0004379727909178
2026-06-01,2026-06-01 11:27:08,V013,142.0,1.017708008238766
2026-06-01,2026-06-01 11:27:09,V013,142.0,1.0006158059624142
2026-06-01,2026-06-01 11:27:10,V013,143.0,0.9545736350264349
2026-06-01,2026-06-01 11:27:11,V013,143.0,1.0594389883640625
2026-06-01,2026-06-01 11:27:12,V013,143.0,0.99585778727535
2026-06-01,2026-06-01 11:27:13,V013,142.0,1.0083214476921327
2026-06-01,2026-06-01 11:27:14,V013,142.0,0.9905830751799031
2026-06-01,2026-06-01 11:27:15,V013,141.0,1.009514743583662
2026-06-01,2026-06-01 11:27:16,V013,140.0,1.0126995430562762
2026-06-01,2026-06-01 11:27:17,V013,139.0,1.00546296898512
2026-06-01,2026-06-01 11:27:18,V013,138.0,1.0344475249941405
2026-06-01,2026-06-01 11:27:19,V013,137.0,1.0182155671562387
2026-06-01,2026-06-01 11:27:20,V013,137.0,0.9966190318080071
2026-06-01,2026-06-01 11:27:21,V013,136.0,0.9938057885588253
2026-06-01,2026-06-01 11:27:22,V013,135.0,0.9986355981913868
2026-06-01,2026-06-01 11:27:23,V013,134.0,0.998569789808237
2026-06-01,2026-06-01 11:27:24,V013,134.0,0.9923126897718998
2026-06-01,2026-06-01 11:27:25,V013,132.0,0.9950151722188794
2026-06-01,2026-06-01 11:27:26,V013,131.0,0.9940652529784353
2026-06-01,2026-06-01 11:27:27,V013,131.0,0.998580644024021
2026-06-01,2026-06-01 11:27:28,V013,130.0,1.0078883120086237
2026-06-01,2026-06-01 11:27:29,V013,131.0,0.9741366353451452
2026-06-01,2026-06-01 11:27:30,V013,131.0,1.0194502395058567
2026-06-01,2026-06-01 11:27:31,V013,131.0,1.0122419979629205
2026-06-01,2026-06-01 11:27:32,V013,131.0,1.0612559429669233
2026-06-01,2026-06-01 11:27:33,V013,132.0,1.0041210554968796
2026-06-01,2026-06-01 11:27:34,V013,132.0,1.0221234876413188
2026-06-01,2026-06-01 11:27:35,V013,133.0,1.0586575205917985
2026-06-01,2026-06-01 11:27:36,V013,133.0,1.0917076281519438
2026-06-01,2026-06-01 11:27:37,V013,134.0,1.0190988016790452
2026-06-01,2026-06-01 11:27:38,V013,134.0,1.0487931234578434
2026-06-01,2026-06-01 11:27:39,V013,135.0,1.0189611579646043
2026-06-01,2026-06-01 11:27:40,V013,135.0,1.0085069662497734
2026-06-01,2026-06-01 11:27:41,V013,136.0,1.0216395609885605
2026-06-01,2026-06-01 11:27:42,V013,136.0,0.9898881566326183
2026-06-01,2026-06-01 11:27:43,V013,137.0,1.0304944703195211
2026-06-01,2026-06-01 11:27:44,V013,137.0,1.0389426515091926
2026-06-01,2026-06-01 11:27:45,V013,137.0,0.9626772206358928
2026-06-01,2026-06-01 11:27:46,V013,136.0,1.0205817379536222
2026-06-01,2026-06-01 11:27:47,V013,137.0,1.0115521349004164
2026-06-01,2026-06-01 11:27:48,V013,137.0,0.9901772625079885
2026-06-01,2026-06-01 11:27:49,V013,136.0,1.0203436722772066
2026-06-01,2026-06-01 11:27:50,V013,135.0,0.991148464235598
2026-06-01,2026-06-01 11:27:51,V013,134.0,1.0989128417798573
2026-06-01,2026-06-01 11:27:52,V013,134.0,0.9293923851040735
2026-06-01,2026-06-01 11:27:53,V013,133.0,1.0159564794887543
2026-06-01,2026-06-01 11:27:54,V013,133.0,1.0202511423887592
2026-06-01,2026-06-01 11:27:55,V013,133.0,1.0044371426098113
2026-06-01,2026-06-01 11:27:56,V013,133.0,1.00296839626371
2026-06-01,2026-06-01 11:27:57,V013,132.0,1.0128688306660363
2026-06-01,2026-06-01 11:27:58,V013,132.0,0.9987885693403609
2026-06-01,2026-06-01 11:27:59,V013,131.0,0.998510886585268
2026-06-01,2026-06-01 11:28:00,V013,131.0,1.0075336497269083
2026-06-01,2026-06-01 11:28:01,V013,131.0,0.9939612991960478
2026-06-01,2026-06-01 11:28:02,V013,132.0,0.9976894040928654
2026-06-01,2026-06-01 11:28:03,V013,132.0,1.0043985369843555
2026-06-01,2026-06-01 11:28:04,V013,133.0,1.0093936038085383
2026-06-01,2026-06-01 11:28:05,V013,133.0,1.041618368343493
2026-06-01,2026-06-01 11:28:06,V013,133.0,1.0028224983072034
2026-06-01,2026-06-01 11:28:07,V013,133.0,0.9942178601229399
2026-06-01,2026-06-01 11:28:08,V013,133.0,1.0335711071491915
2026-06-01,2026-06-01 11:28:09,V013,133.0,1.0295887211597006
2026-06-01,2026-06-01 11:28:10,V013,133.0,1.0366862415676508
2026-06-01,2026-06-01 11:28:11,V013,133.0,1.0264800561250365
2026-06-01,2026-06-01 11:28:12,V013,134.0,1.0148216795861067
2026-06-01,2026-06-01 11:28:13,V013,134.0,0.9827837482550201
2026-06-01,2026-06-01 11:28:14,V013,134.0,1.004466030383941
2026-06-01,2026-06-01 11:28:15,V013,134.0,1.0114859725305738
2026-06-01,2026-06-01 11:28:16,V013,134.0,1.0384434460379377
2026-06-01,2026-06-01 11:28:17,V013,134.0,1.067065279205623
2026-06-01,2026-06-01 11:28:18,V013,134.0,1.0513295406273335
2026-06-01,2026-06-01 11:28:19,V013,134.0,1.0236131627808636
2026-06-01,2026-06-01 11:28:20,V013,134.0,1.031806139329755
2026-06-01,2026-06-01 11:28:21,V013,134.0,1.0538383636054667
2026-06-01,2026-06-01 11:28:22,V013,134.0,0.9973724364571634
2026-06-01,2026-06-01 11:28:23,V013,135.0,1.0633505733607205
2026-06-01,2026-06-01 11:28:24,V013,135.0,1.0615701549143586
2026-06-01,2026-06-01 11:28:25,V013,136.0,1.0086416686837192
2026-06-01,2026-06-01 11:28:26,V013,137.0,1.0388956342403777
2026-06-01,2026-06-01 11:28:27,V013,138.0,1.0678270409314066
2026-06-01,2026-06-01 11:28:28,V013,139.0,1.0472325599794048
2026-06-01,2026-06-01 11:28:29,V013,140.0,1.0776359904771684
2026-06-01,2026-06-01 11:28:30,V013,140.0,1.019675710281009
2026-06-01,2026-06-01 11:28:31,V013,141.0,1.0241191580566442
2026-06-01,2026-06-01 11:28:32,V013,141.0,1.0324352862506292
2026-06-01,2026-06-01 11:28:33,V013,141.0,1.0065895727298177
2026-06-01,2026-06-01 11:28:34,V013,141.0,1.103946751473062
2026-06-01,2026-06-01 11:28:35,V013,141.0,1.0405213805184303
2026-06-01,2026-06-01 11:28:36,V013,142.0,0.9858434644200763
2026-06-01,2026-06-01 11:28:37,V013,142.0,1.0165421810782675
2026-06-01,2026-06-01 11:28:38,V013,143.0,1.0392017319206415
2026-06-01,2026-06-01 11:28:39,V013,143.0,1.0229333676985668
2026-06-01,2026-06-01 11:28:40,V013,144.0,1.05113600451384
2026-06-01,2026-06-01 11:28:41,V013,144.0,1.0737937683233683
2026-06-01,2026-06-01 11:28:42,V013,145.0,1.00558694132474
2026-06-01,2026-06-01 11:28:43,V013,145.0,1.0631091386076514
2026-06-01,2026-06-01 11:28:44,V013,145.0,1.020592705260339
2026-06-01,2026-06-01 11:28:45,V013,145.0,1.0355861005177975
2026-06-01,2026-06-01 11:28:46,V013,145.0,1.079416303248486
2026-06-01,2026-06-01 11:28:47,V013,146.0,1.0967992440188983
2026-06-01,2026-06-01 11:28:48,V013,146.0,0.9958510870357555
2026-06-01,2026-06-01 11:28:49,V013,146.0,1.113264092971875
2026-06-01,2026-06-01 11:28:50,V013,146.0,1.0272397891748544
2026-06-01,2026-06-01 11:28:51,V013,147.0,1.0164947021185384
2026-06-01,2026-06-01 11:28:52,V013,147.0,1.0198321440582694
2026-06-01,2026-06-01 11:28:53,V013,148.0,1.0413369153310337
2026-06-01,2026-06-01 11:28:54,V013,149.0,1.0193798457251322
2026-06-01,2026-06-01 11:28:55,V013,149.0,1.0016413075239974
2026-06-01,2026-06-01 11:28:56,V013,150.0,1.0031133296766837
2026-06-01,2026-06-01 11:28:57,V013,151.0,1.0006674939909301
2026-06-01,2026-06-01 11:28:58,V013,151.0,0.9891840299199833
2026-06-01,2026-06-01 11:28:59,V013,152.0,1.0638374958239754
2026-06-01,2026-06-01 11:29:00,V013,152.0,1.1045644046538443
2026-06-01,2026-06-01 11:29:01,V013,152.0,1.01461079871479
2026-06-01,2026-06-01 11:29:02,V013,152.0,0.9866228561899927
2026-06-01,2026-06-01 11:29:03,V013,151.0,1.0345582329644012
2026-06-01,2026-06-01 11:29:04,V013,151.0,1.0293549457785345
2026-06-01,2026-06-01 11:29:05,V013,150.0,1.0282730661613182
2026-06-01,2026-06-01 11:29:06,V013,149.0,1.0054434547274589
2026-06-01,2026-06-01 11:29:07,V013,149.0,1.0629143675489328
2026-06-01,2026-06-01 11:29:08,V013,149.0,1.025519303892648
2026-06-01,2026-06-01 11:29:09,V013,149.0,0.9696035112076882
2026-06-01,2026-06-01 11:29:10,V013,149.0,1.10135119616123
2026-06-01,2026-06-01 11:29:11,V013,149.0,1.0145180489856376
2026-06-01,2026-06-01 11:29:12,V013,149.0,1.0094565522686334
2026-06-01,2026-06-01 11:29:13,V013,149.0,1.0426491498901764
2026-06-01,2026-06-01 11:29:14,V013,149.0,1.110541689432165
2026-06-01,2026-06-01 11:29:15,V013,148.0,1.0400786033937228
2026-06-01,2026-06-01 11:29:16,V013,148.0,1.0384349471465872
2026-06-01,2026-06-01 11:29:17,V013,146.0,1.1070892696947543
2026-06-01,2026-06-01 11:29:18,V013,145.0,1.4602961785841686
2026-06-01,2026-06-01 11:29:19,V013,144.0,1.1926517409311803
2026-06-01,2026-06-01 11:29:20,V013,144.0,1.3064962157719202
2026-06-01,2026-06-01 11:29:21,V013,143.0,1.1947939053594303
2026-06-01,2026-06-01 11:29:22,V013,143.0,1.0742608750988776
2026-06-01,2026-06-01 11:29:23,V013,144.0,1.1028650014067893
2026-06-01,2026-06-01 11:29:24,V013,144.0,0.9531336360815241
2026-06-01,2026-06-01 11:29:25,V013,145.0,1.060355929930778
2026-06-01,2026-06-01 11:29:26,V013,146.0,1.0062534967086914
2026-06-01,2026-06-01 11:29:27,V013,146.0,1.0222104443616826
2026-06-01,2026-06-01 11:29:28,V013,146.0,0.9851929298290085
2026-06-01,2026-06-01 11:29:29,V013,145.0,1.0248563172021838
2026-06-01,2026-06-01 11:29:30,V013,145.0,1.0372402143801907
2026-06-01,2026-06-01 11:29:31,V013,144.0,0.9982357389869668
2026-06-01,2026-06-01 11:29:32,V013,144.0,1.0164127042348399
2026-06-01,2026-06-01 11:29:33,V013,145.0,0.9808143783318674
2026-06-01,2026-06-01 11:29:34,V013,145.0,1.0133316676312947
2026-06-01,2026-06-01 11:29:35,V013,146.0,0.9900505932459932
2026-06-01,2026-06-01 11:29:36,V013,147.0,1.0676229086212632
2026-06-01,2026-06-01 11:29:37,V013,149.0,0.9840781231000401
2026-06-01,2026-06-01 11:29:38,V013,149.0,1.0960111043755658
2026-06-01,2026-06-01 11:29:39,V013,149.0,1.0520382131084831
2026-06-01,2026-06-01 11:29:40,V013,149.0,1.3307177119775233
2026-06-01,2026-06-01 11:29:41,V013,149.0,0.9549274806960876
2026-06-01,2026-06-01 11:29:42,V013,148.0,1.0421178949352266
2026-06-01,2026-06-01 11:29:43,V013,148.0,1.0037397395622405
2026-06-01,2026-06-01 11:29:44,V013,147.0,1.011429700195984
2026-06-01,2026-06-01 11:29:45,V013,148.0,1.010005698032342
2026-06-01,2026-06-01 11:29:46,V013,149.0,1.0198951916789039
2026-06-01,2026-06-01 11:29:47,V013,149.0,1.0209120782139056
2026-06-01,2026-06-01 11:29:48,V013,150.0,1.0050575552704422
2026-06-01,2026-06-01 11:29:49,V013,150.0,1.1461465142860519
2026-06-01,2026-06-01 11:29:50,V013,150.0,0.981412189236279
2026-06-01,2026-06-01 11:29:51,V013,151.0,1.0248307683227758
2026-06-01,2026-06-01 11:29:52,V013,151.0,1.0928542672116954
2026-06-01,2026-06-01 11:29:53,V013,151.0,1.070872469209448
2026-06-01,2026-06-01 11:29:54,V013,150.0,0.9461204911955396
2026-06-01,2026-06-01 11:29:55,V013,150.0,1.326485511936521
2026-06-01,2026-06-01 11:29:56,V013,150.0,1.0098021886098234
2026-06-01,2026-06-01 11:29:57,V013,149.0,1.0685130950687165
2026-06-01,2026-06-01 11:29:58,V013,149.0,0.9877839087319613
2026-06-01,2026-06-01 11:29:59,V013,148.0,1.1119728979555854
2026-06-01,2026-06-01 11:30:00,V013,148.0,1.0066271162550644
2026-06-01,2026-06-01 11:30:01,V013,148.0,1.1022984464775778
2026-06-01,2026-06-01 11:30:02,V013,148.0,1.0740510721494159
2026-06-01,2026-06-01 11:30:03,V013,148.0,1.0134526787764486
2026-06-01,2026-06-01 11:30:04,V013,148.0,1.0363659358582544
2026-06-01,2026-06-01 11:30:05,V013,148.0,1.0003244386948786
2026-06-01,2026-06-01 11:30:06,V013,149.0,1.0242726430398312
2026-06-01,2026-06-01 11:30:07,V013,149.0,1.04935877152822
2026-06-01,2026-06-01 11:30:08,V013,150.0,1.0640138387019358
2026-06-01,2026-06-01 11:30:09,V013,151.0,1.0500278288587002
2026-06-01,2026-06-01 11:30:10,V013,151.0,1.2841647985779505
2026-06-01,2026-06-01 11:30:11,V013,152.0,1.0525786509777681
2026-06-01,2026-06-01 11:30:12,V013,153.0,1.0197802584879732
2026-06-01,2026-06-01 11:30:13,V013,153.0,1.0401317746806193
2026-06-01,2026-06-01 11:30:14,V013,153.0,1.0073356088990562
2026-06-01,2026-06-01 11:30:15,V013,153.0,0.9996793997941844
2026-06-01,2026-06-01 11:30:16,V013,153.0,0.997744543706006
2026-06-01,2026-06-01 11:30:17,V013,152.0,1.00162624025074
2026-06-01,2026-06-01 11:30:18,V013,151.0,1.0201735301304553
2026-06-01,2026-06-01 11:30:19,V013,149.0,0.9740826111148327
2026-06-01,2026-06-01 11:30:20,V013,148.0,1.1696158248280655
2026-06-01,2026-06-01 11:30:21,V013,147.0,1.0205639936816042
2026-06-01,2026-06-01 11:30:22,V013,147.0,1.0847729382586033
2026-06-01,2026-06-01 11:30:23,V013,146.0,1.0293769704021491
2026-06-01,2026-06-01 11:30:24,V013,146.0,0.9236831958411292
2026-06-01,2026-06-01 11:30:25,V013,147.0,1.5456979512084401
2026-06-01,2026-06-01 11:30:26,V013,148.0,1.226056206637744
2026-06-01,2026-06-01 11:30:27,V013,148.0,0.9365991053788617
2026-06-01,2026-06-01 11:30:28,V013,149.0,0.9823954283873978
2026-06-01,2026-06-01 11:30:29,V013,149.0,1.0265300749272905
2026-06-01,2026-06-01 11:30:30,V013,149.0,0.9877700392117229
2026-06-01,2026-06-01 11:30:31,V013,149.0,0.9892449430292245
2026-06-01,2026-06-01 11:30:32,V013,149.0,1.0585276341721228
2026-06-01,2026-06-01 11:30:33,V013,149.0,1.0077234431659612
2026-06-01,2026-06-01 11:30:34,V013,149.0,0.9884787098152662
2026-06-01,2026-06-01 11:30:35,V013,148.0,1.0017246736810481
2026-06-01,2026-06-01 11:30:36,V013,148.0,1.0026999497886449
2026-06-01,2026-06-01 11:30:37,V013,147.0,1.008027678474982
2026-06-01,2026-06-01 11:30:38,V013,147.0,1.0093719265275636
2026-06-01,2026-06-01 11:30:39,V013,146.0,1.0210647738234107
2026-06-01,2026-06-01 11:30:40,V013,146.0,1.0505811604069555
2026-06-01,2026-06-01 11:30:41,V013,146.0,1.0216834397202625
2026-06-01,2026-06-01 11:30:42,V013,146.0,1.0043637983682696
2026-06-01,2026-06-01 11:30:43,V013,146.0,1.0052985644530903
2026-06-01,2026-06-01 11:30:44,V013,146.0,1.014623737001958
2026-06-01,2026-06-01 11:30:45,V013,147.0,0.9916462644135591
2026-06-01,2026-06-01 11:30:46,V013,147.0,0.9931496769546088
2026-06-01,2026-06-01 11:30:47,V013,148.0,1.0082112124564346
2026-06-01,2026-06-01 11:30:48,V013,148.0,0.9915195715882749
2026-06-01,2026-06-01 11:30:49,V013,149.0,0.9886254124104108
2026-06-01,2026-06-01 11:30:50,V013,149.0,0.9974827763218231
2026-06-01,2026-06-01 11:30:51,V013,149.0,0.9906531477665219
2026-06-01,2026-06-01 11:30:52,V013,149.0,0.9974538575745078
2026-06-01,2026-06-01 11:30:53,V013,149.0,1.0185120415139144
2026-06-01,2026-06-01 11:30:54,V013,149.0,0.9800728736924514
2026-06-01,2026-06-01 11:30:55,V013,148.0,1.0102301906196467
2026-06-01,2026-06-01 11:30:56,V013,148.0,0.9837154230423313
2026-06-01,2026-06-01 11:30:57,V013,148.0,1.0341454824513152
2026-06-01,2026-06-01 11:30:58,V013,148.0,1.0147528089741862
2026-06-01,2026-06-01 11:30:59,V013,148.0,1.0143399348558477
2026-06-01,2026-06-01 11:31:00,V013,147.0,0.9944976641879448
2026-06-01,2026-06-01 11:31:01,V013,147.0,0.990236354092475
2026-06-01,2026-06-01 11:31:02,V013,147.0,0.9959436829873259
2026-06-01,2026-06-01 11:31:03,V013,147.0,0.9894437358583495
2026-06-01,2026-06-01 11:31:04,V013,147.0,1.0148901113181679
2026-06-01,2026-06-01 11:31:05,V013,147.0,1.0018433669970768
2026-06-01,2026-06-01 11:31:06,V013,147.0,1.0147210876894697
2026-06-01,2026-06-01 11:31:07,V013,147.0,1.002028255540235
2026-06-01,2026-06-01 11:31:08,V013,148.0,1.0137089434679611
2026-06-01,2026-06-01 11:31:09,V013,148.0,1.0055860783432105
2026-06-01,2026-06-01 11:31:10,V013,149.0,1.0119786035749376
2026-06-01,2026-06-01 11:31:11,V013,149.0,1.0139138830133048
2026-06-01,2026-06-01 11:31:12,V013,148.0,1.005194988286252
2026-06-01,2026-06-01 11:31:13,V013,148.0,1.0007327246703694
2026-06-01,2026-06-01 11:31:14,V013,147.0,0.999549967956115
2026-06-01,2026-06-01 11:31:15,V013,146.0,1.028360290586768
2026-06-01,2026-06-01 11:31:16,V013,146.0,0.9868824053809636
2026-06-01,2026-06-01 11:31:17,V013,145.0,1.0167366691145043
2026-06-01,2026-06-01 11:31:18,V013,145.0,1.01969550072135
2026-06-01,2026-06-01 11:31:19,V013,145.0,1.0129861422630355
2026-06-01,2026-06-01 11:31:20,V013,146.0,1.0057535626646068
2026-06-01,2026-06-01 11:31:21,V013,145.0,1.0198490786529606
2026-06-01,2026-06-01 11:31:22,V013,145.0,1.0055069242658572
2026-06-01,2026-06-01 11:31:23,V013,145.0,0.9936468970756762
2026-06-01,2026-06-01 11:31:24,V013,144.0,1.0082793567628432
2026-06-01,2026-06-01 11:31:25,V013,144.0,0.9951316183480632
2026-06-01,2026-06-01 11:31:26,V013,143.0,1.0035780335599964
2026-06-01,2026-06-01 11:31:27,V013,143.0,1.0129558854497933
2026-06-01,2026-06-01 11:31:28,V013,142.0,1.014694418475418
2026-06-01,2026-06-01 11:31:29,V013,141.0,1.0069724785170016
2026-06-01,2026-06-01 11:31:30,V013,140.0,0.9982016681500289
2026-06-01,2026-06-01 11:31:31,V013,140.0,1.0174927332735344
2026-06-01,2026-06-01 11:31:32,V013,139.0,1.0025782214011265
2026-06-01,2026-06-01 11:31:33,V013,139.0,0.9882038821670156
2026-06-01,2026-06-01 11:31:34,V013,138.0,1.0747197815576932
2026-06-01,2026-06-01 11:31:35,V013,138.0,1.0275611016599762
2026-06-01,2026-06-01 11:31:36,V013,137.0,1.0197638926938681
2026-06-01,2026-06-01 11:31:37,V013,137.0,1.0163100960787865
2026-06-01,2026-06-01 11:31:38,V013,136.0,1.0476439616234923
2026-06-01,2026-06-01 11:31:39,V013,136.0,1.0019881453146227
2026-06-01,2026-06-01 11:31:40,V013,135.0,1.001572295877934
2026-06-01,2026-06-01 11:31:41,V013,136.0,1.0320370822502412
2026-06-01,2026-06-01 11:31:42,V013,136.0,1.066391217057813
2026-06-01,2026-06-01 11:31:43,V013,136.0,1.0292856259803236
2026-06-01,2026-06-01 11:31:44,V013,135.0,0.9997531555699848
2026-06-01,2026-06-01 11:31:45,V013,135.0,0.9875323343621412
2026-06-01,2026-06-01 11:31:46,V013,135.0,1.0997394006182317
2026-06-01,2026-06-01 11:31:47,V013,135.0,1.036901509448984
2026-06-01,2026-06-01 11:31:48,V013,135.0,1.0252402461773913
2026-06-01,2026-06-01 11:31:49,V013,135.0,1.316508161642993
2026-06-01,2026-06-01 11:31:50,V013,135.0,1.2918947329610437
2026-06-01,2026-06-01 11:31:51,V013,135.0,1.2861752601072192
2026-06-01,2026-06-01 11:31:52,V013,135.0,1.3639006322663003
2026-06-01,2026-06-01 11:31:53,V013,135.0,1.4485695423339564
2026-06-01,2026-06-01 11:31:54,V013,135.0,1.3519458072602455
2026-06-01,2026-06-01 11:31:55,V013,136.0,1.3583133704416603
2026-06-01,2026-06-01 11:31:56,V013,137.0,1.1783607704694687
2026-06-01,2026-06-01 11:31:57,V013,137.0,1.068200704312951
2026-06-01,2026-06-01 11:31:58,V013,136.0,1.1206264068303167
2026-06-01,2026-06-01 11:31:59,V013,135.0,1.0613199420877237
2026-06-01,2026-06-01 11:32:00,V013,134.0,1.0214794228936515
2026-06-01,2026-06-01 11:32:01,V013,132.0,1.0113439033741785
2026-06-01,2026-06-01 11:32:02,V013,131.0,1.0116762047837324
2026-06-01,2026-06-01 11:32:03,V013,130.0,1.0195806573281003
2026-06-01,2026-06-01 11:32:04,V013,130.0,1.041646602093854
2026-06-01,2026-06-01 11:32:05,V013,130.0,1.0850085957018392
2026-06-01,2026-06-01 11:32:06,V013,130.0,1.1408254131214088
2026-06-01,2026-06-01 11:32:07,V013,130.0,1.271761241133905
2026-06-01,2026-06-01 11:32:08,V013,131.0,1.0701127267309951
2026-06-01,2026-06-01 11:32:09,V013,131.0,1.0311228379597062
2026-06-01,2026-06-01 11:32:10,V013,131.0,0.9893555313240127
2026-06-01,2026-06-01 11:32:11,V013,132.0,1.0608642295783883
2026-06-01,2026-06-01 11:32:12,V013,133.0,0.9862138183017849
2026-06-01,2026-06-01 11:32:13,V013,134.0,1.028339349331849
2026-06-01,2026-06-01 11:32:14,V013,134.0,0.9958854228103732
2026-06-01,2026-06-01 11:32:15,V013,135.0,1.0033945629818326
2026-06-01,2026-06-01 11:32:16,V013,136.0,1.0119644077450332
2026-06-01,2026-06-01 11:32:17,V013,137.0,1.0202351811278616
2026-06-01,2026-06-01 11:32:18,V013,138.0,1.0124532630305982
2026-06-01,2026-06-01 11:32:19,V013,140.0,1.0068231750735692
2026-06-01,2026-06-01 11:32:20,V013,141.0,1.0678075901173119
2026-06-01,2026-06-01 11:32:21,V013,147.0,1.1065508269987148
2026-06-01,2026-06-01 11:32:22,V013,151.0,1.1232333573633155
2026-06-01,2026-06-01 11:32:23,V013,155.0,1.094799550985155
2026-06-01,2026-06-01 11:32:24,V013,158.0,0.9765756688411741
2026-06-01,2026-06-01 11:32:25,V013,160.0,1.0033934958909536
2026-06-01,2026-06-01 11:32:26,V013,161.0,1.0090492755539928
2026-06-01,2026-06-01 11:32:27,V013,162.0,1.0433786641380844
2026-06-01,2026-06-01 11:32:28,V013,163.0,1.0228726581540646
2026-06-01,2026-06-01 11:32:29,V013,163.0,0.9929924649239735
2026-06-01,2026-06-01 11:32:30,V013,163.0,0.9851983196673066
2026-06-01,2026-06-01 11:32:31,V013,165.0,1.0421571936639191
2026-06-01,2026-06-01 11:32:32,V013,165.0,1.0023415179014834
2026-06-01,2026-06-01 11:32:33,V013,165.0,1.023570202195062
2026-06-01,2026-06-01 11:32:34,V013,165.0,1.0121283788430087
2026-06-01,2026-06-01 11:32:35,V013,166.0,0.9970110410311847
2026-06-01,2026-06-01 11:32:36,V013,166.0,1.0787255185582427
2026-06-01,2026-06-01 11:32:37,V013,167.0,1.0401613458061918
2026-06-01,2026-06-01 11:32:38,V013,167.0,1.0142342791854526
2026-06-01,2026-06-01 11:32:39,V013,168.0,0.9911877733155073
2026-06-01,2026-06-01 11:32:40,V013,169.0,1.0097077600694404
2026-06-01,2026-06-01 11:32:41,V013,169.0,1.0134646221208337
2026-06-01,2026-06-01 11:32:42,V013,169.0,1.0034042199064048
2026-06-01,2026-06-01 11:32:43,V013,169.0,1.1983336401505402
2026-06-01,2026-06-01 11:32:44,V013,169.0,1.7048217035027744
2026-06-01,2026-06-01 11:32:45,V013,168.0,1.053454442829427
2026-06-01,2026-06-01 11:32:46,V013,168.0,1.4863664582929539
2026-06-01,2026-06-01 11:32:47,V013,167.0,1.182984436033964
2026-06-01,2026-06-01 11:32:48,V013,166.0,1.2335087810294023
2026-06-01,2026-06-01 11:32:49,V013,165.0,1.2066261288724534
2026-06-01,2026-06-01 11:32:50,V013,164.0,1.0970752027964568
2026-06-01,2026-06-01 11:32:51,V013,164.0,0.9988830247183464
2026-06-01,2026-06-01 11:32:52,V013,163.0,1.0046378606953046
2026-06-01,2026-06-01 11:32:53,V013,163.0,0.9840664408705232
2026-06-01,2026-06-01 11:32:54,V013,163.0,1.0444237231473121
2026-06-01,2026-06-01 11:32:55,V013,162.0,0.9981877544840565
2026-06-01,2026-06-01 11:32:56,V013,162.0,1.025945989782688
2026-06-01,2026-06-01 11:32:57,V013,161.0,1.0524936861037208
2026-06-01,2026-06-01 11:32:58,V013,160.0,1.022743652641455
2026-06-01,2026-06-01 11:32:59,V013,160.0,1.0124971542354053
2026-06-01,2026-06-01 11:33:00,V013,160.0,1.0230014430805343
2026-06-01,2026-06-01 11:33:01,V013,160.0,1.0043930861080523
2026-06-01,2026-06-01 11:33:02,V013,160.0,1.0778368476803655
2026-06-01,2026-06-01 11:33:03,V013,160.0,1.0167083290300172
2026-06-01,2026-06-01 11:33:04,V013,161.0,1.291543864169202
2026-06-01,2026-06-01 11:33:05,V013,162.0,1.2313305143346998
2026-06-01,2026-06-01 11:33:06,V013,163.0,1.243824271173052
2026-06-01,2026-06-01 11:33:07,V013,164.0,1.0523989254449992
2026-06-01,2026-06-01 11:33:08,V013,164.0,1.0642074837580262
2026-06-01,2026-06-01 11:33:09,V013,165.0,1.041516158734564
2026-06-01,2026-06-01 11:33:10,V013,166.0,1.0072438904503391
2026-06-01,2026-06-01 11:33:11,V013,166.0,1.015975423281556
2026-06-01,2026-06-01 11:33:12,V013,166.0,0.997345899589212
2026-06-01,2026-06-01 11:33:13,V013,166.0,0.9974869538271545
2026-06-01,2026-06-01 11:33:14,V013,165.0,1.0958336322060713
2026-06-01,2026-06-01 11:33:15,V013,165.0,1.0860254758830372
2026-06-01,2026-06-01 11:33:16,V013,165.0,1.1069340714925529
2026-06-01,2026-06-01 11:33:17,V013,164.0,1.032464726238248
2026-06-01,2026-06-01 11:33:18,V013,164.0,1.0599261238290736
2026-06-01,2026-06-01 11:33:19,V013,163.0,1.0949952716431346
2026-06-01,2026-06-01 11:33:20,V013,163.0,0.9879731616639361
2026-06-01,2026-06-01 11:33:21,V013,163.0,1.0425302422161624
2026-06-01,2026-06-01 11:33:22,V013,162.0,1.131337244166418
2026-06-01,2026-06-01 11:33:23,V013,162.0,1.025855280833644
2026-06-01,2026-06-01 11:33:24,V013,162.0,1.0001071028234274
2026-06-01,2026-06-01 11:33:25,V013,161.0,0.9902906035238692
2026-06-01,2026-06-01 11:33:26,V013,161.0,1.0183772024622542
2026-06-01,2026-06-01 11:33:27,V013,160.0,1.028596297817863
2026-06-01,2026-06-01 11:33:28,V013,159.0,1.0106980064182878
2026-06-01,2026-06-01 11:33:29,V013,158.0,1.0147463235903698
2026-06-01,2026-06-01 11:33:30,V013,157.0,0.9800713833997472
2026-06-01,2026-06-01 11:33:31,V013,156.0,1.0508527382288506
2026-06-01,2026-06-01 11:33:32,V013,156.0,0.990167341653706
2026-06-01,2026-06-01 11:33:33,V013,155.0,0.9910025543085574
2026-06-01,2026-06-01 11:33:34,V013,155.0,1.0091520960289146
2026-06-01,2026-06-01 11:33:35,V013,155.0,1.014743105063246
2026-06-01,2026-06-01 11:33:36,V013,155.0,0.9868739835859037
2026-06-01,2026-06-01 11:33:37,V013,154.0,1.0054978655694427
2026-06-01,2026-06-01 11:33:38,V013,154.0,0.9943655158462882
2026-06-01,2026-06-01 11:33:39,V013,154.0,1.034127197594758
2026-06-01,2026-06-01 11:33:40,V013,154.0,0.9976374217248526
2026-06-01,2026-06-01 11:33:41,V013,153.0,0.9770747448498385
2026-06-01,2026-06-01 11:33:42,V013,153.0,1.025120776749327
2026-06-01,2026-06-01 11:33:43,V013,153.0,1.0905994906051617
2026-06-01,2026-06-01 11:33:44,V013,153.0,1.1483531334240142
2026-06-01,2026-06-01 11:33:45,V013,154.0,0.9847948843665346
2026-06-01,2026-06-01 11:33:46,V013,154.0,1.0080623166040497
2026-06-01,2026-06-01 11:33:47,V013,153.0,1.0344583856285696
2026-06-01,2026-06-01 11:33:48,V013,153.0,0.993975027992876
2026-06-01,2026-06-01 11:33:49,V013,153.0,1.04060511254031
2026-06-01,2026-06-01 11:33:50,V013,152.0,0.9697103639587348
2026-06-01,2026-06-01 11:33:51,V013,152.0,1.072389899214395
2026-06-01,2026-06-01 11:33:52,V013,152.0,0.9935039617074136
2026-06-01,2026-06-01 11:33:53,V013,152.0,1.0347434622168845
2026-06-01,2026-06-01 11:33:54,V013,152.0,1.0071486230842932
2026-06-01,2026-06-01 11:33:55,V013,151.0,1.0367512208605334
2026-06-01,2026-06-01 11:33:56,V013,150.0,1.0067352718492915
2026-06-01,2026-06-01 11:33:57,V013,149.0,1.0145780829467077
2026-06-01,2026-06-01 11:33:58,V013,149.0,0.9942054105411491
2026-06-01,2026-06-01 11:33:59,V013,148.0,1.0111440629508253
2026-06-01,2026-06-01 11:34:00,V013,147.0,1.0877523560194842
2026-06-01,2026-06-01 11:34:01,V013,147.0,1.1012444807863557
2026-06-01,2026-06-01 11:34:02,V013,147.0,1.0442738207331448
2026-06-01,2026-06-01 11:34:03,V013,147.0,1.0207852984702663
2026-06-01,2026-06-01 11:34:04,V013,148.0,0.995708695177861
2026-06-01,2026-06-01 11:34:05,V013,148.0,1.009713289365384
2026-06-01,2026-06-01 11:34:06,V013,149.0,1.0423326050487103
2026-06-01,2026-06-01 11:34:07,V013,149.0,1.0304227488549966
2026-06-01,2026-06-01 11:34:08,V013,150.0,1.0607507640336429
2026-06-01,2026-06-01 11:34:09,V013,150.0,1.4800356097276004
2026-06-01,2026-06-01 11:34:10,V013,150.0,1.4138930543378099
2026-06-01,2026-06-01 11:34:11,V013,150.0,1.3226940518698014
2026-06-01,2026-06-01 11:34:12,V013,150.0,1.1433189158812167
2026-06-01,2026-06-01 11:34:13,V013,150.0,1.28054255932108
2026-06-01,2026-06-01 11:34:14,V013,151.0,1.2318770994535992
2026-06-01,2026-06-01 11:34:15,V013,152.0,1.0598382257335046
2026-06-01,2026-06-01 11:34:16,V013,152.0,1.0347904969561879
2026-06-01,2026-06-01 11:34:17,V013,153.0,0.9913291299416271
2026-06-01,2026-06-01 11:34:18,V013,154.0,0.9842054298828835
2026-06-01,2026-06-01 11:34:19,V013,155.0,1.0077543450519526
2026-06-01,2026-06-01 11:34:20,V013,156.0,1.0719182373795624
2026-06-01,2026-06-01 11:34:21,V013,156.0,1.1368875553070807
2026-06-01,2026-06-01 11:34:22,V013,156.0,1.0132541700682045
2026-06-01,2026-06-01 11:34:23,V013,155.0,1.0367211823978126
2026-06-01,2026-06-01 11:34:24,V013,155.0,1.0084939387073377
2026-06-01,2026-06-01 11:34:25,V013,154.0,1.0179456152027644
2026-06-01,2026-06-01 11:34:26,V013,154.0,1.0561018443945005
2026-06-01,2026-06-01 11:34:27,V013,154.0,1.001565200091004
2026-06-01,2026-06-01 11:34:28,V013,154.0,1.0038145156148088
2026-06-01,2026-06-01 11:34:29,V013,154.0,1.4585009314969364
2026-06-01,2026-06-01 11:34:30,V013,153.0,1.2928155728370971
2026-06-01,2026-06-01 11:34:31,V013,153.0,1.0541760364530717
2026-06-01,2026-06-01 11:34:32,V013,153.0,1.6480677162721389
2026-06-01,2026-06-01 11:34:33,V013,154.0,1.2163628674646376
2026-06-01,2026-06-01 11:34:34,V013,154.0,1.047322908748267
2026-06-01,2026-06-01 11:34:35,V013,154.0,1.0440711552573894
2026-06-01,2026-06-01 11:34:36,V013,154.0,0.9774932386967222
2026-06-01,2026-06-01 11:34:37,V013,155.0,1.0007774135801701
2026-06-01,2026-06-01 11:34:38,V013,156.0,1.0117434125766487
2026-06-01,2026-06-01 11:34:39,V013,156.0,0.9996655166240469
2026-06-01,2026-06-01 11:34:40,V013,156.0,0.9732565220685826
2026-06-01,2026-06-01 11:34:41,V013,155.0,1.0519972154869472
2026-06-01,2026-06-01 11:34:42,V013,155.0,0.9973452201135479
2026-06-01,2026-06-01 11:34:43,V013,154.0,0.9932030807016525
2026-06-01,2026-06-01 11:34:44,V013,153.0,1.0082790718987389
2026-06-01,2026-06-01 11:34:45,V013,153.0,1.0211309016312349
2026-06-01,2026-06-01 11:34:46,V013,152.0,1.0154644054888171
2026-06-01,2026-06-01 11:34:47,V013,152.0,1.0019842578871476
2026-06-01,2026-06-01 11:34:48,V013,152.0,1.0066988245553852
2026-06-01,2026-06-01 11:34:49,V013,152.0,0.9961491363667205
2026-06-01,2026-06-01 11:34:50,V013,152.0,1.0834194032274336
2026-06-01,2026-06-01 11:34:51,V013,153.0,1.0015467501707918
2026-06-01,2026-06-01 11:34:52,V013,153.0,0.9647892162427637
2026-06-01,2026-06-01 11:34:53,V013,152.0,1.0091735329259397
2026-06-01,2026-06-01 11:34:54,V013,151.0,0.997718798000393
2026-06-01,2026-06-01 11:34:55,V013,151.0,1.0234565861813008
2026-06-01,2026-06-01 11:34:56,V013,150.0,1.0030369822661078
2026-06-01,2026-06-01 11:34:57,V013,149.0,1.0264747684870352
2026-06-01,2026-06-01 11:34:58,V013,149.0,1.0298290593434138
2026-06-01,2026-06-01 11:34:59,V013,148.0,1.022799735577264
2026-06-01,2026-06-01 11:35:00,V013,147.0,1.0324915299072537
2026-06-01,2026-06-01 11:35:01,V013,146.0,1.0366092072138846
2026-06-01,2026-06-01 11:35:02,V013,145.0,1.0505924680091392
2026-06-01,2026-06-01 11:35:03,V013,145.0,1.0239519528583114
2026-06-01,2026-06-01 11:35:04,V013,144.0,0.9507694221431294
2026-06-01,2026-06-01 11:35:05,V013,143.0,1.1347120461147517
2026-06-01,2026-06-01 11:35:06,V013,143.0,1.0068293443531722
2026-06-01,2026-06-01 11:35:07,V013,143.0,0.9953010840433725
2026-06-01,2026-06-01 11:35:08,V013,142.0,0.9924798296747983
2026-06-01,2026-06-01 11:35:09,V013,142.0,0.9899073375181999
2026-06-01,2026-06-01 11:35:10,V013,142.0,0.9949853091886399
2026-06-01,2026-06-01 11:35:11,V013,142.0,0.9981939146058861
2026-06-01,2026-06-01 11:35:12,V013,142.0,0.9998786774041023
2026-06-01,2026-06-01 11:35:13,V013,141.0,0.9976670763351402
2026-06-01,2026-06-01 11:35:14,V013,141.0,0.9911512340318199
2026-06-01,2026-06-01 11:35:15,V013,140.0,0.9970396431773257
2026-06-01,2026-06-01 11:35:16,V013,139.0,0.997640620471006
2026-06-01,2026-06-01 11:35:17,V013,138.0,1.021169675284136
2026-06-01,2026-06-01 11:35:18,V013,137.0,0.9360689550707053
2026-06-01,2026-06-01 11:35:19,V013,136.0,1.1168172467984963
2026-06-01,2026-06-01 11:35:20,V013,135.0,0.9772079875534428
2026-06-01,2026-06-01 11:35:21,V013,135.0,1.009640127719317
2026-06-01,2026-06-01 11:35:22,V013,135.0,1.000136565192887
2026-06-01,2026-06-01 11:35:23,V013,136.0,1.009695881505552
2026-06-01,2026-06-01 11:35:24,V013,137.0,0.9894034137432409
2026-06-01,2026-06-01 11:35:25,V013,138.0,1.003769359088075
2026-06-01,2026-06-01 11:35:26,V013,139.0,1.0426102328342952
2026-06-01,2026-06-01 11:35:27,V013,139.0,0.9882732011954612
2026-06-01,2026-06-01 11:35:28,V013,140.0,1.0046961397038674
2026-06-01,2026-06-01 11:35:29,V013,140.0,1.0488108248414596
2026-06-01,2026-06-01 11:35:30,V013,140.0,1.03600176117541
2026-06-01,2026-06-01 11:35:31,V013,140.0,1.1335442326876208
2026-06-01,2026-06-01 11:35:32,V013,139.0,1.1078207995810605
2026-06-01,2026-06-01 11:35:33,V013,139.0,1.0642388416377795
2026-06-01,2026-06-01 11:35:34,V013,138.0,0.9999080696071998
2026-06-01,2026-06-01 11:35:35,V013,137.0,1.0052050164499677
2026-06-01,2026-06-01 11:35:36,V013,136.0,1.0044855949249043
2026-06-01,2026-06-01 11:35:37,V013,135.0,1.0087609435379419
2026-06-01,2026-06-01 11:35:38,V013,134.0,0.9868641357069455
2026-06-01,2026-06-01 11:35:39,V013,134.0,1.0196119758543096
2026-06-01,2026-06-01 11:35:40,V013,133.0,1.0314640547773695
2026-06-01,2026-06-01 11:35:41,V013,133.0,1.0168273146950804
2026-06-01,2026-06-01 11:35:42,V013,132.0,1.019698234331262
2026-06-01,2026-06-01 11:35:43,V013,132.0,1.019172729028633
2026-06-01,2026-06-01 11:35:44,V013,132.0,1.0271065631531333
2026-06-01,2026-06-01 11:35:45,V013,133.0,0.998677205706781
2026-06-01,2026-06-01 11:35:46,V013,133.0,1.0216112423030888
2026-06-01,2026-06-01 11:35:47,V013,134.0,0.9908458393361451
2026-06-01,2026-06-01 11:35:48,V013,135.0,1.0055450116249167
2026-06-01,2026-06-01 11:35:49,V013,135.0,1.0030519596131342
2026-06-01,2026-06-01 11:35:50,V013,136.0,0.9866333832302863
2026-06-01,2026-06-01 11:35:51,V013,137.0,1.0077906947945217
2026-06-01,2026-06-01 11:35:52,V013,137.0,0.9900155368312296
2026-06-01,2026-06-01 11:35:53,V013,138.0,1.001201754204251
2026-06-01,2026-06-01 11:35:54,V013,138.0,0.9878588525042761
2026-06-01,2026-06-01 11:35:55,V013,138.0,1.0075895209141006
2026-06-01,2026-06-01 11:35:56,V013,139.0,0.9899490257134616
2026-06-01,2026-06-01 11:35:57,V013,139.0,0.9990927177151426
2026-06-01,2026-06-01 11:35:58,V013,139.0,0.9854948638230036
2026-06-01,2026-06-01 11:35:59,V013,140.0,0.9865368473114093
2026-06-01,2026-06-01 11:36:00,V013,141.0,0.9928894449681018
2026-06-01,2026-06-01 11:36:01,V013,141.0,0.990941610859448
2026-06-01,2026-06-01 11:36:02,V013,142.0,1.0278896304044804
2026-06-01,2026-06-01 11:36:03,V013,141.0,0.9878801220997229
2026-06-01,2026-06-01 11:36:04,V013,139.0,0.9945862947191136
2026-06-01,2026-06-01 11:36:05,V013,138.0,0.9957739313584891
2026-06-01,2026-06-01 11:36:06,V013,137.0,1.0046351876706883
2026-06-01,2026-06-01 11:36:07,V013,136.0,0.998742127301563
2026-06-01,2026-06-01 11:36:08,V013,135.0,0.9895223977968939
2026-06-01,2026-06-01 11:36:09,V013,135.0,1.0122269708483973
2026-06-01,2026-06-01 11:36:10,V013,134.0,1.002752157901252
2026-06-01,2026-06-01 11:36:11,V013,134.0,0.9974160223777168
2026-06-01,2026-06-01 11:36:12,V013,134.0,0.9917056658147445
2026-06-01,2026-06-01 11:36:13,V013,133.0,0.9997892818662183
2026-06-01,2026-06-01 11:36:14,V013,133.0,0.9969566921620102
2026-06-01,2026-06-01 11:36:15,V013,132.0,0.9947502362529415
2026-06-01,2026-06-01 11:36:16,V013,132.0,0.9898668023006122
2026-06-01,2026-06-01 11:36:17,V013,132.0,0.9996803519362024
2026-06-01,2026-06-01 11:36:18,V013,132.0,1.0032457058495177
2026-06-01,2026-06-01 11:36:19,V013,133.0,1.0045916683863034
2026-06-01,2026-06-01 11:36:20,V013,134.0,1.0051823780657543
2026-06-01,2026-06-01 11:36:21,V013,135.0,0.9986704340272786
2026-06-01,2026-06-01 11:36:22,V013,136.0,1.0012501461531518
2026-06-01,2026-06-01 11:36:23,V013,137.0,1.0049518136575444
2026-06-01,2026-06-01 11:36:24,V013,137.0,0.9925405323008578
2026-06-01,2026-06-01 11:36:25,V013,138.0,1.0107472091152776
2026-06-01,2026-06-01 11:36:26,V013,138.0,0.9843580334445239
2026-06-01,2026-06-01 11:36:27,V013,138.0,1.01115705939975
2026-06-01,2026-06-01 11:36:28,V013,138.0,1.0177689068964662
2026-06-01,2026-06-01 11:36:29,V013,138.0,0.9993786837507262
2026-06-01,2026-06-01 11:36:30,V013,138.0,1.0040267218443095
2026-06-01,2026-06-01 11:36:31,V013,137.0,1.0004992012526612
2026-06-01,2026-06-01 11:36:32,V013,137.0,1.007845248353015
2026-06-01,2026-06-01 11:36:33,V013,136.0,1.0016718138650689
2026-06-01,2026-06-01 11:36:34,V013,136.0,0.9948667786720787
2026-06-01,2026-06-01 11:36:35,V013,135.0,1.0040124150066148
2026-06-01,2026-06-01 11:36:36,V013,135.0,1.001857968066167
2026-06-01,2026-06-01 11:36:37,V013,135.0,1.0093424503369577
2026-06-01,2026-06-01 11:36:38,V013,135.0,1.000880440942907
2026-06-01,2026-06-01 11:36:39,V013,134.0,1.0175929340971102
2026-06-01,2026-06-01 11:36:40,V013,134.0,1.0129193762263324
2026-06-01,2026-06-01 11:36:41,V013,133.0,1.0126322896530175
2026-06-01,2026-06-01 11:36:42,V013,132.0,1.0240977145243992
2026-06-01,2026-06-01 11:36:43,V013,132.0,1.00247593956299
2026-06-01,2026-06-01 11:36:44,V013,131.0,1.007952119518699
2026-06-01,2026-06-01 11:36:45,V013,130.0,1.0062892592174695
2026-06-01,2026-06-01 11:36:46,V013,130.0,1.0070224370275531
2026-06-01,2026-06-01 11:36:47,V013,130.0,1.0019889954035694
2026-06-01,2026-06-01 11:36:48,V013,129.0,0.9916082188769181
2026-06-01,2026-06-01 11:36:49,V013,130.0,0.9991093149088571
2026-06-01,2026-06-01 11:36:50,V013,130.0,1.0012915292076978
2026-06-01,2026-06-01 11:36:51,V013,131.0,0.9916395969414353
2026-06-01,2026-06-01 11:36:52,V013,131.0,0.9925797062614864
2026-06-01,2026-06-01 11:36:53,V013,131.0,0.9958425017009149
2026-06-01,2026-06-01 11:36:54,V013,131.0,0.9914314080585571
2026-06-01,2026-06-01 11:36:55,V013,132.0,1.0009160284804726
2026-06-01,2026-06-01 11:36:56,V013,132.0,0.9731486936539536
2026-06-01,2026-06-01 11:36:57,V013,133.0,1.0153993408830626
2026-06-01,2026-06-01 11:36:58,V013,134.0,0.9914459658743537
2026-06-01,2026-06-01 11:36:59,V013,134.0,1.001117985219115
2026-06-01,2026-06-01 11:37:00,V013,135.0,0.990822575766037
2026-06-01,2026-06-01 11:37:01,V013,136.0,1.0052798822627598
2026-06-01,2026-06-01 11:37:02,V013,136.0,0.9863180017386762
2026-06-01,2026-06-01 11:37:03,V013,135.0,1.0088192858518972
2026-06-01,2026-06-01 11:37:04,V013,135.0,1.0028353317304375
2026-06-01,2026-06-01 11:37:05,V013,134.0,0.9808959355377151
2026-06-01,2026-06-01 11:37:06,V013,134.0,1.015645012362861
2026-06-01,2026-06-01 11:37:07,V013,133.0,1.0083081952885333
2026-06-01,2026-06-01 11:37:08,V013,133.0,1.0146480966248015
2026-06-01,2026-06-01 11:37:09,V013,132.0,1.003174309333059
2026-06-01,2026-06-01 11:37:10,V013,132.0,1.0072911048164026
2026-06-01,2026-06-01 11:37:11,V013,131.0,0.9980001749658807
2026-06-01,2026-06-01 11:37:12,V013,130.0,1.002845242408055
2026-06-01,2026-06-01 11:37:13,V013,130.0,0.9948466312776822
2026-06-01,2026-06-01 11:37:14,V013,129.0,1.0076806949555206
2026-06-01,2026-06-01 11:37:15,V013,129.0,1.0234441282960258
2026-06-01,2026-06-01 11:37:16,V013,129.0,0.9754771841853855
2026-06-01,2026-06-01 11:37:17,V013,129.0,1.0359155462742469
2026-06-01,2026-06-01 11:37:18,V013,130.0,0.9897434831613035
2026-06-01,2026-06-01 11:37:19,V013,130.0,0.9894361306048641
2026-06-01,2026-06-01 11:37:20,V013,130.0,1.0113068881654956
2026-06-01,2026-06-01 11:37:21,V013,131.0,0.9872553779860846
2026-06-01,2026-06-01 11:37:22,V013,131.0,0.9874371775295494
2026-06-01,2026-06-01 11:37:23,V013,131.0,1.015295550245404
2026-06-01,2026-06-01 11:37:24,V013,131.0,0.9969349515396112
2026-06-01,2026-06-01 11:37:25,V013,131.0,0.9862823132660141
2026-06-01,2026-06-01 11:37:26,V013,131.0,1.0255004734538427
2026-06-01,2026-06-01 11:37:27,V013,131.0,1.0416926273336866
2026-06-01,2026-06-01 11:37:28,V013,131.0,1.0179970171781285
2026-06-01,2026-06-01 11:37:29,V013,130.0,1.0004780256699721
2026-06-01,2026-06-01 11:37:30,V013,129.0,1.0106982897474326
2026-06-01,2026-06-01 11:37:31,V013,128.0,0.9996669208388581
2026-06-01,2026-06-01 11:37:32,V013,127.0,1.020009914113513
2026-06-01,2026-06-01 11:37:33,V013,127.0,1.0340005186698844
2026-06-01,2026-06-01 11:37:34,V013,128.0,1.0273497999802623
2026-06-01,2026-06-01 11:37:35,V013,127.0,0.9925615539186042
2026-06-01,2026-06-01 11:37:36,V013,127.0,1.0201996960841926
2026-06-01,2026-06-01 11:37:37,V013,127.0,0.9837935323324308
2026-06-01,2026-06-01 11:37:38,V013,127.0,1.0206730887545772
2026-06-01,2026-06-01 11:37:39,V013,127.0,0.9945686265424483
2026-06-01,2026-06-01 11:37:40,V013,127.0,0.9953472982029211
2026-06-01,2026-06-01 11:37:41,V013,126.0,1.0158370994277803
2026-06-01,2026-06-01 11:37:42,V013,126.0,0.9936333041781061
2026-06-01,2026-06-01 11:37:43,V013,126.0,1.0007698526090754
2026-06-01,2026-06-01 11:37:44,V013,126.0,1.017637232263519
2026-06-01,2026-06-01 11:37:45,V013,126.0,1.0010736043037196
2026-06-01,2026-06-01 11:37:46,V013,127.0,1.002328970661774
2026-06-01,2026-06-01 11:37:47,V013,127.0,1.0147552844722565
2026-06-01,2026-06-01 11:37:48,V013,128.0,1.0569963812992134
2026-06-01,2026-06-01 11:37:49,V013,128.0,1.0301817221907503
2026-06-01,2026-06-01 11:37:50,V013,129.0,1.0793829817928737
2026-06-01,2026-06-01 11:37:51,V013,129.0,1.0263138500228328
2026-06-01,2026-06-01 11:37:52,V013,129.0,0.9907264705291396
2026-06-01,2026-06-01 11:37:53,V013,129.0,1.0118908068010908
2026-06-01,2026-06-01 11:37:54,V013,130.0,0.9881153294303213
2026-06-01,2026-06-01 11:37:55,V013,130.0,0.9957211377600714
2026-06-01,2026-06-01 11:37:56,V013,130.0,0.9926730728444788
2026-06-01,2026-06-01 11:37:57,V013,130.0,0.9939435869689849
2026-06-01,2026-06-01 11:37:58,V013,131.0,0.9872861414164392
2026-06-01,2026-06-01 11:37:59,V013,131.0,0.9858300617919943
2026-06-01,2026-06-01 11:38:00,V013,130.0,1.0036023861519967
2026-06-01,2026-06-01 11:38:01,V013,130.0,1.002178773663128
2026-06-01,2026-06-01 11:38:02,V013,129.0,1.0063922599166062
2026-06-01,2026-06-01 11:38:03,V013,128.0,0.9736831141207665
2026-06-01,2026-06-01 11:38:04,V013,127.0,1.0189055252147505
2026-06-01,2026-06-01 11:38:05,V013,127.0,0.9964520199125447
2026-06-01,2026-06-01 11:38:06,V013,126.0,0.9921140386479397
2026-06-01,2026-06-01 11:38:07,V013,126.0,1.0008321442411905
2026-06-01,2026-06-01 11:38:08,V013,125.0,0.9845312284148516
2026-06-01,2026-06-01 11:38:09,V013,125.0,1.0011615546092185
2026-06-01,2026-06-01 11:38:10,V013,125.0,1.0004562921554336
2026-06-01,2026-06-01 11:38:11,V013,125.0,1.0435318864673093
2026-06-01,2026-06-01 11:38:12,V013,124.0,1.0048822630250054
2026-06-01,2026-06-01 11:38:13,V013,124.0,1.0193537600880278
2026-06-01,2026-06-01 11:38:14,V013,123.0,1.0793344053003358
2026-06-01,2026-06-01 11:38:15,V013,123.0,0.9877613564298291
2026-06-01,2026-06-01 11:38:16,V013,123.0,0.9978822472069437
2026-06-01,2026-06-01 11:38:17,V013,123.0,0.9918676576251484
2026-06-01,2026-06-01 11:38:18,V013,124.0,0.9845796095469731
2026-06-01,2026-06-01 11:38:19,V013,125.0,1.0169166336949207
2026-06-01,2026-06-01 11:38:20,V013,125.0,0.9799808776645044
2026-06-01,2026-06-01 11:38:21,V013,125.0,1.0541257824910661
2026-06-01,2026-06-01 11:38:22,V013,125.0,0.9861480223364935
2026-06-01,2026-06-01 11:38:23,V013,125.0,1.0538787097436781
2026-06-01,2026-06-01 11:38:24,V013,125.0,1.0080254559849384
2026-06-01,2026-06-01 11:38:25,V013,125.0,1.001661748224817
2026-06-01,2026-06-01 11:38:26,V013,125.0,1.033697055386628
2026-06-01,2026-06-01 11:38:27,V013,125.0,1.1090715616834126
2026-06-01,2026-06-01 11:38:28,V013,125.0,1.1120652787381915
2026-06-01,2026-06-01 11:38:29,V013,125.0,1.084397297939087
2026-06-01,2026-06-01 11:38:30,V013,125.0,1.0873278833157165
2026-06-01,2026-06-01 11:38:31,V013,125.0,1.0740554738632522
2026-06-01,2026-06-01 11:38:32,V013,125.0,1.0515198890998656
2026-06-01,2026-06-01 11:38:33,V013,125.0,0.990296956241146
2026-06-01,2026-06-01 11:38:34,V013,125.0,1.0920223253538672
2026-06-01,2026-06-01 11:38:35,V013,125.0,1.0682308784579229
2026-06-01,2026-06-01 11:38:36,V013,125.0,1.076973337587335
2026-06-01,2026-06-01 11:38:37,V013,125.0,1.0674016872291197
2026-06-01,2026-06-01 11:38:38,V013,125.0,0.9906059187186931
2026-06-01,2026-06-01 11:38:39,V013,125.0,1.0191304185228125
2026-06-01,2026-06-01 11:38:40,V013,125.0,1.1217230856503786
2026-06-01,2026-06-01 11:38:41,V013,125.0,1.0974601658128116
2026-06-01,2026-06-01 11:38:42,V013,125.0,1.0860458882001007
2026-06-01,2026-06-01 11:38:43,V013,126.0,1.1216245220366658
2026-06-01,2026-06-01 11:38:44,V013,126.0,1.0723272952213398
2026-06-01,2026-06-01 11:38:45,V013,125.0,1.0146670319451405
2026-06-01,2026-06-01 11:38:46,V013,125.0,0.9985328239074521
2026-06-01,2026-06-01 11:38:47,V013,124.0,0.9969632482041659
2026-06-01,2026-06-01 11:38:48,V013,124.0,1.00105086707943
2026-06-01,2026-06-01 11:38:49,V013,123.0,1.004357611477168
2026-06-01,2026-06-01 11:38:50,V013,122.0,0.9921358475124665
2026-06-01,2026-06-01 11:38:51,V013,122.0,1.0100888289930443
2026-06-01,2026-06-01 11:38:52,V013,121.0,0.9887877458823117
2026-06-01,2026-06-01 11:38:53,V013,121.0,0.9915347094327454
2026-06-01,2026-06-01 11:38:54,V013,120.0,0.9916154726318801
2026-06-01,2026-06-01 11:38:55,V013,120.0,0.9958374121136019
2026-06-01,2026-06-01 11:38:56,V013,119.0,0.9965684203925842
2026-06-01,2026-06-01 11:38:57,V013,119.0,0.9874828425502266
2026-06-01,2026-06-01 11:38:58,V013,119.0,1.0014768631236814
2026-06-01,2026-06-01 11:38:59,V013,118.0,0.9962301732317101
2026-06-01,2026-06-01 11:39:00,V013,118.0,0.9991573024830863
2026-06-01,2026-06-01 11:39:01,V013,117.0,1.003139355103339
2026-06-01,2026-06-01 11:39:02,V013,117.0,1.0020093995745927
2026-06-01,2026-06-01 11:39:03,V013,118.0,0.9986243843372543
2026-06-01,2026-06-01 11:39:04,V013,119.0,0.9969782690918201
2026-06-01,2026-06-01 11:39:05,V013,119.0,1.0030302734819732
2026-06-01,2026-06-01 11:39:06,V013,120.0,1.0007131035283245
2026-06-01,2026-06-01 11:39:07,V013,120.0,0.9987222169991686
2026-06-01,2026-06-01 11:39:08,V013,121.0,1.005464230267355
2026-06-01,2026-06-01 11:39:09,V013,121.0,0.9986834672243292
2026-06-01,2026-06-01 11:39:10,V013,121.0,0.988718352969501
2026-06-01,2026-06-01 11:39:11,V013,121.0,0.9826831728485409
2026-06-01,2026-06-01 11:39:12,V013,121.0,1.0153409735066545
2026-06-01,2026-06-01 11:39:13,V013,121.0,1.0109040255018495
2026-06-01,2026-06-01 11:39:14,V013,122.0,0.9985903346282925
2026-06-01,2026-06-01 11:39:15,V013,122.0,1.0178679061738862
2026-06-01,2026-06-01 11:39:16,V013,122.0,1.0213624439929856
2026-06-01,2026-06-01 11:39:17,V013,122.0,1.0285870538269237
2026-06-01,2026-06-01 11:39:18,V013,122.0,1.0131516564908323
2026-06-01,2026-06-01 11:39:19,V013,122.0,1.009508711247271
2026-06-01,2026-06-01 11:39:20,V013,122.0,0.991855909925318
2026-06-01,2026-06-01 11:39:21,V013,121.0,1.0128957913808827
2026-06-01,2026-06-01 11:39:22,V013,121.0,1.0034659309227543
2026-06-01,2026-06-01 11:39:23,V013,120.0,1.0114701633895833
2026-06-01,2026-06-01 11:39:24,V013,119.0,1.0009184500494643
2026-06-01,2026-06-01 11:39:25,V013,118.0,1.0168382623223067
2026-06-01,2026-06-01 11:39:26,V013,118.0,1.0080501197711917
2026-06-01,2026-06-01 11:39:27,V013,118.0,0.9905363581643861
2026-06-01,2026-06-01 11:39:28,V013,117.0,0.9961349374909458
2026-06-01,2026-06-01 11:39:29,V013,117.0,0.9871727370979747
2026-06-01,2026-06-01 11:39:30,V013,117.0,1.0063049149924626
2026-06-01,2026-06-01 11:39:31,V013,118.0,0.9874324239031887
2026-06-01,2026-06-01 11:39:32,V013,118.0,1.0018606338845197
2026-06-01,2026-06-01 11:39:33,V013,118.0,0.9978975357819024
2026-06-01,2026-06-01 11:39:34,V013,119.0,0.9868658839842012
2026-06-01,2026-06-01 11:39:35,V013,119.0,1.0027415162049504
2026-06-01,2026-06-01 11:39:36,V013,120.0,1.0062283893559951
2026-06-01,2026-06-01 11:39:37,V013,120.0,1.0114735496888447
2026-06-01,2026-06-01 11:39:38,V013,120.0,1.005663925798248
2026-06-01,2026-06-01 11:39:39,V013,121.0,1.0027382745011917
2026-06-01,2026-06-01 11:39:40,V013,121.0,0.9994678119046287
2026-06-01,2026-06-01 11:39:41,V013,121.0,0.9958328699553678
2026-06-01,2026-06-01 11:39:42,V013,121.0,1.0138874678161356
2026-06-01,2026-06-01 11:39:43,V013,122.0,0.9939687045054658
2026-06-01,2026-06-01 11:39:44,V013,122.0,1.000786383440805
2026-06-01,2026-06-01 11:39:45,V013,123.0,0.9951582174735815
2026-06-01,2026-06-01 11:39:46,V013,124.0,0.9920502344400385
2026-06-01,2026-06-01 11:39:47,V013,123.0,1.0001508237808627
2026-06-01,2026-06-01 11:39:48,V013,122.0,0.9991101781190349
2026-06-01,2026-06-01 11:39:49,V013,122.0,0.9910959771956644
2026-06-01,2026-06-01 11:39:50,V013,122.0,1.0098852025934812
2026-06-01,2026-06-01 11:39:51,V013,122.0,0.9838887979250195
2026-06-01,2026-06-01 11:39:52,V013,122.0,0.9929173842959238
2026-06-01,2026-06-01 11:39:53,V013,121.0,1.0164308600736864
2026-06-01,2026-06-01 11:39:54,V013,120.0,0.9785864359004829
2026-06-01,2026-06-01 11:39:55,V013,121.0,0.9936446697089991
2026-06-01,2026-06-01 11:39:56,V013,121.0,1.0290715669978872
2026-06-01,2026-06-01 11:39:57,V013,122.0,0.9837908528347201
2026-06-01,2026-06-01 11:39:58,V013,122.0,1.0235170961524727
2026-06-01,2026-06-01 11:39:59,V013,122.0,1.0079037925160679
2026-06-01,2026-06-01 11:40:00,V013,122.0,0.9873131774792555
2026-06-01,2026-06-01 11:40:01,V013,122.0,1.012186891416823
2026-06-01,2026-06-01 11:40:02,V013,121.0,0.9904074680280838
2026-06-01,2026-06-01 11:40:03,V013,120.0,1.008852215014921
2026-06-01,2026-06-01 11:40:04,V013,120.0,0.9845542914461355
2026-06-01,2026-06-01 11:40:05,V013,119.0,1.0036638064675725
2026-06-01,2026-06-01 11:40:06,V013,118.0,1.00278520625471
2026-06-01,2026-06-01 11:40:07,V013,117.0,0.9956811259554478
2026-06-01,2026-06-01 11:40:08,V013,116.0,1.0093677307505913
2026-06-01,2026-06-01 11:40:09,V013,116.0,0.9832872298398767
2026-06-01,2026-06-01 11:40:10,V013,116.0,1.0009743573411871
2026-06-01,2026-06-01 11:40:11,V013,116.0,0.9950691776230751
2026-06-01,2026-06-01 11:40:12,V013,116.0,1.0088168733042477
2026-06-01,2026-06-01 11:40:13,V013,116.0,0.9959051488966196
2026-06-01,2026-06-01 11:40:14,V013,116.0,0.9891978320633678
2026-06-01,2026-06-01 11:40:15,V013,116.0,0.991694471009552
2026-06-01,2026-06-01 11:40:16,V013,116.0,0.9907468668797758
2026-06-01,2026-06-01 11:40:17,V013,116.0,1.021053708328008
2026-06-01,2026-06-01 11:40:18,V013,116.0,1.0030827044587347
2026-06-01,2026-06-01 11:40:19,V013,115.0,1.0109079174931512
2026-06-01,2026-06-01 11:40:20,V013,115.0,1.0225462794893296
2026-06-01,2026-06-01 11:40:21,V013,115.0,1.0326145535541238
2026-06-01,2026-06-01 11:40:22,V013,115.0,1.0196009564498227
2026-06-01,2026-06-01 11:40:23,V013,115.0,0.9934154275385467
2026-06-01,2026-06-01 11:40:24,V013,115.0,1.0121540392967394
2026-06-01,2026-06-01 11:40:25,V013,115.0,0.9980804309752724
2026-06-01,2026-06-01 11:40:26,V013,115.0,1.0078932866029942
2026-06-01,2026-06-01 11:40:27,V013,115.0,1.0067082504131315
2026-06-01,2026-06-01 11:40:28,V013,115.0,1.0077912982411763
2026-06-01,2026-06-01 11:40:29,V013,115.0,1.005048594181673
2026-06-01,2026-06-01 11:40:30,V013,116.0,0.9896706025449015
2026-06-01,2026-06-01 11:40:31,V013,116.0,1.0090285646969706
2026-06-01,2026-06-01 11:40:32,V013,117.0,0.9938751042909643
2026-06-01,2026-06-01 11:40:33,V013,117.0,0.9905127947143825
2026-06-01,2026-06-01 11:40:34,V013,118.0,0.9909785422242987
2026-06-01,2026-06-01 11:40:35,V013,118.0,0.9960518320386501
2026-06-01,2026-06-01 11:40:36,V013,118.0,0.9907797837733596
2026-06-01,2026-06-01 11:40:37,V013,118.0,1.0025429582426968
2026-06-01,2026-06-01 11:40:38,V013,118.0,1.0134401402155544
2026-06-01,2026-06-01 11:40:39,V013,118.0,1.0005020718757809
2026-06-01,2026-06-01 11:40:40,V013,118.0,1.0256995169204037
2026-06-01,2026-06-01 11:40:41,V013,118.0,1.0014911465648404
2026-06-01,2026-06-01 11:40:42,V013,118.0,1.0034850230199905
2026-06-01,2026-06-01 11:40:43,V013,118.0,0.9864626120720058
2026-06-01,2026-06-01 11:40:44,V013,118.0,1.021116509916237
2026-06-01,2026-06-01 11:40:45,V013,118.0,0.9987029144387057
2026-06-01,2026-06-01 11:40:46,V013,118.0,0.997964959501341
2026-06-01,2026-06-01 11:40:47,V013,118.0,0.9885691645711675
2026-06-01,2026-06-01 11:40:48,V013,117.0,1.0062219648495563
2026-06-01,2026-06-01 11:40:49,V013,117.0,0.988833776642403
2026-06-01,2026-06-01 11:40:50,V013,116.0,1.0005318321495642
2026-06-01,2026-06-01 11:40:51,V013,116.0,1.0087860078419324
2026-06-01,2026-06-01 11:40:52,V013,116.0,1.0042337665858767
2026-06-01,2026-06-01 11:40:53,V013,115.0,1.0276635030966321
2026-06-01,2026-06-01 11:40:54,V013,115.0,0.9954822771780697
2026-06-01,2026-06-01 11:40:55,V013,115.0,0.9692489249424853
2026-06-01,2026-06-01 11:40:56,V013,115.0,1.041592832266451
2026-06-01,2026-06-01 11:40:57,V013,115.0,0.987518773332279
2026-06-01,2026-06-01 11:40:58,V013,115.0,1.0153282879324728
2026-06-01,2026-06-01 11:40:59,V013,115.0,1.0179688203518809
2026-06-01,2026-06-01 11:41:00,V013,114.0,0.9953988753506625
2026-06-01,2026-06-01 11:41:01,V013,114.0,1.0004823813966033
2026-06-01,2026-06-01 11:41:02,V013,114.0,1.0206896193538326
2026-06-01,2026-06-01 11:41:03,V013,114.0,0.9864001562581153
2026-06-01,2026-06-01 11:41:04,V013,114.0,1.0219982671491574
2026-06-01,2026-06-01 11:41:05,V013,114.0,1.005736761958477
2026-06-01,2026-06-01 11:41:06,V013,113.0,1.0035230900480356
2026-06-01,2026-06-01 11:41:07,V013,113.0,0.999667715352902
2026-06-01,2026-06-01 11:41:08,V013,113.0,1.0020835009328022
2026-06-01,2026-06-01 11:41:09,V013,113.0,1.0181648508545391
2026-06-01,2026-06-01 11:41:10,V013,113.0,0.9945828494041471
2026-06-01,2026-06-01 11:41:11,V013,113.0,1.0128920717056036
2026-06-01,2026-06-01 11:41:12,V013,113.0,1.0057069226763617
2026-06-01,2026-06-01 11:41:13,V013,113.0,1.027542834834251
2026-06-01,2026-06-01 11:41:14,V013,113.0,1.0140995478380552
2026-06-01,2026-06-01 11:41:15,V013,114.0,0.9999133535478856
2026-06-01,2026-06-01 11:41:16,V013,115.0,1.0128754151380799
2026-06-01,2026-06-01 11:41:17,V013,115.0,1.0464108724474623
2026-06-01,2026-06-01 11:41:18,V013,115.0,1.075428504276532
2026-06-01,2026-06-01 11:41:19,V013,115.0,1.0367502851138126
2026-06-01,2026-06-01 11:41:20,V013,115.0,1.0698700818354716
2026-06-01,2026-06-01 11:41:21,V013,115.0,1.021257772650868
2026-06-01,2026-06-01 11:41:22,V013,116.0,0.9855873287932844
2026-06-01,2026-06-01 11:41:23,V013,116.0,1.0093471650431443
2026-06-01,2026-06-01 11:41:24,V013,116.0,0.9941709569576731
2026-06-01,2026-06-01 11:41:25,V013,116.0,1.0190333768897564
2026-06-01,2026-06-01 11:41:26,V013,117.0,1.0090784628094538
2026-06-01,2026-06-01 11:41:27,V013,118.0,1.0093603734236294
2026-06-01,2026-06-01 11:41:28,V013,119.0,1.0034008619964903
2026-06-01,2026-06-01 11:41:29,V013,120.0,1.0084528426987078
2026-06-01,2026-06-01 11:41:30,V013,121.0,1.017870754592857
2026-06-01,2026-06-01 11:41:31,V013,123.0,0.9945750414996112
2026-06-01,2026-06-01 11:41:32,V013,124.0,1.0099454355464632
2026-06-01,2026-06-01 11:41:33,V013,125.0,1.0094306860892899
2026-06-01,2026-06-01 11:41:34,V013,125.0,1.004262233277251
2026-06-01,2026-06-01 11:41:35,V013,126.0,0.9972775233155954
2026-06-01,2026-06-01 11:41:36,V013,126.0,1.022038588283043
2026-06-01,2026-06-01 11:41:37,V013,126.0,0.9985847523110366
2026-06-01,2026-06-01 11:41:38,V013,126.0,1.0154570754763916
2026-06-01,2026-06-01 11:41:39,V013,127.0,1.0229272855646852
2026-06-01,2026-06-01 11:41:40,V013,127.0,1.0057898905769025
2026-06-01,2026-06-01 11:41:41,V013,127.0,1.0016333618590127
2026-06-01,2026-06-01 11:41:42,V013,127.0,1.021829490860141
2026-06-01,2026-06-01 11:41:43,V013,127.0,1.1060274187207415
2026-06-01,2026-06-01 11:41:44,V013,126.0,1.00635583282139
2026-06-01,2026-06-01 11:41:45,V013,126.0,0.9945182826190944
2026-06-01,2026-06-01 11:41:46,V013,125.0,0.9845282563862373
2026-06-01,2026-06-01 11:41:47,V013,125.0,0.9979873690727509
2026-06-01,2026-06-01 11:41:48,V013,124.0,0.9900353793706151
2026-06-01,2026-06-01 11:41:49,V013,124.0,0.9953912049043817
2026-06-01,2026-06-01 11:41:50,V013,124.0,0.9876610266842538
2026-06-01,2026-06-01 11:41:51,V013,124.0,0.9981832513035912
2026-06-01,2026-06-01 11:41:52,V013,124.0,0.990546710219027
2026-06-01,2026-06-01 11:41:53,V013,124.0,0.9886154728663225
2026-06-01,2026-06-01 11:41:54,V013,124.0,0.9990908295224586
2026-06-01,2026-06-01 11:41:55,V013,124.0,0.997708389017893
2026-06-01,2026-06-01 11:41:56,V013,123.0,0.9907508904952942
2026-06-01,2026-06-01 11:41:57,V013,123.0,0.9890717761792739
2026-06-01,2026-06-01 11:41:58,V013,123.0,0.9879044696073885
2026-06-01,2026-06-01 11:41:59,V013,122.0,0.9932384153628985
2026-06-01,2026-06-01 11:42:00,V013,122.0,0.9947375825147098
2026-06-01,2026-06-01 11:42:01,V013,122.0,0.9848844765274697
2026-06-01,2026-06-01 11:42:02,V013,122.0,0.990253419229261
2026-06-01,2026-06-01 11:42:03,V013,121.0,1.0312975645566587
2026-06-01,2026-06-01 11:42:04,V013,121.0,0.9780824712368354
2026-06-01,2026-06-01 11:42:05,V013,121.0,0.9979226490060735
2026-06-01,2026-06-01 11:42:06,V013,122.0,0.9908303323290765
2026-06-01,2026-06-01 11:42:07,V013,122.0,0.9965860451004235
2026-06-01,2026-06-01 11:42:08,V013,123.0,0.9897413229218919
2026-06-01,2026-06-01 11:42:09,V013,122.0,0.9961877405745381
2026-06-01,2026-06-01 11:42:10,V013,121.0,0.9919363437392759
2026-06-01,2026-06-01 11:42:11,V013,121.0,0.9925836711082687
2026-06-01,2026-06-01 11:42:12,V013,121.0,0.9941463603072538
2026-06-01,2026-06-01 11:42:13,V013,120.0,0.9845148797706469
2026-06-01,2026-06-01 11:42:14,V013,120.0,0.9906875737109151
2026-06-01,2026-06-01 11:42:15,V013,120.0,0.993571676262854
2026-06-01,2026-06-01 11:42:16,V013,120.0,0.9965312403109347
2026-06-01,2026-06-01 11:42:17,V013,120.0,0.9835538489998524
2026-06-01,2026-06-01 11:42:18,V013,120.0,0.992560184099547
2026-06-01,2026-06-01 11:42:19,V013,119.0,0.9906802502836343
2026-06-01,2026-06-01 11:42:20,V013,119.0,0.9950328952619945
2026-06-01,2026-06-01 11:42:21,V013,118.0,0.9862662727874837
2026-06-01,2026-06-01 11:42:22,V013,118.0,0.9954170201463242
2026-06-01,2026-06-01 11:42:23,V013,118.0,0.99445803560938
2026-06-01,2026-06-01 11:42:24,V013,118.0,1.000005598821682
2026-06-01,2026-06-01 11:42:25,V013,117.0,1.0264403529043569
2026-06-01,2026-06-01 11:42:26,V013,117.0,1.0172308701913586
2026-06-01,2026-06-01 11:42:27,V013,117.0,1.0381292677343008
2026-06-01,2026-06-01 11:42:28,V013,117.0,1.0069277396217637
2026-06-01,2026-06-01 11:42:29,V013,117.0,0.9968247804122176
2026-06-01,2026-06-01 11:42:30,V013,117.0,0.9961330516971193
2026-06-01,2026-06-01 11:42:31,V013,118.0,1.0223763922321267
2026-06-01,2026-06-01 11:42:32,V013,119.0,1.0072924909636114
2026-06-01,2026-06-01 11:42:33,V013,119.0,0.9835680017316776
2026-06-01,2026-06-01 11:42:34,V013,119.0,1.0063958751341315
2026-06-01,2026-06-01 11:42:35,V013,119.0,0.9923507400944958
2026-06-01,2026-06-01 11:42:36,V013,120.0,0.9881415409251199
2026-06-01,2026-06-01 11:42:37,V013,120.0,0.9899518898915849
2026-06-01,2026-06-01 11:42:38,V013,120.0,0.9780054335503181
2026-06-01,2026-06-01 11:42:39,V013,120.0,0.9837780204293318
2026-06-01,2026-06-01 11:42:40,V013,119.0,1.0025225144233916
2026-06-01,2026-06-01 11:42:41,V013,119.0,1.067454111029522
2026-06-01,2026-06-01 11:42:42,V013,119.0,1.0024162175482187
2026-06-01,2026-06-01 11:42:43,V013,119.0,1.0026221035569705
2026-06-01,2026-06-01 11:42:44,V013,119.0,0.9844658662418999
2026-06-01,2026-06-01 11:42:45,V013,119.0,1.0201739662101612
2026-06-01,2026-06-01 11:42:46,V013,119.0,1.0775278721237074
2026-06-01,2026-06-01 11:42:47,V013,119.0,1.020099964901486
2026-06-01,2026-06-01 11:42:48,V013,119.0,1.1042374339608527
2026-06-01,2026-06-01 11:42:49,V013,119.0,0.9928583480641088
2026-06-01,2026-06-01 11:42:50,V013,120.0,1.0279891561385972
2026-06-01,2026-06-01 11:42:51,V013,120.0,1.0251854259902744
2026-06-01,2026-06-01 11:42:52,V013,121.0,1.3047026374247914
2026-06-01,2026-06-01 11:42:53,V013,122.0,1.141280126350493
2026-06-01,2026-06-01 11:42:54,V013,122.0,1.3120541743882141
2026-06-01,2026-06-01 11:42:55,V013,122.0,1.1472226133963195
2026-06-01,2026-06-01 11:42:56,V013,122.0,1.3283204691618022
2026-06-01,2026-06-01 11:42:57,V013,122.0,1.181557897155228
2026-06-01,2026-06-01 11:42:58,V013,121.0,1.046294605271235
2026-06-01,2026-06-01 11:42:59,V013,121.0,1.0212465806111723
2026-06-01,2026-06-01 11:43:00,V013,120.0,1.0225958631539036
2026-06-01,2026-06-01 11:43:01,V013,120.0,1.193763076658085
2026-06-01,2026-06-01 11:43:02,V013,120.0,1.1574390733694062
2026-06-01,2026-06-01 11:43:03,V013,121.0,1.0722557423946946
2026-06-01,2026-06-01 11:43:04,V013,122.0,1.0179059815479796
2026-06-01,2026-06-01 11:43:05,V013,122.0,1.1692088206238953
2026-06-01,2026-06-01 11:43:06,V013,123.0,1.0629422040446102
2026-06-01,2026-06-01 11:43:07,V013,123.0,1.051255297057952
2026-06-01,2026-06-01 11:43:08,V013,122.0,1.0025162822953104
2026-06-01,2026-06-01 11:43:09,V013,122.0,1.0986335582522853
2026-06-01,2026-06-01 11:43:10,V013,122.0,1.0417036876300116
2026-06-01,2026-06-01 11:43:11,V013,123.0,1.017472930551383
2026-06-01,2026-06-01 11:43:12,V013,124.0,0.9986169832770131
2026-06-01,2026-06-01 11:43:13,V013,124.0,1.1083742407961346
2026-06-01,2026-06-01 11:43:14,V013,125.0,1.1147251626082006
2026-06-01,2026-06-01 11:43:15,V013,125.0,1.0132632794466716
2026-06-01,2026-06-01 11:43:16,V013,125.0,1.0275881330610022
2026-06-01,2026-06-01 11:43:17,V013,126.0,1.0770078098783915
2026-06-01,2026-06-01 11:43:18,V013,126.0,1.0283810001539795
2026-06-01,2026-06-01 11:43:19,V013,126.0,1.0074310369558954
2026-06-01,2026-06-01 11:43:20,V013,126.0,1.0466984446467216
2026-06-01,2026-06-01 11:43:21,V013,126.0,1.0332124867144241
2026-06-01,2026-06-01 11:43:22,V013,126.0,1.0465899700943118
2026-06-01,2026-06-01 11:43:23,V013,126.0,1.0491143968627408
2026-06-01,2026-06-01 11:43:24,V013,126.0,0.9809191174873318
2026-06-01,2026-06-01 11:43:25,V013,125.0,1.3086294011644037
2026-06-01,2026-06-01 11:43:26,V013,125.0,1.0231898542905256
2026-06-01,2026-06-01 11:43:27,V013,125.0,1.0222425625214786
2026-06-01,2026-06-01 11:43:28,V013,125.0,1.0018794596842926
2026-06-01,2026-06-01 11:43:29,V013,124.0,1.0121253971652646
2026-06-01,2026-06-01 11:43:30,V013,124.0,1.0174597558248868
2026-06-01,2026-06-01 11:43:31,V013,124.0,1.0240197231810897
2026-06-01,2026-06-01 11:43:32,V013,124.0,1.031621646442159
2026-06-01,2026-06-01 11:43:33,V013,124.0,1.023040359629352
2026-06-01,2026-06-01 11:43:34,V013,124.0,1.050078391051863
2026-06-01,2026-06-01 11:43:35,V013,124.0,1.0214126872067095
2026-06-01,2026-06-01 11:43:36,V013,124.0,0.9840095532358001
2026-06-01,2026-06-01 11:43:37,V013,124.0,1.0480527317723767
2026-06-01,2026-06-01 11:43:38,V013,125.0,1.0622272788298728
2026-06-01,2026-06-01 11:43:39,V013,125.0,1.0000652572642157
2026-06-01,2026-06-01 11:43:40,V013,125.0,0.9862155481776503
2026-06-01,2026-06-01 11:43:41,V013,125.0,1.0191440718597413
2026-06-01,2026-06-01 11:43:42,V013,124.0,1.0779640605192342
2026-06-01,2026-06-01 11:43:43,V013,123.0,1.0247446416382446
2026-06-01,2026-06-01 11:43:44,V013,123.0,1.0167668981173408
2026-06-01,2026-06-01 11:43:45,V013,124.0,1.021551994015289
2026-06-01,2026-06-01 11:43:46,V013,124.0,1.0217630695603501
2026-06-01,2026-06-01 11:43:47,V013,125.0,1.0169504453095914
2026-06-01,2026-06-01 11:43:48,V013,126.0,1.0205608006775098
2026-06-01,2026-06-01 11:43:49,V013,126.0,1.0259345277570755
2026-06-01,2026-06-01 11:43:50,V013,127.0,1.0172156008706712
2026-06-01,2026-06-01 11:43:51,V013,127.0,1.0174928558852785
2026-06-01,2026-06-01 11:43:52,V013,128.0,1.0192329543814502
2026-06-01,2026-06-01 11:43:53,V013,128.0,1.0179205761801
2026-06-01,2026-06-01 11:43:54,V013,128.0,1.0220954869497212
2026-06-01,2026-06-01 11:43:55,V013,129.0,1.0278821612955389
2026-06-01,2026-06-01 11:43:56,V013,130.0,1.0225597474725974
2026-06-01,2026-06-01 11:43:57,V013,130.0,1.025361486770954
2026-06-01,2026-06-01 11:43:58,V013,129.0,1.0444080254939252
2026-06-01,2026-06-01 11:43:59,V013,129.0,1.017815877826229
2026-06-01,2026-06-01 11:44:00,V013,128.0,1.0216555075486786
2026-06-01,2026-06-01 11:44:01,V013,127.0,1.0172806928303886
2026-06-01,2026-06-01 11:44:02,V013,126.0,1.0166750893932655
2026-06-01,2026-06-01 11:44:03,V013,125.0,1.0182436118967078
2026-06-01,2026-06-01 11:44:04,V013,124.0,1.0197598773923164
2026-06-01,2026-06-01 11:44:05,V013,120.0,1.027966231983578
2026-06-01,2026-06-01 11:44:06,V013,118.0,1.026808843839297
2026-06-01,2026-06-01 11:44:07,V013,118.0,1.0123917495951835
2026-06-01,2026-06-01 11:44:08,V013,118.0,1.0254026534692198
2026-06-01,2026-06-01 11:44:09,V013,118.0,1.024251830581238
2026-06-01,2026-06-01 11:44:10,V013,118.0,1.0192304308232158
2026-06-01,2026-06-01 11:44:11,V013,118.0,1.0207789242461502
2026-06-01,2026-06-01 11:44:12,V013,118.0,1.0250582603383631
2026-06-01,2026-06-01 11:44:13,V013,118.0,1.0201033721019894
2026-06-01,2026-06-01 11:44:14,V013,118.0,1.0231815459245723
2026-06-01,2026-06-01 11:44:15,V013,117.0,1.0281292275589138
2026-06-01,2026-06-01 11:44:16,V013,117.0,1.0220549149478682
2026-06-01,2026-06-01 11:44:17,V013,117.0,1.0208990921775787
2026-06-01,2026-06-01 11:44:18,V013,116.0,1.0232980079918002
2026-06-01,2026-06-01 11:44:19,V013,116.0,1.0206926831304668
2026-06-01,2026-06-01 11:44:20,V013,116.0,1.0215019902508011
2026-06-01,2026-06-01 11:44:21,V013,116.0,1.0184554767364804
2026-06-01,2026-06-01 11:44:22,V013,116.0,1.0201619124655152
2026-06-01,2026-06-01 11:44:23,V013,116.0,1.0187096769842805
2026-06-01,2026-06-01 11:44:24,V013,116.0,1.020228197999189
2026-06-01,2026-06-01 11:44:25,V013,116.0,1.0214654331250643
2026-06-01,2026-06-01 11:44:26,V013,117.0,1.0198283230143896
2026-06-01,2026-06-01 11:44:27,V013,117.0,1.0267122377194788
2026-06-01,2026-06-01 11:44:28,V013,117.0,1.0194855075639329
2026-06-01,2026-06-01 11:44:29,V013,117.0,1.0197857081463753
2026-06-01,2026-06-01 11:44:30,V013,117.0,1.0210140319345644
2026-06-01,2026-06-01 11:44:31,V013,117.0,1.018455786832892
2026-06-01,2026-06-01 11:44:32,V013,117.0,1.0196736167489657
2026-06-01,2026-06-01 11:44:33,V013,116.0,1.0215219243424216
2026-06-01,2026-06-01 11:44:34,V013,116.0,1.0190584492878516
2026-06-01,2026-06-01 11:44:35,V013,116.0,1.0184004558819841
2026-06-01,2026-06-01 11:44:36,V013,116.0,1.0173553569990645
2026-06-01,2026-06-01 11:44:37,V013,116.0,1.014049378826608
2026-06-01,2026-06-01 11:44:38,V013,116.0,1.0234841365181395
2026-06-01,2026-06-01 11:44:39,V013,116.0,1.0279287513793969
2026-06-01,2026-06-01 11:44:40,V013,116.0,1.0195053144089856
2026-06-01,2026-06-01 11:44:41,V013,115.0,1.020299867914622
2026-06-01,2026-06-01 11:44:42,V013,115.0,1.0197675642427115
2026-06-01,2026-06-01 11:44:43,V013,,1.0317134941606925
