Date,Timestamp,SensorID,HeartRate,AccNorm
2026-06-01,2026-06-01 10:40:00,V019,111.0,1.1275038708903458
2026-06-01,2026-06-01 10:40:01,V019,111.0,1.4972500486547093
2026-06-01,2026-06-01 10:40:02,V019,111.0,1.2623984308491978
2026-06-01,2026-06-01 10:40:03,V019,111.0,1.4837832587410575
2026-06-01,2026-06-01 10:40:04,V019,111.0,1.1359587276336254
2026-06-01,2026-06-01 10:40:05,V019,112.0,1.3010564862134155
2026-06-01,2026-06-01 10:40:06,V019,112.0,1.082009165358268
2026-06-01,2026-06-01 10:40:07,V019,113.0,1.2683717242969155
2026-06-01,2026-06-01 10:40:08,V019,113.0,1.057526627107691
2026-06-01,2026-06-01 10:40:09,V019,114.0,1.0796370470764731
2026-06-01,2026-06-01 10:40:10,V019,115.0,0.9989203407268032
2026-06-01,2026-06-01 10:40:11,V019,116.0,1.0152348668850792
2026-06-01,2026-06-01 10:40:12,V019,118.0,1.0143006532268113
2026-06-01,2026-06-01 10:40:13,V019,120.0,0.9918271013252056
2026-06-01,2026-06-01 10:40:14,V019,120.0,1.0358754241756818
2026-06-01,2026-06-01 10:40:15,V019,120.0,1.0614554620681418
2026-06-01,2026-06-01 10:40:16,V019,121.0,1.151335612963479
2026-06-01,2026-06-01 10:40:17,V019,121.0,1.082727521913583
2026-06-01,2026-06-01 10:40:18,V019,121.0,1.2506469670594342
2026-06-01,2026-06-01 10:40:19,V019,121.0,1.0391171163615758
2026-06-01,2026-06-01 10:40:20,V019,121.0,1.1607060722264113
2026-06-01,2026-06-01 10:40:21,V019,122.0,1.012802896202416
2026-06-01,2026-06-01 10:40:22,V019,122.0,1.1162954038865107
2026-06-01,2026-06-01 10:40:23,V019,122.0,1.083624803054787
2026-06-01,2026-06-01 10:40:24,V019,121.0,1.050592786758957
2026-06-01,2026-06-01 10:40:25,V019,122.0,1.0728418947224734
2026-06-01,2026-06-01 10:40:26,V019,122.0,1.079539209972812
2026-06-01,2026-06-01 10:40:27,V019,122.0,1.0103675284708533
2026-06-01,2026-06-01 10:40:28,V019,122.0,0.977890928594432
2026-06-01,2026-06-01 10:40:29,V019,122.0,1.0554612654597846
2026-06-01,2026-06-01 10:40:30,V019,122.0,1.0487966582185133
2026-06-01,2026-06-01 10:40:31,V019,122.0,1.0275199192657132
2026-06-01,2026-06-01 10:40:32,V019,123.0,1.5054199622237132
2026-06-01,2026-06-01 10:40:33,V019,123.0,1.4260173559484886
2026-06-01,2026-06-01 10:40:34,V019,123.0,1.521987592976768
2026-06-01,2026-06-01 10:40:35,V019,123.0,1.1717361624192557
2026-06-01,2026-06-01 10:40:36,V019,124.0,1.0215493535560378
2026-06-01,2026-06-01 10:40:37,V019,124.0,0.9799459358248493
2026-06-01,2026-06-01 10:40:38,V019,124.0,1.0324774330350808
2026-06-01,2026-06-01 10:40:39,V019,125.0,0.9649638437889067
2026-06-01,2026-06-01 10:40:40,V019,125.0,1.2827463835626292
2026-06-01,2026-06-01 10:40:41,V019,126.0,1.0859163124699427
2026-06-01,2026-06-01 10:40:42,V019,127.0,1.3041605413509234
2026-06-01,2026-06-01 10:40:43,V019,127.0,1.0648722427260133
2026-06-01,2026-06-01 10:40:44,V019,127.0,1.2813792535520796
2026-06-01,2026-06-01 10:40:45,V019,128.0,1.1030315440428955
2026-06-01,2026-06-01 10:40:46,V019,128.0,1.2511328570040585
2026-06-01,2026-06-01 10:40:47,V019,128.0,1.0450113151096239
2026-06-01,2026-06-01 10:40:48,V019,128.0,1.0852056977452114
2026-06-01,2026-06-01 10:40:49,V019,128.0,1.0857591235377133
2026-06-01,2026-06-01 10:40:50,V019,128.0,1.055261593203797
2026-06-01,2026-06-01 10:40:51,V019,129.0,1.018562893948698
2026-06-01,2026-06-01 10:40:52,V019,129.0,1.0658315872057182
2026-06-01,2026-06-01 10:40:53,V019,129.0,1.0679221835219759
2026-06-01,2026-06-01 10:40:54,V019,129.0,1.1942443611484084
2026-06-01,2026-06-01 10:40:55,V019,129.0,1.2422797595913235
2026-06-01,2026-06-01 10:40:56,V019,130.0,1.2288257164238472
2026-06-01,2026-06-01 10:40:57,V019,130.0,1.197305598781398
2026-06-01,2026-06-01 10:40:58,V019,130.0,1.1394830325645815
2026-06-01,2026-06-01 10:40:59,V019,130.0,1.4172182816632175
2026-06-01,2026-06-01 10:41:00,V019,130.0,1.0727642024979547
2026-06-01,2026-06-01 10:41:01,V019,130.0,0.9799861412881737
2026-06-01,2026-06-01 10:41:02,V019,130.0,1.093113945588517
2026-06-01,2026-06-01 10:41:03,V019,130.0,1.0534756176232265
2026-06-01,2026-06-01 10:41:04,V019,130.0,1.0597815929634635
2026-06-01,2026-06-01 10:41:05,V019,131.0,1.0614037932343743
2026-06-01,2026-06-01 10:41:06,V019,131.0,1.3538047941133737
2026-06-01,2026-06-01 10:41:07,V019,131.0,1.1551740289565702
2026-06-01,2026-06-01 10:41:08,V019,132.0,1.4623223498805127
2026-06-01,2026-06-01 10:41:09,V019,132.0,1.1732898993172143
2026-06-01,2026-06-01 10:41:10,V019,132.0,1.4868869925708728
2026-06-01,2026-06-01 10:41:11,V019,133.0,1.1006802842561483
2026-06-01,2026-06-01 10:41:12,V019,133.0,1.0389061710782515
2026-06-01,2026-06-01 10:41:13,V019,133.0,1.0161002337724918
2026-06-01,2026-06-01 10:41:14,V019,133.0,1.051987856990885
2026-06-01,2026-06-01 10:41:15,V019,133.0,1.0639696953529048
2026-06-01,2026-06-01 10:41:16,V019,134.0,1.06178301047157
2026-06-01,2026-06-01 10:41:17,V019,134.0,1.4085309525937255
2026-06-01,2026-06-01 10:41:18,V019,134.0,1.5335746708131772
2026-06-01,2026-06-01 10:41:19,V019,134.0,1.6951922867751401
2026-06-01,2026-06-01 10:41:20,V019,134.0,1.547194639478462
2026-06-01,2026-06-01 10:41:21,V019,135.0,1.364662573094561
2026-06-01,2026-06-01 10:41:22,V019,136.0,1.3776358719253832
2026-06-01,2026-06-01 10:41:23,V019,136.0,1.0969926380005022
2026-06-01,2026-06-01 10:41:24,V019,138.0,0.9974109100630244
2026-06-01,2026-06-01 10:41:25,V019,139.0,1.0053478296743794
2026-06-01,2026-06-01 10:41:26,V019,139.0,1.0171468593840824
2026-06-01,2026-06-01 10:41:27,V019,139.0,1.0674240726401727
2026-06-01,2026-06-01 10:41:28,V019,140.0,1.4848923495649091
2026-06-01,2026-06-01 10:41:29,V019,141.0,1.402894281622801
2026-06-01,2026-06-01 10:41:30,V019,141.0,1.32220480225408
2026-06-01,2026-06-01 10:41:31,V019,142.0,1.5114304816965993
2026-06-01,2026-06-01 10:41:32,V019,143.0,1.312273227195901
2026-06-01,2026-06-01 10:41:33,V019,143.0,1.4472955063359303
2026-06-01,2026-06-01 10:41:34,V019,143.0,1.0321490598309413
2026-06-01,2026-06-01 10:41:35,V019,142.0,1.0016890886829946
2026-06-01,2026-06-01 10:41:36,V019,141.0,1.0301174226868701
2026-06-01,2026-06-01 10:41:37,V019,141.0,1.0167074887175767
2026-06-01,2026-06-01 10:41:38,V019,140.0,1.0770751715832751
2026-06-01,2026-06-01 10:41:39,V019,140.0,1.2219649049543957
2026-06-01,2026-06-01 10:41:40,V019,139.0,1.5617960489294989
2026-06-01,2026-06-01 10:41:41,V019,139.0,1.217900641274743
2026-06-01,2026-06-01 10:41:42,V019,139.0,1.3165228055256368
2026-06-01,2026-06-01 10:41:43,V019,138.0,1.0379622795363475
2026-06-01,2026-06-01 10:41:44,V019,138.0,1.0359619621659397
2026-06-01,2026-06-01 10:41:45,V019,138.0,1.0301988650278215
2026-06-01,2026-06-01 10:41:46,V019,137.0,1.0959048482683695
2026-06-01,2026-06-01 10:41:47,V019,137.0,1.224556575320618
2026-06-01,2026-06-01 10:41:48,V019,136.0,1.4826964064009405
2026-06-01,2026-06-01 10:41:49,V019,136.0,1.2212897706612997
2026-06-01,2026-06-01 10:41:50,V019,136.0,1.2900658920864185
2026-06-01,2026-06-01 10:41:51,V019,136.0,1.4398663858069416
2026-06-01,2026-06-01 10:41:52,V019,136.0,1.1977768161350923
2026-06-01,2026-06-01 10:41:53,V019,136.0,1.1526094075560225
2026-06-01,2026-06-01 10:41:54,V019,136.0,1.0474653168841674
2026-06-01,2026-06-01 10:41:55,V019,136.0,1.0185019544192184
2026-06-01,2026-06-01 10:41:56,V019,136.0,1.0198303394982422
2026-06-01,2026-06-01 10:41:57,V019,136.0,1.0277112745223733
2026-06-01,2026-06-01 10:41:58,V019,136.0,1.2086476380931077
2026-06-01,2026-06-01 10:41:59,V019,136.0,1.4317656874592861
2026-06-01,2026-06-01 10:42:00,V019,136.0,1.2477147115847076
2026-06-01,2026-06-01 10:42:01,V019,136.0,1.176884904949721
2026-06-01,2026-06-01 10:42:02,V019,136.0,1.2704846315575478
2026-06-01,2026-06-01 10:42:03,V019,136.0,1.0464747933848033
2026-06-01,2026-06-01 10:42:04,V019,136.0,1.081353504828631
2026-06-01,2026-06-01 10:42:05,V019,135.0,1.047795539087826
2026-06-01,2026-06-01 10:42:06,V019,134.0,1.0250583096417536
2026-06-01,2026-06-01 10:42:07,V019,134.0,1.4557853147829292
2026-06-01,2026-06-01 10:42:08,V019,134.0,1.445909748825681
2026-06-01,2026-06-01 10:42:09,V019,133.0,1.3776500009436536
2026-06-01,2026-06-01 10:42:10,V019,133.0,1.5766763391923002
2026-06-01,2026-06-01 10:42:11,V019,133.0,1.3588212075728163
2026-06-01,2026-06-01 10:42:12,V019,132.0,1.1771968350416102
2026-06-01,2026-06-01 10:42:13,V019,132.0,0.9827628544155439
2026-06-01,2026-06-01 10:42:14,V019,132.0,1.0145450093216555
2026-06-01,2026-06-01 10:42:15,V019,132.0,1.0592804576934864
2026-06-01,2026-06-01 10:42:16,V019,132.0,1.1099530670244095
2026-06-01,2026-06-01 10:42:17,V019,133.0,1.335499392489012
2026-06-01,2026-06-01 10:42:18,V019,133.0,1.4730687151572741
2026-06-01,2026-06-01 10:42:19,V019,133.0,1.493706649824635
2026-06-01,2026-06-01 10:42:20,V019,133.0,1.3772290820262947
2026-06-01,2026-06-01 10:42:21,V019,134.0,1.1820746098191177
2026-06-01,2026-06-01 10:42:22,V019,134.0,1.1569161953989333
2026-06-01,2026-06-01 10:42:23,V019,135.0,1.0828803792789572
2026-06-01,2026-06-01 10:42:24,V019,135.0,1.017372954436055
2026-06-01,2026-06-01 10:42:25,V019,135.0,1.1109041693339783
2026-06-01,2026-06-01 10:42:26,V019,135.0,1.3550974967102787
2026-06-01,2026-06-01 10:42:27,V019,135.0,1.59387573738807
2026-06-01,2026-06-01 10:42:28,V019,136.0,1.5590493600949649
2026-06-01,2026-06-01 10:42:29,V019,136.0,1.3599402571898929
2026-06-01,2026-06-01 10:42:30,V019,137.0,1.2394345469796089
2026-06-01,2026-06-01 10:42:31,V019,137.0,1.03496504810211
2026-06-01,2026-06-01 10:42:32,V019,137.0,0.9979271987380779
2026-06-01,2026-06-01 10:42:33,V019,138.0,1.060733928019403
2026-06-01,2026-06-01 10:42:34,V019,139.0,1.1688642654280683
2026-06-01,2026-06-01 10:42:35,V019,139.0,1.1786834475644299
2026-06-01,2026-06-01 10:42:36,V019,139.0,1.6974009930675604
2026-06-01,2026-06-01 10:42:37,V019,140.0,1.7062026044140362
2026-06-01,2026-06-01 10:42:38,V019,139.0,1.8083069229038427
2026-06-01,2026-06-01 10:42:39,V019,139.0,1.1637224343767147
2026-06-01,2026-06-01 10:42:40,V019,139.0,1.1053967009100671
2026-06-01,2026-06-01 10:42:41,V019,138.0,1.0804768536755043
2026-06-01,2026-06-01 10:42:42,V019,137.0,1.3726013166985687
2026-06-01,2026-06-01 10:42:43,V019,137.0,1.270961609905339
2026-06-01,2026-06-01 10:42:44,V019,137.0,1.4626652752292029
2026-06-01,2026-06-01 10:42:45,V019,137.0,1.4307468062620852
2026-06-01,2026-06-01 10:42:46,V019,137.0,1.480462272899062
2026-06-01,2026-06-01 10:42:47,V019,137.0,1.1035861922458032
2026-06-01,2026-06-01 10:42:48,V019,137.0,1.0145495817231167
2026-06-01,2026-06-01 10:42:49,V019,138.0,0.9904290275155232
2026-06-01,2026-06-01 10:42:50,V019,139.0,1.168791081695836
2026-06-01,2026-06-01 10:42:51,V019,139.0,1.7642515438089608
2026-06-01,2026-06-01 10:42:52,V019,139.0,1.7313661207560822
2026-06-01,2026-06-01 10:42:53,V019,139.0,1.6392912513399804
2026-06-01,2026-06-01 10:42:54,V019,141.0,1.5928844493261198
2026-06-01,2026-06-01 10:42:55,V019,142.0,1.1383491817465161
2026-06-01,2026-06-01 10:42:56,V019,142.0,0.9514823729955153
2026-06-01,2026-06-01 10:42:57,V019,143.0,1.2976659125863679
2026-06-01,2026-06-01 10:42:58,V019,143.0,1.356641357774562
2026-06-01,2026-06-01 10:42:59,V019,144.0,1.1836450806051433
2026-06-01,2026-06-01 10:43:00,V019,144.0,1.622740174555643
2026-06-01,2026-06-01 10:43:01,V019,145.0,1.3643382648812616
2026-06-01,2026-06-01 10:43:02,V019,145.0,1.2038238640310017
2026-06-01,2026-06-01 10:43:03,V019,145.0,1.0818051320951632
2026-06-01,2026-06-01 10:43:04,V019,145.0,1.0206334352681747
2026-06-01,2026-06-01 10:43:05,V019,146.0,0.9156778083903051
2026-06-01,2026-06-01 10:43:06,V019,146.0,1.1183415281416762
2026-06-01,2026-06-01 10:43:07,V019,146.0,1.0275446809274804
2026-06-01,2026-06-01 10:43:08,V019,146.0,1.0402610505784418
2026-06-01,2026-06-01 10:43:09,V019,146.0,1.0587624458075284
2026-06-01,2026-06-01 10:43:10,V019,146.0,0.9816798243610461
2026-06-01,2026-06-01 10:43:11,V019,146.0,0.9682727239285218
2026-06-01,2026-06-01 10:43:12,V019,146.0,0.9979574314221614
2026-06-01,2026-06-01 10:43:13,V019,146.0,1.0267963199509749
2026-06-01,2026-06-01 10:43:14,V019,145.0,0.9984404631609064
2026-06-01,2026-06-01 10:43:15,V019,144.0,1.0150847459069199
2026-06-01,2026-06-01 10:43:16,V019,144.0,0.9945873269338489
2026-06-01,2026-06-01 10:43:17,V019,143.0,1.209905558398213
2026-06-01,2026-06-01 10:43:18,V019,140.0,1.388420555014837
2026-06-01,2026-06-01 10:43:19,V019,139.0,1.9736803610085911
2026-06-01,2026-06-01 10:43:20,V019,139.0,1.4357109433881443
2026-06-01,2026-06-01 10:43:21,V019,139.0,1.383157459234034
2026-06-01,2026-06-01 10:43:22,V019,139.0,1.7527913219312699
2026-06-01,2026-06-01 10:43:23,V019,138.0,1.756597471597172
2026-06-01,2026-06-01 10:43:24,V019,138.0,1.1649043955328016
2026-06-01,2026-06-01 10:43:25,V019,138.0,1.821623122843306
2026-06-01,2026-06-01 10:43:26,V019,137.0,1.899148278982752
2026-06-01,2026-06-01 10:43:27,V019,137.0,1.8854996962674697
2026-06-01,2026-06-01 10:43:28,V019,137.0,1.8213202101266797
2026-06-01,2026-06-01 10:43:29,V019,138.0,1.1529691093246548
2026-06-01,2026-06-01 10:43:30,V019,138.0,1.4103493477271651
2026-06-01,2026-06-01 10:43:31,V019,139.0,1.5090762904421178
2026-06-01,2026-06-01 10:43:32,V019,139.0,1.8375567372151844
2026-06-01,2026-06-01 10:43:33,V019,140.0,1.7636061308044553
2026-06-01,2026-06-01 10:43:34,V019,140.0,2.027726561097565
2026-06-01,2026-06-01 10:43:35,V019,141.0,1.3125967259065006
2026-06-01,2026-06-01 10:43:36,V019,141.0,1.4471852552458608
2026-06-01,2026-06-01 10:43:37,V019,141.0,1.670955725496214
2026-06-01,2026-06-01 10:43:38,V019,142.0,1.6546419849091196
2026-06-01,2026-06-01 10:43:39,V019,142.0,1.4216870356364668
2026-06-01,2026-06-01 10:43:40,V019,143.0,1.6055008325143878
2026-06-01,2026-06-01 10:43:41,V019,144.0,1.1595863656235557
2026-06-01,2026-06-01 10:43:42,V019,145.0,1.5543245510225283
2026-06-01,2026-06-01 10:43:43,V019,144.0,1.4372464273316805
2026-06-01,2026-06-01 10:43:44,V019,144.0,1.6176238955858382
2026-06-01,2026-06-01 10:43:45,V019,144.0,1.6666435609893802
2026-06-01,2026-06-01 10:43:46,V019,144.0,1.443746051610334
2026-06-01,2026-06-01 10:43:47,V019,144.0,1.0631627318511836
2026-06-01,2026-06-01 10:43:48,V019,144.0,1.052514433687877
2026-06-01,2026-06-01 10:43:49,V019,145.0,1.0551830855855733
2026-06-01,2026-06-01 10:43:50,V019,145.0,0.9587189315312984
2026-06-01,2026-06-01 10:43:51,V019,146.0,1.041054658912235
2026-06-01,2026-06-01 10:43:52,V019,146.0,0.9976673002189537
2026-06-01,2026-06-01 10:43:53,V019,146.0,0.9909134701967796
2026-06-01,2026-06-01 10:43:54,V019,146.0,1.0049747920720038
2026-06-01,2026-06-01 10:43:55,V019,147.0,1.0380473804854182
2026-06-01,2026-06-01 10:43:56,V019,147.0,1.0541949204965353
2026-06-01,2026-06-01 10:43:57,V019,148.0,1.0379603447227448
2026-06-01,2026-06-01 10:43:58,V019,148.0,1.0237180810269457
2026-06-01,2026-06-01 10:43:59,V019,149.0,1.0228702694433127
2026-06-01,2026-06-01 10:44:00,V019,151.0,1.0151183779390949
2026-06-01,2026-06-01 10:44:01,V019,152.0,1.0619775564662484
2026-06-01,2026-06-01 10:44:02,V019,152.0,1.020719321972855
2026-06-01,2026-06-01 10:44:03,V019,154.0,1.0480729355824518
2026-06-01,2026-06-01 10:44:04,V019,156.0,1.024851808302048
2026-06-01,2026-06-01 10:44:05,V019,156.0,0.9786265205416481
2026-06-01,2026-06-01 10:44:06,V019,156.0,1.0187989434032714
2026-06-01,2026-06-01 10:44:07,V019,157.0,1.0818354343988377
2026-06-01,2026-06-01 10:44:08,V019,158.0,1.0265757420953574
2026-06-01,2026-06-01 10:44:09,V019,158.0,1.0490908544732664
2026-06-01,2026-06-01 10:44:10,V019,158.0,0.9778826976279992
2026-06-01,2026-06-01 10:44:11,V019,158.0,1.0362186095732144
2026-06-01,2026-06-01 10:44:12,V019,158.0,1.026199318105552
2026-06-01,2026-06-01 10:44:13,V019,158.0,0.9813585292909036
2026-06-01,2026-06-01 10:44:14,V019,158.0,1.0234447924366354
2026-06-01,2026-06-01 10:44:15,V019,156.0,0.9909219533602547
2026-06-01,2026-06-01 10:44:16,V019,155.0,1.018618425999592
2026-06-01,2026-06-01 10:44:17,V019,154.0,0.9754267311780206
2026-06-01,2026-06-01 10:44:18,V019,153.0,1.0306726553770884
2026-06-01,2026-06-01 10:44:19,V019,152.0,0.9669222658775376
2026-06-01,2026-06-01 10:44:20,V019,151.0,1.0643680226880148
2026-06-01,2026-06-01 10:44:21,V019,149.0,1.058723697318033
2026-06-01,2026-06-01 10:44:22,V019,149.0,0.9829357173658553
2026-06-01,2026-06-01 10:44:23,V019,149.0,0.9845930004805175
2026-06-01,2026-06-01 10:44:24,V019,148.0,1.0361903567883382
2026-06-01,2026-06-01 10:44:25,V019,147.0,0.9743416070057758
2026-06-01,2026-06-01 10:44:26,V019,147.0,1.02498397926013
2026-06-01,2026-06-01 10:44:27,V019,147.0,0.9607479821565493
2026-06-01,2026-06-01 10:44:28,V019,146.0,1.0295294765986016
2026-06-01,2026-06-01 10:44:29,V019,146.0,1.031145274243179
2026-06-01,2026-06-01 10:44:30,V019,146.0,0.9960485708072635
2026-06-01,2026-06-01 10:44:31,V019,145.0,1.0285300673783186
2026-06-01,2026-06-01 10:44:32,V019,144.0,1.0161383920919298
2026-06-01,2026-06-01 10:44:33,V019,145.0,1.0139530744685321
2026-06-01,2026-06-01 10:44:34,V019,145.0,0.9307457140536441
2026-06-01,2026-06-01 10:44:35,V019,145.0,1.1334765878612354
2026-06-01,2026-06-01 10:44:36,V019,145.0,0.9392539098463734
2026-06-01,2026-06-01 10:44:37,V019,146.0,1.0205801727981807
2026-06-01,2026-06-01 10:44:38,V019,146.0,1.0401171684730675
2026-06-01,2026-06-01 10:44:39,V019,146.0,1.015184716208561
2026-06-01,2026-06-01 10:44:40,V019,146.0,1.0561972299169564
2026-06-01,2026-06-01 10:44:41,V019,146.0,0.9988101035264723
2026-06-01,2026-06-01 10:44:42,V019,146.0,0.9635771638513797
2026-06-01,2026-06-01 10:44:43,V019,145.0,1.072568946004511
2026-06-01,2026-06-01 10:44:44,V019,143.0,0.9684459269412703
2026-06-01,2026-06-01 10:44:45,V019,143.0,1.0440881806400388
2026-06-01,2026-06-01 10:44:46,V019,143.0,0.9801038136520398
2026-06-01,2026-06-01 10:44:47,V019,142.0,1.0662381930273672
2026-06-01,2026-06-01 10:44:48,V019,140.0,0.9794054299602067
2026-06-01,2026-06-01 10:44:49,V019,139.0,1.0170320005641744
2026-06-01,2026-06-01 10:44:50,V019,139.0,1.0471744080407743
2026-06-01,2026-06-01 10:44:51,V019,139.0,1.048750834963229
2026-06-01,2026-06-01 10:44:52,V019,139.0,1.0215274835512864
2026-06-01,2026-06-01 10:44:53,V019,138.0,0.9955667665027103
2026-06-01,2026-06-01 10:44:54,V019,138.0,1.0187435746467903
2026-06-01,2026-06-01 10:44:55,V019,138.0,0.9847622949984048
2026-06-01,2026-06-01 10:44:56,V019,136.0,1.0095291856318427
2026-06-01,2026-06-01 10:44:57,V019,135.0,1.0360208440175371
2026-06-01,2026-06-01 10:44:58,V019,135.0,1.0515445404848576
2026-06-01,2026-06-01 10:44:59,V019,133.0,1.0683812907416663
2026-06-01,2026-06-01 10:45:00,V019,132.0,1.0284753432196632
2026-06-01,2026-06-01 10:45:01,V019,131.0,0.9920300667203794
2026-06-01,2026-06-01 10:45:02,V019,130.0,0.992326271556033
2026-06-01,2026-06-01 10:45:03,V019,130.0,1.0130067978024953
2026-06-01,2026-06-01 10:45:04,V019,129.0,0.9874716534886829
2026-06-01,2026-06-01 10:45:05,V019,129.0,1.0343231400806305
2026-06-01,2026-06-01 10:45:06,V019,129.0,0.9873955781853933
2026-06-01,2026-06-01 10:45:07,V019,128.0,1.051750781883905
2026-06-01,2026-06-01 10:45:08,V019,128.0,0.9808056301224585
2026-06-01,2026-06-01 10:45:09,V019,128.0,0.9887756870300906
2026-06-01,2026-06-01 10:45:10,V019,128.0,1.0188281509029895
2026-06-01,2026-06-01 10:45:11,V019,129.0,0.9964193818563706
2026-06-01,2026-06-01 10:45:12,V019,128.0,0.9950369333627257
2026-06-01,2026-06-01 10:45:13,V019,128.0,1.018125270870714
2026-06-01,2026-06-01 10:45:14,V019,128.0,0.9825055116113361
2026-06-01,2026-06-01 10:45:15,V019,128.0,0.9891283814939092
2026-06-01,2026-06-01 10:45:16,V019,128.0,1.0020368512074163
2026-06-01,2026-06-01 10:45:17,V019,128.0,0.9868297870783073
2026-06-01,2026-06-01 10:45:18,V019,127.0,1.0065977576252008
2026-06-01,2026-06-01 10:45:19,V019,127.0,0.9971749987382451
2026-06-01,2026-06-01 10:45:20,V019,126.0,0.9994672378787541
2026-06-01,2026-06-01 10:45:21,V019,125.0,1.0086317995328251
2026-06-01,2026-06-01 10:45:22,V019,125.0,0.9776337607682806
2026-06-01,2026-06-01 10:45:23,V019,124.0,0.9790850940731345
2026-06-01,2026-06-01 10:45:24,V019,124.0,0.9759948031792918
2026-06-01,2026-06-01 10:45:25,V019,123.0,1.0809446550152562
2026-06-01,2026-06-01 10:45:26,V019,123.0,1.0152317465922112
2026-06-01,2026-06-01 10:45:27,V019,123.0,0.9906356310809775
2026-06-01,2026-06-01 10:45:28,V019,122.0,0.9929750940265109
2026-06-01,2026-06-01 10:45:29,V019,122.0,0.9947523280916436
2026-06-01,2026-06-01 10:45:30,V019,122.0,1.02490596224702
2026-06-01,2026-06-01 10:45:31,V019,122.0,0.9856823818097895
2026-06-01,2026-06-01 10:45:32,V019,121.0,0.9941035194257895
2026-06-01,2026-06-01 10:45:33,V019,121.0,1.020357422007035
2026-06-01,2026-06-01 10:45:34,V019,121.0,1.002469901046664
2026-06-01,2026-06-01 10:45:35,V019,121.0,1.039087927263847
2026-06-01,2026-06-01 10:45:36,V019,123.0,0.9904351015493796
2026-06-01,2026-06-01 10:45:37,V019,123.0,0.9827186856581147
2026-06-01,2026-06-01 10:45:38,V019,123.0,1.0308272870985487
2026-06-01,2026-06-01 10:45:39,V019,124.0,0.9624370786654836
2026-06-01,2026-06-01 10:45:40,V019,125.0,1.0648999274549542
2026-06-01,2026-06-01 10:45:41,V019,125.0,0.9853169668189729
2026-06-01,2026-06-01 10:45:42,V019,125.0,1.006415493432984
2026-06-01,2026-06-01 10:45:43,V019,125.0,0.999206961935814
2026-06-01,2026-06-01 10:45:44,V019,125.0,1.0000157515227157
2026-06-01,2026-06-01 10:45:45,V019,125.0,1.0087807761945509
2026-06-01,2026-06-01 10:45:46,V019,125.0,1.0185944086570442
2026-06-01,2026-06-01 10:45:47,V019,125.0,0.9836547729263075
2026-06-01,2026-06-01 10:45:48,V019,125.0,1.028267790057046
2026-06-01,2026-06-01 10:45:49,V019,125.0,0.9870925515757831
2026-06-01,2026-06-01 10:45:50,V019,126.0,1.0238469572775015
2026-06-01,2026-06-01 10:45:51,V019,127.0,0.9933829749078359
2026-06-01,2026-06-01 10:45:52,V019,127.0,1.024211879811663
2026-06-01,2026-06-01 10:45:53,V019,127.0,1.0010568120833745
2026-06-01,2026-06-01 10:45:54,V019,127.0,0.9848430882521637
2026-06-01,2026-06-01 10:45:55,V019,127.0,0.9856769330502818
2026-06-01,2026-06-01 10:45:56,V019,127.0,0.9890306929127445
2026-06-01,2026-06-01 10:45:57,V019,127.0,0.9836768466629604
2026-06-01,2026-06-01 10:45:58,V019,127.0,0.9850498445345917
2026-06-01,2026-06-01 10:45:59,V019,127.0,0.9915029602798222
2026-06-01,2026-06-01 10:46:00,V019,127.0,0.9835830049891777
2026-06-01,2026-06-01 10:46:01,V019,126.0,0.9855313313700282
2026-06-01,2026-06-01 10:46:02,V019,126.0,0.988942545500738
2026-06-01,2026-06-01 10:46:03,V019,125.0,0.9758050059130811
2026-06-01,2026-06-01 10:46:04,V019,125.0,1.0033718276229877
2026-06-01,2026-06-01 10:46:05,V019,124.0,0.9810859559406155
2026-06-01,2026-06-01 10:46:06,V019,123.0,0.9792613884764862
2026-06-01,2026-06-01 10:46:07,V019,122.0,0.9784634045075205
2026-06-01,2026-06-01 10:46:08,V019,122.0,0.9809612521541845
2026-06-01,2026-06-01 10:46:09,V019,122.0,0.9737063169904664
2026-06-01,2026-06-01 10:46:10,V019,123.0,0.9788384174533248
2026-06-01,2026-06-01 10:46:11,V019,123.0,0.9813321892601395
2026-06-01,2026-06-01 10:46:12,V019,123.0,0.9785119545712815
2026-06-01,2026-06-01 10:46:13,V019,123.0,1.026824881625544
2026-06-01,2026-06-01 10:46:14,V019,123.0,1.1216171136254487
2026-06-01,2026-06-01 10:46:15,V019,123.0,1.390922587674236
2026-06-01,2026-06-01 10:46:16,V019,123.0,1.0079841944390229
2026-06-01,2026-06-01 10:46:17,V019,123.0,0.9669646629883024
2026-06-01,2026-06-01 10:46:18,V019,124.0,0.9720549843262387
2026-06-01,2026-06-01 10:46:19,V019,123.0,0.9674724592480297
2026-06-01,2026-06-01 10:46:20,V019,123.0,1.0057049360194645
2026-06-01,2026-06-01 10:46:21,V019,122.0,0.9842553211203623
2026-06-01,2026-06-01 10:46:22,V019,121.0,1.0060970749926361
2026-06-01,2026-06-01 10:46:23,V019,120.0,0.9703895952680349
2026-06-01,2026-06-01 10:46:24,V019,120.0,1.002669613410498
2026-06-01,2026-06-01 10:46:25,V019,120.0,1.030265300707812
2026-06-01,2026-06-01 10:46:26,V019,120.0,0.9769457855045732
2026-06-01,2026-06-01 10:46:27,V019,120.0,1.016968738382033
2026-06-01,2026-06-01 10:46:28,V019,119.0,1.026012308116224
2026-06-01,2026-06-01 10:46:29,V019,119.0,0.9682501059435297
2026-06-01,2026-06-01 10:46:30,V019,118.0,1.033580500026858
2026-06-01,2026-06-01 10:46:31,V019,118.0,0.9829667529084767
2026-06-01,2026-06-01 10:46:32,V019,118.0,1.0004613494529582
2026-06-01,2026-06-01 10:46:33,V019,118.0,1.0072665143642328
2026-06-01,2026-06-01 10:46:34,V019,117.0,1.0078581683349184
2026-06-01,2026-06-01 10:46:35,V019,117.0,0.9879741489393831
2026-06-01,2026-06-01 10:46:36,V019,116.0,0.9781002204776718
2026-06-01,2026-06-01 10:46:37,V019,116.0,0.9866588081266136
2026-06-01,2026-06-01 10:46:38,V019,114.0,0.9992130877453561
2026-06-01,2026-06-01 10:46:39,V019,114.0,0.9857230129605026
2026-06-01,2026-06-01 10:46:40,V019,114.0,0.9861826799467978
2026-06-01,2026-06-01 10:46:41,V019,114.0,1.0182099488527543
2026-06-01,2026-06-01 10:46:42,V019,114.0,0.9877148378171051
2026-06-01,2026-06-01 10:46:43,V019,114.0,0.9899249679874831
2026-06-01,2026-06-01 10:46:44,V019,114.0,0.9831647836463483
2026-06-01,2026-06-01 10:46:45,V019,114.0,0.9752172536778888
2026-06-01,2026-06-01 10:46:46,V019,116.0,0.9996726248125023
2026-06-01,2026-06-01 10:46:47,V019,116.0,0.9941313423081765
2026-06-01,2026-06-01 10:46:48,V019,116.0,0.99097409572676
2026-06-01,2026-06-01 10:46:49,V019,117.0,0.9842369672957246
2026-06-01,2026-06-01 10:46:50,V019,118.0,1.0057646305995258
2026-06-01,2026-06-01 10:46:51,V019,118.0,0.9841897058575388
2026-06-01,2026-06-01 10:46:52,V019,119.0,1.0138009752822703
2026-06-01,2026-06-01 10:46:53,V019,119.0,1.0066239778632153
2026-06-01,2026-06-01 10:46:54,V019,118.0,0.9947282916811955
2026-06-01,2026-06-01 10:46:55,V019,118.0,1.0505923437673903
2026-06-01,2026-06-01 10:46:56,V019,118.0,0.9416316142221803
2026-06-01,2026-06-01 10:46:57,V019,117.0,1.0043472878436022
2026-06-01,2026-06-01 10:46:58,V019,117.0,0.9978154271774589
2026-06-01,2026-06-01 10:46:59,V019,116.0,0.9927167235039225
2026-06-01,2026-06-01 10:47:00,V019,116.0,0.9873751460358962
2026-06-01,2026-06-01 10:47:01,V019,115.0,1.0081406091906013
2026-06-01,2026-06-01 10:47:02,V019,114.0,0.9883849205724775
2026-06-01,2026-06-01 10:47:03,V019,114.0,0.9881082602624559
2026-06-01,2026-06-01 10:47:04,V019,114.0,0.9836866997407845
2026-06-01,2026-06-01 10:47:05,V019,113.0,0.9866513806708023
2026-06-01,2026-06-01 10:47:06,V019,113.0,0.995126784061309
2026-06-01,2026-06-01 10:47:07,V019,113.0,0.9951973974958109
2026-06-01,2026-06-01 10:47:08,V019,113.0,0.9959969270603073
2026-06-01,2026-06-01 10:47:09,V019,112.0,0.995228121305306
2026-06-01,2026-06-01 10:47:10,V019,112.0,0.9912531173429202
2026-06-01,2026-06-01 10:47:11,V019,112.0,1.021119619673303
2026-06-01,2026-06-01 10:47:12,V019,112.0,0.9788056296173616
2026-06-01,2026-06-01 10:47:13,V019,113.0,0.9851663407553402
2026-06-01,2026-06-01 10:47:14,V019,113.0,0.998074441326026
2026-06-01,2026-06-01 10:47:15,V019,113.0,1.0576309037078322
2026-06-01,2026-06-01 10:47:16,V019,113.0,1.0469883476531525
2026-06-01,2026-06-01 10:47:17,V019,113.0,0.9746455793892441
2026-06-01,2026-06-01 10:47:18,V019,113.0,1.033860867666922
2026-06-01,2026-06-01 10:47:19,V019,113.0,1.0087263638329313
2026-06-01,2026-06-01 10:47:20,V019,113.0,0.9949462634287605
2026-06-01,2026-06-01 10:47:21,V019,114.0,1.0189865512486664
2026-06-01,2026-06-01 10:47:22,V019,114.0,0.9958457001084253
2026-06-01,2026-06-01 10:47:23,V019,114.0,0.9936546369315322
2026-06-01,2026-06-01 10:47:24,V019,115.0,0.9817474952134372
2026-06-01,2026-06-01 10:47:25,V019,115.0,0.9890029534968756
2026-06-01,2026-06-01 10:47:26,V019,116.0,0.9898792911933154
2026-06-01,2026-06-01 10:47:27,V019,116.0,0.992540377718362
2026-06-01,2026-06-01 10:47:28,V019,116.0,0.9776485191443697
2026-06-01,2026-06-01 10:47:29,V019,116.0,1.0849317826669922
2026-06-01,2026-06-01 10:47:30,V019,116.0,0.9981609491113871
2026-06-01,2026-06-01 10:47:31,V019,116.0,0.9828541854869506
2026-06-01,2026-06-01 10:47:32,V019,116.0,0.9841082671720011
2026-06-01,2026-06-01 10:47:33,V019,115.0,1.0030532329269903
2026-06-01,2026-06-01 10:47:34,V019,115.0,1.0016113119203949
2026-06-01,2026-06-01 10:47:35,V019,114.0,1.0077170713267758
2026-06-01,2026-06-01 10:47:36,V019,115.0,1.003953196746683
2026-06-01,2026-06-01 10:47:37,V019,116.0,1.010814087387872
2026-06-01,2026-06-01 10:47:38,V019,116.0,0.9717134277651701
2026-06-01,2026-06-01 10:47:39,V019,117.0,0.9913085531913625
2026-06-01,2026-06-01 10:47:40,V019,117.0,1.0031895583327064
2026-06-01,2026-06-01 10:47:41,V019,118.0,0.9874235625448549
2026-06-01,2026-06-01 10:47:42,V019,118.0,0.9924121277992503
2026-06-01,2026-06-01 10:47:43,V019,118.0,1.0100721293946326
2026-06-01,2026-06-01 10:47:44,V019,117.0,0.9966185940490779
2026-06-01,2026-06-01 10:47:45,V019,116.0,0.9882282956723488
2026-06-01,2026-06-01 10:47:46,V019,116.0,1.012572637204258
2026-06-01,2026-06-01 10:47:47,V019,115.0,1.0159568220478024
2026-06-01,2026-06-01 10:47:48,V019,115.0,0.9829489788801833
2026-06-01,2026-06-01 10:47:49,V019,115.0,0.9960973316489427
2026-06-01,2026-06-01 10:47:50,V019,114.0,0.999182904498682
2026-06-01,2026-06-01 10:47:51,V019,113.0,0.9839091766859123
2026-06-01,2026-06-01 10:47:52,V019,112.0,0.9893738684040926
2026-06-01,2026-06-01 10:47:53,V019,111.0,0.9916962403811882
2026-06-01,2026-06-01 10:47:54,V019,111.0,0.9927092007879103
2026-06-01,2026-06-01 10:47:55,V019,110.0,0.9969222313756139
2026-06-01,2026-06-01 10:47:56,V019,110.0,1.000390680234453
2026-06-01,2026-06-01 10:47:57,V019,110.0,0.9880760743785397
2026-06-01,2026-06-01 10:47:58,V019,109.0,1.0011070535468938
2026-06-01,2026-06-01 10:47:59,V019,109.0,1.0136947921586636
2026-06-01,2026-06-01 10:48:00,V019,109.0,0.9781559163301862
2026-06-01,2026-06-01 10:48:01,V019,109.0,1.0097274952700948
2026-06-01,2026-06-01 10:48:02,V019,109.0,0.9871286838901525
2026-06-01,2026-06-01 10:48:03,V019,109.0,0.9898780835698806
2026-06-01,2026-06-01 10:48:04,V019,109.0,1.004242036870192
2026-06-01,2026-06-01 10:48:05,V019,108.0,0.9930409583378978
2026-06-01,2026-06-01 10:48:06,V019,108.0,1.0254654581089382
2026-06-01,2026-06-01 10:48:07,V019,107.0,1.0094813388265296
2026-06-01,2026-06-01 10:48:08,V019,106.0,0.9765448986666314
2026-06-01,2026-06-01 10:48:09,V019,106.0,0.9967982250153492
2026-06-01,2026-06-01 10:48:10,V019,106.0,1.0017829527760023
2026-06-01,2026-06-01 10:48:11,V019,107.0,0.998793824511374
2026-06-01,2026-06-01 10:48:12,V019,107.0,1.0076935714547088
2026-06-01,2026-06-01 10:48:13,V019,107.0,0.9749985098065317
2026-06-01,2026-06-01 10:48:14,V019,108.0,0.9921498022371767
2026-06-01,2026-06-01 10:48:15,V019,108.0,0.9926200279508148
2026-06-01,2026-06-01 10:48:16,V019,107.0,0.990303430630257
2026-06-01,2026-06-01 10:48:17,V019,107.0,0.9880035590330954
2026-06-01,2026-06-01 10:48:18,V019,107.0,1.0049036135862872
2026-06-01,2026-06-01 10:48:19,V019,107.0,0.9865125152920271
2026-06-01,2026-06-01 10:48:20,V019,107.0,0.9851523102830567
2026-06-01,2026-06-01 10:48:21,V019,107.0,1.0290995810431034
2026-06-01,2026-06-01 10:48:22,V019,107.0,0.983991930229079
2026-06-01,2026-06-01 10:48:23,V019,107.0,0.9948668172881425
2026-06-01,2026-06-01 10:48:24,V019,108.0,1.0111886716135086
2026-06-01,2026-06-01 10:48:25,V019,107.0,1.001175013671043
2026-06-01,2026-06-01 10:48:26,V019,107.0,0.9939428850418441
2026-06-01,2026-06-01 10:48:27,V019,107.0,0.990057789795699
2026-06-01,2026-06-01 10:48:28,V019,107.0,1.023922902962223
2026-06-01,2026-06-01 10:48:29,V019,107.0,0.994120054695506
2026-06-01,2026-06-01 10:48:30,V019,106.0,0.9931205236689347
2026-06-01,2026-06-01 10:48:31,V019,106.0,1.002687107328548
2026-06-01,2026-06-01 10:48:32,V019,106.0,0.9965011339045654
2026-06-01,2026-06-01 10:48:33,V019,106.0,1.0042491135956557
2026-06-01,2026-06-01 10:48:34,V019,106.0,1.0035288350120146
2026-06-01,2026-06-01 10:48:35,V019,106.0,1.050392943598566
2026-06-01,2026-06-01 10:48:36,V019,107.0,0.9870622139897332
2026-06-01,2026-06-01 10:48:37,V019,107.0,1.0131347269701105
2026-06-01,2026-06-01 10:48:38,V019,107.0,0.9951384506721183
2026-06-01,2026-06-01 10:48:39,V019,108.0,0.9869723683212692
2026-06-01,2026-06-01 10:48:40,V019,108.0,0.9900205384856525
2026-06-01,2026-06-01 10:48:41,V019,108.0,0.9900587771301942
2026-06-01,2026-06-01 10:48:42,V019,108.0,0.988590728116262
2026-06-01,2026-06-01 10:48:43,V019,108.0,0.9914409222602265
2026-06-01,2026-06-01 10:48:44,V019,108.0,0.9917342422996013
2026-06-01,2026-06-01 10:48:45,V019,108.0,0.993589413467978
2026-06-01,2026-06-01 10:48:46,V019,108.0,0.9883441943490536
2026-06-01,2026-06-01 10:48:47,V019,107.0,0.9870690521726951
2026-06-01,2026-06-01 10:48:48,V019,107.0,0.9923802408702471
2026-06-01,2026-06-01 10:48:49,V019,107.0,0.9973424859255677
2026-06-01,2026-06-01 10:48:50,V019,107.0,0.9876632242790792
2026-06-01,2026-06-01 10:48:51,V019,107.0,0.9824860430351513
2026-06-01,2026-06-01 10:48:52,V019,108.0,1.0200661230313226
2026-06-01,2026-06-01 10:48:53,V019,107.0,0.9807958938772059
2026-06-01,2026-06-01 10:48:54,V019,107.0,1.0129808607840902
2026-06-01,2026-06-01 10:48:55,V019,107.0,1.0126366129096345
2026-06-01,2026-06-01 10:48:56,V019,107.0,0.9950022802150918
2026-06-01,2026-06-01 10:48:57,V019,107.0,0.971803417670302
2026-06-01,2026-06-01 10:48:58,V019,107.0,0.9729684043921297
2026-06-01,2026-06-01 10:48:59,V019,107.0,1.0212521229587073
2026-06-01,2026-06-01 10:49:00,V019,107.0,0.9700411555792271
2026-06-01,2026-06-01 10:49:01,V019,108.0,1.00522253671949
2026-06-01,2026-06-01 10:49:02,V019,109.0,0.9672739807791838
2026-06-01,2026-06-01 10:49:03,V019,109.0,0.9968530169824119
2026-06-01,2026-06-01 10:49:04,V019,109.0,0.9779087696690051
2026-06-01,2026-06-01 10:49:05,V019,109.0,0.9885462909508016
2026-06-01,2026-06-01 10:49:06,V019,109.0,0.99970231097696
2026-06-01,2026-06-01 10:49:07,V019,110.0,0.9621957634935535
2026-06-01,2026-06-01 10:49:08,V019,110.0,0.9959776250007132
2026-06-01,2026-06-01 10:49:09,V019,110.0,0.9921475193214276
2026-06-01,2026-06-01 10:49:10,V019,110.0,0.9810730074746691
2026-06-01,2026-06-01 10:49:11,V019,110.0,0.9871179163692672
2026-06-01,2026-06-01 10:49:12,V019,111.0,0.9995395497292048
2026-06-01,2026-06-01 10:49:13,V019,111.0,0.9720105914426961
2026-06-01,2026-06-01 10:49:14,V019,111.0,1.0027467427612455
2026-06-01,2026-06-01 10:49:15,V019,112.0,0.9865817065188899
2026-06-01,2026-06-01 10:49:16,V019,112.0,0.9895081787805716
2026-06-01,2026-06-01 10:49:17,V019,112.0,0.9948258060054671
2026-06-01,2026-06-01 10:49:18,V019,112.0,0.9828091013854274
2026-06-01,2026-06-01 10:49:19,V019,112.0,0.9970669183236526
2026-06-01,2026-06-01 10:49:20,V019,112.0,1.000967799850613
2026-06-01,2026-06-01 10:49:21,V019,112.0,0.9288862667875588
2026-06-01,2026-06-01 10:49:22,V019,112.0,1.130729996896716
2026-06-01,2026-06-01 10:49:23,V019,112.0,0.9921357813665082
2026-06-01,2026-06-01 10:49:24,V019,112.0,1.002698048501335
2026-06-01,2026-06-01 10:49:25,V019,112.0,1.0197619495094663
2026-06-01,2026-06-01 10:49:26,V019,112.0,0.9706380249289396
2026-06-01,2026-06-01 10:49:27,V019,112.0,0.9989991040421984
2026-06-01,2026-06-01 10:49:28,V019,112.0,1.0293558165523786
2026-06-01,2026-06-01 10:49:29,V019,112.0,1.0249291268783558
2026-06-01,2026-06-01 10:49:30,V019,112.0,1.0328124941663486
2026-06-01,2026-06-01 10:49:31,V019,112.0,0.9699051014314755
2026-06-01,2026-06-01 10:49:32,V019,112.0,1.0425320221449481
2026-06-01,2026-06-01 10:49:33,V019,111.0,0.9871422810461913
2026-06-01,2026-06-01 10:49:34,V019,111.0,0.9932125846945018
2026-06-01,2026-06-01 10:49:35,V019,111.0,1.0117922056668323
2026-06-01,2026-06-01 10:49:36,V019,110.0,1.0262051982941611
2026-06-01,2026-06-01 10:49:37,V019,110.0,1.0172421362461639
2026-06-01,2026-06-01 10:49:38,V019,109.0,0.9889722150341217
2026-06-01,2026-06-01 10:49:39,V019,109.0,0.9904892975446653
2026-06-01,2026-06-01 10:49:40,V019,109.0,0.9906500952196995
2026-06-01,2026-06-01 10:49:41,V019,108.0,0.9842110037543322
2026-06-01,2026-06-01 10:49:42,V019,108.0,0.9861626505901477
2026-06-01,2026-06-01 10:49:43,V019,108.0,0.9947317979613851
2026-06-01,2026-06-01 10:49:44,V019,108.0,0.9926286618482242
2026-06-01,2026-06-01 10:49:45,V019,109.0,1.0058087660729786
2026-06-01,2026-06-01 10:49:46,V019,109.0,1.0236040172205567
2026-06-01,2026-06-01 10:49:47,V019,109.0,1.0739323678667856
2026-06-01,2026-06-01 10:49:48,V019,110.0,1.00906449314762
2026-06-01,2026-06-01 10:49:49,V019,110.0,1.0237600256016108
2026-06-01,2026-06-01 10:49:50,V019,110.0,1.0384163515378584
2026-06-01,2026-06-01 10:49:51,V019,110.0,1.0121273145262915
2026-06-01,2026-06-01 10:49:52,V019,112.0,0.9984629462556873
2026-06-01,2026-06-01 10:49:53,V019,112.0,1.0209150225284538
2026-06-01,2026-06-01 10:49:54,V019,113.0,0.9637574870409675
2026-06-01,2026-06-01 10:49:55,V019,114.0,1.002453876320755
2026-06-01,2026-06-01 10:49:56,V019,114.0,0.9847478164104329
2026-06-01,2026-06-01 10:49:57,V019,114.0,0.991446274423518
2026-06-01,2026-06-01 10:49:58,V019,114.0,0.9874263317895602
2026-06-01,2026-06-01 10:49:59,V019,113.0,0.9837187689343179
2026-06-01,2026-06-01 10:50:00,V019,112.0,1.0169421713714106
2026-06-01,2026-06-01 10:50:01,V019,111.0,0.9892982290733414
2026-06-01,2026-06-01 10:50:02,V019,111.0,0.9892318829112472
2026-06-01,2026-06-01 10:50:03,V019,110.0,0.9777892298901135
2026-06-01,2026-06-01 10:50:04,V019,110.0,1.0293744611598528
2026-06-01,2026-06-01 10:50:05,V019,110.0,0.9752522559063395
2026-06-01,2026-06-01 10:50:06,V019,110.0,1.0156877472119827
2026-06-01,2026-06-01 10:50:07,V019,110.0,0.9765519686070364
2026-06-01,2026-06-01 10:50:08,V019,110.0,1.0339664291242348
2026-06-01,2026-06-01 10:50:09,V019,110.0,0.9782404803433843
2026-06-01,2026-06-01 10:50:10,V019,110.0,1.009672573287099
2026-06-01,2026-06-01 10:50:11,V019,111.0,0.9883423363119723
2026-06-01,2026-06-01 10:50:12,V019,111.0,1.0062181284808356
2026-06-01,2026-06-01 10:50:13,V019,111.0,0.9850690826280504
2026-06-01,2026-06-01 10:50:14,V019,110.0,0.9859737794810857
2026-06-01,2026-06-01 10:50:15,V019,110.0,0.9869319863635708
2026-06-01,2026-06-01 10:50:16,V019,110.0,0.9867594536911608
2026-06-01,2026-06-01 10:50:17,V019,110.0,0.9862616870258002
2026-06-01,2026-06-01 10:50:18,V019,109.0,1.0008097862301328
2026-06-01,2026-06-01 10:50:19,V019,109.0,1.0217741006469763
2026-06-01,2026-06-01 10:50:20,V019,109.0,0.9591385208968111
2026-06-01,2026-06-01 10:50:21,V019,109.0,0.9966833351894845
2026-06-01,2026-06-01 10:50:22,V019,109.0,0.9895603062230776
2026-06-01,2026-06-01 10:50:23,V019,109.0,0.9774610749715731
2026-06-01,2026-06-01 10:50:24,V019,109.0,0.9684589052826416
2026-06-01,2026-06-01 10:50:25,V019,109.0,1.0210742724570214
2026-06-01,2026-06-01 10:50:26,V019,109.0,0.9847629933812557
2026-06-01,2026-06-01 10:50:27,V019,109.0,0.9877115646455494
2026-06-01,2026-06-01 10:50:28,V019,109.0,0.9823089498322773
2026-06-01,2026-06-01 10:50:29,V019,109.0,1.00487205379368
2026-06-01,2026-06-01 10:50:30,V019,108.0,1.0453502377787582
2026-06-01,2026-06-01 10:50:31,V019,109.0,0.9877532802959507
2026-06-01,2026-06-01 10:50:32,V019,109.0,0.9959666433135198
2026-06-01,2026-06-01 10:50:33,V019,108.0,1.0128035773446624
2026-06-01,2026-06-01 10:50:34,V019,106.0,0.9784109629027291
2026-06-01,2026-06-01 10:50:35,V019,105.0,1.0042081872064292
2026-06-01,2026-06-01 10:50:36,V019,105.0,1.0001066657841833
2026-06-01,2026-06-01 10:50:37,V019,105.0,0.9960930017119483
2026-06-01,2026-06-01 10:50:38,V019,105.0,0.9957258139456691
2026-06-01,2026-06-01 10:50:39,V019,104.0,1.0057288205398178
2026-06-01,2026-06-01 10:50:40,V019,104.0,0.9930273776730816
2026-06-01,2026-06-01 10:50:41,V019,104.0,0.9807306288439097
2026-06-01,2026-06-01 10:50:42,V019,105.0,0.9887861208285634
2026-06-01,2026-06-01 10:50:43,V019,105.0,0.9860468663754531
2026-06-01,2026-06-01 10:50:44,V019,105.0,0.984944814666677
2026-06-01,2026-06-01 10:50:45,V019,106.0,0.9860656927101548
2026-06-01,2026-06-01 10:50:46,V019,107.0,0.9858958652909275
2026-06-01,2026-06-01 10:50:47,V019,108.0,0.9845578638688574
2026-06-01,2026-06-01 10:50:48,V019,108.0,0.9868939959357153
2026-06-01,2026-06-01 10:50:49,V019,109.0,0.9853988754658937
2026-06-01,2026-06-01 10:50:50,V019,110.0,0.9858162567639517
2026-06-01,2026-06-01 10:50:51,V019,110.0,0.986110495721442
2026-06-01,2026-06-01 10:50:52,V019,110.0,0.9862219251362
2026-06-01,2026-06-01 10:50:53,V019,110.0,0.98854325539712
2026-06-01,2026-06-01 10:50:54,V019,110.0,0.984613615577685
2026-06-01,2026-06-01 10:50:55,V019,109.0,0.9955352290348004
2026-06-01,2026-06-01 10:50:56,V019,109.0,1.0276732613365396
2026-06-01,2026-06-01 10:50:57,V019,108.0,0.9934450166189692
2026-06-01,2026-06-01 10:50:58,V019,107.0,1.0231798748801373
2026-06-01,2026-06-01 10:50:59,V019,106.0,0.9761075530744123
2026-06-01,2026-06-01 10:51:00,V019,106.0,1.0045621839119165
2026-06-01,2026-06-01 10:51:01,V019,106.0,1.0131672286270323
2026-06-01,2026-06-01 10:51:02,V019,105.0,0.9903928438106941
2026-06-01,2026-06-01 10:51:03,V019,104.0,1.061541529308703
2026-06-01,2026-06-01 10:51:04,V019,104.0,1.040622798959468
2026-06-01,2026-06-01 10:51:05,V019,103.0,1.0453343049611235
2026-06-01,2026-06-01 10:51:06,V019,102.0,1.0494519497592474
2026-06-01,2026-06-01 10:51:07,V019,101.0,0.9807851099453705
2026-06-01,2026-06-01 10:51:08,V019,101.0,1.0387235419558685
2026-06-01,2026-06-01 10:51:09,V019,101.0,0.9866209286002753
2026-06-01,2026-06-01 10:51:10,V019,101.0,1.0108789604775794
2026-06-01,2026-06-01 10:51:11,V019,101.0,0.9979087789410742
2026-06-01,2026-06-01 10:51:12,V019,100.0,0.9805590511080673
2026-06-01,2026-06-01 10:51:13,V019,101.0,1.016058218189437
2026-06-01,2026-06-01 10:51:14,V019,101.0,0.9880514025522511
2026-06-01,2026-06-01 10:51:15,V019,102.0,1.0091684288987892
2026-06-01,2026-06-01 10:51:16,V019,102.0,1.0111239416786137
2026-06-01,2026-06-01 10:51:17,V019,102.0,0.9713514708324931
2026-06-01,2026-06-01 10:51:18,V019,103.0,1.0274355906947295
2026-06-01,2026-06-01 10:51:19,V019,103.0,1.0277588416488408
2026-06-01,2026-06-01 10:51:20,V019,104.0,1.0046126828277968
2026-06-01,2026-06-01 10:51:21,V019,104.0,0.9866667676998093
2026-06-01,2026-06-01 10:51:22,V019,106.0,1.011173276012093
2026-06-01,2026-06-01 10:51:23,V019,106.0,0.9939567462850646
2026-06-01,2026-06-01 10:51:24,V019,106.0,1.0221632659019215
2026-06-01,2026-06-01 10:51:25,V019,107.0,0.9948179825942103
2026-06-01,2026-06-01 10:51:26,V019,107.0,1.0036964725966282
2026-06-01,2026-06-01 10:51:27,V019,108.0,1.0028151902823401
2026-06-01,2026-06-01 10:51:28,V019,109.0,0.9939330811049308
2026-06-01,2026-06-01 10:51:29,V019,109.0,0.9972118709781925
2026-06-01,2026-06-01 10:51:30,V019,108.0,0.9931859489734786
2026-06-01,2026-06-01 10:51:31,V019,108.0,0.98791585921735
2026-06-01,2026-06-01 10:51:32,V019,108.0,1.008541775833852
2026-06-01,2026-06-01 10:51:33,V019,108.0,0.9866766046630554
2026-06-01,2026-06-01 10:51:34,V019,108.0,0.9885202573389383
2026-06-01,2026-06-01 10:51:35,V019,108.0,0.9852413631433077
2026-06-01,2026-06-01 10:51:36,V019,108.0,0.9877015704234879
2026-06-01,2026-06-01 10:51:37,V019,108.0,0.9829519623479972
2026-06-01,2026-06-01 10:51:38,V019,108.0,0.9813041849532714
2026-06-01,2026-06-01 10:51:39,V019,108.0,0.9920151829138117
2026-06-01,2026-06-01 10:51:40,V019,108.0,0.9825018300056858
2026-06-01,2026-06-01 10:51:41,V019,109.0,1.0025806668685768
2026-06-01,2026-06-01 10:51:42,V019,110.0,0.9763031752568743
2026-06-01,2026-06-01 10:51:43,V019,110.0,1.0109508126234048
2026-06-01,2026-06-01 10:51:44,V019,110.0,0.9998691478849637
2026-06-01,2026-06-01 10:51:45,V019,110.0,1.0774245202061912
2026-06-01,2026-06-01 10:51:46,V019,109.0,0.9799277696989421
2026-06-01,2026-06-01 10:51:47,V019,109.0,0.9805968776205657
2026-06-01,2026-06-01 10:51:48,V019,109.0,0.9895067560696891
2026-06-01,2026-06-01 10:51:49,V019,109.0,0.9835264397259817
2026-06-01,2026-06-01 10:51:50,V019,109.0,0.9752715070803563
2026-06-01,2026-06-01 10:51:51,V019,108.0,0.9930603038485737
2026-06-01,2026-06-01 10:51:52,V019,108.0,0.960579819630577
2026-06-01,2026-06-01 10:51:53,V019,108.0,1.0801390694512256
2026-06-01,2026-06-01 10:51:54,V019,109.0,0.9903804301576957
2026-06-01,2026-06-01 10:51:55,V019,110.0,0.9891293598079147
2026-06-01,2026-06-01 10:51:56,V019,110.0,0.9869059296389479
2026-06-01,2026-06-01 10:51:57,V019,111.0,0.9920611090580382
2026-06-01,2026-06-01 10:51:58,V019,111.0,0.9839754899495645
2026-06-01,2026-06-01 10:51:59,V019,111.0,0.9897434362601734
2026-06-01,2026-06-01 10:52:00,V019,111.0,1.0020402377678908
2026-06-01,2026-06-01 10:52:01,V019,112.0,0.9926512656629286
2026-06-01,2026-06-01 10:52:02,V019,112.0,1.0173423505112222
2026-06-01,2026-06-01 10:52:03,V019,112.0,0.9743651419620378
2026-06-01,2026-06-01 10:52:04,V019,111.0,0.9984963737692917
2026-06-01,2026-06-01 10:52:05,V019,111.0,1.0246439687381614
2026-06-01,2026-06-01 10:52:06,V019,111.0,0.9906596231094381
2026-06-01,2026-06-01 10:52:07,V019,110.0,1.0071030785804025
2026-06-01,2026-06-01 10:52:08,V019,110.0,0.9968900419462428
2026-06-01,2026-06-01 10:52:09,V019,110.0,1.0035520739069452
2026-06-01,2026-06-01 10:52:10,V019,110.0,0.9858130016912924
2026-06-01,2026-06-01 10:52:11,V019,111.0,1.0249354063153564
2026-06-01,2026-06-01 10:52:12,V019,110.0,0.9954057887275191
2026-06-01,2026-06-01 10:52:13,V019,109.0,1.0378650972127057
2026-06-01,2026-06-01 10:52:14,V019,109.0,0.9770352934967786
2026-06-01,2026-06-01 10:52:15,V019,109.0,1.0339495225461552
2026-06-01,2026-06-01 10:52:16,V019,108.0,0.995136814346549
2026-06-01,2026-06-01 10:52:17,V019,107.0,0.9880199007397867
2026-06-01,2026-06-01 10:52:18,V019,106.0,0.9874232828092931
2026-06-01,2026-06-01 10:52:19,V019,105.0,0.9872425069423213
2026-06-01,2026-06-01 10:52:20,V019,104.0,0.9865325073746349
2026-06-01,2026-06-01 10:52:21,V019,104.0,0.9917322118234791
2026-06-01,2026-06-01 10:52:22,V019,104.0,0.9896092679940095
2026-06-01,2026-06-01 10:52:23,V019,103.0,0.9928019127111983
2026-06-01,2026-06-01 10:52:24,V019,103.0,0.9951584396028667
2026-06-01,2026-06-01 10:52:25,V019,103.0,0.9932161678644248
2026-06-01,2026-06-01 10:52:26,V019,103.0,0.9965382570397758
2026-06-01,2026-06-01 10:52:27,V019,103.0,0.9948575411063015
2026-06-01,2026-06-01 10:52:28,V019,103.0,0.9937370239403355
2026-06-01,2026-06-01 10:52:29,V019,103.0,0.9944228363761304
2026-06-01,2026-06-01 10:52:30,V019,103.0,0.9951550163477746
2026-06-01,2026-06-01 10:52:31,V019,103.0,0.9926266910068959
2026-06-01,2026-06-01 10:52:32,V019,103.0,1.022192500975764
2026-06-01,2026-06-01 10:52:33,V019,103.0,0.9917234602971552
2026-06-01,2026-06-01 10:52:34,V019,103.0,0.9911282247998751
2026-06-01,2026-06-01 10:52:35,V019,103.0,1.0264712308419373
2026-06-01,2026-06-01 10:52:36,V019,103.0,0.9971552859280911
2026-06-01,2026-06-01 10:52:37,V019,103.0,1.0035186653189272
2026-06-01,2026-06-01 10:52:38,V019,103.0,1.0061692852020214
2026-06-01,2026-06-01 10:52:39,V019,104.0,0.9942423454981287
2026-06-01,2026-06-01 10:52:40,V019,105.0,0.9873518285462874
2026-06-01,2026-06-01 10:52:41,V019,105.0,0.9972615742235346
2026-06-01,2026-06-01 10:52:42,V019,105.0,0.9820212829399374
2026-06-01,2026-06-01 10:52:43,V019,105.0,1.0019303716694596
2026-06-01,2026-06-01 10:52:44,V019,106.0,0.9912092176075933
2026-06-01,2026-06-01 10:52:45,V019,107.0,0.9926320401451755
2026-06-01,2026-06-01 10:52:46,V019,107.0,1.0026055257709434
2026-06-01,2026-06-01 10:52:47,V019,107.0,0.9868637765716731
2026-06-01,2026-06-01 10:52:48,V019,108.0,0.9903280572033418
2026-06-01,2026-06-01 10:52:49,V019,107.0,0.996342182257956
2026-06-01,2026-06-01 10:52:50,V019,107.0,1.0026956764242496
2026-06-01,2026-06-01 10:52:51,V019,106.0,0.9974989466819735
2026-06-01,2026-06-01 10:52:52,V019,105.0,0.9862964330091901
2026-06-01,2026-06-01 10:52:53,V019,105.0,0.9923327502540638
2026-06-01,2026-06-01 10:52:54,V019,105.0,0.9858582137565585
2026-06-01,2026-06-01 10:52:55,V019,104.0,0.9971943602372598
2026-06-01,2026-06-01 10:52:56,V019,103.0,1.0370762175768595
2026-06-01,2026-06-01 10:52:57,V019,103.0,0.969473945875584
2026-06-01,2026-06-01 10:52:58,V019,102.0,1.0263436432183393
2026-06-01,2026-06-01 10:52:59,V019,102.0,0.9967683145977309
2026-06-01,2026-06-01 10:53:00,V019,102.0,1.0324015533095094
2026-06-01,2026-06-01 10:53:01,V019,102.0,0.9639197279927866
2026-06-01,2026-06-01 10:53:02,V019,102.0,0.9753476762973332
2026-06-01,2026-06-01 10:53:03,V019,102.0,1.037218994608534
2026-06-01,2026-06-01 10:53:04,V019,102.0,1.0058309163735308
2026-06-01,2026-06-01 10:53:05,V019,102.0,0.9928339432397123
2026-06-01,2026-06-01 10:53:06,V019,103.0,1.0023911328899506
2026-06-01,2026-06-01 10:53:07,V019,103.0,0.9793651883949998
2026-06-01,2026-06-01 10:53:08,V019,103.0,0.9805516384384898
2026-06-01,2026-06-01 10:53:09,V019,103.0,0.9729529107741663
2026-06-01,2026-06-01 10:53:10,V019,103.0,1.039909737491979
2026-06-01,2026-06-01 10:53:11,V019,104.0,0.9823932613290426
2026-06-01,2026-06-01 10:53:12,V019,104.0,0.989864386793954
2026-06-01,2026-06-01 10:53:13,V019,103.0,0.9859718204466452
2026-06-01,2026-06-01 10:53:14,V019,103.0,1.0047861338937516
2026-06-01,2026-06-01 10:53:15,V019,103.0,1.0084560830614668
2026-06-01,2026-06-01 10:53:16,V019,103.0,1.0035378064768534
2026-06-01,2026-06-01 10:53:17,V019,103.0,0.9891288089706259
2026-06-01,2026-06-01 10:53:18,V019,103.0,0.9850337370117899
2026-06-01,2026-06-01 10:53:19,V019,103.0,0.9837982587259225
2026-06-01,2026-06-01 10:53:20,V019,103.0,1.008293953409265
2026-06-01,2026-06-01 10:53:21,V019,104.0,1.0700172046762901
2026-06-01,2026-06-01 10:53:22,V019,104.0,0.9749845686387931
2026-06-01,2026-06-01 10:53:23,V019,104.0,0.9873987991520862
2026-06-01,2026-06-01 10:53:24,V019,104.0,0.9908780167926873
2026-06-01,2026-06-01 10:53:25,V019,104.0,1.1747465869977232
2026-06-01,2026-06-01 10:53:26,V019,104.0,1.135847948236064
2026-06-01,2026-06-01 10:53:27,V019,104.0,1.0110517021817125
2026-06-01,2026-06-01 10:53:28,V019,104.0,1.045144029883786
2026-06-01,2026-06-01 10:53:29,V019,104.0,0.9840605090333844
2026-06-01,2026-06-01 10:53:30,V019,105.0,1.0159242565614843
2026-06-01,2026-06-01 10:53:31,V019,104.0,0.9734641243893541
2026-06-01,2026-06-01 10:53:32,V019,104.0,1.0178712969447588
2026-06-01,2026-06-01 10:53:33,V019,103.0,0.9834945839671014
2026-06-01,2026-06-01 10:53:34,V019,103.0,0.9801142736723525
2026-06-01,2026-06-01 10:53:35,V019,104.0,0.9838391373373827
2026-06-01,2026-06-01 10:53:36,V019,104.0,0.9828336016222529
2026-06-01,2026-06-01 10:53:37,V019,104.0,0.9894577532418763
2026-06-01,2026-06-01 10:53:38,V019,104.0,0.979952443643996
2026-06-01,2026-06-01 10:53:39,V019,105.0,0.9829646161131379
2026-06-01,2026-06-01 10:53:40,V019,105.0,0.9772885170108252
2026-06-01,2026-06-01 10:53:41,V019,106.0,0.9792590496175905
2026-06-01,2026-06-01 10:53:42,V019,106.0,0.9795193759722517
2026-06-01,2026-06-01 10:53:43,V019,105.0,0.9782208034444323
2026-06-01,2026-06-01 10:53:44,V019,105.0,0.9784236635972672
2026-06-01,2026-06-01 10:53:45,V019,105.0,0.9826120437549948
2026-06-01,2026-06-01 10:53:46,V019,104.0,0.9860684035473517
2026-06-01,2026-06-01 10:53:47,V019,103.0,0.9793292125594094
2026-06-01,2026-06-01 10:53:48,V019,102.0,0.979545942279168
2026-06-01,2026-06-01 10:53:49,V019,102.0,0.9836692412493945
2026-06-01,2026-06-01 10:53:50,V019,101.0,0.9925941043213072
2026-06-01,2026-06-01 10:53:51,V019,101.0,0.9872554202225939
2026-06-01,2026-06-01 10:53:52,V019,101.0,0.9807603489917788
2026-06-01,2026-06-01 10:53:53,V019,101.0,0.9984357123398127
2026-06-01,2026-06-01 10:53:54,V019,101.0,0.9794783394466191
2026-06-01,2026-06-01 10:53:55,V019,100.0,0.9748023191039927
2026-06-01,2026-06-01 10:53:56,V019,100.0,0.9958157852951244
2026-06-01,2026-06-01 10:53:57,V019,100.0,1.0023506350508133
2026-06-01,2026-06-01 10:53:58,V019,100.0,0.9770494246292012
2026-06-01,2026-06-01 10:53:59,V019,100.0,0.9841972473153151
2026-06-01,2026-06-01 10:54:00,V019,100.0,0.9831625025964846
2026-06-01,2026-06-01 10:54:01,V019,100.0,0.9736883518466832
2026-06-01,2026-06-01 10:54:02,V019,100.0,0.9868786088103664
2026-06-01,2026-06-01 10:54:03,V019,100.0,0.9758738137837408
2026-06-01,2026-06-01 10:54:04,V019,100.0,0.9913238907658237
2026-06-01,2026-06-01 10:54:05,V019,101.0,0.971916634337009
2026-06-01,2026-06-01 10:54:06,V019,101.0,0.9805233517480489
2026-06-01,2026-06-01 10:54:07,V019,101.0,0.9815677801743576
2026-06-01,2026-06-01 10:54:08,V019,101.0,0.9818314519440517
2026-06-01,2026-06-01 10:54:09,V019,101.0,0.9964523809224481
2026-06-01,2026-06-01 10:54:10,V019,101.0,0.9732365598575149
2026-06-01,2026-06-01 10:54:11,V019,101.0,0.9807997978516111
2026-06-01,2026-06-01 10:54:12,V019,99.0,0.9773160846719906
2026-06-01,2026-06-01 10:54:13,V019,98.0,0.9922526631389827
2026-06-01,2026-06-01 10:54:14,V019,98.0,0.9695018256425789
2026-06-01,2026-06-01 10:54:15,V019,97.0,0.9779834378876623
2026-06-01,2026-06-01 10:54:16,V019,97.0,0.9783172557335854
2026-06-01,2026-06-01 10:54:17,V019,97.0,0.9845964204690876
2026-06-01,2026-06-01 10:54:18,V019,97.0,0.9945527630841113
2026-06-01,2026-06-01 10:54:19,V019,98.0,0.9831707233448967
2026-06-01,2026-06-01 10:54:20,V019,98.0,1.041724599919772
2026-06-01,2026-06-01 10:54:21,V019,98.0,0.9625837119236316
2026-06-01,2026-06-01 10:54:22,V019,99.0,0.9894277565762518
2026-06-01,2026-06-01 10:54:23,V019,100.0,1.0053036940205617
2026-06-01,2026-06-01 10:54:24,V019,100.0,0.9867119096890095
2026-06-01,2026-06-01 10:54:25,V019,101.0,1.0073467774142295
2026-06-01,2026-06-01 10:54:26,V019,101.0,1.0072296810003432
2026-06-01,2026-06-01 10:54:27,V019,102.0,0.9923341255485074
2026-06-01,2026-06-01 10:54:28,V019,103.0,0.984426695474609
2026-06-01,2026-06-01 10:54:29,V019,103.0,0.9877930345515126
2026-06-01,2026-06-01 10:54:30,V019,105.0,0.9881696679790487
2026-06-01,2026-06-01 10:54:31,V019,106.0,0.9991147186581337
2026-06-01,2026-06-01 10:54:32,V019,106.0,0.9720520934523735
2026-06-01,2026-06-01 10:54:33,V019,109.0,0.9873376596421486
2026-06-01,2026-06-01 10:54:34,V019,110.0,1.0705909100909512
2026-06-01,2026-06-01 10:54:35,V019,112.0,1.0315170101631945
2026-06-01,2026-06-01 10:54:36,V019,112.0,1.0124313828656353
2026-06-01,2026-06-01 10:54:37,V019,113.0,1.0087184749818385
2026-06-01,2026-06-01 10:54:38,V019,113.0,1.0611656716169378
2026-06-01,2026-06-01 10:54:39,V019,113.0,1.0373231478846088
2026-06-01,2026-06-01 10:54:40,V019,113.0,1.02624573034979
2026-06-01,2026-06-01 10:54:41,V019,114.0,1.0287417400141357
2026-06-01,2026-06-01 10:54:42,V019,114.0,1.1013068098037604
2026-06-01,2026-06-01 10:54:43,V019,113.0,1.186275524831704
2026-06-01,2026-06-01 10:54:44,V019,113.0,1.0237324559390377
2026-06-01,2026-06-01 10:54:45,V019,112.0,1.0157793654664935
2026-06-01,2026-06-01 10:54:46,V019,111.0,1.0594084616086021
2026-06-01,2026-06-01 10:54:47,V019,111.0,1.0393398272432997
2026-06-01,2026-06-01 10:54:48,V019,111.0,1.0677225879896761
2026-06-01,2026-06-01 10:54:49,V019,110.0,1.0279111185027001
2026-06-01,2026-06-01 10:54:50,V019,110.0,0.9805565875098594
2026-06-01,2026-06-01 10:54:51,V019,110.0,1.0174639916631054
2026-06-01,2026-06-01 10:54:52,V019,110.0,0.9962659111755254
2026-06-01,2026-06-01 10:54:53,V019,111.0,0.9612877209786798
2026-06-01,2026-06-01 10:54:54,V019,112.0,1.006741940486427
2026-06-01,2026-06-01 10:54:55,V019,112.0,1.041269898114995
2026-06-01,2026-06-01 10:54:56,V019,112.0,1.0079043546481667
2026-06-01,2026-06-01 10:54:57,V019,113.0,0.9850016498650647
2026-06-01,2026-06-01 10:54:58,V019,113.0,1.0025369308482137
2026-06-01,2026-06-01 10:54:59,V019,114.0,1.002403386838892
2026-06-01,2026-06-01 10:55:00,V019,114.0,1.002578505851069
2026-06-01,2026-06-01 10:55:01,V019,115.0,0.9868086687365386
2026-06-01,2026-06-01 10:55:02,V019,115.0,1.0060605854094353
2026-06-01,2026-06-01 10:55:03,V019,115.0,1.0768979390948705
2026-06-01,2026-06-01 10:55:04,V019,115.0,0.9663626881037439
2026-06-01,2026-06-01 10:55:05,V019,115.0,1.002481606892711
2026-06-01,2026-06-01 10:55:06,V019,116.0,1.0072398821329211
2026-06-01,2026-06-01 10:55:07,V019,116.0,1.0359425278140433
2026-06-01,2026-06-01 10:55:08,V019,116.0,1.0554501775735905
2026-06-01,2026-06-01 10:55:09,V019,116.0,1.0128569997281398
2026-06-01,2026-06-01 10:55:10,V019,116.0,1.0184755840249928
2026-06-01,2026-06-01 10:55:11,V019,116.0,1.0707593951198817
2026-06-01,2026-06-01 10:55:12,V019,116.0,1.015341995263491
2026-06-01,2026-06-01 10:55:13,V019,116.0,1.1339032224380527
2026-06-01,2026-06-01 10:55:14,V019,116.0,1.1175699861614818
2026-06-01,2026-06-01 10:55:15,V019,116.0,0.9943840278956348
2026-06-01,2026-06-01 10:55:16,V019,116.0,1.0013880751614628
2026-06-01,2026-06-01 10:55:17,V019,116.0,1.0046853958648003
2026-06-01,2026-06-01 10:55:18,V019,116.0,1.004745750273916
2026-06-01,2026-06-01 10:55:19,V019,116.0,1.0197829006647368
2026-06-01,2026-06-01 10:55:20,V019,116.0,1.547626083404584
2026-06-01,2026-06-01 10:55:21,V019,117.0,1.2003534155334141
2026-06-01,2026-06-01 10:55:22,V019,117.0,1.043854396944649
2026-06-01,2026-06-01 10:55:23,V019,117.0,0.9906478846345844
2026-06-01,2026-06-01 10:55:24,V019,117.0,1.0300666831290748
2026-06-01,2026-06-01 10:55:25,V019,118.0,1.071705142712016
2026-06-01,2026-06-01 10:55:26,V019,119.0,0.9794712980297062
2026-06-01,2026-06-01 10:55:27,V019,120.0,1.010181769320228
2026-06-01,2026-06-01 10:55:28,V019,120.0,1.0062276797237935
2026-06-01,2026-06-01 10:55:29,V019,120.0,0.987746069327627
2026-06-01,2026-06-01 10:55:30,V019,121.0,0.9818692328027211
2026-06-01,2026-06-01 10:55:31,V019,121.0,0.9906872177925466
2026-06-01,2026-06-01 10:55:32,V019,121.0,0.9986462809903168
2026-06-01,2026-06-01 10:55:33,V019,121.0,1.0261228382444416
2026-06-01,2026-06-01 10:55:34,V019,121.0,0.9769394234480653
2026-06-01,2026-06-01 10:55:35,V019,122.0,0.9789688424224183
2026-06-01,2026-06-01 10:55:36,V019,122.0,1.0372479479693448
2026-06-01,2026-06-01 10:55:37,V019,122.0,1.0357345587071163
2026-06-01,2026-06-01 10:55:38,V019,122.0,1.112188489984761
2026-06-01,2026-06-01 10:55:39,V019,121.0,1.1770157055351516
2026-06-01,2026-06-01 10:55:40,V019,121.0,0.9762635473102773
2026-06-01,2026-06-01 10:55:41,V019,120.0,1.0120249199983251
2026-06-01,2026-06-01 10:55:42,V019,118.0,1.0028698696223732
2026-06-01,2026-06-01 10:55:43,V019,117.0,1.0053096071225893
2026-06-01,2026-06-01 10:55:44,V019,117.0,1.010083742215253
2026-06-01,2026-06-01 10:55:45,V019,117.0,0.9962416795752831
2026-06-01,2026-06-01 10:55:46,V019,116.0,1.0305809045440262
2026-06-01,2026-06-01 10:55:47,V019,116.0,0.9566239406063192
2026-06-01,2026-06-01 10:55:48,V019,115.0,0.9846038095251987
2026-06-01,2026-06-01 10:55:49,V019,115.0,0.9889823089197511
2026-06-01,2026-06-01 10:55:50,V019,115.0,0.9851457760487775
2026-06-01,2026-06-01 10:55:51,V019,115.0,0.9990359394440262
2026-06-01,2026-06-01 10:55:52,V019,115.0,0.9849393002748512
2026-06-01,2026-06-01 10:55:53,V019,116.0,0.9954330454251815
2026-06-01,2026-06-01 10:55:54,V019,116.0,1.1004513937294884
2026-06-01,2026-06-01 10:55:55,V019,117.0,0.9745017654792094
2026-06-01,2026-06-01 10:55:56,V019,118.0,0.9652895494939373
2026-06-01,2026-06-01 10:55:57,V019,118.0,1.0241478768647243
2026-06-01,2026-06-01 10:55:58,V019,117.0,1.0013617157149182
2026-06-01,2026-06-01 10:55:59,V019,117.0,0.981589679606486
2026-06-01,2026-06-01 10:56:00,V019,116.0,1.0011993240695716
2026-06-01,2026-06-01 10:56:01,V019,116.0,1.035882176190058
2026-06-01,2026-06-01 10:56:02,V019,116.0,0.9813073893481745
2026-06-01,2026-06-01 10:56:03,V019,115.0,1.0118405127133097
2026-06-01,2026-06-01 10:56:04,V019,114.0,0.9886164966061274
2026-06-01,2026-06-01 10:56:05,V019,113.0,1.0019067816016938
2026-06-01,2026-06-01 10:56:06,V019,113.0,1.076719465421883
2026-06-01,2026-06-01 10:56:07,V019,112.0,1.0012805321829734
2026-06-01,2026-06-01 10:56:08,V019,112.0,1.002231907140334
2026-06-01,2026-06-01 10:56:09,V019,112.0,0.9972877721852622
2026-06-01,2026-06-01 10:56:10,V019,112.0,1.0437112594797442
2026-06-01,2026-06-01 10:56:11,V019,111.0,0.9773661453846376
2026-06-01,2026-06-01 10:56:12,V019,110.0,0.9820286385437574
2026-06-01,2026-06-01 10:56:13,V019,109.0,1.0424984303989175
2026-06-01,2026-06-01 10:56:14,V019,109.0,0.8946943084859817
2026-06-01,2026-06-01 10:56:15,V019,108.0,1.1497906327724823
2026-06-01,2026-06-01 10:56:16,V019,108.0,0.9939754578004644
2026-06-01,2026-06-01 10:56:17,V019,108.0,0.9940755492631387
2026-06-01,2026-06-01 10:56:18,V019,108.0,0.9924438267181527
2026-06-01,2026-06-01 10:56:19,V019,108.0,1.0111646038003748
2026-06-01,2026-06-01 10:56:20,V019,107.0,1.0205530099677038
2026-06-01,2026-06-01 10:56:21,V019,107.0,0.991661978362464
2026-06-01,2026-06-01 10:56:22,V019,107.0,1.0010152344478684
2026-06-01,2026-06-01 10:56:23,V019,107.0,0.9800815162355139
2026-06-01,2026-06-01 10:56:24,V019,108.0,0.9852188276639559
2026-06-01,2026-06-01 10:56:25,V019,108.0,0.9882907482555426
2026-06-01,2026-06-01 10:56:26,V019,108.0,0.9868028214056084
2026-06-01,2026-06-01 10:56:27,V019,109.0,0.999168075343565
2026-06-01,2026-06-01 10:56:28,V019,110.0,1.0220125582471098
2026-06-01,2026-06-01 10:56:29,V019,109.0,0.9737227124604224
2026-06-01,2026-06-01 10:56:30,V019,109.0,0.9847630646808018
2026-06-01,2026-06-01 10:56:31,V019,108.0,0.9921045698015953
2026-06-01,2026-06-01 10:56:32,V019,108.0,0.9937448335872658
2026-06-01,2026-06-01 10:56:33,V019,107.0,0.997777176362399
2026-06-01,2026-06-01 10:56:34,V019,107.0,0.9818523921092485
2026-06-01,2026-06-01 10:56:35,V019,107.0,0.9996391148686075
2026-06-01,2026-06-01 10:56:36,V019,106.0,1.0306493836634754
2026-06-01,2026-06-01 10:56:37,V019,106.0,1.0580946081658797
2026-06-01,2026-06-01 10:56:38,V019,106.0,1.0052456299203154
2026-06-01,2026-06-01 10:56:39,V019,106.0,1.0457240186995898
2026-06-01,2026-06-01 10:56:40,V019,105.0,0.9958261788065891
2026-06-01,2026-06-01 10:56:41,V019,105.0,0.9871469519931882
2026-06-01,2026-06-01 10:56:42,V019,105.0,1.0013334248372159
2026-06-01,2026-06-01 10:56:43,V019,105.0,1.0739394039042445
2026-06-01,2026-06-01 10:56:44,V019,105.0,1.0559596266092257
2026-06-01,2026-06-01 10:56:45,V019,105.0,1.0440349344909743
2026-06-01,2026-06-01 10:56:46,V019,105.0,1.0290137048378951
2026-06-01,2026-06-01 10:56:47,V019,104.0,1.0333585838530037
2026-06-01,2026-06-01 10:56:48,V019,104.0,1.0415979173277807
2026-06-01,2026-06-01 10:56:49,V019,104.0,1.1708151086393177
2026-06-01,2026-06-01 10:56:50,V019,104.0,1.2927246343869438
2026-06-01,2026-06-01 10:56:51,V019,104.0,1.0630090541975383
2026-06-01,2026-06-01 10:56:52,V019,104.0,0.9914487576737001
2026-06-01,2026-06-01 10:56:53,V019,105.0,1.0280718192992628
2026-06-01,2026-06-01 10:56:54,V019,106.0,0.9684237186490653
2026-06-01,2026-06-01 10:56:55,V019,107.0,1.1021173179095176
2026-06-01,2026-06-01 10:56:56,V019,109.0,1.0625130253943846
2026-06-01,2026-06-01 10:56:57,V019,110.0,1.0139582344317575
2026-06-01,2026-06-01 10:56:58,V019,110.0,1.0179615913657791
2026-06-01,2026-06-01 10:56:59,V019,111.0,1.0371589146602815
2026-06-01,2026-06-01 10:57:00,V019,111.0,1.0160274416029929
2026-06-01,2026-06-01 10:57:01,V019,112.0,1.0555195494321212
2026-06-01,2026-06-01 10:57:02,V019,112.0,1.1622767513814598
2026-06-01,2026-06-01 10:57:03,V019,113.0,1.0179504349370065
2026-06-01,2026-06-01 10:57:04,V019,114.0,1.0119909842542825
2026-06-01,2026-06-01 10:57:05,V019,115.0,1.080878683696214
2026-06-01,2026-06-01 10:57:06,V019,115.0,1.0248902037204455
2026-06-01,2026-06-01 10:57:07,V019,115.0,1.0831003183069177
2026-06-01,2026-06-01 10:57:08,V019,115.0,0.9164639672505269
2026-06-01,2026-06-01 10:57:09,V019,115.0,0.9510830156386092
2026-06-01,2026-06-01 10:57:10,V019,115.0,1.0814166536554817
2026-06-01,2026-06-01 10:57:11,V019,115.0,0.9898201383707933
2026-06-01,2026-06-01 10:57:12,V019,114.0,0.9885444771131884
2026-06-01,2026-06-01 10:57:13,V019,114.0,0.9850759163292414
2026-06-01,2026-06-01 10:57:14,V019,114.0,1.011315218890054
2026-06-01,2026-06-01 10:57:15,V019,113.0,1.295868949475505
2026-06-01,2026-06-01 10:57:16,V019,113.0,0.9928648606862764
2026-06-01,2026-06-01 10:57:17,V019,113.0,0.9960838148952019
2026-06-01,2026-06-01 10:57:18,V019,113.0,1.0038483442328205
2026-06-01,2026-06-01 10:57:19,V019,114.0,0.9816605587174796
2026-06-01,2026-06-01 10:57:20,V019,113.0,0.9838078793974019
2026-06-01,2026-06-01 10:57:21,V019,113.0,0.9807097711520626
2026-06-01,2026-06-01 10:57:22,V019,113.0,1.0615994505703403
2026-06-01,2026-06-01 10:57:23,V019,113.0,1.0025529714539698
2026-06-01,2026-06-01 10:57:24,V019,113.0,1.0080845799241709
2026-06-01,2026-06-01 10:57:25,V019,112.0,1.0314958104743313
2026-06-01,2026-06-01 10:57:26,V019,112.0,0.9988550161582719
2026-06-01,2026-06-01 10:57:27,V019,111.0,1.0216378849580021
2026-06-01,2026-06-01 10:57:28,V019,109.0,0.9989202794084969
2026-06-01,2026-06-01 10:57:29,V019,109.0,1.0014129154388056
2026-06-01,2026-06-01 10:57:30,V019,109.0,1.0538371533195967
2026-06-01,2026-06-01 10:57:31,V019,109.0,0.9881996950674469
2026-06-01,2026-06-01 10:57:32,V019,109.0,0.9934951649701339
2026-06-01,2026-06-01 10:57:33,V019,109.0,1.0199499527667202
2026-06-01,2026-06-01 10:57:34,V019,110.0,1.0301402567239135
2026-06-01,2026-06-01 10:57:35,V019,110.0,0.9954719123751214
2026-06-01,2026-06-01 10:57:36,V019,110.0,0.9915834350480205
2026-06-01,2026-06-01 10:57:37,V019,110.0,1.0218219464402898
2026-06-01,2026-06-01 10:57:38,V019,110.0,1.048058202905005
2026-06-01,2026-06-01 10:57:39,V019,111.0,0.9655949444335954
2026-06-01,2026-06-01 10:57:40,V019,111.0,1.0215153249229219
2026-06-01,2026-06-01 10:57:41,V019,112.0,0.976865938199093
2026-06-01,2026-06-01 10:57:42,V019,113.0,1.0360220988862667
2026-06-01,2026-06-01 10:57:43,V019,114.0,1.0576633474305261
2026-06-01,2026-06-01 10:57:44,V019,114.0,0.9813365885889832
2026-06-01,2026-06-01 10:57:45,V019,114.0,1.0785714845774608
2026-06-01,2026-06-01 10:57:46,V019,114.0,0.9900685306275142
2026-06-01,2026-06-01 10:57:47,V019,114.0,1.0054099760480117
2026-06-01,2026-06-01 10:57:48,V019,114.0,1.02906661857608
2026-06-01,2026-06-01 10:57:49,V019,114.0,0.9849275989245724
2026-06-01,2026-06-01 10:57:50,V019,114.0,1.057736495362677
2026-06-01,2026-06-01 10:57:51,V019,113.0,0.9861459698666
2026-06-01,2026-06-01 10:57:52,V019,113.0,1.005236379350696
2026-06-01,2026-06-01 10:57:53,V019,112.0,1.0016784107200385
2026-06-01,2026-06-01 10:57:54,V019,113.0,0.9842869028159215
2026-06-01,2026-06-01 10:57:55,V019,113.0,1.034213635687697
2026-06-01,2026-06-01 10:57:56,V019,113.0,1.0171103669302815
2026-06-01,2026-06-01 10:57:57,V019,113.0,1.0558064782724488
2026-06-01,2026-06-01 10:57:58,V019,113.0,1.0206545267089635
2026-06-01,2026-06-01 10:57:59,V019,113.0,0.9947696231693988
2026-06-01,2026-06-01 10:58:00,V019,114.0,0.9902019712888651
2026-06-01,2026-06-01 10:58:01,V019,114.0,1.0711634950881468
2026-06-01,2026-06-01 10:58:02,V019,114.0,0.9947372051512331
2026-06-01,2026-06-01 10:58:03,V019,114.0,1.00794098652713
2026-06-01,2026-06-01 10:58:04,V019,114.0,1.1521920332929025
2026-06-01,2026-06-01 10:58:05,V019,115.0,1.0800156998460415
2026-06-01,2026-06-01 10:58:06,V019,115.0,1.1628683282285197
2026-06-01,2026-06-01 10:58:07,V019,115.0,1.0158864973181072
2026-06-01,2026-06-01 10:58:08,V019,115.0,1.0016345980303372
2026-06-01,2026-06-01 10:58:09,V019,115.0,1.232137453269729
2026-06-01,2026-06-01 10:58:10,V019,115.0,1.1088432959338852
2026-06-01,2026-06-01 10:58:11,V019,115.0,1.0049670860363924
2026-06-01,2026-06-01 10:58:12,V019,115.0,0.9858137766553763
2026-06-01,2026-06-01 10:58:13,V019,115.0,0.9962635534478982
2026-06-01,2026-06-01 10:58:14,V019,116.0,0.9830198754713765
2026-06-01,2026-06-01 10:58:15,V019,116.0,1.0033314297813432
2026-06-01,2026-06-01 10:58:16,V019,116.0,1.1729585166878334
2026-06-01,2026-06-01 10:58:17,V019,116.0,1.0704619554577386
2026-06-01,2026-06-01 10:58:18,V019,116.0,1.044752741762728
2026-06-01,2026-06-01 10:58:19,V019,116.0,0.9154327474093108
2026-06-01,2026-06-01 10:58:20,V019,116.0,1.1288712708937707
2026-06-01,2026-06-01 10:58:21,V019,117.0,1.0060152489289893
2026-06-01,2026-06-01 10:58:22,V019,118.0,1.0107946630069604
2026-06-01,2026-06-01 10:58:23,V019,119.0,0.9813943474140372
2026-06-01,2026-06-01 10:58:24,V019,119.0,1.0128500014266013
2026-06-01,2026-06-01 10:58:25,V019,119.0,1.1507652818037843
2026-06-01,2026-06-01 10:58:26,V019,118.0,0.9770950144704034
2026-06-01,2026-06-01 10:58:27,V019,118.0,1.0188944559739592
2026-06-01,2026-06-01 10:58:28,V019,118.0,0.9994545249506485
2026-06-01,2026-06-01 10:58:29,V019,118.0,1.0104255102151831
2026-06-01,2026-06-01 10:58:30,V019,118.0,1.0446655936982274
2026-06-01,2026-06-01 10:58:31,V019,118.0,0.9962564420691824
2026-06-01,2026-06-01 10:58:32,V019,118.0,1.040145118456943
2026-06-01,2026-06-01 10:58:33,V019,118.0,1.0216841070340559
2026-06-01,2026-06-01 10:58:34,V019,118.0,1.0296690374226578
2026-06-01,2026-06-01 10:58:35,V019,119.0,1.0134714211147746
2026-06-01,2026-06-01 10:58:36,V019,119.0,1.0049484641106177
2026-06-01,2026-06-01 10:58:37,V019,119.0,1.0358613085557664
2026-06-01,2026-06-01 10:58:38,V019,119.0,0.9946512820399321
2026-06-01,2026-06-01 10:58:39,V019,119.0,1.0326875820802086
2026-06-01,2026-06-01 10:58:40,V019,119.0,0.9948271819682282
2026-06-01,2026-06-01 10:58:41,V019,119.0,0.9779240613803939
2026-06-01,2026-06-01 10:58:42,V019,119.0,1.0094569206384916
2026-06-01,2026-06-01 10:58:43,V019,119.0,0.9820236217570533
2026-06-01,2026-06-01 10:58:44,V019,119.0,0.9936054683150526
2026-06-01,2026-06-01 10:58:45,V019,119.0,0.9832086882815035
2026-06-01,2026-06-01 10:58:46,V019,118.0,0.989272359562755
2026-06-01,2026-06-01 10:58:47,V019,118.0,1.1271184792214737
2026-06-01,2026-06-01 10:58:48,V019,118.0,1.0092248888489346
2026-06-01,2026-06-01 10:58:49,V019,118.0,1.017589355253299
2026-06-01,2026-06-01 10:58:50,V019,118.0,0.9932852551036254
2026-06-01,2026-06-01 10:58:51,V019,117.0,0.988853436261343
2026-06-01,2026-06-01 10:58:52,V019,117.0,0.9907153498513463
2026-06-01,2026-06-01 10:58:53,V019,117.0,0.9851353279201506
2026-06-01,2026-06-01 10:58:54,V019,117.0,0.987602050487557
2026-06-01,2026-06-01 10:58:55,V019,117.0,1.0379873518269538
2026-06-01,2026-06-01 10:58:56,V019,117.0,1.0454840479378402
2026-06-01,2026-06-01 10:58:57,V019,117.0,1.0448053849525816
2026-06-01,2026-06-01 10:58:58,V019,116.0,0.9896591530308853
2026-06-01,2026-06-01 10:58:59,V019,116.0,0.9819629934992358
2026-06-01,2026-06-01 10:59:00,V019,116.0,1.0215360843230328
2026-06-01,2026-06-01 10:59:01,V019,116.0,0.9851899829556827
2026-06-01,2026-06-01 10:59:02,V019,116.0,0.988396670286646
2026-06-01,2026-06-01 10:59:03,V019,116.0,0.9880204930502877
2026-06-01,2026-06-01 10:59:04,V019,116.0,1.0081652316742464
2026-06-01,2026-06-01 10:59:05,V019,116.0,0.9869670561819435
2026-06-01,2026-06-01 10:59:06,V019,115.0,0.9949469370036191
2026-06-01,2026-06-01 10:59:07,V019,114.0,0.9875338365912186
2026-06-01,2026-06-01 10:59:08,V019,114.0,0.9875218200191299
2026-06-01,2026-06-01 10:59:09,V019,114.0,1.0041489892682856
2026-06-01,2026-06-01 10:59:10,V019,112.0,0.9775667963836039
2026-06-01,2026-06-01 10:59:11,V019,111.0,1.056443121319223
2026-06-01,2026-06-01 10:59:12,V019,111.0,1.048588630555164
2026-06-01,2026-06-01 10:59:13,V019,111.0,1.0186144130243937
2026-06-01,2026-06-01 10:59:14,V019,111.0,1.030499337771681
2026-06-01,2026-06-01 10:59:15,V019,111.0,0.9748285674558601
2026-06-01,2026-06-01 10:59:16,V019,111.0,1.0254385241760866
2026-06-01,2026-06-01 10:59:17,V019,111.0,0.9994087093879833
2026-06-01,2026-06-01 10:59:18,V019,111.0,0.9941128872991658
2026-06-01,2026-06-01 10:59:19,V019,110.0,1.00047172234334
2026-06-01,2026-06-01 10:59:20,V019,110.0,0.9885908745118687
2026-06-01,2026-06-01 10:59:21,V019,110.0,0.9854501046008036
2026-06-01,2026-06-01 10:59:22,V019,110.0,1.008048643133619
2026-06-01,2026-06-01 10:59:23,V019,110.0,1.0230468956110017
2026-06-01,2026-06-01 10:59:24,V019,110.0,1.0380617642151855
2026-06-01,2026-06-01 10:59:25,V019,111.0,0.9874856571817935
2026-06-01,2026-06-01 10:59:26,V019,111.0,0.9928367494150321
2026-06-01,2026-06-01 10:59:27,V019,112.0,0.9675144794404765
2026-06-01,2026-06-01 10:59:28,V019,112.0,1.0728623086559008
2026-06-01,2026-06-01 10:59:29,V019,113.0,0.9892251368873064
2026-06-01,2026-06-01 10:59:30,V019,114.0,0.9925168530665991
2026-06-01,2026-06-01 10:59:31,V019,114.0,1.0095975298269482
2026-06-01,2026-06-01 10:59:32,V019,114.0,0.9901886516429548
2026-06-01,2026-06-01 10:59:33,V019,114.0,1.0133963188010153
2026-06-01,2026-06-01 10:59:34,V019,113.0,1.0135861239436808
2026-06-01,2026-06-01 10:59:35,V019,112.0,0.9921262834026451
2026-06-01,2026-06-01 10:59:36,V019,112.0,0.9914808488102385
2026-06-01,2026-06-01 10:59:37,V019,111.0,0.9894862691472632
2026-06-01,2026-06-01 10:59:38,V019,111.0,1.0095594289488647
2026-06-01,2026-06-01 10:59:39,V019,111.0,0.9727090768835052
2026-06-01,2026-06-01 10:59:40,V019,111.0,1.0211356955771438
2026-06-01,2026-06-01 10:59:41,V019,111.0,0.9855361559966567
2026-06-01,2026-06-01 10:59:42,V019,111.0,1.008422656481511
2026-06-01,2026-06-01 10:59:43,V019,110.0,0.9803380580225709
2026-06-01,2026-06-01 10:59:44,V019,110.0,1.1230567035577226
2026-06-01,2026-06-01 10:59:45,V019,109.0,1.0171469542233103
2026-06-01,2026-06-01 10:59:46,V019,107.0,1.0060470556420424
2026-06-01,2026-06-01 10:59:47,V019,107.0,1.0000541865925145
2026-06-01,2026-06-01 10:59:48,V019,107.0,0.9892650860860769
2026-06-01,2026-06-01 10:59:49,V019,107.0,0.9903351920697698
2026-06-01,2026-06-01 10:59:50,V019,107.0,0.9849908293868045
2026-06-01,2026-06-01 10:59:51,V019,107.0,0.9873503916770718
2026-06-01,2026-06-01 10:59:52,V019,107.0,0.9881475076554627
2026-06-01,2026-06-01 10:59:53,V019,108.0,0.9821791973594031
2026-06-01,2026-06-01 10:59:54,V019,108.0,1.0455608598229686
2026-06-01,2026-06-01 10:59:55,V019,108.0,1.1963845748587842
2026-06-01,2026-06-01 10:59:56,V019,108.0,1.1061758388605694
2026-06-01,2026-06-01 10:59:57,V019,108.0,1.0288786253450835
2026-06-01,2026-06-01 10:59:58,V019,107.0,0.9974719532562699
2026-06-01,2026-06-01 10:59:59,V019,108.0,0.9899970487195351
2026-06-01,2026-06-01 11:00:00,V019,108.0,1.0031529254771192
2026-06-01,2026-06-01 11:00:01,V019,109.0,0.9807008038484112
2026-06-01,2026-06-01 11:00:02,V019,109.0,0.9852310292379356
2026-06-01,2026-06-01 11:00:03,V019,110.0,0.9887289407337322
2026-06-01,2026-06-01 11:00:04,V019,110.0,0.9874186115895911
2026-06-01,2026-06-01 11:00:05,V019,111.0,0.9857414481336391
2026-06-01,2026-06-01 11:00:06,V019,111.0,0.9875967986407648
2026-06-01,2026-06-01 11:00:07,V019,112.0,0.9888349997265733
2026-06-01,2026-06-01 11:00:08,V019,112.0,0.9883073162641196
2026-06-01,2026-06-01 11:00:09,V019,112.0,0.9876518096515268
2026-06-01,2026-06-01 11:00:10,V019,112.0,0.9868968747383197
2026-06-01,2026-06-01 11:00:11,V019,111.0,1.0824691895306062
2026-06-01,2026-06-01 11:00:12,V019,111.0,1.0758836355337145
2026-06-01,2026-06-01 11:00:13,V019,111.0,1.0664947336655626
2026-06-01,2026-06-01 11:00:14,V019,111.0,1.0384490791670724
2026-06-01,2026-06-01 11:00:15,V019,111.0,1.0515679696537519
2026-06-01,2026-06-01 11:00:16,V019,111.0,1.091601386292445
2026-06-01,2026-06-01 11:00:17,V019,111.0,1.0129040911339382
2026-06-01,2026-06-01 11:00:18,V019,111.0,1.0014122089175381
2026-06-01,2026-06-01 11:00:19,V019,111.0,1.107810424574575
2026-06-01,2026-06-01 11:00:20,V019,111.0,1.074385498469321
2026-06-01,2026-06-01 11:00:21,V019,111.0,1.0462579699622212
2026-06-01,2026-06-01 11:00:22,V019,112.0,1.0779680486712926
2026-06-01,2026-06-01 11:00:23,V019,112.0,1.4560700208656967
2026-06-01,2026-06-01 11:00:24,V019,112.0,1.061160306055474
2026-06-01,2026-06-01 11:00:25,V019,112.0,1.0519907839801546
2026-06-01,2026-06-01 11:00:26,V019,112.0,1.1204982957064749
2026-06-01,2026-06-01 11:00:27,V019,112.0,1.0269576203798996
2026-06-01,2026-06-01 11:00:28,V019,112.0,0.9986651267364046
2026-06-01,2026-06-01 11:00:29,V019,113.0,1.0577915982810648
2026-06-01,2026-06-01 11:00:30,V019,113.0,0.9831322072096973
2026-06-01,2026-06-01 11:00:31,V019,114.0,1.0306177429646612
2026-06-01,2026-06-01 11:00:32,V019,115.0,0.9954058851323754
2026-06-01,2026-06-01 11:00:33,V019,116.0,0.9995212884876389
2026-06-01,2026-06-01 11:00:34,V019,116.0,0.9900212162584215
2026-06-01,2026-06-01 11:00:35,V019,117.0,0.9883502282841341
2026-06-01,2026-06-01 11:00:36,V019,118.0,0.9879541473434655
2026-06-01,2026-06-01 11:00:37,V019,118.0,0.9841685669343991
2026-06-01,2026-06-01 11:00:38,V019,118.0,0.990072112670737
2026-06-01,2026-06-01 11:00:39,V019,118.0,0.9880794289462547
2026-06-01,2026-06-01 11:00:40,V019,118.0,1.0206064304922853
2026-06-01,2026-06-01 11:00:41,V019,117.0,1.0642753238053115
2026-06-01,2026-06-01 11:00:42,V019,117.0,1.0559379185175142
2026-06-01,2026-06-01 11:00:43,V019,116.0,1.0357453434707062
2026-06-01,2026-06-01 11:00:44,V019,115.0,0.9951383352055715
2026-06-01,2026-06-01 11:00:45,V019,114.0,1.0104183068933517
2026-06-01,2026-06-01 11:00:46,V019,114.0,0.9835486226849238
2026-06-01,2026-06-01 11:00:47,V019,114.0,0.9996865375383012
2026-06-01,2026-06-01 11:00:48,V019,114.0,0.9859230527621088
2026-06-01,2026-06-01 11:00:49,V019,114.0,1.0576736190527674
2026-06-01,2026-06-01 11:00:50,V019,114.0,0.9944712491017828
2026-06-01,2026-06-01 11:00:51,V019,114.0,1.1098619306505655
2026-06-01,2026-06-01 11:00:52,V019,113.0,0.9954482678209849
2026-06-01,2026-06-01 11:00:53,V019,112.0,1.0506248505707327
2026-06-01,2026-06-01 11:00:54,V019,112.0,1.014886215881304
2026-06-01,2026-06-01 11:00:55,V019,111.0,0.9821711047048043
2026-06-01,2026-06-01 11:00:56,V019,110.0,1.016547579824009
2026-06-01,2026-06-01 11:00:57,V019,110.0,0.935770682418637
2026-06-01,2026-06-01 11:00:58,V019,110.0,1.091053714209038
2026-06-01,2026-06-01 11:00:59,V019,110.0,1.0046680594977406
2026-06-01,2026-06-01 11:01:00,V019,110.0,0.9852304275736978
2026-06-01,2026-06-01 11:01:01,V019,110.0,0.9879310905545045
2026-06-01,2026-06-01 11:01:02,V019,110.0,0.9901616901404401
2026-06-01,2026-06-01 11:01:03,V019,111.0,0.984532657015128
2026-06-01,2026-06-01 11:01:04,V019,112.0,0.9893448713392676
2026-06-01,2026-06-01 11:01:05,V019,113.0,0.9869150143055901
2026-06-01,2026-06-01 11:01:06,V019,113.0,0.9917424506990733
2026-06-01,2026-06-01 11:01:07,V019,114.0,0.9885198350683264
2026-06-01,2026-06-01 11:01:08,V019,115.0,0.9899480572991183
2026-06-01,2026-06-01 11:01:09,V019,116.0,0.9905235494152282
2026-06-01,2026-06-01 11:01:10,V019,116.0,0.9852979775768801
2026-06-01,2026-06-01 11:01:11,V019,115.0,1.0165671617220455
2026-06-01,2026-06-01 11:01:12,V019,115.0,1.0054716800551728
2026-06-01,2026-06-01 11:01:13,V019,115.0,0.9985457142056451
2026-06-01,2026-06-01 11:01:14,V019,115.0,0.9859428010539091
2026-06-01,2026-06-01 11:01:15,V019,115.0,1.001546495462183
2026-06-01,2026-06-01 11:01:16,V019,115.0,1.0253592812615433
2026-06-01,2026-06-01 11:01:17,V019,115.0,0.9907348790083976
2026-06-01,2026-06-01 11:01:18,V019,115.0,1.0072308660955107
2026-06-01,2026-06-01 11:01:19,V019,115.0,1.0335276229593902
2026-06-01,2026-06-01 11:01:20,V019,114.0,1.1456532761079117
2026-06-01,2026-06-01 11:01:21,V019,114.0,1.0521965343471593
2026-06-01,2026-06-01 11:01:22,V019,114.0,1.03508396007459
2026-06-01,2026-06-01 11:01:23,V019,114.0,1.011449421787905
2026-06-01,2026-06-01 11:01:24,V019,114.0,1.034435667741252
2026-06-01,2026-06-01 11:01:25,V019,115.0,1.0438585080406084
2026-06-01,2026-06-01 11:01:26,V019,115.0,0.9783118565748488
2026-06-01,2026-06-01 11:01:27,V019,115.0,1.1402146215946736
2026-06-01,2026-06-01 11:01:28,V019,115.0,1.113339141323233
2026-06-01,2026-06-01 11:01:29,V019,115.0,1.1105209420872173
2026-06-01,2026-06-01 11:01:30,V019,115.0,1.007020883987898
2026-06-01,2026-06-01 11:01:31,V019,116.0,0.9932363060547894
2026-06-01,2026-06-01 11:01:32,V019,116.0,0.9922527473817714
2026-06-01,2026-06-01 11:01:33,V019,116.0,0.9855275206496944
2026-06-01,2026-06-01 11:01:34,V019,116.0,0.9965440338328738
2026-06-01,2026-06-01 11:01:35,V019,116.0,1.0000370321361878
2026-06-01,2026-06-01 11:01:36,V019,115.0,1.035281483586385
2026-06-01,2026-06-01 11:01:37,V019,114.0,0.991167750013115
2026-06-01,2026-06-01 11:01:38,V019,114.0,0.9950602197574138
2026-06-01,2026-06-01 11:01:39,V019,114.0,1.0571422301771765
2026-06-01,2026-06-01 11:01:40,V019,115.0,1.1745914578787082
2026-06-01,2026-06-01 11:01:41,V019,115.0,1.0491086065290485
2026-06-01,2026-06-01 11:01:42,V019,115.0,0.9835927792585765
2026-06-01,2026-06-01 11:01:43,V019,115.0,1.0065086234756015
2026-06-01,2026-06-01 11:01:44,V019,115.0,1.0271336686537385
2026-06-01,2026-06-01 11:01:45,V019,115.0,0.9796009001501571
2026-06-01,2026-06-01 11:01:46,V019,115.0,0.9895474618875149
2026-06-01,2026-06-01 11:01:47,V019,115.0,1.110138436297652
2026-06-01,2026-06-01 11:01:48,V019,115.0,1.0372280732173917
2026-06-01,2026-06-01 11:01:49,V019,115.0,1.0457886867440933
2026-06-01,2026-06-01 11:01:50,V019,115.0,0.9925929432657862
2026-06-01,2026-06-01 11:01:51,V019,115.0,0.9958393159929275
2026-06-01,2026-06-01 11:01:52,V019,114.0,0.9897306930628652
2026-06-01,2026-06-01 11:01:53,V019,114.0,0.9905352576307483
2026-06-01,2026-06-01 11:01:54,V019,114.0,0.9879172214505398
2026-06-01,2026-06-01 11:01:55,V019,114.0,0.9896056874936463
2026-06-01,2026-06-01 11:01:56,V019,114.0,1.015840852023755
2026-06-01,2026-06-01 11:01:57,V019,114.0,0.9973179078630294
2026-06-01,2026-06-01 11:01:58,V019,114.0,1.014149151512083
2026-06-01,2026-06-01 11:01:59,V019,113.0,1.032246726175616
2026-06-01,2026-06-01 11:02:00,V019,113.0,0.9783651753210179
2026-06-01,2026-06-01 11:02:01,V019,112.0,1.0151159284948972
2026-06-01,2026-06-01 11:02:02,V019,112.0,0.9894715707742594
2026-06-01,2026-06-01 11:02:03,V019,111.0,1.119882516339173
2026-06-01,2026-06-01 11:02:04,V019,111.0,1.0121427551179634
2026-06-01,2026-06-01 11:02:05,V019,112.0,1.05197615571139
2026-06-01,2026-06-01 11:02:06,V019,112.0,1.0370438042209318
2026-06-01,2026-06-01 11:02:07,V019,111.0,0.991987292301212
2026-06-01,2026-06-01 11:02:08,V019,111.0,1.0087740864267891
2026-06-01,2026-06-01 11:02:09,V019,112.0,0.9967969987205494
2026-06-01,2026-06-01 11:02:10,V019,113.0,0.9963582846028184
2026-06-01,2026-06-01 11:02:11,V019,114.0,0.9953979906784617
2026-06-01,2026-06-01 11:02:12,V019,114.0,1.1004786804145434
2026-06-01,2026-06-01 11:02:13,V019,114.0,1.0457894580438487
2026-06-01,2026-06-01 11:02:14,V019,114.0,1.047187300359958
2026-06-01,2026-06-01 11:02:15,V019,114.0,1.0031329241648865
2026-06-01,2026-06-01 11:02:16,V019,115.0,0.9879960406861752
2026-06-01,2026-06-01 11:02:17,V019,115.0,0.984023442187807
2026-06-01,2026-06-01 11:02:18,V019,115.0,0.9900727577746552
2026-06-01,2026-06-01 11:02:19,V019,115.0,0.9796989394387514
2026-06-01,2026-06-01 11:02:20,V019,115.0,1.0171857777318194
2026-06-01,2026-06-01 11:02:21,V019,115.0,1.0351249882772564
2026-06-01,2026-06-01 11:02:22,V019,115.0,1.3253433121288216
2026-06-01,2026-06-01 11:02:23,V019,115.0,1.0903022753119536
2026-06-01,2026-06-01 11:02:24,V019,115.0,1.138187538562986
2026-06-01,2026-06-01 11:02:25,V019,116.0,1.547488157614526
2026-06-01,2026-06-01 11:02:26,V019,117.0,1.2649195032517428
2026-06-01,2026-06-01 11:02:27,V019,117.0,1.2139928464482213
2026-06-01,2026-06-01 11:02:28,V019,118.0,0.9791069638485664
2026-06-01,2026-06-01 11:02:29,V019,118.0,1.026449558844154
2026-06-01,2026-06-01 11:02:30,V019,118.0,1.0301954000961244
2026-06-01,2026-06-01 11:02:31,V019,119.0,1.1122539932212236
2026-06-01,2026-06-01 11:02:32,V019,119.0,1.095713810833539
2026-06-01,2026-06-01 11:02:33,V019,119.0,0.9969600608668713
2026-06-01,2026-06-01 11:02:34,V019,120.0,1.3074013789147079
2026-06-01,2026-06-01 11:02:35,V019,120.0,1.0003000671919349
2026-06-01,2026-06-01 11:02:36,V019,120.0,1.0218614503344554
2026-06-01,2026-06-01 11:02:37,V019,121.0,1.0078133749058371
2026-06-01,2026-06-01 11:02:38,V019,121.0,1.0383440845644119
2026-06-01,2026-06-01 11:02:39,V019,122.0,1.0418572423793588
2026-06-01,2026-06-01 11:02:40,V019,122.0,1.007483588842739
2026-06-01,2026-06-01 11:02:41,V019,123.0,1.0042760382121454
2026-06-01,2026-06-01 11:02:42,V019,125.0,1.0647222959805953
2026-06-01,2026-06-01 11:02:43,V019,126.0,1.2681826573137034
2026-06-01,2026-06-01 11:02:44,V019,126.0,1.1382713134641285
2026-06-01,2026-06-01 11:02:45,V019,126.0,1.106975501813018
2026-06-01,2026-06-01 11:02:46,V019,127.0,1.003515181065818
2026-06-01,2026-06-01 11:02:47,V019,127.0,0.9916380440619609
2026-06-01,2026-06-01 11:02:48,V019,127.0,0.9953420378069855
2026-06-01,2026-06-01 11:02:49,V019,127.0,1.018273688830904
2026-06-01,2026-06-01 11:02:50,V019,127.0,0.9782968407926347
2026-06-01,2026-06-01 11:02:51,V019,127.0,0.9914561506733462
2026-06-01,2026-06-01 11:02:52,V019,127.0,0.9944926426152182
2026-06-01,2026-06-01 11:02:53,V019,127.0,0.9887266811308023
2026-06-01,2026-06-01 11:02:54,V019,127.0,0.9862503373349671
2026-06-01,2026-06-01 11:02:55,V019,127.0,0.9901095626454969
2026-06-01,2026-06-01 11:02:56,V019,127.0,0.9868019810736911
2026-06-01,2026-06-01 11:02:57,V019,127.0,1.0077958432841039
2026-06-01,2026-06-01 11:02:58,V019,127.0,1.0254719951955562
2026-06-01,2026-06-01 11:02:59,V019,127.0,1.0699494907708722
2026-06-01,2026-06-01 11:03:00,V019,127.0,1.0115075624749363
2026-06-01,2026-06-01 11:03:01,V019,128.0,1.033834410914126
2026-06-01,2026-06-01 11:03:02,V019,128.0,1.0307880284811328
2026-06-01,2026-06-01 11:03:03,V019,128.0,0.9895072654413319
2026-06-01,2026-06-01 11:03:04,V019,129.0,0.9948767233198575
2026-06-01,2026-06-01 11:03:05,V019,129.0,0.9877965376192915
2026-06-01,2026-06-01 11:03:06,V019,130.0,0.9850532397775696
2026-06-01,2026-06-01 11:03:07,V019,130.0,0.9783162106718587
2026-06-01,2026-06-01 11:03:08,V019,130.0,0.9846462825109721
2026-06-01,2026-06-01 11:03:09,V019,131.0,0.9854618006169716
2026-06-01,2026-06-01 11:03:10,V019,131.0,0.9767910408250514
2026-06-01,2026-06-01 11:03:11,V019,131.0,0.9950060463689369
2026-06-01,2026-06-01 11:03:12,V019,131.0,0.9712957846178062
2026-06-01,2026-06-01 11:03:13,V019,131.0,1.014239132125731
2026-06-01,2026-06-01 11:03:14,V019,131.0,0.9865018688398449
2026-06-01,2026-06-01 11:03:15,V019,131.0,1.0098944871635125
2026-06-01,2026-06-01 11:03:16,V019,131.0,1.022734032933492
2026-06-01,2026-06-01 11:03:17,V019,131.0,1.0431179445411873
2026-06-01,2026-06-01 11:03:18,V019,132.0,1.012148898424234
2026-06-01,2026-06-01 11:03:19,V019,132.0,1.1271514479748692
2026-06-01,2026-06-01 11:03:20,V019,132.0,1.0099847490891605
2026-06-01,2026-06-01 11:03:21,V019,132.0,1.004279724162945
2026-06-01,2026-06-01 11:03:22,V019,133.0,0.9878579476025717
2026-06-01,2026-06-01 11:03:23,V019,134.0,0.997967977531006
2026-06-01,2026-06-01 11:03:24,V019,134.0,0.9836769009101201
2026-06-01,2026-06-01 11:03:25,V019,133.0,0.982836044317305
2026-06-01,2026-06-01 11:03:26,V019,130.0,0.9900828452249517
2026-06-01,2026-06-01 11:03:27,V019,129.0,0.9825361877160155
2026-06-01,2026-06-01 11:03:28,V019,129.0,1.0003492588752345
2026-06-01,2026-06-01 11:03:29,V019,128.0,0.9835286652152573
2026-06-01,2026-06-01 11:03:30,V019,126.0,1.0088728645069116
2026-06-01,2026-06-01 11:03:31,V019,124.0,0.9846846227060374
2026-06-01,2026-06-01 11:03:32,V019,124.0,1.014844512957092
2026-06-01,2026-06-01 11:03:33,V019,123.0,0.9825613293359228
2026-06-01,2026-06-01 11:03:34,V019,122.0,1.003412672306071
2026-06-01,2026-06-01 11:03:35,V019,120.0,0.9941730555495817
2026-06-01,2026-06-01 11:03:36,V019,119.0,0.9728939700465139
2026-06-01,2026-06-01 11:03:37,V019,117.0,1.0055941143620537
2026-06-01,2026-06-01 11:03:38,V019,114.0,1.0550346145532967
2026-06-01,2026-06-01 11:03:39,V019,112.0,0.985807395326648
2026-06-01,2026-06-01 11:03:40,V019,112.0,1.001455227019409
2026-06-01,2026-06-01 11:03:41,V019,110.0,0.9962325463399969
2026-06-01,2026-06-01 11:03:42,V019,108.0,0.9936973904466774
2026-06-01,2026-06-01 11:03:43,V019,107.0,0.9917014861578073
2026-06-01,2026-06-01 11:03:44,V019,107.0,0.9976749633236964
2026-06-01,2026-06-01 11:03:45,V019,107.0,0.9913250608110575
2026-06-01,2026-06-01 11:03:46,V019,107.0,0.9862500454018086
2026-06-01,2026-06-01 11:03:47,V019,107.0,1.039630709361726
2026-06-01,2026-06-01 11:03:48,V019,107.0,0.9843325439946402
2026-06-01,2026-06-01 11:03:49,V019,107.0,1.072497275759625
2026-06-01,2026-06-01 11:03:50,V019,107.0,0.9737015286489363
2026-06-01,2026-06-01 11:03:51,V019,107.0,0.9984488686029851
2026-06-01,2026-06-01 11:03:52,V019,107.0,0.9932810763111701
2026-06-01,2026-06-01 11:03:53,V019,107.0,0.995343675644268
2026-06-01,2026-06-01 11:03:54,V019,106.0,0.9947833081450063
2026-06-01,2026-06-01 11:03:55,V019,105.0,0.9905031526914649
2026-06-01,2026-06-01 11:03:56,V019,105.0,0.9901909722409596
2026-06-01,2026-06-01 11:03:57,V019,104.0,1.0873081365859516
2026-06-01,2026-06-01 11:03:58,V019,105.0,1.0107085018114643
2026-06-01,2026-06-01 11:03:59,V019,106.0,1.0086990897537143
2026-06-01,2026-06-01 11:04:00,V019,106.0,1.0151202634920755
2026-06-01,2026-06-01 11:04:01,V019,107.0,1.021177016997999
2026-06-01,2026-06-01 11:04:02,V019,108.0,1.0071985965989432
2026-06-01,2026-06-01 11:04:03,V019,109.0,0.9122630915389263
2026-06-01,2026-06-01 11:04:04,V019,109.0,1.114385626949652
2026-06-01,2026-06-01 11:04:05,V019,111.0,0.9641245673748272
2026-06-01,2026-06-01 11:04:06,V019,114.0,0.9934349097677209
2026-06-01,2026-06-01 11:04:07,V019,115.0,0.9917000829748276
2026-06-01,2026-06-01 11:04:08,V019,115.0,0.9856421123756457
2026-06-01,2026-06-01 11:04:09,V019,117.0,0.9909150360139117
2026-06-01,2026-06-01 11:04:10,V019,118.0,0.9891399540431374
2026-06-01,2026-06-01 11:04:11,V019,118.0,0.9687174770800555
2026-06-01,2026-06-01 11:04:12,V019,117.0,1.0299523807858977
2026-06-01,2026-06-01 11:04:13,V019,116.0,1.015843668350328
2026-06-01,2026-06-01 11:04:14,V019,116.0,1.0318755881499042
2026-06-01,2026-06-01 11:04:15,V019,115.0,0.9853902361771834
2026-06-01,2026-06-01 11:04:16,V019,115.0,1.0090038826700054
2026-06-01,2026-06-01 11:04:17,V019,115.0,1.0134156601365985
2026-06-01,2026-06-01 11:04:18,V019,115.0,1.012108513085736
2026-06-01,2026-06-01 11:04:19,V019,115.0,0.9885910161465566
2026-06-01,2026-06-01 11:04:20,V019,115.0,1.0387608042753251
2026-06-01,2026-06-01 11:04:21,V019,116.0,1.0241637792216036
2026-06-01,2026-06-01 11:04:22,V019,116.0,0.9946242591134197
2026-06-01,2026-06-01 11:04:23,V019,116.0,1.0049061278919045
2026-06-01,2026-06-01 11:04:24,V019,116.0,0.9966516092248985
2026-06-01,2026-06-01 11:04:25,V019,117.0,1.0163935361618928
2026-06-01,2026-06-01 11:04:26,V019,117.0,1.0308802667471204
2026-06-01,2026-06-01 11:04:27,V019,117.0,0.9742761447723141
2026-06-01,2026-06-01 11:04:28,V019,116.0,1.0252684070281854
2026-06-01,2026-06-01 11:04:29,V019,115.0,0.9982762297489912
2026-06-01,2026-06-01 11:04:30,V019,114.0,0.9966522244405339
2026-06-01,2026-06-01 11:04:31,V019,113.0,0.9827934363697755
2026-06-01,2026-06-01 11:04:32,V019,113.0,0.991195535398899
2026-06-01,2026-06-01 11:04:33,V019,112.0,0.992079556636478
2026-06-01,2026-06-01 11:04:34,V019,111.0,0.9889883261915381
2026-06-01,2026-06-01 11:04:35,V019,110.0,0.990422451352915
2026-06-01,2026-06-01 11:04:36,V019,110.0,0.9866429791539127
2026-06-01,2026-06-01 11:04:37,V019,110.0,0.987396434910236
2026-06-01,2026-06-01 11:04:38,V019,110.0,0.9849215469421603
2026-06-01,2026-06-01 11:04:39,V019,111.0,0.9853293153233487
2026-06-01,2026-06-01 11:04:40,V019,111.0,0.9839182127995596
2026-06-01,2026-06-01 11:04:41,V019,112.0,0.99880578385301
2026-06-01,2026-06-01 11:04:42,V019,112.0,1.0012785364113923
2026-06-01,2026-06-01 11:04:43,V019,113.0,0.9955614251588665
2026-06-01,2026-06-01 11:04:44,V019,113.0,1.0017425450255049
2026-06-01,2026-06-01 11:04:45,V019,113.0,0.9922274968748563
2026-06-01,2026-06-01 11:04:46,V019,113.0,0.9989977893067903
2026-06-01,2026-06-01 11:04:47,V019,113.0,0.9825108616096108
2026-06-01,2026-06-01 11:04:48,V019,113.0,0.984942344721628
2026-06-01,2026-06-01 11:04:49,V019,113.0,0.9858308959941174
2026-06-01,2026-06-01 11:04:50,V019,113.0,0.9830510743097759
2026-06-01,2026-06-01 11:04:51,V019,113.0,0.9851089463331644
2026-06-01,2026-06-01 11:04:52,V019,114.0,0.9831365188321279
2026-06-01,2026-06-01 11:04:53,V019,115.0,0.983330541429518
2026-06-01,2026-06-01 11:04:54,V019,115.0,0.9844714136529154
2026-06-01,2026-06-01 11:04:55,V019,115.0,0.9849006161042023
2026-06-01,2026-06-01 11:04:56,V019,116.0,0.983698283671594
2026-06-01,2026-06-01 11:04:57,V019,115.0,0.9839276962847743
2026-06-01,2026-06-01 11:04:58,V019,114.0,0.9842294625839277
2026-06-01,2026-06-01 11:04:59,V019,113.0,0.9848994199932789
2026-06-01,2026-06-01 11:05:00,V019,111.0,0.9927666790785902
2026-06-01,2026-06-01 11:05:01,V019,110.0,0.9809723284960385
2026-06-01,2026-06-01 11:05:02,V019,110.0,1.078828357783353
2026-06-01,2026-06-01 11:05:03,V019,110.0,1.0372479960164507
2026-06-01,2026-06-01 11:05:04,V019,109.0,1.053568548344603
2026-06-01,2026-06-01 11:05:05,V019,109.0,1.0748570596799605
2026-06-01,2026-06-01 11:05:06,V019,108.0,1.026919452345045
2026-06-01,2026-06-01 11:05:07,V019,108.0,1.0059207392021763
2026-06-01,2026-06-01 11:05:08,V019,108.0,1.016863754084249
2026-06-01,2026-06-01 11:05:09,V019,108.0,1.0041483237160018
2026-06-01,2026-06-01 11:05:10,V019,108.0,1.006568646873574
2026-06-01,2026-06-01 11:05:11,V019,109.0,1.0217035193344268
2026-06-01,2026-06-01 11:05:12,V019,109.0,0.9909951794613329
2026-06-01,2026-06-01 11:05:13,V019,110.0,0.9916736497670317
2026-06-01,2026-06-01 11:05:14,V019,111.0,0.9890317783602672
2026-06-01,2026-06-01 11:05:15,V019,110.0,0.9857586518470361
2026-06-01,2026-06-01 11:05:16,V019,110.0,0.9869386875830712
2026-06-01,2026-06-01 11:05:17,V019,111.0,0.9846292590959914
2026-06-01,2026-06-01 11:05:18,V019,111.0,0.9865252115624144
2026-06-01,2026-06-01 11:05:19,V019,110.0,0.983530547761527
2026-06-01,2026-06-01 11:05:20,V019,110.0,0.9865609817227156
2026-06-01,2026-06-01 11:05:21,V019,110.0,0.9839274956437455
2026-06-01,2026-06-01 11:05:22,V019,110.0,0.983459490596158
2026-06-01,2026-06-01 11:05:23,V019,110.0,0.9914098844386544
2026-06-01,2026-06-01 11:05:24,V019,110.0,0.984553115251665
2026-06-01,2026-06-01 11:05:25,V019,111.0,0.9777906232257271
2026-06-01,2026-06-01 11:05:26,V019,111.0,1.0124851112691498
2026-06-01,2026-06-01 11:05:27,V019,111.0,0.9714101246798026
2026-06-01,2026-06-01 11:05:28,V019,111.0,0.9830129351540559
2026-06-01,2026-06-01 11:05:29,V019,112.0,0.9717216969268743
2026-06-01,2026-06-01 11:05:30,V019,112.0,0.9865993832246732
2026-06-01,2026-06-01 11:05:31,V019,112.0,0.9919144645766856
2026-06-01,2026-06-01 11:05:32,V019,113.0,1.0291736630471593
2026-06-01,2026-06-01 11:05:33,V019,113.0,0.9852246672868533
2026-06-01,2026-06-01 11:05:34,V019,113.0,0.9871685299047548
2026-06-01,2026-06-01 11:05:35,V019,112.0,0.9874720782700931
2026-06-01,2026-06-01 11:05:36,V019,111.0,0.9880716917598793
2026-06-01,2026-06-01 11:05:37,V019,110.0,0.9869745892219619
2026-06-01,2026-06-01 11:05:38,V019,110.0,0.9924474185168443
2026-06-01,2026-06-01 11:05:39,V019,110.0,0.9881219024631622
2026-06-01,2026-06-01 11:05:40,V019,111.0,0.9862912913689255
2026-06-01,2026-06-01 11:05:41,V019,111.0,0.9869570134308585
2026-06-01,2026-06-01 11:05:42,V019,111.0,0.984395561822052
2026-06-01,2026-06-01 11:05:43,V019,111.0,0.9853430964212504
2026-06-01,2026-06-01 11:05:44,V019,110.0,0.9866244109458886
2026-06-01,2026-06-01 11:05:45,V019,109.0,0.9953777854532263
2026-06-01,2026-06-01 11:05:46,V019,108.0,1.038248673393436
2026-06-01,2026-06-01 11:05:47,V019,108.0,1.0430870128781657
2026-06-01,2026-06-01 11:05:48,V019,107.0,1.0524130966549312
2026-06-01,2026-06-01 11:05:49,V019,107.0,1.0678637907747008
2026-06-01,2026-06-01 11:05:50,V019,107.0,1.0010761820430485
2026-06-01,2026-06-01 11:05:51,V019,107.0,0.9994708972779429
2026-06-01,2026-06-01 11:05:52,V019,107.0,1.0009147745941624
2026-06-01,2026-06-01 11:05:53,V019,107.0,1.0005746862966152
2026-06-01,2026-06-01 11:05:54,V019,108.0,1.093102735786567
2026-06-01,2026-06-01 11:05:55,V019,108.0,1.0460572656399614
2026-06-01,2026-06-01 11:05:56,V019,109.0,1.0584195932488827
2026-06-01,2026-06-01 11:05:57,V019,109.0,1.0213697687094707
2026-06-01,2026-06-01 11:05:58,V019,109.0,1.001940823473089
2026-06-01,2026-06-01 11:05:59,V019,110.0,1.027630851849916
2026-06-01,2026-06-01 11:06:00,V019,110.0,0.9907362897063565
2026-06-01,2026-06-01 11:06:01,V019,110.0,0.9824236791389562
2026-06-01,2026-06-01 11:06:02,V019,110.0,0.9830273378719595
2026-06-01,2026-06-01 11:06:03,V019,111.0,0.9844477124198802
2026-06-01,2026-06-01 11:06:04,V019,111.0,0.989512860408836
2026-06-01,2026-06-01 11:06:05,V019,111.0,0.983242102786853
2026-06-01,2026-06-01 11:06:06,V019,111.0,0.9840027905218433
2026-06-01,2026-06-01 11:06:07,V019,111.0,0.9785077312214695
2026-06-01,2026-06-01 11:06:08,V019,111.0,0.9821801490317886
2026-06-01,2026-06-01 11:06:09,V019,112.0,0.9733563865645873
2026-06-01,2026-06-01 11:06:10,V019,112.0,1.0030516961704155
2026-06-01,2026-06-01 11:06:11,V019,112.0,1.0068128966471552
2026-06-01,2026-06-01 11:06:12,V019,112.0,0.9930883776388089
2026-06-01,2026-06-01 11:06:13,V019,113.0,0.9843499012278285
2026-06-01,2026-06-01 11:06:14,V019,113.0,0.9887372143496944
2026-06-01,2026-06-01 11:06:15,V019,113.0,1.0049632670870234
2026-06-01,2026-06-01 11:06:16,V019,113.0,0.9958624043408979
2026-06-01,2026-06-01 11:06:17,V019,113.0,0.9798433898747029
2026-06-01,2026-06-01 11:06:18,V019,113.0,0.9880985203997605
2026-06-01,2026-06-01 11:06:19,V019,114.0,0.9885265402842752
2026-06-01,2026-06-01 11:06:20,V019,114.0,0.9876880733850576
2026-06-01,2026-06-01 11:06:21,V019,114.0,0.9882387100394252
2026-06-01,2026-06-01 11:06:22,V019,114.0,0.9873096121623628
2026-06-01,2026-06-01 11:06:23,V019,114.0,0.987149605129473
2026-06-01,2026-06-01 11:06:24,V019,114.0,0.9877238305260587
2026-06-01,2026-06-01 11:06:25,V019,114.0,0.9876435780324386
2026-06-01,2026-06-01 11:06:26,V019,114.0,0.9917831524630553
2026-06-01,2026-06-01 11:06:27,V019,113.0,0.9873402758851595
2026-06-01,2026-06-01 11:06:28,V019,112.0,0.9844290772297387
2026-06-01,2026-06-01 11:06:29,V019,112.0,0.9852353115769014
2026-06-01,2026-06-01 11:06:30,V019,111.0,0.9839500967619839
2026-06-01,2026-06-01 11:06:31,V019,110.0,0.9809585483332973
2026-06-01,2026-06-01 11:06:32,V019,110.0,0.9832419711632485
2026-06-01,2026-06-01 11:06:33,V019,109.0,0.9834887424401817
2026-06-01,2026-06-01 11:06:34,V019,109.0,0.9836522273955554
2026-06-01,2026-06-01 11:06:35,V019,109.0,0.9827043664074847
2026-06-01,2026-06-01 11:06:36,V019,109.0,0.9825540175540606
2026-06-01,2026-06-01 11:06:37,V019,109.0,0.9823945482217432
2026-06-01,2026-06-01 11:06:38,V019,108.0,0.9853595360223812
2026-06-01,2026-06-01 11:06:39,V019,108.0,0.9825527538774781
2026-06-01,2026-06-01 11:06:40,V019,108.0,0.9833493584048003
2026-06-01,2026-06-01 11:06:41,V019,108.0,0.9832961310187693
2026-06-01,2026-06-01 11:06:42,V019,108.0,0.9827273206631524
2026-06-01,2026-06-01 11:06:43,V019,108.0,0.9852604354530352
2026-06-01,2026-06-01 11:06:44,V019,108.0,0.9853549891095559
2026-06-01,2026-06-01 11:06:45,V019,107.0,0.9845423127386638
2026-06-01,2026-06-01 11:06:46,V019,106.0,0.9827899243179954
2026-06-01,2026-06-01 11:06:47,V019,106.0,0.9852376584997817
2026-06-01,2026-06-01 11:06:48,V019,106.0,0.983696615472891
2026-06-01,2026-06-01 11:06:49,V019,106.0,0.9839252124105062
2026-06-01,2026-06-01 11:06:50,V019,106.0,0.9842112374824779
2026-06-01,2026-06-01 11:06:51,V019,105.0,0.9846193332903432
2026-06-01,2026-06-01 11:06:52,V019,105.0,0.9841556824842389
2026-06-01,2026-06-01 11:06:53,V019,104.0,0.9838816882234579
2026-06-01,2026-06-01 11:06:54,V019,104.0,1.0012711708016064
2026-06-01,2026-06-01 11:06:55,V019,104.0,0.9804689829378839
2026-06-01,2026-06-01 11:06:56,V019,104.0,0.9877578681419862
2026-06-01,2026-06-01 11:06:57,V019,105.0,0.9856637966987543
2026-06-01,2026-06-01 11:06:58,V019,105.0,0.9833245417114206
2026-06-01,2026-06-01 11:06:59,V019,106.0,0.9843988829253654
2026-06-01,2026-06-01 11:07:00,V019,106.0,0.985079746050721
2026-06-01,2026-06-01 11:07:01,V019,107.0,0.9840716051010054
2026-06-01,2026-06-01 11:07:02,V019,107.0,0.9849052990736525
2026-06-01,2026-06-01 11:07:03,V019,107.0,0.9848505276059368
2026-06-01,2026-06-01 11:07:04,V019,107.0,0.9861284528468561
2026-06-01,2026-06-01 11:07:05,V019,108.0,0.9853900879037555
2026-06-01,2026-06-01 11:07:06,V019,108.0,0.9848361372439043
2026-06-01,2026-06-01 11:07:07,V019,106.0,0.9997267300786733
2026-06-01,2026-06-01 11:07:08,V019,105.0,1.0479980734604106
2026-06-01,2026-06-01 11:07:09,V019,104.0,0.991803334327693
2026-06-01,2026-06-01 11:07:10,V019,103.0,0.9841384098253294
2026-06-01,2026-06-01 11:07:11,V019,103.0,0.9997477395837129
2026-06-01,2026-06-01 11:07:12,V019,103.0,1.0130570090658813
2026-06-01,2026-06-01 11:07:13,V019,103.0,0.9807751495466414
2026-06-01,2026-06-01 11:07:14,V019,103.0,0.9866902676461847
2026-06-01,2026-06-01 11:07:15,V019,103.0,0.999077745848985
2026-06-01,2026-06-01 11:07:16,V019,103.0,1.0460533725048928
2026-06-01,2026-06-01 11:07:17,V019,103.0,1.065976819775989
2026-06-01,2026-06-01 11:07:18,V019,103.0,1.0252623718509821
2026-06-01,2026-06-01 11:07:19,V019,102.0,0.9959572315838192
2026-06-01,2026-06-01 11:07:20,V019,102.0,0.9920119498907223
2026-06-01,2026-06-01 11:07:21,V019,102.0,0.9871990765369152
2026-06-01,2026-06-01 11:07:22,V019,101.0,0.9868028304615796
2026-06-01,2026-06-01 11:07:23,V019,102.0,0.9891200079649377
2026-06-01,2026-06-01 11:07:24,V019,103.0,0.9844400189985907
2026-06-01,2026-06-01 11:07:25,V019,103.0,0.9858374063388217
2026-06-01,2026-06-01 11:07:26,V019,102.0,0.9913756819483708
2026-06-01,2026-06-01 11:07:27,V019,102.0,1.0032149331585754
2026-06-01,2026-06-01 11:07:28,V019,102.0,1.0391431095985728
2026-06-01,2026-06-01 11:07:29,V019,103.0,0.9877671201581245
2026-06-01,2026-06-01 11:07:30,V019,103.0,0.9581719051574296
2026-06-01,2026-06-01 11:07:31,V019,103.0,0.9858889432695294
2026-06-01,2026-06-01 11:07:32,V019,103.0,0.9432174288610012
2026-06-01,2026-06-01 11:07:33,V019,103.0,1.0258462134499913
2026-06-01,2026-06-01 11:07:34,V019,104.0,1.0035954426315792
2026-06-01,2026-06-01 11:07:35,V019,105.0,0.9848960505828908
2026-06-01,2026-06-01 11:07:36,V019,105.0,0.9829484842547067
2026-06-01,2026-06-01 11:07:37,V019,106.0,1.0127235170153406
2026-06-01,2026-06-01 11:07:38,V019,107.0,0.9859672119044407
2026-06-01,2026-06-01 11:07:39,V019,107.0,1.0095937846161926
2026-06-01,2026-06-01 11:07:40,V019,107.0,0.9869631205899674
2026-06-01,2026-06-01 11:07:41,V019,107.0,1.0249844471045517
2026-06-01,2026-06-01 11:07:42,V019,107.0,1.0171786412772
2026-06-01,2026-06-01 11:07:43,V019,107.0,0.9470132310705006
2026-06-01,2026-06-01 11:07:44,V019,107.0,1.1802358312319123
2026-06-01,2026-06-01 11:07:45,V019,107.0,0.9970667029694096
2026-06-01,2026-06-01 11:07:46,V019,107.0,0.9863528384831516
2026-06-01,2026-06-01 11:07:47,V019,107.0,0.9949373061400449
2026-06-01,2026-06-01 11:07:48,V019,107.0,0.9902017450313938
2026-06-01,2026-06-01 11:07:49,V019,108.0,0.9877321164627494
2026-06-01,2026-06-01 11:07:50,V019,108.0,0.9909944982704841
2026-06-01,2026-06-01 11:07:51,V019,109.0,0.9804816080408905
2026-06-01,2026-06-01 11:07:52,V019,109.0,1.0044252403538538
2026-06-01,2026-06-01 11:07:53,V019,109.0,0.9886042034839514
2026-06-01,2026-06-01 11:07:54,V019,109.0,1.0004186476842598
2026-06-01,2026-06-01 11:07:55,V019,109.0,0.9951575779315114
2026-06-01,2026-06-01 11:07:56,V019,109.0,0.9831757063675692
2026-06-01,2026-06-01 11:07:57,V019,108.0,0.9877533841336918
2026-06-01,2026-06-01 11:07:58,V019,108.0,0.9896152674923199
2026-06-01,2026-06-01 11:07:59,V019,108.0,0.986804534684691
2026-06-01,2026-06-01 11:08:00,V019,108.0,0.9857502354293585
2026-06-01,2026-06-01 11:08:01,V019,107.0,0.9887216669045706
2026-06-01,2026-06-01 11:08:02,V019,107.0,0.9839567470303263
2026-06-01,2026-06-01 11:08:03,V019,106.0,0.9854805123512905
2026-06-01,2026-06-01 11:08:04,V019,105.0,0.9891812811104169
2026-06-01,2026-06-01 11:08:05,V019,104.0,1.0011667463414637
2026-06-01,2026-06-01 11:08:06,V019,104.0,0.9984684140545185
2026-06-01,2026-06-01 11:08:07,V019,105.0,1.0033421686872894
2026-06-01,2026-06-01 11:08:08,V019,106.0,0.9857592482647847
2026-06-01,2026-06-01 11:08:09,V019,106.0,0.987249136119022
2026-06-01,2026-06-01 11:08:10,V019,106.0,0.9870329411109134
2026-06-01,2026-06-01 11:08:11,V019,107.0,0.9839231792154697
2026-06-01,2026-06-01 11:08:12,V019,108.0,0.9905466782811251
2026-06-01,2026-06-01 11:08:13,V019,109.0,1.0039372497932653
2026-06-01,2026-06-01 11:08:14,V019,111.0,1.05448694254695
2026-06-01,2026-06-01 11:08:15,V019,112.0,0.984173154153305
2026-06-01,2026-06-01 11:08:16,V019,113.0,0.9866845665582642
2026-06-01,2026-06-01 11:08:17,V019,113.0,0.9866995606153849
2026-06-01,2026-06-01 11:08:18,V019,113.0,0.9885630571778399
2026-06-01,2026-06-01 11:08:19,V019,113.0,0.9906067872283701
2026-06-01,2026-06-01 11:08:20,V019,113.0,0.9861014843344621
2026-06-01,2026-06-01 11:08:21,V019,113.0,1.0179936714901356
2026-06-01,2026-06-01 11:08:22,V019,112.0,1.0114104443371894
2026-06-01,2026-06-01 11:08:23,V019,111.0,1.0022005324044523
2026-06-01,2026-06-01 11:08:24,V019,111.0,1.0030212617705911
2026-06-01,2026-06-01 11:08:25,V019,110.0,0.98802530518841
2026-06-01,2026-06-01 11:08:26,V019,110.0,0.9951174240599804
2026-06-01,2026-06-01 11:08:27,V019,110.0,1.013156209303224
2026-06-01,2026-06-01 11:08:28,V019,110.0,1.0058650975024277
2026-06-01,2026-06-01 11:08:29,V019,109.0,1.064172631411787
2026-06-01,2026-06-01 11:08:30,V019,109.0,1.0903435324174349
2026-06-01,2026-06-01 11:08:31,V019,109.0,0.9989478751704114
2026-06-01,2026-06-01 11:08:32,V019,109.0,0.9920136460673545
2026-06-01,2026-06-01 11:08:33,V019,109.0,0.9944565663768994
2026-06-01,2026-06-01 11:08:34,V019,109.0,0.9838602610418107
2026-06-01,2026-06-01 11:08:35,V019,109.0,0.9889072847770166
2026-06-01,2026-06-01 11:08:36,V019,109.0,1.0119380304256997
2026-06-01,2026-06-01 11:08:37,V019,109.0,0.9838622861035857
2026-06-01,2026-06-01 11:08:38,V019,109.0,1.0224605199150518
2026-06-01,2026-06-01 11:08:39,V019,110.0,0.9760550995973118
2026-06-01,2026-06-01 11:08:40,V019,111.0,0.9941758645381321
2026-06-01,2026-06-01 11:08:41,V019,111.0,1.031990371074074
2026-06-01,2026-06-01 11:08:42,V019,112.0,0.9724972266165977
2026-06-01,2026-06-01 11:08:43,V019,113.0,0.9761989902083252
2026-06-01,2026-06-01 11:08:44,V019,113.0,1.0294621731805569
2026-06-01,2026-06-01 11:08:45,V019,114.0,0.9693868264503529
2026-06-01,2026-06-01 11:08:46,V019,115.0,1.0280859743160784
2026-06-01,2026-06-01 11:08:47,V019,115.0,0.9819660090893815
2026-06-01,2026-06-01 11:08:48,V019,116.0,0.9847385400916686
2026-06-01,2026-06-01 11:08:49,V019,116.0,1.0274753392425833
2026-06-01,2026-06-01 11:08:50,V019,116.0,0.979331738857996
2026-06-01,2026-06-01 11:08:51,V019,116.0,1.0159128805004676
2026-06-01,2026-06-01 11:08:52,V019,115.0,0.9955206121301939
2026-06-01,2026-06-01 11:08:53,V019,115.0,1.008761259473699
2026-06-01,2026-06-01 11:08:54,V019,114.0,0.9902847633610291
2026-06-01,2026-06-01 11:08:55,V019,114.0,0.9897278089270236
2026-06-01,2026-06-01 11:08:56,V019,114.0,0.9858651459971268
2026-06-01,2026-06-01 11:08:57,V019,115.0,0.9872208127609887
2026-06-01,2026-06-01 11:08:58,V019,115.0,1.024058477789512
2026-06-01,2026-06-01 11:08:59,V019,114.0,0.9834817420552506
2026-06-01,2026-06-01 11:09:00,V019,114.0,1.069611888408197
2026-06-01,2026-06-01 11:09:01,V019,115.0,1.0870939098269021
2026-06-01,2026-06-01 11:09:02,V019,116.0,0.9984543329521954
2026-06-01,2026-06-01 11:09:03,V019,117.0,1.1384256384997822
2026-06-01,2026-06-01 11:09:04,V019,118.0,1.0176890878118083
2026-06-01,2026-06-01 11:09:05,V019,119.0,1.2552532162848968
2026-06-01,2026-06-01 11:09:06,V019,119.0,0.9543744923012702
2026-06-01,2026-06-01 11:09:07,V019,119.0,1.0459366336520648
2026-06-01,2026-06-01 11:09:08,V019,119.0,1.0024888999235384
2026-06-01,2026-06-01 11:09:09,V019,120.0,0.9955990304854611
2026-06-01,2026-06-01 11:09:10,V019,120.0,1.0364590684755142
2026-06-01,2026-06-01 11:09:11,V019,120.0,1.28695509689651
2026-06-01,2026-06-01 11:09:12,V019,119.0,1.0469999075602034
2026-06-01,2026-06-01 11:09:13,V019,119.0,0.9988886537104378
2026-06-01,2026-06-01 11:09:14,V019,119.0,1.02541341862478
2026-06-01,2026-06-01 11:09:15,V019,120.0,1.0133492121966035
2026-06-01,2026-06-01 11:09:16,V019,120.0,1.0386188909812304
2026-06-01,2026-06-01 11:09:17,V019,121.0,1.0631669366485248
2026-06-01,2026-06-01 11:09:18,V019,121.0,1.144565965284107
2026-06-01,2026-06-01 11:09:19,V019,121.0,1.0298113897815564
2026-06-01,2026-06-01 11:09:20,V019,122.0,1.0501333253489997
2026-06-01,2026-06-01 11:09:21,V019,123.0,1.054335922268828
2026-06-01,2026-06-01 11:09:22,V019,123.0,1.0472186352100614
2026-06-01,2026-06-01 11:09:23,V019,123.0,1.0382933094211872
2026-06-01,2026-06-01 11:09:24,V019,123.0,0.989101895425605
2026-06-01,2026-06-01 11:09:25,V019,122.0,1.0067235650472501
2026-06-01,2026-06-01 11:09:26,V019,122.0,1.053867766462661
2026-06-01,2026-06-01 11:09:27,V019,122.0,0.9750182052128983
2026-06-01,2026-06-01 11:09:28,V019,121.0,1.0001109380247415
2026-06-01,2026-06-01 11:09:29,V019,121.0,1.0064303929882112
2026-06-01,2026-06-01 11:09:30,V019,121.0,1.0716676585886207
2026-06-01,2026-06-01 11:09:31,V019,122.0,1.031446619683351
2026-06-01,2026-06-01 11:09:32,V019,122.0,0.977475295889556
2026-06-01,2026-06-01 11:09:33,V019,122.0,1.0246808943093315
2026-06-01,2026-06-01 11:09:34,V019,122.0,1.058143963855645
2026-06-01,2026-06-01 11:09:35,V019,122.0,1.0394419695118817
2026-06-01,2026-06-01 11:09:36,V019,122.0,1.1945230525407826
2026-06-01,2026-06-01 11:09:37,V019,122.0,1.0269186511567523
2026-06-01,2026-06-01 11:09:38,V019,122.0,1.0267762819459285
2026-06-01,2026-06-01 11:09:39,V019,122.0,0.9794608280537723
2026-06-01,2026-06-01 11:09:40,V019,122.0,1.005878211420138
2026-06-01,2026-06-01 11:09:41,V019,122.0,0.973559108587464
2026-06-01,2026-06-01 11:09:42,V019,123.0,1.1515800428416203
2026-06-01,2026-06-01 11:09:43,V019,123.0,1.1020840523420021
2026-06-01,2026-06-01 11:09:44,V019,124.0,0.9719326580982772
2026-06-01,2026-06-01 11:09:45,V019,124.0,1.0084043861142005
2026-06-01,2026-06-01 11:09:46,V019,124.0,1.1307161524650133
2026-06-01,2026-06-01 11:09:47,V019,125.0,1.1927169244685722
2026-06-01,2026-06-01 11:09:48,V019,125.0,1.0662472243747922
2026-06-01,2026-06-01 11:09:49,V019,126.0,1.1614580972434974
2026-06-01,2026-06-01 11:09:50,V019,126.0,1.0797247303313446
2026-06-01,2026-06-01 11:09:51,V019,126.0,0.9679769187076751
2026-06-01,2026-06-01 11:09:52,V019,128.0,1.0201324759255448
2026-06-01,2026-06-01 11:09:53,V019,129.0,0.9900735207630704
2026-06-01,2026-06-01 11:09:54,V019,129.0,1.007376857667981
2026-06-01,2026-06-01 11:09:55,V019,129.0,0.9917931592652399
2026-06-01,2026-06-01 11:09:56,V019,130.0,0.9992818842628625
2026-06-01,2026-06-01 11:09:57,V019,130.0,1.033788810011015
2026-06-01,2026-06-01 11:09:58,V019,131.0,1.0237556166840762
2026-06-01,2026-06-01 11:09:59,V019,131.0,1.0580730863516916
2026-06-01,2026-06-01 11:10:00,V019,131.0,1.0857626256408102
2026-06-01,2026-06-01 11:10:01,V019,131.0,1.0204766152622171
2026-06-01,2026-06-01 11:10:02,V019,131.0,1.085191706446846
2026-06-01,2026-06-01 11:10:03,V019,131.0,1.11026677026873
2026-06-01,2026-06-01 11:10:04,V019,131.0,0.9926691473557119
2026-06-01,2026-06-01 11:10:05,V019,132.0,1.1271825139846425
2026-06-01,2026-06-01 11:10:06,V019,132.0,1.033062504188043
2026-06-01,2026-06-01 11:10:07,V019,133.0,1.0513267201613512
2026-06-01,2026-06-01 11:10:08,V019,134.0,1.0456728223403657
2026-06-01,2026-06-01 11:10:09,V019,135.0,1.071285868285531
2026-06-01,2026-06-01 11:10:10,V019,135.0,0.976924578862999
2026-06-01,2026-06-01 11:10:11,V019,135.0,1.0052832210180769
2026-06-01,2026-06-01 11:10:12,V019,135.0,1.0678467627718375
2026-06-01,2026-06-01 11:10:13,V019,136.0,1.0148748844323259
2026-06-01,2026-06-01 11:10:14,V019,136.0,1.0606037923031446
2026-06-01,2026-06-01 11:10:15,V019,136.0,1.029742141848927
2026-06-01,2026-06-01 11:10:16,V019,135.0,1.0354120261925515
2026-06-01,2026-06-01 11:10:17,V019,134.0,0.9876370748530988
2026-06-01,2026-06-01 11:10:18,V019,134.0,1.090501183832956
2026-06-01,2026-06-01 11:10:19,V019,133.0,0.9816611708599244
2026-06-01,2026-06-01 11:10:20,V019,133.0,1.0213375176396378
2026-06-01,2026-06-01 11:10:21,V019,133.0,0.9806096758422091
2026-06-01,2026-06-01 11:10:22,V019,132.0,1.0034826841102757
2026-06-01,2026-06-01 11:10:23,V019,131.0,1.14912564710873
2026-06-01,2026-06-01 11:10:24,V019,130.0,1.1354691673687665
2026-06-01,2026-06-01 11:10:25,V019,130.0,1.0702365977081856
2026-06-01,2026-06-01 11:10:26,V019,130.0,1.1162872213633663
2026-06-01,2026-06-01 11:10:27,V019,129.0,1.2146739496714463
2026-06-01,2026-06-01 11:10:28,V019,129.0,1.0535393928856398
2026-06-01,2026-06-01 11:10:29,V019,129.0,0.9910646832543899
2026-06-01,2026-06-01 11:10:30,V019,129.0,1.016031169488163
2026-06-01,2026-06-01 11:10:31,V019,128.0,1.0299257782663267
2026-06-01,2026-06-01 11:10:32,V019,127.0,1.022204993513857
2026-06-01,2026-06-01 11:10:33,V019,127.0,1.0296006063948373
2026-06-01,2026-06-01 11:10:34,V019,126.0,1.0445108447340425
2026-06-01,2026-06-01 11:10:35,V019,126.0,1.0399042154182654
2026-06-01,2026-06-01 11:10:36,V019,126.0,1.0106904230454294
2026-06-01,2026-06-01 11:10:37,V019,125.0,0.9888181860331042
2026-06-01,2026-06-01 11:10:38,V019,125.0,1.0000833004011365
2026-06-01,2026-06-01 11:10:39,V019,125.0,1.0004901260223618
2026-06-01,2026-06-01 11:10:40,V019,125.0,1.0267823057941887
2026-06-01,2026-06-01 11:10:41,V019,126.0,1.0009454675745975
2026-06-01,2026-06-01 11:10:42,V019,127.0,1.1158986337502914
2026-06-01,2026-06-01 11:10:43,V019,127.0,1.0369165493988797
2026-06-01,2026-06-01 11:10:44,V019,127.0,1.0317093413709086
2026-06-01,2026-06-01 11:10:45,V019,127.0,1.011890079225951
2026-06-01,2026-06-01 11:10:46,V019,128.0,1.0307295225977477
2026-06-01,2026-06-01 11:10:47,V019,127.0,0.9493611075316245
2026-06-01,2026-06-01 11:10:48,V019,127.0,1.1123661751844625
2026-06-01,2026-06-01 11:10:49,V019,127.0,0.9980260362119834
2026-06-01,2026-06-01 11:10:50,V019,126.0,0.9926370445762599
2026-06-01,2026-06-01 11:10:51,V019,126.0,0.9855019724360845
2026-06-01,2026-06-01 11:10:52,V019,126.0,0.9945890867476663
2026-06-01,2026-06-01 11:10:53,V019,125.0,1.04331080441013
2026-06-01,2026-06-01 11:10:54,V019,125.0,1.017587952216661
2026-06-01,2026-06-01 11:10:55,V019,124.0,1.0220734860368308
2026-06-01,2026-06-01 11:10:56,V019,124.0,0.9865552881818646
2026-06-01,2026-06-01 11:10:57,V019,124.0,1.0061224240331947
2026-06-01,2026-06-01 11:10:58,V019,125.0,1.0664926773763714
2026-06-01,2026-06-01 11:10:59,V019,125.0,0.9994900406485241
2026-06-01,2026-06-01 11:11:00,V019,125.0,1.002981747054678
2026-06-01,2026-06-01 11:11:01,V019,125.0,0.9875341347027621
2026-06-01,2026-06-01 11:11:02,V019,125.0,1.0150578904154528
2026-06-01,2026-06-01 11:11:03,V019,125.0,0.9912739241005334
2026-06-01,2026-06-01 11:11:04,V019,124.0,0.9944845623043879
2026-06-01,2026-06-01 11:11:05,V019,124.0,0.9924643889192103
2026-06-01,2026-06-01 11:11:06,V019,122.0,0.9828676265032938
2026-06-01,2026-06-01 11:11:07,V019,122.0,0.9782952690783263
2026-06-01,2026-06-01 11:11:08,V019,122.0,0.9940162109968926
2026-06-01,2026-06-01 11:11:09,V019,121.0,1.0022332193324546
2026-06-01,2026-06-01 11:11:10,V019,120.0,1.1044812583890276
2026-06-01,2026-06-01 11:11:11,V019,120.0,1.1487383089160421
2026-06-01,2026-06-01 11:11:12,V019,119.0,1.2538412098383263
2026-06-01,2026-06-01 11:11:13,V019,119.0,1.1944429349344372
2026-06-01,2026-06-01 11:11:14,V019,119.0,1.0347318413676003
2026-06-01,2026-06-01 11:11:15,V019,118.0,1.293623324373817
2026-06-01,2026-06-01 11:11:16,V019,118.0,1.4135997804168612
2026-06-01,2026-06-01 11:11:17,V019,118.0,1.0400836766319497
2026-06-01,2026-06-01 11:11:18,V019,118.0,1.025058260837727
2026-06-01,2026-06-01 11:11:19,V019,118.0,1.0105670915076626
2026-06-01,2026-06-01 11:11:20,V019,119.0,1.0520959074396232
2026-06-01,2026-06-01 11:11:21,V019,118.0,0.9940062426793256
2026-06-01,2026-06-01 11:11:22,V019,118.0,1.1113234385980744
2026-06-01,2026-06-01 11:11:23,V019,119.0,1.0657296191263153
2026-06-01,2026-06-01 11:11:24,V019,119.0,1.1122680244086423
2026-06-01,2026-06-01 11:11:25,V019,120.0,0.9881760777868897
2026-06-01,2026-06-01 11:11:26,V019,121.0,1.0736210950204692
2026-06-01,2026-06-01 11:11:27,V019,122.0,1.109875833251403
2026-06-01,2026-06-01 11:11:28,V019,123.0,1.1933041128174986
2026-06-01,2026-06-01 11:11:29,V019,124.0,0.9905617347326701
2026-06-01,2026-06-01 11:11:30,V019,128.0,1.2108231753602818
2026-06-01,2026-06-01 11:11:31,V019,129.0,1.0020786650693216
2026-06-01,2026-06-01 11:11:32,V019,129.0,0.9996826219616923
2026-06-01,2026-06-01 11:11:33,V019,128.0,1.036065443394334
2026-06-01,2026-06-01 11:11:34,V019,127.0,0.9954009500253284
2026-06-01,2026-06-01 11:11:35,V019,128.0,1.178958168385133
2026-06-01,2026-06-01 11:11:36,V019,129.0,1.0109707038832692
2026-06-01,2026-06-01 11:11:37,V019,129.0,0.9965638820503351
2026-06-01,2026-06-01 11:11:38,V019,129.0,1.0165341445304896
2026-06-01,2026-06-01 11:11:39,V019,129.0,0.9867307840653284
2026-06-01,2026-06-01 11:11:40,V019,129.0,0.9840546505869692
2026-06-01,2026-06-01 11:11:41,V019,129.0,0.9916339093505802
2026-06-01,2026-06-01 11:11:42,V019,129.0,0.976351173292135
2026-06-01,2026-06-01 11:11:43,V019,129.0,1.015173685404878
2026-06-01,2026-06-01 11:11:44,V019,129.0,0.9894034825161366
2026-06-01,2026-06-01 11:11:45,V019,130.0,1.0755318039266377
2026-06-01,2026-06-01 11:11:46,V019,131.0,1.0457512346198048
2026-06-01,2026-06-01 11:11:47,V019,132.0,1.0419851042001365
2026-06-01,2026-06-01 11:11:48,V019,132.0,1.0427125041982404
2026-06-01,2026-06-01 11:11:49,V019,132.0,1.0536003975227977
2026-06-01,2026-06-01 11:11:50,V019,132.0,1.0259554904827457
2026-06-01,2026-06-01 11:11:51,V019,132.0,1.0243462156684355
2026-06-01,2026-06-01 11:11:52,V019,132.0,1.0125795915516609
2026-06-01,2026-06-01 11:11:53,V019,131.0,0.9907952273464063
2026-06-01,2026-06-01 11:11:54,V019,130.0,0.9886030574424802
2026-06-01,2026-06-01 11:11:55,V019,129.0,1.020694697877164
2026-06-01,2026-06-01 11:11:56,V019,129.0,0.9974728889707135
2026-06-01,2026-06-01 11:11:57,V019,128.0,1.0720848518400503
2026-06-01,2026-06-01 11:11:58,V019,126.0,1.1048418924344316
2026-06-01,2026-06-01 11:11:59,V019,125.0,1.0353217811422988
2026-06-01,2026-06-01 11:12:00,V019,124.0,1.0485713213220886
2026-06-01,2026-06-01 11:12:01,V019,123.0,1.033534390040899
2026-06-01,2026-06-01 11:12:02,V019,121.0,1.0162160596876537
2026-06-01,2026-06-01 11:12:03,V019,120.0,0.9913654025907105
2026-06-01,2026-06-01 11:12:04,V019,120.0,0.9859625868889809
2026-06-01,2026-06-01 11:12:05,V019,119.0,1.0009575184225687
2026-06-01,2026-06-01 11:12:06,V019,118.0,0.9917210939394818
2026-06-01,2026-06-01 11:12:07,V019,117.0,1.0109669885693395
2026-06-01,2026-06-01 11:12:08,V019,116.0,0.9734912871334824
2026-06-01,2026-06-01 11:12:09,V019,116.0,1.0288631082382418
2026-06-01,2026-06-01 11:12:10,V019,115.0,1.0045100980118329
2026-06-01,2026-06-01 11:12:11,V019,114.0,1.0050512231222626
2026-06-01,2026-06-01 11:12:12,V019,114.0,1.0842981294738083
2026-06-01,2026-06-01 11:12:13,V019,114.0,1.0918887439638731
2026-06-01,2026-06-01 11:12:14,V019,114.0,0.9991057143382223
2026-06-01,2026-06-01 11:12:15,V019,114.0,0.9875501492380183
2026-06-01,2026-06-01 11:12:16,V019,114.0,1.01195498088548
2026-06-01,2026-06-01 11:12:17,V019,114.0,0.9922932968436472
2026-06-01,2026-06-01 11:12:18,V019,114.0,0.9886061941090938
2026-06-01,2026-06-01 11:12:19,V019,114.0,0.9895345198319497
2026-06-01,2026-06-01 11:12:20,V019,114.0,0.9868621555110955
2026-06-01,2026-06-01 11:12:21,V019,114.0,0.9856853123854012
2026-06-01,2026-06-01 11:12:22,V019,114.0,0.9926863765760744
2026-06-01,2026-06-01 11:12:23,V019,114.0,0.9803131675880637
2026-06-01,2026-06-01 11:12:24,V019,113.0,1.008099138305831
2026-06-01,2026-06-01 11:12:25,V019,113.0,0.9905630529859167
2026-06-01,2026-06-01 11:12:26,V019,113.0,0.9896104698474714
2026-06-01,2026-06-01 11:12:27,V019,113.0,0.9848678772272609
2026-06-01,2026-06-01 11:12:28,V019,113.0,0.988551949616822
2026-06-01,2026-06-01 11:12:29,V019,113.0,1.0021712709512356
2026-06-01,2026-06-01 11:12:30,V019,113.0,0.9781235142138406
2026-06-01,2026-06-01 11:12:31,V019,113.0,1.0207903821348372
2026-06-01,2026-06-01 11:12:32,V019,113.0,0.9745465256008093
2026-06-01,2026-06-01 11:12:33,V019,114.0,0.9996753889975094
2026-06-01,2026-06-01 11:12:34,V019,113.0,1.0322498679667977
2026-06-01,2026-06-01 11:12:35,V019,113.0,0.9840973424606857
2026-06-01,2026-06-01 11:12:36,V019,113.0,0.9875636130386346
2026-06-01,2026-06-01 11:12:37,V019,113.0,0.9901007168659294
2026-06-01,2026-06-01 11:12:38,V019,113.0,1.005991587014462
2026-06-01,2026-06-01 11:12:39,V019,113.0,0.9855537070627955
2026-06-01,2026-06-01 11:12:40,V019,113.0,0.9841775044035875
2026-06-01,2026-06-01 11:12:41,V019,114.0,0.9892710151766687
2026-06-01,2026-06-01 11:12:42,V019,114.0,0.9836891200905771
2026-06-01,2026-06-01 11:12:43,V019,114.0,0.9875745593468539
2026-06-01,2026-06-01 11:12:44,V019,114.0,0.9763751308863006
2026-06-01,2026-06-01 11:12:45,V019,114.0,1.0139193901454442
2026-06-01,2026-06-01 11:12:46,V019,114.0,0.9839157181051381
2026-06-01,2026-06-01 11:12:47,V019,114.0,0.9973190638204498
2026-06-01,2026-06-01 11:12:48,V019,114.0,0.9876998301955042
2026-06-01,2026-06-01 11:12:49,V019,113.0,0.9852793629376572
2026-06-01,2026-06-01 11:12:50,V019,113.0,0.9991856719939126
2026-06-01,2026-06-01 11:12:51,V019,112.0,0.9959090834776271
2026-06-01,2026-06-01 11:12:52,V019,112.0,0.9976278045636054
2026-06-01,2026-06-01 11:12:53,V019,111.0,0.961837847043778
2026-06-01,2026-06-01 11:12:54,V019,111.0,0.9885319577303384
2026-06-01,2026-06-01 11:12:55,V019,111.0,1.0015690297522384
2026-06-01,2026-06-01 11:12:56,V019,111.0,1.006438387868264
2026-06-01,2026-06-01 11:12:57,V019,110.0,0.9788853731375334
2026-06-01,2026-06-01 11:12:58,V019,110.0,0.9927212375391978
2026-06-01,2026-06-01 11:12:59,V019,109.0,0.9959895233917487
2026-06-01,2026-06-01 11:13:00,V019,109.0,0.9912216225024371
2026-06-01,2026-06-01 11:13:01,V019,108.0,0.9998665544960675
2026-06-01,2026-06-01 11:13:02,V019,108.0,1.0047861124524755
2026-06-01,2026-06-01 11:13:03,V019,108.0,0.9953670156916522
2026-06-01,2026-06-01 11:13:04,V019,108.0,1.0193172035378237
2026-06-01,2026-06-01 11:13:05,V019,108.0,0.97498204137362
2026-06-01,2026-06-01 11:13:06,V019,109.0,0.9892000601271326
2026-06-01,2026-06-01 11:13:07,V019,109.0,0.9925287935402688
2026-06-01,2026-06-01 11:13:08,V019,111.0,0.9776671099985148
2026-06-01,2026-06-01 11:13:09,V019,112.0,0.9785030365723633
2026-06-01,2026-06-01 11:13:10,V019,112.0,1.025792010383978
2026-06-01,2026-06-01 11:13:11,V019,113.0,0.9812245899962599
2026-06-01,2026-06-01 11:13:12,V019,114.0,1.1264033807427731
2026-06-01,2026-06-01 11:13:13,V019,114.0,1.032091264249937
2026-06-01,2026-06-01 11:13:14,V019,114.0,1.0288819878603428
2026-06-01,2026-06-01 11:13:15,V019,113.0,0.998859536933483
2026-06-01,2026-06-01 11:13:16,V019,113.0,1.01378972269129
2026-06-01,2026-06-01 11:13:17,V019,113.0,0.9755220243718425
2026-06-01,2026-06-01 11:13:18,V019,113.0,1.0225991094246891
2026-06-01,2026-06-01 11:13:19,V019,113.0,1.002162653471747
2026-06-01,2026-06-01 11:13:20,V019,113.0,0.9892320025701736
2026-06-01,2026-06-01 11:13:21,V019,114.0,1.0010842778074283
2026-06-01,2026-06-01 11:13:22,V019,114.0,0.9997380123007221
2026-06-01,2026-06-01 11:13:23,V019,113.0,1.0046943880565053
2026-06-01,2026-06-01 11:13:24,V019,111.0,1.0098564638732284
2026-06-01,2026-06-01 11:13:25,V019,110.0,0.9958978728867696
2026-06-01,2026-06-01 11:13:26,V019,110.0,1.004991965227015
2026-06-01,2026-06-01 11:13:27,V019,109.0,0.995311868316697
2026-06-01,2026-06-01 11:13:28,V019,108.0,0.989332984837294
2026-06-01,2026-06-01 11:13:29,V019,107.0,0.9880898793145888
2026-06-01,2026-06-01 11:13:30,V019,106.0,0.9892600895657012
2026-06-01,2026-06-01 11:13:31,V019,104.0,0.9881440912485904
2026-06-01,2026-06-01 11:13:32,V019,102.0,0.9892950592143829
2026-06-01,2026-06-01 11:13:33,V019,101.0,1.0123348425471717
2026-06-01,2026-06-01 11:13:34,V019,101.0,1.0367491287753658
2026-06-01,2026-06-01 11:13:35,V019,100.0,1.006934322613023
2026-06-01,2026-06-01 11:13:36,V019,99.0,1.013594888000865
2026-06-01,2026-06-01 11:13:37,V019,100.0,0.9749226531192349
2026-06-01,2026-06-01 11:13:38,V019,100.0,0.9885431874114782
2026-06-01,2026-06-01 11:13:39,V019,99.0,0.9995095068165762
2026-06-01,2026-06-01 11:13:40,V019,98.0,0.9811954760671424
2026-06-01,2026-06-01 11:13:41,V019,98.0,0.9964969983921834
2026-06-01,2026-06-01 11:13:42,V019,98.0,0.9895118207042739
2026-06-01,2026-06-01 11:13:43,V019,98.0,0.9926118884036572
2026-06-01,2026-06-01 11:13:44,V019,99.0,0.989931664986694
2026-06-01,2026-06-01 11:13:45,V019,99.0,0.9848476773568094
2026-06-01,2026-06-01 11:13:46,V019,100.0,0.9938765454919357
2026-06-01,2026-06-01 11:13:47,V019,101.0,0.9896352966811129
2026-06-01,2026-06-01 11:13:48,V019,103.0,0.9904881385775892
2026-06-01,2026-06-01 11:13:49,V019,105.0,0.9892294517237874
2026-06-01,2026-06-01 11:13:50,V019,105.0,0.9876485570054369
2026-06-01,2026-06-01 11:13:51,V019,106.0,0.9857013730976875
2026-06-01,2026-06-01 11:13:52,V019,107.0,0.9961195465105158
2026-06-01,2026-06-01 11:13:53,V019,107.0,0.9900839785759619
2026-06-01,2026-06-01 11:13:54,V019,107.0,0.9981018738634682
2026-06-01,2026-06-01 11:13:55,V019,106.0,1.0122200510597428
2026-06-01,2026-06-01 11:13:56,V019,105.0,0.9822059572780787
2026-06-01,2026-06-01 11:13:57,V019,105.0,1.0155447946011216
2026-06-01,2026-06-01 11:13:58,V019,105.0,1.059881582026587
2026-06-01,2026-06-01 11:13:59,V019,105.0,1.0331681913002533
2026-06-01,2026-06-01 11:14:00,V019,106.0,1.0390786178529954
2026-06-01,2026-06-01 11:14:01,V019,107.0,0.988228329070037
2026-06-01,2026-06-01 11:14:02,V019,107.0,1.06867965532035
2026-06-01,2026-06-01 11:14:03,V019,108.0,1.021183751030665
2026-06-01,2026-06-01 11:14:04,V019,108.0,0.9924067935788052
2026-06-01,2026-06-01 11:14:05,V019,108.0,0.990907119568461
2026-06-01,2026-06-01 11:14:06,V019,108.0,0.9741876259841477
2026-06-01,2026-06-01 11:14:07,V019,107.0,0.9927503076887041
2026-06-01,2026-06-01 11:14:08,V019,107.0,0.9903412204709514
2026-06-01,2026-06-01 11:14:09,V019,106.0,0.9916405885717074
2026-06-01,2026-06-01 11:14:10,V019,106.0,0.9910984039286247
2026-06-01,2026-06-01 11:14:11,V019,106.0,0.9913872444619518
2026-06-01,2026-06-01 11:14:12,V019,106.0,0.989274702123881
2026-06-01,2026-06-01 11:14:13,V019,106.0,0.9982284559167963
2026-06-01,2026-06-01 11:14:14,V019,106.0,0.9876382060682103
2026-06-01,2026-06-01 11:14:15,V019,106.0,0.9886254047781587
2026-06-01,2026-06-01 11:14:16,V019,106.0,0.992010351939802
2026-06-01,2026-06-01 11:14:17,V019,106.0,0.9892012921242592
2026-06-01,2026-06-01 11:14:18,V019,106.0,0.9898632861597905
2026-06-01,2026-06-01 11:14:19,V019,105.0,0.9898159443978993
2026-06-01,2026-06-01 11:14:20,V019,106.0,1.0006948994667348
2026-06-01,2026-06-01 11:14:21,V019,106.0,0.9838720460069758
2026-06-01,2026-06-01 11:14:22,V019,106.0,0.9908537179283412
2026-06-01,2026-06-01 11:14:23,V019,106.0,1.0150876440047867
2026-06-01,2026-06-01 11:14:24,V019,107.0,0.9723144363548227
2026-06-01,2026-06-01 11:14:25,V019,107.0,0.9828612234722739
2026-06-01,2026-06-01 11:14:26,V019,108.0,0.9808724078946875
2026-06-01,2026-06-01 11:14:27,V019,108.0,1.0019872448130094
2026-06-01,2026-06-01 11:14:28,V019,109.0,0.9901322698857157
2026-06-01,2026-06-01 11:14:29,V019,109.0,0.9895471677461203
2026-06-01,2026-06-01 11:14:30,V019,109.0,0.9882378180241036
2026-06-01,2026-06-01 11:14:31,V019,108.0,0.9921886500378019
2026-06-01,2026-06-01 11:14:32,V019,108.0,0.9879336412325885
2026-06-01,2026-06-01 11:14:33,V019,108.0,0.9906163044824488
2026-06-01,2026-06-01 11:14:34,V019,107.0,0.988661966365338
2026-06-01,2026-06-01 11:14:35,V019,107.0,0.9884389410376463
2026-06-01,2026-06-01 11:14:36,V019,106.0,0.990719397151933
2026-06-01,2026-06-01 11:14:37,V019,105.0,0.9901625863913589
2026-06-01,2026-06-01 11:14:38,V019,105.0,0.9882244769056296
2026-06-01,2026-06-01 11:14:39,V019,105.0,0.9916311575032101
2026-06-01,2026-06-01 11:14:40,V019,105.0,0.9901320851051232
2026-06-01,2026-06-01 11:14:41,V019,106.0,0.9873835357821538
2026-06-01,2026-06-01 11:14:42,V019,108.0,0.9886635188621619
2026-06-01,2026-06-01 11:14:43,V019,108.0,0.983130197448359
2026-06-01,2026-06-01 11:14:44,V019,108.0,1.018398107198512
2026-06-01,2026-06-01 11:14:45,V019,108.0,0.9860490842147057
2026-06-01,2026-06-01 11:14:46,V019,108.0,0.9962928119993257
2026-06-01,2026-06-01 11:14:47,V019,108.0,0.9850407894446733
2026-06-01,2026-06-01 11:14:48,V019,108.0,0.9862818867374037
2026-06-01,2026-06-01 11:14:49,V019,108.0,0.9978968133031797
2026-06-01,2026-06-01 11:14:50,V019,108.0,0.9935274029978456
2026-06-01,2026-06-01 11:14:51,V019,108.0,0.9876002356543976
2026-06-01,2026-06-01 11:14:52,V019,107.0,0.9905220398209411
2026-06-01,2026-06-01 11:14:53,V019,107.0,0.9862970024649348
2026-06-01,2026-06-01 11:14:54,V019,107.0,0.9906635172808993
2026-06-01,2026-06-01 11:14:55,V019,106.0,0.9878858867663433
2026-06-01,2026-06-01 11:14:56,V019,106.0,0.9926642010723038
2026-06-01,2026-06-01 11:14:57,V019,106.0,1.0303960021519853
2026-06-01,2026-06-01 11:14:58,V019,106.0,1.0213936816971205
2026-06-01,2026-06-01 11:14:59,V019,106.0,0.9800691368804403
2026-06-01,2026-06-01 11:15:00,V019,106.0,1.0115269011881465
2026-06-01,2026-06-01 11:15:01,V019,106.0,0.9864126550785088
2026-06-01,2026-06-01 11:15:02,V019,107.0,0.9851876996967636
2026-06-01,2026-06-01 11:15:03,V019,107.0,0.9872446297356215
2026-06-01,2026-06-01 11:15:04,V019,107.0,0.9884323422862545
2026-06-01,2026-06-01 11:15:05,V019,108.0,0.9875533114945364
2026-06-01,2026-06-01 11:15:06,V019,109.0,0.9887104482507874
2026-06-01,2026-06-01 11:15:07,V019,109.0,0.9886314376703929
2026-06-01,2026-06-01 11:15:08,V019,109.0,0.9888169015728848
2026-06-01,2026-06-01 11:15:09,V019,109.0,0.9886904903317362
2026-06-01,2026-06-01 11:15:10,V019,109.0,0.9891172222926896
2026-06-01,2026-06-01 11:15:11,V019,109.0,0.9877911067452211
2026-06-01,2026-06-01 11:15:12,V019,109.0,0.9915541496834608
2026-06-01,2026-06-01 11:15:13,V019,109.0,0.9854404405534829
2026-06-01,2026-06-01 11:15:14,V019,109.0,0.9843524936741732
2026-06-01,2026-06-01 11:15:15,V019,109.0,0.9926955846347294
2026-06-01,2026-06-01 11:15:16,V019,108.0,1.000000453750979
2026-06-01,2026-06-01 11:15:17,V019,107.0,0.9823030927575365
2026-06-01,2026-06-01 11:15:18,V019,106.0,0.9790255915940134
2026-06-01,2026-06-01 11:15:19,V019,105.0,1.0076546502399195
2026-06-01,2026-06-01 11:15:20,V019,105.0,1.06760389573243
2026-06-01,2026-06-01 11:15:21,V019,104.0,1.0987371437352593
2026-06-01,2026-06-01 11:15:22,V019,104.0,1.0124238158559564
2026-06-01,2026-06-01 11:15:23,V019,104.0,1.0236459185721922
2026-06-01,2026-06-01 11:15:24,V019,104.0,1.0870825279110885
2026-06-01,2026-06-01 11:15:25,V019,104.0,1.0774492700648748
2026-06-01,2026-06-01 11:15:26,V019,103.0,1.04616176842387
2026-06-01,2026-06-01 11:15:27,V019,103.0,0.9915779117460022
2026-06-01,2026-06-01 11:15:28,V019,103.0,0.9977311035485665
2026-06-01,2026-06-01 11:15:29,V019,102.0,0.9917014543715847
2026-06-01,2026-06-01 11:15:30,V019,102.0,0.9911138172976939
2026-06-01,2026-06-01 11:15:31,V019,101.0,0.9878214532076081
2026-06-01,2026-06-01 11:15:32,V019,100.0,0.9866826808790905
2026-06-01,2026-06-01 11:15:33,V019,100.0,0.9848059987194892
2026-06-01,2026-06-01 11:15:34,V019,100.0,0.9864357715006373
2026-06-01,2026-06-01 11:15:35,V019,101.0,0.9878990306749719
2026-06-01,2026-06-01 11:15:36,V019,101.0,0.9861981107185761
2026-06-01,2026-06-01 11:15:37,V019,101.0,1.0441245552292056
2026-06-01,2026-06-01 11:15:38,V019,102.0,0.9874632659043706
2026-06-01,2026-06-01 11:15:39,V019,103.0,0.9992671639935191
2026-06-01,2026-06-01 11:15:40,V019,104.0,0.9865381104527066
2026-06-01,2026-06-01 11:15:41,V019,106.0,0.9885971047625792
2026-06-01,2026-06-01 11:15:42,V019,107.0,0.987798788313338
2026-06-01,2026-06-01 11:15:43,V019,108.0,0.9838185359709746
2026-06-01,2026-06-01 11:15:44,V019,108.0,0.9855014108548102
2026-06-01,2026-06-01 11:15:45,V019,107.0,0.9938535045373513
2026-06-01,2026-06-01 11:15:46,V019,107.0,0.9783932625461116
2026-06-01,2026-06-01 11:15:47,V019,108.0,0.9796603213774115
2026-06-01,2026-06-01 11:15:48,V019,108.0,0.9877715868682952
2026-06-01,2026-06-01 11:15:49,V019,108.0,0.970198476079057
2026-06-01,2026-06-01 11:15:50,V019,109.0,0.9823132496231319
2026-06-01,2026-06-01 11:15:51,V019,110.0,0.9839643599697584
2026-06-01,2026-06-01 11:15:52,V019,110.0,0.990190668240486
2026-06-01,2026-06-01 11:15:53,V019,110.0,0.9878493088135124
2026-06-01,2026-06-01 11:15:54,V019,110.0,0.9859833422613566
2026-06-01,2026-06-01 11:15:55,V019,110.0,0.9856321546055392
2026-06-01,2026-06-01 11:15:56,V019,109.0,0.9864236293994498
2026-06-01,2026-06-01 11:15:57,V019,109.0,0.98616332508442
2026-06-01,2026-06-01 11:15:58,V019,108.0,1.0006775877748864
2026-06-01,2026-06-01 11:15:59,V019,107.0,0.982252185277381
2026-06-01,2026-06-01 11:16:00,V019,107.0,0.9846713103435667
2026-06-01,2026-06-01 11:16:01,V019,106.0,1.0199457832600796
2026-06-01,2026-06-01 11:16:02,V019,106.0,0.9932417753502053
2026-06-01,2026-06-01 11:16:03,V019,106.0,0.9938807171336167
2026-06-01,2026-06-01 11:16:04,V019,106.0,0.9873928925349367
2026-06-01,2026-06-01 11:16:05,V019,106.0,0.9970850916716205
2026-06-01,2026-06-01 11:16:06,V019,107.0,0.9841960428267174
2026-06-01,2026-06-01 11:16:07,V019,107.0,0.9858415759331586
2026-06-01,2026-06-01 11:16:08,V019,107.0,0.9986610950098065
2026-06-01,2026-06-01 11:16:09,V019,107.0,1.0362488303784831
2026-06-01,2026-06-01 11:16:10,V019,106.0,1.0125296666565184
2026-06-01,2026-06-01 11:16:11,V019,105.0,1.0086842352406091
2026-06-01,2026-06-01 11:16:12,V019,105.0,1.069791987798043
2026-06-01,2026-06-01 11:16:13,V019,105.0,1.0350713985588689
2026-06-01,2026-06-01 11:16:14,V019,105.0,0.9923452149399531
2026-06-01,2026-06-01 11:16:15,V019,105.0,1.0294305938753865
2026-06-01,2026-06-01 11:16:16,V019,105.0,1.0898752732206858
2026-06-01,2026-06-01 11:16:17,V019,105.0,1.0467778468197817
2026-06-01,2026-06-01 11:16:18,V019,105.0,1.02550338018588
2026-06-01,2026-06-01 11:16:19,V019,106.0,1.0291821464891469
2026-06-01,2026-06-01 11:16:20,V019,107.0,1.016647872862981
2026-06-01,2026-06-01 11:16:21,V019,107.0,1.0259819321547459
2026-06-01,2026-06-01 11:16:22,V019,107.0,1.0047259642971624
2026-06-01,2026-06-01 11:16:23,V019,107.0,1.0070893047169374
2026-06-01,2026-06-01 11:16:24,V019,107.0,1.0323503237977236
2026-06-01,2026-06-01 11:16:25,V019,106.0,1.0228682393104511
2026-06-01,2026-06-01 11:16:26,V019,106.0,1.0105459282027756
2026-06-01,2026-06-01 11:16:27,V019,105.0,1.0174514161379271
2026-06-01,2026-06-01 11:16:28,V019,105.0,1.012780416101863
2026-06-01,2026-06-01 11:16:29,V019,105.0,1.0037870708165928
2026-06-01,2026-06-01 11:16:30,V019,104.0,0.9924699103804122
2026-06-01,2026-06-01 11:16:31,V019,104.0,0.9878254030380804
2026-06-01,2026-06-01 11:16:32,V019,104.0,0.9843418749452193
2026-06-01,2026-06-01 11:16:33,V019,104.0,0.9564967791992052
2026-06-01,2026-06-01 11:16:34,V019,104.0,1.026861771354317
2026-06-01,2026-06-01 11:16:35,V019,104.0,0.9773396607788846
2026-06-01,2026-06-01 11:16:36,V019,105.0,1.017573922912084
2026-06-01,2026-06-01 11:16:37,V019,105.0,0.9960247871335133
2026-06-01,2026-06-01 11:16:38,V019,105.0,1.006191808528586
2026-06-01,2026-06-01 11:16:39,V019,105.0,1.0104465001179317
2026-06-01,2026-06-01 11:16:40,V019,105.0,1.0341633144147162
2026-06-01,2026-06-01 11:16:41,V019,105.0,0.9862651771108536
2026-06-01,2026-06-01 11:16:42,V019,106.0,0.9876897614649004
2026-06-01,2026-06-01 11:16:43,V019,106.0,0.9816796987299726
2026-06-01,2026-06-01 11:16:44,V019,106.0,0.9970593080062292
2026-06-01,2026-06-01 11:16:45,V019,106.0,0.9914885141331607
2026-06-01,2026-06-01 11:16:46,V019,106.0,0.9860672930893243
2026-06-01,2026-06-01 11:16:47,V019,106.0,0.9847148139918593
2026-06-01,2026-06-01 11:16:48,V019,105.0,0.988252256255877
2026-06-01,2026-06-01 11:16:49,V019,105.0,0.9889309948545885
2026-06-01,2026-06-01 11:16:50,V019,105.0,0.9928874022989891
2026-06-01,2026-06-01 11:16:51,V019,105.0,0.9814712760540496
2026-06-01,2026-06-01 11:16:52,V019,106.0,1.0198805802961393
2026-06-01,2026-06-01 11:16:53,V019,106.0,1.0269973888539154
2026-06-01,2026-06-01 11:16:54,V019,106.0,1.0323348056833015
2026-06-01,2026-06-01 11:16:55,V019,106.0,1.0387329174265953
2026-06-01,2026-06-01 11:16:56,V019,107.0,1.0543554648657811
2026-06-01,2026-06-01 11:16:57,V019,108.0,1.0200516724527573
2026-06-01,2026-06-01 11:16:58,V019,108.0,1.0366367520606874
2026-06-01,2026-06-01 11:16:59,V019,108.0,1.0245590037302117
2026-06-01,2026-06-01 11:17:00,V019,109.0,0.9992622397840757
2026-06-01,2026-06-01 11:17:01,V019,109.0,1.0055905507687017
2026-06-01,2026-06-01 11:17:02,V019,109.0,0.9942796935764604
2026-06-01,2026-06-01 11:17:03,V019,108.0,1.0075845954658278
2026-06-01,2026-06-01 11:17:04,V019,108.0,1.0192906572350948
2026-06-01,2026-06-01 11:17:05,V019,108.0,1.0079560769107
2026-06-01,2026-06-01 11:17:06,V019,108.0,1.0214954615890763
2026-06-01,2026-06-01 11:17:07,V019,108.0,1.0079891319525822
2026-06-01,2026-06-01 11:17:08,V019,107.0,0.9931743171437863
2026-06-01,2026-06-01 11:17:09,V019,107.0,1.0187853988111197
2026-06-01,2026-06-01 11:17:10,V019,107.0,0.9827856026217388
2026-06-01,2026-06-01 11:17:11,V019,106.0,0.9861575517718807
2026-06-01,2026-06-01 11:17:12,V019,105.0,1.0218573525756334
2026-06-01,2026-06-01 11:17:13,V019,104.0,1.0128501358284163
2026-06-01,2026-06-01 11:17:14,V019,104.0,1.0122457543419898
2026-06-01,2026-06-01 11:17:15,V019,104.0,1.0136646917977896
2026-06-01,2026-06-01 11:17:16,V019,104.0,1.0049694436372476
2026-06-01,2026-06-01 11:17:17,V019,104.0,1.0057692635783548
2026-06-01,2026-06-01 11:17:18,V019,105.0,1.003755820027249
2026-06-01,2026-06-01 11:17:19,V019,105.0,1.015838195256591
2026-06-01,2026-06-01 11:17:20,V019,106.0,1.0045977694690416
2026-06-01,2026-06-01 11:17:21,V019,107.0,1.0021338132889315
2026-06-01,2026-06-01 11:17:22,V019,107.0,1.0013666509961492
2026-06-01,2026-06-01 11:17:23,V019,108.0,1.0006844809014832
2026-06-01,2026-06-01 11:17:24,V019,111.0,1.0012133534501668
2026-06-01,2026-06-01 11:17:25,V019,112.0,1.0010120190837555
2026-06-01,2026-06-01 11:17:26,V019,112.0,0.9992013461700998
2026-06-01,2026-06-01 11:17:27,V019,112.0,1.0013581369289206
2026-06-01,2026-06-01 11:17:28,V019,112.0,0.988645877176208
2026-06-01,2026-06-01 11:17:29,V019,112.0,0.992828723101954
2026-06-01,2026-06-01 11:17:30,V019,112.0,0.9995037271407703
2026-06-01,2026-06-01 11:17:31,V019,112.0,1.0029447756274956
2026-06-01,2026-06-01 11:17:32,V019,111.0,0.9934842129032528
2026-06-01,2026-06-01 11:17:33,V019,111.0,0.9850141860432085
2026-06-01,2026-06-01 11:17:34,V019,111.0,1.0048781114435532
2026-06-01,2026-06-01 11:17:35,V019,111.0,0.9848125570084222
2026-06-01,2026-06-01 11:17:36,V019,111.0,0.9938763949754054
2026-06-01,2026-06-01 11:17:37,V019,111.0,0.9881010235740703
2026-06-01,2026-06-01 11:17:38,V019,111.0,0.9897402540831322
2026-06-01,2026-06-01 11:17:39,V019,111.0,0.9858902016603716
2026-06-01,2026-06-01 11:17:40,V019,110.0,0.9905037296368999
2026-06-01,2026-06-01 11:17:41,V019,110.0,0.9988069097931204
2026-06-01,2026-06-01 11:17:42,V019,110.0,0.9964670901771827
2026-06-01,2026-06-01 11:17:43,V019,110.0,0.9964163019627137
2026-06-01,2026-06-01 11:17:44,V019,111.0,0.9959164529707528
2026-06-01,2026-06-01 11:17:45,V019,111.0,0.988510518071689
2026-06-01,2026-06-01 11:17:46,V019,111.0,1.008578553011526
2026-06-01,2026-06-01 11:17:47,V019,112.0,1.01534520376244
2026-06-01,2026-06-01 11:17:48,V019,112.0,1.00268292563709
2026-06-01,2026-06-01 11:17:49,V019,112.0,0.9879418927989156
2026-06-01,2026-06-01 11:17:50,V019,113.0,0.9984217197488181
2026-06-01,2026-06-01 11:17:51,V019,113.0,1.012543105044178
2026-06-01,2026-06-01 11:17:52,V019,113.0,0.9970685768705577
2026-06-01,2026-06-01 11:17:53,V019,113.0,0.9974056964140765
2026-06-01,2026-06-01 11:17:54,V019,113.0,0.9970119938234421
2026-06-01,2026-06-01 11:17:55,V019,113.0,0.9911276632857307
2026-06-01,2026-06-01 11:17:56,V019,114.0,0.9923256428701135
2026-06-01,2026-06-01 11:17:57,V019,113.0,0.9916537360991436
2026-06-01,2026-06-01 11:17:58,V019,113.0,0.9924398885985053
2026-06-01,2026-06-01 11:17:59,V019,113.0,0.9910150039497628
2026-06-01,2026-06-01 11:18:00,V019,113.0,0.9900273263510269
2026-06-01,2026-06-01 11:18:01,V019,113.0,0.9933070974952736
2026-06-01,2026-06-01 11:18:02,V019,113.0,0.9927579713358677
2026-06-01,2026-06-01 11:18:03,V019,113.0,0.9995678507193768
2026-06-01,2026-06-01 11:18:04,V019,112.0,0.9991720257416377
2026-06-01,2026-06-01 11:18:05,V019,112.0,0.9810913383167948
2026-06-01,2026-06-01 11:18:06,V019,111.0,1.005977267868993
2026-06-01,2026-06-01 11:18:07,V019,110.0,0.9840493959687768
2026-06-01,2026-06-01 11:18:08,V019,109.0,1.0178111175858753
2026-06-01,2026-06-01 11:18:09,V019,109.0,1.1210729584960304
2026-06-01,2026-06-01 11:18:10,V019,109.0,1.0255775881001779
2026-06-01,2026-06-01 11:18:11,V019,109.0,1.000857955037579
2026-06-01,2026-06-01 11:18:12,V019,108.0,1.1286106881498938
2026-06-01,2026-06-01 11:18:13,V019,107.0,1.0465604035632758
2026-06-01,2026-06-01 11:18:14,V019,107.0,1.1613404132061462
2026-06-01,2026-06-01 11:18:15,V019,107.0,1.0102965013903586
2026-06-01,2026-06-01 11:18:16,V019,107.0,0.9895380917358897
2026-06-01,2026-06-01 11:18:17,V019,107.0,1.0026748159957157
2026-06-01,2026-06-01 11:18:18,V019,107.0,1.0625962224193533
2026-06-01,2026-06-01 11:18:19,V019,107.0,1.0240437289891866
2026-06-01,2026-06-01 11:18:20,V019,106.0,1.1392327949242986
2026-06-01,2026-06-01 11:18:21,V019,107.0,1.1442017277508088
2026-06-01,2026-06-01 11:18:22,V019,107.0,1.0411290577585792
2026-06-01,2026-06-01 11:18:23,V019,108.0,0.9982331128263139
2026-06-01,2026-06-01 11:18:24,V019,110.0,0.9988519092706173
2026-06-01,2026-06-01 11:18:25,V019,111.0,0.984357203637163
2026-06-01,2026-06-01 11:18:26,V019,111.0,0.993023816648188
2026-06-01,2026-06-01 11:18:27,V019,113.0,0.9775608178245907
2026-06-01,2026-06-01 11:18:28,V019,114.0,0.9905316581487781
2026-06-01,2026-06-01 11:18:29,V019,117.0,1.0013770370960864
2026-06-01,2026-06-01 11:18:30,V019,118.0,1.007949502405875
2026-06-01,2026-06-01 11:18:31,V019,119.0,1.0844949983791854
2026-06-01,2026-06-01 11:18:32,V019,122.0,1.0502511758120903
2026-06-01,2026-06-01 11:18:33,V019,123.0,1.0021695584713008
2026-06-01,2026-06-01 11:18:34,V019,123.0,0.998412239390453
2026-06-01,2026-06-01 11:18:35,V019,123.0,1.0003994335914124
2026-06-01,2026-06-01 11:18:36,V019,123.0,1.0078870977037184
2026-06-01,2026-06-01 11:18:37,V019,123.0,0.9959415898079322
2026-06-01,2026-06-01 11:18:38,V019,124.0,1.0516278155465615
2026-06-01,2026-06-01 11:18:39,V019,124.0,1.0100252184633802
2026-06-01,2026-06-01 11:18:40,V019,124.0,0.9857637226984964
2026-06-01,2026-06-01 11:18:41,V019,125.0,0.9866655222729351
2026-06-01,2026-06-01 11:18:42,V019,125.0,1.1256901030275115
2026-06-01,2026-06-01 11:18:43,V019,125.0,1.2197862094924703
2026-06-01,2026-06-01 11:18:44,V019,125.0,1.2762255780322462
2026-06-01,2026-06-01 11:18:45,V019,125.0,1.0364061466823298
2026-06-01,2026-06-01 11:18:46,V019,125.0,1.1366008618555268
2026-06-01,2026-06-01 11:18:47,V019,125.0,1.2937093049863466
2026-06-01,2026-06-01 11:18:48,V019,125.0,1.0693795974781648
2026-06-01,2026-06-01 11:18:49,V019,126.0,0.9559768166618021
2026-06-01,2026-06-01 11:18:50,V019,127.0,0.9698680134620942
2026-06-01,2026-06-01 11:18:51,V019,127.0,1.0486279454075558
2026-06-01,2026-06-01 11:18:52,V019,127.0,0.9709439233894906
2026-06-01,2026-06-01 11:18:53,V019,128.0,1.0170603562716143
2026-06-01,2026-06-01 11:18:54,V019,130.0,1.073796705031258
2026-06-01,2026-06-01 11:18:55,V019,131.0,1.0099811988923397
2026-06-01,2026-06-01 11:18:56,V019,132.0,1.056734216102852
2026-06-01,2026-06-01 11:18:57,V019,133.0,1.0115248743611454
2026-06-01,2026-06-01 11:18:58,V019,134.0,1.0939888008513527
2026-06-01,2026-06-01 11:18:59,V019,135.0,1.0177458126439751
2026-06-01,2026-06-01 11:19:00,V019,135.0,0.9854674830640013
2026-06-01,2026-06-01 11:19:01,V019,136.0,0.9960507375520767
2026-06-01,2026-06-01 11:19:02,V019,138.0,0.9976484417938906
2026-06-01,2026-06-01 11:19:03,V019,138.0,0.989611037077933
2026-06-01,2026-06-01 11:19:04,V019,138.0,1.0028746155998824
2026-06-01,2026-06-01 11:19:05,V019,138.0,1.0128381082212043
2026-06-01,2026-06-01 11:19:06,V019,137.0,0.9933382491893621
2026-06-01,2026-06-01 11:19:07,V019,136.0,0.9927043016744344
2026-06-01,2026-06-01 11:19:08,V019,136.0,0.9892192827895193
2026-06-01,2026-06-01 11:19:09,V019,135.0,1.1660060614323708
2026-06-01,2026-06-01 11:19:10,V019,133.0,2.2490429547156237
2026-06-01,2026-06-01 11:19:11,V019,133.0,1.058134076370039
2026-06-01,2026-06-01 11:19:12,V019,131.0,1.2309618748580604
2026-06-01,2026-06-01 11:19:13,V019,131.0,1.0019754656147453
2026-06-01,2026-06-01 11:19:14,V019,130.0,1.0063453199401624
2026-06-01,2026-06-01 11:19:15,V019,130.0,1.0023943356588711
2026-06-01,2026-06-01 11:19:16,V019,130.0,1.0028194809819817
2026-06-01,2026-06-01 11:19:17,V019,130.0,1.0004955422161512
2026-06-01,2026-06-01 11:19:18,V019,130.0,1.0003780032914875
2026-06-01,2026-06-01 11:19:19,V019,130.0,0.9968229864155065
2026-06-01,2026-06-01 11:19:20,V019,131.0,1.0855073315887407
2026-06-01,2026-06-01 11:19:21,V019,131.0,1.0393088386124845
2026-06-01,2026-06-01 11:19:22,V019,131.0,1.000193362673174
2026-06-01,2026-06-01 11:19:23,V019,131.0,1.215775764104078
2026-06-01,2026-06-01 11:19:24,V019,131.0,1.0437614655303054
2026-06-01,2026-06-01 11:19:25,V019,132.0,0.9996414171612138
2026-06-01,2026-06-01 11:19:26,V019,133.0,1.0012687338347475
2026-06-01,2026-06-01 11:19:27,V019,133.0,1.0179865660474232
2026-06-01,2026-06-01 11:19:28,V019,133.0,0.9947178583861942
2026-06-01,2026-06-01 11:19:29,V019,134.0,0.9973119265267693
2026-06-01,2026-06-01 11:19:30,V019,133.0,1.0027151378029975
2026-06-01,2026-06-01 11:19:31,V019,133.0,0.9805946768172997
2026-06-01,2026-06-01 11:19:32,V019,133.0,1.0680630134265805
2026-06-01,2026-06-01 11:19:33,V019,133.0,1.5806430208473095
2026-06-01,2026-06-01 11:19:34,V019,133.0,1.0987069081202352
2026-06-01,2026-06-01 11:19:35,V019,133.0,1.0034780216105306
2026-06-01,2026-06-01 11:19:36,V019,133.0,1.0137051843821516
2026-06-01,2026-06-01 11:19:37,V019,132.0,0.9655920096916829
2026-06-01,2026-06-01 11:19:38,V019,132.0,1.054436663324041
2026-06-01,2026-06-01 11:19:39,V019,131.0,0.9623864692497727
2026-06-01,2026-06-01 11:19:40,V019,131.0,1.267162115816115
2026-06-01,2026-06-01 11:19:41,V019,131.0,1.0169057206890175
2026-06-01,2026-06-01 11:19:42,V019,130.0,1.03636192811183
2026-06-01,2026-06-01 11:19:43,V019,130.0,1.0000895857579697
2026-06-01,2026-06-01 11:19:44,V019,130.0,0.999585573091298
2026-06-01,2026-06-01 11:19:45,V019,130.0,0.9924253313527747
2026-06-01,2026-06-01 11:19:46,V019,130.0,1.3239452943114876
2026-06-01,2026-06-01 11:19:47,V019,130.0,1.1207733771093293
2026-06-01,2026-06-01 11:19:48,V019,130.0,1.3429111870165127
2026-06-01,2026-06-01 11:19:49,V019,130.0,0.9797056071826427
2026-06-01,2026-06-01 11:19:50,V019,130.0,1.0080284967823823
2026-06-01,2026-06-01 11:19:51,V019,130.0,1.0244293542585468
2026-06-01,2026-06-01 11:19:52,V019,130.0,1.0207582198046845
2026-06-01,2026-06-01 11:19:53,V019,130.0,1.0215897822673008
2026-06-01,2026-06-01 11:19:54,V019,130.0,1.0424716364636541
2026-06-01,2026-06-01 11:19:55,V019,129.0,1.0332761897278806
2026-06-01,2026-06-01 11:19:56,V019,129.0,0.9932528466849591
2026-06-01,2026-06-01 11:19:57,V019,129.0,1.0073618013053622
2026-06-01,2026-06-01 11:19:58,V019,129.0,0.9897310234181632
2026-06-01,2026-06-01 11:19:59,V019,129.0,1.0257630398360988
2026-06-01,2026-06-01 11:20:00,V019,129.0,1.0159791870041368
2026-06-01,2026-06-01 11:20:01,V019,129.0,1.0272532251525541
2026-06-01,2026-06-01 11:20:02,V019,130.0,0.9951465472563122
2026-06-01,2026-06-01 11:20:03,V019,131.0,0.9839704684758975
2026-06-01,2026-06-01 11:20:04,V019,131.0,1.01602985590435
2026-06-01,2026-06-01 11:20:05,V019,132.0,0.9801599299740594
2026-06-01,2026-06-01 11:20:06,V019,132.0,1.0011938861099818
2026-06-01,2026-06-01 11:20:07,V019,132.0,0.9981493649541636
2026-06-01,2026-06-01 11:20:08,V019,132.0,1.0328645707617765
2026-06-01,2026-06-01 11:20:09,V019,132.0,1.1203481460731017
2026-06-01,2026-06-01 11:20:10,V019,131.0,0.9928131411753071
2026-06-01,2026-06-01 11:20:11,V019,130.0,1.0133429966620633
2026-06-01,2026-06-01 11:20:12,V019,130.0,1.0267114752327096
2026-06-01,2026-06-01 11:20:13,V019,129.0,0.9798066431096865
2026-06-01,2026-06-01 11:20:14,V019,129.0,0.97975008642936
2026-06-01,2026-06-01 11:20:15,V019,128.0,1.1022141984983278
2026-06-01,2026-06-01 11:20:16,V019,127.0,0.9966899653848825
2026-06-01,2026-06-01 11:20:17,V019,128.0,1.1561553427638989
2026-06-01,2026-06-01 11:20:18,V019,129.0,1.4075048433160964
2026-06-01,2026-06-01 11:20:19,V019,130.0,0.9813614987066333
2026-06-01,2026-06-01 11:20:20,V019,130.0,0.9943234901732869
2026-06-01,2026-06-01 11:20:21,V019,130.0,0.9978171723293167
2026-06-01,2026-06-01 11:20:22,V019,130.0,0.9880695336753091
2026-06-01,2026-06-01 11:20:23,V019,130.0,1.0218595027094384
2026-06-01,2026-06-01 11:20:24,V019,131.0,1.121644471680429
2026-06-01,2026-06-01 11:20:25,V019,131.0,0.9361256361173443
2026-06-01,2026-06-01 11:20:26,V019,131.0,1.0750687129650276
2026-06-01,2026-06-01 11:20:27,V019,131.0,1.1240994002352858
2026-06-01,2026-06-01 11:20:28,V019,131.0,0.9813772112869636
2026-06-01,2026-06-01 11:20:29,V019,131.0,0.9738706084942532
2026-06-01,2026-06-01 11:20:30,V019,132.0,1.027349421515109
2026-06-01,2026-06-01 11:20:31,V019,133.0,1.1476631736741656
2026-06-01,2026-06-01 11:20:32,V019,134.0,1.0107458726241614
2026-06-01,2026-06-01 11:20:33,V019,135.0,1.0628331543486749
2026-06-01,2026-06-01 11:20:34,V019,137.0,0.9937635050607919
2026-06-01,2026-06-01 11:20:35,V019,138.0,1.0016626998264202
2026-06-01,2026-06-01 11:20:36,V019,138.0,1.0522475983195643
2026-06-01,2026-06-01 11:20:37,V019,138.0,0.9839930219874724
2026-06-01,2026-06-01 11:20:38,V019,138.0,0.9950001057274539
2026-06-01,2026-06-01 11:20:39,V019,138.0,0.9858635349758159
2026-06-01,2026-06-01 11:20:40,V019,138.0,1.001096120793832
2026-06-01,2026-06-01 11:20:41,V019,138.0,1.009043654714809
2026-06-01,2026-06-01 11:20:42,V019,137.0,1.0807145990602183
2026-06-01,2026-06-01 11:20:43,V019,136.0,1.0161365452346565
2026-06-01,2026-06-01 11:20:44,V019,136.0,1.073592067596949
2026-06-01,2026-06-01 11:20:45,V019,136.0,1.1455177836678094
2026-06-01,2026-06-01 11:20:46,V019,136.0,1.0666587518033304
2026-06-01,2026-06-01 11:20:47,V019,136.0,1.0010617348121589
2026-06-01,2026-06-01 11:20:48,V019,136.0,1.0162738800412736
2026-06-01,2026-06-01 11:20:49,V019,136.0,1.0104633584513882
2026-06-01,2026-06-01 11:20:50,V019,136.0,1.0177741266830842
2026-06-01,2026-06-01 11:20:51,V019,136.0,0.9939392970573115
2026-06-01,2026-06-01 11:20:52,V019,136.0,0.9953471362890808
2026-06-01,2026-06-01 11:20:53,V019,135.0,0.9985156747795823
2026-06-01,2026-06-01 11:20:54,V019,135.0,0.9834131744566016
2026-06-01,2026-06-01 11:20:55,V019,135.0,1.005540736210001
2026-06-01,2026-06-01 11:20:56,V019,134.0,1.0020741406755473
2026-06-01,2026-06-01 11:20:57,V019,134.0,1.0286564081355654
2026-06-01,2026-06-01 11:20:58,V019,134.0,1.02274742425316
2026-06-01,2026-06-01 11:20:59,V019,134.0,1.0503261536420796
2026-06-01,2026-06-01 11:21:00,V019,135.0,0.9958545290718716
2026-06-01,2026-06-01 11:21:01,V019,135.0,0.9999504638598098
2026-06-01,2026-06-01 11:21:02,V019,135.0,0.9886960641475788
2026-06-01,2026-06-01 11:21:03,V019,136.0,1.004125500867301
2026-06-01,2026-06-01 11:21:04,V019,138.0,0.9918313990720833
2026-06-01,2026-06-01 11:21:05,V019,139.0,1.0277607848611945
2026-06-01,2026-06-01 11:21:06,V019,140.0,2.2176181919071416
2026-06-01,2026-06-01 11:21:07,V019,141.0,1.352621173058242
2026-06-01,2026-06-01 11:21:08,V019,141.0,1.0378286175565148
2026-06-01,2026-06-01 11:21:09,V019,141.0,0.9807591190133784
2026-06-01,2026-06-01 11:21:10,V019,141.0,1.0822319839778356
2026-06-01,2026-06-01 11:21:11,V019,141.0,0.9915517026945065
2026-06-01,2026-06-01 11:21:12,V019,142.0,0.9872780937362545
2026-06-01,2026-06-01 11:21:13,V019,142.0,1.0093523095750638
2026-06-01,2026-06-01 11:21:14,V019,142.0,1.0034798262521891
2026-06-01,2026-06-01 11:21:15,V019,142.0,0.9776606422596796
2026-06-01,2026-06-01 11:21:16,V019,142.0,1.0070467737603925
2026-06-01,2026-06-01 11:21:17,V019,142.0,0.9868909720922111
2026-06-01,2026-06-01 11:21:18,V019,142.0,1.0274454456351647
2026-06-01,2026-06-01 11:21:19,V019,142.0,1.0984990098363583
2026-06-01,2026-06-01 11:21:20,V019,141.0,1.0081845806111658
2026-06-01,2026-06-01 11:21:21,V019,142.0,1.060169158239142
2026-06-01,2026-06-01 11:21:22,V019,141.0,1.0990809471676035
2026-06-01,2026-06-01 11:21:23,V019,141.0,1.2104096000152904
2026-06-01,2026-06-01 11:21:24,V019,141.0,1.2329098218873233
2026-06-01,2026-06-01 11:21:25,V019,141.0,1.1386284941809715
2026-06-01,2026-06-01 11:21:26,V019,141.0,1.0210592242798677
2026-06-01,2026-06-01 11:21:27,V019,141.0,1.0331639108962205
2026-06-01,2026-06-01 11:21:28,V019,140.0,0.9830520066769584
2026-06-01,2026-06-01 11:21:29,V019,139.0,0.9690023411281504
2026-06-01,2026-06-01 11:21:30,V019,139.0,1.1102885515003496
2026-06-01,2026-06-01 11:21:31,V019,139.0,1.0217239621355725
2026-06-01,2026-06-01 11:21:32,V019,139.0,0.9864777548342398
2026-06-01,2026-06-01 11:21:33,V019,139.0,1.0374061991624732
2026-06-01,2026-06-01 11:21:34,V019,139.0,1.0239023882889893
2026-06-01,2026-06-01 11:21:35,V019,139.0,1.0650929495172956
2026-06-01,2026-06-01 11:21:36,V019,140.0,1.1520615644979575
2026-06-01,2026-06-01 11:21:37,V019,140.0,1.0073347292285866
2026-06-01,2026-06-01 11:21:38,V019,140.0,1.0328487508857724
2026-06-01,2026-06-01 11:21:39,V019,140.0,1.0366795273925975
2026-06-01,2026-06-01 11:21:40,V019,141.0,1.0238050678535562
2026-06-01,2026-06-01 11:21:41,V019,142.0,1.00844054955761
2026-06-01,2026-06-01 11:21:42,V019,142.0,1.0057707557405096
2026-06-01,2026-06-01 11:21:43,V019,142.0,1.0420024759729982
2026-06-01,2026-06-01 11:21:44,V019,143.0,1.0003766580051046
2026-06-01,2026-06-01 11:21:45,V019,143.0,1.156777582232008
2026-06-01,2026-06-01 11:21:46,V019,143.0,0.9808715560069211
2026-06-01,2026-06-01 11:21:47,V019,143.0,0.9966898786872793
2026-06-01,2026-06-01 11:21:48,V019,143.0,1.0179129005897922
2026-06-01,2026-06-01 11:21:49,V019,142.0,0.9204878861691371
2026-06-01,2026-06-01 11:21:50,V019,142.0,1.258550539956467
2026-06-01,2026-06-01 11:21:51,V019,142.0,0.9883258231535678
2026-06-01,2026-06-01 11:21:52,V019,141.0,1.0196390002833438
2026-06-01,2026-06-01 11:21:53,V019,140.0,1.001254629158458
2026-06-01,2026-06-01 11:21:54,V019,140.0,0.983591680864069
2026-06-01,2026-06-01 11:21:55,V019,139.0,1.0197862236141642
2026-06-01,2026-06-01 11:21:56,V019,138.0,0.9817979369312009
2026-06-01,2026-06-01 11:21:57,V019,137.0,0.9854529801884392
2026-06-01,2026-06-01 11:21:58,V019,137.0,0.9858315053606067
2026-06-01,2026-06-01 11:21:59,V019,136.0,1.0170679351240481
2026-06-01,2026-06-01 11:22:00,V019,134.0,0.9971379859974492
2026-06-01,2026-06-01 11:22:01,V019,133.0,0.9973345395627593
2026-06-01,2026-06-01 11:22:02,V019,133.0,1.0323870942334783
2026-06-01,2026-06-01 11:22:03,V019,132.0,1.027905120706902
2026-06-01,2026-06-01 11:22:04,V019,130.0,0.9890359036176799
2026-06-01,2026-06-01 11:22:05,V019,130.0,0.9933406987153572
2026-06-01,2026-06-01 11:22:06,V019,130.0,1.0261893701796923
2026-06-01,2026-06-01 11:22:07,V019,130.0,1.0090294742977455
2026-06-01,2026-06-01 11:22:08,V019,129.0,0.9872501484166376
2026-06-01,2026-06-01 11:22:09,V019,130.0,1.0086042554871737
2026-06-01,2026-06-01 11:22:10,V019,130.0,1.0352700702130393
2026-06-01,2026-06-01 11:22:11,V019,130.0,1.0825221560220217
2026-06-01,2026-06-01 11:22:12,V019,130.0,1.0539640536593136
2026-06-01,2026-06-01 11:22:13,V019,131.0,1.0453354207587005
2026-06-01,2026-06-01 11:22:14,V019,131.0,1.0247716179504271
2026-06-01,2026-06-01 11:22:15,V019,130.0,1.042373884786835
2026-06-01,2026-06-01 11:22:16,V019,129.0,1.0249130189586415
2026-06-01,2026-06-01 11:22:17,V019,128.0,1.0109890897100864
2026-06-01,2026-06-01 11:22:18,V019,127.0,1.040654914118601
2026-06-01,2026-06-01 11:22:19,V019,126.0,1.0243435820000992
2026-06-01,2026-06-01 11:22:20,V019,124.0,1.0281582011611499
2026-06-01,2026-06-01 11:22:21,V019,122.0,1.0066520575355387
2026-06-01,2026-06-01 11:22:22,V019,122.0,1.026841426503966
2026-06-01,2026-06-01 11:22:23,V019,120.0,1.0132160038548257
2026-06-01,2026-06-01 11:22:24,V019,119.0,0.9894901720607516
2026-06-01,2026-06-01 11:22:25,V019,118.0,1.0034357311352033
2026-06-01,2026-06-01 11:22:26,V019,117.0,0.9958474903889802
2026-06-01,2026-06-01 11:22:27,V019,117.0,0.9853963234478328
2026-06-01,2026-06-01 11:22:28,V019,116.0,1.0395006562868696
2026-06-01,2026-06-01 11:22:29,V019,116.0,0.9885278593143216
2026-06-01,2026-06-01 11:22:30,V019,116.0,0.9955122445507227
2026-06-01,2026-06-01 11:22:31,V019,115.0,0.99280611948599
2026-06-01,2026-06-01 11:22:32,V019,115.0,1.0019191454477028
2026-06-01,2026-06-01 11:22:33,V019,115.0,0.9860200454944285
2026-06-01,2026-06-01 11:22:34,V019,115.0,0.9874009195061637
2026-06-01,2026-06-01 11:22:35,V019,116.0,0.9866224283038719
2026-06-01,2026-06-01 11:22:36,V019,116.0,1.0015918870853107
2026-06-01,2026-06-01 11:22:37,V019,116.0,0.9897507047735965
2026-06-01,2026-06-01 11:22:38,V019,116.0,1.0006718699976358
2026-06-01,2026-06-01 11:22:39,V019,116.0,1.0210083214199466
2026-06-01,2026-06-01 11:22:40,V019,116.0,0.9782133486894975
2026-06-01,2026-06-01 11:22:41,V019,116.0,1.0532961099857112
2026-06-01,2026-06-01 11:22:42,V019,116.0,0.9870367354170793
2026-06-01,2026-06-01 11:22:43,V019,116.0,0.983169149097537
2026-06-01,2026-06-01 11:22:44,V019,115.0,0.997482137631999
2026-06-01,2026-06-01 11:22:45,V019,115.0,0.9987796252595715
2026-06-01,2026-06-01 11:22:46,V019,115.0,1.0142112991287
2026-06-01,2026-06-01 11:22:47,V019,115.0,0.9967959467011859
2026-06-01,2026-06-01 11:22:48,V019,115.0,1.000861543191997
2026-06-01,2026-06-01 11:22:49,V019,114.0,1.0283528967414812
2026-06-01,2026-06-01 11:22:50,V019,114.0,1.0283660936633763
2026-06-01,2026-06-01 11:22:51,V019,114.0,0.9945425858845914
2026-06-01,2026-06-01 11:22:52,V019,113.0,1.0821776307016162
2026-06-01,2026-06-01 11:22:53,V019,114.0,0.9736012293035086
2026-06-01,2026-06-01 11:22:54,V019,114.0,0.9987827432724358
2026-06-01,2026-06-01 11:22:55,V019,114.0,0.9931373074370045
2026-06-01,2026-06-01 11:22:56,V019,114.0,1.0038873907390282
2026-06-01,2026-06-01 11:22:57,V019,115.0,0.9601242412001167
2026-06-01,2026-06-01 11:22:58,V019,115.0,0.9832600917769656
2026-06-01,2026-06-01 11:22:59,V019,114.0,0.9858012394989539
2026-06-01,2026-06-01 11:23:00,V019,114.0,0.9830397369027988
2026-06-01,2026-06-01 11:23:01,V019,114.0,0.9739565329122498
2026-06-01,2026-06-01 11:23:02,V019,114.0,0.9728286816877645
2026-06-01,2026-06-01 11:23:03,V019,114.0,1.0141241865347688
2026-06-01,2026-06-01 11:23:04,V019,114.0,0.9758716142764216
2026-06-01,2026-06-01 11:23:05,V019,114.0,1.0644489177290157
2026-06-01,2026-06-01 11:23:06,V019,116.0,0.9604659672090078
2026-06-01,2026-06-01 11:23:07,V019,116.0,0.9910024712385138
2026-06-01,2026-06-01 11:23:08,V019,116.0,1.0116937837638742
2026-06-01,2026-06-01 11:23:09,V019,116.0,1.000370573414225
2026-06-01,2026-06-01 11:23:10,V019,116.0,1.0049757489202966
2026-06-01,2026-06-01 11:23:11,V019,117.0,1.0364799628828796
2026-06-01,2026-06-01 11:23:12,V019,117.0,0.9531750856818321
2026-06-01,2026-06-01 11:23:13,V019,118.0,1.004507158055017
2026-06-01,2026-06-01 11:23:14,V019,118.0,0.9689209260809293
2026-06-01,2026-06-01 11:23:15,V019,117.0,0.9971194622837047
2026-06-01,2026-06-01 11:23:16,V019,117.0,0.9918958689983128
2026-06-01,2026-06-01 11:23:17,V019,117.0,0.9736644213533157
2026-06-01,2026-06-01 11:23:18,V019,116.0,0.9779773656547286
2026-06-01,2026-06-01 11:23:19,V019,115.0,0.9805061285080547
2026-06-01,2026-06-01 11:23:20,V019,115.0,0.9833914094102847
2026-06-01,2026-06-01 11:23:21,V019,115.0,0.9806499541881044
2026-06-01,2026-06-01 11:23:22,V019,114.0,0.9791422655927673
2026-06-01,2026-06-01 11:23:23,V019,114.0,0.97957060171753
2026-06-01,2026-06-01 11:23:24,V019,114.0,0.9793519908102555
2026-06-01,2026-06-01 11:23:25,V019,114.0,0.9814991765307559
2026-06-01,2026-06-01 11:23:26,V019,114.0,0.9898570367600569
2026-06-01,2026-06-01 11:23:27,V019,113.0,1.0049657713655336
2026-06-01,2026-06-01 11:23:28,V019,113.0,0.9859649601314404
2026-06-01,2026-06-01 11:23:29,V019,113.0,1.0356620501037448
2026-06-01,2026-06-01 11:23:30,V019,113.0,0.9891334659703223
2026-06-01,2026-06-01 11:23:31,V019,113.0,0.9908982379905716
2026-06-01,2026-06-01 11:23:32,V019,113.0,1.0193957589716356
2026-06-01,2026-06-01 11:23:33,V019,113.0,0.9887709750497792
2026-06-01,2026-06-01 11:23:34,V019,114.0,1.0273347331120926
2026-06-01,2026-06-01 11:23:35,V019,115.0,0.9851967767480119
2026-06-01,2026-06-01 11:23:36,V019,115.0,0.9992920614651807
2026-06-01,2026-06-01 11:23:37,V019,116.0,1.070591902462169
2026-06-01,2026-06-01 11:23:38,V019,117.0,1.0531902486489575
2026-06-01,2026-06-01 11:23:39,V019,117.0,1.0317533670685375
2026-06-01,2026-06-01 11:23:40,V019,118.0,1.0577063357981606
2026-06-01,2026-06-01 11:23:41,V019,118.0,1.0132209685153704
2026-06-01,2026-06-01 11:23:42,V019,119.0,1.011846620862494
2026-06-01,2026-06-01 11:23:43,V019,120.0,1.000866981906911
2026-06-01,2026-06-01 11:23:44,V019,120.0,0.9900332946056752
2026-06-01,2026-06-01 11:23:45,V019,120.0,0.9914480051079765
2026-06-01,2026-06-01 11:23:46,V019,121.0,0.9777407383716166
2026-06-01,2026-06-01 11:23:47,V019,121.0,0.9839407255053396
2026-06-01,2026-06-01 11:23:48,V019,121.0,0.9864351687268987
2026-06-01,2026-06-01 11:23:49,V019,121.0,0.9813478659812597
2026-06-01,2026-06-01 11:23:50,V019,121.0,0.9876404140549465
2026-06-01,2026-06-01 11:23:51,V019,121.0,0.982566623596812
2026-06-01,2026-06-01 11:23:52,V019,121.0,0.980397816487102
2026-06-01,2026-06-01 11:23:53,V019,121.0,0.9842361265784813
2026-06-01,2026-06-01 11:23:54,V019,120.0,0.9864257786055232
2026-06-01,2026-06-01 11:23:55,V019,120.0,0.9792168529633026
2026-06-01,2026-06-01 11:23:56,V019,120.0,0.9835180189273472
2026-06-01,2026-06-01 11:23:57,V019,119.0,0.9940336187223964
2026-06-01,2026-06-01 11:23:58,V019,117.0,1.0577173348795317
2026-06-01,2026-06-01 11:23:59,V019,116.0,1.0704894154677327
2026-06-01,2026-06-01 11:24:00,V019,116.0,1.0515693892192535
2026-06-01,2026-06-01 11:24:01,V019,116.0,1.0047678159258824
2026-06-01,2026-06-01 11:24:02,V019,116.0,1.0713552179285384
2026-06-01,2026-06-01 11:24:03,V019,115.0,1.095663380844812
2026-06-01,2026-06-01 11:24:04,V019,115.0,1.0244338058261644
2026-06-01,2026-06-01 11:24:05,V019,116.0,1.0221068321531874
2026-06-01,2026-06-01 11:24:06,V019,118.0,1.017772666141452
2026-06-01,2026-06-01 11:24:07,V019,119.0,1.0207909751730566
2026-06-01,2026-06-01 11:24:08,V019,119.0,1.005524979695629
2026-06-01,2026-06-01 11:24:09,V019,119.0,1.013024775490145
2026-06-01,2026-06-01 11:24:10,V019,120.0,1.0103378236550271
2026-06-01,2026-06-01 11:24:11,V019,121.0,1.0253583735265215
2026-06-01,2026-06-01 11:24:12,V019,121.0,1.054320628088183
2026-06-01,2026-06-01 11:24:13,V019,121.0,1.025967344992652
2026-06-01,2026-06-01 11:24:14,V019,121.0,1.0237923577414632
2026-06-01,2026-06-01 11:24:15,V019,121.0,1.0060866786867426
2026-06-01,2026-06-01 11:24:16,V019,121.0,0.9810155332104126
2026-06-01,2026-06-01 11:24:17,V019,121.0,0.9822834605296465
2026-06-01,2026-06-01 11:24:18,V019,120.0,0.9806756922641121
2026-06-01,2026-06-01 11:24:19,V019,120.0,0.9820249431569612
2026-06-01,2026-06-01 11:24:20,V019,120.0,1.004699207659915
2026-06-01,2026-06-01 11:24:21,V019,120.0,0.9609143047099007
2026-06-01,2026-06-01 11:24:22,V019,120.0,0.9615351574755077
2026-06-01,2026-06-01 11:24:23,V019,120.0,1.0377700353806583
2026-06-01,2026-06-01 11:24:24,V019,120.0,1.0361685970046832
2026-06-01,2026-06-01 11:24:25,V019,121.0,0.9626690209282713
2026-06-01,2026-06-01 11:24:26,V019,121.0,1.0407908045468697
2026-06-01,2026-06-01 11:24:27,V019,121.0,0.9774749934952067
2026-06-01,2026-06-01 11:24:28,V019,121.0,1.0095938359233092
2026-06-01,2026-06-01 11:24:29,V019,122.0,1.0151298101004274
2026-06-01,2026-06-01 11:24:30,V019,122.0,0.972870145059659
2026-06-01,2026-06-01 11:24:31,V019,122.0,0.9785919751099794
2026-06-01,2026-06-01 11:24:32,V019,122.0,1.00831324238788
2026-06-01,2026-06-01 11:24:33,V019,122.0,1.064253997847642
2026-06-01,2026-06-01 11:24:34,V019,122.0,1.2335379738014416
2026-06-01,2026-06-01 11:24:35,V019,122.0,1.0642599525723315
2026-06-01,2026-06-01 11:24:36,V019,121.0,1.0360664960309363
2026-06-01,2026-06-01 11:24:37,V019,121.0,1.0589684612369195
2026-06-01,2026-06-01 11:24:38,V019,119.0,0.9818865218993609
2026-06-01,2026-06-01 11:24:39,V019,119.0,0.9865858388841374
2026-06-01,2026-06-01 11:24:40,V019,119.0,1.0001474660452172
2026-06-01,2026-06-01 11:24:41,V019,118.0,0.9981765375739503
2026-06-01,2026-06-01 11:24:42,V019,117.0,0.976456900915154
2026-06-01,2026-06-01 11:24:43,V019,117.0,1.0159710409595841
2026-06-01,2026-06-01 11:24:44,V019,116.0,0.9692423978859948
2026-06-01,2026-06-01 11:24:45,V019,115.0,0.9186143904908838
2026-06-01,2026-06-01 11:24:46,V019,114.0,1.1087162349615465
2026-06-01,2026-06-01 11:24:47,V019,113.0,0.9894007440388118
2026-06-01,2026-06-01 11:24:48,V019,113.0,0.9904264184804589
2026-06-01,2026-06-01 11:24:49,V019,112.0,0.9917733410277992
2026-06-01,2026-06-01 11:24:50,V019,112.0,0.9923814914986783
2026-06-01,2026-06-01 11:24:51,V019,111.0,0.9884581798340633
2026-06-01,2026-06-01 11:24:52,V019,111.0,0.9900857949884507
2026-06-01,2026-06-01 11:24:53,V019,110.0,0.9860213270122381
2026-06-01,2026-06-01 11:24:54,V019,109.0,0.9905999761054618
2026-06-01,2026-06-01 11:24:55,V019,109.0,0.988059591165533
2026-06-01,2026-06-01 11:24:56,V019,109.0,0.9866768601572272
2026-06-01,2026-06-01 11:24:57,V019,109.0,0.989891207360202
2026-06-01,2026-06-01 11:24:58,V019,109.0,0.9900231499064343
2026-06-01,2026-06-01 11:24:59,V019,109.0,0.9909119206152093
2026-06-01,2026-06-01 11:25:00,V019,109.0,0.9867709402878044
2026-06-01,2026-06-01 11:25:01,V019,110.0,0.9891909288736551
2026-06-01,2026-06-01 11:25:02,V019,111.0,0.98833687245395
2026-06-01,2026-06-01 11:25:03,V019,112.0,0.9903078651603622
2026-06-01,2026-06-01 11:25:04,V019,112.0,0.9876146189128547
2026-06-01,2026-06-01 11:25:05,V019,113.0,0.9949022960424031
2026-06-01,2026-06-01 11:25:06,V019,114.0,0.9741140551199893
2026-06-01,2026-06-01 11:25:07,V019,114.0,1.039797938513576
2026-06-01,2026-06-01 11:25:08,V019,113.0,0.9774995063184727
2026-06-01,2026-06-01 11:25:09,V019,113.0,0.9998779618722765
2026-06-01,2026-06-01 11:25:10,V019,113.0,0.9991386033669052
2026-06-01,2026-06-01 11:25:11,V019,113.0,0.9953329080764615
2026-06-01,2026-06-01 11:25:12,V019,113.0,1.0074598189220498
2026-06-01,2026-06-01 11:25:13,V019,114.0,0.9906442865693678
2026-06-01,2026-06-01 11:25:14,V019,114.0,1.0153020650633384
2026-06-01,2026-06-01 11:25:15,V019,114.0,0.9762301319092737
2026-06-01,2026-06-01 11:25:16,V019,113.0,1.018334580245859
2026-06-01,2026-06-01 11:25:17,V019,113.0,0.9972920742401306
2026-06-01,2026-06-01 11:25:18,V019,113.0,0.9960290868972177
2026-06-01,2026-06-01 11:25:19,V019,112.0,0.9916804946650579
2026-06-01,2026-06-01 11:25:20,V019,112.0,0.9850600934182573
2026-06-01,2026-06-01 11:25:21,V019,111.0,0.9880725665457655
2026-06-01,2026-06-01 11:25:22,V019,111.0,0.9771805256796313
2026-06-01,2026-06-01 11:25:23,V019,111.0,1.0745418365895205
2026-06-01,2026-06-01 11:25:24,V019,108.0,1.0512491908038735
2026-06-01,2026-06-01 11:25:25,V019,107.0,1.0477131985112917
2026-06-01,2026-06-01 11:25:26,V019,106.0,1.04517430195621
2026-06-01,2026-06-01 11:25:27,V019,105.0,1.0368348395497835
2026-06-01,2026-06-01 11:25:28,V019,104.0,1.0108985725307849
2026-06-01,2026-06-01 11:25:29,V019,103.0,0.9920145799050363
2026-06-01,2026-06-01 11:25:30,V019,103.0,1.005364018871292
2026-06-01,2026-06-01 11:25:31,V019,103.0,1.0473376687198985
2026-06-01,2026-06-01 11:25:32,V019,103.0,0.9780169734797391
2026-06-01,2026-06-01 11:25:33,V019,103.0,1.017780347428915
2026-06-01,2026-06-01 11:25:34,V019,103.0,1.0249785727868717
2026-06-01,2026-06-01 11:25:35,V019,104.0,1.0116544916637866
2026-06-01,2026-06-01 11:25:36,V019,104.0,0.9942300976251147
2026-06-01,2026-06-01 11:25:37,V019,104.0,1.000496741065818
2026-06-01,2026-06-01 11:25:38,V019,104.0,0.9989317164779137
2026-06-01,2026-06-01 11:25:39,V019,105.0,0.9942520677419395
2026-06-01,2026-06-01 11:25:40,V019,106.0,1.0081283704653505
2026-06-01,2026-06-01 11:25:41,V019,107.0,1.0200933964466599
2026-06-01,2026-06-01 11:25:42,V019,108.0,0.9906404656355811
2026-06-01,2026-06-01 11:25:43,V019,109.0,1.085478091361164
2026-06-01,2026-06-01 11:25:44,V019,110.0,1.0749403576148464
2026-06-01,2026-06-01 11:25:45,V019,110.0,1.0312779840976836
2026-06-01,2026-06-01 11:25:46,V019,110.0,1.034477440274848
2026-06-01,2026-06-01 11:25:47,V019,110.0,0.9982762656519886
2026-06-01,2026-06-01 11:25:48,V019,109.0,1.0720347287259506
2026-06-01,2026-06-01 11:25:49,V019,109.0,1.0046533379747382
2026-06-01,2026-06-01 11:25:50,V019,108.0,1.0233480007914377
2026-06-01,2026-06-01 11:25:51,V019,108.0,0.9923844355277852
2026-06-01,2026-06-01 11:25:52,V019,107.0,1.0251938013482091
2026-06-01,2026-06-01 11:25:53,V019,107.0,0.978347688945285
2026-06-01,2026-06-01 11:25:54,V019,107.0,1.007634686138336
2026-06-01,2026-06-01 11:25:55,V019,106.0,0.9948119410176521
2026-06-01,2026-06-01 11:25:56,V019,106.0,1.017055557415714
2026-06-01,2026-06-01 11:25:57,V019,105.0,0.9988463783723627
2026-06-01,2026-06-01 11:25:58,V019,105.0,0.9790225474696377
2026-06-01,2026-06-01 11:25:59,V019,105.0,1.0361096189817762
2026-06-01,2026-06-01 11:26:00,V019,106.0,1.0317967682519233
2026-06-01,2026-06-01 11:26:01,V019,106.0,0.9789788412875986
2026-06-01,2026-06-01 11:26:02,V019,106.0,0.9809196578279283
2026-06-01,2026-06-01 11:26:03,V019,106.0,1.0112065895850668
2026-06-01,2026-06-01 11:26:04,V019,106.0,1.0344739898537592
2026-06-01,2026-06-01 11:26:05,V019,107.0,1.02744404482149
2026-06-01,2026-06-01 11:26:06,V019,107.0,0.981410156562636
2026-06-01,2026-06-01 11:26:07,V019,107.0,1.0206470425350522
2026-06-01,2026-06-01 11:26:08,V019,108.0,0.9727103509353012
2026-06-01,2026-06-01 11:26:09,V019,108.0,1.0227589743797219
2026-06-01,2026-06-01 11:26:10,V019,108.0,1.022442426745862
2026-06-01,2026-06-01 11:26:11,V019,109.0,0.9850911871945752
2026-06-01,2026-06-01 11:26:12,V019,110.0,0.987119692900287
2026-06-01,2026-06-01 11:26:13,V019,111.0,1.0011882610694782
2026-06-01,2026-06-01 11:26:14,V019,111.0,0.9941846365023825
2026-06-01,2026-06-01 11:26:15,V019,112.0,1.0004920808687783
2026-06-01,2026-06-01 11:26:16,V019,114.0,0.9763096618948883
2026-06-01,2026-06-01 11:26:17,V019,115.0,0.971830748417807
2026-06-01,2026-06-01 11:26:18,V019,115.0,0.9981597551459337
2026-06-01,2026-06-01 11:26:19,V019,116.0,0.9879265558153393
2026-06-01,2026-06-01 11:26:20,V019,117.0,1.003157933703376
2026-06-01,2026-06-01 11:26:21,V019,118.0,0.9996348082492628
2026-06-01,2026-06-01 11:26:22,V019,118.0,1.0062487554987751
2026-06-01,2026-06-01 11:26:23,V019,118.0,1.0055048868100063
2026-06-01,2026-06-01 11:26:24,V019,119.0,1.0521003867254413
2026-06-01,2026-06-01 11:26:25,V019,118.0,1.06553204309674
2026-06-01,2026-06-01 11:26:26,V019,118.0,1.0431365654364306
2026-06-01,2026-06-01 11:26:27,V019,118.0,1.0057752032321394
2026-06-01,2026-06-01 11:26:28,V019,117.0,1.0147290352491607
2026-06-01,2026-06-01 11:26:29,V019,117.0,0.9861663878289713
2026-06-01,2026-06-01 11:26:30,V019,117.0,0.9928423412836647
2026-06-01,2026-06-01 11:26:31,V019,117.0,0.9927024287637883
2026-06-01,2026-06-01 11:26:32,V019,116.0,1.005040944546207
2026-06-01,2026-06-01 11:26:33,V019,115.0,0.9886673435377389
2026-06-01,2026-06-01 11:26:34,V019,115.0,0.9951250727145486
2026-06-01,2026-06-01 11:26:35,V019,114.0,0.9908482325873921
2026-06-01,2026-06-01 11:26:36,V019,112.0,0.9868770283704379
2026-06-01,2026-06-01 11:26:37,V019,111.0,0.9891162339114327
2026-06-01,2026-06-01 11:26:38,V019,111.0,0.9995374974877268
2026-06-01,2026-06-01 11:26:39,V019,111.0,0.9945015430753801
2026-06-01,2026-06-01 11:26:40,V019,110.0,0.9890304302968319
2026-06-01,2026-06-01 11:26:41,V019,110.0,0.9880930159369117
2026-06-01,2026-06-01 11:26:42,V019,110.0,0.989743914385486
2026-06-01,2026-06-01 11:26:43,V019,111.0,0.9873528710540734
2026-06-01,2026-06-01 11:26:44,V019,112.0,0.9902138789213796
2026-06-01,2026-06-01 11:26:45,V019,113.0,0.9810955995127715
2026-06-01,2026-06-01 11:26:46,V019,113.0,0.9855016983114747
2026-06-01,2026-06-01 11:26:47,V019,113.0,0.988048264808423
2026-06-01,2026-06-01 11:26:48,V019,112.0,0.9868366941610407
2026-06-01,2026-06-01 11:26:49,V019,112.0,1.0075787302449544
2026-06-01,2026-06-01 11:26:50,V019,112.0,0.977916728050498
2026-06-01,2026-06-01 11:26:51,V019,112.0,0.9801089356355129
2026-06-01,2026-06-01 11:26:52,V019,112.0,0.9880184532362241
2026-06-01,2026-06-01 11:26:53,V019,112.0,0.9760337148381082
2026-06-01,2026-06-01 11:26:54,V019,111.0,1.0528451126959695
2026-06-01,2026-06-01 11:26:55,V019,111.0,1.0848458089137982
2026-06-01,2026-06-01 11:26:56,V019,111.0,0.9887181202749217
2026-06-01,2026-06-01 11:26:57,V019,111.0,1.0090504590795888
2026-06-01,2026-06-01 11:26:58,V019,111.0,1.0199766873047185
2026-06-01,2026-06-01 11:26:59,V019,111.0,0.9887228758084579
2026-06-01,2026-06-01 11:27:00,V019,111.0,1.0112348094837087
2026-06-01,2026-06-01 11:27:01,V019,112.0,1.0231020393502388
2026-06-01,2026-06-01 11:27:02,V019,112.0,0.9802902012928186
2026-06-01,2026-06-01 11:27:03,V019,112.0,1.0239834983251912
2026-06-01,2026-06-01 11:27:04,V019,113.0,0.9675555347409216
2026-06-01,2026-06-01 11:27:05,V019,113.0,0.9912231311962156
2026-06-01,2026-06-01 11:27:06,V019,113.0,0.98817176165904
2026-06-01,2026-06-01 11:27:07,V019,112.0,0.9883231369582942
2026-06-01,2026-06-01 11:27:08,V019,111.0,0.9924650879227221
2026-06-01,2026-06-01 11:27:09,V019,111.0,0.9729912413543949
2026-06-01,2026-06-01 11:27:10,V019,110.0,0.9939730662143197
2026-06-01,2026-06-01 11:27:11,V019,110.0,0.989650118844238
2026-06-01,2026-06-01 11:27:12,V019,109.0,0.9930247416569418
2026-06-01,2026-06-01 11:27:13,V019,109.0,0.9813487887808382
2026-06-01,2026-06-01 11:27:14,V019,108.0,0.9813840181391996
2026-06-01,2026-06-01 11:27:15,V019,108.0,0.997053852817509
2026-06-01,2026-06-01 11:27:16,V019,108.0,0.9810408440858087
2026-06-01,2026-06-01 11:27:17,V019,108.0,1.0144755415096396
2026-06-01,2026-06-01 11:27:18,V019,108.0,0.9709408139325937
2026-06-01,2026-06-01 11:27:19,V019,108.0,0.9822041366676959
2026-06-01,2026-06-01 11:27:20,V019,108.0,0.996918792057098
2026-06-01,2026-06-01 11:27:21,V019,108.0,1.073984244921402
2026-06-01,2026-06-01 11:27:22,V019,108.0,0.9992087363357859
2026-06-01,2026-06-01 11:27:23,V019,108.0,0.9899461268004539
2026-06-01,2026-06-01 11:27:24,V019,108.0,0.9883039287650883
2026-06-01,2026-06-01 11:27:25,V019,107.0,0.9895398847142698
2026-06-01,2026-06-01 11:27:26,V019,107.0,0.9981256150646823
2026-06-01,2026-06-01 11:27:27,V019,107.0,0.9829052666931826
2026-06-01,2026-06-01 11:27:28,V019,108.0,0.987918895109379
2026-06-01,2026-06-01 11:27:29,V019,108.0,0.9987986621642416
2026-06-01,2026-06-01 11:27:30,V019,109.0,0.9843994411866102
2026-06-01,2026-06-01 11:27:31,V019,109.0,0.9869129943346704
2026-06-01,2026-06-01 11:27:32,V019,109.0,0.9930697462690646
2026-06-01,2026-06-01 11:27:33,V019,109.0,0.9964195771633223
2026-06-01,2026-06-01 11:27:34,V019,109.0,0.9878415635540109
2026-06-01,2026-06-01 11:27:35,V019,109.0,1.009592457417601
2026-06-01,2026-06-01 11:27:36,V019,108.0,1.0307223222453203
2026-06-01,2026-06-01 11:27:37,V019,107.0,0.9977918012724938
2026-06-01,2026-06-01 11:27:38,V019,107.0,0.9953325705406707
2026-06-01,2026-06-01 11:27:39,V019,106.0,0.9850541724593435
2026-06-01,2026-06-01 11:27:40,V019,106.0,0.9855801638514122
2026-06-01,2026-06-01 11:27:41,V019,106.0,0.9897547984563329
2026-06-01,2026-06-01 11:27:42,V019,106.0,0.9890570237199813
2026-06-01,2026-06-01 11:27:43,V019,106.0,0.9849483283486956
2026-06-01,2026-06-01 11:27:44,V019,106.0,0.9900840480780135
2026-06-01,2026-06-01 11:27:45,V019,106.0,0.99125129482404
2026-06-01,2026-06-01 11:27:46,V019,105.0,0.9947872637056641
2026-06-01,2026-06-01 11:27:47,V019,105.0,0.9759371869327688
2026-06-01,2026-06-01 11:27:48,V019,105.0,0.9886788367109361
2026-06-01,2026-06-01 11:27:49,V019,104.0,0.9892475647127815
2026-06-01,2026-06-01 11:27:50,V019,104.0,0.9886093466454824
2026-06-01,2026-06-01 11:27:51,V019,104.0,0.9937777116776645
2026-06-01,2026-06-01 11:27:52,V019,104.0,0.9914049667533229
2026-06-01,2026-06-01 11:27:53,V019,104.0,1.068652986073958
2026-06-01,2026-06-01 11:27:54,V019,104.0,1.0000066422605387
2026-06-01,2026-06-01 11:27:55,V019,104.0,0.9872732127653708
2026-06-01,2026-06-01 11:27:56,V019,104.0,1.0639089693805996
2026-06-01,2026-06-01 11:27:57,V019,104.0,1.0480220131408964
2026-06-01,2026-06-01 11:27:58,V019,105.0,1.1082057196666546
2026-06-01,2026-06-01 11:27:59,V019,106.0,0.9072966733951195
2026-06-01,2026-06-01 11:28:00,V019,106.0,1.0321014850976595
2026-06-01,2026-06-01 11:28:01,V019,106.0,0.9964434934708886
2026-06-01,2026-06-01 11:28:02,V019,107.0,0.9985824745224564
2026-06-01,2026-06-01 11:28:03,V019,107.0,0.9969079613502477
2026-06-01,2026-06-01 11:28:04,V019,107.0,0.9967425951953413
2026-06-01,2026-06-01 11:28:05,V019,107.0,0.9973901698816052
2026-06-01,2026-06-01 11:28:06,V019,108.0,0.9990163165238776
2026-06-01,2026-06-01 11:28:07,V019,108.0,0.9955683871719184
2026-06-01,2026-06-01 11:28:08,V019,108.0,1.0038582077990474
2026-06-01,2026-06-01 11:28:09,V019,109.0,0.997879337067968
2026-06-01,2026-06-01 11:28:10,V019,110.0,1.0324503441149255
2026-06-01,2026-06-01 11:28:11,V019,111.0,1.002425948561154
2026-06-01,2026-06-01 11:28:12,V019,111.0,0.9986288127173837
2026-06-01,2026-06-01 11:28:13,V019,112.0,0.9929896654953816
2026-06-01,2026-06-01 11:28:14,V019,114.0,1.0314924368750338
2026-06-01,2026-06-01 11:28:15,V019,115.0,1.055159467368498
2026-06-01,2026-06-01 11:28:16,V019,115.0,0.9968665899210057
2026-06-01,2026-06-01 11:28:17,V019,115.0,0.9717138872003857
2026-06-01,2026-06-01 11:28:18,V019,115.0,1.021612411487322
2026-06-01,2026-06-01 11:28:19,V019,115.0,0.9979239644176219
2026-06-01,2026-06-01 11:28:20,V019,115.0,1.0102951355669796
2026-06-01,2026-06-01 11:28:21,V019,115.0,1.0012627035913302
2026-06-01,2026-06-01 11:28:22,V019,114.0,0.9982976493081108
2026-06-01,2026-06-01 11:28:23,V019,114.0,0.9988380018965466
2026-06-01,2026-06-01 11:28:24,V019,114.0,0.9981097189213924
2026-06-01,2026-06-01 11:28:25,V019,114.0,0.9985874488824735
2026-06-01,2026-06-01 11:28:26,V019,113.0,1.000116235352531
2026-06-01,2026-06-01 11:28:27,V019,113.0,0.9991784248205506
2026-06-01,2026-06-01 11:28:28,V019,113.0,1.0052999772985087
2026-06-01,2026-06-01 11:28:29,V019,113.0,1.0003162179284406
2026-06-01,2026-06-01 11:28:30,V019,114.0,1.0046552394330248
2026-06-01,2026-06-01 11:28:31,V019,114.0,0.9988371693525137
2026-06-01,2026-06-01 11:28:32,V019,114.0,0.9995000400549338
2026-06-01,2026-06-01 11:28:33,V019,114.0,0.9917800554214937
2026-06-01,2026-06-01 11:28:34,V019,115.0,0.9999726297324606
2026-06-01,2026-06-01 11:28:35,V019,115.0,0.9950407680719915
2026-06-01,2026-06-01 11:28:36,V019,115.0,1.0046936843992442
2026-06-01,2026-06-01 11:28:37,V019,114.0,0.9914727836914556
2026-06-01,2026-06-01 11:28:38,V019,115.0,0.9839370462940368
2026-06-01,2026-06-01 11:28:39,V019,115.0,0.9876711390420418
2026-06-01,2026-06-01 11:28:40,V019,115.0,0.9884205473892018
2026-06-01,2026-06-01 11:28:41,V019,115.0,0.9853771861101487
2026-06-01,2026-06-01 11:28:42,V019,115.0,0.9874663128108657
2026-06-01,2026-06-01 11:28:43,V019,115.0,0.9884803555894851
2026-06-01,2026-06-01 11:28:44,V019,115.0,1.0002640474247189
2026-06-01,2026-06-01 11:28:45,V019,115.0,0.9849513310562715
2026-06-01,2026-06-01 11:28:46,V019,115.0,1.0023952144054982
2026-06-01,2026-06-01 11:28:47,V019,115.0,0.9873336786084722
2026-06-01,2026-06-01 11:28:48,V019,115.0,0.9876094410389842
2026-06-01,2026-06-01 11:28:49,V019,114.0,0.9918028549056037
2026-06-01,2026-06-01 11:28:50,V019,114.0,0.9847568336928618
2026-06-01,2026-06-01 11:28:51,V019,113.0,0.9877899514504528
2026-06-01,2026-06-01 11:28:52,V019,113.0,0.9881373690172649
2026-06-01,2026-06-01 11:28:53,V019,112.0,0.9904171076828061
2026-06-01,2026-06-01 11:28:54,V019,111.0,0.988055779637333
2026-06-01,2026-06-01 11:28:55,V019,111.0,0.9882021876872595
2026-06-01,2026-06-01 11:28:56,V019,111.0,0.9877946360701144
2026-06-01,2026-06-01 11:28:57,V019,111.0,0.9866448346188366
2026-06-01,2026-06-01 11:28:58,V019,110.0,0.9896194446033514
2026-06-01,2026-06-01 11:28:59,V019,110.0,0.9874763712271815
2026-06-01,2026-06-01 11:29:00,V019,110.0,1.0532688963014905
2026-06-01,2026-06-01 11:29:01,V019,109.0,0.9875893696556185
2026-06-01,2026-06-01 11:29:02,V019,109.0,1.0251906258021202
2026-06-01,2026-06-01 11:29:03,V019,108.0,0.9718026251933741
2026-06-01,2026-06-01 11:29:04,V019,107.0,1.0077234933936003
2026-06-01,2026-06-01 11:29:05,V019,107.0,0.987546092682157
2026-06-01,2026-06-01 11:29:06,V019,105.0,0.990478642397469
2026-06-01,2026-06-01 11:29:07,V019,104.0,1.1486282730185977
2026-06-01,2026-06-01 11:29:08,V019,104.0,0.9931117484157905
2026-06-01,2026-06-01 11:29:09,V019,104.0,1.0256785030389732
2026-06-01,2026-06-01 11:29:10,V019,103.0,0.9746614633616076
2026-06-01,2026-06-01 11:29:11,V019,104.0,1.0113391959361484
2026-06-01,2026-06-01 11:29:12,V019,105.0,0.9927547567265286
2026-06-01,2026-06-01 11:29:13,V019,106.0,0.9962332342482244
2026-06-01,2026-06-01 11:29:14,V019,107.0,0.9948974912913646
2026-06-01,2026-06-01 11:29:15,V019,108.0,0.9960317180232325
2026-06-01,2026-06-01 11:29:16,V019,108.0,1.0051825786447188
2026-06-01,2026-06-01 11:29:17,V019,109.0,1.102407526245337
2026-06-01,2026-06-01 11:29:18,V019,109.0,1.0773739525725747
2026-06-01,2026-06-01 11:29:19,V019,109.0,1.0584675533614865
2026-06-01,2026-06-01 11:29:20,V019,109.0,0.9879379550107792
2026-06-01,2026-06-01 11:29:21,V019,109.0,0.990524873284663
2026-06-01,2026-06-01 11:29:22,V019,110.0,1.023970296833327
2026-06-01,2026-06-01 11:29:23,V019,111.0,0.9993590134481083
2026-06-01,2026-06-01 11:29:24,V019,112.0,1.0074754870488496
2026-06-01,2026-06-01 11:29:25,V019,113.0,0.9898854485013847
2026-06-01,2026-06-01 11:29:26,V019,113.0,0.9936962087472322
2026-06-01,2026-06-01 11:29:27,V019,113.0,1.008077783570022
2026-06-01,2026-06-01 11:29:28,V019,112.0,0.9972204932958717
2026-06-01,2026-06-01 11:29:29,V019,111.0,0.9857980121381404
2026-06-01,2026-06-01 11:29:30,V019,110.0,0.9830817768661348
2026-06-01,2026-06-01 11:29:31,V019,109.0,1.0031264229520376
2026-06-01,2026-06-01 11:29:32,V019,109.0,0.9918053018189755
2026-06-01,2026-06-01 11:29:33,V019,108.0,0.936493339337951
2026-06-01,2026-06-01 11:29:34,V019,108.0,1.0685332210184995
2026-06-01,2026-06-01 11:29:35,V019,107.0,0.9863337112901097
2026-06-01,2026-06-01 11:29:36,V019,106.0,0.9862480626853264
2026-06-01,2026-06-01 11:29:37,V019,106.0,0.9796145110381054
2026-06-01,2026-06-01 11:29:38,V019,107.0,0.9856301799945804
2026-06-01,2026-06-01 11:29:39,V019,107.0,0.9851825102592814
2026-06-01,2026-06-01 11:29:40,V019,107.0,0.9828538905238016
2026-06-01,2026-06-01 11:29:41,V019,107.0,0.9848223181795106
2026-06-01,2026-06-01 11:29:42,V019,108.0,1.008603278993311
2026-06-01,2026-06-01 11:29:43,V019,108.0,0.9879674197125928
2026-06-01,2026-06-01 11:29:44,V019,108.0,0.9829722422951628
2026-06-01,2026-06-01 11:29:45,V019,108.0,0.9798172065702466
2026-06-01,2026-06-01 11:29:46,V019,108.0,0.9818564892096389
2026-06-01,2026-06-01 11:29:47,V019,108.0,0.9806013332909207
2026-06-01,2026-06-01 11:29:48,V019,108.0,0.9799432310095386
2026-06-01,2026-06-01 11:29:49,V019,108.0,0.9816801260183136
2026-06-01,2026-06-01 11:29:50,V019,108.0,0.9842317577673187
2026-06-01,2026-06-01 11:29:51,V019,107.0,0.9770205553850576
2026-06-01,2026-06-01 11:29:52,V019,106.0,0.9804667328212834
2026-06-01,2026-06-01 11:29:53,V019,105.0,1.000694037617137
2026-06-01,2026-06-01 11:29:54,V019,103.0,1.0034822893805886
2026-06-01,2026-06-01 11:29:55,V019,102.0,0.9936793369447681
2026-06-01,2026-06-01 11:29:56,V019,98.0,1.0062082646874315
2026-06-01,2026-06-01 11:29:57,V019,95.0,1.0047341400244396
2026-06-01,2026-06-01 11:29:58,V019,95.0,0.98817847284039
2026-06-01,2026-06-01 11:29:59,V019,93.0,0.9948790844208047
2026-06-01,2026-06-01 11:30:00,V019,92.0,0.9882211614186589
2026-06-01,2026-06-01 11:30:01,V019,91.0,0.991188532973742
2026-06-01,2026-06-01 11:30:02,V019,92.0,0.9984249525347565
2026-06-01,2026-06-01 11:30:03,V019,92.0,1.0107095643013386
2026-06-01,2026-06-01 11:30:04,V019,92.0,1.0022107460471292
2026-06-01,2026-06-01 11:30:05,V019,92.0,1.0227295083582173
2026-06-01,2026-06-01 11:30:06,V019,92.0,1.01611755837655
2026-06-01,2026-06-01 11:30:07,V019,93.0,1.00224956081602
2026-06-01,2026-06-01 11:30:08,V019,94.0,1.0019395663114323
2026-06-01,2026-06-01 11:30:09,V019,94.0,0.9916201015863068
2026-06-01,2026-06-01 11:30:10,V019,94.0,0.9895884758514846
2026-06-01,2026-06-01 11:30:11,V019,95.0,0.9932707582946486
2026-06-01,2026-06-01 11:30:12,V019,99.0,0.9879509703607289
2026-06-01,2026-06-01 11:30:13,V019,102.0,0.9911399889744376
2026-06-01,2026-06-01 11:30:14,V019,102.0,0.9940503423485842
2026-06-01,2026-06-01 11:30:15,V019,106.0,1.0578981463500416
2026-06-01,2026-06-01 11:30:16,V019,113.0,1.0421654773524802
2026-06-01,2026-06-01 11:30:17,V019,115.0,1.0034668177841868
2026-06-01,2026-06-01 11:30:18,V019,115.0,0.9859555997484919
2026-06-01,2026-06-01 11:30:19,V019,115.0,0.9992868112167155
2026-06-01,2026-06-01 11:30:20,V019,115.0,1.0021239397641324
2026-06-01,2026-06-01 11:30:21,V019,115.0,0.9846211902633301
2026-06-01,2026-06-01 11:30:22,V019,115.0,0.9759418995828573
2026-06-01,2026-06-01 11:30:23,V019,115.0,0.979028197329249
2026-06-01,2026-06-01 11:30:24,V019,115.0,0.9762955107462548
2026-06-01,2026-06-01 11:30:25,V019,115.0,0.977718963803299
2026-06-01,2026-06-01 11:30:26,V019,115.0,0.9836901532121719
2026-06-01,2026-06-01 11:30:27,V019,115.0,1.056658326065096
2026-06-01,2026-06-01 11:30:28,V019,116.0,0.9578321510434405
2026-06-01,2026-06-01 11:30:29,V019,116.0,1.011414695526018
2026-06-01,2026-06-01 11:30:30,V019,116.0,0.9860496745593264
2026-06-01,2026-06-01 11:30:31,V019,116.0,0.986755979578541
2026-06-01,2026-06-01 11:30:32,V019,116.0,0.97492767456366
2026-06-01,2026-06-01 11:30:33,V019,116.0,0.979919104844141
2026-06-01,2026-06-01 11:30:34,V019,116.0,0.978157870415975
2026-06-01,2026-06-01 11:30:35,V019,116.0,0.9775888166441818
2026-06-01,2026-06-01 11:30:36,V019,116.0,0.9784819662671168
2026-06-01,2026-06-01 11:30:37,V019,116.0,0.9795160952680736
2026-06-01,2026-06-01 11:30:38,V019,116.0,0.9774475926092203
2026-06-01,2026-06-01 11:30:39,V019,116.0,0.9778556601127811
2026-06-01,2026-06-01 11:30:40,V019,115.0,0.9772286873750292
2026-06-01,2026-06-01 11:30:41,V019,115.0,0.9762351914595547
2026-06-01,2026-06-01 11:30:42,V019,115.0,1.01088053916465
2026-06-01,2026-06-01 11:30:43,V019,115.0,0.9793777995182965
2026-06-01,2026-06-01 11:30:44,V019,115.0,0.9918348555586797
2026-06-01,2026-06-01 11:30:45,V019,115.0,0.9860046401667584
2026-06-01,2026-06-01 11:30:46,V019,115.0,0.9799162975187224
2026-06-01,2026-06-01 11:30:47,V019,116.0,0.9813904895885048
2026-06-01,2026-06-01 11:30:48,V019,116.0,0.9802095263985914
2026-06-01,2026-06-01 11:30:49,V019,117.0,0.9878735935828337
2026-06-01,2026-06-01 11:30:50,V019,117.0,0.9909020695239528
2026-06-01,2026-06-01 11:30:51,V019,116.0,1.007925279330279
2026-06-01,2026-06-01 11:30:52,V019,114.0,0.9915877874225141
2026-06-01,2026-06-01 11:30:53,V019,113.0,0.9813477060324607
2026-06-01,2026-06-01 11:30:54,V019,113.0,0.9849615698262707
2026-06-01,2026-06-01 11:30:55,V019,112.0,0.9809023231938842
2026-06-01,2026-06-01 11:30:56,V019,110.0,0.9830138115993261
2026-06-01,2026-06-01 11:30:57,V019,110.0,0.979886299228713
2026-06-01,2026-06-01 11:30:58,V019,110.0,0.9800379184894568
2026-06-01,2026-06-01 11:30:59,V019,110.0,0.9860122026451861
2026-06-01,2026-06-01 11:31:00,V019,109.0,0.981676089196365
2026-06-01,2026-06-01 11:31:01,V019,109.0,0.9913792226154853
2026-06-01,2026-06-01 11:31:02,V019,109.0,1.0209674216960591
2026-06-01,2026-06-01 11:31:03,V019,110.0,1.2715847060057999
2026-06-01,2026-06-01 11:31:04,V019,109.0,1.0060560451774316
2026-06-01,2026-06-01 11:31:05,V019,109.0,1.0088117705787547
2026-06-01,2026-06-01 11:31:06,V019,109.0,1.040798638454667
2026-06-01,2026-06-01 11:31:07,V019,108.0,1.0095755609615413
2026-06-01,2026-06-01 11:31:08,V019,108.0,0.9925446450017401
2026-06-01,2026-06-01 11:31:09,V019,108.0,0.9958578214990242
2026-06-01,2026-06-01 11:31:10,V019,108.0,0.9860954819013946
2026-06-01,2026-06-01 11:31:11,V019,109.0,0.9964028241011439
2026-06-01,2026-06-01 11:31:12,V019,109.0,0.9762499239143979
2026-06-01,2026-06-01 11:31:13,V019,109.0,1.0091583324753832
2026-06-01,2026-06-01 11:31:14,V019,109.0,0.9707629391314803
2026-06-01,2026-06-01 11:31:15,V019,109.0,1.0168142662304007
2026-06-01,2026-06-01 11:31:16,V019,109.0,0.972475043053896
2026-06-01,2026-06-01 11:31:17,V019,109.0,1.0055703693543407
2026-06-01,2026-06-01 11:31:18,V019,109.0,0.9880399887045453
2026-06-01,2026-06-01 11:31:19,V019,108.0,1.081387627769394
2026-06-01,2026-06-01 11:31:20,V019,108.0,1.019067354745666
2026-06-01,2026-06-01 11:31:21,V019,108.0,1.007637134300551
2026-06-01,2026-06-01 11:31:22,V019,108.0,1.0183730239208508
2026-06-01,2026-06-01 11:31:23,V019,108.0,0.9862983212486838
2026-06-01,2026-06-01 11:31:24,V019,108.0,0.9832870415221725
2026-06-01,2026-06-01 11:31:25,V019,108.0,1.0039724835983461
2026-06-01,2026-06-01 11:31:26,V019,108.0,1.186302683332019
2026-06-01,2026-06-01 11:31:27,V019,109.0,1.7654750170995996
2026-06-01,2026-06-01 11:31:28,V019,109.0,1.01335875225659
2026-06-01,2026-06-01 11:31:29,V019,110.0,0.9873516537761797
2026-06-01,2026-06-01 11:31:30,V019,112.0,0.9937893128253942
2026-06-01,2026-06-01 11:31:31,V019,113.0,1.0138271767003006
2026-06-01,2026-06-01 11:31:32,V019,114.0,0.9990911329225257
2026-06-01,2026-06-01 11:31:33,V019,115.0,0.9884468858206882
2026-06-01,2026-06-01 11:31:34,V019,115.0,1.0450901998441557
2026-06-01,2026-06-01 11:31:35,V019,117.0,0.9888932982434493
2026-06-01,2026-06-01 11:31:36,V019,118.0,0.9955143051991104
2026-06-01,2026-06-01 11:31:37,V019,120.0,1.0106806804961912
2026-06-01,2026-06-01 11:31:38,V019,121.0,0.98014762169479
2026-06-01,2026-06-01 11:31:39,V019,122.0,0.9903034675032125
2026-06-01,2026-06-01 11:31:40,V019,121.0,0.9874164277035357
2026-06-01,2026-06-01 11:31:41,V019,120.0,0.9864090667861353
2026-06-01,2026-06-01 11:31:42,V019,120.0,0.9908174948319244
2026-06-01,2026-06-01 11:31:43,V019,120.0,1.0745789147210054
2026-06-01,2026-06-01 11:31:44,V019,120.0,1.039216000668951
2026-06-01,2026-06-01 11:31:45,V019,119.0,0.9449593363278093
2026-06-01,2026-06-01 11:31:46,V019,119.0,1.0325940226863854
2026-06-01,2026-06-01 11:31:47,V019,119.0,0.9870381747099183
2026-06-01,2026-06-01 11:31:48,V019,119.0,0.9929436146558642
2026-06-01,2026-06-01 11:31:49,V019,119.0,1.1317491961623003
2026-06-01,2026-06-01 11:31:50,V019,119.0,1.7765108458636738
2026-06-01,2026-06-01 11:31:51,V019,120.0,1.2004394713129745
2026-06-01,2026-06-01 11:31:52,V019,120.0,1.05048082741249
2026-06-01,2026-06-01 11:31:53,V019,120.0,0.963280620901339
2026-06-01,2026-06-01 11:31:54,V019,121.0,1.0276581896379917
2026-06-01,2026-06-01 11:31:55,V019,122.0,1.0177967859624146
2026-06-01,2026-06-01 11:31:56,V019,122.0,1.0730332029977097
2026-06-01,2026-06-01 11:31:57,V019,123.0,0.967195127041303
2026-06-01,2026-06-01 11:31:58,V019,123.0,1.0410633974089092
2026-06-01,2026-06-01 11:31:59,V019,124.0,1.102640666476888
2026-06-01,2026-06-01 11:32:00,V019,125.0,1.0484864949007817
2026-06-01,2026-06-01 11:32:01,V019,126.0,1.0241884543964772
2026-06-01,2026-06-01 11:32:02,V019,127.0,1.00574707075206
2026-06-01,2026-06-01 11:32:03,V019,128.0,1.0189601120253082
2026-06-01,2026-06-01 11:32:04,V019,128.0,1.076512208778535
2026-06-01,2026-06-01 11:32:05,V019,128.0,0.9835209023994479
2026-06-01,2026-06-01 11:32:06,V019,129.0,1.2056531095069163
2026-06-01,2026-06-01 11:32:07,V019,130.0,0.9861674113295131
2026-06-01,2026-06-01 11:32:08,V019,130.0,1.0816232943407253
2026-06-01,2026-06-01 11:32:09,V019,131.0,0.9890397465084533
2026-06-01,2026-06-01 11:32:10,V019,132.0,1.003972064117503
2026-06-01,2026-06-01 11:32:11,V019,133.0,0.9882796972161361
2026-06-01,2026-06-01 11:32:12,V019,133.0,0.9785651767071138
2026-06-01,2026-06-01 11:32:13,V019,134.0,1.0569517766347958
2026-06-01,2026-06-01 11:32:14,V019,134.0,0.9696140186730371
2026-06-01,2026-06-01 11:32:15,V019,134.0,1.0130069665298091
2026-06-01,2026-06-01 11:32:16,V019,134.0,0.9895965832271442
2026-06-01,2026-06-01 11:32:17,V019,133.0,0.9982829237930512
2026-06-01,2026-06-01 11:32:18,V019,133.0,1.0047447635643958
2026-06-01,2026-06-01 11:32:19,V019,132.0,0.9992575995391699
2026-06-01,2026-06-01 11:32:20,V019,132.0,1.002642674104695
2026-06-01,2026-06-01 11:32:21,V019,132.0,1.0244428185785615
2026-06-01,2026-06-01 11:32:22,V019,132.0,1.0893758464912182
2026-06-01,2026-06-01 11:32:23,V019,132.0,1.0380049838334415
2026-06-01,2026-06-01 11:32:24,V019,132.0,1.125926026736374
2026-06-01,2026-06-01 11:32:25,V019,131.0,1.4679427472161968
2026-06-01,2026-06-01 11:32:26,V019,131.0,1.1553673088397152
2026-06-01,2026-06-01 11:32:27,V019,131.0,1.347577505548726
2026-06-01,2026-06-01 11:32:28,V019,131.0,1.0441754898609807
2026-06-01,2026-06-01 11:32:29,V019,131.0,1.0139704444599664
2026-06-01,2026-06-01 11:32:30,V019,131.0,1.0754022561023313
2026-06-01,2026-06-01 11:32:31,V019,131.0,0.9514060639159589
2026-06-01,2026-06-01 11:32:32,V019,131.0,0.9780550975182256
2026-06-01,2026-06-01 11:32:33,V019,131.0,0.9657296565919575
2026-06-01,2026-06-01 11:32:34,V019,132.0,1.0137184194480195
2026-06-01,2026-06-01 11:32:35,V019,132.0,1.0068556680213996
2026-06-01,2026-06-01 11:32:36,V019,132.0,1.0260975965340753
2026-06-01,2026-06-01 11:32:37,V019,132.0,1.0808112059297608
2026-06-01,2026-06-01 11:32:38,V019,131.0,1.0477522460144617
2026-06-01,2026-06-01 11:32:39,V019,131.0,1.1280656197200059
2026-06-01,2026-06-01 11:32:40,V019,131.0,1.018877456704072
2026-06-01,2026-06-01 11:32:41,V019,131.0,0.9882839060352087
2026-06-01,2026-06-01 11:32:42,V019,130.0,0.9971957265400226
2026-06-01,2026-06-01 11:32:43,V019,130.0,1.0790660722060361
2026-06-01,2026-06-01 11:32:44,V019,130.0,1.0717461036171112
2026-06-01,2026-06-01 11:32:45,V019,130.0,1.0030220984905722
2026-06-01,2026-06-01 11:32:46,V019,131.0,1.0326131479885787
2026-06-01,2026-06-01 11:32:47,V019,131.0,1.017418004023225
2026-06-01,2026-06-01 11:32:48,V019,131.0,1.0734323569825561
2026-06-01,2026-06-01 11:32:49,V019,131.0,1.1388330338892967
2026-06-01,2026-06-01 11:32:50,V019,131.0,1.326987650991102
2026-06-01,2026-06-01 11:32:51,V019,132.0,1.2531875924197624
2026-06-01,2026-06-01 11:32:52,V019,132.0,1.4111806680309695
2026-06-01,2026-06-01 11:32:53,V019,132.0,1.0821944400159413
2026-06-01,2026-06-01 11:32:54,V019,132.0,1.4196215824521332
2026-06-01,2026-06-01 11:32:55,V019,132.0,1.1480130513919786
2026-06-01,2026-06-01 11:32:56,V019,132.0,1.0881375124801693
2026-06-01,2026-06-01 11:32:57,V019,132.0,1.0019280637974193
2026-06-01,2026-06-01 11:32:58,V019,133.0,1.0050622910209348
2026-06-01,2026-06-01 11:32:59,V019,133.0,0.9844750761411564
2026-06-01,2026-06-01 11:33:00,V019,133.0,1.0099007865100476
2026-06-01,2026-06-01 11:33:01,V019,132.0,0.9859028840105452
2026-06-01,2026-06-01 11:33:02,V019,132.0,0.9927399118732231
2026-06-01,2026-06-01 11:33:03,V019,131.0,1.0955660448949982
2026-06-01,2026-06-01 11:33:04,V019,131.0,0.9871502374013621
2026-06-01,2026-06-01 11:33:05,V019,131.0,1.0234424316920276
2026-06-01,2026-06-01 11:33:06,V019,130.0,1.2046242677691255
2026-06-01,2026-06-01 11:33:07,V019,129.0,1.1683005665555948
2026-06-01,2026-06-01 11:33:08,V019,129.0,1.1461122205371248
2026-06-01,2026-06-01 11:33:09,V019,129.0,1.0007895036810712
2026-06-01,2026-06-01 11:33:10,V019,128.0,1.045261454516737
2026-06-01,2026-06-01 11:33:11,V019,128.0,1.0299166095134693
2026-06-01,2026-06-01 11:33:12,V019,128.0,1.0237468144730741
2026-06-01,2026-06-01 11:33:13,V019,129.0,1.0798828073700195
2026-06-01,2026-06-01 11:33:14,V019,130.0,1.04269986795233
2026-06-01,2026-06-01 11:33:15,V019,130.0,1.093764193189698
2026-06-01,2026-06-01 11:33:16,V019,130.0,0.9976025842778549
2026-06-01,2026-06-01 11:33:17,V019,129.0,0.9956820606065265
2026-06-01,2026-06-01 11:33:18,V019,129.0,1.0391574454810664
2026-06-01,2026-06-01 11:33:19,V019,129.0,1.194486596858856
2026-06-01,2026-06-01 11:33:20,V019,129.0,1.032958934735388
2026-06-01,2026-06-01 11:33:21,V019,129.0,0.9812098412540723
2026-06-01,2026-06-01 11:33:22,V019,130.0,1.1542526385457863
2026-06-01,2026-06-01 11:33:23,V019,130.0,1.032378748000463
2026-06-01,2026-06-01 11:33:24,V019,130.0,1.0059378734551254
2026-06-01,2026-06-01 11:33:25,V019,130.0,1.0258082580157584
2026-06-01,2026-06-01 11:33:26,V019,129.0,1.0210463481490701
2026-06-01,2026-06-01 11:33:27,V019,128.0,0.991215378321596
2026-06-01,2026-06-01 11:33:28,V019,128.0,0.9854599653928754
2026-06-01,2026-06-01 11:33:29,V019,128.0,1.0018300428973455
2026-06-01,2026-06-01 11:33:30,V019,128.0,1.092906267806933
2026-06-01,2026-06-01 11:33:31,V019,128.0,1.0546316224135865
2026-06-01,2026-06-01 11:33:32,V019,128.0,1.1728268871714262
2026-06-01,2026-06-01 11:33:33,V019,129.0,1.0556671729444134
2026-06-01,2026-06-01 11:33:34,V019,128.0,1.029590785338854
2026-06-01,2026-06-01 11:33:35,V019,128.0,1.028023003675503
2026-06-01,2026-06-01 11:33:36,V019,128.0,1.253892862798743
2026-06-01,2026-06-01 11:33:37,V019,129.0,0.9999934354555201
2026-06-01,2026-06-01 11:33:38,V019,129.0,1.0905246311105374
2026-06-01,2026-06-01 11:33:39,V019,129.0,1.2142372412432354
2026-06-01,2026-06-01 11:33:40,V019,129.0,0.9163509077825476
2026-06-01,2026-06-01 11:33:41,V019,129.0,1.0703128553752939
2026-06-01,2026-06-01 11:33:42,V019,130.0,0.9892192276667848
2026-06-01,2026-06-01 11:33:43,V019,130.0,1.077784817992453
2026-06-01,2026-06-01 11:33:44,V019,130.0,1.0455258168680732
2026-06-01,2026-06-01 11:33:45,V019,130.0,1.0506571636786686
2026-06-01,2026-06-01 11:33:46,V019,130.0,1.3972378596059651
2026-06-01,2026-06-01 11:33:47,V019,130.0,1.150399386780442
2026-06-01,2026-06-01 11:33:48,V019,130.0,1.0468336958407787
2026-06-01,2026-06-01 11:33:49,V019,130.0,1.0634841373811366
2026-06-01,2026-06-01 11:33:50,V019,131.0,0.9559241746201127
2026-06-01,2026-06-01 11:33:51,V019,131.0,1.4249139343359856
2026-06-01,2026-06-01 11:33:52,V019,131.0,1.195909286820921
2026-06-01,2026-06-01 11:33:53,V019,132.0,1.0721561349046071
2026-06-01,2026-06-01 11:33:54,V019,133.0,1.2803951043653066
2026-06-01,2026-06-01 11:33:55,V019,134.0,1.221778357452137
2026-06-01,2026-06-01 11:33:56,V019,134.0,1.0192719691392387
2026-06-01,2026-06-01 11:33:57,V019,135.0,1.0663460503747308
2026-06-01,2026-06-01 11:33:58,V019,135.0,0.9872330984684934
2026-06-01,2026-06-01 11:33:59,V019,135.0,0.9914055804842763
2026-06-01,2026-06-01 11:34:00,V019,135.0,1.0101941519019577
2026-06-01,2026-06-01 11:34:01,V019,135.0,1.1081338004973973
2026-06-01,2026-06-01 11:34:02,V019,136.0,0.9874902273545545
2026-06-01,2026-06-01 11:34:03,V019,136.0,1.0134577119139918
2026-06-01,2026-06-01 11:34:04,V019,137.0,1.0326774614057639
2026-06-01,2026-06-01 11:34:05,V019,137.0,1.0190654746419656
2026-06-01,2026-06-01 11:34:06,V019,138.0,0.9997838468011104
2026-06-01,2026-06-01 11:34:07,V019,139.0,0.9989319285055188
2026-06-01,2026-06-01 11:34:08,V019,139.0,0.9951641115247664
2026-06-01,2026-06-01 11:34:09,V019,139.0,1.0410653264408771
2026-06-01,2026-06-01 11:34:10,V019,139.0,1.0417618489503642
2026-06-01,2026-06-01 11:34:11,V019,139.0,1.1273611412675968
2026-06-01,2026-06-01 11:34:12,V019,139.0,1.1188903481580836
2026-06-01,2026-06-01 11:34:13,V019,138.0,1.1697304430740283
2026-06-01,2026-06-01 11:34:14,V019,138.0,1.0949035059075096
2026-06-01,2026-06-01 11:34:15,V019,138.0,1.1023307661161483
2026-06-01,2026-06-01 11:34:16,V019,138.0,1.123053113929241
2026-06-01,2026-06-01 11:34:17,V019,138.0,1.1732669603063284
2026-06-01,2026-06-01 11:34:18,V019,138.0,1.1475360554063976
2026-06-01,2026-06-01 11:34:19,V019,138.0,1.1816892178073202
2026-06-01,2026-06-01 11:34:20,V019,138.0,1.1150347454050968
2026-06-01,2026-06-01 11:34:21,V019,138.0,1.2047355570628644
2026-06-01,2026-06-01 11:34:22,V019,137.0,1.1694868579353577
2026-06-01,2026-06-01 11:34:23,V019,137.0,1.0763451072192138
2026-06-01,2026-06-01 11:34:24,V019,136.0,1.0814085385852878
2026-06-01,2026-06-01 11:34:25,V019,136.0,1.0768011628428527
2026-06-01,2026-06-01 11:34:26,V019,136.0,1.0026716212765607
2026-06-01,2026-06-01 11:34:27,V019,135.0,1.023524915648577
2026-06-01,2026-06-01 11:34:28,V019,133.0,0.9892217435834164
2026-06-01,2026-06-01 11:34:29,V019,132.0,1.0164036261944291
2026-06-01,2026-06-01 11:34:30,V019,132.0,0.9936246571391547
2026-06-01,2026-06-01 11:34:31,V019,131.0,0.9961099822064122
2026-06-01,2026-06-01 11:34:32,V019,131.0,1.027730248034796
2026-06-01,2026-06-01 11:34:33,V019,131.0,0.9933004458422799
2026-06-01,2026-06-01 11:34:34,V019,131.0,0.9920199342515527
2026-06-01,2026-06-01 11:34:35,V019,132.0,0.995227180263225
2026-06-01,2026-06-01 11:34:36,V019,133.0,0.9915725361099378
2026-06-01,2026-06-01 11:34:37,V019,134.0,1.0341892833843485
2026-06-01,2026-06-01 11:34:38,V019,134.0,1.033016490542113
2026-06-01,2026-06-01 11:34:39,V019,135.0,0.9895492503203999
2026-06-01,2026-06-01 11:34:40,V019,137.0,1.0144550387779188
2026-06-01,2026-06-01 11:34:41,V019,137.0,1.000313879666247
2026-06-01,2026-06-01 11:34:42,V019,137.0,1.0257622318431479
2026-06-01,2026-06-01 11:34:43,V019,137.0,0.9895991782529975
2026-06-01,2026-06-01 11:34:44,V019,137.0,1.004642375549464
2026-06-01,2026-06-01 11:34:45,V019,137.0,1.0040668415332472
2026-06-01,2026-06-01 11:34:46,V019,137.0,1.015845177503398
2026-06-01,2026-06-01 11:34:47,V019,137.0,1.0072629103239896
2026-06-01,2026-06-01 11:34:48,V019,137.0,1.0413818931022112
2026-06-01,2026-06-01 11:34:49,V019,136.0,1.0100802504568018
2026-06-01,2026-06-01 11:34:50,V019,136.0,1.0102920378525617
2026-06-01,2026-06-01 11:34:51,V019,136.0,1.0082076124021746
2026-06-01,2026-06-01 11:34:52,V019,135.0,0.9895267080224649
2026-06-01,2026-06-01 11:34:53,V019,135.0,0.9859993231785459
2026-06-01,2026-06-01 11:34:54,V019,135.0,0.9965098259021652
2026-06-01,2026-06-01 11:34:55,V019,134.0,1.0405651956968542
2026-06-01,2026-06-01 11:34:56,V019,133.0,1.0054072256084796
2026-06-01,2026-06-01 11:34:57,V019,132.0,0.996140186597024
2026-06-01,2026-06-01 11:34:58,V019,132.0,0.9812114664308826
2026-06-01,2026-06-01 11:34:59,V019,132.0,1.0374658091202926
2026-06-01,2026-06-01 11:35:00,V019,132.0,0.9926783653265094
2026-06-01,2026-06-01 11:35:01,V019,131.0,1.008650058588656
2026-06-01,2026-06-01 11:35:02,V019,131.0,1.05838318834328
2026-06-01,2026-06-01 11:35:03,V019,130.0,1.0247127881532752
2026-06-01,2026-06-01 11:35:04,V019,128.0,1.0494432494270944
2026-06-01,2026-06-01 11:35:05,V019,128.0,0.9811276361724988
2026-06-01,2026-06-01 11:35:06,V019,128.0,1.0100445458638192
2026-06-01,2026-06-01 11:35:07,V019,127.0,1.0449794291383854
2026-06-01,2026-06-01 11:35:08,V019,127.0,0.9956290690743155
2026-06-01,2026-06-01 11:35:09,V019,126.0,0.9956438541064724
2026-06-01,2026-06-01 11:35:10,V019,126.0,1.0022494854875346
2026-06-01,2026-06-01 11:35:11,V019,127.0,1.0017974534808178
2026-06-01,2026-06-01 11:35:12,V019,127.0,0.9828656517824559
2026-06-01,2026-06-01 11:35:13,V019,128.0,1.0198037444895443
2026-06-01,2026-06-01 11:35:14,V019,128.0,1.0185058309431043
2026-06-01,2026-06-01 11:35:15,V019,128.0,1.0576531360454724
2026-06-01,2026-06-01 11:35:16,V019,128.0,1.0074372708150794
2026-06-01,2026-06-01 11:35:17,V019,127.0,1.0363474824486274
2026-06-01,2026-06-01 11:35:18,V019,127.0,1.0435083567677823
2026-06-01,2026-06-01 11:35:19,V019,127.0,1.0500095354459291
2026-06-01,2026-06-01 11:35:20,V019,127.0,0.9852380956538616
2026-06-01,2026-06-01 11:35:21,V019,126.0,0.9969213214198924
2026-06-01,2026-06-01 11:35:22,V019,126.0,1.0144587966925092
2026-06-01,2026-06-01 11:35:23,V019,125.0,1.0146576121601023
2026-06-01,2026-06-01 11:35:24,V019,122.0,1.013886485207837
2026-06-01,2026-06-01 11:35:25,V019,121.0,1.0203678601313766
2026-06-01,2026-06-01 11:35:26,V019,121.0,1.0266688632022802
2026-06-01,2026-06-01 11:35:27,V019,121.0,0.990067442905655
2026-06-01,2026-06-01 11:35:28,V019,119.0,1.0128433708245472
2026-06-01,2026-06-01 11:35:29,V019,119.0,0.9964643467795091
2026-06-01,2026-06-01 11:35:30,V019,119.0,1.0113491604740406
2026-06-01,2026-06-01 11:35:31,V019,119.0,0.9996619709200496
2026-06-01,2026-06-01 11:35:32,V019,118.0,1.130774928573672
2026-06-01,2026-06-01 11:35:33,V019,118.0,1.022065246289878
2026-06-01,2026-06-01 11:35:34,V019,118.0,1.0415970656585736
2026-06-01,2026-06-01 11:35:35,V019,118.0,1.0619596712523618
2026-06-01,2026-06-01 11:35:36,V019,117.0,1.0248194738277314
2026-06-01,2026-06-01 11:35:37,V019,116.0,1.049274902651141
2026-06-01,2026-06-01 11:35:38,V019,116.0,1.0037426006228918
2026-06-01,2026-06-01 11:35:39,V019,116.0,1.0126197543431412
2026-06-01,2026-06-01 11:35:40,V019,115.0,1.0418842710091754
2026-06-01,2026-06-01 11:35:41,V019,114.0,1.0069895946477725
2026-06-01,2026-06-01 11:35:42,V019,114.0,1.0118920432602883
2026-06-01,2026-06-01 11:35:43,V019,114.0,0.9872296768856896
2026-06-01,2026-06-01 11:35:44,V019,114.0,1.0003059723098313
2026-06-01,2026-06-01 11:35:45,V019,114.0,0.9932511620579135
2026-06-01,2026-06-01 11:35:46,V019,114.0,0.9942312068463529
2026-06-01,2026-06-01 11:35:47,V019,114.0,0.9899500860168067
2026-06-01,2026-06-01 11:35:48,V019,114.0,1.0093670038351343
2026-06-01,2026-06-01 11:35:49,V019,114.0,0.9803959611717166
2026-06-01,2026-06-01 11:35:50,V019,114.0,0.9903474113745019
2026-06-01,2026-06-01 11:35:51,V019,114.0,0.9618263186986555
2026-06-01,2026-06-01 11:35:52,V019,113.0,1.0365410240120505
2026-06-01,2026-06-01 11:35:53,V019,113.0,1.016828766061346
2026-06-01,2026-06-01 11:35:54,V019,113.0,1.019762357314496
2026-06-01,2026-06-01 11:35:55,V019,113.0,0.9874000556235625
2026-06-01,2026-06-01 11:35:56,V019,112.0,1.0424747355837887
2026-06-01,2026-06-01 11:35:57,V019,112.0,1.0228471850763148
2026-06-01,2026-06-01 11:35:58,V019,112.0,0.9861612917047992
2026-06-01,2026-06-01 11:35:59,V019,112.0,1.0116939445183162
2026-06-01,2026-06-01 11:36:00,V019,112.0,0.9994918245512999
2026-06-01,2026-06-01 11:36:01,V019,112.0,0.987367091374756
2026-06-01,2026-06-01 11:36:02,V019,112.0,0.9850039512020742
2026-06-01,2026-06-01 11:36:03,V019,111.0,0.9898051092361289
2026-06-01,2026-06-01 11:36:04,V019,111.0,1.0078795353103236
2026-06-01,2026-06-01 11:36:05,V019,110.0,1.02984804624555
2026-06-01,2026-06-01 11:36:06,V019,109.0,1.0159748605876493
2026-06-01,2026-06-01 11:36:07,V019,109.0,0.9998757044790569
2026-06-01,2026-06-01 11:36:08,V019,108.0,0.9944974104107401
2026-06-01,2026-06-01 11:36:09,V019,108.0,1.0097527310854115
2026-06-01,2026-06-01 11:36:10,V019,108.0,1.028919298819414
2026-06-01,2026-06-01 11:36:11,V019,108.0,1.0235324424688608
2026-06-01,2026-06-01 11:36:12,V019,108.0,1.0129081608637258
2026-06-01,2026-06-01 11:36:13,V019,109.0,1.013280154706922
2026-06-01,2026-06-01 11:36:14,V019,110.0,0.9854252994387365
2026-06-01,2026-06-01 11:36:15,V019,110.0,1.0141243104823447
2026-06-01,2026-06-01 11:36:16,V019,111.0,1.0208649106728567
2026-06-01,2026-06-01 11:36:17,V019,111.0,1.017569652547767
2026-06-01,2026-06-01 11:36:18,V019,111.0,0.9998903582163476
2026-06-01,2026-06-01 11:36:19,V019,111.0,1.0061784983863424
2026-06-01,2026-06-01 11:36:20,V019,111.0,1.0233718479661544
2026-06-01,2026-06-01 11:36:21,V019,111.0,1.026292729745501
2026-06-01,2026-06-01 11:36:22,V019,111.0,1.0387719546568512
2026-06-01,2026-06-01 11:36:23,V019,111.0,0.9695066747605107
2026-06-01,2026-06-01 11:36:24,V019,111.0,1.0113233920469562
2026-06-01,2026-06-01 11:36:25,V019,112.0,1.0117791304602177
2026-06-01,2026-06-01 11:36:26,V019,112.0,1.0514728474508237
2026-06-01,2026-06-01 11:36:27,V019,112.0,0.9870297136429205
2026-06-01,2026-06-01 11:36:28,V019,112.0,0.9878974420253374
2026-06-01,2026-06-01 11:36:29,V019,113.0,1.0063769590496274
2026-06-01,2026-06-01 11:36:30,V019,113.0,1.0476324361561207
2026-06-01,2026-06-01 11:36:31,V019,113.0,1.028889844816137
2026-06-01,2026-06-01 11:36:32,V019,113.0,1.0511381641844963
2026-06-01,2026-06-01 11:36:33,V019,113.0,1.0136002033803944
2026-06-01,2026-06-01 11:36:34,V019,113.0,1.0015426727905823
2026-06-01,2026-06-01 11:36:35,V019,113.0,1.0323920845844006
2026-06-01,2026-06-01 11:36:36,V019,113.0,1.1453042741065873
2026-06-01,2026-06-01 11:36:37,V019,113.0,1.0158375440278944
2026-06-01,2026-06-01 11:36:38,V019,114.0,1.0905024944209818
2026-06-01,2026-06-01 11:36:39,V019,114.0,1.132664157614349
2026-06-01,2026-06-01 11:36:40,V019,114.0,1.0936470743052082
2026-06-01,2026-06-01 11:36:41,V019,114.0,1.0260192111496471
2026-06-01,2026-06-01 11:36:42,V019,115.0,1.0014785744679553
2026-06-01,2026-06-01 11:36:43,V019,116.0,1.0506856995216833
2026-06-01,2026-06-01 11:36:44,V019,116.0,1.109677066290352
2026-06-01,2026-06-01 11:36:45,V019,116.0,1.0446338491714553
2026-06-01,2026-06-01 11:36:46,V019,117.0,1.0236367978188405
2026-06-01,2026-06-01 11:36:47,V019,118.0,1.1016029404713144
2026-06-01,2026-06-01 11:36:48,V019,118.0,1.085071141592167
2026-06-01,2026-06-01 11:36:49,V019,118.0,1.4873929001331225
2026-06-01,2026-06-01 11:36:50,V019,119.0,1.1885164082767408
2026-06-01,2026-06-01 11:36:51,V019,120.0,1.1797660990833192
2026-06-01,2026-06-01 11:36:52,V019,120.0,1.0760131120848457
2026-06-01,2026-06-01 11:36:53,V019,121.0,1.084253609265763
2026-06-01,2026-06-01 11:36:54,V019,123.0,0.9986919792676531
2026-06-01,2026-06-01 11:36:55,V019,123.0,1.0766149301981507
2026-06-01,2026-06-01 11:36:56,V019,123.0,1.0293677692409011
2026-06-01,2026-06-01 11:36:57,V019,124.0,1.0443414744489856
2026-06-01,2026-06-01 11:36:58,V019,125.0,0.9970667912181804
2026-06-01,2026-06-01 11:36:59,V019,125.0,0.9953910971563323
2026-06-01,2026-06-01 11:37:00,V019,125.0,1.0198106603015114
2026-06-01,2026-06-01 11:37:01,V019,125.0,0.9915352711566066
2026-06-01,2026-06-01 11:37:02,V019,124.0,1.0698576762872736
2026-06-01,2026-06-01 11:37:03,V019,124.0,0.9916232067526236
2026-06-01,2026-06-01 11:37:04,V019,124.0,0.9861204683619994
2026-06-01,2026-06-01 11:37:05,V019,124.0,0.997249452752213
2026-06-01,2026-06-01 11:37:06,V019,125.0,0.9861147367994209
2026-06-01,2026-06-01 11:37:07,V019,125.0,1.0175215236641575
2026-06-01,2026-06-01 11:37:08,V019,125.0,1.0098128141505167
2026-06-01,2026-06-01 11:37:09,V019,125.0,1.0450990566294276
2026-06-01,2026-06-01 11:37:10,V019,125.0,1.1241302513896565
2026-06-01,2026-06-01 11:37:11,V019,125.0,1.2016118081776226
2026-06-01,2026-06-01 11:37:12,V019,125.0,1.1533850314312537
2026-06-01,2026-06-01 11:37:13,V019,125.0,1.05577702370267
2026-06-01,2026-06-01 11:37:14,V019,125.0,1.022350699202214
2026-06-01,2026-06-01 11:37:15,V019,125.0,0.9888593710673331
2026-06-01,2026-06-01 11:37:16,V019,125.0,1.0171096965893103
2026-06-01,2026-06-01 11:37:17,V019,125.0,1.0000758761370752
2026-06-01,2026-06-01 11:37:18,V019,126.0,1.038294807498527
2026-06-01,2026-06-01 11:37:19,V019,126.0,1.0565588083908664
2026-06-01,2026-06-01 11:37:20,V019,126.0,1.0005617133653586
2026-06-01,2026-06-01 11:37:21,V019,126.0,1.0414651380628996
2026-06-01,2026-06-01 11:37:22,V019,126.0,1.074618439109924
2026-06-01,2026-06-01 11:37:23,V019,126.0,1.0074285708243145
2026-06-01,2026-06-01 11:37:24,V019,126.0,1.0591231917513002
2026-06-01,2026-06-01 11:37:25,V019,127.0,1.1487331704268895
2026-06-01,2026-06-01 11:37:26,V019,127.0,1.011375116583283
2026-06-01,2026-06-01 11:37:27,V019,127.0,1.0915917663427732
2026-06-01,2026-06-01 11:37:28,V019,127.0,1.0384063681956142
2026-06-01,2026-06-01 11:37:29,V019,127.0,1.1582398384548387
2026-06-01,2026-06-01 11:37:30,V019,127.0,1.0228926140804506
2026-06-01,2026-06-01 11:37:31,V019,126.0,1.0964827817943297
2026-06-01,2026-06-01 11:37:32,V019,126.0,1.026745141482319
2026-06-01,2026-06-01 11:37:33,V019,125.0,0.9879738533049816
2026-06-01,2026-06-01 11:37:34,V019,124.0,0.992021090024487
2026-06-01,2026-06-01 11:37:35,V019,124.0,1.2691657356261477
2026-06-01,2026-06-01 11:37:36,V019,124.0,1.1755541087898016
2026-06-01,2026-06-01 11:37:37,V019,125.0,1.0826783994815528
2026-06-01,2026-06-01 11:37:38,V019,126.0,1.3407668338220649
2026-06-01,2026-06-01 11:37:39,V019,127.0,0.8976508584782572
2026-06-01,2026-06-01 11:37:40,V019,127.0,1.3848041578165227
2026-06-01,2026-06-01 11:37:41,V019,127.0,1.1316673914887512
2026-06-01,2026-06-01 11:37:42,V019,127.0,0.9956229613929714
2026-06-01,2026-06-01 11:37:43,V019,127.0,1.0246425170995603
2026-06-01,2026-06-01 11:37:44,V019,126.0,1.001694330144024
2026-06-01,2026-06-01 11:37:45,V019,125.0,0.9915713475115759
2026-06-01,2026-06-01 11:37:46,V019,125.0,0.9824122577405623
2026-06-01,2026-06-01 11:37:47,V019,124.0,1.0003144467522485
2026-06-01,2026-06-01 11:37:48,V019,124.0,1.023677745498991
2026-06-01,2026-06-01 11:37:49,V019,123.0,1.0609967260664201
2026-06-01,2026-06-01 11:37:50,V019,122.0,1.2632916805177745
2026-06-01,2026-06-01 11:37:51,V019,122.0,1.0656464755242905
2026-06-01,2026-06-01 11:37:52,V019,122.0,1.004290930420672
2026-06-01,2026-06-01 11:37:53,V019,122.0,1.0341738932220723
2026-06-01,2026-06-01 11:37:54,V019,122.0,0.9931150426430709
2026-06-01,2026-06-01 11:37:55,V019,123.0,1.030828420185703
2026-06-01,2026-06-01 11:37:56,V019,123.0,1.0457394598209144
2026-06-01,2026-06-01 11:37:57,V019,124.0,1.1240378401136273
2026-06-01,2026-06-01 11:37:58,V019,125.0,0.9762703948903978
2026-06-01,2026-06-01 11:37:59,V019,125.0,1.04378599409131
2026-06-01,2026-06-01 11:38:00,V019,125.0,1.0581405852443218
2026-06-01,2026-06-01 11:38:01,V019,126.0,1.0008302709279087
2026-06-01,2026-06-01 11:38:02,V019,125.0,0.9554950050128374
2026-06-01,2026-06-01 11:38:03,V019,125.0,1.1182802651235064
2026-06-01,2026-06-01 11:38:04,V019,125.0,0.9475667291370005
2026-06-01,2026-06-01 11:38:05,V019,126.0,1.0375906279804112
2026-06-01,2026-06-01 11:38:06,V019,126.0,0.9893575277019018
2026-06-01,2026-06-01 11:38:07,V019,126.0,1.0073669312268438
2026-06-01,2026-06-01 11:38:08,V019,126.0,1.021377945958644
2026-06-01,2026-06-01 11:38:09,V019,126.0,1.0891995988893415
2026-06-01,2026-06-01 11:38:10,V019,126.0,1.07301945828321
2026-06-01,2026-06-01 11:38:11,V019,126.0,1.1268427631207607
2026-06-01,2026-06-01 11:38:12,V019,126.0,1.3323811253596356
2026-06-01,2026-06-01 11:38:13,V019,125.0,1.0064136855383294
2026-06-01,2026-06-01 11:38:14,V019,124.0,1.01438051602941
2026-06-01,2026-06-01 11:38:15,V019,124.0,0.9945528584085922
2026-06-01,2026-06-01 11:38:16,V019,124.0,1.1984410229483196
2026-06-01,2026-06-01 11:38:17,V019,124.0,1.0373538215620823
2026-06-01,2026-06-01 11:38:18,V019,124.0,1.086052642680377
2026-06-01,2026-06-01 11:38:19,V019,125.0,0.9833186009729538
2026-06-01,2026-06-01 11:38:20,V019,125.0,1.0705550451786519
2026-06-01,2026-06-01 11:38:21,V019,125.0,0.992081375148427
2026-06-01,2026-06-01 11:38:22,V019,124.0,1.0701110393113484
2026-06-01,2026-06-01 11:38:23,V019,123.0,1.0173274056284756
2026-06-01,2026-06-01 11:38:24,V019,123.0,1.0299388233104947
2026-06-01,2026-06-01 11:38:25,V019,123.0,0.9780497751260564
2026-06-01,2026-06-01 11:38:26,V019,123.0,1.0014942876683413
2026-06-01,2026-06-01 11:38:27,V019,122.0,1.1348257083785427
2026-06-01,2026-06-01 11:38:28,V019,122.0,1.0783238896877905
2026-06-01,2026-06-01 11:38:29,V019,122.0,1.200298641240571
2026-06-01,2026-06-01 11:38:30,V019,121.0,1.1628258736547992
2026-06-01,2026-06-01 11:38:31,V019,121.0,1.3188123339625428
2026-06-01,2026-06-01 11:38:32,V019,121.0,1.10406854505819
2026-06-01,2026-06-01 11:38:33,V019,120.0,0.9838979386491122
2026-06-01,2026-06-01 11:38:34,V019,121.0,1.0582273601606478
2026-06-01,2026-06-01 11:38:35,V019,121.0,1.2446545800505435
2026-06-01,2026-06-01 11:38:36,V019,121.0,1.0129190494325462
2026-06-01,2026-06-01 11:38:37,V019,120.0,1.1141650765685236
2026-06-01,2026-06-01 11:38:38,V019,120.0,1.0882798314225801
2026-06-01,2026-06-01 11:38:39,V019,120.0,1.009288773202
2026-06-01,2026-06-01 11:38:40,V019,119.0,1.00252320245097
2026-06-01,2026-06-01 11:38:41,V019,119.0,1.0128199957682433
2026-06-01,2026-06-01 11:38:42,V019,119.0,1.024632509221485
2026-06-01,2026-06-01 11:38:43,V019,119.0,1.0108433479852097
2026-06-01,2026-06-01 11:38:44,V019,119.0,0.9904405899306733
2026-06-01,2026-06-01 11:38:45,V019,119.0,0.9820927546647386
2026-06-01,2026-06-01 11:38:46,V019,119.0,0.9760952094682945
2026-06-01,2026-06-01 11:38:47,V019,118.0,0.9863627558820048
2026-06-01,2026-06-01 11:38:48,V019,118.0,0.984018128133377
2026-06-01,2026-06-01 11:38:49,V019,118.0,0.9988291808003849
2026-06-01,2026-06-01 11:38:50,V019,118.0,0.9931578609198125
2026-06-01,2026-06-01 11:38:51,V019,118.0,0.9768636377058558
2026-06-01,2026-06-01 11:38:52,V019,118.0,0.9847242321309726
2026-06-01,2026-06-01 11:38:53,V019,119.0,0.9838497574307444
2026-06-01,2026-06-01 11:38:54,V019,119.0,0.9811295444252739
2026-06-01,2026-06-01 11:38:55,V019,119.0,0.9951361279586393
2026-06-01,2026-06-01 11:38:56,V019,120.0,0.9759395375243051
2026-06-01,2026-06-01 11:38:57,V019,120.0,0.9850140622884795
2026-06-01,2026-06-01 11:38:58,V019,120.0,0.98872408672277
2026-06-01,2026-06-01 11:38:59,V019,121.0,1.0032626173632722
2026-06-01,2026-06-01 11:39:00,V019,121.0,0.9839147531863512
2026-06-01,2026-06-01 11:39:01,V019,121.0,0.9785486205011239
2026-06-01,2026-06-01 11:39:02,V019,121.0,1.02890205321834
2026-06-01,2026-06-01 11:39:03,V019,121.0,1.0326555653476805
2026-06-01,2026-06-01 11:39:04,V019,121.0,1.038646648512564
2026-06-01,2026-06-01 11:39:05,V019,121.0,1.039912698637947
2026-06-01,2026-06-01 11:39:06,V019,121.0,1.0460675292971038
2026-06-01,2026-06-01 11:39:07,V019,121.0,1.0512211523221273
2026-06-01,2026-06-01 11:39:08,V019,120.0,1.0178583376050379
2026-06-01,2026-06-01 11:39:09,V019,120.0,1.058005468409189
2026-06-01,2026-06-01 11:39:10,V019,120.0,1.00242565867561
2026-06-01,2026-06-01 11:39:11,V019,120.0,0.9744722578239342
2026-06-01,2026-06-01 11:39:12,V019,120.0,1.0288901401681723
2026-06-01,2026-06-01 11:39:13,V019,120.0,0.9788851980354654
2026-06-01,2026-06-01 11:39:14,V019,120.0,0.9831986536334357
2026-06-01,2026-06-01 11:39:15,V019,121.0,1.0054638270496896
2026-06-01,2026-06-01 11:39:16,V019,121.0,1.0141292138106217
2026-06-01,2026-06-01 11:39:17,V019,120.0,0.9842240330924106
2026-06-01,2026-06-01 11:39:18,V019,119.0,1.0335286613152241
2026-06-01,2026-06-01 11:39:19,V019,117.0,1.029573908541787
2026-06-01,2026-06-01 11:39:20,V019,114.0,0.9776794062413192
2026-06-01,2026-06-01 11:39:21,V019,113.0,1.0226724424060158
2026-06-01,2026-06-01 11:39:22,V019,113.0,1.0266774245353245
2026-06-01,2026-06-01 11:39:23,V019,112.0,1.0839222674589082
2026-06-01,2026-06-01 11:39:24,V019,110.0,1.0768574429469875
2026-06-01,2026-06-01 11:39:25,V019,109.0,1.0935491283965684
2026-06-01,2026-06-01 11:39:26,V019,109.0,0.9111037531905822
2026-06-01,2026-06-01 11:39:27,V019,108.0,1.0924522978686035
2026-06-01,2026-06-01 11:39:28,V019,107.0,0.9910783555592991
2026-06-01,2026-06-01 11:39:29,V019,107.0,0.9786750498284464
2026-06-01,2026-06-01 11:39:30,V019,107.0,0.978385981240922
2026-06-01,2026-06-01 11:39:31,V019,106.0,0.9832684196336884
2026-06-01,2026-06-01 11:39:32,V019,106.0,0.9736571080511204
2026-06-01,2026-06-01 11:39:33,V019,107.0,0.9692905613423599
2026-06-01,2026-06-01 11:39:34,V019,107.0,0.9998016300409536
2026-06-01,2026-06-01 11:39:35,V019,107.0,0.9716905697615759
2026-06-01,2026-06-01 11:39:36,V019,106.0,0.9931309003621795
2026-06-01,2026-06-01 11:39:37,V019,106.0,0.9918295178523336
2026-06-01,2026-06-01 11:39:38,V019,106.0,0.9929526909197152
2026-06-01,2026-06-01 11:39:39,V019,106.0,0.98286963112776
2026-06-01,2026-06-01 11:39:40,V019,105.0,0.9863848216960522
2026-06-01,2026-06-01 11:39:41,V019,104.0,0.9788475981684794
2026-06-01,2026-06-01 11:39:42,V019,104.0,1.0559509733786328
2026-06-01,2026-06-01 11:39:43,V019,104.0,0.9494164402931003
2026-06-01,2026-06-01 11:39:44,V019,104.0,1.007518707962333
2026-06-01,2026-06-01 11:39:45,V019,104.0,0.9844776657361434
2026-06-01,2026-06-01 11:39:46,V019,104.0,0.9949940112513446
2026-06-01,2026-06-01 11:39:47,V019,104.0,0.9873632884557788
2026-06-01,2026-06-01 11:39:48,V019,106.0,0.9864383237597127
2026-06-01,2026-06-01 11:39:49,V019,107.0,0.9915535705730641
2026-06-01,2026-06-01 11:39:50,V019,107.0,1.0057111777221497
2026-06-01,2026-06-01 11:39:51,V019,106.0,0.9775177820228547
2026-06-01,2026-06-01 11:39:52,V019,107.0,1.0015849847927516
2026-06-01,2026-06-01 11:39:53,V019,108.0,0.9918730989318321
2026-06-01,2026-06-01 11:39:54,V019,108.0,1.008261994461362
2026-06-01,2026-06-01 11:39:55,V019,109.0,1.0139594277853927
2026-06-01,2026-06-01 11:39:56,V019,110.0,1.0339487235452978
2026-06-01,2026-06-01 11:39:57,V019,112.0,1.081504901967751
2026-06-01,2026-06-01 11:39:58,V019,112.0,0.9534219331548976
2026-06-01,2026-06-01 11:39:59,V019,113.0,1.0795236339181193
2026-06-01,2026-06-01 11:40:00,V019,116.0,1.029074669797451
2026-06-01,2026-06-01 11:40:01,V019,117.0,1.029652140782055
2026-06-01,2026-06-01 11:40:02,V019,117.0,1.038980560513698
2026-06-01,2026-06-01 11:40:03,V019,117.0,1.003028150535176
2026-06-01,2026-06-01 11:40:04,V019,117.0,1.0236783846844246
2026-06-01,2026-06-01 11:40:05,V019,117.0,0.993391638040537
2026-06-01,2026-06-01 11:40:06,V019,117.0,1.0161111437157837
2026-06-01,2026-06-01 11:40:07,V019,117.0,0.995977069672093
2026-06-01,2026-06-01 11:40:08,V019,116.0,0.9971440749696396
2026-06-01,2026-06-01 11:40:09,V019,116.0,1.0116420981351888
2026-06-01,2026-06-01 11:40:10,V019,116.0,1.0033733927850332
2026-06-01,2026-06-01 11:40:11,V019,116.0,0.9842228221950647
2026-06-01,2026-06-01 11:40:12,V019,116.0,1.0313209741255276
2026-06-01,2026-06-01 11:40:13,V019,115.0,1.0104542677401058
2026-06-01,2026-06-01 11:40:14,V019,115.0,1.0117344167058517
2026-06-01,2026-06-01 11:40:15,V019,115.0,1.0235149559717334
2026-06-01,2026-06-01 11:40:16,V019,116.0,0.9999881306307187
2026-06-01,2026-06-01 11:40:17,V019,116.0,0.9983213203360001
2026-06-01,2026-06-01 11:40:18,V019,116.0,1.0583815486691748
2026-06-01,2026-06-01 11:40:19,V019,116.0,0.9918232864924872
2026-06-01,2026-06-01 11:40:20,V019,116.0,1.0135885297137401
2026-06-01,2026-06-01 11:40:21,V019,116.0,1.0160867463231897
2026-06-01,2026-06-01 11:40:22,V019,116.0,1.029557236552316
2026-06-01,2026-06-01 11:40:23,V019,116.0,1.0200844367657729
2026-06-01,2026-06-01 11:40:24,V019,116.0,0.9929674295490293
2026-06-01,2026-06-01 11:40:25,V019,115.0,0.9660974303504536
2026-06-01,2026-06-01 11:40:26,V019,115.0,1.0199500522793494
2026-06-01,2026-06-01 11:40:27,V019,115.0,1.0061771518643154
2026-06-01,2026-06-01 11:40:28,V019,116.0,0.9742390615688448
2026-06-01,2026-06-01 11:40:29,V019,116.0,1.0122129385154632
2026-06-01,2026-06-01 11:40:30,V019,116.0,0.9979641522743135
2026-06-01,2026-06-01 11:40:31,V019,116.0,0.99041568697872
2026-06-01,2026-06-01 11:40:32,V019,117.0,0.9938985765856696
2026-06-01,2026-06-01 11:40:33,V019,117.0,0.9935369071730861
2026-06-01,2026-06-01 11:40:34,V019,117.0,1.0020721406246424
2026-06-01,2026-06-01 11:40:35,V019,118.0,0.9955605983778909
2026-06-01,2026-06-01 11:40:36,V019,118.0,1.0340876325228476
2026-06-01,2026-06-01 11:40:37,V019,119.0,1.0419293507437013
2026-06-01,2026-06-01 11:40:38,V019,119.0,0.9971536099227545
2026-06-01,2026-06-01 11:40:39,V019,119.0,0.9838838743684003
2026-06-01,2026-06-01 11:40:40,V019,120.0,1.0148046202483993
2026-06-01,2026-06-01 11:40:41,V019,120.0,0.9947359872995616
2026-06-01,2026-06-01 11:40:42,V019,121.0,1.0002982574428372
2026-06-01,2026-06-01 11:40:43,V019,121.0,1.003260663703934
2026-06-01,2026-06-01 11:40:44,V019,121.0,0.9944421265085737
2026-06-01,2026-06-01 11:40:45,V019,121.0,1.0069223426129803
2026-06-01,2026-06-01 11:40:46,V019,121.0,0.9939508857107733
2026-06-01,2026-06-01 11:40:47,V019,121.0,0.9998053368207509
2026-06-01,2026-06-01 11:40:48,V019,121.0,0.9946026764950455
2026-06-01,2026-06-01 11:40:49,V019,120.0,0.9953710376859018
2026-06-01,2026-06-01 11:40:50,V019,118.0,0.999668571122309
2026-06-01,2026-06-01 11:40:51,V019,117.0,0.9857051415829307
2026-06-01,2026-06-01 11:40:52,V019,117.0,1.0206542650181087
2026-06-01,2026-06-01 11:40:53,V019,116.0,1.0332440470925548
2026-06-01,2026-06-01 11:40:54,V019,115.0,1.003945862583743
2026-06-01,2026-06-01 11:40:55,V019,114.0,1.0334525928498484
2026-06-01,2026-06-01 11:40:56,V019,113.0,1.0241754378278556
2026-06-01,2026-06-01 11:40:57,V019,113.0,1.0775074997266187
2026-06-01,2026-06-01 11:40:58,V019,115.0,1.074481762184739
2026-06-01,2026-06-01 11:40:59,V019,116.0,0.9988735812981484
2026-06-01,2026-06-01 11:41:00,V019,116.0,0.9756833563292326
2026-06-01,2026-06-01 11:41:01,V019,117.0,1.0256542210600306
2026-06-01,2026-06-01 11:41:02,V019,118.0,1.0469564382781062
2026-06-01,2026-06-01 11:41:03,V019,119.0,1.0007552174105474
2026-06-01,2026-06-01 11:41:04,V019,119.0,0.9990495247247755
2026-06-01,2026-06-01 11:41:05,V019,119.0,1.0643503935965997
2026-06-01,2026-06-01 11:41:06,V019,119.0,0.9630801043889397
2026-06-01,2026-06-01 11:41:07,V019,119.0,0.9989335417399066
2026-06-01,2026-06-01 11:41:08,V019,119.0,1.0019420558576317
2026-06-01,2026-06-01 11:41:09,V019,119.0,1.0011698327019263
2026-06-01,2026-06-01 11:41:10,V019,118.0,1.106765973001771
2026-06-01,2026-06-01 11:41:11,V019,117.0,1.0148496367516566
2026-06-01,2026-06-01 11:41:12,V019,117.0,0.9918574095489192
2026-06-01,2026-06-01 11:41:13,V019,117.0,0.9975256066793308
2026-06-01,2026-06-01 11:41:14,V019,117.0,1.0044820549720535
2026-06-01,2026-06-01 11:41:15,V019,117.0,0.9848012648031497
2026-06-01,2026-06-01 11:41:16,V019,117.0,1.0104687302847337
2026-06-01,2026-06-01 11:41:17,V019,117.0,1.0119782544509266
2026-06-01,2026-06-01 11:41:18,V019,118.0,1.0135337578077752
2026-06-01,2026-06-01 11:41:19,V019,118.0,1.000142461200017
2026-06-01,2026-06-01 11:41:20,V019,119.0,1.0103409141157988
2026-06-01,2026-06-01 11:41:21,V019,119.0,0.9726958569371309
2026-06-01,2026-06-01 11:41:22,V019,117.0,0.9852056160404441
2026-06-01,2026-06-01 11:41:23,V019,116.0,1.0095956617823543
2026-06-01,2026-06-01 11:41:24,V019,116.0,1.0237272971643785
2026-06-01,2026-06-01 11:41:25,V019,116.0,0.9929421047058534
2026-06-01,2026-06-01 11:41:26,V019,115.0,1.0379469662316458
2026-06-01,2026-06-01 11:41:27,V019,115.0,1.0226808269649836
2026-06-01,2026-06-01 11:41:28,V019,114.0,1.0327978024935391
2026-06-01,2026-06-01 11:41:29,V019,114.0,1.0220127071980916
2026-06-01,2026-06-01 11:41:30,V019,114.0,1.0257738933212386
2026-06-01,2026-06-01 11:41:31,V019,114.0,1.0558644855001522
2026-06-01,2026-06-01 11:41:32,V019,114.0,0.9898142934799442
2026-06-01,2026-06-01 11:41:33,V019,114.0,0.9915322123634006
2026-06-01,2026-06-01 11:41:34,V019,114.0,0.9897823120818934
2026-06-01,2026-06-01 11:41:35,V019,113.0,1.0113048192908127
2026-06-01,2026-06-01 11:41:36,V019,113.0,0.9881284043058899
2026-06-01,2026-06-01 11:41:37,V019,112.0,0.9928560707736998
2026-06-01,2026-06-01 11:41:38,V019,111.0,0.966043702700273
2026-06-01,2026-06-01 11:41:39,V019,111.0,0.9851276649247329
2026-06-01,2026-06-01 11:41:40,V019,111.0,1.0028369642375436
2026-06-01,2026-06-01 11:41:41,V019,110.0,0.9766502389067431
2026-06-01,2026-06-01 11:41:42,V019,110.0,1.0079020658841624
2026-06-01,2026-06-01 11:41:43,V019,111.0,0.9810987243396135
2026-06-01,2026-06-01 11:41:44,V019,111.0,0.9855296603880844
2026-06-01,2026-06-01 11:41:45,V019,111.0,0.975409895577696
2026-06-01,2026-06-01 11:41:46,V019,112.0,0.9822906186341804
2026-06-01,2026-06-01 11:41:47,V019,112.0,0.9847682534864636
2026-06-01,2026-06-01 11:41:48,V019,112.0,0.971823726089966
2026-06-01,2026-06-01 11:41:49,V019,112.0,0.9975660952936288
2026-06-01,2026-06-01 11:41:50,V019,112.0,0.9805174004162529
2026-06-01,2026-06-01 11:41:51,V019,112.0,0.9831793442814026
2026-06-01,2026-06-01 11:41:52,V019,112.0,1.000685982526252
2026-06-01,2026-06-01 11:41:53,V019,113.0,0.9777637903911882
2026-06-01,2026-06-01 11:41:54,V019,114.0,0.9957271738338006
2026-06-01,2026-06-01 11:41:55,V019,114.0,0.9749922240119469
2026-06-01,2026-06-01 11:41:56,V019,115.0,0.9855219273576404
2026-06-01,2026-06-01 11:41:57,V019,116.0,0.9797932879540721
2026-06-01,2026-06-01 11:41:58,V019,116.0,0.9749356964495427
2026-06-01,2026-06-01 11:41:59,V019,116.0,0.9844755836136856
2026-06-01,2026-06-01 11:42:00,V019,116.0,0.9791466502865239
2026-06-01,2026-06-01 11:42:01,V019,115.0,0.9824589449862391
2026-06-01,2026-06-01 11:42:02,V019,114.0,1.0207927046921368
2026-06-01,2026-06-01 11:42:03,V019,113.0,0.9824619013006078
2026-06-01,2026-06-01 11:42:04,V019,113.0,0.9746656616216423
2026-06-01,2026-06-01 11:42:05,V019,113.0,1.024987824633019
2026-06-01,2026-06-01 11:42:06,V019,113.0,1.0438828620475957
2026-06-01,2026-06-01 11:42:07,V019,114.0,0.979505016169599
2026-06-01,2026-06-01 11:42:08,V019,114.0,1.06774841982734
2026-06-01,2026-06-01 11:42:09,V019,114.0,0.9724035088605132
2026-06-01,2026-06-01 11:42:10,V019,115.0,1.0087699772277647
2026-06-01,2026-06-01 11:42:11,V019,115.0,0.987362873560675
2026-06-01,2026-06-01 11:42:12,V019,115.0,1.0132234261171877
2026-06-01,2026-06-01 11:42:13,V019,114.0,0.9781969639118846
2026-06-01,2026-06-01 11:42:14,V019,114.0,1.0055630205574129
2026-06-01,2026-06-01 11:42:15,V019,114.0,1.0567097380849297
2026-06-01,2026-06-01 11:42:16,V019,114.0,1.0218772465866703
2026-06-01,2026-06-01 11:42:17,V019,113.0,1.0335203205419419
2026-06-01,2026-06-01 11:42:18,V019,114.0,1.0047128625033825
2026-06-01,2026-06-01 11:42:19,V019,114.0,1.0342604516558396
2026-06-01,2026-06-01 11:42:20,V019,114.0,1.016958844091293
2026-06-01,2026-06-01 11:42:21,V019,115.0,0.9779391394878568
2026-06-01,2026-06-01 11:42:22,V019,115.0,1.040854642510552
2026-06-01,2026-06-01 11:42:23,V019,115.0,1.0065093380587191
2026-06-01,2026-06-01 11:42:24,V019,115.0,1.042948554187229
2026-06-01,2026-06-01 11:42:25,V019,115.0,1.015967791539585
2026-06-01,2026-06-01 11:42:26,V019,116.0,1.0176371336480878
2026-06-01,2026-06-01 11:42:27,V019,116.0,1.030425019465547
2026-06-01,2026-06-01 11:42:28,V019,117.0,1.0041043672160037
2026-06-01,2026-06-01 11:42:29,V019,117.0,0.9635499772657236
2026-06-01,2026-06-01 11:42:30,V019,117.0,1.0382563777108926
2026-06-01,2026-06-01 11:42:31,V019,118.0,1.0439980797281212
2026-06-01,2026-06-01 11:42:32,V019,118.0,0.9877623453209315
2026-06-01,2026-06-01 11:42:33,V019,118.0,1.0237723689252047
2026-06-01,2026-06-01 11:42:34,V019,119.0,1.0258357601965382
2026-06-01,2026-06-01 11:42:35,V019,120.0,0.9708697016948987
2026-06-01,2026-06-01 11:42:36,V019,120.0,1.022642007758293
2026-06-01,2026-06-01 11:42:37,V019,120.0,1.0327405181808778
2026-06-01,2026-06-01 11:42:38,V019,121.0,1.01087831647776
2026-06-01,2026-06-01 11:42:39,V019,121.0,0.9945751171143787
2026-06-01,2026-06-01 11:42:40,V019,121.0,0.9856978442171463
2026-06-01,2026-06-01 11:42:41,V019,121.0,1.0526362201689499
2026-06-01,2026-06-01 11:42:42,V019,120.0,1.1085143146802654
2026-06-01,2026-06-01 11:42:43,V019,120.0,1.0075544722233525
2026-06-01,2026-06-01 11:42:44,V019,120.0,1.0968295916600026
2026-06-01,2026-06-01 11:42:45,V019,120.0,1.1116081200367811
2026-06-01,2026-06-01 11:42:46,V019,120.0,1.1698261987894942
2026-06-01,2026-06-01 11:42:47,V019,120.0,0.9823453128815486
2026-06-01,2026-06-01 11:42:48,V019,119.0,1.1957026704180396
2026-06-01,2026-06-01 11:42:49,V019,118.0,1.2555619819027797
2026-06-01,2026-06-01 11:42:50,V019,118.0,1.0765626554258114
2026-06-01,2026-06-01 11:42:51,V019,117.0,0.9731873666000291
2026-06-01,2026-06-01 11:42:52,V019,115.0,1.0813500048430145
2026-06-01,2026-06-01 11:42:53,V019,115.0,1.0523854284790646
2026-06-01,2026-06-01 11:42:54,V019,115.0,1.008010738404746
2026-06-01,2026-06-01 11:42:55,V019,115.0,0.937740498978155
2026-06-01,2026-06-01 11:42:56,V019,116.0,1.1840205325653308
2026-06-01,2026-06-01 11:42:57,V019,117.0,1.0518900935270061
2026-06-01,2026-06-01 11:42:58,V019,118.0,0.9998737445706843
2026-06-01,2026-06-01 11:42:59,V019,119.0,0.9923340875004318
2026-06-01,2026-06-01 11:43:00,V019,119.0,1.0018133125988478
2026-06-01,2026-06-01 11:43:01,V019,119.0,0.9952938897822922
2026-06-01,2026-06-01 11:43:02,V019,119.0,0.9992688101084968
2026-06-01,2026-06-01 11:43:03,V019,119.0,1.0003185717457166
2026-06-01,2026-06-01 11:43:04,V019,119.0,0.9992678350638009
2026-06-01,2026-06-01 11:43:05,V019,119.0,0.998193459580495
2026-06-01,2026-06-01 11:43:06,V019,119.0,0.9515906914697447
2026-06-01,2026-06-01 11:43:07,V019,120.0,0.9994107496036269
2026-06-01,2026-06-01 11:43:08,V019,120.0,0.9974838186380471
2026-06-01,2026-06-01 11:43:09,V019,120.0,0.9980689687032154
2026-06-01,2026-06-01 11:43:10,V019,120.0,1.0119038779724294
2026-06-01,2026-06-01 11:43:11,V019,120.0,0.9970924264966634
2026-06-01,2026-06-01 11:43:12,V019,120.0,0.9933536424062049
2026-06-01,2026-06-01 11:43:13,V019,121.0,1.0086632941474243
2026-06-01,2026-06-01 11:43:14,V019,121.0,0.9975906107972927
2026-06-01,2026-06-01 11:43:15,V019,122.0,1.0027264214171991
2026-06-01,2026-06-01 11:43:16,V019,122.0,1.0005553928346065
2026-06-01,2026-06-01 11:43:17,V019,121.0,1.0013728363736623
2026-06-01,2026-06-01 11:43:18,V019,121.0,0.9946961047431084
2026-06-01,2026-06-01 11:43:19,V019,120.0,0.9940171196064737
2026-06-01,2026-06-01 11:43:20,V019,120.0,1.0082041983669143
2026-06-01,2026-06-01 11:43:21,V019,119.0,0.9932013237272521
2026-06-01,2026-06-01 11:43:22,V019,118.0,0.9944798229877649
2026-06-01,2026-06-01 11:43:23,V019,118.0,0.9916225160668855
2026-06-01,2026-06-01 11:43:24,V019,118.0,1.0317214643677965
2026-06-01,2026-06-01 11:43:25,V019,119.0,1.002188722280048
2026-06-01,2026-06-01 11:43:26,V019,119.0,0.9931856646999859
2026-06-01,2026-06-01 11:43:27,V019,118.0,1.0018733053887976
2026-06-01,2026-06-01 11:43:28,V019,118.0,0.9801785134448354
2026-06-01,2026-06-01 11:43:29,V019,118.0,0.999425490628276
2026-06-01,2026-06-01 11:43:30,V019,118.0,0.9979460812821005
2026-06-01,2026-06-01 11:43:31,V019,117.0,0.9972619736756752
2026-06-01,2026-06-01 11:43:32,V019,117.0,0.9946150180370876
2026-06-01,2026-06-01 11:43:33,V019,117.0,0.9965208087606995
2026-06-01,2026-06-01 11:43:34,V019,117.0,0.985533895750881
2026-06-01,2026-06-01 11:43:35,V019,117.0,0.9981591236139022
2026-06-01,2026-06-01 11:43:36,V019,117.0,0.9665016978215669
2026-06-01,2026-06-01 11:43:37,V019,117.0,1.0229560890534137
2026-06-01,2026-06-01 11:43:38,V019,117.0,0.995378845631104
2026-06-01,2026-06-01 11:43:39,V019,117.0,1.0012784899650513
2026-06-01,2026-06-01 11:43:40,V019,118.0,0.9832234287613518
2026-06-01,2026-06-01 11:43:41,V019,118.0,1.0000390685391152
2026-06-01,2026-06-01 11:43:42,V019,118.0,0.9967116376255182
2026-06-01,2026-06-01 11:43:43,V019,118.0,0.998836425445188
2026-06-01,2026-06-01 11:43:44,V019,117.0,1.0004555020194583
2026-06-01,2026-06-01 11:43:45,V019,117.0,0.9964126141918855
2026-06-01,2026-06-01 11:43:46,V019,117.0,1.0122681670182463
2026-06-01,2026-06-01 11:43:47,V019,117.0,0.9984397236421454
2026-06-01,2026-06-01 11:43:48,V019,117.0,0.9898495606194946
2026-06-01,2026-06-01 11:43:49,V019,117.0,0.9979935565495273
2026-06-01,2026-06-01 11:43:50,V019,117.0,0.9991220359530075
2026-06-01,2026-06-01 11:43:51,V019,116.0,0.9993438426239345
2026-06-01,2026-06-01 11:43:52,V019,115.0,1.0010322345092457
2026-06-01,2026-06-01 11:43:53,V019,114.0,0.9992170252175973
2026-06-01,2026-06-01 11:43:54,V019,113.0,0.9995173714003016
2026-06-01,2026-06-01 11:43:55,V019,113.0,1.00499773640211
2026-06-01,2026-06-01 11:43:56,V019,113.0,0.9948830915785513
2026-06-01,2026-06-01 11:43:57,V019,113.0,0.999381264576179
2026-06-01,2026-06-01 11:43:58,V019,113.0,1.0021413738293459
2026-06-01,2026-06-01 11:43:59,V019,113.0,1.0023960199147415
2026-06-01,2026-06-01 11:44:00,V019,113.0,0.9989717996276541
2026-06-01,2026-06-01 11:44:01,V019,113.0,0.9957119583162756
2026-06-01,2026-06-01 11:44:02,V019,113.0,1.001384550113896
2026-06-01,2026-06-01 11:44:03,V019,113.0,0.9951076268089045
2026-06-01,2026-06-01 11:44:04,V019,112.0,0.9907191489754534
2026-06-01,2026-06-01 11:44:05,V019,112.0,0.9993000062845149
2026-06-01,2026-06-01 11:44:06,V019,110.0,0.9847837885831493
2026-06-01,2026-06-01 11:44:07,V019,109.0,1.0066740238847935
2026-06-01,2026-06-01 11:44:08,V019,109.0,0.9960470373136795
2026-06-01,2026-06-01 11:44:09,V019,108.0,1.0015205974218595
2026-06-01,2026-06-01 11:44:10,V019,108.0,0.996129979734452
2026-06-01,2026-06-01 11:44:11,V019,108.0,0.9941972224829205
2026-06-01,2026-06-01 11:44:12,V019,108.0,1.0009773800176034
2026-06-01,2026-06-01 11:44:13,V019,108.0,0.9938153892496104
2026-06-01,2026-06-01 11:44:14,V019,108.0,0.9943674025463658
2026-06-01,2026-06-01 11:44:15,V019,108.0,0.9960240787854773
2026-06-01,2026-06-01 11:44:16,V019,108.0,0.9992500892468905
2026-06-01,2026-06-01 11:44:17,V019,108.0,0.9926856519738856
2026-06-01,2026-06-01 11:44:18,V019,108.0,1.000564881176609
2026-06-01,2026-06-01 11:44:19,V019,109.0,0.9980524512726794
2026-06-01,2026-06-01 11:44:20,V019,109.0,0.9985321668889967
2026-06-01,2026-06-01 11:44:21,V019,109.0,0.9966808068755253
2026-06-01,2026-06-01 11:44:22,V019,109.0,0.9981048346178734
2026-06-01,2026-06-01 11:44:23,V019,109.0,0.9977091124718608
2026-06-01,2026-06-01 11:44:24,V019,109.0,0.999094785016297
2026-06-01,2026-06-01 11:44:25,V019,109.0,0.9972784788525577
2026-06-01,2026-06-01 11:44:26,V019,109.0,0.9974655393788775
2026-06-01,2026-06-01 11:44:27,V019,109.0,1.0022475943679423
2026-06-01,2026-06-01 11:44:28,V019,109.0,0.9996344341864504
2026-06-01,2026-06-01 11:44:29,V019,109.0,0.99898971320863
2026-06-01,2026-06-01 11:44:30,V019,108.0,0.9984182662221192
2026-06-01,2026-06-01 11:44:31,V019,108.0,0.9971954651279638
2026-06-01,2026-06-01 11:44:32,V019,107.0,0.9989772708718142
2026-06-01,2026-06-01 11:44:33,V019,107.0,0.9974698020315026
2026-06-01,2026-06-01 11:44:34,V019,107.0,0.99750991612566
2026-06-01,2026-06-01 11:44:35,V019,106.0,0.9989764643066039
2026-06-01,2026-06-01 11:44:36,V019,106.0,1.0012598005713822
2026-06-01,2026-06-01 11:44:37,V019,107.0,0.9914534546116164
2026-06-01,2026-06-01 11:44:38,V019,108.0,1.0074364947326624
2026-06-01,2026-06-01 11:44:39,V019,108.0,0.9929771215127401
2026-06-01,2026-06-01 11:44:40,V019,108.0,0.9988870856087178
2026-06-01,2026-06-01 11:44:41,V019,108.0,1.0014553227206746
2026-06-01,2026-06-01 11:44:42,V019,109.0,0.999271816433114
2026-06-01,2026-06-01 11:44:43,V019,109.0,0.9932692285090168
2026-06-01,2026-06-01 11:44:44,V019,109.0,0.995719753798422
2026-06-01,2026-06-01 11:44:45,V019,109.0,0.9962709044171157
2026-06-01,2026-06-01 11:44:46,V019,108.0,0.9982179282279198
2026-06-01,2026-06-01 11:44:47,V019,108.0,0.9996010501367044
2026-06-01,2026-06-01 11:44:48,V019,107.0,0.9932202112084542
2026-06-01,2026-06-01 11:44:49,V019,107.0,0.9960973007550259
2026-06-01,2026-06-01 11:44:50,V019,107.0,0.9994231683204847
2026-06-01,2026-06-01 11:44:51,V019,107.0,0.997383692495826
2026-06-01,2026-06-01 11:44:52,V019,106.0,1.0053433524681168
2026-06-01,2026-06-01 11:44:53,V019,106.0,1.0027058103192497
2026-06-01,2026-06-01 11:44:54,V019,106.0,1.0010550326713659
2026-06-01,2026-06-01 11:44:55,V019,107.0,1.002829496467964
2026-06-01,2026-06-01 11:44:56,V019,107.0,0.9983111482230282
2026-06-01,2026-06-01 11:44:57,V019,108.0,1.0003238000273396
2026-06-01,2026-06-01 11:44:58,V019,108.0,0.9971676711027603
2026-06-01,2026-06-01 11:44:59,V019,109.0,0.9977756338713483
2026-06-01,2026-06-01 11:45:00,V019,109.0,0.9973941534859462
2026-06-01,2026-06-01 11:45:01,V019,110.0,0.9993024762983348
2026-06-01,2026-06-01 11:45:02,V019,110.0,1.001568300565965
2026-06-01,2026-06-01 11:45:03,V019,110.0,0.9972142392895524
2026-06-01,2026-06-01 11:45:04,V019,110.0,0.9987415203181496
2026-06-01,2026-06-01 11:45:05,V019,110.0,1.0008924369147079
2026-06-01,2026-06-01 11:45:06,V019,110.0,0.9971366669926596
2026-06-01,2026-06-01 11:45:07,V019,110.0,0.9969989015072049
2026-06-01,2026-06-01 11:45:08,V019,110.0,0.9966718497595476
2026-06-01,2026-06-01 11:45:09,V019,109.0,0.9920092502919557
2026-06-01,2026-06-01 11:45:10,V019,107.0,1.0027509833380936
2026-06-01,2026-06-01 11:45:11,V019,107.0,0.9984398620953903
2026-06-01,2026-06-01 11:45:12,V019,107.0,0.993875413277222
2026-06-01,2026-06-01 11:45:13,V019,107.0,0.998284603636293
2026-06-01,2026-06-01 11:45:14,V019,107.0,0.9988205648521148
2026-06-01,2026-06-01 11:45:15,V019,107.0,0.9989814614361967
2026-06-01,2026-06-01 11:45:16,V019,107.0,0.9975542825689435
2026-06-01,2026-06-01 11:45:17,V019,107.0,0.992910671730297
2026-06-01,2026-06-01 11:45:18,V019,108.0,0.9987280187533478
2026-06-01,2026-06-01 11:45:19,V019,108.0,0.9994283067216454
2026-06-01,2026-06-01 11:45:20,V019,108.0,0.9973558650584673
2026-06-01,2026-06-01 11:45:21,V019,108.0,0.9963486573260949
2026-06-01,2026-06-01 11:45:22,V019,107.0,0.990696482295971
2026-06-01,2026-06-01 11:45:23,V019,107.0,0.9961604242734144
2026-06-01,2026-06-01 11:45:24,V019,108.0,0.9955889318903707
2026-06-01,2026-06-01 11:45:25,V019,108.0,0.9951100426088397
2026-06-01,2026-06-01 11:45:26,V019,109.0,0.995230085112058
2026-06-01,2026-06-01 11:45:27,V019,110.0,0.9899205688410502
2026-06-01,2026-06-01 11:45:28,V019,110.0,0.997307771926447
2026-06-01,2026-06-01 11:45:29,V019,109.0,0.9982080674769378
2026-06-01,2026-06-01 11:45:30,V019,108.0,0.9976501122587964
2026-06-01,2026-06-01 11:45:31,V019,108.0,0.9987721036214647
2026-06-01,2026-06-01 11:45:32,V019,,0.9933201719172847
2026-06-01,2026-06-01 11:45:33,V019,,0.9959130252535968
