Date,Timestamp,SensorID,HeartRate,AccNorm
2026-05-25,2026-05-25 11:10:55,V027,,0.9964584490930501
2026-05-25,2026-05-25 11:10:56,V027,,0.9939380204584687
2026-05-25,2026-05-25 11:10:57,V027,,0.99458385621844
2026-05-25,2026-05-25 11:10:58,V027,83.0,0.993859665882372
2026-05-25,2026-05-25 11:10:59,V027,83.0,0.9940811691345537
2026-05-25,2026-05-25 11:11:00,V027,83.0,0.9940190795606951
2026-05-25,2026-05-25 11:11:01,V027,83.0,0.9932512532880696
2026-05-25,2026-05-25 11:11:02,V027,83.0,0.9941478300558916
2026-05-25,2026-05-25 11:11:03,V027,84.0,0.9934906306177017
2026-05-25,2026-05-25 11:11:04,V027,84.0,0.99332868129342
2026-05-25,2026-05-25 11:11:05,V027,84.0,0.9935903282464028
2026-05-25,2026-05-25 11:11:06,V027,84.0,0.9938276530655574
2026-05-25,2026-05-25 11:11:07,V027,83.0,0.9935914698494944
2026-05-25,2026-05-25 11:11:08,V027,83.0,0.993089167066326
2026-05-25,2026-05-25 11:11:09,V027,82.0,0.9934856849172583
2026-05-25,2026-05-25 11:11:10,V027,81.0,0.9929327116470263
2026-05-25,2026-05-25 11:11:11,V027,82.0,0.993290955985057
2026-05-25,2026-05-25 11:11:12,V027,82.0,0.9927484070406871
2026-05-25,2026-05-25 11:11:13,V027,82.0,0.9936358668343672
2026-05-25,2026-05-25 11:11:14,V027,83.0,0.993430942864075
2026-05-25,2026-05-25 11:11:15,V027,83.0,0.9932297118560097
2026-05-25,2026-05-25 11:11:16,V027,83.0,0.9934539639673666
2026-05-25,2026-05-25 11:11:17,V027,83.0,0.9931891506824613
2026-05-25,2026-05-25 11:11:18,V027,84.0,0.9934721954205382
2026-05-25,2026-05-25 11:11:19,V027,84.0,0.9931151573873194
2026-05-25,2026-05-25 11:11:20,V027,85.0,0.9949836157017303
2026-05-25,2026-05-25 11:11:21,V027,85.0,0.9935018746459395
2026-05-25,2026-05-25 11:11:22,V027,84.0,0.9935883436252394
2026-05-25,2026-05-25 11:11:23,V027,84.0,0.9929077400427966
2026-05-25,2026-05-25 11:11:24,V027,84.0,0.9938148076356189
2026-05-25,2026-05-25 11:11:25,V027,84.0,0.9930681913473203
2026-05-25,2026-05-25 11:11:26,V027,84.0,0.9935633026086242
2026-05-25,2026-05-25 11:11:27,V027,84.0,0.9930480573861277
2026-05-25,2026-05-25 11:11:28,V027,84.0,0.9932524808127978
2026-05-25,2026-05-25 11:11:29,V027,84.0,0.9927576519474296
2026-05-25,2026-05-25 11:11:30,V027,84.0,0.9935266115358418
2026-05-25,2026-05-25 11:11:31,V027,84.0,0.9932788114798995
2026-05-25,2026-05-25 11:11:32,V027,84.0,0.9936056010539511
2026-05-25,2026-05-25 11:11:33,V027,84.0,0.9941094104402053
2026-05-25,2026-05-25 11:11:34,V027,84.0,0.9926675175000959
2026-05-25,2026-05-25 11:11:35,V027,84.0,0.9937707159846645
2026-05-25,2026-05-25 11:11:36,V027,84.0,0.9932338065739869
2026-05-25,2026-05-25 11:11:37,V027,84.0,0.9935418126229544
2026-05-25,2026-05-25 11:11:38,V027,84.0,0.9936142696616109
2026-05-25,2026-05-25 11:11:39,V027,84.0,0.9930538490492079
2026-05-25,2026-05-25 11:11:40,V027,84.0,0.9924588736365776
2026-05-25,2026-05-25 11:11:41,V027,85.0,0.9927134671775905
2026-05-25,2026-05-25 11:11:42,V027,85.0,0.9934650403165781
2026-05-25,2026-05-25 11:11:43,V027,85.0,0.9924525865546991
2026-05-25,2026-05-25 11:11:44,V027,85.0,0.990863481811313
2026-05-25,2026-05-25 11:11:45,V027,85.0,0.9942684928273667
2026-05-25,2026-05-25 11:11:46,V027,85.0,0.9939497400025904
2026-05-25,2026-05-25 11:11:47,V027,85.0,0.9937667742374195
2026-05-25,2026-05-25 11:11:48,V027,84.0,0.9950911799178382
2026-05-25,2026-05-25 11:11:49,V027,84.0,0.9937167338219033
2026-05-25,2026-05-25 11:11:50,V027,84.0,0.9932311205683194
2026-05-25,2026-05-25 11:11:51,V027,84.0,0.9934395738428902
2026-05-25,2026-05-25 11:11:52,V027,84.0,0.994146767527232
2026-05-25,2026-05-25 11:11:53,V027,84.0,0.9928189332375196
2026-05-25,2026-05-25 11:11:54,V027,85.0,0.9927522397400204
2026-05-25,2026-05-25 11:11:55,V027,85.0,0.9931743035418781
2026-05-25,2026-05-25 11:11:56,V027,86.0,0.9936581388260995
2026-05-25,2026-05-25 11:11:57,V027,85.0,0.9929895708835608
2026-05-25,2026-05-25 11:11:58,V027,85.0,0.9925939025700344
2026-05-25,2026-05-25 11:11:59,V027,85.0,0.9937526352649112
2026-05-25,2026-05-25 11:12:00,V027,84.0,0.9935958282705396
2026-05-25,2026-05-25 11:12:01,V027,84.0,0.9924755401814235
2026-05-25,2026-05-25 11:12:02,V027,84.0,0.9934853203936443
2026-05-25,2026-05-25 11:12:03,V027,83.0,0.9939367951538681
2026-05-25,2026-05-25 11:12:04,V027,83.0,0.9944088329675025
2026-05-25,2026-05-25 11:12:05,V027,83.0,0.993335933240675
2026-05-25,2026-05-25 11:12:06,V027,83.0,0.9936729758188514
2026-05-25,2026-05-25 11:12:07,V027,83.0,0.9935523745239118
2026-05-25,2026-05-25 11:12:08,V027,83.0,0.9940486197900934
2026-05-25,2026-05-25 11:12:09,V027,83.0,0.9928544546637252
2026-05-25,2026-05-25 11:12:10,V027,83.0,0.9920498004899501
2026-05-25,2026-05-25 11:12:11,V027,84.0,0.9927545701524132
2026-05-25,2026-05-25 11:12:12,V027,84.0,0.9937506310435861
2026-05-25,2026-05-25 11:12:13,V027,85.0,0.9933325235573811
2026-05-25,2026-05-25 11:12:14,V027,86.0,0.9918641390342913
2026-05-25,2026-05-25 11:12:15,V027,85.0,0.9940351047663546
2026-05-25,2026-05-25 11:12:16,V027,85.0,0.9925515826719956
2026-05-25,2026-05-25 11:12:17,V027,85.0,0.9891346210138312
2026-05-25,2026-05-25 11:12:18,V027,85.0,0.9934246992924777
2026-05-25,2026-05-25 11:12:19,V027,86.0,0.9927740999713132
2026-05-25,2026-05-25 11:12:20,V027,86.0,0.9934401173746147
2026-05-25,2026-05-25 11:12:21,V027,87.0,0.9934492130473132
2026-05-25,2026-05-25 11:12:22,V027,88.0,0.993091611922055
2026-05-25,2026-05-25 11:12:23,V027,88.0,0.9931506043112027
2026-05-25,2026-05-25 11:12:24,V027,89.0,0.992057918917143
2026-05-25,2026-05-25 11:12:25,V027,89.0,0.9932345775750869
2026-05-25,2026-05-25 11:12:26,V027,90.0,0.993050520363354
2026-05-25,2026-05-25 11:12:27,V027,90.0,0.993556375151594
2026-05-25,2026-05-25 11:12:28,V027,89.0,0.9922925231474637
2026-05-25,2026-05-25 11:12:29,V027,89.0,0.9942108138559097
2026-05-25,2026-05-25 11:12:30,V027,89.0,0.9929152315913791
2026-05-25,2026-05-25 11:12:31,V027,88.0,0.9939089976097207
2026-05-25,2026-05-25 11:12:32,V027,88.0,0.9953657903287089
2026-05-25,2026-05-25 11:12:33,V027,88.0,0.9834666219981996
2026-05-25,2026-05-25 11:12:34,V027,87.0,0.9940245178946974
2026-05-25,2026-05-25 11:12:35,V027,87.0,0.9937227172538706
2026-05-25,2026-05-25 11:12:36,V027,88.0,0.9935075380276983
2026-05-25,2026-05-25 11:12:37,V027,88.0,0.993464050648589
2026-05-25,2026-05-25 11:12:38,V027,89.0,0.9909708591413675
2026-05-25,2026-05-25 11:12:39,V027,89.0,0.9928756822401557
2026-05-25,2026-05-25 11:12:40,V027,89.0,0.9939449244343279
2026-05-25,2026-05-25 11:12:41,V027,89.0,0.9939678837840757
2026-05-25,2026-05-25 11:12:42,V027,89.0,0.9930409764741157
2026-05-25,2026-05-25 11:12:43,V027,89.0,0.9923697577760691
2026-05-25,2026-05-25 11:12:44,V027,89.0,0.9937062258651648
2026-05-25,2026-05-25 11:12:45,V027,89.0,0.9926535599704123
2026-05-25,2026-05-25 11:12:46,V027,90.0,0.9931075207538131
2026-05-25,2026-05-25 11:12:47,V027,90.0,0.9926108053702088
2026-05-25,2026-05-25 11:12:48,V027,90.0,0.9928672600670575
2026-05-25,2026-05-25 11:12:49,V027,91.0,0.9931679831410674
2026-05-25,2026-05-25 11:12:50,V027,92.0,0.9937042121781449
2026-05-25,2026-05-25 11:12:51,V027,91.0,0.9925782342255332
2026-05-25,2026-05-25 11:12:52,V027,91.0,0.9936222889365186
2026-05-25,2026-05-25 11:12:53,V027,90.0,0.9935858961024714
2026-05-25,2026-05-25 11:12:54,V027,90.0,0.9922879275252983
2026-05-25,2026-05-25 11:12:55,V027,90.0,0.993349101436815
2026-05-25,2026-05-25 11:12:56,V027,90.0,0.9921652963583224
2026-05-25,2026-05-25 11:12:57,V027,90.0,0.9935578952348456
2026-05-25,2026-05-25 11:12:58,V027,90.0,0.9936649973367757
2026-05-25,2026-05-25 11:12:59,V027,90.0,0.9928443748767576
2026-05-25,2026-05-25 11:13:00,V027,90.0,0.9941644012859444
2026-05-25,2026-05-25 11:13:01,V027,89.0,0.9929066815332722
2026-05-25,2026-05-25 11:13:02,V027,89.0,0.9914487331449741
2026-05-25,2026-05-25 11:13:03,V027,89.0,0.99399332731263
2026-05-25,2026-05-25 11:13:04,V027,89.0,0.9936287558688705
2026-05-25,2026-05-25 11:13:05,V027,89.0,0.9919695382233278
2026-05-25,2026-05-25 11:13:06,V027,89.0,0.9929251968824298
2026-05-25,2026-05-25 11:13:07,V027,89.0,0.9933655838989099
2026-05-25,2026-05-25 11:13:08,V027,89.0,0.9930039847214026
2026-05-25,2026-05-25 11:13:09,V027,89.0,0.9933022140462695
2026-05-25,2026-05-25 11:13:10,V027,89.0,0.9933432723982919
2026-05-25,2026-05-25 11:13:11,V027,89.0,0.9927653230523366
2026-05-25,2026-05-25 11:13:12,V027,89.0,0.9931062262374479
2026-05-25,2026-05-25 11:13:13,V027,89.0,0.9928045120261391
2026-05-25,2026-05-25 11:13:14,V027,89.0,0.9932212704861669
2026-05-25,2026-05-25 11:13:15,V027,89.0,0.9929849866546299
2026-05-25,2026-05-25 11:13:16,V027,89.0,0.9929851321033568
2026-05-25,2026-05-25 11:13:17,V027,89.0,0.9933018170376267
2026-05-25,2026-05-25 11:13:18,V027,89.0,0.9954325926703175
2026-05-25,2026-05-25 11:13:19,V027,89.0,0.9940626843656374
2026-05-25,2026-05-25 11:13:20,V027,88.0,0.9925475633826618
2026-05-25,2026-05-25 11:13:21,V027,88.0,0.9931881637965521
2026-05-25,2026-05-25 11:13:22,V027,88.0,0.9927306899805564
2026-05-25,2026-05-25 11:13:23,V027,88.0,0.9932036813673863
2026-05-25,2026-05-25 11:13:24,V027,88.0,0.9938083918444341
2026-05-25,2026-05-25 11:13:25,V027,88.0,0.9933295074123489
2026-05-25,2026-05-25 11:13:26,V027,88.0,0.9942462371580635
2026-05-25,2026-05-25 11:13:27,V027,88.0,0.9933502262183564
2026-05-25,2026-05-25 11:13:28,V027,87.0,0.9940435011661173
2026-05-25,2026-05-25 11:13:29,V027,87.0,0.9933312682447402
2026-05-25,2026-05-25 11:13:30,V027,86.0,0.9944640490585135
2026-05-25,2026-05-25 11:13:31,V027,85.0,0.9929336933256947
2026-05-25,2026-05-25 11:13:32,V027,84.0,0.9947643654474524
2026-05-25,2026-05-25 11:13:33,V027,85.0,0.9937277080720797
2026-05-25,2026-05-25 11:13:34,V027,85.0,0.994063358718271
2026-05-25,2026-05-25 11:13:35,V027,85.0,0.9933728211885067
2026-05-25,2026-05-25 11:13:36,V027,85.0,0.9936430264942616
2026-05-25,2026-05-25 11:13:37,V027,85.0,0.9943454408906587
2026-05-25,2026-05-25 11:13:38,V027,86.0,0.9940294631491281
2026-05-25,2026-05-25 11:13:39,V027,86.0,0.9936260210317
2026-05-25,2026-05-25 11:13:40,V027,86.0,0.9935254410500004
2026-05-25,2026-05-25 11:13:41,V027,86.0,0.9944656306169976
2026-05-25,2026-05-25 11:13:42,V027,86.0,0.9938663306789411
2026-05-25,2026-05-25 11:13:43,V027,86.0,0.9947693855135539
2026-05-25,2026-05-25 11:13:44,V027,86.0,0.994072509557939
2026-05-25,2026-05-25 11:13:45,V027,86.0,0.9952092638531808
2026-05-25,2026-05-25 11:13:46,V027,86.0,0.9936100910464302
2026-05-25,2026-05-25 11:13:47,V027,87.0,0.9940315048880367
2026-05-25,2026-05-25 11:13:48,V027,87.0,0.9939423975024091
2026-05-25,2026-05-25 11:13:49,V027,87.0,0.9938232464974937
2026-05-25,2026-05-25 11:13:50,V027,87.0,0.9936258671598537
2026-05-25,2026-05-25 11:13:51,V027,87.0,0.994443107008052
2026-05-25,2026-05-25 11:13:52,V027,88.0,0.9941084093288286
2026-05-25,2026-05-25 11:13:53,V027,88.0,0.9948103741178894
2026-05-25,2026-05-25 11:13:54,V027,88.0,0.9937925339215099
2026-05-25,2026-05-25 11:13:55,V027,88.0,0.9944217706208047
2026-05-25,2026-05-25 11:13:56,V027,88.0,0.9941485061712858
2026-05-25,2026-05-25 11:13:57,V027,89.0,0.9938817858823892
2026-05-25,2026-05-25 11:13:58,V027,89.0,0.9939869747376646
2026-05-25,2026-05-25 11:13:59,V027,90.0,0.9943440277348061
2026-05-25,2026-05-25 11:14:00,V027,90.0,0.9944899139300434
2026-05-25,2026-05-25 11:14:01,V027,90.0,0.9941028613610935
2026-05-25,2026-05-25 11:14:02,V027,90.0,0.9943598077830393
2026-05-25,2026-05-25 11:14:03,V027,89.0,0.9952360905196805
2026-05-25,2026-05-25 11:14:04,V027,88.0,0.9949818146140572
2026-05-25,2026-05-25 11:14:05,V027,88.0,0.9971988438546555
2026-05-25,2026-05-25 11:14:06,V027,88.0,0.9883386790859777
2026-05-25,2026-05-25 11:14:07,V027,88.0,0.9929740162080044
2026-05-25,2026-05-25 11:14:08,V027,88.0,0.9944858354689297
2026-05-25,2026-05-25 11:14:09,V027,88.0,0.9922803153928261
2026-05-25,2026-05-25 11:14:10,V027,88.0,0.9946645695175239
2026-05-25,2026-05-25 11:14:11,V027,88.0,0.9936534295597207
2026-05-25,2026-05-25 11:14:12,V027,88.0,0.9938750652899114
2026-05-25,2026-05-25 11:14:13,V027,88.0,0.9936803796002771
2026-05-25,2026-05-25 11:14:14,V027,88.0,0.9927738464815121
2026-05-25,2026-05-25 11:14:15,V027,88.0,0.9931458256249642
2026-05-25,2026-05-25 11:14:16,V027,88.0,0.9950076205509769
2026-05-25,2026-05-25 11:14:17,V027,88.0,0.9942536148969172
2026-05-25,2026-05-25 11:14:18,V027,89.0,0.9941836263079483
2026-05-25,2026-05-25 11:14:19,V027,89.0,0.9940483986208204
2026-05-25,2026-05-25 11:14:20,V027,88.0,0.9948674704333648
2026-05-25,2026-05-25 11:14:21,V027,88.0,0.9946442723221555
2026-05-25,2026-05-25 11:14:22,V027,88.0,0.9946363579678781
2026-05-25,2026-05-25 11:14:23,V027,88.0,0.9908259829740357
2026-05-25,2026-05-25 11:14:24,V027,88.0,0.9966116081306272
2026-05-25,2026-05-25 11:14:25,V027,89.0,0.9936826323965924
2026-05-25,2026-05-25 11:14:26,V027,89.0,0.9970562422330431
2026-05-25,2026-05-25 11:14:27,V027,89.0,0.9899166333023579
2026-05-25,2026-05-25 11:14:28,V027,89.0,0.9943486147463306
2026-05-25,2026-05-25 11:14:29,V027,89.0,0.9947058459571584
2026-05-25,2026-05-25 11:14:30,V027,89.0,0.9934316200353968
2026-05-25,2026-05-25 11:14:31,V027,89.0,0.99516480295923
2026-05-25,2026-05-25 11:14:32,V027,89.0,0.9932768576339122
2026-05-25,2026-05-25 11:14:33,V027,89.0,0.9983241665929823
2026-05-25,2026-05-25 11:14:34,V027,89.0,0.9961953107632641
2026-05-25,2026-05-25 11:14:35,V027,88.0,0.9958680330749842
2026-05-25,2026-05-25 11:14:36,V027,88.0,0.9979921485709441
2026-05-25,2026-05-25 11:14:37,V027,87.0,0.9902158923787202
2026-05-25,2026-05-25 11:14:38,V027,87.0,0.9895541585140936
2026-05-25,2026-05-25 11:14:39,V027,87.0,1.0004589692811883
2026-05-25,2026-05-25 11:14:40,V027,88.0,0.9906351400059316
2026-05-25,2026-05-25 11:14:41,V027,88.0,0.9981925739729433
2026-05-25,2026-05-25 11:14:42,V027,88.0,0.9969576060957493
2026-05-25,2026-05-25 11:14:43,V027,88.0,0.9954936203195255
2026-05-25,2026-05-25 11:14:44,V027,89.0,0.9938697302441671
2026-05-25,2026-05-25 11:14:45,V027,89.0,0.9920749690547015
2026-05-25,2026-05-25 11:14:46,V027,90.0,0.9913183249051762
2026-05-25,2026-05-25 11:14:47,V027,90.0,0.9948236135488646
2026-05-25,2026-05-25 11:14:48,V027,90.0,0.9900768345320544
2026-05-25,2026-05-25 11:14:49,V027,90.0,0.9936387128458799
2026-05-25,2026-05-25 11:14:50,V027,91.0,0.9937702439620943
2026-05-25,2026-05-25 11:14:51,V027,91.0,1.0086852096450847
2026-05-25,2026-05-25 11:14:52,V027,91.0,0.9950781865175772
2026-05-25,2026-05-25 11:14:53,V027,91.0,0.9943641315216243
2026-05-25,2026-05-25 11:14:54,V027,91.0,0.9939723524074117
2026-05-25,2026-05-25 11:14:55,V027,91.0,0.9946743231019277
2026-05-25,2026-05-25 11:14:56,V027,91.0,0.994509479316082
2026-05-25,2026-05-25 11:14:57,V027,91.0,1.001024561825619
2026-05-25,2026-05-25 11:14:58,V027,91.0,0.9937678575866855
2026-05-25,2026-05-25 11:14:59,V027,90.0,0.9932723792089255
2026-05-25,2026-05-25 11:15:00,V027,90.0,0.9944322986215138
2026-05-25,2026-05-25 11:15:01,V027,90.0,0.993831506550431
2026-05-25,2026-05-25 11:15:02,V027,91.0,0.9950956564631666
2026-05-25,2026-05-25 11:15:03,V027,91.0,0.9954085791438797
2026-05-25,2026-05-25 11:15:04,V027,91.0,1.0025806633149645
2026-05-25,2026-05-25 11:15:05,V027,91.0,0.9944591253328678
2026-05-25,2026-05-25 11:15:06,V027,91.0,0.9910858288851156
2026-05-25,2026-05-25 11:15:07,V027,91.0,0.9947695987533939
2026-05-25,2026-05-25 11:15:08,V027,91.0,0.9962188973698604
2026-05-25,2026-05-25 11:15:09,V027,91.0,0.9926396157424782
2026-05-25,2026-05-25 11:15:10,V027,91.0,0.9923923075487114
2026-05-25,2026-05-25 11:15:11,V027,90.0,0.9933297561233028
2026-05-25,2026-05-25 11:15:12,V027,90.0,0.994364822502525
2026-05-25,2026-05-25 11:15:13,V027,90.0,0.9943297307323185
2026-05-25,2026-05-25 11:15:14,V027,90.0,0.9947034514247746
2026-05-25,2026-05-25 11:15:15,V027,89.0,0.9874863786856047
2026-05-25,2026-05-25 11:15:16,V027,89.0,0.9961931352485862
2026-05-25,2026-05-25 11:15:17,V027,89.0,0.9855357761911107
2026-05-25,2026-05-25 11:15:18,V027,89.0,1.001848870874049
2026-05-25,2026-05-25 11:15:19,V027,90.0,0.9995106338046381
2026-05-25,2026-05-25 11:15:20,V027,90.0,0.9861373491188646
2026-05-25,2026-05-25 11:15:21,V027,90.0,0.9940091754143237
2026-05-25,2026-05-25 11:15:22,V027,91.0,0.9931215231245042
2026-05-25,2026-05-25 11:15:23,V027,91.0,0.9961011799847962
2026-05-25,2026-05-25 11:15:24,V027,92.0,0.9941823648402819
2026-05-25,2026-05-25 11:15:25,V027,92.0,0.9942406041290639
2026-05-25,2026-05-25 11:15:26,V027,91.0,0.9976274813832531
2026-05-25,2026-05-25 11:15:27,V027,91.0,1.0481523566526194
2026-05-25,2026-05-25 11:15:28,V027,91.0,1.0258003132120745
2026-05-25,2026-05-25 11:15:29,V027,91.0,1.0097527183425523
2026-05-25,2026-05-25 11:15:30,V027,91.0,0.9822553218974064
2026-05-25,2026-05-25 11:15:31,V027,90.0,0.9759588342643096
2026-05-25,2026-05-25 11:15:32,V027,90.0,1.0152156522812945
2026-05-25,2026-05-25 11:15:33,V027,89.0,0.978367917585944
2026-05-25,2026-05-25 11:15:34,V027,89.0,0.9929596650712783
2026-05-25,2026-05-25 11:15:35,V027,88.0,1.0005239569115862
2026-05-25,2026-05-25 11:15:36,V027,87.0,1.0110462246804965
2026-05-25,2026-05-25 11:15:37,V027,87.0,1.0057419055514016
2026-05-25,2026-05-25 11:15:38,V027,86.0,1.0044550373882646
2026-05-25,2026-05-25 11:15:39,V027,85.0,1.0099237530848462
2026-05-25,2026-05-25 11:15:40,V027,85.0,0.9963553969803433
2026-05-25,2026-05-25 11:15:41,V027,85.0,1.0227200274597215
2026-05-25,2026-05-25 11:15:42,V027,86.0,0.9851406593714038
2026-05-25,2026-05-25 11:15:43,V027,87.0,1.0169815223372547
2026-05-25,2026-05-25 11:15:44,V027,88.0,1.0085320059029037
2026-05-25,2026-05-25 11:15:45,V027,89.0,0.9704111579535953
2026-05-25,2026-05-25 11:15:46,V027,90.0,1.0657516102527398
2026-05-25,2026-05-25 11:15:47,V027,91.0,1.004404605406051
2026-05-25,2026-05-25 11:15:48,V027,91.0,1.0027892581709446
2026-05-25,2026-05-25 11:15:49,V027,92.0,1.0286866789186124
2026-05-25,2026-05-25 11:15:50,V027,92.0,0.9734079004368529
2026-05-25,2026-05-25 11:15:51,V027,92.0,1.0010953387784014
2026-05-25,2026-05-25 11:15:52,V027,92.0,1.0338836865837857
2026-05-25,2026-05-25 11:15:53,V027,93.0,0.9962724875119506
2026-05-25,2026-05-25 11:15:54,V027,93.0,1.0439723517905055
2026-05-25,2026-05-25 11:15:55,V027,93.0,1.0245444669332324
2026-05-25,2026-05-25 11:15:56,V027,94.0,0.9931458489633765
2026-05-25,2026-05-25 11:15:57,V027,94.0,1.0250957785017627
2026-05-25,2026-05-25 11:15:58,V027,95.0,0.9873671834607083
2026-05-25,2026-05-25 11:15:59,V027,95.0,1.0029130818082894
2026-05-25,2026-05-25 11:16:00,V027,96.0,1.0319023844434883
2026-05-25,2026-05-25 11:16:01,V027,97.0,1.014330034189047
2026-05-25,2026-05-25 11:16:02,V027,99.0,1.0146007903650858
2026-05-25,2026-05-25 11:16:03,V027,99.0,1.013822362658696
2026-05-25,2026-05-25 11:16:04,V027,99.0,1.0142457835397498
2026-05-25,2026-05-25 11:16:05,V027,99.0,1.0150326155342695
2026-05-25,2026-05-25 11:16:06,V027,100.0,1.0150793360858257
2026-05-25,2026-05-25 11:16:07,V027,100.0,1.0147882621905724
2026-05-25,2026-05-25 11:16:08,V027,100.0,1.0824920218278709
2026-05-25,2026-05-25 11:16:09,V027,99.0,0.9690702984478123
2026-05-25,2026-05-25 11:16:10,V027,99.0,1.0014101756739517
2026-05-25,2026-05-25 11:16:11,V027,99.0,1.0181389419238636
2026-05-25,2026-05-25 11:16:12,V027,99.0,1.0624099164618197
2026-05-25,2026-05-25 11:16:13,V027,98.0,0.9767975313177327
2026-05-25,2026-05-25 11:16:14,V027,98.0,1.0017948548313627
2026-05-25,2026-05-25 11:16:15,V027,98.0,1.0315918524255565
2026-05-25,2026-05-25 11:16:16,V027,98.0,1.0400917114623476
2026-05-25,2026-05-25 11:16:17,V027,98.0,1.0329573782325536
2026-05-25,2026-05-25 11:16:18,V027,98.0,1.1004658782193855
2026-05-25,2026-05-25 11:16:19,V027,98.0,0.9921769909519752
2026-05-25,2026-05-25 11:16:20,V027,97.0,1.0600392182682936
2026-05-25,2026-05-25 11:16:21,V027,97.0,0.9889146625575133
2026-05-25,2026-05-25 11:16:22,V027,97.0,1.0396485547054537
2026-05-25,2026-05-25 11:16:23,V027,97.0,1.0227055041877504
2026-05-25,2026-05-25 11:16:24,V027,97.0,1.0057620472542133
2026-05-25,2026-05-25 11:16:25,V027,96.0,1.122900541464086
2026-05-25,2026-05-25 11:16:26,V027,96.0,1.0548493936335515
2026-05-25,2026-05-25 11:16:27,V027,96.0,1.0404439099668514
2026-05-25,2026-05-25 11:16:28,V027,96.0,1.0793240390478744
2026-05-25,2026-05-25 11:16:29,V027,96.0,1.0529204800834773
2026-05-25,2026-05-25 11:16:30,V027,97.0,1.0758707174804079
2026-05-25,2026-05-25 11:16:31,V027,97.0,0.9908104045624931
2026-05-25,2026-05-25 11:16:32,V027,98.0,1.0277891003534014
2026-05-25,2026-05-25 11:16:33,V027,98.0,1.1856232099881938
2026-05-25,2026-05-25 11:16:34,V027,98.0,1.0088827294305582
2026-05-25,2026-05-25 11:16:35,V027,98.0,1.0160166207326646
2026-05-25,2026-05-25 11:16:36,V027,99.0,1.0956035073819925
2026-05-25,2026-05-25 11:16:37,V027,99.0,1.168591709290285
2026-05-25,2026-05-25 11:16:38,V027,99.0,1.3007903091659627
2026-05-25,2026-05-25 11:16:39,V027,99.0,0.9950475505755011
2026-05-25,2026-05-25 11:16:40,V027,99.0,0.992254866931586
2026-05-25,2026-05-25 11:16:41,V027,99.0,0.9834775334852207
2026-05-25,2026-05-25 11:16:42,V027,99.0,0.9821653283828625
2026-05-25,2026-05-25 11:16:43,V027,100.0,1.0038383590466757
2026-05-25,2026-05-25 11:16:44,V027,100.0,0.9994795354952686
2026-05-25,2026-05-25 11:16:45,V027,100.0,1.0406037119233371
2026-05-25,2026-05-25 11:16:46,V027,101.0,0.972723396588632
2026-05-25,2026-05-25 11:16:47,V027,102.0,1.0264764161265287
2026-05-25,2026-05-25 11:16:48,V027,102.0,0.9792032094201687
2026-05-25,2026-05-25 11:16:49,V027,103.0,1.0080613460984225
2026-05-25,2026-05-25 11:16:50,V027,104.0,1.000919966296002
2026-05-25,2026-05-25 11:16:51,V027,104.0,1.013459197796445
2026-05-25,2026-05-25 11:16:52,V027,104.0,0.9957147368298425
2026-05-25,2026-05-25 11:16:53,V027,104.0,1.0380320744272662
2026-05-25,2026-05-25 11:16:54,V027,105.0,0.9960347203177733
2026-05-25,2026-05-25 11:16:55,V027,105.0,0.9869877309599899
2026-05-25,2026-05-25 11:16:56,V027,105.0,0.9892326028908235
2026-05-25,2026-05-25 11:16:57,V027,105.0,0.9876385780825502
2026-05-25,2026-05-25 11:16:58,V027,105.0,0.9946654959313278
2026-05-25,2026-05-25 11:16:59,V027,105.0,1.0032237168332705
2026-05-25,2026-05-25 11:17:00,V027,105.0,0.9996970633935028
2026-05-25,2026-05-25 11:17:01,V027,105.0,0.9812021196262672
2026-05-25,2026-05-25 11:17:02,V027,105.0,0.9842022599604603
2026-05-25,2026-05-25 11:17:03,V027,105.0,0.9882607771961051
2026-05-25,2026-05-25 11:17:04,V027,105.0,0.9989649952691699
2026-05-25,2026-05-25 11:17:05,V027,105.0,0.9963269994189616
2026-05-25,2026-05-25 11:17:06,V027,105.0,1.024215924403081
2026-05-25,2026-05-25 11:17:07,V027,105.0,0.9818666198917808
2026-05-25,2026-05-25 11:17:08,V027,105.0,0.9822237649570721
2026-05-25,2026-05-25 11:17:09,V027,105.0,0.9795420608117003
2026-05-25,2026-05-25 11:17:10,V027,105.0,0.981990374696148
2026-05-25,2026-05-25 11:17:11,V027,105.0,0.9713825884858867
2026-05-25,2026-05-25 11:17:12,V027,105.0,0.9995783218123182
2026-05-25,2026-05-25 11:17:13,V027,105.0,0.9770657559337704
2026-05-25,2026-05-25 11:17:14,V027,105.0,0.9823207880516186
2026-05-25,2026-05-25 11:17:15,V027,105.0,0.9787236964869658
2026-05-25,2026-05-25 11:17:16,V027,104.0,0.9867874738899084
2026-05-25,2026-05-25 11:17:17,V027,103.0,0.98293963528467
2026-05-25,2026-05-25 11:17:18,V027,102.0,0.9977722634423383
2026-05-25,2026-05-25 11:17:19,V027,103.0,0.9622910027406862
2026-05-25,2026-05-25 11:17:20,V027,103.0,0.9847890061171433
2026-05-25,2026-05-25 11:17:21,V027,103.0,0.9992829977791707
2026-05-25,2026-05-25 11:17:22,V027,103.0,1.0271595283244284
2026-05-25,2026-05-25 11:17:23,V027,103.0,1.2091538288204504
2026-05-25,2026-05-25 11:17:24,V027,103.0,0.998580646315716
2026-05-25,2026-05-25 11:17:25,V027,103.0,0.977307205526878
2026-05-25,2026-05-25 11:17:26,V027,103.0,0.9890104939729687
2026-05-25,2026-05-25 11:17:27,V027,103.0,0.9761789933241104
2026-05-25,2026-05-25 11:17:28,V027,103.0,0.9931468344775294
2026-05-25,2026-05-25 11:17:29,V027,103.0,0.9686680667002353
2026-05-25,2026-05-25 11:17:30,V027,103.0,0.9873785877940067
2026-05-25,2026-05-25 11:17:31,V027,103.0,0.9844408778625701
2026-05-25,2026-05-25 11:17:32,V027,103.0,0.9846292418899811
2026-05-25,2026-05-25 11:17:33,V027,102.0,0.9722774451173428
2026-05-25,2026-05-25 11:17:34,V027,102.0,0.9825694627665698
2026-05-25,2026-05-25 11:17:35,V027,101.0,0.9716900403433987
2026-05-25,2026-05-25 11:17:36,V027,101.0,0.9806201101101485
2026-05-25,2026-05-25 11:17:37,V027,100.0,0.9830128879587091
2026-05-25,2026-05-25 11:17:38,V027,98.0,0.9714035278383605
2026-05-25,2026-05-25 11:17:39,V027,99.0,0.9780685010802085
2026-05-25,2026-05-25 11:17:40,V027,99.0,0.9933748518143868
2026-05-25,2026-05-25 11:17:41,V027,99.0,0.9824465960266703
2026-05-25,2026-05-25 11:17:42,V027,99.0,0.9830632945129995
2026-05-25,2026-05-25 11:17:43,V027,99.0,0.9790902637701743
2026-05-25,2026-05-25 11:17:44,V027,99.0,1.0230210926108347
2026-05-25,2026-05-25 11:17:45,V027,99.0,0.972597229717203
2026-05-25,2026-05-25 11:17:46,V027,99.0,0.9869207618146738
2026-05-25,2026-05-25 11:17:47,V027,98.0,0.9822976710908045
2026-05-25,2026-05-25 11:17:48,V027,98.0,0.9892481619117539
2026-05-25,2026-05-25 11:17:49,V027,98.0,0.9866611977417376
2026-05-25,2026-05-25 11:17:50,V027,97.0,0.9898914704310101
2026-05-25,2026-05-25 11:17:51,V027,97.0,0.9942173227250515
2026-05-25,2026-05-25 11:17:52,V027,96.0,0.988452089527769
2026-05-25,2026-05-25 11:17:53,V027,95.0,0.9909117814266437
2026-05-25,2026-05-25 11:17:54,V027,95.0,0.9903332148770418
2026-05-25,2026-05-25 11:17:55,V027,94.0,0.990934743031205
2026-05-25,2026-05-25 11:17:56,V027,93.0,0.9904442779109333
2026-05-25,2026-05-25 11:17:57,V027,93.0,0.9905039386998117
2026-05-25,2026-05-25 11:17:58,V027,92.0,0.9908618119799507
2026-05-25,2026-05-25 11:17:59,V027,92.0,0.9902309360434748
2026-05-25,2026-05-25 11:18:00,V027,92.0,0.9898877008768631
2026-05-25,2026-05-25 11:18:01,V027,92.0,0.9904865742518701
2026-05-25,2026-05-25 11:18:02,V027,91.0,0.9905416067227708
2026-05-25,2026-05-25 11:18:03,V027,91.0,0.991097023785934
2026-05-25,2026-05-25 11:18:04,V027,90.0,0.990480909775526
2026-05-25,2026-05-25 11:18:05,V027,89.0,0.989822393635196
2026-05-25,2026-05-25 11:18:06,V027,89.0,0.9901846244855821
2026-05-25,2026-05-25 11:18:07,V027,88.0,0.9906961369954976
2026-05-25,2026-05-25 11:18:08,V027,87.0,0.9903714239425265
2026-05-25,2026-05-25 11:18:09,V027,86.0,0.9904367226615927
2026-05-25,2026-05-25 11:18:10,V027,85.0,0.9910019248053438
2026-05-25,2026-05-25 11:18:11,V027,85.0,0.9901479572280698
2026-05-25,2026-05-25 11:18:12,V027,84.0,0.9654579639949956
2026-05-25,2026-05-25 11:18:13,V027,83.0,1.0078467762305896
2026-05-25,2026-05-25 11:18:14,V027,82.0,0.9946218605140744
2026-05-25,2026-05-25 11:18:15,V027,81.0,0.9796080697477874
2026-05-25,2026-05-25 11:18:16,V027,81.0,0.9936806331568792
2026-05-25,2026-05-25 11:18:17,V027,82.0,0.9850872958655745
2026-05-25,2026-05-25 11:18:18,V027,82.0,0.9986411841059158
2026-05-25,2026-05-25 11:18:19,V027,83.0,0.984965746212373
2026-05-25,2026-05-25 11:18:20,V027,84.0,0.9850701533762083
2026-05-25,2026-05-25 11:18:21,V027,84.0,0.9945337778406136
2026-05-25,2026-05-25 11:18:22,V027,85.0,0.9804855003485379
2026-05-25,2026-05-25 11:18:23,V027,85.0,0.9762562226206961
2026-05-25,2026-05-25 11:18:24,V027,85.0,0.9856925652890599
2026-05-25,2026-05-25 11:18:25,V027,85.0,0.973620915205021
2026-05-25,2026-05-25 11:18:26,V027,86.0,0.9984991480785655
2026-05-25,2026-05-25 11:18:27,V027,86.0,0.9666620394731582
2026-05-25,2026-05-25 11:18:28,V027,86.0,0.9875399672078686
2026-05-25,2026-05-25 11:18:29,V027,87.0,1.0224934216333168
2026-05-25,2026-05-25 11:18:30,V027,87.0,0.9836628461483866
2026-05-25,2026-05-25 11:18:31,V027,87.0,0.9703788452266758
2026-05-25,2026-05-25 11:18:32,V027,88.0,0.9751519079740395
2026-05-25,2026-05-25 11:18:33,V027,88.0,1.0081868110382686
2026-05-25,2026-05-25 11:18:34,V027,89.0,1.014943275322855
2026-05-25,2026-05-25 11:18:35,V027,90.0,0.9844543550739331
2026-05-25,2026-05-25 11:18:36,V027,91.0,0.9955125966796546
2026-05-25,2026-05-25 11:18:37,V027,92.0,0.974800579530259
2026-05-25,2026-05-25 11:18:38,V027,93.0,0.9956574995596706
2026-05-25,2026-05-25 11:18:39,V027,96.0,0.981181602385738
2026-05-25,2026-05-25 11:18:40,V027,98.0,0.984652209380789
2026-05-25,2026-05-25 11:18:41,V027,98.0,0.9770959393181655
2026-05-25,2026-05-25 11:18:42,V027,97.0,0.99013630158588
2026-05-25,2026-05-25 11:18:43,V027,97.0,0.9888172136514725
2026-05-25,2026-05-25 11:18:44,V027,96.0,0.9778650609540438
2026-05-25,2026-05-25 11:18:45,V027,95.0,0.9852707017696428
2026-05-25,2026-05-25 11:18:46,V027,94.0,0.9854114122566788
2026-05-25,2026-05-25 11:18:47,V027,93.0,0.9879969639711517
2026-05-25,2026-05-25 11:18:48,V027,92.0,0.9709708783983884
2026-05-25,2026-05-25 11:18:49,V027,90.0,0.9952346576165764
2026-05-25,2026-05-25 11:18:50,V027,89.0,0.986765446656793
2026-05-25,2026-05-25 11:18:51,V027,89.0,0.9646139583082975
2026-05-25,2026-05-25 11:18:52,V027,88.0,1.042667025596117
2026-05-25,2026-05-25 11:18:53,V027,88.0,1.0157215561803552
2026-05-25,2026-05-25 11:18:54,V027,87.0,0.9680450721621878
2026-05-25,2026-05-25 11:18:55,V027,87.0,0.9806829261942849
2026-05-25,2026-05-25 11:18:56,V027,87.0,0.9857180937615284
2026-05-25,2026-05-25 11:18:57,V027,86.0,0.979391691124048
2026-05-25,2026-05-25 11:18:58,V027,86.0,0.9809999866826362
2026-05-25,2026-05-25 11:18:59,V027,86.0,0.9807306863013219
2026-05-25,2026-05-25 11:19:00,V027,86.0,0.9805552878305018
2026-05-25,2026-05-25 11:19:01,V027,86.0,0.9805067689563027
2026-05-25,2026-05-25 11:19:02,V027,86.0,0.9811748384072572
2026-05-25,2026-05-25 11:19:03,V027,87.0,0.9803229681608846
2026-05-25,2026-05-25 11:19:04,V027,87.0,0.9802430459250712
2026-05-25,2026-05-25 11:19:05,V027,88.0,0.9807955044075443
2026-05-25,2026-05-25 11:19:06,V027,88.0,0.979861065019888
2026-05-25,2026-05-25 11:19:07,V027,88.0,0.980147184702481
2026-05-25,2026-05-25 11:19:08,V027,88.0,0.9803552964252417
2026-05-25,2026-05-25 11:19:09,V027,87.0,0.9809967790545537
2026-05-25,2026-05-25 11:19:10,V027,87.0,0.9929112312797611
2026-05-25,2026-05-25 11:19:11,V027,86.0,0.9685461400611425
2026-05-25,2026-05-25 11:19:12,V027,85.0,0.9877122637150562
2026-05-25,2026-05-25 11:19:13,V027,84.0,0.9994920983707917
2026-05-25,2026-05-25 11:19:14,V027,83.0,1.011018233180583
2026-05-25,2026-05-25 11:19:15,V027,82.0,1.008810736191161
2026-05-25,2026-05-25 11:19:16,V027,81.0,0.993667904148483
2026-05-25,2026-05-25 11:19:17,V027,79.0,0.9972520495761179
2026-05-25,2026-05-25 11:19:18,V027,77.0,1.0114012816360185
2026-05-25,2026-05-25 11:19:19,V027,76.0,0.9836512519826165
2026-05-25,2026-05-25 11:19:20,V027,75.0,0.9876930888305196
2026-05-25,2026-05-25 11:19:21,V027,74.0,0.9861116480149082
2026-05-25,2026-05-25 11:19:22,V027,74.0,0.9873501847150454
2026-05-25,2026-05-25 11:19:23,V027,74.0,0.9871554866766197
2026-05-25,2026-05-25 11:19:24,V027,75.0,0.987126427534098
2026-05-25,2026-05-25 11:19:25,V027,75.0,0.986928581127831
2026-05-25,2026-05-25 11:19:26,V027,76.0,0.987259966944587
2026-05-25,2026-05-25 11:19:27,V027,77.0,0.9865082572868924
2026-05-25,2026-05-25 11:19:28,V027,78.0,0.9874094564026971
2026-05-25,2026-05-25 11:19:29,V027,79.0,0.9866685629196962
2026-05-25,2026-05-25 11:19:30,V027,81.0,0.9876218787720218
2026-05-25,2026-05-25 11:19:31,V027,85.0,0.9871659837305363
2026-05-25,2026-05-25 11:19:32,V027,88.0,0.9864487681090307
2026-05-25,2026-05-25 11:19:33,V027,89.0,0.9874208296382289
2026-05-25,2026-05-25 11:19:34,V027,90.0,0.9880190775914022
2026-05-25,2026-05-25 11:19:35,V027,90.0,0.9875386939616729
2026-05-25,2026-05-25 11:19:36,V027,90.0,1.0085612158978003
2026-05-25,2026-05-25 11:19:37,V027,90.0,0.9916191570798247
2026-05-25,2026-05-25 11:19:38,V027,89.0,0.9873546153248884
2026-05-25,2026-05-25 11:19:39,V027,88.0,0.9888508282108732
2026-05-25,2026-05-25 11:19:40,V027,88.0,0.981168674390741
2026-05-25,2026-05-25 11:19:41,V027,86.0,0.9906468174531912
2026-05-25,2026-05-25 11:19:42,V027,84.0,0.994599949962162
2026-05-25,2026-05-25 11:19:43,V027,82.0,0.9933628960845131
2026-05-25,2026-05-25 11:19:44,V027,80.0,0.9798868257807402
2026-05-25,2026-05-25 11:19:45,V027,77.0,0.9857112206124665
2026-05-25,2026-05-25 11:19:46,V027,75.0,1.0009096331299547
2026-05-25,2026-05-25 11:19:47,V027,75.0,0.9948744293144545
2026-05-25,2026-05-25 11:19:48,V027,75.0,0.9945256402721226
2026-05-25,2026-05-25 11:19:49,V027,75.0,0.9902132350899364
2026-05-25,2026-05-25 11:19:50,V027,75.0,0.9838311881234435
2026-05-25,2026-05-25 11:19:51,V027,76.0,0.9931557964558786
2026-05-25,2026-05-25 11:19:52,V027,77.0,0.9935335591176421
2026-05-25,2026-05-25 11:19:53,V027,78.0,0.9971472036942423
2026-05-25,2026-05-25 11:19:54,V027,79.0,0.9803988113010392
2026-05-25,2026-05-25 11:19:55,V027,80.0,0.9820897989274087
2026-05-25,2026-05-25 11:19:56,V027,81.0,0.9822945969183406
2026-05-25,2026-05-25 11:19:57,V027,80.0,0.9832053429431666
2026-05-25,2026-05-25 11:19:58,V027,80.0,0.9845553681675372
2026-05-25,2026-05-25 11:19:59,V027,79.0,0.9843849703419078
2026-05-25,2026-05-25 11:20:00,V027,79.0,0.9835533811050626
2026-05-25,2026-05-25 11:20:01,V027,78.0,0.9883951919400704
2026-05-25,2026-05-25 11:20:02,V027,77.0,0.9817336916185512
2026-05-25,2026-05-25 11:20:03,V027,77.0,0.9846679894795596
2026-05-25,2026-05-25 11:20:04,V027,77.0,0.9898540120545237
2026-05-25,2026-05-25 11:20:05,V027,78.0,0.982339936856659
2026-05-25,2026-05-25 11:20:06,V027,79.0,0.9824953056191259
2026-05-25,2026-05-25 11:20:07,V027,80.0,0.9840219328121004
2026-05-25,2026-05-25 11:20:08,V027,80.0,0.9835322461867118
2026-05-25,2026-05-25 11:20:09,V027,81.0,0.9889709331394156
2026-05-25,2026-05-25 11:20:10,V027,82.0,0.9810573238680392
2026-05-25,2026-05-25 11:20:11,V027,82.0,0.986277685071263
2026-05-25,2026-05-25 11:20:12,V027,83.0,0.9860092924007353
2026-05-25,2026-05-25 11:20:13,V027,82.0,0.9854879550409446
2026-05-25,2026-05-25 11:20:14,V027,82.0,0.986942724197726
2026-05-25,2026-05-25 11:20:15,V027,81.0,0.9849716603596237
2026-05-25,2026-05-25 11:20:16,V027,81.0,0.9853441533147795
2026-05-25,2026-05-25 11:20:17,V027,80.0,0.9856244129597015
2026-05-25,2026-05-25 11:20:18,V027,79.0,0.9851045264852273
2026-05-25,2026-05-25 11:20:19,V027,79.0,0.9855777896311467
2026-05-25,2026-05-25 11:20:20,V027,78.0,0.9850086559659091
2026-05-25,2026-05-25 11:20:21,V027,78.0,0.9851187726410735
2026-05-25,2026-05-25 11:20:22,V027,78.0,0.9832213864611774
2026-05-25,2026-05-25 11:20:23,V027,78.0,0.9878274230630945
2026-05-25,2026-05-25 11:20:24,V027,78.0,0.9849909224539225
2026-05-25,2026-05-25 11:20:25,V027,77.0,0.9868396718485845
2026-05-25,2026-05-25 11:20:26,V027,76.0,0.9860553269993203
2026-05-25,2026-05-25 11:20:27,V027,75.0,0.9848100089370703
2026-05-25,2026-05-25 11:20:28,V027,74.0,0.9864455792301373
2026-05-25,2026-05-25 11:20:29,V027,73.0,0.986121254731383
2026-05-25,2026-05-25 11:20:30,V027,72.0,0.9866971859588738
2026-05-25,2026-05-25 11:20:31,V027,71.0,0.9869424761453451
2026-05-25,2026-05-25 11:20:32,V027,70.0,0.9857599353052221
2026-05-25,2026-05-25 11:20:33,V027,71.0,0.9869716081044689
2026-05-25,2026-05-25 11:20:34,V027,71.0,0.9891588349504673
2026-05-25,2026-05-25 11:20:35,V027,72.0,0.9845646289184734
2026-05-25,2026-05-25 11:20:36,V027,72.0,0.9883545931713025
2026-05-25,2026-05-25 11:20:37,V027,73.0,0.9875310886801768
2026-05-25,2026-05-25 11:20:38,V027,74.0,0.9876755378679617
2026-05-25,2026-05-25 11:20:39,V027,76.0,0.9880995061172381
2026-05-25,2026-05-25 11:20:40,V027,77.0,0.9899937776352016
2026-05-25,2026-05-25 11:20:41,V027,79.0,0.985543346992281
2026-05-25,2026-05-25 11:20:42,V027,81.0,0.9841328562296193
2026-05-25,2026-05-25 11:20:43,V027,82.0,0.9901783548049226
2026-05-25,2026-05-25 11:20:44,V027,83.0,0.9848225005932488
2026-05-25,2026-05-25 11:20:45,V027,83.0,0.9767260533357545
2026-05-25,2026-05-25 11:20:46,V027,84.0,0.9761049084786672
2026-05-25,2026-05-25 11:20:47,V027,83.0,0.97987124461714
2026-05-25,2026-05-25 11:20:48,V027,83.0,0.9753552866564619
2026-05-25,2026-05-25 11:20:49,V027,83.0,0.980688672791363
2026-05-25,2026-05-25 11:20:50,V027,82.0,0.9774043319098132
2026-05-25,2026-05-25 11:20:51,V027,83.0,0.9781193042990728
2026-05-25,2026-05-25 11:20:52,V027,84.0,0.9784869689803783
2026-05-25,2026-05-25 11:20:53,V027,85.0,0.975642753302034
2026-05-25,2026-05-25 11:20:54,V027,86.0,0.979296048401953
2026-05-25,2026-05-25 11:20:55,V027,88.0,0.9766426210663453
2026-05-25,2026-05-25 11:20:56,V027,89.0,0.9765968037182162
2026-05-25,2026-05-25 11:20:57,V027,90.0,0.9770063588177439
2026-05-25,2026-05-25 11:20:58,V027,91.0,0.9768504685908291
2026-05-25,2026-05-25 11:20:59,V027,90.0,0.9765849074802924
2026-05-25,2026-05-25 11:21:00,V027,89.0,0.9765644171840849
2026-05-25,2026-05-25 11:21:01,V027,87.0,0.9757484340782879
2026-05-25,2026-05-25 11:21:02,V027,85.0,0.9796134362638866
2026-05-25,2026-05-25 11:21:03,V027,83.0,0.9790709857923896
2026-05-25,2026-05-25 11:21:04,V027,82.0,0.9722231154182062
2026-05-25,2026-05-25 11:21:05,V027,80.0,0.9841125051337931
2026-05-25,2026-05-25 11:21:06,V027,78.0,1.035689689419336
2026-05-25,2026-05-25 11:21:07,V027,78.0,0.9406791847062653
2026-05-25,2026-05-25 11:21:08,V027,77.0,1.0065738443669365
2026-05-25,2026-05-25 11:21:09,V027,75.0,1.0034414711100867
2026-05-25,2026-05-25 11:21:10,V027,74.0,0.9829501002451243
2026-05-25,2026-05-25 11:21:11,V027,72.0,1.011966000822256
2026-05-25,2026-05-25 11:21:12,V027,71.0,1.0168622048217342
2026-05-25,2026-05-25 11:21:13,V027,70.0,1.1660732053776668
2026-05-25,2026-05-25 11:21:14,V027,69.0,0.9737955123216285
2026-05-25,2026-05-25 11:21:15,V027,69.0,0.9805199548565222
2026-05-25,2026-05-25 11:21:16,V027,69.0,1.0173652901337433
2026-05-25,2026-05-25 11:21:17,V027,68.0,1.0012524885240888
2026-05-25,2026-05-25 11:21:18,V027,68.0,0.9722906331265376
2026-05-25,2026-05-25 11:21:19,V027,68.0,0.9751412866624365
2026-05-25,2026-05-25 11:21:20,V027,69.0,0.9439947740158479
2026-05-25,2026-05-25 11:21:21,V027,70.0,1.046782260949683
2026-05-25,2026-05-25 11:21:22,V027,70.0,1.0022557982676554
2026-05-25,2026-05-25 11:21:23,V027,71.0,0.9478649691920293
2026-05-25,2026-05-25 11:21:24,V027,72.0,1.0002061149390487
2026-05-25,2026-05-25 11:21:25,V027,73.0,0.9973170908092173
2026-05-25,2026-05-25 11:21:26,V027,74.0,1.0042536888383826
2026-05-25,2026-05-25 11:21:27,V027,75.0,0.9852257704564322
2026-05-25,2026-05-25 11:21:28,V027,76.0,1.0236730048151177
2026-05-25,2026-05-25 11:21:29,V027,78.0,0.973053021096929
2026-05-25,2026-05-25 11:21:30,V027,80.0,1.0153619523103528
2026-05-25,2026-05-25 11:21:31,V027,82.0,0.9914838735533589
2026-05-25,2026-05-25 11:21:32,V027,84.0,0.9933058963390288
2026-05-25,2026-05-25 11:21:33,V027,85.0,0.9756807129090257
2026-05-25,2026-05-25 11:21:34,V027,85.0,1.022151452164491
2026-05-25,2026-05-25 11:21:35,V027,85.0,0.9663297127564168
2026-05-25,2026-05-25 11:21:36,V027,85.0,1.0002875558733257
2026-05-25,2026-05-25 11:21:37,V027,85.0,0.9887823248450264
2026-05-25,2026-05-25 11:21:38,V027,84.0,1.0310050344009645
2026-05-25,2026-05-25 11:21:39,V027,84.0,0.9701379135623689
2026-05-25,2026-05-25 11:21:40,V027,85.0,1.003015126160994
2026-05-25,2026-05-25 11:21:41,V027,85.0,0.9719307540081863
2026-05-25,2026-05-25 11:21:42,V027,85.0,0.9897509611181341
2026-05-25,2026-05-25 11:21:43,V027,86.0,1.01861214655386
2026-05-25,2026-05-25 11:21:44,V027,87.0,1.0218759485975695
2026-05-25,2026-05-25 11:21:45,V027,88.0,1.0031204632222088
2026-05-25,2026-05-25 11:21:46,V027,89.0,1.0194893523137651
2026-05-25,2026-05-25 11:21:47,V027,91.0,0.994827648866113
2026-05-25,2026-05-25 11:21:48,V027,93.0,1.0197198482413543
2026-05-25,2026-05-25 11:21:49,V027,92.0,0.9672949450317211
2026-05-25,2026-05-25 11:21:50,V027,92.0,1.016730998452281
2026-05-25,2026-05-25 11:21:51,V027,94.0,0.9841634330186424
2026-05-25,2026-05-25 11:21:52,V027,95.0,0.994028726357993
2026-05-25,2026-05-25 11:21:53,V027,96.0,1.0400788096159874
2026-05-25,2026-05-25 11:21:54,V027,96.0,0.970825561355271
2026-05-25,2026-05-25 11:21:55,V027,96.0,1.0369644026368376
2026-05-25,2026-05-25 11:21:56,V027,96.0,0.9908610535163547
2026-05-25,2026-05-25 11:21:57,V027,96.0,1.005984329188061
2026-05-25,2026-05-25 11:21:58,V027,95.0,1.0068455645052579
2026-05-25,2026-05-25 11:21:59,V027,95.0,0.9925952147207622
2026-05-25,2026-05-25 11:22:00,V027,95.0,0.9959644274509352
2026-05-25,2026-05-25 11:22:01,V027,94.0,0.9748967593102782
2026-05-25,2026-05-25 11:22:02,V027,94.0,0.9991312647824447
2026-05-25,2026-05-25 11:22:03,V027,95.0,0.9973516234518202
2026-05-25,2026-05-25 11:22:04,V027,96.0,0.9854696876992749
2026-05-25,2026-05-25 11:22:05,V027,96.0,0.9957422987934557
2026-05-25,2026-05-25 11:22:06,V027,96.0,1.0006096253726016
2026-05-25,2026-05-25 11:22:07,V027,97.0,0.9974369817933934
2026-05-25,2026-05-25 11:22:08,V027,97.0,0.9933818181365944
2026-05-25,2026-05-25 11:22:09,V027,98.0,0.9985380675399632
2026-05-25,2026-05-25 11:22:10,V027,98.0,0.9913797248960386
2026-05-25,2026-05-25 11:22:11,V027,98.0,0.9971077783935701
2026-05-25,2026-05-25 11:22:12,V027,99.0,0.9708087665870977
2026-05-25,2026-05-25 11:22:13,V027,99.0,1.023228444933071
2026-05-25,2026-05-25 11:22:14,V027,100.0,0.9825340503947095
2026-05-25,2026-05-25 11:22:15,V027,100.0,1.0049469163772307
2026-05-25,2026-05-25 11:22:16,V027,100.0,0.9876340933213171
2026-05-25,2026-05-25 11:22:17,V027,101.0,1.0755258208475051
2026-05-25,2026-05-25 11:22:18,V027,101.0,0.9530500611046024
2026-05-25,2026-05-25 11:22:19,V027,101.0,1.0534627007495327
2026-05-25,2026-05-25 11:22:20,V027,100.0,0.9829580711949051
2026-05-25,2026-05-25 11:22:21,V027,101.0,1.0950082721144179
2026-05-25,2026-05-25 11:22:22,V027,102.0,0.9897100606887881
2026-05-25,2026-05-25 11:22:23,V027,101.0,1.0039117886262006
2026-05-25,2026-05-25 11:22:24,V027,100.0,1.0283711999591285
2026-05-25,2026-05-25 11:22:25,V027,99.0,1.0092882745121705
2026-05-25,2026-05-25 11:22:26,V027,98.0,0.9989007501232082
2026-05-25,2026-05-25 11:22:27,V027,98.0,1.0004983820925522
2026-05-25,2026-05-25 11:22:28,V027,97.0,1.0368501796509433
2026-05-25,2026-05-25 11:22:29,V027,96.0,0.9983948167163267
2026-05-25,2026-05-25 11:22:30,V027,96.0,1.0348354027946256
2026-05-25,2026-05-25 11:22:31,V027,97.0,1.0313523587185767
2026-05-25,2026-05-25 11:22:32,V027,98.0,1.0383094809410338
2026-05-25,2026-05-25 11:22:33,V027,99.0,1.0383339380770058
2026-05-25,2026-05-25 11:22:34,V027,99.0,1.0164336559914504
2026-05-25,2026-05-25 11:22:35,V027,99.0,1.0461676010472853
2026-05-25,2026-05-25 11:22:36,V027,100.0,1.0184961292132322
2026-05-25,2026-05-25 11:22:37,V027,99.0,1.0092398612556415
2026-05-25,2026-05-25 11:22:38,V027,99.0,1.0235537640073258
2026-05-25,2026-05-25 11:22:39,V027,99.0,1.016328821748229
2026-05-25,2026-05-25 11:22:40,V027,99.0,1.0191068285597578
2026-05-25,2026-05-25 11:22:41,V027,99.0,1.0002102283384915
2026-05-25,2026-05-25 11:22:42,V027,100.0,0.9788428013241224
2026-05-25,2026-05-25 11:22:43,V027,100.0,0.9996483957938139
2026-05-25,2026-05-25 11:22:44,V027,101.0,1.0961758049336563
2026-05-25,2026-05-25 11:22:45,V027,101.0,0.952379058517096
2026-05-25,2026-05-25 11:22:46,V027,101.0,1.11055729776543
2026-05-25,2026-05-25 11:22:47,V027,101.0,1.0133305897797529
2026-05-25,2026-05-25 11:22:48,V027,101.0,0.9995671915691894
2026-05-25,2026-05-25 11:22:49,V027,101.0,0.9992269482340553
2026-05-25,2026-05-25 11:22:50,V027,101.0,1.006478832173494
2026-05-25,2026-05-25 11:22:51,V027,102.0,1.062540663616675
2026-05-25,2026-05-25 11:22:52,V027,102.0,0.9786605078924197
2026-05-25,2026-05-25 11:22:53,V027,103.0,1.056931706494691
2026-05-25,2026-05-25 11:22:54,V027,104.0,1.0895342330917888
2026-05-25,2026-05-25 11:22:55,V027,105.0,1.0412927310593314
2026-05-25,2026-05-25 11:22:56,V027,105.0,1.0509297224354683
2026-05-25,2026-05-25 11:22:57,V027,106.0,0.9686307347388778
2026-05-25,2026-05-25 11:22:58,V027,107.0,0.988491928890947
2026-05-25,2026-05-25 11:22:59,V027,108.0,1.0295384760093718
2026-05-25,2026-05-25 11:23:00,V027,108.0,0.9792218309711993
2026-05-25,2026-05-25 11:23:01,V027,109.0,1.0115394264110718
2026-05-25,2026-05-25 11:23:02,V027,110.0,1.0640466337602232
2026-05-25,2026-05-25 11:23:03,V027,110.0,1.0757476471544045
2026-05-25,2026-05-25 11:23:04,V027,110.0,0.9508683680513579
2026-05-25,2026-05-25 11:23:05,V027,110.0,1.0388834636912392
2026-05-25,2026-05-25 11:23:06,V027,110.0,1.0630511403337064
2026-05-25,2026-05-25 11:23:07,V027,111.0,1.0331156904087926
2026-05-25,2026-05-25 11:23:08,V027,111.0,0.9261606952369041
2026-05-25,2026-05-25 11:23:09,V027,111.0,1.030435637121989
2026-05-25,2026-05-25 11:23:10,V027,110.0,0.9986590468156927
2026-05-25,2026-05-25 11:23:11,V027,110.0,1.091607709894694
2026-05-25,2026-05-25 11:23:12,V027,110.0,1.0933444240389918
2026-05-25,2026-05-25 11:23:13,V027,110.0,1.0330963591671567
2026-05-25,2026-05-25 11:23:14,V027,109.0,1.0605608366805244
2026-05-25,2026-05-25 11:23:15,V027,109.0,1.017031758654197
2026-05-25,2026-05-25 11:23:16,V027,109.0,0.9921004223218624
2026-05-25,2026-05-25 11:23:17,V027,109.0,1.0065450907522568
2026-05-25,2026-05-25 11:23:18,V027,109.0,1.044909793122379
2026-05-25,2026-05-25 11:23:19,V027,108.0,0.9548434228026861
2026-05-25,2026-05-25 11:23:20,V027,108.0,0.9830110333004148
2026-05-25,2026-05-25 11:23:21,V027,108.0,1.0225925808419303
2026-05-25,2026-05-25 11:23:22,V027,107.0,1.0277563257090714
2026-05-25,2026-05-25 11:23:23,V027,107.0,1.055486930020636
2026-05-25,2026-05-25 11:23:24,V027,106.0,1.012977962946933
2026-05-25,2026-05-25 11:23:25,V027,105.0,1.066889403354469
2026-05-25,2026-05-25 11:23:26,V027,105.0,1.0367685418220156
2026-05-25,2026-05-25 11:23:27,V027,104.0,0.9955724970465555
2026-05-25,2026-05-25 11:23:28,V027,104.0,1.0032343342780887
2026-05-25,2026-05-25 11:23:29,V027,104.0,1.0763236708728143
2026-05-25,2026-05-25 11:23:30,V027,104.0,1.0166969971642879
2026-05-25,2026-05-25 11:23:31,V027,103.0,0.9876362695109085
2026-05-25,2026-05-25 11:23:32,V027,103.0,1.0339069993783843
2026-05-25,2026-05-25 11:23:33,V027,103.0,1.0379569465099183
2026-05-25,2026-05-25 11:23:34,V027,103.0,0.9654685570518586
2026-05-25,2026-05-25 11:23:35,V027,102.0,1.0450320375529831
2026-05-25,2026-05-25 11:23:36,V027,102.0,0.9735296714584228
2026-05-25,2026-05-25 11:23:37,V027,101.0,1.034943930405404
2026-05-25,2026-05-25 11:23:38,V027,100.0,1.0464331553185866
2026-05-25,2026-05-25 11:23:39,V027,100.0,1.0112557758553664
2026-05-25,2026-05-25 11:23:40,V027,99.0,0.9714890085175228
2026-05-25,2026-05-25 11:23:41,V027,99.0,1.0646134025128096
2026-05-25,2026-05-25 11:23:42,V027,98.0,1.022205854663631
2026-05-25,2026-05-25 11:23:43,V027,98.0,0.969578415039587
2026-05-25,2026-05-25 11:23:44,V027,97.0,1.0275743453284898
2026-05-25,2026-05-25 11:23:45,V027,98.0,1.0476235724601075
2026-05-25,2026-05-25 11:23:46,V027,99.0,0.9392677814603997
2026-05-25,2026-05-25 11:23:47,V027,98.0,1.0192293972751754
2026-05-25,2026-05-25 11:23:48,V027,98.0,0.9869161580066746
2026-05-25,2026-05-25 11:23:49,V027,98.0,1.0279338756067056
2026-05-25,2026-05-25 11:23:50,V027,98.0,1.0371925356704796
2026-05-25,2026-05-25 11:23:51,V027,98.0,1.068685016494966
2026-05-25,2026-05-25 11:23:52,V027,97.0,1.0998218895933796
2026-05-25,2026-05-25 11:23:53,V027,97.0,1.022945687834039
2026-05-25,2026-05-25 11:23:54,V027,97.0,1.0236305269835053
2026-05-25,2026-05-25 11:23:55,V027,97.0,1.0843166822815808
2026-05-25,2026-05-25 11:23:56,V027,97.0,1.0347427759578727
2026-05-25,2026-05-25 11:23:57,V027,96.0,0.9811579376488697
2026-05-25,2026-05-25 11:23:58,V027,96.0,1.0064708871415275
2026-05-25,2026-05-25 11:23:59,V027,96.0,1.0983127913207513
2026-05-25,2026-05-25 11:24:00,V027,97.0,1.0051286946471758
2026-05-25,2026-05-25 11:24:01,V027,98.0,0.992245524082719
2026-05-25,2026-05-25 11:24:02,V027,98.0,1.0159545622909383
2026-05-25,2026-05-25 11:24:03,V027,99.0,1.073494216493589
2026-05-25,2026-05-25 11:24:04,V027,99.0,1.0421582167099224
2026-05-25,2026-05-25 11:24:05,V027,100.0,0.9841398446080197
2026-05-25,2026-05-25 11:24:06,V027,100.0,0.9997367626526185
2026-05-25,2026-05-25 11:24:07,V027,100.0,1.0691002873489848
2026-05-25,2026-05-25 11:24:08,V027,100.0,1.0372589155891614
2026-05-25,2026-05-25 11:24:09,V027,100.0,0.9996682403960118
2026-05-25,2026-05-25 11:24:10,V027,100.0,0.9943421647820603
2026-05-25,2026-05-25 11:24:11,V027,100.0,1.043610589200717
2026-05-25,2026-05-25 11:24:12,V027,100.0,1.0808822413827246
2026-05-25,2026-05-25 11:24:13,V027,100.0,1.007458053367321
2026-05-25,2026-05-25 11:24:14,V027,100.0,0.9848033758934999
2026-05-25,2026-05-25 11:24:15,V027,99.0,1.0651063462928752
2026-05-25,2026-05-25 11:24:16,V027,99.0,1.0583855583398285
2026-05-25,2026-05-25 11:24:17,V027,99.0,1.0072030156355374
2026-05-25,2026-05-25 11:24:18,V027,99.0,0.9805037162677068
2026-05-25,2026-05-25 11:24:19,V027,99.0,1.0271705718397652
2026-05-25,2026-05-25 11:24:20,V027,98.0,1.0634854334520973
2026-05-25,2026-05-25 11:24:21,V027,98.0,1.0076018643021047
2026-05-25,2026-05-25 11:24:22,V027,98.0,0.984154581816034
2026-05-25,2026-05-25 11:24:23,V027,98.0,1.0600011267314502
2026-05-25,2026-05-25 11:24:24,V027,99.0,1.0246811339163318
2026-05-25,2026-05-25 11:24:25,V027,99.0,0.9343038189508925
2026-05-25,2026-05-25 11:24:26,V027,99.0,0.9985896337621423
2026-05-25,2026-05-25 11:24:27,V027,100.0,1.149230894336444
2026-05-25,2026-05-25 11:24:28,V027,100.0,0.9848936674319705
2026-05-25,2026-05-25 11:24:29,V027,100.0,1.0510700938757487
2026-05-25,2026-05-25 11:24:30,V027,100.0,1.0977347025588597
2026-05-25,2026-05-25 11:24:31,V027,101.0,0.9727287337727465
2026-05-25,2026-05-25 11:24:32,V027,102.0,1.0299413071616197
2026-05-25,2026-05-25 11:24:33,V027,102.0,1.0334992947902837
2026-05-25,2026-05-25 11:24:34,V027,101.0,1.0210767864997112
2026-05-25,2026-05-25 11:24:35,V027,102.0,0.9770697803719952
2026-05-25,2026-05-25 11:24:36,V027,102.0,1.0112139192951484
2026-05-25,2026-05-25 11:24:37,V027,103.0,1.0913805142208708
2026-05-25,2026-05-25 11:24:38,V027,104.0,1.0322066106588776
2026-05-25,2026-05-25 11:24:39,V027,104.0,0.9617158877902281
2026-05-25,2026-05-25 11:24:40,V027,105.0,1.0590182310359435
2026-05-25,2026-05-25 11:24:41,V027,106.0,1.0805181854061365
2026-05-25,2026-05-25 11:24:42,V027,106.0,1.0019241311878373
2026-05-25,2026-05-25 11:24:43,V027,106.0,0.9875217612851533
2026-05-25,2026-05-25 11:24:44,V027,105.0,1.0424925201385133
2026-05-25,2026-05-25 11:24:45,V027,106.0,1.0628954745099688
2026-05-25,2026-05-25 11:24:46,V027,106.0,0.9794454088164686
2026-05-25,2026-05-25 11:24:47,V027,106.0,0.9953491526771505
2026-05-25,2026-05-25 11:24:48,V027,107.0,1.0538069034310922
2026-05-25,2026-05-25 11:24:49,V027,107.0,1.0469608564165138
2026-05-25,2026-05-25 11:24:50,V027,108.0,0.9896674188119913
2026-05-25,2026-05-25 11:24:51,V027,108.0,0.9886723995746654
2026-05-25,2026-05-25 11:24:52,V027,109.0,1.0834210654786942
2026-05-25,2026-05-25 11:24:53,V027,109.0,1.053996204232364
2026-05-25,2026-05-25 11:24:54,V027,110.0,0.9866962577143664
2026-05-25,2026-05-25 11:24:55,V027,110.0,0.9945339551235632
2026-05-25,2026-05-25 11:24:56,V027,110.0,1.0868615657200777
2026-05-25,2026-05-25 11:24:57,V027,110.0,1.0104640029136063
2026-05-25,2026-05-25 11:24:58,V027,110.0,0.9758345928768977
2026-05-25,2026-05-25 11:24:59,V027,109.0,1.0646897745144288
2026-05-25,2026-05-25 11:25:00,V027,108.0,1.0637909353486157
2026-05-25,2026-05-25 11:25:01,V027,107.0,1.0070735582250698
2026-05-25,2026-05-25 11:25:02,V027,106.0,0.9704942767257683
2026-05-25,2026-05-25 11:25:03,V027,105.0,1.0451683703870387
2026-05-25,2026-05-25 11:25:04,V027,104.0,1.022788725336943
2026-05-25,2026-05-25 11:25:05,V027,102.0,0.9867886861872477
2026-05-25,2026-05-25 11:25:06,V027,101.0,0.9969322899989129
2026-05-25,2026-05-25 11:25:07,V027,100.0,1.0633659964280557
2026-05-25,2026-05-25 11:25:08,V027,100.0,1.009333368318162
2026-05-25,2026-05-25 11:25:09,V027,100.0,0.9714608010758803
2026-05-25,2026-05-25 11:25:10,V027,101.0,1.038529460967962
2026-05-25,2026-05-25 11:25:11,V027,101.0,1.067152143659388
2026-05-25,2026-05-25 11:25:12,V027,100.0,1.0205759345284142
2026-05-25,2026-05-25 11:25:13,V027,100.0,0.9705378279400645
2026-05-25,2026-05-25 11:25:14,V027,100.0,1.0018254329565768
2026-05-25,2026-05-25 11:25:15,V027,100.0,1.0673445403212534
2026-05-25,2026-05-25 11:25:16,V027,100.0,1.0051494360858773
2026-05-25,2026-05-25 11:25:17,V027,100.0,0.9703083930460005
2026-05-25,2026-05-25 11:25:18,V027,100.0,1.0497559140622768
2026-05-25,2026-05-25 11:25:19,V027,99.0,1.064135951745124
2026-05-25,2026-05-25 11:25:20,V027,99.0,0.9923086450949967
2026-05-25,2026-05-25 11:25:21,V027,99.0,0.9667881656696204
2026-05-25,2026-05-25 11:25:22,V027,99.0,1.0250273903652618
2026-05-25,2026-05-25 11:25:23,V027,99.0,1.0609968044771492
2026-05-25,2026-05-25 11:25:24,V027,99.0,1.006594109821401
2026-05-25,2026-05-25 11:25:25,V027,99.0,0.9592160961263967
2026-05-25,2026-05-25 11:25:26,V027,100.0,1.0672273174776223
2026-05-25,2026-05-25 11:25:27,V027,100.0,1.0460541683046525
2026-05-25,2026-05-25 11:25:28,V027,101.0,0.9983498657707988
2026-05-25,2026-05-25 11:25:29,V027,101.0,0.9560603129524936
2026-05-25,2026-05-25 11:25:30,V027,101.0,1.0513276335952477
2026-05-25,2026-05-25 11:25:31,V027,101.0,1.0360310824924195
2026-05-25,2026-05-25 11:25:32,V027,101.0,0.9688345875001235
2026-05-25,2026-05-25 11:25:33,V027,101.0,0.9973039593197218
2026-05-25,2026-05-25 11:25:34,V027,100.0,1.0924306623752456
2026-05-25,2026-05-25 11:25:35,V027,100.0,1.0009545837611729
2026-05-25,2026-05-25 11:25:36,V027,100.0,0.9526258568763131
2026-05-25,2026-05-25 11:25:37,V027,100.0,1.0441863927053745
2026-05-25,2026-05-25 11:25:38,V027,99.0,1.0272227987385611
2026-05-25,2026-05-25 11:25:39,V027,99.0,0.9549037553366487
2026-05-25,2026-05-25 11:25:40,V027,99.0,1.0150695221836523
2026-05-25,2026-05-25 11:25:41,V027,100.0,1.0661695635926256
2026-05-25,2026-05-25 11:25:42,V027,102.0,0.9880488942749497
2026-05-25,2026-05-25 11:25:43,V027,102.0,0.9554092520057468
2026-05-25,2026-05-25 11:25:44,V027,102.0,1.0229578804700028
2026-05-25,2026-05-25 11:25:45,V027,102.0,1.0577953119727104
2026-05-25,2026-05-25 11:25:46,V027,102.0,1.0391847895020296
2026-05-25,2026-05-25 11:25:47,V027,102.0,1.0029747849853068
2026-05-25,2026-05-25 11:25:48,V027,102.0,0.9685807374915343
2026-05-25,2026-05-25 11:25:49,V027,103.0,1.0148323063938247
2026-05-25,2026-05-25 11:25:50,V027,103.0,1.0515818477488041
2026-05-25,2026-05-25 11:25:51,V027,103.0,1.0592707020465624
2026-05-25,2026-05-25 11:25:52,V027,103.0,1.0006399050577008
2026-05-25,2026-05-25 11:25:53,V027,103.0,0.9746139210108996
2026-05-25,2026-05-25 11:25:54,V027,103.0,1.019271389974583
2026-05-25,2026-05-25 11:25:55,V027,103.0,1.061976366480367
2026-05-25,2026-05-25 11:25:56,V027,103.0,1.0376380210982026
2026-05-25,2026-05-25 11:25:57,V027,103.0,0.9605521968610821
2026-05-25,2026-05-25 11:25:58,V027,103.0,1.0450949027280694
2026-05-25,2026-05-25 11:25:59,V027,103.0,1.0592380753011654
2026-05-25,2026-05-25 11:26:00,V027,103.0,1.0416495885478387
2026-05-25,2026-05-25 11:26:01,V027,102.0,0.9704558095514143
2026-05-25,2026-05-25 11:26:02,V027,102.0,0.988992651506681
2026-05-25,2026-05-25 11:26:03,V027,102.0,1.0578812981166725
2026-05-25,2026-05-25 11:26:04,V027,102.0,1.0525706104296706
2026-05-25,2026-05-25 11:26:05,V027,101.0,0.9681632409794767
2026-05-25,2026-05-25 11:26:06,V027,101.0,1.0030439875853774
2026-05-25,2026-05-25 11:26:07,V027,100.0,1.073551999548671
2026-05-25,2026-05-25 11:26:08,V027,100.0,1.0183437125442838
2026-05-25,2026-05-25 11:26:09,V027,99.0,0.96675386431227
2026-05-25,2026-05-25 11:26:10,V027,99.0,0.9644516424553592
2026-05-25,2026-05-25 11:26:11,V027,98.0,1.0568525446152741
2026-05-25,2026-05-25 11:26:12,V027,98.0,1.0158514316327807
2026-05-25,2026-05-25 11:26:13,V027,98.0,1.001644006098498
2026-05-25,2026-05-25 11:26:14,V027,98.0,0.9789748557260003
2026-05-25,2026-05-25 11:26:15,V027,97.0,1.040809971763465
2026-05-25,2026-05-25 11:26:16,V027,97.0,1.0591847687390619
2026-05-25,2026-05-25 11:26:17,V027,96.0,0.9983245519633589
2026-05-25,2026-05-25 11:26:18,V027,96.0,1.000995524699262
2026-05-25,2026-05-25 11:26:19,V027,96.0,0.9857692529847768
2026-05-25,2026-05-25 11:26:20,V027,95.0,1.0543077532289031
2026-05-25,2026-05-25 11:26:21,V027,96.0,1.048768372455355
2026-05-25,2026-05-25 11:26:22,V027,96.0,0.9891581946738276
2026-05-25,2026-05-25 11:26:23,V027,97.0,1.0099544299553118
2026-05-25,2026-05-25 11:26:24,V027,97.0,0.9862202034431689
2026-05-25,2026-05-25 11:26:25,V027,98.0,1.025839394036444
2026-05-25,2026-05-25 11:26:26,V027,98.0,1.0716916512149668
2026-05-25,2026-05-25 11:26:27,V027,99.0,1.0342174686424894
2026-05-25,2026-05-25 11:26:28,V027,99.0,0.9814099686716378
2026-05-25,2026-05-25 11:26:29,V027,99.0,0.97828504620817
2026-05-25,2026-05-25 11:26:30,V027,99.0,1.010011993911915
2026-05-25,2026-05-25 11:26:31,V027,99.0,1.065617055135468
2026-05-25,2026-05-25 11:26:32,V027,99.0,1.029033326513085
2026-05-25,2026-05-25 11:26:33,V027,99.0,0.9843895886567705
2026-05-25,2026-05-25 11:26:34,V027,99.0,0.9983550335358512
2026-05-25,2026-05-25 11:26:35,V027,99.0,1.0429613558462194
2026-05-25,2026-05-25 11:26:36,V027,99.0,1.0553762320438387
2026-05-25,2026-05-25 11:26:37,V027,100.0,0.9894938881788112
2026-05-25,2026-05-25 11:26:38,V027,100.0,0.9649475408194825
2026-05-25,2026-05-25 11:26:39,V027,100.0,1.0267346187083222
2026-05-25,2026-05-25 11:26:40,V027,101.0,1.041708044158491
2026-05-25,2026-05-25 11:26:41,V027,101.0,0.978386799041381
2026-05-25,2026-05-25 11:26:42,V027,101.0,0.9807722678052453
2026-05-25,2026-05-25 11:26:43,V027,101.0,1.0386430662982815
2026-05-25,2026-05-25 11:26:44,V027,101.0,1.0471805014881113
2026-05-25,2026-05-25 11:26:45,V027,101.0,0.9907663224017513
2026-05-25,2026-05-25 11:26:46,V027,101.0,0.9766430127848618
2026-05-25,2026-05-25 11:26:47,V027,100.0,1.011305963565404
2026-05-25,2026-05-25 11:26:48,V027,100.0,1.0307336291840985
2026-05-25,2026-05-25 11:26:49,V027,99.0,1.0228763579708147
2026-05-25,2026-05-25 11:26:50,V027,99.0,0.9476109455393423
2026-05-25,2026-05-25 11:26:51,V027,98.0,1.006289485037634
2026-05-25,2026-05-25 11:26:52,V027,98.0,1.0405300907712383
2026-05-25,2026-05-25 11:26:53,V027,98.0,1.060342858718011
2026-05-25,2026-05-25 11:26:54,V027,98.0,0.9986746401141811
2026-05-25,2026-05-25 11:26:55,V027,98.0,0.9749951061504005
2026-05-25,2026-05-25 11:26:56,V027,98.0,0.9948313948247836
2026-05-25,2026-05-25 11:26:57,V027,99.0,1.0479123641468573
2026-05-25,2026-05-25 11:26:58,V027,99.0,0.9900467913085086
2026-05-25,2026-05-25 11:26:59,V027,100.0,0.984040489964118
2026-05-25,2026-05-25 11:27:00,V027,100.0,0.9984016288512447
2026-05-25,2026-05-25 11:27:01,V027,100.0,1.0359054361540496
2026-05-25,2026-05-25 11:27:02,V027,101.0,1.0449366037669352
2026-05-25,2026-05-25 11:27:03,V027,101.0,0.9800707047520015
2026-05-25,2026-05-25 11:27:04,V027,101.0,0.9601817267297506
2026-05-25,2026-05-25 11:27:05,V027,102.0,1.0455267924149594
2026-05-25,2026-05-25 11:27:06,V027,103.0,1.0122619278545961
2026-05-25,2026-05-25 11:27:07,V027,104.0,0.9709677538551467
2026-05-25,2026-05-25 11:27:08,V027,105.0,1.0017849153911869
2026-05-25,2026-05-25 11:27:09,V027,104.0,1.02490524276863
2026-05-25,2026-05-25 11:27:10,V027,104.0,1.066078979838071
2026-05-25,2026-05-25 11:27:11,V027,104.0,0.9811331337439617
2026-05-25,2026-05-25 11:27:12,V027,105.0,0.9634616407211847
2026-05-25,2026-05-25 11:27:13,V027,106.0,1.0318060448912088
2026-05-25,2026-05-25 11:27:14,V027,106.0,1.043582878566369
2026-05-25,2026-05-25 11:27:15,V027,107.0,0.9775974824243037
2026-05-25,2026-05-25 11:27:16,V027,108.0,0.9764819363084142
2026-05-25,2026-05-25 11:27:17,V027,109.0,1.0316314713214092
2026-05-25,2026-05-25 11:27:18,V027,110.0,1.0570279248860712
2026-05-25,2026-05-25 11:27:19,V027,110.0,0.9889237666978288
2026-05-25,2026-05-25 11:27:20,V027,111.0,0.9664007751190966
2026-05-25,2026-05-25 11:27:21,V027,111.0,1.0118671788703915
2026-05-25,2026-05-25 11:27:22,V027,112.0,1.0275938712252257
2026-05-25,2026-05-25 11:27:23,V027,112.0,0.9852766027084182
2026-05-25,2026-05-25 11:27:24,V027,112.0,0.94847828340504
2026-05-25,2026-05-25 11:27:25,V027,112.0,1.0280548109574104
2026-05-25,2026-05-25 11:27:26,V027,112.0,1.037919402146672
2026-05-25,2026-05-25 11:27:27,V027,112.0,0.9962101043687898
2026-05-25,2026-05-25 11:27:28,V027,112.0,0.9680290915782582
2026-05-25,2026-05-25 11:27:29,V027,112.0,1.0047656364874922
2026-05-25,2026-05-25 11:27:30,V027,112.0,1.049230469952178
2026-05-25,2026-05-25 11:27:31,V027,112.0,0.9763971745577135
2026-05-25,2026-05-25 11:27:32,V027,112.0,0.9872727775111736
2026-05-25,2026-05-25 11:27:33,V027,113.0,1.0328615060901476
2026-05-25,2026-05-25 11:27:34,V027,113.0,1.0553528437818698
2026-05-25,2026-05-25 11:27:35,V027,113.0,0.961953204672652
2026-05-25,2026-05-25 11:27:36,V027,112.0,0.9715262409178308
2026-05-25,2026-05-25 11:27:37,V027,112.0,1.0520555537338963
2026-05-25,2026-05-25 11:27:38,V027,111.0,1.0125204048810181
2026-05-25,2026-05-25 11:27:39,V027,110.0,0.9920879497869103
2026-05-25,2026-05-25 11:27:40,V027,110.0,1.0033098901600181
2026-05-25,2026-05-25 11:27:41,V027,109.0,1.0378879512584147
2026-05-25,2026-05-25 11:27:42,V027,108.0,1.0421797355273226
2026-05-25,2026-05-25 11:27:43,V027,107.0,0.9534578603356283
2026-05-25,2026-05-25 11:27:44,V027,106.0,0.9989602527279017
2026-05-25,2026-05-25 11:27:45,V027,107.0,1.0618478604994515
2026-05-25,2026-05-25 11:27:46,V027,107.0,0.985211286825502
2026-05-25,2026-05-25 11:27:47,V027,107.0,0.9794335962282459
2026-05-25,2026-05-25 11:27:48,V027,107.0,1.064468679655883
2026-05-25,2026-05-25 11:27:49,V027,108.0,1.061721625429436
2026-05-25,2026-05-25 11:27:50,V027,108.0,0.9860035126081487
2026-05-25,2026-05-25 11:27:51,V027,109.0,0.9562611160091943
2026-05-25,2026-05-25 11:27:52,V027,109.0,1.0244289289978292
2026-05-25,2026-05-25 11:27:53,V027,110.0,1.0266799389073942
2026-05-25,2026-05-25 11:27:54,V027,110.0,0.952914636528434
2026-05-25,2026-05-25 11:27:55,V027,111.0,1.0247748574414293
2026-05-25,2026-05-25 11:27:56,V027,111.0,1.0033819188301942
2026-05-25,2026-05-25 11:27:57,V027,111.0,0.9410181471189876
2026-05-25,2026-05-25 11:27:58,V027,112.0,1.0450261618189678
2026-05-25,2026-05-25 11:27:59,V027,112.0,1.0120407525253514
2026-05-25,2026-05-25 11:28:00,V027,112.0,0.9604719193754903
2026-05-25,2026-05-25 11:28:01,V027,112.0,1.0120312695248097
2026-05-25,2026-05-25 11:28:02,V027,112.0,0.9917857491691096
2026-05-25,2026-05-25 11:28:03,V027,112.0,0.9964114834734195
2026-05-25,2026-05-25 11:28:04,V027,112.0,0.9641371532286476
2026-05-25,2026-05-25 11:28:05,V027,112.0,1.015292980546583
2026-05-25,2026-05-25 11:28:06,V027,111.0,0.9744915050393769
2026-05-25,2026-05-25 11:28:07,V027,111.0,0.9937837281283854
2026-05-25,2026-05-25 11:28:08,V027,110.0,0.9825448035876686
2026-05-25,2026-05-25 11:28:09,V027,110.0,0.9873462503094984
2026-05-25,2026-05-25 11:28:10,V027,109.0,0.9932337626421347
2026-05-25,2026-05-25 11:28:11,V027,109.0,0.9726059097384848
2026-05-25,2026-05-25 11:28:12,V027,109.0,0.992703325137266
2026-05-25,2026-05-25 11:28:13,V027,109.0,1.0243809214480164
2026-05-25,2026-05-25 11:28:14,V027,108.0,0.9587513479609554
2026-05-25,2026-05-25 11:28:15,V027,108.0,0.9693724239144537
2026-05-25,2026-05-25 11:28:16,V027,107.0,1.0065771179278127
2026-05-25,2026-05-25 11:28:17,V027,107.0,0.9898790300421532
2026-05-25,2026-05-25 11:28:18,V027,106.0,0.9793906442920813
2026-05-25,2026-05-25 11:28:19,V027,106.0,0.9708548725067777
2026-05-25,2026-05-25 11:28:20,V027,105.0,0.8928960784554825
2026-05-25,2026-05-25 11:28:21,V027,104.0,1.1549251666836131
2026-05-25,2026-05-25 11:28:22,V027,104.0,0.935491704597637
2026-05-25,2026-05-25 11:28:23,V027,103.0,1.041346500376745
2026-05-25,2026-05-25 11:28:24,V027,102.0,0.9683606228805836
2026-05-25,2026-05-25 11:28:25,V027,102.0,0.9742842217624706
2026-05-25,2026-05-25 11:28:26,V027,103.0,1.0241188656934292
2026-05-25,2026-05-25 11:28:27,V027,103.0,0.9534883886942565
2026-05-25,2026-05-25 11:28:28,V027,104.0,0.9770023069865819
2026-05-25,2026-05-25 11:28:29,V027,104.0,1.043594536914151
2026-05-25,2026-05-25 11:28:30,V027,105.0,0.9580050510331038
2026-05-25,2026-05-25 11:28:31,V027,105.0,1.046958784038011
2026-05-25,2026-05-25 11:28:32,V027,105.0,0.940961858040463
2026-05-25,2026-05-25 11:28:33,V027,105.0,0.9737755714887985
2026-05-25,2026-05-25 11:28:34,V027,104.0,1.0079122313465692
2026-05-25,2026-05-25 11:28:35,V027,104.0,1.008698366324556
2026-05-25,2026-05-25 11:28:36,V027,104.0,0.9542127798536241
2026-05-25,2026-05-25 11:28:37,V027,104.0,0.9997315447233008
2026-05-25,2026-05-25 11:28:38,V027,103.0,1.0040980366363397
2026-05-25,2026-05-25 11:28:39,V027,104.0,1.0080933367858593
2026-05-25,2026-05-25 11:28:40,V027,104.0,0.9890238554811062
2026-05-25,2026-05-25 11:28:41,V027,104.0,0.9798365948270115
2026-05-25,2026-05-25 11:28:42,V027,104.0,1.0085834996679603
2026-05-25,2026-05-25 11:28:43,V027,104.0,1.0262252634387423
2026-05-25,2026-05-25 11:28:44,V027,104.0,1.2857923723407632
2026-05-25,2026-05-25 11:28:45,V027,105.0,0.995711377423087
2026-05-25,2026-05-25 11:28:46,V027,106.0,1.0131526201870453
2026-05-25,2026-05-25 11:28:47,V027,105.0,0.9634669575169719
2026-05-25,2026-05-25 11:28:48,V027,104.0,1.0296395094215953
2026-05-25,2026-05-25 11:28:49,V027,104.0,0.9771391605445408
2026-05-25,2026-05-25 11:28:50,V027,103.0,0.9751731031854731
2026-05-25,2026-05-25 11:28:51,V027,103.0,1.002200064595801
2026-05-25,2026-05-25 11:28:52,V027,102.0,0.9818794080554467
2026-05-25,2026-05-25 11:28:53,V027,103.0,0.9910529114968496
2026-05-25,2026-05-25 11:28:54,V027,103.0,1.01757591954126
2026-05-25,2026-05-25 11:28:55,V027,104.0,0.980436347110718
2026-05-25,2026-05-25 11:28:56,V027,104.0,0.9790650358160883
2026-05-25,2026-05-25 11:28:57,V027,105.0,1.0112242987550417
2026-05-25,2026-05-25 11:28:58,V027,106.0,0.9840540136541311
2026-05-25,2026-05-25 11:28:59,V027,106.0,1.0060512404754507
2026-05-25,2026-05-25 11:29:00,V027,106.0,0.9793327023876576
2026-05-25,2026-05-25 11:29:01,V027,105.0,0.9908999759803254
2026-05-25,2026-05-25 11:29:02,V027,105.0,0.9966195519193348
2026-05-25,2026-05-25 11:29:03,V027,105.0,0.9938821321567769
2026-05-25,2026-05-25 11:29:04,V027,105.0,0.9863724625108994
2026-05-25,2026-05-25 11:29:05,V027,105.0,0.9896250118892813
2026-05-25,2026-05-25 11:29:06,V027,105.0,0.9840512745974336
2026-05-25,2026-05-25 11:29:07,V027,105.0,0.9870357896411535
2026-05-25,2026-05-25 11:29:08,V027,104.0,0.988333539689254
2026-05-25,2026-05-25 11:29:09,V027,105.0,0.999366245969308
2026-05-25,2026-05-25 11:29:10,V027,105.0,0.980109500481188
2026-05-25,2026-05-25 11:29:11,V027,105.0,0.9833668619677556
2026-05-25,2026-05-25 11:29:12,V027,105.0,1.0058803086067256
2026-05-25,2026-05-25 11:29:13,V027,105.0,0.9858747482779645
2026-05-25,2026-05-25 11:29:14,V027,105.0,1.0019047390998916
2026-05-25,2026-05-25 11:29:15,V027,104.0,0.9727565288319749
2026-05-25,2026-05-25 11:29:16,V027,104.0,0.9904082687387059
2026-05-25,2026-05-25 11:29:17,V027,104.0,1.0114898468212978
2026-05-25,2026-05-25 11:29:18,V027,104.0,0.9759533935227565
2026-05-25,2026-05-25 11:29:19,V027,104.0,0.9898274984773345
2026-05-25,2026-05-25 11:29:20,V027,104.0,0.9754241106799084
2026-05-25,2026-05-25 11:29:21,V027,105.0,0.9921377754496454
2026-05-25,2026-05-25 11:29:22,V027,105.0,0.9946664843475697
2026-05-25,2026-05-25 11:29:23,V027,105.0,0.974876760801727
2026-05-25,2026-05-25 11:29:24,V027,106.0,1.005049921668755
2026-05-25,2026-05-25 11:29:25,V027,106.0,0.9874428496161785
2026-05-25,2026-05-25 11:29:26,V027,106.0,0.9929575363218909
2026-05-25,2026-05-25 11:29:27,V027,106.0,1.0084168893322587
2026-05-25,2026-05-25 11:29:28,V027,105.0,0.9861799043289974
2026-05-25,2026-05-25 11:29:29,V027,105.0,1.0157861727430582
2026-05-25,2026-05-25 11:29:30,V027,105.0,0.9904657908226373
2026-05-25,2026-05-25 11:29:31,V027,104.0,0.9965199351596215
2026-05-25,2026-05-25 11:29:32,V027,104.0,0.9976837115395751
2026-05-25,2026-05-25 11:29:33,V027,103.0,0.994624099756271
2026-05-25,2026-05-25 11:29:34,V027,103.0,0.9892686928817019
2026-05-25,2026-05-25 11:29:35,V027,103.0,1.0243255880361322
2026-05-25,2026-05-25 11:29:36,V027,103.0,0.993980800137846
2026-05-25,2026-05-25 11:29:37,V027,103.0,0.989407641233026
2026-05-25,2026-05-25 11:29:38,V027,103.0,0.9990239745795464
2026-05-25,2026-05-25 11:29:39,V027,103.0,0.9810014623762983
2026-05-25,2026-05-25 11:29:40,V027,103.0,0.9920698490808139
2026-05-25,2026-05-25 11:29:41,V027,102.0,0.9808560072412562
2026-05-25,2026-05-25 11:29:42,V027,102.0,0.9791596446729902
2026-05-25,2026-05-25 11:29:43,V027,101.0,0.9814569807034165
2026-05-25,2026-05-25 11:29:44,V027,100.0,0.978486419741956
2026-05-25,2026-05-25 11:29:45,V027,100.0,0.9808447147747191
2026-05-25,2026-05-25 11:29:46,V027,100.0,0.9792899672727181
2026-05-25,2026-05-25 11:29:47,V027,100.0,0.9761976290101966
2026-05-25,2026-05-25 11:29:48,V027,100.0,0.9981256094474876
2026-05-25,2026-05-25 11:29:49,V027,99.0,0.9772275876178265
2026-05-25,2026-05-25 11:29:50,V027,98.0,0.9830829165352387
2026-05-25,2026-05-25 11:29:51,V027,97.0,0.9806418507796242
2026-05-25,2026-05-25 11:29:52,V027,96.0,0.9773447274994876
2026-05-25,2026-05-25 11:29:53,V027,95.0,0.9965305860615996
2026-05-25,2026-05-25 11:29:54,V027,95.0,0.9747308022026138
2026-05-25,2026-05-25 11:29:55,V027,94.0,0.9961081433645895
2026-05-25,2026-05-25 11:29:56,V027,93.0,0.9875537198556469
2026-05-25,2026-05-25 11:29:57,V027,93.0,0.9889015208883459
2026-05-25,2026-05-25 11:29:58,V027,93.0,0.9807129926251331
2026-05-25,2026-05-25 11:29:59,V027,94.0,0.9824528721356365
2026-05-25,2026-05-25 11:30:00,V027,94.0,0.9859715245454583
2026-05-25,2026-05-25 11:30:01,V027,95.0,0.9847152507355532
2026-05-25,2026-05-25 11:30:02,V027,96.0,0.9835875987008532
2026-05-25,2026-05-25 11:30:03,V027,96.0,0.9873984141460111
2026-05-25,2026-05-25 11:30:04,V027,97.0,0.970018169976677
2026-05-25,2026-05-25 11:30:05,V027,97.0,1.0090688328437827
2026-05-25,2026-05-25 11:30:06,V027,97.0,0.9857951143971413
2026-05-25,2026-05-25 11:30:07,V027,97.0,0.9812290530221963
2026-05-25,2026-05-25 11:30:08,V027,97.0,0.9880143846735058
2026-05-25,2026-05-25 11:30:09,V027,97.0,0.9809267491191028
2026-05-25,2026-05-25 11:30:10,V027,97.0,0.9859885164029345
2026-05-25,2026-05-25 11:30:11,V027,97.0,0.9854852386503232
2026-05-25,2026-05-25 11:30:12,V027,96.0,0.9854532220587153
2026-05-25,2026-05-25 11:30:13,V027,96.0,0.9844451593170576
2026-05-25,2026-05-25 11:30:14,V027,96.0,0.9837618670680874
2026-05-25,2026-05-25 11:30:15,V027,96.0,0.9837573187869556
2026-05-25,2026-05-25 11:30:16,V027,96.0,0.9865533749396168
2026-05-25,2026-05-25 11:30:17,V027,96.0,0.9858876556188756
2026-05-25,2026-05-25 11:30:18,V027,96.0,0.9833670121176797
2026-05-25,2026-05-25 11:30:19,V027,96.0,0.9814003139025159
2026-05-25,2026-05-25 11:30:20,V027,96.0,0.9857713548155018
2026-05-25,2026-05-25 11:30:21,V027,96.0,0.985655719250541
2026-05-25,2026-05-25 11:30:22,V027,96.0,0.9855777022731406
2026-05-25,2026-05-25 11:30:23,V027,96.0,0.9836341845551861
2026-05-25,2026-05-25 11:30:24,V027,96.0,0.9844306860113282
2026-05-25,2026-05-25 11:30:25,V027,96.0,0.9844924367068635
2026-05-25,2026-05-25 11:30:26,V027,97.0,0.9847967041755116
2026-05-25,2026-05-25 11:30:27,V027,98.0,0.9847576670359389
2026-05-25,2026-05-25 11:30:28,V027,99.0,0.9853251649061499
2026-05-25,2026-05-25 11:30:29,V027,100.0,0.9815426527355947
2026-05-25,2026-05-25 11:30:30,V027,100.0,0.986801088742689
2026-05-25,2026-05-25 11:30:31,V027,101.0,0.9824612532441132
2026-05-25,2026-05-25 11:30:32,V027,101.0,0.9856249690111386
2026-05-25,2026-05-25 11:30:33,V027,101.0,0.9822850260971008
2026-05-25,2026-05-25 11:30:34,V027,100.0,0.9849109132727629
2026-05-25,2026-05-25 11:30:35,V027,101.0,0.9838004169769624
2026-05-25,2026-05-25 11:30:36,V027,101.0,0.987776817259177
2026-05-25,2026-05-25 11:30:37,V027,102.0,0.9837538701751618
2026-05-25,2026-05-25 11:30:38,V027,102.0,0.9784672151374727
2026-05-25,2026-05-25 11:30:39,V027,104.0,0.9974165162789822
2026-05-25,2026-05-25 11:30:40,V027,104.0,0.9736428604093567
2026-05-25,2026-05-25 11:30:41,V027,105.0,0.9857518941689122
2026-05-25,2026-05-25 11:30:42,V027,106.0,0.9766606519456501
2026-05-25,2026-05-25 11:30:43,V027,105.0,0.9847677233265176
2026-05-25,2026-05-25 11:30:44,V027,105.0,0.9807564409925326
2026-05-25,2026-05-25 11:30:45,V027,104.0,0.9807291742766121
2026-05-25,2026-05-25 11:30:46,V027,104.0,0.9806980063919277
2026-05-25,2026-05-25 11:30:47,V027,103.0,0.9816773075539942
2026-05-25,2026-05-25 11:30:48,V027,103.0,0.9856583844020997
2026-05-25,2026-05-25 11:30:49,V027,103.0,0.9895029692016647
2026-05-25,2026-05-25 11:30:50,V027,103.0,0.9873449474543027
2026-05-25,2026-05-25 11:30:51,V027,104.0,0.9932860063619864
2026-05-25,2026-05-25 11:30:52,V027,104.0,0.9842492457860966
2026-05-25,2026-05-25 11:30:53,V027,105.0,0.9833790103278588
2026-05-25,2026-05-25 11:30:54,V027,105.0,0.988283861068886
2026-05-25,2026-05-25 11:30:55,V027,106.0,0.9826424485476841
2026-05-25,2026-05-25 11:30:56,V027,106.0,0.9800006446057347
2026-05-25,2026-05-25 11:30:57,V027,105.0,0.9803073257999173
2026-05-25,2026-05-25 11:30:58,V027,105.0,0.9786505497828699
2026-05-25,2026-05-25 11:30:59,V027,104.0,0.9827834276194821
2026-05-25,2026-05-25 11:31:00,V027,103.0,0.9820613092875523
2026-05-25,2026-05-25 11:31:01,V027,102.0,0.9822613917190389
2026-05-25,2026-05-25 11:31:02,V027,102.0,0.9800339485371475
2026-05-25,2026-05-25 11:31:03,V027,101.0,0.9802525751668797
2026-05-25,2026-05-25 11:31:04,V027,101.0,0.9790392955538754
2026-05-25,2026-05-25 11:31:05,V027,101.0,0.9791106845558127
2026-05-25,2026-05-25 11:31:06,V027,101.0,0.9803240215630888
2026-05-25,2026-05-25 11:31:07,V027,100.0,0.978452403106036
2026-05-25,2026-05-25 11:31:08,V027,100.0,0.9802165171006918
2026-05-25,2026-05-25 11:31:09,V027,99.0,0.982031920002554
2026-05-25,2026-05-25 11:31:10,V027,99.0,0.9771004517690315
2026-05-25,2026-05-25 11:31:11,V027,97.0,0.9797639336689925
2026-05-25,2026-05-25 11:31:12,V027,97.0,0.9822959631564789
2026-05-25,2026-05-25 11:31:13,V027,96.0,0.9771874653600079
2026-05-25,2026-05-25 11:31:14,V027,95.0,0.9818894524767238
2026-05-25,2026-05-25 11:31:15,V027,95.0,0.9794440996092163
2026-05-25,2026-05-25 11:31:16,V027,94.0,0.9800063565497699
2026-05-25,2026-05-25 11:31:17,V027,95.0,0.9802493872812683
2026-05-25,2026-05-25 11:31:18,V027,95.0,0.9782297471874584
2026-05-25,2026-05-25 11:31:19,V027,95.0,0.9800839514458506
2026-05-25,2026-05-25 11:31:20,V027,96.0,0.979523921485755
2026-05-25,2026-05-25 11:31:21,V027,96.0,0.9793125484307893
2026-05-25,2026-05-25 11:31:22,V027,96.0,0.9810213899217899
2026-05-25,2026-05-25 11:31:23,V027,96.0,0.9809276326893338
2026-05-25,2026-05-25 11:31:24,V027,96.0,0.9791574562197305
2026-05-25,2026-05-25 11:31:25,V027,96.0,0.9823714603124231
2026-05-25,2026-05-25 11:31:26,V027,95.0,0.9790075148415136
2026-05-25,2026-05-25 11:31:27,V027,95.0,0.9836001251005105
2026-05-25,2026-05-25 11:31:28,V027,95.0,0.9801195386056909
2026-05-25,2026-05-25 11:31:29,V027,95.0,0.9821329544295285
2026-05-25,2026-05-25 11:31:30,V027,95.0,0.990934228757654
2026-05-25,2026-05-25 11:31:31,V027,95.0,0.9950998095801071
2026-05-25,2026-05-25 11:31:32,V027,95.0,0.98036568434477
2026-05-25,2026-05-25 11:31:33,V027,95.0,0.9851525815887571
2026-05-25,2026-05-25 11:31:34,V027,95.0,0.9856636679159488
2026-05-25,2026-05-25 11:31:35,V027,94.0,0.9855527154059495
2026-05-25,2026-05-25 11:31:36,V027,94.0,0.9855811857815123
2026-05-25,2026-05-25 11:31:37,V027,95.0,0.9850413911374707
2026-05-25,2026-05-25 11:31:38,V027,95.0,0.987842915664923
2026-05-25,2026-05-25 11:31:39,V027,95.0,0.9749977649654238
2026-05-25,2026-05-25 11:31:40,V027,96.0,0.9892007663933877
2026-05-25,2026-05-25 11:31:41,V027,97.0,0.9928362609311081
2026-05-25,2026-05-25 11:31:42,V027,97.0,0.9871939115686501
2026-05-25,2026-05-25 11:31:43,V027,98.0,1.0002571932222613
2026-05-25,2026-05-25 11:31:44,V027,98.0,0.974692348966309
2026-05-25,2026-05-25 11:31:45,V027,97.0,0.9863602284011027
2026-05-25,2026-05-25 11:31:46,V027,97.0,0.983031375189077
2026-05-25,2026-05-25 11:31:47,V027,96.0,1.0116878478321842
2026-05-25,2026-05-25 11:31:48,V027,96.0,0.9869312784650733
2026-05-25,2026-05-25 11:31:49,V027,96.0,0.9864859411650841
2026-05-25,2026-05-25 11:31:50,V027,96.0,0.9868589896134212
2026-05-25,2026-05-25 11:31:51,V027,97.0,0.9729253873504224
2026-05-25,2026-05-25 11:31:52,V027,98.0,0.9879955421484192
2026-05-25,2026-05-25 11:31:53,V027,98.0,0.9833159021551886
2026-05-25,2026-05-25 11:31:54,V027,99.0,0.9737211559828506
2026-05-25,2026-05-25 11:31:55,V027,99.0,0.9860107523201072
2026-05-25,2026-05-25 11:31:56,V027,99.0,0.9818393405865156
2026-05-25,2026-05-25 11:31:57,V027,99.0,0.9814995372579645
2026-05-25,2026-05-25 11:31:58,V027,99.0,0.9813150284644407
2026-05-25,2026-05-25 11:31:59,V027,98.0,0.9746660149310636
2026-05-25,2026-05-25 11:32:00,V027,98.0,0.9886842259038455
2026-05-25,2026-05-25 11:32:01,V027,98.0,0.978201216877917
2026-05-25,2026-05-25 11:32:02,V027,98.0,0.9774754010848189
2026-05-25,2026-05-25 11:32:03,V027,97.0,0.9806286280742441
2026-05-25,2026-05-25 11:32:04,V027,97.0,0.9790971214394435
2026-05-25,2026-05-25 11:32:05,V027,97.0,0.9808733317499597
2026-05-25,2026-05-25 11:32:06,V027,96.0,0.97986498044249
2026-05-25,2026-05-25 11:32:07,V027,96.0,0.9765480937278506
2026-05-25,2026-05-25 11:32:08,V027,96.0,0.9872934127735298
2026-05-25,2026-05-25 11:32:09,V027,96.0,0.9767656673889391
2026-05-25,2026-05-25 11:32:10,V027,96.0,0.988552627109235
2026-05-25,2026-05-25 11:32:11,V027,96.0,0.9752975618279216
2026-05-25,2026-05-25 11:32:12,V027,96.0,0.9766594689277476
2026-05-25,2026-05-25 11:32:13,V027,96.0,0.9788176938248876
2026-05-25,2026-05-25 11:32:14,V027,96.0,0.9786326251488751
2026-05-25,2026-05-25 11:32:15,V027,96.0,0.9782000744925661
2026-05-25,2026-05-25 11:32:16,V027,95.0,0.9775717683149956
2026-05-25,2026-05-25 11:32:17,V027,95.0,0.9785261020950682
2026-05-25,2026-05-25 11:32:18,V027,95.0,0.9778680062561098
2026-05-25,2026-05-25 11:32:19,V027,95.0,0.977748539720493
2026-05-25,2026-05-25 11:32:20,V027,96.0,0.9795871256961134
2026-05-25,2026-05-25 11:32:21,V027,96.0,0.9766511709570029
2026-05-25,2026-05-25 11:32:22,V027,96.0,0.9779110516603664
2026-05-25,2026-05-25 11:32:23,V027,96.0,0.9778299991962441
2026-05-25,2026-05-25 11:32:24,V027,96.0,0.9774903514454135
2026-05-25,2026-05-25 11:32:25,V027,96.0,0.9779015589495126
2026-05-25,2026-05-25 11:32:26,V027,96.0,0.9772483792918457
2026-05-25,2026-05-25 11:32:27,V027,95.0,0.9809043765834277
2026-05-25,2026-05-25 11:32:28,V027,95.0,0.9756472277598798
2026-05-25,2026-05-25 11:32:29,V027,95.0,0.9763572723872014
2026-05-25,2026-05-25 11:32:30,V027,95.0,0.9794537068319192
2026-05-25,2026-05-25 11:32:31,V027,95.0,0.9801904187168107
2026-05-25,2026-05-25 11:32:32,V027,94.0,0.9778517689228368
2026-05-25,2026-05-25 11:32:33,V027,94.0,0.979586448070584
2026-05-25,2026-05-25 11:32:34,V027,94.0,0.977383249547382
2026-05-25,2026-05-25 11:32:35,V027,95.0,0.9759466019209395
2026-05-25,2026-05-25 11:32:36,V027,95.0,0.9798748454757292
2026-05-25,2026-05-25 11:32:37,V027,96.0,0.9780402383806737
2026-05-25,2026-05-25 11:32:38,V027,96.0,0.9764649747706075
2026-05-25,2026-05-25 11:32:39,V027,97.0,0.9786167936381481
2026-05-25,2026-05-25 11:32:40,V027,98.0,0.9780177742399991
2026-05-25,2026-05-25 11:32:41,V027,98.0,0.9783867073898551
2026-05-25,2026-05-25 11:32:42,V027,99.0,0.9758007209716151
2026-05-25,2026-05-25 11:32:43,V027,99.0,0.9797970534930046
2026-05-25,2026-05-25 11:32:44,V027,98.0,0.9801892381366596
2026-05-25,2026-05-25 11:32:45,V027,98.0,0.976590684342727
2026-05-25,2026-05-25 11:32:46,V027,97.0,0.9758478893356566
2026-05-25,2026-05-25 11:32:47,V027,97.0,0.9792308547180519
2026-05-25,2026-05-25 11:32:48,V027,96.0,0.9767678452215127
2026-05-25,2026-05-25 11:32:49,V027,96.0,0.9762102049596143
2026-05-25,2026-05-25 11:32:50,V027,95.0,0.979904174229345
2026-05-25,2026-05-25 11:32:51,V027,95.0,0.9768558879146093
2026-05-25,2026-05-25 11:32:52,V027,95.0,0.9789202587871911
2026-05-25,2026-05-25 11:32:53,V027,94.0,0.9768360654366864
2026-05-25,2026-05-25 11:32:54,V027,93.0,0.9767833147297729
2026-05-25,2026-05-25 11:32:55,V027,93.0,0.9795293210089815
2026-05-25,2026-05-25 11:32:56,V027,92.0,0.977745943611845
2026-05-25,2026-05-25 11:32:57,V027,92.0,0.9774600661137353
2026-05-25,2026-05-25 11:32:58,V027,92.0,0.9771381320149355
2026-05-25,2026-05-25 11:32:59,V027,93.0,0.9780172088141968
2026-05-25,2026-05-25 11:33:00,V027,94.0,0.9772020369468339
2026-05-25,2026-05-25 11:33:01,V027,95.0,0.9776181043650194
2026-05-25,2026-05-25 11:33:02,V027,96.0,0.977274715693201
2026-05-25,2026-05-25 11:33:03,V027,97.0,0.9785236067159602
2026-05-25,2026-05-25 11:33:04,V027,97.0,0.9642684190489192
2026-05-25,2026-05-25 11:33:05,V027,97.0,0.9713516795481116
2026-05-25,2026-05-25 11:33:06,V027,96.0,1.0676486331959323
2026-05-25,2026-05-25 11:33:07,V027,95.0,0.9825538482839904
2026-05-25,2026-05-25 11:33:08,V027,94.0,1.0187688803097812
2026-05-25,2026-05-25 11:33:09,V027,94.0,0.9855213464023361
2026-05-25,2026-05-25 11:33:10,V027,93.0,0.9837177458889734
2026-05-25,2026-05-25 11:33:11,V027,94.0,0.9890854932977411
2026-05-25,2026-05-25 11:33:12,V027,95.0,1.0131803066048137
2026-05-25,2026-05-25 11:33:13,V027,96.0,0.9790789596292037
2026-05-25,2026-05-25 11:33:14,V027,97.0,0.9792655403608879
2026-05-25,2026-05-25 11:33:15,V027,98.0,0.9795208303216502
2026-05-25,2026-05-25 11:33:16,V027,99.0,0.9781977681356188
2026-05-25,2026-05-25 11:33:17,V027,99.0,0.9796611837205644
2026-05-25,2026-05-25 11:33:18,V027,100.0,0.9786495432717137
2026-05-25,2026-05-25 11:33:19,V027,100.0,0.9790994784393372
2026-05-25,2026-05-25 11:33:20,V027,100.0,0.9793193775720782
2026-05-25,2026-05-25 11:33:21,V027,100.0,0.9796448997900281
2026-05-25,2026-05-25 11:33:22,V027,100.0,0.9784474089793663
2026-05-25,2026-05-25 11:33:23,V027,99.0,0.9771921913798343
2026-05-25,2026-05-25 11:33:24,V027,99.0,0.9780219717940217
2026-05-25,2026-05-25 11:33:25,V027,98.0,0.9803559631179491
2026-05-25,2026-05-25 11:33:26,V027,98.0,0.9791358010793502
2026-05-25,2026-05-25 11:33:27,V027,97.0,0.9792863043048955
2026-05-25,2026-05-25 11:33:28,V027,96.0,0.9791676081163089
2026-05-25,2026-05-25 11:33:29,V027,95.0,0.9792129124174791
2026-05-25,2026-05-25 11:33:30,V027,95.0,0.9801579992481935
2026-05-25,2026-05-25 11:33:31,V027,94.0,0.9769771353482365
2026-05-25,2026-05-25 11:33:32,V027,94.0,0.9801885847416187
2026-05-25,2026-05-25 11:33:33,V027,93.0,0.9793917480204385
2026-05-25,2026-05-25 11:33:34,V027,93.0,0.9789737264405478
2026-05-25,2026-05-25 11:33:35,V027,93.0,0.9793262048881375
2026-05-25,2026-05-25 11:33:36,V027,92.0,0.9783274886607224
2026-05-25,2026-05-25 11:33:37,V027,91.0,0.979278645237974
2026-05-25,2026-05-25 11:33:38,V027,90.0,0.9790698311496017
2026-05-25,2026-05-25 11:33:39,V027,88.0,0.979291911432105
2026-05-25,2026-05-25 11:33:40,V027,87.0,0.9789685342887162
2026-05-25,2026-05-25 11:33:41,V027,85.0,0.9791931368312048
2026-05-25,2026-05-25 11:33:42,V027,84.0,0.9798660003573256
2026-05-25,2026-05-25 11:33:43,V027,82.0,0.9788989773379052
2026-05-25,2026-05-25 11:33:44,V027,80.0,0.9786541546455063
2026-05-25,2026-05-25 11:33:45,V027,79.0,0.9788250978438332
2026-05-25,2026-05-25 11:33:46,V027,77.0,0.9791803825758094
2026-05-25,2026-05-25 11:33:47,V027,76.0,0.979260909745475
2026-05-25,2026-05-25 11:33:48,V027,76.0,0.9788138044404486
2026-05-25,2026-05-25 11:33:49,V027,75.0,0.9791096465470281
2026-05-25,2026-05-25 11:33:50,V027,75.0,0.9790911765739415
2026-05-25,2026-05-25 11:33:51,V027,75.0,0.979439204674067
2026-05-25,2026-05-25 11:33:52,V027,74.0,0.9791995410724585
2026-05-25,2026-05-25 11:33:53,V027,74.0,0.9786564780221524
2026-05-25,2026-05-25 11:33:54,V027,73.0,0.9793738414787023
2026-05-25,2026-05-25 11:33:55,V027,73.0,0.9795196045715181
2026-05-25,2026-05-25 11:33:56,V027,73.0,0.9795297028663235
2026-05-25,2026-05-25 11:33:57,V027,72.0,0.9790103177840678
2026-05-25,2026-05-25 11:33:58,V027,72.0,0.9798667220212434
2026-05-25,2026-05-25 11:33:59,V027,73.0,0.978590772615585
2026-05-25,2026-05-25 11:34:00,V027,73.0,0.9797122210126455
2026-05-25,2026-05-25 11:34:01,V027,73.0,0.9792763849772058
2026-05-25,2026-05-25 11:34:02,V027,73.0,0.9793592644529838
2026-05-25,2026-05-25 11:34:03,V027,74.0,0.979260894312585
2026-05-25,2026-05-25 11:34:04,V027,74.0,0.9797357554782928
2026-05-25,2026-05-25 11:34:05,V027,75.0,0.9789727800362431
2026-05-25,2026-05-25 11:34:06,V027,75.0,0.9792244485073559
2026-05-25,2026-05-25 11:34:07,V027,77.0,0.979458359585011
2026-05-25,2026-05-25 11:34:08,V027,78.0,0.9791277662274129
2026-05-25,2026-05-25 11:34:09,V027,78.0,0.9791028124342945
2026-05-25,2026-05-25 11:34:10,V027,78.0,0.9787045973573123
2026-05-25,2026-05-25 11:34:11,V027,77.0,0.9786319204415421
2026-05-25,2026-05-25 11:34:12,V027,77.0,0.9786169362112119
2026-05-25,2026-05-25 11:34:13,V027,76.0,0.9793577720563975
2026-05-25,2026-05-25 11:34:14,V027,76.0,0.97942555622604
2026-05-25,2026-05-25 11:34:15,V027,75.0,0.9788355611390088
2026-05-25,2026-05-25 11:34:16,V027,75.0,0.9791337379441978
2026-05-25,2026-05-25 11:34:17,V027,75.0,0.979244111917193
2026-05-25,2026-05-25 11:34:18,V027,76.0,0.9786904760447318
2026-05-25,2026-05-25 11:34:19,V027,76.0,0.9792054079143655
2026-05-25,2026-05-25 11:34:20,V027,76.0,0.9790421604054166
2026-05-25,2026-05-25 11:34:21,V027,75.0,0.9786749357370675
2026-05-25,2026-05-25 11:34:22,V027,74.0,0.9788412154291041
2026-05-25,2026-05-25 11:34:23,V027,74.0,0.9789189512554174
2026-05-25,2026-05-25 11:34:24,V027,74.0,0.9788868044782162
2026-05-25,2026-05-25 11:34:25,V027,75.0,0.9787307898319476
2026-05-25,2026-05-25 11:34:26,V027,76.0,0.9794286190641541
2026-05-25,2026-05-25 11:34:27,V027,77.0,0.9791468302473888
2026-05-25,2026-05-25 11:34:28,V027,78.0,0.9789928442563008
2026-05-25,2026-05-25 11:34:29,V027,78.0,0.9783131976369464
2026-05-25,2026-05-25 11:34:30,V027,78.0,0.9786105498503652
2026-05-25,2026-05-25 11:34:31,V027,78.0,0.9802467204345713
2026-05-25,2026-05-25 11:34:32,V027,78.0,0.9796274650761615
2026-05-25,2026-05-25 11:34:33,V027,78.0,0.9794111319721537
2026-05-25,2026-05-25 11:34:34,V027,78.0,0.9781525927151032
2026-05-25,2026-05-25 11:34:35,V027,77.0,0.980467342961241
2026-05-25,2026-05-25 11:34:36,V027,77.0,0.9794090278206027
2026-05-25,2026-05-25 11:34:37,V027,77.0,0.9795390770218971
2026-05-25,2026-05-25 11:34:38,V027,78.0,0.9788447206024443
2026-05-25,2026-05-25 11:34:39,V027,78.0,0.9799529551465144
2026-05-25,2026-05-25 11:34:40,V027,79.0,0.9776297869875227
2026-05-25,2026-05-25 11:34:41,V027,80.0,0.9795906649065658
2026-05-25,2026-05-25 11:34:42,V027,80.0,0.9788463343558704
2026-05-25,2026-05-25 11:34:43,V027,81.0,0.9807151005375283
2026-05-25,2026-05-25 11:34:44,V027,81.0,0.9772681270941287
2026-05-25,2026-05-25 11:34:45,V027,82.0,0.9800799149018244
2026-05-25,2026-05-25 11:34:46,V027,82.0,0.9789340769038262
2026-05-25,2026-05-25 11:34:47,V027,82.0,0.9786268134496059
2026-05-25,2026-05-25 11:34:48,V027,82.0,0.9792134499159044
2026-05-25,2026-05-25 11:34:49,V027,82.0,0.9791021441790602
2026-05-25,2026-05-25 11:34:50,V027,82.0,0.979111677670017
2026-05-25,2026-05-25 11:34:51,V027,82.0,0.97976287342292
2026-05-25,2026-05-25 11:34:52,V027,82.0,0.9787247795868583
2026-05-25,2026-05-25 11:34:53,V027,82.0,0.980272268127442
2026-05-25,2026-05-25 11:34:54,V027,82.0,0.979281264953882
2026-05-25,2026-05-25 11:34:55,V027,83.0,0.9798218187150978
2026-05-25,2026-05-25 11:34:56,V027,84.0,0.9783323095959203
2026-05-25,2026-05-25 11:34:57,V027,85.0,0.9802658014191562
2026-05-25,2026-05-25 11:34:58,V027,86.0,0.9787783628614685
2026-05-25,2026-05-25 11:34:59,V027,84.0,0.9787755101790389
2026-05-25,2026-05-25 11:35:00,V027,83.0,0.9787942224715926
2026-05-25,2026-05-25 11:35:01,V027,82.0,0.9786438308361851
2026-05-25,2026-05-25 11:35:02,V027,81.0,0.9789187336817377
2026-05-25,2026-05-25 11:35:03,V027,80.0,0.9791966087653238
2026-05-25,2026-05-25 11:35:04,V027,79.0,0.978577638108784
2026-05-25,2026-05-25 11:35:05,V027,79.0,0.9786524934737331
2026-05-25,2026-05-25 11:35:06,V027,79.0,0.9783436810049867
2026-05-25,2026-05-25 11:35:07,V027,79.0,0.9791235293831275
2026-05-25,2026-05-25 11:35:08,V027,80.0,0.9787693235630396
2026-05-25,2026-05-25 11:35:09,V027,81.0,0.9788496185176531
2026-05-25,2026-05-25 11:35:10,V027,83.0,0.979040183761735
2026-05-25,2026-05-25 11:35:11,V027,83.0,0.9788478764604466
2026-05-25,2026-05-25 11:35:12,V027,84.0,0.9794391924740533
2026-05-25,2026-05-25 11:35:13,V027,83.0,0.979498852695847
2026-05-25,2026-05-25 11:35:14,V027,82.0,0.9785421423821122
2026-05-25,2026-05-25 11:35:15,V027,80.0,0.9791145210887503
2026-05-25,2026-05-25 11:35:16,V027,79.0,0.9786013692546566
2026-05-25,2026-05-25 11:35:17,V027,78.0,0.9794311867337337
2026-05-25,2026-05-25 11:35:18,V027,77.0,0.9790151501535037
2026-05-25,2026-05-25 11:35:19,V027,76.0,0.9792872935488092
2026-05-25,2026-05-25 11:35:20,V027,76.0,0.9784834753103299
2026-05-25,2026-05-25 11:35:21,V027,76.0,0.9790116850549719
2026-05-25,2026-05-25 11:35:22,V027,75.0,0.9788731754435908
2026-05-25,2026-05-25 11:35:23,V027,76.0,0.9784022507960057
2026-05-25,2026-05-25 11:35:24,V027,77.0,0.9788788023187789
2026-05-25,2026-05-25 11:35:25,V027,77.0,0.979334076797252
2026-05-25,2026-05-25 11:35:26,V027,78.0,0.9792693311079519
2026-05-25,2026-05-25 11:35:27,V027,78.0,0.9789417982834588
2026-05-25,2026-05-25 11:35:28,V027,78.0,0.9786465724061482
2026-05-25,2026-05-25 11:35:29,V027,78.0,0.9797132749229535
2026-05-25,2026-05-25 11:35:30,V027,78.0,0.9788377389854425
2026-05-25,2026-05-25 11:35:31,V027,77.0,0.9786191885084919
2026-05-25,2026-05-25 11:35:32,V027,77.0,0.9786852602199018
2026-05-25,2026-05-25 11:35:33,V027,77.0,0.978501757822165
2026-05-25,2026-05-25 11:35:34,V027,77.0,0.9794602161934898
2026-05-25,2026-05-25 11:35:35,V027,76.0,0.9789084674282903
2026-05-25,2026-05-25 11:35:36,V027,75.0,0.9791915872727565
2026-05-25,2026-05-25 11:35:37,V027,74.0,0.9788090034360138
2026-05-25,2026-05-25 11:35:38,V027,73.0,0.9793121892057464
2026-05-25,2026-05-25 11:35:39,V027,72.0,0.9790602594701814
2026-05-25,2026-05-25 11:35:40,V027,72.0,0.9790832264096649
2026-05-25,2026-05-25 11:35:41,V027,72.0,0.9789411526451905
2026-05-25,2026-05-25 11:35:42,V027,72.0,0.9784564406017952
2026-05-25,2026-05-25 11:35:43,V027,72.0,0.9790766289763708
2026-05-25,2026-05-25 11:35:44,V027,72.0,0.9795308494215853
2026-05-25,2026-05-25 11:35:45,V027,71.0,0.9794025359654658
2026-05-25,2026-05-25 11:35:46,V027,70.0,0.9791724862402681
2026-05-25,2026-05-25 11:35:47,V027,69.0,0.9784236673317973
2026-05-25,2026-05-25 11:35:48,V027,69.0,0.9792192887548598
2026-05-25,2026-05-25 11:35:49,V027,68.0,0.9780845545714705
2026-05-25,2026-05-25 11:35:50,V027,68.0,0.9794679389938041
2026-05-25,2026-05-25 11:35:51,V027,68.0,0.9791657164121005
2026-05-25,2026-05-25 11:35:52,V027,68.0,0.9786837155496493
2026-05-25,2026-05-25 11:35:53,V027,69.0,0.9795834480702875
2026-05-25,2026-05-25 11:35:54,V027,69.0,0.9792817448364792
2026-05-25,2026-05-25 11:35:55,V027,70.0,0.978194704599189
2026-05-25,2026-05-25 11:35:56,V027,70.0,0.9788578757969967
2026-05-25,2026-05-25 11:35:57,V027,71.0,0.9781739125906792
2026-05-25,2026-05-25 11:35:58,V027,72.0,0.9789793085255034
2026-05-25,2026-05-25 11:35:59,V027,73.0,0.9771082580732068
2026-05-25,2026-05-25 11:36:00,V027,73.0,0.9786310965611192
2026-05-25,2026-05-25 11:36:01,V027,74.0,0.9783464435383479
2026-05-25,2026-05-25 11:36:02,V027,75.0,0.978036276049664
2026-05-25,2026-05-25 11:36:03,V027,75.0,0.9766985208325742
2026-05-25,2026-05-25 11:36:04,V027,74.0,0.9706689982365045
2026-05-25,2026-05-25 11:36:05,V027,74.0,1.0084265493137234
2026-05-25,2026-05-25 11:36:06,V027,73.0,0.980950053639035
2026-05-25,2026-05-25 11:36:07,V027,74.0,0.9871924308904428
2026-05-25,2026-05-25 11:36:08,V027,74.0,1.040815405280023
2026-05-25,2026-05-25 11:36:09,V027,74.0,0.9895674731690184
2026-05-25,2026-05-25 11:36:10,V027,74.0,0.9878188192157308
2026-05-25,2026-05-25 11:36:11,V027,74.0,0.9883673238015095
2026-05-25,2026-05-25 11:36:12,V027,73.0,0.9880899598896891
2026-05-25,2026-05-25 11:36:13,V027,72.0,0.9897150778384204
2026-05-25,2026-05-25 11:36:14,V027,71.0,0.9883803478654702
2026-05-25,2026-05-25 11:36:15,V027,70.0,0.9887752599035174
2026-05-25,2026-05-25 11:36:16,V027,68.0,0.9884338222849709
2026-05-25,2026-05-25 11:36:17,V027,67.0,0.987646235657394
2026-05-25,2026-05-25 11:36:18,V027,66.0,0.9870245453358847
2026-05-25,2026-05-25 11:36:19,V027,67.0,0.9883566483131271
2026-05-25,2026-05-25 11:36:20,V027,67.0,0.9911724488733294
2026-05-25,2026-05-25 11:36:21,V027,68.0,0.9877999849744197
2026-05-25,2026-05-25 11:36:22,V027,68.0,0.9877215575910568
2026-05-25,2026-05-25 11:36:23,V027,69.0,0.9904034185888868
2026-05-25,2026-05-25 11:36:24,V027,70.0,0.9885692336464441
2026-05-25,2026-05-25 11:36:25,V027,70.0,0.9888689841910205
2026-05-25,2026-05-25 11:36:26,V027,71.0,0.9876683845243716
2026-05-25,2026-05-25 11:36:27,V027,72.0,0.9888414288505106
2026-05-25,2026-05-25 11:36:28,V027,72.0,0.9887185794036006
2026-05-25,2026-05-25 11:36:29,V027,72.0,0.9885675672968981
2026-05-25,2026-05-25 11:36:30,V027,73.0,0.9883919477745741
2026-05-25,2026-05-25 11:36:31,V027,73.0,0.9886043539458629
2026-05-25,2026-05-25 11:36:32,V027,73.0,0.9887001939558084
2026-05-25,2026-05-25 11:36:33,V027,73.0,0.9888842608963477
2026-05-25,2026-05-25 11:36:34,V027,73.0,0.9893019873263934
2026-05-25,2026-05-25 11:36:35,V027,73.0,0.988652911684335
2026-05-25,2026-05-25 11:36:36,V027,73.0,0.9888293992516046
2026-05-25,2026-05-25 11:36:37,V027,72.0,0.9883213813502979
2026-05-25,2026-05-25 11:36:38,V027,71.0,0.988722513946684
2026-05-25,2026-05-25 11:36:39,V027,70.0,0.9886495483908654
2026-05-25,2026-05-25 11:36:40,V027,69.0,0.988578355112752
2026-05-25,2026-05-25 11:36:41,V027,68.0,0.9882639599171594
2026-05-25,2026-05-25 11:36:42,V027,67.0,0.9885103585641482
2026-05-25,2026-05-25 11:36:43,V027,67.0,0.988607940735885
2026-05-25,2026-05-25 11:36:44,V027,67.0,0.9886023662010319
2026-05-25,2026-05-25 11:36:45,V027,67.0,0.9888535389873055
2026-05-25,2026-05-25 11:36:46,V027,67.0,0.9882357999822196
2026-05-25,2026-05-25 11:36:47,V027,66.0,0.9888059872111481
2026-05-25,2026-05-25 11:36:48,V027,66.0,0.9887579569260292
2026-05-25,2026-05-25 11:36:49,V027,65.0,0.9885717320926204
2026-05-25,2026-05-25 11:36:50,V027,65.0,0.9887021890978649
2026-05-25,2026-05-25 11:36:51,V027,64.0,0.9885751690524917
2026-05-25,2026-05-25 11:36:52,V027,64.0,0.9884128647429486
2026-05-25,2026-05-25 11:36:53,V027,64.0,0.9895142930899553
2026-05-25,2026-05-25 11:36:54,V027,63.0,0.9892373879316835
2026-05-25,2026-05-25 11:36:55,V027,63.0,0.988647948177423
2026-05-25,2026-05-25 11:36:56,V027,63.0,0.9885253524489065
2026-05-25,2026-05-25 11:36:57,V027,62.0,0.9890813484266066
2026-05-25,2026-05-25 11:36:58,V027,61.0,0.9887389551850931
2026-05-25,2026-05-25 11:36:59,V027,61.0,0.9891243395411565
2026-05-25,2026-05-25 11:37:00,V027,60.0,0.9890605466209617
2026-05-25,2026-05-25 11:37:01,V027,60.0,0.9887716109202984
2026-05-25,2026-05-25 11:37:02,V027,60.0,0.9888958690032673
2026-05-25,2026-05-25 11:37:03,V027,60.0,0.9892407277859777
2026-05-25,2026-05-25 11:37:04,V027,60.0,0.9891286970750116
2026-05-25,2026-05-25 11:37:05,V027,59.0,0.988626515592678
2026-05-25,2026-05-25 11:37:06,V027,59.0,0.9880844425837337
2026-05-25,2026-05-25 11:37:07,V027,58.0,0.9889879697578824
2026-05-25,2026-05-25 11:37:08,V027,58.0,0.9890709006272468
2026-05-25,2026-05-25 11:37:09,V027,57.0,0.9885105136501028
2026-05-25,2026-05-25 11:37:10,V027,57.0,0.9887483151743005
2026-05-25,2026-05-25 11:37:11,V027,56.0,0.9889472944372233
2026-05-25,2026-05-25 11:37:12,V027,56.0,0.9888270879767496
2026-05-25,2026-05-25 11:37:13,V027,55.0,0.9882694368821145
2026-05-25,2026-05-25 11:37:14,V027,55.0,0.9883164992104188
2026-05-25,2026-05-25 11:37:15,V027,55.0,0.9887772130926813
2026-05-25,2026-05-25 11:37:16,V027,55.0,0.9881679458753067
2026-05-25,2026-05-25 11:37:17,V027,55.0,0.98882606487997
2026-05-25,2026-05-25 11:37:18,V027,56.0,0.98829390903683
2026-05-25,2026-05-25 11:37:19,V027,56.0,0.988602695952682
2026-05-25,2026-05-25 11:37:20,V027,56.0,0.9889946274437696
2026-05-25,2026-05-25 11:37:21,V027,57.0,0.9886430770164422
2026-05-25,2026-05-25 11:37:22,V027,57.0,0.9885504438246447
2026-05-25,2026-05-25 11:37:23,V027,57.0,0.9886264419737626
2026-05-25,2026-05-25 11:37:24,V027,57.0,0.9885854263916058
2026-05-25,2026-05-25 11:37:25,V027,57.0,0.9881974511332062
2026-05-25,2026-05-25 11:37:26,V027,57.0,0.9886931022746235
2026-05-25,2026-05-25 11:37:27,V027,57.0,0.9888561486841577
2026-05-25,2026-05-25 11:37:28,V027,57.0,0.9882559223011973
2026-05-25,2026-05-25 11:37:29,V027,57.0,0.9890546019613556
2026-05-25,2026-05-25 11:37:30,V027,57.0,0.9882855935986447
2026-05-25,2026-05-25 11:37:31,V027,57.0,0.9883260376903671
2026-05-25,2026-05-25 11:37:32,V027,57.0,0.9888323252232071
2026-05-25,2026-05-25 11:37:33,V027,57.0,0.9884707040677229
2026-05-25,2026-05-25 11:37:34,V027,57.0,0.98875740468316
2026-05-25,2026-05-25 11:37:35,V027,57.0,0.988727344256167
2026-05-25,2026-05-25 11:37:36,V027,58.0,0.9886911893863073
2026-05-25,2026-05-25 11:37:37,V027,58.0,0.9891294321492071
2026-05-25,2026-05-25 11:37:38,V027,59.0,0.9889417191064903
2026-05-25,2026-05-25 11:37:39,V027,59.0,0.9886340295308479
2026-05-25,2026-05-25 11:37:40,V027,59.0,0.9887192626455013
2026-05-25,2026-05-25 11:37:41,V027,59.0,0.9884677223588975
2026-05-25,2026-05-25 11:37:42,V027,58.0,0.9882820925969753
2026-05-25,2026-05-25 11:37:43,V027,57.0,0.9887262508914085
2026-05-25,2026-05-25 11:37:44,V027,57.0,0.9886928275612749
2026-05-25,2026-05-25 11:37:45,V027,57.0,0.9888380674538619
2026-05-25,2026-05-25 11:37:46,V027,57.0,0.9886700253731051
2026-05-25,2026-05-25 11:37:47,V027,56.0,0.9887909463906204
2026-05-25,2026-05-25 11:37:48,V027,56.0,0.9888163244915031
2026-05-25,2026-05-25 11:37:49,V027,56.0,0.9887001899755856
2026-05-25,2026-05-25 11:37:50,V027,56.0,0.9885007944563621
2026-05-25,2026-05-25 11:37:51,V027,56.0,0.9887910107048596
2026-05-25,2026-05-25 11:37:52,V027,56.0,0.9885560627617669
2026-05-25,2026-05-25 11:37:53,V027,56.0,0.9882944840372377
2026-05-25,2026-05-25 11:37:54,V027,56.0,0.9887904275799342
2026-05-25,2026-05-25 11:37:55,V027,57.0,0.9882677809379632
2026-05-25,2026-05-25 11:37:56,V027,57.0,0.9887596444148512
2026-05-25,2026-05-25 11:37:57,V027,57.0,0.9884783586133019
2026-05-25,2026-05-25 11:37:58,V027,57.0,0.9888300691064309
2026-05-25,2026-05-25 11:37:59,V027,57.0,0.9885614861722622
2026-05-25,2026-05-25 11:38:00,V027,57.0,0.9885383337987674
2026-05-25,2026-05-25 11:38:01,V027,57.0,0.9881622659203244
2026-05-25,2026-05-25 11:38:02,V027,57.0,0.9888248406881865
2026-05-25,2026-05-25 11:38:03,V027,56.0,0.9891153906483022
2026-05-25,2026-05-25 11:38:04,V027,56.0,0.9890003330258749
2026-05-25,2026-05-25 11:38:05,V027,55.0,0.9879873675203917
2026-05-25,2026-05-25 11:38:06,V027,54.0,0.9884598775663714
2026-05-25,2026-05-25 11:38:07,V027,54.0,0.9883042052535597
2026-05-25,2026-05-25 11:38:08,V027,54.0,0.9888400093730395
2026-05-25,2026-05-25 11:38:09,V027,54.0,0.9885047045992414
2026-05-25,2026-05-25 11:38:10,V027,54.0,0.9884187719003072
2026-05-25,2026-05-25 11:38:11,V027,54.0,0.9881674906092834
2026-05-25,2026-05-25 11:38:12,V027,54.0,0.988147597462702
2026-05-25,2026-05-25 11:38:13,V027,55.0,0.9883672187646342
2026-05-25,2026-05-25 11:38:14,V027,55.0,0.9886069522695018
2026-05-25,2026-05-25 11:38:15,V027,55.0,0.9885962108610262
2026-05-25,2026-05-25 11:38:16,V027,55.0,0.9890033085201481
2026-05-25,2026-05-25 11:38:17,V027,55.0,0.9887901038153594
2026-05-25,2026-05-25 11:38:18,V027,55.0,0.9887936770360362
2026-05-25,2026-05-25 11:38:19,V027,55.0,0.9885901772782794
2026-05-25,2026-05-25 11:38:20,V027,55.0,0.9886586469411852
2026-05-25,2026-05-25 11:38:21,V027,55.0,0.988809210628853
2026-05-25,2026-05-25 11:38:22,V027,55.0,0.9883026257594949
2026-05-25,2026-05-25 11:38:23,V027,55.0,0.9885854744923059
2026-05-25,2026-05-25 11:38:24,V027,55.0,0.9881438584991002
2026-05-25,2026-05-25 11:38:25,V027,56.0,0.9884389728542702
2026-05-25,2026-05-25 11:38:26,V027,56.0,0.9891595507533473
2026-05-25,2026-05-25 11:38:27,V027,56.0,0.9883142966194611
2026-05-25,2026-05-25 11:38:28,V027,56.0,0.988668358506171
2026-05-25,2026-05-25 11:38:29,V027,57.0,0.9883098231015288
2026-05-25,2026-05-25 11:38:30,V027,57.0,0.9879557858027426
2026-05-25,2026-05-25 11:38:31,V027,57.0,0.9883114831910852
2026-05-25,2026-05-25 11:38:32,V027,58.0,0.9882710261422807
2026-05-25,2026-05-25 11:38:33,V027,58.0,0.9884848843757013
2026-05-25,2026-05-25 11:38:34,V027,58.0,0.9885930466326512
2026-05-25,2026-05-25 11:38:35,V027,58.0,0.9885813308445696
2026-05-25,2026-05-25 11:38:36,V027,58.0,0.9883709787634622
2026-05-25,2026-05-25 11:38:37,V027,57.0,0.987875843387052
2026-05-25,2026-05-25 11:38:38,V027,57.0,0.9885365740211887
2026-05-25,2026-05-25 11:38:39,V027,57.0,0.9884366871518455
2026-05-25,2026-05-25 11:38:40,V027,57.0,0.9886261597552293
2026-05-25,2026-05-25 11:38:41,V027,56.0,0.9885072170132423
2026-05-25,2026-05-25 11:38:42,V027,56.0,0.988337488884405
2026-05-25,2026-05-25 11:38:43,V027,56.0,0.98823481857763
2026-05-25,2026-05-25 11:38:44,V027,55.0,0.9889037609219663
2026-05-25,2026-05-25 11:38:45,V027,55.0,0.9884019933740394
2026-05-25,2026-05-25 11:38:46,V027,55.0,0.9881663647058139
2026-05-25,2026-05-25 11:38:47,V027,54.0,0.988155128071061
2026-05-25,2026-05-25 11:38:48,V027,54.0,0.9882889315619375
2026-05-25,2026-05-25 11:38:49,V027,54.0,0.9886719464807983
2026-05-25,2026-05-25 11:38:50,V027,54.0,0.9882851364813884
2026-05-25,2026-05-25 11:38:51,V027,54.0,0.9885581299724213
2026-05-25,2026-05-25 11:38:52,V027,54.0,0.9878124477684161
2026-05-25,2026-05-25 11:38:53,V027,54.0,0.9881271567652052
2026-05-25,2026-05-25 11:38:54,V027,55.0,0.9882601046457435
2026-05-25,2026-05-25 11:38:55,V027,55.0,0.9888489867886722
2026-05-25,2026-05-25 11:38:56,V027,56.0,0.9886216317974934
2026-05-25,2026-05-25 11:38:57,V027,55.0,0.9880096705343537
2026-05-25,2026-05-25 11:38:58,V027,55.0,0.988339635463441
2026-05-25,2026-05-25 11:38:59,V027,54.0,0.9881428483090015
2026-05-25,2026-05-25 11:39:00,V027,54.0,0.9883678775346586
2026-05-25,2026-05-25 11:39:01,V027,54.0,0.988349945496349
2026-05-25,2026-05-25 11:39:02,V027,55.0,0.9880570286193983
2026-05-25,2026-05-25 11:39:03,V027,55.0,0.9882073797319664
2026-05-25,2026-05-25 11:39:04,V027,55.0,0.9886759195549542
2026-05-25,2026-05-25 11:39:05,V027,55.0,0.9884395304815875
2026-05-25,2026-05-25 11:39:06,V027,55.0,0.9888256595853154
2026-05-25,2026-05-25 11:39:07,V027,55.0,0.9889193977625729
2026-05-25,2026-05-25 11:39:08,V027,55.0,0.9886151464933214
2026-05-25,2026-05-25 11:39:09,V027,56.0,0.9881509998601312
2026-05-25,2026-05-25 11:39:10,V027,57.0,0.9891031597356379
2026-05-25,2026-05-25 11:39:11,V027,58.0,0.9885995702987586
2026-05-25,2026-05-25 11:39:12,V027,59.0,0.9884070820484271
2026-05-25,2026-05-25 11:39:13,V027,58.0,0.9882651457049052
2026-05-25,2026-05-25 11:39:14,V027,58.0,0.9888411802875833
2026-05-25,2026-05-25 11:39:15,V027,57.0,0.9884515824660896
2026-05-25,2026-05-25 11:39:16,V027,57.0,0.9880744310671489
2026-05-25,2026-05-25 11:39:17,V027,56.0,0.9883718982353464
2026-05-25,2026-05-25 11:39:18,V027,56.0,0.9883212687659959
2026-05-25,2026-05-25 11:39:19,V027,55.0,0.9880888173408833
2026-05-25,2026-05-25 11:39:20,V027,55.0,0.9888664616464223
2026-05-25,2026-05-25 11:39:21,V027,54.0,0.9880264698640641
2026-05-25,2026-05-25 11:39:22,V027,54.0,0.9884557894611831
2026-05-25,2026-05-25 11:39:23,V027,55.0,0.9883816334556925
2026-05-25,2026-05-25 11:39:24,V027,56.0,0.9886423968753347
2026-05-25,2026-05-25 11:39:25,V027,56.0,0.988553088254479
2026-05-25,2026-05-25 11:39:26,V027,57.0,0.9890810738989575
2026-05-25,2026-05-25 11:39:27,V027,57.0,0.9883835688275926
2026-05-25,2026-05-25 11:39:28,V027,57.0,0.988483852109447
2026-05-25,2026-05-25 11:39:29,V027,58.0,0.9882181148434738
2026-05-25,2026-05-25 11:39:30,V027,60.0,0.9882694617674752
2026-05-25,2026-05-25 11:39:31,V027,60.0,0.9880635390922567
2026-05-25,2026-05-25 11:39:32,V027,60.0,0.9887070901545542
2026-05-25,2026-05-25 11:39:33,V027,60.0,0.988393101826984
2026-05-25,2026-05-25 11:39:34,V027,60.0,0.9886864384660545
2026-05-25,2026-05-25 11:39:35,V027,60.0,0.9886157912888178
2026-05-25,2026-05-25 11:39:36,V027,60.0,0.9887562094612364
2026-05-25,2026-05-25 11:39:37,V027,59.0,0.9888490009905974
2026-05-25,2026-05-25 11:39:38,V027,58.0,0.9884406619608894
2026-05-25,2026-05-25 11:39:39,V027,58.0,0.9883304315777618
2026-05-25,2026-05-25 11:39:40,V027,58.0,0.9885308281665292
2026-05-25,2026-05-25 11:39:41,V027,58.0,0.9884867839747971
2026-05-25,2026-05-25 11:39:42,V027,59.0,0.988139745589556
2026-05-25,2026-05-25 11:39:43,V027,58.0,0.9885527335804827
2026-05-25,2026-05-25 11:39:44,V027,58.0,0.9888257137951301
2026-05-25,2026-05-25 11:39:45,V027,57.0,0.9884165645573251
2026-05-25,2026-05-25 11:39:46,V027,56.0,0.9885938663369742
2026-05-25,2026-05-25 11:39:47,V027,56.0,0.9876807351453079
2026-05-25,2026-05-25 11:39:48,V027,55.0,0.9884374533566442
2026-05-25,2026-05-25 11:39:49,V027,54.0,0.9880388129773273
2026-05-25,2026-05-25 11:39:50,V027,54.0,0.988800995339994
2026-05-25,2026-05-25 11:39:51,V027,54.0,0.9878782424291872
2026-05-25,2026-05-25 11:39:52,V027,54.0,0.9879934336472976
2026-05-25,2026-05-25 11:39:53,V027,54.0,0.9884959990269551
2026-05-25,2026-05-25 11:39:54,V027,55.0,0.9883276958568749
2026-05-25,2026-05-25 11:39:55,V027,54.0,0.9882478515634011
2026-05-25,2026-05-25 11:39:56,V027,54.0,0.988684896976946
2026-05-25,2026-05-25 11:39:57,V027,54.0,0.9880455453070668
2026-05-25,2026-05-25 11:39:58,V027,54.0,0.9889973851804962
2026-05-25,2026-05-25 11:39:59,V027,53.0,0.9886174161652352
2026-05-25,2026-05-25 11:40:00,V027,53.0,0.9889304547580879
2026-05-25,2026-05-25 11:40:01,V027,54.0,0.9882444644084319
2026-05-25,2026-05-25 11:40:02,V027,54.0,0.9886565718394874
2026-05-25,2026-05-25 11:40:03,V027,54.0,0.988417444366874
2026-05-25,2026-05-25 11:40:04,V027,54.0,0.9890259880376614
2026-05-25,2026-05-25 11:40:05,V027,55.0,0.9888130650766768
2026-05-25,2026-05-25 11:40:06,V027,55.0,0.9884159943109472
2026-05-25,2026-05-25 11:40:07,V027,56.0,0.9882065491590201
2026-05-25,2026-05-25 11:40:08,V027,57.0,0.9882157533017679
2026-05-25,2026-05-25 11:40:09,V027,59.0,0.9884621389218597
2026-05-25,2026-05-25 11:40:10,V027,60.0,0.9887322814532589
2026-05-25,2026-05-25 11:40:11,V027,61.0,0.9884639966174751
2026-05-25,2026-05-25 11:40:12,V027,62.0,0.9891260391966586
2026-05-25,2026-05-25 11:40:13,V027,61.0,0.9889861921819434
2026-05-25,2026-05-25 11:40:14,V027,61.0,0.9885226670490717
2026-05-25,2026-05-25 11:40:15,V027,60.0,0.9884181917825535
2026-05-25,2026-05-25 11:40:16,V027,60.0,0.9891058114092789
2026-05-25,2026-05-25 11:40:17,V027,60.0,0.9887346863310138
2026-05-25,2026-05-25 11:40:18,V027,59.0,0.9884888518356579
2026-05-25,2026-05-25 11:40:19,V027,59.0,0.9884443908982794
2026-05-25,2026-05-25 11:40:20,V027,59.0,0.9891617053170969
2026-05-25,2026-05-25 11:40:21,V027,58.0,0.9887249482978703
2026-05-25,2026-05-25 11:40:22,V027,57.0,0.9887433379874055
2026-05-25,2026-05-25 11:40:23,V027,57.0,0.9879419437866612
2026-05-25,2026-05-25 11:40:24,V027,56.0,0.9886096975154977
2026-05-25,2026-05-25 11:40:25,V027,57.0,0.9882754381918162
2026-05-25,2026-05-25 11:40:26,V027,58.0,0.9884132021283925
2026-05-25,2026-05-25 11:40:27,V027,59.0,0.9888485621128591
2026-05-25,2026-05-25 11:40:28,V027,60.0,0.9889996788633587
2026-05-25,2026-05-25 11:40:29,V027,60.0,0.9884546418056762
2026-05-25,2026-05-25 11:40:30,V027,60.0,0.9884877967706732
2026-05-25,2026-05-25 11:40:31,V027,59.0,0.9886350847879953
2026-05-25,2026-05-25 11:40:32,V027,59.0,0.9884883925657871
2026-05-25,2026-05-25 11:40:33,V027,58.0,0.9885387118350633
2026-05-25,2026-05-25 11:40:34,V027,57.0,0.988568552272167
2026-05-25,2026-05-25 11:40:35,V027,57.0,0.9887296652634734
2026-05-25,2026-05-25 11:40:36,V027,57.0,0.9886180351230603
2026-05-25,2026-05-25 11:40:37,V027,56.0,0.988681874460747
2026-05-25,2026-05-25 11:40:38,V027,55.0,0.9883587127287032
2026-05-25,2026-05-25 11:40:39,V027,55.0,0.9886006761360906
2026-05-25,2026-05-25 11:40:40,V027,55.0,0.9879446076854024
2026-05-25,2026-05-25 11:40:41,V027,54.0,0.9882687775895489
2026-05-25,2026-05-25 11:40:42,V027,54.0,0.9887537063863432
2026-05-25,2026-05-25 11:40:43,V027,54.0,0.9886333777225026
2026-05-25,2026-05-25 11:40:44,V027,54.0,0.988998808832469
2026-05-25,2026-05-25 11:40:45,V027,54.0,0.988216749431919
2026-05-25,2026-05-25 11:40:46,V027,54.0,0.9885055419647734
2026-05-25,2026-05-25 11:40:47,V027,54.0,0.9888980255855742
2026-05-25,2026-05-25 11:40:48,V027,54.0,0.9893581141832297
2026-05-25,2026-05-25 11:40:49,V027,54.0,0.9888257436767482
2026-05-25,2026-05-25 11:40:50,V027,54.0,0.9888364853700871
2026-05-25,2026-05-25 11:40:51,V027,54.0,0.988742596631126
2026-05-25,2026-05-25 11:40:52,V027,54.0,0.9890121203529207
2026-05-25,2026-05-25 11:40:53,V027,54.0,0.9888828167891917
2026-05-25,2026-05-25 11:40:54,V027,54.0,0.9887344338575969
2026-05-25,2026-05-25 11:40:55,V027,54.0,0.9891229510983007
2026-05-25,2026-05-25 11:40:56,V027,54.0,0.9882144100288478
2026-05-25,2026-05-25 11:40:57,V027,54.0,0.9886111238074122
2026-05-25,2026-05-25 11:40:58,V027,53.0,0.988580407115011
2026-05-25,2026-05-25 11:40:59,V027,54.0,0.988363642672918
2026-05-25,2026-05-25 11:41:00,V027,54.0,0.9888258442625333
2026-05-25,2026-05-25 11:41:01,V027,54.0,0.989031993703827
2026-05-25,2026-05-25 11:41:02,V027,54.0,0.9886575954184674
2026-05-25,2026-05-25 11:41:03,V027,53.0,0.9888964383878985
2026-05-25,2026-05-25 11:41:04,V027,53.0,0.9897419357710416
2026-05-25,2026-05-25 11:41:05,V027,53.0,0.9885014800147947
2026-05-25,2026-05-25 11:41:06,V027,53.0,0.9895282257627629
2026-05-25,2026-05-25 11:41:07,V027,53.0,0.9889709829418847
2026-05-25,2026-05-25 11:41:08,V027,53.0,0.9887739765816269
2026-05-25,2026-05-25 11:41:09,V027,53.0,0.988375846876162
2026-05-25,2026-05-25 11:41:10,V027,53.0,0.9888802227847918
2026-05-25,2026-05-25 11:41:11,V027,53.0,0.9891380127584862
2026-05-25,2026-05-25 11:41:12,V027,53.0,0.9891430934080795
2026-05-25,2026-05-25 11:41:13,V027,53.0,0.9888645030513863
2026-05-25,2026-05-25 11:41:14,V027,53.0,0.9893264158244784
2026-05-25,2026-05-25 11:41:15,V027,52.0,0.9891239029862624
2026-05-25,2026-05-25 11:41:16,V027,52.0,0.9891900784893695
2026-05-25,2026-05-25 11:41:17,V027,52.0,0.9887850048998647
2026-05-25,2026-05-25 11:41:18,V027,52.0,0.9889221605944707
2026-05-25,2026-05-25 11:41:19,V027,52.0,0.9888358025160161
2026-05-25,2026-05-25 11:41:20,V027,52.0,1.0094411565109476
2026-05-25,2026-05-25 11:41:21,V027,52.0,1.0021796622705217
2026-05-25,2026-05-25 11:41:22,V027,53.0,0.9901955483123257
2026-05-25,2026-05-25 11:41:23,V027,53.0,0.9936907645681974
2026-05-25,2026-05-25 11:41:24,V027,54.0,0.9907098906322155
2026-05-25,2026-05-25 11:41:25,V027,54.0,0.9787191640976103
2026-05-25,2026-05-25 11:41:26,V027,55.0,0.987603285846018
2026-05-25,2026-05-25 11:41:27,V027,55.0,0.9958777564195439
2026-05-25,2026-05-25 11:41:28,V027,55.0,0.9834185719154189
2026-05-25,2026-05-25 11:41:29,V027,56.0,0.9828764779165479
2026-05-25,2026-05-25 11:41:30,V027,57.0,0.9810341382588926
2026-05-25,2026-05-25 11:41:31,V027,58.0,0.9827471869277473
2026-05-25,2026-05-25 11:41:32,V027,59.0,0.9809990839813304
2026-05-25,2026-05-25 11:41:33,V027,60.0,0.997409907153616
2026-05-25,2026-05-25 11:41:34,V027,61.0,0.9862420601110191
2026-05-25,2026-05-25 11:41:35,V027,61.0,0.9825500056139356
2026-05-25,2026-05-25 11:41:36,V027,62.0,0.9835637228024467
2026-05-25,2026-05-25 11:41:37,V027,62.0,0.9835865422636484
2026-05-25,2026-05-25 11:41:38,V027,63.0,0.9826780938233612
2026-05-25,2026-05-25 11:41:39,V027,63.0,1.0009262193334743
2026-05-25,2026-05-25 11:41:40,V027,64.0,0.9796191176863218
2026-05-25,2026-05-25 11:41:41,V027,64.0,0.979605551122396
2026-05-25,2026-05-25 11:41:42,V027,65.0,0.9814645360609098
2026-05-25,2026-05-25 11:41:43,V027,65.0,0.9884987062433327
2026-05-25,2026-05-25 11:41:44,V027,66.0,0.9720224471254594
2026-05-25,2026-05-25 11:41:45,V027,67.0,0.9885051427379983
2026-05-25,2026-05-25 11:41:46,V027,68.0,0.9827458499672914
2026-05-25,2026-05-25 11:41:47,V027,69.0,0.990346261191563
2026-05-25,2026-05-25 11:41:48,V027,70.0,0.9981164664210334
2026-05-25,2026-05-25 11:41:49,V027,74.0,1.04531628297645
2026-05-25,2026-05-25 11:41:50,V027,76.0,1.0253899545330842
2026-05-25,2026-05-25 11:41:51,V027,78.0,1.1133638500045675
2026-05-25,2026-05-25 11:41:52,V027,80.0,1.23791978436746
2026-05-25,2026-05-25 11:41:53,V027,81.0,1.0424657708762013
2026-05-25,2026-05-25 11:41:54,V027,82.0,1.0502633890139788
2026-05-25,2026-05-25 11:41:55,V027,84.0,1.0136616626233437
2026-05-25,2026-05-25 11:41:56,V027,85.0,1.0467410626650806
2026-05-25,2026-05-25 11:41:57,V027,87.0,0.9776990211763106
2026-05-25,2026-05-25 11:41:58,V027,88.0,0.9962155965302278
2026-05-25,2026-05-25 11:41:59,V027,88.0,1.001912788720956
2026-05-25,2026-05-25 11:42:00,V027,89.0,1.0318632203376423
2026-05-25,2026-05-25 11:42:01,V027,90.0,1.0577645585906592
2026-05-25,2026-05-25 11:42:02,V027,90.0,1.0398460140357886
2026-05-25,2026-05-25 11:42:03,V027,91.0,1.0178238828874508
2026-05-25,2026-05-25 11:42:04,V027,91.0,1.101118274977103
2026-05-25,2026-05-25 11:42:05,V027,92.0,0.9990860972989392
2026-05-25,2026-05-25 11:42:06,V027,93.0,0.9601468988221296
2026-05-25,2026-05-25 11:42:07,V027,94.0,0.9889598707437416
2026-05-25,2026-05-25 11:42:08,V027,94.0,0.9913892858075795
2026-05-25,2026-05-25 11:42:09,V027,96.0,0.9965561439107004
2026-05-25,2026-05-25 11:42:10,V027,97.0,1.0215922339896364
2026-05-25,2026-05-25 11:42:11,V027,97.0,1.0168617098162647
2026-05-25,2026-05-25 11:42:12,V027,96.0,1.0116169267633384
2026-05-25,2026-05-25 11:42:13,V027,95.0,1.0606534075068625
2026-05-25,2026-05-25 11:42:14,V027,95.0,0.9856216111986085
2026-05-25,2026-05-25 11:42:15,V027,95.0,1.0007411495487002
2026-05-25,2026-05-25 11:42:16,V027,94.0,0.9926348706714937
2026-05-25,2026-05-25 11:42:17,V027,95.0,0.9960603826605505
2026-05-25,2026-05-25 11:42:18,V027,95.0,1.011675889317203
2026-05-25,2026-05-25 11:42:19,V027,95.0,1.0108324620246505
2026-05-25,2026-05-25 11:42:20,V027,95.0,0.9936312580613451
2026-05-25,2026-05-25 11:42:21,V027,95.0,0.9916284691725132
2026-05-25,2026-05-25 11:42:22,V027,95.0,0.9915054750980855
2026-05-25,2026-05-25 11:42:23,V027,95.0,0.9920739247561055
2026-05-25,2026-05-25 11:42:24,V027,95.0,0.9925560347581128
2026-05-25,2026-05-25 11:42:25,V027,95.0,0.9924234954471897
2026-05-25,2026-05-25 11:42:26,V027,95.0,0.999895386972544
2026-05-25,2026-05-25 11:42:27,V027,95.0,0.9913850060527413
2026-05-25,2026-05-25 11:42:28,V027,94.0,0.9914588338967512
2026-05-25,2026-05-25 11:42:29,V027,94.0,0.9911107068313892
2026-05-25,2026-05-25 11:42:30,V027,94.0,0.9910542636623194
2026-05-25,2026-05-25 11:42:31,V027,94.0,0.9901765253669406
2026-05-25,2026-05-25 11:42:32,V027,94.0,0.9910965654144692
2026-05-25,2026-05-25 11:42:33,V027,93.0,0.9904691947010802
2026-05-25,2026-05-25 11:42:34,V027,93.0,1.1730735756272441
2026-05-25,2026-05-25 11:42:35,V027,93.0,1.003719711325175
2026-05-25,2026-05-25 11:42:36,V027,93.0,1.0134003582583013
2026-05-25,2026-05-25 11:42:37,V027,93.0,1.0099924980770971
2026-05-25,2026-05-25 11:42:38,V027,94.0,0.985326032210155
2026-05-25,2026-05-25 11:42:39,V027,94.0,1.0486657246924365
2026-05-25,2026-05-25 11:42:40,V027,95.0,1.018979488300387
2026-05-25,2026-05-25 11:42:41,V027,95.0,1.0635622557032425
2026-05-25,2026-05-25 11:42:42,V027,94.0,1.027996675816485
2026-05-25,2026-05-25 11:42:43,V027,95.0,1.0800229868750169
2026-05-25,2026-05-25 11:42:44,V027,95.0,1.0638799696509778
2026-05-25,2026-05-25 11:42:45,V027,95.0,0.9946531124795063
2026-05-25,2026-05-25 11:42:46,V027,95.0,1.0192865772164026
2026-05-25,2026-05-25 11:42:47,V027,95.0,0.9816541028674487
2026-05-25,2026-05-25 11:42:48,V027,96.0,1.0194523010603096
2026-05-25,2026-05-25 11:42:49,V027,95.0,0.9919162588571956
2026-05-25,2026-05-25 11:42:50,V027,95.0,1.0022753377826792
2026-05-25,2026-05-25 11:42:51,V027,95.0,0.9871865361587598
2026-05-25,2026-05-25 11:42:52,V027,95.0,0.9868909610291784
2026-05-25,2026-05-25 11:42:53,V027,95.0,0.9784694495499806
2026-05-25,2026-05-25 11:42:54,V027,95.0,0.9927578896625241
2026-05-25,2026-05-25 11:42:55,V027,94.0,0.9884451060729543
2026-05-25,2026-05-25 11:42:56,V027,94.0,0.9734320117512179
2026-05-25,2026-05-25 11:42:57,V027,94.0,0.9757827246681171
2026-05-25,2026-05-25 11:42:58,V027,93.0,1.0005048234456704
2026-05-25,2026-05-25 11:42:59,V027,93.0,1.026483252891326
2026-05-25,2026-05-25 11:43:00,V027,92.0,0.9577395039186488
2026-05-25,2026-05-25 11:43:01,V027,91.0,1.0307802507977275
2026-05-25,2026-05-25 11:43:02,V027,90.0,1.0015059633953225
2026-05-25,2026-05-25 11:43:03,V027,86.0,1.0735067048798705
2026-05-25,2026-05-25 11:43:04,V027,83.0,0.9564104902709906
2026-05-25,2026-05-25 11:43:05,V027,81.0,1.0131170868529886
2026-05-25,2026-05-25 11:43:06,V027,79.0,0.970598971262979
2026-05-25,2026-05-25 11:43:07,V027,78.0,1.0055019525080602
2026-05-25,2026-05-25 11:43:08,V027,78.0,1.056577098370567
2026-05-25,2026-05-25 11:43:09,V027,78.0,0.9757733197472548
2026-05-25,2026-05-25 11:43:10,V027,78.0,0.9854545973179459
2026-05-25,2026-05-25 11:43:11,V027,78.0,0.9936140748467025
2026-05-25,2026-05-25 11:43:12,V027,78.0,0.989019078836658
2026-05-25,2026-05-25 11:43:13,V027,79.0,1.0312057901177063
2026-05-25,2026-05-25 11:43:14,V027,79.0,0.9910652627960158
2026-05-25,2026-05-25 11:43:15,V027,79.0,1.001338323368603
2026-05-25,2026-05-25 11:43:16,V027,79.0,0.9924158060012698
2026-05-25,2026-05-25 11:43:17,V027,79.0,0.990226593245646
2026-05-25,2026-05-25 11:43:18,V027,80.0,0.9949958542671007
2026-05-25,2026-05-25 11:43:19,V027,80.0,0.9930342599206183
2026-05-25,2026-05-25 11:43:20,V027,80.0,0.9913440057685238
2026-05-25,2026-05-25 11:43:21,V027,80.0,0.9967407955126781
2026-05-25,2026-05-25 11:43:22,V027,81.0,0.9920002621808055
2026-05-25,2026-05-25 11:43:23,V027,81.0,0.9955164682702127
2026-05-25,2026-05-25 11:43:24,V027,81.0,0.993323743531597
2026-05-25,2026-05-25 11:43:25,V027,82.0,0.996366114717278
2026-05-25,2026-05-25 11:43:26,V027,83.0,1.0310135311937854
2026-05-25,2026-05-25 11:43:27,V027,84.0,1.0015040665137114
2026-05-25,2026-05-25 11:43:28,V027,84.0,0.9967408275873059
2026-05-25,2026-05-25 11:43:29,V027,85.0,0.9820517287352519
2026-05-25,2026-05-25 11:43:30,V027,86.0,0.9925485832975118
2026-05-25,2026-05-25 11:43:31,V027,86.0,0.9831942273685915
2026-05-25,2026-05-25 11:43:32,V027,87.0,0.9924748017130227
2026-05-25,2026-05-25 11:43:33,V027,88.0,0.9934303471744071
2026-05-25,2026-05-25 11:43:34,V027,88.0,0.9897050541260002
2026-05-25,2026-05-25 11:43:35,V027,89.0,0.9910599362135699
2026-05-25,2026-05-25 11:43:36,V027,90.0,0.9919618041092155
2026-05-25,2026-05-25 11:43:37,V027,90.0,0.9939330718301946
2026-05-25,2026-05-25 11:43:38,V027,91.0,0.9935681353220854
2026-05-25,2026-05-25 11:43:39,V027,92.0,0.9974312125589133
2026-05-25,2026-05-25 11:43:40,V027,92.0,0.9935894275639932
2026-05-25,2026-05-25 11:43:41,V027,93.0,0.9851267584951965
2026-05-25,2026-05-25 11:43:42,V027,93.0,0.9927616181495895
2026-05-25,2026-05-25 11:43:43,V027,94.0,0.9904184790238831
2026-05-25,2026-05-25 11:43:44,V027,95.0,0.9982671383671898
2026-05-25,2026-05-25 11:43:45,V027,96.0,0.9881477374994853
2026-05-25,2026-05-25 11:43:46,V027,96.0,0.9893464576386589
2026-05-25,2026-05-25 11:43:47,V027,96.0,0.9950431744907209
2026-05-25,2026-05-25 11:43:48,V027,96.0,0.9962667731282684
2026-05-25,2026-05-25 11:43:49,V027,96.0,0.98661195976549
2026-05-25,2026-05-25 11:43:50,V027,96.0,0.9931542951826515
2026-05-25,2026-05-25 11:43:51,V027,96.0,0.9944785830941963
2026-05-25,2026-05-25 11:43:52,V027,96.0,0.9948525575328832
2026-05-25,2026-05-25 11:43:53,V027,96.0,0.993333898159427
2026-05-25,2026-05-25 11:43:54,V027,95.0,0.9935231778591275
2026-05-25,2026-05-25 11:43:55,V027,96.0,0.9951123228424765
2026-05-25,2026-05-25 11:43:56,V027,96.0,0.9957459379331577
2026-05-25,2026-05-25 11:43:57,V027,96.0,0.9930760026491874
2026-05-25,2026-05-25 11:43:58,V027,96.0,0.996434051992448
2026-05-25,2026-05-25 11:43:59,V027,96.0,0.997940216124307
2026-05-25,2026-05-25 11:44:00,V027,95.0,0.9909844201085805
2026-05-25,2026-05-25 11:44:01,V027,95.0,0.9979988424002042
2026-05-25,2026-05-25 11:44:02,V027,95.0,0.9972169201188551
2026-05-25,2026-05-25 11:44:03,V027,96.0,0.9942509049403024
2026-05-25,2026-05-25 11:44:04,V027,96.0,0.9952589668722712
2026-05-25,2026-05-25 11:44:05,V027,95.0,0.9948984100576577
2026-05-25,2026-05-25 11:44:06,V027,95.0,1.0007744019214981
2026-05-25,2026-05-25 11:44:07,V027,95.0,0.9909079409504012
2026-05-25,2026-05-25 11:44:08,V027,95.0,0.9573094933385775
2026-05-25,2026-05-25 11:44:09,V027,95.0,0.9985159820440532
2026-05-25,2026-05-25 11:44:10,V027,95.0,0.995330582297949
2026-05-25,2026-05-25 11:44:11,V027,95.0,0.9955804759440862
2026-05-25,2026-05-25 11:44:12,V027,95.0,0.9948795999293567
2026-05-25,2026-05-25 11:44:13,V027,96.0,0.9903263583925468
2026-05-25,2026-05-25 11:44:14,V027,96.0,0.9942467617497097
2026-05-25,2026-05-25 11:44:15,V027,96.0,0.9971768565054759
2026-05-25,2026-05-25 11:44:16,V027,97.0,0.9934744199739869
2026-05-25,2026-05-25 11:44:17,V027,97.0,0.9902460283638476
2026-05-25,2026-05-25 11:44:18,V027,98.0,0.9907078675501221
2026-05-25,2026-05-25 11:44:19,V027,98.0,0.9872669505253603
2026-05-25,2026-05-25 11:44:20,V027,98.0,1.0175020773908694
2026-05-25,2026-05-25 11:44:21,V027,97.0,0.9886355366188171
2026-05-25,2026-05-25 11:44:22,V027,97.0,0.9988748035780276
2026-05-25,2026-05-25 11:44:23,V027,97.0,0.9978725185160748
2026-05-25,2026-05-25 11:44:24,V027,97.0,0.9968198262358952
2026-05-25,2026-05-25 11:44:25,V027,96.0,0.9938242623786462
2026-05-25,2026-05-25 11:44:26,V027,96.0,0.9969576126756264
2026-05-25,2026-05-25 11:44:27,V027,94.0,0.9940625196895525
2026-05-25,2026-05-25 11:44:28,V027,93.0,0.9943205862782007
2026-05-25,2026-05-25 11:44:29,V027,92.0,0.9911719903329179
2026-05-25,2026-05-25 11:44:30,V027,91.0,0.9918651206070895
2026-05-25,2026-05-25 11:44:31,V027,90.0,0.9913453816137374
2026-05-25,2026-05-25 11:44:32,V027,89.0,0.9954567300881698
2026-05-25,2026-05-25 11:44:33,V027,89.0,0.9921365118531953
2026-05-25,2026-05-25 11:44:34,V027,88.0,0.9894594987728579
2026-05-25,2026-05-25 11:44:35,V027,88.0,0.986737786542086
2026-05-25,2026-05-25 11:44:36,V027,88.0,0.9574880368944502
2026-05-25,2026-05-25 11:44:37,V027,88.0,1.02062721388184
2026-05-25,2026-05-25 11:44:38,V027,88.0,1.0353179003665418
2026-05-25,2026-05-25 11:44:39,V027,88.0,1.0333706693558802
2026-05-25,2026-05-25 11:44:40,V027,88.0,0.9891176198736672
2026-05-25,2026-05-25 11:44:41,V027,87.0,1.0391874645739478
2026-05-25,2026-05-25 11:44:42,V027,87.0,0.9426630912366477
2026-05-25,2026-05-25 11:44:43,V027,86.0,0.9928458014317593
2026-05-25,2026-05-25 11:44:44,V027,86.0,1.00128976880849
2026-05-25,2026-05-25 11:44:45,V027,85.0,1.172024908360148
2026-05-25,2026-05-25 11:44:46,V027,85.0,0.9932747363263096
2026-05-25,2026-05-25 11:44:47,V027,84.0,0.9928744562803499
2026-05-25,2026-05-25 11:44:48,V027,84.0,0.9935242228966275
2026-05-25,2026-05-25 11:44:49,V027,84.0,0.9932063159593254
2026-05-25,2026-05-25 11:44:50,V027,84.0,0.992841776643674
2026-05-25,2026-05-25 11:44:51,V027,84.0,0.9906669435962618
2026-05-25,2026-05-25 11:44:52,V027,84.0,0.9637840636530958
2026-05-25,2026-05-25 11:44:53,V027,84.0,0.9422431969941114
2026-05-25,2026-05-25 11:44:54,V027,84.0,0.9932369092107542
2026-05-25,2026-05-25 11:44:55,V027,84.0,0.9929786084296295
2026-05-25,2026-05-25 11:44:56,V027,84.0,0.9932763137716912
2026-05-25,2026-05-25 11:44:57,V027,84.0,0.9933674188579434
2026-05-25,2026-05-25 11:44:58,V027,84.0,0.9935580305394361
2026-05-25,2026-05-25 11:44:59,V027,83.0,0.9933226348432919
2026-05-25,2026-05-25 11:45:00,V027,83.0,0.9932427946086626
2026-05-25,2026-05-25 11:45:01,V027,83.0,0.9929597489394615
2026-05-25,2026-05-25 11:45:02,V027,83.0,0.9954916930881097
2026-05-25,2026-05-25 11:45:03,V027,82.0,0.9928647712893341
2026-05-25,2026-05-25 11:45:04,V027,81.0,0.9933063050558996
2026-05-25,2026-05-25 11:45:05,V027,81.0,0.9943192402221254
2026-05-25,2026-05-25 11:45:06,V027,80.0,0.993712877340349
2026-05-25,2026-05-25 11:45:07,V027,79.0,0.9935116991464632
2026-05-25,2026-05-25 11:45:08,V027,78.0,0.9971844641997575
2026-05-25,2026-05-25 11:45:09,V027,78.0,0.9870888944409143
2026-05-25,2026-05-25 11:45:10,V027,78.0,0.9920104334562653
2026-05-25,2026-05-25 11:45:11,V027,78.0,1.0554984190405143
2026-05-25,2026-05-25 11:45:12,V027,78.0,0.9435816949769626
2026-05-25,2026-05-25 11:45:13,V027,78.0,0.98575906223104
2026-05-25,2026-05-25 11:45:14,V027,78.0,0.9821644857107381
2026-05-25,2026-05-25 11:45:15,V027,78.0,1.0336252381655462
2026-05-25,2026-05-25 11:45:16,V027,78.0,0.9110927903821158
2026-05-25,2026-05-25 11:45:17,V027,78.0,1.0257546542665898
2026-05-25,2026-05-25 11:45:18,V027,77.0,0.9899422298345618
2026-05-25,2026-05-25 11:45:19,V027,77.0,0.9946111805770932
2026-05-25,2026-05-25 11:45:20,V027,77.0,0.9950924659022182
2026-05-25,2026-05-25 11:45:21,V027,77.0,0.9943091068502357
2026-05-25,2026-05-25 11:45:22,V027,77.0,0.9946837175191692
2026-05-25,2026-05-25 11:45:23,V027,77.0,0.9950090038631653
2026-05-25,2026-05-25 11:45:24,V027,77.0,0.9943722043828696
2026-05-25,2026-05-25 11:45:25,V027,77.0,0.9942707034984761
2026-05-25,2026-05-25 11:45:26,V027,78.0,0.9943703019052262
2026-05-25,2026-05-25 11:45:27,V027,77.0,0.9942042421248303
2026-05-25,2026-05-25 11:45:28,V027,77.0,0.9947665373709168
2026-05-25,2026-05-25 11:45:29,V027,77.0,0.9941003222398295
2026-05-25,2026-05-25 11:45:30,V027,77.0,0.994462770474608
2026-05-25,2026-05-25 11:45:31,V027,77.0,0.9943016796961398
2026-05-25,2026-05-25 11:45:32,V027,76.0,0.9947959206022482
2026-05-25,2026-05-25 11:45:33,V027,76.0,0.9945439494808843
2026-05-25,2026-05-25 11:45:34,V027,76.0,0.9945210378520472
2026-05-25,2026-05-25 11:45:35,V027,76.0,0.9947754644163421
2026-05-25,2026-05-25 11:45:36,V027,76.0,0.9946822196205911
2026-05-25,2026-05-25 11:45:37,V027,76.0,0.994513033452892
2026-05-25,2026-05-25 11:45:38,V027,75.0,0.9947038897808025
2026-05-25,2026-05-25 11:45:39,V027,75.0,1.0428492104913136
2026-05-25,2026-05-25 11:45:40,V027,75.0,0.9529603838215454
2026-05-25,2026-05-25 11:45:41,V027,75.0,1.034280202165507
2026-05-25,2026-05-25 11:45:42,V027,75.0,0.9986621858393313
2026-05-25,2026-05-25 11:45:43,V027,75.0,0.9864483062689868
2026-05-25,2026-05-25 11:45:44,V027,75.0,1.0112237750677526
2026-05-25,2026-05-25 11:45:45,V027,75.0,0.9772885430759777
2026-05-25,2026-05-25 11:45:46,V027,76.0,1.0294884382397733
2026-05-25,2026-05-25 11:45:47,V027,76.0,0.9583759124046001
2026-05-25,2026-05-25 11:45:48,V027,76.0,1.048825905701482
2026-05-25,2026-05-25 11:45:49,V027,76.0,0.8752254918727431
2026-05-25,2026-05-25 11:45:50,V027,76.0,0.994605145334302
2026-05-25,2026-05-25 11:45:51,V027,76.0,0.9941920049878606
2026-05-25,2026-05-25 11:45:52,V027,76.0,0.9939516148322782
2026-05-25,2026-05-25 11:45:53,V027,,0.993376528076599
2026-05-25,2026-05-25 11:45:54,V027,,0.9932983869095066
2026-05-25,2026-05-25 11:45:55,V027,,0.9943715110360308
2026-05-25,2026-05-25 11:45:56,V027,,0.994072793814837
2026-05-25,2026-05-25 11:45:57,V027,,0.9941612453166639
2026-05-25,2026-05-25 11:45:58,V027,,0.9938696542190635
2026-05-25,2026-05-25 11:45:59,V027,,0.9944283236257229
2026-05-25,2026-05-25 11:46:00,V027,,0.9943438298757415
2026-05-25,2026-05-25 11:46:01,V027,,0.9944406611529427
2026-05-25,2026-05-25 11:46:02,V027,,0.9938902641428041
2026-05-25,2026-05-25 11:46:03,V027,,0.9942353086721971
2026-05-25,2026-05-25 11:46:04,V027,,1.0493226526511186
2026-05-25,2026-05-25 11:46:05,V027,,0.9862704316228253
2026-05-25,2026-05-25 11:46:06,V027,,0.9699652236088719
2026-05-25,2026-05-25 11:46:07,V027,,0.9694171950335647
2026-05-25,2026-05-25 11:46:08,V027,,1.033257740772533
2026-05-25,2026-05-25 11:46:09,V027,,1.0265515765058857
2026-05-25,2026-05-25 11:46:10,V027,,1.0023233286466666
2026-05-25,2026-05-25 11:46:11,V027,,1.0383228419927293
2026-05-25,2026-05-25 11:46:12,V027,,1.0078256382403161
2026-05-25,2026-05-25 11:46:13,V027,,0.9997253650608122
2026-05-25,2026-05-25 11:46:14,V027,,1.015195428498487
2026-05-25,2026-05-25 11:46:15,V027,,1.0428514587216504
2026-05-25,2026-05-25 11:46:16,V027,,1.0455484073583303
2026-05-25,2026-05-25 11:46:17,V027,,1.0069865003586769
2026-05-25,2026-05-25 11:46:18,V027,,1.0181120214285242
2026-05-25,2026-05-25 11:46:19,V027,,1.0513314067562045
2026-05-25,2026-05-25 11:46:20,V027,,1.0633924442638794
2026-05-25,2026-05-25 11:46:21,V027,,1.040208240518141
2026-05-25,2026-05-25 11:46:22,V027,,1.0462017538911628
2026-05-25,2026-05-25 11:46:23,V027,,1.0661857643567103
2026-05-25,2026-05-25 11:46:24,V027,,1.0774803402868334
2026-05-25,2026-05-25 11:46:25,V027,,1.0088547003356731
2026-05-25,2026-05-25 11:46:26,V027,,1.0062151267321042
2026-05-25,2026-05-25 11:46:27,V027,,1.0343366543688648
2026-05-25,2026-05-25 11:46:28,V027,,1.0531808899026558
2026-05-25,2026-05-25 11:46:29,V027,,1.079588443081826
2026-05-25,2026-05-25 11:46:30,V027,,1.0690418879941646
2026-05-25,2026-05-25 11:46:31,V027,,1.0367062264048932
2026-05-25,2026-05-25 11:46:32,V027,,1.0582264535980517
2026-05-25,2026-05-25 11:46:33,V027,,1.0310926609017301
2026-05-25,2026-05-25 11:46:34,V027,,1.058962808871489
2026-05-25,2026-05-25 11:46:35,V027,,1.0527298459488381
2026-05-25,2026-05-25 11:46:36,V027,,1.0381911433475703
2026-05-25,2026-05-25 11:46:37,V027,,1.0597250039318546
2026-05-25,2026-05-25 11:46:38,V027,,1.083347132605538
2026-05-25,2026-05-25 11:46:39,V027,,1.1094496545391581
2026-05-25,2026-05-25 11:46:40,V027,,1.057709698119578
2026-05-25,2026-05-25 11:46:41,V027,,0.9545216451630754
2026-05-25,2026-05-25 11:46:42,V027,,1.055650320547944
2026-05-25,2026-05-25 11:46:43,V027,,1.0264492361155348
2026-05-25,2026-05-25 11:46:44,V027,,1.0773343269748539
