Date,Timestamp,SensorID,HeartRate,AccNorm
2026-05-25,2026-05-25 11:08:51,V013,,1.0188218935047912
2026-05-25,2026-05-25 11:08:52,V013,,1.0191386020990003
2026-05-25,2026-05-25 11:08:53,V013,,1.0176814779565044
2026-05-25,2026-05-25 11:08:54,V013,,1.015749931115165
2026-05-25,2026-05-25 11:08:55,V013,,1.019423421167528
2026-05-25,2026-05-25 11:08:56,V013,,1.0196574691244176
2026-05-25,2026-05-25 11:08:57,V013,,1.0205750485290546
2026-05-25,2026-05-25 11:08:58,V013,,1.0199728704846134
2026-05-25,2026-05-25 11:08:59,V013,,1.0202100748619953
2026-05-25,2026-05-25 11:09:00,V013,,1.0231335086358184
2026-05-25,2026-05-25 11:09:01,V013,,1.0185967512922778
2026-05-25,2026-05-25 11:09:02,V013,,1.0191106023211425
2026-05-25,2026-05-25 11:09:03,V013,,1.0180843807653455
2026-05-25,2026-05-25 11:09:04,V013,,1.0183474112837658
2026-05-25,2026-05-25 11:09:05,V013,,1.0185377218611145
2026-05-25,2026-05-25 11:09:06,V013,,1.0184976456696917
2026-05-25,2026-05-25 11:09:07,V013,,1.0186837922236989
2026-05-25,2026-05-25 11:09:08,V013,,1.0178290682792028
2026-05-25,2026-05-25 11:09:09,V013,,1.0179070891974547
2026-05-25,2026-05-25 11:09:10,V013,,1.0174931076622755
2026-05-25,2026-05-25 11:09:11,V013,,1.0178053937857867
2026-05-25,2026-05-25 11:09:12,V013,,1.0183364833919206
2026-05-25,2026-05-25 11:09:13,V013,,1.0192954832417158
2026-05-25,2026-05-25 11:09:14,V013,,1.017373965402739
2026-05-25,2026-05-25 11:09:15,V013,,1.0183565458901456
2026-05-25,2026-05-25 11:09:16,V013,,1.016747120498603
2026-05-25,2026-05-25 11:09:17,V013,,1.0178620337621647
2026-05-25,2026-05-25 11:09:18,V013,,1.017624841382297
2026-05-25,2026-05-25 11:09:19,V013,,1.0179239111997915
2026-05-25,2026-05-25 11:09:20,V013,,1.0179828190649602
2026-05-25,2026-05-25 11:09:21,V013,,1.0185288904752745
2026-05-25,2026-05-25 11:09:22,V013,,1.0189438668752888
2026-05-25,2026-05-25 11:09:23,V013,,1.0183145100420423
2026-05-25,2026-05-25 11:09:24,V013,,1.0185342632670331
2026-05-25,2026-05-25 11:09:25,V013,,1.018421756831903
2026-05-25,2026-05-25 11:09:26,V013,,1.0180048560834345
2026-05-25,2026-05-25 11:09:27,V013,,1.019217824140207
2026-05-25,2026-05-25 11:09:28,V013,,1.0185509917308744
2026-05-25,2026-05-25 11:09:29,V013,,1.0177552095800348
2026-05-25,2026-05-25 11:09:30,V013,,1.0187942835930202
2026-05-25,2026-05-25 11:09:31,V013,,1.0194728674001954
2026-05-25,2026-05-25 11:09:32,V013,,1.0186687189248076
2026-05-25,2026-05-25 11:09:33,V013,,1.018550072374299
2026-05-25,2026-05-25 11:09:34,V013,,1.0187479300346303
2026-05-25,2026-05-25 11:09:35,V013,,1.0185517555476369
2026-05-25,2026-05-25 11:09:36,V013,,1.0185414660784573
2026-05-25,2026-05-25 11:09:37,V013,,1.019195465388893
2026-05-25,2026-05-25 11:09:38,V013,,1.0176663743103045
2026-05-25,2026-05-25 11:09:39,V013,,1.0189613452455497
2026-05-25,2026-05-25 11:09:40,V013,,1.0178057244323029
2026-05-25,2026-05-25 11:09:41,V013,,1.0183138485822136
2026-05-25,2026-05-25 11:09:42,V013,,1.0195356285439232
2026-05-25,2026-05-25 11:09:43,V013,,1.0179795477001876
2026-05-25,2026-05-25 11:09:44,V013,,1.0164497649411743
2026-05-25,2026-05-25 11:09:45,V013,,1.0189226850482824
2026-05-25,2026-05-25 11:09:46,V013,,1.0205646601810654
2026-05-25,2026-05-25 11:09:47,V013,,1.0181292740036403
2026-05-25,2026-05-25 11:09:48,V013,,1.0182460723951363
2026-05-25,2026-05-25 11:09:49,V013,,1.017126944950934
2026-05-25,2026-05-25 11:09:50,V013,,1.0177876588633792
2026-05-25,2026-05-25 11:09:51,V013,,1.0185246171193427
2026-05-25,2026-05-25 11:09:52,V013,,1.0187054718002853
2026-05-25,2026-05-25 11:09:53,V013,,1.0191042807959834
2026-05-25,2026-05-25 11:09:54,V013,,1.0185350812323293
2026-05-25,2026-05-25 11:09:55,V013,,1.0180493410046654
2026-05-25,2026-05-25 11:09:56,V013,,1.0187705798245144
2026-05-25,2026-05-25 11:09:57,V013,,1.0182760406029738
2026-05-25,2026-05-25 11:09:58,V013,,1.0180825825393933
2026-05-25,2026-05-25 11:09:59,V013,,1.0188307643468733
2026-05-25,2026-05-25 11:10:00,V013,,1.0187116187059604
2026-05-25,2026-05-25 11:10:01,V013,,1.0187051691475941
2026-05-25,2026-05-25 11:10:02,V013,,1.0174158381519338
2026-05-25,2026-05-25 11:10:03,V013,,1.0179148868248193
2026-05-25,2026-05-25 11:10:04,V013,,1.0188000642744532
2026-05-25,2026-05-25 11:10:05,V013,,1.018517257030409
2026-05-25,2026-05-25 11:10:06,V013,,1.019201213620795
2026-05-25,2026-05-25 11:10:07,V013,,1.0183609618444112
2026-05-25,2026-05-25 11:10:08,V013,,1.0181582480118223
2026-05-25,2026-05-25 11:10:09,V013,,1.018161248599297
2026-05-25,2026-05-25 11:10:10,V013,,1.0188457027624225
2026-05-25,2026-05-25 11:10:11,V013,,1.0190857875765198
2026-05-25,2026-05-25 11:10:12,V013,,1.0183165004239174
2026-05-25,2026-05-25 11:10:13,V013,,1.0187503398900435
2026-05-25,2026-05-25 11:10:14,V013,,1.0179655557362979
2026-05-25,2026-05-25 11:10:15,V013,,1.0175324183153471
2026-05-25,2026-05-25 11:10:16,V013,,1.0197445897208655
2026-05-25,2026-05-25 11:10:17,V013,,1.018517687723393
2026-05-25,2026-05-25 11:10:18,V013,,1.0188065746258788
2026-05-25,2026-05-25 11:10:19,V013,,1.0188354236892712
2026-05-25,2026-05-25 11:10:20,V013,,1.0194539515516257
2026-05-25,2026-05-25 11:10:21,V013,,0.9970385760161143
2026-05-25,2026-05-25 11:10:22,V013,,1.005214985866862
2026-05-25,2026-05-25 11:10:23,V013,,1.003704378876971
2026-05-25,2026-05-25 11:10:24,V013,,1.018549712131788
2026-05-25,2026-05-25 11:10:25,V013,,1.0189482798704934
2026-05-25,2026-05-25 11:10:26,V013,,1.018760261694477
2026-05-25,2026-05-25 11:10:27,V013,,1.0190240279095444
2026-05-25,2026-05-25 11:10:28,V013,,1.0187214789587011
2026-05-25,2026-05-25 11:10:29,V013,,1.0185908882033508
2026-05-25,2026-05-25 11:10:30,V013,,1.0180521874173987
2026-05-25,2026-05-25 11:10:31,V013,,1.014777317595906
2026-05-25,2026-05-25 11:10:32,V013,,1.0289697741489698
2026-05-25,2026-05-25 11:10:33,V013,,1.0189975415616614
2026-05-25,2026-05-25 11:10:34,V013,,1.0186431769761488
2026-05-25,2026-05-25 11:10:35,V013,,1.0188883057525975
2026-05-25,2026-05-25 11:10:36,V013,,1.018526081457379
2026-05-25,2026-05-25 11:10:37,V013,,1.0178755644418902
2026-05-25,2026-05-25 11:10:38,V013,,1.0188561967380219
2026-05-25,2026-05-25 11:10:39,V013,,1.0188582847976544
2026-05-25,2026-05-25 11:10:40,V013,,1.018956277874636
2026-05-25,2026-05-25 11:10:41,V013,,1.0175865089959235
2026-05-25,2026-05-25 11:10:42,V013,,1.0509800155539073
2026-05-25,2026-05-25 11:10:43,V013,,0.9989714845957821
2026-05-25,2026-05-25 11:10:44,V013,,1.0024388229299
2026-05-25,2026-05-25 11:10:45,V013,,1.0248083546171662
2026-05-25,2026-05-25 11:10:46,V013,,1.0295596045160424
2026-05-25,2026-05-25 11:10:47,V013,,0.9963795536155278
2026-05-25,2026-05-25 11:10:48,V013,,1.018785692104833
2026-05-25,2026-05-25 11:10:49,V013,,1.011545873742022
2026-05-25,2026-05-25 11:10:50,V013,,1.0197307180875985
2026-05-25,2026-05-25 11:10:51,V013,,1.0179844869286079
2026-05-25,2026-05-25 11:10:52,V013,,1.0178955459281513
2026-05-25,2026-05-25 11:10:53,V013,98.0,1.0796409273416672
2026-05-25,2026-05-25 11:10:54,V013,98.0,1.248656633538669
2026-05-25,2026-05-25 11:10:55,V013,97.0,1.0175836589954577
2026-05-25,2026-05-25 11:10:56,V013,97.0,1.0183428307727296
2026-05-25,2026-05-25 11:10:57,V013,97.0,1.018962039958479
2026-05-25,2026-05-25 11:10:58,V013,96.0,1.0186816581941238
2026-05-25,2026-05-25 11:10:59,V013,96.0,1.0179189243821491
2026-05-25,2026-05-25 11:11:00,V013,96.0,1.0181646216064955
2026-05-25,2026-05-25 11:11:01,V013,96.0,1.018166717652221
2026-05-25,2026-05-25 11:11:02,V013,96.0,1.0185265428368238
2026-05-25,2026-05-25 11:11:03,V013,96.0,1.0182978304578736
2026-05-25,2026-05-25 11:11:04,V013,96.0,1.0182212666237123
2026-05-25,2026-05-25 11:11:05,V013,95.0,1.0188300697158852
2026-05-25,2026-05-25 11:11:06,V013,95.0,1.0187661836510011
2026-05-25,2026-05-25 11:11:07,V013,95.0,1.0179213107116378
2026-05-25,2026-05-25 11:11:08,V013,95.0,1.0185417363505882
2026-05-25,2026-05-25 11:11:09,V013,95.0,1.018631717443836
2026-05-25,2026-05-25 11:11:10,V013,95.0,1.0187055785771257
2026-05-25,2026-05-25 11:11:11,V013,95.0,1.0183360157539323
2026-05-25,2026-05-25 11:11:12,V013,95.0,1.0182160837233025
2026-05-25,2026-05-25 11:11:13,V013,95.0,1.018233805169965
2026-05-25,2026-05-25 11:11:14,V013,95.0,1.0183174848269665
2026-05-25,2026-05-25 11:11:15,V013,94.0,1.0184796758230714
2026-05-25,2026-05-25 11:11:16,V013,94.0,1.0187532974873195
2026-05-25,2026-05-25 11:11:17,V013,93.0,1.018732377416436
2026-05-25,2026-05-25 11:11:18,V013,93.0,1.0190819219298564
2026-05-25,2026-05-25 11:11:19,V013,92.0,1.0179119600877116
2026-05-25,2026-05-25 11:11:20,V013,92.0,1.0192787350186558
2026-05-25,2026-05-25 11:11:21,V013,92.0,1.0183201905216261
2026-05-25,2026-05-25 11:11:22,V013,93.0,1.0179825676947365
2026-05-25,2026-05-25 11:11:23,V013,93.0,1.0160207411536866
2026-05-25,2026-05-25 11:11:24,V013,93.0,1.0187340922272115
2026-05-25,2026-05-25 11:11:25,V013,93.0,1.0183514948387558
2026-05-25,2026-05-25 11:11:26,V013,94.0,1.0184362868416876
2026-05-25,2026-05-25 11:11:27,V013,95.0,1.018551069746169
2026-05-25,2026-05-25 11:11:28,V013,95.0,1.0168023222932816
2026-05-25,2026-05-25 11:11:29,V013,94.0,1.0192946130663119
2026-05-25,2026-05-25 11:11:30,V013,94.0,1.0179796024747436
2026-05-25,2026-05-25 11:11:31,V013,94.0,1.0190998361232197
2026-05-25,2026-05-25 11:11:32,V013,93.0,1.01854920202595
2026-05-25,2026-05-25 11:11:33,V013,93.0,1.0195605670839243
2026-05-25,2026-05-25 11:11:34,V013,92.0,1.018270366474808
2026-05-25,2026-05-25 11:11:35,V013,91.0,1.0180609685968174
2026-05-25,2026-05-25 11:11:36,V013,91.0,1.0174690007977591
2026-05-25,2026-05-25 11:11:37,V013,90.0,1.0185921854898758
2026-05-25,2026-05-25 11:11:38,V013,89.0,1.0187172934197486
2026-05-25,2026-05-25 11:11:39,V013,89.0,1.0179054628819362
2026-05-25,2026-05-25 11:11:40,V013,89.0,1.0173789417638037
2026-05-25,2026-05-25 11:11:41,V013,88.0,1.0237168079658743
2026-05-25,2026-05-25 11:11:42,V013,87.0,1.0164955714359754
2026-05-25,2026-05-25 11:11:43,V013,88.0,1.0187529259875223
2026-05-25,2026-05-25 11:11:44,V013,88.0,1.019807173591342
2026-05-25,2026-05-25 11:11:45,V013,88.0,1.0173287086919602
2026-05-25,2026-05-25 11:11:46,V013,88.0,1.0175446269238404
2026-05-25,2026-05-25 11:11:47,V013,88.0,1.0188908161512844
2026-05-25,2026-05-25 11:11:48,V013,89.0,1.0180387519806968
2026-05-25,2026-05-25 11:11:49,V013,89.0,1.0168069471524348
2026-05-25,2026-05-25 11:11:50,V013,89.0,1.0184307754859776
2026-05-25,2026-05-25 11:11:51,V013,89.0,1.0177696746462643
2026-05-25,2026-05-25 11:11:52,V013,89.0,1.0179800488905897
2026-05-25,2026-05-25 11:11:53,V013,89.0,1.0190641269173282
2026-05-25,2026-05-25 11:11:54,V013,89.0,1.0176865195445006
2026-05-25,2026-05-25 11:11:55,V013,89.0,1.0175028929426184
2026-05-25,2026-05-25 11:11:56,V013,88.0,1.0192923530709512
2026-05-25,2026-05-25 11:11:57,V013,88.0,1.0180150406836355
2026-05-25,2026-05-25 11:11:58,V013,88.0,1.0193787620345263
2026-05-25,2026-05-25 11:11:59,V013,87.0,1.018390069617823
2026-05-25,2026-05-25 11:12:00,V013,86.0,1.0182164855506854
2026-05-25,2026-05-25 11:12:01,V013,86.0,1.0185373866471827
2026-05-25,2026-05-25 11:12:02,V013,86.0,1.0174109620292824
2026-05-25,2026-05-25 11:12:03,V013,85.0,1.0187306169636796
2026-05-25,2026-05-25 11:12:04,V013,85.0,1.0187875388737424
2026-05-25,2026-05-25 11:12:05,V013,85.0,1.0184127792015873
2026-05-25,2026-05-25 11:12:06,V013,85.0,1.0183300842389207
2026-05-25,2026-05-25 11:12:07,V013,85.0,1.0178708756605805
2026-05-25,2026-05-25 11:12:08,V013,85.0,1.0186033971965616
2026-05-25,2026-05-25 11:12:09,V013,85.0,1.0181308400542328
2026-05-25,2026-05-25 11:12:10,V013,86.0,1.0190187176467482
2026-05-25,2026-05-25 11:12:11,V013,86.0,1.018331285998139
2026-05-25,2026-05-25 11:12:12,V013,86.0,1.0183620390681951
2026-05-25,2026-05-25 11:12:13,V013,86.0,1.0187038735720246
2026-05-25,2026-05-25 11:12:14,V013,85.0,1.0189437225329367
2026-05-25,2026-05-25 11:12:15,V013,85.0,1.0177439202700873
2026-05-25,2026-05-25 11:12:16,V013,85.0,1.0183518204199196
2026-05-25,2026-05-25 11:12:17,V013,85.0,1.0171160408768787
2026-05-25,2026-05-25 11:12:18,V013,85.0,1.017286723310687
2026-05-25,2026-05-25 11:12:19,V013,85.0,1.0180395806399454
2026-05-25,2026-05-25 11:12:20,V013,85.0,1.01923648458703
2026-05-25,2026-05-25 11:12:21,V013,85.0,1.0188629707969183
2026-05-25,2026-05-25 11:12:22,V013,85.0,1.0171106964170085
2026-05-25,2026-05-25 11:12:23,V013,85.0,1.01831930837788
2026-05-25,2026-05-25 11:12:24,V013,84.0,1.0187321109416265
2026-05-25,2026-05-25 11:12:25,V013,84.0,1.0200074817549212
2026-05-25,2026-05-25 11:12:26,V013,84.0,1.0178268290270736
2026-05-25,2026-05-25 11:12:27,V013,85.0,1.0189255110450661
2026-05-25,2026-05-25 11:12:28,V013,86.0,1.01833348531678
2026-05-25,2026-05-25 11:12:29,V013,86.0,1.018767164493166
2026-05-25,2026-05-25 11:12:30,V013,87.0,1.0175316472373297
2026-05-25,2026-05-25 11:12:31,V013,87.0,1.018395893196679
2026-05-25,2026-05-25 11:12:32,V013,87.0,1.0007627063011098
2026-05-25,2026-05-25 11:12:33,V013,86.0,0.9813007285524716
2026-05-25,2026-05-25 11:12:34,V013,86.0,1.0183563253909989
2026-05-25,2026-05-25 11:12:35,V013,86.0,1.0181395307640881
2026-05-25,2026-05-25 11:12:36,V013,86.0,1.018402618144148
2026-05-25,2026-05-25 11:12:37,V013,86.0,1.0179642179075965
2026-05-25,2026-05-25 11:12:38,V013,86.0,1.0181395654155456
2026-05-25,2026-05-25 11:12:39,V013,87.0,1.0190019439135771
2026-05-25,2026-05-25 11:12:40,V013,86.0,1.0192256799297021
2026-05-25,2026-05-25 11:12:41,V013,86.0,1.0183635534961613
2026-05-25,2026-05-25 11:12:42,V013,86.0,1.0185873018781535
2026-05-25,2026-05-25 11:12:43,V013,86.0,1.0179984846804089
2026-05-25,2026-05-25 11:12:44,V013,86.0,1.01823836679437
2026-05-25,2026-05-25 11:12:45,V013,86.0,1.018689695801776
2026-05-25,2026-05-25 11:12:46,V013,85.0,1.0187895601092898
2026-05-25,2026-05-25 11:12:47,V013,85.0,1.0175260513162776
2026-05-25,2026-05-25 11:12:48,V013,85.0,1.0181542959181573
2026-05-25,2026-05-25 11:12:49,V013,86.0,1.0180061919526457
2026-05-25,2026-05-25 11:12:50,V013,86.0,1.0190818587761452
2026-05-25,2026-05-25 11:12:51,V013,87.0,1.0190816626711638
2026-05-25,2026-05-25 11:12:52,V013,87.0,1.0181781904937393
2026-05-25,2026-05-25 11:12:53,V013,87.0,1.017061430404965
2026-05-25,2026-05-25 11:12:54,V013,88.0,1.0186631383307256
2026-05-25,2026-05-25 11:12:55,V013,87.0,1.0182385445196043
2026-05-25,2026-05-25 11:12:56,V013,87.0,1.018653137077268
2026-05-25,2026-05-25 11:12:57,V013,87.0,1.0192373700322022
2026-05-25,2026-05-25 11:12:58,V013,87.0,1.0179042484414997
2026-05-25,2026-05-25 11:12:59,V013,87.0,1.01916258378572
2026-05-25,2026-05-25 11:13:00,V013,87.0,1.0176856661140277
2026-05-25,2026-05-25 11:13:01,V013,87.0,1.0191863857595131
2026-05-25,2026-05-25 11:13:02,V013,87.0,1.017062391577941
2026-05-25,2026-05-25 11:13:03,V013,87.0,1.018216121641443
2026-05-25,2026-05-25 11:13:04,V013,87.0,1.0184565476950163
2026-05-25,2026-05-25 11:13:05,V013,87.0,1.017327587640939
2026-05-25,2026-05-25 11:13:06,V013,87.0,1.0180198957510123
2026-05-25,2026-05-25 11:13:07,V013,87.0,1.018122362233492
2026-05-25,2026-05-25 11:13:08,V013,87.0,1.0187853386852588
2026-05-25,2026-05-25 11:13:09,V013,87.0,1.0187249938279703
2026-05-25,2026-05-25 11:13:10,V013,87.0,1.018333049851985
2026-05-25,2026-05-25 11:13:11,V013,87.0,1.0175835103831243
2026-05-25,2026-05-25 11:13:12,V013,86.0,1.0189662471295804
2026-05-25,2026-05-25 11:13:13,V013,86.0,1.0175312082210706
2026-05-25,2026-05-25 11:13:14,V013,86.0,1.0180011757634793
2026-05-25,2026-05-25 11:13:15,V013,87.0,1.0188680837844475
2026-05-25,2026-05-25 11:13:16,V013,87.0,1.0183580318815628
2026-05-25,2026-05-25 11:13:17,V013,87.0,1.018718968919239
2026-05-25,2026-05-25 11:13:18,V013,87.0,1.0179914631992175
2026-05-25,2026-05-25 11:13:19,V013,86.0,1.0169602992335287
2026-05-25,2026-05-25 11:13:20,V013,86.0,1.017924313837704
2026-05-25,2026-05-25 11:13:21,V013,85.0,1.0178313361906377
2026-05-25,2026-05-25 11:13:22,V013,85.0,1.018729059664804
2026-05-25,2026-05-25 11:13:23,V013,85.0,1.0180046929420106
2026-05-25,2026-05-25 11:13:24,V013,85.0,1.0179460815967751
2026-05-25,2026-05-25 11:13:25,V013,84.0,1.0181998254036422
2026-05-25,2026-05-25 11:13:26,V013,84.0,1.0176750825828145
2026-05-25,2026-05-25 11:13:27,V013,84.0,1.0175942037229795
2026-05-25,2026-05-25 11:13:28,V013,84.0,1.0192962244318455
2026-05-25,2026-05-25 11:13:29,V013,84.0,1.018419296441682
2026-05-25,2026-05-25 11:13:30,V013,85.0,1.0179806965287956
2026-05-25,2026-05-25 11:13:31,V013,85.0,1.0195875664447938
2026-05-25,2026-05-25 11:13:32,V013,86.0,1.0190838474351445
2026-05-25,2026-05-25 11:13:33,V013,87.0,1.0195905151418068
2026-05-25,2026-05-25 11:13:34,V013,88.0,1.0184324710553716
2026-05-25,2026-05-25 11:13:35,V013,89.0,1.018254614909959
2026-05-25,2026-05-25 11:13:36,V013,90.0,1.0179996996730403
2026-05-25,2026-05-25 11:13:37,V013,91.0,1.018518967250364
2026-05-25,2026-05-25 11:13:38,V013,91.0,1.0181184784104456
2026-05-25,2026-05-25 11:13:39,V013,91.0,1.0175656394575192
2026-05-25,2026-05-25 11:13:40,V013,91.0,1.0172957781087606
2026-05-25,2026-05-25 11:13:41,V013,92.0,1.018046173301075
2026-05-25,2026-05-25 11:13:42,V013,92.0,1.018231097305584
2026-05-25,2026-05-25 11:13:43,V013,92.0,1.0186558475082435
2026-05-25,2026-05-25 11:13:44,V013,92.0,1.0192594731823412
2026-05-25,2026-05-25 11:13:45,V013,92.0,1.0187320124185728
2026-05-25,2026-05-25 11:13:46,V013,92.0,1.0185381286367992
2026-05-25,2026-05-25 11:13:47,V013,92.0,1.0180823761362485
2026-05-25,2026-05-25 11:13:48,V013,92.0,1.018527773689322
2026-05-25,2026-05-25 11:13:49,V013,92.0,1.0189048886586185
2026-05-25,2026-05-25 11:13:50,V013,93.0,1.0178440577228907
2026-05-25,2026-05-25 11:13:51,V013,93.0,1.0183725708538753
2026-05-25,2026-05-25 11:13:52,V013,93.0,1.018863950781832
2026-05-25,2026-05-25 11:13:53,V013,94.0,1.0184460671985296
2026-05-25,2026-05-25 11:13:54,V013,94.0,1.0185465291429343
2026-05-25,2026-05-25 11:13:55,V013,94.0,1.018744488695599
2026-05-25,2026-05-25 11:13:56,V013,94.0,1.0182545840628232
2026-05-25,2026-05-25 11:13:57,V013,94.0,1.0186106842865066
2026-05-25,2026-05-25 11:13:58,V013,94.0,1.0182312138291947
2026-05-25,2026-05-25 11:13:59,V013,94.0,1.0191922192688339
2026-05-25,2026-05-25 11:14:00,V013,94.0,1.018407047084337
2026-05-25,2026-05-25 11:14:01,V013,94.0,1.0177700469760733
2026-05-25,2026-05-25 11:14:02,V013,94.0,1.0192026880242742
2026-05-25,2026-05-25 11:14:03,V013,94.0,1.0179584875686882
2026-05-25,2026-05-25 11:14:04,V013,94.0,1.0313508389753858
2026-05-25,2026-05-25 11:14:05,V013,94.0,1.019567297355415
2026-05-25,2026-05-25 11:14:06,V013,95.0,1.0166377276188383
2026-05-25,2026-05-25 11:14:07,V013,95.0,1.0197165465960043
2026-05-25,2026-05-25 11:14:08,V013,95.0,1.0182374043050633
2026-05-25,2026-05-25 11:14:09,V013,95.0,1.0140249273209114
2026-05-25,2026-05-25 11:14:10,V013,95.0,1.0181137225622305
2026-05-25,2026-05-25 11:14:11,V013,95.0,1.0179514607239377
2026-05-25,2026-05-25 11:14:12,V013,95.0,1.0178658969341323
2026-05-25,2026-05-25 11:14:13,V013,95.0,1.0179979831013382
2026-05-25,2026-05-25 11:14:14,V013,95.0,1.0180446345856105
2026-05-25,2026-05-25 11:14:15,V013,95.0,1.017763470962778
2026-05-25,2026-05-25 11:14:16,V013,95.0,1.0200901879402706
2026-05-25,2026-05-25 11:14:17,V013,94.0,1.0188298856050448
2026-05-25,2026-05-25 11:14:18,V013,94.0,1.0191207625591596
2026-05-25,2026-05-25 11:14:19,V013,94.0,1.0182339702501124
2026-05-25,2026-05-25 11:14:20,V013,94.0,1.018555651959175
2026-05-25,2026-05-25 11:14:21,V013,94.0,1.0174938023403883
2026-05-25,2026-05-25 11:14:22,V013,94.0,1.0179805031783449
2026-05-25,2026-05-25 11:14:23,V013,94.0,1.0201986509237893
2026-05-25,2026-05-25 11:14:24,V013,93.0,1.0153085770573165
2026-05-25,2026-05-25 11:14:25,V013,93.0,1.0232427232220693
2026-05-25,2026-05-25 11:14:26,V013,92.0,1.0226766024937748
2026-05-25,2026-05-25 11:14:27,V013,92.0,1.0190584491269736
2026-05-25,2026-05-25 11:14:28,V013,91.0,1.0182226696777676
2026-05-25,2026-05-25 11:14:29,V013,91.0,1.017479327682338
2026-05-25,2026-05-25 11:14:30,V013,91.0,1.029780593924995
2026-05-25,2026-05-25 11:14:31,V013,91.0,1.009460725428858
2026-05-25,2026-05-25 11:14:32,V013,91.0,1.0193867807141521
2026-05-25,2026-05-25 11:14:33,V013,91.0,1.0391711999491358
2026-05-25,2026-05-25 11:14:34,V013,91.0,1.1395340370199298
2026-05-25,2026-05-25 11:14:35,V013,91.0,1.1278653200346034
2026-05-25,2026-05-25 11:14:36,V013,91.0,1.0196629444003453
2026-05-25,2026-05-25 11:14:37,V013,90.0,1.0935093375542297
2026-05-25,2026-05-25 11:14:38,V013,90.0,1.070601628317789
2026-05-25,2026-05-25 11:14:39,V013,90.0,1.0234319199685613
2026-05-25,2026-05-25 11:14:40,V013,89.0,1.0744255044921087
2026-05-25,2026-05-25 11:14:41,V013,89.0,1.0064413851858367
2026-05-25,2026-05-25 11:14:42,V013,89.0,1.0600771605209716
2026-05-25,2026-05-25 11:14:43,V013,89.0,0.998649224057333
2026-05-25,2026-05-25 11:14:44,V013,88.0,1.032613502568857
2026-05-25,2026-05-25 11:14:45,V013,87.0,1.0075416028521396
2026-05-25,2026-05-25 11:14:46,V013,87.0,1.0607828675406428
2026-05-25,2026-05-25 11:14:47,V013,87.0,1.0415516699549225
2026-05-25,2026-05-25 11:14:48,V013,87.0,1.0555732906143294
2026-05-25,2026-05-25 11:14:49,V013,88.0,1.0783677878160136
2026-05-25,2026-05-25 11:14:50,V013,88.0,1.0848504824867913
2026-05-25,2026-05-25 11:14:51,V013,89.0,1.0240867819488246
2026-05-25,2026-05-25 11:14:52,V013,90.0,1.0244926440180762
2026-05-25,2026-05-25 11:14:53,V013,91.0,1.0188129095613727
2026-05-25,2026-05-25 11:14:54,V013,91.0,1.0486868833110368
2026-05-25,2026-05-25 11:14:55,V013,93.0,1.098105730399835
2026-05-25,2026-05-25 11:14:56,V013,97.0,1.0738560885231023
2026-05-25,2026-05-25 11:14:57,V013,98.0,1.1406699619238871
2026-05-25,2026-05-25 11:14:58,V013,98.0,1.056829917999895
2026-05-25,2026-05-25 11:14:59,V013,98.0,1.1038226329153737
2026-05-25,2026-05-25 11:15:00,V013,99.0,1.0174471888738388
2026-05-25,2026-05-25 11:15:01,V013,100.0,1.0200073278125268
2026-05-25,2026-05-25 11:15:02,V013,100.0,1.0546269764717868
2026-05-25,2026-05-25 11:15:03,V013,101.0,1.0800943975832744
2026-05-25,2026-05-25 11:15:04,V013,101.0,0.9913929380419912
2026-05-25,2026-05-25 11:15:05,V013,101.0,1.0411873008822585
2026-05-25,2026-05-25 11:15:06,V013,101.0,1.006474905179141
2026-05-25,2026-05-25 11:15:07,V013,101.0,1.0672519606401647
2026-05-25,2026-05-25 11:15:08,V013,102.0,0.9836246837734031
2026-05-25,2026-05-25 11:15:09,V013,102.0,0.9924365469653557
2026-05-25,2026-05-25 11:15:10,V013,102.0,1.0109233327591185
2026-05-25,2026-05-25 11:15:11,V013,102.0,1.0944388942009344
2026-05-25,2026-05-25 11:15:12,V013,103.0,1.0537744328809286
2026-05-25,2026-05-25 11:15:13,V013,104.0,1.0360959649538923
2026-05-25,2026-05-25 11:15:14,V013,104.0,1.045396091984994
2026-05-25,2026-05-25 11:15:15,V013,104.0,1.0594187450586572
2026-05-25,2026-05-25 11:15:16,V013,105.0,1.1325815023903956
2026-05-25,2026-05-25 11:15:17,V013,105.0,1.0303270599401788
2026-05-25,2026-05-25 11:15:18,V013,105.0,1.0326258651164293
2026-05-25,2026-05-25 11:15:19,V013,105.0,1.041395761129745
2026-05-25,2026-05-25 11:15:20,V013,105.0,1.0158921971586818
2026-05-25,2026-05-25 11:15:21,V013,105.0,1.9732069099752314
2026-05-25,2026-05-25 11:15:22,V013,105.0,1.0085020214204499
2026-05-25,2026-05-25 11:15:23,V013,105.0,1.0950544655876022
2026-05-25,2026-05-25 11:15:24,V013,105.0,1.2184853689575492
2026-05-25,2026-05-25 11:15:25,V013,105.0,1.0751630907903855
2026-05-25,2026-05-25 11:15:26,V013,105.0,1.064016728506236
2026-05-25,2026-05-25 11:15:27,V013,105.0,1.1121151172782016
2026-05-25,2026-05-25 11:15:28,V013,105.0,1.057324757952937
2026-05-25,2026-05-25 11:15:29,V013,105.0,1.0188102553852831
2026-05-25,2026-05-25 11:15:30,V013,105.0,1.055231100919003
2026-05-25,2026-05-25 11:15:31,V013,106.0,1.788296073131
2026-05-25,2026-05-25 11:15:32,V013,107.0,1.0063612225574394
2026-05-25,2026-05-25 11:15:33,V013,107.0,1.0549386332426043
2026-05-25,2026-05-25 11:15:34,V013,107.0,1.0177599143852896
2026-05-25,2026-05-25 11:15:35,V013,108.0,1.0098918001865358
2026-05-25,2026-05-25 11:15:36,V013,109.0,1.1049469439474222
2026-05-25,2026-05-25 11:15:37,V013,109.0,1.1834231628786938
2026-05-25,2026-05-25 11:15:38,V013,109.0,0.9975923055036878
2026-05-25,2026-05-25 11:15:39,V013,109.0,1.012269017418732
2026-05-25,2026-05-25 11:15:40,V013,109.0,0.9914495000700622
2026-05-25,2026-05-25 11:15:41,V013,109.0,1.0131800329630032
2026-05-25,2026-05-25 11:15:42,V013,109.0,1.026653808644414
2026-05-25,2026-05-25 11:15:43,V013,110.0,1.0184455970413067
2026-05-25,2026-05-25 11:15:44,V013,110.0,1.0189892841389585
2026-05-25,2026-05-25 11:15:45,V013,110.0,1.0141181717989838
2026-05-25,2026-05-25 11:15:46,V013,110.0,1.0254500825510222
2026-05-25,2026-05-25 11:15:47,V013,110.0,1.0009205457721646
2026-05-25,2026-05-25 11:15:48,V013,110.0,1.0392078808310738
2026-05-25,2026-05-25 11:15:49,V013,110.0,1.0710941381472263
2026-05-25,2026-05-25 11:15:50,V013,110.0,1.0833901644726835
2026-05-25,2026-05-25 11:15:51,V013,110.0,1.0906120801976782
2026-05-25,2026-05-25 11:15:52,V013,111.0,1.0173758197560452
2026-05-25,2026-05-25 11:15:53,V013,111.0,0.9947509711811916
2026-05-25,2026-05-25 11:15:54,V013,111.0,0.998649590868359
2026-05-25,2026-05-25 11:15:55,V013,111.0,0.9975347478792793
2026-05-25,2026-05-25 11:15:56,V013,111.0,0.9925694406770758
2026-05-25,2026-05-25 11:15:57,V013,111.0,1.042876242961678
2026-05-25,2026-05-25 11:15:58,V013,111.0,0.9734882937531917
2026-05-25,2026-05-25 11:15:59,V013,111.0,1.0081507199802662
2026-05-25,2026-05-25 11:16:00,V013,111.0,1.0249948767580863
2026-05-25,2026-05-25 11:16:01,V013,111.0,0.9845340431834178
2026-05-25,2026-05-25 11:16:02,V013,112.0,1.0015459455326052
2026-05-25,2026-05-25 11:16:03,V013,112.0,0.987494255062071
2026-05-25,2026-05-25 11:16:04,V013,112.0,1.013379415004124
2026-05-25,2026-05-25 11:16:05,V013,112.0,0.9961456370800983
2026-05-25,2026-05-25 11:16:06,V013,112.0,0.9917654483615849
2026-05-25,2026-05-25 11:16:07,V013,113.0,0.9899063535100883
2026-05-25,2026-05-25 11:16:08,V013,114.0,1.0071520146821555
2026-05-25,2026-05-25 11:16:09,V013,114.0,1.0123331298982174
2026-05-25,2026-05-25 11:16:10,V013,115.0,0.9918171773608314
2026-05-25,2026-05-25 11:16:11,V013,116.0,1.0169819977842087
2026-05-25,2026-05-25 11:16:12,V013,116.0,1.0105830867245607
2026-05-25,2026-05-25 11:16:13,V013,117.0,1.0052366404987043
2026-05-25,2026-05-25 11:16:14,V013,117.0,0.986170672577372
2026-05-25,2026-05-25 11:16:15,V013,117.0,1.0015946793953585
2026-05-25,2026-05-25 11:16:16,V013,117.0,0.98695152063239
2026-05-25,2026-05-25 11:16:17,V013,117.0,0.9909657981504743
2026-05-25,2026-05-25 11:16:18,V013,116.0,0.9900669295735735
2026-05-25,2026-05-25 11:16:19,V013,116.0,0.9852891295068615
2026-05-25,2026-05-25 11:16:20,V013,116.0,0.993545169207605
2026-05-25,2026-05-25 11:16:21,V013,116.0,0.9982278131514847
2026-05-25,2026-05-25 11:16:22,V013,115.0,0.9907896138440682
2026-05-25,2026-05-25 11:16:23,V013,115.0,1.077657258350171
2026-05-25,2026-05-25 11:16:24,V013,115.0,0.986585432304363
2026-05-25,2026-05-25 11:16:25,V013,114.0,0.9979722636291252
2026-05-25,2026-05-25 11:16:26,V013,114.0,0.9926912603909169
2026-05-25,2026-05-25 11:16:27,V013,113.0,1.002717932059197
2026-05-25,2026-05-25 11:16:28,V013,113.0,0.9879044164379576
2026-05-25,2026-05-25 11:16:29,V013,113.0,1.0049492731750491
2026-05-25,2026-05-25 11:16:30,V013,112.0,0.984341281717733
2026-05-25,2026-05-25 11:16:31,V013,112.0,0.9962235744698118
2026-05-25,2026-05-25 11:16:32,V013,112.0,0.9727538271416415
2026-05-25,2026-05-25 11:16:33,V013,111.0,1.0192764650728823
2026-05-25,2026-05-25 11:16:34,V013,111.0,0.9835181422825714
2026-05-25,2026-05-25 11:16:35,V013,111.0,1.0216923216921454
2026-05-25,2026-05-25 11:16:36,V013,110.0,1.0130079360726567
2026-05-25,2026-05-25 11:16:37,V013,110.0,0.9931403287153546
2026-05-25,2026-05-25 11:16:38,V013,110.0,1.0004492915315897
2026-05-25,2026-05-25 11:16:39,V013,110.0,1.086166660394459
2026-05-25,2026-05-25 11:16:40,V013,110.0,1.0041469605877962
2026-05-25,2026-05-25 11:16:41,V013,109.0,1.0487666500806636
2026-05-25,2026-05-25 11:16:42,V013,109.0,0.9990707162066136
2026-05-25,2026-05-25 11:16:43,V013,109.0,0.9875584889788889
2026-05-25,2026-05-25 11:16:44,V013,109.0,1.0138549622490096
2026-05-25,2026-05-25 11:16:45,V013,109.0,0.9753531060287706
2026-05-25,2026-05-25 11:16:46,V013,109.0,0.9999719928250316
2026-05-25,2026-05-25 11:16:47,V013,109.0,1.0443914597403554
2026-05-25,2026-05-25 11:16:48,V013,109.0,1.0247924715029006
2026-05-25,2026-05-25 11:16:49,V013,109.0,0.9856255552176039
2026-05-25,2026-05-25 11:16:50,V013,109.0,0.9902137456247778
2026-05-25,2026-05-25 11:16:51,V013,109.0,0.9861584666983281
2026-05-25,2026-05-25 11:16:52,V013,108.0,1.0103016324498053
2026-05-25,2026-05-25 11:16:53,V013,108.0,0.981207889210154
2026-05-25,2026-05-25 11:16:54,V013,108.0,1.0131929030145268
2026-05-25,2026-05-25 11:16:55,V013,107.0,1.0019802744756159
2026-05-25,2026-05-25 11:16:56,V013,107.0,1.0046976590232624
2026-05-25,2026-05-25 11:16:57,V013,107.0,0.999165364059308
2026-05-25,2026-05-25 11:16:58,V013,107.0,0.9910920950865354
2026-05-25,2026-05-25 11:16:59,V013,107.0,0.9939526783087155
2026-05-25,2026-05-25 11:17:00,V013,107.0,0.9952644325163861
2026-05-25,2026-05-25 11:17:01,V013,106.0,0.9981509799661384
2026-05-25,2026-05-25 11:17:02,V013,106.0,0.9871439977315111
2026-05-25,2026-05-25 11:17:03,V013,106.0,0.9814959283482145
2026-05-25,2026-05-25 11:17:04,V013,106.0,1.0037226603978024
2026-05-25,2026-05-25 11:17:05,V013,106.0,0.9880417438912954
2026-05-25,2026-05-25 11:17:06,V013,105.0,0.9923119278811304
2026-05-25,2026-05-25 11:17:07,V013,105.0,1.0007957739263225
2026-05-25,2026-05-25 11:17:08,V013,105.0,1.026876241486916
2026-05-25,2026-05-25 11:17:09,V013,104.0,1.0058452813907104
2026-05-25,2026-05-25 11:17:10,V013,102.0,1.0020030572795877
2026-05-25,2026-05-25 11:17:11,V013,101.0,0.9876767449300852
2026-05-25,2026-05-25 11:17:12,V013,101.0,0.9947295132126133
2026-05-25,2026-05-25 11:17:13,V013,100.0,0.9816447834701881
2026-05-25,2026-05-25 11:17:14,V013,100.0,0.9933220666345778
2026-05-25,2026-05-25 11:17:15,V013,99.0,0.9961714403806984
2026-05-25,2026-05-25 11:17:16,V013,99.0,0.9867176882688687
2026-05-25,2026-05-25 11:17:17,V013,98.0,0.988958439134544
2026-05-25,2026-05-25 11:17:18,V013,97.0,0.991534780894956
2026-05-25,2026-05-25 11:17:19,V013,96.0,0.9929891843555282
2026-05-25,2026-05-25 11:17:20,V013,95.0,0.9991535935333448
2026-05-25,2026-05-25 11:17:21,V013,94.0,0.9842439674187536
2026-05-25,2026-05-25 11:17:22,V013,94.0,0.9935587107011421
2026-05-25,2026-05-25 11:17:23,V013,93.0,0.9906198335899115
2026-05-25,2026-05-25 11:17:24,V013,92.0,0.9926634703910523
2026-05-25,2026-05-25 11:17:25,V013,90.0,0.9897134598190375
2026-05-25,2026-05-25 11:17:26,V013,85.0,0.9876276451362043
2026-05-25,2026-05-25 11:17:27,V013,83.0,1.0126408518028434
2026-05-25,2026-05-25 11:17:28,V013,83.0,0.9909822111341919
2026-05-25,2026-05-25 11:17:29,V013,84.0,0.9891567134569352
2026-05-25,2026-05-25 11:17:30,V013,84.0,0.9890462531108487
2026-05-25,2026-05-25 11:17:31,V013,84.0,0.989466895601202
2026-05-25,2026-05-25 11:17:32,V013,84.0,0.9891382988456311
2026-05-25,2026-05-25 11:17:33,V013,84.0,0.9894977155326212
2026-05-25,2026-05-25 11:17:34,V013,83.0,0.9882447274090259
2026-05-25,2026-05-25 11:17:35,V013,83.0,0.9888696538746596
2026-05-25,2026-05-25 11:17:36,V013,82.0,0.9926929975222092
2026-05-25,2026-05-25 11:17:37,V013,81.0,0.9859674312906633
2026-05-25,2026-05-25 11:17:38,V013,80.0,0.9900164740824562
2026-05-25,2026-05-25 11:17:39,V013,79.0,0.9953829696514593
2026-05-25,2026-05-25 11:17:40,V013,79.0,0.9895539228179464
2026-05-25,2026-05-25 11:17:41,V013,78.0,0.9886990784396271
2026-05-25,2026-05-25 11:17:42,V013,76.0,0.9907151734559984
2026-05-25,2026-05-25 11:17:43,V013,76.0,0.9925157527644685
2026-05-25,2026-05-25 11:17:44,V013,75.0,0.9911828874614474
2026-05-25,2026-05-25 11:17:45,V013,75.0,0.9930457263931816
2026-05-25,2026-05-25 11:17:46,V013,76.0,0.993096718991418
2026-05-25,2026-05-25 11:17:47,V013,77.0,0.9937830489639783
2026-05-25,2026-05-25 11:17:48,V013,77.0,0.9929376559540273
2026-05-25,2026-05-25 11:17:49,V013,78.0,0.9932193676305766
2026-05-25,2026-05-25 11:17:50,V013,79.0,0.9933142257879701
2026-05-25,2026-05-25 11:17:51,V013,79.0,0.9921141794606482
2026-05-25,2026-05-25 11:17:52,V013,79.0,0.9953523208458668
2026-05-25,2026-05-25 11:17:53,V013,78.0,0.993532737936232
2026-05-25,2026-05-25 11:17:54,V013,77.0,0.9943211607150771
2026-05-25,2026-05-25 11:17:55,V013,77.0,0.993025531716217
2026-05-25,2026-05-25 11:17:56,V013,77.0,0.9923815325024086
2026-05-25,2026-05-25 11:17:57,V013,76.0,0.9918782779600532
2026-05-25,2026-05-25 11:17:58,V013,75.0,0.9928302011374902
2026-05-25,2026-05-25 11:17:59,V013,73.0,0.9924018647661097
2026-05-25,2026-05-25 11:18:00,V013,71.0,0.9925959922880885
2026-05-25,2026-05-25 11:18:01,V013,70.0,0.9925032667080388
2026-05-25,2026-05-25 11:18:02,V013,69.0,0.992226539176059
2026-05-25,2026-05-25 11:18:03,V013,69.0,0.9934431181327132
2026-05-25,2026-05-25 11:18:04,V013,69.0,0.9928106282715062
2026-05-25,2026-05-25 11:18:05,V013,69.0,0.9924529094714243
2026-05-25,2026-05-25 11:18:06,V013,69.0,0.9925433723025091
2026-05-25,2026-05-25 11:18:07,V013,69.0,0.9931756491402606
2026-05-25,2026-05-25 11:18:08,V013,69.0,0.9932832257510447
2026-05-25,2026-05-25 11:18:09,V013,69.0,0.9913794022295008
2026-05-25,2026-05-25 11:18:10,V013,68.0,0.9916881745942354
2026-05-25,2026-05-25 11:18:11,V013,68.0,0.9921361063981522
2026-05-25,2026-05-25 11:18:12,V013,68.0,0.9914685721722946
2026-05-25,2026-05-25 11:18:13,V013,66.0,0.9910165958293411
2026-05-25,2026-05-25 11:18:14,V013,66.0,0.9914525528296955
2026-05-25,2026-05-25 11:18:15,V013,65.0,0.9917535331338615
2026-05-25,2026-05-25 11:18:16,V013,64.0,0.9916765973574535
2026-05-25,2026-05-25 11:18:17,V013,64.0,0.9912966508937733
2026-05-25,2026-05-25 11:18:18,V013,64.0,0.9912485288505862
2026-05-25,2026-05-25 11:18:19,V013,64.0,0.9912304796587147
2026-05-25,2026-05-25 11:18:20,V013,64.0,0.9913638042812104
2026-05-25,2026-05-25 11:18:21,V013,64.0,0.991701790716357
2026-05-25,2026-05-25 11:18:22,V013,64.0,0.9915402794240294
2026-05-25,2026-05-25 11:18:23,V013,64.0,0.9914464651122941
2026-05-25,2026-05-25 11:18:24,V013,64.0,0.9906530216908346
2026-05-25,2026-05-25 11:18:25,V013,64.0,0.9905147925066827
2026-05-25,2026-05-25 11:18:26,V013,63.0,0.9893239722421755
2026-05-25,2026-05-25 11:18:27,V013,63.0,0.9903273423438859
2026-05-25,2026-05-25 11:18:28,V013,63.0,0.9907167487993039
2026-05-25,2026-05-25 11:18:29,V013,63.0,0.9901914732504917
2026-05-25,2026-05-25 11:18:30,V013,63.0,0.990173095976224
2026-05-25,2026-05-25 11:18:31,V013,63.0,0.989493255452431
2026-05-25,2026-05-25 11:18:32,V013,63.0,0.9926929694755956
2026-05-25,2026-05-25 11:18:33,V013,64.0,0.9920978868947872
2026-05-25,2026-05-25 11:18:34,V013,67.0,0.9933214552903737
2026-05-25,2026-05-25 11:18:35,V013,68.0,0.9919020002473301
2026-05-25,2026-05-25 11:18:36,V013,68.0,0.994897178803663
2026-05-25,2026-05-25 11:18:37,V013,70.0,0.9929536990570962
2026-05-25,2026-05-25 11:18:38,V013,70.0,0.9933523130822826
2026-05-25,2026-05-25 11:18:39,V013,69.0,0.9929954700158666
2026-05-25,2026-05-25 11:18:40,V013,69.0,0.9930349554051066
2026-05-25,2026-05-25 11:18:41,V013,68.0,0.9933068863562818
2026-05-25,2026-05-25 11:18:42,V013,67.0,0.9927995360601345
2026-05-25,2026-05-25 11:18:43,V013,67.0,0.9925397020936803
2026-05-25,2026-05-25 11:18:44,V013,67.0,0.993251524117892
2026-05-25,2026-05-25 11:18:45,V013,68.0,0.9928052473737337
2026-05-25,2026-05-25 11:18:46,V013,69.0,0.9931569676711481
2026-05-25,2026-05-25 11:18:47,V013,69.0,0.993214294312125
2026-05-25,2026-05-25 11:18:48,V013,70.0,0.9928617237176796
2026-05-25,2026-05-25 11:18:49,V013,69.0,0.9925713074383941
2026-05-25,2026-05-25 11:18:50,V013,67.0,0.9926093032264317
2026-05-25,2026-05-25 11:18:51,V013,66.0,0.9926185701924587
2026-05-25,2026-05-25 11:18:52,V013,66.0,0.9927300117949318
2026-05-25,2026-05-25 11:18:53,V013,64.0,0.9926200885270398
2026-05-25,2026-05-25 11:18:54,V013,63.0,0.9932447011435053
2026-05-25,2026-05-25 11:18:55,V013,63.0,0.9933192529091133
2026-05-25,2026-05-25 11:18:56,V013,63.0,0.9924538559313588
2026-05-25,2026-05-25 11:18:57,V013,63.0,0.9926467985358688
2026-05-25,2026-05-25 11:18:58,V013,62.0,0.9930313214168406
2026-05-25,2026-05-25 11:18:59,V013,61.0,0.9926369440474069
2026-05-25,2026-05-25 11:19:00,V013,61.0,0.9933507970429608
2026-05-25,2026-05-25 11:19:01,V013,61.0,0.992120579616866
2026-05-25,2026-05-25 11:19:02,V013,60.0,0.9932451195244187
2026-05-25,2026-05-25 11:19:03,V013,60.0,0.9927913100961028
2026-05-25,2026-05-25 11:19:04,V013,60.0,0.9922037110596504
2026-05-25,2026-05-25 11:19:05,V013,60.0,0.9922382392178613
2026-05-25,2026-05-25 11:19:06,V013,60.0,0.9923369085613158
2026-05-25,2026-05-25 11:19:07,V013,60.0,0.9928112904950888
2026-05-25,2026-05-25 11:19:08,V013,60.0,0.9935751657298997
2026-05-25,2026-05-25 11:19:09,V013,60.0,0.9930488609880493
2026-05-25,2026-05-25 11:19:10,V013,60.0,0.9924679168542618
2026-05-25,2026-05-25 11:19:11,V013,60.0,0.9920331104084468
2026-05-25,2026-05-25 11:19:12,V013,61.0,0.9916114016711356
2026-05-25,2026-05-25 11:19:13,V013,61.0,0.9922397536476099
2026-05-25,2026-05-25 11:19:14,V013,62.0,0.9937471326659547
2026-05-25,2026-05-25 11:19:15,V013,62.0,0.9936521821347921
2026-05-25,2026-05-25 11:19:16,V013,62.0,0.9921391109590624
2026-05-25,2026-05-25 11:19:17,V013,62.0,0.9926676943888871
2026-05-25,2026-05-25 11:19:18,V013,62.0,0.9921029759769313
2026-05-25,2026-05-25 11:19:19,V013,62.0,0.9918134512361844
2026-05-25,2026-05-25 11:19:20,V013,62.0,0.991951413881366
2026-05-25,2026-05-25 11:19:21,V013,63.0,0.9911526712514176
2026-05-25,2026-05-25 11:19:22,V013,64.0,0.9900087079251066
2026-05-25,2026-05-25 11:19:23,V013,65.0,0.9913129723052932
2026-05-25,2026-05-25 11:19:24,V013,67.0,0.9920359294232161
2026-05-25,2026-05-25 11:19:25,V013,68.0,0.9911626820821234
2026-05-25,2026-05-25 11:19:26,V013,67.0,0.9908881948593175
2026-05-25,2026-05-25 11:19:27,V013,67.0,0.9913076630922426
2026-05-25,2026-05-25 11:19:28,V013,66.0,0.9910166971596374
2026-05-25,2026-05-25 11:19:29,V013,66.0,0.99130801325529
2026-05-25,2026-05-25 11:19:30,V013,65.0,0.9908343416785501
2026-05-25,2026-05-25 11:19:31,V013,65.0,0.9910331032152129
2026-05-25,2026-05-25 11:19:32,V013,65.0,0.9908186328826207
2026-05-25,2026-05-25 11:19:33,V013,65.0,0.9907809136839137
2026-05-25,2026-05-25 11:19:34,V013,66.0,0.9908755884889862
2026-05-25,2026-05-25 11:19:35,V013,66.0,0.9902693428416868
2026-05-25,2026-05-25 11:19:36,V013,66.0,0.9905802303830794
2026-05-25,2026-05-25 11:19:37,V013,66.0,0.9911118457265435
2026-05-25,2026-05-25 11:19:38,V013,66.0,0.991212419173185
2026-05-25,2026-05-25 11:19:39,V013,66.0,0.991298708489507
2026-05-25,2026-05-25 11:19:40,V013,66.0,0.9908517584784793
2026-05-25,2026-05-25 11:19:41,V013,66.0,0.9911446420452511
2026-05-25,2026-05-25 11:19:42,V013,65.0,0.9923370029959776
2026-05-25,2026-05-25 11:19:43,V013,64.0,0.9915255206126566
2026-05-25,2026-05-25 11:19:44,V013,64.0,0.9911874851874354
2026-05-25,2026-05-25 11:19:45,V013,64.0,0.99096475525188
2026-05-25,2026-05-25 11:19:46,V013,64.0,0.9911118025559118
2026-05-25,2026-05-25 11:19:47,V013,64.0,0.9911230061547252
2026-05-25,2026-05-25 11:19:48,V013,65.0,0.9916374979608931
2026-05-25,2026-05-25 11:19:49,V013,65.0,0.9912400163901094
2026-05-25,2026-05-25 11:19:50,V013,66.0,0.9916705134712793
2026-05-25,2026-05-25 11:19:51,V013,67.0,0.9913557570482828
2026-05-25,2026-05-25 11:19:52,V013,67.0,0.9916048438471984
2026-05-25,2026-05-25 11:19:53,V013,68.0,0.9918140040575621
2026-05-25,2026-05-25 11:19:54,V013,69.0,0.9916551859818054
2026-05-25,2026-05-25 11:19:55,V013,68.0,0.9906998854610981
2026-05-25,2026-05-25 11:19:56,V013,67.0,0.9913429206611699
2026-05-25,2026-05-25 11:19:57,V013,67.0,0.9920557960514802
2026-05-25,2026-05-25 11:19:58,V013,67.0,0.991061139172094
2026-05-25,2026-05-25 11:19:59,V013,67.0,0.9914903199795392
2026-05-25,2026-05-25 11:20:00,V013,68.0,0.9909217581906129
2026-05-25,2026-05-25 11:20:01,V013,69.0,0.9915928701032339
2026-05-25,2026-05-25 11:20:02,V013,69.0,0.9920683714491166
2026-05-25,2026-05-25 11:20:03,V013,70.0,0.9917332443438079
2026-05-25,2026-05-25 11:20:04,V013,68.0,0.9905851203422898
2026-05-25,2026-05-25 11:20:05,V013,67.0,0.991018080522957
2026-05-25,2026-05-25 11:20:06,V013,66.0,0.9909400060518118
2026-05-25,2026-05-25 11:20:07,V013,65.0,0.992005154994801
2026-05-25,2026-05-25 11:20:08,V013,64.0,0.9912877356347346
2026-05-25,2026-05-25 11:20:09,V013,64.0,0.9914355667301246
2026-05-25,2026-05-25 11:20:10,V013,64.0,0.9916621489362131
2026-05-25,2026-05-25 11:20:11,V013,64.0,0.9916361435637674
2026-05-25,2026-05-25 11:20:12,V013,65.0,0.9912797971985445
2026-05-25,2026-05-25 11:20:13,V013,65.0,0.9917431353490584
2026-05-25,2026-05-25 11:20:14,V013,65.0,0.991524517780347
2026-05-25,2026-05-25 11:20:15,V013,65.0,0.9917784166564055
2026-05-25,2026-05-25 11:20:16,V013,65.0,0.9921693534584355
2026-05-25,2026-05-25 11:20:17,V013,64.0,0.9913848461099747
2026-05-25,2026-05-25 11:20:18,V013,64.0,0.9913974855635874
2026-05-25,2026-05-25 11:20:19,V013,63.0,0.9912931201758451
2026-05-25,2026-05-25 11:20:20,V013,63.0,0.9898820152701656
2026-05-25,2026-05-25 11:20:21,V013,63.0,0.9919233276493667
2026-05-25,2026-05-25 11:20:22,V013,64.0,0.9907448276989576
2026-05-25,2026-05-25 11:20:23,V013,64.0,0.9907902143107483
2026-05-25,2026-05-25 11:20:24,V013,65.0,0.9914947194338066
2026-05-25,2026-05-25 11:20:25,V013,66.0,0.987381316287733
2026-05-25,2026-05-25 11:20:26,V013,66.0,0.98911043754967
2026-05-25,2026-05-25 11:20:27,V013,66.0,0.9907990026914163
2026-05-25,2026-05-25 11:20:28,V013,66.0,0.9921470654763523
2026-05-25,2026-05-25 11:20:29,V013,65.0,0.9896367162765227
2026-05-25,2026-05-25 11:20:30,V013,66.0,0.9905560636038161
2026-05-25,2026-05-25 11:20:31,V013,67.0,0.989782396776298
2026-05-25,2026-05-25 11:20:32,V013,69.0,0.9894411925023917
2026-05-25,2026-05-25 11:20:33,V013,70.0,0.9890762748837583
2026-05-25,2026-05-25 11:20:34,V013,70.0,0.989764741285617
2026-05-25,2026-05-25 11:20:35,V013,70.0,0.9899002529018979
2026-05-25,2026-05-25 11:20:36,V013,70.0,0.9894642174516738
2026-05-25,2026-05-25 11:20:37,V013,71.0,0.9896794570025291
2026-05-25,2026-05-25 11:20:38,V013,73.0,0.9894635857258951
2026-05-25,2026-05-25 11:20:39,V013,74.0,0.989622881305409
2026-05-25,2026-05-25 11:20:40,V013,75.0,0.9900373932857687
2026-05-25,2026-05-25 11:20:41,V013,77.0,0.9887872059952486
2026-05-25,2026-05-25 11:20:42,V013,78.0,0.9890598529452861
2026-05-25,2026-05-25 11:20:43,V013,79.0,0.9893698048830606
2026-05-25,2026-05-25 11:20:44,V013,79.0,0.989804197808735
2026-05-25,2026-05-25 11:20:45,V013,81.0,0.9893242377567414
2026-05-25,2026-05-25 11:20:46,V013,82.0,0.9892393294761705
2026-05-25,2026-05-25 11:20:47,V013,83.0,0.9894068605907452
2026-05-25,2026-05-25 11:20:48,V013,82.0,0.9900803571830978
2026-05-25,2026-05-25 11:20:49,V013,80.0,0.9897201028284007
2026-05-25,2026-05-25 11:20:50,V013,79.0,0.9903028872048921
2026-05-25,2026-05-25 11:20:51,V013,77.0,0.9900782437966631
2026-05-25,2026-05-25 11:20:52,V013,76.0,0.989677027165604
2026-05-25,2026-05-25 11:20:53,V013,75.0,0.9899264112205721
2026-05-25,2026-05-25 11:20:54,V013,74.0,0.9900773679659619
2026-05-25,2026-05-25 11:20:55,V013,74.0,0.9897001792391538
2026-05-25,2026-05-25 11:20:56,V013,72.0,0.9898124799130626
2026-05-25,2026-05-25 11:20:57,V013,71.0,0.9899732924192868
2026-05-25,2026-05-25 11:20:58,V013,71.0,0.9895840507853392
2026-05-25,2026-05-25 11:20:59,V013,70.0,0.9898538387335684
2026-05-25,2026-05-25 11:21:00,V013,68.0,0.9896464127282432
2026-05-25,2026-05-25 11:21:01,V013,67.0,0.9897122669357179
2026-05-25,2026-05-25 11:21:02,V013,67.0,0.991006531304394
2026-05-25,2026-05-25 11:21:03,V013,66.0,0.9995812682460747
2026-05-25,2026-05-25 11:21:04,V013,64.0,0.9821698332809533
2026-05-25,2026-05-25 11:21:05,V013,63.0,0.9974144867323825
2026-05-25,2026-05-25 11:21:06,V013,63.0,1.0123521183669073
2026-05-25,2026-05-25 11:21:07,V013,62.0,0.992967033741962
2026-05-25,2026-05-25 11:21:08,V013,60.0,1.0232793333606702
2026-05-25,2026-05-25 11:21:09,V013,60.0,0.9901534582133827
2026-05-25,2026-05-25 11:21:10,V013,60.0,1.0032563246810051
2026-05-25,2026-05-25 11:21:11,V013,60.0,0.9942461959911085
2026-05-25,2026-05-25 11:21:12,V013,62.0,1.0085418622816733
2026-05-25,2026-05-25 11:21:13,V013,63.0,0.9892478363393061
2026-05-25,2026-05-25 11:21:14,V013,63.0,1.042228386484645
2026-05-25,2026-05-25 11:21:15,V013,64.0,1.0928087696244548
2026-05-25,2026-05-25 11:21:16,V013,65.0,1.103962169665487
2026-05-25,2026-05-25 11:21:17,V013,65.0,1.0107125846910554
2026-05-25,2026-05-25 11:21:18,V013,65.0,1.0270665975142397
2026-05-25,2026-05-25 11:21:19,V013,65.0,1.0388779868733382
2026-05-25,2026-05-25 11:21:20,V013,65.0,0.9899161184762629
2026-05-25,2026-05-25 11:21:21,V013,66.0,1.0075098251024563
2026-05-25,2026-05-25 11:21:22,V013,66.0,0.9845859774624538
2026-05-25,2026-05-25 11:21:23,V013,67.0,0.9793564291056366
2026-05-25,2026-05-25 11:21:24,V013,70.0,1.004124187201639
2026-05-25,2026-05-25 11:21:25,V013,71.0,0.9955783223120092
2026-05-25,2026-05-25 11:21:26,V013,71.0,0.9914458252105863
2026-05-25,2026-05-25 11:21:27,V013,73.0,0.9939276711461165
2026-05-25,2026-05-25 11:21:28,V013,76.0,1.0188439314966815
2026-05-25,2026-05-25 11:21:29,V013,77.0,0.9946432639929825
2026-05-25,2026-05-25 11:21:30,V013,77.0,1.040210175528413
2026-05-25,2026-05-25 11:21:31,V013,78.0,0.9967759368161087
2026-05-25,2026-05-25 11:21:32,V013,80.0,0.9831803719255435
2026-05-25,2026-05-25 11:21:33,V013,80.0,0.9926211693872073
2026-05-25,2026-05-25 11:21:34,V013,80.0,0.9901221118232074
2026-05-25,2026-05-25 11:21:35,V013,80.0,0.9925340321851931
2026-05-25,2026-05-25 11:21:36,V013,81.0,0.9873336487512734
2026-05-25,2026-05-25 11:21:37,V013,81.0,0.9963015066294592
2026-05-25,2026-05-25 11:21:38,V013,81.0,1.0084818330199365
2026-05-25,2026-05-25 11:21:39,V013,81.0,1.0045782581913385
2026-05-25,2026-05-25 11:21:40,V013,80.0,0.9842781390351354
2026-05-25,2026-05-25 11:21:41,V013,79.0,1.002328333442547
2026-05-25,2026-05-25 11:21:42,V013,79.0,0.991015277711873
2026-05-25,2026-05-25 11:21:43,V013,78.0,1.0087374426110012
2026-05-25,2026-05-25 11:21:44,V013,77.0,0.9722212075825326
2026-05-25,2026-05-25 11:21:45,V013,77.0,0.9883197470082893
2026-05-25,2026-05-25 11:21:46,V013,77.0,0.9874818452167654
2026-05-25,2026-05-25 11:21:47,V013,77.0,1.033886650994985
2026-05-25,2026-05-25 11:21:48,V013,79.0,1.0266773227012596
2026-05-25,2026-05-25 11:21:49,V013,79.0,0.9968663578613615
2026-05-25,2026-05-25 11:21:50,V013,79.0,0.9995604437982782
2026-05-25,2026-05-25 11:21:51,V013,80.0,0.9589425710605693
2026-05-25,2026-05-25 11:21:52,V013,81.0,1.0049918068461705
2026-05-25,2026-05-25 11:21:53,V013,82.0,1.0235056719396214
2026-05-25,2026-05-25 11:21:54,V013,83.0,1.0329958597383595
2026-05-25,2026-05-25 11:21:55,V013,86.0,0.9850491243515516
2026-05-25,2026-05-25 11:21:56,V013,89.0,0.9543733391132402
2026-05-25,2026-05-25 11:21:57,V013,90.0,1.0087783233343728
2026-05-25,2026-05-25 11:21:58,V013,90.0,0.9955701785482172
2026-05-25,2026-05-25 11:21:59,V013,91.0,1.0285055363413464
2026-05-25,2026-05-25 11:22:00,V013,91.0,0.9744339275327947
2026-05-25,2026-05-25 11:22:01,V013,91.0,1.0078769066575124
2026-05-25,2026-05-25 11:22:02,V013,91.0,0.9726271156053055
2026-05-25,2026-05-25 11:22:03,V013,91.0,1.0685373502917455
2026-05-25,2026-05-25 11:22:04,V013,90.0,1.0099861408537274
2026-05-25,2026-05-25 11:22:05,V013,90.0,1.0167929241047162
2026-05-25,2026-05-25 11:22:06,V013,90.0,1.0324422568256888
2026-05-25,2026-05-25 11:22:07,V013,89.0,0.937742148018465
2026-05-25,2026-05-25 11:22:08,V013,89.0,1.065049361090718
2026-05-25,2026-05-25 11:22:09,V013,89.0,0.9257193973154852
2026-05-25,2026-05-25 11:22:10,V013,88.0,0.9995123602260723
2026-05-25,2026-05-25 11:22:11,V013,88.0,1.0669922514111918
2026-05-25,2026-05-25 11:22:12,V013,88.0,0.9787830086173154
2026-05-25,2026-05-25 11:22:13,V013,88.0,0.9637554809669102
2026-05-25,2026-05-25 11:22:14,V013,88.0,1.02903745686888
2026-05-25,2026-05-25 11:22:15,V013,88.0,1.0231700778088797
2026-05-25,2026-05-25 11:22:16,V013,90.0,1.0077019931709879
2026-05-25,2026-05-25 11:22:17,V013,90.0,0.9867203580639816
2026-05-25,2026-05-25 11:22:18,V013,92.0,0.9885274174670599
2026-05-25,2026-05-25 11:22:19,V013,93.0,1.0154930509328863
2026-05-25,2026-05-25 11:22:20,V013,94.0,1.0139802191106226
2026-05-25,2026-05-25 11:22:21,V013,95.0,0.9754030844245721
2026-05-25,2026-05-25 11:22:22,V013,95.0,1.0154260055982152
2026-05-25,2026-05-25 11:22:23,V013,95.0,1.0031077531668686
2026-05-25,2026-05-25 11:22:24,V013,95.0,0.9421853628529051
2026-05-25,2026-05-25 11:22:25,V013,96.0,0.9493217923199321
2026-05-25,2026-05-25 11:22:26,V013,96.0,1.112688126673466
2026-05-25,2026-05-25 11:22:27,V013,96.0,1.0302651618297853
2026-05-25,2026-05-25 11:22:28,V013,95.0,0.9829864791778485
2026-05-25,2026-05-25 11:22:29,V013,95.0,1.0154534682174183
2026-05-25,2026-05-25 11:22:30,V013,96.0,0.9613754338572764
2026-05-25,2026-05-25 11:22:31,V013,97.0,1.0578885221729393
2026-05-25,2026-05-25 11:22:32,V013,98.0,0.9601487111426328
2026-05-25,2026-05-25 11:22:33,V013,99.0,0.9654891539359005
2026-05-25,2026-05-25 11:22:34,V013,100.0,0.9957478175950036
2026-05-25,2026-05-25 11:22:35,V013,101.0,1.0593658069448213
2026-05-25,2026-05-25 11:22:36,V013,101.0,1.0101172422432392
2026-05-25,2026-05-25 11:22:37,V013,102.0,1.004543509888487
2026-05-25,2026-05-25 11:22:38,V013,102.0,0.9734967667986789
2026-05-25,2026-05-25 11:22:39,V013,102.0,1.0225551938548785
2026-05-25,2026-05-25 11:22:40,V013,102.0,0.9331285763654168
2026-05-25,2026-05-25 11:22:41,V013,102.0,0.9827058776423796
2026-05-25,2026-05-25 11:22:42,V013,102.0,1.007963666342039
2026-05-25,2026-05-25 11:22:43,V013,101.0,1.0010210565506803
2026-05-25,2026-05-25 11:22:44,V013,101.0,1.0065759243125356
2026-05-25,2026-05-25 11:22:45,V013,101.0,1.0229693288847377
2026-05-25,2026-05-25 11:22:46,V013,101.0,1.0446931191891433
2026-05-25,2026-05-25 11:22:47,V013,101.0,0.9932580370746796
2026-05-25,2026-05-25 11:22:48,V013,101.0,0.9757326296980826
2026-05-25,2026-05-25 11:22:49,V013,102.0,1.0076079153713626
2026-05-25,2026-05-25 11:22:50,V013,101.0,0.9935856566957852
2026-05-25,2026-05-25 11:22:51,V013,101.0,1.0153231591995493
2026-05-25,2026-05-25 11:22:52,V013,100.0,0.9338571207535407
2026-05-25,2026-05-25 11:22:53,V013,100.0,0.9749359005417583
2026-05-25,2026-05-25 11:22:54,V013,100.0,0.9866007531595222
2026-05-25,2026-05-25 11:22:55,V013,99.0,1.0403354870492263
2026-05-25,2026-05-25 11:22:56,V013,99.0,1.0443462000286512
2026-05-25,2026-05-25 11:22:57,V013,98.0,1.0110624849999559
2026-05-25,2026-05-25 11:22:58,V013,98.0,1.0167176675075946
2026-05-25,2026-05-25 11:22:59,V013,98.0,0.983483979649384
2026-05-25,2026-05-25 11:23:00,V013,98.0,1.002923265882047
2026-05-25,2026-05-25 11:23:01,V013,98.0,0.9644525202154451
2026-05-25,2026-05-25 11:23:02,V013,98.0,0.9935465159893296
2026-05-25,2026-05-25 11:23:03,V013,98.0,0.9794831725689415
2026-05-25,2026-05-25 11:23:04,V013,98.0,1.0112724072000827
2026-05-25,2026-05-25 11:23:05,V013,98.0,1.0392792414974854
2026-05-25,2026-05-25 11:23:06,V013,97.0,1.0489110505744557
2026-05-25,2026-05-25 11:23:07,V013,97.0,1.0498368114285972
2026-05-25,2026-05-25 11:23:08,V013,97.0,0.9993521091444284
2026-05-25,2026-05-25 11:23:09,V013,97.0,1.0107643810573161
2026-05-25,2026-05-25 11:23:10,V013,97.0,1.0028881817792676
2026-05-25,2026-05-25 11:23:11,V013,97.0,0.9898441319514447
2026-05-25,2026-05-25 11:23:12,V013,97.0,0.9643648418569118
2026-05-25,2026-05-25 11:23:13,V013,96.0,1.0140910482698882
2026-05-25,2026-05-25 11:23:14,V013,96.0,1.027472358627576
2026-05-25,2026-05-25 11:23:15,V013,96.0,0.9947124856791737
2026-05-25,2026-05-25 11:23:16,V013,96.0,0.9842585253599052
2026-05-25,2026-05-25 11:23:17,V013,96.0,0.9939673318159942
2026-05-25,2026-05-25 11:23:18,V013,96.0,1.0176068498434696
2026-05-25,2026-05-25 11:23:19,V013,95.0,1.0255303756531386
2026-05-25,2026-05-25 11:23:20,V013,95.0,1.011393602225605
2026-05-25,2026-05-25 11:23:21,V013,95.0,1.0031239962648881
2026-05-25,2026-05-25 11:23:22,V013,95.0,0.955535493803914
2026-05-25,2026-05-25 11:23:23,V013,95.0,0.9705542951836611
2026-05-25,2026-05-25 11:23:24,V013,95.0,1.0598610296709934
2026-05-25,2026-05-25 11:23:25,V013,94.0,0.9902838618633674
2026-05-25,2026-05-25 11:23:26,V013,93.0,0.9992615256640233
2026-05-25,2026-05-25 11:23:27,V013,92.0,0.952042925821859
2026-05-25,2026-05-25 11:23:28,V013,92.0,0.9984764727573042
2026-05-25,2026-05-25 11:23:29,V013,91.0,1.0447465687358644
2026-05-25,2026-05-25 11:23:30,V013,89.0,1.0100253628419078
2026-05-25,2026-05-25 11:23:31,V013,88.0,1.014705892711824
2026-05-25,2026-05-25 11:23:32,V013,88.0,1.014021372891779
2026-05-25,2026-05-25 11:23:33,V013,88.0,1.0120437452112627
2026-05-25,2026-05-25 11:23:34,V013,88.0,1.0018212152654051
2026-05-25,2026-05-25 11:23:35,V013,88.0,1.0033311401905172
2026-05-25,2026-05-25 11:23:36,V013,88.0,1.0038324637255385
2026-05-25,2026-05-25 11:23:37,V013,88.0,0.9923055139668173
2026-05-25,2026-05-25 11:23:38,V013,88.0,0.9761602695826799
2026-05-25,2026-05-25 11:23:39,V013,88.0,1.0032133661887541
2026-05-25,2026-05-25 11:23:40,V013,88.0,1.0110996544996347
2026-05-25,2026-05-25 11:23:41,V013,88.0,1.0091625542187326
2026-05-25,2026-05-25 11:23:42,V013,88.0,1.0093354046770426
2026-05-25,2026-05-25 11:23:43,V013,89.0,1.009009928466678
2026-05-25,2026-05-25 11:23:44,V013,89.0,1.0161743696271415
2026-05-25,2026-05-25 11:23:45,V013,89.0,1.0105877303602038
2026-05-25,2026-05-25 11:23:46,V013,89.0,0.9973207658308446
2026-05-25,2026-05-25 11:23:47,V013,89.0,1.0034517770226858
2026-05-25,2026-05-25 11:23:48,V013,89.0,0.9956942963394338
2026-05-25,2026-05-25 11:23:49,V013,89.0,0.9821166145623764
2026-05-25,2026-05-25 11:23:50,V013,89.0,0.98527827209889
2026-05-25,2026-05-25 11:23:51,V013,89.0,0.9962113640237429
2026-05-25,2026-05-25 11:23:52,V013,89.0,1.000415984683365
2026-05-25,2026-05-25 11:23:53,V013,90.0,1.0031772700385355
2026-05-25,2026-05-25 11:23:54,V013,90.0,1.0132035349332342
2026-05-25,2026-05-25 11:23:55,V013,90.0,1.0225601018705837
2026-05-25,2026-05-25 11:23:56,V013,90.0,1.0204882560753423
2026-05-25,2026-05-25 11:23:57,V013,91.0,1.009295269011419
2026-05-25,2026-05-25 11:23:58,V013,91.0,0.9991184097593347
2026-05-25,2026-05-25 11:23:59,V013,91.0,0.9886090751665404
2026-05-25,2026-05-25 11:24:00,V013,91.0,0.9734431130934623
2026-05-25,2026-05-25 11:24:01,V013,91.0,1.0091083103452037
2026-05-25,2026-05-25 11:24:02,V013,90.0,1.0276763768472919
2026-05-25,2026-05-25 11:24:03,V013,90.0,1.031600692871539
2026-05-25,2026-05-25 11:24:04,V013,90.0,1.0230779255839393
2026-05-25,2026-05-25 11:24:05,V013,90.0,0.9888746811125741
2026-05-25,2026-05-25 11:24:06,V013,90.0,0.9569932438219217
2026-05-25,2026-05-25 11:24:07,V013,90.0,1.0078781823410357
2026-05-25,2026-05-25 11:24:08,V013,89.0,1.0135774704745169
2026-05-25,2026-05-25 11:24:09,V013,90.0,1.039443658380128
2026-05-25,2026-05-25 11:24:10,V013,90.0,1.0179683349925204
2026-05-25,2026-05-25 11:24:11,V013,91.0,0.9995470637161289
2026-05-25,2026-05-25 11:24:12,V013,91.0,0.9957285102329039
2026-05-25,2026-05-25 11:24:13,V013,91.0,0.9810613121357943
2026-05-25,2026-05-25 11:24:14,V013,92.0,0.986050414195763
2026-05-25,2026-05-25 11:24:15,V013,92.0,1.0028988220018873
2026-05-25,2026-05-25 11:24:16,V013,92.0,1.005210174627173
2026-05-25,2026-05-25 11:24:17,V013,93.0,1.0222429136498283
2026-05-25,2026-05-25 11:24:18,V013,93.0,1.0200104980984506
2026-05-25,2026-05-25 11:24:19,V013,93.0,0.9864028193147073
2026-05-25,2026-05-25 11:24:20,V013,93.0,0.9874536546333488
2026-05-25,2026-05-25 11:24:21,V013,93.0,0.9840906330613476
2026-05-25,2026-05-25 11:24:22,V013,93.0,1.019474287613347
2026-05-25,2026-05-25 11:24:23,V013,93.0,1.0267918666101905
2026-05-25,2026-05-25 11:24:24,V013,93.0,0.9951763952361884
2026-05-25,2026-05-25 11:24:25,V013,93.0,1.0149830607633092
2026-05-25,2026-05-25 11:24:26,V013,93.0,1.0242634853252157
2026-05-25,2026-05-25 11:24:27,V013,93.0,1.0446822653249137
2026-05-25,2026-05-25 11:24:28,V013,94.0,0.9905963484060042
2026-05-25,2026-05-25 11:24:29,V013,95.0,1.0007045858485974
2026-05-25,2026-05-25 11:24:30,V013,96.0,0.9727757486628754
2026-05-25,2026-05-25 11:24:31,V013,97.0,1.0127909493589782
2026-05-25,2026-05-25 11:24:32,V013,98.0,1.0218389829473316
2026-05-25,2026-05-25 11:24:33,V013,99.0,1.0341239644676754
2026-05-25,2026-05-25 11:24:34,V013,100.0,0.993198580991444
2026-05-25,2026-05-25 11:24:35,V013,102.0,0.9824183046340295
2026-05-25,2026-05-25 11:24:36,V013,103.0,1.0173199334635077
2026-05-25,2026-05-25 11:24:37,V013,104.0,1.073833074705811
2026-05-25,2026-05-25 11:24:38,V013,104.0,0.9554400967320605
2026-05-25,2026-05-25 11:24:39,V013,105.0,1.0264547777567834
2026-05-25,2026-05-25 11:24:40,V013,105.0,0.9715329206603278
2026-05-25,2026-05-25 11:24:41,V013,105.0,1.004615509095793
2026-05-25,2026-05-25 11:24:42,V013,104.0,1.0085828169458926
2026-05-25,2026-05-25 11:24:43,V013,105.0,1.0499579613016101
2026-05-25,2026-05-25 11:24:44,V013,105.0,1.0014488049812145
2026-05-25,2026-05-25 11:24:45,V013,105.0,1.0024472761987129
2026-05-25,2026-05-25 11:24:46,V013,105.0,0.9875943405266255
2026-05-25,2026-05-25 11:24:47,V013,106.0,1.0161125264304698
2026-05-25,2026-05-25 11:24:48,V013,105.0,1.0081614104240657
2026-05-25,2026-05-25 11:24:49,V013,105.0,1.0333470532853366
2026-05-25,2026-05-25 11:24:50,V013,104.0,1.0263045644888353
2026-05-25,2026-05-25 11:24:51,V013,104.0,1.0111200570046908
2026-05-25,2026-05-25 11:24:52,V013,103.0,0.9933580433829844
2026-05-25,2026-05-25 11:24:53,V013,102.0,0.9996230892267508
2026-05-25,2026-05-25 11:24:54,V013,101.0,1.0037934826696902
2026-05-25,2026-05-25 11:24:55,V013,101.0,0.9977239594483158
2026-05-25,2026-05-25 11:24:56,V013,100.0,1.0055679065733958
2026-05-25,2026-05-25 11:24:57,V013,99.0,1.0205224678086842
2026-05-25,2026-05-25 11:24:58,V013,99.0,1.014911026260524
2026-05-25,2026-05-25 11:24:59,V013,98.0,1.0073633783778813
2026-05-25,2026-05-25 11:25:00,V013,97.0,1.032696972493648
2026-05-25,2026-05-25 11:25:01,V013,96.0,1.0103238592520145
2026-05-25,2026-05-25 11:25:02,V013,94.0,0.9864481537660904
2026-05-25,2026-05-25 11:25:03,V013,94.0,1.0257652045501886
2026-05-25,2026-05-25 11:25:04,V013,94.0,1.0088649217491272
2026-05-25,2026-05-25 11:25:05,V013,94.0,0.9859927815635776
2026-05-25,2026-05-25 11:25:06,V013,94.0,0.9970520987169105
2026-05-25,2026-05-25 11:25:07,V013,94.0,1.0091291272207967
2026-05-25,2026-05-25 11:25:08,V013,94.0,1.014056762734713
2026-05-25,2026-05-25 11:25:09,V013,95.0,1.027150305666873
2026-05-25,2026-05-25 11:25:10,V013,95.0,0.9987734917803445
2026-05-25,2026-05-25 11:25:11,V013,95.0,1.0524811359956627
2026-05-25,2026-05-25 11:25:12,V013,95.0,0.9527343641583815
2026-05-25,2026-05-25 11:25:13,V013,95.0,0.991719270228173
2026-05-25,2026-05-25 11:25:14,V013,95.0,1.1432608829854483
2026-05-25,2026-05-25 11:25:15,V013,95.0,1.0269791317579384
2026-05-25,2026-05-25 11:25:16,V013,96.0,1.0162395773979302
2026-05-25,2026-05-25 11:25:17,V013,96.0,1.0385433758292164
2026-05-25,2026-05-25 11:25:18,V013,97.0,1.0121206205172402
2026-05-25,2026-05-25 11:25:19,V013,97.0,1.0119356309506364
2026-05-25,2026-05-25 11:25:20,V013,98.0,0.9917565018405735
2026-05-25,2026-05-25 11:25:21,V013,98.0,0.9901519274667402
2026-05-25,2026-05-25 11:25:22,V013,99.0,0.9957057495447895
2026-05-25,2026-05-25 11:25:23,V013,100.0,1.0096385744062737
2026-05-25,2026-05-25 11:25:24,V013,101.0,1.0553516514156114
2026-05-25,2026-05-25 11:25:25,V013,101.0,1.0129457927221452
2026-05-25,2026-05-25 11:25:26,V013,101.0,1.0312873127436222
2026-05-25,2026-05-25 11:25:27,V013,102.0,1.0552679382400993
2026-05-25,2026-05-25 11:25:28,V013,102.0,1.0261101928189091
2026-05-25,2026-05-25 11:25:29,V013,102.0,1.0133393149301342
2026-05-25,2026-05-25 11:25:30,V013,102.0,1.0080393350477284
2026-05-25,2026-05-25 11:25:31,V013,102.0,1.0051782056079552
2026-05-25,2026-05-25 11:25:32,V013,102.0,1.019702861735163
2026-05-25,2026-05-25 11:25:33,V013,102.0,1.0112811220591094
2026-05-25,2026-05-25 11:25:34,V013,102.0,1.0095159893906103
2026-05-25,2026-05-25 11:25:35,V013,102.0,1.0198689641626264
2026-05-25,2026-05-25 11:25:36,V013,102.0,1.0132185074044537
2026-05-25,2026-05-25 11:25:37,V013,102.0,0.996687429703322
2026-05-25,2026-05-25 11:25:38,V013,102.0,1.00098637377
2026-05-25,2026-05-25 11:25:39,V013,102.0,1.003913597418361
2026-05-25,2026-05-25 11:25:40,V013,102.0,0.9661038049877075
2026-05-25,2026-05-25 11:25:41,V013,102.0,1.0073880949111784
2026-05-25,2026-05-25 11:25:42,V013,102.0,1.011068563457282
2026-05-25,2026-05-25 11:25:43,V013,102.0,0.9913511229542046
2026-05-25,2026-05-25 11:25:44,V013,101.0,1.0237192765063958
2026-05-25,2026-05-25 11:25:45,V013,100.0,1.0432627508362506
2026-05-25,2026-05-25 11:25:46,V013,100.0,1.0006393620547216
2026-05-25,2026-05-25 11:25:47,V013,99.0,1.0172999144106025
2026-05-25,2026-05-25 11:25:48,V013,98.0,1.0021327934959192
2026-05-25,2026-05-25 11:25:49,V013,97.0,1.001072937295763
2026-05-25,2026-05-25 11:25:50,V013,95.0,1.0098093472886487
2026-05-25,2026-05-25 11:25:51,V013,93.0,0.9910949485808082
2026-05-25,2026-05-25 11:25:52,V013,91.0,0.9708224075934688
2026-05-25,2026-05-25 11:25:53,V013,90.0,0.9999380035808199
2026-05-25,2026-05-25 11:25:54,V013,89.0,1.0065749008939668
2026-05-25,2026-05-25 11:25:55,V013,89.0,1.010541587922388
2026-05-25,2026-05-25 11:25:56,V013,90.0,1.0143420643532914
2026-05-25,2026-05-25 11:25:57,V013,90.0,0.9985544232160231
2026-05-25,2026-05-25 11:25:58,V013,90.0,1.0133640875286034
2026-05-25,2026-05-25 11:25:59,V013,90.0,1.0143054206416482
2026-05-25,2026-05-25 11:26:00,V013,91.0,1.0173041708200756
2026-05-25,2026-05-25 11:26:01,V013,91.0,1.0194943033302668
2026-05-25,2026-05-25 11:26:02,V013,91.0,1.0017440321948856
2026-05-25,2026-05-25 11:26:03,V013,92.0,0.9993590924986189
2026-05-25,2026-05-25 11:26:04,V013,92.0,1.0018602890152926
2026-05-25,2026-05-25 11:26:05,V013,93.0,0.9969722015723101
2026-05-25,2026-05-25 11:26:06,V013,94.0,1.0182935016592045
2026-05-25,2026-05-25 11:26:07,V013,95.0,1.0095673463401023
2026-05-25,2026-05-25 11:26:08,V013,97.0,0.9991092326818424
2026-05-25,2026-05-25 11:26:09,V013,97.0,1.0112413553283497
2026-05-25,2026-05-25 11:26:10,V013,97.0,0.996324273858585
2026-05-25,2026-05-25 11:26:11,V013,98.0,0.985319230593603
2026-05-25,2026-05-25 11:26:12,V013,100.0,1.0012095339922533
2026-05-25,2026-05-25 11:26:13,V013,100.0,1.0042721790289453
2026-05-25,2026-05-25 11:26:14,V013,100.0,1.0390083285033722
2026-05-25,2026-05-25 11:26:15,V013,101.0,1.004941767016544
2026-05-25,2026-05-25 11:26:16,V013,101.0,1.0158118651240098
2026-05-25,2026-05-25 11:26:17,V013,101.0,1.0230726970800819
2026-05-25,2026-05-25 11:26:18,V013,101.0,1.007214458132635
2026-05-25,2026-05-25 11:26:19,V013,101.0,1.0070567512109412
2026-05-25,2026-05-25 11:26:20,V013,100.0,1.0238740431784152
2026-05-25,2026-05-25 11:26:21,V013,100.0,1.0221379221013611
2026-05-25,2026-05-25 11:26:22,V013,100.0,1.016217268453242
2026-05-25,2026-05-25 11:26:23,V013,99.0,1.011263017152194
2026-05-25,2026-05-25 11:26:24,V013,99.0,1.0043636826719184
2026-05-25,2026-05-25 11:26:25,V013,98.0,1.0009745274861421
2026-05-25,2026-05-25 11:26:26,V013,97.0,1.0039741893342475
2026-05-25,2026-05-25 11:26:27,V013,97.0,0.9891627235208692
2026-05-25,2026-05-25 11:26:28,V013,96.0,1.0001273079875637
2026-05-25,2026-05-25 11:26:29,V013,95.0,1.0126136241968635
2026-05-25,2026-05-25 11:26:30,V013,95.0,1.0112707521857156
2026-05-25,2026-05-25 11:26:31,V013,95.0,1.0061882626972811
2026-05-25,2026-05-25 11:26:32,V013,94.0,1.0179978684774198
2026-05-25,2026-05-25 11:26:33,V013,94.0,1.031536502159366
2026-05-25,2026-05-25 11:26:34,V013,94.0,1.0207403223696139
2026-05-25,2026-05-25 11:26:35,V013,93.0,1.028226380228593
2026-05-25,2026-05-25 11:26:36,V013,93.0,0.9938186385614031
2026-05-25,2026-05-25 11:26:37,V013,94.0,0.9907938129964913
2026-05-25,2026-05-25 11:26:38,V013,94.0,1.0028162241909673
2026-05-25,2026-05-25 11:26:39,V013,94.0,0.9915011548045042
2026-05-25,2026-05-25 11:26:40,V013,94.0,1.008514351094047
2026-05-25,2026-05-25 11:26:41,V013,94.0,1.0076303824788917
2026-05-25,2026-05-25 11:26:42,V013,94.0,0.983276949747087
2026-05-25,2026-05-25 11:26:43,V013,95.0,0.9743175138434081
2026-05-25,2026-05-25 11:26:44,V013,95.0,0.998610857479273
2026-05-25,2026-05-25 11:26:45,V013,96.0,0.9951736140350865
2026-05-25,2026-05-25 11:26:46,V013,96.0,1.012412242697209
2026-05-25,2026-05-25 11:26:47,V013,97.0,1.024377014445137
2026-05-25,2026-05-25 11:26:48,V013,97.0,1.0214081556170567
2026-05-25,2026-05-25 11:26:49,V013,97.0,1.0273962113246031
2026-05-25,2026-05-25 11:26:50,V013,97.0,1.02557499715681
2026-05-25,2026-05-25 11:26:51,V013,97.0,1.0130678302283382
2026-05-25,2026-05-25 11:26:52,V013,98.0,1.0260857010542324
2026-05-25,2026-05-25 11:26:53,V013,98.0,1.0044027539743399
2026-05-25,2026-05-25 11:26:54,V013,98.0,0.9967866312791172
2026-05-25,2026-05-25 11:26:55,V013,98.0,1.0073224483650052
2026-05-25,2026-05-25 11:26:56,V013,98.0,0.9995427241695926
2026-05-25,2026-05-25 11:26:57,V013,99.0,1.0061787861841842
2026-05-25,2026-05-25 11:26:58,V013,99.0,0.9983013111294223
2026-05-25,2026-05-25 11:26:59,V013,99.0,0.993923221611004
2026-05-25,2026-05-25 11:27:00,V013,99.0,1.005087899924898
2026-05-25,2026-05-25 11:27:01,V013,99.0,1.0091093841939407
2026-05-25,2026-05-25 11:27:02,V013,99.0,0.9924663327398808
2026-05-25,2026-05-25 11:27:03,V013,99.0,1.0173219030446452
2026-05-25,2026-05-25 11:27:04,V013,100.0,1.0125126557997235
2026-05-25,2026-05-25 11:27:05,V013,100.0,1.0125690075916467
2026-05-25,2026-05-25 11:27:06,V013,101.0,1.0267814096334589
2026-05-25,2026-05-25 11:27:07,V013,101.0,1.0192184239226125
2026-05-25,2026-05-25 11:27:08,V013,101.0,1.019516592237878
2026-05-25,2026-05-25 11:27:09,V013,101.0,1.0084816406855877
2026-05-25,2026-05-25 11:27:10,V013,101.0,0.9901068830643571
2026-05-25,2026-05-25 11:27:11,V013,101.0,1.0078174182109962
2026-05-25,2026-05-25 11:27:12,V013,101.0,0.9859149992722374
2026-05-25,2026-05-25 11:27:13,V013,102.0,0.9799412832685763
2026-05-25,2026-05-25 11:27:14,V013,102.0,1.006996831051798
2026-05-25,2026-05-25 11:27:15,V013,102.0,1.005502046331698
2026-05-25,2026-05-25 11:27:16,V013,103.0,1.010875503478186
2026-05-25,2026-05-25 11:27:17,V013,103.0,1.02101193152009
2026-05-25,2026-05-25 11:27:18,V013,103.0,1.013953250555137
2026-05-25,2026-05-25 11:27:19,V013,104.0,1.0226424359256687
2026-05-25,2026-05-25 11:27:20,V013,104.0,1.0302603878377623
2026-05-25,2026-05-25 11:27:21,V013,104.0,1.0038736073652703
2026-05-25,2026-05-25 11:27:22,V013,104.0,1.0027697082890668
2026-05-25,2026-05-25 11:27:23,V013,103.0,1.0077180723889896
2026-05-25,2026-05-25 11:27:24,V013,103.0,0.9988330959026007
2026-05-25,2026-05-25 11:27:25,V013,102.0,1.004542001737976
2026-05-25,2026-05-25 11:27:26,V013,102.0,0.973272468793707
2026-05-25,2026-05-25 11:27:27,V013,102.0,1.0079150506322743
2026-05-25,2026-05-25 11:27:28,V013,102.0,1.003260922637735
2026-05-25,2026-05-25 11:27:29,V013,101.0,1.0014463276655015
2026-05-25,2026-05-25 11:27:30,V013,101.0,1.0127930595058603
2026-05-25,2026-05-25 11:27:31,V013,101.0,1.019763409640701
2026-05-25,2026-05-25 11:27:32,V013,101.0,1.0230046231420822
2026-05-25,2026-05-25 11:27:33,V013,101.0,1.0357180899631038
2026-05-25,2026-05-25 11:27:34,V013,102.0,0.9921345124264674
2026-05-25,2026-05-25 11:27:35,V013,102.0,1.0086726214154933
2026-05-25,2026-05-25 11:27:36,V013,103.0,1.0004473749174967
2026-05-25,2026-05-25 11:27:37,V013,103.0,0.9910355710768274
2026-05-25,2026-05-25 11:27:38,V013,104.0,0.9776559711663081
2026-05-25,2026-05-25 11:27:39,V013,105.0,1.0336288668745255
2026-05-25,2026-05-25 11:27:40,V013,105.0,1.0140591664163474
2026-05-25,2026-05-25 11:27:41,V013,106.0,0.9958688960489074
2026-05-25,2026-05-25 11:27:42,V013,106.0,0.9856113273944216
2026-05-25,2026-05-25 11:27:43,V013,106.0,0.9928372595036277
2026-05-25,2026-05-25 11:27:44,V013,107.0,0.9332416288638683
2026-05-25,2026-05-25 11:27:45,V013,107.0,1.12404191446741
2026-05-25,2026-05-25 11:27:46,V013,107.0,1.0148294207575321
2026-05-25,2026-05-25 11:27:47,V013,107.0,0.981897156382476
2026-05-25,2026-05-25 11:27:48,V013,107.0,0.9907074084745394
2026-05-25,2026-05-25 11:27:49,V013,107.0,1.0895092206485533
2026-05-25,2026-05-25 11:27:50,V013,107.0,1.0544658191856615
2026-05-25,2026-05-25 11:27:51,V013,107.0,0.9920750636805742
2026-05-25,2026-05-25 11:27:52,V013,107.0,1.0078408615725896
2026-05-25,2026-05-25 11:27:53,V013,106.0,0.9840811013927234
2026-05-25,2026-05-25 11:27:54,V013,106.0,1.0225808081529324
2026-05-25,2026-05-25 11:27:55,V013,105.0,1.172060342540476
2026-05-25,2026-05-25 11:27:56,V013,105.0,0.9070981709853774
2026-05-25,2026-05-25 11:27:57,V013,105.0,1.010682606818098
2026-05-25,2026-05-25 11:27:58,V013,104.0,1.0104786225794555
2026-05-25,2026-05-25 11:27:59,V013,104.0,0.9995141554380376
2026-05-25,2026-05-25 11:28:00,V013,104.0,1.0152439440437886
2026-05-25,2026-05-25 11:28:01,V013,103.0,1.0060472115495334
2026-05-25,2026-05-25 11:28:02,V013,103.0,1.0053162670635563
2026-05-25,2026-05-25 11:28:03,V013,103.0,0.9859737578475961
2026-05-25,2026-05-25 11:28:04,V013,103.0,0.9894696546080377
2026-05-25,2026-05-25 11:28:05,V013,104.0,1.004136185913361
2026-05-25,2026-05-25 11:28:06,V013,104.0,0.9930888158052098
2026-05-25,2026-05-25 11:28:07,V013,105.0,0.9986484687993717
2026-05-25,2026-05-25 11:28:08,V013,105.0,0.9959222466649854
2026-05-25,2026-05-25 11:28:09,V013,105.0,1.0240077439920612
2026-05-25,2026-05-25 11:28:10,V013,105.0,0.9619502902655755
2026-05-25,2026-05-25 11:28:11,V013,105.0,1.0589490629048874
2026-05-25,2026-05-25 11:28:12,V013,105.0,1.1085373992528402
2026-05-25,2026-05-25 11:28:13,V013,105.0,1.0235119138692872
2026-05-25,2026-05-25 11:28:14,V013,105.0,1.0719229098697918
2026-05-25,2026-05-25 11:28:15,V013,105.0,0.9540139133294556
2026-05-25,2026-05-25 11:28:16,V013,105.0,1.049115646058438
2026-05-25,2026-05-25 11:28:17,V013,105.0,1.00478800141575
2026-05-25,2026-05-25 11:28:18,V013,104.0,0.9957028873943569
2026-05-25,2026-05-25 11:28:19,V013,104.0,0.9932911942159013
2026-05-25,2026-05-25 11:28:20,V013,104.0,1.0339428718499653
2026-05-25,2026-05-25 11:28:21,V013,104.0,1.0045700389786845
2026-05-25,2026-05-25 11:28:22,V013,104.0,0.9895902618273796
2026-05-25,2026-05-25 11:28:23,V013,104.0,1.0052523380436929
2026-05-25,2026-05-25 11:28:24,V013,104.0,0.9938067070860355
2026-05-25,2026-05-25 11:28:25,V013,104.0,0.994182925410218
2026-05-25,2026-05-25 11:28:26,V013,104.0,1.0101634174010616
2026-05-25,2026-05-25 11:28:27,V013,104.0,0.9967708952126496
2026-05-25,2026-05-25 11:28:28,V013,104.0,1.0012164134783808
2026-05-25,2026-05-25 11:28:29,V013,104.0,0.9845123804425093
2026-05-25,2026-05-25 11:28:30,V013,105.0,0.9997633860358809
2026-05-25,2026-05-25 11:28:31,V013,106.0,0.9719480266180983
2026-05-25,2026-05-25 11:28:32,V013,106.0,1.0068743070492996
2026-05-25,2026-05-25 11:28:33,V013,106.0,0.9943708394705323
2026-05-25,2026-05-25 11:28:34,V013,106.0,0.9870559754013359
2026-05-25,2026-05-25 11:28:35,V013,106.0,0.9883819261912689
2026-05-25,2026-05-25 11:28:36,V013,106.0,1.0161233377164145
2026-05-25,2026-05-25 11:28:37,V013,105.0,0.9888482456789174
2026-05-25,2026-05-25 11:28:38,V013,105.0,0.9820980315029962
2026-05-25,2026-05-25 11:28:39,V013,105.0,1.023043436540434
2026-05-25,2026-05-25 11:28:40,V013,105.0,0.983802091315182
2026-05-25,2026-05-25 11:28:41,V013,104.0,0.9999306038908335
2026-05-25,2026-05-25 11:28:42,V013,105.0,0.9880429427175821
2026-05-25,2026-05-25 11:28:43,V013,105.0,1.0349568718352333
2026-05-25,2026-05-25 11:28:44,V013,105.0,0.9827591192671581
2026-05-25,2026-05-25 11:28:45,V013,105.0,0.9987042678589247
2026-05-25,2026-05-25 11:28:46,V013,104.0,1.012821462585732
2026-05-25,2026-05-25 11:28:47,V013,103.0,1.0064052010513351
2026-05-25,2026-05-25 11:28:48,V013,103.0,0.9753419619688771
2026-05-25,2026-05-25 11:28:49,V013,103.0,0.9932090512394757
2026-05-25,2026-05-25 11:28:50,V013,101.0,0.9933913868587904
2026-05-25,2026-05-25 11:28:51,V013,101.0,0.9905855352593026
2026-05-25,2026-05-25 11:28:52,V013,101.0,0.9852887545033652
2026-05-25,2026-05-25 11:28:53,V013,100.0,0.9949946869507608
2026-05-25,2026-05-25 11:28:54,V013,100.0,0.9878629979731144
2026-05-25,2026-05-25 11:28:55,V013,100.0,0.9911457360901047
2026-05-25,2026-05-25 11:28:56,V013,99.0,0.9920720694725734
2026-05-25,2026-05-25 11:28:57,V013,99.0,0.994192508789044
2026-05-25,2026-05-25 11:28:58,V013,99.0,0.9933215934120386
2026-05-25,2026-05-25 11:28:59,V013,98.0,0.9909159853455926
2026-05-25,2026-05-25 11:29:00,V013,98.0,0.9910135045414394
2026-05-25,2026-05-25 11:29:01,V013,98.0,0.9925918039531587
2026-05-25,2026-05-25 11:29:02,V013,98.0,0.9848850454269166
2026-05-25,2026-05-25 11:29:03,V013,98.0,0.9856479554458024
2026-05-25,2026-05-25 11:29:04,V013,97.0,1.0255604735585442
2026-05-25,2026-05-25 11:29:05,V013,97.0,0.9903760653109679
2026-05-25,2026-05-25 11:29:06,V013,96.0,0.9888365768361193
2026-05-25,2026-05-25 11:29:07,V013,96.0,0.9950612815894001
2026-05-25,2026-05-25 11:29:08,V013,95.0,0.9841456424117013
2026-05-25,2026-05-25 11:29:09,V013,94.0,1.0053911142605634
2026-05-25,2026-05-25 11:29:10,V013,94.0,0.9842384819727565
2026-05-25,2026-05-25 11:29:11,V013,92.0,0.9797002643466518
2026-05-25,2026-05-25 11:29:12,V013,91.0,0.9959896193236453
2026-05-25,2026-05-25 11:29:13,V013,90.0,0.9988323036563928
2026-05-25,2026-05-25 11:29:14,V013,90.0,0.9902710838476707
2026-05-25,2026-05-25 11:29:15,V013,90.0,0.9881210797442506
2026-05-25,2026-05-25 11:29:16,V013,90.0,0.993037345365579
2026-05-25,2026-05-25 11:29:17,V013,89.0,0.9981236135446812
2026-05-25,2026-05-25 11:29:18,V013,89.0,0.9911861763961516
2026-05-25,2026-05-25 11:29:19,V013,89.0,0.9864809873751906
2026-05-25,2026-05-25 11:29:20,V013,88.0,1.0014509484564786
2026-05-25,2026-05-25 11:29:21,V013,88.0,0.9815900134967743
2026-05-25,2026-05-25 11:29:22,V013,88.0,1.000068478472314
2026-05-25,2026-05-25 11:29:23,V013,88.0,0.9952981182216513
2026-05-25,2026-05-25 11:29:24,V013,88.0,0.9925676898000506
2026-05-25,2026-05-25 11:29:25,V013,89.0,0.9929895336962131
2026-05-25,2026-05-25 11:29:26,V013,89.0,0.986764639638658
2026-05-25,2026-05-25 11:29:27,V013,89.0,0.9881851453967263
2026-05-25,2026-05-25 11:29:28,V013,89.0,0.9975361869409668
2026-05-25,2026-05-25 11:29:29,V013,89.0,0.9846665618786937
2026-05-25,2026-05-25 11:29:30,V013,88.0,0.9843709626192678
2026-05-25,2026-05-25 11:29:31,V013,87.0,0.990921838546424
2026-05-25,2026-05-25 11:29:32,V013,87.0,0.9860217916146206
2026-05-25,2026-05-25 11:29:33,V013,88.0,0.9944346581953115
2026-05-25,2026-05-25 11:29:34,V013,87.0,0.9812162854564886
2026-05-25,2026-05-25 11:29:35,V013,87.0,0.9931258349486497
2026-05-25,2026-05-25 11:29:36,V013,87.0,0.9862780184596492
2026-05-25,2026-05-25 11:29:37,V013,88.0,0.9898402278869533
2026-05-25,2026-05-25 11:29:38,V013,87.0,0.9871263613606113
2026-05-25,2026-05-25 11:29:39,V013,87.0,0.9890267972607054
2026-05-25,2026-05-25 11:29:40,V013,86.0,0.9958256466643247
2026-05-25,2026-05-25 11:29:41,V013,85.0,0.9814430093901803
2026-05-25,2026-05-25 11:29:42,V013,84.0,0.9903174641855793
2026-05-25,2026-05-25 11:29:43,V013,84.0,0.9943906025267779
2026-05-25,2026-05-25 11:29:44,V013,84.0,0.98728167788036
2026-05-25,2026-05-25 11:29:45,V013,83.0,0.9856026014999448
2026-05-25,2026-05-25 11:29:46,V013,82.0,0.990691604921707
2026-05-25,2026-05-25 11:29:47,V013,81.0,0.990147829643917
2026-05-25,2026-05-25 11:29:48,V013,79.0,0.9851528636484774
2026-05-25,2026-05-25 11:29:49,V013,79.0,0.994512029607673
2026-05-25,2026-05-25 11:29:50,V013,79.0,0.9852985006880367
2026-05-25,2026-05-25 11:29:51,V013,78.0,0.9798800266231994
2026-05-25,2026-05-25 11:29:52,V013,78.0,1.0171047143450345
2026-05-25,2026-05-25 11:29:53,V013,78.0,0.9861741042988753
2026-05-25,2026-05-25 11:29:54,V013,78.0,0.9877010621003985
2026-05-25,2026-05-25 11:29:55,V013,78.0,0.9864066531237273
2026-05-25,2026-05-25 11:29:56,V013,78.0,0.9888598802367066
2026-05-25,2026-05-25 11:29:57,V013,77.0,0.9889539967979515
2026-05-25,2026-05-25 11:29:58,V013,77.0,0.9870776323530777
2026-05-25,2026-05-25 11:29:59,V013,76.0,0.9894051662919803
2026-05-25,2026-05-25 11:30:00,V013,77.0,0.9908710206173651
2026-05-25,2026-05-25 11:30:01,V013,77.0,0.9883470294833537
2026-05-25,2026-05-25 11:30:02,V013,77.0,0.9900120999435981
2026-05-25,2026-05-25 11:30:03,V013,78.0,0.9997220546299936
2026-05-25,2026-05-25 11:30:04,V013,78.0,0.9757761444056694
2026-05-25,2026-05-25 11:30:05,V013,79.0,0.9925390658167059
2026-05-25,2026-05-25 11:30:06,V013,79.0,0.9889078439571488
2026-05-25,2026-05-25 11:30:07,V013,80.0,0.9905424942499245
2026-05-25,2026-05-25 11:30:08,V013,81.0,0.9920896695802262
2026-05-25,2026-05-25 11:30:09,V013,81.0,0.9959740771946322
2026-05-25,2026-05-25 11:30:10,V013,82.0,0.9907174632872596
2026-05-25,2026-05-25 11:30:11,V013,83.0,0.9929970136995954
2026-05-25,2026-05-25 11:30:12,V013,83.0,0.9925410197589506
2026-05-25,2026-05-25 11:30:13,V013,84.0,0.9873000314497813
2026-05-25,2026-05-25 11:30:14,V013,84.0,0.991176422160399
2026-05-25,2026-05-25 11:30:15,V013,84.0,0.989007818199221
2026-05-25,2026-05-25 11:30:16,V013,85.0,0.9909320083882371
2026-05-25,2026-05-25 11:30:17,V013,86.0,0.9858235790499406
2026-05-25,2026-05-25 11:30:18,V013,86.0,0.9913168296534492
2026-05-25,2026-05-25 11:30:19,V013,86.0,0.998653563091908
2026-05-25,2026-05-25 11:30:20,V013,87.0,0.9922420122881856
2026-05-25,2026-05-25 11:30:21,V013,87.0,0.9876615339433158
2026-05-25,2026-05-25 11:30:22,V013,88.0,0.9892135038321869
2026-05-25,2026-05-25 11:30:23,V013,88.0,0.9911582302355325
2026-05-25,2026-05-25 11:30:24,V013,88.0,1.0166552143996646
2026-05-25,2026-05-25 11:30:25,V013,88.0,0.993261687179509
2026-05-25,2026-05-25 11:30:26,V013,88.0,0.9971366192514439
2026-05-25,2026-05-25 11:30:27,V013,87.0,1.0046535279536042
2026-05-25,2026-05-25 11:30:28,V013,86.0,0.9964029656952259
2026-05-25,2026-05-25 11:30:29,V013,85.0,0.9935794443561452
2026-05-25,2026-05-25 11:30:30,V013,85.0,0.9834195028120278
2026-05-25,2026-05-25 11:30:31,V013,83.0,1.0137083639628937
2026-05-25,2026-05-25 11:30:32,V013,82.0,0.9972909996077993
2026-05-25,2026-05-25 11:30:33,V013,82.0,0.9925200651260904
2026-05-25,2026-05-25 11:30:34,V013,82.0,1.0052906809229585
2026-05-25,2026-05-25 11:30:35,V013,82.0,0.9965199671449119
2026-05-25,2026-05-25 11:30:36,V013,83.0,1.0009129447795455
2026-05-25,2026-05-25 11:30:37,V013,84.0,0.9930137854328549
2026-05-25,2026-05-25 11:30:38,V013,85.0,0.9993274640747688
2026-05-25,2026-05-25 11:30:39,V013,85.0,0.9993149356007385
2026-05-25,2026-05-25 11:30:40,V013,86.0,0.9979761238783523
2026-05-25,2026-05-25 11:30:41,V013,86.0,0.9918411498029908
2026-05-25,2026-05-25 11:30:42,V013,86.0,1.0007108210332443
2026-05-25,2026-05-25 11:30:43,V013,86.0,0.9960480865705239
2026-05-25,2026-05-25 11:30:44,V013,86.0,0.9973011266497371
2026-05-25,2026-05-25 11:30:45,V013,86.0,0.994478550354124
2026-05-25,2026-05-25 11:30:46,V013,86.0,0.9965969225798436
2026-05-25,2026-05-25 11:30:47,V013,86.0,0.9930023761174197
2026-05-25,2026-05-25 11:30:48,V013,87.0,0.9958214185028134
2026-05-25,2026-05-25 11:30:49,V013,87.0,0.9899370875619636
2026-05-25,2026-05-25 11:30:50,V013,87.0,1.0049178723964636
2026-05-25,2026-05-25 11:30:51,V013,88.0,0.9875266753140758
2026-05-25,2026-05-25 11:30:52,V013,89.0,1.0009777433832767
2026-05-25,2026-05-25 11:30:53,V013,88.0,0.9937118029515273
2026-05-25,2026-05-25 11:30:54,V013,88.0,0.9941772729561098
2026-05-25,2026-05-25 11:30:55,V013,87.0,0.9962553902475602
2026-05-25,2026-05-25 11:30:56,V013,85.0,0.9958410522191606
2026-05-25,2026-05-25 11:30:57,V013,84.0,0.9864454487147026
2026-05-25,2026-05-25 11:30:58,V013,84.0,1.0043902312083084
2026-05-25,2026-05-25 11:30:59,V013,83.0,0.9934356013797203
2026-05-25,2026-05-25 11:31:00,V013,83.0,0.9966817952384299
2026-05-25,2026-05-25 11:31:01,V013,83.0,0.9996359988766008
2026-05-25,2026-05-25 11:31:02,V013,83.0,0.9926319905767814
2026-05-25,2026-05-25 11:31:03,V013,83.0,0.9942742356293962
2026-05-25,2026-05-25 11:31:04,V013,83.0,0.9921358698570666
2026-05-25,2026-05-25 11:31:05,V013,83.0,0.9922519273898536
2026-05-25,2026-05-25 11:31:06,V013,83.0,0.9963069909784543
2026-05-25,2026-05-25 11:31:07,V013,82.0,0.9919242594343207
2026-05-25,2026-05-25 11:31:08,V013,82.0,1.0086601734886755
2026-05-25,2026-05-25 11:31:09,V013,83.0,0.9949957769086146
2026-05-25,2026-05-25 11:31:10,V013,83.0,1.0023092534203866
2026-05-25,2026-05-25 11:31:11,V013,82.0,0.9933210081586563
2026-05-25,2026-05-25 11:31:12,V013,81.0,0.98983874767598
2026-05-25,2026-05-25 11:31:13,V013,80.0,1.0046982736147354
2026-05-25,2026-05-25 11:31:14,V013,79.0,0.9880578388884421
2026-05-25,2026-05-25 11:31:15,V013,78.0,0.9986056357592692
2026-05-25,2026-05-25 11:31:16,V013,78.0,0.9952606242315372
2026-05-25,2026-05-25 11:31:17,V013,77.0,0.9922348186773189
2026-05-25,2026-05-25 11:31:18,V013,77.0,0.9937602966143921
2026-05-25,2026-05-25 11:31:19,V013,77.0,0.999842579170345
2026-05-25,2026-05-25 11:31:20,V013,77.0,0.9919334999518965
2026-05-25,2026-05-25 11:31:21,V013,76.0,0.9964767731295551
2026-05-25,2026-05-25 11:31:22,V013,77.0,0.9906600887512675
2026-05-25,2026-05-25 11:31:23,V013,77.0,0.9927644649683968
2026-05-25,2026-05-25 11:31:24,V013,77.0,1.0064928666843342
2026-05-25,2026-05-25 11:31:25,V013,77.0,1.0010320554588426
2026-05-25,2026-05-25 11:31:26,V013,77.0,0.9880368290823602
2026-05-25,2026-05-25 11:31:27,V013,77.0,0.9920842909217206
2026-05-25,2026-05-25 11:31:28,V013,77.0,0.9885898029434513
2026-05-25,2026-05-25 11:31:29,V013,77.0,0.9933073070057149
2026-05-25,2026-05-25 11:31:30,V013,78.0,0.9884769626099814
2026-05-25,2026-05-25 11:31:31,V013,79.0,0.9913874236399242
2026-05-25,2026-05-25 11:31:32,V013,79.0,0.9909042576695435
2026-05-25,2026-05-25 11:31:33,V013,80.0,0.9896958716505958
2026-05-25,2026-05-25 11:31:34,V013,80.0,0.9916926771791545
2026-05-25,2026-05-25 11:31:35,V013,80.0,0.9963821750753734
2026-05-25,2026-05-25 11:31:36,V013,81.0,0.9896045454144504
2026-05-25,2026-05-25 11:31:37,V013,81.0,0.9874720637405257
2026-05-25,2026-05-25 11:31:38,V013,81.0,0.9991742633645234
2026-05-25,2026-05-25 11:31:39,V013,81.0,0.986585493071007
2026-05-25,2026-05-25 11:31:40,V013,81.0,0.9920967832717151
2026-05-25,2026-05-25 11:31:41,V013,80.0,0.987120069470135
2026-05-25,2026-05-25 11:31:42,V013,80.0,0.9909655240040158
2026-05-25,2026-05-25 11:31:43,V013,80.0,0.9869450181669461
2026-05-25,2026-05-25 11:31:44,V013,80.0,0.9970399507834236
2026-05-25,2026-05-25 11:31:45,V013,80.0,0.9840690820606324
2026-05-25,2026-05-25 11:31:46,V013,80.0,0.9899894652407308
2026-05-25,2026-05-25 11:31:47,V013,81.0,1.000571218746588
2026-05-25,2026-05-25 11:31:48,V013,82.0,0.9822089362662578
2026-05-25,2026-05-25 11:31:49,V013,83.0,0.9946217631830291
2026-05-25,2026-05-25 11:31:50,V013,83.0,0.9838328268871969
2026-05-25,2026-05-25 11:31:51,V013,84.0,0.9942727421531555
2026-05-25,2026-05-25 11:31:52,V013,84.0,0.9851820354294984
2026-05-25,2026-05-25 11:31:53,V013,85.0,0.9932535687996759
2026-05-25,2026-05-25 11:31:54,V013,86.0,0.9839752269758211
2026-05-25,2026-05-25 11:31:55,V013,87.0,0.9884889265915694
2026-05-25,2026-05-25 11:31:56,V013,88.0,0.9890151798402759
2026-05-25,2026-05-25 11:31:57,V013,89.0,0.9883040660682303
2026-05-25,2026-05-25 11:31:58,V013,89.0,0.9905985310316284
2026-05-25,2026-05-25 11:31:59,V013,88.0,0.9869561699780933
2026-05-25,2026-05-25 11:32:00,V013,88.0,0.9887191529113144
2026-05-25,2026-05-25 11:32:01,V013,87.0,0.9894107037729829
2026-05-25,2026-05-25 11:32:02,V013,86.0,0.9876208154436387
2026-05-25,2026-05-25 11:32:03,V013,85.0,0.9873163366931723
2026-05-25,2026-05-25 11:32:04,V013,84.0,0.9869879585578617
2026-05-25,2026-05-25 11:32:05,V013,84.0,0.9893302333623109
2026-05-25,2026-05-25 11:32:06,V013,83.0,0.9897311775828502
2026-05-25,2026-05-25 11:32:07,V013,83.0,0.9870665486924356
2026-05-25,2026-05-25 11:32:08,V013,83.0,0.9857171340786955
2026-05-25,2026-05-25 11:32:09,V013,84.0,0.9952427978779553
2026-05-25,2026-05-25 11:32:10,V013,85.0,0.9878532573201398
2026-05-25,2026-05-25 11:32:11,V013,85.0,0.9865444858630843
2026-05-25,2026-05-25 11:32:12,V013,86.0,0.9901812308620338
2026-05-25,2026-05-25 11:32:13,V013,86.0,0.9904265357971926
2026-05-25,2026-05-25 11:32:14,V013,85.0,0.9893715288668511
2026-05-25,2026-05-25 11:32:15,V013,85.0,0.9867631992279924
2026-05-25,2026-05-25 11:32:16,V013,85.0,0.9944059280294859
2026-05-25,2026-05-25 11:32:17,V013,84.0,0.985873842416718
2026-05-25,2026-05-25 11:32:18,V013,84.0,0.9905762916395636
2026-05-25,2026-05-25 11:32:19,V013,85.0,0.9895829437968321
2026-05-25,2026-05-25 11:32:20,V013,86.0,0.9898589217676074
2026-05-25,2026-05-25 11:32:21,V013,87.0,0.9897610790877487
2026-05-25,2026-05-25 11:32:22,V013,88.0,0.9916665923535237
2026-05-25,2026-05-25 11:32:23,V013,88.0,0.9880644136375357
2026-05-25,2026-05-25 11:32:24,V013,88.0,0.9963041905408211
2026-05-25,2026-05-25 11:32:25,V013,88.0,0.9863557301901216
2026-05-25,2026-05-25 11:32:26,V013,88.0,0.9980789035327816
2026-05-25,2026-05-25 11:32:27,V013,88.0,0.9885369243933347
2026-05-25,2026-05-25 11:32:28,V013,88.0,1.0013812497562042
2026-05-25,2026-05-25 11:32:29,V013,87.0,0.9864910707784075
2026-05-25,2026-05-25 11:32:30,V013,87.0,0.9924813455380214
2026-05-25,2026-05-25 11:32:31,V013,87.0,0.9886751695289919
2026-05-25,2026-05-25 11:32:32,V013,87.0,0.9889442449532433
2026-05-25,2026-05-25 11:32:33,V013,86.0,0.9872145925666478
2026-05-25,2026-05-25 11:32:34,V013,85.0,0.9953567473150321
2026-05-25,2026-05-25 11:32:35,V013,85.0,0.9852685559240547
2026-05-25,2026-05-25 11:32:36,V013,86.0,0.9888698598449913
2026-05-25,2026-05-25 11:32:37,V013,87.0,0.9927965059210541
2026-05-25,2026-05-25 11:32:38,V013,87.0,0.9872468369956766
2026-05-25,2026-05-25 11:32:39,V013,87.0,0.9892374736048879
2026-05-25,2026-05-25 11:32:40,V013,87.0,0.981386408408157
2026-05-25,2026-05-25 11:32:41,V013,86.0,1.0032173236696271
2026-05-25,2026-05-25 11:32:42,V013,84.0,0.9845371779088542
2026-05-25,2026-05-25 11:32:43,V013,83.0,0.9879645415317203
2026-05-25,2026-05-25 11:32:44,V013,83.0,0.9913947417309451
2026-05-25,2026-05-25 11:32:45,V013,83.0,0.9899965265526112
2026-05-25,2026-05-25 11:32:46,V013,84.0,0.9876283296407954
2026-05-25,2026-05-25 11:32:47,V013,85.0,0.9887580521393794
2026-05-25,2026-05-25 11:32:48,V013,85.0,0.9965344979155083
2026-05-25,2026-05-25 11:32:49,V013,87.0,0.986415940443693
2026-05-25,2026-05-25 11:32:50,V013,88.0,0.9857644373090485
2026-05-25,2026-05-25 11:32:51,V013,89.0,0.9965356562555937
2026-05-25,2026-05-25 11:32:52,V013,89.0,0.9872862644298376
2026-05-25,2026-05-25 11:32:53,V013,88.0,0.9866206383716923
2026-05-25,2026-05-25 11:32:54,V013,86.0,0.9935537861140356
2026-05-25,2026-05-25 11:32:55,V013,85.0,0.9887454023763209
2026-05-25,2026-05-25 11:32:56,V013,85.0,1.0049655692196378
2026-05-25,2026-05-25 11:32:57,V013,83.0,0.966295259065137
2026-05-25,2026-05-25 11:32:58,V013,81.0,1.0039448699649496
2026-05-25,2026-05-25 11:32:59,V013,80.0,1.0043222275343502
2026-05-25,2026-05-25 11:33:00,V013,80.0,0.9820369781358677
2026-05-25,2026-05-25 11:33:01,V013,79.0,0.9863273268818432
2026-05-25,2026-05-25 11:33:02,V013,76.0,1.002598777358232
2026-05-25,2026-05-25 11:33:03,V013,75.0,0.9809875279627341
2026-05-25,2026-05-25 11:33:04,V013,75.0,0.9884712309097734
2026-05-25,2026-05-25 11:33:05,V013,75.0,0.9215002015558904
2026-05-25,2026-05-25 11:33:06,V013,74.0,1.10906623079871
2026-05-25,2026-05-25 11:33:07,V013,74.0,0.9902551999900803
2026-05-25,2026-05-25 11:33:08,V013,74.0,1.0201369431744727
2026-05-25,2026-05-25 11:33:09,V013,74.0,0.9933499138584116
2026-05-25,2026-05-25 11:33:10,V013,75.0,0.9886921107173284
2026-05-25,2026-05-25 11:33:11,V013,75.0,0.9994627076342919
2026-05-25,2026-05-25 11:33:12,V013,75.0,1.00234100066871
2026-05-25,2026-05-25 11:33:13,V013,75.0,0.9951921085960004
2026-05-25,2026-05-25 11:33:14,V013,76.0,0.993303097821668
2026-05-25,2026-05-25 11:33:15,V013,76.0,0.9926759362033045
2026-05-25,2026-05-25 11:33:16,V013,76.0,0.992249354367281
2026-05-25,2026-05-25 11:33:17,V013,77.0,0.991810056591568
2026-05-25,2026-05-25 11:33:18,V013,78.0,0.9925630633615588
2026-05-25,2026-05-25 11:33:19,V013,78.0,0.9928726139573927
2026-05-25,2026-05-25 11:33:20,V013,79.0,0.9923676210899667
2026-05-25,2026-05-25 11:33:21,V013,80.0,0.9926086904376639
2026-05-25,2026-05-25 11:33:22,V013,80.0,0.9919785812912211
2026-05-25,2026-05-25 11:33:23,V013,81.0,0.9914349453177552
2026-05-25,2026-05-25 11:33:24,V013,81.0,0.9925613492918669
2026-05-25,2026-05-25 11:33:25,V013,82.0,0.9920472672315831
2026-05-25,2026-05-25 11:33:26,V013,82.0,0.9925932333882963
2026-05-25,2026-05-25 11:33:27,V013,81.0,0.9924157058454551
2026-05-25,2026-05-25 11:33:28,V013,81.0,0.9923656773789507
2026-05-25,2026-05-25 11:33:29,V013,81.0,0.9917089680821537
2026-05-25,2026-05-25 11:33:30,V013,80.0,0.9918079905663448
2026-05-25,2026-05-25 11:33:31,V013,79.0,0.9926695500846924
2026-05-25,2026-05-25 11:33:32,V013,78.0,0.9922326655204083
2026-05-25,2026-05-25 11:33:33,V013,77.0,0.9931120126962807
2026-05-25,2026-05-25 11:33:34,V013,75.0,0.9917208521186767
2026-05-25,2026-05-25 11:33:35,V013,74.0,0.99237614480609
2026-05-25,2026-05-25 11:33:36,V013,72.0,0.9920548702232167
2026-05-25,2026-05-25 11:33:37,V013,70.0,0.9913047109391775
2026-05-25,2026-05-25 11:33:38,V013,68.0,0.9918434055273924
2026-05-25,2026-05-25 11:33:39,V013,66.0,0.9910337481795747
2026-05-25,2026-05-25 11:33:40,V013,66.0,0.991875880563063
2026-05-25,2026-05-25 11:33:41,V013,65.0,0.99175226569506
2026-05-25,2026-05-25 11:33:42,V013,65.0,0.9918669939975241
2026-05-25,2026-05-25 11:33:43,V013,64.0,0.9913397167029416
2026-05-25,2026-05-25 11:33:44,V013,64.0,0.9918465447249825
2026-05-25,2026-05-25 11:33:45,V013,63.0,0.9921339526149089
2026-05-25,2026-05-25 11:33:46,V013,63.0,0.9919849540074669
2026-05-25,2026-05-25 11:33:47,V013,63.0,0.9906842039310152
2026-05-25,2026-05-25 11:33:48,V013,63.0,1.0069521901927219
2026-05-25,2026-05-25 11:33:49,V013,62.0,0.9744372091120175
2026-05-25,2026-05-25 11:33:50,V013,62.0,1.0073863688269369
2026-05-25,2026-05-25 11:33:51,V013,62.0,0.992070047558992
2026-05-25,2026-05-25 11:33:52,V013,63.0,0.9903318415915802
2026-05-25,2026-05-25 11:33:53,V013,64.0,0.9903346953692407
2026-05-25,2026-05-25 11:33:54,V013,64.0,0.9910448943781403
2026-05-25,2026-05-25 11:33:55,V013,63.0,0.9907151728382043
2026-05-25,2026-05-25 11:33:56,V013,64.0,0.9909430296632249
2026-05-25,2026-05-25 11:33:57,V013,64.0,0.991177058762195
2026-05-25,2026-05-25 11:33:58,V013,64.0,0.9910453796751605
2026-05-25,2026-05-25 11:33:59,V013,64.0,0.9910309965553077
2026-05-25,2026-05-25 11:34:00,V013,65.0,0.9910600805001994
2026-05-25,2026-05-25 11:34:01,V013,65.0,0.991032640192358
2026-05-25,2026-05-25 11:34:02,V013,66.0,0.9913371036491735
2026-05-25,2026-05-25 11:34:03,V013,66.0,0.9916018375400216
2026-05-25,2026-05-25 11:34:04,V013,65.0,0.9912582138863671
2026-05-25,2026-05-25 11:34:05,V013,65.0,0.990928013801161
2026-05-25,2026-05-25 11:34:06,V013,64.0,0.9916652174731541
2026-05-25,2026-05-25 11:34:07,V013,63.0,0.9912495175703571
2026-05-25,2026-05-25 11:34:08,V013,63.0,0.9905948479027987
2026-05-25,2026-05-25 11:34:09,V013,63.0,0.9907033497633218
2026-05-25,2026-05-25 11:34:10,V013,65.0,0.9911867678989432
2026-05-25,2026-05-25 11:34:11,V013,66.0,0.9913167114830466
2026-05-25,2026-05-25 11:34:12,V013,66.0,0.9909045071443059
2026-05-25,2026-05-25 11:34:13,V013,67.0,0.9916988147565211
2026-05-25,2026-05-25 11:34:14,V013,67.0,0.990498203621631
2026-05-25,2026-05-25 11:34:15,V013,67.0,0.9909687960724919
2026-05-25,2026-05-25 11:34:16,V013,67.0,0.9905798663598697
2026-05-25,2026-05-25 11:34:17,V013,66.0,0.9903396265935607
2026-05-25,2026-05-25 11:34:18,V013,66.0,0.991252434879072
2026-05-25,2026-05-25 11:34:19,V013,66.0,0.9906754017987206
2026-05-25,2026-05-25 11:34:20,V013,67.0,0.9916270192377389
2026-05-25,2026-05-25 11:34:21,V013,68.0,0.9909936725772235
2026-05-25,2026-05-25 11:34:22,V013,69.0,0.9907491917854532
2026-05-25,2026-05-25 11:34:23,V013,70.0,0.9917623595177759
2026-05-25,2026-05-25 11:34:24,V013,71.0,0.9910247803441393
2026-05-25,2026-05-25 11:34:25,V013,72.0,0.9914998430235525
2026-05-25,2026-05-25 11:34:26,V013,71.0,0.9906806398192581
2026-05-25,2026-05-25 11:34:27,V013,70.0,0.9908222075025048
2026-05-25,2026-05-25 11:34:28,V013,69.0,0.9905893445142374
2026-05-25,2026-05-25 11:34:29,V013,68.0,0.9909052337050753
2026-05-25,2026-05-25 11:34:30,V013,67.0,0.991190585329031
2026-05-25,2026-05-25 11:34:31,V013,67.0,0.9909366130672163
2026-05-25,2026-05-25 11:34:32,V013,67.0,0.9905346783498628
2026-05-25,2026-05-25 11:34:33,V013,68.0,0.9905396275097265
2026-05-25,2026-05-25 11:34:34,V013,69.0,0.9916632589471532
2026-05-25,2026-05-25 11:34:35,V013,69.0,0.9910163384879047
2026-05-25,2026-05-25 11:34:36,V013,69.0,0.9911086106182115
2026-05-25,2026-05-25 11:34:37,V013,69.0,0.9910128770601268
2026-05-25,2026-05-25 11:34:38,V013,68.0,0.9911401673115919
2026-05-25,2026-05-25 11:34:39,V013,68.0,0.9912993925041845
2026-05-25,2026-05-25 11:34:40,V013,69.0,0.9905059606365473
2026-05-25,2026-05-25 11:34:41,V013,70.0,0.9911180682796987
2026-05-25,2026-05-25 11:34:42,V013,72.0,0.9905111854394006
2026-05-25,2026-05-25 11:34:43,V013,73.0,0.9905674639278711
2026-05-25,2026-05-25 11:34:44,V013,72.0,0.9915433666148462
2026-05-25,2026-05-25 11:34:45,V013,72.0,0.9907505637281602
2026-05-25,2026-05-25 11:34:46,V013,72.0,0.9913259667388574
2026-05-25,2026-05-25 11:34:47,V013,71.0,0.9908726122156584
2026-05-25,2026-05-25 11:34:48,V013,70.0,0.9904762913879583
2026-05-25,2026-05-25 11:34:49,V013,71.0,0.9910852837568689
2026-05-25,2026-05-25 11:34:50,V013,71.0,0.9914009726850408
2026-05-25,2026-05-25 11:34:51,V013,71.0,0.9914230647062955
2026-05-25,2026-05-25 11:34:52,V013,73.0,0.9914762018962893
2026-05-25,2026-05-25 11:34:53,V013,73.0,0.9913473827185906
2026-05-25,2026-05-25 11:34:54,V013,73.0,0.991395783220349
2026-05-25,2026-05-25 11:34:55,V013,73.0,0.9904590776216332
2026-05-25,2026-05-25 11:34:56,V013,73.0,0.9903615828954851
2026-05-25,2026-05-25 11:34:57,V013,72.0,0.9902893659383173
2026-05-25,2026-05-25 11:34:58,V013,72.0,0.9912615430024663
2026-05-25,2026-05-25 11:34:59,V013,72.0,0.9913511371326037
2026-05-25,2026-05-25 11:35:00,V013,71.0,0.991343848686642
2026-05-25,2026-05-25 11:35:01,V013,71.0,0.9912559145016097
2026-05-25,2026-05-25 11:35:02,V013,71.0,0.9911488296068486
2026-05-25,2026-05-25 11:35:03,V013,72.0,0.9902545011678761
2026-05-25,2026-05-25 11:35:04,V013,72.0,0.9908719814214
2026-05-25,2026-05-25 11:35:05,V013,72.0,0.9913012908064167
2026-05-25,2026-05-25 11:35:06,V013,72.0,0.9909984388043165
2026-05-25,2026-05-25 11:35:07,V013,71.0,0.9912547804946111
2026-05-25,2026-05-25 11:35:08,V013,70.0,0.9911543416724352
2026-05-25,2026-05-25 11:35:09,V013,69.0,0.9911869012194201
2026-05-25,2026-05-25 11:35:10,V013,69.0,0.9912903893170234
2026-05-25,2026-05-25 11:35:11,V013,68.0,0.990936595745412
2026-05-25,2026-05-25 11:35:12,V013,66.0,0.9911744920815542
2026-05-25,2026-05-25 11:35:13,V013,66.0,0.9908892207415199
2026-05-25,2026-05-25 11:35:14,V013,66.0,0.9902502818490662
2026-05-25,2026-05-25 11:35:15,V013,65.0,0.991144475291008
2026-05-25,2026-05-25 11:35:16,V013,63.0,0.9913353536649159
2026-05-25,2026-05-25 11:35:17,V013,62.0,0.991078873976252
2026-05-25,2026-05-25 11:35:18,V013,62.0,0.9908760830359371
2026-05-25,2026-05-25 11:35:19,V013,61.0,0.9909791533317567
2026-05-25,2026-05-25 11:35:20,V013,61.0,0.9906559996696299
2026-05-25,2026-05-25 11:35:21,V013,62.0,0.9908706669750712
2026-05-25,2026-05-25 11:35:22,V013,62.0,0.9910883406826635
2026-05-25,2026-05-25 11:35:23,V013,62.0,0.9913735226659598
2026-05-25,2026-05-25 11:35:24,V013,62.0,0.9908725119461149
2026-05-25,2026-05-25 11:35:25,V013,62.0,0.9915631612556118
2026-05-25,2026-05-25 11:35:26,V013,62.0,0.9900313448866752
2026-05-25,2026-05-25 11:35:27,V013,62.0,0.9898392091025103
2026-05-25,2026-05-25 11:35:28,V013,61.0,0.9910313075731232
2026-05-25,2026-05-25 11:35:29,V013,61.0,0.9906182887412928
2026-05-25,2026-05-25 11:35:30,V013,62.0,0.9910894459378319
2026-05-25,2026-05-25 11:35:31,V013,62.0,0.9910682340553277
2026-05-25,2026-05-25 11:35:32,V013,64.0,0.9904010389132479
2026-05-25,2026-05-25 11:35:33,V013,65.0,0.9914041059818288
2026-05-25,2026-05-25 11:35:34,V013,66.0,0.9913691724740079
2026-05-25,2026-05-25 11:35:35,V013,66.0,0.991281777448082
2026-05-25,2026-05-25 11:35:36,V013,66.0,0.9906556389078639
2026-05-25,2026-05-25 11:35:37,V013,67.0,0.9904776798675083
2026-05-25,2026-05-25 11:35:38,V013,67.0,0.9908861731115238
2026-05-25,2026-05-25 11:35:39,V013,68.0,0.9903839247122257
2026-05-25,2026-05-25 11:35:40,V013,69.0,0.9910979026387684
2026-05-25,2026-05-25 11:35:41,V013,68.0,0.9905188746519051
2026-05-25,2026-05-25 11:35:42,V013,67.0,0.9906663206827891
2026-05-25,2026-05-25 11:35:43,V013,66.0,0.991030604982133
2026-05-25,2026-05-25 11:35:44,V013,66.0,0.990006760270214
2026-05-25,2026-05-25 11:35:45,V013,65.0,0.9909898437345527
2026-05-25,2026-05-25 11:35:46,V013,67.0,0.9913701568257299
2026-05-25,2026-05-25 11:35:47,V013,68.0,0.9912473666396635
2026-05-25,2026-05-25 11:35:48,V013,69.0,0.9906220258475232
2026-05-25,2026-05-25 11:35:49,V013,69.0,0.9906360566259471
2026-05-25,2026-05-25 11:35:50,V013,68.0,0.9908168538856149
2026-05-25,2026-05-25 11:35:51,V013,67.0,0.9910785317568653
2026-05-25,2026-05-25 11:35:52,V013,66.0,0.9904163949935003
2026-05-25,2026-05-25 11:35:53,V013,66.0,0.991168822321947
2026-05-25,2026-05-25 11:35:54,V013,65.0,0.9908084059840685
2026-05-25,2026-05-25 11:35:55,V013,65.0,0.991121616458274
2026-05-25,2026-05-25 11:35:56,V013,65.0,0.990524714330838
2026-05-25,2026-05-25 11:35:57,V013,66.0,0.9909451006171421
2026-05-25,2026-05-25 11:35:58,V013,67.0,0.9909207011808785
2026-05-25,2026-05-25 11:35:59,V013,67.0,0.9905630315342167
2026-05-25,2026-05-25 11:36:00,V013,68.0,0.9907141880694297
2026-05-25,2026-05-25 11:36:01,V013,69.0,0.9911960845813212
2026-05-25,2026-05-25 11:36:02,V013,69.0,0.9910296419594498
2026-05-25,2026-05-25 11:36:03,V013,69.0,0.9914819260857838
2026-05-25,2026-05-25 11:36:04,V013,70.0,0.9917223129660316
2026-05-25,2026-05-25 11:36:05,V013,70.0,0.997291188433432
2026-05-25,2026-05-25 11:36:06,V013,70.0,0.9818344047482146
2026-05-25,2026-05-25 11:36:07,V013,70.0,1.0362666089599228
2026-05-25,2026-05-25 11:36:08,V013,71.0,1.0208998569381507
2026-05-25,2026-05-25 11:36:09,V013,71.0,1.0044800402690301
2026-05-25,2026-05-25 11:36:10,V013,71.0,1.0064819545493777
2026-05-25,2026-05-25 11:36:11,V013,71.0,1.0058319047802473
2026-05-25,2026-05-25 11:36:12,V013,71.0,1.0063814372278832
2026-05-25,2026-05-25 11:36:13,V013,71.0,1.0065678224138435
2026-05-25,2026-05-25 11:36:14,V013,70.0,1.006326302879331
2026-05-25,2026-05-25 11:36:15,V013,70.0,1.0061941398708003
2026-05-25,2026-05-25 11:36:16,V013,70.0,1.0070463683307231
2026-05-25,2026-05-25 11:36:17,V013,70.0,1.0065212671907386
2026-05-25,2026-05-25 11:36:18,V013,70.0,1.0068230800772593
2026-05-25,2026-05-25 11:36:19,V013,70.0,1.006847876937282
2026-05-25,2026-05-25 11:36:20,V013,70.0,1.0073954143142636
2026-05-25,2026-05-25 11:36:21,V013,70.0,1.0065248888631713
2026-05-25,2026-05-25 11:36:22,V013,69.0,1.0062995650088815
2026-05-25,2026-05-25 11:36:23,V013,69.0,1.006278182336984
2026-05-25,2026-05-25 11:36:24,V013,69.0,1.0058870451867163
2026-05-25,2026-05-25 11:36:25,V013,69.0,1.0052555393190377
2026-05-25,2026-05-25 11:36:26,V013,68.0,1.006840696730613
2026-05-25,2026-05-25 11:36:27,V013,68.0,1.0079237254344697
2026-05-25,2026-05-25 11:36:28,V013,68.0,1.0105060891639226
2026-05-25,2026-05-25 11:36:29,V013,67.0,1.0048913676741913
2026-05-25,2026-05-25 11:36:30,V013,66.0,1.0044827270492847
2026-05-25,2026-05-25 11:36:31,V013,66.0,1.0055310517313454
2026-05-25,2026-05-25 11:36:32,V013,65.0,1.0043769087662409
2026-05-25,2026-05-25 11:36:33,V013,65.0,1.0048745321962753
2026-05-25,2026-05-25 11:36:34,V013,65.0,1.0050055526508936
2026-05-25,2026-05-25 11:36:35,V013,64.0,1.0048654965770571
2026-05-25,2026-05-25 11:36:36,V013,64.0,1.005377317724166
2026-05-25,2026-05-25 11:36:37,V013,64.0,1.0050024302222207
2026-05-25,2026-05-25 11:36:38,V013,64.0,1.004983180977669
2026-05-25,2026-05-25 11:36:39,V013,65.0,1.0057019770153586
2026-05-25,2026-05-25 11:36:40,V013,65.0,1.0048811982485055
2026-05-25,2026-05-25 11:36:41,V013,64.0,1.0047907125745472
2026-05-25,2026-05-25 11:36:42,V013,64.0,1.0048989183323236
2026-05-25,2026-05-25 11:36:43,V013,64.0,1.0053709774220583
2026-05-25,2026-05-25 11:36:44,V013,64.0,1.0050167565761747
2026-05-25,2026-05-25 11:36:45,V013,64.0,1.0053041212711824
2026-05-25,2026-05-25 11:36:46,V013,64.0,1.0048421342659384
2026-05-25,2026-05-25 11:36:47,V013,64.0,1.0052626046239495
2026-05-25,2026-05-25 11:36:48,V013,64.0,1.005047880456906
2026-05-25,2026-05-25 11:36:49,V013,64.0,1.0055448404545995
2026-05-25,2026-05-25 11:36:50,V013,63.0,1.0049275522774088
2026-05-25,2026-05-25 11:36:51,V013,63.0,1.0041788189679612
2026-05-25,2026-05-25 11:36:52,V013,63.0,1.0051476381426807
2026-05-25,2026-05-25 11:36:53,V013,63.0,1.0048180184110067
2026-05-25,2026-05-25 11:36:54,V013,62.0,1.0051558328756611
2026-05-25,2026-05-25 11:36:55,V013,61.0,1.005213086191173
2026-05-25,2026-05-25 11:36:56,V013,61.0,1.0054116900928236
2026-05-25,2026-05-25 11:36:57,V013,61.0,1.0046060024387893
2026-05-25,2026-05-25 11:36:58,V013,61.0,1.0049889764285564
2026-05-25,2026-05-25 11:36:59,V013,60.0,1.0048511141012215
2026-05-25,2026-05-25 11:37:00,V013,60.0,1.0051930801138667
2026-05-25,2026-05-25 11:37:01,V013,60.0,1.0056628652528619
2026-05-25,2026-05-25 11:37:02,V013,61.0,1.0055663500806704
2026-05-25,2026-05-25 11:37:03,V013,61.0,1.0049319120956377
2026-05-25,2026-05-25 11:37:04,V013,61.0,1.004792501637239
2026-05-25,2026-05-25 11:37:05,V013,61.0,1.004426437878692
2026-05-25,2026-05-25 11:37:06,V013,61.0,1.0054706896843433
2026-05-25,2026-05-25 11:37:07,V013,61.0,1.005577288211589
2026-05-25,2026-05-25 11:37:08,V013,61.0,1.0046478701769883
2026-05-25,2026-05-25 11:37:09,V013,61.0,1.0049210169851657
2026-05-25,2026-05-25 11:37:10,V013,61.0,1.005122685126393
2026-05-25,2026-05-25 11:37:11,V013,61.0,1.005841951917133
2026-05-25,2026-05-25 11:37:12,V013,61.0,1.0041567883143057
2026-05-25,2026-05-25 11:37:13,V013,61.0,1.0054911393997676
2026-05-25,2026-05-25 11:37:14,V013,61.0,1.0053650929935287
2026-05-25,2026-05-25 11:37:15,V013,60.0,1.0051353073376998
2026-05-25,2026-05-25 11:37:16,V013,60.0,1.0049150990217546
2026-05-25,2026-05-25 11:37:17,V013,61.0,1.0052539149716675
2026-05-25,2026-05-25 11:37:18,V013,61.0,1.0054080623749433
2026-05-25,2026-05-25 11:37:19,V013,61.0,1.0051214021049062
2026-05-25,2026-05-25 11:37:20,V013,61.0,1.0051385995207385
2026-05-25,2026-05-25 11:37:21,V013,62.0,1.0047887982136663
2026-05-25,2026-05-25 11:37:22,V013,63.0,1.0048677496719043
2026-05-25,2026-05-25 11:37:23,V013,63.0,1.0050870334791575
2026-05-25,2026-05-25 11:37:24,V013,63.0,1.0048289179090129
2026-05-25,2026-05-25 11:37:25,V013,63.0,1.0056118511327279
2026-05-25,2026-05-25 11:37:26,V013,64.0,1.0053840848511442
2026-05-25,2026-05-25 11:37:27,V013,65.0,1.0054406278677448
2026-05-25,2026-05-25 11:37:28,V013,65.0,1.0047450854675948
2026-05-25,2026-05-25 11:37:29,V013,65.0,1.0052444728118142
2026-05-25,2026-05-25 11:37:30,V013,65.0,1.0045112589870335
2026-05-25,2026-05-25 11:37:31,V013,66.0,1.0043416227294468
2026-05-25,2026-05-25 11:37:32,V013,66.0,1.0048971595131424
2026-05-25,2026-05-25 11:37:33,V013,66.0,1.005017046823979
2026-05-25,2026-05-25 11:37:34,V013,67.0,1.004996163457291
2026-05-25,2026-05-25 11:37:35,V013,67.0,1.005069504522358
2026-05-25,2026-05-25 11:37:36,V013,67.0,1.004985053870439
2026-05-25,2026-05-25 11:37:37,V013,67.0,1.0052894972810438
2026-05-25,2026-05-25 11:37:38,V013,68.0,1.004743144554565
2026-05-25,2026-05-25 11:37:39,V013,67.0,1.004695986465499
2026-05-25,2026-05-25 11:37:40,V013,67.0,1.0047529776812214
2026-05-25,2026-05-25 11:37:41,V013,67.0,1.0049003580533395
2026-05-25,2026-05-25 11:37:42,V013,66.0,1.0052805663997848
2026-05-25,2026-05-25 11:37:43,V013,66.0,1.0048709615540952
2026-05-25,2026-05-25 11:37:44,V013,66.0,1.004859815020424
2026-05-25,2026-05-25 11:37:45,V013,66.0,1.0048646744732013
2026-05-25,2026-05-25 11:37:46,V013,66.0,1.0052472819273957
2026-05-25,2026-05-25 11:37:47,V013,66.0,1.0048668736573096
2026-05-25,2026-05-25 11:37:48,V013,66.0,1.0043448138217372
2026-05-25,2026-05-25 11:37:49,V013,66.0,1.0051187801554993
2026-05-25,2026-05-25 11:37:50,V013,66.0,1.0049855772939487
2026-05-25,2026-05-25 11:37:51,V013,66.0,1.0047836919129476
2026-05-25,2026-05-25 11:37:52,V013,65.0,1.004736185841535
2026-05-25,2026-05-25 11:37:53,V013,65.0,1.0043442779818772
2026-05-25,2026-05-25 11:37:54,V013,65.0,1.0053475725459606
2026-05-25,2026-05-25 11:37:55,V013,65.0,1.0048586012490939
2026-05-25,2026-05-25 11:37:56,V013,64.0,1.0052727487804782
2026-05-25,2026-05-25 11:37:57,V013,64.0,1.0049848207918601
2026-05-25,2026-05-25 11:37:58,V013,65.0,1.004828736025491
2026-05-25,2026-05-25 11:37:59,V013,65.0,1.0053945438107457
2026-05-25,2026-05-25 11:38:00,V013,65.0,1.004886746408563
2026-05-25,2026-05-25 11:38:01,V013,65.0,1.0050923840066714
2026-05-25,2026-05-25 11:38:02,V013,65.0,1.0050222294648676
2026-05-25,2026-05-25 11:38:03,V013,65.0,1.0047288001206878
2026-05-25,2026-05-25 11:38:04,V013,65.0,1.005032244391583
2026-05-25,2026-05-25 11:38:05,V013,65.0,1.0044458361545192
2026-05-25,2026-05-25 11:38:06,V013,65.0,1.0053286433889885
2026-05-25,2026-05-25 11:38:07,V013,65.0,1.0044948861618515
2026-05-25,2026-05-25 11:38:08,V013,65.0,1.004945566856643
2026-05-25,2026-05-25 11:38:09,V013,65.0,1.0048973630374594
2026-05-25,2026-05-25 11:38:10,V013,65.0,1.0047547771070322
2026-05-25,2026-05-25 11:38:11,V013,65.0,1.0050095241905144
2026-05-25,2026-05-25 11:38:12,V013,65.0,1.004545338931047
2026-05-25,2026-05-25 11:38:13,V013,65.0,1.0045586841906518
2026-05-25,2026-05-25 11:38:14,V013,66.0,1.0048447501532474
2026-05-25,2026-05-25 11:38:15,V013,66.0,1.0051383167202272
2026-05-25,2026-05-25 11:38:16,V013,66.0,1.005024423020933
2026-05-25,2026-05-25 11:38:17,V013,66.0,1.0045788976294259
2026-05-25,2026-05-25 11:38:18,V013,65.0,1.005392342560888
2026-05-25,2026-05-25 11:38:19,V013,65.0,1.0049259856639239
2026-05-25,2026-05-25 11:38:20,V013,64.0,1.0052914368047159
2026-05-25,2026-05-25 11:38:21,V013,63.0,1.005031772791826
2026-05-25,2026-05-25 11:38:22,V013,64.0,1.0042840417799799
2026-05-25,2026-05-25 11:38:23,V013,64.0,1.0045618970273047
2026-05-25,2026-05-25 11:38:24,V013,65.0,1.0047533237955886
2026-05-25,2026-05-25 11:38:25,V013,66.0,1.005498655956163
2026-05-25,2026-05-25 11:38:26,V013,66.0,1.0049342539387431
2026-05-25,2026-05-25 11:38:27,V013,65.0,1.005062617419339
2026-05-25,2026-05-25 11:38:28,V013,65.0,1.0055485491840133
2026-05-25,2026-05-25 11:38:29,V013,64.0,1.0052425189730696
2026-05-25,2026-05-25 11:38:30,V013,63.0,1.0054350363832623
2026-05-25,2026-05-25 11:38:31,V013,62.0,1.0050937579953083
2026-05-25,2026-05-25 11:38:32,V013,61.0,1.0053759328270575
2026-05-25,2026-05-25 11:38:33,V013,61.0,1.0046820971153627
2026-05-25,2026-05-25 11:38:34,V013,61.0,1.0049321569870557
2026-05-25,2026-05-25 11:38:35,V013,61.0,1.0053508047053337
2026-05-25,2026-05-25 11:38:36,V013,61.0,1.0051779584957918
2026-05-25,2026-05-25 11:38:37,V013,61.0,1.0050536278379003
2026-05-25,2026-05-25 11:38:38,V013,61.0,1.0047752837091823
2026-05-25,2026-05-25 11:38:39,V013,61.0,1.0042878247096008
2026-05-25,2026-05-25 11:38:40,V013,60.0,1.0051695285040665
2026-05-25,2026-05-25 11:38:41,V013,60.0,1.0051247212021925
2026-05-25,2026-05-25 11:38:42,V013,60.0,1.0045105360648414
2026-05-25,2026-05-25 11:38:43,V013,60.0,1.005016605347532
2026-05-25,2026-05-25 11:38:44,V013,60.0,1.0049922148441108
2026-05-25,2026-05-25 11:38:45,V013,61.0,1.0047956515674494
2026-05-25,2026-05-25 11:38:46,V013,61.0,1.005069784885418
2026-05-25,2026-05-25 11:38:47,V013,61.0,1.0050337259721067
2026-05-25,2026-05-25 11:38:48,V013,62.0,1.0050759028567462
2026-05-25,2026-05-25 11:38:49,V013,62.0,1.0050168057959414
2026-05-25,2026-05-25 11:38:50,V013,62.0,1.0048908702617483
2026-05-25,2026-05-25 11:38:51,V013,62.0,1.0049824018831512
2026-05-25,2026-05-25 11:38:52,V013,62.0,1.0047253650517938
2026-05-25,2026-05-25 11:38:53,V013,62.0,1.0047184121921844
2026-05-25,2026-05-25 11:38:54,V013,63.0,1.0050229284536991
2026-05-25,2026-05-25 11:38:55,V013,63.0,1.0046034844879972
2026-05-25,2026-05-25 11:38:56,V013,64.0,1.004672376563976
2026-05-25,2026-05-25 11:38:57,V013,64.0,1.0046745147880343
2026-05-25,2026-05-25 11:38:58,V013,64.0,1.004742628269202
2026-05-25,2026-05-25 11:38:59,V013,65.0,1.0054395546113712
2026-05-25,2026-05-25 11:39:00,V013,64.0,1.0048835900811304
2026-05-25,2026-05-25 11:39:01,V013,64.0,1.0047198404651116
2026-05-25,2026-05-25 11:39:02,V013,64.0,1.0045345812127633
2026-05-25,2026-05-25 11:39:03,V013,63.0,1.004999584579929
2026-05-25,2026-05-25 11:39:04,V013,63.0,1.00496617661417
2026-05-25,2026-05-25 11:39:05,V013,62.0,1.0053932857631767
2026-05-25,2026-05-25 11:39:06,V013,63.0,1.0045438709304324
2026-05-25,2026-05-25 11:39:07,V013,63.0,1.0048243962116468
2026-05-25,2026-05-25 11:39:08,V013,63.0,1.005250882204412
2026-05-25,2026-05-25 11:39:09,V013,63.0,1.0045905429250213
2026-05-25,2026-05-25 11:39:10,V013,63.0,1.0053636714513472
2026-05-25,2026-05-25 11:39:11,V013,63.0,1.0052913090413695
2026-05-25,2026-05-25 11:39:12,V013,63.0,1.0043811230626534
2026-05-25,2026-05-25 11:39:13,V013,63.0,1.0047227778215393
2026-05-25,2026-05-25 11:39:14,V013,63.0,1.004881764410377
2026-05-25,2026-05-25 11:39:15,V013,63.0,1.0044681477330801
2026-05-25,2026-05-25 11:39:16,V013,63.0,1.0050888088616179
2026-05-25,2026-05-25 11:39:17,V013,63.0,1.0050713651831313
2026-05-25,2026-05-25 11:39:18,V013,63.0,1.0045556342069022
2026-05-25,2026-05-25 11:39:19,V013,63.0,1.004516687861941
2026-05-25,2026-05-25 11:39:20,V013,63.0,1.0054757953175528
2026-05-25,2026-05-25 11:39:21,V013,63.0,1.0057222936558166
2026-05-25,2026-05-25 11:39:22,V013,63.0,1.004289517331176
2026-05-25,2026-05-25 11:39:23,V013,63.0,1.0048364141936266
2026-05-25,2026-05-25 11:39:24,V013,63.0,1.004770104619053
2026-05-25,2026-05-25 11:39:25,V013,63.0,1.0045435561772909
2026-05-25,2026-05-25 11:39:26,V013,63.0,1.0049074831474414
2026-05-25,2026-05-25 11:39:27,V013,63.0,1.0048668986868283
2026-05-25,2026-05-25 11:39:28,V013,63.0,1.0052519219570368
2026-05-25,2026-05-25 11:39:29,V013,63.0,1.004447643710114
2026-05-25,2026-05-25 11:39:30,V013,63.0,1.0050888609227566
2026-05-25,2026-05-25 11:39:31,V013,62.0,1.005435431951127
2026-05-25,2026-05-25 11:39:32,V013,62.0,1.0047983504336648
2026-05-25,2026-05-25 11:39:33,V013,62.0,1.0043081070300004
2026-05-25,2026-05-25 11:39:34,V013,62.0,1.005344476923321
2026-05-25,2026-05-25 11:39:35,V013,62.0,1.0051542912772473
2026-05-25,2026-05-25 11:39:36,V013,62.0,1.0050321108860376
2026-05-25,2026-05-25 11:39:37,V013,62.0,1.0049847415036157
2026-05-25,2026-05-25 11:39:38,V013,62.0,1.0044883963364184
2026-05-25,2026-05-25 11:39:39,V013,62.0,1.0050312162129604
2026-05-25,2026-05-25 11:39:40,V013,61.0,1.0047002063653532
2026-05-25,2026-05-25 11:39:41,V013,61.0,1.004787267461367
2026-05-25,2026-05-25 11:39:42,V013,61.0,1.0052415539648683
2026-05-25,2026-05-25 11:39:43,V013,61.0,1.004602451883125
2026-05-25,2026-05-25 11:39:44,V013,61.0,1.0048440199803181
2026-05-25,2026-05-25 11:39:45,V013,61.0,1.009769438793229
2026-05-25,2026-05-25 11:39:46,V013,61.0,1.007955976829364
2026-05-25,2026-05-25 11:39:47,V013,62.0,1.0057943862139742
2026-05-25,2026-05-25 11:39:48,V013,62.0,1.006341609279166
2026-05-25,2026-05-25 11:39:49,V013,62.0,1.0050067054250231
2026-05-25,2026-05-25 11:39:50,V013,62.0,1.0046527538737515
2026-05-25,2026-05-25 11:39:51,V013,61.0,1.005556155498218
2026-05-25,2026-05-25 11:39:52,V013,61.0,1.005228708450333
2026-05-25,2026-05-25 11:39:53,V013,61.0,1.0049441010440312
2026-05-25,2026-05-25 11:39:54,V013,61.0,1.0054983332755791
2026-05-25,2026-05-25 11:39:55,V013,61.0,1.0055681474944986
2026-05-25,2026-05-25 11:39:56,V013,61.0,1.0049453740628795
2026-05-25,2026-05-25 11:39:57,V013,61.0,1.0051798920682693
2026-05-25,2026-05-25 11:39:58,V013,60.0,1.0055209360312976
2026-05-25,2026-05-25 11:39:59,V013,60.0,1.0055271188414945
2026-05-25,2026-05-25 11:40:00,V013,60.0,1.0051572476768322
2026-05-25,2026-05-25 11:40:01,V013,60.0,1.004894433817522
2026-05-25,2026-05-25 11:40:02,V013,60.0,1.0058922070596519
2026-05-25,2026-05-25 11:40:03,V013,59.0,1.0059426155260296
2026-05-25,2026-05-25 11:40:04,V013,60.0,1.0050701983689159
2026-05-25,2026-05-25 11:40:05,V013,60.0,1.0044924214402675
2026-05-25,2026-05-25 11:40:06,V013,60.0,1.0053942058400016
2026-05-25,2026-05-25 11:40:07,V013,60.0,1.0054044124481423
2026-05-25,2026-05-25 11:40:08,V013,60.0,1.004662574588956
2026-05-25,2026-05-25 11:40:09,V013,61.0,1.0059672480102844
2026-05-25,2026-05-25 11:40:10,V013,61.0,1.0047789114219525
2026-05-25,2026-05-25 11:40:11,V013,61.0,1.0049382700626297
2026-05-25,2026-05-25 11:40:12,V013,61.0,1.0054852972541946
2026-05-25,2026-05-25 11:40:13,V013,61.0,1.004629508862968
2026-05-25,2026-05-25 11:40:14,V013,61.0,1.005190732012992
2026-05-25,2026-05-25 11:40:15,V013,61.0,1.0051529861449577
2026-05-25,2026-05-25 11:40:16,V013,61.0,1.0054880024118678
2026-05-25,2026-05-25 11:40:17,V013,62.0,1.0052674327752256
2026-05-25,2026-05-25 11:40:18,V013,62.0,1.0054843439254464
2026-05-25,2026-05-25 11:40:19,V013,62.0,1.0053211944173381
2026-05-25,2026-05-25 11:40:20,V013,62.0,1.0055261539256481
2026-05-25,2026-05-25 11:40:21,V013,62.0,1.0055166173564074
2026-05-25,2026-05-25 11:40:22,V013,62.0,1.0054888051068078
2026-05-25,2026-05-25 11:40:23,V013,63.0,1.005111388344336
2026-05-25,2026-05-25 11:40:24,V013,63.0,1.0051017099296458
2026-05-25,2026-05-25 11:40:25,V013,63.0,1.0056633077605213
2026-05-25,2026-05-25 11:40:26,V013,63.0,1.005494144173574
2026-05-25,2026-05-25 11:40:27,V013,62.0,1.0053169174673473
2026-05-25,2026-05-25 11:40:28,V013,62.0,1.005291278498204
2026-05-25,2026-05-25 11:40:29,V013,62.0,1.005099023655071
2026-05-25,2026-05-25 11:40:30,V013,62.0,1.0064124505037468
2026-05-25,2026-05-25 11:40:31,V013,62.0,1.0059525794563864
2026-05-25,2026-05-25 11:40:32,V013,62.0,1.004460584785983
2026-05-25,2026-05-25 11:40:33,V013,62.0,1.0050504637300357
2026-05-25,2026-05-25 11:40:34,V013,62.0,1.0051950092588882
2026-05-25,2026-05-25 11:40:35,V013,62.0,1.0048572443946462
2026-05-25,2026-05-25 11:40:36,V013,61.0,1.004459911104121
2026-05-25,2026-05-25 11:40:37,V013,61.0,1.004686456080625
2026-05-25,2026-05-25 11:40:38,V013,61.0,1.0057405996721773
2026-05-25,2026-05-25 11:40:39,V013,61.0,1.0053901297774654
2026-05-25,2026-05-25 11:40:40,V013,61.0,1.0047984000562984
2026-05-25,2026-05-25 11:40:41,V013,61.0,1.004414857552083
2026-05-25,2026-05-25 11:40:42,V013,61.0,1.0047856847242207
2026-05-25,2026-05-25 11:40:43,V013,61.0,1.0049168282585936
2026-05-25,2026-05-25 11:40:44,V013,61.0,1.0047975756209133
2026-05-25,2026-05-25 11:40:45,V013,61.0,1.0050794559836875
2026-05-25,2026-05-25 11:40:46,V013,61.0,1.0049093088887924
2026-05-25,2026-05-25 11:40:47,V013,61.0,1.0050487890505553
2026-05-25,2026-05-25 11:40:48,V013,61.0,1.005086079290705
2026-05-25,2026-05-25 11:40:49,V013,61.0,1.0051339449455272
2026-05-25,2026-05-25 11:40:50,V013,61.0,1.005163489789573
2026-05-25,2026-05-25 11:40:51,V013,61.0,1.0049651712060148
2026-05-25,2026-05-25 11:40:52,V013,61.0,1.0048410113061965
2026-05-25,2026-05-25 11:40:53,V013,61.0,1.0047546381142827
2026-05-25,2026-05-25 11:40:54,V013,61.0,1.0048421631895976
2026-05-25,2026-05-25 11:40:55,V013,61.0,1.005225361497623
2026-05-25,2026-05-25 11:40:56,V013,61.0,1.004718749356607
2026-05-25,2026-05-25 11:40:57,V013,61.0,1.004669259117383
2026-05-25,2026-05-25 11:40:58,V013,61.0,1.0049474238445475
2026-05-25,2026-05-25 11:40:59,V013,61.0,1.004472188745476
2026-05-25,2026-05-25 11:41:00,V013,62.0,1.004993340503652
2026-05-25,2026-05-25 11:41:01,V013,62.0,1.0041915060211726
2026-05-25,2026-05-25 11:41:02,V013,62.0,1.0048628888546436
2026-05-25,2026-05-25 11:41:03,V013,62.0,1.0049887144992622
2026-05-25,2026-05-25 11:41:04,V013,62.0,1.0051445089198308
2026-05-25,2026-05-25 11:41:05,V013,62.0,1.0046666807016802
2026-05-25,2026-05-25 11:41:06,V013,62.0,1.0043987241527592
2026-05-25,2026-05-25 11:41:07,V013,62.0,1.005316870713935
2026-05-25,2026-05-25 11:41:08,V013,62.0,1.0052001895115372
2026-05-25,2026-05-25 11:41:09,V013,62.0,1.005215204133587
2026-05-25,2026-05-25 11:41:10,V013,62.0,1.0048132457036942
2026-05-25,2026-05-25 11:41:11,V013,62.0,1.0048659381131628
2026-05-25,2026-05-25 11:41:12,V013,62.0,1.0047064970703414
2026-05-25,2026-05-25 11:41:13,V013,62.0,1.005359310630175
2026-05-25,2026-05-25 11:41:14,V013,63.0,1.0054899869506464
2026-05-25,2026-05-25 11:41:15,V013,63.0,1.0047539281959947
2026-05-25,2026-05-25 11:41:16,V013,63.0,1.005234719989993
2026-05-25,2026-05-25 11:41:17,V013,63.0,1.0049029964107887
2026-05-25,2026-05-25 11:41:18,V013,63.0,1.0051612998847501
2026-05-25,2026-05-25 11:41:19,V013,64.0,1.0047718826083143
2026-05-25,2026-05-25 11:41:20,V013,65.0,1.0055292951709318
2026-05-25,2026-05-25 11:41:21,V013,66.0,0.9996948396609358
2026-05-25,2026-05-25 11:41:22,V013,66.0,1.024120727817403
2026-05-25,2026-05-25 11:41:23,V013,66.0,1.005133055646601
2026-05-25,2026-05-25 11:41:24,V013,66.0,0.9691204605572836
2026-05-25,2026-05-25 11:41:25,V013,66.0,1.0098161718835104
2026-05-25,2026-05-25 11:41:26,V013,66.0,1.0036115279484366
2026-05-25,2026-05-25 11:41:27,V013,66.0,0.9983565674932435
2026-05-25,2026-05-25 11:41:28,V013,66.0,0.9670293415678385
2026-05-25,2026-05-25 11:41:29,V013,66.0,1.0171236288627057
2026-05-25,2026-05-25 11:41:30,V013,67.0,0.9904066676682666
2026-05-25,2026-05-25 11:41:31,V013,68.0,0.9967404220029851
2026-05-25,2026-05-25 11:41:32,V013,70.0,0.9904576021277974
2026-05-25,2026-05-25 11:41:33,V013,71.0,0.9944358799042297
2026-05-25,2026-05-25 11:41:34,V013,71.0,0.9980497741865828
2026-05-25,2026-05-25 11:41:35,V013,71.0,0.9893537935029102
2026-05-25,2026-05-25 11:41:36,V013,72.0,1.0237806441702109
2026-05-25,2026-05-25 11:41:37,V013,71.0,0.9877689580751637
2026-05-25,2026-05-25 11:41:38,V013,71.0,0.995673483499206
2026-05-25,2026-05-25 11:41:39,V013,71.0,1.0110788450645782
2026-05-25,2026-05-25 11:41:40,V013,71.0,1.1457675612077678
2026-05-25,2026-05-25 11:41:41,V013,71.0,1.0142185529209964
2026-05-25,2026-05-25 11:41:42,V013,73.0,0.9967614477567877
2026-05-25,2026-05-25 11:41:43,V013,73.0,1.0250872734940468
2026-05-25,2026-05-25 11:41:44,V013,73.0,0.9741558081297347
2026-05-25,2026-05-25 11:41:45,V013,75.0,1.039457040426344
2026-05-25,2026-05-25 11:41:46,V013,78.0,1.1137006099888838
2026-05-25,2026-05-25 11:41:47,V013,80.0,1.113218680166686
2026-05-25,2026-05-25 11:41:48,V013,80.0,1.0492541947034164
2026-05-25,2026-05-25 11:41:49,V013,82.0,1.1648628378945212
2026-05-25,2026-05-25 11:41:50,V013,84.0,1.1480667091422865
2026-05-25,2026-05-25 11:41:51,V013,84.0,1.0324076151530681
2026-05-25,2026-05-25 11:41:52,V013,84.0,1.2315615083058855
2026-05-25,2026-05-25 11:41:53,V013,84.0,1.1155194112865883
2026-05-25,2026-05-25 11:41:54,V013,83.0,1.036879401308464
2026-05-25,2026-05-25 11:41:55,V013,82.0,1.1965521737741789
2026-05-25,2026-05-25 11:41:56,V013,82.0,1.0801537870677225
2026-05-25,2026-05-25 11:41:57,V013,82.0,1.0291458452739024
2026-05-25,2026-05-25 11:41:58,V013,80.0,1.0791579835160319
2026-05-25,2026-05-25 11:41:59,V013,80.0,1.1686061088599238
2026-05-25,2026-05-25 11:42:00,V013,80.0,0.9961305920653772
2026-05-25,2026-05-25 11:42:01,V013,79.0,0.9927314848369022
2026-05-25,2026-05-25 11:42:02,V013,80.0,1.003414923354852
2026-05-25,2026-05-25 11:42:03,V013,81.0,1.0207447404613683
2026-05-25,2026-05-25 11:42:04,V013,81.0,1.2025498117786952
2026-05-25,2026-05-25 11:42:05,V013,82.0,1.0031949051786422
2026-05-25,2026-05-25 11:42:06,V013,83.0,1.0601097496724878
2026-05-25,2026-05-25 11:42:07,V013,83.0,1.2013904442230379
2026-05-25,2026-05-25 11:42:08,V013,83.0,1.019151456406009
2026-05-25,2026-05-25 11:42:09,V013,83.0,1.051479922415897
2026-05-25,2026-05-25 11:42:10,V013,83.0,1.081270477393687
2026-05-25,2026-05-25 11:42:11,V013,83.0,1.047606139181509
2026-05-25,2026-05-25 11:42:12,V013,83.0,1.0925472213465042
2026-05-25,2026-05-25 11:42:13,V013,84.0,1.0374172015573506
2026-05-25,2026-05-25 11:42:14,V013,85.0,1.0434129730623873
2026-05-25,2026-05-25 11:42:15,V013,85.0,1.0902067880144435
2026-05-25,2026-05-25 11:42:16,V013,86.0,1.0517094623874619
2026-05-25,2026-05-25 11:42:17,V013,86.0,1.08040089910991
2026-05-25,2026-05-25 11:42:18,V013,86.0,1.0442837796993978
2026-05-25,2026-05-25 11:42:19,V013,86.0,1.043741945051199
2026-05-25,2026-05-25 11:42:20,V013,87.0,1.1001711902178413
2026-05-25,2026-05-25 11:42:21,V013,87.0,1.219997549929363
2026-05-25,2026-05-25 11:42:22,V013,87.0,1.106351730981335
2026-05-25,2026-05-25 11:42:23,V013,87.0,1.0611538133332847
2026-05-25,2026-05-25 11:42:24,V013,87.0,1.0308906267877538
2026-05-25,2026-05-25 11:42:25,V013,87.0,1.0416853607155516
2026-05-25,2026-05-25 11:42:26,V013,87.0,1.0272161853528732
2026-05-25,2026-05-25 11:42:27,V013,88.0,1.03297604332406
2026-05-25,2026-05-25 11:42:28,V013,88.0,1.0612171647690838
2026-05-25,2026-05-25 11:42:29,V013,89.0,0.9801563240736205
2026-05-25,2026-05-25 11:42:30,V013,89.0,1.110230665696796
2026-05-25,2026-05-25 11:42:31,V013,90.0,1.0345323601901997
2026-05-25,2026-05-25 11:42:32,V013,90.0,0.9676639151525768
2026-05-25,2026-05-25 11:42:33,V013,90.0,1.1967055849230537
2026-05-25,2026-05-25 11:42:34,V013,90.0,0.9483884106281439
2026-05-25,2026-05-25 11:42:35,V013,90.0,1.061451398672324
2026-05-25,2026-05-25 11:42:36,V013,91.0,1.0323187496446777
2026-05-25,2026-05-25 11:42:37,V013,91.0,1.0155667958494816
2026-05-25,2026-05-25 11:42:38,V013,91.0,1.0751404996620644
2026-05-25,2026-05-25 11:42:39,V013,91.0,1.0515181741356183
2026-05-25,2026-05-25 11:42:40,V013,91.0,1.0498699762712957
2026-05-25,2026-05-25 11:42:41,V013,91.0,1.0397929438705658
2026-05-25,2026-05-25 11:42:42,V013,91.0,1.0357848042038134
2026-05-25,2026-05-25 11:42:43,V013,91.0,1.0410812291893206
2026-05-25,2026-05-25 11:42:44,V013,92.0,1.0094677832947652
2026-05-25,2026-05-25 11:42:45,V013,92.0,1.072407552726129
2026-05-25,2026-05-25 11:42:46,V013,92.0,1.1070894428996538
2026-05-25,2026-05-25 11:42:47,V013,92.0,1.0408857786887757
2026-05-25,2026-05-25 11:42:48,V013,92.0,1.0002636321429745
2026-05-25,2026-05-25 11:42:49,V013,92.0,1.0554803742969947
2026-05-25,2026-05-25 11:42:50,V013,92.0,1.0470671577955954
2026-05-25,2026-05-25 11:42:51,V013,92.0,0.9551801381853959
2026-05-25,2026-05-25 11:42:52,V013,93.0,1.1058611069165958
2026-05-25,2026-05-25 11:42:53,V013,93.0,0.9353750901479331
2026-05-25,2026-05-25 11:42:54,V013,93.0,1.0168261272965513
2026-05-25,2026-05-25 11:42:55,V013,94.0,1.025417112530511
2026-05-25,2026-05-25 11:42:56,V013,94.0,1.0249992138084842
2026-05-25,2026-05-25 11:42:57,V013,95.0,1.0009118475999084
2026-05-25,2026-05-25 11:42:58,V013,95.0,1.0253821857491638
2026-05-25,2026-05-25 11:42:59,V013,96.0,1.0211825373401648
2026-05-25,2026-05-25 11:43:00,V013,96.0,0.9380530166602942
2026-05-25,2026-05-25 11:43:01,V013,97.0,1.1520542238641496
2026-05-25,2026-05-25 11:43:02,V013,97.0,1.0020794359440526
2026-05-25,2026-05-25 11:43:03,V013,97.0,1.0176376230435686
2026-05-25,2026-05-25 11:43:04,V013,98.0,1.0248728457417846
2026-05-25,2026-05-25 11:43:05,V013,98.0,1.0425267646741039
2026-05-25,2026-05-25 11:43:06,V013,99.0,1.0197501107938132
2026-05-25,2026-05-25 11:43:07,V013,100.0,1.0141290703077883
2026-05-25,2026-05-25 11:43:08,V013,102.0,1.013501295864514
2026-05-25,2026-05-25 11:43:09,V013,103.0,1.0246777440831105
2026-05-25,2026-05-25 11:43:10,V013,105.0,1.0133471358791142
2026-05-25,2026-05-25 11:43:11,V013,107.0,1.017803356431833
2026-05-25,2026-05-25 11:43:12,V013,106.0,1.0230155830522816
2026-05-25,2026-05-25 11:43:13,V013,106.0,1.0264392697125835
2026-05-25,2026-05-25 11:43:14,V013,106.0,1.0182880877565081
2026-05-25,2026-05-25 11:43:15,V013,105.0,1.0226286780606562
2026-05-25,2026-05-25 11:43:16,V013,105.0,1.0154549275886553
2026-05-25,2026-05-25 11:43:17,V013,105.0,1.0176400144281619
2026-05-25,2026-05-25 11:43:18,V013,104.0,1.017513878783579
2026-05-25,2026-05-25 11:43:19,V013,104.0,1.016720348605192
2026-05-25,2026-05-25 11:43:20,V013,102.0,1.016771427217707
2026-05-25,2026-05-25 11:43:21,V013,101.0,1.017720899507042
2026-05-25,2026-05-25 11:43:22,V013,99.0,1.0196142986442804
2026-05-25,2026-05-25 11:43:23,V013,98.0,1.0181730943608494
2026-05-25,2026-05-25 11:43:24,V013,96.0,1.017892295321717
2026-05-25,2026-05-25 11:43:25,V013,95.0,1.0172780008891116
2026-05-25,2026-05-25 11:43:26,V013,94.0,1.0395351914161608
2026-05-25,2026-05-25 11:43:27,V013,93.0,1.0257039073051224
2026-05-25,2026-05-25 11:43:28,V013,93.0,1.0341600361007015
2026-05-25,2026-05-25 11:43:29,V013,93.0,1.0192355659085242
2026-05-25,2026-05-25 11:43:30,V013,93.0,1.0193889388232225
2026-05-25,2026-05-25 11:43:31,V013,93.0,1.0342503264001002
2026-05-25,2026-05-25 11:43:32,V013,93.0,1.0369001177051573
2026-05-25,2026-05-25 11:43:33,V013,93.0,1.0179691447030605
2026-05-25,2026-05-25 11:43:34,V013,92.0,1.0191662321919694
2026-05-25,2026-05-25 11:43:35,V013,92.0,1.0153099039528635
2026-05-25,2026-05-25 11:43:36,V013,92.0,1.0180186959287125
2026-05-25,2026-05-25 11:43:37,V013,92.0,1.0190105362039583
2026-05-25,2026-05-25 11:43:38,V013,91.0,1.0175231844283175
2026-05-25,2026-05-25 11:43:39,V013,91.0,1.016461620268231
2026-05-25,2026-05-25 11:43:40,V013,91.0,1.0182502050682567
2026-05-25,2026-05-25 11:43:41,V013,92.0,1.0125192905291118
2026-05-25,2026-05-25 11:43:42,V013,92.0,1.0228620609259351
2026-05-25,2026-05-25 11:43:43,V013,92.0,1.0183088154456201
2026-05-25,2026-05-25 11:43:44,V013,93.0,1.0185629923538917
2026-05-25,2026-05-25 11:43:45,V013,94.0,1.0225597273850056
2026-05-25,2026-05-25 11:43:46,V013,94.0,1.0070474602264587
2026-05-25,2026-05-25 11:43:47,V013,95.0,1.0162494945318756
2026-05-25,2026-05-25 11:43:48,V013,95.0,1.0180755244271613
2026-05-25,2026-05-25 11:43:49,V013,96.0,1.0215089433169837
2026-05-25,2026-05-25 11:43:50,V013,96.0,1.0176054475704623
2026-05-25,2026-05-25 11:43:51,V013,96.0,1.0174104250967502
2026-05-25,2026-05-25 11:43:52,V013,96.0,1.0158996623226655
2026-05-25,2026-05-25 11:43:53,V013,96.0,1.0179568079103332
2026-05-25,2026-05-25 11:43:54,V013,95.0,1.0183770415097015
2026-05-25,2026-05-25 11:43:55,V013,95.0,1.017152259370576
2026-05-25,2026-05-25 11:43:56,V013,95.0,1.019043287165175
2026-05-25,2026-05-25 11:43:57,V013,94.0,1.0194484052335917
2026-05-25,2026-05-25 11:43:58,V013,94.0,1.0255831761304346
2026-05-25,2026-05-25 11:43:59,V013,94.0,1.0179790302345546
2026-05-25,2026-05-25 11:44:00,V013,94.0,1.018248873748202
2026-05-25,2026-05-25 11:44:01,V013,93.0,1.018357020468438
2026-05-25,2026-05-25 11:44:02,V013,93.0,1.0213043951786935
2026-05-25,2026-05-25 11:44:03,V013,93.0,1.015780776305183
2026-05-25,2026-05-25 11:44:04,V013,93.0,1.0215421833204696
2026-05-25,2026-05-25 11:44:05,V013,93.0,1.0189085833613232
2026-05-25,2026-05-25 11:44:06,V013,93.0,1.0141749046973998
2026-05-25,2026-05-25 11:44:07,V013,93.0,1.0179096678241364
2026-05-25,2026-05-25 11:44:08,V013,94.0,1.0720946685033919
2026-05-25,2026-05-25 11:44:09,V013,94.0,1.0201066673173633
2026-05-25,2026-05-25 11:44:10,V013,94.0,1.0167139258031201
2026-05-25,2026-05-25 11:44:11,V013,94.0,1.0172488313571977
2026-05-25,2026-05-25 11:44:12,V013,94.0,1.0171460004583763
2026-05-25,2026-05-25 11:44:13,V013,94.0,1.0209939012255482
2026-05-25,2026-05-25 11:44:14,V013,94.0,1.0177859237255698
2026-05-25,2026-05-25 11:44:15,V013,94.0,1.0195274043309284
2026-05-25,2026-05-25 11:44:16,V013,93.0,1.0175786961951958
2026-05-25,2026-05-25 11:44:17,V013,93.0,1.0176057227187598
2026-05-25,2026-05-25 11:44:18,V013,93.0,1.0200473346205874
2026-05-25,2026-05-25 11:44:19,V013,93.0,1.0165211519866928
2026-05-25,2026-05-25 11:44:20,V013,93.0,1.0066463444794933
2026-05-25,2026-05-25 11:44:21,V013,93.0,1.000574175629133
2026-05-25,2026-05-25 11:44:22,V013,93.0,1.0171352965090814
2026-05-25,2026-05-25 11:44:23,V013,93.0,1.0176976975462455
2026-05-25,2026-05-25 11:44:24,V013,92.0,1.01524400438874
2026-05-25,2026-05-25 11:44:25,V013,92.0,1.021211767563658
2026-05-25,2026-05-25 11:44:26,V013,92.0,1.0154173430359905
2026-05-25,2026-05-25 11:44:27,V013,92.0,1.0189270777332402
2026-05-25,2026-05-25 11:44:28,V013,91.0,1.0175730404648216
2026-05-25,2026-05-25 11:44:29,V013,91.0,1.0208420838246106
2026-05-25,2026-05-25 11:44:30,V013,91.0,1.0181798269239515
2026-05-25,2026-05-25 11:44:31,V013,91.0,1.0193344700564155
2026-05-25,2026-05-25 11:44:32,V013,90.0,1.0186215449330314
2026-05-25,2026-05-25 11:44:33,V013,90.0,0.9901247538672744
2026-05-25,2026-05-25 11:44:34,V013,90.0,1.0331013144149244
2026-05-25,2026-05-25 11:44:35,V013,90.0,0.9856176326689423
2026-05-25,2026-05-25 11:44:36,V013,90.0,1.0406324395741764
2026-05-25,2026-05-25 11:44:37,V013,89.0,1.0411470083332242
2026-05-25,2026-05-25 11:44:38,V013,89.0,1.0873565429751988
2026-05-25,2026-05-25 11:44:39,V013,88.0,1.039290235259978
2026-05-25,2026-05-25 11:44:40,V013,87.0,0.9878595365575944
2026-05-25,2026-05-25 11:44:41,V013,88.0,1.0353085252760177
2026-05-25,2026-05-25 11:44:42,V013,88.0,0.9868250918932001
2026-05-25,2026-05-25 11:44:43,V013,89.0,1.0603960777941888
2026-05-25,2026-05-25 11:44:44,V013,89.0,1.0782225499371016
2026-05-25,2026-05-25 11:44:45,V013,89.0,0.916824609897964
2026-05-25,2026-05-25 11:44:46,V013,89.0,1.018574890665151
2026-05-25,2026-05-25 11:44:47,V013,89.0,1.0202485803498693
2026-05-25,2026-05-25 11:44:48,V013,90.0,1.0202586640541882
2026-05-25,2026-05-25 11:44:49,V013,90.0,1.019956539090223
2026-05-25,2026-05-25 11:44:50,V013,90.0,1.0268499534889457
2026-05-25,2026-05-25 11:44:51,V013,90.0,1.0395940106257056
2026-05-25,2026-05-25 11:44:52,V013,90.0,1.0325577286407848
2026-05-25,2026-05-25 11:44:53,V013,90.0,1.1024978974526467
2026-05-25,2026-05-25 11:44:54,V013,90.0,1.019916661332272
2026-05-25,2026-05-25 11:44:55,V013,90.0,1.0203900057961628
2026-05-25,2026-05-25 11:44:56,V013,90.0,
2026-05-25,2026-05-25 11:44:57,V013,91.0,
2026-05-25,2026-05-25 11:44:58,V013,91.0,
