Date,Timestamp,SensorID,HeartRate,AccNorm
2026-05-25,2026-05-25 11:12:54,V040,,1.011949005557997
2026-05-25,2026-05-25 11:12:55,V040,,1.011644875487335
2026-05-25,2026-05-25 11:12:56,V040,,1.0120661503882598
2026-05-25,2026-05-25 11:12:57,V040,,1.0116825550137527
2026-05-25,2026-05-25 11:12:58,V040,84.0,1.0131593209064256
2026-05-25,2026-05-25 11:12:59,V040,84.0,1.0125362379944016
2026-05-25,2026-05-25 11:13:00,V040,84.0,1.0109859721092012
2026-05-25,2026-05-25 11:13:01,V040,84.0,1.0119750704477846
2026-05-25,2026-05-25 11:13:02,V040,84.0,1.0112690708964038
2026-05-25,2026-05-25 11:13:03,V040,84.0,1.0117222108231956
2026-05-25,2026-05-25 11:13:04,V040,84.0,1.0113154216950009
2026-05-25,2026-05-25 11:13:05,V040,83.0,1.0104888618124506
2026-05-25,2026-05-25 11:13:06,V040,83.0,1.0129298817361874
2026-05-25,2026-05-25 11:13:07,V040,83.0,1.0111785367040027
2026-05-25,2026-05-25 11:13:08,V040,83.0,1.011244107500284
2026-05-25,2026-05-25 11:13:09,V040,82.0,1.0119251402817158
2026-05-25,2026-05-25 11:13:10,V040,82.0,1.0124204223339202
2026-05-25,2026-05-25 11:13:11,V040,82.0,1.0112097334860348
2026-05-25,2026-05-25 11:13:12,V040,81.0,1.0115638997404346
2026-05-25,2026-05-25 11:13:13,V040,81.0,1.0111417710734374
2026-05-25,2026-05-25 11:13:14,V040,81.0,1.0108502554129999
2026-05-25,2026-05-25 11:13:15,V040,81.0,1.0116043588299126
2026-05-25,2026-05-25 11:13:16,V040,81.0,1.0097801069482006
2026-05-25,2026-05-25 11:13:17,V040,82.0,1.0085628067974308
2026-05-25,2026-05-25 11:13:18,V040,82.0,1.0113132945067353
2026-05-25,2026-05-25 11:13:19,V040,82.0,1.011875852649287
2026-05-25,2026-05-25 11:13:20,V040,82.0,1.0104968697419563
2026-05-25,2026-05-25 11:13:21,V040,82.0,1.0118504610997563
2026-05-25,2026-05-25 11:13:22,V040,81.0,1.0117622054080737
2026-05-25,2026-05-25 11:13:23,V040,81.0,1.0105044140171167
2026-05-25,2026-05-25 11:13:24,V040,81.0,1.011410286904552
2026-05-25,2026-05-25 11:13:25,V040,80.0,1.0112248857378854
2026-05-25,2026-05-25 11:13:26,V040,80.0,1.0112831144497731
2026-05-25,2026-05-25 11:13:27,V040,79.0,1.011980218037323
2026-05-25,2026-05-25 11:13:28,V040,79.0,1.0123968882396532
2026-05-25,2026-05-25 11:13:29,V040,80.0,1.0114953792927277
2026-05-25,2026-05-25 11:13:30,V040,81.0,1.0104416177008662
2026-05-25,2026-05-25 11:13:31,V040,81.0,1.0112753875329483
2026-05-25,2026-05-25 11:13:32,V040,81.0,1.0108868486894966
2026-05-25,2026-05-25 11:13:33,V040,81.0,1.0111217951650584
2026-05-25,2026-05-25 11:13:34,V040,81.0,1.011408724233943
2026-05-25,2026-05-25 11:13:35,V040,81.0,1.0115509661413145
2026-05-25,2026-05-25 11:13:36,V040,80.0,1.0117608074515119
2026-05-25,2026-05-25 11:13:37,V040,80.0,1.0115163907041556
2026-05-25,2026-05-25 11:13:38,V040,80.0,1.0108164290247323
2026-05-25,2026-05-25 11:13:39,V040,80.0,1.0110562688358566
2026-05-25,2026-05-25 11:13:40,V040,79.0,1.0119933607143088
2026-05-25,2026-05-25 11:13:41,V040,80.0,1.011388629544231
2026-05-25,2026-05-25 11:13:42,V040,80.0,1.0118288963268884
2026-05-25,2026-05-25 11:13:43,V040,80.0,1.0120328342323472
2026-05-25,2026-05-25 11:13:44,V040,80.0,1.011676358166224
2026-05-25,2026-05-25 11:13:45,V040,81.0,1.0120899634115244
2026-05-25,2026-05-25 11:13:46,V040,81.0,1.0115722672909477
2026-05-25,2026-05-25 11:13:47,V040,81.0,1.011519056297696
2026-05-25,2026-05-25 11:13:48,V040,81.0,1.0111755788812378
2026-05-25,2026-05-25 11:13:49,V040,82.0,1.0119314516200553
2026-05-25,2026-05-25 11:13:50,V040,82.0,1.011327214383453
2026-05-25,2026-05-25 11:13:51,V040,82.0,1.0113483135952228
2026-05-25,2026-05-25 11:13:52,V040,82.0,1.011942813501462
2026-05-25,2026-05-25 11:13:53,V040,82.0,1.0108560284067565
2026-05-25,2026-05-25 11:13:54,V040,81.0,1.0099418248241359
2026-05-25,2026-05-25 11:13:55,V040,81.0,1.0113461151602632
2026-05-25,2026-05-25 11:13:56,V040,81.0,1.011000711246757
2026-05-25,2026-05-25 11:13:57,V040,81.0,1.0105741314414574
2026-05-25,2026-05-25 11:13:58,V040,81.0,1.010532369299378
2026-05-25,2026-05-25 11:13:59,V040,80.0,1.0090507835141487
2026-05-25,2026-05-25 11:14:00,V040,78.0,1.0110875108393735
2026-05-25,2026-05-25 11:14:01,V040,78.0,1.0206285242437396
2026-05-25,2026-05-25 11:14:02,V040,77.0,1.0121598272777699
2026-05-25,2026-05-25 11:14:03,V040,77.0,1.0091347898687488
2026-05-25,2026-05-25 11:14:04,V040,76.0,1.0115918404677227
2026-05-25,2026-05-25 11:14:05,V040,76.0,1.0105553478968436
2026-05-25,2026-05-25 11:14:06,V040,75.0,1.0110445726861488
2026-05-25,2026-05-25 11:14:07,V040,75.0,1.0117600145633137
2026-05-25,2026-05-25 11:14:08,V040,74.0,0.993387322456202
2026-05-25,2026-05-25 11:14:09,V040,73.0,1.0176588648118359
2026-05-25,2026-05-25 11:14:10,V040,71.0,1.010945586699892
2026-05-25,2026-05-25 11:14:11,V040,70.0,1.0121670027100798
2026-05-25,2026-05-25 11:14:12,V040,69.0,1.0119244414060298
2026-05-25,2026-05-25 11:14:13,V040,69.0,1.0115706525708172
2026-05-25,2026-05-25 11:14:14,V040,69.0,1.0113865657586347
2026-05-25,2026-05-25 11:14:15,V040,69.0,1.0118469611493284
2026-05-25,2026-05-25 11:14:16,V040,68.0,1.0113659222994806
2026-05-25,2026-05-25 11:14:17,V040,68.0,0.9811593968595815
2026-05-25,2026-05-25 11:14:18,V040,68.0,1.007892170415926
2026-05-25,2026-05-25 11:14:19,V040,68.0,1.0210806992860075
2026-05-25,2026-05-25 11:14:20,V040,68.0,1.0074092059695205
2026-05-25,2026-05-25 11:14:21,V040,68.0,0.996819271375067
2026-05-25,2026-05-25 11:14:22,V040,67.0,1.0046897678393396
2026-05-25,2026-05-25 11:14:23,V040,68.0,0.9893205863794129
2026-05-25,2026-05-25 11:14:24,V040,69.0,1.0163678800836342
2026-05-25,2026-05-25 11:14:25,V040,68.0,1.010903948915746
2026-05-25,2026-05-25 11:14:26,V040,67.0,1.0105443354705856
2026-05-25,2026-05-25 11:14:27,V040,68.0,1.011369189026433
2026-05-25,2026-05-25 11:14:28,V040,68.0,1.0104642377660875
2026-05-25,2026-05-25 11:14:29,V040,68.0,1.01151399715866
2026-05-25,2026-05-25 11:14:30,V040,69.0,1.010606766008169
2026-05-25,2026-05-25 11:14:31,V040,69.0,1.0112879174187084
2026-05-25,2026-05-25 11:14:32,V040,69.0,1.0113448652105204
2026-05-25,2026-05-25 11:14:33,V040,69.0,1.0117794205248631
2026-05-25,2026-05-25 11:14:34,V040,69.0,1.0104284802625514
2026-05-25,2026-05-25 11:14:35,V040,69.0,1.01150811874253
2026-05-25,2026-05-25 11:14:36,V040,69.0,1.0129281666864516
2026-05-25,2026-05-25 11:14:37,V040,70.0,1.0110769625628704
2026-05-25,2026-05-25 11:14:38,V040,70.0,1.010302751011606
2026-05-25,2026-05-25 11:14:39,V040,70.0,1.0064120745217844
2026-05-25,2026-05-25 11:14:40,V040,69.0,1.012968001913137
2026-05-25,2026-05-25 11:14:41,V040,69.0,1.0130419002762676
2026-05-25,2026-05-25 11:14:42,V040,69.0,1.0110487494574725
2026-05-25,2026-05-25 11:14:43,V040,69.0,1.0107487072315848
2026-05-25,2026-05-25 11:14:44,V040,69.0,1.0119562784685698
2026-05-25,2026-05-25 11:14:45,V040,69.0,1.011297008406945
2026-05-25,2026-05-25 11:14:46,V040,68.0,1.0100491628422286
2026-05-25,2026-05-25 11:14:47,V040,68.0,1.01174365912863
2026-05-25,2026-05-25 11:14:48,V040,68.0,1.0118352963472996
2026-05-25,2026-05-25 11:14:49,V040,68.0,1.0112003662405327
2026-05-25,2026-05-25 11:14:50,V040,67.0,1.003259501160425
2026-05-25,2026-05-25 11:14:51,V040,68.0,1.0088139938806295
2026-05-25,2026-05-25 11:14:52,V040,68.0,1.0126072759693245
2026-05-25,2026-05-25 11:14:53,V040,68.0,1.0114277951967208
2026-05-25,2026-05-25 11:14:54,V040,68.0,1.010420650879906
2026-05-25,2026-05-25 11:14:55,V040,68.0,1.011965814883824
2026-05-25,2026-05-25 11:14:56,V040,68.0,1.011471422137398
2026-05-25,2026-05-25 11:14:57,V040,67.0,1.0111273303653041
2026-05-25,2026-05-25 11:14:58,V040,67.0,1.0114521347839134
2026-05-25,2026-05-25 11:14:59,V040,67.0,1.0108999609761038
2026-05-25,2026-05-25 11:15:00,V040,67.0,1.0057042618188696
2026-05-25,2026-05-25 11:15:01,V040,67.0,1.0074623636854252
2026-05-25,2026-05-25 11:15:02,V040,67.0,1.020869149340462
2026-05-25,2026-05-25 11:15:03,V040,66.0,1.012822847268746
2026-05-25,2026-05-25 11:15:04,V040,66.0,1.0110643287276888
2026-05-25,2026-05-25 11:15:05,V040,66.0,1.01417276898684
2026-05-25,2026-05-25 11:15:06,V040,66.0,1.0096804231176424
2026-05-25,2026-05-25 11:15:07,V040,66.0,1.0131438898020113
2026-05-25,2026-05-25 11:15:08,V040,66.0,1.0128425394767278
2026-05-25,2026-05-25 11:15:09,V040,66.0,1.0112607150229447
2026-05-25,2026-05-25 11:15:10,V040,65.0,1.010988987385733
2026-05-25,2026-05-25 11:15:11,V040,65.0,1.0109926051039702
2026-05-25,2026-05-25 11:15:12,V040,65.0,1.012394918127845
2026-05-25,2026-05-25 11:15:13,V040,65.0,1.0113727647617445
2026-05-25,2026-05-25 11:15:14,V040,65.0,1.0124715841443181
2026-05-25,2026-05-25 11:15:15,V040,65.0,1.0158497840845195
2026-05-25,2026-05-25 11:15:16,V040,64.0,1.0115817784866503
2026-05-25,2026-05-25 11:15:17,V040,64.0,1.0120207088190627
2026-05-25,2026-05-25 11:15:18,V040,64.0,1.0118121336168873
2026-05-25,2026-05-25 11:15:19,V040,64.0,1.012203913887121
2026-05-25,2026-05-25 11:15:20,V040,65.0,1.0118673991470903
2026-05-25,2026-05-25 11:15:21,V040,66.0,1.0093689052642942
2026-05-25,2026-05-25 11:15:22,V040,66.0,1.0561282684544027
2026-05-25,2026-05-25 11:15:23,V040,66.0,1.010315933975514
2026-05-25,2026-05-25 11:15:24,V040,66.0,1.1291214745698135
2026-05-25,2026-05-25 11:15:25,V040,66.0,0.9884997099587686
2026-05-25,2026-05-25 11:15:26,V040,66.0,1.0218905312607025
2026-05-25,2026-05-25 11:15:27,V040,66.0,1.016471080395416
2026-05-25,2026-05-25 11:15:28,V040,66.0,1.0125041283197027
2026-05-25,2026-05-25 11:15:29,V040,66.0,1.0030820620323924
2026-05-25,2026-05-25 11:15:30,V040,66.0,1.00065965972935
2026-05-25,2026-05-25 11:15:31,V040,66.0,0.9948446867595399
2026-05-25,2026-05-25 11:15:32,V040,65.0,1.1111264673271108
2026-05-25,2026-05-25 11:15:33,V040,65.0,1.022463258955474
2026-05-25,2026-05-25 11:15:34,V040,65.0,1.0440058254647793
2026-05-25,2026-05-25 11:15:35,V040,65.0,1.0048159666609588
2026-05-25,2026-05-25 11:15:36,V040,65.0,1.0383531285021916
2026-05-25,2026-05-25 11:15:37,V040,65.0,1.035179448786373
2026-05-25,2026-05-25 11:15:38,V040,65.0,1.050697415420293
2026-05-25,2026-05-25 11:15:39,V040,66.0,1.0416227592974612
2026-05-25,2026-05-25 11:15:40,V040,66.0,1.050536118229523
2026-05-25,2026-05-25 11:15:41,V040,66.0,1.0145805359668185
2026-05-25,2026-05-25 11:15:42,V040,66.0,0.9859906152806173
2026-05-25,2026-05-25 11:15:43,V040,67.0,1.0453135382320529
2026-05-25,2026-05-25 11:15:44,V040,67.0,1.1221172159157418
2026-05-25,2026-05-25 11:15:45,V040,69.0,1.1155991830064116
2026-05-25,2026-05-25 11:15:46,V040,70.0,1.110845081598204
2026-05-25,2026-05-25 11:15:47,V040,72.0,1.0127086579159121
2026-05-25,2026-05-25 11:15:48,V040,73.0,1.012332739560026
2026-05-25,2026-05-25 11:15:49,V040,75.0,1.0117476362633937
2026-05-25,2026-05-25 11:15:50,V040,76.0,1.0125164949086238
2026-05-25,2026-05-25 11:15:51,V040,77.0,1.0124137970719571
2026-05-25,2026-05-25 11:15:52,V040,78.0,1.01222967227925
2026-05-25,2026-05-25 11:15:53,V040,78.0,1.0119465701310262
2026-05-25,2026-05-25 11:15:54,V040,79.0,1.0117938608052515
2026-05-25,2026-05-25 11:15:55,V040,80.0,1.011886315741044
2026-05-25,2026-05-25 11:15:56,V040,80.0,1.0115358990902892
2026-05-25,2026-05-25 11:15:57,V040,80.0,1.0114442144709093
2026-05-25,2026-05-25 11:15:58,V040,81.0,1.0115023860386858
2026-05-25,2026-05-25 11:15:59,V040,81.0,1.0112837858928199
2026-05-25,2026-05-25 11:16:00,V040,81.0,1.0116710234291983
2026-05-25,2026-05-25 11:16:01,V040,81.0,1.011620314883517
2026-05-25,2026-05-25 11:16:02,V040,81.0,1.0114228450587845
2026-05-25,2026-05-25 11:16:03,V040,81.0,1.0446715556407833
2026-05-25,2026-05-25 11:16:04,V040,81.0,1.0711683086465047
2026-05-25,2026-05-25 11:16:05,V040,81.0,1.0753200767424447
2026-05-25,2026-05-25 11:16:06,V040,81.0,0.9711311142557963
2026-05-25,2026-05-25 11:16:07,V040,81.0,0.966814050681284
2026-05-25,2026-05-25 11:16:08,V040,81.0,0.9922834603890512
2026-05-25,2026-05-25 11:16:09,V040,81.0,1.0955434307282181
2026-05-25,2026-05-25 11:16:10,V040,81.0,1.0654596929710645
2026-05-25,2026-05-25 11:16:11,V040,81.0,1.0275802338551918
2026-05-25,2026-05-25 11:16:12,V040,81.0,1.0719352480241757
2026-05-25,2026-05-25 11:16:13,V040,81.0,0.9956204316460989
2026-05-25,2026-05-25 11:16:14,V040,81.0,0.9693461088745919
2026-05-25,2026-05-25 11:16:15,V040,81.0,1.017431094653523
2026-05-25,2026-05-25 11:16:16,V040,81.0,1.078037906996277
2026-05-25,2026-05-25 11:16:17,V040,82.0,1.0495469371670056
2026-05-25,2026-05-25 11:16:18,V040,82.0,1.0314308909264736
2026-05-25,2026-05-25 11:16:19,V040,84.0,1.030435136086061
2026-05-25,2026-05-25 11:16:20,V040,85.0,1.0217691665764739
2026-05-25,2026-05-25 11:16:21,V040,86.0,1.0423483969690552
2026-05-25,2026-05-25 11:16:22,V040,87.0,1.0629767025151442
2026-05-25,2026-05-25 11:16:23,V040,88.0,1.119667620744784
2026-05-25,2026-05-25 11:16:24,V040,89.0,1.1683606896610004
2026-05-25,2026-05-25 11:16:25,V040,90.0,1.168625801667133
2026-05-25,2026-05-25 11:16:26,V040,90.0,1.0629427061774235
2026-05-25,2026-05-25 11:16:27,V040,90.0,1.301619165574249
2026-05-25,2026-05-25 11:16:28,V040,90.0,1.1855133294951257
2026-05-25,2026-05-25 11:16:29,V040,90.0,1.2930601183502273
2026-05-25,2026-05-25 11:16:30,V040,90.0,1.247679750976374
2026-05-25,2026-05-25 11:16:31,V040,89.0,1.064692887262922
2026-05-25,2026-05-25 11:16:32,V040,89.0,1.079997802995347
2026-05-25,2026-05-25 11:16:33,V040,88.0,1.032747799801407
2026-05-25,2026-05-25 11:16:34,V040,88.0,1.11773787527789
2026-05-25,2026-05-25 11:16:35,V040,87.0,1.1038648083547091
2026-05-25,2026-05-25 11:16:36,V040,86.0,1.0076789325425357
2026-05-25,2026-05-25 11:16:37,V040,85.0,1.0172332048847108
2026-05-25,2026-05-25 11:16:38,V040,85.0,1.0086298656564592
2026-05-25,2026-05-25 11:16:39,V040,84.0,1.0454172234622285
2026-05-25,2026-05-25 11:16:40,V040,84.0,0.9882656625587077
2026-05-25,2026-05-25 11:16:41,V040,84.0,0.9848676247247705
2026-05-25,2026-05-25 11:16:42,V040,84.0,1.0519622023522852
2026-05-25,2026-05-25 11:16:43,V040,85.0,0.9827134251834857
2026-05-25,2026-05-25 11:16:44,V040,85.0,1.0015647735385893
2026-05-25,2026-05-25 11:16:45,V040,85.0,0.9669265864913564
2026-05-25,2026-05-25 11:16:46,V040,86.0,1.0435407156575514
2026-05-25,2026-05-25 11:16:47,V040,85.0,0.9994975343997632
2026-05-25,2026-05-25 11:16:48,V040,85.0,1.0015971738738505
2026-05-25,2026-05-25 11:16:49,V040,84.0,1.0020881305962202
2026-05-25,2026-05-25 11:16:50,V040,84.0,0.999822869869151
2026-05-25,2026-05-25 11:16:51,V040,83.0,1.0537184435032723
2026-05-25,2026-05-25 11:16:52,V040,83.0,0.9769634902704035
2026-05-25,2026-05-25 11:16:53,V040,82.0,1.0365669261220578
2026-05-25,2026-05-25 11:16:54,V040,82.0,0.9887303436072451
2026-05-25,2026-05-25 11:16:55,V040,81.0,0.9893722403888342
2026-05-25,2026-05-25 11:16:56,V040,81.0,0.9864912562905507
2026-05-25,2026-05-25 11:16:57,V040,80.0,1.0153735838925635
2026-05-25,2026-05-25 11:16:58,V040,79.0,0.9802005993236447
2026-05-25,2026-05-25 11:16:59,V040,78.0,1.0470755325760357
2026-05-25,2026-05-25 11:17:00,V040,76.0,0.9562034096474645
2026-05-25,2026-05-25 11:17:01,V040,76.0,1.0559793150472334
2026-05-25,2026-05-25 11:17:02,V040,76.0,1.0088032670080016
2026-05-25,2026-05-25 11:17:03,V040,75.0,0.9966137361778016
2026-05-25,2026-05-25 11:17:04,V040,74.0,0.9877056046098659
2026-05-25,2026-05-25 11:17:05,V040,74.0,0.9870422920385401
2026-05-25,2026-05-25 11:17:06,V040,73.0,0.9869558213484082
2026-05-25,2026-05-25 11:17:07,V040,73.0,0.9874445394619485
2026-05-25,2026-05-25 11:17:08,V040,72.0,0.987790731870152
2026-05-25,2026-05-25 11:17:09,V040,72.0,0.9872007260698062
2026-05-25,2026-05-25 11:17:10,V040,71.0,0.9883982022135661
2026-05-25,2026-05-25 11:17:11,V040,71.0,0.9868855432705848
2026-05-25,2026-05-25 11:17:12,V040,71.0,0.9877420778002797
2026-05-25,2026-05-25 11:17:13,V040,71.0,0.9879380698473926
2026-05-25,2026-05-25 11:17:14,V040,70.0,0.987442234699644
2026-05-25,2026-05-25 11:17:15,V040,70.0,0.9878837289411379
2026-05-25,2026-05-25 11:17:16,V040,70.0,0.9883710418126738
2026-05-25,2026-05-25 11:17:17,V040,70.0,0.9968105650630682
2026-05-25,2026-05-25 11:17:18,V040,70.0,1.0048614477770346
2026-05-25,2026-05-25 11:17:19,V040,69.0,0.9870031169037877
2026-05-25,2026-05-25 11:17:20,V040,68.0,0.988154474861775
2026-05-25,2026-05-25 11:17:21,V040,67.0,0.9880711187402496
2026-05-25,2026-05-25 11:17:22,V040,67.0,0.987426809956861
2026-05-25,2026-05-25 11:17:23,V040,67.0,0.987279724286977
2026-05-25,2026-05-25 11:17:24,V040,67.0,0.9879980445293143
2026-05-25,2026-05-25 11:17:25,V040,67.0,0.9872965787471714
2026-05-25,2026-05-25 11:17:26,V040,68.0,0.987269145583663
2026-05-25,2026-05-25 11:17:27,V040,69.0,0.9884551295116253
2026-05-25,2026-05-25 11:17:28,V040,69.0,0.9881640207273306
2026-05-25,2026-05-25 11:17:29,V040,69.0,0.9875662824023186
2026-05-25,2026-05-25 11:17:30,V040,69.0,0.9890485284057055
2026-05-25,2026-05-25 11:17:31,V040,68.0,0.9788473234196972
2026-05-25,2026-05-25 11:17:32,V040,68.0,0.9882598014543842
2026-05-25,2026-05-25 11:17:33,V040,66.0,0.9861517488696705
2026-05-25,2026-05-25 11:17:34,V040,65.0,0.9855960897540531
2026-05-25,2026-05-25 11:17:35,V040,63.0,1.0205899178346844
2026-05-25,2026-05-25 11:17:36,V040,62.0,0.9880308040958782
2026-05-25,2026-05-25 11:17:37,V040,60.0,0.9963160524479819
2026-05-25,2026-05-25 11:17:38,V040,59.0,0.9893051351513645
2026-05-25,2026-05-25 11:17:39,V040,57.0,0.9857871256265592
2026-05-25,2026-05-25 11:17:40,V040,56.0,0.9889430585159441
2026-05-25,2026-05-25 11:17:41,V040,55.0,0.9904042989196081
2026-05-25,2026-05-25 11:17:42,V040,54.0,0.9933191826144732
2026-05-25,2026-05-25 11:17:43,V040,53.0,0.9855090805695582
2026-05-25,2026-05-25 11:17:44,V040,53.0,0.9830037730489601
2026-05-25,2026-05-25 11:17:45,V040,54.0,0.983518905473811
2026-05-25,2026-05-25 11:17:46,V040,55.0,0.9834655050916423
2026-05-25,2026-05-25 11:17:47,V040,55.0,0.983272719573881
2026-05-25,2026-05-25 11:17:48,V040,56.0,0.9833668157952021
2026-05-25,2026-05-25 11:17:49,V040,57.0,0.9834184792155597
2026-05-25,2026-05-25 11:17:50,V040,58.0,0.9826485361485006
2026-05-25,2026-05-25 11:17:51,V040,59.0,0.9856522888815652
2026-05-25,2026-05-25 11:17:52,V040,60.0,0.9876599035992033
2026-05-25,2026-05-25 11:17:53,V040,62.0,1.0165980212997343
2026-05-25,2026-05-25 11:17:54,V040,63.0,1.0009112342090054
2026-05-25,2026-05-25 11:17:55,V040,64.0,1.0143563239232303
2026-05-25,2026-05-25 11:17:56,V040,65.0,0.9710564823665537
2026-05-25,2026-05-25 11:17:57,V040,66.0,1.0042649576548996
2026-05-25,2026-05-25 11:17:58,V040,67.0,0.9981718219870159
2026-05-25,2026-05-25 11:17:59,V040,66.0,0.9862814623530937
2026-05-25,2026-05-25 11:18:00,V040,66.0,0.9892179588126392
2026-05-25,2026-05-25 11:18:01,V040,65.0,0.9887581481883068
2026-05-25,2026-05-25 11:18:02,V040,64.0,0.9887787406526577
2026-05-25,2026-05-25 11:18:03,V040,63.0,0.9888971269816496
2026-05-25,2026-05-25 11:18:04,V040,62.0,0.9885922666692543
2026-05-25,2026-05-25 11:18:05,V040,62.0,0.9895672680065819
2026-05-25,2026-05-25 11:18:06,V040,62.0,0.9973411872961037
2026-05-25,2026-05-25 11:18:07,V040,62.0,1.0197319838548693
2026-05-25,2026-05-25 11:18:08,V040,62.0,0.9938764140227582
2026-05-25,2026-05-25 11:18:09,V040,62.0,1.014209650595141
2026-05-25,2026-05-25 11:18:10,V040,62.0,0.9970260053458618
2026-05-25,2026-05-25 11:18:11,V040,62.0,1.0021596958323526
2026-05-25,2026-05-25 11:18:12,V040,62.0,0.987962590332738
2026-05-25,2026-05-25 11:18:13,V040,62.0,0.9871799595342465
2026-05-25,2026-05-25 11:18:14,V040,62.0,0.9874166771583665
2026-05-25,2026-05-25 11:18:15,V040,62.0,0.9875320371135636
2026-05-25,2026-05-25 11:18:16,V040,62.0,0.9882713506294778
2026-05-25,2026-05-25 11:18:17,V040,62.0,0.9862389032239894
2026-05-25,2026-05-25 11:18:18,V040,63.0,0.9879995383050378
2026-05-25,2026-05-25 11:18:19,V040,63.0,0.9876452380207972
2026-05-25,2026-05-25 11:18:20,V040,64.0,0.9877845632515997
2026-05-25,2026-05-25 11:18:21,V040,64.0,0.9869940648826863
2026-05-25,2026-05-25 11:18:22,V040,65.0,0.9872368798713
2026-05-25,2026-05-25 11:18:23,V040,67.0,0.9887160339164921
2026-05-25,2026-05-25 11:18:24,V040,68.0,0.9877176528834157
2026-05-25,2026-05-25 11:18:25,V040,68.0,0.9815373972702871
2026-05-25,2026-05-25 11:18:26,V040,68.0,0.9761929851042166
2026-05-25,2026-05-25 11:18:27,V040,67.0,1.0048259368473735
2026-05-25,2026-05-25 11:18:28,V040,66.0,0.9740221643241063
2026-05-25,2026-05-25 11:18:29,V040,66.0,0.9955134029719401
2026-05-25,2026-05-25 11:18:30,V040,65.0,0.9855915727716289
2026-05-25,2026-05-25 11:18:31,V040,65.0,0.9859458920903689
2026-05-25,2026-05-25 11:18:32,V040,65.0,0.9853115850042857
2026-05-25,2026-05-25 11:18:33,V040,65.0,0.9859008626972453
2026-05-25,2026-05-25 11:18:34,V040,65.0,0.9853082650937762
2026-05-25,2026-05-25 11:18:35,V040,66.0,0.9860650110697354
2026-05-25,2026-05-25 11:18:36,V040,66.0,0.985279756384893
2026-05-25,2026-05-25 11:18:37,V040,68.0,0.985228967521134
2026-05-25,2026-05-25 11:18:38,V040,69.0,0.9858078949995113
2026-05-25,2026-05-25 11:18:39,V040,70.0,0.9856015938561518
2026-05-25,2026-05-25 11:18:40,V040,71.0,0.9854747413258513
2026-05-25,2026-05-25 11:18:41,V040,72.0,0.9856367890809088
2026-05-25,2026-05-25 11:18:42,V040,73.0,0.9856883435325081
2026-05-25,2026-05-25 11:18:43,V040,74.0,0.986300037834242
2026-05-25,2026-05-25 11:18:44,V040,74.0,0.9861355929966671
2026-05-25,2026-05-25 11:18:45,V040,74.0,0.9857230201355202
2026-05-25,2026-05-25 11:18:46,V040,74.0,0.9858627072738305
2026-05-25,2026-05-25 11:18:47,V040,74.0,0.9860940752499998
2026-05-25,2026-05-25 11:18:48,V040,73.0,0.9857546504525078
2026-05-25,2026-05-25 11:18:49,V040,72.0,0.9853335691490875
2026-05-25,2026-05-25 11:18:50,V040,71.0,0.9804809625621842
2026-05-25,2026-05-25 11:18:51,V040,69.0,1.0109340085150522
2026-05-25,2026-05-25 11:18:52,V040,68.0,0.9863767515703383
2026-05-25,2026-05-25 11:18:53,V040,68.0,0.9997873358467264
2026-05-25,2026-05-25 11:18:54,V040,67.0,1.0578386534966828
2026-05-25,2026-05-25 11:18:55,V040,67.0,0.9920867011569995
2026-05-25,2026-05-25 11:18:56,V040,66.0,0.9920214253084249
2026-05-25,2026-05-25 11:18:57,V040,66.0,0.9926404953344552
2026-05-25,2026-05-25 11:18:58,V040,66.0,0.9927067160116051
2026-05-25,2026-05-25 11:18:59,V040,65.0,0.9928420787846561
2026-05-25,2026-05-25 11:19:00,V040,65.0,0.9926591512488523
2026-05-25,2026-05-25 11:19:01,V040,65.0,0.9927136408998234
2026-05-25,2026-05-25 11:19:02,V040,65.0,0.9925256441680106
2026-05-25,2026-05-25 11:19:03,V040,65.0,0.9918387652883206
2026-05-25,2026-05-25 11:19:04,V040,65.0,0.9923076253412738
2026-05-25,2026-05-25 11:19:05,V040,65.0,0.9931573463673923
2026-05-25,2026-05-25 11:19:06,V040,65.0,0.9924735031343878
2026-05-25,2026-05-25 11:19:07,V040,65.0,0.9926065252913224
2026-05-25,2026-05-25 11:19:08,V040,66.0,0.9928600048035614
2026-05-25,2026-05-25 11:19:09,V040,66.0,0.9926967971835485
2026-05-25,2026-05-25 11:19:10,V040,66.0,0.992357068289961
2026-05-25,2026-05-25 11:19:11,V040,67.0,0.9929798398029256
2026-05-25,2026-05-25 11:19:12,V040,67.0,0.9929157859706663
2026-05-25,2026-05-25 11:19:13,V040,67.0,0.9930909466535383
2026-05-25,2026-05-25 11:19:14,V040,67.0,0.9924367173233756
2026-05-25,2026-05-25 11:19:15,V040,66.0,0.9931346583408799
2026-05-25,2026-05-25 11:19:16,V040,66.0,0.9934687903315117
2026-05-25,2026-05-25 11:19:17,V040,65.0,0.9926871978619806
2026-05-25,2026-05-25 11:19:18,V040,64.0,0.9926888325873177
2026-05-25,2026-05-25 11:19:19,V040,63.0,0.9934368405400517
2026-05-25,2026-05-25 11:19:20,V040,62.0,0.9913820623953205
2026-05-25,2026-05-25 11:19:21,V040,61.0,0.9933692620145887
2026-05-25,2026-05-25 11:19:22,V040,60.0,0.9987326660627145
2026-05-25,2026-05-25 11:19:23,V040,59.0,0.991460447106405
2026-05-25,2026-05-25 11:19:24,V040,59.0,0.9928391922185605
2026-05-25,2026-05-25 11:19:25,V040,59.0,0.9926353804248195
2026-05-25,2026-05-25 11:19:26,V040,59.0,0.9920969347387827
2026-05-25,2026-05-25 11:19:27,V040,60.0,0.9925590359554661
2026-05-25,2026-05-25 11:19:28,V040,60.0,0.9927392196769008
2026-05-25,2026-05-25 11:19:29,V040,62.0,0.9926471382630169
2026-05-25,2026-05-25 11:19:30,V040,63.0,0.9928748656502
2026-05-25,2026-05-25 11:19:31,V040,63.0,0.9926515352027753
2026-05-25,2026-05-25 11:19:32,V040,64.0,0.9929432552380434
2026-05-25,2026-05-25 11:19:33,V040,64.0,0.9930997438903145
2026-05-25,2026-05-25 11:19:34,V040,63.0,0.9941301445925945
2026-05-25,2026-05-25 11:19:35,V040,63.0,0.9933200673755724
2026-05-25,2026-05-25 11:19:36,V040,63.0,0.9932396650177331
2026-05-25,2026-05-25 11:19:37,V040,63.0,1.0016559580922306
2026-05-25,2026-05-25 11:19:38,V040,62.0,0.9922303529280518
2026-05-25,2026-05-25 11:19:39,V040,62.0,0.9932225016575228
2026-05-25,2026-05-25 11:19:40,V040,61.0,0.9934000498168107
2026-05-25,2026-05-25 11:19:41,V040,60.0,0.9933892695228829
2026-05-25,2026-05-25 11:19:42,V040,60.0,0.9933099708802585
2026-05-25,2026-05-25 11:19:43,V040,60.0,0.9928083790375626
2026-05-25,2026-05-25 11:19:44,V040,60.0,0.9929699736939076
2026-05-25,2026-05-25 11:19:45,V040,60.0,0.9928404839421008
2026-05-25,2026-05-25 11:19:46,V040,60.0,0.9929141033283445
2026-05-25,2026-05-25 11:19:47,V040,61.0,0.9934265862867221
2026-05-25,2026-05-25 11:19:48,V040,61.0,0.9928629110570225
2026-05-25,2026-05-25 11:19:49,V040,61.0,0.9928044956946982
2026-05-25,2026-05-25 11:19:50,V040,61.0,0.9928903808389675
2026-05-25,2026-05-25 11:19:51,V040,61.0,0.9925538037579701
2026-05-25,2026-05-25 11:19:52,V040,60.0,0.993333833396237
2026-05-25,2026-05-25 11:19:53,V040,59.0,0.9930539315877246
2026-05-25,2026-05-25 11:19:54,V040,59.0,0.9929798074675832
2026-05-25,2026-05-25 11:19:55,V040,58.0,0.993236852500086
2026-05-25,2026-05-25 11:19:56,V040,57.0,0.992656076364951
2026-05-25,2026-05-25 11:19:57,V040,57.0,0.9927956547646188
2026-05-25,2026-05-25 11:19:58,V040,57.0,0.9935133700667633
2026-05-25,2026-05-25 11:19:59,V040,57.0,0.9931566955443454
2026-05-25,2026-05-25 11:20:00,V040,58.0,0.9925021024701912
2026-05-25,2026-05-25 11:20:01,V040,58.0,0.9927815862824653
2026-05-25,2026-05-25 11:20:02,V040,58.0,0.9931027967204185
2026-05-25,2026-05-25 11:20:03,V040,58.0,0.9922737650672149
2026-05-25,2026-05-25 11:20:04,V040,58.0,0.992409671372051
2026-05-25,2026-05-25 11:20:05,V040,57.0,0.9931982587233548
2026-05-25,2026-05-25 11:20:06,V040,57.0,0.9933201825536231
2026-05-25,2026-05-25 11:20:07,V040,57.0,0.9931776351237235
2026-05-25,2026-05-25 11:20:08,V040,57.0,0.9933906067973934
2026-05-25,2026-05-25 11:20:09,V040,56.0,0.9938075065219945
2026-05-25,2026-05-25 11:20:10,V040,56.0,0.9929355502072775
2026-05-25,2026-05-25 11:20:11,V040,55.0,0.993420855151543
2026-05-25,2026-05-25 11:20:12,V040,55.0,0.9932528668837454
2026-05-25,2026-05-25 11:20:13,V040,55.0,0.9931959997041196
2026-05-25,2026-05-25 11:20:14,V040,55.0,0.9940727575481361
2026-05-25,2026-05-25 11:20:15,V040,55.0,0.9933980626722372
2026-05-25,2026-05-25 11:20:16,V040,55.0,0.9919470490292416
2026-05-25,2026-05-25 11:20:17,V040,55.0,0.9936083630585708
2026-05-25,2026-05-25 11:20:18,V040,55.0,0.9974130817511078
2026-05-25,2026-05-25 11:20:19,V040,56.0,0.9919952817965044
2026-05-25,2026-05-25 11:20:20,V040,56.0,0.9940830953971748
2026-05-25,2026-05-25 11:20:21,V040,56.0,0.9946644308826973
2026-05-25,2026-05-25 11:20:22,V040,56.0,0.9935530086148432
2026-05-25,2026-05-25 11:20:23,V040,55.0,0.9931913583388007
2026-05-25,2026-05-25 11:20:24,V040,55.0,0.9935162483816837
2026-05-25,2026-05-25 11:20:25,V040,55.0,0.9926631985880702
2026-05-25,2026-05-25 11:20:26,V040,55.0,0.9926196920885603
2026-05-25,2026-05-25 11:20:27,V040,56.0,0.9927462781676537
2026-05-25,2026-05-25 11:20:28,V040,56.0,0.9935885875654565
2026-05-25,2026-05-25 11:20:29,V040,57.0,0.9932661241572284
2026-05-25,2026-05-25 11:20:30,V040,58.0,0.9936367988544114
2026-05-25,2026-05-25 11:20:31,V040,59.0,0.9933268451601998
2026-05-25,2026-05-25 11:20:32,V040,60.0,0.9941340411450325
2026-05-25,2026-05-25 11:20:33,V040,61.0,0.9937257721363522
2026-05-25,2026-05-25 11:20:34,V040,61.0,0.9932492624589947
2026-05-25,2026-05-25 11:20:35,V040,60.0,0.9935654201879203
2026-05-25,2026-05-25 11:20:36,V040,59.0,0.9936431431348117
2026-05-25,2026-05-25 11:20:37,V040,60.0,0.9934942082466782
2026-05-25,2026-05-25 11:20:38,V040,60.0,0.9935599180150028
2026-05-25,2026-05-25 11:20:39,V040,61.0,0.9940040811606415
2026-05-25,2026-05-25 11:20:40,V040,62.0,0.9936155814499187
2026-05-25,2026-05-25 11:20:41,V040,64.0,0.9933907262774817
2026-05-25,2026-05-25 11:20:42,V040,64.0,0.9940075325250396
2026-05-25,2026-05-25 11:20:43,V040,65.0,0.9936398300593758
2026-05-25,2026-05-25 11:20:44,V040,66.0,0.9936623539614601
2026-05-25,2026-05-25 11:20:45,V040,66.0,0.993611689182741
2026-05-25,2026-05-25 11:20:46,V040,66.0,0.9941841209735431
2026-05-25,2026-05-25 11:20:47,V040,65.0,0.9935219688277988
2026-05-25,2026-05-25 11:20:48,V040,65.0,0.9936117393021363
2026-05-25,2026-05-25 11:20:49,V040,63.0,0.9937738397882738
2026-05-25,2026-05-25 11:20:50,V040,62.0,0.9941444160796796
2026-05-25,2026-05-25 11:20:51,V040,61.0,0.9938191139405158
2026-05-25,2026-05-25 11:20:52,V040,59.0,0.9941044032456509
2026-05-25,2026-05-25 11:20:53,V040,58.0,0.993740406561424
2026-05-25,2026-05-25 11:20:54,V040,58.0,0.9944717417860665
2026-05-25,2026-05-25 11:20:55,V040,57.0,0.9935408807762998
2026-05-25,2026-05-25 11:20:56,V040,57.0,0.9939777650779821
2026-05-25,2026-05-25 11:20:57,V040,57.0,0.9935854701569333
2026-05-25,2026-05-25 11:20:58,V040,56.0,0.9932100238687644
2026-05-25,2026-05-25 11:20:59,V040,55.0,0.9936957632768604
2026-05-25,2026-05-25 11:21:00,V040,55.0,0.9937731322034686
2026-05-25,2026-05-25 11:21:01,V040,54.0,0.993592794027929
2026-05-25,2026-05-25 11:21:02,V040,53.0,0.9941782775063677
2026-05-25,2026-05-25 11:21:03,V040,53.0,0.9991691096236444
2026-05-25,2026-05-25 11:21:04,V040,54.0,1.128548729204233
2026-05-25,2026-05-25 11:21:05,V040,54.0,1.0218088567360597
2026-05-25,2026-05-25 11:21:06,V040,55.0,1.040178404430658
2026-05-25,2026-05-25 11:21:07,V040,55.0,1.022866702716922
2026-05-25,2026-05-25 11:21:08,V040,55.0,1.002069183397778
2026-05-25,2026-05-25 11:21:09,V040,55.0,0.9930837106793867
2026-05-25,2026-05-25 11:21:10,V040,54.0,0.9931418220070815
2026-05-25,2026-05-25 11:21:11,V040,53.0,1.0055925956630827
2026-05-25,2026-05-25 11:21:12,V040,54.0,0.9792142744719482
2026-05-25,2026-05-25 11:21:13,V040,54.0,0.9970598547427497
2026-05-25,2026-05-25 11:21:14,V040,54.0,0.9911831529244494
2026-05-25,2026-05-25 11:21:15,V040,55.0,0.988216390461875
2026-05-25,2026-05-25 11:21:16,V040,57.0,0.9791173645787703
2026-05-25,2026-05-25 11:21:17,V040,58.0,1.0076694353321256
2026-05-25,2026-05-25 11:21:18,V040,59.0,0.9797421647250734
2026-05-25,2026-05-25 11:21:19,V040,60.0,0.9874438875704835
2026-05-25,2026-05-25 11:21:20,V040,60.0,0.9907149371426207
2026-05-25,2026-05-25 11:21:21,V040,61.0,0.990364436812127
2026-05-25,2026-05-25 11:21:22,V040,61.0,0.9887360319691122
2026-05-25,2026-05-25 11:21:23,V040,62.0,0.9898135516434523
2026-05-25,2026-05-25 11:21:24,V040,62.0,0.9902752265128799
2026-05-25,2026-05-25 11:21:25,V040,63.0,0.9914803785513882
2026-05-25,2026-05-25 11:21:26,V040,64.0,0.992249124526955
2026-05-25,2026-05-25 11:21:27,V040,64.0,1.0018522311182527
2026-05-25,2026-05-25 11:21:28,V040,64.0,1.0073865783653773
2026-05-25,2026-05-25 11:21:29,V040,65.0,0.9389048676184268
2026-05-25,2026-05-25 11:21:30,V040,66.0,1.1829639137238606
2026-05-25,2026-05-25 11:21:31,V040,66.0,0.990338184234315
2026-05-25,2026-05-25 11:21:32,V040,66.0,1.0242530578943758
2026-05-25,2026-05-25 11:21:33,V040,66.0,1.0260900217533488
2026-05-25,2026-05-25 11:21:34,V040,66.0,0.9983822145497916
2026-05-25,2026-05-25 11:21:35,V040,66.0,0.9928804073279656
2026-05-25,2026-05-25 11:21:36,V040,66.0,1.0468517648732918
2026-05-25,2026-05-25 11:21:37,V040,65.0,0.9750921070533344
2026-05-25,2026-05-25 11:21:38,V040,65.0,1.0151904544192083
2026-05-25,2026-05-25 11:21:39,V040,65.0,1.0023701623590833
2026-05-25,2026-05-25 11:21:40,V040,66.0,1.0023683283859972
2026-05-25,2026-05-25 11:21:41,V040,67.0,0.9950062981374814
2026-05-25,2026-05-25 11:21:42,V040,67.0,0.9854935831305098
2026-05-25,2026-05-25 11:21:43,V040,67.0,1.0196260456258939
2026-05-25,2026-05-25 11:21:44,V040,68.0,1.021226108423114
2026-05-25,2026-05-25 11:21:45,V040,68.0,1.0124082976137934
2026-05-25,2026-05-25 11:21:46,V040,68.0,1.0344757780537166
2026-05-25,2026-05-25 11:21:47,V040,68.0,1.021750093902458
2026-05-25,2026-05-25 11:21:48,V040,69.0,1.0217327072808533
2026-05-25,2026-05-25 11:21:49,V040,70.0,0.9856710693975195
2026-05-25,2026-05-25 11:21:50,V040,71.0,1.0126643680734444
2026-05-25,2026-05-25 11:21:51,V040,73.0,0.9834234675739372
2026-05-25,2026-05-25 11:21:52,V040,73.0,1.0047105317746934
2026-05-25,2026-05-25 11:21:53,V040,74.0,1.0069278262356087
2026-05-25,2026-05-25 11:21:54,V040,75.0,0.9777206919175732
2026-05-25,2026-05-25 11:21:55,V040,75.0,1.0445674062339276
2026-05-25,2026-05-25 11:21:56,V040,76.0,0.9742952446011346
2026-05-25,2026-05-25 11:21:57,V040,75.0,1.028478575297552
2026-05-25,2026-05-25 11:21:58,V040,75.0,1.1395633703239756
2026-05-25,2026-05-25 11:21:59,V040,74.0,1.0458883673643453
2026-05-25,2026-05-25 11:22:00,V040,74.0,1.0108260092991561
2026-05-25,2026-05-25 11:22:01,V040,73.0,1.0679364561553335
2026-05-25,2026-05-25 11:22:02,V040,73.0,1.060112642894594
2026-05-25,2026-05-25 11:22:03,V040,74.0,1.0413241387868415
2026-05-25,2026-05-25 11:22:04,V040,74.0,1.0139308933044162
2026-05-25,2026-05-25 11:22:05,V040,74.0,1.0353032912552076
2026-05-25,2026-05-25 11:22:06,V040,74.0,0.9901846662274061
2026-05-25,2026-05-25 11:22:07,V040,74.0,1.025410903160403
2026-05-25,2026-05-25 11:22:08,V040,74.0,0.9816462493334972
2026-05-25,2026-05-25 11:22:09,V040,74.0,1.0198330373355038
2026-05-25,2026-05-25 11:22:10,V040,74.0,0.9708678176013567
2026-05-25,2026-05-25 11:22:11,V040,74.0,1.0143819401079948
2026-05-25,2026-05-25 11:22:12,V040,74.0,0.9917240481802249
2026-05-25,2026-05-25 11:22:13,V040,75.0,1.0066055840577621
2026-05-25,2026-05-25 11:22:14,V040,75.0,0.9948004951416379
2026-05-25,2026-05-25 11:22:15,V040,75.0,1.0028245232115318
2026-05-25,2026-05-25 11:22:16,V040,76.0,0.9951340093298483
2026-05-25,2026-05-25 11:22:17,V040,76.0,1.0156745282551471
2026-05-25,2026-05-25 11:22:18,V040,77.0,0.9718332753327531
2026-05-25,2026-05-25 11:22:19,V040,77.0,1.0455051394516612
2026-05-25,2026-05-25 11:22:20,V040,77.0,1.0164426190129976
2026-05-25,2026-05-25 11:22:21,V040,77.0,1.0482912737476893
2026-05-25,2026-05-25 11:22:22,V040,78.0,1.0796647416712546
2026-05-25,2026-05-25 11:22:23,V040,78.0,0.9898304348622978
2026-05-25,2026-05-25 11:22:24,V040,78.0,1.0612666015285204
2026-05-25,2026-05-25 11:22:25,V040,78.0,1.027280732675717
2026-05-25,2026-05-25 11:22:26,V040,78.0,0.9949776688857733
2026-05-25,2026-05-25 11:22:27,V040,77.0,1.057408236182293
2026-05-25,2026-05-25 11:22:28,V040,77.0,0.991586051320256
2026-05-25,2026-05-25 11:22:29,V040,77.0,1.0051137793271643
2026-05-25,2026-05-25 11:22:30,V040,77.0,1.0432682935933426
2026-05-25,2026-05-25 11:22:31,V040,76.0,1.0480160566429337
2026-05-25,2026-05-25 11:22:32,V040,76.0,1.0438143708136318
2026-05-25,2026-05-25 11:22:33,V040,76.0,1.0408599029644516
2026-05-25,2026-05-25 11:22:34,V040,76.0,1.0264884564538594
2026-05-25,2026-05-25 11:22:35,V040,76.0,1.0614468770766665
2026-05-25,2026-05-25 11:22:36,V040,76.0,1.0289298344843438
2026-05-25,2026-05-25 11:22:37,V040,76.0,1.0249800855999025
2026-05-25,2026-05-25 11:22:38,V040,76.0,0.9624010558481048
2026-05-25,2026-05-25 11:22:39,V040,77.0,1.075000827515446
2026-05-25,2026-05-25 11:22:40,V040,77.0,1.0439647829423275
2026-05-25,2026-05-25 11:22:41,V040,78.0,1.0336547696168135
2026-05-25,2026-05-25 11:22:42,V040,79.0,1.0082962525539738
2026-05-25,2026-05-25 11:22:43,V040,80.0,1.1113737402997594
2026-05-25,2026-05-25 11:22:44,V040,80.0,1.090228076693138
2026-05-25,2026-05-25 11:22:45,V040,81.0,1.0062304099941377
2026-05-25,2026-05-25 11:22:46,V040,82.0,1.0286965341829073
2026-05-25,2026-05-25 11:22:47,V040,83.0,1.0822817472256343
2026-05-25,2026-05-25 11:22:48,V040,84.0,1.0236203477832369
2026-05-25,2026-05-25 11:22:49,V040,84.0,1.0168642742803538
2026-05-25,2026-05-25 11:22:50,V040,85.0,1.0197993618803727
2026-05-25,2026-05-25 11:22:51,V040,85.0,1.185089719717656
2026-05-25,2026-05-25 11:22:52,V040,86.0,1.0721223301682825
2026-05-25,2026-05-25 11:22:53,V040,86.0,1.1034651192030396
2026-05-25,2026-05-25 11:22:54,V040,87.0,1.0862291134450086
2026-05-25,2026-05-25 11:22:55,V040,88.0,1.0742009455930186
2026-05-25,2026-05-25 11:22:56,V040,88.0,1.1405948891834254
2026-05-25,2026-05-25 11:22:57,V040,89.0,1.0440605109377612
2026-05-25,2026-05-25 11:22:58,V040,89.0,1.0053791408121124
2026-05-25,2026-05-25 11:22:59,V040,89.0,1.0880144543480879
2026-05-25,2026-05-25 11:23:00,V040,89.0,1.0414609859954183
2026-05-25,2026-05-25 11:23:01,V040,88.0,1.0389666287614885
2026-05-25,2026-05-25 11:23:02,V040,88.0,1.1578090856254044
2026-05-25,2026-05-25 11:23:03,V040,87.0,1.0775341295955874
2026-05-25,2026-05-25 11:23:04,V040,86.0,1.070657507977196
2026-05-25,2026-05-25 11:23:05,V040,85.0,1.0324330769219559
2026-05-25,2026-05-25 11:23:06,V040,84.0,1.0470969737977944
2026-05-25,2026-05-25 11:23:07,V040,85.0,1.0522418924627706
2026-05-25,2026-05-25 11:23:08,V040,86.0,0.9718487187777783
2026-05-25,2026-05-25 11:23:09,V040,87.0,1.1105885197097396
2026-05-25,2026-05-25 11:23:10,V040,87.0,1.0494276239601497
2026-05-25,2026-05-25 11:23:11,V040,88.0,1.187908523131563
2026-05-25,2026-05-25 11:23:12,V040,89.0,1.0965126141838948
2026-05-25,2026-05-25 11:23:13,V040,90.0,1.0800159069301958
2026-05-25,2026-05-25 11:23:14,V040,91.0,1.0531374402304252
2026-05-25,2026-05-25 11:23:15,V040,91.0,1.0282877889596267
2026-05-25,2026-05-25 11:23:16,V040,91.0,0.975485297762693
2026-05-25,2026-05-25 11:23:17,V040,90.0,1.0350324964703763
2026-05-25,2026-05-25 11:23:18,V040,89.0,1.0689952949769164
2026-05-25,2026-05-25 11:23:19,V040,88.0,1.046458849552919
2026-05-25,2026-05-25 11:23:20,V040,87.0,1.2185679634273596
2026-05-25,2026-05-25 11:23:21,V040,86.0,1.2578102821350883
2026-05-25,2026-05-25 11:23:22,V040,86.0,1.1091639764885048
2026-05-25,2026-05-25 11:23:23,V040,86.0,1.0287889009865638
2026-05-25,2026-05-25 11:23:24,V040,86.0,1.034855025763925
2026-05-25,2026-05-25 11:23:25,V040,85.0,0.9506434129224465
2026-05-25,2026-05-25 11:23:26,V040,85.0,1.084367711018057
2026-05-25,2026-05-25 11:23:27,V040,85.0,1.058766668153117
2026-05-25,2026-05-25 11:23:28,V040,85.0,1.1504800908992934
2026-05-25,2026-05-25 11:23:29,V040,85.0,1.0786914201334106
2026-05-25,2026-05-25 11:23:30,V040,85.0,1.0616079394541171
2026-05-25,2026-05-25 11:23:31,V040,85.0,1.3048685669640212
2026-05-25,2026-05-25 11:23:32,V040,84.0,1.0927507259019138
2026-05-25,2026-05-25 11:23:33,V040,84.0,1.0530360323028058
2026-05-25,2026-05-25 11:23:34,V040,84.0,1.0044741588024038
2026-05-25,2026-05-25 11:23:35,V040,83.0,1.056153722118889
2026-05-25,2026-05-25 11:23:36,V040,83.0,1.0084155197891436
2026-05-25,2026-05-25 11:23:37,V040,84.0,1.082779621768601
2026-05-25,2026-05-25 11:23:38,V040,84.0,1.0581867099117706
2026-05-25,2026-05-25 11:23:39,V040,84.0,1.0666509751169915
2026-05-25,2026-05-25 11:23:40,V040,84.0,0.9879848015480218
2026-05-25,2026-05-25 11:23:41,V040,84.0,1.0035091236868607
2026-05-25,2026-05-25 11:23:42,V040,84.0,1.0250057603432885
2026-05-25,2026-05-25 11:23:43,V040,84.0,1.0447974238983515
2026-05-25,2026-05-25 11:23:44,V040,85.0,1.0806168704545622
2026-05-25,2026-05-25 11:23:45,V040,85.0,1.039424990621487
2026-05-25,2026-05-25 11:23:46,V040,85.0,1.034299748100654
2026-05-25,2026-05-25 11:23:47,V040,85.0,0.9874274890228231
2026-05-25,2026-05-25 11:23:48,V040,85.0,1.0084445340254855
2026-05-25,2026-05-25 11:23:49,V040,84.0,1.0103844727926106
2026-05-25,2026-05-25 11:23:50,V040,84.0,1.0291491625278473
2026-05-25,2026-05-25 11:23:51,V040,84.0,1.0178166560879716
2026-05-25,2026-05-25 11:23:52,V040,84.0,0.9244191343586784
2026-05-25,2026-05-25 11:23:53,V040,83.0,1.2325134783019445
2026-05-25,2026-05-25 11:23:54,V040,83.0,1.1026604230111032
2026-05-25,2026-05-25 11:23:55,V040,83.0,1.0332316091246503
2026-05-25,2026-05-25 11:23:56,V040,83.0,0.9931448266915355
2026-05-25,2026-05-25 11:23:57,V040,83.0,1.0830277895947158
2026-05-25,2026-05-25 11:23:58,V040,84.0,1.0692793612145506
2026-05-25,2026-05-25 11:23:59,V040,85.0,1.041583104216131
2026-05-25,2026-05-25 11:24:00,V040,85.0,1.026229451860643
2026-05-25,2026-05-25 11:24:01,V040,86.0,1.0380132193584009
2026-05-25,2026-05-25 11:24:02,V040,86.0,1.0454728589802198
2026-05-25,2026-05-25 11:24:03,V040,87.0,1.0772908043208043
2026-05-25,2026-05-25 11:24:04,V040,88.0,1.0310954976200144
2026-05-25,2026-05-25 11:24:05,V040,88.0,1.0410382588076548
2026-05-25,2026-05-25 11:24:06,V040,89.0,1.029886779638846
2026-05-25,2026-05-25 11:24:07,V040,89.0,1.012783159950583
2026-05-25,2026-05-25 11:24:08,V040,89.0,1.0413024689417647
2026-05-25,2026-05-25 11:24:09,V040,90.0,1.0320351194344677
2026-05-25,2026-05-25 11:24:10,V040,90.0,1.0549828099402105
2026-05-25,2026-05-25 11:24:11,V040,90.0,1.0431925575468686
2026-05-25,2026-05-25 11:24:12,V040,91.0,1.0679867986986356
2026-05-25,2026-05-25 11:24:13,V040,91.0,1.0150612872498315
2026-05-25,2026-05-25 11:24:14,V040,91.0,1.1247760294220683
2026-05-25,2026-05-25 11:24:15,V040,91.0,1.024175903976667
2026-05-25,2026-05-25 11:24:16,V040,91.0,1.0240053486184024
2026-05-25,2026-05-25 11:24:17,V040,90.0,1.0258973823408364
2026-05-25,2026-05-25 11:24:18,V040,90.0,1.0258010378115794
2026-05-25,2026-05-25 11:24:19,V040,89.0,1.0019164970398924
2026-05-25,2026-05-25 11:24:20,V040,89.0,1.0408269414029796
2026-05-25,2026-05-25 11:24:21,V040,89.0,1.0650881005445985
2026-05-25,2026-05-25 11:24:22,V040,88.0,1.0507167084716924
2026-05-25,2026-05-25 11:24:23,V040,88.0,1.1420082856275355
2026-05-25,2026-05-25 11:24:24,V040,88.0,1.1225720195489983
2026-05-25,2026-05-25 11:24:25,V040,88.0,1.1421185666558857
2026-05-25,2026-05-25 11:24:26,V040,88.0,1.0619053713412487
2026-05-25,2026-05-25 11:24:27,V040,88.0,1.044095276448507
2026-05-25,2026-05-25 11:24:28,V040,88.0,1.0224959787651893
2026-05-25,2026-05-25 11:24:29,V040,88.0,1.062707230698329
2026-05-25,2026-05-25 11:24:30,V040,88.0,1.0806282386869428
2026-05-25,2026-05-25 11:24:31,V040,88.0,1.0444898734754744
2026-05-25,2026-05-25 11:24:32,V040,88.0,1.0159770466258073
2026-05-25,2026-05-25 11:24:33,V040,88.0,1.1298232187373078
2026-05-25,2026-05-25 11:24:34,V040,88.0,1.0646252797062752
2026-05-25,2026-05-25 11:24:35,V040,87.0,1.1043762969347506
2026-05-25,2026-05-25 11:24:36,V040,87.0,1.2512019590656214
2026-05-25,2026-05-25 11:24:37,V040,87.0,1.1047588468335128
2026-05-25,2026-05-25 11:24:38,V040,87.0,1.0416020405139528
2026-05-25,2026-05-25 11:24:39,V040,86.0,1.0165908635645273
2026-05-25,2026-05-25 11:24:40,V040,86.0,1.0651976938522207
2026-05-25,2026-05-25 11:24:41,V040,86.0,1.0570922699540977
2026-05-25,2026-05-25 11:24:42,V040,85.0,1.0891675122285662
2026-05-25,2026-05-25 11:24:43,V040,85.0,1.0171280608445488
2026-05-25,2026-05-25 11:24:44,V040,85.0,1.0498406867566978
2026-05-25,2026-05-25 11:24:45,V040,85.0,1.0303315461597498
2026-05-25,2026-05-25 11:24:46,V040,85.0,1.0066426725659374
2026-05-25,2026-05-25 11:24:47,V040,85.0,1.0878510200145102
2026-05-25,2026-05-25 11:24:48,V040,85.0,1.0564686689930605
2026-05-25,2026-05-25 11:24:49,V040,86.0,1.07801025610543
2026-05-25,2026-05-25 11:24:50,V040,86.0,0.9943701339680621
2026-05-25,2026-05-25 11:24:51,V040,87.0,1.0160519556353533
2026-05-25,2026-05-25 11:24:52,V040,87.0,0.9814532259160514
2026-05-25,2026-05-25 11:24:53,V040,87.0,1.180285202522315
2026-05-25,2026-05-25 11:24:54,V040,87.0,1.0345898807111296
2026-05-25,2026-05-25 11:24:55,V040,88.0,1.0049602526185473
2026-05-25,2026-05-25 11:24:56,V040,88.0,1.0051417216277942
2026-05-25,2026-05-25 11:24:57,V040,88.0,1.090249401099673
2026-05-25,2026-05-25 11:24:58,V040,88.0,1.0702020397813392
2026-05-25,2026-05-25 11:24:59,V040,88.0,1.0681293158457688
2026-05-25,2026-05-25 11:25:00,V040,88.0,1.0282145097685902
2026-05-25,2026-05-25 11:25:01,V040,88.0,1.060266278062725
2026-05-25,2026-05-25 11:25:02,V040,89.0,1.0346814693248183
2026-05-25,2026-05-25 11:25:03,V040,89.0,1.00621441743882
2026-05-25,2026-05-25 11:25:04,V040,90.0,1.029952583765041
2026-05-25,2026-05-25 11:25:05,V040,90.0,1.0433811217033258
2026-05-25,2026-05-25 11:25:06,V040,91.0,1.0505538367775549
2026-05-25,2026-05-25 11:25:07,V040,92.0,1.0467897300243645
2026-05-25,2026-05-25 11:25:08,V040,92.0,1.1400346823424636
2026-05-25,2026-05-25 11:25:09,V040,93.0,1.0448001417497874
2026-05-25,2026-05-25 11:25:10,V040,93.0,0.9806785841371897
2026-05-25,2026-05-25 11:25:11,V040,93.0,1.0457484587959864
2026-05-25,2026-05-25 11:25:12,V040,93.0,1.013526210563952
2026-05-25,2026-05-25 11:25:13,V040,93.0,1.0254562767895832
2026-05-25,2026-05-25 11:25:14,V040,93.0,1.0593140650548605
2026-05-25,2026-05-25 11:25:15,V040,93.0,1.0614284720794818
2026-05-25,2026-05-25 11:25:16,V040,93.0,1.0892410064209015
2026-05-25,2026-05-25 11:25:17,V040,93.0,1.0478054921884747
2026-05-25,2026-05-25 11:25:18,V040,93.0,1.0315642920240329
2026-05-25,2026-05-25 11:25:19,V040,93.0,1.0762732299715945
2026-05-25,2026-05-25 11:25:20,V040,92.0,1.0393806634022014
2026-05-25,2026-05-25 11:25:21,V040,92.0,1.035406132533926
2026-05-25,2026-05-25 11:25:22,V040,92.0,1.04842523644197
2026-05-25,2026-05-25 11:25:23,V040,92.0,1.0792438698797586
2026-05-25,2026-05-25 11:25:24,V040,91.0,1.0738624850610718
2026-05-25,2026-05-25 11:25:25,V040,91.0,1.028063277028367
2026-05-25,2026-05-25 11:25:26,V040,91.0,1.0028088901729626
2026-05-25,2026-05-25 11:25:27,V040,90.0,1.016223512219504
2026-05-25,2026-05-25 11:25:28,V040,90.0,1.0083257811686568
2026-05-25,2026-05-25 11:25:29,V040,89.0,1.0113212621549375
2026-05-25,2026-05-25 11:25:30,V040,89.0,1.0524922776026113
2026-05-25,2026-05-25 11:25:31,V040,88.0,1.054426924189978
2026-05-25,2026-05-25 11:25:32,V040,88.0,1.039587885702114
2026-05-25,2026-05-25 11:25:33,V040,88.0,1.0513840646364114
2026-05-25,2026-05-25 11:25:34,V040,88.0,1.0324399494386614
2026-05-25,2026-05-25 11:25:35,V040,88.0,1.0274195955765282
2026-05-25,2026-05-25 11:25:36,V040,88.0,1.044550806511667
2026-05-25,2026-05-25 11:25:37,V040,88.0,1.015518326744904
2026-05-25,2026-05-25 11:25:38,V040,89.0,1.055466741290142
2026-05-25,2026-05-25 11:25:39,V040,89.0,1.0481107461633
2026-05-25,2026-05-25 11:25:40,V040,89.0,1.0114826865283193
2026-05-25,2026-05-25 11:25:41,V040,90.0,1.032769993753737
2026-05-25,2026-05-25 11:25:42,V040,90.0,1.023897202475778
2026-05-25,2026-05-25 11:25:43,V040,90.0,1.0394748131911056
2026-05-25,2026-05-25 11:25:44,V040,91.0,1.0141804603187323
2026-05-25,2026-05-25 11:25:45,V040,91.0,1.062464796584913
2026-05-25,2026-05-25 11:25:46,V040,91.0,1.063055562617867
2026-05-25,2026-05-25 11:25:47,V040,91.0,1.055478731850179
2026-05-25,2026-05-25 11:25:48,V040,92.0,1.0466772702725267
2026-05-25,2026-05-25 11:25:49,V040,92.0,1.0840749793547595
2026-05-25,2026-05-25 11:25:50,V040,92.0,1.042670380361371
2026-05-25,2026-05-25 11:25:51,V040,92.0,1.045595393416207
2026-05-25,2026-05-25 11:25:52,V040,93.0,1.0372536475140242
2026-05-25,2026-05-25 11:25:53,V040,93.0,1.0636983348111146
2026-05-25,2026-05-25 11:25:54,V040,93.0,1.1196690500563347
2026-05-25,2026-05-25 11:25:55,V040,93.0,1.0975505742126541
2026-05-25,2026-05-25 11:25:56,V040,94.0,1.060925035125544
2026-05-25,2026-05-25 11:25:57,V040,94.0,1.048791028015333
2026-05-25,2026-05-25 11:25:58,V040,94.0,1.0176438459236954
2026-05-25,2026-05-25 11:25:59,V040,94.0,1.0254948567142026
2026-05-25,2026-05-25 11:26:00,V040,95.0,1.0098956632926734
2026-05-25,2026-05-25 11:26:01,V040,94.0,1.024702591113252
2026-05-25,2026-05-25 11:26:02,V040,94.0,1.0932481321397267
2026-05-25,2026-05-25 11:26:03,V040,93.0,1.0707272070811822
2026-05-25,2026-05-25 11:26:04,V040,93.0,1.01340461839343
2026-05-25,2026-05-25 11:26:05,V040,92.0,1.0347219060626676
2026-05-25,2026-05-25 11:26:06,V040,91.0,1.02365808888239
2026-05-25,2026-05-25 11:26:07,V040,89.0,1.0099704053556589
2026-05-25,2026-05-25 11:26:08,V040,88.0,1.0611336713598283
2026-05-25,2026-05-25 11:26:09,V040,85.0,1.0388361148388927
2026-05-25,2026-05-25 11:26:10,V040,83.0,1.0933955489809737
2026-05-25,2026-05-25 11:26:11,V040,81.0,1.0634672026539913
2026-05-25,2026-05-25 11:26:12,V040,79.0,1.0611542494010346
2026-05-25,2026-05-25 11:26:13,V040,78.0,1.0132557569176592
2026-05-25,2026-05-25 11:26:14,V040,78.0,1.029272419277491
2026-05-25,2026-05-25 11:26:15,V040,77.0,1.0291113697853136
2026-05-25,2026-05-25 11:26:16,V040,77.0,1.0220861589999644
2026-05-25,2026-05-25 11:26:17,V040,77.0,1.0050359856668316
2026-05-25,2026-05-25 11:26:18,V040,77.0,1.0125119398295408
2026-05-25,2026-05-25 11:26:19,V040,78.0,1.0751144099938637
2026-05-25,2026-05-25 11:26:20,V040,78.0,1.0569998569964054
2026-05-25,2026-05-25 11:26:21,V040,78.0,1.0621771824123147
2026-05-25,2026-05-25 11:26:22,V040,78.0,1.026666431615727
2026-05-25,2026-05-25 11:26:23,V040,79.0,1.0213037569474468
2026-05-25,2026-05-25 11:26:24,V040,79.0,1.0127456246351412
2026-05-25,2026-05-25 11:26:25,V040,80.0,1.0001122560374962
2026-05-25,2026-05-25 11:26:26,V040,80.0,0.9899313494449773
2026-05-25,2026-05-25 11:26:27,V040,81.0,1.020368388916184
2026-05-25,2026-05-25 11:26:28,V040,82.0,1.0376393659819154
2026-05-25,2026-05-25 11:26:29,V040,83.0,1.0472800276917889
2026-05-25,2026-05-25 11:26:30,V040,85.0,1.0567063550593452
2026-05-25,2026-05-25 11:26:31,V040,86.0,1.0980495318304417
2026-05-25,2026-05-25 11:26:32,V040,86.0,1.039684776060032
2026-05-25,2026-05-25 11:26:33,V040,87.0,1.050880656430205
2026-05-25,2026-05-25 11:26:34,V040,88.0,1.031401698343551
2026-05-25,2026-05-25 11:26:35,V040,90.0,1.0367385874284862
2026-05-25,2026-05-25 11:26:36,V040,91.0,1.0275978730382775
2026-05-25,2026-05-25 11:26:37,V040,92.0,1.0319114749866576
2026-05-25,2026-05-25 11:26:38,V040,92.0,1.0045020877826545
2026-05-25,2026-05-25 11:26:39,V040,93.0,1.0294121022322487
2026-05-25,2026-05-25 11:26:40,V040,93.0,1.0784639296056104
2026-05-25,2026-05-25 11:26:41,V040,93.0,1.0691567245303146
2026-05-25,2026-05-25 11:26:42,V040,93.0,1.0423654158465736
2026-05-25,2026-05-25 11:26:43,V040,93.0,1.0113201546783213
2026-05-25,2026-05-25 11:26:44,V040,93.0,1.0216948731114248
2026-05-25,2026-05-25 11:26:45,V040,93.0,1.0138021109494533
2026-05-25,2026-05-25 11:26:46,V040,93.0,1.041847814792941
2026-05-25,2026-05-25 11:26:47,V040,93.0,1.0457384447842524
2026-05-25,2026-05-25 11:26:48,V040,92.0,1.0318844708292756
2026-05-25,2026-05-25 11:26:49,V040,92.0,1.0525919128463135
2026-05-25,2026-05-25 11:26:50,V040,92.0,1.0612276610680462
2026-05-25,2026-05-25 11:26:51,V040,92.0,1.0140933712023754
2026-05-25,2026-05-25 11:26:52,V040,91.0,1.0019079977721845
2026-05-25,2026-05-25 11:26:53,V040,91.0,1.038526805732012
2026-05-25,2026-05-25 11:26:54,V040,91.0,0.9991428022578107
2026-05-25,2026-05-25 11:26:55,V040,90.0,1.0243233450475215
2026-05-25,2026-05-25 11:26:56,V040,90.0,1.0675871228118199
2026-05-25,2026-05-25 11:26:57,V040,89.0,1.0915696729646231
2026-05-25,2026-05-25 11:26:58,V040,89.0,1.0695381085539475
2026-05-25,2026-05-25 11:26:59,V040,89.0,0.9735104432693428
2026-05-25,2026-05-25 11:27:00,V040,89.0,1.0104458782412247
2026-05-25,2026-05-25 11:27:01,V040,88.0,1.0505349195696778
2026-05-25,2026-05-25 11:27:02,V040,88.0,1.0634982069515464
2026-05-25,2026-05-25 11:27:03,V040,88.0,1.0500654084841905
2026-05-25,2026-05-25 11:27:04,V040,87.0,1.0284789638100482
2026-05-25,2026-05-25 11:27:05,V040,87.0,1.0134843562407139
2026-05-25,2026-05-25 11:27:06,V040,87.0,1.022022198332399
2026-05-25,2026-05-25 11:27:07,V040,87.0,1.0054677490910775
2026-05-25,2026-05-25 11:27:08,V040,86.0,1.055268107889286
2026-05-25,2026-05-25 11:27:09,V040,86.0,1.0803902797102198
2026-05-25,2026-05-25 11:27:10,V040,86.0,1.0450683300579813
2026-05-25,2026-05-25 11:27:11,V040,86.0,1.0120758660239293
2026-05-25,2026-05-25 11:27:12,V040,86.0,0.9884147714117483
2026-05-25,2026-05-25 11:27:13,V040,86.0,0.9998164212420891
2026-05-25,2026-05-25 11:27:14,V040,85.0,0.9876326329646418
2026-05-25,2026-05-25 11:27:15,V040,85.0,1.0106290492597354
2026-05-25,2026-05-25 11:27:16,V040,85.0,1.0306487754328741
2026-05-25,2026-05-25 11:27:17,V040,85.0,1.1633582336409645
2026-05-25,2026-05-25 11:27:18,V040,85.0,1.0746467619447722
2026-05-25,2026-05-25 11:27:19,V040,84.0,1.0097638131524294
2026-05-25,2026-05-25 11:27:20,V040,84.0,1.048715080521025
2026-05-25,2026-05-25 11:27:21,V040,84.0,1.008937849577358
2026-05-25,2026-05-25 11:27:22,V040,84.0,1.0228772712294254
2026-05-25,2026-05-25 11:27:23,V040,84.0,1.0537565186162678
2026-05-25,2026-05-25 11:27:24,V040,84.0,1.0786482204747547
2026-05-25,2026-05-25 11:27:25,V040,84.0,1.0611377853831203
2026-05-25,2026-05-25 11:27:26,V040,84.0,0.9752637621115784
2026-05-25,2026-05-25 11:27:27,V040,84.0,1.0670007125178989
2026-05-25,2026-05-25 11:27:28,V040,85.0,1.0037706178445724
2026-05-25,2026-05-25 11:27:29,V040,85.0,1.034620828892178
2026-05-25,2026-05-25 11:27:30,V040,85.0,1.0619632718233656
2026-05-25,2026-05-25 11:27:31,V040,85.0,1.059499384964182
2026-05-25,2026-05-25 11:27:32,V040,85.0,1.0449932631415113
2026-05-25,2026-05-25 11:27:33,V040,85.0,1.0134623564318783
2026-05-25,2026-05-25 11:27:34,V040,85.0,1.0413881023276232
2026-05-25,2026-05-25 11:27:35,V040,85.0,0.9827519555766214
2026-05-25,2026-05-25 11:27:36,V040,85.0,1.013210065722099
2026-05-25,2026-05-25 11:27:37,V040,85.0,1.0437439589512345
2026-05-25,2026-05-25 11:27:38,V040,85.0,1.0559447177366363
2026-05-25,2026-05-25 11:27:39,V040,86.0,1.0280837187100262
2026-05-25,2026-05-25 11:27:40,V040,86.0,1.0162665623623517
2026-05-25,2026-05-25 11:27:41,V040,86.0,0.9786828730482448
2026-05-25,2026-05-25 11:27:42,V040,86.0,1.0154026805389318
2026-05-25,2026-05-25 11:27:43,V040,86.0,1.0506550130693573
2026-05-25,2026-05-25 11:27:44,V040,87.0,1.051632436131936
2026-05-25,2026-05-25 11:27:45,V040,87.0,1.0559168400018597
2026-05-25,2026-05-25 11:27:46,V040,87.0,1.0156288046727082
2026-05-25,2026-05-25 11:27:47,V040,88.0,1.0348122926273764
2026-05-25,2026-05-25 11:27:48,V040,88.0,1.0176879915232628
2026-05-25,2026-05-25 11:27:49,V040,88.0,1.0081643344304705
2026-05-25,2026-05-25 11:27:50,V040,88.0,1.0373427635016965
2026-05-25,2026-05-25 11:27:51,V040,89.0,1.0417480809243547
2026-05-25,2026-05-25 11:27:52,V040,89.0,1.0735132280305228
2026-05-25,2026-05-25 11:27:53,V040,90.0,1.058429811349767
2026-05-25,2026-05-25 11:27:54,V040,90.0,0.9934116708077168
2026-05-25,2026-05-25 11:27:55,V040,90.0,1.021268935904453
2026-05-25,2026-05-25 11:27:56,V040,91.0,1.0134480554328624
2026-05-25,2026-05-25 11:27:57,V040,91.0,1.043367507021536
2026-05-25,2026-05-25 11:27:58,V040,91.0,1.1280570073523848
2026-05-25,2026-05-25 11:27:59,V040,91.0,1.1165336875363343
2026-05-25,2026-05-25 11:28:00,V040,91.0,1.077316533825478
2026-05-25,2026-05-25 11:28:01,V040,92.0,1.0195856790765072
2026-05-25,2026-05-25 11:28:02,V040,92.0,1.0451592683489603
2026-05-25,2026-05-25 11:28:03,V040,92.0,0.9823395707166538
2026-05-25,2026-05-25 11:28:04,V040,92.0,1.0379637142054443
2026-05-25,2026-05-25 11:28:05,V040,92.0,1.0609346016937986
2026-05-25,2026-05-25 11:28:06,V040,92.0,1.0227378476929978
2026-05-25,2026-05-25 11:28:07,V040,92.0,0.993489705329615
2026-05-25,2026-05-25 11:28:08,V040,92.0,1.034055113942811
2026-05-25,2026-05-25 11:28:09,V040,92.0,0.9922229232037979
2026-05-25,2026-05-25 11:28:10,V040,92.0,0.9881405761827097
2026-05-25,2026-05-25 11:28:11,V040,92.0,1.0074229789216291
2026-05-25,2026-05-25 11:28:12,V040,92.0,1.023263323838587
2026-05-25,2026-05-25 11:28:13,V040,91.0,1.012656492344886
2026-05-25,2026-05-25 11:28:14,V040,91.0,1.0168134572987557
2026-05-25,2026-05-25 11:28:15,V040,91.0,0.9857511759163903
2026-05-25,2026-05-25 11:28:16,V040,91.0,1.0486089591320644
2026-05-25,2026-05-25 11:28:17,V040,92.0,0.9718922244053176
2026-05-25,2026-05-25 11:28:18,V040,92.0,1.0233197705999584
2026-05-25,2026-05-25 11:28:19,V040,92.0,0.9902849040959114
2026-05-25,2026-05-25 11:28:20,V040,92.0,0.9941352124545544
2026-05-25,2026-05-25 11:28:21,V040,92.0,0.9974184625583441
2026-05-25,2026-05-25 11:28:22,V040,91.0,1.008748736414306
2026-05-25,2026-05-25 11:28:23,V040,90.0,0.9878960182992715
2026-05-25,2026-05-25 11:28:24,V040,89.0,1.00295794350815
2026-05-25,2026-05-25 11:28:25,V040,88.0,0.995542345527013
2026-05-25,2026-05-25 11:28:26,V040,87.0,1.005766562116222
2026-05-25,2026-05-25 11:28:27,V040,86.0,0.9891035810723584
2026-05-25,2026-05-25 11:28:28,V040,85.0,0.966011629484442
2026-05-25,2026-05-25 11:28:29,V040,84.0,1.0743639455148417
2026-05-25,2026-05-25 11:28:30,V040,84.0,1.017203365122107
2026-05-25,2026-05-25 11:28:31,V040,84.0,1.0507994651175165
2026-05-25,2026-05-25 11:28:32,V040,84.0,1.0323204350007071
2026-05-25,2026-05-25 11:28:33,V040,84.0,0.986089586984924
2026-05-25,2026-05-25 11:28:34,V040,85.0,0.936070943738973
2026-05-25,2026-05-25 11:28:35,V040,85.0,1.1552591378466506
2026-05-25,2026-05-25 11:28:36,V040,85.0,0.9611664066130388
2026-05-25,2026-05-25 11:28:37,V040,84.0,1.0136430639939435
2026-05-25,2026-05-25 11:28:38,V040,84.0,1.013523397088685
2026-05-25,2026-05-25 11:28:39,V040,84.0,1.0830333880625562
2026-05-25,2026-05-25 11:28:40,V040,83.0,1.014782178468925
2026-05-25,2026-05-25 11:28:41,V040,83.0,1.0237317607523893
2026-05-25,2026-05-25 11:28:42,V040,82.0,0.9953683244955248
2026-05-25,2026-05-25 11:28:43,V040,82.0,1.027101462989371
2026-05-25,2026-05-25 11:28:44,V040,82.0,1.0001176910582832
2026-05-25,2026-05-25 11:28:45,V040,83.0,1.0566261136721877
2026-05-25,2026-05-25 11:28:46,V040,84.0,1.0133582636141738
2026-05-25,2026-05-25 11:28:47,V040,84.0,0.9941469622331648
2026-05-25,2026-05-25 11:28:48,V040,85.0,1.042940546142395
2026-05-25,2026-05-25 11:28:49,V040,85.0,1.0327292411497302
2026-05-25,2026-05-25 11:28:50,V040,84.0,1.0419416200727354
2026-05-25,2026-05-25 11:28:51,V040,85.0,1.0399066731141187
2026-05-25,2026-05-25 11:28:52,V040,85.0,1.041298254768565
2026-05-25,2026-05-25 11:28:53,V040,85.0,1.0122793816960096
2026-05-25,2026-05-25 11:28:54,V040,86.0,1.0548109333432523
2026-05-25,2026-05-25 11:28:55,V040,86.0,1.0431836687618175
2026-05-25,2026-05-25 11:28:56,V040,86.0,1.0487786250321107
2026-05-25,2026-05-25 11:28:57,V040,86.0,1.0046383466468416
2026-05-25,2026-05-25 11:28:58,V040,86.0,1.0432608310757059
2026-05-25,2026-05-25 11:28:59,V040,87.0,1.0654247928557843
2026-05-25,2026-05-25 11:29:00,V040,87.0,1.0539464872066284
2026-05-25,2026-05-25 11:29:01,V040,87.0,1.00115979732528
2026-05-25,2026-05-25 11:29:02,V040,87.0,1.0287716766291057
2026-05-25,2026-05-25 11:29:03,V040,87.0,1.0117187983756897
2026-05-25,2026-05-25 11:29:04,V040,87.0,1.0400272963012087
2026-05-25,2026-05-25 11:29:05,V040,87.0,1.1002696227087407
2026-05-25,2026-05-25 11:29:06,V040,87.0,1.1225836175988464
2026-05-25,2026-05-25 11:29:07,V040,87.0,1.1051115297292966
2026-05-25,2026-05-25 11:29:08,V040,87.0,1.035160501771587
2026-05-25,2026-05-25 11:29:09,V040,87.0,1.0421202100718152
2026-05-25,2026-05-25 11:29:10,V040,87.0,1.029763535940627
2026-05-25,2026-05-25 11:29:11,V040,87.0,1.0694413219385082
2026-05-25,2026-05-25 11:29:12,V040,86.0,1.0599478247904355
2026-05-25,2026-05-25 11:29:13,V040,86.0,0.9890556536222982
2026-05-25,2026-05-25 11:29:14,V040,85.0,1.0389193774549919
2026-05-25,2026-05-25 11:29:15,V040,84.0,1.0635475648266464
2026-05-25,2026-05-25 11:29:16,V040,84.0,1.0655335581214365
2026-05-25,2026-05-25 11:29:17,V040,83.0,1.1454926224806143
2026-05-25,2026-05-25 11:29:18,V040,83.0,1.056146154574397
2026-05-25,2026-05-25 11:29:19,V040,82.0,1.0259408433812258
2026-05-25,2026-05-25 11:29:20,V040,82.0,1.0300880298372594
2026-05-25,2026-05-25 11:29:21,V040,82.0,1.0306159087463795
2026-05-25,2026-05-25 11:29:22,V040,81.0,1.021653155677453
2026-05-25,2026-05-25 11:29:23,V040,81.0,0.9955515850636011
2026-05-25,2026-05-25 11:29:24,V040,81.0,1.0316185015598276
2026-05-25,2026-05-25 11:29:25,V040,81.0,1.0240925976446278
2026-05-25,2026-05-25 11:29:26,V040,81.0,1.0042083729290858
2026-05-25,2026-05-25 11:29:27,V040,81.0,0.9923078917260818
2026-05-25,2026-05-25 11:29:28,V040,81.0,0.9927556429968075
2026-05-25,2026-05-25 11:29:29,V040,81.0,0.9909523024549135
2026-05-25,2026-05-25 11:29:30,V040,80.0,0.9802495972565481
2026-05-25,2026-05-25 11:29:31,V040,80.0,1.021213728579503
2026-05-25,2026-05-25 11:29:32,V040,80.0,1.0036680210074167
2026-05-25,2026-05-25 11:29:33,V040,80.0,1.0051050678275246
2026-05-25,2026-05-25 11:29:34,V040,80.0,0.9999615537523299
2026-05-25,2026-05-25 11:29:35,V040,79.0,1.0091099873480551
2026-05-25,2026-05-25 11:29:36,V040,79.0,1.1166672017663701
2026-05-25,2026-05-25 11:29:37,V040,78.0,0.9852707378362996
2026-05-25,2026-05-25 11:29:38,V040,78.0,1.0424262209176307
2026-05-25,2026-05-25 11:29:39,V040,76.0,1.0179500229326786
2026-05-25,2026-05-25 11:29:40,V040,75.0,1.0045673908985062
2026-05-25,2026-05-25 11:29:41,V040,74.0,1.0782135408934639
2026-05-25,2026-05-25 11:29:42,V040,73.0,1.1713149931965245
2026-05-25,2026-05-25 11:29:43,V040,73.0,1.1101593904622373
2026-05-25,2026-05-25 11:29:44,V040,72.0,1.0717698421781467
2026-05-25,2026-05-25 11:29:45,V040,72.0,1.0211353780689618
2026-05-25,2026-05-25 11:29:46,V040,72.0,1.0058491615889016
2026-05-25,2026-05-25 11:29:47,V040,73.0,0.9990161155656796
2026-05-25,2026-05-25 11:29:48,V040,73.0,0.9954167696961419
2026-05-25,2026-05-25 11:29:49,V040,73.0,1.0045744277986506
2026-05-25,2026-05-25 11:29:50,V040,73.0,0.9886407567257458
2026-05-25,2026-05-25 11:29:51,V040,73.0,0.9886841834988784
2026-05-25,2026-05-25 11:29:52,V040,73.0,0.9897040345256952
2026-05-25,2026-05-25 11:29:53,V040,72.0,0.9892598437882149
2026-05-25,2026-05-25 11:29:54,V040,72.0,0.9892719371018528
2026-05-25,2026-05-25 11:29:55,V040,71.0,0.9963565263784184
2026-05-25,2026-05-25 11:29:56,V040,70.0,0.9863024053891739
2026-05-25,2026-05-25 11:29:57,V040,70.0,1.000106168031267
2026-05-25,2026-05-25 11:29:58,V040,70.0,0.9941429818901368
2026-05-25,2026-05-25 11:29:59,V040,70.0,0.987867148052311
2026-05-25,2026-05-25 11:30:00,V040,70.0,1.0108074794971889
2026-05-25,2026-05-25 11:30:01,V040,70.0,0.9915409985471579
2026-05-25,2026-05-25 11:30:02,V040,70.0,0.9914647446245815
2026-05-25,2026-05-25 11:30:03,V040,70.0,0.9955074118316263
2026-05-25,2026-05-25 11:30:04,V040,70.0,0.9899082430044438
2026-05-25,2026-05-25 11:30:05,V040,70.0,0.9999277367768878
2026-05-25,2026-05-25 11:30:06,V040,71.0,0.9892055557846187
2026-05-25,2026-05-25 11:30:07,V040,71.0,1.0025004264713802
2026-05-25,2026-05-25 11:30:08,V040,72.0,1.0093333576682744
2026-05-25,2026-05-25 11:30:09,V040,72.0,0.991882740701514
2026-05-25,2026-05-25 11:30:10,V040,72.0,1.0027585597453272
2026-05-25,2026-05-25 11:30:11,V040,71.0,1.017875848797199
2026-05-25,2026-05-25 11:30:12,V040,70.0,0.9852187962398566
2026-05-25,2026-05-25 11:30:13,V040,70.0,1.004845927067463
2026-05-25,2026-05-25 11:30:14,V040,71.0,0.9887527588965533
2026-05-25,2026-05-25 11:30:15,V040,71.0,0.9971669324554868
2026-05-25,2026-05-25 11:30:16,V040,72.0,0.9913292763155211
2026-05-25,2026-05-25 11:30:17,V040,73.0,0.9912812751790739
2026-05-25,2026-05-25 11:30:18,V040,73.0,0.9955850718681809
2026-05-25,2026-05-25 11:30:19,V040,73.0,0.9986088324345938
2026-05-25,2026-05-25 11:30:20,V040,73.0,0.9889325518288878
2026-05-25,2026-05-25 11:30:21,V040,73.0,0.9889608079798918
2026-05-25,2026-05-25 11:30:22,V040,73.0,1.0112147082689644
2026-05-25,2026-05-25 11:30:23,V040,73.0,0.9922236462517823
2026-05-25,2026-05-25 11:30:24,V040,73.0,0.9908507475608137
2026-05-25,2026-05-25 11:30:25,V040,73.0,0.9936455637341782
2026-05-25,2026-05-25 11:30:26,V040,73.0,0.9926823536882864
2026-05-25,2026-05-25 11:30:27,V040,72.0,0.9893355039894708
2026-05-25,2026-05-25 11:30:28,V040,72.0,0.9936946775615304
2026-05-25,2026-05-25 11:30:29,V040,72.0,0.9935490422686322
2026-05-25,2026-05-25 11:30:30,V040,71.0,0.9902468645596846
2026-05-25,2026-05-25 11:30:31,V040,71.0,0.9977029621536886
2026-05-25,2026-05-25 11:30:32,V040,70.0,0.98993331074506
2026-05-25,2026-05-25 11:30:33,V040,70.0,0.9931733439986412
2026-05-25,2026-05-25 11:30:34,V040,69.0,0.9940475456174163
2026-05-25,2026-05-25 11:30:35,V040,69.0,0.9940907568940096
2026-05-25,2026-05-25 11:30:36,V040,69.0,0.9933117564324218
2026-05-25,2026-05-25 11:30:37,V040,69.0,0.992200724907278
2026-05-25,2026-05-25 11:30:38,V040,70.0,0.9919672542691358
2026-05-25,2026-05-25 11:30:39,V040,70.0,0.9933750302163168
2026-05-25,2026-05-25 11:30:40,V040,71.0,0.9927826759505884
2026-05-25,2026-05-25 11:30:41,V040,71.0,0.9923741399076207
2026-05-25,2026-05-25 11:30:42,V040,71.0,0.9924461706910551
2026-05-25,2026-05-25 11:30:43,V040,70.0,0.9934181016848809
2026-05-25,2026-05-25 11:30:44,V040,69.0,0.9916590239740753
2026-05-25,2026-05-25 11:30:45,V040,68.0,0.9938738282880714
2026-05-25,2026-05-25 11:30:46,V040,67.0,0.9924063031475228
2026-05-25,2026-05-25 11:30:47,V040,66.0,0.9911997892008519
2026-05-25,2026-05-25 11:30:48,V040,65.0,0.9922365940284614
2026-05-25,2026-05-25 11:30:49,V040,65.0,0.9923059887186156
2026-05-25,2026-05-25 11:30:50,V040,64.0,0.9870612402856892
2026-05-25,2026-05-25 11:30:51,V040,64.0,1.0045217644485396
2026-05-25,2026-05-25 11:30:52,V040,64.0,0.9799913894945254
2026-05-25,2026-05-25 11:30:53,V040,64.0,0.9912292351022999
2026-05-25,2026-05-25 11:30:54,V040,64.0,0.9962948529394479
2026-05-25,2026-05-25 11:30:55,V040,65.0,0.9939401841167204
2026-05-25,2026-05-25 11:30:56,V040,65.0,0.990835212411642
2026-05-25,2026-05-25 11:30:57,V040,66.0,0.9922626158786483
2026-05-25,2026-05-25 11:30:58,V040,66.0,1.0333957685923294
2026-05-25,2026-05-25 11:30:59,V040,67.0,1.020902243751778
2026-05-25,2026-05-25 11:31:00,V040,67.0,0.9999174820686134
2026-05-25,2026-05-25 11:31:01,V040,68.0,0.9943046792045473
2026-05-25,2026-05-25 11:31:02,V040,69.0,0.9927767222988134
2026-05-25,2026-05-25 11:31:03,V040,69.0,0.9931372925381745
2026-05-25,2026-05-25 11:31:04,V040,70.0,0.9935281892824164
2026-05-25,2026-05-25 11:31:05,V040,71.0,0.9914132799122973
2026-05-25,2026-05-25 11:31:06,V040,72.0,0.9928415527617195
2026-05-25,2026-05-25 11:31:07,V040,73.0,0.9915623238786092
2026-05-25,2026-05-25 11:31:08,V040,73.0,0.9956685960715396
2026-05-25,2026-05-25 11:31:09,V040,74.0,1.0288653539278578
2026-05-25,2026-05-25 11:31:10,V040,74.0,1.0211825675523818
2026-05-25,2026-05-25 11:31:11,V040,75.0,0.9884352549105826
2026-05-25,2026-05-25 11:31:12,V040,76.0,0.9908480837490014
2026-05-25,2026-05-25 11:31:13,V040,76.0,0.9919908118687788
2026-05-25,2026-05-25 11:31:14,V040,76.0,0.9895680910133222
2026-05-25,2026-05-25 11:31:15,V040,76.0,0.9902639001331482
2026-05-25,2026-05-25 11:31:16,V040,75.0,0.9884738367747815
2026-05-25,2026-05-25 11:31:17,V040,75.0,0.989105720066036
2026-05-25,2026-05-25 11:31:18,V040,75.0,0.9882694361927952
2026-05-25,2026-05-25 11:31:19,V040,75.0,0.9893538857693903
2026-05-25,2026-05-25 11:31:20,V040,74.0,0.988258137953163
2026-05-25,2026-05-25 11:31:21,V040,74.0,0.9931228517811128
2026-05-25,2026-05-25 11:31:22,V040,74.0,0.9873643009053864
2026-05-25,2026-05-25 11:31:23,V040,74.0,0.9897846578116991
2026-05-25,2026-05-25 11:31:24,V040,74.0,1.0006349706488449
2026-05-25,2026-05-25 11:31:25,V040,74.0,0.9928240674751201
2026-05-25,2026-05-25 11:31:26,V040,73.0,0.9892721663643902
2026-05-25,2026-05-25 11:31:27,V040,72.0,0.9889578187717427
2026-05-25,2026-05-25 11:31:28,V040,72.0,0.9886110324750942
2026-05-25,2026-05-25 11:31:29,V040,72.0,1.0124770539372385
2026-05-25,2026-05-25 11:31:30,V040,71.0,0.9896841093747601
2026-05-25,2026-05-25 11:31:31,V040,71.0,0.9796708539893674
2026-05-25,2026-05-25 11:31:32,V040,71.0,1.0003511002303784
2026-05-25,2026-05-25 11:31:33,V040,71.0,1.0264719211224458
2026-05-25,2026-05-25 11:31:34,V040,71.0,0.9946904610799355
2026-05-25,2026-05-25 11:31:35,V040,70.0,0.9895701305828014
2026-05-25,2026-05-25 11:31:36,V040,70.0,0.9932418881797277
2026-05-25,2026-05-25 11:31:37,V040,70.0,0.9935502242950782
2026-05-25,2026-05-25 11:31:38,V040,70.0,0.9953521332510372
2026-05-25,2026-05-25 11:31:39,V040,69.0,0.9880590495369086
2026-05-25,2026-05-25 11:31:40,V040,69.0,0.9919442903073835
2026-05-25,2026-05-25 11:31:41,V040,69.0,0.98904288754948
2026-05-25,2026-05-25 11:31:42,V040,69.0,0.9954862540921197
2026-05-25,2026-05-25 11:31:43,V040,70.0,0.995366220191748
2026-05-25,2026-05-25 11:31:44,V040,70.0,0.9865826940690302
2026-05-25,2026-05-25 11:31:45,V040,71.0,1.0126981845371057
2026-05-25,2026-05-25 11:31:46,V040,72.0,0.9865060713301813
2026-05-25,2026-05-25 11:31:47,V040,72.0,0.990849087999802
2026-05-25,2026-05-25 11:31:48,V040,73.0,0.9937689758500476
2026-05-25,2026-05-25 11:31:49,V040,73.0,0.9884518242849966
2026-05-25,2026-05-25 11:31:50,V040,73.0,0.9921085969553081
2026-05-25,2026-05-25 11:31:51,V040,73.0,0.9913571144892623
2026-05-25,2026-05-25 11:31:52,V040,72.0,0.9915121371259638
2026-05-25,2026-05-25 11:31:53,V040,71.0,0.9917876632824443
2026-05-25,2026-05-25 11:31:54,V040,71.0,0.9911990652216572
2026-05-25,2026-05-25 11:31:55,V040,70.0,0.9899166131375119
2026-05-25,2026-05-25 11:31:56,V040,69.0,0.9949571668684547
2026-05-25,2026-05-25 11:31:57,V040,68.0,0.9877718721284614
2026-05-25,2026-05-25 11:31:58,V040,68.0,0.9940940162872396
2026-05-25,2026-05-25 11:31:59,V040,67.0,0.9898472416368596
2026-05-25,2026-05-25 11:32:00,V040,67.0,0.9917316777607296
2026-05-25,2026-05-25 11:32:01,V040,67.0,0.9913459800276185
2026-05-25,2026-05-25 11:32:02,V040,67.0,0.9909825573864579
2026-05-25,2026-05-25 11:32:03,V040,67.0,0.9911931537726287
2026-05-25,2026-05-25 11:32:04,V040,67.0,0.9908582171604182
2026-05-25,2026-05-25 11:32:05,V040,67.0,0.9907989503075658
2026-05-25,2026-05-25 11:32:06,V040,66.0,0.9913355849831441
2026-05-25,2026-05-25 11:32:07,V040,66.0,0.9912366585890247
2026-05-25,2026-05-25 11:32:08,V040,65.0,0.9917517613880079
2026-05-25,2026-05-25 11:32:09,V040,65.0,0.990814851540877
2026-05-25,2026-05-25 11:32:10,V040,65.0,0.9907942367435074
2026-05-25,2026-05-25 11:32:11,V040,66.0,0.9908161478091493
2026-05-25,2026-05-25 11:32:12,V040,66.0,0.9905508192641395
2026-05-25,2026-05-25 11:32:13,V040,66.0,0.9917384325065326
2026-05-25,2026-05-25 11:32:14,V040,67.0,0.9914556742514946
2026-05-25,2026-05-25 11:32:15,V040,67.0,0.991377188284021
2026-05-25,2026-05-25 11:32:16,V040,67.0,0.9911500636679355
2026-05-25,2026-05-25 11:32:17,V040,67.0,0.9903050065055974
2026-05-25,2026-05-25 11:32:18,V040,66.0,0.9912798820674236
2026-05-25,2026-05-25 11:32:19,V040,67.0,0.9910806071903352
2026-05-25,2026-05-25 11:32:20,V040,67.0,0.9915497987368219
2026-05-25,2026-05-25 11:32:21,V040,67.0,0.991130562791945
2026-05-25,2026-05-25 11:32:22,V040,68.0,0.9912250538190768
2026-05-25,2026-05-25 11:32:23,V040,68.0,0.9902805635739509
2026-05-25,2026-05-25 11:32:24,V040,68.0,0.9916850600188164
2026-05-25,2026-05-25 11:32:25,V040,68.0,0.9895768680514929
2026-05-25,2026-05-25 11:32:26,V040,68.0,0.9932332997427341
2026-05-25,2026-05-25 11:32:27,V040,69.0,0.9988993422772863
2026-05-25,2026-05-25 11:32:28,V040,69.0,0.9860150885196537
2026-05-25,2026-05-25 11:32:29,V040,70.0,0.996268544003279
2026-05-25,2026-05-25 11:32:30,V040,70.0,0.9900613879933197
2026-05-25,2026-05-25 11:32:31,V040,71.0,0.9923396452646399
2026-05-25,2026-05-25 11:32:32,V040,72.0,0.9916434069712264
2026-05-25,2026-05-25 11:32:33,V040,73.0,0.9915544093586505
2026-05-25,2026-05-25 11:32:34,V040,73.0,0.9918505334999854
2026-05-25,2026-05-25 11:32:35,V040,73.0,0.9915800728970524
2026-05-25,2026-05-25 11:32:36,V040,72.0,0.9920731095180104
2026-05-25,2026-05-25 11:32:37,V040,72.0,0.9917360378222252
2026-05-25,2026-05-25 11:32:38,V040,72.0,0.9919594897397657
2026-05-25,2026-05-25 11:32:39,V040,72.0,0.9920429970045146
2026-05-25,2026-05-25 11:32:40,V040,72.0,0.9915954461880333
2026-05-25,2026-05-25 11:32:41,V040,74.0,0.9918777969374056
2026-05-25,2026-05-25 11:32:42,V040,75.0,0.9910938398935577
2026-05-25,2026-05-25 11:32:43,V040,76.0,0.9915816314011574
2026-05-25,2026-05-25 11:32:44,V040,77.0,0.9916390530073879
2026-05-25,2026-05-25 11:32:45,V040,76.0,0.9914945399597676
2026-05-25,2026-05-25 11:32:46,V040,76.0,0.9919714992607856
2026-05-25,2026-05-25 11:32:47,V040,75.0,0.9921993163448679
2026-05-25,2026-05-25 11:32:48,V040,72.0,0.9916175625103328
2026-05-25,2026-05-25 11:32:49,V040,72.0,0.9917831137091686
2026-05-25,2026-05-25 11:32:50,V040,72.0,0.9918366235565967
2026-05-25,2026-05-25 11:32:51,V040,71.0,0.992543492589902
2026-05-25,2026-05-25 11:32:52,V040,70.0,0.9918835624999169
2026-05-25,2026-05-25 11:32:53,V040,70.0,0.9913724652679883
2026-05-25,2026-05-25 11:32:54,V040,69.0,0.9930538110446404
2026-05-25,2026-05-25 11:32:55,V040,69.0,0.9891892546980002
2026-05-25,2026-05-25 11:32:56,V040,69.0,0.9911409862616899
2026-05-25,2026-05-25 11:32:57,V040,69.0,0.9913843449588903
2026-05-25,2026-05-25 11:32:58,V040,68.0,0.9914399982095731
2026-05-25,2026-05-25 11:32:59,V040,68.0,0.9903694514804573
2026-05-25,2026-05-25 11:33:00,V040,68.0,0.9912527447690138
2026-05-25,2026-05-25 11:33:01,V040,68.0,0.9905248301868164
2026-05-25,2026-05-25 11:33:02,V040,68.0,0.9913456841141103
2026-05-25,2026-05-25 11:33:03,V040,68.0,0.9675239762736326
2026-05-25,2026-05-25 11:33:04,V040,68.0,1.017880467902433
2026-05-25,2026-05-25 11:33:05,V040,69.0,1.0165695562362067
2026-05-25,2026-05-25 11:33:06,V040,69.0,1.1673846794646179
2026-05-25,2026-05-25 11:33:07,V040,70.0,1.0817230235414368
2026-05-25,2026-05-25 11:33:08,V040,70.0,1.010091975741097
2026-05-25,2026-05-25 11:33:09,V040,70.0,0.9913915682715623
2026-05-25,2026-05-25 11:33:10,V040,70.0,0.9921232390324513
2026-05-25,2026-05-25 11:33:11,V040,69.0,0.9922111578613153
2026-05-25,2026-05-25 11:33:12,V040,68.0,1.0002422903900166
2026-05-25,2026-05-25 11:33:13,V040,67.0,1.0251635081917867
2026-05-25,2026-05-25 11:33:14,V040,66.0,0.9926751366604845
2026-05-25,2026-05-25 11:33:15,V040,66.0,1.0020166007257105
2026-05-25,2026-05-25 11:33:16,V040,67.0,0.9910172188902991
2026-05-25,2026-05-25 11:33:17,V040,69.0,0.9867991318233074
2026-05-25,2026-05-25 11:33:18,V040,70.0,0.9983334465247375
2026-05-25,2026-05-25 11:33:19,V040,71.0,0.9911073036389314
2026-05-25,2026-05-25 11:33:20,V040,72.0,0.9917230977260452
2026-05-25,2026-05-25 11:33:21,V040,73.0,0.9890689221621917
2026-05-25,2026-05-25 11:33:22,V040,74.0,0.9916982076512499
2026-05-25,2026-05-25 11:33:23,V040,75.0,0.9914020624498375
2026-05-25,2026-05-25 11:33:24,V040,75.0,0.991831724805425
2026-05-25,2026-05-25 11:33:25,V040,76.0,0.9909453953718391
2026-05-25,2026-05-25 11:33:26,V040,77.0,0.9914653829022622
2026-05-25,2026-05-25 11:33:27,V040,78.0,0.9910606352844389
2026-05-25,2026-05-25 11:33:28,V040,79.0,0.9915591959086951
2026-05-25,2026-05-25 11:33:29,V040,80.0,0.9910805548625917
2026-05-25,2026-05-25 11:33:30,V040,82.0,0.9916247149235435
2026-05-25,2026-05-25 11:33:31,V040,83.0,0.9909549841208742
2026-05-25,2026-05-25 11:33:32,V040,83.0,0.9913339995358074
2026-05-25,2026-05-25 11:33:33,V040,82.0,0.9914432007663166
2026-05-25,2026-05-25 11:33:34,V040,82.0,0.991064593336079
2026-05-25,2026-05-25 11:33:35,V040,81.0,1.003934556436075
2026-05-25,2026-05-25 11:33:36,V040,80.0,0.9996792302498266
2026-05-25,2026-05-25 11:33:37,V040,78.0,0.9895320541503679
2026-05-25,2026-05-25 11:33:38,V040,77.0,0.9848928999255379
2026-05-25,2026-05-25 11:33:39,V040,75.0,0.9835073506191385
2026-05-25,2026-05-25 11:33:40,V040,74.0,0.9848559413831277
2026-05-25,2026-05-25 11:33:41,V040,73.0,0.9830801800116965
2026-05-25,2026-05-25 11:33:42,V040,72.0,0.980936225794405
2026-05-25,2026-05-25 11:33:43,V040,71.0,0.9825805160350662
2026-05-25,2026-05-25 11:33:44,V040,70.0,0.9825412973252133
2026-05-25,2026-05-25 11:33:45,V040,70.0,0.9963412977404588
2026-05-25,2026-05-25 11:33:46,V040,70.0,0.9898597198662418
2026-05-25,2026-05-25 11:33:47,V040,70.0,0.9853725185137492
2026-05-25,2026-05-25 11:33:48,V040,70.0,0.9933727403003294
2026-05-25,2026-05-25 11:33:49,V040,70.0,1.0181260468050455
2026-05-25,2026-05-25 11:33:50,V040,70.0,0.9951375766493123
2026-05-25,2026-05-25 11:33:51,V040,71.0,0.9856024241934935
2026-05-25,2026-05-25 11:33:52,V040,71.0,0.9854989335558048
2026-05-25,2026-05-25 11:33:53,V040,72.0,0.98554262924439
2026-05-25,2026-05-25 11:33:54,V040,72.0,0.9863540637946557
2026-05-25,2026-05-25 11:33:55,V040,72.0,0.9853836183203598
2026-05-25,2026-05-25 11:33:56,V040,72.0,0.9861110823780023
2026-05-25,2026-05-25 11:33:57,V040,72.0,0.9863684165543679
2026-05-25,2026-05-25 11:33:58,V040,72.0,0.9857915675458707
2026-05-25,2026-05-25 11:33:59,V040,72.0,0.9858078968955871
2026-05-25,2026-05-25 11:34:00,V040,71.0,0.9859920203129787
2026-05-25,2026-05-25 11:34:01,V040,71.0,0.986016116412965
2026-05-25,2026-05-25 11:34:02,V040,71.0,0.9859517272831272
2026-05-25,2026-05-25 11:34:03,V040,70.0,0.986083489753616
2026-05-25,2026-05-25 11:34:04,V040,70.0,0.9859549111474484
2026-05-25,2026-05-25 11:34:05,V040,70.0,0.983588830692498
2026-05-25,2026-05-25 11:34:06,V040,70.0,0.9833250108117704
2026-05-25,2026-05-25 11:34:07,V040,70.0,0.9845353896224056
2026-05-25,2026-05-25 11:34:08,V040,70.0,0.9843138951392318
2026-05-25,2026-05-25 11:34:09,V040,69.0,0.9848620786978672
2026-05-25,2026-05-25 11:34:10,V040,69.0,0.9853962608003343
2026-05-25,2026-05-25 11:34:11,V040,68.0,0.9835565750474872
2026-05-25,2026-05-25 11:34:12,V040,67.0,0.9840333733693291
2026-05-25,2026-05-25 11:34:13,V040,66.0,0.9854763496120239
2026-05-25,2026-05-25 11:34:14,V040,65.0,0.9847306152149732
2026-05-25,2026-05-25 11:34:15,V040,64.0,0.9841402953192464
2026-05-25,2026-05-25 11:34:16,V040,63.0,0.9847120069672864
2026-05-25,2026-05-25 11:34:17,V040,63.0,0.9851408842447926
2026-05-25,2026-05-25 11:34:18,V040,63.0,0.9848154949816463
2026-05-25,2026-05-25 11:34:19,V040,63.0,0.984200146123372
2026-05-25,2026-05-25 11:34:20,V040,62.0,0.9847163520401989
2026-05-25,2026-05-25 11:34:21,V040,62.0,0.9849218321823139
2026-05-25,2026-05-25 11:34:22,V040,62.0,0.9848695751431868
2026-05-25,2026-05-25 11:34:23,V040,61.0,0.9840411651168658
2026-05-25,2026-05-25 11:34:24,V040,61.0,0.9849384263674064
2026-05-25,2026-05-25 11:34:25,V040,60.0,0.9848139758534659
2026-05-25,2026-05-25 11:34:26,V040,59.0,0.9845372842520791
2026-05-25,2026-05-25 11:34:27,V040,58.0,0.9847247631730975
2026-05-25,2026-05-25 11:34:28,V040,57.0,0.9851086606236421
2026-05-25,2026-05-25 11:34:29,V040,57.0,0.9843679754435319
2026-05-25,2026-05-25 11:34:30,V040,56.0,0.9848654688147839
2026-05-25,2026-05-25 11:34:31,V040,56.0,0.9849378926877335
2026-05-25,2026-05-25 11:34:32,V040,56.0,0.9846498584776241
2026-05-25,2026-05-25 11:34:33,V040,55.0,0.9850022419828264
2026-05-25,2026-05-25 11:34:34,V040,55.0,0.9853338454299824
2026-05-25,2026-05-25 11:34:35,V040,55.0,0.9842814631577362
2026-05-25,2026-05-25 11:34:36,V040,55.0,0.9847255249135751
2026-05-25,2026-05-25 11:34:37,V040,55.0,0.9850753111354348
2026-05-25,2026-05-25 11:34:38,V040,55.0,0.9845452569362197
2026-05-25,2026-05-25 11:34:39,V040,55.0,0.9847389320089802
2026-05-25,2026-05-25 11:34:40,V040,55.0,0.9845434269002518
2026-05-25,2026-05-25 11:34:41,V040,55.0,0.9847804807825318
2026-05-25,2026-05-25 11:34:42,V040,55.0,0.9844556024107776
2026-05-25,2026-05-25 11:34:43,V040,55.0,0.9865226812286102
2026-05-25,2026-05-25 11:34:44,V040,55.0,0.9851449143518757
2026-05-25,2026-05-25 11:34:45,V040,56.0,0.9889241213363573
2026-05-25,2026-05-25 11:34:46,V040,56.0,0.9822320371306729
2026-05-25,2026-05-25 11:34:47,V040,56.0,0.9847569544646687
2026-05-25,2026-05-25 11:34:48,V040,55.0,0.9874819809554639
2026-05-25,2026-05-25 11:34:49,V040,55.0,0.9850752007172154
2026-05-25,2026-05-25 11:34:50,V040,55.0,0.9850667923059218
2026-05-25,2026-05-25 11:34:51,V040,54.0,0.9853588617856492
2026-05-25,2026-05-25 11:34:52,V040,55.0,0.9850987997916647
2026-05-25,2026-05-25 11:34:53,V040,55.0,0.9850749900415589
2026-05-25,2026-05-25 11:34:54,V040,55.0,0.9853514049481492
2026-05-25,2026-05-25 11:34:55,V040,55.0,0.9850241263500695
2026-05-25,2026-05-25 11:34:56,V040,56.0,0.9847239612886831
2026-05-25,2026-05-25 11:34:57,V040,57.0,0.9851586344064377
2026-05-25,2026-05-25 11:34:58,V040,57.0,0.9858290759853439
2026-05-25,2026-05-25 11:34:59,V040,58.0,0.9845166906340872
2026-05-25,2026-05-25 11:35:00,V040,59.0,0.9846773970301363
2026-05-25,2026-05-25 11:35:01,V040,59.0,0.9851177668526944
2026-05-25,2026-05-25 11:35:02,V040,59.0,0.9831880111888969
2026-05-25,2026-05-25 11:35:03,V040,58.0,0.9849502569733736
2026-05-25,2026-05-25 11:35:04,V040,57.0,0.9841082928205771
2026-05-25,2026-05-25 11:35:05,V040,57.0,0.9839100719043581
2026-05-25,2026-05-25 11:35:06,V040,56.0,0.9836903370623569
2026-05-25,2026-05-25 11:35:07,V040,56.0,0.9834469970551271
2026-05-25,2026-05-25 11:35:08,V040,56.0,0.9843428418256025
2026-05-25,2026-05-25 11:35:09,V040,56.0,0.9848853135489953
2026-05-25,2026-05-25 11:35:10,V040,57.0,0.9834579921119032
2026-05-25,2026-05-25 11:35:11,V040,57.0,0.9854695499689241
2026-05-25,2026-05-25 11:35:12,V040,58.0,0.9851395920110788
2026-05-25,2026-05-25 11:35:13,V040,59.0,0.9843507935011817
2026-05-25,2026-05-25 11:35:14,V040,60.0,0.9842710485166817
2026-05-25,2026-05-25 11:35:15,V040,61.0,0.9845449478799385
2026-05-25,2026-05-25 11:35:16,V040,61.0,0.9846682009328906
2026-05-25,2026-05-25 11:35:17,V040,60.0,0.9845035611610985
2026-05-25,2026-05-25 11:35:18,V040,60.0,0.9846951167263996
2026-05-25,2026-05-25 11:35:19,V040,59.0,0.9843299769226436
2026-05-25,2026-05-25 11:35:20,V040,59.0,0.984580180288792
2026-05-25,2026-05-25 11:35:21,V040,59.0,0.9843460487619581
2026-05-25,2026-05-25 11:35:22,V040,59.0,0.9845226314682278
2026-05-25,2026-05-25 11:35:23,V040,58.0,0.9841737112741045
2026-05-25,2026-05-25 11:35:24,V040,58.0,0.9842170028478527
2026-05-25,2026-05-25 11:35:25,V040,57.0,0.986212046278979
2026-05-25,2026-05-25 11:35:26,V040,56.0,0.9839269927670534
2026-05-25,2026-05-25 11:35:27,V040,56.0,0.9846640327323714
2026-05-25,2026-05-25 11:35:28,V040,56.0,0.9845189856990131
2026-05-25,2026-05-25 11:35:29,V040,56.0,0.9840568693102836
2026-05-25,2026-05-25 11:35:30,V040,56.0,0.9844251140520128
2026-05-25,2026-05-25 11:35:31,V040,56.0,0.9843836789173979
2026-05-25,2026-05-25 11:35:32,V040,56.0,0.984487219450884
2026-05-25,2026-05-25 11:35:33,V040,56.0,0.9849522191382671
2026-05-25,2026-05-25 11:35:34,V040,56.0,0.9846615183297559
2026-05-25,2026-05-25 11:35:35,V040,56.0,0.9844988206588743
2026-05-25,2026-05-25 11:35:36,V040,56.0,0.9844081665445421
2026-05-25,2026-05-25 11:35:37,V040,57.0,0.984384048210948
2026-05-25,2026-05-25 11:35:38,V040,58.0,0.9840609074199823
2026-05-25,2026-05-25 11:35:39,V040,60.0,0.9850612667941533
2026-05-25,2026-05-25 11:35:40,V040,61.0,0.9852119532767831
2026-05-25,2026-05-25 11:35:41,V040,63.0,0.9845779243244707
2026-05-25,2026-05-25 11:35:42,V040,64.0,0.9845980364652662
2026-05-25,2026-05-25 11:35:43,V040,66.0,0.9844069679896142
2026-05-25,2026-05-25 11:35:44,V040,66.0,0.9842529538023369
2026-05-25,2026-05-25 11:35:45,V040,66.0,0.9848253804698858
2026-05-25,2026-05-25 11:35:46,V040,66.0,0.9850633783146097
2026-05-25,2026-05-25 11:35:47,V040,65.0,0.985014424305353
2026-05-25,2026-05-25 11:35:48,V040,64.0,0.984195386787987
2026-05-25,2026-05-25 11:35:49,V040,65.0,0.9846401416893019
2026-05-25,2026-05-25 11:35:50,V040,65.0,0.9849819854774253
2026-05-25,2026-05-25 11:35:51,V040,66.0,0.9849480510377217
2026-05-25,2026-05-25 11:35:52,V040,67.0,0.9845275157422125
2026-05-25,2026-05-25 11:35:53,V040,67.0,0.984848960881403
2026-05-25,2026-05-25 11:35:54,V040,67.0,0.9843965211881801
2026-05-25,2026-05-25 11:35:55,V040,67.0,0.9843904400551968
2026-05-25,2026-05-25 11:35:56,V040,67.0,0.9846463692073163
2026-05-25,2026-05-25 11:35:57,V040,68.0,0.9849405341258837
2026-05-25,2026-05-25 11:35:58,V040,69.0,0.9847179351092032
2026-05-25,2026-05-25 11:35:59,V040,69.0,0.9846178098067913
2026-05-25,2026-05-25 11:36:00,V040,69.0,0.9850998960476626
2026-05-25,2026-05-25 11:36:01,V040,68.0,0.9843703885745333
2026-05-25,2026-05-25 11:36:02,V040,68.0,1.0747033682488383
2026-05-25,2026-05-25 11:36:03,V040,67.0,1.1200295753612606
2026-05-25,2026-05-25 11:36:04,V040,66.0,1.642580930612816
2026-05-25,2026-05-25 11:36:05,V040,66.0,1.7759874100028266
2026-05-25,2026-05-25 11:36:06,V040,66.0,1.3286017316016634
2026-05-25,2026-05-25 11:36:07,V040,66.0,1.0765607134185704
2026-05-25,2026-05-25 11:36:08,V040,66.0,0.9955577512858572
2026-05-25,2026-05-25 11:36:09,V040,67.0,1.0328044430806205
2026-05-25,2026-05-25 11:36:10,V040,67.0,1.0192138001755533
2026-05-25,2026-05-25 11:36:11,V040,68.0,0.9944951136298725
2026-05-25,2026-05-25 11:36:12,V040,68.0,0.9961046703823896
2026-05-25,2026-05-25 11:36:13,V040,67.0,0.9901719519196766
2026-05-25,2026-05-25 11:36:14,V040,66.0,0.9806202242997841
2026-05-25,2026-05-25 11:36:15,V040,67.0,0.980666460695784
2026-05-25,2026-05-25 11:36:16,V040,69.0,0.9798389168909302
2026-05-25,2026-05-25 11:36:17,V040,69.0,0.9807491523119461
2026-05-25,2026-05-25 11:36:18,V040,72.0,0.9803488969340948
2026-05-25,2026-05-25 11:36:19,V040,73.0,0.981123427019846
2026-05-25,2026-05-25 11:36:20,V040,73.0,0.980396605383915
2026-05-25,2026-05-25 11:36:21,V040,74.0,0.980547068392638
2026-05-25,2026-05-25 11:36:22,V040,76.0,0.9805954239919031
2026-05-25,2026-05-25 11:36:23,V040,77.0,0.9803272992308961
2026-05-25,2026-05-25 11:36:24,V040,77.0,0.9813555896946885
2026-05-25,2026-05-25 11:36:25,V040,78.0,0.9801635243865
2026-05-25,2026-05-25 11:36:26,V040,79.0,0.9809763038637901
2026-05-25,2026-05-25 11:36:27,V040,80.0,0.9807618668167022
2026-05-25,2026-05-25 11:36:28,V040,81.0,0.9805615756139234
2026-05-25,2026-05-25 11:36:29,V040,82.0,0.9804848496986127
2026-05-25,2026-05-25 11:36:30,V040,82.0,0.9810209076135838
2026-05-25,2026-05-25 11:36:31,V040,81.0,0.980733606627749
2026-05-25,2026-05-25 11:36:32,V040,80.0,0.9805228259519895
2026-05-25,2026-05-25 11:36:33,V040,79.0,0.980404984067677
2026-05-25,2026-05-25 11:36:34,V040,78.0,0.9806733504471323
2026-05-25,2026-05-25 11:36:35,V040,76.0,0.9806408217696005
2026-05-25,2026-05-25 11:36:36,V040,74.0,0.9804248268719385
2026-05-25,2026-05-25 11:36:37,V040,72.0,0.9809128849194247
2026-05-25,2026-05-25 11:36:38,V040,71.0,0.9808511298949248
2026-05-25,2026-05-25 11:36:39,V040,70.0,0.9811134490852708
2026-05-25,2026-05-25 11:36:40,V040,69.0,0.9810408958725231
2026-05-25,2026-05-25 11:36:41,V040,68.0,0.9811034234522106
2026-05-25,2026-05-25 11:36:42,V040,67.0,0.9806340639534988
2026-05-25,2026-05-25 11:36:43,V040,66.0,0.9810415615059047
2026-05-25,2026-05-25 11:36:44,V040,66.0,0.9809611259222762
2026-05-25,2026-05-25 11:36:45,V040,65.0,0.9808858357722268
2026-05-25,2026-05-25 11:36:46,V040,64.0,0.9804020652918548
2026-05-25,2026-05-25 11:36:47,V040,63.0,0.9810402057126253
2026-05-25,2026-05-25 11:36:48,V040,62.0,0.9808058866438789
2026-05-25,2026-05-25 11:36:49,V040,60.0,0.9811891430334257
2026-05-25,2026-05-25 11:36:50,V040,59.0,0.9802631326533137
2026-05-25,2026-05-25 11:36:51,V040,57.0,0.9812030876101405
2026-05-25,2026-05-25 11:36:52,V040,56.0,0.9809468485982696
2026-05-25,2026-05-25 11:36:53,V040,55.0,0.9811009423689447
2026-05-25,2026-05-25 11:36:54,V040,54.0,0.9805852985008672
2026-05-25,2026-05-25 11:36:55,V040,53.0,0.9808190473283048
2026-05-25,2026-05-25 11:36:56,V040,52.0,0.9810767150622317
2026-05-25,2026-05-25 11:36:57,V040,52.0,0.9809912801304587
2026-05-25,2026-05-25 11:36:58,V040,51.0,0.9809776150778867
2026-05-25,2026-05-25 11:36:59,V040,51.0,0.9806039719678786
2026-05-25,2026-05-25 11:37:00,V040,51.0,0.9808430312117784
2026-05-25,2026-05-25 11:37:01,V040,51.0,0.9813029531603905
2026-05-25,2026-05-25 11:37:02,V040,51.0,0.9808687537162454
2026-05-25,2026-05-25 11:37:03,V040,52.0,0.9802822823065657
2026-05-25,2026-05-25 11:37:04,V040,52.0,0.980980093292367
2026-05-25,2026-05-25 11:37:05,V040,52.0,0.9805932251544199
2026-05-25,2026-05-25 11:37:06,V040,53.0,0.9806594340279245
2026-05-25,2026-05-25 11:37:07,V040,53.0,0.9807758582240071
2026-05-25,2026-05-25 11:37:08,V040,53.0,0.9813667375403944
2026-05-25,2026-05-25 11:37:09,V040,54.0,0.9811017860126204
2026-05-25,2026-05-25 11:37:10,V040,54.0,0.9807507696522357
2026-05-25,2026-05-25 11:37:11,V040,54.0,0.9810802662809427
2026-05-25,2026-05-25 11:37:12,V040,54.0,0.9813607018372954
2026-05-25,2026-05-25 11:37:13,V040,54.0,0.9808946828543298
2026-05-25,2026-05-25 11:37:14,V040,53.0,0.9811389683837095
2026-05-25,2026-05-25 11:37:15,V040,53.0,0.9809436168386908
2026-05-25,2026-05-25 11:37:16,V040,52.0,0.9802968190811261
2026-05-25,2026-05-25 11:37:17,V040,53.0,0.9808100796542566
2026-05-25,2026-05-25 11:37:18,V040,53.0,0.9810754259588835
2026-05-25,2026-05-25 11:37:19,V040,53.0,0.9809705994052708
2026-05-25,2026-05-25 11:37:20,V040,52.0,0.9805920801707129
2026-05-25,2026-05-25 11:37:21,V040,52.0,0.9810407322957794
2026-05-25,2026-05-25 11:37:22,V040,52.0,0.9808011140500773
2026-05-25,2026-05-25 11:37:23,V040,51.0,0.9811108308616588
2026-05-25,2026-05-25 11:37:24,V040,51.0,0.9806480016111672
2026-05-25,2026-05-25 11:37:25,V040,51.0,0.9809259030330707
2026-05-25,2026-05-25 11:37:26,V040,51.0,0.9810585291506918
2026-05-25,2026-05-25 11:37:27,V040,51.0,0.9806413240575006
2026-05-25,2026-05-25 11:37:28,V040,52.0,0.9809840522627385
2026-05-25,2026-05-25 11:37:29,V040,51.0,0.9804564342262276
2026-05-25,2026-05-25 11:37:30,V040,51.0,0.9807941323987535
2026-05-25,2026-05-25 11:37:31,V040,51.0,0.9813431328417095
2026-05-25,2026-05-25 11:37:32,V040,51.0,0.981067275692061
2026-05-25,2026-05-25 11:37:33,V040,51.0,0.9814765111759429
2026-05-25,2026-05-25 11:37:34,V040,50.0,0.9806718880621591
2026-05-25,2026-05-25 11:37:35,V040,50.0,0.9811091534289345
2026-05-25,2026-05-25 11:37:36,V040,50.0,0.9808621793984316
2026-05-25,2026-05-25 11:37:37,V040,50.0,0.980703517825288
2026-05-25,2026-05-25 11:37:38,V040,50.0,0.9809648390924124
2026-05-25,2026-05-25 11:37:39,V040,51.0,0.981052765402331
2026-05-25,2026-05-25 11:37:40,V040,52.0,0.9806821569964707
2026-05-25,2026-05-25 11:37:41,V040,53.0,0.9810329143043033
2026-05-25,2026-05-25 11:37:42,V040,53.0,0.9810668061452567
2026-05-25,2026-05-25 11:37:43,V040,53.0,0.9810357252937252
2026-05-25,2026-05-25 11:37:44,V040,53.0,0.9804480853127864
2026-05-25,2026-05-25 11:37:45,V040,53.0,0.9808366670445083
2026-05-25,2026-05-25 11:37:46,V040,53.0,0.9811263104608341
2026-05-25,2026-05-25 11:37:47,V040,53.0,0.9807914225250597
2026-05-25,2026-05-25 11:37:48,V040,54.0,0.9809707741142201
2026-05-25,2026-05-25 11:37:49,V040,54.0,0.980878457488486
2026-05-25,2026-05-25 11:37:50,V040,55.0,0.9803534347878929
2026-05-25,2026-05-25 11:37:51,V040,55.0,0.9813297588846104
2026-05-25,2026-05-25 11:37:52,V040,55.0,0.9808148188699737
2026-05-25,2026-05-25 11:37:53,V040,55.0,0.9808638076296157
2026-05-25,2026-05-25 11:37:54,V040,55.0,0.9811081522676389
2026-05-25,2026-05-25 11:37:55,V040,55.0,0.9813541895799799
2026-05-25,2026-05-25 11:37:56,V040,55.0,0.9809419308273101
2026-05-25,2026-05-25 11:37:57,V040,54.0,0.9806533671850475
2026-05-25,2026-05-25 11:37:58,V040,53.0,0.9810368364645747
2026-05-25,2026-05-25 11:37:59,V040,53.0,0.9814636011792236
2026-05-25,2026-05-25 11:38:00,V040,52.0,0.9810800531900059
2026-05-25,2026-05-25 11:38:01,V040,51.0,0.981293286239355
2026-05-25,2026-05-25 11:38:02,V040,51.0,0.9808888564775674
2026-05-25,2026-05-25 11:38:03,V040,50.0,0.980927763715942
2026-05-25,2026-05-25 11:38:04,V040,50.0,0.9805402263358305
2026-05-25,2026-05-25 11:38:05,V040,50.0,0.9810355895325251
2026-05-25,2026-05-25 11:38:06,V040,50.0,0.9805274588590517
2026-05-25,2026-05-25 11:38:07,V040,52.0,0.9805937246620989
2026-05-25,2026-05-25 11:38:08,V040,53.0,0.9809773043162081
2026-05-25,2026-05-25 11:38:09,V040,53.0,0.9812417621551911
2026-05-25,2026-05-25 11:38:10,V040,54.0,0.9811455094203656
2026-05-25,2026-05-25 11:38:11,V040,53.0,0.9806944256844686
2026-05-25,2026-05-25 11:38:12,V040,52.0,0.9810269504964725
2026-05-25,2026-05-25 11:38:13,V040,51.0,0.9804952219977158
2026-05-25,2026-05-25 11:38:14,V040,50.0,0.9805853636250428
2026-05-25,2026-05-25 11:38:15,V040,51.0,0.9806259128800997
2026-05-25,2026-05-25 11:38:16,V040,51.0,0.9808931606358159
2026-05-25,2026-05-25 11:38:17,V040,51.0,0.980766269675574
2026-05-25,2026-05-25 11:38:18,V040,52.0,0.9806094691276466
2026-05-25,2026-05-25 11:38:19,V040,51.0,0.9809282541605929
2026-05-25,2026-05-25 11:38:20,V040,51.0,0.9809600101448935
2026-05-25,2026-05-25 11:38:21,V040,51.0,0.9807751128356883
2026-05-25,2026-05-25 11:38:22,V040,51.0,0.9812335638686536
2026-05-25,2026-05-25 11:38:23,V040,50.0,0.9812357669273056
2026-05-25,2026-05-25 11:38:24,V040,50.0,0.9809458661793001
2026-05-25,2026-05-25 11:38:25,V040,50.0,0.9811421670616374
2026-05-25,2026-05-25 11:38:26,V040,50.0,0.9810508209632204
2026-05-25,2026-05-25 11:38:27,V040,50.0,0.9809925773408305
2026-05-25,2026-05-25 11:38:28,V040,50.0,0.9806891513115494
2026-05-25,2026-05-25 11:38:29,V040,50.0,0.9811799263616062
2026-05-25,2026-05-25 11:38:30,V040,50.0,0.9807063152528201
2026-05-25,2026-05-25 11:38:31,V040,50.0,0.980646877014551
2026-05-25,2026-05-25 11:38:32,V040,50.0,0.981428267974877
2026-05-25,2026-05-25 11:38:33,V040,50.0,0.9809967270291685
2026-05-25,2026-05-25 11:38:34,V040,50.0,0.9806996470114877
2026-05-25,2026-05-25 11:38:35,V040,50.0,0.9813647989699691
2026-05-25,2026-05-25 11:38:36,V040,50.0,0.9812352244504866
2026-05-25,2026-05-25 11:38:37,V040,50.0,0.9806887162534262
2026-05-25,2026-05-25 11:38:38,V040,51.0,0.9811085285301678
2026-05-25,2026-05-25 11:38:39,V040,51.0,0.9810576814989935
2026-05-25,2026-05-25 11:38:40,V040,51.0,0.9807511068985824
2026-05-25,2026-05-25 11:38:41,V040,50.0,0.9807140389591305
2026-05-25,2026-05-25 11:38:42,V040,50.0,0.9823846952197266
2026-05-25,2026-05-25 11:38:43,V040,51.0,0.9816408019476687
2026-05-25,2026-05-25 11:38:44,V040,51.0,0.9821782364369054
2026-05-25,2026-05-25 11:38:45,V040,52.0,0.9812708821306004
2026-05-25,2026-05-25 11:38:46,V040,52.0,0.9817183027818975
2026-05-25,2026-05-25 11:38:47,V040,51.0,0.9813514416721291
2026-05-25,2026-05-25 11:38:48,V040,51.0,0.9814179925189163
2026-05-25,2026-05-25 11:38:49,V040,50.0,0.9810706297190283
2026-05-25,2026-05-25 11:38:50,V040,50.0,0.9815214200208373
2026-05-25,2026-05-25 11:38:51,V040,49.0,0.981400573189777
2026-05-25,2026-05-25 11:38:52,V040,49.0,0.9820020201666829
2026-05-25,2026-05-25 11:38:53,V040,50.0,0.9816764461903886
2026-05-25,2026-05-25 11:38:54,V040,50.0,0.9813820085105072
2026-05-25,2026-05-25 11:38:55,V040,50.0,0.9816318308374298
2026-05-25,2026-05-25 11:38:56,V040,50.0,0.9817097057518522
2026-05-25,2026-05-25 11:38:57,V040,50.0,0.9812092424974125
2026-05-25,2026-05-25 11:38:58,V040,49.0,0.9824486872877524
2026-05-25,2026-05-25 11:38:59,V040,48.0,0.9822980069992556
2026-05-25,2026-05-25 11:39:00,V040,48.0,0.9818112406492643
2026-05-25,2026-05-25 11:39:01,V040,47.0,0.9818260877028812
2026-05-25,2026-05-25 11:39:02,V040,47.0,0.981480590956689
2026-05-25,2026-05-25 11:39:03,V040,48.0,0.9817375339632973
2026-05-25,2026-05-25 11:39:04,V040,48.0,0.9810693891035892
2026-05-25,2026-05-25 11:39:05,V040,48.0,0.9815010482275104
2026-05-25,2026-05-25 11:39:06,V040,49.0,0.9816841019908338
2026-05-25,2026-05-25 11:39:07,V040,49.0,0.9813903347021371
2026-05-25,2026-05-25 11:39:08,V040,49.0,0.9819575485484546
2026-05-25,2026-05-25 11:39:09,V040,49.0,0.9819828604398795
2026-05-25,2026-05-25 11:39:10,V040,48.0,0.9817885891965932
2026-05-25,2026-05-25 11:39:11,V040,49.0,0.9823764730160404
2026-05-25,2026-05-25 11:39:12,V040,50.0,0.9816603972494152
2026-05-25,2026-05-25 11:39:13,V040,50.0,0.9817835514490343
2026-05-25,2026-05-25 11:39:14,V040,51.0,0.9822484208946167
2026-05-25,2026-05-25 11:39:15,V040,51.0,0.9816606881775223
2026-05-25,2026-05-25 11:39:16,V040,50.0,0.9818586386183884
2026-05-25,2026-05-25 11:39:17,V040,51.0,0.9818721676772493
2026-05-25,2026-05-25 11:39:18,V040,51.0,0.9819924475280394
2026-05-25,2026-05-25 11:39:19,V040,51.0,0.9818225538977928
2026-05-25,2026-05-25 11:39:20,V040,51.0,0.9819278114631471
2026-05-25,2026-05-25 11:39:21,V040,52.0,0.9817448314991143
2026-05-25,2026-05-25 11:39:22,V040,52.0,0.9819883197122798
2026-05-25,2026-05-25 11:39:23,V040,53.0,0.9823680553338823
2026-05-25,2026-05-25 11:39:24,V040,54.0,0.9813324949158347
2026-05-25,2026-05-25 11:39:25,V040,55.0,0.9815719598427017
2026-05-25,2026-05-25 11:39:26,V040,56.0,0.9817663200789469
2026-05-25,2026-05-25 11:39:27,V040,57.0,0.9820369552348124
2026-05-25,2026-05-25 11:39:28,V040,57.0,0.9818245213711189
2026-05-25,2026-05-25 11:39:29,V040,57.0,0.9819107463251342
2026-05-25,2026-05-25 11:39:30,V040,57.0,0.9820439894154368
2026-05-25,2026-05-25 11:39:31,V040,56.0,0.981514743353756
2026-05-25,2026-05-25 11:39:32,V040,56.0,0.9817985429479569
2026-05-25,2026-05-25 11:39:33,V040,55.0,0.9812197196788235
2026-05-25,2026-05-25 11:39:34,V040,55.0,0.9815247514665856
2026-05-25,2026-05-25 11:39:35,V040,54.0,0.9817788140027749
2026-05-25,2026-05-25 11:39:36,V040,54.0,0.9819668265854148
2026-05-25,2026-05-25 11:39:37,V040,53.0,0.9815569911697392
2026-05-25,2026-05-25 11:39:38,V040,52.0,0.9815733189521839
2026-05-25,2026-05-25 11:39:39,V040,51.0,0.9818267808833018
2026-05-25,2026-05-25 11:39:40,V040,51.0,0.9822299814373795
2026-05-25,2026-05-25 11:39:41,V040,50.0,0.982047093511097
2026-05-25,2026-05-25 11:39:42,V040,50.0,0.9817947428798717
2026-05-25,2026-05-25 11:39:43,V040,50.0,0.9819535721808178
2026-05-25,2026-05-25 11:39:44,V040,49.0,0.9818238970332027
2026-05-25,2026-05-25 11:39:45,V040,49.0,0.981326472520959
2026-05-25,2026-05-25 11:39:46,V040,48.0,0.9817008709862103
2026-05-25,2026-05-25 11:39:47,V040,48.0,0.9813035365765099
2026-05-25,2026-05-25 11:39:48,V040,48.0,0.9816711620696771
2026-05-25,2026-05-25 11:39:49,V040,47.0,0.981592933264477
2026-05-25,2026-05-25 11:39:50,V040,47.0,0.98201804256789
2026-05-25,2026-05-25 11:39:51,V040,47.0,0.9811962543086188
2026-05-25,2026-05-25 11:39:52,V040,47.0,0.9818475083884732
2026-05-25,2026-05-25 11:39:53,V040,47.0,0.9815929231623812
2026-05-25,2026-05-25 11:39:54,V040,47.0,0.9817800164243972
2026-05-25,2026-05-25 11:39:55,V040,47.0,0.981873405871998
2026-05-25,2026-05-25 11:39:56,V040,47.0,0.9810923909094534
2026-05-25,2026-05-25 11:39:57,V040,48.0,0.9819612255213186
2026-05-25,2026-05-25 11:39:58,V040,48.0,0.9814397486936851
2026-05-25,2026-05-25 11:39:59,V040,48.0,0.9816815158954029
2026-05-25,2026-05-25 11:40:00,V040,48.0,0.981593104318429
2026-05-25,2026-05-25 11:40:01,V040,48.0,0.9821410577781836
2026-05-25,2026-05-25 11:40:02,V040,48.0,0.9814851061488625
2026-05-25,2026-05-25 11:40:03,V040,48.0,0.981946317930224
2026-05-25,2026-05-25 11:40:04,V040,47.0,0.9816352257862955
2026-05-25,2026-05-25 11:40:05,V040,47.0,0.9814819083858244
2026-05-25,2026-05-25 11:40:06,V040,47.0,0.9821689168455138
2026-05-25,2026-05-25 11:40:07,V040,47.0,0.9821281309234531
2026-05-25,2026-05-25 11:40:08,V040,48.0,0.9824375447431852
2026-05-25,2026-05-25 11:40:09,V040,48.0,0.981437805976999
2026-05-25,2026-05-25 11:40:10,V040,48.0,0.9816287915684169
2026-05-25,2026-05-25 11:40:11,V040,48.0,0.9810134916872313
2026-05-25,2026-05-25 11:40:12,V040,49.0,0.9818457241932647
2026-05-25,2026-05-25 11:40:13,V040,49.0,0.9816436249619903
2026-05-25,2026-05-25 11:40:14,V040,50.0,0.9814723103759487
2026-05-25,2026-05-25 11:40:15,V040,49.0,0.9816611572454432
2026-05-25,2026-05-25 11:40:16,V040,49.0,0.9820271234506204
2026-05-25,2026-05-25 11:40:17,V040,50.0,0.9815196627436742
2026-05-25,2026-05-25 11:40:18,V040,50.0,0.9816888732256566
2026-05-25,2026-05-25 11:40:19,V040,50.0,0.9813858949527768
2026-05-25,2026-05-25 11:40:20,V040,50.0,0.9817082048201743
2026-05-25,2026-05-25 11:40:21,V040,49.0,0.9812351854572419
2026-05-25,2026-05-25 11:40:22,V040,49.0,0.9816279166609049
2026-05-25,2026-05-25 11:40:23,V040,49.0,0.9819063195613708
2026-05-25,2026-05-25 11:40:24,V040,48.0,0.9822847698655325
2026-05-25,2026-05-25 11:40:25,V040,48.0,0.9815629667254891
2026-05-25,2026-05-25 11:40:26,V040,48.0,0.9815922787694343
2026-05-25,2026-05-25 11:40:27,V040,49.0,0.9817540303900963
2026-05-25,2026-05-25 11:40:28,V040,49.0,0.9809695306837845
2026-05-25,2026-05-25 11:40:29,V040,49.0,0.9817078507945739
2026-05-25,2026-05-25 11:40:30,V040,49.0,0.9820761665361865
2026-05-25,2026-05-25 11:40:31,V040,49.0,0.9817612216762964
2026-05-25,2026-05-25 11:40:32,V040,49.0,0.9813704937496943
2026-05-25,2026-05-25 11:40:33,V040,49.0,0.9817926465037927
2026-05-25,2026-05-25 11:40:34,V040,50.0,0.981968643580259
2026-05-25,2026-05-25 11:40:35,V040,50.0,0.9816945629868952
2026-05-25,2026-05-25 11:40:36,V040,50.0,0.981306791677536
2026-05-25,2026-05-25 11:40:37,V040,49.0,0.981757928770636
2026-05-25,2026-05-25 11:40:38,V040,49.0,0.9815031454076426
2026-05-25,2026-05-25 11:40:39,V040,48.0,0.9811793448940157
2026-05-25,2026-05-25 11:40:40,V040,48.0,0.9815698748295898
2026-05-25,2026-05-25 11:40:41,V040,48.0,0.9818420051859095
2026-05-25,2026-05-25 11:40:42,V040,49.0,0.9819020529372954
2026-05-25,2026-05-25 11:40:43,V040,49.0,0.9816090827229731
2026-05-25,2026-05-25 11:40:44,V040,49.0,0.9815563685942379
2026-05-25,2026-05-25 11:40:45,V040,49.0,0.9819787552092156
2026-05-25,2026-05-25 11:40:46,V040,49.0,0.9820382012121216
2026-05-25,2026-05-25 11:40:47,V040,49.0,0.9813806127556046
2026-05-25,2026-05-25 11:40:48,V040,49.0,0.981560184325336
2026-05-25,2026-05-25 11:40:49,V040,49.0,0.981819686755131
2026-05-25,2026-05-25 11:40:50,V040,49.0,0.9819179466994419
2026-05-25,2026-05-25 11:40:51,V040,49.0,0.9815477604109238
2026-05-25,2026-05-25 11:40:52,V040,49.0,0.9819452522099423
2026-05-25,2026-05-25 11:40:53,V040,49.0,0.9821074303053949
2026-05-25,2026-05-25 11:40:54,V040,48.0,0.982031950446144
2026-05-25,2026-05-25 11:40:55,V040,48.0,0.9815754601124849
2026-05-25,2026-05-25 11:40:56,V040,48.0,0.9820476991547767
2026-05-25,2026-05-25 11:40:57,V040,48.0,0.9811060875104787
2026-05-25,2026-05-25 11:40:58,V040,49.0,0.9822655502001657
2026-05-25,2026-05-25 11:40:59,V040,49.0,0.98180923660878
2026-05-25,2026-05-25 11:41:00,V040,50.0,0.9817933529098858
2026-05-25,2026-05-25 11:41:01,V040,50.0,0.9819205230046217
2026-05-25,2026-05-25 11:41:02,V040,50.0,0.9815192097310065
2026-05-25,2026-05-25 11:41:03,V040,51.0,0.9824979192401583
2026-05-25,2026-05-25 11:41:04,V040,52.0,0.9819397830721203
2026-05-25,2026-05-25 11:41:05,V040,52.0,0.9820192004708359
2026-05-25,2026-05-25 11:41:06,V040,53.0,0.981839825270228
2026-05-25,2026-05-25 11:41:07,V040,53.0,0.9819871427510545
2026-05-25,2026-05-25 11:41:08,V040,52.0,0.982041483195075
2026-05-25,2026-05-25 11:41:09,V040,51.0,0.9821211171516837
2026-05-25,2026-05-25 11:41:10,V040,51.0,0.9820882344731503
2026-05-25,2026-05-25 11:41:11,V040,51.0,0.9822395267812206
2026-05-25,2026-05-25 11:41:12,V040,50.0,0.9822236668934087
2026-05-25,2026-05-25 11:41:13,V040,51.0,0.981803819102494
2026-05-25,2026-05-25 11:41:14,V040,51.0,0.9821487053547884
2026-05-25,2026-05-25 11:41:15,V040,50.0,0.981339962379346
2026-05-25,2026-05-25 11:41:16,V040,50.0,0.9821512844312347
2026-05-25,2026-05-25 11:41:17,V040,50.0,1.002099934180041
2026-05-25,2026-05-25 11:41:18,V040,50.0,0.9946655890688291
2026-05-25,2026-05-25 11:41:19,V040,50.0,1.0103549442305206
2026-05-25,2026-05-25 11:41:20,V040,49.0,0.9860892396047647
2026-05-25,2026-05-25 11:41:21,V040,48.0,1.0091919777804337
2026-05-25,2026-05-25 11:41:22,V040,48.0,0.9949548093278072
2026-05-25,2026-05-25 11:41:23,V040,48.0,1.0897255235357053
2026-05-25,2026-05-25 11:41:24,V040,48.0,0.9999265317864813
2026-05-25,2026-05-25 11:41:25,V040,48.0,1.0419826416421574
2026-05-25,2026-05-25 11:41:26,V040,48.0,0.9848703330611196
2026-05-25,2026-05-25 11:41:27,V040,49.0,1.0365582160443827
2026-05-25,2026-05-25 11:41:28,V040,49.0,0.990187130669399
2026-05-25,2026-05-25 11:41:29,V040,49.0,1.0211864115027025
2026-05-25,2026-05-25 11:41:30,V040,49.0,0.9999559900055641
2026-05-25,2026-05-25 11:41:31,V040,50.0,0.9927185100854639
2026-05-25,2026-05-25 11:41:32,V040,51.0,0.9875122494320154
2026-05-25,2026-05-25 11:41:33,V040,53.0,0.9879906467531238
2026-05-25,2026-05-25 11:41:34,V040,54.0,0.9871627377265964
2026-05-25,2026-05-25 11:41:35,V040,56.0,0.9914819808204725
2026-05-25,2026-05-25 11:41:36,V040,58.0,0.9867969090135834
2026-05-25,2026-05-25 11:41:37,V040,60.0,0.986429278606748
2026-05-25,2026-05-25 11:41:38,V040,62.0,0.9904834422283054
2026-05-25,2026-05-25 11:41:39,V040,66.0,0.9940802025265018
2026-05-25,2026-05-25 11:41:40,V040,69.0,0.986869266080726
2026-05-25,2026-05-25 11:41:41,V040,72.0,1.0118069109072034
2026-05-25,2026-05-25 11:41:42,V040,75.0,1.0616985988527017
2026-05-25,2026-05-25 11:41:43,V040,76.0,1.0342702373872603
2026-05-25,2026-05-25 11:41:44,V040,78.0,1.0019874377484244
2026-05-25,2026-05-25 11:41:45,V040,78.0,0.9935335872613338
2026-05-25,2026-05-25 11:41:46,V040,78.0,1.2209685312938505
2026-05-25,2026-05-25 11:41:47,V040,77.0,1.1588953988448778
2026-05-25,2026-05-25 11:41:48,V040,77.0,1.066418235543689
2026-05-25,2026-05-25 11:41:49,V040,76.0,1.064440734845661
2026-05-25,2026-05-25 11:41:50,V040,75.0,1.1501901104024723
2026-05-25,2026-05-25 11:41:51,V040,74.0,1.3464103946238482
2026-05-25,2026-05-25 11:41:52,V040,73.0,1.232804220753846
2026-05-25,2026-05-25 11:41:53,V040,73.0,1.1886086411238082
2026-05-25,2026-05-25 11:41:54,V040,73.0,1.0294002131640139
2026-05-25,2026-05-25 11:41:55,V040,73.0,1.0041916854845345
2026-05-25,2026-05-25 11:41:56,V040,73.0,1.032220099727521
2026-05-25,2026-05-25 11:41:57,V040,73.0,1.1448519499697132
2026-05-25,2026-05-25 11:41:58,V040,73.0,1.0701539686359633
2026-05-25,2026-05-25 11:41:59,V040,74.0,1.015120933421073
2026-05-25,2026-05-25 11:42:00,V040,74.0,1.0628134651587042
2026-05-25,2026-05-25 11:42:01,V040,75.0,1.0277767089382206
2026-05-25,2026-05-25 11:42:02,V040,75.0,1.1315840453040285
2026-05-25,2026-05-25 11:42:03,V040,75.0,1.1230097256988198
2026-05-25,2026-05-25 11:42:04,V040,75.0,1.0656297639347547
2026-05-25,2026-05-25 11:42:05,V040,75.0,1.0236759572477339
2026-05-25,2026-05-25 11:42:06,V040,76.0,1.073133332555015
2026-05-25,2026-05-25 11:42:07,V040,76.0,1.0692641806202017
2026-05-25,2026-05-25 11:42:08,V040,76.0,1.0234104867795561
2026-05-25,2026-05-25 11:42:09,V040,77.0,1.0407170611353165
2026-05-25,2026-05-25 11:42:10,V040,77.0,1.0134658576045938
2026-05-25,2026-05-25 11:42:11,V040,77.0,1.0522669582437623
2026-05-25,2026-05-25 11:42:12,V040,77.0,1.047836943488446
2026-05-25,2026-05-25 11:42:13,V040,77.0,1.0345157015514874
2026-05-25,2026-05-25 11:42:14,V040,77.0,1.0441126152691058
2026-05-25,2026-05-25 11:42:15,V040,77.0,1.0384273607445533
2026-05-25,2026-05-25 11:42:16,V040,76.0,1.0379041777250602
2026-05-25,2026-05-25 11:42:17,V040,76.0,1.0390056597618893
2026-05-25,2026-05-25 11:42:18,V040,76.0,1.034699105000976
2026-05-25,2026-05-25 11:42:19,V040,75.0,1.0263500141996251
2026-05-25,2026-05-25 11:42:20,V040,75.0,1.0191549072368655
2026-05-25,2026-05-25 11:42:21,V040,76.0,1.0171887277493694
2026-05-25,2026-05-25 11:42:22,V040,76.0,1.0268248502895627
2026-05-25,2026-05-25 11:42:23,V040,76.0,1.0317739894559392
2026-05-25,2026-05-25 11:42:24,V040,76.0,1.0267586036290859
2026-05-25,2026-05-25 11:42:25,V040,77.0,1.0275121233423208
2026-05-25,2026-05-25 11:42:26,V040,77.0,1.0564748869120966
2026-05-25,2026-05-25 11:42:27,V040,78.0,0.9949026748552018
2026-05-25,2026-05-25 11:42:28,V040,79.0,1.0684230162450714
2026-05-25,2026-05-25 11:42:29,V040,79.0,1.0210015301585857
2026-05-25,2026-05-25 11:42:30,V040,79.0,1.0442765315865845
2026-05-25,2026-05-25 11:42:31,V040,79.0,1.0754532936748395
2026-05-25,2026-05-25 11:42:32,V040,79.0,1.00500613055581
2026-05-25,2026-05-25 11:42:33,V040,79.0,1.1410175919036698
2026-05-25,2026-05-25 11:42:34,V040,80.0,1.0316677306912017
2026-05-25,2026-05-25 11:42:35,V040,80.0,1.0709474515731547
2026-05-25,2026-05-25 11:42:36,V040,80.0,1.016671585382307
2026-05-25,2026-05-25 11:42:37,V040,81.0,1.2720362969609982
2026-05-25,2026-05-25 11:42:38,V040,81.0,1.05357076130302
2026-05-25,2026-05-25 11:42:39,V040,82.0,1.0831152325110776
2026-05-25,2026-05-25 11:42:40,V040,83.0,1.1213226675254477
2026-05-25,2026-05-25 11:42:41,V040,85.0,1.0399033219995166
2026-05-25,2026-05-25 11:42:42,V040,86.0,1.0327558463430693
2026-05-25,2026-05-25 11:42:43,V040,87.0,1.0366525373866247
2026-05-25,2026-05-25 11:42:44,V040,88.0,1.0535652283532424
2026-05-25,2026-05-25 11:42:45,V040,89.0,1.0300616457615368
2026-05-25,2026-05-25 11:42:46,V040,89.0,0.9995128459998043
2026-05-25,2026-05-25 11:42:47,V040,90.0,1.0695160006127977
2026-05-25,2026-05-25 11:42:48,V040,91.0,1.023514168726381
2026-05-25,2026-05-25 11:42:49,V040,91.0,1.412754163946988
2026-05-25,2026-05-25 11:42:50,V040,91.0,1.086627328874502
2026-05-25,2026-05-25 11:42:51,V040,91.0,1.032885547550256
2026-05-25,2026-05-25 11:42:52,V040,91.0,1.0213711610037206
2026-05-25,2026-05-25 11:42:53,V040,91.0,1.0248579511823879
2026-05-25,2026-05-25 11:42:54,V040,91.0,1.0222900246923539
2026-05-25,2026-05-25 11:42:55,V040,91.0,1.0550480578592916
2026-05-25,2026-05-25 11:42:56,V040,92.0,1.023813313390946
2026-05-25,2026-05-25 11:42:57,V040,92.0,1.0064882166525992
2026-05-25,2026-05-25 11:42:58,V040,92.0,1.034209944343508
2026-05-25,2026-05-25 11:42:59,V040,92.0,1.0446755415917517
2026-05-25,2026-05-25 11:43:00,V040,92.0,1.0338731021547203
2026-05-25,2026-05-25 11:43:01,V040,91.0,1.0279692456834806
2026-05-25,2026-05-25 11:43:02,V040,91.0,1.0244234689979086
2026-05-25,2026-05-25 11:43:03,V040,91.0,1.0068955316481003
2026-05-25,2026-05-25 11:43:04,V040,91.0,1.1578778197694986
2026-05-25,2026-05-25 11:43:05,V040,91.0,1.2307710938571519
2026-05-25,2026-05-25 11:43:06,V040,92.0,1.063737833693615
2026-05-25,2026-05-25 11:43:07,V040,92.0,1.1135177997689352
2026-05-25,2026-05-25 11:43:08,V040,92.0,0.9988077355114238
2026-05-25,2026-05-25 11:43:09,V040,92.0,1.0464306622210267
2026-05-25,2026-05-25 11:43:10,V040,92.0,1.0855932077675536
2026-05-25,2026-05-25 11:43:11,V040,93.0,0.9797992514431019
2026-05-25,2026-05-25 11:43:12,V040,93.0,1.0337826110458312
2026-05-25,2026-05-25 11:43:13,V040,93.0,1.0277934335310932
2026-05-25,2026-05-25 11:43:14,V040,94.0,1.0322162712162446
2026-05-25,2026-05-25 11:43:15,V040,94.0,1.0138400901550186
2026-05-25,2026-05-25 11:43:16,V040,94.0,1.021539182853049
2026-05-25,2026-05-25 11:43:17,V040,94.0,0.9948839960549738
2026-05-25,2026-05-25 11:43:18,V040,93.0,1.00761761552741
2026-05-25,2026-05-25 11:43:19,V040,93.0,1.029107729843907
2026-05-25,2026-05-25 11:43:20,V040,93.0,0.9959154541334446
2026-05-25,2026-05-25 11:43:21,V040,93.0,1.036756509662274
2026-05-25,2026-05-25 11:43:22,V040,93.0,1.0111320441650369
2026-05-25,2026-05-25 11:43:23,V040,92.0,1.0599681716727842
2026-05-25,2026-05-25 11:43:24,V040,92.0,1.0067543161791148
2026-05-25,2026-05-25 11:43:25,V040,92.0,1.0093906209069905
2026-05-25,2026-05-25 11:43:26,V040,92.0,1.0048550860693322
2026-05-25,2026-05-25 11:43:27,V040,92.0,1.0077600488092315
2026-05-25,2026-05-25 11:43:28,V040,92.0,1.009586234556129
2026-05-25,2026-05-25 11:43:29,V040,92.0,1.0112343661044152
2026-05-25,2026-05-25 11:43:30,V040,92.0,1.0133751702703024
2026-05-25,2026-05-25 11:43:31,V040,92.0,1.0623215338168686
2026-05-25,2026-05-25 11:43:32,V040,92.0,1.0436231902318662
2026-05-25,2026-05-25 11:43:33,V040,92.0,1.0225673063905307
2026-05-25,2026-05-25 11:43:34,V040,92.0,1.068758300887497
2026-05-25,2026-05-25 11:43:35,V040,93.0,1.032322510301114
2026-05-25,2026-05-25 11:43:36,V040,93.0,1.0192912798588734
2026-05-25,2026-05-25 11:43:37,V040,93.0,1.019580140263364
2026-05-25,2026-05-25 11:43:38,V040,92.0,1.0699085532251427
2026-05-25,2026-05-25 11:43:39,V040,92.0,1.1600597312143803
2026-05-25,2026-05-25 11:43:40,V040,92.0,1.0120475088062686
2026-05-25,2026-05-25 11:43:41,V040,91.0,1.0164813869326552
2026-05-25,2026-05-25 11:43:42,V040,91.0,1.0091386942161198
2026-05-25,2026-05-25 11:43:43,V040,90.0,1.0089224390781306
2026-05-25,2026-05-25 11:43:44,V040,89.0,1.0078888370130672
2026-05-25,2026-05-25 11:43:45,V040,88.0,1.0105404201072228
2026-05-25,2026-05-25 11:43:46,V040,88.0,1.0089102398935286
2026-05-25,2026-05-25 11:43:47,V040,87.0,1.0076795648206458
2026-05-25,2026-05-25 11:43:48,V040,87.0,1.0108036710199557
2026-05-25,2026-05-25 11:43:49,V040,87.0,1.009538763909452
2026-05-25,2026-05-25 11:43:50,V040,87.0,1.0085032183126426
2026-05-25,2026-05-25 11:43:51,V040,88.0,1.0135463304709953
2026-05-25,2026-05-25 11:43:52,V040,88.0,1.0106530402163585
2026-05-25,2026-05-25 11:43:53,V040,88.0,1.0122430447660644
2026-05-25,2026-05-25 11:43:54,V040,88.0,1.0133596627833752
2026-05-25,2026-05-25 11:43:55,V040,89.0,1.0085318327483481
2026-05-25,2026-05-25 11:43:56,V040,89.0,0.9831602889319945
2026-05-25,2026-05-25 11:43:57,V040,89.0,0.9636109778819959
2026-05-25,2026-05-25 11:43:58,V040,89.0,0.9860233550835098
2026-05-25,2026-05-25 11:43:59,V040,89.0,0.9982267903686823
2026-05-25,2026-05-25 11:44:00,V040,89.0,1.0207596645422596
2026-05-25,2026-05-25 11:44:01,V040,88.0,1.003081665212294
2026-05-25,2026-05-25 11:44:02,V040,88.0,0.9667541205769985
2026-05-25,2026-05-25 11:44:03,V040,87.0,1.0412237014237786
2026-05-25,2026-05-25 11:44:04,V040,86.0,0.9943699281594134
2026-05-25,2026-05-25 11:44:05,V040,86.0,1.0429354586082535
2026-05-25,2026-05-25 11:44:06,V040,87.0,0.9577621870318593
2026-05-25,2026-05-25 11:44:07,V040,87.0,1.0281468362235993
2026-05-25,2026-05-25 11:44:08,V040,87.0,1.0051236977905973
2026-05-25,2026-05-25 11:44:09,V040,87.0,1.0086015095062866
2026-05-25,2026-05-25 11:44:10,V040,87.0,1.0124053152675623
2026-05-25,2026-05-25 11:44:11,V040,88.0,1.0118340853718975
2026-05-25,2026-05-25 11:44:12,V040,88.0,1.012959256228428
2026-05-25,2026-05-25 11:44:13,V040,87.0,1.0123283099633722
2026-05-25,2026-05-25 11:44:14,V040,87.0,1.0091418608404563
2026-05-25,2026-05-25 11:44:15,V040,87.0,1.0031739111052342
2026-05-25,2026-05-25 11:44:16,V040,86.0,1.0133814336274356
2026-05-25,2026-05-25 11:44:17,V040,85.0,1.0105088201536485
2026-05-25,2026-05-25 11:44:18,V040,84.0,1.0155739041350549
2026-05-25,2026-05-25 11:44:19,V040,83.0,1.0107786230672628
2026-05-25,2026-05-25 11:44:20,V040,82.0,1.0107046624539835
2026-05-25,2026-05-25 11:44:21,V040,78.0,1.009029310355364
2026-05-25,2026-05-25 11:44:22,V040,75.0,1.0101589654872107
2026-05-25,2026-05-25 11:44:23,V040,73.0,1.0117021051081265
2026-05-25,2026-05-25 11:44:24,V040,71.0,1.0081161726975114
2026-05-25,2026-05-25 11:44:25,V040,71.0,1.0104612632883136
2026-05-25,2026-05-25 11:44:26,V040,71.0,1.0104222403564398
2026-05-25,2026-05-25 11:44:27,V040,71.0,1.0114719972624628
2026-05-25,2026-05-25 11:44:28,V040,70.0,1.0184413360636182
2026-05-25,2026-05-25 11:44:29,V040,70.0,1.0266349959819392
2026-05-25,2026-05-25 11:44:30,V040,70.0,1.0026621749034457
2026-05-25,2026-05-25 11:44:31,V040,69.0,1.0171204831529803
2026-05-25,2026-05-25 11:44:32,V040,69.0,1.0828632286904165
2026-05-25,2026-05-25 11:44:33,V040,69.0,1.0163188904691847
2026-05-25,2026-05-25 11:44:34,V040,68.0,1.0092128101233266
2026-05-25,2026-05-25 11:44:35,V040,68.0,1.0130492629139356
2026-05-25,2026-05-25 11:44:36,V040,69.0,1.0106064578350726
2026-05-25,2026-05-25 11:44:37,V040,69.0,1.011094674889514
2026-05-25,2026-05-25 11:44:38,V040,69.0,1.0111260527705268
2026-05-25,2026-05-25 11:44:39,V040,69.0,1.0128399397392398
2026-05-25,2026-05-25 11:44:40,V040,69.0,1.011091828737727
2026-05-25,2026-05-25 11:44:41,V040,68.0,1.0102913621376357
2026-05-25,2026-05-25 11:44:42,V040,68.0,1.0101985059649004
2026-05-25,2026-05-25 11:44:43,V040,68.0,1.0115868266714856
2026-05-25,2026-05-25 11:44:44,V040,68.0,1.014548786513363
2026-05-25,2026-05-25 11:44:45,V040,68.0,1.0100268791024332
2026-05-25,2026-05-25 11:44:46,V040,68.0,1.0109969237374468
2026-05-25,2026-05-25 11:44:47,V040,68.0,1.0112147459373948
2026-05-25,2026-05-25 11:44:48,V040,67.0,1.0369045440716744
2026-05-25,2026-05-25 11:44:49,V040,67.0,0.9531554425295276
2026-05-25,2026-05-25 11:44:50,V040,68.0,1.0084835587677448
2026-05-25,2026-05-25 11:44:51,V040,67.0,1.0327118728736695
2026-05-25,2026-05-25 11:44:52,V040,67.0,1.1037705252858871
2026-05-25,2026-05-25 11:44:53,V040,67.0,1.0114747699643192
2026-05-25,2026-05-25 11:44:54,V040,67.0,1.011542182586188
2026-05-25,2026-05-25 11:44:55,V040,66.0,1.0119357200271129
2026-05-25,2026-05-25 11:44:56,V040,66.0,1.0110298110904914
2026-05-25,2026-05-25 11:44:57,V040,66.0,1.011223352747434
2026-05-25,2026-05-25 11:44:58,V040,66.0,1.0112183683798652
2026-05-25,2026-05-25 11:44:59,V040,66.0,1.010709059572921
2026-05-25,2026-05-25 11:45:00,V040,66.0,1.0104567911980369
2026-05-25,2026-05-25 11:45:01,V040,66.0,1.0099145307266422
2026-05-25,2026-05-25 11:45:02,V040,66.0,1.0112648911668616
2026-05-25,2026-05-25 11:45:03,V040,66.0,1.0104741378016038
2026-05-25,2026-05-25 11:45:04,V040,66.0,1.0114234519456202
2026-05-25,2026-05-25 11:45:05,V040,66.0,1.010361184370984
2026-05-25,2026-05-25 11:45:06,V040,66.0,1.010908027662652
2026-05-25,2026-05-25 11:45:07,V040,67.0,1.0099681556475644
2026-05-25,2026-05-25 11:45:08,V040,67.0,1.0016046759890445
2026-05-25,2026-05-25 11:45:09,V040,68.0,1.0145842907141382
2026-05-25,2026-05-25 11:45:10,V040,68.0,1.0707761615027451
2026-05-25,2026-05-25 11:45:11,V040,69.0,0.9732797053162048
2026-05-25,2026-05-25 11:45:12,V040,69.0,1.0196728591055906
2026-05-25,2026-05-25 11:45:13,V040,69.0,0.9821096975875384
2026-05-25,2026-05-25 11:45:14,V040,69.0,1.0589747879837412
2026-05-25,2026-05-25 11:45:15,V040,69.0,0.9343748284565556
2026-05-25,2026-05-25 11:45:16,V040,69.0,1.1770164577583537
2026-05-25,2026-05-25 11:45:17,V040,69.0,1.0099857962556327
2026-05-25,2026-05-25 11:45:18,V040,68.0,1.0105820524589653
2026-05-25,2026-05-25 11:45:19,V040,68.0,1.00822927836399
2026-05-25,2026-05-25 11:45:20,V040,68.0,1.0087393449497533
2026-05-25,2026-05-25 11:45:21,V040,67.0,1.0098817067741985
2026-05-25,2026-05-25 11:45:22,V040,65.0,1.0107850417284074
2026-05-25,2026-05-25 11:45:23,V040,64.0,1.0106349007695907
2026-05-25,2026-05-25 11:45:24,V040,64.0,1.0108717014891286
2026-05-25,2026-05-25 11:45:25,V040,63.0,1.0112656206247574
2026-05-25,2026-05-25 11:45:26,V040,61.0,1.0102504568987016
2026-05-25,2026-05-25 11:45:27,V040,60.0,1.010689008040497
2026-05-25,2026-05-25 11:45:28,V040,60.0,1.009634396907694
2026-05-25,2026-05-25 11:45:29,V040,60.0,1.010933744239266
2026-05-25,2026-05-25 11:45:30,V040,59.0,1.0102103566891953
2026-05-25,2026-05-25 11:45:31,V040,59.0,1.0088863367644259
2026-05-25,2026-05-25 11:45:32,V040,59.0,1.0107731565075102
2026-05-25,2026-05-25 11:45:33,V040,58.0,1.011195117898247
2026-05-25,2026-05-25 11:45:34,V040,58.0,1.0115816667495676
2026-05-25,2026-05-25 11:45:35,V040,59.0,1.0109988999056352
2026-05-25,2026-05-25 11:45:36,V040,59.0,1.0115929932726258
2026-05-25,2026-05-25 11:45:37,V040,59.0,1.0111469156371895
2026-05-25,2026-05-25 11:45:38,V040,59.0,1.0275889949954435
2026-05-25,2026-05-25 11:45:39,V040,59.0,0.9667469369414553
2026-05-25,2026-05-25 11:45:40,V040,59.0,1.042834577212076
2026-05-25,2026-05-25 11:45:41,V040,59.0,1.007170820905511
2026-05-25,2026-05-25 11:45:42,V040,60.0,0.9884895785619853
2026-05-25,2026-05-25 11:45:43,V040,60.0,1.0235358858016972
2026-05-25,2026-05-25 11:45:44,V040,60.0,0.9916470278449891
2026-05-25,2026-05-25 11:45:45,V040,61.0,1.0415314644440994
2026-05-25,2026-05-25 11:45:46,V040,62.0,0.9690781530717042
2026-05-25,2026-05-25 11:45:47,V040,62.0,1.1026756418396524
2026-05-25,2026-05-25 11:45:48,V040,63.0,0.9538344530888361
2026-05-25,2026-05-25 11:45:49,V040,63.0,1.0115515008570601
2026-05-25,2026-05-25 11:45:50,V040,63.0,1.0116755674405935
2026-05-25,2026-05-25 11:45:51,V040,63.0,1.0121900717032817
2026-05-25,2026-05-25 11:45:52,V040,63.0,1.0122936053540497
2026-05-25,2026-05-25 11:45:53,V040,63.0,1.0116977146681057
2026-05-25,2026-05-25 11:45:54,V040,63.0,1.0114972827876276
2026-05-25,2026-05-25 11:45:55,V040,,1.0116805738072159
2026-05-25,2026-05-25 11:45:56,V040,,1.0118799526197448
2026-05-25,2026-05-25 11:45:57,V040,,1.0111662164504904
2026-05-25,2026-05-25 11:45:58,V040,,1.0120170025975443
2026-05-25,2026-05-25 11:45:59,V040,,1.010934143382786
2026-05-25,2026-05-25 11:46:00,V040,,1.0113498642065193
2026-05-25,2026-05-25 11:46:01,V040,,1.0123124425749201
2026-05-25,2026-05-25 11:46:02,V040,,1.0120749047497102
2026-05-25,2026-05-25 11:46:03,V040,,1.0675420649492149
2026-05-25,2026-05-25 11:46:04,V040,,0.9936304391899924
2026-05-25,2026-05-25 11:46:05,V040,,0.9888187902223537
2026-05-25,2026-05-25 11:46:06,V040,,0.9756492825649837
2026-05-25,2026-05-25 11:46:07,V040,,1.0661992076375886
2026-05-25,2026-05-25 11:46:08,V040,,1.0188127643281195
2026-05-25,2026-05-25 11:46:09,V040,,1.0397501131722524
2026-05-25,2026-05-25 11:46:10,V040,,1.0599026959584803
2026-05-25,2026-05-25 11:46:11,V040,,1.0310853428411002
2026-05-25,2026-05-25 11:46:12,V040,,1.0137457171346949
2026-05-25,2026-05-25 11:46:13,V040,,1.0256419981907625
2026-05-25,2026-05-25 11:46:14,V040,,1.041237370925139
2026-05-25,2026-05-25 11:46:15,V040,,1.068694220738481
2026-05-25,2026-05-25 11:46:16,V040,,1.029508929762316
2026-05-25,2026-05-25 11:46:17,V040,,1.044942974637108
2026-05-25,2026-05-25 11:46:18,V040,,1.0745397530774166
2026-05-25,2026-05-25 11:46:19,V040,,1.0856836918229507
2026-05-25,2026-05-25 11:46:20,V040,,1.0688574180902852
2026-05-25,2026-05-25 11:46:21,V040,,1.0494101143117878
2026-05-25,2026-05-25 11:46:22,V040,,1.0607339526312758
2026-05-25,2026-05-25 11:46:23,V040,,1.1018000541830446
2026-05-25,2026-05-25 11:46:24,V040,,1.0427824566263537
2026-05-25,2026-05-25 11:46:25,V040,,1.0215457749271006
2026-05-25,2026-05-25 11:46:26,V040,,1.0426974301018654
2026-05-25,2026-05-25 11:46:27,V040,,1.0816066480424118
2026-05-25,2026-05-25 11:46:28,V040,,1.0963884457823194
2026-05-25,2026-05-25 11:46:29,V040,,1.092761531902863
2026-05-25,2026-05-25 11:46:30,V040,,1.0548579522683363
2026-05-25,2026-05-25 11:46:31,V040,,1.068383563812138
2026-05-25,2026-05-25 11:46:32,V040,,1.0378257111299154
2026-05-25,2026-05-25 11:46:33,V040,,1.0752838793199144
2026-05-25,2026-05-25 11:46:34,V040,,1.0785284346999455
2026-05-25,2026-05-25 11:46:35,V040,,1.07130126170716
2026-05-25,2026-05-25 11:46:36,V040,,1.0890760500416767
2026-05-25,2026-05-25 11:46:37,V040,,1.1103626719197046
2026-05-25,2026-05-25 11:46:38,V040,,1.1225911194580633
2026-05-25,2026-05-25 11:46:39,V040,,1.079621133212306
2026-05-25,2026-05-25 11:46:40,V040,,0.9468273862935297
2026-05-25,2026-05-25 11:46:41,V040,,1.08065664535829
2026-05-25,2026-05-25 11:46:42,V040,,1.0555032122700334
2026-05-25,2026-05-25 11:46:43,V040,,1.0532467657703184
2026-05-25,2026-05-25 11:46:44,V040,,1.064357268444829
2026-05-25,2026-05-25 11:46:45,V040,,1.067663744865778
2026-05-25,2026-05-25 11:46:46,V040,,0.9562582602071368
2026-05-25,2026-05-25 11:46:47,V040,,1.1625572325125584
2026-05-25,2026-05-25 11:46:48,V040,,1.0161908402943363
2026-05-25,2026-05-25 11:46:49,V040,,1.0124038825882404
2026-05-25,2026-05-25 11:46:50,V040,,1.0125045030399533
2026-05-25,2026-05-25 11:46:51,V040,,1.013109728824925
2026-05-25,2026-05-25 11:46:52,V040,,1.0125054275699341
2026-05-25,2026-05-25 11:46:53,V040,,1.011519009208892
2026-05-25,2026-05-25 11:46:54,V040,,1.0117438981099787
2026-05-25,2026-05-25 11:46:55,V040,,1.0122801812967708
2026-05-25,2026-05-25 11:46:56,V040,,1.0124473051223224
2026-05-25,2026-05-25 11:46:57,V040,64.0,1.012302167755253
2026-05-25,2026-05-25 11:46:58,V040,64.0,1.0118928281833612
2026-05-25,2026-05-25 11:46:59,V040,64.0,1.009145185890659
2026-05-25,2026-05-25 11:47:00,V040,64.0,0.9758467693321501
2026-05-25,2026-05-25 11:47:01,V040,64.0,1.0566710842564209
2026-05-25,2026-05-25 11:47:02,V040,65.0,1.0495732068894859
2026-05-25,2026-05-25 11:47:03,V040,65.0,1.0127025063581108
2026-05-25,2026-05-25 11:47:04,V040,64.0,1.0155878145768809
2026-05-25,2026-05-25 11:47:05,V040,64.0,1.0501973123900603
2026-05-25,2026-05-25 11:47:06,V040,65.0,1.018868527979752
2026-05-25,2026-05-25 11:47:07,V040,65.0,1.025062928693533
2026-05-25,2026-05-25 11:47:08,V040,65.0,0.9992584326326631
2026-05-25,2026-05-25 11:47:09,V040,65.0,1.0402361437230945
2026-05-25,2026-05-25 11:47:10,V040,65.0,0.9864695118138411
2026-05-25,2026-05-25 11:47:11,V040,64.0,1.0435379111054321
2026-05-25,2026-05-25 11:47:12,V040,64.0,0.9911880413524276
2026-05-25,2026-05-25 11:47:13,V040,64.0,1.0595745338219875
2026-05-25,2026-05-25 11:47:14,V040,64.0,1.0109982894779066
2026-05-25,2026-05-25 11:47:15,V040,64.0,1.0201304712539114
2026-05-25,2026-05-25 11:47:16,V040,64.0,1.007201745692777
2026-05-25,2026-05-25 11:47:17,V040,,0.9979502407373552
2026-05-25,2026-05-25 11:47:18,V040,,0.961757096196143
2026-05-25,2026-05-25 11:47:19,V040,,1.0577223141062986
2026-05-25,2026-05-25 11:47:20,V040,,1.1327507167183322
2026-05-25,2026-05-25 11:47:21,V040,,1.0115380223360715
2026-05-25,2026-05-25 11:47:22,V040,,1.0097998316394592
2026-05-25,2026-05-25 11:47:23,V040,,1.0103750136496674
2026-05-25,2026-05-25 11:47:24,V040,,1.0107092950573582
2026-05-25,2026-05-25 11:47:25,V040,,1.010590053731122
2026-05-25,2026-05-25 11:47:26,V040,,1.0098772922130506
2026-05-25,2026-05-25 11:47:27,V040,,1.0102721601227853
2026-05-25,2026-05-25 11:47:28,V040,,1.0099369355830075
2026-05-25,2026-05-25 11:47:29,V040,64.0,1.009692491475939
2026-05-25,2026-05-25 11:47:30,V040,68.0,1.0018504405827653
2026-05-25,2026-05-25 11:47:31,V040,70.0,1.1111742790441856
2026-05-25,2026-05-25 11:47:32,V040,70.0,1.0047237143284704
2026-05-25,2026-05-25 11:47:33,V040,71.0,1.0001205722120567
2026-05-25,2026-05-25 11:47:34,V040,72.0,0.9784205895991006
2026-05-25,2026-05-25 11:47:35,V040,72.0,1.0111161128142572
2026-05-25,2026-05-25 11:47:36,V040,72.0,1.0109044576553858
2026-05-25,2026-05-25 11:47:37,V040,72.0,1.0120340923899913
2026-05-25,2026-05-25 11:47:38,V040,72.0,1.01759944918883
2026-05-25,2026-05-25 11:47:39,V040,72.0,1.0202718979949401
2026-05-25,2026-05-25 11:47:40,V040,72.0,1.0118693274954553
2026-05-25,2026-05-25 11:47:41,V040,72.0,1.012127811781418
2026-05-25,2026-05-25 11:47:42,V040,72.0,1.016092962823736
2026-05-25,2026-05-25 11:47:43,V040,,1.0101198875837476
2026-05-25,2026-05-25 11:47:44,V040,,1.0119692088113932
2026-05-25,2026-05-25 11:47:45,V040,,1.0112473577127392
2026-05-25,2026-05-25 11:47:46,V040,,1.0117399625067085
2026-05-25,2026-05-25 11:47:47,V040,,1.0116192576635568
2026-05-25,2026-05-25 11:47:48,V040,,1.0115118212727596
2026-05-25,2026-05-25 11:47:49,V040,,1.0115324176112879
2026-05-25,2026-05-25 11:47:50,V040,,1.0117472338050286
2026-05-25,2026-05-25 11:47:51,V040,,1.0118490379089269
2026-05-25,2026-05-25 11:47:52,V040,,1.0117746420966303
2026-05-25,2026-05-25 11:47:53,V040,,1.0119734992435867
2026-05-25,2026-05-25 11:47:54,V040,,1.0117574669834293
2026-05-25,2026-05-25 11:47:55,V040,,1.0114851396569315
2026-05-25,2026-05-25 11:47:56,V040,,1.0124460419631964
2026-05-25,2026-05-25 11:47:57,V040,,1.0118357745677822
2026-05-25,2026-05-25 11:47:58,V040,,1.011429488214855
2026-05-25,2026-05-25 11:47:59,V040,,1.0111285782336188
2026-05-25,2026-05-25 11:48:00,V040,,1.0118309065149877
2026-05-25,2026-05-25 11:48:01,V040,,1.0114712768026957
2026-05-25,2026-05-25 11:48:02,V040,,1.01180169131303
2026-05-25,2026-05-25 11:48:03,V040,,1.0115583377808768
2026-05-25,2026-05-25 11:48:04,V040,,1.0110080335264229
2026-05-25,2026-05-25 11:48:05,V040,,1.0122527567524149
2026-05-25,2026-05-25 11:48:06,V040,,1.0117781699345112
2026-05-25,2026-05-25 11:48:07,V040,,1.0156176897130333
2026-05-25,2026-05-25 11:48:08,V040,,1.011931047710106
2026-05-25,2026-05-25 11:48:09,V040,,1.0121403738210892
2026-05-25,2026-05-25 11:48:10,V040,,1.0100503257951312
2026-05-25,2026-05-25 11:48:11,V040,,1.0121869957276426
2026-05-25,2026-05-25 11:48:12,V040,,1.0111262977058502
2026-05-25,2026-05-25 11:48:13,V040,,1.015340468155151
2026-05-25,2026-05-25 11:48:14,V040,,1.0114200129403788
2026-05-25,2026-05-25 11:48:15,V040,,1.009157534472385
2026-05-25,2026-05-25 11:48:16,V040,,1.012933123512796
2026-05-25,2026-05-25 11:48:17,V040,,1.0116731254304767
2026-05-25,2026-05-25 11:48:18,V040,,1.0111985009660764
2026-05-25,2026-05-25 11:48:19,V040,,1.0112397627152987
2026-05-25,2026-05-25 11:48:20,V040,,1.0115531324746503
2026-05-25,2026-05-25 11:48:21,V040,,1.0116273591610248
2026-05-25,2026-05-25 11:48:22,V040,,1.01116746897391
2026-05-25,2026-05-25 11:48:23,V040,,1.0118394992186779
2026-05-25,2026-05-25 11:48:24,V040,,1.0114802703366512
2026-05-25,2026-05-25 11:48:25,V040,,1.011813795849344
2026-05-25,2026-05-25 11:48:26,V040,,1.0119172978896567
2026-05-25,2026-05-25 11:48:27,V040,,1.0118230679545097
2026-05-25,2026-05-25 11:48:28,V040,,1.0113400529503551
2026-05-25,2026-05-25 11:48:29,V040,,1.0116347085927155
2026-05-25,2026-05-25 11:48:30,V040,,1.0111442489834959
2026-05-25,2026-05-25 11:48:31,V040,,1.012366882916456
2026-05-25,2026-05-25 11:48:32,V040,,1.0108197954559914
2026-05-25,2026-05-25 11:48:33,V040,,1.0116851698135925
2026-05-25,2026-05-25 11:48:34,V040,,1.011780941382003
2026-05-25,2026-05-25 11:48:35,V040,,1.0113542789636327
2026-05-25,2026-05-25 11:48:36,V040,,1.0109182629682334
2026-05-25,2026-05-25 11:48:37,V040,,1.0108547697362686
2026-05-25,2026-05-25 11:48:38,V040,,1.0114855409290493
2026-05-25,2026-05-25 11:48:39,V040,,1.0117507059621742
2026-05-25,2026-05-25 11:48:40,V040,,1.0112466371392583
2026-05-25,2026-05-25 11:48:41,V040,,1.0114260617389108
2026-05-25,2026-05-25 11:48:42,V040,,1.0115157087942654
2026-05-25,2026-05-25 11:48:43,V040,,1.010840486992358
2026-05-25,2026-05-25 11:48:44,V040,,1.0114401828558468
2026-05-25,2026-05-25 11:48:45,V040,,1.01123809458247
2026-05-25,2026-05-25 11:48:46,V040,,1.0112280762441694
2026-05-25,2026-05-25 11:48:47,V040,,1.011279458348802
2026-05-25,2026-05-25 11:48:48,V040,,1.011052763478911
2026-05-25,2026-05-25 11:48:49,V040,,1.0116651773603538
2026-05-25,2026-05-25 11:48:50,V040,,1.0116010171822398
2026-05-25,2026-05-25 11:48:51,V040,,1.0114976639716078
2026-05-25,2026-05-25 11:48:52,V040,,1.010746066318942
2026-05-25,2026-05-25 11:48:53,V040,,1.0119681142182153
2026-05-25,2026-05-25 11:48:54,V040,,1.0111851743709532
2026-05-25,2026-05-25 11:48:55,V040,,1.0117328318123704
2026-05-25,2026-05-25 11:48:56,V040,,1.0110930619031822
2026-05-25,2026-05-25 11:48:57,V040,,1.011058734885289
2026-05-25,2026-05-25 11:48:58,V040,,1.011652835288186
2026-05-25,2026-05-25 11:48:59,V040,,1.011295522478155
2026-05-25,2026-05-25 11:49:00,V040,,1.0117636209729624
2026-05-25,2026-05-25 11:49:01,V040,,1.0114145684642137
2026-05-25,2026-05-25 11:49:02,V040,,1.0117686017886827
