Date,Timestamp,SensorID,HeartRate,AccNorm
2026-05-25,2026-05-25 11:08:03,V008,,1.004348625382915
2026-05-25,2026-05-25 11:08:04,V008,,1.0051007292503882
2026-05-25,2026-05-25 11:08:05,V008,,1.005656210523561
2026-05-25,2026-05-25 11:08:06,V008,,1.0065963405023446
2026-05-25,2026-05-25 11:08:07,V008,,1.005720606965848
2026-05-25,2026-05-25 11:08:08,V008,,1.006189319810098
2026-05-25,2026-05-25 11:08:09,V008,,1.0052540951467726
2026-05-25,2026-05-25 11:08:10,V008,,1.0049900246909644
2026-05-25,2026-05-25 11:08:11,V008,,1.0051303399933142
2026-05-25,2026-05-25 11:08:12,V008,,1.0052275607658347
2026-05-25,2026-05-25 11:08:13,V008,,1.0047155712727958
2026-05-25,2026-05-25 11:08:14,V008,,1.0051773965595967
2026-05-25,2026-05-25 11:08:15,V008,,1.005098565600766
2026-05-25,2026-05-25 11:08:16,V008,,1.0049931315125007
2026-05-25,2026-05-25 11:08:17,V008,,1.0043380604018421
2026-05-25,2026-05-25 11:08:18,V008,,1.0047157450870667
2026-05-25,2026-05-25 11:08:19,V008,,1.0048828895021007
2026-05-25,2026-05-25 11:08:20,V008,,1.0041148587521755
2026-05-25,2026-05-25 11:08:21,V008,,1.0043965304024105
2026-05-25,2026-05-25 11:08:22,V008,,1.0045262807185344
2026-05-25,2026-05-25 11:08:23,V008,,1.004580088267366
2026-05-25,2026-05-25 11:08:24,V008,,1.0047344129173064
2026-05-25,2026-05-25 11:08:25,V008,,1.005384118630426
2026-05-25,2026-05-25 11:08:26,V008,,1.0042937594772212
2026-05-25,2026-05-25 11:08:27,V008,,1.0051913551090335
2026-05-25,2026-05-25 11:08:28,V008,,1.0038359255074931
2026-05-25,2026-05-25 11:08:29,V008,,1.0041805281458782
2026-05-25,2026-05-25 11:08:30,V008,,1.0046670813371719
2026-05-25,2026-05-25 11:08:31,V008,,1.0050619211337126
2026-05-25,2026-05-25 11:08:32,V008,,0.9975448079319881
2026-05-25,2026-05-25 11:08:33,V008,,1.005240453699252
2026-05-25,2026-05-25 11:08:34,V008,,1.0044381707327807
2026-05-25,2026-05-25 11:08:35,V008,,1.004677531839172
2026-05-25,2026-05-25 11:08:36,V008,,1.0048093282376764
2026-05-25,2026-05-25 11:08:37,V008,,1.0058761036131274
2026-05-25,2026-05-25 11:08:38,V008,,1.0032972609975264
2026-05-25,2026-05-25 11:08:39,V008,,1.0050835230232946
2026-05-25,2026-05-25 11:08:40,V008,,1.0055010661379833
2026-05-25,2026-05-25 11:08:41,V008,,1.0054120278665273
2026-05-25,2026-05-25 11:08:42,V008,,1.0054743707489064
2026-05-25,2026-05-25 11:08:43,V008,,1.0040581585186787
2026-05-25,2026-05-25 11:08:44,V008,,1.0044076940910875
2026-05-25,2026-05-25 11:08:45,V008,,1.0048070932010438
2026-05-25,2026-05-25 11:08:46,V008,,1.0047930485028238
2026-05-25,2026-05-25 11:08:47,V008,,1.0040201383800536
2026-05-25,2026-05-25 11:08:48,V008,,1.0036170355750136
2026-05-25,2026-05-25 11:08:49,V008,,1.0051075246749772
2026-05-25,2026-05-25 11:08:50,V008,,1.0041013995580794
2026-05-25,2026-05-25 11:08:51,V008,,1.0047395733421585
2026-05-25,2026-05-25 11:08:52,V008,,1.0090034543096955
2026-05-25,2026-05-25 11:08:53,V008,,1.0025501573536024
2026-05-25,2026-05-25 11:08:54,V008,,1.0074708700187807
2026-05-25,2026-05-25 11:08:55,V008,,1.0048484527466641
2026-05-25,2026-05-25 11:08:56,V008,,1.004569061795132
2026-05-25,2026-05-25 11:08:57,V008,,1.003783414318133
2026-05-25,2026-05-25 11:08:58,V008,,1.0048613453761555
2026-05-25,2026-05-25 11:08:59,V008,,0.9973026261448182
2026-05-25,2026-05-25 11:09:00,V008,,1.0048961629823976
2026-05-25,2026-05-25 11:09:01,V008,,1.0040360715875185
2026-05-25,2026-05-25 11:09:02,V008,,1.005001290232071
2026-05-25,2026-05-25 11:09:03,V008,,1.0052617134953774
2026-05-25,2026-05-25 11:09:04,V008,,1.0046466659097795
2026-05-25,2026-05-25 11:09:05,V008,,1.005252647588219
2026-05-25,2026-05-25 11:09:06,V008,,1.0039892913421777
2026-05-25,2026-05-25 11:09:07,V008,,1.0052039114590061
2026-05-25,2026-05-25 11:09:08,V008,,1.0056833412189883
2026-05-25,2026-05-25 11:09:09,V008,,1.0043250686189498
2026-05-25,2026-05-25 11:09:10,V008,,1.0041431566503145
2026-05-25,2026-05-25 11:09:11,V008,,1.0051400323252018
2026-05-25,2026-05-25 11:09:12,V008,,1.0055821205071642
2026-05-25,2026-05-25 11:09:13,V008,,1.004908460051985
2026-05-25,2026-05-25 11:09:14,V008,,1.0045790317642935
2026-05-25,2026-05-25 11:09:15,V008,,1.0055846539692892
2026-05-25,2026-05-25 11:09:16,V008,,1.0042774758146278
2026-05-25,2026-05-25 11:09:17,V008,,1.004230060509174
2026-05-25,2026-05-25 11:09:18,V008,,1.0052264670425146
2026-05-25,2026-05-25 11:09:19,V008,,1.0049785482297469
2026-05-25,2026-05-25 11:09:20,V008,,1.0038505903562356
2026-05-25,2026-05-25 11:09:21,V008,,1.004092137060863
2026-05-25,2026-05-25 11:09:22,V008,,1.0047285621144502
2026-05-25,2026-05-25 11:09:23,V008,,1.0045435165132506
2026-05-25,2026-05-25 11:09:24,V008,,1.004679767394581
2026-05-25,2026-05-25 11:09:25,V008,,1.004659925637412
2026-05-25,2026-05-25 11:09:26,V008,,1.0057064541343421
2026-05-25,2026-05-25 11:09:27,V008,,1.0041074001678156
2026-05-25,2026-05-25 11:09:28,V008,,1.004053639411536
2026-05-25,2026-05-25 11:09:29,V008,,1.0053545830233914
2026-05-25,2026-05-25 11:09:30,V008,,1.0058897273311083
2026-05-25,2026-05-25 11:09:31,V008,,1.0044150511936047
2026-05-25,2026-05-25 11:09:32,V008,,1.0051280019858009
2026-05-25,2026-05-25 11:09:33,V008,,1.0038667240325791
2026-05-25,2026-05-25 11:09:34,V008,,1.005556313778525
2026-05-25,2026-05-25 11:09:35,V008,,1.0046315714763208
2026-05-25,2026-05-25 11:09:36,V008,,1.0041070636020641
2026-05-25,2026-05-25 11:09:37,V008,,1.004883204757705
2026-05-25,2026-05-25 11:09:38,V008,,1.005327204929518
2026-05-25,2026-05-25 11:09:39,V008,,1.004826625042837
2026-05-25,2026-05-25 11:09:40,V008,,1.0050115705173799
2026-05-25,2026-05-25 11:09:41,V008,,1.0054425473738209
2026-05-25,2026-05-25 11:09:42,V008,,1.0049347733704834
2026-05-25,2026-05-25 11:09:43,V008,,1.0047057887061315
2026-05-25,2026-05-25 11:09:44,V008,,1.0052998470450292
2026-05-25,2026-05-25 11:09:45,V008,,1.0091447898360293
2026-05-25,2026-05-25 11:09:46,V008,,1.0030954085730723
2026-05-25,2026-05-25 11:09:47,V008,,1.0051311445177842
2026-05-25,2026-05-25 11:09:48,V008,,1.060835810874935
2026-05-25,2026-05-25 11:09:49,V008,,1.0036122291068106
2026-05-25,2026-05-25 11:09:50,V008,,1.0053998960516797
2026-05-25,2026-05-25 11:09:51,V008,,1.004932232519187
2026-05-25,2026-05-25 11:09:52,V008,,1.0050871441343388
2026-05-25,2026-05-25 11:09:53,V008,,1.004911902745886
2026-05-25,2026-05-25 11:09:54,V008,,1.0043137931978199
2026-05-25,2026-05-25 11:09:55,V008,,1.0048828285027105
2026-05-25,2026-05-25 11:09:56,V008,,1.0052990775117097
2026-05-25,2026-05-25 11:09:57,V008,,1.005062092805224
2026-05-25,2026-05-25 11:09:58,V008,,1.0044419102830517
2026-05-25,2026-05-25 11:09:59,V008,,1.0044980337327192
2026-05-25,2026-05-25 11:10:00,V008,,1.0053604483695298
2026-05-25,2026-05-25 11:10:01,V008,,1.0048826800698067
2026-05-25,2026-05-25 11:10:02,V008,,1.0053472244670234
2026-05-25,2026-05-25 11:10:03,V008,,1.0039662409962085
2026-05-25,2026-05-25 11:10:04,V008,,1.0045632662089823
2026-05-25,2026-05-25 11:10:05,V008,,1.0045495238477067
2026-05-25,2026-05-25 11:10:06,V008,,1.0050274183503123
2026-05-25,2026-05-25 11:10:07,V008,,1.0048982356567415
2026-05-25,2026-05-25 11:10:08,V008,,1.005039981812779
2026-05-25,2026-05-25 11:10:09,V008,,1.0050993098211631
2026-05-25,2026-05-25 11:10:10,V008,,1.0047481976834047
2026-05-25,2026-05-25 11:10:11,V008,,1.004917908509193
2026-05-25,2026-05-25 11:10:12,V008,,1.0042675348555907
2026-05-25,2026-05-25 11:10:13,V008,,1.0046538848902569
2026-05-25,2026-05-25 11:10:14,V008,,1.0046118782501194
2026-05-25,2026-05-25 11:10:15,V008,,1.0034638186532567
2026-05-25,2026-05-25 11:10:16,V008,,1.0039796626701918
2026-05-25,2026-05-25 11:10:17,V008,,1.0049090063858488
2026-05-25,2026-05-25 11:10:18,V008,,1.0047199658350752
2026-05-25,2026-05-25 11:10:19,V008,,1.0046441291052957
2026-05-25,2026-05-25 11:10:20,V008,,1.0052554647143068
2026-05-25,2026-05-25 11:10:21,V008,,0.999899372276926
2026-05-25,2026-05-25 11:10:22,V008,,0.9750010514569177
2026-05-25,2026-05-25 11:10:23,V008,,0.9918474915907541
2026-05-25,2026-05-25 11:10:24,V008,,1.004415208010102
2026-05-25,2026-05-25 11:10:25,V008,,1.0008608870440319
2026-05-25,2026-05-25 11:10:26,V008,,1.0037952097080176
2026-05-25,2026-05-25 11:10:27,V008,,1.0042357984188555
2026-05-25,2026-05-25 11:10:28,V008,,1.0044829778211455
2026-05-25,2026-05-25 11:10:29,V008,,1.005213020306327
2026-05-25,2026-05-25 11:10:30,V008,,1.0032916089978852
2026-05-25,2026-05-25 11:10:31,V008,,1.0140527467868423
2026-05-25,2026-05-25 11:10:32,V008,,1.0020843643038406
2026-05-25,2026-05-25 11:10:33,V008,,1.0048393161861324
2026-05-25,2026-05-25 11:10:34,V008,,1.0046529106509334
2026-05-25,2026-05-25 11:10:35,V008,,1.0044847870745124
2026-05-25,2026-05-25 11:10:36,V008,,1.0041981594133245
2026-05-25,2026-05-25 11:10:37,V008,,1.0042353481172552
2026-05-25,2026-05-25 11:10:38,V008,,1.0052898028740842
2026-05-25,2026-05-25 11:10:39,V008,,1.0047463181186271
2026-05-25,2026-05-25 11:10:40,V008,,1.0043646808100664
2026-05-25,2026-05-25 11:10:41,V008,,1.0245919406683728
2026-05-25,2026-05-25 11:10:42,V008,,0.9632018673159423
2026-05-25,2026-05-25 11:10:43,V008,,0.9691993819603217
2026-05-25,2026-05-25 11:10:44,V008,,1.003594601587501
2026-05-25,2026-05-25 11:10:45,V008,,1.0206245980683448
2026-05-25,2026-05-25 11:10:46,V008,,1.0947393614607397
2026-05-25,2026-05-25 11:10:47,V008,,1.006053733012163
2026-05-25,2026-05-25 11:10:48,V008,,0.9867934679131145
2026-05-25,2026-05-25 11:10:49,V008,,1.0075437891401056
2026-05-25,2026-05-25 11:10:50,V008,,1.0052004378955695
2026-05-25,2026-05-25 11:10:51,V008,,1.0048170397910732
2026-05-25,2026-05-25 11:10:52,V008,99.0,1.0148363145001447
2026-05-25,2026-05-25 11:10:53,V008,99.0,1.0876879278729639
2026-05-25,2026-05-25 11:10:54,V008,99.0,0.9814978844088789
2026-05-25,2026-05-25 11:10:55,V008,99.0,1.0046530383915973
2026-05-25,2026-05-25 11:10:56,V008,99.0,1.0042326517981242
2026-05-25,2026-05-25 11:10:57,V008,98.0,1.004503995595182
2026-05-25,2026-05-25 11:10:58,V008,99.0,1.0046732189146268
2026-05-25,2026-05-25 11:10:59,V008,99.0,1.0047506254222496
2026-05-25,2026-05-25 11:11:00,V008,99.0,1.004483761373003
2026-05-25,2026-05-25 11:11:01,V008,100.0,1.0055138145192848
2026-05-25,2026-05-25 11:11:02,V008,100.0,1.0045837294837485
2026-05-25,2026-05-25 11:11:03,V008,99.0,1.0045484770242705
2026-05-25,2026-05-25 11:11:04,V008,99.0,1.0048205697107602
2026-05-25,2026-05-25 11:11:05,V008,99.0,1.0050321341098911
2026-05-25,2026-05-25 11:11:06,V008,99.0,1.0049916408687274
2026-05-25,2026-05-25 11:11:07,V008,99.0,1.0049696333769924
2026-05-25,2026-05-25 11:11:08,V008,99.0,1.005205993768724
2026-05-25,2026-05-25 11:11:09,V008,99.0,1.005029785938398
2026-05-25,2026-05-25 11:11:10,V008,99.0,1.0050320618362434
2026-05-25,2026-05-25 11:11:11,V008,99.0,1.0048748592604255
2026-05-25,2026-05-25 11:11:12,V008,99.0,1.0046629160381582
2026-05-25,2026-05-25 11:11:13,V008,99.0,1.0042419850568753
2026-05-25,2026-05-25 11:11:14,V008,99.0,1.004668776314206
2026-05-25,2026-05-25 11:11:15,V008,98.0,1.005188446846547
2026-05-25,2026-05-25 11:11:16,V008,98.0,1.0053184519420653
2026-05-25,2026-05-25 11:11:17,V008,98.0,1.0046321219090215
2026-05-25,2026-05-25 11:11:18,V008,98.0,1.0049139518725196
2026-05-25,2026-05-25 11:11:19,V008,98.0,1.0072730754760117
2026-05-25,2026-05-25 11:11:20,V008,98.0,1.004634359396
2026-05-25,2026-05-25 11:11:21,V008,97.0,1.005061334879106
2026-05-25,2026-05-25 11:11:22,V008,97.0,1.0051836586073701
2026-05-25,2026-05-25 11:11:23,V008,97.0,1.005538584745135
2026-05-25,2026-05-25 11:11:24,V008,96.0,1.0050530813960004
2026-05-25,2026-05-25 11:11:25,V008,96.0,1.0049794127217688
2026-05-25,2026-05-25 11:11:26,V008,95.0,1.0050604455025667
2026-05-25,2026-05-25 11:11:27,V008,94.0,1.0055037696448919
2026-05-25,2026-05-25 11:11:28,V008,94.0,1.0042857572069366
2026-05-25,2026-05-25 11:11:29,V008,93.0,1.0055764888130914
2026-05-25,2026-05-25 11:11:30,V008,93.0,1.0049234306713988
2026-05-25,2026-05-25 11:11:31,V008,93.0,1.0051310954267638
2026-05-25,2026-05-25 11:11:32,V008,93.0,1.0053507937947528
2026-05-25,2026-05-25 11:11:33,V008,94.0,1.004528045423324
2026-05-25,2026-05-25 11:11:34,V008,94.0,1.0057566554645747
2026-05-25,2026-05-25 11:11:35,V008,94.0,1.0054172931064989
2026-05-25,2026-05-25 11:11:36,V008,95.0,1.0056090103527304
2026-05-25,2026-05-25 11:11:37,V008,95.0,1.0057195845585993
2026-05-25,2026-05-25 11:11:38,V008,95.0,1.0051333485677991
2026-05-25,2026-05-25 11:11:39,V008,95.0,1.007475402230531
2026-05-25,2026-05-25 11:11:40,V008,95.0,1.0041704935942084
2026-05-25,2026-05-25 11:11:41,V008,95.0,1.0070782238439944
2026-05-25,2026-05-25 11:11:42,V008,95.0,1.0045737918162807
2026-05-25,2026-05-25 11:11:43,V008,95.0,1.005709342915435
2026-05-25,2026-05-25 11:11:44,V008,95.0,1.0048576289749758
2026-05-25,2026-05-25 11:11:45,V008,94.0,1.0053157664244183
2026-05-25,2026-05-25 11:11:46,V008,95.0,1.0062726810075386
2026-05-25,2026-05-25 11:11:47,V008,95.0,1.002733072304239
2026-05-25,2026-05-25 11:11:48,V008,95.0,1.0042106572553644
2026-05-25,2026-05-25 11:11:49,V008,94.0,1.0053746171634916
2026-05-25,2026-05-25 11:11:50,V008,94.0,1.0050832964144656
2026-05-25,2026-05-25 11:11:51,V008,94.0,1.0063219014109077
2026-05-25,2026-05-25 11:11:52,V008,94.0,1.0053119893358677
2026-05-25,2026-05-25 11:11:53,V008,94.0,1.0052380865445236
2026-05-25,2026-05-25 11:11:54,V008,95.0,1.0058272297901574
2026-05-25,2026-05-25 11:11:55,V008,95.0,1.0054815887293498
2026-05-25,2026-05-25 11:11:56,V008,95.0,1.0050598404084652
2026-05-25,2026-05-25 11:11:57,V008,95.0,1.0042485573517683
2026-05-25,2026-05-25 11:11:58,V008,95.0,1.005521492358362
2026-05-25,2026-05-25 11:11:59,V008,94.0,1.0059321292531453
2026-05-25,2026-05-25 11:12:00,V008,94.0,1.0054075263971969
2026-05-25,2026-05-25 11:12:01,V008,94.0,1.005090296620755
2026-05-25,2026-05-25 11:12:02,V008,94.0,1.0057969150053758
2026-05-25,2026-05-25 11:12:03,V008,94.0,1.0058180670413595
2026-05-25,2026-05-25 11:12:04,V008,94.0,1.0063535804825974
2026-05-25,2026-05-25 11:12:05,V008,94.0,1.006349048813747
2026-05-25,2026-05-25 11:12:06,V008,94.0,1.005780846087033
2026-05-25,2026-05-25 11:12:07,V008,94.0,1.005396667295552
2026-05-25,2026-05-25 11:12:08,V008,94.0,1.0057324364633722
2026-05-25,2026-05-25 11:12:09,V008,95.0,1.0053829126139326
2026-05-25,2026-05-25 11:12:10,V008,94.0,1.0053709739262375
2026-05-25,2026-05-25 11:12:11,V008,94.0,1.0049814803381911
2026-05-25,2026-05-25 11:12:12,V008,94.0,1.0051104407193205
2026-05-25,2026-05-25 11:12:13,V008,93.0,1.0046869373780265
2026-05-25,2026-05-25 11:12:14,V008,94.0,1.005154487571576
2026-05-25,2026-05-25 11:12:15,V008,94.0,1.005829566512738
2026-05-25,2026-05-25 11:12:16,V008,94.0,1.00595137731991
2026-05-25,2026-05-25 11:12:17,V008,95.0,1.0049548336148824
2026-05-25,2026-05-25 11:12:18,V008,95.0,1.0047222803839524
2026-05-25,2026-05-25 11:12:19,V008,96.0,1.0050386298318759
2026-05-25,2026-05-25 11:12:20,V008,96.0,1.0055018064699186
2026-05-25,2026-05-25 11:12:21,V008,96.0,1.0058441428855567
2026-05-25,2026-05-25 11:12:22,V008,96.0,1.0047604281579832
2026-05-25,2026-05-25 11:12:23,V008,96.0,1.0053705979711787
2026-05-25,2026-05-25 11:12:24,V008,96.0,1.006481102307509
2026-05-25,2026-05-25 11:12:25,V008,96.0,1.0052375546797767
2026-05-25,2026-05-25 11:12:26,V008,96.0,1.0054444029826026
2026-05-25,2026-05-25 11:12:27,V008,96.0,1.0047548864425113
2026-05-25,2026-05-25 11:12:28,V008,96.0,1.0061057469402561
2026-05-25,2026-05-25 11:12:29,V008,96.0,1.0050972486948166
2026-05-25,2026-05-25 11:12:30,V008,95.0,1.0055234139653166
2026-05-25,2026-05-25 11:12:31,V008,95.0,1.005488676259974
2026-05-25,2026-05-25 11:12:32,V008,95.0,0.9822925323615134
2026-05-25,2026-05-25 11:12:33,V008,95.0,1.0054294331518105
2026-05-25,2026-05-25 11:12:34,V008,95.0,1.0053347908617498
2026-05-25,2026-05-25 11:12:35,V008,95.0,1.0055367423743582
2026-05-25,2026-05-25 11:12:36,V008,95.0,1.0050702582870914
2026-05-25,2026-05-25 11:12:37,V008,95.0,1.0051779542746588
2026-05-25,2026-05-25 11:12:38,V008,95.0,1.0051326519821278
2026-05-25,2026-05-25 11:12:39,V008,94.0,1.0052430648190862
2026-05-25,2026-05-25 11:12:40,V008,94.0,1.004653857673493
2026-05-25,2026-05-25 11:12:41,V008,93.0,1.0045658889100681
2026-05-25,2026-05-25 11:12:42,V008,92.0,1.0055876521349612
2026-05-25,2026-05-25 11:12:43,V008,92.0,1.0051868511982482
2026-05-25,2026-05-25 11:12:44,V008,91.0,1.0056524508353408
2026-05-25,2026-05-25 11:12:45,V008,91.0,1.00620796937054
2026-05-25,2026-05-25 11:12:46,V008,91.0,1.005403438851858
2026-05-25,2026-05-25 11:12:47,V008,91.0,1.0047670580142833
2026-05-25,2026-05-25 11:12:48,V008,91.0,1.0061269255139567
2026-05-25,2026-05-25 11:12:49,V008,91.0,1.0049953517471
2026-05-25,2026-05-25 11:12:50,V008,91.0,1.0056040322215662
2026-05-25,2026-05-25 11:12:51,V008,91.0,1.0055843071511779
2026-05-25,2026-05-25 11:12:52,V008,91.0,1.0056520942662643
2026-05-25,2026-05-25 11:12:53,V008,92.0,1.0058767544706477
2026-05-25,2026-05-25 11:12:54,V008,92.0,1.0058379475481745
2026-05-25,2026-05-25 11:12:55,V008,93.0,1.0049978132854511
2026-05-25,2026-05-25 11:12:56,V008,94.0,1.0046963463524734
2026-05-25,2026-05-25 11:12:57,V008,95.0,1.00587906295549
2026-05-25,2026-05-25 11:12:58,V008,96.0,1.0052219408474068
2026-05-25,2026-05-25 11:12:59,V008,97.0,1.0058456470630655
2026-05-25,2026-05-25 11:13:00,V008,97.0,1.0046391073543037
2026-05-25,2026-05-25 11:13:01,V008,98.0,1.0051007050935266
2026-05-25,2026-05-25 11:13:02,V008,97.0,1.005570186453537
2026-05-25,2026-05-25 11:13:03,V008,97.0,1.0058616851721456
2026-05-25,2026-05-25 11:13:04,V008,97.0,1.0050159147446596
2026-05-25,2026-05-25 11:13:05,V008,97.0,1.0050410969907977
2026-05-25,2026-05-25 11:13:06,V008,97.0,1.0055853132727735
2026-05-25,2026-05-25 11:13:07,V008,97.0,1.0054566997428467
2026-05-25,2026-05-25 11:13:08,V008,97.0,1.0057746323683803
2026-05-25,2026-05-25 11:13:09,V008,97.0,1.0054103513092474
2026-05-25,2026-05-25 11:13:10,V008,97.0,1.0055168501822314
2026-05-25,2026-05-25 11:13:11,V008,98.0,1.0049978051519208
2026-05-25,2026-05-25 11:13:12,V008,98.0,1.0050147363955861
2026-05-25,2026-05-25 11:13:13,V008,98.0,1.0057856795127713
2026-05-25,2026-05-25 11:13:14,V008,98.0,1.00359131638036
2026-05-25,2026-05-25 11:13:15,V008,98.0,1.005486521812256
2026-05-25,2026-05-25 11:13:16,V008,98.0,1.0059374804609265
2026-05-25,2026-05-25 11:13:17,V008,98.0,1.0060070965923043
2026-05-25,2026-05-25 11:13:18,V008,98.0,1.0046979724360023
2026-05-25,2026-05-25 11:13:19,V008,98.0,1.0053138860558857
2026-05-25,2026-05-25 11:13:20,V008,98.0,1.0052771170303854
2026-05-25,2026-05-25 11:13:21,V008,99.0,1.0049811591372824
2026-05-25,2026-05-25 11:13:22,V008,99.0,1.0050148681518352
2026-05-25,2026-05-25 11:13:23,V008,99.0,1.0051359770044888
2026-05-25,2026-05-25 11:13:24,V008,100.0,1.0050841635361225
2026-05-25,2026-05-25 11:13:25,V008,100.0,1.0052051914718867
2026-05-25,2026-05-25 11:13:26,V008,100.0,1.005200798584416
2026-05-25,2026-05-25 11:13:27,V008,101.0,1.0042030447394408
2026-05-25,2026-05-25 11:13:28,V008,100.0,1.0047695086807713
2026-05-25,2026-05-25 11:13:29,V008,99.0,1.005483104214393
2026-05-25,2026-05-25 11:13:30,V008,98.0,1.0003509614545727
2026-05-25,2026-05-25 11:13:31,V008,97.0,1.004591985980093
2026-05-25,2026-05-25 11:13:32,V008,97.0,1.0048502918545485
2026-05-25,2026-05-25 11:13:33,V008,96.0,1.0054577173181374
2026-05-25,2026-05-25 11:13:34,V008,96.0,1.0042673484746072
2026-05-25,2026-05-25 11:13:35,V008,95.0,1.0047634549194706
2026-05-25,2026-05-25 11:13:36,V008,93.0,1.0054369303285662
2026-05-25,2026-05-25 11:13:37,V008,91.0,1.0054638895821613
2026-05-25,2026-05-25 11:13:38,V008,91.0,1.005069159972169
2026-05-25,2026-05-25 11:13:39,V008,90.0,1.003889552493398
2026-05-25,2026-05-25 11:13:40,V008,89.0,1.0056282432712282
2026-05-25,2026-05-25 11:13:41,V008,88.0,1.0054052136082525
2026-05-25,2026-05-25 11:13:42,V008,87.0,1.0049895725030393
2026-05-25,2026-05-25 11:13:43,V008,87.0,1.0047623530446415
2026-05-25,2026-05-25 11:13:44,V008,86.0,1.0055007398669997
2026-05-25,2026-05-25 11:13:45,V008,86.0,1.005430023353719
2026-05-25,2026-05-25 11:13:46,V008,86.0,1.0044502460806712
2026-05-25,2026-05-25 11:13:47,V008,86.0,1.0055745999374435
2026-05-25,2026-05-25 11:13:48,V008,87.0,1.0054538984287629
2026-05-25,2026-05-25 11:13:49,V008,87.0,1.005167641009528
2026-05-25,2026-05-25 11:13:50,V008,87.0,1.0045760597599265
2026-05-25,2026-05-25 11:13:51,V008,88.0,1.0049911389186468
2026-05-25,2026-05-25 11:13:52,V008,87.0,1.0049572895357366
2026-05-25,2026-05-25 11:13:53,V008,87.0,1.0053108337501409
2026-05-25,2026-05-25 11:13:54,V008,87.0,1.0057976519695822
2026-05-25,2026-05-25 11:13:55,V008,87.0,1.0041107075185085
2026-05-25,2026-05-25 11:13:56,V008,86.0,1.0051871854604342
2026-05-25,2026-05-25 11:13:57,V008,86.0,1.0050766479273043
2026-05-25,2026-05-25 11:13:58,V008,86.0,1.0052628040854674
2026-05-25,2026-05-25 11:13:59,V008,86.0,1.00366298035948
2026-05-25,2026-05-25 11:14:00,V008,86.0,1.0050516937737277
2026-05-25,2026-05-25 11:14:01,V008,87.0,1.0048316730093283
2026-05-25,2026-05-25 11:14:02,V008,87.0,1.0068914886808384
2026-05-25,2026-05-25 11:14:03,V008,87.0,1.0082226970546906
2026-05-25,2026-05-25 11:14:04,V008,88.0,1.009954766225006
2026-05-25,2026-05-25 11:14:05,V008,88.0,1.0034613930008325
2026-05-25,2026-05-25 11:14:06,V008,88.0,1.0031125063715505
2026-05-25,2026-05-25 11:14:07,V008,88.0,1.0056767694844628
2026-05-25,2026-05-25 11:14:08,V008,88.0,1.008372117922089
2026-05-25,2026-05-25 11:14:09,V008,88.0,1.0049501978661992
2026-05-25,2026-05-25 11:14:10,V008,88.0,1.005085690152778
2026-05-25,2026-05-25 11:14:11,V008,88.0,1.0051453244832054
2026-05-25,2026-05-25 11:14:12,V008,88.0,1.0051785935621338
2026-05-25,2026-05-25 11:14:13,V008,88.0,1.00471572914559
2026-05-25,2026-05-25 11:14:14,V008,88.0,1.0050368673206342
2026-05-25,2026-05-25 11:14:15,V008,89.0,1.0050851284319287
2026-05-25,2026-05-25 11:14:16,V008,88.0,1.0033884130939243
2026-05-25,2026-05-25 11:14:17,V008,88.0,1.0049197201693452
2026-05-25,2026-05-25 11:14:18,V008,88.0,1.00514108461955
2026-05-25,2026-05-25 11:14:19,V008,87.0,1.0043287458219472
2026-05-25,2026-05-25 11:14:20,V008,87.0,1.0051682546550502
2026-05-25,2026-05-25 11:14:21,V008,88.0,1.0046580060338544
2026-05-25,2026-05-25 11:14:22,V008,87.0,1.0012303510482183
2026-05-25,2026-05-25 11:14:23,V008,87.0,1.0051357442916367
2026-05-25,2026-05-25 11:14:24,V008,87.0,1.0055615181467035
2026-05-25,2026-05-25 11:14:25,V008,88.0,0.9995256993007364
2026-05-25,2026-05-25 11:14:26,V008,88.0,1.0045773541180227
2026-05-25,2026-05-25 11:14:27,V008,87.0,1.005011259324984
2026-05-25,2026-05-25 11:14:28,V008,87.0,1.00508728628194
2026-05-25,2026-05-25 11:14:29,V008,87.0,1.005506495362258
2026-05-25,2026-05-25 11:14:30,V008,87.0,1.0059965783495575
2026-05-25,2026-05-25 11:14:31,V008,87.0,1.0050631358845068
2026-05-25,2026-05-25 11:14:32,V008,87.0,1.0102904068387044
2026-05-25,2026-05-25 11:14:33,V008,87.0,1.0011888639576405
2026-05-25,2026-05-25 11:14:34,V008,87.0,1.0054708856559755
2026-05-25,2026-05-25 11:14:35,V008,88.0,1.0017729392581451
2026-05-25,2026-05-25 11:14:36,V008,88.0,1.0080776843579322
2026-05-25,2026-05-25 11:14:37,V008,88.0,1.0012799658122298
2026-05-25,2026-05-25 11:14:38,V008,89.0,1.0064937517488695
2026-05-25,2026-05-25 11:14:39,V008,89.0,1.0048200382416368
2026-05-25,2026-05-25 11:14:40,V008,89.0,1.0033383895184802
2026-05-25,2026-05-25 11:14:41,V008,89.0,0.9985512258811166
2026-05-25,2026-05-25 11:14:42,V008,88.0,1.004042261648366
2026-05-25,2026-05-25 11:14:43,V008,88.0,1.004955934728067
2026-05-25,2026-05-25 11:14:44,V008,88.0,1.004552816314067
2026-05-25,2026-05-25 11:14:45,V008,88.0,1.006406141340974
2026-05-25,2026-05-25 11:14:46,V008,88.0,1.0055735826128158
2026-05-25,2026-05-25 11:14:47,V008,88.0,1.0153939401181142
2026-05-25,2026-05-25 11:14:48,V008,87.0,0.9997174899614522
2026-05-25,2026-05-25 11:14:49,V008,87.0,1.0078569863273121
2026-05-25,2026-05-25 11:14:50,V008,87.0,1.014066396518229
2026-05-25,2026-05-25 11:14:51,V008,87.0,1.0051498034376265
2026-05-25,2026-05-25 11:14:52,V008,86.0,1.005683552577501
2026-05-25,2026-05-25 11:14:53,V008,86.0,1.0056180189308102
2026-05-25,2026-05-25 11:14:54,V008,86.0,1.0055804592866504
2026-05-25,2026-05-25 11:14:55,V008,86.0,1.0044274917746974
2026-05-25,2026-05-25 11:14:56,V008,87.0,1.0071840036273523
2026-05-25,2026-05-25 11:14:57,V008,87.0,1.0064809853616377
2026-05-25,2026-05-25 11:14:58,V008,87.0,1.0049386070579773
2026-05-25,2026-05-25 11:14:59,V008,88.0,1.0058398275618166
2026-05-25,2026-05-25 11:15:00,V008,88.0,1.0063633753802754
2026-05-25,2026-05-25 11:15:01,V008,88.0,1.0042619320424064
2026-05-25,2026-05-25 11:15:02,V008,88.0,1.0026856242589823
2026-05-25,2026-05-25 11:15:03,V008,88.0,0.994409870035838
2026-05-25,2026-05-25 11:15:04,V008,88.0,1.004632871692165
2026-05-25,2026-05-25 11:15:05,V008,89.0,1.0082652393526261
2026-05-25,2026-05-25 11:15:06,V008,89.0,1.0063863046818118
2026-05-25,2026-05-25 11:15:07,V008,89.0,1.0017686732081257
2026-05-25,2026-05-25 11:15:08,V008,89.0,1.0057762829174068
2026-05-25,2026-05-25 11:15:09,V008,89.0,1.005342462923713
2026-05-25,2026-05-25 11:15:10,V008,89.0,1.005338690211887
2026-05-25,2026-05-25 11:15:11,V008,89.0,1.0051750588516988
2026-05-25,2026-05-25 11:15:12,V008,88.0,1.0051257942205218
2026-05-25,2026-05-25 11:15:13,V008,88.0,1.0047309682780723
2026-05-25,2026-05-25 11:15:14,V008,88.0,1.0060199897718558
2026-05-25,2026-05-25 11:15:15,V008,88.0,1.0058834031746353
2026-05-25,2026-05-25 11:15:16,V008,87.0,1.002277979306246
2026-05-25,2026-05-25 11:15:17,V008,87.0,1.0067666956454326
2026-05-25,2026-05-25 11:15:18,V008,87.0,0.9971553379142124
2026-05-25,2026-05-25 11:15:19,V008,87.0,1.0005184396556268
2026-05-25,2026-05-25 11:15:20,V008,87.0,1.0062025694411492
2026-05-25,2026-05-25 11:15:21,V008,88.0,1.0129546926456314
2026-05-25,2026-05-25 11:15:22,V008,88.0,1.004634369076107
2026-05-25,2026-05-25 11:15:23,V008,88.0,1.0039467888690858
2026-05-25,2026-05-25 11:15:24,V008,88.0,1.0051488833114035
2026-05-25,2026-05-25 11:15:25,V008,88.0,1.0067519000290936
2026-05-25,2026-05-25 11:15:26,V008,88.0,1.0097729887744002
2026-05-25,2026-05-25 11:15:27,V008,87.0,1.0044945643165395
2026-05-25,2026-05-25 11:15:28,V008,87.0,1.0049912289828011
2026-05-25,2026-05-25 11:15:29,V008,87.0,1.008480713784447
2026-05-25,2026-05-25 11:15:30,V008,87.0,0.9968655399078011
2026-05-25,2026-05-25 11:15:31,V008,86.0,1.0024165708222352
2026-05-25,2026-05-25 11:15:32,V008,86.0,1.0049241404955247
2026-05-25,2026-05-25 11:15:33,V008,86.0,1.0054635673802483
2026-05-25,2026-05-25 11:15:34,V008,86.0,1.0080618706286142
2026-05-25,2026-05-25 11:15:35,V008,85.0,1.0131934201163824
2026-05-25,2026-05-25 11:15:36,V008,85.0,1.0050066162218863
2026-05-25,2026-05-25 11:15:37,V008,85.0,1.0048154443787571
2026-05-25,2026-05-25 11:15:38,V008,85.0,1.005303126230455
2026-05-25,2026-05-25 11:15:39,V008,85.0,1.0050647904333172
2026-05-25,2026-05-25 11:15:40,V008,85.0,1.004490466655751
2026-05-25,2026-05-25 11:15:41,V008,84.0,1.0063730778520976
2026-05-25,2026-05-25 11:15:42,V008,85.0,1.0042972030328035
2026-05-25,2026-05-25 11:15:43,V008,85.0,1.0017888901970164
2026-05-25,2026-05-25 11:15:44,V008,84.0,1.00542116736031
2026-05-25,2026-05-25 11:15:45,V008,84.0,1.0022832955531893
2026-05-25,2026-05-25 11:15:46,V008,84.0,1.005269092847478
2026-05-25,2026-05-25 11:15:47,V008,83.0,1.0050236161709423
2026-05-25,2026-05-25 11:15:48,V008,82.0,1.0048596451499479
2026-05-25,2026-05-25 11:15:49,V008,82.0,1.0047327562459343
2026-05-25,2026-05-25 11:15:50,V008,82.0,1.0045641625081707
2026-05-25,2026-05-25 11:15:51,V008,82.0,1.0050994995163498
2026-05-25,2026-05-25 11:15:52,V008,82.0,1.004480929551746
2026-05-25,2026-05-25 11:15:53,V008,82.0,1.004192282439769
2026-05-25,2026-05-25 11:15:54,V008,81.0,0.9960767935650129
2026-05-25,2026-05-25 11:15:55,V008,81.0,1.0037246710637773
2026-05-25,2026-05-25 11:15:56,V008,80.0,1.0058511876962148
2026-05-25,2026-05-25 11:15:57,V008,80.0,1.0051139515040113
2026-05-25,2026-05-25 11:15:58,V008,80.0,1.0039979535032486
2026-05-25,2026-05-25 11:15:59,V008,80.0,1.0067717888220866
2026-05-25,2026-05-25 11:16:00,V008,80.0,1.0053783882810219
2026-05-25,2026-05-25 11:16:01,V008,79.0,1.009241171255028
2026-05-25,2026-05-25 11:16:02,V008,79.0,1.006642036660166
2026-05-25,2026-05-25 11:16:03,V008,79.0,1.0051902414847051
2026-05-25,2026-05-25 11:16:04,V008,79.0,1.0050198318803656
2026-05-25,2026-05-25 11:16:05,V008,79.0,1.0050576926733703
2026-05-25,2026-05-25 11:16:06,V008,79.0,1.005157716856935
2026-05-25,2026-05-25 11:16:07,V008,80.0,1.004967310193594
2026-05-25,2026-05-25 11:16:08,V008,80.0,0.9984114995575382
2026-05-25,2026-05-25 11:16:09,V008,80.0,1.1712018136179658
2026-05-25,2026-05-25 11:16:10,V008,80.0,1.0066496473268152
2026-05-25,2026-05-25 11:16:11,V008,80.0,1.0059299818306557
2026-05-25,2026-05-25 11:16:12,V008,80.0,0.97810694370317
2026-05-25,2026-05-25 11:16:13,V008,80.0,1.0484975567416321
2026-05-25,2026-05-25 11:16:14,V008,80.0,1.0002557141588582
2026-05-25,2026-05-25 11:16:15,V008,80.0,1.0144949687339104
2026-05-25,2026-05-25 11:16:16,V008,80.0,1.043629106943453
2026-05-25,2026-05-25 11:16:17,V008,80.0,1.0255688175725681
2026-05-25,2026-05-25 11:16:18,V008,80.0,1.0158170035906415
2026-05-25,2026-05-25 11:16:19,V008,81.0,1.011808314965124
2026-05-25,2026-05-25 11:16:20,V008,81.0,1.0543262780130402
2026-05-25,2026-05-25 11:16:21,V008,81.0,1.0020719073031101
2026-05-25,2026-05-25 11:16:22,V008,82.0,1.055801349031041
2026-05-25,2026-05-25 11:16:23,V008,82.0,1.034019993696709
2026-05-25,2026-05-25 11:16:24,V008,82.0,1.0074434115684727
2026-05-25,2026-05-25 11:16:25,V008,82.0,1.044708544660037
2026-05-25,2026-05-25 11:16:26,V008,82.0,1.0192820413510146
2026-05-25,2026-05-25 11:16:27,V008,82.0,1.0368048397635745
2026-05-25,2026-05-25 11:16:28,V008,83.0,1.0266850341654508
2026-05-25,2026-05-25 11:16:29,V008,85.0,1.0814884528345698
2026-05-25,2026-05-25 11:16:30,V008,84.0,1.073115720677231
2026-05-25,2026-05-25 11:16:31,V008,83.0,0.9948767025887624
2026-05-25,2026-05-25 11:16:32,V008,85.0,1.2016092866972807
2026-05-25,2026-05-25 11:16:33,V008,86.0,1.0295315186815437
2026-05-25,2026-05-25 11:16:34,V008,86.0,1.0165928952298142
2026-05-25,2026-05-25 11:16:35,V008,85.0,1.031572748914592
2026-05-25,2026-05-25 11:16:36,V008,86.0,1.1813066144388396
2026-05-25,2026-05-25 11:16:37,V008,87.0,1.2118478708118516
2026-05-25,2026-05-25 11:16:38,V008,86.0,1.0098369124580635
2026-05-25,2026-05-25 11:16:39,V008,86.0,1.0077980915966247
2026-05-25,2026-05-25 11:16:40,V008,85.0,1.023878419227123
2026-05-25,2026-05-25 11:16:41,V008,85.0,1.0198378560114396
2026-05-25,2026-05-25 11:16:42,V008,86.0,0.988080386205794
2026-05-25,2026-05-25 11:16:43,V008,86.0,1.0117670193335726
2026-05-25,2026-05-25 11:16:44,V008,86.0,1.0069351946817915
2026-05-25,2026-05-25 11:16:45,V008,86.0,1.0504989692354598
2026-05-25,2026-05-25 11:16:46,V008,87.0,1.066753271488161
2026-05-25,2026-05-25 11:16:47,V008,87.0,1.276088988691551
2026-05-25,2026-05-25 11:16:48,V008,88.0,1.0706604867329053
2026-05-25,2026-05-25 11:16:49,V008,88.0,1.0264196055398092
2026-05-25,2026-05-25 11:16:50,V008,88.0,1.0007170541538148
2026-05-25,2026-05-25 11:16:51,V008,88.0,1.1111396960072262
2026-05-25,2026-05-25 11:16:52,V008,87.0,1.0964928497010586
2026-05-25,2026-05-25 11:16:53,V008,86.0,0.9955054853489639
2026-05-25,2026-05-25 11:16:54,V008,86.0,1.1096853505805315
2026-05-25,2026-05-25 11:16:55,V008,86.0,0.9550658352020442
2026-05-25,2026-05-25 11:16:56,V008,87.0,0.9882353733737246
2026-05-25,2026-05-25 11:16:57,V008,87.0,0.9890262741001689
2026-05-25,2026-05-25 11:16:58,V008,87.0,0.9814473234674637
2026-05-25,2026-05-25 11:16:59,V008,87.0,1.0200462195002968
2026-05-25,2026-05-25 11:17:00,V008,87.0,1.0581241696752313
2026-05-25,2026-05-25 11:17:01,V008,87.0,0.991759783448912
2026-05-25,2026-05-25 11:17:02,V008,87.0,1.0179989540218777
2026-05-25,2026-05-25 11:17:03,V008,87.0,1.0838031515644977
2026-05-25,2026-05-25 11:17:04,V008,87.0,1.069920292951452
2026-05-25,2026-05-25 11:17:05,V008,87.0,1.04610744428191
2026-05-25,2026-05-25 11:17:06,V008,87.0,1.0698491462501345
2026-05-25,2026-05-25 11:17:07,V008,87.0,1.0568152049057777
2026-05-25,2026-05-25 11:17:08,V008,87.0,1.4026483303883488
2026-05-25,2026-05-25 11:17:09,V008,87.0,1.0669911652960742
2026-05-25,2026-05-25 11:17:10,V008,87.0,1.048703005509346
2026-05-25,2026-05-25 11:17:11,V008,87.0,1.0632875633097536
2026-05-25,2026-05-25 11:17:12,V008,87.0,1.0144497242655506
2026-05-25,2026-05-25 11:17:13,V008,87.0,1.0178715772681226
2026-05-25,2026-05-25 11:17:14,V008,87.0,1.0170051868874954
2026-05-25,2026-05-25 11:17:15,V008,87.0,1.1401380317660188
2026-05-25,2026-05-25 11:17:16,V008,87.0,1.1859945782054693
2026-05-25,2026-05-25 11:17:17,V008,87.0,1.1373226310650626
2026-05-25,2026-05-25 11:17:18,V008,87.0,1.1600731556109976
2026-05-25,2026-05-25 11:17:19,V008,88.0,1.2001984414979165
2026-05-25,2026-05-25 11:17:20,V008,88.0,1.1062201060905115
2026-05-25,2026-05-25 11:17:21,V008,88.0,1.1485380625574404
2026-05-25,2026-05-25 11:17:22,V008,88.0,1.0887585118438359
2026-05-25,2026-05-25 11:17:23,V008,88.0,1.0818752712251627
2026-05-25,2026-05-25 11:17:24,V008,89.0,1.0239941907058439
2026-05-25,2026-05-25 11:17:25,V008,89.0,1.2039049915446287
2026-05-25,2026-05-25 11:17:26,V008,89.0,1.0081660781491828
2026-05-25,2026-05-25 11:17:27,V008,90.0,1.034960288465717
2026-05-25,2026-05-25 11:17:28,V008,91.0,1.4649062031866966
2026-05-25,2026-05-25 11:17:29,V008,91.0,1.026849848126067
2026-05-25,2026-05-25 11:17:30,V008,93.0,1.0325019187357107
2026-05-25,2026-05-25 11:17:31,V008,95.0,1.0109244722904054
2026-05-25,2026-05-25 11:17:32,V008,97.0,1.0282702868404416
2026-05-25,2026-05-25 11:17:33,V008,99.0,1.0279759254396639
2026-05-25,2026-05-25 11:17:34,V008,100.0,1.0182795494912673
2026-05-25,2026-05-25 11:17:35,V008,101.0,1.0585473822277613
2026-05-25,2026-05-25 11:17:36,V008,102.0,1.021166808615426
2026-05-25,2026-05-25 11:17:37,V008,103.0,1.0274310424895057
2026-05-25,2026-05-25 11:17:38,V008,103.0,1.0346643695210043
2026-05-25,2026-05-25 11:17:39,V008,104.0,1.0049798960074308
2026-05-25,2026-05-25 11:17:40,V008,105.0,1.0758629050896786
2026-05-25,2026-05-25 11:17:41,V008,105.0,1.0922919509479934
2026-05-25,2026-05-25 11:17:42,V008,106.0,1.0571013120248225
2026-05-25,2026-05-25 11:17:43,V008,107.0,1.015454068504576
2026-05-25,2026-05-25 11:17:44,V008,107.0,1.072606230133656
2026-05-25,2026-05-25 11:17:45,V008,107.0,1.0950748476004097
2026-05-25,2026-05-25 11:17:46,V008,107.0,1.034634581796162
2026-05-25,2026-05-25 11:17:47,V008,107.0,1.087479405761305
2026-05-25,2026-05-25 11:17:48,V008,107.0,1.1888262759361647
2026-05-25,2026-05-25 11:17:49,V008,107.0,1.388689934267633
2026-05-25,2026-05-25 11:17:50,V008,107.0,1.6978592161717532
2026-05-25,2026-05-25 11:17:51,V008,107.0,1.037124488796311
2026-05-25,2026-05-25 11:17:52,V008,107.0,1.0926876151849994
2026-05-25,2026-05-25 11:17:53,V008,107.0,1.089916223674245
2026-05-25,2026-05-25 11:17:54,V008,107.0,1.0207138337633705
2026-05-25,2026-05-25 11:17:55,V008,106.0,1.026445587766053
2026-05-25,2026-05-25 11:17:56,V008,106.0,1.0083648756726165
2026-05-25,2026-05-25 11:17:57,V008,106.0,1.0120750868873134
2026-05-25,2026-05-25 11:17:58,V008,106.0,1.2907650606345586
2026-05-25,2026-05-25 11:17:59,V008,106.0,1.0377485499220713
2026-05-25,2026-05-25 11:18:00,V008,106.0,1.012114864888611
2026-05-25,2026-05-25 11:18:01,V008,105.0,1.0152014337177988
2026-05-25,2026-05-25 11:18:02,V008,105.0,1.030531566735422
2026-05-25,2026-05-25 11:18:03,V008,105.0,1.0119244491190775
2026-05-25,2026-05-25 11:18:04,V008,105.0,1.020766774865087
2026-05-25,2026-05-25 11:18:05,V008,105.0,1.0155461529177552
2026-05-25,2026-05-25 11:18:06,V008,105.0,1.0489634601747102
2026-05-25,2026-05-25 11:18:07,V008,105.0,1.0367671185328569
2026-05-25,2026-05-25 11:18:08,V008,105.0,1.0123159865277145
2026-05-25,2026-05-25 11:18:09,V008,105.0,1.0096086586397797
2026-05-25,2026-05-25 11:18:10,V008,105.0,1.0298485089639435
2026-05-25,2026-05-25 11:18:11,V008,105.0,1.0566400782551066
2026-05-25,2026-05-25 11:18:12,V008,104.0,1.0096027151516431
2026-05-25,2026-05-25 11:18:13,V008,104.0,0.9860751751644902
2026-05-25,2026-05-25 11:18:14,V008,104.0,1.004558665373574
2026-05-25,2026-05-25 11:18:15,V008,104.0,1.0224648341988358
2026-05-25,2026-05-25 11:18:16,V008,103.0,1.0025662251529028
2026-05-25,2026-05-25 11:18:17,V008,103.0,1.0168142608225121
2026-05-25,2026-05-25 11:18:18,V008,102.0,1.0177161463458868
2026-05-25,2026-05-25 11:18:19,V008,101.0,1.0172294658765808
2026-05-25,2026-05-25 11:18:20,V008,98.0,1.01861506428536
2026-05-25,2026-05-25 11:18:21,V008,96.0,1.022988553617206
2026-05-25,2026-05-25 11:18:22,V008,94.0,1.0656483085672541
2026-05-25,2026-05-25 11:18:23,V008,93.0,1.0122072649528524
2026-05-25,2026-05-25 11:18:24,V008,92.0,1.0123290825868791
2026-05-25,2026-05-25 11:18:25,V008,91.0,1.0407249409698383
2026-05-25,2026-05-25 11:18:26,V008,89.0,1.01197280883901
2026-05-25,2026-05-25 11:18:27,V008,89.0,1.0314138356121512
2026-05-25,2026-05-25 11:18:28,V008,88.0,1.0164403014304808
2026-05-25,2026-05-25 11:18:29,V008,87.0,1.0137071549725474
2026-05-25,2026-05-25 11:18:30,V008,87.0,1.0140099311374269
2026-05-25,2026-05-25 11:18:31,V008,87.0,1.1368653453142636
2026-05-25,2026-05-25 11:18:32,V008,88.0,1.0281275246638946
2026-05-25,2026-05-25 11:18:33,V008,88.0,1.0543984059250968
2026-05-25,2026-05-25 11:18:34,V008,88.0,1.0408884994788856
2026-05-25,2026-05-25 11:18:35,V008,88.0,1.0123614360258786
2026-05-25,2026-05-25 11:18:36,V008,88.0,1.019234597457994
2026-05-25,2026-05-25 11:18:37,V008,88.0,1.0022692736051675
2026-05-25,2026-05-25 11:18:38,V008,89.0,1.0034962563329872
2026-05-25,2026-05-25 11:18:39,V008,89.0,1.003825085772338
2026-05-25,2026-05-25 11:18:40,V008,89.0,1.0026197259699468
2026-05-25,2026-05-25 11:18:41,V008,90.0,1.0032235798571403
2026-05-25,2026-05-25 11:18:42,V008,90.0,1.0041816421594432
2026-05-25,2026-05-25 11:18:43,V008,89.0,1.0032870927692779
2026-05-25,2026-05-25 11:18:44,V008,89.0,1.003621313366512
2026-05-25,2026-05-25 11:18:45,V008,88.0,1.008304099211391
2026-05-25,2026-05-25 11:18:46,V008,88.0,1.0006236718834285
2026-05-25,2026-05-25 11:18:47,V008,87.0,1.0040399439827097
2026-05-25,2026-05-25 11:18:48,V008,87.0,1.0031568692715578
2026-05-25,2026-05-25 11:18:49,V008,86.0,1.0037357006724368
2026-05-25,2026-05-25 11:18:50,V008,86.0,1.0044455614604662
2026-05-25,2026-05-25 11:18:51,V008,85.0,1.0035598011333497
2026-05-25,2026-05-25 11:18:52,V008,85.0,1.0041742748936193
2026-05-25,2026-05-25 11:18:53,V008,85.0,1.004211086566379
2026-05-25,2026-05-25 11:18:54,V008,85.0,1.0018489361297793
2026-05-25,2026-05-25 11:18:55,V008,84.0,1.0071464335862235
2026-05-25,2026-05-25 11:18:56,V008,84.0,1.0120485319220007
2026-05-25,2026-05-25 11:18:57,V008,84.0,1.0091530472907606
2026-05-25,2026-05-25 11:18:58,V008,84.0,1.015126201352675
2026-05-25,2026-05-25 11:18:59,V008,84.0,1.0126168027185
2026-05-25,2026-05-25 11:19:00,V008,84.0,1.017269469284526
2026-05-25,2026-05-25 11:19:01,V008,83.0,1.0134025388615466
2026-05-25,2026-05-25 11:19:02,V008,83.0,1.0155820259508201
2026-05-25,2026-05-25 11:19:03,V008,83.0,1.008704180392199
2026-05-25,2026-05-25 11:19:04,V008,83.0,1.0061111834005876
2026-05-25,2026-05-25 11:19:05,V008,83.0,1.005901060737736
2026-05-25,2026-05-25 11:19:06,V008,83.0,1.0046323525159508
2026-05-25,2026-05-25 11:19:07,V008,83.0,1.0051714439669652
2026-05-25,2026-05-25 11:19:08,V008,83.0,1.005229164792388
2026-05-25,2026-05-25 11:19:09,V008,83.0,1.005124223268025
2026-05-25,2026-05-25 11:19:10,V008,84.0,1.0076970937726513
2026-05-25,2026-05-25 11:19:11,V008,84.0,1.0047832380589112
2026-05-25,2026-05-25 11:19:12,V008,84.0,1.005765845197947
2026-05-25,2026-05-25 11:19:13,V008,84.0,1.0047875109086448
2026-05-25,2026-05-25 11:19:14,V008,83.0,1.00628791308408
2026-05-25,2026-05-25 11:19:15,V008,83.0,1.007358147568425
2026-05-25,2026-05-25 11:19:16,V008,82.0,1.0051278067137337
2026-05-25,2026-05-25 11:19:17,V008,81.0,1.0058110060894594
2026-05-25,2026-05-25 11:19:18,V008,81.0,1.0088809837932207
2026-05-25,2026-05-25 11:19:19,V008,80.0,1.0065946769811216
2026-05-25,2026-05-25 11:19:20,V008,80.0,1.0068982431714415
2026-05-25,2026-05-25 11:19:21,V008,80.0,1.0065709677008794
2026-05-25,2026-05-25 11:19:22,V008,80.0,1.0049864717881247
2026-05-25,2026-05-25 11:19:23,V008,80.0,1.0059502289877014
2026-05-25,2026-05-25 11:19:24,V008,81.0,1.0079242443316316
2026-05-25,2026-05-25 11:19:25,V008,81.0,1.007374399291907
2026-05-25,2026-05-25 11:19:26,V008,81.0,1.0065797370521041
2026-05-25,2026-05-25 11:19:27,V008,81.0,1.0066965612873173
2026-05-25,2026-05-25 11:19:28,V008,82.0,1.00855711683603
2026-05-25,2026-05-25 11:19:29,V008,82.0,1.01239317577884
2026-05-25,2026-05-25 11:19:30,V008,82.0,1.0169632832990376
2026-05-25,2026-05-25 11:19:31,V008,83.0,1.0101104684580322
2026-05-25,2026-05-25 11:19:32,V008,83.0,1.0314238901363573
2026-05-25,2026-05-25 11:19:33,V008,83.0,1.0171351767202919
2026-05-25,2026-05-25 11:19:34,V008,83.0,1.006883053888277
2026-05-25,2026-05-25 11:19:35,V008,82.0,1.067931701435774
2026-05-25,2026-05-25 11:19:36,V008,82.0,1.023473173941856
2026-05-25,2026-05-25 11:19:37,V008,82.0,1.0196561683061809
2026-05-25,2026-05-25 11:19:38,V008,81.0,1.0127401809390888
2026-05-25,2026-05-25 11:19:39,V008,81.0,1.0211776969196478
2026-05-25,2026-05-25 11:19:40,V008,81.0,1.0227103002767013
2026-05-25,2026-05-25 11:19:41,V008,81.0,1.0056731741587597
2026-05-25,2026-05-25 11:19:42,V008,81.0,1.0192045534266967
2026-05-25,2026-05-25 11:19:43,V008,81.0,1.0047966248130222
2026-05-25,2026-05-25 11:19:44,V008,81.0,1.0286237077769371
2026-05-25,2026-05-25 11:19:45,V008,81.0,1.015934931697273
2026-05-25,2026-05-25 11:19:46,V008,81.0,1.0069588643587486
2026-05-25,2026-05-25 11:19:47,V008,82.0,1.0125409136957073
2026-05-25,2026-05-25 11:19:48,V008,82.0,1.0184239836235087
2026-05-25,2026-05-25 11:19:49,V008,82.0,1.0145217067306647
2026-05-25,2026-05-25 11:19:50,V008,82.0,1.0174943877410487
2026-05-25,2026-05-25 11:19:51,V008,82.0,1.0191540886457742
2026-05-25,2026-05-25 11:19:52,V008,81.0,1.0513808954750834
2026-05-25,2026-05-25 11:19:53,V008,81.0,0.9796278344334717
2026-05-25,2026-05-25 11:19:54,V008,80.0,1.0012857277707268
2026-05-25,2026-05-25 11:19:55,V008,79.0,1.0267959868967234
2026-05-25,2026-05-25 11:19:56,V008,78.0,1.0065480531362656
2026-05-25,2026-05-25 11:19:57,V008,77.0,1.586035852468198
2026-05-25,2026-05-25 11:19:58,V008,76.0,1.0128864839257221
2026-05-25,2026-05-25 11:19:59,V008,75.0,1.0147125815780387
2026-05-25,2026-05-25 11:20:00,V008,76.0,1.02972155937711
2026-05-25,2026-05-25 11:20:01,V008,76.0,1.0559104820581122
2026-05-25,2026-05-25 11:20:02,V008,76.0,1.0287331489687748
2026-05-25,2026-05-25 11:20:03,V008,76.0,1.0197234769633068
2026-05-25,2026-05-25 11:20:04,V008,77.0,1.029695499479519
2026-05-25,2026-05-25 11:20:05,V008,77.0,1.0427294686965212
2026-05-25,2026-05-25 11:20:06,V008,77.0,1.0288627436511857
2026-05-25,2026-05-25 11:20:07,V008,76.0,1.0111608252107203
2026-05-25,2026-05-25 11:20:08,V008,77.0,1.0110049666249878
2026-05-25,2026-05-25 11:20:09,V008,77.0,1.0080968522471483
2026-05-25,2026-05-25 11:20:10,V008,77.0,1.0134367972232736
2026-05-25,2026-05-25 11:20:11,V008,77.0,1.0104303641467076
2026-05-25,2026-05-25 11:20:12,V008,78.0,1.0098711183433113
2026-05-25,2026-05-25 11:20:13,V008,78.0,1.0106436814699504
2026-05-25,2026-05-25 11:20:14,V008,78.0,1.0098400023163443
2026-05-25,2026-05-25 11:20:15,V008,78.0,1.0093229674161959
2026-05-25,2026-05-25 11:20:16,V008,80.0,1.010076113044162
2026-05-25,2026-05-25 11:20:17,V008,80.0,1.0101999962759296
2026-05-25,2026-05-25 11:20:18,V008,81.0,1.0090021748033635
2026-05-25,2026-05-25 11:20:19,V008,81.0,1.0089928719373316
2026-05-25,2026-05-25 11:20:20,V008,81.0,1.0094682949876321
2026-05-25,2026-05-25 11:20:21,V008,81.0,1.008822085516747
2026-05-25,2026-05-25 11:20:22,V008,82.0,1.0088247285560472
2026-05-25,2026-05-25 11:20:23,V008,82.0,1.009567711082881
2026-05-25,2026-05-25 11:20:24,V008,82.0,1.0092696650810569
2026-05-25,2026-05-25 11:20:25,V008,82.0,1.0097579394605192
2026-05-25,2026-05-25 11:20:26,V008,83.0,1.010107522936441
2026-05-25,2026-05-25 11:20:27,V008,83.0,1.0094228825173486
2026-05-25,2026-05-25 11:20:28,V008,83.0,1.0085772694648119
2026-05-25,2026-05-25 11:20:29,V008,84.0,1.0100487136971106
2026-05-25,2026-05-25 11:20:30,V008,84.0,1.0119319759830174
2026-05-25,2026-05-25 11:20:31,V008,85.0,1.0041376414964651
2026-05-25,2026-05-25 11:20:32,V008,85.0,1.0101622064068687
2026-05-25,2026-05-25 11:20:33,V008,85.0,1.0105715701009963
2026-05-25,2026-05-25 11:20:34,V008,85.0,1.008862449435276
2026-05-25,2026-05-25 11:20:35,V008,86.0,1.0088671980587205
2026-05-25,2026-05-25 11:20:36,V008,86.0,1.0086740923519648
2026-05-25,2026-05-25 11:20:37,V008,86.0,1.0090678816713556
2026-05-25,2026-05-25 11:20:38,V008,87.0,1.0094786944558982
2026-05-25,2026-05-25 11:20:39,V008,88.0,1.0087738669239605
2026-05-25,2026-05-25 11:20:40,V008,88.0,1.0087153513917835
2026-05-25,2026-05-25 11:20:41,V008,89.0,1.0094317706711902
2026-05-25,2026-05-25 11:20:42,V008,89.0,1.0096375656632701
2026-05-25,2026-05-25 11:20:43,V008,89.0,1.008141983148212
2026-05-25,2026-05-25 11:20:44,V008,88.0,1.009330584725461
2026-05-25,2026-05-25 11:20:45,V008,87.0,1.0088985607555667
2026-05-25,2026-05-25 11:20:46,V008,86.0,1.0074967234067869
2026-05-25,2026-05-25 11:20:47,V008,85.0,1.0090369671151713
2026-05-25,2026-05-25 11:20:48,V008,84.0,1.0083402817874199
2026-05-25,2026-05-25 11:20:49,V008,83.0,1.0084352281041056
2026-05-25,2026-05-25 11:20:50,V008,83.0,1.0090342074462937
2026-05-25,2026-05-25 11:20:51,V008,82.0,1.008915164135318
2026-05-25,2026-05-25 11:20:52,V008,82.0,1.0075407161765755
2026-05-25,2026-05-25 11:20:53,V008,81.0,1.0087481034401964
2026-05-25,2026-05-25 11:20:54,V008,81.0,1.008615850542107
2026-05-25,2026-05-25 11:20:55,V008,81.0,1.0080207798727072
2026-05-25,2026-05-25 11:20:56,V008,80.0,1.0093959840608693
2026-05-25,2026-05-25 11:20:57,V008,80.0,1.0082377307890464
2026-05-25,2026-05-25 11:20:58,V008,80.0,1.008003893458623
2026-05-25,2026-05-25 11:20:59,V008,79.0,1.0088831650505563
2026-05-25,2026-05-25 11:21:00,V008,80.0,1.0083090030209343
2026-05-25,2026-05-25 11:21:01,V008,80.0,1.0084114090371816
2026-05-25,2026-05-25 11:21:02,V008,80.0,1.0103874903814332
2026-05-25,2026-05-25 11:21:03,V008,80.0,1.011122641512501
2026-05-25,2026-05-25 11:21:04,V008,80.0,0.9991646825277493
2026-05-25,2026-05-25 11:21:05,V008,80.0,1.004075121127811
2026-05-25,2026-05-25 11:21:06,V008,80.0,1.0051004872051004
2026-05-25,2026-05-25 11:21:07,V008,80.0,1.0077327883198748
2026-05-25,2026-05-25 11:21:08,V008,79.0,1.0035918559118944
2026-05-25,2026-05-25 11:21:09,V008,79.0,1.0215839371292343
2026-05-25,2026-05-25 11:21:10,V008,79.0,1.012803807471367
2026-05-25,2026-05-25 11:21:11,V008,79.0,1.015567136150918
2026-05-25,2026-05-25 11:21:12,V008,80.0,1.000316493925461
2026-05-25,2026-05-25 11:21:13,V008,80.0,1.005799428311284
2026-05-25,2026-05-25 11:21:14,V008,82.0,1.0248348011965147
2026-05-25,2026-05-25 11:21:15,V008,83.0,1.024331814973791
2026-05-25,2026-05-25 11:21:16,V008,83.0,1.0010426508713757
2026-05-25,2026-05-25 11:21:17,V008,83.0,1.0153478720671787
2026-05-25,2026-05-25 11:21:18,V008,83.0,1.0037950810565044
2026-05-25,2026-05-25 11:21:19,V008,83.0,1.018034077980846
2026-05-25,2026-05-25 11:21:20,V008,83.0,1.0135102177435291
2026-05-25,2026-05-25 11:21:21,V008,83.0,1.0075354435485886
2026-05-25,2026-05-25 11:21:22,V008,83.0,1.0126770811696784
2026-05-25,2026-05-25 11:21:23,V008,84.0,1.0034316144547644
2026-05-25,2026-05-25 11:21:24,V008,84.0,1.012513178490101
2026-05-25,2026-05-25 11:21:25,V008,85.0,1.0125935389051524
2026-05-25,2026-05-25 11:21:26,V008,85.0,1.0061219730590336
2026-05-25,2026-05-25 11:21:27,V008,86.0,1.0127245091493164
2026-05-25,2026-05-25 11:21:28,V008,86.0,1.0065902770455297
2026-05-25,2026-05-25 11:21:29,V008,87.0,1.008390641364087
2026-05-25,2026-05-25 11:21:30,V008,87.0,1.0147755916032124
2026-05-25,2026-05-25 11:21:31,V008,88.0,1.0972429858254105
2026-05-25,2026-05-25 11:21:32,V008,89.0,1.0230767272335664
2026-05-25,2026-05-25 11:21:33,V008,90.0,1.0123989408251595
2026-05-25,2026-05-25 11:21:34,V008,90.0,1.0254052446566915
2026-05-25,2026-05-25 11:21:35,V008,91.0,1.0042295920399036
2026-05-25,2026-05-25 11:21:36,V008,90.0,1.0173647246071698
2026-05-25,2026-05-25 11:21:37,V008,90.0,1.0106454677578571
2026-05-25,2026-05-25 11:21:38,V008,89.0,1.0111371352371323
2026-05-25,2026-05-25 11:21:39,V008,89.0,1.0089058127465924
2026-05-25,2026-05-25 11:21:40,V008,89.0,1.0066092669520241
2026-05-25,2026-05-25 11:21:41,V008,88.0,1.0162849485209986
2026-05-25,2026-05-25 11:21:42,V008,88.0,1.0236870425798996
2026-05-25,2026-05-25 11:21:43,V008,87.0,1.0276069750402528
2026-05-25,2026-05-25 11:21:44,V008,87.0,0.9977974835808358
2026-05-25,2026-05-25 11:21:45,V008,87.0,1.019083258592727
2026-05-25,2026-05-25 11:21:46,V008,87.0,1.013142507528683
2026-05-25,2026-05-25 11:21:47,V008,87.0,1.0297812944411702
2026-05-25,2026-05-25 11:21:48,V008,86.0,1.0124580455047647
2026-05-25,2026-05-25 11:21:49,V008,86.0,1.0066283046387132
2026-05-25,2026-05-25 11:21:50,V008,86.0,1.0203858565149841
2026-05-25,2026-05-25 11:21:51,V008,86.0,1.0240526486131092
2026-05-25,2026-05-25 11:21:52,V008,86.0,1.0192142914360744
2026-05-25,2026-05-25 11:21:53,V008,86.0,0.9921003209377651
2026-05-25,2026-05-25 11:21:54,V008,86.0,1.0257511610171413
2026-05-25,2026-05-25 11:21:55,V008,86.0,1.0019401647877286
2026-05-25,2026-05-25 11:21:56,V008,86.0,1.0256001065645057
2026-05-25,2026-05-25 11:21:57,V008,86.0,1.0003600504948529
2026-05-25,2026-05-25 11:21:58,V008,86.0,1.0124748119914857
2026-05-25,2026-05-25 11:21:59,V008,87.0,1.0006878017902017
2026-05-25,2026-05-25 11:22:00,V008,86.0,1.0050375730930217
2026-05-25,2026-05-25 11:22:01,V008,86.0,1.0120850278969886
2026-05-25,2026-05-25 11:22:02,V008,86.0,0.9995090230197153
2026-05-25,2026-05-25 11:22:03,V008,86.0,1.0065838966034282
2026-05-25,2026-05-25 11:22:04,V008,86.0,1.0137131132485426
2026-05-25,2026-05-25 11:22:05,V008,86.0,1.0003638194304252
2026-05-25,2026-05-25 11:22:06,V008,87.0,1.0104025941437789
2026-05-25,2026-05-25 11:22:07,V008,87.0,1.0028312940152848
2026-05-25,2026-05-25 11:22:08,V008,87.0,1.0373784642696409
2026-05-25,2026-05-25 11:22:09,V008,87.0,1.022526398706148
2026-05-25,2026-05-25 11:22:10,V008,87.0,1.045507046081524
2026-05-25,2026-05-25 11:22:11,V008,87.0,1.031587067241763
2026-05-25,2026-05-25 11:22:12,V008,88.0,1.0206287694199874
2026-05-25,2026-05-25 11:22:13,V008,89.0,1.0151079735186945
2026-05-25,2026-05-25 11:22:14,V008,90.0,1.0569230098826283
2026-05-25,2026-05-25 11:22:15,V008,90.0,0.9901533324438512
2026-05-25,2026-05-25 11:22:16,V008,90.0,0.9917756253488454
2026-05-25,2026-05-25 11:22:17,V008,89.0,1.0452472625159688
2026-05-25,2026-05-25 11:22:18,V008,88.0,1.0352107791769256
2026-05-25,2026-05-25 11:22:19,V008,88.0,1.006576841164567
2026-05-25,2026-05-25 11:22:20,V008,87.0,1.0061942000287778
2026-05-25,2026-05-25 11:22:21,V008,86.0,1.0385844513319835
2026-05-25,2026-05-25 11:22:22,V008,86.0,1.0147138423638549
2026-05-25,2026-05-25 11:22:23,V008,86.0,1.0023350773125745
2026-05-25,2026-05-25 11:22:24,V008,86.0,1.0345153636045057
2026-05-25,2026-05-25 11:22:25,V008,87.0,1.0220000789257224
2026-05-25,2026-05-25 11:22:26,V008,87.0,1.0183065701923684
2026-05-25,2026-05-25 11:22:27,V008,87.0,1.0045171966134532
2026-05-25,2026-05-25 11:22:28,V008,87.0,1.030083851226311
2026-05-25,2026-05-25 11:22:29,V008,87.0,1.0618810608188958
2026-05-25,2026-05-25 11:22:30,V008,87.0,1.0267250931436875
2026-05-25,2026-05-25 11:22:31,V008,88.0,1.024219988400838
2026-05-25,2026-05-25 11:22:32,V008,88.0,1.051430601456753
2026-05-25,2026-05-25 11:22:33,V008,88.0,1.0507195604644861
2026-05-25,2026-05-25 11:22:34,V008,88.0,0.9974531523664519
2026-05-25,2026-05-25 11:22:35,V008,87.0,1.0179368271071532
2026-05-25,2026-05-25 11:22:36,V008,87.0,1.0192611026724547
2026-05-25,2026-05-25 11:22:37,V008,86.0,1.0135727882094019
2026-05-25,2026-05-25 11:22:38,V008,85.0,0.9877159288098487
2026-05-25,2026-05-25 11:22:39,V008,85.0,1.1251351888792767
2026-05-25,2026-05-25 11:22:40,V008,84.0,1.0347551948844647
2026-05-25,2026-05-25 11:22:41,V008,84.0,0.993545968217905
2026-05-25,2026-05-25 11:22:42,V008,84.0,1.0207137144657648
2026-05-25,2026-05-25 11:22:43,V008,83.0,1.067224665915597
2026-05-25,2026-05-25 11:22:44,V008,84.0,1.0404093552545293
2026-05-25,2026-05-25 11:22:45,V008,84.0,1.0358041084162215
2026-05-25,2026-05-25 11:22:46,V008,85.0,0.9903446238099013
2026-05-25,2026-05-25 11:22:47,V008,85.0,1.0439778792058816
2026-05-25,2026-05-25 11:22:48,V008,86.0,0.9716153089939613
2026-05-25,2026-05-25 11:22:49,V008,87.0,1.0539481615672432
2026-05-25,2026-05-25 11:22:50,V008,88.0,1.1260896322622538
2026-05-25,2026-05-25 11:22:51,V008,89.0,1.0359225537914907
2026-05-25,2026-05-25 11:22:52,V008,91.0,1.0209242934794984
2026-05-25,2026-05-25 11:22:53,V008,92.0,1.0236472554365625
2026-05-25,2026-05-25 11:22:54,V008,93.0,1.0174532211386584
2026-05-25,2026-05-25 11:22:55,V008,93.0,0.9906982958586393
2026-05-25,2026-05-25 11:22:56,V008,93.0,1.0796112674727896
2026-05-25,2026-05-25 11:22:57,V008,93.0,1.0293615584854756
2026-05-25,2026-05-25 11:22:58,V008,94.0,1.0833042599013407
2026-05-25,2026-05-25 11:22:59,V008,94.0,1.0546139738036555
2026-05-25,2026-05-25 11:23:00,V008,94.0,1.0325071121308855
2026-05-25,2026-05-25 11:23:01,V008,95.0,1.0506076199337293
2026-05-25,2026-05-25 11:23:02,V008,95.0,1.0523521039134842
2026-05-25,2026-05-25 11:23:03,V008,95.0,1.0366387157092716
2026-05-25,2026-05-25 11:23:04,V008,96.0,0.9968093716091242
2026-05-25,2026-05-25 11:23:05,V008,96.0,1.0369944763206358
2026-05-25,2026-05-25 11:23:06,V008,96.0,0.923837701135823
2026-05-25,2026-05-25 11:23:07,V008,96.0,1.0143599669669197
2026-05-25,2026-05-25 11:23:08,V008,96.0,1.0685592715043994
2026-05-25,2026-05-25 11:23:09,V008,97.0,1.0480943757951247
2026-05-25,2026-05-25 11:23:10,V008,97.0,1.0501616301602976
2026-05-25,2026-05-25 11:23:11,V008,98.0,1.087863117061518
2026-05-25,2026-05-25 11:23:12,V008,99.0,1.015780172474579
2026-05-25,2026-05-25 11:23:13,V008,99.0,1.0249706720781444
2026-05-25,2026-05-25 11:23:14,V008,100.0,1.016335447864092
2026-05-25,2026-05-25 11:23:15,V008,100.0,1.0261043540522299
2026-05-25,2026-05-25 11:23:16,V008,100.0,1.0421850129233237
2026-05-25,2026-05-25 11:23:17,V008,99.0,1.0098504042156031
2026-05-25,2026-05-25 11:23:18,V008,99.0,1.0236049061919017
2026-05-25,2026-05-25 11:23:19,V008,99.0,1.0167946793840752
2026-05-25,2026-05-25 11:23:20,V008,99.0,1.1014062777550955
2026-05-25,2026-05-25 11:23:21,V008,99.0,0.9932298089577742
2026-05-25,2026-05-25 11:23:22,V008,99.0,1.0702204168089653
2026-05-25,2026-05-25 11:23:23,V008,99.0,1.0040193472119214
2026-05-25,2026-05-25 11:23:24,V008,99.0,1.0301061615160427
2026-05-25,2026-05-25 11:23:25,V008,99.0,1.052341792281368
2026-05-25,2026-05-25 11:23:26,V008,99.0,1.1081650223873052
2026-05-25,2026-05-25 11:23:27,V008,99.0,1.0477685981976637
2026-05-25,2026-05-25 11:23:28,V008,99.0,1.1032235583662733
2026-05-25,2026-05-25 11:23:29,V008,99.0,1.0162044031153332
2026-05-25,2026-05-25 11:23:30,V008,99.0,1.0180685999001786
2026-05-25,2026-05-25 11:23:31,V008,99.0,1.0324146762564725
2026-05-25,2026-05-25 11:23:32,V008,99.0,1.0068209142080662
2026-05-25,2026-05-25 11:23:33,V008,99.0,1.0178105361750636
2026-05-25,2026-05-25 11:23:34,V008,99.0,1.028334310250125
2026-05-25,2026-05-25 11:23:35,V008,99.0,1.044421322024836
2026-05-25,2026-05-25 11:23:36,V008,99.0,1.010791668836153
2026-05-25,2026-05-25 11:23:37,V008,99.0,1.0261509836998317
2026-05-25,2026-05-25 11:23:38,V008,99.0,1.0447688449916808
2026-05-25,2026-05-25 11:23:39,V008,100.0,1.0144889011583433
2026-05-25,2026-05-25 11:23:40,V008,100.0,1.0045903109381713
2026-05-25,2026-05-25 11:23:41,V008,100.0,1.0060797189022714
2026-05-25,2026-05-25 11:23:42,V008,100.0,1.0424759044280063
2026-05-25,2026-05-25 11:23:43,V008,100.0,1.0342292685377845
2026-05-25,2026-05-25 11:23:44,V008,100.0,0.9721230825549161
2026-05-25,2026-05-25 11:23:45,V008,100.0,1.0777272155528963
2026-05-25,2026-05-25 11:23:46,V008,99.0,1.0563103475658604
2026-05-25,2026-05-25 11:23:47,V008,99.0,0.9624572007992327
2026-05-25,2026-05-25 11:23:48,V008,99.0,1.0945920527099922
2026-05-25,2026-05-25 11:23:49,V008,98.0,1.041659072687202
2026-05-25,2026-05-25 11:23:50,V008,98.0,1.0350687279469737
2026-05-25,2026-05-25 11:23:51,V008,98.0,1.0465238525581178
2026-05-25,2026-05-25 11:23:52,V008,98.0,1.0190937431900093
2026-05-25,2026-05-25 11:23:53,V008,97.0,1.0331396616117292
2026-05-25,2026-05-25 11:23:54,V008,97.0,1.0250588940895606
2026-05-25,2026-05-25 11:23:55,V008,97.0,1.0288163801654227
2026-05-25,2026-05-25 11:23:56,V008,97.0,1.0289347253957486
2026-05-25,2026-05-25 11:23:57,V008,97.0,1.0344007375922661
2026-05-25,2026-05-25 11:23:58,V008,97.0,1.0368567987436152
2026-05-25,2026-05-25 11:23:59,V008,97.0,1.0222477384811293
2026-05-25,2026-05-25 11:24:00,V008,97.0,0.9904863469489874
2026-05-25,2026-05-25 11:24:01,V008,97.0,1.0334075319408667
2026-05-25,2026-05-25 11:24:02,V008,97.0,1.0298946818062713
2026-05-25,2026-05-25 11:24:03,V008,98.0,1.0424734660241506
2026-05-25,2026-05-25 11:24:04,V008,98.0,1.0410097383281685
2026-05-25,2026-05-25 11:24:05,V008,98.0,1.0410459925309044
2026-05-25,2026-05-25 11:24:06,V008,99.0,1.0475235273184706
2026-05-25,2026-05-25 11:24:07,V008,99.0,1.0382326123472985
2026-05-25,2026-05-25 11:24:08,V008,99.0,1.0391657954089943
2026-05-25,2026-05-25 11:24:09,V008,100.0,1.0350600731536064
2026-05-25,2026-05-25 11:24:10,V008,101.0,1.0089700334400928
2026-05-25,2026-05-25 11:24:11,V008,101.0,1.0084400159876847
2026-05-25,2026-05-25 11:24:12,V008,102.0,1.0082580810106982
2026-05-25,2026-05-25 11:24:13,V008,102.0,1.0252083903759865
2026-05-25,2026-05-25 11:24:14,V008,103.0,1.053352702415516
2026-05-25,2026-05-25 11:24:15,V008,103.0,1.0425553193798405
2026-05-25,2026-05-25 11:24:16,V008,103.0,1.00920962350672
2026-05-25,2026-05-25 11:24:17,V008,103.0,1.0107521412085838
2026-05-25,2026-05-25 11:24:18,V008,103.0,1.0190339179746348
2026-05-25,2026-05-25 11:24:19,V008,104.0,1.035854629918307
2026-05-25,2026-05-25 11:24:20,V008,104.0,1.032669065423508
2026-05-25,2026-05-25 11:24:21,V008,104.0,1.0088558811354924
2026-05-25,2026-05-25 11:24:22,V008,104.0,1.0370435535261298
2026-05-25,2026-05-25 11:24:23,V008,104.0,0.9754584985135589
2026-05-25,2026-05-25 11:24:24,V008,104.0,1.0610844339596133
2026-05-25,2026-05-25 11:24:25,V008,104.0,1.0423008170638262
2026-05-25,2026-05-25 11:24:26,V008,104.0,1.0452716891531828
2026-05-25,2026-05-25 11:24:27,V008,104.0,1.1085493048526118
2026-05-25,2026-05-25 11:24:28,V008,104.0,1.0943790389315458
2026-05-25,2026-05-25 11:24:29,V008,104.0,1.0327416291941758
2026-05-25,2026-05-25 11:24:30,V008,103.0,1.0229906134509839
2026-05-25,2026-05-25 11:24:31,V008,103.0,1.0203122184984534
2026-05-25,2026-05-25 11:24:32,V008,103.0,1.0352912730012742
2026-05-25,2026-05-25 11:24:33,V008,103.0,1.0432025931667426
2026-05-25,2026-05-25 11:24:34,V008,103.0,1.046686615948985
2026-05-25,2026-05-25 11:24:35,V008,103.0,1.0318548139058081
2026-05-25,2026-05-25 11:24:36,V008,103.0,1.0219101856641735
2026-05-25,2026-05-25 11:24:37,V008,103.0,1.0116051392495204
2026-05-25,2026-05-25 11:24:38,V008,103.0,1.0388518177665471
2026-05-25,2026-05-25 11:24:39,V008,103.0,1.074712334127669
2026-05-25,2026-05-25 11:24:40,V008,104.0,1.0527348653742408
2026-05-25,2026-05-25 11:24:41,V008,104.0,1.0115162855513369
2026-05-25,2026-05-25 11:24:42,V008,105.0,1.0395245710652887
2026-05-25,2026-05-25 11:24:43,V008,105.0,1.0192297438074003
2026-05-25,2026-05-25 11:24:44,V008,106.0,1.0061491301014396
2026-05-25,2026-05-25 11:24:45,V008,106.0,1.041009671180428
2026-05-25,2026-05-25 11:24:46,V008,106.0,1.0287363732019452
2026-05-25,2026-05-25 11:24:47,V008,106.0,1.016819009396586
2026-05-25,2026-05-25 11:24:48,V008,106.0,0.9998707115139818
2026-05-25,2026-05-25 11:24:49,V008,106.0,1.0121533465999792
2026-05-25,2026-05-25 11:24:50,V008,106.0,1.0281186822427781
2026-05-25,2026-05-25 11:24:51,V008,106.0,1.0479644540272415
2026-05-25,2026-05-25 11:24:52,V008,106.0,1.0467582837563478
2026-05-25,2026-05-25 11:24:53,V008,106.0,1.026023878748874
2026-05-25,2026-05-25 11:24:54,V008,106.0,1.0172925578022385
2026-05-25,2026-05-25 11:24:55,V008,106.0,0.9942106668586406
2026-05-25,2026-05-25 11:24:56,V008,105.0,1.0283260542984116
2026-05-25,2026-05-25 11:24:57,V008,105.0,1.0464443020179008
2026-05-25,2026-05-25 11:24:58,V008,104.0,1.052081375558102
2026-05-25,2026-05-25 11:24:59,V008,103.0,1.0121207376973655
2026-05-25,2026-05-25 11:25:00,V008,102.0,1.0329324945100062
2026-05-25,2026-05-25 11:25:01,V008,102.0,0.9837347443967257
2026-05-25,2026-05-25 11:25:02,V008,100.0,1.01868770561812
2026-05-25,2026-05-25 11:25:03,V008,99.0,1.0562162266761617
2026-05-25,2026-05-25 11:25:04,V008,99.0,1.0512292521359503
2026-05-25,2026-05-25 11:25:05,V008,98.0,1.0276284289894821
2026-05-25,2026-05-25 11:25:06,V008,98.0,1.0256832090608885
2026-05-25,2026-05-25 11:25:07,V008,97.0,1.000833170565716
2026-05-25,2026-05-25 11:25:08,V008,97.0,1.029446357453531
2026-05-25,2026-05-25 11:25:09,V008,96.0,1.0381414551798416
2026-05-25,2026-05-25 11:25:10,V008,96.0,1.0451386568251269
2026-05-25,2026-05-25 11:25:11,V008,95.0,1.0251985768420655
2026-05-25,2026-05-25 11:25:12,V008,95.0,1.0221449520378156
2026-05-25,2026-05-25 11:25:13,V008,95.0,1.0007209325377153
2026-05-25,2026-05-25 11:25:14,V008,95.0,1.0139431729893496
2026-05-25,2026-05-25 11:25:15,V008,95.0,1.0433330588758354
2026-05-25,2026-05-25 11:25:16,V008,95.0,1.0604679392505378
2026-05-25,2026-05-25 11:25:17,V008,95.0,1.040713065613812
2026-05-25,2026-05-25 11:25:18,V008,95.0,1.0081072659073114
2026-05-25,2026-05-25 11:25:19,V008,95.0,1.0213812860978926
2026-05-25,2026-05-25 11:25:20,V008,95.0,1.006333166671465
2026-05-25,2026-05-25 11:25:21,V008,95.0,1.053565073669124
2026-05-25,2026-05-25 11:25:22,V008,95.0,1.03069805482904
2026-05-25,2026-05-25 11:25:23,V008,95.0,1.0413432113495358
2026-05-25,2026-05-25 11:25:24,V008,95.0,1.0535784014590113
2026-05-25,2026-05-25 11:25:25,V008,95.0,1.016415798064336
2026-05-25,2026-05-25 11:25:26,V008,95.0,1.0205500540638002
2026-05-25,2026-05-25 11:25:27,V008,95.0,0.9899207945002702
2026-05-25,2026-05-25 11:25:28,V008,96.0,1.0178405554414174
2026-05-25,2026-05-25 11:25:29,V008,96.0,1.0377871166577417
2026-05-25,2026-05-25 11:25:30,V008,96.0,1.0617599506893514
2026-05-25,2026-05-25 11:25:31,V008,96.0,1.0312534616454179
2026-05-25,2026-05-25 11:25:32,V008,97.0,1.0292393426181543
2026-05-25,2026-05-25 11:25:33,V008,97.0,0.9862883227508614
2026-05-25,2026-05-25 11:25:34,V008,97.0,1.048723553385921
2026-05-25,2026-05-25 11:25:35,V008,98.0,1.0279012372529013
2026-05-25,2026-05-25 11:25:36,V008,98.0,1.0401754910775909
2026-05-25,2026-05-25 11:25:37,V008,98.0,1.0378160392357507
2026-05-25,2026-05-25 11:25:38,V008,98.0,1.0288025353722947
2026-05-25,2026-05-25 11:25:39,V008,98.0,1.018901188158325
2026-05-25,2026-05-25 11:25:40,V008,98.0,0.9871031894813285
2026-05-25,2026-05-25 11:25:41,V008,98.0,1.0323992439370986
2026-05-25,2026-05-25 11:25:42,V008,98.0,1.0463561191461805
2026-05-25,2026-05-25 11:25:43,V008,98.0,1.0477064553193507
2026-05-25,2026-05-25 11:25:44,V008,98.0,1.0568608611134542
2026-05-25,2026-05-25 11:25:45,V008,98.0,1.0689166763883624
2026-05-25,2026-05-25 11:25:46,V008,98.0,1.050630595587316
2026-05-25,2026-05-25 11:25:47,V008,99.0,1.031467963089006
2026-05-25,2026-05-25 11:25:48,V008,99.0,1.00089526617172
2026-05-25,2026-05-25 11:25:49,V008,99.0,1.0122416830952448
2026-05-25,2026-05-25 11:25:50,V008,100.0,1.0228548793601275
2026-05-25,2026-05-25 11:25:51,V008,100.0,1.0478462237841377
2026-05-25,2026-05-25 11:25:52,V008,100.0,1.030090164558368
2026-05-25,2026-05-25 11:25:53,V008,101.0,1.0467805466342002
2026-05-25,2026-05-25 11:25:54,V008,101.0,1.0307711600743934
2026-05-25,2026-05-25 11:25:55,V008,101.0,1.015883634287634
2026-05-25,2026-05-25 11:25:56,V008,101.0,1.0171452169820434
2026-05-25,2026-05-25 11:25:57,V008,102.0,1.0008479439036648
2026-05-25,2026-05-25 11:25:58,V008,102.0,1.013938662956333
2026-05-25,2026-05-25 11:25:59,V008,102.0,1.0527822095818042
2026-05-25,2026-05-25 11:26:00,V008,102.0,1.0552633216848883
2026-05-25,2026-05-25 11:26:01,V008,102.0,1.0450408654949166
2026-05-25,2026-05-25 11:26:02,V008,102.0,1.0193939875895228
2026-05-25,2026-05-25 11:26:03,V008,102.0,1.0001350039001071
2026-05-25,2026-05-25 11:26:04,V008,102.0,1.0215853501101864
2026-05-25,2026-05-25 11:26:05,V008,102.0,1.0303660692025356
2026-05-25,2026-05-25 11:26:06,V008,102.0,1.0355463241803586
2026-05-25,2026-05-25 11:26:07,V008,102.0,1.0530491377349058
2026-05-25,2026-05-25 11:26:08,V008,102.0,1.002391615177678
2026-05-25,2026-05-25 11:26:09,V008,102.0,1.0187371701318324
2026-05-25,2026-05-25 11:26:10,V008,102.0,1.0187366961955335
2026-05-25,2026-05-25 11:26:11,V008,102.0,1.0180724107010115
2026-05-25,2026-05-25 11:26:12,V008,102.0,1.0427182583829941
2026-05-25,2026-05-25 11:26:13,V008,102.0,1.0514623348584717
2026-05-25,2026-05-25 11:26:14,V008,102.0,1.0023069382091536
2026-05-25,2026-05-25 11:26:15,V008,102.0,1.0404839405885942
2026-05-25,2026-05-25 11:26:16,V008,102.0,1.0084848774611765
2026-05-25,2026-05-25 11:26:17,V008,102.0,1.0465866431766309
2026-05-25,2026-05-25 11:26:18,V008,102.0,1.0122675018617906
2026-05-25,2026-05-25 11:26:19,V008,102.0,1.0140854150486285
2026-05-25,2026-05-25 11:26:20,V008,102.0,1.0262278775044624
2026-05-25,2026-05-25 11:26:21,V008,102.0,1.0353072958026235
2026-05-25,2026-05-25 11:26:22,V008,102.0,1.0381187092743205
2026-05-25,2026-05-25 11:26:23,V008,102.0,1.0310725635074958
2026-05-25,2026-05-25 11:26:24,V008,102.0,1.0569858515528607
2026-05-25,2026-05-25 11:26:25,V008,102.0,1.042847205252027
2026-05-25,2026-05-25 11:26:26,V008,102.0,1.0032652851892219
2026-05-25,2026-05-25 11:26:27,V008,102.0,1.0228239039878964
2026-05-25,2026-05-25 11:26:28,V008,102.0,0.9998224034054265
2026-05-25,2026-05-25 11:26:29,V008,102.0,1.0205868918786232
2026-05-25,2026-05-25 11:26:30,V008,102.0,1.038202234711659
2026-05-25,2026-05-25 11:26:31,V008,102.0,1.0500239091822436
2026-05-25,2026-05-25 11:26:32,V008,102.0,1.0400280980626797
2026-05-25,2026-05-25 11:26:33,V008,102.0,1.0235736571451983
2026-05-25,2026-05-25 11:26:34,V008,102.0,1.015766107794512
2026-05-25,2026-05-25 11:26:35,V008,103.0,1.0550157544389591
2026-05-25,2026-05-25 11:26:36,V008,103.0,0.988794038421002
2026-05-25,2026-05-25 11:26:37,V008,103.0,1.0322570003722857
2026-05-25,2026-05-25 11:26:38,V008,103.0,1.0483585824172954
2026-05-25,2026-05-25 11:26:39,V008,103.0,1.0502256061626214
2026-05-25,2026-05-25 11:26:40,V008,103.0,1.0148245857154987
2026-05-25,2026-05-25 11:26:41,V008,102.0,1.0314619638827316
2026-05-25,2026-05-25 11:26:42,V008,102.0,1.0077335161817331
2026-05-25,2026-05-25 11:26:43,V008,102.0,1.017725702680576
2026-05-25,2026-05-25 11:26:44,V008,102.0,1.0570557155804747
2026-05-25,2026-05-25 11:26:45,V008,101.0,1.0499207962731036
2026-05-25,2026-05-25 11:26:46,V008,102.0,0.9993259985181177
2026-05-25,2026-05-25 11:26:47,V008,102.0,1.021891058955409
2026-05-25,2026-05-25 11:26:48,V008,103.0,1.004122118636004
2026-05-25,2026-05-25 11:26:49,V008,103.0,1.0346418588318145
2026-05-25,2026-05-25 11:26:50,V008,103.0,1.050341337130449
2026-05-25,2026-05-25 11:26:51,V008,104.0,1.0124505163286222
2026-05-25,2026-05-25 11:26:52,V008,104.0,1.0398234375668005
2026-05-25,2026-05-25 11:26:53,V008,104.0,0.9892342984789045
2026-05-25,2026-05-25 11:26:54,V008,104.0,1.0088405734493069
2026-05-25,2026-05-25 11:26:55,V008,104.0,1.055575800877057
2026-05-25,2026-05-25 11:26:56,V008,104.0,1.0498377829846497
2026-05-25,2026-05-25 11:26:57,V008,104.0,1.010702123605986
2026-05-25,2026-05-25 11:26:58,V008,104.0,1.0014152874031037
2026-05-25,2026-05-25 11:26:59,V008,104.0,1.014366308481193
2026-05-25,2026-05-25 11:27:00,V008,104.0,1.034562553610543
2026-05-25,2026-05-25 11:27:01,V008,104.0,1.0413881775341662
2026-05-25,2026-05-25 11:27:02,V008,104.0,1.0499408860125876
2026-05-25,2026-05-25 11:27:03,V008,104.0,1.0295243066735322
2026-05-25,2026-05-25 11:27:04,V008,104.0,1.0390401596062726
2026-05-25,2026-05-25 11:27:05,V008,104.0,1.005240697267165
2026-05-25,2026-05-25 11:27:06,V008,103.0,1.0390578081290562
2026-05-25,2026-05-25 11:27:07,V008,103.0,1.067235248277918
2026-05-25,2026-05-25 11:27:08,V008,103.0,1.0694030201979077
2026-05-25,2026-05-25 11:27:09,V008,103.0,1.0652992960814656
2026-05-25,2026-05-25 11:27:10,V008,104.0,0.9975087814489251
2026-05-25,2026-05-25 11:27:11,V008,104.0,1.023903834261107
2026-05-25,2026-05-25 11:27:12,V008,104.0,1.0508173531235507
2026-05-25,2026-05-25 11:27:13,V008,104.0,1.0773070622532668
2026-05-25,2026-05-25 11:27:14,V008,104.0,1.0359367450188
2026-05-25,2026-05-25 11:27:15,V008,104.0,1.0495460885897991
2026-05-25,2026-05-25 11:27:16,V008,104.0,0.98845663504393
2026-05-25,2026-05-25 11:27:17,V008,104.0,1.0178901922350263
2026-05-25,2026-05-25 11:27:18,V008,104.0,1.0571891753042384
2026-05-25,2026-05-25 11:27:19,V008,104.0,1.0498591060323639
2026-05-25,2026-05-25 11:27:20,V008,104.0,1.0168946085205763
2026-05-25,2026-05-25 11:27:21,V008,104.0,1.0321409538975823
2026-05-25,2026-05-25 11:27:22,V008,104.0,0.9894692039755749
2026-05-25,2026-05-25 11:27:23,V008,104.0,1.0239412071692382
2026-05-25,2026-05-25 11:27:24,V008,104.0,1.040899928617486
2026-05-25,2026-05-25 11:27:25,V008,104.0,1.0534860882607866
2026-05-25,2026-05-25 11:27:26,V008,104.0,1.0139378804409374
2026-05-25,2026-05-25 11:27:27,V008,104.0,1.0381279624815976
2026-05-25,2026-05-25 11:27:28,V008,104.0,0.9900385846920426
2026-05-25,2026-05-25 11:27:29,V008,104.0,1.0208154061087886
2026-05-25,2026-05-25 11:27:30,V008,104.0,1.048745470589632
2026-05-25,2026-05-25 11:27:31,V008,104.0,1.0418882188238343
2026-05-25,2026-05-25 11:27:32,V008,104.0,1.0179116849179863
2026-05-25,2026-05-25 11:27:33,V008,104.0,1.0118161413059654
2026-05-25,2026-05-25 11:27:34,V008,104.0,0.99505180996338
2026-05-25,2026-05-25 11:27:35,V008,104.0,1.029185329262913
2026-05-25,2026-05-25 11:27:36,V008,103.0,1.0454329589124751
2026-05-25,2026-05-25 11:27:37,V008,103.0,1.0321950441800005
2026-05-25,2026-05-25 11:27:38,V008,103.0,1.0234405768799448
2026-05-25,2026-05-25 11:27:39,V008,103.0,1.0142396313853228
2026-05-25,2026-05-25 11:27:40,V008,103.0,0.9985735062862868
2026-05-25,2026-05-25 11:27:41,V008,103.0,1.021803112558739
2026-05-25,2026-05-25 11:27:42,V008,103.0,1.0471093517942733
2026-05-25,2026-05-25 11:27:43,V008,103.0,1.0474420787240184
2026-05-25,2026-05-25 11:27:44,V008,103.0,1.0400173674127304
2026-05-25,2026-05-25 11:27:45,V008,103.0,1.0267635954289094
2026-05-25,2026-05-25 11:27:46,V008,103.0,1.009548000874726
2026-05-25,2026-05-25 11:27:47,V008,102.0,1.02549547371364
2026-05-25,2026-05-25 11:27:48,V008,102.0,1.0301515654577407
2026-05-25,2026-05-25 11:27:49,V008,102.0,1.0383506530572242
2026-05-25,2026-05-25 11:27:50,V008,102.0,1.0481223540148996
2026-05-25,2026-05-25 11:27:51,V008,101.0,1.0159364227456888
2026-05-25,2026-05-25 11:27:52,V008,102.0,0.986441511517215
2026-05-25,2026-05-25 11:27:53,V008,102.0,1.0338972717345913
2026-05-25,2026-05-25 11:27:54,V008,102.0,1.0560247015823883
2026-05-25,2026-05-25 11:27:55,V008,102.0,1.0378754287777285
2026-05-25,2026-05-25 11:27:56,V008,102.0,0.9887455859303259
2026-05-25,2026-05-25 11:27:57,V008,102.0,1.041093644002662
2026-05-25,2026-05-25 11:27:58,V008,102.0,1.0320671836679047
2026-05-25,2026-05-25 11:27:59,V008,102.0,0.9895602955760419
2026-05-25,2026-05-25 11:28:00,V008,102.0,1.039654576153953
2026-05-25,2026-05-25 11:28:01,V008,102.0,1.0278816400270085
2026-05-25,2026-05-25 11:28:02,V008,103.0,1.0071866246912209
2026-05-25,2026-05-25 11:28:03,V008,103.0,1.0327242700692356
2026-05-25,2026-05-25 11:28:04,V008,104.0,1.0101132845271767
2026-05-25,2026-05-25 11:28:05,V008,105.0,1.0366252715945448
2026-05-25,2026-05-25 11:28:06,V008,107.0,1.0173675310225607
2026-05-25,2026-05-25 11:28:07,V008,108.0,1.0249719987705825
2026-05-25,2026-05-25 11:28:08,V008,109.0,1.0323252179800049
2026-05-25,2026-05-25 11:28:09,V008,110.0,1.0172704560018
2026-05-25,2026-05-25 11:28:10,V008,110.0,1.011249193387251
2026-05-25,2026-05-25 11:28:11,V008,111.0,1.0209547643159627
2026-05-25,2026-05-25 11:28:12,V008,111.0,1.0140550063879072
2026-05-25,2026-05-25 11:28:13,V008,111.0,1.028213985771584
2026-05-25,2026-05-25 11:28:14,V008,111.0,1.0141095764070247
2026-05-25,2026-05-25 11:28:15,V008,111.0,1.0115913993836567
2026-05-25,2026-05-25 11:28:16,V008,111.0,1.026982648524056
2026-05-25,2026-05-25 11:28:17,V008,111.0,1.0181048222388007
2026-05-25,2026-05-25 11:28:18,V008,111.0,1.008433532203347
2026-05-25,2026-05-25 11:28:19,V008,111.0,1.004558413750665
2026-05-25,2026-05-25 11:28:20,V008,111.0,1.0139895723835766
2026-05-25,2026-05-25 11:28:21,V008,111.0,1.0086906223030074
2026-05-25,2026-05-25 11:28:22,V008,111.0,1.0062854246613266
2026-05-25,2026-05-25 11:28:23,V008,111.0,1.0089354702300974
2026-05-25,2026-05-25 11:28:24,V008,111.0,1.0196926423386024
2026-05-25,2026-05-25 11:28:25,V008,111.0,1.0017690173871243
2026-05-25,2026-05-25 11:28:26,V008,111.0,1.02323482738395
2026-05-25,2026-05-25 11:28:27,V008,112.0,0.9980717186237452
2026-05-25,2026-05-25 11:28:28,V008,111.0,1.0193106849703915
2026-05-25,2026-05-25 11:28:29,V008,111.0,1.003601518933954
2026-05-25,2026-05-25 11:28:30,V008,111.0,1.0037652074037697
2026-05-25,2026-05-25 11:28:31,V008,111.0,1.031270423528364
2026-05-25,2026-05-25 11:28:32,V008,111.0,1.0108231791301876
2026-05-25,2026-05-25 11:28:33,V008,111.0,1.0349528644078776
2026-05-25,2026-05-25 11:28:34,V008,111.0,1.0546541608369178
2026-05-25,2026-05-25 11:28:35,V008,111.0,0.9823247103836534
2026-05-25,2026-05-25 11:28:36,V008,111.0,1.0193158867599397
2026-05-25,2026-05-25 11:28:37,V008,111.0,1.02081680735216
2026-05-25,2026-05-25 11:28:38,V008,111.0,1.0515465783163485
2026-05-25,2026-05-25 11:28:39,V008,111.0,1.0210437698918788
2026-05-25,2026-05-25 11:28:40,V008,111.0,0.9991571127387825
2026-05-25,2026-05-25 11:28:41,V008,111.0,1.0348056727006087
2026-05-25,2026-05-25 11:28:42,V008,111.0,1.0056111771400196
2026-05-25,2026-05-25 11:28:43,V008,110.0,1.0270847741946783
2026-05-25,2026-05-25 11:28:44,V008,110.0,1.0099661389042374
2026-05-25,2026-05-25 11:28:45,V008,110.0,1.0394065776918764
2026-05-25,2026-05-25 11:28:46,V008,110.0,1.0079263882801022
2026-05-25,2026-05-25 11:28:47,V008,110.0,1.0658781656106138
2026-05-25,2026-05-25 11:28:48,V008,110.0,1.012356128438504
2026-05-25,2026-05-25 11:28:49,V008,109.0,1.0134602216946507
2026-05-25,2026-05-25 11:28:50,V008,108.0,1.028975157152779
2026-05-25,2026-05-25 11:28:51,V008,107.0,1.040503041385207
2026-05-25,2026-05-25 11:28:52,V008,106.0,1.0402639854227103
2026-05-25,2026-05-25 11:28:53,V008,104.0,1.0389698326540324
2026-05-25,2026-05-25 11:28:54,V008,103.0,1.0465778963515096
2026-05-25,2026-05-25 11:28:55,V008,102.0,1.034186015958278
2026-05-25,2026-05-25 11:28:56,V008,102.0,1.0317017306919138
2026-05-25,2026-05-25 11:28:57,V008,102.0,1.0341463734966698
2026-05-25,2026-05-25 11:28:58,V008,102.0,1.0280986644204895
2026-05-25,2026-05-25 11:28:59,V008,102.0,1.0372602760827736
2026-05-25,2026-05-25 11:29:00,V008,102.0,1.0271819645030207
2026-05-25,2026-05-25 11:29:01,V008,102.0,1.034775584981939
2026-05-25,2026-05-25 11:29:02,V008,102.0,1.038049718165735
2026-05-25,2026-05-25 11:29:03,V008,102.0,1.0345488826549212
2026-05-25,2026-05-25 11:29:04,V008,102.0,0.9929227956586701
2026-05-25,2026-05-25 11:29:05,V008,102.0,1.0446934565777215
2026-05-25,2026-05-25 11:29:06,V008,103.0,1.0260784792280728
2026-05-25,2026-05-25 11:29:07,V008,103.0,1.0079677046014408
2026-05-25,2026-05-25 11:29:08,V008,103.0,1.0148549087140852
2026-05-25,2026-05-25 11:29:09,V008,103.0,1.0199940951720663
2026-05-25,2026-05-25 11:29:10,V008,103.0,1.0175242234696056
2026-05-25,2026-05-25 11:29:11,V008,103.0,0.9974311102686825
2026-05-25,2026-05-25 11:29:12,V008,103.0,1.0248196893483081
2026-05-25,2026-05-25 11:29:13,V008,103.0,1.0473442457116573
2026-05-25,2026-05-25 11:29:14,V008,103.0,0.9986773414984615
2026-05-25,2026-05-25 11:29:15,V008,103.0,1.006201722165055
2026-05-25,2026-05-25 11:29:16,V008,103.0,1.009388725298762
2026-05-25,2026-05-25 11:29:17,V008,103.0,1.0254189533716958
2026-05-25,2026-05-25 11:29:18,V008,103.0,1.0169300793684461
2026-05-25,2026-05-25 11:29:19,V008,104.0,1.0172914953313497
2026-05-25,2026-05-25 11:29:20,V008,104.0,1.037251789048828
2026-05-25,2026-05-25 11:29:21,V008,104.0,1.0195603760420646
2026-05-25,2026-05-25 11:29:22,V008,104.0,1.0252668557260856
2026-05-25,2026-05-25 11:29:23,V008,104.0,1.0184075563474966
2026-05-25,2026-05-25 11:29:24,V008,104.0,1.0173113492546202
2026-05-25,2026-05-25 11:29:25,V008,104.0,1.002037335377598
2026-05-25,2026-05-25 11:29:26,V008,105.0,1.0740518040286604
2026-05-25,2026-05-25 11:29:27,V008,105.0,1.0455479544092243
2026-05-25,2026-05-25 11:29:28,V008,106.0,1.0350723598185347
2026-05-25,2026-05-25 11:29:29,V008,106.0,1.0396518867494395
2026-05-25,2026-05-25 11:29:30,V008,106.0,1.0133945034635359
2026-05-25,2026-05-25 11:29:31,V008,106.0,1.0174483502467997
2026-05-25,2026-05-25 11:29:32,V008,106.0,1.0355693257270149
2026-05-25,2026-05-25 11:29:33,V008,106.0,1.0267451423019327
2026-05-25,2026-05-25 11:29:34,V008,106.0,1.0263399990801945
2026-05-25,2026-05-25 11:29:35,V008,106.0,1.0677124914533107
2026-05-25,2026-05-25 11:29:36,V008,106.0,1.021535347063418
2026-05-25,2026-05-25 11:29:37,V008,106.0,1.4613186936206495
2026-05-25,2026-05-25 11:29:38,V008,106.0,1.0062850641114485
2026-05-25,2026-05-25 11:29:39,V008,106.0,1.007857298923848
2026-05-25,2026-05-25 11:29:40,V008,106.0,1.0416600339696953
2026-05-25,2026-05-25 11:29:41,V008,106.0,1.098119421251294
2026-05-25,2026-05-25 11:29:42,V008,106.0,1.0436499746373675
2026-05-25,2026-05-25 11:29:43,V008,106.0,0.997784603279538
2026-05-25,2026-05-25 11:29:44,V008,105.0,1.01759466906397
2026-05-25,2026-05-25 11:29:45,V008,105.0,1.0161772424769835
2026-05-25,2026-05-25 11:29:46,V008,105.0,1.0848015105639521
2026-05-25,2026-05-25 11:29:47,V008,104.0,1.041638559436984
2026-05-25,2026-05-25 11:29:48,V008,103.0,1.0493357936114611
2026-05-25,2026-05-25 11:29:49,V008,103.0,1.0143175881387558
2026-05-25,2026-05-25 11:29:50,V008,103.0,1.020006038398935
2026-05-25,2026-05-25 11:29:51,V008,103.0,0.9975842343832442
2026-05-25,2026-05-25 11:29:52,V008,103.0,1.0485192034957584
2026-05-25,2026-05-25 11:29:53,V008,103.0,1.0575470431304146
2026-05-25,2026-05-25 11:29:54,V008,103.0,0.9811155342881722
2026-05-25,2026-05-25 11:29:55,V008,103.0,0.9937672573055103
2026-05-25,2026-05-25 11:29:56,V008,103.0,1.0873170324141483
2026-05-25,2026-05-25 11:29:57,V008,102.0,1.0122757487127725
2026-05-25,2026-05-25 11:29:58,V008,102.0,1.030662106368863
2026-05-25,2026-05-25 11:29:59,V008,102.0,1.0324398181132497
2026-05-25,2026-05-25 11:30:00,V008,102.0,1.0614610742841346
2026-05-25,2026-05-25 11:30:01,V008,102.0,1.0475735773615724
2026-05-25,2026-05-25 11:30:02,V008,102.0,1.0162483951005377
2026-05-25,2026-05-25 11:30:03,V008,103.0,1.0455397464626317
2026-05-25,2026-05-25 11:30:04,V008,103.0,1.02319003977541
2026-05-25,2026-05-25 11:30:05,V008,103.0,1.0116343932064602
2026-05-25,2026-05-25 11:30:06,V008,103.0,1.0131372042407996
2026-05-25,2026-05-25 11:30:07,V008,102.0,1.0068293833582078
2026-05-25,2026-05-25 11:30:08,V008,102.0,1.0145334670002766
2026-05-25,2026-05-25 11:30:09,V008,102.0,1.0209662755085451
2026-05-25,2026-05-25 11:30:10,V008,102.0,1.015290895956655
2026-05-25,2026-05-25 11:30:11,V008,101.0,1.0090235181869782
2026-05-25,2026-05-25 11:30:12,V008,101.0,1.0162083504426977
2026-05-25,2026-05-25 11:30:13,V008,101.0,1.0129065438345985
2026-05-25,2026-05-25 11:30:14,V008,100.0,1.0078524474344688
2026-05-25,2026-05-25 11:30:15,V008,99.0,1.0100923603549032
2026-05-25,2026-05-25 11:30:16,V008,99.0,1.0074665605991107
2026-05-25,2026-05-25 11:30:17,V008,99.0,1.009204148700091
2026-05-25,2026-05-25 11:30:18,V008,99.0,1.009071789692772
2026-05-25,2026-05-25 11:30:19,V008,99.0,1.0077665993006966
2026-05-25,2026-05-25 11:30:20,V008,100.0,1.0093457156518644
2026-05-25,2026-05-25 11:30:21,V008,101.0,1.0085772296478062
2026-05-25,2026-05-25 11:30:22,V008,100.0,1.018631915055353
2026-05-25,2026-05-25 11:30:23,V008,99.0,1.0110036347556421
2026-05-25,2026-05-25 11:30:24,V008,98.0,1.0133335123101639
2026-05-25,2026-05-25 11:30:25,V008,97.0,1.008537370589508
2026-05-25,2026-05-25 11:30:26,V008,96.0,1.012569705075458
2026-05-25,2026-05-25 11:30:27,V008,95.0,1.008930225436563
2026-05-25,2026-05-25 11:30:28,V008,94.0,1.0089402334667097
2026-05-25,2026-05-25 11:30:29,V008,93.0,1.0110757191083577
2026-05-25,2026-05-25 11:30:30,V008,91.0,1.0096030968514345
2026-05-25,2026-05-25 11:30:31,V008,90.0,1.0082121110272018
2026-05-25,2026-05-25 11:30:32,V008,89.0,1.0092672231059199
2026-05-25,2026-05-25 11:30:33,V008,88.0,1.009008427938074
2026-05-25,2026-05-25 11:30:34,V008,88.0,1.0090504533343754
2026-05-25,2026-05-25 11:30:35,V008,87.0,1.00885636239716
2026-05-25,2026-05-25 11:30:36,V008,87.0,1.008341239686528
2026-05-25,2026-05-25 11:30:37,V008,87.0,1.0083150075279779
2026-05-25,2026-05-25 11:30:38,V008,87.0,1.0091107712010785
2026-05-25,2026-05-25 11:30:39,V008,86.0,1.0090505313568534
2026-05-25,2026-05-25 11:30:40,V008,86.0,1.0084771106559802
2026-05-25,2026-05-25 11:30:41,V008,86.0,1.0084576051994718
2026-05-25,2026-05-25 11:30:42,V008,86.0,1.0082985472227475
2026-05-25,2026-05-25 11:30:43,V008,86.0,1.0087141011449743
2026-05-25,2026-05-25 11:30:44,V008,86.0,1.008943390292891
2026-05-25,2026-05-25 11:30:45,V008,86.0,1.009042498467616
2026-05-25,2026-05-25 11:30:46,V008,86.0,1.014804135404465
2026-05-25,2026-05-25 11:30:47,V008,86.0,1.0101678373378546
2026-05-25,2026-05-25 11:30:48,V008,86.0,1.008630976687048
2026-05-25,2026-05-25 11:30:49,V008,86.0,1.0092712153953616
2026-05-25,2026-05-25 11:30:50,V008,86.0,1.0078845303492205
2026-05-25,2026-05-25 11:30:51,V008,86.0,1.0091009320844329
2026-05-25,2026-05-25 11:30:52,V008,86.0,1.0084819002365906
2026-05-25,2026-05-25 11:30:53,V008,86.0,1.0079502576482473
2026-05-25,2026-05-25 11:30:54,V008,86.0,1.0095592072997606
2026-05-25,2026-05-25 11:30:55,V008,86.0,1.0053492926660708
2026-05-25,2026-05-25 11:30:56,V008,86.0,1.013129257294491
2026-05-25,2026-05-25 11:30:57,V008,86.0,1.0056063409361908
2026-05-25,2026-05-25 11:30:58,V008,86.0,1.0088122535137682
2026-05-25,2026-05-25 11:30:59,V008,86.0,1.0094628837941682
2026-05-25,2026-05-25 11:31:00,V008,87.0,1.0090222048573454
2026-05-25,2026-05-25 11:31:01,V008,87.0,1.0088253056002747
2026-05-25,2026-05-25 11:31:02,V008,87.0,1.008745952232086
2026-05-25,2026-05-25 11:31:03,V008,87.0,1.0084160969053952
2026-05-25,2026-05-25 11:31:04,V008,88.0,1.0096285311844282
2026-05-25,2026-05-25 11:31:05,V008,88.0,1.0088281926990104
2026-05-25,2026-05-25 11:31:06,V008,88.0,1.008633955048642
2026-05-25,2026-05-25 11:31:07,V008,88.0,1.0089182710115638
2026-05-25,2026-05-25 11:31:08,V008,88.0,1.0090184919508092
2026-05-25,2026-05-25 11:31:09,V008,88.0,1.0088507684797765
2026-05-25,2026-05-25 11:31:10,V008,88.0,1.0087936489120253
2026-05-25,2026-05-25 11:31:11,V008,88.0,1.00872321740674
2026-05-25,2026-05-25 11:31:12,V008,87.0,1.0093228516935584
2026-05-25,2026-05-25 11:31:13,V008,87.0,1.0091895404973934
2026-05-25,2026-05-25 11:31:14,V008,87.0,1.008710815786139
2026-05-25,2026-05-25 11:31:15,V008,88.0,1.0088180039211534
2026-05-25,2026-05-25 11:31:16,V008,88.0,1.0085595569212185
2026-05-25,2026-05-25 11:31:17,V008,89.0,1.0084239936973922
2026-05-25,2026-05-25 11:31:18,V008,89.0,1.0086228500460386
2026-05-25,2026-05-25 11:31:19,V008,89.0,1.0085558935252168
2026-05-25,2026-05-25 11:31:20,V008,89.0,1.0083741504095074
2026-05-25,2026-05-25 11:31:21,V008,88.0,1.008577566640002
2026-05-25,2026-05-25 11:31:22,V008,88.0,1.008885819469075
2026-05-25,2026-05-25 11:31:23,V008,88.0,1.0087253308221187
2026-05-25,2026-05-25 11:31:24,V008,88.0,1.009007721841512
2026-05-25,2026-05-25 11:31:25,V008,88.0,1.0090066859527493
2026-05-25,2026-05-25 11:31:26,V008,88.0,1.0090920547787656
2026-05-25,2026-05-25 11:31:27,V008,89.0,1.007998484809876
2026-05-25,2026-05-25 11:31:28,V008,89.0,1.009898865714818
2026-05-25,2026-05-25 11:31:29,V008,89.0,1.0095540512257137
2026-05-25,2026-05-25 11:31:30,V008,88.0,1.0091227348518557
2026-05-25,2026-05-25 11:31:31,V008,87.0,1.009613867006686
2026-05-25,2026-05-25 11:31:32,V008,86.0,1.0093560212607446
2026-05-25,2026-05-25 11:31:33,V008,85.0,1.007924395401466
2026-05-25,2026-05-25 11:31:34,V008,84.0,1.0079819867253303
2026-05-25,2026-05-25 11:31:35,V008,84.0,1.0084914150016306
2026-05-25,2026-05-25 11:31:36,V008,83.0,1.009373744808376
2026-05-25,2026-05-25 11:31:37,V008,82.0,1.0092102124572295
2026-05-25,2026-05-25 11:31:38,V008,82.0,1.0090658106797608
2026-05-25,2026-05-25 11:31:39,V008,82.0,1.0089013249936922
2026-05-25,2026-05-25 11:31:40,V008,82.0,1.0092559286736966
2026-05-25,2026-05-25 11:31:41,V008,83.0,1.009621662311464
2026-05-25,2026-05-25 11:31:42,V008,83.0,1.0090960483608256
2026-05-25,2026-05-25 11:31:43,V008,83.0,1.008249741080589
2026-05-25,2026-05-25 11:31:44,V008,83.0,1.0085866943878108
2026-05-25,2026-05-25 11:31:45,V008,82.0,1.0089872411736627
2026-05-25,2026-05-25 11:31:46,V008,82.0,1.0085337048821277
2026-05-25,2026-05-25 11:31:47,V008,81.0,1.0081087963468853
2026-05-25,2026-05-25 11:31:48,V008,81.0,1.0089645028046859
2026-05-25,2026-05-25 11:31:49,V008,80.0,1.0086879646058937
2026-05-25,2026-05-25 11:31:50,V008,80.0,1.008342024680172
2026-05-25,2026-05-25 11:31:51,V008,81.0,1.0089053271307153
2026-05-25,2026-05-25 11:31:52,V008,81.0,1.0086486540932833
2026-05-25,2026-05-25 11:31:53,V008,80.0,1.0083611328856847
2026-05-25,2026-05-25 11:31:54,V008,80.0,1.0087102646304826
2026-05-25,2026-05-25 11:31:55,V008,80.0,1.0089006078516412
2026-05-25,2026-05-25 11:31:56,V008,80.0,1.0093223412090429
2026-05-25,2026-05-25 11:31:57,V008,80.0,1.008537005983105
2026-05-25,2026-05-25 11:31:58,V008,80.0,1.0095872741672771
2026-05-25,2026-05-25 11:31:59,V008,80.0,1.010347847943486
2026-05-25,2026-05-25 11:32:00,V008,81.0,1.0080809442136167
2026-05-25,2026-05-25 11:32:01,V008,82.0,1.0094875505005683
2026-05-25,2026-05-25 11:32:02,V008,82.0,1.009072036429586
2026-05-25,2026-05-25 11:32:03,V008,83.0,1.008314336936898
2026-05-25,2026-05-25 11:32:04,V008,83.0,1.0106188971066532
2026-05-25,2026-05-25 11:32:05,V008,83.0,1.0065107166068006
2026-05-25,2026-05-25 11:32:06,V008,83.0,1.009284695807222
2026-05-25,2026-05-25 11:32:07,V008,84.0,1.0048861395111448
2026-05-25,2026-05-25 11:32:08,V008,84.0,1.011036008424779
2026-05-25,2026-05-25 11:32:09,V008,85.0,1.0093676983774575
2026-05-25,2026-05-25 11:32:10,V008,85.0,1.0091828721769036
2026-05-25,2026-05-25 11:32:11,V008,86.0,1.0087665171701725
2026-05-25,2026-05-25 11:32:12,V008,86.0,1.0088113916448225
2026-05-25,2026-05-25 11:32:13,V008,87.0,1.009070464382454
2026-05-25,2026-05-25 11:32:14,V008,87.0,1.0082856713081991
2026-05-25,2026-05-25 11:32:15,V008,87.0,1.0087944522724865
2026-05-25,2026-05-25 11:32:16,V008,88.0,1.0088768050617285
2026-05-25,2026-05-25 11:32:17,V008,88.0,1.0094110263674307
2026-05-25,2026-05-25 11:32:18,V008,90.0,1.0084039331604662
2026-05-25,2026-05-25 11:32:19,V008,90.0,1.009237132117034
2026-05-25,2026-05-25 11:32:20,V008,91.0,1.00899987989205
2026-05-25,2026-05-25 11:32:21,V008,92.0,1.0091188121795402
2026-05-25,2026-05-25 11:32:22,V008,91.0,1.0094353210635056
2026-05-25,2026-05-25 11:32:23,V008,91.0,1.007622383149874
2026-05-25,2026-05-25 11:32:24,V008,90.0,1.010224982512973
2026-05-25,2026-05-25 11:32:25,V008,89.0,1.0079605929040492
2026-05-25,2026-05-25 11:32:26,V008,88.0,1.008794862170973
2026-05-25,2026-05-25 11:32:27,V008,87.0,1.00921803083355
2026-05-25,2026-05-25 11:32:28,V008,86.0,1.0087889914336328
2026-05-25,2026-05-25 11:32:29,V008,86.0,1.010561772489782
2026-05-25,2026-05-25 11:32:30,V008,85.0,1.0072308811837773
2026-05-25,2026-05-25 11:32:31,V008,85.0,1.0085926569946804
2026-05-25,2026-05-25 11:32:32,V008,85.0,1.0115022989801727
2026-05-25,2026-05-25 11:32:33,V008,84.0,1.0078755949538631
2026-05-25,2026-05-25 11:32:34,V008,84.0,1.0088419943787839
2026-05-25,2026-05-25 11:32:35,V008,84.0,1.0095599251858491
2026-05-25,2026-05-25 11:32:36,V008,85.0,1.0083527266934147
2026-05-25,2026-05-25 11:32:37,V008,85.0,1.0086322097015248
2026-05-25,2026-05-25 11:32:38,V008,86.0,1.0090680204310931
2026-05-25,2026-05-25 11:32:39,V008,86.0,1.0100062168156059
2026-05-25,2026-05-25 11:32:40,V008,85.0,1.009055505014179
2026-05-25,2026-05-25 11:32:41,V008,85.0,1.0084799775706432
2026-05-25,2026-05-25 11:32:42,V008,85.0,1.0086418953630507
2026-05-25,2026-05-25 11:32:43,V008,85.0,1.0095724152263765
2026-05-25,2026-05-25 11:32:44,V008,85.0,1.009208425755823
2026-05-25,2026-05-25 11:32:45,V008,85.0,1.009094479526102
2026-05-25,2026-05-25 11:32:46,V008,85.0,1.010617146168413
2026-05-25,2026-05-25 11:32:47,V008,84.0,1.0075619986004714
2026-05-25,2026-05-25 11:32:48,V008,85.0,1.0092224799375467
2026-05-25,2026-05-25 11:32:49,V008,85.0,1.0084391439111235
2026-05-25,2026-05-25 11:32:50,V008,85.0,1.0093994107181998
2026-05-25,2026-05-25 11:32:51,V008,85.0,1.0089543979371731
2026-05-25,2026-05-25 11:32:52,V008,85.0,1.0081002945650261
2026-05-25,2026-05-25 11:32:53,V008,85.0,1.0088428925135633
2026-05-25,2026-05-25 11:32:54,V008,86.0,1.0076965949437253
2026-05-25,2026-05-25 11:32:55,V008,86.0,1.0086640552629063
2026-05-25,2026-05-25 11:32:56,V008,86.0,1.009762638198321
2026-05-25,2026-05-25 11:32:57,V008,86.0,1.008375177747565
2026-05-25,2026-05-25 11:32:58,V008,86.0,1.0100099176724742
2026-05-25,2026-05-25 11:32:59,V008,86.0,1.008163001240436
2026-05-25,2026-05-25 11:33:00,V008,86.0,1.0085842197863044
2026-05-25,2026-05-25 11:33:01,V008,87.0,1.0089250947895698
2026-05-25,2026-05-25 11:33:02,V008,87.0,1.0090194929659355
2026-05-25,2026-05-25 11:33:03,V008,87.0,1.0077869605838696
2026-05-25,2026-05-25 11:33:04,V008,87.0,1.001962023250586
2026-05-25,2026-05-25 11:33:05,V008,87.0,0.9436195413368569
2026-05-25,2026-05-25 11:33:06,V008,87.0,1.1166820423009636
2026-05-25,2026-05-25 11:33:07,V008,87.0,1.0184776835805254
2026-05-25,2026-05-25 11:33:08,V008,86.0,1.0108537390307495
2026-05-25,2026-05-25 11:33:09,V008,86.0,1.0201598996668393
2026-05-25,2026-05-25 11:33:10,V008,85.0,1.0236144200084467
2026-05-25,2026-05-25 11:33:11,V008,85.0,1.0055222390606366
2026-05-25,2026-05-25 11:33:12,V008,84.0,1.0081683555078624
2026-05-25,2026-05-25 11:33:13,V008,84.0,1.0098897518478511
2026-05-25,2026-05-25 11:33:14,V008,84.0,1.0088071641620606
2026-05-25,2026-05-25 11:33:15,V008,84.0,1.0087015918696396
2026-05-25,2026-05-25 11:33:16,V008,85.0,1.007829064205555
2026-05-25,2026-05-25 11:33:17,V008,85.0,1.0090899489155012
2026-05-25,2026-05-25 11:33:18,V008,86.0,1.0086960852883975
2026-05-25,2026-05-25 11:33:19,V008,87.0,1.0085821643567834
2026-05-25,2026-05-25 11:33:20,V008,87.0,1.0091913315673164
2026-05-25,2026-05-25 11:33:21,V008,87.0,1.008726615086033
2026-05-25,2026-05-25 11:33:22,V008,87.0,1.0088737337241955
2026-05-25,2026-05-25 11:33:23,V008,86.0,1.009261475966953
2026-05-25,2026-05-25 11:33:24,V008,86.0,1.0083846444537736
2026-05-25,2026-05-25 11:33:25,V008,86.0,1.009426832000451
2026-05-25,2026-05-25 11:33:26,V008,85.0,1.0088432552888924
2026-05-25,2026-05-25 11:33:27,V008,85.0,1.0088191865678842
2026-05-25,2026-05-25 11:33:28,V008,85.0,1.0090372794636824
2026-05-25,2026-05-25 11:33:29,V008,85.0,1.0082605966595544
2026-05-25,2026-05-25 11:33:30,V008,85.0,1.0093366461445978
2026-05-25,2026-05-25 11:33:31,V008,85.0,1.0089930951892927
2026-05-25,2026-05-25 11:33:32,V008,84.0,1.0081366343153297
2026-05-25,2026-05-25 11:33:33,V008,84.0,1.0094121676009333
2026-05-25,2026-05-25 11:33:34,V008,83.0,1.0088745195060906
2026-05-25,2026-05-25 11:33:35,V008,82.0,1.00856294434407
2026-05-25,2026-05-25 11:33:36,V008,82.0,1.0083002734428512
2026-05-25,2026-05-25 11:33:37,V008,81.0,1.0095654701093209
2026-05-25,2026-05-25 11:33:38,V008,80.0,1.0080748998576536
2026-05-25,2026-05-25 11:33:39,V008,80.0,1.0086598565367284
2026-05-25,2026-05-25 11:33:40,V008,79.0,1.0087542529211952
2026-05-25,2026-05-25 11:33:41,V008,78.0,1.0085703207107228
2026-05-25,2026-05-25 11:33:42,V008,78.0,1.0079927503852932
2026-05-25,2026-05-25 11:33:43,V008,78.0,1.0086802912857624
2026-05-25,2026-05-25 11:33:44,V008,78.0,1.008907929981576
2026-05-25,2026-05-25 11:33:45,V008,78.0,1.0086216356165107
2026-05-25,2026-05-25 11:33:46,V008,79.0,1.0087555549088107
2026-05-25,2026-05-25 11:33:47,V008,80.0,1.0077641697966373
2026-05-25,2026-05-25 11:33:48,V008,80.0,1.0087270420407195
2026-05-25,2026-05-25 11:33:49,V008,80.0,1.0081504091517228
2026-05-25,2026-05-25 11:33:50,V008,80.0,1.008481185904733
2026-05-25,2026-05-25 11:33:51,V008,81.0,1.0087850798132463
2026-05-25,2026-05-25 11:33:52,V008,80.0,1.008592399006589
2026-05-25,2026-05-25 11:33:53,V008,80.0,1.0087111984602137
2026-05-25,2026-05-25 11:33:54,V008,80.0,1.0095941664551926
2026-05-25,2026-05-25 11:33:55,V008,80.0,1.0079196214630781
2026-05-25,2026-05-25 11:33:56,V008,80.0,1.0086121718073204
2026-05-25,2026-05-25 11:33:57,V008,80.0,1.009139131923423
2026-05-25,2026-05-25 11:33:58,V008,80.0,1.0088508959596787
2026-05-25,2026-05-25 11:33:59,V008,80.0,1.0088998825700692
2026-05-25,2026-05-25 11:34:00,V008,79.0,1.0090179584941559
2026-05-25,2026-05-25 11:34:01,V008,79.0,1.0078172743530984
2026-05-25,2026-05-25 11:34:02,V008,79.0,1.0080815442145867
2026-05-25,2026-05-25 11:34:03,V008,79.0,1.008434496386034
2026-05-25,2026-05-25 11:34:04,V008,80.0,1.0084421759690592
2026-05-25,2026-05-25 11:34:05,V008,80.0,1.0089600264620282
2026-05-25,2026-05-25 11:34:06,V008,81.0,1.0089494806501293
2026-05-25,2026-05-25 11:34:07,V008,81.0,1.0083654701885711
2026-05-25,2026-05-25 11:34:08,V008,81.0,1.0088704898822538
2026-05-25,2026-05-25 11:34:09,V008,81.0,1.0086942936241277
2026-05-25,2026-05-25 11:34:10,V008,82.0,1.0081568608063518
2026-05-25,2026-05-25 11:34:11,V008,82.0,1.0085723404953733
2026-05-25,2026-05-25 11:34:12,V008,82.0,1.0087558737902667
2026-05-25,2026-05-25 11:34:13,V008,82.0,1.0081352559463168
2026-05-25,2026-05-25 11:34:14,V008,82.0,1.0080547148085877
2026-05-25,2026-05-25 11:34:15,V008,83.0,1.0085886738602456
2026-05-25,2026-05-25 11:34:16,V008,83.0,1.0083965020825527
2026-05-25,2026-05-25 11:34:17,V008,83.0,1.0085325654051884
2026-05-25,2026-05-25 11:34:18,V008,83.0,1.0080653862979994
2026-05-25,2026-05-25 11:34:19,V008,83.0,1.0084599750674323
2026-05-25,2026-05-25 11:34:20,V008,84.0,1.0085006916795427
2026-05-25,2026-05-25 11:34:21,V008,84.0,1.008612373940803
2026-05-25,2026-05-25 11:34:22,V008,83.0,1.0081729848330123
2026-05-25,2026-05-25 11:34:23,V008,83.0,1.0085612997849112
2026-05-25,2026-05-25 11:34:24,V008,83.0,1.0080625572864428
2026-05-25,2026-05-25 11:34:25,V008,83.0,1.008238044100938
2026-05-25,2026-05-25 11:34:26,V008,83.0,1.0088886690246275
2026-05-25,2026-05-25 11:34:27,V008,83.0,1.0088959153610126
2026-05-25,2026-05-25 11:34:28,V008,83.0,1.008363543366876
2026-05-25,2026-05-25 11:34:29,V008,83.0,1.0090838980407328
2026-05-25,2026-05-25 11:34:30,V008,84.0,1.0092450478569412
2026-05-25,2026-05-25 11:34:31,V008,84.0,1.008028598456284
2026-05-25,2026-05-25 11:34:32,V008,84.0,1.0087574970419695
2026-05-25,2026-05-25 11:34:33,V008,84.0,1.0083861370628022
2026-05-25,2026-05-25 11:34:34,V008,84.0,1.0083205798695174
2026-05-25,2026-05-25 11:34:35,V008,84.0,1.0090753061911988
2026-05-25,2026-05-25 11:34:36,V008,83.0,1.008352399437282
2026-05-25,2026-05-25 11:34:37,V008,83.0,1.0076739174370104
2026-05-25,2026-05-25 11:34:38,V008,82.0,1.0078427114214978
2026-05-25,2026-05-25 11:34:39,V008,82.0,1.0084642039047473
2026-05-25,2026-05-25 11:34:40,V008,81.0,1.0081425411506701
2026-05-25,2026-05-25 11:34:41,V008,81.0,1.0085797272741386
2026-05-25,2026-05-25 11:34:42,V008,81.0,1.0086876858469302
2026-05-25,2026-05-25 11:34:43,V008,81.0,1.0083879711050574
2026-05-25,2026-05-25 11:34:44,V008,81.0,1.0084881078338093
2026-05-25,2026-05-25 11:34:45,V008,81.0,1.0074965995801177
2026-05-25,2026-05-25 11:34:46,V008,82.0,1.0079550614756043
2026-05-25,2026-05-25 11:34:47,V008,82.0,1.0075691147986539
2026-05-25,2026-05-25 11:34:48,V008,82.0,1.0075338316451306
2026-05-25,2026-05-25 11:34:49,V008,82.0,1.008598870977198
2026-05-25,2026-05-25 11:34:50,V008,82.0,1.008774012032106
2026-05-25,2026-05-25 11:34:51,V008,82.0,1.0074618163675448
2026-05-25,2026-05-25 11:34:52,V008,82.0,1.0083176064055974
2026-05-25,2026-05-25 11:34:53,V008,82.0,1.0086656998084857
2026-05-25,2026-05-25 11:34:54,V008,83.0,1.0084596511384976
2026-05-25,2026-05-25 11:34:55,V008,83.0,1.0080193457262097
2026-05-25,2026-05-25 11:34:56,V008,83.0,1.0080393019168907
2026-05-25,2026-05-25 11:34:57,V008,83.0,1.0091217969561246
2026-05-25,2026-05-25 11:34:58,V008,83.0,1.0079258918488565
2026-05-25,2026-05-25 11:34:59,V008,84.0,1.0092892737106025
2026-05-25,2026-05-25 11:35:00,V008,84.0,1.0085004565391127
2026-05-25,2026-05-25 11:35:01,V008,84.0,1.007719199302383
2026-05-25,2026-05-25 11:35:02,V008,84.0,1.0077962025204226
2026-05-25,2026-05-25 11:35:03,V008,84.0,1.0090114110957764
2026-05-25,2026-05-25 11:35:04,V008,85.0,1.0082731518553238
2026-05-25,2026-05-25 11:35:05,V008,86.0,1.0084985434229905
2026-05-25,2026-05-25 11:35:06,V008,87.0,1.0086518021151782
2026-05-25,2026-05-25 11:35:07,V008,87.0,1.0085245141511114
2026-05-25,2026-05-25 11:35:08,V008,87.0,1.0084190522989522
2026-05-25,2026-05-25 11:35:09,V008,88.0,1.008031216578434
2026-05-25,2026-05-25 11:35:10,V008,87.0,1.00854521179032
2026-05-25,2026-05-25 11:35:11,V008,87.0,1.0085754897437074
2026-05-25,2026-05-25 11:35:12,V008,86.0,1.0076934410202154
2026-05-25,2026-05-25 11:35:13,V008,85.0,1.0093352384710754
2026-05-25,2026-05-25 11:35:14,V008,84.0,1.0089164931199677
2026-05-25,2026-05-25 11:35:15,V008,84.0,1.0075629924736502
2026-05-25,2026-05-25 11:35:16,V008,83.0,1.0088863241217265
2026-05-25,2026-05-25 11:35:17,V008,83.0,1.0084310774187284
2026-05-25,2026-05-25 11:35:18,V008,83.0,1.0078349318401825
2026-05-25,2026-05-25 11:35:19,V008,83.0,1.0081761291783515
2026-05-25,2026-05-25 11:35:20,V008,83.0,1.008245588498503
2026-05-25,2026-05-25 11:35:21,V008,83.0,1.0089767909566747
2026-05-25,2026-05-25 11:35:22,V008,83.0,1.0081595965563606
2026-05-25,2026-05-25 11:35:23,V008,83.0,1.0073616956877154
2026-05-25,2026-05-25 11:35:24,V008,82.0,1.0092426115223985
2026-05-25,2026-05-25 11:35:25,V008,82.0,1.0087452546548306
2026-05-25,2026-05-25 11:35:26,V008,82.0,1.0083159169617677
2026-05-25,2026-05-25 11:35:27,V008,82.0,1.0090212019174891
2026-05-25,2026-05-25 11:35:28,V008,81.0,1.0084240846918349
2026-05-25,2026-05-25 11:35:29,V008,81.0,1.0083593190520985
2026-05-25,2026-05-25 11:35:30,V008,81.0,1.008739172694018
2026-05-25,2026-05-25 11:35:31,V008,81.0,1.0082045451317543
2026-05-25,2026-05-25 11:35:32,V008,81.0,1.0083679358330762
2026-05-25,2026-05-25 11:35:33,V008,81.0,1.0082732447802871
2026-05-25,2026-05-25 11:35:34,V008,81.0,1.0088099193225533
2026-05-25,2026-05-25 11:35:35,V008,81.0,1.009228223603403
2026-05-25,2026-05-25 11:35:36,V008,80.0,1.0086652050715643
2026-05-25,2026-05-25 11:35:37,V008,80.0,1.0078978189136223
2026-05-25,2026-05-25 11:35:38,V008,80.0,1.0083647205256503
2026-05-25,2026-05-25 11:35:39,V008,80.0,1.0084373042326975
2026-05-25,2026-05-25 11:35:40,V008,81.0,1.0082423412036587
2026-05-25,2026-05-25 11:35:41,V008,81.0,1.0083821661208718
2026-05-25,2026-05-25 11:35:42,V008,81.0,1.0080359308761044
2026-05-25,2026-05-25 11:35:43,V008,81.0,1.008812038167874
2026-05-25,2026-05-25 11:35:44,V008,81.0,1.0089094293807603
2026-05-25,2026-05-25 11:35:45,V008,81.0,1.0073635822212426
2026-05-25,2026-05-25 11:35:46,V008,81.0,1.0086544436466238
2026-05-25,2026-05-25 11:35:47,V008,81.0,1.0084668976622484
2026-05-25,2026-05-25 11:35:48,V008,81.0,1.008781080033562
2026-05-25,2026-05-25 11:35:49,V008,81.0,1.0087909176711896
2026-05-25,2026-05-25 11:35:50,V008,81.0,1.0078596276299518
2026-05-25,2026-05-25 11:35:51,V008,82.0,1.0082759726588342
2026-05-25,2026-05-25 11:35:52,V008,82.0,1.008232909895548
2026-05-25,2026-05-25 11:35:53,V008,82.0,1.0088660411691472
2026-05-25,2026-05-25 11:35:54,V008,82.0,1.0086494288535295
2026-05-25,2026-05-25 11:35:55,V008,83.0,1.00779764256456
2026-05-25,2026-05-25 11:35:56,V008,82.0,1.0083164350161222
2026-05-25,2026-05-25 11:35:57,V008,81.0,1.0085274873231767
2026-05-25,2026-05-25 11:35:58,V008,81.0,1.0077983643906072
2026-05-25,2026-05-25 11:35:59,V008,80.0,1.0085526856379765
2026-05-25,2026-05-25 11:36:00,V008,80.0,1.0077825842783625
2026-05-25,2026-05-25 11:36:01,V008,79.0,1.0080593775847284
2026-05-25,2026-05-25 11:36:02,V008,79.0,1.0062750653587782
2026-05-25,2026-05-25 11:36:03,V008,78.0,1.0211071085953687
2026-05-25,2026-05-25 11:36:04,V008,78.0,1.014824365314164
2026-05-25,2026-05-25 11:36:05,V008,78.0,1.0267694546107256
2026-05-25,2026-05-25 11:36:06,V008,78.0,1.0712140775703387
2026-05-25,2026-05-25 11:36:07,V008,78.0,1.06527360253133
2026-05-25,2026-05-25 11:36:08,V008,78.0,1.0624007750713125
2026-05-25,2026-05-25 11:36:09,V008,79.0,1.038335053145982
2026-05-25,2026-05-25 11:36:10,V008,79.0,1.004252619269835
2026-05-25,2026-05-25 11:36:11,V008,80.0,1.011990281374883
2026-05-25,2026-05-25 11:36:12,V008,81.0,1.0116347176188019
2026-05-25,2026-05-25 11:36:13,V008,81.0,1.0079696486724727
2026-05-25,2026-05-25 11:36:14,V008,82.0,1.0082149017923112
2026-05-25,2026-05-25 11:36:15,V008,83.0,1.0085174036456293
2026-05-25,2026-05-25 11:36:16,V008,84.0,1.008573919813868
2026-05-25,2026-05-25 11:36:17,V008,85.0,1.0083911819866156
2026-05-25,2026-05-25 11:36:18,V008,85.0,1.008199067939646
2026-05-25,2026-05-25 11:36:19,V008,86.0,1.0084998755599075
2026-05-25,2026-05-25 11:36:20,V008,86.0,1.0086917945901808
2026-05-25,2026-05-25 11:36:21,V008,87.0,1.0088848397119161
2026-05-25,2026-05-25 11:36:22,V008,87.0,1.009125640885608
2026-05-25,2026-05-25 11:36:23,V008,87.0,1.0090539981534534
2026-05-25,2026-05-25 11:36:24,V008,87.0,1.0090690225385543
2026-05-25,2026-05-25 11:36:25,V008,87.0,1.0081266835970428
2026-05-25,2026-05-25 11:36:26,V008,87.0,1.0087746084072806
2026-05-25,2026-05-25 11:36:27,V008,87.0,1.0090740171619867
2026-05-25,2026-05-25 11:36:28,V008,87.0,1.008774384727336
2026-05-25,2026-05-25 11:36:29,V008,86.0,1.0084109788699656
2026-05-25,2026-05-25 11:36:30,V008,85.0,1.0089349185921292
2026-05-25,2026-05-25 11:36:31,V008,85.0,1.0092543401019192
2026-05-25,2026-05-25 11:36:32,V008,83.0,1.008585100980154
2026-05-25,2026-05-25 11:36:33,V008,82.0,1.0082948759220602
2026-05-25,2026-05-25 11:36:34,V008,81.0,1.0083211336138667
2026-05-25,2026-05-25 11:36:35,V008,80.0,1.0085280595991186
2026-05-25,2026-05-25 11:36:36,V008,79.0,1.0081065652426986
2026-05-25,2026-05-25 11:36:37,V008,78.0,1.008318330150788
2026-05-25,2026-05-25 11:36:38,V008,77.0,1.0084588101733574
2026-05-25,2026-05-25 11:36:39,V008,76.0,1.0087523028251566
2026-05-25,2026-05-25 11:36:40,V008,76.0,1.0089332118228012
2026-05-25,2026-05-25 11:36:41,V008,75.0,1.0087139309909108
2026-05-25,2026-05-25 11:36:42,V008,75.0,1.0084953872510005
2026-05-25,2026-05-25 11:36:43,V008,75.0,1.0086930555989262
2026-05-25,2026-05-25 11:36:44,V008,74.0,1.0088178050621748
2026-05-25,2026-05-25 11:36:45,V008,74.0,1.0084385067443344
2026-05-25,2026-05-25 11:36:46,V008,73.0,1.008854383628785
2026-05-25,2026-05-25 11:36:47,V008,73.0,1.0087558357973192
2026-05-25,2026-05-25 11:36:48,V008,72.0,1.0086118104252035
2026-05-25,2026-05-25 11:36:49,V008,72.0,1.0090254944570953
2026-05-25,2026-05-25 11:36:50,V008,72.0,1.008083610061955
2026-05-25,2026-05-25 11:36:51,V008,72.0,1.0084868525054065
2026-05-25,2026-05-25 11:36:52,V008,71.0,1.0095119121978744
2026-05-25,2026-05-25 11:36:53,V008,71.0,1.0089115711767211
2026-05-25,2026-05-25 11:36:54,V008,71.0,1.0084955528864785
2026-05-25,2026-05-25 11:36:55,V008,70.0,1.0085965656361084
2026-05-25,2026-05-25 11:36:56,V008,71.0,1.0090279919377132
2026-05-25,2026-05-25 11:36:57,V008,71.0,1.0088524510460282
2026-05-25,2026-05-25 11:36:58,V008,71.0,1.0087820146593285
2026-05-25,2026-05-25 11:36:59,V008,72.0,1.0084240818365593
2026-05-25,2026-05-25 11:37:00,V008,71.0,1.0086521529065198
2026-05-25,2026-05-25 11:37:01,V008,71.0,1.0087187742799715
2026-05-25,2026-05-25 11:37:02,V008,71.0,1.0086391514036874
2026-05-25,2026-05-25 11:37:03,V008,70.0,1.0092096767651064
2026-05-25,2026-05-25 11:37:04,V008,70.0,1.0087527327996277
2026-05-25,2026-05-25 11:37:05,V008,70.0,1.0086652226039747
2026-05-25,2026-05-25 11:37:06,V008,70.0,1.0084605304313685
2026-05-25,2026-05-25 11:37:07,V008,70.0,1.0088550455874126
2026-05-25,2026-05-25 11:37:08,V008,71.0,1.0088955963281
2026-05-25,2026-05-25 11:37:09,V008,71.0,1.0086738603098013
2026-05-25,2026-05-25 11:37:10,V008,71.0,1.0088174752811565
2026-05-25,2026-05-25 11:37:11,V008,71.0,1.008534265716934
2026-05-25,2026-05-25 11:37:12,V008,71.0,1.0087039497724566
2026-05-25,2026-05-25 11:37:13,V008,71.0,1.0084599984273412
2026-05-25,2026-05-25 11:37:14,V008,71.0,1.0083723837616425
2026-05-25,2026-05-25 11:37:15,V008,71.0,1.0086394833002228
2026-05-25,2026-05-25 11:37:16,V008,71.0,1.0086551919701705
2026-05-25,2026-05-25 11:37:17,V008,72.0,1.0088295717300482
2026-05-25,2026-05-25 11:37:18,V008,72.0,1.0090366513091449
2026-05-25,2026-05-25 11:37:19,V008,72.0,1.0089071237352731
2026-05-25,2026-05-25 11:37:20,V008,73.0,1.008404652738091
2026-05-25,2026-05-25 11:37:21,V008,73.0,1.0087378072870852
2026-05-25,2026-05-25 11:37:22,V008,73.0,1.00834903436208
2026-05-25,2026-05-25 11:37:23,V008,73.0,1.0091192766339667
2026-05-25,2026-05-25 11:37:24,V008,73.0,1.0090238002208496
2026-05-25,2026-05-25 11:37:25,V008,73.0,1.0090017283264305
2026-05-25,2026-05-25 11:37:26,V008,72.0,1.0084192054738175
2026-05-25,2026-05-25 11:37:27,V008,72.0,1.0084774654713737
2026-05-25,2026-05-25 11:37:28,V008,71.0,1.0092761442314997
2026-05-25,2026-05-25 11:37:29,V008,71.0,1.0086403454558555
2026-05-25,2026-05-25 11:37:30,V008,71.0,1.0086162892815222
2026-05-25,2026-05-25 11:37:31,V008,71.0,1.0090078255305763
2026-05-25,2026-05-25 11:37:32,V008,71.0,1.0088189559187597
2026-05-25,2026-05-25 11:37:33,V008,71.0,1.0084927432651354
2026-05-25,2026-05-25 11:37:34,V008,71.0,1.0092292237281641
2026-05-25,2026-05-25 11:37:35,V008,71.0,1.0094001339069132
2026-05-25,2026-05-25 11:37:36,V008,71.0,1.0087944602778736
2026-05-25,2026-05-25 11:37:37,V008,72.0,1.0085009077613798
2026-05-25,2026-05-25 11:37:38,V008,72.0,1.0090136642928038
2026-05-25,2026-05-25 11:37:39,V008,72.0,1.0082608137706177
2026-05-25,2026-05-25 11:37:40,V008,73.0,1.0083762473152167
2026-05-25,2026-05-25 11:37:41,V008,74.0,1.0084166939005734
2026-05-25,2026-05-25 11:37:42,V008,75.0,1.0088542180871627
2026-05-25,2026-05-25 11:37:43,V008,76.0,1.0084400212450817
2026-05-25,2026-05-25 11:37:44,V008,76.0,1.0089028211464857
2026-05-25,2026-05-25 11:37:45,V008,75.0,1.0082809333234657
2026-05-25,2026-05-25 11:37:46,V008,74.0,1.0089159503634688
2026-05-25,2026-05-25 11:37:47,V008,73.0,1.0089188679515118
2026-05-25,2026-05-25 11:37:48,V008,72.0,1.0089039187859556
2026-05-25,2026-05-25 11:37:49,V008,71.0,1.0090189167083174
2026-05-25,2026-05-25 11:37:50,V008,71.0,1.0088795054560158
2026-05-25,2026-05-25 11:37:51,V008,70.0,1.0080688284840904
2026-05-25,2026-05-25 11:37:52,V008,70.0,1.0090119529643309
2026-05-25,2026-05-25 11:37:53,V008,69.0,1.008817129849236
2026-05-25,2026-05-25 11:37:54,V008,69.0,1.0086988247108666
2026-05-25,2026-05-25 11:37:55,V008,68.0,1.008604653342314
2026-05-25,2026-05-25 11:37:56,V008,69.0,1.0089934711245925
2026-05-25,2026-05-25 11:37:57,V008,69.0,1.0088975554286617
2026-05-25,2026-05-25 11:37:58,V008,69.0,1.0082931125142334
2026-05-25,2026-05-25 11:37:59,V008,69.0,1.0087435900116217
2026-05-25,2026-05-25 11:38:00,V008,69.0,1.00909407542242
2026-05-25,2026-05-25 11:38:01,V008,70.0,1.0083896059813835
2026-05-25,2026-05-25 11:38:02,V008,70.0,1.0085493156002487
2026-05-25,2026-05-25 11:38:03,V008,70.0,1.0085148183104222
2026-05-25,2026-05-25 11:38:04,V008,70.0,1.0088299656635933
2026-05-25,2026-05-25 11:38:05,V008,69.0,1.0092122740492604
2026-05-25,2026-05-25 11:38:06,V008,69.0,1.0085052001672146
2026-05-25,2026-05-25 11:38:07,V008,69.0,1.0089751517179262
2026-05-25,2026-05-25 11:38:08,V008,69.0,1.0084125432469777
2026-05-25,2026-05-25 11:38:09,V008,69.0,1.008867536741086
2026-05-25,2026-05-25 11:38:10,V008,69.0,1.0085687241472099
2026-05-25,2026-05-25 11:38:11,V008,69.0,1.0086342518497293
2026-05-25,2026-05-25 11:38:12,V008,69.0,1.0090325662148911
2026-05-25,2026-05-25 11:38:13,V008,69.0,1.008607261342732
2026-05-25,2026-05-25 11:38:14,V008,69.0,1.0087884432894132
2026-05-25,2026-05-25 11:38:15,V008,69.0,1.0089088353957083
2026-05-25,2026-05-25 11:38:16,V008,69.0,1.0085406446690988
2026-05-25,2026-05-25 11:38:17,V008,69.0,1.0092627458989034
2026-05-25,2026-05-25 11:38:18,V008,70.0,1.00896822292316
2026-05-25,2026-05-25 11:38:19,V008,70.0,1.0080181978910103
2026-05-25,2026-05-25 11:38:20,V008,70.0,1.0085962442509435
2026-05-25,2026-05-25 11:38:21,V008,70.0,1.0092747842183574
2026-05-25,2026-05-25 11:38:22,V008,70.0,1.008650338440858
2026-05-25,2026-05-25 11:38:23,V008,70.0,1.0087102374754224
2026-05-25,2026-05-25 11:38:24,V008,70.0,1.009157769375903
2026-05-25,2026-05-25 11:38:25,V008,69.0,1.0091721398379716
2026-05-25,2026-05-25 11:38:26,V008,69.0,1.0088543884531076
2026-05-25,2026-05-25 11:38:27,V008,69.0,1.0085048498082099
2026-05-25,2026-05-25 11:38:28,V008,69.0,1.0084808361144286
2026-05-25,2026-05-25 11:38:29,V008,68.0,1.008552229653658
2026-05-25,2026-05-25 11:38:30,V008,68.0,1.0090590134178108
2026-05-25,2026-05-25 11:38:31,V008,68.0,1.0088502686637006
2026-05-25,2026-05-25 11:38:32,V008,68.0,1.0087683397094993
2026-05-25,2026-05-25 11:38:33,V008,68.0,1.0087574784207805
2026-05-25,2026-05-25 11:38:34,V008,68.0,1.0092433512087355
2026-05-25,2026-05-25 11:38:35,V008,68.0,1.0091018001340848
2026-05-25,2026-05-25 11:38:36,V008,68.0,1.0091208652758308
2026-05-25,2026-05-25 11:38:37,V008,68.0,1.0081817824276895
2026-05-25,2026-05-25 11:38:38,V008,68.0,1.0090773387047156
2026-05-25,2026-05-25 11:38:39,V008,68.0,1.0090643641577506
2026-05-25,2026-05-25 11:38:40,V008,69.0,1.0087008990213204
2026-05-25,2026-05-25 11:38:41,V008,69.0,1.0085898729628433
2026-05-25,2026-05-25 11:38:42,V008,69.0,1.0086995095061655
2026-05-25,2026-05-25 11:38:43,V008,69.0,1.0086536351823305
2026-05-25,2026-05-25 11:38:44,V008,69.0,1.0080414573893395
2026-05-25,2026-05-25 11:38:45,V008,69.0,1.009225893078054
2026-05-25,2026-05-25 11:38:46,V008,70.0,1.0085022392254632
2026-05-25,2026-05-25 11:38:47,V008,71.0,1.009264849828641
2026-05-25,2026-05-25 11:38:48,V008,72.0,1.008855221867622
2026-05-25,2026-05-25 11:38:49,V008,72.0,1.0089210494105667
2026-05-25,2026-05-25 11:38:50,V008,73.0,1.0091672744857414
2026-05-25,2026-05-25 11:38:51,V008,74.0,1.009155999740688
2026-05-25,2026-05-25 11:38:52,V008,75.0,1.0093241587489028
2026-05-25,2026-05-25 11:38:53,V008,76.0,1.0089491500062806
2026-05-25,2026-05-25 11:38:54,V008,76.0,1.008735398062685
2026-05-25,2026-05-25 11:38:55,V008,76.0,1.0081222609785854
2026-05-25,2026-05-25 11:38:56,V008,75.0,1.0082586364791077
2026-05-25,2026-05-25 11:38:57,V008,74.0,1.0086834940132423
2026-05-25,2026-05-25 11:38:58,V008,72.0,1.0090001674162212
2026-05-25,2026-05-25 11:38:59,V008,71.0,1.0086800554510218
2026-05-25,2026-05-25 11:39:00,V008,70.0,1.0084844957650083
2026-05-25,2026-05-25 11:39:01,V008,69.0,1.008382984713693
2026-05-25,2026-05-25 11:39:02,V008,69.0,1.0084679112092627
2026-05-25,2026-05-25 11:39:03,V008,69.0,1.0085526112272274
2026-05-25,2026-05-25 11:39:04,V008,69.0,1.0085778855964194
2026-05-25,2026-05-25 11:39:05,V008,70.0,1.0088615836496082
2026-05-25,2026-05-25 11:39:06,V008,69.0,1.0084254783541375
2026-05-25,2026-05-25 11:39:07,V008,69.0,1.008655179492182
2026-05-25,2026-05-25 11:39:08,V008,69.0,1.0088250301119892
2026-05-25,2026-05-25 11:39:09,V008,69.0,1.008955160557483
2026-05-25,2026-05-25 11:39:10,V008,69.0,1.009110331094152
2026-05-25,2026-05-25 11:39:11,V008,69.0,1.008611825212506
2026-05-25,2026-05-25 11:39:12,V008,68.0,1.0087468747444255
2026-05-25,2026-05-25 11:39:13,V008,68.0,1.0091685565550328
2026-05-25,2026-05-25 11:39:14,V008,67.0,1.0084746691929787
2026-05-25,2026-05-25 11:39:15,V008,67.0,1.0086641031568122
2026-05-25,2026-05-25 11:39:16,V008,66.0,1.0087226663300537
2026-05-25,2026-05-25 11:39:17,V008,66.0,1.0090105653662735
2026-05-25,2026-05-25 11:39:18,V008,66.0,1.008956323474723
2026-05-25,2026-05-25 11:39:19,V008,66.0,1.0085336973379264
2026-05-25,2026-05-25 11:39:20,V008,66.0,1.0088828319178802
2026-05-25,2026-05-25 11:39:21,V008,66.0,1.0091521512135926
2026-05-25,2026-05-25 11:39:22,V008,67.0,1.0088228198874296
2026-05-25,2026-05-25 11:39:23,V008,67.0,1.0091560063753071
2026-05-25,2026-05-25 11:39:24,V008,67.0,1.0090159933211436
2026-05-25,2026-05-25 11:39:25,V008,67.0,1.0091335335167977
2026-05-25,2026-05-25 11:39:26,V008,67.0,1.009001869715075
2026-05-25,2026-05-25 11:39:27,V008,66.0,1.0080637726507735
2026-05-25,2026-05-25 11:39:28,V008,66.0,1.0084322431784325
2026-05-25,2026-05-25 11:39:29,V008,66.0,1.0089071461571075
2026-05-25,2026-05-25 11:39:30,V008,67.0,1.008069583166986
2026-05-25,2026-05-25 11:39:31,V008,67.0,1.0088432262743738
2026-05-25,2026-05-25 11:39:32,V008,67.0,1.0083014492516016
2026-05-25,2026-05-25 11:39:33,V008,67.0,1.0087095807344266
2026-05-25,2026-05-25 11:39:34,V008,68.0,1.0083915082664467
2026-05-25,2026-05-25 11:39:35,V008,68.0,1.0089454474170463
2026-05-25,2026-05-25 11:39:36,V008,68.0,1.0088573933715004
2026-05-25,2026-05-25 11:39:37,V008,68.0,1.009337865117109
2026-05-25,2026-05-25 11:39:38,V008,67.0,1.0082575621440735
2026-05-25,2026-05-25 11:39:39,V008,67.0,1.0089366948306526
2026-05-25,2026-05-25 11:39:40,V008,67.0,1.0085469470178432
2026-05-25,2026-05-25 11:39:41,V008,67.0,1.0088924540362738
2026-05-25,2026-05-25 11:39:42,V008,67.0,1.0083091191058688
2026-05-25,2026-05-25 11:39:43,V008,67.0,1.0088600678532655
2026-05-25,2026-05-25 11:39:44,V008,66.0,1.008819367324921
2026-05-25,2026-05-25 11:39:45,V008,66.0,1.0091748910542118
2026-05-25,2026-05-25 11:39:46,V008,65.0,1.008876298898767
2026-05-25,2026-05-25 11:39:47,V008,65.0,1.008948974700616
2026-05-25,2026-05-25 11:39:48,V008,65.0,1.0090463561439404
2026-05-25,2026-05-25 11:39:49,V008,65.0,1.008497153417723
2026-05-25,2026-05-25 11:39:50,V008,65.0,1.0090559841491462
2026-05-25,2026-05-25 11:39:51,V008,66.0,1.0089667120721488
2026-05-25,2026-05-25 11:39:52,V008,66.0,1.0087917847060452
2026-05-25,2026-05-25 11:39:53,V008,66.0,1.0087941212475227
2026-05-25,2026-05-25 11:39:54,V008,66.0,1.0086968007903956
2026-05-25,2026-05-25 11:39:55,V008,65.0,1.008452896068615
2026-05-25,2026-05-25 11:39:56,V008,66.0,1.0085865733374682
2026-05-25,2026-05-25 11:39:57,V008,66.0,1.0089648748544677
2026-05-25,2026-05-25 11:39:58,V008,66.0,1.0086431073956714
2026-05-25,2026-05-25 11:39:59,V008,66.0,1.0084316950205106
2026-05-25,2026-05-25 11:40:00,V008,66.0,1.0084697867543084
2026-05-25,2026-05-25 11:40:01,V008,66.0,1.0093337198653956
2026-05-25,2026-05-25 11:40:02,V008,66.0,1.008573717651149
2026-05-25,2026-05-25 11:40:03,V008,66.0,1.0088004118259883
2026-05-25,2026-05-25 11:40:04,V008,66.0,1.0089652936718756
2026-05-25,2026-05-25 11:40:05,V008,66.0,1.0090177935261044
2026-05-25,2026-05-25 11:40:06,V008,66.0,1.0087312047824661
2026-05-25,2026-05-25 11:40:07,V008,66.0,1.0087465236265998
2026-05-25,2026-05-25 11:40:08,V008,67.0,1.0088372270102512
2026-05-25,2026-05-25 11:40:09,V008,67.0,1.0090024778292424
2026-05-25,2026-05-25 11:40:10,V008,67.0,1.009023556218256
2026-05-25,2026-05-25 11:40:11,V008,68.0,1.008087208442208
2026-05-25,2026-05-25 11:40:12,V008,69.0,1.0085817251734845
2026-05-25,2026-05-25 11:40:13,V008,70.0,1.0086245563456258
2026-05-25,2026-05-25 11:40:14,V008,71.0,1.0085606197922143
2026-05-25,2026-05-25 11:40:15,V008,71.0,1.0085858141825286
2026-05-25,2026-05-25 11:40:16,V008,71.0,1.0087018493461655
2026-05-25,2026-05-25 11:40:17,V008,71.0,1.0092923325587675
2026-05-25,2026-05-25 11:40:18,V008,70.0,1.0085017420751101
2026-05-25,2026-05-25 11:40:19,V008,69.0,1.0085606061366479
2026-05-25,2026-05-25 11:40:20,V008,68.0,1.009202296830617
2026-05-25,2026-05-25 11:40:21,V008,67.0,1.0089732817882044
2026-05-25,2026-05-25 11:40:22,V008,67.0,1.008280321883663
2026-05-25,2026-05-25 11:40:23,V008,66.0,1.0085319075689085
2026-05-25,2026-05-25 11:40:24,V008,66.0,1.0087447126630467
2026-05-25,2026-05-25 11:40:25,V008,66.0,1.0087044688175724
2026-05-25,2026-05-25 11:40:26,V008,66.0,1.008916625746738
2026-05-25,2026-05-25 11:40:27,V008,66.0,1.0093544099959844
2026-05-25,2026-05-25 11:40:28,V008,66.0,1.0085589814795812
2026-05-25,2026-05-25 11:40:29,V008,66.0,1.0089077839818033
2026-05-25,2026-05-25 11:40:30,V008,66.0,1.0085710062935334
2026-05-25,2026-05-25 11:40:31,V008,66.0,1.00914402768146
2026-05-25,2026-05-25 11:40:32,V008,66.0,1.0088121736549465
2026-05-25,2026-05-25 11:40:33,V008,66.0,1.009027089939951
2026-05-25,2026-05-25 11:40:34,V008,66.0,1.0093602806206174
2026-05-25,2026-05-25 11:40:35,V008,66.0,1.0088245445619048
2026-05-25,2026-05-25 11:40:36,V008,66.0,1.0088646463979285
2026-05-25,2026-05-25 11:40:37,V008,66.0,1.0083887194811665
2026-05-25,2026-05-25 11:40:38,V008,66.0,1.0087080323698117
2026-05-25,2026-05-25 11:40:39,V008,66.0,1.0085942988738497
2026-05-25,2026-05-25 11:40:40,V008,66.0,1.0084436579617708
2026-05-25,2026-05-25 11:40:41,V008,66.0,1.0088364451858247
2026-05-25,2026-05-25 11:40:42,V008,66.0,1.0089373390189245
2026-05-25,2026-05-25 11:40:43,V008,66.0,1.0083279928641808
2026-05-25,2026-05-25 11:40:44,V008,66.0,1.008582665049837
2026-05-25,2026-05-25 11:40:45,V008,66.0,1.0088166217648384
2026-05-25,2026-05-25 11:40:46,V008,66.0,1.0084504181964338
2026-05-25,2026-05-25 11:40:47,V008,66.0,1.008905617590255
2026-05-25,2026-05-25 11:40:48,V008,66.0,1.0089851870524722
2026-05-25,2026-05-25 11:40:49,V008,67.0,1.0089500914598337
2026-05-25,2026-05-25 11:40:50,V008,67.0,1.0089941180207525
2026-05-25,2026-05-25 11:40:51,V008,66.0,1.0085939209826225
2026-05-25,2026-05-25 11:40:52,V008,66.0,1.0092256843712477
2026-05-25,2026-05-25 11:40:53,V008,66.0,1.0083172881755051
2026-05-25,2026-05-25 11:40:54,V008,66.0,1.00903486424357
2026-05-25,2026-05-25 11:40:55,V008,66.0,1.0085833422868156
2026-05-25,2026-05-25 11:40:56,V008,66.0,1.0092472775108516
2026-05-25,2026-05-25 11:40:57,V008,66.0,1.0088611297274068
2026-05-25,2026-05-25 11:40:58,V008,67.0,1.008746505965728
2026-05-25,2026-05-25 11:40:59,V008,67.0,1.0087988243394095
2026-05-25,2026-05-25 11:41:00,V008,67.0,1.0090298005543428
2026-05-25,2026-05-25 11:41:01,V008,67.0,1.008542963681006
2026-05-25,2026-05-25 11:41:02,V008,67.0,1.0091927583330547
2026-05-25,2026-05-25 11:41:03,V008,67.0,1.008994891749083
2026-05-25,2026-05-25 11:41:04,V008,68.0,1.0088069697515036
2026-05-25,2026-05-25 11:41:05,V008,68.0,1.0090942768566153
2026-05-25,2026-05-25 11:41:06,V008,69.0,1.0082964077458154
2026-05-25,2026-05-25 11:41:07,V008,69.0,1.009000247802663
2026-05-25,2026-05-25 11:41:08,V008,69.0,1.0087656202115272
2026-05-25,2026-05-25 11:41:09,V008,69.0,1.0085400428933928
2026-05-25,2026-05-25 11:41:10,V008,69.0,1.0090137639585988
2026-05-25,2026-05-25 11:41:11,V008,69.0,1.0087691371760592
2026-05-25,2026-05-25 11:41:12,V008,69.0,1.0089596912947278
2026-05-25,2026-05-25 11:41:13,V008,69.0,1.0091604697314844
2026-05-25,2026-05-25 11:41:14,V008,69.0,1.0092683492055154
2026-05-25,2026-05-25 11:41:15,V008,69.0,1.0086279428822178
2026-05-25,2026-05-25 11:41:16,V008,69.0,1.0085473925627135
2026-05-25,2026-05-25 11:41:17,V008,69.0,1.0077022149628645
2026-05-25,2026-05-25 11:41:18,V008,68.0,1.0082747479441714
2026-05-25,2026-05-25 11:41:19,V008,68.0,1.0120286873545945
2026-05-25,2026-05-25 11:41:20,V008,68.0,1.0664242424888473
2026-05-25,2026-05-25 11:41:21,V008,68.0,1.000372461083886
2026-05-25,2026-05-25 11:41:22,V008,68.0,1.0046875158029969
2026-05-25,2026-05-25 11:41:23,V008,68.0,1.0191827825054876
2026-05-25,2026-05-25 11:41:24,V008,68.0,1.0041637563631702
2026-05-25,2026-05-25 11:41:25,V008,69.0,1.0439449626552226
2026-05-25,2026-05-25 11:41:26,V008,68.0,1.03408815962712
2026-05-25,2026-05-25 11:41:27,V008,68.0,1.0181524700825373
2026-05-25,2026-05-25 11:41:28,V008,68.0,1.0134113916228624
2026-05-25,2026-05-25 11:41:29,V008,67.0,1.0162591301348447
2026-05-25,2026-05-25 11:41:30,V008,69.0,1.0077722709561467
2026-05-25,2026-05-25 11:41:31,V008,70.0,1.0096761699754528
2026-05-25,2026-05-25 11:41:32,V008,71.0,1.0103040189594867
2026-05-25,2026-05-25 11:41:33,V008,72.0,1.0086471733334657
2026-05-25,2026-05-25 11:41:34,V008,74.0,1.0105375430428971
2026-05-25,2026-05-25 11:41:35,V008,75.0,1.0095600529490327
2026-05-25,2026-05-25 11:41:36,V008,74.0,1.008405329836864
2026-05-25,2026-05-25 11:41:37,V008,73.0,1.008109962471261
2026-05-25,2026-05-25 11:41:38,V008,73.0,1.0186501922852769
2026-05-25,2026-05-25 11:41:39,V008,73.0,1.0171198078980397
2026-05-25,2026-05-25 11:41:40,V008,74.0,1.0150105720560723
2026-05-25,2026-05-25 11:41:41,V008,74.0,1.040759145767573
2026-05-25,2026-05-25 11:41:42,V008,75.0,1.0161625505538523
2026-05-25,2026-05-25 11:41:43,V008,75.0,1.0153055356543863
2026-05-25,2026-05-25 11:41:44,V008,77.0,1.02072026315754
2026-05-25,2026-05-25 11:41:45,V008,78.0,1.0266720584579234
2026-05-25,2026-05-25 11:41:46,V008,80.0,1.0415387676629722
2026-05-25,2026-05-25 11:41:47,V008,82.0,1.0393593349299133
2026-05-25,2026-05-25 11:41:48,V008,83.0,0.9903332177027433
2026-05-25,2026-05-25 11:41:49,V008,83.0,1.2331964078321596
2026-05-25,2026-05-25 11:41:50,V008,84.0,1.0447441580451147
2026-05-25,2026-05-25 11:41:51,V008,84.0,1.1300426185328778
2026-05-25,2026-05-25 11:41:52,V008,84.0,1.0048794852720635
2026-05-25,2026-05-25 11:41:53,V008,84.0,1.1395891424161753
2026-05-25,2026-05-25 11:41:54,V008,84.0,1.1274752120214342
2026-05-25,2026-05-25 11:41:55,V008,85.0,1.0480899812580637
2026-05-25,2026-05-25 11:41:56,V008,85.0,1.0055828792998998
2026-05-25,2026-05-25 11:41:57,V008,85.0,1.0054902102147754
2026-05-25,2026-05-25 11:41:58,V008,85.0,1.0057155358003695
2026-05-25,2026-05-25 11:41:59,V008,85.0,1.005358027336906
2026-05-25,2026-05-25 11:42:00,V008,85.0,1.005092400275486
2026-05-25,2026-05-25 11:42:01,V008,85.0,1.0052034449584617
2026-05-25,2026-05-25 11:42:02,V008,85.0,1.0054931255866943
2026-05-25,2026-05-25 11:42:03,V008,85.0,1.00553445993245
2026-05-25,2026-05-25 11:42:04,V008,85.0,1.0056530166098783
2026-05-25,2026-05-25 11:42:05,V008,85.0,1.005670607308139
2026-05-25,2026-05-25 11:42:06,V008,85.0,1.0725610846635931
2026-05-25,2026-05-25 11:42:07,V008,86.0,1.0332820515441243
2026-05-25,2026-05-25 11:42:08,V008,86.0,1.103238331389979
2026-05-25,2026-05-25 11:42:09,V008,86.0,1.0553374138287877
2026-05-25,2026-05-25 11:42:10,V008,87.0,1.0556030029437804
2026-05-25,2026-05-25 11:42:11,V008,87.0,1.0211250679042498
2026-05-25,2026-05-25 11:42:12,V008,87.0,1.0198639716856226
2026-05-25,2026-05-25 11:42:13,V008,87.0,1.0270477772737732
2026-05-25,2026-05-25 11:42:14,V008,87.0,1.0003846609601255
2026-05-25,2026-05-25 11:42:15,V008,87.0,1.0009690673946174
2026-05-25,2026-05-25 11:42:16,V008,87.0,1.204007725896014
2026-05-25,2026-05-25 11:42:17,V008,87.0,0.9928106322942022
2026-05-25,2026-05-25 11:42:18,V008,87.0,1.0251301451376262
2026-05-25,2026-05-25 11:42:19,V008,87.0,1.0141414448501198
2026-05-25,2026-05-25 11:42:20,V008,87.0,1.0287553753178715
2026-05-25,2026-05-25 11:42:21,V008,87.0,0.9978802875507331
2026-05-25,2026-05-25 11:42:22,V008,87.0,1.0091112944467895
2026-05-25,2026-05-25 11:42:23,V008,87.0,1.0099235537757019
2026-05-25,2026-05-25 11:42:24,V008,87.0,1.009600090858537
2026-05-25,2026-05-25 11:42:25,V008,88.0,0.9984147283096566
2026-05-25,2026-05-25 11:42:26,V008,88.0,1.0052973003714758
2026-05-25,2026-05-25 11:42:27,V008,89.0,1.0070075478521823
2026-05-25,2026-05-25 11:42:28,V008,89.0,1.0033477316736588
2026-05-25,2026-05-25 11:42:29,V008,90.0,1.005836657535129
2026-05-25,2026-05-25 11:42:30,V008,92.0,1.0063536996180231
2026-05-25,2026-05-25 11:42:31,V008,93.0,1.0211756145150122
2026-05-25,2026-05-25 11:42:32,V008,93.0,1.011417733339744
2026-05-25,2026-05-25 11:42:33,V008,93.0,0.9302396759573088
2026-05-25,2026-05-25 11:42:34,V008,94.0,1.087582078501252
2026-05-25,2026-05-25 11:42:35,V008,94.0,1.1442520347930092
2026-05-25,2026-05-25 11:42:36,V008,94.0,0.9886666963692923
2026-05-25,2026-05-25 11:42:37,V008,94.0,1.0370006118672082
2026-05-25,2026-05-25 11:42:38,V008,94.0,0.9938857200140637
2026-05-25,2026-05-25 11:42:39,V008,95.0,1.0180676275113
2026-05-25,2026-05-25 11:42:40,V008,95.0,1.0311823738481138
2026-05-25,2026-05-25 11:42:41,V008,95.0,1.0384674102382818
2026-05-25,2026-05-25 11:42:42,V008,95.0,1.0128823135695602
2026-05-25,2026-05-25 11:42:43,V008,95.0,0.9925991982064646
2026-05-25,2026-05-25 11:42:44,V008,95.0,0.9717613511656101
2026-05-25,2026-05-25 11:42:45,V008,95.0,1.0318809991780593
2026-05-25,2026-05-25 11:42:46,V008,95.0,0.9972586487569786
2026-05-25,2026-05-25 11:42:47,V008,96.0,1.0360138103717873
2026-05-25,2026-05-25 11:42:48,V008,96.0,0.9810788197270683
2026-05-25,2026-05-25 11:42:49,V008,96.0,1.025202301499547
2026-05-25,2026-05-25 11:42:50,V008,96.0,1.0202587387274373
2026-05-25,2026-05-25 11:42:51,V008,96.0,0.9976395801418916
2026-05-25,2026-05-25 11:42:52,V008,97.0,1.0022862592481152
2026-05-25,2026-05-25 11:42:53,V008,97.0,1.0016516021536959
2026-05-25,2026-05-25 11:42:54,V008,97.0,0.9997947141576081
2026-05-25,2026-05-25 11:42:55,V008,98.0,1.0319505411608505
2026-05-25,2026-05-25 11:42:56,V008,98.0,0.9917244292061446
2026-05-25,2026-05-25 11:42:57,V008,98.0,0.999978024234729
2026-05-25,2026-05-25 11:42:58,V008,99.0,0.9995854396581174
2026-05-25,2026-05-25 11:42:59,V008,99.0,1.0015305574921594
2026-05-25,2026-05-25 11:43:00,V008,99.0,0.9904665540055875
2026-05-25,2026-05-25 11:43:01,V008,98.0,1.006914782506879
2026-05-25,2026-05-25 11:43:02,V008,98.0,1.0116164603038613
2026-05-25,2026-05-25 11:43:03,V008,97.0,0.9918457168888551
2026-05-25,2026-05-25 11:43:04,V008,97.0,0.9917966728184225
2026-05-25,2026-05-25 11:43:05,V008,97.0,0.99681552692262
2026-05-25,2026-05-25 11:43:06,V008,97.0,0.9943084750275536
2026-05-25,2026-05-25 11:43:07,V008,96.0,0.9863567601427008
2026-05-25,2026-05-25 11:43:08,V008,96.0,1.01194749233319
2026-05-25,2026-05-25 11:43:09,V008,96.0,1.0009787180235112
2026-05-25,2026-05-25 11:43:10,V008,96.0,1.008708379317355
2026-05-25,2026-05-25 11:43:11,V008,95.0,0.9906744289326381
2026-05-25,2026-05-25 11:43:12,V008,95.0,1.0140048726401956
2026-05-25,2026-05-25 11:43:13,V008,95.0,1.0179362844300455
2026-05-25,2026-05-25 11:43:14,V008,95.0,1.0048593699502049
2026-05-25,2026-05-25 11:43:15,V008,95.0,1.0094687931202861
2026-05-25,2026-05-25 11:43:16,V008,95.0,1.024394971281931
2026-05-25,2026-05-25 11:43:17,V008,94.0,1.0030968368266797
2026-05-25,2026-05-25 11:43:18,V008,94.0,1.000017062805873
2026-05-25,2026-05-25 11:43:19,V008,93.0,1.0055849607882092
2026-05-25,2026-05-25 11:43:20,V008,92.0,1.00192361518765
2026-05-25,2026-05-25 11:43:21,V008,92.0,1.0159129007582688
2026-05-25,2026-05-25 11:43:22,V008,91.0,1.0450420430203078
2026-05-25,2026-05-25 11:43:23,V008,90.0,1.0202721679057982
2026-05-25,2026-05-25 11:43:24,V008,90.0,1.0007590052898767
2026-05-25,2026-05-25 11:43:25,V008,89.0,1.0051671710560577
2026-05-25,2026-05-25 11:43:26,V008,88.0,1.0237574437141748
2026-05-25,2026-05-25 11:43:27,V008,87.0,0.9775444972298832
2026-05-25,2026-05-25 11:43:28,V008,88.0,0.9954667692104608
2026-05-25,2026-05-25 11:43:29,V008,88.0,1.0121110285082813
2026-05-25,2026-05-25 11:43:30,V008,87.0,0.9741032308776214
2026-05-25,2026-05-25 11:43:31,V008,86.0,1.0553860908549795
2026-05-25,2026-05-25 11:43:32,V008,86.0,1.0506760673266389
2026-05-25,2026-05-25 11:43:33,V008,85.0,1.006496141779094
2026-05-25,2026-05-25 11:43:34,V008,85.0,1.0531877395901428
2026-05-25,2026-05-25 11:43:35,V008,85.0,1.0650563514005724
2026-05-25,2026-05-25 11:43:36,V008,85.0,0.9516399955744906
2026-05-25,2026-05-25 11:43:37,V008,85.0,0.9957544462944848
2026-05-25,2026-05-25 11:43:38,V008,85.0,1.063586225460976
2026-05-25,2026-05-25 11:43:39,V008,86.0,1.1563287468075034
2026-05-25,2026-05-25 11:43:40,V008,86.0,1.098348701810235
2026-05-25,2026-05-25 11:43:41,V008,86.0,1.0014648382205595
2026-05-25,2026-05-25 11:43:42,V008,86.0,1.0060888339185992
2026-05-25,2026-05-25 11:43:43,V008,87.0,1.002464439575695
2026-05-25,2026-05-25 11:43:44,V008,87.0,0.9991891142560053
2026-05-25,2026-05-25 11:43:45,V008,87.0,1.0034471781566294
2026-05-25,2026-05-25 11:43:46,V008,87.0,1.0039537544654684
2026-05-25,2026-05-25 11:43:47,V008,87.0,1.004563252210988
2026-05-25,2026-05-25 11:43:48,V008,88.0,0.9999537666986508
2026-05-25,2026-05-25 11:43:49,V008,88.0,1.0036074865893851
2026-05-25,2026-05-25 11:43:50,V008,88.0,1.005093588185829
2026-05-25,2026-05-25 11:43:51,V008,88.0,1.00311563320711
2026-05-25,2026-05-25 11:43:52,V008,89.0,1.0051877133903189
2026-05-25,2026-05-25 11:43:53,V008,89.0,1.005902787112583
2026-05-25,2026-05-25 11:43:54,V008,89.0,1.0063367826805147
2026-05-25,2026-05-25 11:43:55,V008,89.0,1.0069675186903981
2026-05-25,2026-05-25 11:43:56,V008,89.0,1.0015569726180782
2026-05-25,2026-05-25 11:43:57,V008,89.0,1.0109758397464692
2026-05-25,2026-05-25 11:43:58,V008,90.0,1.0047554828497947
2026-05-25,2026-05-25 11:43:59,V008,90.0,1.004624983134855
2026-05-25,2026-05-25 11:44:00,V008,90.0,1.002978670106689
2026-05-25,2026-05-25 11:44:01,V008,90.0,1.0061798563459143
2026-05-25,2026-05-25 11:44:02,V008,90.0,1.004013561194708
2026-05-25,2026-05-25 11:44:03,V008,91.0,1.0053624207995837
2026-05-25,2026-05-25 11:44:04,V008,92.0,1.0043881830249852
2026-05-25,2026-05-25 11:44:05,V008,92.0,1.0057340026415864
2026-05-25,2026-05-25 11:44:06,V008,92.0,1.003357635704704
2026-05-25,2026-05-25 11:44:07,V008,93.0,0.9386675213360249
2026-05-25,2026-05-25 11:44:08,V008,93.0,1.003902529026487
2026-05-25,2026-05-25 11:44:09,V008,94.0,0.9970209999760962
2026-05-25,2026-05-25 11:44:10,V008,94.0,1.0052291955304153
2026-05-25,2026-05-25 11:44:11,V008,95.0,1.0042089217943801
2026-05-25,2026-05-25 11:44:12,V008,95.0,1.006378946460149
2026-05-25,2026-05-25 11:44:13,V008,95.0,
2026-05-25,2026-05-25 11:44:14,V008,96.0,
2026-05-25,2026-05-25 11:44:15,V008,96.0,
