Date,Timestamp,SensorID,HeartRate,AccNorm
2026-05-25,2026-05-25 11:11:21,V030,,1.0126565195639199
2026-05-25,2026-05-25 11:11:22,V030,,1.012352648964592
2026-05-25,2026-05-25 11:11:23,V030,,1.0108457578286552
2026-05-25,2026-05-25 11:11:24,V030,,1.0131811117501388
2026-05-25,2026-05-25 11:11:25,V030,,1.0118980484122397
2026-05-25,2026-05-25 11:11:26,V030,80.0,1.0134303322259524
2026-05-25,2026-05-25 11:11:27,V030,80.0,1.0119708325416275
2026-05-25,2026-05-25 11:11:28,V030,79.0,1.0114961710733181
2026-05-25,2026-05-25 11:11:29,V030,79.0,1.0118059662187673
2026-05-25,2026-05-25 11:11:30,V030,78.0,1.0123769525939574
2026-05-25,2026-05-25 11:11:31,V030,78.0,1.0118092623163553
2026-05-25,2026-05-25 11:11:32,V030,79.0,1.0122213680970296
2026-05-25,2026-05-25 11:11:33,V030,79.0,1.0122436992248238
2026-05-25,2026-05-25 11:11:34,V030,80.0,1.0123017167047423
2026-05-25,2026-05-25 11:11:35,V030,80.0,1.0119083351934313
2026-05-25,2026-05-25 11:11:36,V030,80.0,1.0117474034250777
2026-05-25,2026-05-25 11:11:37,V030,80.0,1.0122489721331922
2026-05-25,2026-05-25 11:11:38,V030,80.0,1.0117619778264824
2026-05-25,2026-05-25 11:11:39,V030,79.0,1.0119394684896967
2026-05-25,2026-05-25 11:11:40,V030,79.0,1.012073794269878
2026-05-25,2026-05-25 11:11:41,V030,78.0,1.0106722146239724
2026-05-25,2026-05-25 11:11:42,V030,78.0,1.0132844048064336
2026-05-25,2026-05-25 11:11:43,V030,79.0,1.0120323953950625
2026-05-25,2026-05-25 11:11:44,V030,79.0,1.011936097782874
2026-05-25,2026-05-25 11:11:45,V030,78.0,1.0119845067954591
2026-05-25,2026-05-25 11:11:46,V030,78.0,1.0124239363965633
2026-05-25,2026-05-25 11:11:47,V030,78.0,1.011118081926366
2026-05-25,2026-05-25 11:11:48,V030,78.0,1.0111992983809002
2026-05-25,2026-05-25 11:11:49,V030,78.0,1.0111660397796094
2026-05-25,2026-05-25 11:11:50,V030,78.0,1.0119247369022832
2026-05-25,2026-05-25 11:11:51,V030,77.0,1.0116966138137715
2026-05-25,2026-05-25 11:11:52,V030,77.0,1.0121423325078602
2026-05-25,2026-05-25 11:11:53,V030,77.0,1.0117120099580441
2026-05-25,2026-05-25 11:11:54,V030,77.0,1.0118902846043982
2026-05-25,2026-05-25 11:11:55,V030,78.0,1.0124787976828535
2026-05-25,2026-05-25 11:11:56,V030,78.0,1.0109190055652062
2026-05-25,2026-05-25 11:11:57,V030,78.0,1.0120341959977592
2026-05-25,2026-05-25 11:11:58,V030,78.0,1.0111188744282122
2026-05-25,2026-05-25 11:11:59,V030,78.0,1.0130918811884577
2026-05-25,2026-05-25 11:12:00,V030,78.0,1.0120023924697945
2026-05-25,2026-05-25 11:12:01,V030,77.0,1.0125486059007298
2026-05-25,2026-05-25 11:12:02,V030,77.0,1.0126993538987725
2026-05-25,2026-05-25 11:12:03,V030,76.0,1.011733077242155
2026-05-25,2026-05-25 11:12:04,V030,76.0,1.0113791743110307
2026-05-25,2026-05-25 11:12:05,V030,76.0,1.011258570730333
2026-05-25,2026-05-25 11:12:06,V030,76.0,1.011677796508859
2026-05-25,2026-05-25 11:12:07,V030,76.0,1.0128948684740127
2026-05-25,2026-05-25 11:12:08,V030,76.0,1.0121270420677162
2026-05-25,2026-05-25 11:12:09,V030,76.0,1.012904892814848
2026-05-25,2026-05-25 11:12:10,V030,77.0,1.0114519875559649
2026-05-25,2026-05-25 11:12:11,V030,77.0,1.011742703511597
2026-05-25,2026-05-25 11:12:12,V030,77.0,1.011665614347776
2026-05-25,2026-05-25 11:12:13,V030,77.0,1.0121816064754197
2026-05-25,2026-05-25 11:12:14,V030,77.0,1.012298740286824
2026-05-25,2026-05-25 11:12:15,V030,76.0,1.0120664739437966
2026-05-25,2026-05-25 11:12:16,V030,76.0,1.0126245384001695
2026-05-25,2026-05-25 11:12:17,V030,76.0,1.0134373821426523
2026-05-25,2026-05-25 11:12:18,V030,76.0,1.0128069775724207
2026-05-25,2026-05-25 11:12:19,V030,76.0,1.0121844072812156
2026-05-25,2026-05-25 11:12:20,V030,76.0,1.0112435507495132
2026-05-25,2026-05-25 11:12:21,V030,76.0,1.011940640291331
2026-05-25,2026-05-25 11:12:22,V030,75.0,1.0114940850311704
2026-05-25,2026-05-25 11:12:23,V030,75.0,1.0119786177648682
2026-05-25,2026-05-25 11:12:24,V030,75.0,1.0122989708425874
2026-05-25,2026-05-25 11:12:25,V030,76.0,1.0113862799094469
2026-05-25,2026-05-25 11:12:26,V030,76.0,1.012849542659918
2026-05-25,2026-05-25 11:12:27,V030,76.0,1.0126841285897885
2026-05-25,2026-05-25 11:12:28,V030,76.0,1.0116656870096077
2026-05-25,2026-05-25 11:12:29,V030,76.0,1.0111486884104084
2026-05-25,2026-05-25 11:12:30,V030,75.0,1.0111561225244108
2026-05-25,2026-05-25 11:12:31,V030,75.0,1.0131783376219536
2026-05-25,2026-05-25 11:12:32,V030,75.0,1.0390899346986815
2026-05-25,2026-05-25 11:12:33,V030,75.0,1.011597119738787
2026-05-25,2026-05-25 11:12:34,V030,74.0,1.011833795498872
2026-05-25,2026-05-25 11:12:35,V030,74.0,1.01215804266113
2026-05-25,2026-05-25 11:12:36,V030,73.0,1.0129702001978607
2026-05-25,2026-05-25 11:12:37,V030,73.0,1.0117225901604714
2026-05-25,2026-05-25 11:12:38,V030,74.0,1.0125949274992234
2026-05-25,2026-05-25 11:12:39,V030,74.0,1.0117148433829288
2026-05-25,2026-05-25 11:12:40,V030,74.0,1.0111478458600285
2026-05-25,2026-05-25 11:12:41,V030,73.0,1.0126356501742768
2026-05-25,2026-05-25 11:12:42,V030,73.0,1.0122795317047955
2026-05-25,2026-05-25 11:12:43,V030,73.0,1.011633651015362
2026-05-25,2026-05-25 11:12:44,V030,73.0,1.0122690291058802
2026-05-25,2026-05-25 11:12:45,V030,73.0,1.0121011327274851
2026-05-25,2026-05-25 11:12:46,V030,72.0,1.013379838857686
2026-05-25,2026-05-25 11:12:47,V030,72.0,1.0117661260609474
2026-05-25,2026-05-25 11:12:48,V030,70.0,1.0124881761289029
2026-05-25,2026-05-25 11:12:49,V030,69.0,1.0116268430581166
2026-05-25,2026-05-25 11:12:50,V030,69.0,1.0123969600456042
2026-05-25,2026-05-25 11:12:51,V030,69.0,1.0124180275370902
2026-05-25,2026-05-25 11:12:52,V030,69.0,1.012393698764251
2026-05-25,2026-05-25 11:12:53,V030,69.0,1.0123152220727034
2026-05-25,2026-05-25 11:12:54,V030,69.0,1.0128566690870737
2026-05-25,2026-05-25 11:12:55,V030,69.0,1.0123771697163075
2026-05-25,2026-05-25 11:12:56,V030,69.0,1.012028876686351
2026-05-25,2026-05-25 11:12:57,V030,69.0,1.0128656572908767
2026-05-25,2026-05-25 11:12:58,V030,69.0,1.0121046920331798
2026-05-25,2026-05-25 11:12:59,V030,69.0,1.0121591123256384
2026-05-25,2026-05-25 11:13:00,V030,69.0,1.0126436985968899
2026-05-25,2026-05-25 11:13:01,V030,69.0,1.011889549429947
2026-05-25,2026-05-25 11:13:02,V030,69.0,1.0123146258811109
2026-05-25,2026-05-25 11:13:03,V030,69.0,1.0124543029708681
2026-05-25,2026-05-25 11:13:04,V030,69.0,1.0116142005820936
2026-05-25,2026-05-25 11:13:05,V030,69.0,1.0120539168806277
2026-05-25,2026-05-25 11:13:06,V030,70.0,1.0124853109666268
2026-05-25,2026-05-25 11:13:07,V030,70.0,1.0123489106330152
2026-05-25,2026-05-25 11:13:08,V030,70.0,1.0121137285142425
2026-05-25,2026-05-25 11:13:09,V030,70.0,1.0114517062662356
2026-05-25,2026-05-25 11:13:10,V030,71.0,1.0120050127863944
2026-05-25,2026-05-25 11:13:11,V030,72.0,1.0114160270083499
2026-05-25,2026-05-25 11:13:12,V030,73.0,1.0117934946022402
2026-05-25,2026-05-25 11:13:13,V030,73.0,1.012359423034803
2026-05-25,2026-05-25 11:13:14,V030,72.0,1.0115942132141242
2026-05-25,2026-05-25 11:13:15,V030,72.0,1.0128378331243257
2026-05-25,2026-05-25 11:13:16,V030,72.0,1.0124317584840536
2026-05-25,2026-05-25 11:13:17,V030,72.0,1.012734566858325
2026-05-25,2026-05-25 11:13:18,V030,72.0,1.0130363305763874
2026-05-25,2026-05-25 11:13:19,V030,72.0,1.0123344293574879
2026-05-25,2026-05-25 11:13:20,V030,72.0,1.0126359815712287
2026-05-25,2026-05-25 11:13:21,V030,72.0,1.0112013287110788
2026-05-25,2026-05-25 11:13:22,V030,72.0,1.0121496966258237
2026-05-25,2026-05-25 11:13:23,V030,72.0,1.0123631435676457
2026-05-25,2026-05-25 11:13:24,V030,72.0,1.01237333183053
2026-05-25,2026-05-25 11:13:25,V030,72.0,1.0118151315840673
2026-05-25,2026-05-25 11:13:26,V030,73.0,1.0126305504840707
2026-05-25,2026-05-25 11:13:27,V030,73.0,1.0117930987384176
2026-05-25,2026-05-25 11:13:28,V030,73.0,1.0120924704431586
2026-05-25,2026-05-25 11:13:29,V030,73.0,1.0129296938720798
2026-05-25,2026-05-25 11:13:30,V030,73.0,1.0125307503609386
2026-05-25,2026-05-25 11:13:31,V030,74.0,1.0116277772847926
2026-05-25,2026-05-25 11:13:32,V030,74.0,1.0114950011969643
2026-05-25,2026-05-25 11:13:33,V030,74.0,1.011959777792335
2026-05-25,2026-05-25 11:13:34,V030,75.0,1.011744901301212
2026-05-25,2026-05-25 11:13:35,V030,75.0,1.0123904035096307
2026-05-25,2026-05-25 11:13:36,V030,75.0,1.0122564684329707
2026-05-25,2026-05-25 11:13:37,V030,75.0,1.0124328214418088
2026-05-25,2026-05-25 11:13:38,V030,75.0,1.0120978993392724
2026-05-25,2026-05-25 11:13:39,V030,75.0,1.0132259264671057
2026-05-25,2026-05-25 11:13:40,V030,75.0,1.0126798190486062
2026-05-25,2026-05-25 11:13:41,V030,74.0,1.0119466054394213
2026-05-25,2026-05-25 11:13:42,V030,74.0,1.0130152230911909
2026-05-25,2026-05-25 11:13:43,V030,73.0,1.0123954889552242
2026-05-25,2026-05-25 11:13:44,V030,73.0,1.0118302114591158
2026-05-25,2026-05-25 11:13:45,V030,72.0,1.0127036961921982
2026-05-25,2026-05-25 11:13:46,V030,73.0,1.0125214236378082
2026-05-25,2026-05-25 11:13:47,V030,73.0,1.012688773989685
2026-05-25,2026-05-25 11:13:48,V030,73.0,1.0121683437788067
2026-05-25,2026-05-25 11:13:49,V030,73.0,1.0122794491219618
2026-05-25,2026-05-25 11:13:50,V030,73.0,1.012292952124218
2026-05-25,2026-05-25 11:13:51,V030,73.0,1.0118421700692564
2026-05-25,2026-05-25 11:13:52,V030,74.0,1.0121047346291143
2026-05-25,2026-05-25 11:13:53,V030,74.0,1.0119411013567523
2026-05-25,2026-05-25 11:13:54,V030,74.0,1.012528861015825
2026-05-25,2026-05-25 11:13:55,V030,74.0,1.0118006154475654
2026-05-25,2026-05-25 11:13:56,V030,74.0,1.012368953488683
2026-05-25,2026-05-25 11:13:57,V030,74.0,1.012669662032556
2026-05-25,2026-05-25 11:13:58,V030,75.0,1.0118358140337227
2026-05-25,2026-05-25 11:13:59,V030,75.0,1.0118793915833915
2026-05-25,2026-05-25 11:14:00,V030,76.0,1.0124412981712951
2026-05-25,2026-05-25 11:14:01,V030,76.0,1.0122160664913291
2026-05-25,2026-05-25 11:14:02,V030,76.0,1.012021385232528
2026-05-25,2026-05-25 11:14:03,V030,77.0,1.0127344343257496
2026-05-25,2026-05-25 11:14:04,V030,77.0,1.0193648325495845
2026-05-25,2026-05-25 11:14:05,V030,77.0,1.0124185190177135
2026-05-25,2026-05-25 11:14:06,V030,77.0,1.0116792050392558
2026-05-25,2026-05-25 11:14:07,V030,77.0,1.0123902838744339
2026-05-25,2026-05-25 11:14:08,V030,78.0,1.012502225881066
2026-05-25,2026-05-25 11:14:09,V030,78.0,1.0097034127010216
2026-05-25,2026-05-25 11:14:10,V030,79.0,1.0125069773346669
2026-05-25,2026-05-25 11:14:11,V030,79.0,1.0117579579973877
2026-05-25,2026-05-25 11:14:12,V030,78.0,1.013219401271039
2026-05-25,2026-05-25 11:14:13,V030,78.0,1.0121658222283754
2026-05-25,2026-05-25 11:14:14,V030,78.0,1.011562167602525
2026-05-25,2026-05-25 11:14:15,V030,79.0,1.0140399583141912
2026-05-25,2026-05-25 11:14:16,V030,79.0,1.0115003629917234
2026-05-25,2026-05-25 11:14:17,V030,80.0,1.012909399183918
2026-05-25,2026-05-25 11:14:18,V030,81.0,1.011965560409874
2026-05-25,2026-05-25 11:14:19,V030,82.0,1.0117679108174902
2026-05-25,2026-05-25 11:14:20,V030,82.0,1.011928419837102
2026-05-25,2026-05-25 11:14:21,V030,83.0,1.0124250443979175
2026-05-25,2026-05-25 11:14:22,V030,83.0,1.0121043981035014
2026-05-25,2026-05-25 11:14:23,V030,83.0,1.009598589087033
2026-05-25,2026-05-25 11:14:24,V030,83.0,1.0134107534874748
2026-05-25,2026-05-25 11:14:25,V030,83.0,1.0090293255557226
2026-05-25,2026-05-25 11:14:26,V030,82.0,1.0124076548982672
2026-05-25,2026-05-25 11:14:27,V030,82.0,1.0121427307756905
2026-05-25,2026-05-25 11:14:28,V030,82.0,1.0123100924333286
2026-05-25,2026-05-25 11:14:29,V030,82.0,1.0118529900340008
2026-05-25,2026-05-25 11:14:30,V030,82.0,1.0099107821942066
2026-05-25,2026-05-25 11:14:31,V030,82.0,1.0127469480916562
2026-05-25,2026-05-25 11:14:32,V030,82.0,1.0123233732792885
2026-05-25,2026-05-25 11:14:33,V030,82.0,1.0115979299095565
2026-05-25,2026-05-25 11:14:34,V030,82.0,1.0100918452170415
2026-05-25,2026-05-25 11:14:35,V030,82.0,1.011340555253978
2026-05-25,2026-05-25 11:14:36,V030,82.0,1.0162171626353238
2026-05-25,2026-05-25 11:14:37,V030,82.0,1.0103308409675218
2026-05-25,2026-05-25 11:14:38,V030,82.0,1.0166816133145846
2026-05-25,2026-05-25 11:14:39,V030,82.0,1.013747264665758
2026-05-25,2026-05-25 11:14:40,V030,82.0,1.0118909384971324
2026-05-25,2026-05-25 11:14:41,V030,82.0,1.0138690950040645
2026-05-25,2026-05-25 11:14:42,V030,82.0,1.013090851660501
2026-05-25,2026-05-25 11:14:43,V030,82.0,1.012651060805678
2026-05-25,2026-05-25 11:14:44,V030,82.0,1.012259549066491
2026-05-25,2026-05-25 11:14:45,V030,82.0,1.011351224189255
2026-05-25,2026-05-25 11:14:46,V030,82.0,1.0120164503162032
2026-05-25,2026-05-25 11:14:47,V030,81.0,1.0129577814789057
2026-05-25,2026-05-25 11:14:48,V030,81.0,1.0104954436345872
2026-05-25,2026-05-25 11:14:49,V030,81.0,1.011791512816268
2026-05-25,2026-05-25 11:14:50,V030,81.0,1.004359512864908
2026-05-25,2026-05-25 11:14:51,V030,81.0,1.0116375369826192
2026-05-25,2026-05-25 11:14:52,V030,81.0,1.012085556428936
2026-05-25,2026-05-25 11:14:53,V030,82.0,1.011749126142642
2026-05-25,2026-05-25 11:14:54,V030,81.0,1.0125669274043092
2026-05-25,2026-05-25 11:14:55,V030,81.0,1.0146675317847793
2026-05-25,2026-05-25 11:14:56,V030,81.0,1.0123144782702367
2026-05-25,2026-05-25 11:14:57,V030,81.0,1.010903685206764
2026-05-25,2026-05-25 11:14:58,V030,81.0,1.0120923610154695
2026-05-25,2026-05-25 11:14:59,V030,81.0,1.0117476473945635
2026-05-25,2026-05-25 11:15:00,V030,81.0,1.0137061408929116
2026-05-25,2026-05-25 11:15:01,V030,80.0,1.0134364412426031
2026-05-25,2026-05-25 11:15:02,V030,79.0,1.0122752564774895
2026-05-25,2026-05-25 11:15:03,V030,78.0,1.0147585228139295
2026-05-25,2026-05-25 11:15:04,V030,78.0,1.0117504052807202
2026-05-25,2026-05-25 11:15:05,V030,79.0,1.0096888471311618
2026-05-25,2026-05-25 11:15:06,V030,79.0,1.0121776028558156
2026-05-25,2026-05-25 11:15:07,V030,78.0,1.011533327932462
2026-05-25,2026-05-25 11:15:08,V030,78.0,1.0128588396844125
2026-05-25,2026-05-25 11:15:09,V030,78.0,1.0121360385229186
2026-05-25,2026-05-25 11:15:10,V030,78.0,1.0124944029870555
2026-05-25,2026-05-25 11:15:11,V030,78.0,1.0126313853024733
2026-05-25,2026-05-25 11:15:12,V030,78.0,1.0111380304202724
2026-05-25,2026-05-25 11:15:13,V030,78.0,1.0129541595606046
2026-05-25,2026-05-25 11:15:14,V030,78.0,1.0121770039298181
2026-05-25,2026-05-25 11:15:15,V030,78.0,1.0109671012360697
2026-05-25,2026-05-25 11:15:16,V030,77.0,1.0137026302358685
2026-05-25,2026-05-25 11:15:17,V030,77.0,1.0124027705400422
2026-05-25,2026-05-25 11:15:18,V030,77.0,1.0199478906099424
2026-05-25,2026-05-25 11:15:19,V030,76.0,1.0080693557701232
2026-05-25,2026-05-25 11:15:20,V030,76.0,1.0134868093595986
2026-05-25,2026-05-25 11:15:21,V030,76.0,1.0161985052892892
2026-05-25,2026-05-25 11:15:22,V030,75.0,1.015089722749785
2026-05-25,2026-05-25 11:15:23,V030,75.0,1.0119044635007648
2026-05-25,2026-05-25 11:15:24,V030,75.0,1.0125624820401946
2026-05-25,2026-05-25 11:15:25,V030,75.0,1.012013833476
2026-05-25,2026-05-25 11:15:26,V030,75.0,1.0109984635058842
2026-05-25,2026-05-25 11:15:27,V030,75.0,1.0137656463232683
2026-05-25,2026-05-25 11:15:28,V030,75.0,1.0118643567881653
2026-05-25,2026-05-25 11:15:29,V030,74.0,1.0110592458511318
2026-05-25,2026-05-25 11:15:30,V030,74.0,1.0177622243029327
2026-05-25,2026-05-25 11:15:31,V030,75.0,1.0140494858056386
2026-05-25,2026-05-25 11:15:32,V030,75.0,1.0126719789604752
2026-05-25,2026-05-25 11:15:33,V030,75.0,1.0125240694070239
2026-05-25,2026-05-25 11:15:34,V030,75.0,1.0120006526762362
2026-05-25,2026-05-25 11:15:35,V030,75.0,1.0085445103433999
2026-05-25,2026-05-25 11:15:36,V030,75.0,1.0122054233992777
2026-05-25,2026-05-25 11:15:37,V030,76.0,1.012142294366614
2026-05-25,2026-05-25 11:15:38,V030,76.0,1.0123489671333743
2026-05-25,2026-05-25 11:15:39,V030,76.0,1.012122571436642
2026-05-25,2026-05-25 11:15:40,V030,77.0,1.0129804220240386
2026-05-25,2026-05-25 11:15:41,V030,77.0,1.0108701414167827
2026-05-25,2026-05-25 11:15:42,V030,77.0,1.012287086424586
2026-05-25,2026-05-25 11:15:43,V030,77.0,1.011514759196712
2026-05-25,2026-05-25 11:15:44,V030,77.0,1.0132072245616532
2026-05-25,2026-05-25 11:15:45,V030,76.0,1.0135634448278112
2026-05-25,2026-05-25 11:15:46,V030,76.0,1.011171297159823
2026-05-25,2026-05-25 11:15:47,V030,75.0,1.0123705290948246
2026-05-25,2026-05-25 11:15:48,V030,75.0,1.0127332773290953
2026-05-25,2026-05-25 11:15:49,V030,75.0,1.0119478539702524
2026-05-25,2026-05-25 11:15:50,V030,75.0,1.0136599072888817
2026-05-25,2026-05-25 11:15:51,V030,75.0,1.0120314599741291
2026-05-25,2026-05-25 11:15:52,V030,75.0,1.0125424739013105
2026-05-25,2026-05-25 11:15:53,V030,75.0,1.0124244967776383
2026-05-25,2026-05-25 11:15:54,V030,75.0,1.0129359593272658
2026-05-25,2026-05-25 11:15:55,V030,75.0,1.013108119618237
2026-05-25,2026-05-25 11:15:56,V030,76.0,1.013875783265259
2026-05-25,2026-05-25 11:15:57,V030,76.0,1.0128672980249736
2026-05-25,2026-05-25 11:15:58,V030,76.0,1.0123717295731542
2026-05-25,2026-05-25 11:15:59,V030,77.0,1.0145688383247504
2026-05-25,2026-05-25 11:16:00,V030,76.0,1.0131169969395033
2026-05-25,2026-05-25 11:16:01,V030,76.0,1.0110992188107855
2026-05-25,2026-05-25 11:16:02,V030,76.0,1.0096379295555689
2026-05-25,2026-05-25 11:16:03,V030,76.0,1.0124691376700585
2026-05-25,2026-05-25 11:16:04,V030,76.0,1.0120110103361892
2026-05-25,2026-05-25 11:16:05,V030,76.0,1.0124122369957311
2026-05-25,2026-05-25 11:16:06,V030,76.0,1.0127136172774402
2026-05-25,2026-05-25 11:16:07,V030,77.0,1.011917483493102
2026-05-25,2026-05-25 11:16:08,V030,77.0,1.012974645501082
2026-05-25,2026-05-25 11:16:09,V030,78.0,1.0142832349480944
2026-05-25,2026-05-25 11:16:10,V030,77.0,1.0115841128144525
2026-05-25,2026-05-25 11:16:11,V030,77.0,1.012656471922471
2026-05-25,2026-05-25 11:16:12,V030,76.0,1.0124335433877176
2026-05-25,2026-05-25 11:16:13,V030,76.0,1.0124803460589558
2026-05-25,2026-05-25 11:16:14,V030,76.0,1.0142704252423471
2026-05-25,2026-05-25 11:16:15,V030,76.0,1.0130987361464359
2026-05-25,2026-05-25 11:16:16,V030,76.0,1.011860003451499
2026-05-25,2026-05-25 11:16:17,V030,76.0,1.0130299942236702
2026-05-25,2026-05-25 11:16:18,V030,75.0,1.013670869301025
2026-05-25,2026-05-25 11:16:19,V030,75.0,1.0158522302539381
2026-05-25,2026-05-25 11:16:20,V030,75.0,1.0127244812584242
2026-05-25,2026-05-25 11:16:21,V030,75.0,1.0126901972758442
2026-05-25,2026-05-25 11:16:22,V030,75.0,1.0103091165846274
2026-05-25,2026-05-25 11:16:23,V030,75.0,1.0401473920851672
2026-05-25,2026-05-25 11:16:24,V030,75.0,1.0894319680568376
2026-05-25,2026-05-25 11:16:25,V030,75.0,1.0331845151324204
2026-05-25,2026-05-25 11:16:26,V030,75.0,1.0419426314983011
2026-05-25,2026-05-25 11:16:27,V030,74.0,1.0147640009969614
2026-05-25,2026-05-25 11:16:28,V030,73.0,1.0512053254532745
2026-05-25,2026-05-25 11:16:29,V030,73.0,1.011951836457814
2026-05-25,2026-05-25 11:16:30,V030,73.0,0.9925892278591381
2026-05-25,2026-05-25 11:16:31,V030,73.0,1.017016773010092
2026-05-25,2026-05-25 11:16:32,V030,73.0,1.038374089574399
2026-05-25,2026-05-25 11:16:33,V030,74.0,1.1118485312841242
2026-05-25,2026-05-25 11:16:34,V030,75.0,0.9916730854245456
2026-05-25,2026-05-25 11:16:35,V030,75.0,1.0301900848171708
2026-05-25,2026-05-25 11:16:36,V030,75.0,1.0056715738999942
2026-05-25,2026-05-25 11:16:37,V030,75.0,0.9680242735713743
2026-05-25,2026-05-25 11:16:38,V030,76.0,1.0163771590438389
2026-05-25,2026-05-25 11:16:39,V030,76.0,1.0329740251348691
2026-05-25,2026-05-25 11:16:40,V030,76.0,0.946830678507683
2026-05-25,2026-05-25 11:16:41,V030,76.0,1.0047585844583744
2026-05-25,2026-05-25 11:16:42,V030,77.0,0.9839907404650032
2026-05-25,2026-05-25 11:16:43,V030,78.0,1.033794446480625
2026-05-25,2026-05-25 11:16:44,V030,80.0,1.0008994937492592
2026-05-25,2026-05-25 11:16:45,V030,81.0,0.9089782137645261
2026-05-25,2026-05-25 11:16:46,V030,83.0,1.1310384905487478
2026-05-25,2026-05-25 11:16:47,V030,84.0,1.1611608996693463
2026-05-25,2026-05-25 11:16:48,V030,85.0,1.0739865665976138
2026-05-25,2026-05-25 11:16:49,V030,86.0,0.9958136631653833
2026-05-25,2026-05-25 11:16:50,V030,87.0,0.9873454848850687
2026-05-25,2026-05-25 11:16:51,V030,87.0,1.0280795643292566
2026-05-25,2026-05-25 11:16:52,V030,88.0,1.0341459407201503
2026-05-25,2026-05-25 11:16:53,V030,89.0,1.0583515061409776
2026-05-25,2026-05-25 11:16:54,V030,89.0,1.0416488002163342
2026-05-25,2026-05-25 11:16:55,V030,89.0,1.0413325880555486
2026-05-25,2026-05-25 11:16:56,V030,89.0,1.0575985739990674
2026-05-25,2026-05-25 11:16:57,V030,91.0,1.0206475277892029
2026-05-25,2026-05-25 11:16:58,V030,92.0,1.0722216952882513
2026-05-25,2026-05-25 11:16:59,V030,92.0,1.0035555361677717
2026-05-25,2026-05-25 11:17:00,V030,92.0,1.0457163405748295
2026-05-25,2026-05-25 11:17:01,V030,92.0,1.0677295215263682
2026-05-25,2026-05-25 11:17:02,V030,91.0,1.0166049382724527
2026-05-25,2026-05-25 11:17:03,V030,91.0,1.021865992890909
2026-05-25,2026-05-25 11:17:04,V030,92.0,1.0381854926307448
2026-05-25,2026-05-25 11:17:05,V030,92.0,0.9889900034457815
2026-05-25,2026-05-25 11:17:06,V030,93.0,1.026319040769729
2026-05-25,2026-05-25 11:17:07,V030,93.0,1.1575609315323063
2026-05-25,2026-05-25 11:17:08,V030,94.0,1.0232457755481772
2026-05-25,2026-05-25 11:17:09,V030,95.0,1.085273519919657
2026-05-25,2026-05-25 11:17:10,V030,95.0,1.0124966789284309
2026-05-25,2026-05-25 11:17:11,V030,95.0,1.0463056255220742
2026-05-25,2026-05-25 11:17:12,V030,95.0,1.0344187019277238
2026-05-25,2026-05-25 11:17:13,V030,95.0,1.0037894440397745
2026-05-25,2026-05-25 11:17:14,V030,95.0,0.9938639878306655
2026-05-25,2026-05-25 11:17:15,V030,95.0,0.9953655954844655
2026-05-25,2026-05-25 11:17:16,V030,95.0,1.0172966007244801
2026-05-25,2026-05-25 11:17:17,V030,95.0,1.0135208844613417
2026-05-25,2026-05-25 11:17:18,V030,96.0,1.0477012444940987
2026-05-25,2026-05-25 11:17:19,V030,96.0,1.0181438992368645
2026-05-25,2026-05-25 11:17:20,V030,96.0,1.0119461262371525
2026-05-25,2026-05-25 11:17:21,V030,97.0,1.0086032198774262
2026-05-25,2026-05-25 11:17:22,V030,97.0,1.0299450511079236
2026-05-25,2026-05-25 11:17:23,V030,97.0,1.0038113594499423
2026-05-25,2026-05-25 11:17:24,V030,98.0,1.0418459329603709
2026-05-25,2026-05-25 11:17:25,V030,98.0,1.0030780914052946
2026-05-25,2026-05-25 11:17:26,V030,97.0,0.972885568022354
2026-05-25,2026-05-25 11:17:27,V030,97.0,0.9740655349202748
2026-05-25,2026-05-25 11:17:28,V030,97.0,1.011815313547453
2026-05-25,2026-05-25 11:17:29,V030,97.0,0.9774922727282922
2026-05-25,2026-05-25 11:17:30,V030,98.0,0.9927611802260614
2026-05-25,2026-05-25 11:17:31,V030,98.0,1.0469153074766788
2026-05-25,2026-05-25 11:17:32,V030,98.0,1.0928325213292804
2026-05-25,2026-05-25 11:17:33,V030,98.0,0.9860986161732295
2026-05-25,2026-05-25 11:17:34,V030,98.0,0.9997005626903788
2026-05-25,2026-05-25 11:17:35,V030,98.0,1.0015292556389317
2026-05-25,2026-05-25 11:17:36,V030,98.0,1.0052722593244219
2026-05-25,2026-05-25 11:17:37,V030,98.0,0.9838819544705658
2026-05-25,2026-05-25 11:17:38,V030,98.0,0.9788819573962759
2026-05-25,2026-05-25 11:17:39,V030,98.0,1.009797558841491
2026-05-25,2026-05-25 11:17:40,V030,98.0,1.0040344585348162
2026-05-25,2026-05-25 11:17:41,V030,98.0,1.083790719449313
2026-05-25,2026-05-25 11:17:42,V030,98.0,1.083095130056442
2026-05-25,2026-05-25 11:17:43,V030,98.0,1.0917522147923182
2026-05-25,2026-05-25 11:17:44,V030,98.0,1.0164165943686063
2026-05-25,2026-05-25 11:17:45,V030,98.0,1.073589392330165
2026-05-25,2026-05-25 11:17:46,V030,98.0,1.0350436587920189
2026-05-25,2026-05-25 11:17:47,V030,98.0,1.0273236042377203
2026-05-25,2026-05-25 11:17:48,V030,98.0,1.0282821916836276
2026-05-25,2026-05-25 11:17:49,V030,99.0,1.031848872962392
2026-05-25,2026-05-25 11:17:50,V030,99.0,1.0363629100976015
2026-05-25,2026-05-25 11:17:51,V030,99.0,0.9924310458763386
2026-05-25,2026-05-25 11:17:52,V030,98.0,1.0854432900127078
2026-05-25,2026-05-25 11:17:53,V030,98.0,1.0294691482093923
2026-05-25,2026-05-25 11:17:54,V030,99.0,1.0351020386201952
2026-05-25,2026-05-25 11:17:55,V030,99.0,1.2017235007068825
2026-05-25,2026-05-25 11:17:56,V030,99.0,1.1428662897131476
2026-05-25,2026-05-25 11:17:57,V030,99.0,1.0349539008385809
2026-05-25,2026-05-25 11:17:58,V030,100.0,1.0424453189328797
2026-05-25,2026-05-25 11:17:59,V030,100.0,1.1039838563397644
2026-05-25,2026-05-25 11:18:00,V030,101.0,1.0173871007773374
2026-05-25,2026-05-25 11:18:01,V030,102.0,0.9899142547235715
2026-05-25,2026-05-25 11:18:02,V030,102.0,1.0088167043273353
2026-05-25,2026-05-25 11:18:03,V030,103.0,1.0120571689842723
2026-05-25,2026-05-25 11:18:04,V030,103.0,1.0682548757682144
2026-05-25,2026-05-25 11:18:05,V030,104.0,1.0617019258693965
2026-05-25,2026-05-25 11:18:06,V030,104.0,1.5345371224718218
2026-05-25,2026-05-25 11:18:07,V030,105.0,2.0175686531418178
2026-05-25,2026-05-25 11:18:08,V030,105.0,1.0092979839372325
2026-05-25,2026-05-25 11:18:09,V030,105.0,1.0502264176875655
2026-05-25,2026-05-25 11:18:10,V030,105.0,1.0079676506071429
2026-05-25,2026-05-25 11:18:11,V030,105.0,1.2529874672714316
2026-05-25,2026-05-25 11:18:12,V030,105.0,1.1075549774514692
2026-05-25,2026-05-25 11:18:13,V030,105.0,1.1652098730327833
2026-05-25,2026-05-25 11:18:14,V030,105.0,1.0489512563159615
2026-05-25,2026-05-25 11:18:15,V030,105.0,1.105576438860085
2026-05-25,2026-05-25 11:18:16,V030,105.0,1.0403530039580278
2026-05-25,2026-05-25 11:18:17,V030,106.0,1.016423520889134
2026-05-25,2026-05-25 11:18:18,V030,105.0,1.019854769871755
2026-05-25,2026-05-25 11:18:19,V030,104.0,1.5771954683955232
2026-05-25,2026-05-25 11:18:20,V030,103.0,1.0402913935377927
2026-05-25,2026-05-25 11:18:21,V030,103.0,1.0300063823686583
2026-05-25,2026-05-25 11:18:22,V030,102.0,1.0178226554476164
2026-05-25,2026-05-25 11:18:23,V030,101.0,0.9968786093373255
2026-05-25,2026-05-25 11:18:24,V030,100.0,0.9827499999888536
2026-05-25,2026-05-25 11:18:25,V030,96.0,0.9863689186022577
2026-05-25,2026-05-25 11:18:26,V030,93.0,0.9697634353618999
2026-05-25,2026-05-25 11:18:27,V030,93.0,0.9690838060746741
2026-05-25,2026-05-25 11:18:28,V030,94.0,1.0203215056114328
2026-05-25,2026-05-25 11:18:29,V030,95.0,1.0072897601143715
2026-05-25,2026-05-25 11:18:30,V030,95.0,1.0019205011607655
2026-05-25,2026-05-25 11:18:31,V030,95.0,0.9932104072682842
2026-05-25,2026-05-25 11:18:32,V030,95.0,0.9381650134631435
2026-05-25,2026-05-25 11:18:33,V030,95.0,1.0695084843778966
2026-05-25,2026-05-25 11:18:34,V030,96.0,1.0242095886635658
2026-05-25,2026-05-25 11:18:35,V030,96.0,1.0278457556047267
2026-05-25,2026-05-25 11:18:36,V030,96.0,1.0511445818886351
2026-05-25,2026-05-25 11:18:37,V030,97.0,1.039335406441992
2026-05-25,2026-05-25 11:18:38,V030,98.0,1.3226381212485527
2026-05-25,2026-05-25 11:18:39,V030,99.0,1.5055897145469452
2026-05-25,2026-05-25 11:18:40,V030,102.0,1.0478016451258467
2026-05-25,2026-05-25 11:18:41,V030,106.0,1.0872850008603538
2026-05-25,2026-05-25 11:18:42,V030,108.0,1.8140416509824424
2026-05-25,2026-05-25 11:18:43,V030,108.0,1.2239371986266425
2026-05-25,2026-05-25 11:18:44,V030,109.0,1.020568177913178
2026-05-25,2026-05-25 11:18:45,V030,110.0,1.0821552699467742
2026-05-25,2026-05-25 11:18:46,V030,110.0,1.0200260084353843
2026-05-25,2026-05-25 11:18:47,V030,109.0,1.0295297751987122
2026-05-25,2026-05-25 11:18:48,V030,108.0,1.1701443052843021
2026-05-25,2026-05-25 11:18:49,V030,108.0,1.0232580229399555
2026-05-25,2026-05-25 11:18:50,V030,107.0,1.0416708731429993
2026-05-25,2026-05-25 11:18:51,V030,106.0,1.0818590594139348
2026-05-25,2026-05-25 11:18:52,V030,106.0,0.9885454524877225
2026-05-25,2026-05-25 11:18:53,V030,106.0,1.014583260043621
2026-05-25,2026-05-25 11:18:54,V030,106.0,1.0107544682559957
2026-05-25,2026-05-25 11:18:55,V030,106.0,1.0082547042585441
2026-05-25,2026-05-25 11:18:56,V030,107.0,1.0467842381137513
2026-05-25,2026-05-25 11:18:57,V030,107.0,1.0118798440289754
2026-05-25,2026-05-25 11:18:58,V030,107.0,0.9734404055599439
2026-05-25,2026-05-25 11:18:59,V030,107.0,0.9755575842146728
2026-05-25,2026-05-25 11:19:00,V030,107.0,0.9738483579413223
2026-05-25,2026-05-25 11:19:01,V030,107.0,0.973614529300093
2026-05-25,2026-05-25 11:19:02,V030,107.0,0.9727564626233353
2026-05-25,2026-05-25 11:19:03,V030,107.0,0.9734898468564912
2026-05-25,2026-05-25 11:19:04,V030,108.0,0.9739618683285912
2026-05-25,2026-05-25 11:19:05,V030,110.0,0.9735165867512415
2026-05-25,2026-05-25 11:19:06,V030,111.0,0.9741518468964002
2026-05-25,2026-05-25 11:19:07,V030,111.0,0.9724313770194044
2026-05-25,2026-05-25 11:19:08,V030,112.0,0.9711125170267565
2026-05-25,2026-05-25 11:19:09,V030,113.0,0.9733207060725666
2026-05-25,2026-05-25 11:19:10,V030,113.0,0.9728046954312619
2026-05-25,2026-05-25 11:19:11,V030,113.0,0.9712279090235917
2026-05-25,2026-05-25 11:19:12,V030,113.0,0.9721048053535023
2026-05-25,2026-05-25 11:19:13,V030,113.0,0.9709720542248773
2026-05-25,2026-05-25 11:19:14,V030,113.0,0.9718815840077925
2026-05-25,2026-05-25 11:19:15,V030,113.0,0.9726703238696974
2026-05-25,2026-05-25 11:19:16,V030,113.0,0.9713091297470319
2026-05-25,2026-05-25 11:19:17,V030,112.0,0.9709473772060143
2026-05-25,2026-05-25 11:19:18,V030,112.0,0.9710909943278893
2026-05-25,2026-05-25 11:19:19,V030,112.0,0.9649080980964673
2026-05-25,2026-05-25 11:19:20,V030,112.0,1.0134068902549511
2026-05-25,2026-05-25 11:19:21,V030,112.0,0.9927386696175059
2026-05-25,2026-05-25 11:19:22,V030,112.0,0.9819125776111463
2026-05-25,2026-05-25 11:19:23,V030,113.0,1.0428013035526176
2026-05-25,2026-05-25 11:19:24,V030,113.0,0.9831553241084152
2026-05-25,2026-05-25 11:19:25,V030,113.0,0.9727269828689139
2026-05-25,2026-05-25 11:19:26,V030,112.0,0.9725269516937388
2026-05-25,2026-05-25 11:19:27,V030,112.0,0.9728029456973202
2026-05-25,2026-05-25 11:19:28,V030,112.0,0.9729632590361119
2026-05-25,2026-05-25 11:19:29,V030,112.0,0.9728931585412925
2026-05-25,2026-05-25 11:19:30,V030,112.0,0.9728920185433834
2026-05-25,2026-05-25 11:19:31,V030,112.0,0.9733399191316864
2026-05-25,2026-05-25 11:19:32,V030,111.0,0.9731890738747889
2026-05-25,2026-05-25 11:19:33,V030,110.0,0.972825370644752
2026-05-25,2026-05-25 11:19:34,V030,109.0,0.9729460310349899
2026-05-25,2026-05-25 11:19:35,V030,107.0,0.9732580511746057
2026-05-25,2026-05-25 11:19:36,V030,106.0,0.9730951555433753
2026-05-25,2026-05-25 11:19:37,V030,105.0,0.9740897260681243
2026-05-25,2026-05-25 11:19:38,V030,104.0,0.9743403230534973
2026-05-25,2026-05-25 11:19:39,V030,101.0,0.9743856535513937
2026-05-25,2026-05-25 11:19:40,V030,100.0,0.9738558952302865
2026-05-25,2026-05-25 11:19:41,V030,100.0,0.9745111520744393
2026-05-25,2026-05-25 11:19:42,V030,99.0,0.9741608280188457
2026-05-25,2026-05-25 11:19:43,V030,99.0,0.9747931904979522
2026-05-25,2026-05-25 11:19:44,V030,100.0,0.9744765634687652
2026-05-25,2026-05-25 11:19:45,V030,100.0,0.9742287385749026
2026-05-25,2026-05-25 11:19:46,V030,99.0,0.9740882974664371
2026-05-25,2026-05-25 11:19:47,V030,98.0,0.9746795126800442
2026-05-25,2026-05-25 11:19:48,V030,97.0,0.9739442571496998
2026-05-25,2026-05-25 11:19:49,V030,96.0,0.9739542589641701
2026-05-25,2026-05-25 11:19:50,V030,95.0,0.9746721780200984
2026-05-25,2026-05-25 11:19:51,V030,94.0,0.9742457717582772
2026-05-25,2026-05-25 11:19:52,V030,93.0,0.9744328265213593
2026-05-25,2026-05-25 11:19:53,V030,92.0,0.9735864025542177
2026-05-25,2026-05-25 11:19:54,V030,91.0,0.9742886458183644
2026-05-25,2026-05-25 11:19:55,V030,89.0,0.9741830519858612
2026-05-25,2026-05-25 11:19:56,V030,88.0,0.9738010774954438
2026-05-25,2026-05-25 11:19:57,V030,88.0,0.9745915824795267
2026-05-25,2026-05-25 11:19:58,V030,87.0,0.9743628831659762
2026-05-25,2026-05-25 11:19:59,V030,86.0,0.9739912847483528
2026-05-25,2026-05-25 11:20:00,V030,85.0,0.9733672353995689
2026-05-25,2026-05-25 11:20:01,V030,84.0,0.9737651334844253
2026-05-25,2026-05-25 11:20:02,V030,83.0,0.9737912010213013
2026-05-25,2026-05-25 11:20:03,V030,82.0,0.9737939092689326
2026-05-25,2026-05-25 11:20:04,V030,82.0,0.9734928320308673
2026-05-25,2026-05-25 11:20:05,V030,81.0,0.9738955960181568
2026-05-25,2026-05-25 11:20:06,V030,80.0,0.9740885036946076
2026-05-25,2026-05-25 11:20:07,V030,79.0,0.9737112292588497
2026-05-25,2026-05-25 11:20:08,V030,78.0,0.9734897130846294
2026-05-25,2026-05-25 11:20:09,V030,76.0,0.973682629384859
2026-05-25,2026-05-25 11:20:10,V030,70.0,0.9737839960926372
2026-05-25,2026-05-25 11:20:11,V030,66.0,0.9736223842114897
2026-05-25,2026-05-25 11:20:12,V030,63.0,0.9733145816165659
2026-05-25,2026-05-25 11:20:13,V030,60.0,0.9734666727904664
2026-05-25,2026-05-25 11:20:14,V030,59.0,0.9735868206836898
2026-05-25,2026-05-25 11:20:15,V030,59.0,0.9735799431945271
2026-05-25,2026-05-25 11:20:16,V030,58.0,0.973920666814215
2026-05-25,2026-05-25 11:20:17,V030,58.0,0.9738806347255099
2026-05-25,2026-05-25 11:20:18,V030,58.0,0.9733035935535833
2026-05-25,2026-05-25 11:20:19,V030,58.0,0.9733707695797976
2026-05-25,2026-05-25 11:20:20,V030,58.0,0.9729737701911787
2026-05-25,2026-05-25 11:20:21,V030,58.0,0.9735784889218844
2026-05-25,2026-05-25 11:20:22,V030,58.0,0.9728993314387628
2026-05-25,2026-05-25 11:20:23,V030,58.0,0.9723713264538769
2026-05-25,2026-05-25 11:20:24,V030,58.0,0.97224689041857
2026-05-25,2026-05-25 11:20:25,V030,57.0,0.9714576813914019
2026-05-25,2026-05-25 11:20:26,V030,57.0,0.9723840669295598
2026-05-25,2026-05-25 11:20:27,V030,57.0,0.9724400243817178
2026-05-25,2026-05-25 11:20:28,V030,57.0,0.9726105298178953
2026-05-25,2026-05-25 11:20:29,V030,58.0,0.9723075461995583
2026-05-25,2026-05-25 11:20:30,V030,58.0,0.9721152685253104
2026-05-25,2026-05-25 11:20:31,V030,58.0,0.9725191007966363
2026-05-25,2026-05-25 11:20:32,V030,58.0,0.9723083663603679
2026-05-25,2026-05-25 11:20:33,V030,59.0,0.9723358950346769
2026-05-25,2026-05-25 11:20:34,V030,59.0,0.9722314666902909
2026-05-25,2026-05-25 11:20:35,V030,59.0,0.9724045299041661
2026-05-25,2026-05-25 11:20:36,V030,60.0,0.9727566048592552
2026-05-25,2026-05-25 11:20:37,V030,61.0,0.9727903940394376
2026-05-25,2026-05-25 11:20:38,V030,60.0,0.973091682979299
2026-05-25,2026-05-25 11:20:39,V030,60.0,0.9798326602811476
2026-05-25,2026-05-25 11:20:40,V030,59.0,0.9962429714694543
2026-05-25,2026-05-25 11:20:41,V030,58.0,0.9865357535606264
2026-05-25,2026-05-25 11:20:42,V030,58.0,0.9880894474377181
2026-05-25,2026-05-25 11:20:43,V030,58.0,0.9902938310288804
2026-05-25,2026-05-25 11:20:44,V030,57.0,0.9794353089724087
2026-05-25,2026-05-25 11:20:45,V030,56.0,0.9713171936235335
2026-05-25,2026-05-25 11:20:46,V030,56.0,0.9608979995759819
2026-05-25,2026-05-25 11:20:47,V030,56.0,1.009696721230453
2026-05-25,2026-05-25 11:20:48,V030,57.0,0.9954352827793628
2026-05-25,2026-05-25 11:20:49,V030,57.0,0.9964582704487585
2026-05-25,2026-05-25 11:20:50,V030,58.0,0.9954379485022816
2026-05-25,2026-05-25 11:20:51,V030,59.0,0.9954231745798275
2026-05-25,2026-05-25 11:20:52,V030,60.0,0.9958118977303557
2026-05-25,2026-05-25 11:20:53,V030,62.0,0.995812278474817
2026-05-25,2026-05-25 11:20:54,V030,62.0,0.9962433611829128
2026-05-25,2026-05-25 11:20:55,V030,62.0,0.9951730806951102
2026-05-25,2026-05-25 11:20:56,V030,63.0,0.9956525536707289
2026-05-25,2026-05-25 11:20:57,V030,63.0,0.9960471382283345
2026-05-25,2026-05-25 11:20:58,V030,63.0,0.9964976132573696
2026-05-25,2026-05-25 11:20:59,V030,63.0,0.9956181893451473
2026-05-25,2026-05-25 11:21:00,V030,63.0,0.9956925237000199
2026-05-25,2026-05-25 11:21:01,V030,63.0,0.9849734788575074
2026-05-25,2026-05-25 11:21:02,V030,63.0,0.9881147692546868
2026-05-25,2026-05-25 11:21:03,V030,62.0,0.9966684736810971
2026-05-25,2026-05-25 11:21:04,V030,62.0,0.9964187996876754
2026-05-25,2026-05-25 11:21:05,V030,61.0,1.0080787010836159
2026-05-25,2026-05-25 11:21:06,V030,60.0,0.9891221703903256
2026-05-25,2026-05-25 11:21:07,V030,60.0,0.9719341713792905
2026-05-25,2026-05-25 11:21:08,V030,59.0,0.9798311616410175
2026-05-25,2026-05-25 11:21:09,V030,59.0,0.9778800300753219
2026-05-25,2026-05-25 11:21:10,V030,58.0,0.9766623814483502
2026-05-25,2026-05-25 11:21:11,V030,57.0,0.9751651193813009
2026-05-25,2026-05-25 11:21:12,V030,57.0,0.9771105873325567
2026-05-25,2026-05-25 11:21:13,V030,57.0,0.9787412029904283
2026-05-25,2026-05-25 11:21:14,V030,57.0,1.003455571323572
2026-05-25,2026-05-25 11:21:15,V030,56.0,0.9946823463572075
2026-05-25,2026-05-25 11:21:16,V030,56.0,1.0032686910911788
2026-05-25,2026-05-25 11:21:17,V030,56.0,0.9990641824037457
2026-05-25,2026-05-25 11:21:18,V030,56.0,0.9877765244486975
2026-05-25,2026-05-25 11:21:19,V030,56.0,0.9849371138502706
2026-05-25,2026-05-25 11:21:20,V030,56.0,1.0041586136054894
2026-05-25,2026-05-25 11:21:21,V030,57.0,1.0501511618450663
2026-05-25,2026-05-25 11:21:22,V030,58.0,0.9331116338773947
2026-05-25,2026-05-25 11:21:23,V030,59.0,1.0661336330612772
2026-05-25,2026-05-25 11:21:24,V030,59.0,0.9910421866171282
2026-05-25,2026-05-25 11:21:25,V030,59.0,1.0183008276907213
2026-05-25,2026-05-25 11:21:26,V030,59.0,0.9757317113885037
2026-05-25,2026-05-25 11:21:27,V030,59.0,0.9824128500919207
2026-05-25,2026-05-25 11:21:28,V030,59.0,0.9785954630998596
2026-05-25,2026-05-25 11:21:29,V030,59.0,0.959481056477224
2026-05-25,2026-05-25 11:21:30,V030,59.0,0.991931091194091
2026-05-25,2026-05-25 11:21:31,V030,59.0,0.9627654479174578
2026-05-25,2026-05-25 11:21:32,V030,60.0,1.0080044936923516
2026-05-25,2026-05-25 11:21:33,V030,60.0,1.0005609224528973
2026-05-25,2026-05-25 11:21:34,V030,60.0,1.0048356798019762
2026-05-25,2026-05-25 11:21:35,V030,60.0,1.1030499942133847
2026-05-25,2026-05-25 11:21:36,V030,60.0,1.012230497408326
2026-05-25,2026-05-25 11:21:37,V030,60.0,0.9652729159141721
2026-05-25,2026-05-25 11:21:38,V030,60.0,1.005913298649534
2026-05-25,2026-05-25 11:21:39,V030,61.0,0.9880876832757347
2026-05-25,2026-05-25 11:21:40,V030,62.0,1.0017080727289813
2026-05-25,2026-05-25 11:21:41,V030,62.0,1.0073015483564627
2026-05-25,2026-05-25 11:21:42,V030,62.0,1.0112860701130242
2026-05-25,2026-05-25 11:21:43,V030,63.0,1.0107802056869644
2026-05-25,2026-05-25 11:21:44,V030,65.0,1.0154464395692588
2026-05-25,2026-05-25 11:21:45,V030,66.0,1.0091150808225111
2026-05-25,2026-05-25 11:21:46,V030,68.0,1.0108188499760078
2026-05-25,2026-05-25 11:21:47,V030,69.0,1.013802789691823
2026-05-25,2026-05-25 11:21:48,V030,71.0,1.0131446238388655
2026-05-25,2026-05-25 11:21:49,V030,72.0,1.009058588659868
2026-05-25,2026-05-25 11:21:50,V030,73.0,1.007884251153218
2026-05-25,2026-05-25 11:21:51,V030,74.0,1.0164523928571778
2026-05-25,2026-05-25 11:21:52,V030,74.0,1.0115995273581553
2026-05-25,2026-05-25 11:21:53,V030,74.0,1.0054580945125853
2026-05-25,2026-05-25 11:21:54,V030,75.0,1.0051555170570567
2026-05-25,2026-05-25 11:21:55,V030,75.0,0.989863870019534
2026-05-25,2026-05-25 11:21:56,V030,75.0,0.9806725827061343
2026-05-25,2026-05-25 11:21:57,V030,75.0,0.9749476076268606
2026-05-25,2026-05-25 11:21:58,V030,75.0,0.9758363565199961
2026-05-25,2026-05-25 11:21:59,V030,75.0,0.9945154282406831
2026-05-25,2026-05-25 11:22:00,V030,74.0,1.0158877169692333
2026-05-25,2026-05-25 11:22:01,V030,73.0,0.9437757676909108
2026-05-25,2026-05-25 11:22:02,V030,73.0,1.0039728196034263
2026-05-25,2026-05-25 11:22:03,V030,73.0,0.9739609732805364
2026-05-25,2026-05-25 11:22:04,V030,73.0,0.9860850161620632
2026-05-25,2026-05-25 11:22:05,V030,72.0,0.9759798458581791
2026-05-25,2026-05-25 11:22:06,V030,72.0,0.976881389930056
2026-05-25,2026-05-25 11:22:07,V030,72.0,0.9750109513336387
2026-05-25,2026-05-25 11:22:08,V030,72.0,0.9844431190973545
2026-05-25,2026-05-25 11:22:09,V030,72.0,0.9755601147781966
2026-05-25,2026-05-25 11:22:10,V030,71.0,0.9722652767512407
2026-05-25,2026-05-25 11:22:11,V030,71.0,0.9820936215263241
2026-05-25,2026-05-25 11:22:12,V030,71.0,0.9788396661660488
2026-05-25,2026-05-25 11:22:13,V030,70.0,0.9789511708490952
2026-05-25,2026-05-25 11:22:14,V030,69.0,0.9732265952022864
2026-05-25,2026-05-25 11:22:15,V030,69.0,0.9939240038461773
2026-05-25,2026-05-25 11:22:16,V030,70.0,0.9914170283702127
2026-05-25,2026-05-25 11:22:17,V030,70.0,0.9927367125621338
2026-05-25,2026-05-25 11:22:18,V030,71.0,0.9877626101964941
2026-05-25,2026-05-25 11:22:19,V030,71.0,0.966811524719072
2026-05-25,2026-05-25 11:22:20,V030,71.0,0.9707333371136956
2026-05-25,2026-05-25 11:22:21,V030,71.0,0.9709763239845728
2026-05-25,2026-05-25 11:22:22,V030,70.0,0.9688984221705982
2026-05-25,2026-05-25 11:22:23,V030,70.0,0.9631285642972515
2026-05-25,2026-05-25 11:22:24,V030,70.0,0.970682535519361
2026-05-25,2026-05-25 11:22:25,V030,70.0,0.9736413015574428
2026-05-25,2026-05-25 11:22:26,V030,71.0,1.0592682627723766
2026-05-25,2026-05-25 11:22:27,V030,71.0,1.0020875289455562
2026-05-25,2026-05-25 11:22:28,V030,71.0,0.9903633037152487
2026-05-25,2026-05-25 11:22:29,V030,71.0,0.9567803307114526
2026-05-25,2026-05-25 11:22:30,V030,70.0,0.992697936519725
2026-05-25,2026-05-25 11:22:31,V030,69.0,1.0071647306411424
2026-05-25,2026-05-25 11:22:32,V030,68.0,0.9704426740245194
2026-05-25,2026-05-25 11:22:33,V030,68.0,1.0340307195823042
2026-05-25,2026-05-25 11:22:34,V030,67.0,0.989383578335629
2026-05-25,2026-05-25 11:22:35,V030,67.0,0.9983143988567659
2026-05-25,2026-05-25 11:22:36,V030,66.0,1.006813238291667
2026-05-25,2026-05-25 11:22:37,V030,65.0,1.02090556620922
2026-05-25,2026-05-25 11:22:38,V030,64.0,0.9320234000061416
2026-05-25,2026-05-25 11:22:39,V030,64.0,0.9912681288057277
2026-05-25,2026-05-25 11:22:40,V030,63.0,1.0255497417760975
2026-05-25,2026-05-25 11:22:41,V030,63.0,1.0030755742758426
2026-05-25,2026-05-25 11:22:42,V030,63.0,0.9662070597760778
2026-05-25,2026-05-25 11:22:43,V030,63.0,0.9886142742912108
2026-05-25,2026-05-25 11:22:44,V030,63.0,0.9767075533689444
2026-05-25,2026-05-25 11:22:45,V030,64.0,0.9489533188966703
2026-05-25,2026-05-25 11:22:46,V030,64.0,0.9879717275288233
2026-05-25,2026-05-25 11:22:47,V030,65.0,0.9546525561348337
2026-05-25,2026-05-25 11:22:48,V030,66.0,1.0827146617371095
2026-05-25,2026-05-25 11:22:49,V030,67.0,0.8965564154423825
2026-05-25,2026-05-25 11:22:50,V030,68.0,1.031887357983282
2026-05-25,2026-05-25 11:22:51,V030,70.0,0.9902454415838818
2026-05-25,2026-05-25 11:22:52,V030,72.0,0.981781163665317
2026-05-25,2026-05-25 11:22:53,V030,74.0,0.9994335350967426
2026-05-25,2026-05-25 11:22:54,V030,75.0,1.023864753715903
2026-05-25,2026-05-25 11:22:55,V030,76.0,0.9606224781879926
2026-05-25,2026-05-25 11:22:56,V030,77.0,1.0005465306620944
2026-05-25,2026-05-25 11:22:57,V030,78.0,0.915382083075228
2026-05-25,2026-05-25 11:22:58,V030,78.0,0.9645115010255692
2026-05-25,2026-05-25 11:22:59,V030,79.0,0.9962845169288471
2026-05-25,2026-05-25 11:23:00,V030,79.0,1.022739985153995
2026-05-25,2026-05-25 11:23:01,V030,79.0,1.0223864276258838
2026-05-25,2026-05-25 11:23:02,V030,79.0,1.0016539288046122
2026-05-25,2026-05-25 11:23:03,V030,79.0,1.0178464473643984
2026-05-25,2026-05-25 11:23:04,V030,79.0,0.9948721476635184
2026-05-25,2026-05-25 11:23:05,V030,79.0,0.9362466663003387
2026-05-25,2026-05-25 11:23:06,V030,79.0,1.0133011054084347
2026-05-25,2026-05-25 11:23:07,V030,79.0,1.0148499545502567
2026-05-25,2026-05-25 11:23:08,V030,79.0,0.9781178159961177
2026-05-25,2026-05-25 11:23:09,V030,79.0,0.9163532967067093
2026-05-25,2026-05-25 11:23:10,V030,79.0,1.031279730772601
2026-05-25,2026-05-25 11:23:11,V030,79.0,1.0441263019958626
2026-05-25,2026-05-25 11:23:12,V030,79.0,0.9917276110690477
2026-05-25,2026-05-25 11:23:13,V030,79.0,0.9754533762602045
2026-05-25,2026-05-25 11:23:14,V030,79.0,1.0343653513903754
2026-05-25,2026-05-25 11:23:15,V030,79.0,0.9590117504766805
2026-05-25,2026-05-25 11:23:16,V030,80.0,0.9842608198661252
2026-05-25,2026-05-25 11:23:17,V030,80.0,0.9996663751678024
2026-05-25,2026-05-25 11:23:18,V030,80.0,0.9810194652119755
2026-05-25,2026-05-25 11:23:19,V030,81.0,0.9551455810281778
2026-05-25,2026-05-25 11:23:20,V030,81.0,1.0187713003863406
2026-05-25,2026-05-25 11:23:21,V030,82.0,0.9051038942897697
2026-05-25,2026-05-25 11:23:22,V030,82.0,0.9960636847269879
2026-05-25,2026-05-25 11:23:23,V030,83.0,1.0224427630435868
2026-05-25,2026-05-25 11:23:24,V030,83.0,1.0002584719695513
2026-05-25,2026-05-25 11:23:25,V030,83.0,1.0009782615250369
2026-05-25,2026-05-25 11:23:26,V030,84.0,0.9964317712753912
2026-05-25,2026-05-25 11:23:27,V030,84.0,1.003860251573698
2026-05-25,2026-05-25 11:23:28,V030,84.0,0.9644818763811772
2026-05-25,2026-05-25 11:23:29,V030,84.0,0.9988246884375833
2026-05-25,2026-05-25 11:23:30,V030,84.0,0.9258404398515067
2026-05-25,2026-05-25 11:23:31,V030,83.0,1.0168122679100702
2026-05-25,2026-05-25 11:23:32,V030,82.0,1.0084932082219213
2026-05-25,2026-05-25 11:23:33,V030,82.0,1.0002619291624053
2026-05-25,2026-05-25 11:23:34,V030,80.0,0.9911929563442679
2026-05-25,2026-05-25 11:23:35,V030,77.0,0.9878614111148042
2026-05-25,2026-05-25 11:23:36,V030,76.0,0.9919691364213145
2026-05-25,2026-05-25 11:23:37,V030,76.0,0.9753065694300186
2026-05-25,2026-05-25 11:23:38,V030,75.0,0.9951998160465881
2026-05-25,2026-05-25 11:23:39,V030,75.0,0.9718873725259004
2026-05-25,2026-05-25 11:23:40,V030,75.0,0.9003306943954292
2026-05-25,2026-05-25 11:23:41,V030,75.0,1.0032738690763319
2026-05-25,2026-05-25 11:23:42,V030,75.0,0.9970490198935437
2026-05-25,2026-05-25 11:23:43,V030,75.0,0.9642065858101447
2026-05-25,2026-05-25 11:23:44,V030,76.0,1.0499859007848202
2026-05-25,2026-05-25 11:23:45,V030,76.0,1.0205823955303523
2026-05-25,2026-05-25 11:23:46,V030,77.0,1.000869491960498
2026-05-25,2026-05-25 11:23:47,V030,78.0,0.9894836695604005
2026-05-25,2026-05-25 11:23:48,V030,78.0,0.9842860305152717
2026-05-25,2026-05-25 11:23:49,V030,79.0,1.0022859374316706
2026-05-25,2026-05-25 11:23:50,V030,80.0,0.9842164309538874
2026-05-25,2026-05-25 11:23:51,V030,80.0,0.9789273610725325
2026-05-25,2026-05-25 11:23:52,V030,81.0,0.9680365192310255
2026-05-25,2026-05-25 11:23:53,V030,81.0,0.9682651967177548
2026-05-25,2026-05-25 11:23:54,V030,82.0,0.9858910368219156
2026-05-25,2026-05-25 11:23:55,V030,82.0,0.9701722322931347
2026-05-25,2026-05-25 11:23:56,V030,82.0,1.0040673662305426
2026-05-25,2026-05-25 11:23:57,V030,82.0,0.9943248109783087
2026-05-25,2026-05-25 11:23:58,V030,81.0,0.9831330002105049
2026-05-25,2026-05-25 11:23:59,V030,81.0,0.9857670946488516
2026-05-25,2026-05-25 11:24:00,V030,81.0,1.0062952734644346
2026-05-25,2026-05-25 11:24:01,V030,80.0,0.9953652534730519
2026-05-25,2026-05-25 11:24:02,V030,80.0,0.9824925733202049
2026-05-25,2026-05-25 11:24:03,V030,79.0,0.9911073119698189
2026-05-25,2026-05-25 11:24:04,V030,79.0,0.9562184942868922
2026-05-25,2026-05-25 11:24:05,V030,78.0,0.9679175810250732
2026-05-25,2026-05-25 11:24:06,V030,78.0,0.9864453134222211
2026-05-25,2026-05-25 11:24:07,V030,77.0,0.9832885936479946
2026-05-25,2026-05-25 11:24:08,V030,77.0,1.0607796206009088
2026-05-25,2026-05-25 11:24:09,V030,77.0,1.0786260775703047
2026-05-25,2026-05-25 11:24:10,V030,76.0,0.9927305159687727
2026-05-25,2026-05-25 11:24:11,V030,76.0,1.1220403911760486
2026-05-25,2026-05-25 11:24:12,V030,76.0,0.9916665024649949
2026-05-25,2026-05-25 11:24:13,V030,75.0,1.0211013512000966
2026-05-25,2026-05-25 11:24:14,V030,74.0,1.0057401437184408
2026-05-25,2026-05-25 11:24:15,V030,74.0,1.0018558396215438
2026-05-25,2026-05-25 11:24:16,V030,74.0,0.9891921082390868
2026-05-25,2026-05-25 11:24:17,V030,73.0,1.0079489510691326
2026-05-25,2026-05-25 11:24:18,V030,72.0,1.0012377107801886
2026-05-25,2026-05-25 11:24:19,V030,72.0,0.9868404042217377
2026-05-25,2026-05-25 11:24:20,V030,72.0,0.9927919537338927
2026-05-25,2026-05-25 11:24:21,V030,72.0,0.994818445397152
2026-05-25,2026-05-25 11:24:22,V030,73.0,1.0028554541016295
2026-05-25,2026-05-25 11:24:23,V030,73.0,0.9848514779991279
2026-05-25,2026-05-25 11:24:24,V030,74.0,0.9818215472443634
2026-05-25,2026-05-25 11:24:25,V030,77.0,0.9983037785521708
2026-05-25,2026-05-25 11:24:26,V030,78.0,0.9976561606490116
2026-05-25,2026-05-25 11:24:27,V030,78.0,0.9843079917342918
2026-05-25,2026-05-25 11:24:28,V030,79.0,0.9862648109234504
2026-05-25,2026-05-25 11:24:29,V030,80.0,0.9901232007833146
2026-05-25,2026-05-25 11:24:30,V030,81.0,0.9875988312371279
2026-05-25,2026-05-25 11:24:31,V030,81.0,0.9778547635598154
2026-05-25,2026-05-25 11:24:32,V030,81.0,0.9963899151801651
2026-05-25,2026-05-25 11:24:33,V030,81.0,0.9912287714959859
2026-05-25,2026-05-25 11:24:34,V030,81.0,0.9971380508320192
2026-05-25,2026-05-25 11:24:35,V030,81.0,0.9832478835510996
2026-05-25,2026-05-25 11:24:36,V030,80.0,1.003796632781142
2026-05-25,2026-05-25 11:24:37,V030,79.0,0.9931229482519478
2026-05-25,2026-05-25 11:24:38,V030,79.0,0.9817823125025046
2026-05-25,2026-05-25 11:24:39,V030,79.0,0.9782293663171405
2026-05-25,2026-05-25 11:24:40,V030,78.0,0.9684629062501111
2026-05-25,2026-05-25 11:24:41,V030,78.0,0.9416722138648914
2026-05-25,2026-05-25 11:24:42,V030,78.0,1.071768809752072
2026-05-25,2026-05-25 11:24:43,V030,78.0,1.0296317449422416
2026-05-25,2026-05-25 11:24:44,V030,78.0,0.9792869909464466
2026-05-25,2026-05-25 11:24:45,V030,78.0,1.0408374929906719
2026-05-25,2026-05-25 11:24:46,V030,78.0,1.0034326675164917
2026-05-25,2026-05-25 11:24:47,V030,78.0,0.99043676996461
2026-05-25,2026-05-25 11:24:48,V030,78.0,1.0360033043269914
2026-05-25,2026-05-25 11:24:49,V030,78.0,1.0375402633705244
2026-05-25,2026-05-25 11:24:50,V030,78.0,0.9899681745445362
2026-05-25,2026-05-25 11:24:51,V030,79.0,1.0143476522191064
2026-05-25,2026-05-25 11:24:52,V030,79.0,1.0265714279209357
2026-05-25,2026-05-25 11:24:53,V030,79.0,0.9936928442433735
2026-05-25,2026-05-25 11:24:54,V030,79.0,0.9637315344960955
2026-05-25,2026-05-25 11:24:55,V030,79.0,0.979377408765708
2026-05-25,2026-05-25 11:24:56,V030,79.0,0.9759403205586301
2026-05-25,2026-05-25 11:24:57,V030,79.0,0.97949171714225
2026-05-25,2026-05-25 11:24:58,V030,79.0,0.9960639762244354
2026-05-25,2026-05-25 11:24:59,V030,79.0,0.9879934634935351
2026-05-25,2026-05-25 11:25:00,V030,79.0,0.9695986296333025
2026-05-25,2026-05-25 11:25:01,V030,79.0,0.9649297384450797
2026-05-25,2026-05-25 11:25:02,V030,79.0,1.0006818325606575
2026-05-25,2026-05-25 11:25:03,V030,79.0,0.9744030077319294
2026-05-25,2026-05-25 11:25:04,V030,80.0,1.0057132188058022
2026-05-25,2026-05-25 11:25:05,V030,80.0,0.9968991870650754
2026-05-25,2026-05-25 11:25:06,V030,81.0,1.0134598391687346
2026-05-25,2026-05-25 11:25:07,V030,81.0,0.9931471220316139
2026-05-25,2026-05-25 11:25:08,V030,82.0,1.0086888335129265
2026-05-25,2026-05-25 11:25:09,V030,82.0,0.9866052546772401
2026-05-25,2026-05-25 11:25:10,V030,82.0,1.0047207660430724
2026-05-25,2026-05-25 11:25:11,V030,82.0,0.9970812295980086
2026-05-25,2026-05-25 11:25:12,V030,81.0,0.9992574813364123
2026-05-25,2026-05-25 11:25:13,V030,81.0,0.9872714965506577
2026-05-25,2026-05-25 11:25:14,V030,81.0,1.017865371273896
2026-05-25,2026-05-25 11:25:15,V030,81.0,1.0017136104334323
2026-05-25,2026-05-25 11:25:16,V030,80.0,0.9992817150883199
2026-05-25,2026-05-25 11:25:17,V030,80.0,1.0036675359752802
2026-05-25,2026-05-25 11:25:18,V030,79.0,0.9937332701269875
2026-05-25,2026-05-25 11:25:19,V030,79.0,1.02237524655289
2026-05-25,2026-05-25 11:25:20,V030,78.0,1.030507649169217
2026-05-25,2026-05-25 11:25:21,V030,78.0,1.0067647551258416
2026-05-25,2026-05-25 11:25:22,V030,77.0,1.020723579547806
2026-05-25,2026-05-25 11:25:23,V030,76.0,1.026225571761433
2026-05-25,2026-05-25 11:25:24,V030,76.0,1.008436657152178
2026-05-25,2026-05-25 11:25:25,V030,76.0,1.0054692024458975
2026-05-25,2026-05-25 11:25:26,V030,76.0,1.0135161381398752
2026-05-25,2026-05-25 11:25:27,V030,76.0,0.9959780500600874
2026-05-25,2026-05-25 11:25:28,V030,76.0,1.0065804967271117
2026-05-25,2026-05-25 11:25:29,V030,77.0,1.0060610720058836
2026-05-25,2026-05-25 11:25:30,V030,76.0,1.0083583732313128
2026-05-25,2026-05-25 11:25:31,V030,76.0,1.0125867413982104
2026-05-25,2026-05-25 11:25:32,V030,77.0,1.0369385929968973
2026-05-25,2026-05-25 11:25:33,V030,77.0,1.017091473191306
2026-05-25,2026-05-25 11:25:34,V030,78.0,1.010863887700146
2026-05-25,2026-05-25 11:25:35,V030,79.0,1.0310149382537044
2026-05-25,2026-05-25 11:25:36,V030,79.0,0.9898861929396582
2026-05-25,2026-05-25 11:25:37,V030,79.0,1.0202656828515606
2026-05-25,2026-05-25 11:25:38,V030,79.0,0.9844734497253105
2026-05-25,2026-05-25 11:25:39,V030,79.0,0.992567391557295
2026-05-25,2026-05-25 11:25:40,V030,79.0,1.0013643121166098
2026-05-25,2026-05-25 11:25:41,V030,78.0,1.0125784009337715
2026-05-25,2026-05-25 11:25:42,V030,78.0,1.0436242812854428
2026-05-25,2026-05-25 11:25:43,V030,78.0,0.9968420643297643
2026-05-25,2026-05-25 11:25:44,V030,78.0,0.9750623689920385
2026-05-25,2026-05-25 11:25:45,V030,78.0,1.0073176483355744
2026-05-25,2026-05-25 11:25:46,V030,78.0,0.9871849922136239
2026-05-25,2026-05-25 11:25:47,V030,78.0,1.0225453901717854
2026-05-25,2026-05-25 11:25:48,V030,78.0,0.9785341295676095
2026-05-25,2026-05-25 11:25:49,V030,78.0,0.9871950722048983
2026-05-25,2026-05-25 11:25:50,V030,78.0,0.9895498898434786
2026-05-25,2026-05-25 11:25:51,V030,78.0,0.9784163162580066
2026-05-25,2026-05-25 11:25:52,V030,78.0,0.9987522285100607
2026-05-25,2026-05-25 11:25:53,V030,78.0,0.9934739964553316
2026-05-25,2026-05-25 11:25:54,V030,78.0,0.9643329193984218
2026-05-25,2026-05-25 11:25:55,V030,78.0,0.9648385134535246
2026-05-25,2026-05-25 11:25:56,V030,78.0,0.9689807591730107
2026-05-25,2026-05-25 11:25:57,V030,78.0,0.9930593954328472
2026-05-25,2026-05-25 11:25:58,V030,78.0,1.0069245820167514
2026-05-25,2026-05-25 11:25:59,V030,78.0,1.0240310495281684
2026-05-25,2026-05-25 11:26:00,V030,78.0,1.0279648228420368
2026-05-25,2026-05-25 11:26:01,V030,78.0,1.0132185206819462
2026-05-25,2026-05-25 11:26:02,V030,78.0,1.0035824983424118
2026-05-25,2026-05-25 11:26:03,V030,78.0,0.9976035478323682
2026-05-25,2026-05-25 11:26:04,V030,77.0,0.9890415665756567
2026-05-25,2026-05-25 11:26:05,V030,77.0,0.9888484829227605
2026-05-25,2026-05-25 11:26:06,V030,76.0,0.9868940757992871
2026-05-25,2026-05-25 11:26:07,V030,76.0,0.9911561603970359
2026-05-25,2026-05-25 11:26:08,V030,76.0,0.9857102917477443
2026-05-25,2026-05-25 11:26:09,V030,75.0,0.982979837840666
2026-05-25,2026-05-25 11:26:10,V030,74.0,0.9845035482413894
2026-05-25,2026-05-25 11:26:11,V030,74.0,1.0028955017731125
2026-05-25,2026-05-25 11:26:12,V030,73.0,0.983525274084196
2026-05-25,2026-05-25 11:26:13,V030,73.0,0.9946046751342367
2026-05-25,2026-05-25 11:26:14,V030,73.0,1.0177018876891057
2026-05-25,2026-05-25 11:26:15,V030,72.0,1.0092011721249676
2026-05-25,2026-05-25 11:26:16,V030,72.0,1.000613817508693
2026-05-25,2026-05-25 11:26:17,V030,72.0,1.016549888500555
2026-05-25,2026-05-25 11:26:18,V030,71.0,0.9693752497062443
2026-05-25,2026-05-25 11:26:19,V030,71.0,0.9614136365490711
2026-05-25,2026-05-25 11:26:20,V030,70.0,0.9987372630923735
2026-05-25,2026-05-25 11:26:21,V030,70.0,0.9834517886457183
2026-05-25,2026-05-25 11:26:22,V030,70.0,0.9777893977233094
2026-05-25,2026-05-25 11:26:23,V030,70.0,0.9919784738632611
2026-05-25,2026-05-25 11:26:24,V030,70.0,0.9899191206872945
2026-05-25,2026-05-25 11:26:25,V030,71.0,0.9966337314458827
2026-05-25,2026-05-25 11:26:26,V030,71.0,1.0010754431832987
2026-05-25,2026-05-25 11:26:27,V030,71.0,0.9957109262451971
2026-05-25,2026-05-25 11:26:28,V030,71.0,0.9867740237401719
2026-05-25,2026-05-25 11:26:29,V030,72.0,0.9930751172436895
2026-05-25,2026-05-25 11:26:30,V030,73.0,1.0059654008074077
2026-05-25,2026-05-25 11:26:31,V030,73.0,0.9887197745644584
2026-05-25,2026-05-25 11:26:32,V030,74.0,0.9908052489616453
2026-05-25,2026-05-25 11:26:33,V030,75.0,0.9890509459524046
2026-05-25,2026-05-25 11:26:34,V030,75.0,1.0157510377363088
2026-05-25,2026-05-25 11:26:35,V030,75.0,0.98414119409985
2026-05-25,2026-05-25 11:26:36,V030,76.0,0.987014397577448
2026-05-25,2026-05-25 11:26:37,V030,76.0,0.9955739557929223
2026-05-25,2026-05-25 11:26:38,V030,76.0,0.9834862683374829
2026-05-25,2026-05-25 11:26:39,V030,76.0,0.9798611507633348
2026-05-25,2026-05-25 11:26:40,V030,76.0,0.9775578932464754
2026-05-25,2026-05-25 11:26:41,V030,75.0,0.9929145057071795
2026-05-25,2026-05-25 11:26:42,V030,75.0,1.0010234646624014
2026-05-25,2026-05-25 11:26:43,V030,75.0,0.9892783505821159
2026-05-25,2026-05-25 11:26:44,V030,74.0,0.973546725161723
2026-05-25,2026-05-25 11:26:45,V030,74.0,0.9966407276084565
2026-05-25,2026-05-25 11:26:46,V030,74.0,0.9883045372013441
2026-05-25,2026-05-25 11:26:47,V030,74.0,1.0121464051674738
2026-05-25,2026-05-25 11:26:48,V030,74.0,0.9635073127222729
2026-05-25,2026-05-25 11:26:49,V030,74.0,0.9859924440428356
2026-05-25,2026-05-25 11:26:50,V030,74.0,0.9706474143476548
2026-05-25,2026-05-25 11:26:51,V030,74.0,0.9878910323186864
2026-05-25,2026-05-25 11:26:52,V030,74.0,0.9851063800855859
2026-05-25,2026-05-25 11:26:53,V030,74.0,1.006222172697361
2026-05-25,2026-05-25 11:26:54,V030,75.0,1.0030373136070296
2026-05-25,2026-05-25 11:26:55,V030,75.0,0.9917997166677666
2026-05-25,2026-05-25 11:26:56,V030,75.0,0.9886145540697827
2026-05-25,2026-05-25 11:26:57,V030,75.0,0.9985683957076271
2026-05-25,2026-05-25 11:26:58,V030,75.0,0.984332037392187
2026-05-25,2026-05-25 11:26:59,V030,75.0,0.9915497166125262
2026-05-25,2026-05-25 11:27:00,V030,75.0,0.985423856663041
2026-05-25,2026-05-25 11:27:01,V030,75.0,1.0027489971847867
2026-05-25,2026-05-25 11:27:02,V030,76.0,0.9946239195662336
2026-05-25,2026-05-25 11:27:03,V030,76.0,1.0058701628687305
2026-05-25,2026-05-25 11:27:04,V030,77.0,1.0112866071115545
2026-05-25,2026-05-25 11:27:05,V030,77.0,1.000749877504561
2026-05-25,2026-05-25 11:27:06,V030,77.0,1.0410909234142909
2026-05-25,2026-05-25 11:27:07,V030,77.0,1.0139141526417506
2026-05-25,2026-05-25 11:27:08,V030,77.0,1.0103299651130437
2026-05-25,2026-05-25 11:27:09,V030,77.0,1.0204275846381965
2026-05-25,2026-05-25 11:27:10,V030,77.0,0.999620966379769
2026-05-25,2026-05-25 11:27:11,V030,77.0,1.007284829442783
2026-05-25,2026-05-25 11:27:12,V030,77.0,1.00177842635949
2026-05-25,2026-05-25 11:27:13,V030,77.0,1.0010835464386276
2026-05-25,2026-05-25 11:27:14,V030,77.0,0.9998285940585776
2026-05-25,2026-05-25 11:27:15,V030,77.0,0.9808882044491279
2026-05-25,2026-05-25 11:27:16,V030,77.0,0.9873820155122472
2026-05-25,2026-05-25 11:27:17,V030,77.0,1.0054957243356082
2026-05-25,2026-05-25 11:27:18,V030,77.0,0.9932631845516182
2026-05-25,2026-05-25 11:27:19,V030,78.0,0.9885110470172327
2026-05-25,2026-05-25 11:27:20,V030,78.0,0.9797463325424847
2026-05-25,2026-05-25 11:27:21,V030,78.0,0.99181795071243
2026-05-25,2026-05-25 11:27:22,V030,78.0,1.0009217173123814
2026-05-25,2026-05-25 11:27:23,V030,78.0,0.9846493042787293
2026-05-25,2026-05-25 11:27:24,V030,78.0,0.9925991488460936
2026-05-25,2026-05-25 11:27:25,V030,78.0,0.9808423482848331
2026-05-25,2026-05-25 11:27:26,V030,78.0,1.0012830121509158
2026-05-25,2026-05-25 11:27:27,V030,78.0,0.9976414722618913
2026-05-25,2026-05-25 11:27:28,V030,79.0,0.9833450641068509
2026-05-25,2026-05-25 11:27:29,V030,79.0,0.9865655080270395
2026-05-25,2026-05-25 11:27:30,V030,80.0,0.9898496600711517
2026-05-25,2026-05-25 11:27:31,V030,80.0,0.9764068144214839
2026-05-25,2026-05-25 11:27:32,V030,81.0,0.9771748853332187
2026-05-25,2026-05-25 11:27:33,V030,81.0,0.9814282054971865
2026-05-25,2026-05-25 11:27:34,V030,82.0,1.00126628286436
2026-05-25,2026-05-25 11:27:35,V030,83.0,0.9839304740906255
2026-05-25,2026-05-25 11:27:36,V030,83.0,0.9982084005159395
2026-05-25,2026-05-25 11:27:37,V030,83.0,0.9988830005547532
2026-05-25,2026-05-25 11:27:38,V030,83.0,0.9915477734575576
2026-05-25,2026-05-25 11:27:39,V030,82.0,0.991127369197722
2026-05-25,2026-05-25 11:27:40,V030,82.0,0.9825613037119488
2026-05-25,2026-05-25 11:27:41,V030,81.0,0.9841032148095222
2026-05-25,2026-05-25 11:27:42,V030,81.0,0.991450682285106
2026-05-25,2026-05-25 11:27:43,V030,81.0,0.993246676505448
2026-05-25,2026-05-25 11:27:44,V030,80.0,0.9960223708020248
2026-05-25,2026-05-25 11:27:45,V030,80.0,0.9868956151330591
2026-05-25,2026-05-25 11:27:46,V030,79.0,0.9753946853939124
2026-05-25,2026-05-25 11:27:47,V030,79.0,0.9913427701704435
2026-05-25,2026-05-25 11:27:48,V030,78.0,1.0037205410255623
2026-05-25,2026-05-25 11:27:49,V030,78.0,0.9896087693291572
2026-05-25,2026-05-25 11:27:50,V030,78.0,1.0175057562403598
2026-05-25,2026-05-25 11:27:51,V030,78.0,0.9893447857351304
2026-05-25,2026-05-25 11:27:52,V030,77.0,1.001389254916233
2026-05-25,2026-05-25 11:27:53,V030,77.0,0.9923294160867062
2026-05-25,2026-05-25 11:27:54,V030,76.0,0.971748011971274
2026-05-25,2026-05-25 11:27:55,V030,76.0,0.9977688985934141
2026-05-25,2026-05-25 11:27:56,V030,76.0,0.9818881281567372
2026-05-25,2026-05-25 11:27:57,V030,74.0,0.9923153976991488
2026-05-25,2026-05-25 11:27:58,V030,74.0,0.9835364780957693
2026-05-25,2026-05-25 11:27:59,V030,74.0,1.0055104594425837
2026-05-25,2026-05-25 11:28:00,V030,74.0,0.993309573012512
2026-05-25,2026-05-25 11:28:01,V030,74.0,0.9925452144607316
2026-05-25,2026-05-25 11:28:02,V030,75.0,0.9840107985123748
2026-05-25,2026-05-25 11:28:03,V030,75.0,0.9983659226694
2026-05-25,2026-05-25 11:28:04,V030,75.0,0.9858394582888026
2026-05-25,2026-05-25 11:28:05,V030,76.0,0.9806669572301336
2026-05-25,2026-05-25 11:28:06,V030,77.0,0.9983171375249564
2026-05-25,2026-05-25 11:28:07,V030,77.0,1.0197116048351913
2026-05-25,2026-05-25 11:28:08,V030,77.0,1.0118972278536114
2026-05-25,2026-05-25 11:28:09,V030,77.0,0.9777951264188574
2026-05-25,2026-05-25 11:28:10,V030,78.0,0.9492525103104362
2026-05-25,2026-05-25 11:28:11,V030,78.0,0.9699619304026338
2026-05-25,2026-05-25 11:28:12,V030,78.0,0.9908814427878462
2026-05-25,2026-05-25 11:28:13,V030,78.0,0.98262935952324
2026-05-25,2026-05-25 11:28:14,V030,78.0,0.9939669865778986
2026-05-25,2026-05-25 11:28:15,V030,78.0,0.9868163316880384
2026-05-25,2026-05-25 11:28:16,V030,77.0,0.9882299735447572
2026-05-25,2026-05-25 11:28:17,V030,77.0,0.9699068116171674
2026-05-25,2026-05-25 11:28:18,V030,77.0,0.9869501027164147
2026-05-25,2026-05-25 11:28:19,V030,77.0,0.9779272226532193
2026-05-25,2026-05-25 11:28:20,V030,77.0,0.9637683354970075
2026-05-25,2026-05-25 11:28:21,V030,77.0,0.9827287693867658
2026-05-25,2026-05-25 11:28:22,V030,77.0,0.9738320522442725
2026-05-25,2026-05-25 11:28:23,V030,77.0,0.9682021159439984
2026-05-25,2026-05-25 11:28:24,V030,77.0,0.9696849852086671
2026-05-25,2026-05-25 11:28:25,V030,77.0,0.970172800397254
2026-05-25,2026-05-25 11:28:26,V030,77.0,0.9695304484025318
2026-05-25,2026-05-25 11:28:27,V030,77.0,0.9693425702464602
2026-05-25,2026-05-25 11:28:28,V030,77.0,0.9713239368940196
2026-05-25,2026-05-25 11:28:29,V030,77.0,0.9739526290689915
2026-05-25,2026-05-25 11:28:30,V030,77.0,0.972536113486926
2026-05-25,2026-05-25 11:28:31,V030,78.0,0.970603034656225
2026-05-25,2026-05-25 11:28:32,V030,77.0,0.9695787289153801
2026-05-25,2026-05-25 11:28:33,V030,75.0,0.9711001783525572
2026-05-25,2026-05-25 11:28:34,V030,75.0,0.9694169077646292
2026-05-25,2026-05-25 11:28:35,V030,75.0,0.9881715013928919
2026-05-25,2026-05-25 11:28:36,V030,75.0,0.9641464335261772
2026-05-25,2026-05-25 11:28:37,V030,74.0,0.9748009866945068
2026-05-25,2026-05-25 11:28:38,V030,74.0,0.9671668105724495
2026-05-25,2026-05-25 11:28:39,V030,74.0,0.9815595313681621
2026-05-25,2026-05-25 11:28:40,V030,73.0,0.9722470684470482
2026-05-25,2026-05-25 11:28:41,V030,72.0,0.9888322764556604
2026-05-25,2026-05-25 11:28:42,V030,72.0,0.9733774918350973
2026-05-25,2026-05-25 11:28:43,V030,72.0,0.9751382962782315
2026-05-25,2026-05-25 11:28:44,V030,73.0,0.9725655061615832
2026-05-25,2026-05-25 11:28:45,V030,73.0,0.9723290003720737
2026-05-25,2026-05-25 11:28:46,V030,73.0,0.9718647198657444
2026-05-25,2026-05-25 11:28:47,V030,74.0,0.9716813538797143
2026-05-25,2026-05-25 11:28:48,V030,74.0,0.9720393486671981
2026-05-25,2026-05-25 11:28:49,V030,75.0,0.9676011643553926
2026-05-25,2026-05-25 11:28:50,V030,75.0,0.9697792165619018
2026-05-25,2026-05-25 11:28:51,V030,75.0,0.956288720370434
2026-05-25,2026-05-25 11:28:52,V030,75.0,0.9720402389838019
2026-05-25,2026-05-25 11:28:53,V030,74.0,0.961269323821109
2026-05-25,2026-05-25 11:28:54,V030,73.0,0.9840709085885159
2026-05-25,2026-05-25 11:28:55,V030,71.0,0.956165236359159
2026-05-25,2026-05-25 11:28:56,V030,70.0,0.978706088789634
2026-05-25,2026-05-25 11:28:57,V030,70.0,0.961220569420591
2026-05-25,2026-05-25 11:28:58,V030,69.0,0.9654211721995862
2026-05-25,2026-05-25 11:28:59,V030,69.0,0.9745167727438955
2026-05-25,2026-05-25 11:29:00,V030,68.0,0.9672694890205321
2026-05-25,2026-05-25 11:29:01,V030,67.0,0.9726963662615234
2026-05-25,2026-05-25 11:29:02,V030,67.0,1.0107250923562772
2026-05-25,2026-05-25 11:29:03,V030,67.0,0.9325591236927353
2026-05-25,2026-05-25 11:29:04,V030,68.0,0.9867611100838609
2026-05-25,2026-05-25 11:29:05,V030,68.0,0.9584864241934412
2026-05-25,2026-05-25 11:29:06,V030,68.0,0.970423724010068
2026-05-25,2026-05-25 11:29:07,V030,67.0,0.9567153291926194
2026-05-25,2026-05-25 11:29:08,V030,67.0,0.9648603459148674
2026-05-25,2026-05-25 11:29:09,V030,67.0,0.9704866149524717
2026-05-25,2026-05-25 11:29:10,V030,66.0,0.9798256951781291
2026-05-25,2026-05-25 11:29:11,V030,65.0,0.9934363436344943
2026-05-25,2026-05-25 11:29:12,V030,64.0,0.9390129580346243
2026-05-25,2026-05-25 11:29:13,V030,64.0,1.0130540780127453
2026-05-25,2026-05-25 11:29:14,V030,63.0,0.9257657530493871
2026-05-25,2026-05-25 11:29:15,V030,63.0,0.9840747873385607
2026-05-25,2026-05-25 11:29:16,V030,63.0,0.9949164913979408
2026-05-25,2026-05-25 11:29:17,V030,63.0,1.0016149983500289
2026-05-25,2026-05-25 11:29:18,V030,64.0,0.9556799135800078
2026-05-25,2026-05-25 11:29:19,V030,65.0,1.0153223534023716
2026-05-25,2026-05-25 11:29:20,V030,66.0,0.9504623402990445
2026-05-25,2026-05-25 11:29:21,V030,66.0,1.0087884210045943
2026-05-25,2026-05-25 11:29:22,V030,66.0,0.9572846192513119
2026-05-25,2026-05-25 11:29:23,V030,67.0,1.0085159062488243
2026-05-25,2026-05-25 11:29:24,V030,68.0,0.9696173747816212
2026-05-25,2026-05-25 11:29:25,V030,68.0,0.9719109416217467
2026-05-25,2026-05-25 11:29:26,V030,69.0,0.9829990853762551
2026-05-25,2026-05-25 11:29:27,V030,69.0,0.9818135554765502
2026-05-25,2026-05-25 11:29:28,V030,70.0,0.9954966381042648
2026-05-25,2026-05-25 11:29:29,V030,70.0,0.9876993911058258
2026-05-25,2026-05-25 11:29:30,V030,71.0,0.9959181313508827
2026-05-25,2026-05-25 11:29:31,V030,73.0,0.9780517559347295
2026-05-25,2026-05-25 11:29:32,V030,74.0,0.9904148758448268
2026-05-25,2026-05-25 11:29:33,V030,74.0,0.9913795172957426
2026-05-25,2026-05-25 11:29:34,V030,75.0,0.9835815304754045
2026-05-25,2026-05-25 11:29:35,V030,76.0,0.9943890074980778
2026-05-25,2026-05-25 11:29:36,V030,76.0,0.9874755468635861
2026-05-25,2026-05-25 11:29:37,V030,76.0,0.9739747766654115
2026-05-25,2026-05-25 11:29:38,V030,76.0,0.9729442605024663
2026-05-25,2026-05-25 11:29:39,V030,76.0,0.9670450063089134
2026-05-25,2026-05-25 11:29:40,V030,76.0,0.9880331923110809
2026-05-25,2026-05-25 11:29:41,V030,76.0,0.9887065475482688
2026-05-25,2026-05-25 11:29:42,V030,76.0,0.97256587981835
2026-05-25,2026-05-25 11:29:43,V030,76.0,0.9925994678016518
2026-05-25,2026-05-25 11:29:44,V030,76.0,0.998238362555238
2026-05-25,2026-05-25 11:29:45,V030,76.0,0.9538611963413028
2026-05-25,2026-05-25 11:29:46,V030,76.0,0.9902692614205134
2026-05-25,2026-05-25 11:29:47,V030,77.0,1.159130206002029
2026-05-25,2026-05-25 11:29:48,V030,76.0,0.9697729360008054
2026-05-25,2026-05-25 11:29:49,V030,75.0,0.9720250022064068
2026-05-25,2026-05-25 11:29:50,V030,74.0,0.9792756207679632
2026-05-25,2026-05-25 11:29:51,V030,74.0,0.9755518036518726
2026-05-25,2026-05-25 11:29:52,V030,73.0,1.0064051352975478
2026-05-25,2026-05-25 11:29:53,V030,72.0,1.0026110385229243
2026-05-25,2026-05-25 11:29:54,V030,71.0,0.9917575978269464
2026-05-25,2026-05-25 11:29:55,V030,71.0,0.9860333952357029
2026-05-25,2026-05-25 11:29:56,V030,71.0,0.9988721794430029
2026-05-25,2026-05-25 11:29:57,V030,71.0,0.9960282758212687
2026-05-25,2026-05-25 11:29:58,V030,71.0,0.9803463566755477
2026-05-25,2026-05-25 11:29:59,V030,72.0,0.9764143701625543
2026-05-25,2026-05-25 11:30:00,V030,72.0,0.9770038835323418
2026-05-25,2026-05-25 11:30:01,V030,73.0,0.9695558124384318
2026-05-25,2026-05-25 11:30:02,V030,74.0,0.9707373073972003
2026-05-25,2026-05-25 11:30:03,V030,75.0,0.9716892516784751
2026-05-25,2026-05-25 11:30:04,V030,75.0,0.973220072827848
2026-05-25,2026-05-25 11:30:05,V030,75.0,1.0174268215327231
2026-05-25,2026-05-25 11:30:06,V030,75.0,0.9814507156088579
2026-05-25,2026-05-25 11:30:07,V030,75.0,0.9653829728664627
2026-05-25,2026-05-25 11:30:08,V030,75.0,0.9716651982552392
2026-05-25,2026-05-25 11:30:09,V030,76.0,0.9738627389946034
2026-05-25,2026-05-25 11:30:10,V030,76.0,0.9707036131888206
2026-05-25,2026-05-25 11:30:11,V030,76.0,0.9738362515833066
2026-05-25,2026-05-25 11:30:12,V030,76.0,0.9745313290956068
2026-05-25,2026-05-25 11:30:13,V030,77.0,0.97555870569176
2026-05-25,2026-05-25 11:30:14,V030,77.0,0.9744948142649252
2026-05-25,2026-05-25 11:30:15,V030,77.0,0.9755616210519007
2026-05-25,2026-05-25 11:30:16,V030,76.0,0.9747502684698206
2026-05-25,2026-05-25 11:30:17,V030,75.0,0.9755543465897669
2026-05-25,2026-05-25 11:30:18,V030,74.0,0.9744862232427274
2026-05-25,2026-05-25 11:30:19,V030,74.0,0.9747302804406577
2026-05-25,2026-05-25 11:30:20,V030,73.0,0.9746318304902242
2026-05-25,2026-05-25 11:30:21,V030,71.0,0.9742669718933046
2026-05-25,2026-05-25 11:30:22,V030,70.0,0.9745466039268175
2026-05-25,2026-05-25 11:30:23,V030,70.0,0.9725023516316048
2026-05-25,2026-05-25 11:30:24,V030,69.0,0.9760571945429788
2026-05-25,2026-05-25 11:30:25,V030,68.0,0.9718552503134589
2026-05-25,2026-05-25 11:30:26,V030,67.0,0.9860425991453279
2026-05-25,2026-05-25 11:30:27,V030,67.0,0.9505416595663136
2026-05-25,2026-05-25 11:30:28,V030,66.0,0.9839130352027299
2026-05-25,2026-05-25 11:30:29,V030,66.0,0.9658093647643946
2026-05-25,2026-05-25 11:30:30,V030,65.0,0.9685170147464001
2026-05-25,2026-05-25 11:30:31,V030,64.0,0.9677989532712014
2026-05-25,2026-05-25 11:30:32,V030,63.0,0.9682025322192594
2026-05-25,2026-05-25 11:30:33,V030,62.0,0.9682532223569308
2026-05-25,2026-05-25 11:30:34,V030,62.0,0.968798866000406
2026-05-25,2026-05-25 11:30:35,V030,62.0,0.9699848484031695
2026-05-25,2026-05-25 11:30:36,V030,62.0,0.9694146206463763
2026-05-25,2026-05-25 11:30:37,V030,62.0,0.9696653806047288
2026-05-25,2026-05-25 11:30:38,V030,62.0,0.9863442598211679
2026-05-25,2026-05-25 11:30:39,V030,63.0,1.0458344905887031
2026-05-25,2026-05-25 11:30:40,V030,63.0,0.982058462385901
2026-05-25,2026-05-25 11:30:41,V030,63.0,0.9678674592576749
2026-05-25,2026-05-25 11:30:42,V030,63.0,0.9683066380943449
2026-05-25,2026-05-25 11:30:43,V030,63.0,0.9708790254686458
2026-05-25,2026-05-25 11:30:44,V030,62.0,0.9704284581570287
2026-05-25,2026-05-25 11:30:45,V030,62.0,0.9706862705064097
2026-05-25,2026-05-25 11:30:46,V030,62.0,0.9713254210306159
2026-05-25,2026-05-25 11:30:47,V030,61.0,0.9686714909315493
2026-05-25,2026-05-25 11:30:48,V030,61.0,0.965208408992166
2026-05-25,2026-05-25 11:30:49,V030,61.0,0.9704974100443531
2026-05-25,2026-05-25 11:30:50,V030,61.0,0.9685056413535675
2026-05-25,2026-05-25 11:30:51,V030,60.0,0.9680155148059607
2026-05-25,2026-05-25 11:30:52,V030,60.0,0.9680261339666665
2026-05-25,2026-05-25 11:30:53,V030,60.0,0.9677852801878724
2026-05-25,2026-05-25 11:30:54,V030,60.0,0.9680598629244506
2026-05-25,2026-05-25 11:30:55,V030,61.0,0.9703735925956122
2026-05-25,2026-05-25 11:30:56,V030,62.0,0.9660892714302547
2026-05-25,2026-05-25 11:30:57,V030,62.0,0.9679859732476195
2026-05-25,2026-05-25 11:30:58,V030,63.0,0.9698218274075372
2026-05-25,2026-05-25 11:30:59,V030,64.0,0.9724991975193318
2026-05-25,2026-05-25 11:31:00,V030,65.0,0.9757961651346513
2026-05-25,2026-05-25 11:31:01,V030,66.0,0.9729192878070849
2026-05-25,2026-05-25 11:31:02,V030,65.0,0.9744574889830717
2026-05-25,2026-05-25 11:31:03,V030,65.0,0.9657702926462958
2026-05-25,2026-05-25 11:31:04,V030,64.0,0.9710555095688685
2026-05-25,2026-05-25 11:31:05,V030,64.0,0.9729152323692623
2026-05-25,2026-05-25 11:31:06,V030,63.0,0.9745967387638131
2026-05-25,2026-05-25 11:31:07,V030,62.0,0.9735040130715209
2026-05-25,2026-05-25 11:31:08,V030,61.0,0.9707098219731597
2026-05-25,2026-05-25 11:31:09,V030,61.0,0.9711825438704496
2026-05-25,2026-05-25 11:31:10,V030,61.0,0.9744946037215584
2026-05-25,2026-05-25 11:31:11,V030,61.0,0.9688861369452144
2026-05-25,2026-05-25 11:31:12,V030,61.0,0.972412779724615
2026-05-25,2026-05-25 11:31:13,V030,60.0,0.9715759199400195
2026-05-25,2026-05-25 11:31:14,V030,60.0,0.9743567928605898
2026-05-25,2026-05-25 11:31:15,V030,60.0,0.967050324508128
2026-05-25,2026-05-25 11:31:16,V030,59.0,0.9709507173602632
2026-05-25,2026-05-25 11:31:17,V030,59.0,0.9687188247686961
2026-05-25,2026-05-25 11:31:18,V030,60.0,0.9694007117111354
2026-05-25,2026-05-25 11:31:19,V030,61.0,0.9704851891089484
2026-05-25,2026-05-25 11:31:20,V030,61.0,0.9700453644817975
2026-05-25,2026-05-25 11:31:21,V030,61.0,0.9707072363805429
2026-05-25,2026-05-25 11:31:22,V030,62.0,0.9673333749750912
2026-05-25,2026-05-25 11:31:23,V030,63.0,0.969429086335171
2026-05-25,2026-05-25 11:31:24,V030,63.0,0.9681529389455279
2026-05-25,2026-05-25 11:31:25,V030,64.0,0.9711440830602568
2026-05-25,2026-05-25 11:31:26,V030,64.0,0.9681282580225337
2026-05-25,2026-05-25 11:31:27,V030,64.0,0.9903019015421859
2026-05-25,2026-05-25 11:31:28,V030,64.0,0.995802804531949
2026-05-25,2026-05-25 11:31:29,V030,64.0,1.0137958506803657
2026-05-25,2026-05-25 11:31:30,V030,63.0,0.9973636366494298
2026-05-25,2026-05-25 11:31:31,V030,62.0,0.9966322625735897
2026-05-25,2026-05-25 11:31:32,V030,62.0,1.0040015596948684
2026-05-25,2026-05-25 11:31:33,V030,62.0,0.9966584682553298
2026-05-25,2026-05-25 11:31:34,V030,63.0,1.0094191821247025
2026-05-25,2026-05-25 11:31:35,V030,63.0,1.0118232416119426
2026-05-25,2026-05-25 11:31:36,V030,64.0,0.9997564261481444
2026-05-25,2026-05-25 11:31:37,V030,65.0,1.0400078716211822
2026-05-25,2026-05-25 11:31:38,V030,65.0,0.9888674455851774
2026-05-25,2026-05-25 11:31:39,V030,65.0,1.005971990917041
2026-05-25,2026-05-25 11:31:40,V030,65.0,0.9780085249937666
2026-05-25,2026-05-25 11:31:41,V030,64.0,0.9865615527558893
2026-05-25,2026-05-25 11:31:42,V030,63.0,0.9866245760423067
2026-05-25,2026-05-25 11:31:43,V030,63.0,1.0038771389344026
2026-05-25,2026-05-25 11:31:44,V030,62.0,0.9883156770158905
2026-05-25,2026-05-25 11:31:45,V030,61.0,0.9940323256800808
2026-05-25,2026-05-25 11:31:46,V030,60.0,1.0075528546035413
2026-05-25,2026-05-25 11:31:47,V030,59.0,0.9946396602117532
2026-05-25,2026-05-25 11:31:48,V030,58.0,1.0663370920357313
2026-05-25,2026-05-25 11:31:49,V030,57.0,0.9959915840095399
2026-05-25,2026-05-25 11:31:50,V030,57.0,0.9926971907257348
2026-05-25,2026-05-25 11:31:51,V030,57.0,0.9874600424905213
2026-05-25,2026-05-25 11:31:52,V030,57.0,0.9960554152828872
2026-05-25,2026-05-25 11:31:53,V030,56.0,0.9935856652874109
2026-05-25,2026-05-25 11:31:54,V030,56.0,0.9871369613812779
2026-05-25,2026-05-25 11:31:55,V030,56.0,1.0040660526805198
2026-05-25,2026-05-25 11:31:56,V030,56.0,1.0081326128150676
2026-05-25,2026-05-25 11:31:57,V030,56.0,0.98424616815943
2026-05-25,2026-05-25 11:31:58,V030,56.0,0.9744350952073398
2026-05-25,2026-05-25 11:31:59,V030,57.0,0.9762486244952344
2026-05-25,2026-05-25 11:32:00,V030,57.0,0.9657597708248891
2026-05-25,2026-05-25 11:32:01,V030,57.0,0.9715191617814168
2026-05-25,2026-05-25 11:32:02,V030,56.0,0.971559056654624
2026-05-25,2026-05-25 11:32:03,V030,56.0,0.9723349082314603
2026-05-25,2026-05-25 11:32:04,V030,56.0,0.9696557280693532
2026-05-25,2026-05-25 11:32:05,V030,58.0,0.9707837232301234
2026-05-25,2026-05-25 11:32:06,V030,58.0,0.9704994285982103
2026-05-25,2026-05-25 11:32:07,V030,58.0,0.9707388485306854
2026-05-25,2026-05-25 11:32:08,V030,59.0,0.9699747424307278
2026-05-25,2026-05-25 11:32:09,V030,59.0,0.97170681919617
2026-05-25,2026-05-25 11:32:10,V030,60.0,0.9710295400106582
2026-05-25,2026-05-25 11:32:11,V030,61.0,0.96970923262891
2026-05-25,2026-05-25 11:32:12,V030,61.0,0.9719793015998262
2026-05-25,2026-05-25 11:32:13,V030,62.0,0.970304164408301
2026-05-25,2026-05-25 11:32:14,V030,63.0,0.9712578133162523
2026-05-25,2026-05-25 11:32:15,V030,64.0,0.9699801386337172
2026-05-25,2026-05-25 11:32:16,V030,65.0,0.9695080134317142
2026-05-25,2026-05-25 11:32:17,V030,66.0,0.9800504503795212
2026-05-25,2026-05-25 11:32:18,V030,66.0,0.9723205573945298
2026-05-25,2026-05-25 11:32:19,V030,66.0,0.9726148418605135
2026-05-25,2026-05-25 11:32:20,V030,66.0,0.9709254354490221
2026-05-25,2026-05-25 11:32:21,V030,65.0,0.974364336981221
2026-05-25,2026-05-25 11:32:22,V030,65.0,0.9712679407695923
2026-05-25,2026-05-25 11:32:23,V030,65.0,0.9764666817671094
2026-05-25,2026-05-25 11:32:24,V030,64.0,0.970520984054247
2026-05-25,2026-05-25 11:32:25,V030,64.0,0.9742505478225767
2026-05-25,2026-05-25 11:32:26,V030,65.0,0.9710455441884415
2026-05-25,2026-05-25 11:32:27,V030,65.0,0.9729998469582045
2026-05-25,2026-05-25 11:32:28,V030,66.0,0.9710731460762786
2026-05-25,2026-05-25 11:32:29,V030,67.0,0.9731265321821055
2026-05-25,2026-05-25 11:32:30,V030,67.0,0.9702191999574931
2026-05-25,2026-05-25 11:32:31,V030,67.0,0.9727901000381479
2026-05-25,2026-05-25 11:32:32,V030,67.0,0.9710453334811452
2026-05-25,2026-05-25 11:32:33,V030,66.0,0.9728919207238425
2026-05-25,2026-05-25 11:32:34,V030,65.0,0.9715681942035248
2026-05-25,2026-05-25 11:32:35,V030,65.0,0.9712253154324116
2026-05-25,2026-05-25 11:32:36,V030,64.0,0.9687017269708578
2026-05-25,2026-05-25 11:32:37,V030,63.0,0.9721299082562427
2026-05-25,2026-05-25 11:32:38,V030,64.0,0.9713127179417037
2026-05-25,2026-05-25 11:32:39,V030,64.0,0.9705624230941898
2026-05-25,2026-05-25 11:32:40,V030,65.0,0.970808080060573
2026-05-25,2026-05-25 11:32:41,V030,66.0,0.9724818838249334
2026-05-25,2026-05-25 11:32:42,V030,66.0,0.9704187744109687
2026-05-25,2026-05-25 11:32:43,V030,67.0,0.9714874474254616
2026-05-25,2026-05-25 11:32:44,V030,68.0,0.9725245959830738
2026-05-25,2026-05-25 11:32:45,V030,68.0,0.9707324823521164
2026-05-25,2026-05-25 11:32:46,V030,68.0,0.9705577098206569
2026-05-25,2026-05-25 11:32:47,V030,68.0,0.9705872762206541
2026-05-25,2026-05-25 11:32:48,V030,68.0,0.9705521027526035
2026-05-25,2026-05-25 11:32:49,V030,68.0,0.9714431135375876
2026-05-25,2026-05-25 11:32:50,V030,68.0,0.9713763293120449
2026-05-25,2026-05-25 11:32:51,V030,67.0,0.9725832207732176
2026-05-25,2026-05-25 11:32:52,V030,67.0,0.9714673981433672
2026-05-25,2026-05-25 11:32:53,V030,67.0,0.9711832242087736
2026-05-25,2026-05-25 11:32:54,V030,66.0,0.9705274892224417
2026-05-25,2026-05-25 11:32:55,V030,66.0,0.9714379192859328
2026-05-25,2026-05-25 11:32:56,V030,65.0,0.9706163471693678
2026-05-25,2026-05-25 11:32:57,V030,65.0,0.9710697980322741
2026-05-25,2026-05-25 11:32:58,V030,66.0,0.9715710382793886
2026-05-25,2026-05-25 11:32:59,V030,66.0,0.9702574408784612
2026-05-25,2026-05-25 11:33:00,V030,67.0,0.9713943049304697
2026-05-25,2026-05-25 11:33:01,V030,67.0,0.9706836303194923
2026-05-25,2026-05-25 11:33:02,V030,68.0,0.9706802400521701
2026-05-25,2026-05-25 11:33:03,V030,68.0,0.9695906634743847
2026-05-25,2026-05-25 11:33:04,V030,69.0,0.8905632319397948
2026-05-25,2026-05-25 11:33:05,V030,69.0,1.054010495315506
2026-05-25,2026-05-25 11:33:06,V030,69.0,1.0162632682707327
2026-05-25,2026-05-25 11:33:07,V030,70.0,1.0126331416276027
2026-05-25,2026-05-25 11:33:08,V030,70.0,0.9918838533862357
2026-05-25,2026-05-25 11:33:09,V030,70.0,0.9918065011773011
2026-05-25,2026-05-25 11:33:10,V030,70.0,0.9926409679237383
2026-05-25,2026-05-25 11:33:11,V030,71.0,0.9920552797469379
2026-05-25,2026-05-25 11:33:12,V030,72.0,0.988135332908953
2026-05-25,2026-05-25 11:33:13,V030,73.0,0.9950711430416664
2026-05-25,2026-05-25 11:33:14,V030,73.0,0.9870979555063923
2026-05-25,2026-05-25 11:33:15,V030,72.0,0.9838850518335688
2026-05-25,2026-05-25 11:33:16,V030,71.0,0.9759161332860221
2026-05-25,2026-05-25 11:33:17,V030,71.0,0.9735326299928568
2026-05-25,2026-05-25 11:33:18,V030,70.0,0.9732333691055873
2026-05-25,2026-05-25 11:33:19,V030,68.0,0.9748528708564252
2026-05-25,2026-05-25 11:33:20,V030,68.0,0.9698102595311892
2026-05-25,2026-05-25 11:33:21,V030,68.0,0.9725009819650485
2026-05-25,2026-05-25 11:33:22,V030,68.0,0.9730212075938739
2026-05-25,2026-05-25 11:33:23,V030,68.0,0.9728445042728301
2026-05-25,2026-05-25 11:33:24,V030,69.0,0.9739316504004442
2026-05-25,2026-05-25 11:33:25,V030,70.0,0.9736471592585276
2026-05-25,2026-05-25 11:33:26,V030,70.0,0.9730690785424236
2026-05-25,2026-05-25 11:33:27,V030,70.0,0.9734440507439481
2026-05-25,2026-05-25 11:33:28,V030,70.0,0.9740583062065968
2026-05-25,2026-05-25 11:33:29,V030,70.0,0.9734591137457254
2026-05-25,2026-05-25 11:33:30,V030,70.0,0.9733994740807637
2026-05-25,2026-05-25 11:33:31,V030,69.0,0.9717982620926476
2026-05-25,2026-05-25 11:33:32,V030,69.0,0.974559144123204
2026-05-25,2026-05-25 11:33:33,V030,69.0,0.9741044271711593
2026-05-25,2026-05-25 11:33:34,V030,68.0,0.9735634021332337
2026-05-25,2026-05-25 11:33:35,V030,67.0,0.9748232937257294
2026-05-25,2026-05-25 11:33:36,V030,66.0,0.9746177407427367
2026-05-25,2026-05-25 11:33:37,V030,64.0,0.9743816693289434
2026-05-25,2026-05-25 11:33:38,V030,63.0,0.9723638273016072
2026-05-25,2026-05-25 11:33:39,V030,62.0,0.9725914898026976
2026-05-25,2026-05-25 11:33:40,V030,60.0,0.9708138718214403
2026-05-25,2026-05-25 11:33:41,V030,59.0,0.9717798525896754
2026-05-25,2026-05-25 11:33:42,V030,57.0,0.9714546379999531
2026-05-25,2026-05-25 11:33:43,V030,56.0,0.9719574862190067
2026-05-25,2026-05-25 11:33:44,V030,56.0,0.9717251760310021
2026-05-25,2026-05-25 11:33:45,V030,55.0,0.9715377434860314
2026-05-25,2026-05-25 11:33:46,V030,54.0,0.9716481835243358
2026-05-25,2026-05-25 11:33:47,V030,53.0,0.9717164690874925
2026-05-25,2026-05-25 11:33:48,V030,53.0,0.9711213389489483
2026-05-25,2026-05-25 11:33:49,V030,54.0,0.9715082035003225
2026-05-25,2026-05-25 11:33:50,V030,54.0,0.9717984453530195
2026-05-25,2026-05-25 11:33:51,V030,54.0,0.9711565620070646
2026-05-25,2026-05-25 11:33:52,V030,56.0,0.9706021717572377
2026-05-25,2026-05-25 11:33:53,V030,58.0,0.9704731943186613
2026-05-25,2026-05-25 11:33:54,V030,59.0,0.9702558008985614
2026-05-25,2026-05-25 11:33:55,V030,59.0,0.9709454426765699
2026-05-25,2026-05-25 11:33:56,V030,60.0,0.9708984200563373
2026-05-25,2026-05-25 11:33:57,V030,60.0,0.9707957798994121
2026-05-25,2026-05-25 11:33:58,V030,60.0,0.970854772158559
2026-05-25,2026-05-25 11:33:59,V030,60.0,0.9705245300565832
2026-05-25,2026-05-25 11:34:00,V030,60.0,0.9697949936614689
2026-05-25,2026-05-25 11:34:01,V030,60.0,0.970693977927059
2026-05-25,2026-05-25 11:34:02,V030,61.0,0.9701434359087009
2026-05-25,2026-05-25 11:34:03,V030,61.0,0.9707199150837709
2026-05-25,2026-05-25 11:34:04,V030,61.0,0.9700314859767052
2026-05-25,2026-05-25 11:34:05,V030,60.0,0.9702668750107475
2026-05-25,2026-05-25 11:34:06,V030,59.0,0.9705936967517702
2026-05-25,2026-05-25 11:34:07,V030,59.0,0.9702543363833833
2026-05-25,2026-05-25 11:34:08,V030,58.0,0.9698447634129506
2026-05-25,2026-05-25 11:34:09,V030,58.0,0.9698041842429612
2026-05-25,2026-05-25 11:34:10,V030,58.0,0.9698289084024655
2026-05-25,2026-05-25 11:34:11,V030,58.0,0.9705079138118426
2026-05-25,2026-05-25 11:34:12,V030,59.0,0.9701374378345515
2026-05-25,2026-05-25 11:34:13,V030,59.0,0.969782753894353
2026-05-25,2026-05-25 11:34:14,V030,58.0,0.9694199277768148
2026-05-25,2026-05-25 11:34:15,V030,57.0,0.9699906334766981
2026-05-25,2026-05-25 11:34:16,V030,56.0,0.9700829276645626
2026-05-25,2026-05-25 11:34:17,V030,56.0,0.9702726445850677
2026-05-25,2026-05-25 11:34:18,V030,56.0,0.9700431884714683
2026-05-25,2026-05-25 11:34:19,V030,56.0,0.9705663540577683
2026-05-25,2026-05-25 11:34:20,V030,57.0,0.9707982606876068
2026-05-25,2026-05-25 11:34:21,V030,58.0,0.9698588719714194
2026-05-25,2026-05-25 11:34:22,V030,57.0,0.9704744265887686
2026-05-25,2026-05-25 11:34:23,V030,57.0,0.9706973273191155
2026-05-25,2026-05-25 11:34:24,V030,56.0,0.9706800244002987
2026-05-25,2026-05-25 11:34:25,V030,56.0,0.9701154881871887
2026-05-25,2026-05-25 11:34:26,V030,56.0,0.969590680344737
2026-05-25,2026-05-25 11:34:27,V030,56.0,0.9702729118996215
2026-05-25,2026-05-25 11:34:28,V030,56.0,0.9706572502616492
2026-05-25,2026-05-25 11:34:29,V030,58.0,0.9703153611102656
2026-05-25,2026-05-25 11:34:30,V030,59.0,0.9702683736285688
2026-05-25,2026-05-25 11:34:31,V030,59.0,0.9705314539822368
2026-05-25,2026-05-25 11:34:32,V030,60.0,0.9706351243754154
2026-05-25,2026-05-25 11:34:33,V030,61.0,0.9702339770334718
2026-05-25,2026-05-25 11:34:34,V030,61.0,0.9702438731928682
2026-05-25,2026-05-25 11:34:35,V030,62.0,0.9712418834928641
2026-05-25,2026-05-25 11:34:36,V030,63.0,0.9709601975124317
2026-05-25,2026-05-25 11:34:37,V030,63.0,0.9701472404336886
2026-05-25,2026-05-25 11:34:38,V030,63.0,0.9700092422002684
2026-05-25,2026-05-25 11:34:39,V030,64.0,0.9705156871831611
2026-05-25,2026-05-25 11:34:40,V030,62.0,0.9703282682042842
2026-05-25,2026-05-25 11:34:41,V030,59.0,0.9706860012127344
2026-05-25,2026-05-25 11:34:42,V030,58.0,0.9710051543983355
2026-05-25,2026-05-25 11:34:43,V030,58.0,0.9699752665349477
2026-05-25,2026-05-25 11:34:44,V030,57.0,0.9706753520905693
2026-05-25,2026-05-25 11:34:45,V030,56.0,0.9694574774581631
2026-05-25,2026-05-25 11:34:46,V030,56.0,0.970549047603342
2026-05-25,2026-05-25 11:34:47,V030,55.0,0.970104779498736
2026-05-25,2026-05-25 11:34:48,V030,55.0,0.9692654121281677
2026-05-25,2026-05-25 11:34:49,V030,55.0,0.9692958604028478
2026-05-25,2026-05-25 11:34:50,V030,55.0,0.969879552328949
2026-05-25,2026-05-25 11:34:51,V030,54.0,0.9701021569597436
2026-05-25,2026-05-25 11:34:52,V030,54.0,0.969669346675805
2026-05-25,2026-05-25 11:34:53,V030,54.0,0.9689974249048962
2026-05-25,2026-05-25 11:34:54,V030,53.0,0.9696009686821822
2026-05-25,2026-05-25 11:34:55,V030,53.0,0.9691474694121214
2026-05-25,2026-05-25 11:34:56,V030,52.0,0.9694565706429022
2026-05-25,2026-05-25 11:34:57,V030,52.0,0.9702035331157586
2026-05-25,2026-05-25 11:34:58,V030,52.0,0.9700381571998922
2026-05-25,2026-05-25 11:34:59,V030,52.0,0.9697806861709298
2026-05-25,2026-05-25 11:35:00,V030,53.0,0.9691115597391776
2026-05-25,2026-05-25 11:35:01,V030,53.0,0.9699187154935905
2026-05-25,2026-05-25 11:35:02,V030,53.0,0.9689315266955989
2026-05-25,2026-05-25 11:35:03,V030,54.0,0.9696752307594854
2026-05-25,2026-05-25 11:35:04,V030,54.0,0.9699953520963884
2026-05-25,2026-05-25 11:35:05,V030,54.0,0.9690484051346883
2026-05-25,2026-05-25 11:35:06,V030,55.0,0.9694114501881417
2026-05-25,2026-05-25 11:35:07,V030,55.0,0.9692897060620645
2026-05-25,2026-05-25 11:35:08,V030,54.0,0.969975437282938
2026-05-25,2026-05-25 11:35:09,V030,52.0,0.969460869498753
2026-05-25,2026-05-25 11:35:10,V030,52.0,0.9702228921263814
2026-05-25,2026-05-25 11:35:11,V030,51.0,0.9692801229889364
2026-05-25,2026-05-25 11:35:12,V030,52.0,0.9694382489434721
2026-05-25,2026-05-25 11:35:13,V030,52.0,0.969931636097709
2026-05-25,2026-05-25 11:35:14,V030,52.0,0.969365816095683
2026-05-25,2026-05-25 11:35:15,V030,51.0,0.9695507638922449
2026-05-25,2026-05-25 11:35:16,V030,51.0,0.9691989141365172
2026-05-25,2026-05-25 11:35:17,V030,51.0,0.9703121757476113
2026-05-25,2026-05-25 11:35:18,V030,52.0,0.9692421956145152
2026-05-25,2026-05-25 11:35:19,V030,52.0,0.9695724770838068
2026-05-25,2026-05-25 11:35:20,V030,52.0,0.9693607975588827
2026-05-25,2026-05-25 11:35:21,V030,52.0,0.9695056808995676
2026-05-25,2026-05-25 11:35:22,V030,52.0,0.9698097906496608
2026-05-25,2026-05-25 11:35:23,V030,52.0,0.969247278308978
2026-05-25,2026-05-25 11:35:24,V030,53.0,0.9700161405985426
2026-05-25,2026-05-25 11:35:25,V030,53.0,0.9695748517805394
2026-05-25,2026-05-25 11:35:26,V030,53.0,0.9694079373576565
2026-05-25,2026-05-25 11:35:27,V030,53.0,0.9696109424588033
2026-05-25,2026-05-25 11:35:28,V030,52.0,0.969806335067257
2026-05-25,2026-05-25 11:35:29,V030,52.0,0.969613341499265
2026-05-25,2026-05-25 11:35:30,V030,52.0,0.9691456633407318
2026-05-25,2026-05-25 11:35:31,V030,52.0,0.9695364158720138
2026-05-25,2026-05-25 11:35:32,V030,53.0,0.9700375443576016
2026-05-25,2026-05-25 11:35:33,V030,53.0,0.9693499115797688
2026-05-25,2026-05-25 11:35:34,V030,53.0,0.9699511286276312
2026-05-25,2026-05-25 11:35:35,V030,53.0,0.9696707807851329
2026-05-25,2026-05-25 11:35:36,V030,53.0,0.9694624530471551
2026-05-25,2026-05-25 11:35:37,V030,53.0,0.9694137992911451
2026-05-25,2026-05-25 11:35:38,V030,53.0,0.9696717385537452
2026-05-25,2026-05-25 11:35:39,V030,53.0,0.9699026657582208
2026-05-25,2026-05-25 11:35:40,V030,53.0,0.9690418156304094
2026-05-25,2026-05-25 11:35:41,V030,53.0,0.9686363309755514
2026-05-25,2026-05-25 11:35:42,V030,53.0,0.9700343880305181
2026-05-25,2026-05-25 11:35:43,V030,54.0,0.969799675469135
2026-05-25,2026-05-25 11:35:44,V030,54.0,0.9697206178716683
2026-05-25,2026-05-25 11:35:45,V030,53.0,0.9701760236308098
2026-05-25,2026-05-25 11:35:46,V030,54.0,0.9697997877079366
2026-05-25,2026-05-25 11:35:47,V030,54.0,0.9704255418485337
2026-05-25,2026-05-25 11:35:48,V030,54.0,0.9688635043817605
2026-05-25,2026-05-25 11:35:49,V030,55.0,0.9696982823935725
2026-05-25,2026-05-25 11:35:50,V030,55.0,0.9695898851049183
2026-05-25,2026-05-25 11:35:51,V030,55.0,0.9702693243571716
2026-05-25,2026-05-25 11:35:52,V030,55.0,0.9697847382644282
2026-05-25,2026-05-25 11:35:53,V030,56.0,0.9690599681137697
2026-05-25,2026-05-25 11:35:54,V030,56.0,0.9694491828183488
2026-05-25,2026-05-25 11:35:55,V030,57.0,0.9693035501723039
2026-05-25,2026-05-25 11:35:56,V030,57.0,0.9694541080688138
2026-05-25,2026-05-25 11:35:57,V030,57.0,0.9696812035412482
2026-05-25,2026-05-25 11:35:58,V030,56.0,0.9691476104304013
2026-05-25,2026-05-25 11:35:59,V030,55.0,0.9698531320212146
2026-05-25,2026-05-25 11:36:00,V030,55.0,0.9694926735704551
2026-05-25,2026-05-25 11:36:01,V030,54.0,0.9695142749137392
2026-05-25,2026-05-25 11:36:02,V030,54.0,0.9688942349892997
2026-05-25,2026-05-25 11:36:03,V030,54.0,0.97011639254603
2026-05-25,2026-05-25 11:36:04,V030,54.0,0.9778993751130799
2026-05-25,2026-05-25 11:36:05,V030,54.0,0.9863243471980107
2026-05-25,2026-05-25 11:36:06,V030,54.0,0.9667977787787194
2026-05-25,2026-05-25 11:36:07,V030,54.0,1.037814263671035
2026-05-25,2026-05-25 11:36:08,V030,54.0,1.0543019076830047
2026-05-25,2026-05-25 11:36:09,V030,54.0,1.0140255758505485
2026-05-25,2026-05-25 11:36:10,V030,54.0,1.01554786021016
2026-05-25,2026-05-25 11:36:11,V030,54.0,1.0153969599364476
2026-05-25,2026-05-25 11:36:12,V030,54.0,1.0148039338931216
2026-05-25,2026-05-25 11:36:13,V030,54.0,1.015386366970028
2026-05-25,2026-05-25 11:36:14,V030,55.0,1.015277508338046
2026-05-25,2026-05-25 11:36:15,V030,55.0,1.0150841746443933
2026-05-25,2026-05-25 11:36:16,V030,55.0,1.0155737994516503
2026-05-25,2026-05-25 11:36:17,V030,55.0,1.015025138892525
2026-05-25,2026-05-25 11:36:18,V030,56.0,1.015473356890441
2026-05-25,2026-05-25 11:36:19,V030,56.0,1.0154454116030904
2026-05-25,2026-05-25 11:36:20,V030,57.0,1.0150569710470647
2026-05-25,2026-05-25 11:36:21,V030,58.0,1.0149800472324488
2026-05-25,2026-05-25 11:36:22,V030,58.0,1.0152292573187838
2026-05-25,2026-05-25 11:36:23,V030,59.0,1.0152127424703263
2026-05-25,2026-05-25 11:36:24,V030,60.0,1.015526224336612
2026-05-25,2026-05-25 11:36:25,V030,61.0,1.0151548302354616
2026-05-25,2026-05-25 11:36:26,V030,62.0,1.014885744597373
2026-05-25,2026-05-25 11:36:27,V030,62.0,1.0134995185487263
2026-05-25,2026-05-25 11:36:28,V030,62.0,1.0158631295000422
2026-05-25,2026-05-25 11:36:29,V030,61.0,1.0135024258991348
2026-05-25,2026-05-25 11:36:30,V030,61.0,1.0128893123893563
2026-05-25,2026-05-25 11:36:31,V030,61.0,1.0141890147452017
2026-05-25,2026-05-25 11:36:32,V030,59.0,1.0139114947643155
2026-05-25,2026-05-25 11:36:33,V030,58.0,1.0138892212961308
2026-05-25,2026-05-25 11:36:34,V030,57.0,1.0137128175283732
2026-05-25,2026-05-25 11:36:35,V030,56.0,1.013911533546254
2026-05-25,2026-05-25 11:36:36,V030,56.0,1.0140486297521794
2026-05-25,2026-05-25 11:36:37,V030,56.0,1.0139802705492165
2026-05-25,2026-05-25 11:36:38,V030,57.0,1.0136736510864717
2026-05-25,2026-05-25 11:36:39,V030,58.0,1.0138494093887533
2026-05-25,2026-05-25 11:36:40,V030,59.0,1.0139118373989555
2026-05-25,2026-05-25 11:36:41,V030,59.0,1.0131596549293873
2026-05-25,2026-05-25 11:36:42,V030,59.0,1.0138960233938217
2026-05-25,2026-05-25 11:36:43,V030,59.0,1.013428005239229
2026-05-25,2026-05-25 11:36:44,V030,59.0,1.0131448255143114
2026-05-25,2026-05-25 11:36:45,V030,59.0,1.0141579038574744
2026-05-25,2026-05-25 11:36:46,V030,59.0,1.0136309876880172
2026-05-25,2026-05-25 11:36:47,V030,58.0,1.0134682887887179
2026-05-25,2026-05-25 11:36:48,V030,58.0,1.0136869323361002
2026-05-25,2026-05-25 11:36:49,V030,58.0,1.0139191136117494
2026-05-25,2026-05-25 11:36:50,V030,57.0,1.0138076568760932
2026-05-25,2026-05-25 11:36:51,V030,56.0,1.0137086740987649
2026-05-25,2026-05-25 11:36:52,V030,55.0,1.0135242772012278
2026-05-25,2026-05-25 11:36:53,V030,55.0,1.0137787108220104
2026-05-25,2026-05-25 11:36:54,V030,55.0,1.0140454453935706
2026-05-25,2026-05-25 11:36:55,V030,55.0,1.0143024925432662
2026-05-25,2026-05-25 11:36:56,V030,55.0,1.013960917596444
2026-05-25,2026-05-25 11:36:57,V030,54.0,1.0137248422593663
2026-05-25,2026-05-25 11:36:58,V030,53.0,1.0136360043333759
2026-05-25,2026-05-25 11:36:59,V030,53.0,1.0142171525201253
2026-05-25,2026-05-25 11:37:00,V030,54.0,1.0138258478546394
2026-05-25,2026-05-25 11:37:01,V030,54.0,1.0136713262701855
2026-05-25,2026-05-25 11:37:02,V030,54.0,1.0141308768604613
2026-05-25,2026-05-25 11:37:03,V030,53.0,1.0137127059555706
2026-05-25,2026-05-25 11:37:04,V030,52.0,1.013424486035098
2026-05-25,2026-05-25 11:37:05,V030,52.0,1.014637141303806
2026-05-25,2026-05-25 11:37:06,V030,51.0,1.0143500251845756
2026-05-25,2026-05-25 11:37:07,V030,51.0,1.013277285153096
2026-05-25,2026-05-25 11:37:08,V030,51.0,1.0138514759465738
2026-05-25,2026-05-25 11:37:09,V030,52.0,1.013389369097307
2026-05-25,2026-05-25 11:37:10,V030,53.0,1.0140817801975834
2026-05-25,2026-05-25 11:37:11,V030,54.0,1.0140234877089962
2026-05-25,2026-05-25 11:37:12,V030,54.0,1.0146144237023356
2026-05-25,2026-05-25 11:37:13,V030,54.0,1.0138931770723947
2026-05-25,2026-05-25 11:37:14,V030,54.0,1.01310494166016
2026-05-25,2026-05-25 11:37:15,V030,54.0,1.0136471163320662
2026-05-25,2026-05-25 11:37:16,V030,54.0,1.013750313974044
2026-05-25,2026-05-25 11:37:17,V030,54.0,1.0141130209266986
2026-05-25,2026-05-25 11:37:18,V030,54.0,1.0135150997601063
2026-05-25,2026-05-25 11:37:19,V030,54.0,1.0134731766950535
2026-05-25,2026-05-25 11:37:20,V030,55.0,1.0140657597359248
2026-05-25,2026-05-25 11:37:21,V030,57.0,1.013905316018264
2026-05-25,2026-05-25 11:37:22,V030,58.0,1.0141719368148299
2026-05-25,2026-05-25 11:37:23,V030,59.0,1.0137958456447902
2026-05-25,2026-05-25 11:37:24,V030,58.0,1.0140396764795596
2026-05-25,2026-05-25 11:37:25,V030,57.0,1.0134095730316928
2026-05-25,2026-05-25 11:37:26,V030,56.0,1.013488490042049
2026-05-25,2026-05-25 11:37:27,V030,54.0,1.0137688881213942
2026-05-25,2026-05-25 11:37:28,V030,53.0,1.0138413544650677
2026-05-25,2026-05-25 11:37:29,V030,53.0,1.0140641883857027
2026-05-25,2026-05-25 11:37:30,V030,53.0,1.0138137296186025
2026-05-25,2026-05-25 11:37:31,V030,53.0,1.013798437947571
2026-05-25,2026-05-25 11:37:32,V030,54.0,1.0139328840527808
2026-05-25,2026-05-25 11:37:33,V030,55.0,1.0135088379139785
2026-05-25,2026-05-25 11:37:34,V030,55.0,1.0138750586807201
2026-05-25,2026-05-25 11:37:35,V030,56.0,1.0140462423618832
2026-05-25,2026-05-25 11:37:36,V030,55.0,1.0142337224310598
2026-05-25,2026-05-25 11:37:37,V030,54.0,1.013709495564319
2026-05-25,2026-05-25 11:37:38,V030,53.0,1.0144239813679268
2026-05-25,2026-05-25 11:37:39,V030,51.0,1.014143880572334
2026-05-25,2026-05-25 11:37:40,V030,50.0,1.0140225497282795
2026-05-25,2026-05-25 11:37:41,V030,50.0,1.0141643241478275
2026-05-25,2026-05-25 11:37:42,V030,50.0,1.0138876652291704
2026-05-25,2026-05-25 11:37:43,V030,50.0,1.01329323451281
2026-05-25,2026-05-25 11:37:44,V030,50.0,1.0136714909282463
2026-05-25,2026-05-25 11:37:45,V030,50.0,1.0139344161530826
2026-05-25,2026-05-25 11:37:46,V030,51.0,1.0143051696782783
2026-05-25,2026-05-25 11:37:47,V030,52.0,1.0139932701743837
2026-05-25,2026-05-25 11:37:48,V030,51.0,1.0136082270570694
2026-05-25,2026-05-25 11:37:49,V030,49.0,1.0140230916432829
2026-05-25,2026-05-25 11:37:50,V030,48.0,1.0144474066747047
2026-05-25,2026-05-25 11:37:51,V030,48.0,1.0138806846923956
2026-05-25,2026-05-25 11:37:52,V030,47.0,1.0141387507190591
2026-05-25,2026-05-25 11:37:53,V030,47.0,1.0142049631467105
2026-05-25,2026-05-25 11:37:54,V030,47.0,1.013694647533466
2026-05-25,2026-05-25 11:37:55,V030,47.0,1.0137767316601005
2026-05-25,2026-05-25 11:37:56,V030,48.0,1.0139488907197653
2026-05-25,2026-05-25 11:37:57,V030,49.0,1.0141654630473622
2026-05-25,2026-05-25 11:37:58,V030,50.0,1.0135527493140641
2026-05-25,2026-05-25 11:37:59,V030,51.0,1.0136592468025798
2026-05-25,2026-05-25 11:38:00,V030,51.0,1.0139829690184592
2026-05-25,2026-05-25 11:38:01,V030,50.0,1.0138031845513786
2026-05-25,2026-05-25 11:38:02,V030,49.0,1.0132689348361765
2026-05-25,2026-05-25 11:38:03,V030,49.0,1.013853187936292
2026-05-25,2026-05-25 11:38:04,V030,48.0,1.0138168348666425
2026-05-25,2026-05-25 11:38:05,V030,48.0,1.0135315929166084
2026-05-25,2026-05-25 11:38:06,V030,48.0,1.0141222664810259
2026-05-25,2026-05-25 11:38:07,V030,48.0,1.0134472162931005
2026-05-25,2026-05-25 11:38:08,V030,48.0,1.0139338593101253
2026-05-25,2026-05-25 11:38:09,V030,49.0,1.0133727471781686
2026-05-25,2026-05-25 11:38:10,V030,50.0,1.013570321151207
2026-05-25,2026-05-25 11:38:11,V030,51.0,1.0138250428963005
2026-05-25,2026-05-25 11:38:12,V030,52.0,1.013083521145894
2026-05-25,2026-05-25 11:38:13,V030,55.0,1.0133059271600349
2026-05-25,2026-05-25 11:38:14,V030,55.0,1.0142679533726802
2026-05-25,2026-05-25 11:38:15,V030,55.0,1.0142100055592895
2026-05-25,2026-05-25 11:38:16,V030,54.0,1.0132323096598053
2026-05-25,2026-05-25 11:38:17,V030,53.0,1.0134139454222038
2026-05-25,2026-05-25 11:38:18,V030,51.0,1.0133851379803918
2026-05-25,2026-05-25 11:38:19,V030,50.0,1.0137398452959065
2026-05-25,2026-05-25 11:38:20,V030,50.0,1.0129887068740393
2026-05-25,2026-05-25 11:38:21,V030,49.0,1.0136163258807431
2026-05-25,2026-05-25 11:38:22,V030,50.0,1.013858646984924
2026-05-25,2026-05-25 11:38:23,V030,50.0,1.0135925739700617
2026-05-25,2026-05-25 11:38:24,V030,51.0,1.012999936953429
2026-05-25,2026-05-25 11:38:25,V030,52.0,1.0137507220656934
2026-05-25,2026-05-25 11:38:26,V030,52.0,1.0141901187808977
2026-05-25,2026-05-25 11:38:27,V030,52.0,1.0139910962702543
2026-05-25,2026-05-25 11:38:28,V030,52.0,1.0138848276837227
2026-05-25,2026-05-25 11:38:29,V030,53.0,1.0137641242518538
2026-05-25,2026-05-25 11:38:30,V030,53.0,1.0138371573149194
2026-05-25,2026-05-25 11:38:31,V030,53.0,1.0133399784741535
2026-05-25,2026-05-25 11:38:32,V030,53.0,1.0134023881939738
2026-05-25,2026-05-25 11:38:33,V030,53.0,1.014072481970329
2026-05-25,2026-05-25 11:38:34,V030,52.0,1.0137283613731174
2026-05-25,2026-05-25 11:38:35,V030,52.0,1.0142485013221445
2026-05-25,2026-05-25 11:38:36,V030,52.0,1.0139635110183118
2026-05-25,2026-05-25 11:38:37,V030,52.0,1.013401862160318
2026-05-25,2026-05-25 11:38:38,V030,52.0,1.0143247903447814
2026-05-25,2026-05-25 11:38:39,V030,52.0,1.0137214112401631
2026-05-25,2026-05-25 11:38:40,V030,52.0,1.013875106577665
2026-05-25,2026-05-25 11:38:41,V030,51.0,1.013595817667709
2026-05-25,2026-05-25 11:38:42,V030,51.0,1.0139506791709765
2026-05-25,2026-05-25 11:38:43,V030,51.0,1.0134539036211057
2026-05-25,2026-05-25 11:38:44,V030,52.0,1.0131599376407259
2026-05-25,2026-05-25 11:38:45,V030,52.0,1.0136696123888511
2026-05-25,2026-05-25 11:38:46,V030,53.0,1.0131987914649798
2026-05-25,2026-05-25 11:38:47,V030,53.0,1.0135500233442822
2026-05-25,2026-05-25 11:38:48,V030,52.0,1.01361823546998
2026-05-25,2026-05-25 11:38:49,V030,52.0,1.0132100008335394
2026-05-25,2026-05-25 11:38:50,V030,51.0,1.0132521538055388
2026-05-25,2026-05-25 11:38:51,V030,50.0,1.0131718754807746
2026-05-25,2026-05-25 11:38:52,V030,50.0,1.0134930033721858
2026-05-25,2026-05-25 11:38:53,V030,50.0,1.0134984778134775
2026-05-25,2026-05-25 11:38:54,V030,50.0,1.0131469637029944
2026-05-25,2026-05-25 11:38:55,V030,50.0,1.013616320118276
2026-05-25,2026-05-25 11:38:56,V030,50.0,1.0135221645572157
2026-05-25,2026-05-25 11:38:57,V030,49.0,1.0134917425637004
2026-05-25,2026-05-25 11:38:58,V030,50.0,1.013093592655035
2026-05-25,2026-05-25 11:38:59,V030,52.0,1.013336454523281
2026-05-25,2026-05-25 11:39:00,V030,52.0,1.0132548040159102
2026-05-25,2026-05-25 11:39:01,V030,52.0,1.0131072211851462
2026-05-25,2026-05-25 11:39:02,V030,51.0,1.0142678919372496
2026-05-25,2026-05-25 11:39:03,V030,51.0,1.013363746260842
2026-05-25,2026-05-25 11:39:04,V030,49.0,1.013278816206105
2026-05-25,2026-05-25 11:39:05,V030,49.0,1.0131517700139714
2026-05-25,2026-05-25 11:39:06,V030,49.0,1.0133641366778123
2026-05-25,2026-05-25 11:39:07,V030,49.0,1.0140898564212426
2026-05-25,2026-05-25 11:39:08,V030,49.0,1.0138202499695568
2026-05-25,2026-05-25 11:39:09,V030,50.0,1.0137871967631693
2026-05-25,2026-05-25 11:39:10,V030,50.0,1.0130571736747778
2026-05-25,2026-05-25 11:39:11,V030,51.0,1.0133039002037099
2026-05-25,2026-05-25 11:39:12,V030,51.0,1.0138255104188487
2026-05-25,2026-05-25 11:39:13,V030,51.0,1.0133102276065684
2026-05-25,2026-05-25 11:39:14,V030,51.0,1.0133617405222437
2026-05-25,2026-05-25 11:39:15,V030,50.0,1.0133009366703254
2026-05-25,2026-05-25 11:39:16,V030,50.0,1.0137988618374778
2026-05-25,2026-05-25 11:39:17,V030,50.0,1.0141895461084307
2026-05-25,2026-05-25 11:39:18,V030,49.0,1.0136496340025827
2026-05-25,2026-05-25 11:39:19,V030,49.0,1.0138617078179017
2026-05-25,2026-05-25 11:39:20,V030,49.0,1.0139960363313538
2026-05-25,2026-05-25 11:39:21,V030,48.0,1.0136640630836613
2026-05-25,2026-05-25 11:39:22,V030,48.0,1.0139532558118918
2026-05-25,2026-05-25 11:39:23,V030,49.0,1.0139914082591386
2026-05-25,2026-05-25 11:39:24,V030,49.0,1.0134596770712898
2026-05-25,2026-05-25 11:39:25,V030,49.0,1.0139726195399112
2026-05-25,2026-05-25 11:39:26,V030,49.0,1.0140115334752726
2026-05-25,2026-05-25 11:39:27,V030,49.0,1.013409979550954
2026-05-25,2026-05-25 11:39:28,V030,49.0,1.0135291236984396
2026-05-25,2026-05-25 11:39:29,V030,49.0,1.0135760826575602
2026-05-25,2026-05-25 11:39:30,V030,49.0,1.0146787199927816
2026-05-25,2026-05-25 11:39:31,V030,49.0,1.0137630663243873
2026-05-25,2026-05-25 11:39:32,V030,49.0,1.0138499931814524
2026-05-25,2026-05-25 11:39:33,V030,49.0,1.0138429545132601
2026-05-25,2026-05-25 11:39:34,V030,49.0,1.0138838249778406
2026-05-25,2026-05-25 11:39:35,V030,49.0,1.0136922613240766
2026-05-25,2026-05-25 11:39:36,V030,49.0,1.0136776880874656
2026-05-25,2026-05-25 11:39:37,V030,49.0,1.0142692201380437
2026-05-25,2026-05-25 11:39:38,V030,48.0,1.0140760984994461
2026-05-25,2026-05-25 11:39:39,V030,48.0,1.0139510562905163
2026-05-25,2026-05-25 11:39:40,V030,48.0,1.0135421536440132
2026-05-25,2026-05-25 11:39:41,V030,48.0,1.0137781802367758
2026-05-25,2026-05-25 11:39:42,V030,48.0,1.0148496767472661
2026-05-25,2026-05-25 11:39:43,V030,48.0,1.0149582734803035
2026-05-25,2026-05-25 11:39:44,V030,48.0,1.0147341696782959
2026-05-25,2026-05-25 11:39:45,V030,48.0,1.0142650878705266
2026-05-25,2026-05-25 11:39:46,V030,48.0,1.0150510339657124
2026-05-25,2026-05-25 11:39:47,V030,48.0,1.013656763377774
2026-05-25,2026-05-25 11:39:48,V030,48.0,1.0144098059914526
2026-05-25,2026-05-25 11:39:49,V030,47.0,1.0141582241979497
2026-05-25,2026-05-25 11:39:50,V030,46.0,1.0152173996747391
2026-05-25,2026-05-25 11:39:51,V030,46.0,1.0143959930015747
2026-05-25,2026-05-25 11:39:52,V030,46.0,1.0145129110735036
2026-05-25,2026-05-25 11:39:53,V030,46.0,1.0144487253950143
2026-05-25,2026-05-25 11:39:54,V030,46.0,1.015214603268742
2026-05-25,2026-05-25 11:39:55,V030,47.0,1.0146048248162243
2026-05-25,2026-05-25 11:39:56,V030,47.0,1.014477913364448
2026-05-25,2026-05-25 11:39:57,V030,47.0,1.0140795636055422
2026-05-25,2026-05-25 11:39:58,V030,46.0,1.0146775163583857
2026-05-25,2026-05-25 11:39:59,V030,46.0,1.0147848562356319
2026-05-25,2026-05-25 11:40:00,V030,46.0,1.014983270059843
2026-05-25,2026-05-25 11:40:01,V030,46.0,1.0140303033874596
2026-05-25,2026-05-25 11:40:02,V030,46.0,1.0142914357132493
2026-05-25,2026-05-25 11:40:03,V030,46.0,1.0144583363481323
2026-05-25,2026-05-25 11:40:04,V030,46.0,1.0143039417101998
2026-05-25,2026-05-25 11:40:05,V030,46.0,1.0145924109842885
2026-05-25,2026-05-25 11:40:06,V030,45.0,1.0147765195185963
2026-05-25,2026-05-25 11:40:07,V030,45.0,1.0146907715537545
2026-05-25,2026-05-25 11:40:08,V030,45.0,1.0144744164635995
2026-05-25,2026-05-25 11:40:09,V030,45.0,1.0145308904312036
2026-05-25,2026-05-25 11:40:10,V030,46.0,1.0154698581738084
2026-05-25,2026-05-25 11:40:11,V030,46.0,1.014521469678059
2026-05-25,2026-05-25 11:40:12,V030,47.0,1.0146002843403186
2026-05-25,2026-05-25 11:40:13,V030,48.0,1.0146663621253336
2026-05-25,2026-05-25 11:40:14,V030,48.0,1.014601433971463
2026-05-25,2026-05-25 11:40:15,V030,48.0,1.0145105033335684
2026-05-25,2026-05-25 11:40:16,V030,47.0,1.0148784419338894
2026-05-25,2026-05-25 11:40:17,V030,47.0,1.0137107906757141
2026-05-25,2026-05-25 11:40:18,V030,47.0,1.0144054384381107
2026-05-25,2026-05-25 11:40:19,V030,46.0,1.0146895247954655
2026-05-25,2026-05-25 11:40:20,V030,46.0,1.0145827908150509
2026-05-25,2026-05-25 11:40:21,V030,46.0,1.0142245619126722
2026-05-25,2026-05-25 11:40:22,V030,46.0,1.0151442216567959
2026-05-25,2026-05-25 11:40:23,V030,46.0,1.014602679322512
2026-05-25,2026-05-25 11:40:24,V030,47.0,1.014692313188791
2026-05-25,2026-05-25 11:40:25,V030,47.0,1.0146103400964088
2026-05-25,2026-05-25 11:40:26,V030,47.0,1.0149849676674054
2026-05-25,2026-05-25 11:40:27,V030,47.0,1.0144085566726984
2026-05-25,2026-05-25 11:40:28,V030,47.0,1.0143202865803944
2026-05-25,2026-05-25 11:40:29,V030,47.0,1.0145854645076449
2026-05-25,2026-05-25 11:40:30,V030,47.0,1.0146436698396486
2026-05-25,2026-05-25 11:40:31,V030,47.0,1.015295720189103
2026-05-25,2026-05-25 11:40:32,V030,47.0,1.0153583761388263
2026-05-25,2026-05-25 11:40:33,V030,46.0,1.0148832626631707
2026-05-25,2026-05-25 11:40:34,V030,47.0,1.0147698589575425
2026-05-25,2026-05-25 11:40:35,V030,47.0,1.0145628484847797
2026-05-25,2026-05-25 11:40:36,V030,48.0,1.0147959173435084
2026-05-25,2026-05-25 11:40:37,V030,50.0,1.0148151475628657
2026-05-25,2026-05-25 11:40:38,V030,51.0,1.0148858031797618
2026-05-25,2026-05-25 11:40:39,V030,51.0,1.014614124030914
2026-05-25,2026-05-25 11:40:40,V030,51.0,1.014454102011855
2026-05-25,2026-05-25 11:40:41,V030,51.0,1.0142353607400325
2026-05-25,2026-05-25 11:40:42,V030,50.0,1.014783274193493
2026-05-25,2026-05-25 11:40:43,V030,49.0,1.0140131469223026
2026-05-25,2026-05-25 11:40:44,V030,48.0,1.0145274553330412
2026-05-25,2026-05-25 11:40:45,V030,48.0,1.0140530159549122
2026-05-25,2026-05-25 11:40:46,V030,48.0,1.0150272159232454
2026-05-25,2026-05-25 11:40:47,V030,47.0,1.0152462787656955
2026-05-25,2026-05-25 11:40:48,V030,47.0,1.0147964381554873
2026-05-25,2026-05-25 11:40:49,V030,47.0,1.014400360285933
2026-05-25,2026-05-25 11:40:50,V030,47.0,1.0145369126787118
2026-05-25,2026-05-25 11:40:51,V030,47.0,1.0145512187988908
2026-05-25,2026-05-25 11:40:52,V030,47.0,1.0151249660208863
2026-05-25,2026-05-25 11:40:53,V030,48.0,1.0145435478901892
2026-05-25,2026-05-25 11:40:54,V030,49.0,1.014445181751815
2026-05-25,2026-05-25 11:40:55,V030,49.0,1.0146929128429756
2026-05-25,2026-05-25 11:40:56,V030,49.0,1.0150591500981292
2026-05-25,2026-05-25 11:40:57,V030,49.0,1.0155569558785655
2026-05-25,2026-05-25 11:40:58,V030,48.0,1.0151788303160056
2026-05-25,2026-05-25 11:40:59,V030,48.0,1.014796256135594
2026-05-25,2026-05-25 11:41:00,V030,48.0,1.0151041740016369
2026-05-25,2026-05-25 11:41:01,V030,48.0,1.0143454477887646
2026-05-25,2026-05-25 11:41:02,V030,48.0,1.0149886834903756
2026-05-25,2026-05-25 11:41:03,V030,48.0,1.0145982869843473
2026-05-25,2026-05-25 11:41:04,V030,48.0,1.0148154183557883
2026-05-25,2026-05-25 11:41:05,V030,48.0,1.0151658628997264
2026-05-25,2026-05-25 11:41:06,V030,48.0,1.0151563375119228
2026-05-25,2026-05-25 11:41:07,V030,48.0,1.0148648149455175
2026-05-25,2026-05-25 11:41:08,V030,48.0,1.0149969563148096
2026-05-25,2026-05-25 11:41:09,V030,48.0,1.0140544149438722
2026-05-25,2026-05-25 11:41:10,V030,48.0,1.0149660658198973
2026-05-25,2026-05-25 11:41:11,V030,49.0,1.0148384391212897
2026-05-25,2026-05-25 11:41:12,V030,49.0,1.013992626264558
2026-05-25,2026-05-25 11:41:13,V030,49.0,1.014798795842372
2026-05-25,2026-05-25 11:41:14,V030,49.0,1.0150320399633133
2026-05-25,2026-05-25 11:41:15,V030,49.0,1.0142499699785978
2026-05-25,2026-05-25 11:41:16,V030,49.0,1.014731719648735
2026-05-25,2026-05-25 11:41:17,V030,49.0,1.014745545744173
2026-05-25,2026-05-25 11:41:18,V030,49.0,1.0150888540913907
2026-05-25,2026-05-25 11:41:19,V030,49.0,1.014796017509659
2026-05-25,2026-05-25 11:41:20,V030,48.0,1.0147759255896642
2026-05-25,2026-05-25 11:41:21,V030,48.0,1.0143735262554212
2026-05-25,2026-05-25 11:41:22,V030,48.0,1.0160669637538715
2026-05-25,2026-05-25 11:41:23,V030,48.0,1.0142768765459815
2026-05-25,2026-05-25 11:41:24,V030,48.0,1.0145066883637075
2026-05-25,2026-05-25 11:41:25,V030,48.0,1.0148493404705607
2026-05-25,2026-05-25 11:41:26,V030,48.0,1.03536340449619
2026-05-25,2026-05-25 11:41:27,V030,47.0,1.0113669324333958
2026-05-25,2026-05-25 11:41:28,V030,47.0,1.07786369022157
2026-05-25,2026-05-25 11:41:29,V030,47.0,0.9642705544253355
2026-05-25,2026-05-25 11:41:30,V030,47.0,1.011203283179354
2026-05-25,2026-05-25 11:41:31,V030,48.0,0.9933667105432938
2026-05-25,2026-05-25 11:41:32,V030,49.0,0.9943294985414174
2026-05-25,2026-05-25 11:41:33,V030,49.0,0.9822298198392603
2026-05-25,2026-05-25 11:41:34,V030,50.0,0.9823330303546963
2026-05-25,2026-05-25 11:41:35,V030,51.0,0.9812102428315811
2026-05-25,2026-05-25 11:41:36,V030,52.0,0.9812749029718721
2026-05-25,2026-05-25 11:41:37,V030,52.0,0.9810778767624767
2026-05-25,2026-05-25 11:41:38,V030,53.0,0.9808560592089347
2026-05-25,2026-05-25 11:41:39,V030,53.0,0.9807862021432725
2026-05-25,2026-05-25 11:41:40,V030,52.0,0.9809995546750664
2026-05-25,2026-05-25 11:41:41,V030,50.0,0.9813113469681822
2026-05-25,2026-05-25 11:41:42,V030,49.0,0.9814190216805048
2026-05-25,2026-05-25 11:41:43,V030,49.0,0.9807536040380936
2026-05-25,2026-05-25 11:41:44,V030,50.0,0.9811064204973059
2026-05-25,2026-05-25 11:41:45,V030,52.0,0.9820697812954272
2026-05-25,2026-05-25 11:41:46,V030,52.0,0.9815693292283209
2026-05-25,2026-05-25 11:41:47,V030,52.0,0.981885673162585
2026-05-25,2026-05-25 11:41:48,V030,54.0,0.9808797307825355
2026-05-25,2026-05-25 11:41:49,V030,55.0,0.9854560230211784
2026-05-25,2026-05-25 11:41:50,V030,57.0,0.9770345171692338
2026-05-25,2026-05-25 11:41:51,V030,59.0,0.9817126550519245
2026-05-25,2026-05-25 11:41:52,V030,64.0,0.9797421152004183
2026-05-25,2026-05-25 11:41:53,V030,68.0,0.9808199155210934
2026-05-25,2026-05-25 11:41:54,V030,71.0,0.9812873381660704
2026-05-25,2026-05-25 11:41:55,V030,74.0,0.986645632515184
2026-05-25,2026-05-25 11:41:56,V030,75.0,0.9923565356822776
2026-05-25,2026-05-25 11:41:57,V030,76.0,0.9988497845306967
2026-05-25,2026-05-25 11:41:58,V030,76.0,1.0433315084869037
2026-05-25,2026-05-25 11:41:59,V030,76.0,0.9970726468558657
2026-05-25,2026-05-25 11:42:00,V030,75.0,1.0080735493726307
2026-05-25,2026-05-25 11:42:01,V030,74.0,1.0104750500856452
2026-05-25,2026-05-25 11:42:02,V030,72.0,1.0356966729811776
2026-05-25,2026-05-25 11:42:03,V030,71.0,1.0522340765132752
2026-05-25,2026-05-25 11:42:04,V030,69.0,1.0292345623832662
2026-05-25,2026-05-25 11:42:05,V030,68.0,1.0028902751833038
2026-05-25,2026-05-25 11:42:06,V030,67.0,1.0124860879763755
2026-05-25,2026-05-25 11:42:07,V030,66.0,0.9885570780626216
2026-05-25,2026-05-25 11:42:08,V030,65.0,1.0088835202018431
2026-05-25,2026-05-25 11:42:09,V030,64.0,1.0518305584600454
2026-05-25,2026-05-25 11:42:10,V030,64.0,1.1370507346524266
2026-05-25,2026-05-25 11:42:11,V030,64.0,1.016368778911338
2026-05-25,2026-05-25 11:42:12,V030,64.0,1.0663479359688264
2026-05-25,2026-05-25 11:42:13,V030,65.0,0.9839500237941695
2026-05-25,2026-05-25 11:42:14,V030,66.0,1.0019227950547798
2026-05-25,2026-05-25 11:42:15,V030,66.0,1.0276885439901002
2026-05-25,2026-05-25 11:42:16,V030,67.0,1.0150143778528158
2026-05-25,2026-05-25 11:42:17,V030,68.0,0.9954350823105556
2026-05-25,2026-05-25 11:42:18,V030,69.0,1.0683748721222668
2026-05-25,2026-05-25 11:42:19,V030,71.0,0.9968705562942615
2026-05-25,2026-05-25 11:42:20,V030,71.0,1.0133073173160863
2026-05-25,2026-05-25 11:42:21,V030,71.0,0.9932188835891814
2026-05-25,2026-05-25 11:42:22,V030,72.0,0.9915300291041919
2026-05-25,2026-05-25 11:42:23,V030,72.0,1.0009140280074982
2026-05-25,2026-05-25 11:42:24,V030,71.0,1.012298542587194
2026-05-25,2026-05-25 11:42:25,V030,72.0,1.028790538590653
2026-05-25,2026-05-25 11:42:26,V030,72.0,1.0235069655214055
2026-05-25,2026-05-25 11:42:27,V030,72.0,1.0456768808109005
2026-05-25,2026-05-25 11:42:28,V030,72.0,0.9907120114006887
2026-05-25,2026-05-25 11:42:29,V030,72.0,1.0174958338668014
2026-05-25,2026-05-25 11:42:30,V030,72.0,0.9896112563751726
2026-05-25,2026-05-25 11:42:31,V030,72.0,1.0376269867820656
2026-05-25,2026-05-25 11:42:32,V030,72.0,0.9622028500910306
2026-05-25,2026-05-25 11:42:33,V030,72.0,1.0740323465732249
2026-05-25,2026-05-25 11:42:34,V030,73.0,0.9779834149445399
2026-05-25,2026-05-25 11:42:35,V030,73.0,0.9905507509882293
2026-05-25,2026-05-25 11:42:36,V030,73.0,1.0847151031027011
2026-05-25,2026-05-25 11:42:37,V030,73.0,1.1257532915552422
2026-05-25,2026-05-25 11:42:38,V030,74.0,1.1297427404264981
2026-05-25,2026-05-25 11:42:39,V030,74.0,1.1387496441970564
2026-05-25,2026-05-25 11:42:40,V030,74.0,1.095301663492379
2026-05-25,2026-05-25 11:42:41,V030,74.0,1.1097317816660148
2026-05-25,2026-05-25 11:42:42,V030,74.0,1.0849112000195313
2026-05-25,2026-05-25 11:42:43,V030,74.0,1.1918741387604488
2026-05-25,2026-05-25 11:42:44,V030,74.0,1.1396721301923238
2026-05-25,2026-05-25 11:42:45,V030,74.0,1.067513520354903
2026-05-25,2026-05-25 11:42:46,V030,74.0,1.0240750955797708
2026-05-25,2026-05-25 11:42:47,V030,74.0,1.0516109803347702
2026-05-25,2026-05-25 11:42:48,V030,74.0,1.01250817416481
2026-05-25,2026-05-25 11:42:49,V030,74.0,1.0492627702601711
2026-05-25,2026-05-25 11:42:50,V030,74.0,0.9867514345349278
2026-05-25,2026-05-25 11:42:51,V030,74.0,1.0196714290625695
2026-05-25,2026-05-25 11:42:52,V030,74.0,0.9947897295180211
2026-05-25,2026-05-25 11:42:53,V030,74.0,0.9796645497728282
2026-05-25,2026-05-25 11:42:54,V030,74.0,1.0731663614732985
2026-05-25,2026-05-25 11:42:55,V030,74.0,0.9301808370462261
2026-05-25,2026-05-25 11:42:56,V030,74.0,1.027179926086911
2026-05-25,2026-05-25 11:42:57,V030,74.0,1.026314911449518
2026-05-25,2026-05-25 11:42:58,V030,74.0,1.0069290126360924
2026-05-25,2026-05-25 11:42:59,V030,74.0,0.9909242505019848
2026-05-25,2026-05-25 11:43:00,V030,74.0,1.0028385892139597
2026-05-25,2026-05-25 11:43:01,V030,74.0,0.99481517468173
2026-05-25,2026-05-25 11:43:02,V030,74.0,0.9832867331876893
2026-05-25,2026-05-25 11:43:03,V030,74.0,1.0107131256352202
2026-05-25,2026-05-25 11:43:04,V030,74.0,1.011011336071206
2026-05-25,2026-05-25 11:43:05,V030,74.0,1.008713647481391
2026-05-25,2026-05-25 11:43:06,V030,74.0,1.010346345878028
2026-05-25,2026-05-25 11:43:07,V030,75.0,1.0055713080909394
2026-05-25,2026-05-25 11:43:08,V030,75.0,1.005439327528655
2026-05-25,2026-05-25 11:43:09,V030,75.0,1.0124170648302875
2026-05-25,2026-05-25 11:43:10,V030,75.0,1.015886601063123
2026-05-25,2026-05-25 11:43:11,V030,75.0,1.012969470226501
2026-05-25,2026-05-25 11:43:12,V030,75.0,1.007712640370288
2026-05-25,2026-05-25 11:43:13,V030,75.0,1.0152846851445194
2026-05-25,2026-05-25 11:43:14,V030,76.0,1.0104718241557382
2026-05-25,2026-05-25 11:43:15,V030,76.0,1.012328810384623
2026-05-25,2026-05-25 11:43:16,V030,76.0,1.0109168829543203
2026-05-25,2026-05-25 11:43:17,V030,76.0,1.0117750853673937
2026-05-25,2026-05-25 11:43:18,V030,76.0,1.0111003905924922
2026-05-25,2026-05-25 11:43:19,V030,76.0,1.0159991251690268
2026-05-25,2026-05-25 11:43:20,V030,76.0,1.011439061851677
2026-05-25,2026-05-25 11:43:21,V030,77.0,1.008941042040954
2026-05-25,2026-05-25 11:43:22,V030,77.0,1.0056412024104882
2026-05-25,2026-05-25 11:43:23,V030,77.0,1.0114928608872795
2026-05-25,2026-05-25 11:43:24,V030,77.0,1.0137227840913985
2026-05-25,2026-05-25 11:43:25,V030,77.0,1.015602118105598
2026-05-25,2026-05-25 11:43:26,V030,77.0,1.015263040704094
2026-05-25,2026-05-25 11:43:27,V030,77.0,1.0039326124991368
2026-05-25,2026-05-25 11:43:28,V030,76.0,1.0172133336563132
2026-05-25,2026-05-25 11:43:29,V030,76.0,1.013140613482861
2026-05-25,2026-05-25 11:43:30,V030,75.0,1.0091290396582535
2026-05-25,2026-05-25 11:43:31,V030,75.0,1.0114542654426764
2026-05-25,2026-05-25 11:43:32,V030,75.0,1.0147443851693214
2026-05-25,2026-05-25 11:43:33,V030,75.0,1.008684450041383
2026-05-25,2026-05-25 11:43:34,V030,75.0,1.0093450121125531
2026-05-25,2026-05-25 11:43:35,V030,75.0,1.012666845069584
2026-05-25,2026-05-25 11:43:36,V030,75.0,1.0133194851583096
2026-05-25,2026-05-25 11:43:37,V030,75.0,1.0137833224786656
2026-05-25,2026-05-25 11:43:38,V030,75.0,1.0229993551805847
2026-05-25,2026-05-25 11:43:39,V030,76.0,1.013827527627343
2026-05-25,2026-05-25 11:43:40,V030,76.0,1.0074932115153747
2026-05-25,2026-05-25 11:43:41,V030,76.0,1.0098814026097935
2026-05-25,2026-05-25 11:43:42,V030,75.0,1.0090192519712229
2026-05-25,2026-05-25 11:43:43,V030,75.0,1.012544516491848
2026-05-25,2026-05-25 11:43:44,V030,75.0,1.0102760995299787
2026-05-25,2026-05-25 11:43:45,V030,74.0,1.016035305637144
2026-05-25,2026-05-25 11:43:46,V030,74.0,1.012475151120072
2026-05-25,2026-05-25 11:43:47,V030,74.0,1.0106345820156533
2026-05-25,2026-05-25 11:43:48,V030,74.0,1.012218972672311
2026-05-25,2026-05-25 11:43:49,V030,74.0,1.0126380409580114
2026-05-25,2026-05-25 11:43:50,V030,74.0,1.0165832833883417
2026-05-25,2026-05-25 11:43:51,V030,74.0,1.0127974352320126
2026-05-25,2026-05-25 11:43:52,V030,73.0,1.0085440557550815
2026-05-25,2026-05-25 11:43:53,V030,73.0,1.0119271993563377
2026-05-25,2026-05-25 11:43:54,V030,73.0,1.0162224667598887
2026-05-25,2026-05-25 11:43:55,V030,73.0,1.0100952657298148
2026-05-25,2026-05-25 11:43:56,V030,73.0,1.012252555310451
2026-05-25,2026-05-25 11:43:57,V030,72.0,1.010924844273916
2026-05-25,2026-05-25 11:43:58,V030,71.0,1.0100120496374063
2026-05-25,2026-05-25 11:43:59,V030,71.0,1.0076984005373624
2026-05-25,2026-05-25 11:44:00,V030,71.0,1.010165209454714
2026-05-25,2026-05-25 11:44:01,V030,71.0,1.007418113128782
2026-05-25,2026-05-25 11:44:02,V030,71.0,1.0149286278012266
2026-05-25,2026-05-25 11:44:03,V030,71.0,1.010714453665122
2026-05-25,2026-05-25 11:44:04,V030,71.0,1.0087591650375283
2026-05-25,2026-05-25 11:44:05,V030,70.0,1.010924022347641
2026-05-25,2026-05-25 11:44:06,V030,70.0,1.0278205977739634
2026-05-25,2026-05-25 11:44:07,V030,70.0,1.025208340537695
2026-05-25,2026-05-25 11:44:08,V030,70.0,1.018156307139635
2026-05-25,2026-05-25 11:44:09,V030,70.0,1.0049860176079908
2026-05-25,2026-05-25 11:44:10,V030,70.0,1.0093092572291975
2026-05-25,2026-05-25 11:44:11,V030,70.0,1.0119350904955078
2026-05-25,2026-05-25 11:44:12,V030,69.0,1.0119322076429096
2026-05-25,2026-05-25 11:44:13,V030,69.0,1.0087111320530215
2026-05-25,2026-05-25 11:44:14,V030,69.0,1.0159130582493365
2026-05-25,2026-05-25 11:44:15,V030,69.0,1.0146428366579492
2026-05-25,2026-05-25 11:44:16,V030,68.0,1.0174919124768105
2026-05-25,2026-05-25 11:44:17,V030,68.0,1.0111425387308313
2026-05-25,2026-05-25 11:44:18,V030,68.0,1.011218891951711
2026-05-25,2026-05-25 11:44:19,V030,67.0,1.0155402034339494
2026-05-25,2026-05-25 11:44:20,V030,67.0,0.9997058148968222
2026-05-25,2026-05-25 11:44:21,V030,66.0,1.0217500264974217
2026-05-25,2026-05-25 11:44:22,V030,66.0,1.0122566024588775
2026-05-25,2026-05-25 11:44:23,V030,66.0,1.0111126986544265
2026-05-25,2026-05-25 11:44:24,V030,65.0,1.0271917725016806
2026-05-25,2026-05-25 11:44:25,V030,65.0,1.009216029668965
2026-05-25,2026-05-25 11:44:26,V030,63.0,1.0127628702028273
2026-05-25,2026-05-25 11:44:27,V030,60.0,1.0112697332027554
2026-05-25,2026-05-25 11:44:28,V030,59.0,1.0121444318589683
2026-05-25,2026-05-25 11:44:29,V030,59.0,1.0098235052476456
2026-05-25,2026-05-25 11:44:30,V030,59.0,1.0112659857799173
2026-05-25,2026-05-25 11:44:31,V030,59.0,1.008825154500643
2026-05-25,2026-05-25 11:44:32,V030,58.0,1.013993864333751
2026-05-25,2026-05-25 11:44:33,V030,58.0,1.0296178866490207
2026-05-25,2026-05-25 11:44:34,V030,58.0,1.0453565957734763
2026-05-25,2026-05-25 11:44:35,V030,57.0,0.93187367710157
2026-05-25,2026-05-25 11:44:36,V030,57.0,1.0975328701097027
2026-05-25,2026-05-25 11:44:37,V030,56.0,1.0568985884051874
2026-05-25,2026-05-25 11:44:38,V030,55.0,1.1343236510455854
2026-05-25,2026-05-25 11:44:39,V030,55.0,1.104968439517801
2026-05-25,2026-05-25 11:44:40,V030,55.0,0.9947268298119991
2026-05-25,2026-05-25 11:44:41,V030,56.0,1.0027681940853548
2026-05-25,2026-05-25 11:44:42,V030,56.0,1.0118603024637882
2026-05-25,2026-05-25 11:44:43,V030,56.0,1.0617439684601402
2026-05-25,2026-05-25 11:44:44,V030,57.0,0.9819634052667743
2026-05-25,2026-05-25 11:44:45,V030,57.0,0.9992261937881098
2026-05-25,2026-05-25 11:44:46,V030,57.0,1.0115924274071524
2026-05-25,2026-05-25 11:44:47,V030,57.0,1.0120247951847825
2026-05-25,2026-05-25 11:44:48,V030,57.0,1.0129803229169052
2026-05-25,2026-05-25 11:44:49,V030,56.0,1.0112932262861856
2026-05-25,2026-05-25 11:44:50,V030,56.0,1.0138379433180336
2026-05-25,2026-05-25 11:44:51,V030,55.0,1.015269352399217
2026-05-25,2026-05-25 11:44:52,V030,54.0,1.009255173926329
2026-05-25,2026-05-25 11:44:53,V030,53.0,1.008623784704051
2026-05-25,2026-05-25 11:44:54,V030,52.0,1.0123944649412602
2026-05-25,2026-05-25 11:44:55,V030,49.0,1.011670596553562
2026-05-25,2026-05-25 11:44:56,V030,47.0,1.0122517460688298
2026-05-25,2026-05-25 11:44:57,V030,47.0,1.011369117305433
2026-05-25,2026-05-25 11:44:58,V030,46.0,1.0121896093975071
2026-05-25,2026-05-25 11:44:59,V030,45.0,1.011476815332811
2026-05-25,2026-05-25 11:45:00,V030,45.0,1.0114302218749456
2026-05-25,2026-05-25 11:45:01,V030,45.0,1.012362137037779
2026-05-25,2026-05-25 11:45:02,V030,46.0,1.014186189121863
2026-05-25,2026-05-25 11:45:03,V030,46.0,1.0126318414943059
2026-05-25,2026-05-25 11:45:04,V030,46.0,1.0116146942183284
2026-05-25,2026-05-25 11:45:05,V030,46.0,1.012059816792022
2026-05-25,2026-05-25 11:45:06,V030,46.0,1.0131221156382835
2026-05-25,2026-05-25 11:45:07,V030,47.0,1.0149282248200966
2026-05-25,2026-05-25 11:45:08,V030,47.0,1.013440417993989
2026-05-25,2026-05-25 11:45:09,V030,47.0,1.0225308564717028
2026-05-25,2026-05-25 11:45:10,V030,47.0,1.0565667112307455
2026-05-25,2026-05-25 11:45:11,V030,47.0,0.9792262446127914
2026-05-25,2026-05-25 11:45:12,V030,47.0,1.0188550908069003
2026-05-25,2026-05-25 11:45:13,V030,48.0,1.0098082014263308
2026-05-25,2026-05-25 11:45:14,V030,48.0,1.0157469628494065
2026-05-25,2026-05-25 11:45:15,V030,48.0,0.9921739121777082
2026-05-25,2026-05-25 11:45:16,V030,48.0,0.9978331849385649
2026-05-25,2026-05-25 11:45:17,V030,49.0,1.0022031171919463
2026-05-25,2026-05-25 11:45:18,V030,49.0,1.0126772437441727
2026-05-25,2026-05-25 11:45:19,V030,49.0,1.0124363320028134
2026-05-25,2026-05-25 11:45:20,V030,49.0,1.010497357653196
2026-05-25,2026-05-25 11:45:21,V030,50.0,1.0124991932757312
2026-05-25,2026-05-25 11:45:22,V030,50.0,1.0127260809433625
2026-05-25,2026-05-25 11:45:23,V030,50.0,1.0129669119344569
2026-05-25,2026-05-25 11:45:24,V030,50.0,1.012960196491635
2026-05-25,2026-05-25 11:45:25,V030,51.0,1.0125789994128656
2026-05-25,2026-05-25 11:45:26,V030,51.0,1.0121872810583437
2026-05-25,2026-05-25 11:45:27,V030,51.0,1.0128022737034463
2026-05-25,2026-05-25 11:45:28,V030,51.0,1.0145310598156638
2026-05-25,2026-05-25 11:45:29,V030,51.0,1.0123833216780984
2026-05-25,2026-05-25 11:45:30,V030,52.0,1.01277667246951
2026-05-25,2026-05-25 11:45:31,V030,52.0,1.0120334316318156
2026-05-25,2026-05-25 11:45:32,V030,52.0,1.0106225856120183
2026-05-25,2026-05-25 11:45:33,V030,52.0,1.012477071074336
2026-05-25,2026-05-25 11:45:34,V030,53.0,1.0127747952567814
2026-05-25,2026-05-25 11:45:35,V030,54.0,1.01347758685956
2026-05-25,2026-05-25 11:45:36,V030,54.0,1.013190449997218
2026-05-25,2026-05-25 11:45:37,V030,55.0,1.0129206152799708
2026-05-25,2026-05-25 11:45:38,V030,55.0,1.0311613827257504
2026-05-25,2026-05-25 11:45:39,V030,55.0,1.1138674891715878
2026-05-25,2026-05-25 11:45:40,V030,56.0,1.077616795593395
2026-05-25,2026-05-25 11:45:41,V030,57.0,1.0652216796499945
2026-05-25,2026-05-25 11:45:42,V030,58.0,0.9881260036118471
2026-05-25,2026-05-25 11:45:43,V030,58.0,0.9798952154355611
2026-05-25,2026-05-25 11:45:44,V030,58.0,1.0789467307005174
2026-05-25,2026-05-25 11:45:45,V030,59.0,1.0159919748203439
2026-05-25,2026-05-25 11:45:46,V030,59.0,0.9863350363080229
2026-05-25,2026-05-25 11:45:47,V030,59.0,0.9957973425780136
2026-05-25,2026-05-25 11:45:48,V030,59.0,1.0557300707513413
2026-05-25,2026-05-25 11:45:49,V030,59.0,1.0106609648459046
2026-05-25,2026-05-25 11:45:50,V030,59.0,1.0112191382027245
2026-05-25,2026-05-25 11:45:51,V030,59.0,1.0117470784442237
2026-05-25,2026-05-25 11:45:52,V030,59.0,1.0113203100457293
2026-05-25,2026-05-25 11:45:53,V030,,1.0111554173088069
2026-05-25,2026-05-25 11:45:54,V030,,1.0113038944413357
2026-05-25,2026-05-25 11:45:55,V030,,1.0115404819904095
2026-05-25,2026-05-25 11:45:56,V030,,1.011404483052065
2026-05-25,2026-05-25 11:45:57,V030,,1.0110917512720248
2026-05-25,2026-05-25 11:45:58,V030,,1.0114367405429332
2026-05-25,2026-05-25 11:45:59,V030,,1.0113822517615831
2026-05-25,2026-05-25 11:46:00,V030,,1.0115412530313772
2026-05-25,2026-05-25 11:46:01,V030,,1.0120493215737363
2026-05-25,2026-05-25 11:46:02,V030,,1.0115470501192907
2026-05-25,2026-05-25 11:46:03,V030,,1.0115351885853683
2026-05-25,2026-05-25 11:46:04,V030,,1.0350050573145955
2026-05-25,2026-05-25 11:46:05,V030,,1.0514019822978093
2026-05-25,2026-05-25 11:46:06,V030,,0.9807204685184474
2026-05-25,2026-05-25 11:46:07,V030,,1.0500805456494675
2026-05-25,2026-05-25 11:46:08,V030,,1.0037087490372865
2026-05-25,2026-05-25 11:46:09,V030,,1.0460031163673618
2026-05-25,2026-05-25 11:46:10,V030,,1.0513211509421532
2026-05-25,2026-05-25 11:46:11,V030,,1.0179436765511247
2026-05-25,2026-05-25 11:46:12,V030,,0.9954532133967915
2026-05-25,2026-05-25 11:46:13,V030,,1.0329227650396418
2026-05-25,2026-05-25 11:46:14,V030,,1.0594713400074829
2026-05-25,2026-05-25 11:46:15,V030,,1.0803151618640146
2026-05-25,2026-05-25 11:46:16,V030,,1.0559437784415149
2026-05-25,2026-05-25 11:46:17,V030,,1.0443010899085468
2026-05-25,2026-05-25 11:46:18,V030,,1.077533393045879
2026-05-25,2026-05-25 11:46:19,V030,,1.0873369326067819
2026-05-25,2026-05-25 11:46:20,V030,,1.0387810317887927
2026-05-25,2026-05-25 11:46:21,V030,,1.0446018545520344
2026-05-25,2026-05-25 11:46:22,V030,,1.0777806562636276
2026-05-25,2026-05-25 11:46:23,V030,,1.0940562466949173
2026-05-25,2026-05-25 11:46:24,V030,,1.1310576462468782
2026-05-25,2026-05-25 11:46:25,V030,,0.945552308736419
2026-05-25,2026-05-25 11:46:26,V030,,1.0973819903759052
2026-05-25,2026-05-25 11:46:27,V030,,1.1126159808876241
2026-05-25,2026-05-25 11:46:28,V030,,1.095106978885598
2026-05-25,2026-05-25 11:46:29,V030,,1.081518814600408
2026-05-25,2026-05-25 11:46:30,V030,,1.0478287913339293
2026-05-25,2026-05-25 11:46:31,V030,,1.0550339263602158
2026-05-25,2026-05-25 11:46:32,V030,,1.0665788660049837
2026-05-25,2026-05-25 11:46:33,V030,,1.083397727793869
2026-05-25,2026-05-25 11:46:34,V030,,1.0852066732059258
2026-05-25,2026-05-25 11:46:35,V030,,1.0834831295207121
2026-05-25,2026-05-25 11:46:36,V030,,1.1015863704075894
2026-05-25,2026-05-25 11:46:37,V030,,1.1072606207996574
2026-05-25,2026-05-25 11:46:38,V030,,1.1159412640093058
2026-05-25,2026-05-25 11:46:39,V030,,1.0584206743997737
2026-05-25,2026-05-25 11:46:40,V030,,1.0230942231173856
2026-05-25,2026-05-25 11:46:41,V030,,1.0560052946593683
2026-05-25,2026-05-25 11:46:42,V030,,1.0493420559520064
2026-05-25,2026-05-25 11:46:43,V030,,1.0922660835271818
2026-05-25,2026-05-25 11:46:44,V030,,1.0593825240408559
2026-05-25,2026-05-25 11:46:45,V030,,1.0592226244196186
2026-05-25,2026-05-25 11:46:46,V030,,0.9484485717731508
2026-05-25,2026-05-25 11:46:47,V030,,1.245015956430574
2026-05-25,2026-05-25 11:46:48,V030,,1.031944998410619
2026-05-25,2026-05-25 11:46:49,V030,,1.0144130373732574
2026-05-25,2026-05-25 11:46:50,V030,,1.0139264913997674
2026-05-25,2026-05-25 11:46:51,V030,,1.0129398529648266
2026-05-25,2026-05-25 11:46:52,V030,,1.0137888832120994
2026-05-25,2026-05-25 11:46:53,V030,,1.0132180255353311
2026-05-25,2026-05-25 11:46:54,V030,,1.013537705075297
2026-05-25,2026-05-25 11:46:55,V030,,1.0143954091041993
2026-05-25,2026-05-25 11:46:56,V030,59.0,1.0144432034724522
2026-05-25,2026-05-25 11:46:57,V030,59.0,1.0148299824838287
2026-05-25,2026-05-25 11:46:58,V030,59.0,1.0142699248651843
2026-05-25,2026-05-25 11:46:59,V030,60.0,1.013976767320036
2026-05-25,2026-05-25 11:47:00,V030,60.0,1.0204812245306214
2026-05-25,2026-05-25 11:47:01,V030,62.0,0.9411200391985164
2026-05-25,2026-05-25 11:47:02,V030,62.0,1.0877110964137526
2026-05-25,2026-05-25 11:47:03,V030,62.0,0.9480147245976998
2026-05-25,2026-05-25 11:47:04,V030,63.0,1.0416686934061645
2026-05-25,2026-05-25 11:47:05,V030,63.0,1.0741525716840914
2026-05-25,2026-05-25 11:47:06,V030,64.0,1.079178156771683
2026-05-25,2026-05-25 11:47:07,V030,64.0,1.0116447840289935
2026-05-25,2026-05-25 11:47:08,V030,64.0,1.0011415367215828
2026-05-25,2026-05-25 11:47:09,V030,64.0,1.046967096919965
2026-05-25,2026-05-25 11:47:10,V030,64.0,0.999259322066441
2026-05-25,2026-05-25 11:47:11,V030,64.0,1.0462566589076974
2026-05-25,2026-05-25 11:47:12,V030,65.0,1.0310693167543405
2026-05-25,2026-05-25 11:47:13,V030,65.0,1.094107939552913
2026-05-25,2026-05-25 11:47:14,V030,65.0,1.0400735422570404
2026-05-25,2026-05-25 11:47:15,V030,65.0,0.9803855107715245
2026-05-25,2026-05-25 11:47:16,V030,65.0,1.0468117261389578
2026-05-25,2026-05-25 11:47:17,V030,65.0,1.0299475892501906
2026-05-25,2026-05-25 11:47:18,V030,,1.0045348805112995
