Date,Timestamp,SensorID,HeartRate,AccNorm
2026-05-25,2026-05-25 11:10:08,V022,,1.0081796923154402
2026-05-25,2026-05-25 11:10:09,V022,,1.0096124863279998
2026-05-25,2026-05-25 11:10:10,V022,,1.0099679842154927
2026-05-25,2026-05-25 11:10:11,V022,,1.0105534178317341
2026-05-25,2026-05-25 11:10:12,V022,,1.0103882089080682
2026-05-25,2026-05-25 11:10:13,V022,,1.0092589136361714
2026-05-25,2026-05-25 11:10:14,V022,,1.0105852295510718
2026-05-25,2026-05-25 11:10:15,V022,,1.0092281476607232
2026-05-25,2026-05-25 11:10:16,V022,,1.0102986505874971
2026-05-25,2026-05-25 11:10:17,V022,,1.009526547816385
2026-05-25,2026-05-25 11:10:18,V022,,1.0103277851437047
2026-05-25,2026-05-25 11:10:19,V022,,1.0094906413602083
2026-05-25,2026-05-25 11:10:20,V022,,1.0093886978390496
2026-05-25,2026-05-25 11:10:21,V022,,1.0260142415163032
2026-05-25,2026-05-25 11:10:22,V022,,0.9357794866189694
2026-05-25,2026-05-25 11:10:23,V022,,0.9768421627088101
2026-05-25,2026-05-25 11:10:24,V022,,1.007833293984171
2026-05-25,2026-05-25 11:10:25,V022,,1.0051780344397396
2026-05-25,2026-05-25 11:10:26,V022,,1.0079245770341585
2026-05-25,2026-05-25 11:10:27,V022,,1.0071649226951018
2026-05-25,2026-05-25 11:10:28,V022,,1.0080804046174134
2026-05-25,2026-05-25 11:10:29,V022,,1.0086887881217776
2026-05-25,2026-05-25 11:10:30,V022,,1.0094452012377262
2026-05-25,2026-05-25 11:10:31,V022,,1.033210724232232
2026-05-25,2026-05-25 11:10:32,V022,,1.0081497866183347
2026-05-25,2026-05-25 11:10:33,V022,,1.0073966278705266
2026-05-25,2026-05-25 11:10:34,V022,,1.0079264443578444
2026-05-25,2026-05-25 11:10:35,V022,,1.0075284090514156
2026-05-25,2026-05-25 11:10:36,V022,,1.0076040768521426
2026-05-25,2026-05-25 11:10:37,V022,,1.0074773211647
2026-05-25,2026-05-25 11:10:38,V022,,1.0086414556665362
2026-05-25,2026-05-25 11:10:39,V022,,1.0070026797410507
2026-05-25,2026-05-25 11:10:40,V022,,1.007561723203313
2026-05-25,2026-05-25 11:10:41,V022,,1.0054631311178586
2026-05-25,2026-05-25 11:10:42,V022,,1.0535569451303954
2026-05-25,2026-05-25 11:10:43,V022,,0.996800091371303
2026-05-25,2026-05-25 11:10:44,V022,,1.0216697309632026
2026-05-25,2026-05-25 11:10:45,V022,,1.0103775889130928
2026-05-25,2026-05-25 11:10:46,V022,,1.0349201793392615
2026-05-25,2026-05-25 11:10:47,V022,,1.0084717904355787
2026-05-25,2026-05-25 11:10:48,V022,,0.978263673447168
2026-05-25,2026-05-25 11:10:49,V022,,1.0086652740626034
2026-05-25,2026-05-25 11:10:50,V022,,1.0081617882647964
2026-05-25,2026-05-25 11:10:51,V022,,1.0080027359110486
2026-05-25,2026-05-25 11:10:52,V022,,1.0194600363309596
2026-05-25,2026-05-25 11:10:53,V022,99.0,1.0151956197328689
2026-05-25,2026-05-25 11:10:54,V022,99.0,1.159077887930817
2026-05-25,2026-05-25 11:10:55,V022,99.0,1.0093233729999482
2026-05-25,2026-05-25 11:10:56,V022,99.0,1.0083956091942203
2026-05-25,2026-05-25 11:10:57,V022,98.0,1.0073803782563753
2026-05-25,2026-05-25 11:10:58,V022,98.0,1.0077367759027116
2026-05-25,2026-05-25 11:10:59,V022,98.0,1.0076145071531408
2026-05-25,2026-05-25 11:11:00,V022,98.0,1.0083832467787461
2026-05-25,2026-05-25 11:11:01,V022,98.0,1.008664278480136
2026-05-25,2026-05-25 11:11:02,V022,97.0,1.0084921396922937
2026-05-25,2026-05-25 11:11:03,V022,97.0,1.00812148767896
2026-05-25,2026-05-25 11:11:04,V022,97.0,1.0086273930732461
2026-05-25,2026-05-25 11:11:05,V022,97.0,1.0077059733145357
2026-05-25,2026-05-25 11:11:06,V022,97.0,1.0088408488048266
2026-05-25,2026-05-25 11:11:07,V022,97.0,1.008004367206295
2026-05-25,2026-05-25 11:11:08,V022,97.0,1.008260879833908
2026-05-25,2026-05-25 11:11:09,V022,96.0,1.0082639443812582
2026-05-25,2026-05-25 11:11:10,V022,96.0,1.0079421287806534
2026-05-25,2026-05-25 11:11:11,V022,96.0,1.0080874543078526
2026-05-25,2026-05-25 11:11:12,V022,95.0,1.008023026204321
2026-05-25,2026-05-25 11:11:13,V022,94.0,1.0087948745327928
2026-05-25,2026-05-25 11:11:14,V022,93.0,1.0077814033315131
2026-05-25,2026-05-25 11:11:15,V022,92.0,1.0086912934736152
2026-05-25,2026-05-25 11:11:16,V022,91.0,1.0084106630358285
2026-05-25,2026-05-25 11:11:17,V022,90.0,1.008179605010264
2026-05-25,2026-05-25 11:11:18,V022,89.0,1.0086771446163956
2026-05-25,2026-05-25 11:11:19,V022,88.0,1.0088861099132527
2026-05-25,2026-05-25 11:11:20,V022,87.0,1.0086525892930132
2026-05-25,2026-05-25 11:11:21,V022,86.0,1.008076133099451
2026-05-25,2026-05-25 11:11:22,V022,85.0,1.0081626033530269
2026-05-25,2026-05-25 11:11:23,V022,85.0,1.0077219860747282
2026-05-25,2026-05-25 11:11:24,V022,86.0,1.0084495855231321
2026-05-25,2026-05-25 11:11:25,V022,85.0,1.0074663341557555
2026-05-25,2026-05-25 11:11:26,V022,85.0,1.0083098331825857
2026-05-25,2026-05-25 11:11:27,V022,85.0,1.0079274258288762
2026-05-25,2026-05-25 11:11:28,V022,85.0,1.0087473320282088
2026-05-25,2026-05-25 11:11:29,V022,85.0,1.0080550199226204
2026-05-25,2026-05-25 11:11:30,V022,84.0,1.0085317714348316
2026-05-25,2026-05-25 11:11:31,V022,84.0,1.008458099681887
2026-05-25,2026-05-25 11:11:32,V022,83.0,1.0086814653809046
2026-05-25,2026-05-25 11:11:33,V022,83.0,1.0074208114042311
2026-05-25,2026-05-25 11:11:34,V022,82.0,1.008118767468071
2026-05-25,2026-05-25 11:11:35,V022,81.0,1.0080883672775072
2026-05-25,2026-05-25 11:11:36,V022,80.0,1.0080930258248153
2026-05-25,2026-05-25 11:11:37,V022,79.0,1.0084359479241858
2026-05-25,2026-05-25 11:11:38,V022,79.0,1.0082757979724033
2026-05-25,2026-05-25 11:11:39,V022,78.0,1.007164525000054
2026-05-25,2026-05-25 11:11:40,V022,77.0,1.0082201596458935
2026-05-25,2026-05-25 11:11:41,V022,76.0,1.0074986216875577
2026-05-25,2026-05-25 11:11:42,V022,74.0,1.0102712206040971
2026-05-25,2026-05-25 11:11:43,V022,74.0,1.0080754562427567
2026-05-25,2026-05-25 11:11:44,V022,74.0,1.0067612680180875
2026-05-25,2026-05-25 11:11:45,V022,73.0,1.007503643534903
2026-05-25,2026-05-25 11:11:46,V022,73.0,1.0080486255997192
2026-05-25,2026-05-25 11:11:47,V022,73.0,1.0098481140426763
2026-05-25,2026-05-25 11:11:48,V022,72.0,1.0080193904910346
2026-05-25,2026-05-25 11:11:49,V022,72.0,1.0117467983931616
2026-05-25,2026-05-25 11:11:50,V022,72.0,1.0076535000318327
2026-05-25,2026-05-25 11:11:51,V022,72.0,1.0072502427994057
2026-05-25,2026-05-25 11:11:52,V022,73.0,1.00948448012885
2026-05-25,2026-05-25 11:11:53,V022,73.0,1.0081541861936607
2026-05-25,2026-05-25 11:11:54,V022,73.0,1.0079768980320223
2026-05-25,2026-05-25 11:11:55,V022,73.0,1.0082093579066564
2026-05-25,2026-05-25 11:11:56,V022,72.0,1.0093412180313404
2026-05-25,2026-05-25 11:11:57,V022,72.0,1.0085195625870196
2026-05-25,2026-05-25 11:11:58,V022,71.0,1.0070693151117187
2026-05-25,2026-05-25 11:11:59,V022,72.0,1.0070401435743155
2026-05-25,2026-05-25 11:12:00,V022,72.0,1.008068765689418
2026-05-25,2026-05-25 11:12:01,V022,73.0,1.010463074410068
2026-05-25,2026-05-25 11:12:02,V022,73.0,1.008189224251793
2026-05-25,2026-05-25 11:12:03,V022,73.0,1.0084757828224904
2026-05-25,2026-05-25 11:12:04,V022,73.0,1.008223326412039
2026-05-25,2026-05-25 11:12:05,V022,73.0,1.0072958406180048
2026-05-25,2026-05-25 11:12:06,V022,73.0,1.0096305188667805
2026-05-25,2026-05-25 11:12:07,V022,73.0,1.0076401524434186
2026-05-25,2026-05-25 11:12:08,V022,73.0,1.009087475425808
2026-05-25,2026-05-25 11:12:09,V022,73.0,1.008528883158323
2026-05-25,2026-05-25 11:12:10,V022,72.0,1.0094898934496213
2026-05-25,2026-05-25 11:12:11,V022,72.0,1.0083287717134455
2026-05-25,2026-05-25 11:12:12,V022,71.0,1.0090452384644975
2026-05-25,2026-05-25 11:12:13,V022,71.0,1.008955870098349
2026-05-25,2026-05-25 11:12:14,V022,70.0,1.0076977111016103
2026-05-25,2026-05-25 11:12:15,V022,70.0,1.0078425108971618
2026-05-25,2026-05-25 11:12:16,V022,69.0,0.9987956548475057
2026-05-25,2026-05-25 11:12:17,V022,69.0,1.0076308971970696
2026-05-25,2026-05-25 11:12:18,V022,68.0,1.0071741694254293
2026-05-25,2026-05-25 11:12:19,V022,67.0,1.00861795032737
2026-05-25,2026-05-25 11:12:20,V022,67.0,1.0070870320649274
2026-05-25,2026-05-25 11:12:21,V022,68.0,1.0080367676582487
2026-05-25,2026-05-25 11:12:22,V022,69.0,1.0065968237566343
2026-05-25,2026-05-25 11:12:23,V022,69.0,1.0075241979403413
2026-05-25,2026-05-25 11:12:24,V022,70.0,1.0080509903751544
2026-05-25,2026-05-25 11:12:25,V022,71.0,1.007718346131436
2026-05-25,2026-05-25 11:12:26,V022,71.0,1.0077262588705729
2026-05-25,2026-05-25 11:12:27,V022,72.0,1.007543133681769
2026-05-25,2026-05-25 11:12:28,V022,72.0,1.00882355875114
2026-05-25,2026-05-25 11:12:29,V022,72.0,1.0081182265748836
2026-05-25,2026-05-25 11:12:30,V022,73.0,1.0081677812372423
2026-05-25,2026-05-25 11:12:31,V022,73.0,1.0179819820585674
2026-05-25,2026-05-25 11:12:32,V022,73.0,1.0801102457926197
2026-05-25,2026-05-25 11:12:33,V022,74.0,1.0085802489283953
2026-05-25,2026-05-25 11:12:34,V022,75.0,1.0078063759222198
2026-05-25,2026-05-25 11:12:35,V022,75.0,1.0075913378440025
2026-05-25,2026-05-25 11:12:36,V022,75.0,1.0086665645702888
2026-05-25,2026-05-25 11:12:37,V022,75.0,1.0085636240543674
2026-05-25,2026-05-25 11:12:38,V022,75.0,1.007245563486548
2026-05-25,2026-05-25 11:12:39,V022,75.0,1.0080726353839218
2026-05-25,2026-05-25 11:12:40,V022,75.0,1.0090066357728003
2026-05-25,2026-05-25 11:12:41,V022,75.0,1.0087207984987876
2026-05-25,2026-05-25 11:12:42,V022,75.0,1.007642426408289
2026-05-25,2026-05-25 11:12:43,V022,75.0,1.0081038400908269
2026-05-25,2026-05-25 11:12:44,V022,76.0,1.008296035074958
2026-05-25,2026-05-25 11:12:45,V022,77.0,1.008517404001858
2026-05-25,2026-05-25 11:12:46,V022,77.0,1.0075268949264826
2026-05-25,2026-05-25 11:12:47,V022,77.0,1.0074092542542734
2026-05-25,2026-05-25 11:12:48,V022,77.0,1.007190090624096
2026-05-25,2026-05-25 11:12:49,V022,77.0,1.0076768070657365
2026-05-25,2026-05-25 11:12:50,V022,76.0,1.00707002496565
2026-05-25,2026-05-25 11:12:51,V022,76.0,1.0071550506555216
2026-05-25,2026-05-25 11:12:52,V022,76.0,1.0082845257740665
2026-05-25,2026-05-25 11:12:53,V022,77.0,1.0099483672557044
2026-05-25,2026-05-25 11:12:54,V022,77.0,1.00918321558196
2026-05-25,2026-05-25 11:12:55,V022,77.0,1.0072607176488484
2026-05-25,2026-05-25 11:12:56,V022,78.0,1.0095852263965082
2026-05-25,2026-05-25 11:12:57,V022,77.0,1.0082190637290884
2026-05-25,2026-05-25 11:12:58,V022,77.0,1.0078218049991714
2026-05-25,2026-05-25 11:12:59,V022,77.0,1.008225428166549
2026-05-25,2026-05-25 11:13:00,V022,77.0,1.0073021703926632
2026-05-25,2026-05-25 11:13:01,V022,77.0,1.0087486718447578
2026-05-25,2026-05-25 11:13:02,V022,77.0,1.0091789631489956
2026-05-25,2026-05-25 11:13:03,V022,76.0,1.0076022713712613
2026-05-25,2026-05-25 11:13:04,V022,76.0,1.0070962948674498
2026-05-25,2026-05-25 11:13:05,V022,76.0,1.008201391984898
2026-05-25,2026-05-25 11:13:06,V022,77.0,1.009636327137791
2026-05-25,2026-05-25 11:13:07,V022,77.0,1.0086273967296189
2026-05-25,2026-05-25 11:13:08,V022,77.0,1.0073935607970557
2026-05-25,2026-05-25 11:13:09,V022,78.0,1.008201161672382
2026-05-25,2026-05-25 11:13:10,V022,78.0,1.0085220528589722
2026-05-25,2026-05-25 11:13:11,V022,79.0,1.0073679453762363
2026-05-25,2026-05-25 11:13:12,V022,79.0,1.0068072760798954
2026-05-25,2026-05-25 11:13:13,V022,79.0,1.0091884744336714
2026-05-25,2026-05-25 11:13:14,V022,78.0,1.0074463625944186
2026-05-25,2026-05-25 11:13:15,V022,78.0,1.007011784540445
2026-05-25,2026-05-25 11:13:16,V022,78.0,1.0068809919183188
2026-05-25,2026-05-25 11:13:17,V022,78.0,1.0058061659020157
2026-05-25,2026-05-25 11:13:18,V022,78.0,1.0078971402664945
2026-05-25,2026-05-25 11:13:19,V022,78.0,1.0087401208318245
2026-05-25,2026-05-25 11:13:20,V022,78.0,1.0082470543339608
2026-05-25,2026-05-25 11:13:21,V022,78.0,1.0085897958318364
2026-05-25,2026-05-25 11:13:22,V022,78.0,1.0085709996885506
2026-05-25,2026-05-25 11:13:23,V022,78.0,1.0075397643119788
2026-05-25,2026-05-25 11:13:24,V022,77.0,1.0070789347289895
2026-05-25,2026-05-25 11:13:25,V022,77.0,1.007569008356209
2026-05-25,2026-05-25 11:13:26,V022,77.0,1.008420411346128
2026-05-25,2026-05-25 11:13:27,V022,77.0,1.0083468532214204
2026-05-25,2026-05-25 11:13:28,V022,76.0,1.0079532311573962
2026-05-25,2026-05-25 11:13:29,V022,76.0,1.0072206323368154
2026-05-25,2026-05-25 11:13:30,V022,76.0,1.008071740047197
2026-05-25,2026-05-25 11:13:31,V022,76.0,1.005105925047168
2026-05-25,2026-05-25 11:13:32,V022,76.0,1.0099174434635825
2026-05-25,2026-05-25 11:13:33,V022,76.0,1.00836373467718
2026-05-25,2026-05-25 11:13:34,V022,76.0,1.0076446555776313
2026-05-25,2026-05-25 11:13:35,V022,75.0,1.0080012095645503
2026-05-25,2026-05-25 11:13:36,V022,75.0,1.0080677194289231
2026-05-25,2026-05-25 11:13:37,V022,74.0,1.0079896409230789
2026-05-25,2026-05-25 11:13:38,V022,74.0,1.0075849994649706
2026-05-25,2026-05-25 11:13:39,V022,72.0,1.0066765077233308
2026-05-25,2026-05-25 11:13:40,V022,71.0,1.0078582087410488
2026-05-25,2026-05-25 11:13:41,V022,72.0,1.0088927755045842
2026-05-25,2026-05-25 11:13:42,V022,72.0,1.0081285770231618
2026-05-25,2026-05-25 11:13:43,V022,72.0,1.008413562379238
2026-05-25,2026-05-25 11:13:44,V022,73.0,1.0076125068633228
2026-05-25,2026-05-25 11:13:45,V022,73.0,1.0079079529504238
2026-05-25,2026-05-25 11:13:46,V022,73.0,1.0071475172978497
2026-05-25,2026-05-25 11:13:47,V022,72.0,1.0065120544162962
2026-05-25,2026-05-25 11:13:48,V022,72.0,1.0086547999465203
2026-05-25,2026-05-25 11:13:49,V022,72.0,1.009117728914133
2026-05-25,2026-05-25 11:13:50,V022,73.0,1.008436707592483
2026-05-25,2026-05-25 11:13:51,V022,73.0,1.0078243163407312
2026-05-25,2026-05-25 11:13:52,V022,73.0,1.0081624370548194
2026-05-25,2026-05-25 11:13:53,V022,73.0,1.0097348439750415
2026-05-25,2026-05-25 11:13:54,V022,73.0,1.008550407770348
2026-05-25,2026-05-25 11:13:55,V022,73.0,1.0079258755180336
2026-05-25,2026-05-25 11:13:56,V022,72.0,1.0078323739660389
2026-05-25,2026-05-25 11:13:57,V022,71.0,1.0078801728778144
2026-05-25,2026-05-25 11:13:58,V022,71.0,1.0078606371450325
2026-05-25,2026-05-25 11:13:59,V022,70.0,1.0096337859243054
2026-05-25,2026-05-25 11:14:00,V022,69.0,1.0058301912791134
2026-05-25,2026-05-25 11:14:01,V022,70.0,1.0090065108677666
2026-05-25,2026-05-25 11:14:02,V022,70.0,1.007035869087237
2026-05-25,2026-05-25 11:14:03,V022,71.0,1.0084870261030172
2026-05-25,2026-05-25 11:14:04,V022,71.0,1.0002557742681297
2026-05-25,2026-05-25 11:14:05,V022,72.0,1.010024872953888
2026-05-25,2026-05-25 11:14:06,V022,72.0,1.0074312372316252
2026-05-25,2026-05-25 11:14:07,V022,73.0,1.0089400160488606
2026-05-25,2026-05-25 11:14:08,V022,73.0,1.0091210361785825
2026-05-25,2026-05-25 11:14:09,V022,74.0,1.0069602315116375
2026-05-25,2026-05-25 11:14:10,V022,75.0,1.0086052825486778
2026-05-25,2026-05-25 11:14:11,V022,75.0,1.0070910473153027
2026-05-25,2026-05-25 11:14:12,V022,75.0,1.0086183852418233
2026-05-25,2026-05-25 11:14:13,V022,75.0,1.007659524848691
2026-05-25,2026-05-25 11:14:14,V022,75.0,1.0070099077493326
2026-05-25,2026-05-25 11:14:15,V022,75.0,1.0080543281369925
2026-05-25,2026-05-25 11:14:16,V022,76.0,1.0083301719974689
2026-05-25,2026-05-25 11:14:17,V022,76.0,1.007170217619045
2026-05-25,2026-05-25 11:14:18,V022,76.0,1.008625336397923
2026-05-25,2026-05-25 11:14:19,V022,76.0,1.0083176139500223
2026-05-25,2026-05-25 11:14:20,V022,76.0,1.0079807326670116
2026-05-25,2026-05-25 11:14:21,V022,76.0,1.0077286068528741
2026-05-25,2026-05-25 11:14:22,V022,75.0,1.0096965165587855
2026-05-25,2026-05-25 11:14:23,V022,74.0,1.0047017406283083
2026-05-25,2026-05-25 11:14:24,V022,74.0,1.0102026177327235
2026-05-25,2026-05-25 11:14:25,V022,73.0,1.0097152103044604
2026-05-25,2026-05-25 11:14:26,V022,73.0,1.010361713317534
2026-05-25,2026-05-25 11:14:27,V022,73.0,1.0082503572612014
2026-05-25,2026-05-25 11:14:28,V022,73.0,1.0080226328710813
2026-05-25,2026-05-25 11:14:29,V022,73.0,1.0070041471839732
2026-05-25,2026-05-25 11:14:30,V022,72.0,1.0067631957360323
2026-05-25,2026-05-25 11:14:31,V022,72.0,1.009671271404712
2026-05-25,2026-05-25 11:14:32,V022,72.0,1.0037456021624072
2026-05-25,2026-05-25 11:14:33,V022,72.0,1.0064687322229187
2026-05-25,2026-05-25 11:14:34,V022,71.0,1.0076212984949386
2026-05-25,2026-05-25 11:14:35,V022,71.0,1.0049049698087722
2026-05-25,2026-05-25 11:14:36,V022,70.0,0.998927646850939
2026-05-25,2026-05-25 11:14:37,V022,71.0,1.0091462108683378
2026-05-25,2026-05-25 11:14:38,V022,71.0,1.0142482847087875
2026-05-25,2026-05-25 11:14:39,V022,71.0,1.006248061101144
2026-05-25,2026-05-25 11:14:40,V022,71.0,1.008382415128849
2026-05-25,2026-05-25 11:14:41,V022,71.0,1.001964709413709
2026-05-25,2026-05-25 11:14:42,V022,70.0,1.0118845285998805
2026-05-25,2026-05-25 11:14:43,V022,70.0,1.0079616145843415
2026-05-25,2026-05-25 11:14:44,V022,71.0,1.0080860467952346
2026-05-25,2026-05-25 11:14:45,V022,71.0,1.0082887680879997
2026-05-25,2026-05-25 11:14:46,V022,71.0,1.0082342300535208
2026-05-25,2026-05-25 11:14:47,V022,71.0,1.0102501674396025
2026-05-25,2026-05-25 11:14:48,V022,71.0,1.0099627627435301
2026-05-25,2026-05-25 11:14:49,V022,70.0,1.0076835057143703
2026-05-25,2026-05-25 11:14:50,V022,70.0,1.020394639811433
2026-05-25,2026-05-25 11:14:51,V022,69.0,1.0050746882435486
2026-05-25,2026-05-25 11:14:52,V022,69.0,1.0072286926687661
2026-05-25,2026-05-25 11:14:53,V022,68.0,1.008395700271465
2026-05-25,2026-05-25 11:14:54,V022,68.0,1.0076940268687886
2026-05-25,2026-05-25 11:14:55,V022,68.0,1.0084382675813333
2026-05-25,2026-05-25 11:14:56,V022,68.0,1.007486742906405
2026-05-25,2026-05-25 11:14:57,V022,68.0,1.0044554529201837
2026-05-25,2026-05-25 11:14:58,V022,68.0,1.0072567196650681
2026-05-25,2026-05-25 11:14:59,V022,68.0,1.0083472665156996
2026-05-25,2026-05-25 11:15:00,V022,69.0,1.0072713832133378
2026-05-25,2026-05-25 11:15:01,V022,69.0,1.0073273067224537
2026-05-25,2026-05-25 11:15:02,V022,70.0,1.0079621976501603
2026-05-25,2026-05-25 11:15:03,V022,69.0,1.0160826485552017
2026-05-25,2026-05-25 11:15:04,V022,68.0,1.0071398681268384
2026-05-25,2026-05-25 11:15:05,V022,68.0,1.0081556881205906
2026-05-25,2026-05-25 11:15:06,V022,69.0,1.0104260289270706
2026-05-25,2026-05-25 11:15:07,V022,69.0,1.008222814812648
2026-05-25,2026-05-25 11:15:08,V022,69.0,1.0079462905556864
2026-05-25,2026-05-25 11:15:09,V022,69.0,1.0076923163689286
2026-05-25,2026-05-25 11:15:10,V022,69.0,1.0086169753069592
2026-05-25,2026-05-25 11:15:11,V022,70.0,1.007853626424308
2026-05-25,2026-05-25 11:15:12,V022,71.0,1.007926259399178
2026-05-25,2026-05-25 11:15:13,V022,70.0,1.0076464830601186
2026-05-25,2026-05-25 11:15:14,V022,70.0,1.0090238650626857
2026-05-25,2026-05-25 11:15:15,V022,70.0,1.010469883439914
2026-05-25,2026-05-25 11:15:16,V022,70.0,1.0095512627698175
2026-05-25,2026-05-25 11:15:17,V022,70.0,1.0078764226812973
2026-05-25,2026-05-25 11:15:18,V022,70.0,1.0106597940596107
2026-05-25,2026-05-25 11:15:19,V022,70.0,0.997906637444334
2026-05-25,2026-05-25 11:15:20,V022,70.0,1.006568179263399
2026-05-25,2026-05-25 11:15:21,V022,70.0,1.0095127594519122
2026-05-25,2026-05-25 11:15:22,V022,70.0,1.0060510302207162
2026-05-25,2026-05-25 11:15:23,V022,70.0,1.0074250269820362
2026-05-25,2026-05-25 11:15:24,V022,71.0,1.0083021387573987
2026-05-25,2026-05-25 11:15:25,V022,71.0,1.0044351238256202
2026-05-25,2026-05-25 11:15:26,V022,71.0,1.002550849580086
2026-05-25,2026-05-25 11:15:27,V022,70.0,1.0094259664352339
2026-05-25,2026-05-25 11:15:28,V022,70.0,1.007494819813736
2026-05-25,2026-05-25 11:15:29,V022,70.0,1.0111312431505062
2026-05-25,2026-05-25 11:15:30,V022,70.0,1.0054275009773408
2026-05-25,2026-05-25 11:15:31,V022,70.0,1.010890852453493
2026-05-25,2026-05-25 11:15:32,V022,70.0,1.0080109459460869
2026-05-25,2026-05-25 11:15:33,V022,69.0,1.0084257569179431
2026-05-25,2026-05-25 11:15:34,V022,68.0,1.007853448475997
2026-05-25,2026-05-25 11:15:35,V022,68.0,1.0065520788884976
2026-05-25,2026-05-25 11:15:36,V022,68.0,1.0063967456381795
2026-05-25,2026-05-25 11:15:37,V022,67.0,1.008061820501762
2026-05-25,2026-05-25 11:15:38,V022,67.0,1.007710852580143
2026-05-25,2026-05-25 11:15:39,V022,67.0,1.0085058438435377
2026-05-25,2026-05-25 11:15:40,V022,67.0,1.0022990525271753
2026-05-25,2026-05-25 11:15:41,V022,67.0,1.0181485131662222
2026-05-25,2026-05-25 11:15:42,V022,66.0,1.0087593073022463
2026-05-25,2026-05-25 11:15:43,V022,66.0,1.0073985357579627
2026-05-25,2026-05-25 11:15:44,V022,65.0,1.0085228858838764
2026-05-25,2026-05-25 11:15:45,V022,65.0,1.0098764309157477
2026-05-25,2026-05-25 11:15:46,V022,66.0,1.0079048508707171
2026-05-25,2026-05-25 11:15:47,V022,66.0,1.0074219557072674
2026-05-25,2026-05-25 11:15:48,V022,66.0,1.0089625539857556
2026-05-25,2026-05-25 11:15:49,V022,66.0,1.0080123834845298
2026-05-25,2026-05-25 11:15:50,V022,65.0,1.0071708142785165
2026-05-25,2026-05-25 11:15:51,V022,65.0,1.0092665926101447
2026-05-25,2026-05-25 11:15:52,V022,65.0,1.0077236432107035
2026-05-25,2026-05-25 11:15:53,V022,64.0,1.0086785733812942
2026-05-25,2026-05-25 11:15:54,V022,64.0,1.004378776056824
2026-05-25,2026-05-25 11:15:55,V022,64.0,1.0090522677554152
2026-05-25,2026-05-25 11:15:56,V022,64.0,1.0063100320024359
2026-05-25,2026-05-25 11:15:57,V022,64.0,1.0085779507870178
2026-05-25,2026-05-25 11:15:58,V022,64.0,1.0060742520442916
2026-05-25,2026-05-25 11:15:59,V022,64.0,1.0309783031013824
2026-05-25,2026-05-25 11:16:00,V022,64.0,1.0079307790555803
2026-05-25,2026-05-25 11:16:01,V022,63.0,1.005443148934403
2026-05-25,2026-05-25 11:16:02,V022,62.0,1.0082813135965054
2026-05-25,2026-05-25 11:16:03,V022,61.0,1.0090096540340918
2026-05-25,2026-05-25 11:16:04,V022,61.0,1.0083061860880262
2026-05-25,2026-05-25 11:16:05,V022,60.0,1.0078580099010241
2026-05-25,2026-05-25 11:16:06,V022,59.0,1.0085410844153282
2026-05-25,2026-05-25 11:16:07,V022,58.0,1.0084999839851452
2026-05-25,2026-05-25 11:16:08,V022,57.0,1.0220357058702592
2026-05-25,2026-05-25 11:16:09,V022,57.0,1.0076523474650545
2026-05-25,2026-05-25 11:16:10,V022,58.0,1.0085152981354955
2026-05-25,2026-05-25 11:16:11,V022,59.0,1.009276248078861
2026-05-25,2026-05-25 11:16:12,V022,59.0,1.0076764998517467
2026-05-25,2026-05-25 11:16:13,V022,60.0,1.006795275158567
2026-05-25,2026-05-25 11:16:14,V022,60.0,1.0127320785324696
2026-05-25,2026-05-25 11:16:15,V022,61.0,1.008417616513076
2026-05-25,2026-05-25 11:16:16,V022,61.0,1.0082690507184529
2026-05-25,2026-05-25 11:16:17,V022,61.0,1.0071597234780847
2026-05-25,2026-05-25 11:16:18,V022,61.0,0.9972485766836562
2026-05-25,2026-05-25 11:16:19,V022,61.0,1.0822840943480356
2026-05-25,2026-05-25 11:16:20,V022,61.0,1.186811281163526
2026-05-25,2026-05-25 11:16:21,V022,60.0,1.0111287696977451
2026-05-25,2026-05-25 11:16:22,V022,60.0,1.017856374660204
2026-05-25,2026-05-25 11:16:23,V022,60.0,0.9793543914271305
2026-05-25,2026-05-25 11:16:24,V022,61.0,0.9819402787291996
2026-05-25,2026-05-25 11:16:25,V022,62.0,1.0083760913754989
2026-05-25,2026-05-25 11:16:26,V022,62.0,1.0228222756739211
2026-05-25,2026-05-25 11:16:27,V022,63.0,0.9785531269858326
2026-05-25,2026-05-25 11:16:28,V022,63.0,1.0282888067584248
2026-05-25,2026-05-25 11:16:29,V022,64.0,1.010884880406197
2026-05-25,2026-05-25 11:16:30,V022,65.0,1.015509400061749
2026-05-25,2026-05-25 11:16:31,V022,66.0,1.0292935592480685
2026-05-25,2026-05-25 11:16:32,V022,66.0,1.0735934980026707
2026-05-25,2026-05-25 11:16:33,V022,67.0,1.2528318794948343
2026-05-25,2026-05-25 11:16:34,V022,68.0,1.2015277838555702
2026-05-25,2026-05-25 11:16:35,V022,70.0,1.121461341762541
2026-05-25,2026-05-25 11:16:36,V022,71.0,1.1507874701850682
2026-05-25,2026-05-25 11:16:37,V022,72.0,1.088368539487052
2026-05-25,2026-05-25 11:16:38,V022,74.0,1.0162784382952719
2026-05-25,2026-05-25 11:16:39,V022,75.0,1.0233880385573122
2026-05-25,2026-05-25 11:16:40,V022,76.0,1.051030525918612
2026-05-25,2026-05-25 11:16:41,V022,79.0,1.0696494896205513
2026-05-25,2026-05-25 11:16:42,V022,81.0,0.9852599880024918
2026-05-25,2026-05-25 11:16:43,V022,81.0,1.2491920110443557
2026-05-25,2026-05-25 11:16:44,V022,82.0,1.0124152708431657
2026-05-25,2026-05-25 11:16:45,V022,82.0,1.0230433872908282
2026-05-25,2026-05-25 11:16:46,V022,82.0,1.1252895862591155
2026-05-25,2026-05-25 11:16:47,V022,83.0,1.1428484274327264
2026-05-25,2026-05-25 11:16:48,V022,84.0,1.1429200452511032
2026-05-25,2026-05-25 11:16:49,V022,85.0,1.0874638305384374
2026-05-25,2026-05-25 11:16:50,V022,86.0,1.1146267868478854
2026-05-25,2026-05-25 11:16:51,V022,87.0,1.1766760179594342
2026-05-25,2026-05-25 11:16:52,V022,88.0,1.1379485277919186
2026-05-25,2026-05-25 11:16:53,V022,87.0,1.0443676269554596
2026-05-25,2026-05-25 11:16:54,V022,86.0,1.3017336424744355
2026-05-25,2026-05-25 11:16:55,V022,85.0,1.3030931456848946
2026-05-25,2026-05-25 11:16:56,V022,85.0,1.1128396107325405
2026-05-25,2026-05-25 11:16:57,V022,86.0,1.0644234485882806
2026-05-25,2026-05-25 11:16:58,V022,87.0,0.9514401061129772
2026-05-25,2026-05-25 11:16:59,V022,88.0,1.078659931258703
2026-05-25,2026-05-25 11:17:00,V022,89.0,0.9492570518786624
2026-05-25,2026-05-25 11:17:01,V022,90.0,1.055208265417665
2026-05-25,2026-05-25 11:17:02,V022,91.0,0.992725841342515
2026-05-25,2026-05-25 11:17:03,V022,91.0,1.0014672208080824
2026-05-25,2026-05-25 11:17:04,V022,92.0,1.0320261076015205
2026-05-25,2026-05-25 11:17:05,V022,93.0,1.101999670539636
2026-05-25,2026-05-25 11:17:06,V022,93.0,0.9861887442103743
2026-05-25,2026-05-25 11:17:07,V022,94.0,1.0220056031672229
2026-05-25,2026-05-25 11:17:08,V022,95.0,1.2807067418219988
2026-05-25,2026-05-25 11:17:09,V022,98.0,1.2857603221359772
2026-05-25,2026-05-25 11:17:10,V022,99.0,1.00703761205299
2026-05-25,2026-05-25 11:17:11,V022,99.0,0.9918460201298979
2026-05-25,2026-05-25 11:17:12,V022,99.0,0.9988302470405682
2026-05-25,2026-05-25 11:17:13,V022,99.0,1.0036005488417035
2026-05-25,2026-05-25 11:17:14,V022,99.0,0.9896670512080654
2026-05-25,2026-05-25 11:17:15,V022,99.0,0.9742977770219524
2026-05-25,2026-05-25 11:17:16,V022,99.0,0.9758307350640861
2026-05-25,2026-05-25 11:17:17,V022,99.0,0.9721165532348387
2026-05-25,2026-05-25 11:17:18,V022,99.0,0.9694796879282849
2026-05-25,2026-05-25 11:17:19,V022,99.0,0.9664434094704504
2026-05-25,2026-05-25 11:17:20,V022,100.0,1.0094296425204876
2026-05-25,2026-05-25 11:17:21,V022,100.0,0.9625070944270079
2026-05-25,2026-05-25 11:17:22,V022,100.0,0.9782948500950873
2026-05-25,2026-05-25 11:17:23,V022,100.0,1.0054713070399797
2026-05-25,2026-05-25 11:17:24,V022,99.0,0.9903957365584763
2026-05-25,2026-05-25 11:17:25,V022,99.0,1.0432601195579585
2026-05-25,2026-05-25 11:17:26,V022,99.0,1.0352750272271765
2026-05-25,2026-05-25 11:17:27,V022,99.0,0.9856215484796006
2026-05-25,2026-05-25 11:17:28,V022,99.0,1.030102622318713
2026-05-25,2026-05-25 11:17:29,V022,99.0,0.9680522474404399
2026-05-25,2026-05-25 11:17:30,V022,98.0,1.0088760315086012
2026-05-25,2026-05-25 11:17:31,V022,98.0,1.186024999043795
2026-05-25,2026-05-25 11:17:32,V022,98.0,1.0066573832659051
2026-05-25,2026-05-25 11:17:33,V022,98.0,0.9736712900350306
2026-05-25,2026-05-25 11:17:34,V022,97.0,0.9873697129626101
2026-05-25,2026-05-25 11:17:35,V022,97.0,0.9605958104861259
2026-05-25,2026-05-25 11:17:36,V022,96.0,0.9783426176968916
2026-05-25,2026-05-25 11:17:37,V022,96.0,0.9544349154360972
2026-05-25,2026-05-25 11:17:38,V022,96.0,0.9279152793528097
2026-05-25,2026-05-25 11:17:39,V022,95.0,0.9649221718469907
2026-05-25,2026-05-25 11:17:40,V022,95.0,1.015175553016119
2026-05-25,2026-05-25 11:17:41,V022,94.0,1.0384272896625335
2026-05-25,2026-05-25 11:17:42,V022,94.0,1.089863881956506
2026-05-25,2026-05-25 11:17:43,V022,93.0,1.004624058326433
2026-05-25,2026-05-25 11:17:44,V022,93.0,1.012239999952535
2026-05-25,2026-05-25 11:17:45,V022,92.0,1.0421151413112708
2026-05-25,2026-05-25 11:17:46,V022,91.0,1.04063809950516
2026-05-25,2026-05-25 11:17:47,V022,89.0,1.0791115580885784
2026-05-25,2026-05-25 11:17:48,V022,87.0,0.9636563918522578
2026-05-25,2026-05-25 11:17:49,V022,84.0,0.9970373975811889
2026-05-25,2026-05-25 11:17:50,V022,82.0,1.025123036194106
2026-05-25,2026-05-25 11:17:51,V022,80.0,1.0098169361625307
2026-05-25,2026-05-25 11:17:52,V022,79.0,0.9975074793078584
2026-05-25,2026-05-25 11:17:53,V022,77.0,1.066964598482676
2026-05-25,2026-05-25 11:17:54,V022,77.0,1.0070904344547627
2026-05-25,2026-05-25 11:17:55,V022,76.0,1.1158077682333432
2026-05-25,2026-05-25 11:17:56,V022,75.0,1.5819120092218286
2026-05-25,2026-05-25 11:17:57,V022,76.0,1.872798549570521
2026-05-25,2026-05-25 11:17:58,V022,76.0,1.1362529618988082
2026-05-25,2026-05-25 11:17:59,V022,77.0,1.1352485621664878
2026-05-25,2026-05-25 11:18:00,V022,77.0,1.088886140915887
2026-05-25,2026-05-25 11:18:01,V022,77.0,1.1180999390667967
2026-05-25,2026-05-25 11:18:02,V022,78.0,2.1820742734358745
2026-05-25,2026-05-25 11:18:03,V022,78.0,1.1053698376616616
2026-05-25,2026-05-25 11:18:04,V022,78.0,1.2502999905598788
2026-05-25,2026-05-25 11:18:05,V022,78.0,1.197459310801652
2026-05-25,2026-05-25 11:18:06,V022,79.0,1.7748592606679297
2026-05-25,2026-05-25 11:18:07,V022,79.0,1.708151125536049
2026-05-25,2026-05-25 11:18:08,V022,79.0,1.1184370632013232
2026-05-25,2026-05-25 11:18:09,V022,79.0,1.2375203968861117
2026-05-25,2026-05-25 11:18:10,V022,79.0,1.1449389540135444
2026-05-25,2026-05-25 11:18:11,V022,79.0,1.1222345752359193
2026-05-25,2026-05-25 11:18:12,V022,80.0,1.1170854655711493
2026-05-25,2026-05-25 11:18:13,V022,81.0,1.039321965327543
2026-05-25,2026-05-25 11:18:14,V022,83.0,1.029166058883644
2026-05-25,2026-05-25 11:18:15,V022,84.0,1.0041003733673992
2026-05-25,2026-05-25 11:18:16,V022,84.0,0.9937093254627257
2026-05-25,2026-05-25 11:18:17,V022,85.0,0.9957382004533756
2026-05-25,2026-05-25 11:18:18,V022,85.0,1.0167934875190363
2026-05-25,2026-05-25 11:18:19,V022,85.0,1.0145182436520817
2026-05-25,2026-05-25 11:18:20,V022,86.0,0.9826885086846462
2026-05-25,2026-05-25 11:18:21,V022,86.0,1.0131485616530649
2026-05-25,2026-05-25 11:18:22,V022,86.0,1.0022023690993025
2026-05-25,2026-05-25 11:18:23,V022,86.0,0.9913478654355873
2026-05-25,2026-05-25 11:18:24,V022,86.0,0.9857110738360101
2026-05-25,2026-05-25 11:18:25,V022,85.0,0.9847233766789545
2026-05-25,2026-05-25 11:18:26,V022,84.0,0.984165837488392
2026-05-25,2026-05-25 11:18:27,V022,83.0,0.9798218436725916
2026-05-25,2026-05-25 11:18:28,V022,82.0,1.006249944080685
2026-05-25,2026-05-25 11:18:29,V022,83.0,0.9906030341460365
2026-05-25,2026-05-25 11:18:30,V022,84.0,0.9689071482980773
2026-05-25,2026-05-25 11:18:31,V022,85.0,1.016145243838929
2026-05-25,2026-05-25 11:18:32,V022,86.0,0.9482223509110956
2026-05-25,2026-05-25 11:18:33,V022,86.0,0.9612055164312101
2026-05-25,2026-05-25 11:18:34,V022,87.0,0.979745273141038
2026-05-25,2026-05-25 11:18:35,V022,88.0,0.9611209891095919
2026-05-25,2026-05-25 11:18:36,V022,88.0,1.007053989886406
2026-05-25,2026-05-25 11:18:37,V022,89.0,0.9584099145185823
2026-05-25,2026-05-25 11:18:38,V022,90.0,0.9715804147116159
2026-05-25,2026-05-25 11:18:39,V022,90.0,0.9705336573412737
2026-05-25,2026-05-25 11:18:40,V022,89.0,0.9712664452751713
2026-05-25,2026-05-25 11:18:41,V022,88.0,0.9715981701122937
2026-05-25,2026-05-25 11:18:42,V022,87.0,0.9690520228375299
2026-05-25,2026-05-25 11:18:43,V022,86.0,0.9696743155261404
2026-05-25,2026-05-25 11:18:44,V022,84.0,0.9703923597355485
2026-05-25,2026-05-25 11:18:45,V022,82.0,0.9693430160793137
2026-05-25,2026-05-25 11:18:46,V022,81.0,0.9699012264032804
2026-05-25,2026-05-25 11:18:47,V022,78.0,0.9847053690256984
2026-05-25,2026-05-25 11:18:48,V022,76.0,0.9686794346724975
2026-05-25,2026-05-25 11:18:49,V022,74.0,0.9809023113869835
2026-05-25,2026-05-25 11:18:50,V022,73.0,0.9880227445743583
2026-05-25,2026-05-25 11:18:51,V022,72.0,1.2795409155521378
2026-05-25,2026-05-25 11:18:52,V022,70.0,0.9862556853441257
2026-05-25,2026-05-25 11:18:53,V022,69.0,0.9709367757254505
2026-05-25,2026-05-25 11:18:54,V022,68.0,0.9725811698553144
2026-05-25,2026-05-25 11:18:55,V022,66.0,0.9823359025323571
2026-05-25,2026-05-25 11:18:56,V022,64.0,0.9815300265679606
2026-05-25,2026-05-25 11:18:57,V022,63.0,0.9601760759934962
2026-05-25,2026-05-25 11:18:58,V022,62.0,0.9610208325706225
2026-05-25,2026-05-25 11:18:59,V022,61.0,0.9706281850590232
2026-05-25,2026-05-25 11:19:00,V022,60.0,0.9695118576852068
2026-05-25,2026-05-25 11:19:01,V022,61.0,0.9969116439955091
2026-05-25,2026-05-25 11:19:02,V022,61.0,0.9404298075102662
2026-05-25,2026-05-25 11:19:03,V022,62.0,0.9808995787923452
2026-05-25,2026-05-25 11:19:04,V022,62.0,0.9361949990519974
2026-05-25,2026-05-25 11:19:05,V022,63.0,0.9984384528559457
2026-05-25,2026-05-25 11:19:06,V022,63.0,0.9443686666359175
2026-05-25,2026-05-25 11:19:07,V022,63.0,0.9444273377492597
2026-05-25,2026-05-25 11:19:08,V022,63.0,0.9457669583885285
2026-05-25,2026-05-25 11:19:09,V022,63.0,0.9445158473850438
2026-05-25,2026-05-25 11:19:10,V022,63.0,0.9455208636022219
2026-05-25,2026-05-25 11:19:11,V022,63.0,0.9457255207930091
2026-05-25,2026-05-25 11:19:12,V022,62.0,0.9451838176140419
2026-05-25,2026-05-25 11:19:13,V022,62.0,0.9464422321452757
2026-05-25,2026-05-25 11:19:14,V022,62.0,0.9467497512842071
2026-05-25,2026-05-25 11:19:15,V022,62.0,0.946832435052694
2026-05-25,2026-05-25 11:19:16,V022,63.0,0.9615522605501945
2026-05-25,2026-05-25 11:19:17,V022,62.0,0.9544351061427162
2026-05-25,2026-05-25 11:19:18,V022,62.0,0.9824030601453929
2026-05-25,2026-05-25 11:19:19,V022,61.0,0.9801162982944165
2026-05-25,2026-05-25 11:19:20,V022,61.0,0.9806289645313261
2026-05-25,2026-05-25 11:19:21,V022,60.0,0.9857804588097638
2026-05-25,2026-05-25 11:19:22,V022,59.0,0.9671506429647396
2026-05-25,2026-05-25 11:19:23,V022,59.0,0.9772603570052474
2026-05-25,2026-05-25 11:19:24,V022,58.0,0.9710891251301411
2026-05-25,2026-05-25 11:19:25,V022,58.0,0.9645182004972667
2026-05-25,2026-05-25 11:19:26,V022,58.0,0.9783912533868735
2026-05-25,2026-05-25 11:19:27,V022,58.0,0.9797909369332622
2026-05-25,2026-05-25 11:19:28,V022,58.0,0.9778409782529294
2026-05-25,2026-05-25 11:19:29,V022,59.0,0.9933284464393606
2026-05-25,2026-05-25 11:19:30,V022,60.0,0.993679487852434
2026-05-25,2026-05-25 11:19:31,V022,61.0,0.966931542699943
2026-05-25,2026-05-25 11:19:32,V022,61.0,1.013293191246933
2026-05-25,2026-05-25 11:19:33,V022,63.0,1.0003350132522373
2026-05-25,2026-05-25 11:19:34,V022,64.0,0.945203617268933
2026-05-25,2026-05-25 11:19:35,V022,66.0,0.9544742409409163
2026-05-25,2026-05-25 11:19:36,V022,67.0,0.9765806144298944
2026-05-25,2026-05-25 11:19:37,V022,68.0,0.9918352332416464
2026-05-25,2026-05-25 11:19:38,V022,69.0,0.9788745986369447
2026-05-25,2026-05-25 11:19:39,V022,70.0,1.0673382151225084
2026-05-25,2026-05-25 11:19:40,V022,70.0,0.962428367811735
2026-05-25,2026-05-25 11:19:41,V022,69.0,0.9614217693994803
2026-05-25,2026-05-25 11:19:42,V022,69.0,0.958324647964472
2026-05-25,2026-05-25 11:19:43,V022,69.0,0.9599190048312807
2026-05-25,2026-05-25 11:19:44,V022,69.0,0.9731867831475829
2026-05-25,2026-05-25 11:19:45,V022,69.0,0.9694878871720348
2026-05-25,2026-05-25 11:19:46,V022,69.0,0.9587822442328828
2026-05-25,2026-05-25 11:19:47,V022,68.0,0.9582547264208974
2026-05-25,2026-05-25 11:19:48,V022,68.0,0.9500625214941727
2026-05-25,2026-05-25 11:19:49,V022,68.0,0.9426658387837695
2026-05-25,2026-05-25 11:19:50,V022,68.0,0.9535765479515957
2026-05-25,2026-05-25 11:19:51,V022,69.0,0.9668200857224313
2026-05-25,2026-05-25 11:19:52,V022,69.0,0.952016977984963
2026-05-25,2026-05-25 11:19:53,V022,69.0,0.9643127599220881
2026-05-25,2026-05-25 11:19:54,V022,69.0,0.9617108537935515
2026-05-25,2026-05-25 11:19:55,V022,70.0,0.9848673665831916
2026-05-25,2026-05-25 11:19:56,V022,70.0,0.9742699545244533
2026-05-25,2026-05-25 11:19:57,V022,70.0,0.9786864407857043
2026-05-25,2026-05-25 11:19:58,V022,71.0,0.9825688695925235
2026-05-25,2026-05-25 11:19:59,V022,72.0,0.983341457173056
2026-05-25,2026-05-25 11:20:00,V022,72.0,0.9731920927653862
2026-05-25,2026-05-25 11:20:01,V022,73.0,0.9598390415208131
2026-05-25,2026-05-25 11:20:02,V022,74.0,0.9652962392519427
2026-05-25,2026-05-25 11:20:03,V022,74.0,0.9546955499786518
2026-05-25,2026-05-25 11:20:04,V022,75.0,0.9660026349905256
2026-05-25,2026-05-25 11:20:05,V022,75.0,0.9836465715194826
2026-05-25,2026-05-25 11:20:06,V022,75.0,0.9586236196471717
2026-05-25,2026-05-25 11:20:07,V022,74.0,0.9675018340936566
2026-05-25,2026-05-25 11:20:08,V022,73.0,0.9535374639540719
2026-05-25,2026-05-25 11:20:09,V022,73.0,0.9463111643630144
2026-05-25,2026-05-25 11:20:10,V022,72.0,0.9443973331288061
2026-05-25,2026-05-25 11:20:11,V022,71.0,0.9444498904695428
2026-05-25,2026-05-25 11:20:12,V022,71.0,0.9447071769175417
2026-05-25,2026-05-25 11:20:13,V022,71.0,0.9449852130354304
2026-05-25,2026-05-25 11:20:14,V022,71.0,0.9462435860284517
2026-05-25,2026-05-25 11:20:15,V022,71.0,0.9454086708020113
2026-05-25,2026-05-25 11:20:16,V022,70.0,0.9464001828450999
2026-05-25,2026-05-25 11:20:17,V022,70.0,0.9469718330589444
2026-05-25,2026-05-25 11:20:18,V022,70.0,0.9459840830017121
2026-05-25,2026-05-25 11:20:19,V022,70.0,0.946693166042204
2026-05-25,2026-05-25 11:20:20,V022,70.0,0.9462240642398707
2026-05-25,2026-05-25 11:20:21,V022,69.0,0.9469419944141928
2026-05-25,2026-05-25 11:20:22,V022,68.0,0.9500687707385224
2026-05-25,2026-05-25 11:20:23,V022,68.0,0.9477120350774574
2026-05-25,2026-05-25 11:20:24,V022,67.0,0.9470366402252389
2026-05-25,2026-05-25 11:20:25,V022,68.0,0.9615454684539585
2026-05-25,2026-05-25 11:20:26,V022,68.0,0.9666219215980332
2026-05-25,2026-05-25 11:20:27,V022,69.0,0.9842004973964839
2026-05-25,2026-05-25 11:20:28,V022,70.0,0.9579791775531554
2026-05-25,2026-05-25 11:20:29,V022,71.0,0.947303201377982
2026-05-25,2026-05-25 11:20:30,V022,71.0,0.9466155740457055
2026-05-25,2026-05-25 11:20:31,V022,70.0,0.9469504186661971
2026-05-25,2026-05-25 11:20:32,V022,70.0,0.9464871034720997
2026-05-25,2026-05-25 11:20:33,V022,70.0,0.9465051158778837
2026-05-25,2026-05-25 11:20:34,V022,69.0,0.9456194597575824
2026-05-25,2026-05-25 11:20:35,V022,70.0,0.9483139834635099
2026-05-25,2026-05-25 11:20:36,V022,70.0,0.9478425190239557
2026-05-25,2026-05-25 11:20:37,V022,71.0,0.9473283766997698
2026-05-25,2026-05-25 11:20:38,V022,72.0,0.9479341047594066
2026-05-25,2026-05-25 11:20:39,V022,72.0,0.9491891962567898
2026-05-25,2026-05-25 11:20:40,V022,73.0,0.9514095732365406
2026-05-25,2026-05-25 11:20:41,V022,72.0,0.9508418997448636
2026-05-25,2026-05-25 11:20:42,V022,72.0,0.9490674616389129
2026-05-25,2026-05-25 11:20:43,V022,71.0,0.9504903489571751
2026-05-25,2026-05-25 11:20:44,V022,71.0,0.9528796559299667
2026-05-25,2026-05-25 11:20:45,V022,70.0,0.9643444602481124
2026-05-25,2026-05-25 11:20:46,V022,70.0,0.971005151540192
2026-05-25,2026-05-25 11:20:47,V022,70.0,0.9625197372787687
2026-05-25,2026-05-25 11:20:48,V022,69.0,0.9564577122393921
2026-05-25,2026-05-25 11:20:49,V022,68.0,0.9535769433217522
2026-05-25,2026-05-25 11:20:50,V022,68.0,0.9529079439277361
2026-05-25,2026-05-25 11:20:51,V022,67.0,0.9531363944008019
2026-05-25,2026-05-25 11:20:52,V022,67.0,0.9562024200877941
2026-05-25,2026-05-25 11:20:53,V022,67.0,0.9505422647560009
2026-05-25,2026-05-25 11:20:54,V022,67.0,0.9539448271506844
2026-05-25,2026-05-25 11:20:55,V022,67.0,0.951670069149898
2026-05-25,2026-05-25 11:20:56,V022,67.0,0.9562214151331118
2026-05-25,2026-05-25 11:20:57,V022,67.0,0.952668942640352
2026-05-25,2026-05-25 11:20:58,V022,67.0,0.9498893822129789
2026-05-25,2026-05-25 11:20:59,V022,67.0,0.9506743860584272
2026-05-25,2026-05-25 11:21:00,V022,66.0,0.9507923905553478
2026-05-25,2026-05-25 11:21:01,V022,66.0,0.9510257727117152
2026-05-25,2026-05-25 11:21:02,V022,65.0,0.9536799773075004
2026-05-25,2026-05-25 11:21:03,V022,64.0,0.9500835490001301
2026-05-25,2026-05-25 11:21:04,V022,63.0,0.9299592282167386
2026-05-25,2026-05-25 11:21:05,V022,62.0,0.977762582803489
2026-05-25,2026-05-25 11:21:06,V022,61.0,0.8519493223496161
2026-05-25,2026-05-25 11:21:07,V022,60.0,1.0046287875017939
2026-05-25,2026-05-25 11:21:08,V022,59.0,0.9697443747399613
2026-05-25,2026-05-25 11:21:09,V022,58.0,0.9900455650110861
2026-05-25,2026-05-25 11:21:10,V022,57.0,0.9522922297728619
2026-05-25,2026-05-25 11:21:11,V022,57.0,0.9717758871710086
2026-05-25,2026-05-25 11:21:12,V022,56.0,0.9885158931135088
2026-05-25,2026-05-25 11:21:13,V022,56.0,0.9802072592893881
2026-05-25,2026-05-25 11:21:14,V022,56.0,0.9170532226105457
2026-05-25,2026-05-25 11:21:15,V022,57.0,0.9612278120897282
2026-05-25,2026-05-25 11:21:16,V022,58.0,0.9563515995169175
2026-05-25,2026-05-25 11:21:17,V022,59.0,0.9537831259483563
2026-05-25,2026-05-25 11:21:18,V022,59.0,0.9557105096025056
2026-05-25,2026-05-25 11:21:19,V022,59.0,0.9505075992050197
2026-05-25,2026-05-25 11:21:20,V022,59.0,0.9850468455033194
2026-05-25,2026-05-25 11:21:21,V022,60.0,1.023553164043207
2026-05-25,2026-05-25 11:21:22,V022,60.0,1.0630174290769683
2026-05-25,2026-05-25 11:21:23,V022,60.0,1.0278225588091687
2026-05-25,2026-05-25 11:21:24,V022,61.0,0.9938890312196363
2026-05-25,2026-05-25 11:21:25,V022,61.0,1.0441338004378817
2026-05-25,2026-05-25 11:21:26,V022,62.0,1.0037153254959064
2026-05-25,2026-05-25 11:21:27,V022,63.0,1.0078368611025093
2026-05-25,2026-05-25 11:21:28,V022,64.0,1.0293754558621602
2026-05-25,2026-05-25 11:21:29,V022,66.0,1.0127321222961998
2026-05-25,2026-05-25 11:21:30,V022,67.0,0.9938219539487427
2026-05-25,2026-05-25 11:21:31,V022,68.0,1.00902347986859
2026-05-25,2026-05-25 11:21:32,V022,69.0,1.0035937026437578
2026-05-25,2026-05-25 11:21:33,V022,70.0,0.9962692897710244
2026-05-25,2026-05-25 11:21:34,V022,71.0,0.9977451750386493
2026-05-25,2026-05-25 11:21:35,V022,71.0,0.9903023237581157
2026-05-25,2026-05-25 11:21:36,V022,72.0,1.143442297111312
2026-05-25,2026-05-25 11:21:37,V022,72.0,0.9654352948930205
2026-05-25,2026-05-25 11:21:38,V022,72.0,0.9633992921575368
2026-05-25,2026-05-25 11:21:39,V022,72.0,0.9814630908616425
2026-05-25,2026-05-25 11:21:40,V022,73.0,0.9629796925731681
2026-05-25,2026-05-25 11:21:41,V022,73.0,1.0001673213218094
2026-05-25,2026-05-25 11:21:42,V022,73.0,1.0343179148638395
2026-05-25,2026-05-25 11:21:43,V022,74.0,1.0240775721606272
2026-05-25,2026-05-25 11:21:44,V022,74.0,1.008155877727515
2026-05-25,2026-05-25 11:21:45,V022,74.0,1.0036039004281714
2026-05-25,2026-05-25 11:21:46,V022,73.0,0.9874450770153949
2026-05-25,2026-05-25 11:21:47,V022,73.0,0.9633422215078986
2026-05-25,2026-05-25 11:21:48,V022,74.0,0.9906172642450431
2026-05-25,2026-05-25 11:21:49,V022,73.0,0.9936327551847667
2026-05-25,2026-05-25 11:21:50,V022,73.0,0.9893515567126223
2026-05-25,2026-05-25 11:21:51,V022,73.0,0.9921397080693806
2026-05-25,2026-05-25 11:21:52,V022,73.0,0.9601652956330147
2026-05-25,2026-05-25 11:21:53,V022,73.0,0.9533841349203025
2026-05-25,2026-05-25 11:21:54,V022,73.0,0.9727258861453506
2026-05-25,2026-05-25 11:21:55,V022,73.0,0.9533621227980471
2026-05-25,2026-05-25 11:21:56,V022,73.0,0.9730345563296566
2026-05-25,2026-05-25 11:21:57,V022,73.0,0.9476144966489819
2026-05-25,2026-05-25 11:21:58,V022,73.0,0.959211027041311
2026-05-25,2026-05-25 11:21:59,V022,73.0,0.9621801486429896
2026-05-25,2026-05-25 11:22:00,V022,74.0,0.9634897139086235
2026-05-25,2026-05-25 11:22:01,V022,75.0,0.9371617856156162
2026-05-25,2026-05-25 11:22:02,V022,76.0,0.9724427677181267
2026-05-25,2026-05-25 11:22:03,V022,77.0,0.9541768640005651
2026-05-25,2026-05-25 11:22:04,V022,77.0,0.9607530153712709
2026-05-25,2026-05-25 11:22:05,V022,78.0,0.9481159089215428
2026-05-25,2026-05-25 11:22:06,V022,79.0,0.9616497958660305
2026-05-25,2026-05-25 11:22:07,V022,79.0,0.9774976680947037
2026-05-25,2026-05-25 11:22:08,V022,78.0,0.975065823993877
2026-05-25,2026-05-25 11:22:09,V022,78.0,0.9768739001580741
2026-05-25,2026-05-25 11:22:10,V022,78.0,0.9507241654756092
2026-05-25,2026-05-25 11:22:11,V022,77.0,0.968400245924463
2026-05-25,2026-05-25 11:22:12,V022,77.0,0.9714052214961553
2026-05-25,2026-05-25 11:22:13,V022,76.0,0.97447004843305
2026-05-25,2026-05-25 11:22:14,V022,75.0,0.9431149488422235
2026-05-25,2026-05-25 11:22:15,V022,74.0,0.9381221890461204
2026-05-25,2026-05-25 11:22:16,V022,73.0,0.9658203134136066
2026-05-25,2026-05-25 11:22:17,V022,73.0,0.9692069272139804
2026-05-25,2026-05-25 11:22:18,V022,72.0,0.9449628280938701
2026-05-25,2026-05-25 11:22:19,V022,72.0,0.9667376129985938
2026-05-25,2026-05-25 11:22:20,V022,72.0,0.9600024032258402
2026-05-25,2026-05-25 11:22:21,V022,72.0,0.9676431118232608
2026-05-25,2026-05-25 11:22:22,V022,73.0,0.9740026592061509
2026-05-25,2026-05-25 11:22:23,V022,74.0,0.9513208662997212
2026-05-25,2026-05-25 11:22:24,V022,75.0,0.9396304724973548
2026-05-25,2026-05-25 11:22:25,V022,75.0,0.9553362307250545
2026-05-25,2026-05-25 11:22:26,V022,76.0,0.9542010081420637
2026-05-25,2026-05-25 11:22:27,V022,78.0,0.9607380544425728
2026-05-25,2026-05-25 11:22:28,V022,79.0,0.9522208990727548
2026-05-25,2026-05-25 11:22:29,V022,81.0,0.9577932142594919
2026-05-25,2026-05-25 11:22:30,V022,83.0,0.9281662534442633
2026-05-25,2026-05-25 11:22:31,V022,84.0,0.8866825132227361
2026-05-25,2026-05-25 11:22:32,V022,85.0,1.0692198602836491
2026-05-25,2026-05-25 11:22:33,V022,86.0,0.9546105104926604
2026-05-25,2026-05-25 11:22:34,V022,86.0,0.9700244486774936
2026-05-25,2026-05-25 11:22:35,V022,86.0,0.9485140229799269
2026-05-25,2026-05-25 11:22:36,V022,86.0,0.951218071868126
2026-05-25,2026-05-25 11:22:37,V022,86.0,0.9125083089596854
2026-05-25,2026-05-25 11:22:38,V022,86.0,0.9761175394304904
2026-05-25,2026-05-25 11:22:39,V022,86.0,0.8974098211579964
2026-05-25,2026-05-25 11:22:40,V022,86.0,1.0084592984603546
2026-05-25,2026-05-25 11:22:41,V022,87.0,0.9055888664077342
2026-05-25,2026-05-25 11:22:42,V022,87.0,0.9424368310019529
2026-05-25,2026-05-25 11:22:43,V022,87.0,1.064597450354148
2026-05-25,2026-05-25 11:22:44,V022,87.0,0.9409629520353788
2026-05-25,2026-05-25 11:22:45,V022,87.0,0.9631185747380034
2026-05-25,2026-05-25 11:22:46,V022,87.0,0.9437771258149957
2026-05-25,2026-05-25 11:22:47,V022,88.0,0.8938420371790349
2026-05-25,2026-05-25 11:22:48,V022,89.0,0.9843047243481051
2026-05-25,2026-05-25 11:22:49,V022,90.0,0.9076726198342654
2026-05-25,2026-05-25 11:22:50,V022,91.0,1.0395275185017072
2026-05-25,2026-05-25 11:22:51,V022,91.0,0.9485655797733488
2026-05-25,2026-05-25 11:22:52,V022,91.0,0.9944176596895856
2026-05-25,2026-05-25 11:22:53,V022,91.0,0.9798840452358474
2026-05-25,2026-05-25 11:22:54,V022,91.0,0.9744251556634187
2026-05-25,2026-05-25 11:22:55,V022,90.0,0.9419215297353167
2026-05-25,2026-05-25 11:22:56,V022,90.0,0.8749578975835155
2026-05-25,2026-05-25 11:22:57,V022,89.0,1.013105850556544
2026-05-25,2026-05-25 11:22:58,V022,89.0,0.9109490377959967
2026-05-25,2026-05-25 11:22:59,V022,89.0,0.9185489664166303
2026-05-25,2026-05-25 11:23:00,V022,89.0,1.0210020292660724
2026-05-25,2026-05-25 11:23:01,V022,89.0,0.9530114101818844
2026-05-25,2026-05-25 11:23:02,V022,89.0,0.9936911891956924
2026-05-25,2026-05-25 11:23:03,V022,89.0,0.9924944353204617
2026-05-25,2026-05-25 11:23:04,V022,89.0,0.960868701840534
2026-05-25,2026-05-25 11:23:05,V022,88.0,0.9501988081986054
2026-05-25,2026-05-25 11:23:06,V022,88.0,0.8909475517734433
2026-05-25,2026-05-25 11:23:07,V022,88.0,0.9884078212830701
2026-05-25,2026-05-25 11:23:08,V022,88.0,0.9184714140002405
2026-05-25,2026-05-25 11:23:09,V022,88.0,0.930473724813237
2026-05-25,2026-05-25 11:23:10,V022,88.0,0.9758470688886095
2026-05-25,2026-05-25 11:23:11,V022,89.0,0.9842062005965148
2026-05-25,2026-05-25 11:23:12,V022,89.0,0.9542855186628912
2026-05-25,2026-05-25 11:23:13,V022,90.0,0.9700524065971835
2026-05-25,2026-05-25 11:23:14,V022,90.0,0.9434095487387124
2026-05-25,2026-05-25 11:23:15,V022,91.0,0.9565873890080773
2026-05-25,2026-05-25 11:23:16,V022,91.0,0.9326303576667284
2026-05-25,2026-05-25 11:23:17,V022,90.0,0.9352198641176621
2026-05-25,2026-05-25 11:23:18,V022,89.0,0.9463443881966744
2026-05-25,2026-05-25 11:23:19,V022,88.0,0.9436404521736586
2026-05-25,2026-05-25 11:23:20,V022,88.0,0.9901095791629214
2026-05-25,2026-05-25 11:23:21,V022,87.0,1.0002465454612672
2026-05-25,2026-05-25 11:23:22,V022,86.0,0.9232442221317988
2026-05-25,2026-05-25 11:23:23,V022,86.0,0.967834103433789
2026-05-25,2026-05-25 11:23:24,V022,86.0,0.9533210868079871
2026-05-25,2026-05-25 11:23:25,V022,85.0,0.9969630636481732
2026-05-25,2026-05-25 11:23:26,V022,85.0,0.9618585414308833
2026-05-25,2026-05-25 11:23:27,V022,85.0,0.9739015093937298
2026-05-25,2026-05-25 11:23:28,V022,85.0,0.9650754805477028
2026-05-25,2026-05-25 11:23:29,V022,86.0,0.9529839449035558
2026-05-25,2026-05-25 11:23:30,V022,86.0,0.9851665390685431
2026-05-25,2026-05-25 11:23:31,V022,86.0,0.9734347036196339
2026-05-25,2026-05-25 11:23:32,V022,86.0,0.9724966094114359
2026-05-25,2026-05-25 11:23:33,V022,86.0,0.9532343062584759
2026-05-25,2026-05-25 11:23:34,V022,86.0,0.986693112802285
2026-05-25,2026-05-25 11:23:35,V022,87.0,0.9265921159274044
2026-05-25,2026-05-25 11:23:36,V022,87.0,0.975975827056916
2026-05-25,2026-05-25 11:23:37,V022,87.0,1.0063834026449772
2026-05-25,2026-05-25 11:23:38,V022,87.0,0.9733214459628341
2026-05-25,2026-05-25 11:23:39,V022,87.0,0.9740843200967916
2026-05-25,2026-05-25 11:23:40,V022,87.0,0.992437458935071
2026-05-25,2026-05-25 11:23:41,V022,87.0,0.9929354709810551
2026-05-25,2026-05-25 11:23:42,V022,87.0,0.9820883307838135
2026-05-25,2026-05-25 11:23:43,V022,86.0,0.9549959826078868
2026-05-25,2026-05-25 11:23:44,V022,85.0,0.936692499057227
2026-05-25,2026-05-25 11:23:45,V022,84.0,0.9387832704245078
2026-05-25,2026-05-25 11:23:46,V022,83.0,0.9384042090132024
2026-05-25,2026-05-25 11:23:47,V022,83.0,0.9622035212522896
2026-05-25,2026-05-25 11:23:48,V022,82.0,0.9782120383915489
2026-05-25,2026-05-25 11:23:49,V022,81.0,0.9186621537283521
2026-05-25,2026-05-25 11:23:50,V022,80.0,1.0055799922575843
2026-05-25,2026-05-25 11:23:51,V022,80.0,0.9392599178961878
2026-05-25,2026-05-25 11:23:52,V022,79.0,0.9742116352462233
2026-05-25,2026-05-25 11:23:53,V022,80.0,0.9684333565403833
2026-05-25,2026-05-25 11:23:54,V022,80.0,0.9598735384074211
2026-05-25,2026-05-25 11:23:55,V022,80.0,0.9621079987778378
2026-05-25,2026-05-25 11:23:56,V022,80.0,0.963692625627567
2026-05-25,2026-05-25 11:23:57,V022,81.0,0.9615437844724715
2026-05-25,2026-05-25 11:23:58,V022,82.0,0.9662911969121124
2026-05-25,2026-05-25 11:23:59,V022,83.0,0.9728881746025392
2026-05-25,2026-05-25 11:24:00,V022,83.0,0.962292148161149
2026-05-25,2026-05-25 11:24:01,V022,84.0,0.9628430278513724
2026-05-25,2026-05-25 11:24:02,V022,85.0,0.9974567736112819
2026-05-25,2026-05-25 11:24:03,V022,86.0,0.9922965303783953
2026-05-25,2026-05-25 11:24:04,V022,86.0,1.0084122790913392
2026-05-25,2026-05-25 11:24:05,V022,87.0,0.9862256279845295
2026-05-25,2026-05-25 11:24:06,V022,87.0,0.9726014062791637
2026-05-25,2026-05-25 11:24:07,V022,87.0,0.956790059027706
2026-05-25,2026-05-25 11:24:08,V022,87.0,0.9886210335992206
2026-05-25,2026-05-25 11:24:09,V022,88.0,0.9664042921234832
2026-05-25,2026-05-25 11:24:10,V022,88.0,0.9728065971599716
2026-05-25,2026-05-25 11:24:11,V022,88.0,0.9767756522558138
2026-05-25,2026-05-25 11:24:12,V022,88.0,0.9661325134896677
2026-05-25,2026-05-25 11:24:13,V022,88.0,0.9755637398594752
2026-05-25,2026-05-25 11:24:14,V022,88.0,0.9623000812925945
2026-05-25,2026-05-25 11:24:15,V022,88.0,0.9669491162261962
2026-05-25,2026-05-25 11:24:16,V022,88.0,0.9661676485335953
2026-05-25,2026-05-25 11:24:17,V022,88.0,0.9497744600237981
2026-05-25,2026-05-25 11:24:18,V022,88.0,0.9458068073685035
2026-05-25,2026-05-25 11:24:19,V022,88.0,0.9734335161307169
2026-05-25,2026-05-25 11:24:20,V022,88.0,0.9643066459357386
2026-05-25,2026-05-25 11:24:21,V022,87.0,0.9693138670234648
2026-05-25,2026-05-25 11:24:22,V022,87.0,0.9648363346040388
2026-05-25,2026-05-25 11:24:23,V022,87.0,0.8882672786646979
2026-05-25,2026-05-25 11:24:24,V022,87.0,0.9596928757632831
2026-05-25,2026-05-25 11:24:25,V022,87.0,0.9266836142757255
2026-05-25,2026-05-25 11:24:26,V022,86.0,0.9146590186451613
2026-05-25,2026-05-25 11:24:27,V022,86.0,1.0330445342307495
2026-05-25,2026-05-25 11:24:28,V022,86.0,0.9481108904033887
2026-05-25,2026-05-25 11:24:29,V022,86.0,0.9699927110602601
2026-05-25,2026-05-25 11:24:30,V022,86.0,0.9745126469544835
2026-05-25,2026-05-25 11:24:31,V022,86.0,0.9703982576828251
2026-05-25,2026-05-25 11:24:32,V022,86.0,0.9691837879933068
2026-05-25,2026-05-25 11:24:33,V022,86.0,0.964090457290812
2026-05-25,2026-05-25 11:24:34,V022,86.0,0.970902970327539
2026-05-25,2026-05-25 11:24:35,V022,86.0,0.9669975826904413
2026-05-25,2026-05-25 11:24:36,V022,86.0,0.9741166567287475
2026-05-25,2026-05-25 11:24:37,V022,86.0,0.9662569087981091
2026-05-25,2026-05-25 11:24:38,V022,85.0,0.9711001973230983
2026-05-25,2026-05-25 11:24:39,V022,85.0,0.9747245194096489
2026-05-25,2026-05-25 11:24:40,V022,85.0,0.9751493231242725
2026-05-25,2026-05-25 11:24:41,V022,85.0,0.9611600577494193
2026-05-25,2026-05-25 11:24:42,V022,85.0,0.967651433566617
2026-05-25,2026-05-25 11:24:43,V022,85.0,0.9635242130914133
2026-05-25,2026-05-25 11:24:44,V022,85.0,0.9632927975203854
2026-05-25,2026-05-25 11:24:45,V022,86.0,0.9673095583970216
2026-05-25,2026-05-25 11:24:46,V022,86.0,0.9642698181672235
2026-05-25,2026-05-25 11:24:47,V022,86.0,0.9571928063182918
2026-05-25,2026-05-25 11:24:48,V022,86.0,0.9678033536034774
2026-05-25,2026-05-25 11:24:49,V022,86.0,0.9598187911178644
2026-05-25,2026-05-25 11:24:50,V022,86.0,0.957508506686139
2026-05-25,2026-05-25 11:24:51,V022,86.0,0.9580704568026212
2026-05-25,2026-05-25 11:24:52,V022,86.0,0.9622725344033122
2026-05-25,2026-05-25 11:24:53,V022,86.0,0.9513372472832353
2026-05-25,2026-05-25 11:24:54,V022,85.0,0.9906424061764971
2026-05-25,2026-05-25 11:24:55,V022,85.0,0.9867109084210814
2026-05-25,2026-05-25 11:24:56,V022,85.0,0.9670988680446166
2026-05-25,2026-05-25 11:24:57,V022,85.0,0.9911115105456313
2026-05-25,2026-05-25 11:24:58,V022,85.0,0.9880876905829953
2026-05-25,2026-05-25 11:24:59,V022,85.0,0.9870074590361623
2026-05-25,2026-05-25 11:25:00,V022,85.0,0.9744851343230674
2026-05-25,2026-05-25 11:25:01,V022,85.0,0.9927581852244151
2026-05-25,2026-05-25 11:25:02,V022,85.0,0.9931272583049844
2026-05-25,2026-05-25 11:25:03,V022,86.0,0.9888780873223263
2026-05-25,2026-05-25 11:25:04,V022,87.0,0.9953198051021688
2026-05-25,2026-05-25 11:25:05,V022,88.0,0.9870018751205655
2026-05-25,2026-05-25 11:25:06,V022,89.0,0.984776515909287
2026-05-25,2026-05-25 11:25:07,V022,90.0,0.9904267607015301
2026-05-25,2026-05-25 11:25:08,V022,90.0,0.9986376924953068
2026-05-25,2026-05-25 11:25:09,V022,91.0,0.9935688801287392
2026-05-25,2026-05-25 11:25:10,V022,91.0,0.9878353247598362
2026-05-25,2026-05-25 11:25:11,V022,91.0,0.9802801145766868
2026-05-25,2026-05-25 11:25:12,V022,92.0,0.9794949523027262
2026-05-25,2026-05-25 11:25:13,V022,92.0,0.9805955469817874
2026-05-25,2026-05-25 11:25:14,V022,92.0,0.9956845897227906
2026-05-25,2026-05-25 11:25:15,V022,92.0,0.9872738389383903
2026-05-25,2026-05-25 11:25:16,V022,92.0,0.9851597250679754
2026-05-25,2026-05-25 11:25:17,V022,92.0,1.013622196191295
2026-05-25,2026-05-25 11:25:18,V022,92.0,0.9948899298366607
2026-05-25,2026-05-25 11:25:19,V022,92.0,0.9803905890374026
2026-05-25,2026-05-25 11:25:20,V022,92.0,1.0005996486412927
2026-05-25,2026-05-25 11:25:21,V022,92.0,1.0018225346265153
2026-05-25,2026-05-25 11:25:22,V022,91.0,0.9815163888552191
2026-05-25,2026-05-25 11:25:23,V022,91.0,0.987160593020226
2026-05-25,2026-05-25 11:25:24,V022,91.0,0.9801978416821413
2026-05-25,2026-05-25 11:25:25,V022,91.0,0.9980535981486036
2026-05-25,2026-05-25 11:25:26,V022,91.0,0.9994044741859612
2026-05-25,2026-05-25 11:25:27,V022,92.0,0.9892562221109891
2026-05-25,2026-05-25 11:25:28,V022,92.0,0.9642957137330531
2026-05-25,2026-05-25 11:25:29,V022,93.0,0.9693119461911542
2026-05-25,2026-05-25 11:25:30,V022,93.0,0.9864473606261117
2026-05-25,2026-05-25 11:25:31,V022,93.0,0.9767320517643392
2026-05-25,2026-05-25 11:25:32,V022,94.0,0.980910623197863
2026-05-25,2026-05-25 11:25:33,V022,94.0,0.976866413839719
2026-05-25,2026-05-25 11:25:34,V022,95.0,0.9814060238775387
2026-05-25,2026-05-25 11:25:35,V022,96.0,0.9734890100244818
2026-05-25,2026-05-25 11:25:36,V022,96.0,0.9872082096948157
2026-05-25,2026-05-25 11:25:37,V022,96.0,0.9687140409685514
2026-05-25,2026-05-25 11:25:38,V022,96.0,0.9955144614761594
2026-05-25,2026-05-25 11:25:39,V022,96.0,0.971821023873049
2026-05-25,2026-05-25 11:25:40,V022,96.0,0.9683854753281798
2026-05-25,2026-05-25 11:25:41,V022,95.0,0.9693446312315835
2026-05-25,2026-05-25 11:25:42,V022,95.0,0.9796085103460354
2026-05-25,2026-05-25 11:25:43,V022,95.0,0.9827803267402999
2026-05-25,2026-05-25 11:25:44,V022,95.0,0.9786822326446727
2026-05-25,2026-05-25 11:25:45,V022,95.0,0.9799468179829534
2026-05-25,2026-05-25 11:25:46,V022,95.0,0.9715284590365081
2026-05-25,2026-05-25 11:25:47,V022,96.0,0.9834869248049587
2026-05-25,2026-05-25 11:25:48,V022,96.0,1.000998586408904
2026-05-25,2026-05-25 11:25:49,V022,96.0,0.9912910409610708
2026-05-25,2026-05-25 11:25:50,V022,97.0,0.9938557297141536
2026-05-25,2026-05-25 11:25:51,V022,97.0,0.9901730538832398
2026-05-25,2026-05-25 11:25:52,V022,96.0,0.9858730319786753
2026-05-25,2026-05-25 11:25:53,V022,96.0,0.997146060075829
2026-05-25,2026-05-25 11:25:54,V022,95.0,0.9792958868586666
2026-05-25,2026-05-25 11:25:55,V022,94.0,1.0018272950300546
2026-05-25,2026-05-25 11:25:56,V022,94.0,1.000280392813573
2026-05-25,2026-05-25 11:25:57,V022,93.0,0.9790831239675829
2026-05-25,2026-05-25 11:25:58,V022,93.0,0.9959467763128967
2026-05-25,2026-05-25 11:25:59,V022,93.0,0.9826710350240435
2026-05-25,2026-05-25 11:26:00,V022,92.0,0.9889504478077266
2026-05-25,2026-05-25 11:26:01,V022,92.0,0.984112147089513
2026-05-25,2026-05-25 11:26:02,V022,92.0,0.9730564181384486
2026-05-25,2026-05-25 11:26:03,V022,92.0,0.9884174218847606
2026-05-25,2026-05-25 11:26:04,V022,92.0,0.9683301989731048
2026-05-25,2026-05-25 11:26:05,V022,92.0,0.9746981368458202
2026-05-25,2026-05-25 11:26:06,V022,91.0,0.9680771388023329
2026-05-25,2026-05-25 11:26:07,V022,91.0,0.9705817392116272
2026-05-25,2026-05-25 11:26:08,V022,91.0,0.9739889557354291
2026-05-25,2026-05-25 11:26:09,V022,91.0,0.9719256392120028
2026-05-25,2026-05-25 11:26:10,V022,91.0,0.9630637602211103
2026-05-25,2026-05-25 11:26:11,V022,91.0,0.9724897503803623
2026-05-25,2026-05-25 11:26:12,V022,92.0,0.9680018089734328
2026-05-25,2026-05-25 11:26:13,V022,92.0,0.9763009667420796
2026-05-25,2026-05-25 11:26:14,V022,92.0,0.9688988441608409
2026-05-25,2026-05-25 11:26:15,V022,92.0,0.9580283475020728
2026-05-25,2026-05-25 11:26:16,V022,92.0,0.9460532171844883
2026-05-25,2026-05-25 11:26:17,V022,92.0,0.9558276100171297
2026-05-25,2026-05-25 11:26:18,V022,93.0,0.9666477520386891
2026-05-25,2026-05-25 11:26:19,V022,93.0,0.9655456553113907
2026-05-25,2026-05-25 11:26:20,V022,94.0,0.9529916425896139
2026-05-25,2026-05-25 11:26:21,V022,95.0,0.9737478488947114
2026-05-25,2026-05-25 11:26:22,V022,95.0,0.9712156323819117
2026-05-25,2026-05-25 11:26:23,V022,96.0,0.9622717894564153
2026-05-25,2026-05-25 11:26:24,V022,96.0,0.9562882307206014
2026-05-25,2026-05-25 11:26:25,V022,97.0,0.9837931407450164
2026-05-25,2026-05-25 11:26:26,V022,98.0,0.9592392179597297
2026-05-25,2026-05-25 11:26:27,V022,98.0,0.9648456706055354
2026-05-25,2026-05-25 11:26:28,V022,99.0,0.968465807075115
2026-05-25,2026-05-25 11:26:29,V022,99.0,0.9734522113555959
2026-05-25,2026-05-25 11:26:30,V022,99.0,0.9599918050285813
2026-05-25,2026-05-25 11:26:31,V022,100.0,0.9661411745255349
2026-05-25,2026-05-25 11:26:32,V022,100.0,0.9696615588210472
2026-05-25,2026-05-25 11:26:33,V022,99.0,0.971500543619536
2026-05-25,2026-05-25 11:26:34,V022,99.0,0.9666998330615172
2026-05-25,2026-05-25 11:26:35,V022,99.0,0.9721334643497679
2026-05-25,2026-05-25 11:26:36,V022,99.0,0.9522508608879323
2026-05-25,2026-05-25 11:26:37,V022,98.0,0.9551741807479682
2026-05-25,2026-05-25 11:26:38,V022,98.0,0.9623933350261445
2026-05-25,2026-05-25 11:26:39,V022,98.0,0.963763085005525
2026-05-25,2026-05-25 11:26:40,V022,98.0,0.965854563437488
2026-05-25,2026-05-25 11:26:41,V022,97.0,0.9527671152169886
2026-05-25,2026-05-25 11:26:42,V022,97.0,0.9563139338068857
2026-05-25,2026-05-25 11:26:43,V022,96.0,0.9547593041982416
2026-05-25,2026-05-25 11:26:44,V022,96.0,0.966072505965752
2026-05-25,2026-05-25 11:26:45,V022,96.0,0.9622820355179007
2026-05-25,2026-05-25 11:26:46,V022,96.0,0.9947029977870673
2026-05-25,2026-05-25 11:26:47,V022,96.0,0.9563520039120053
2026-05-25,2026-05-25 11:26:48,V022,96.0,0.9929930460078507
2026-05-25,2026-05-25 11:26:49,V022,96.0,0.9956677192529878
2026-05-25,2026-05-25 11:26:50,V022,96.0,0.9748618619436821
2026-05-25,2026-05-25 11:26:51,V022,97.0,0.9569638043229005
2026-05-25,2026-05-25 11:26:52,V022,97.0,0.9783541711015823
2026-05-25,2026-05-25 11:26:53,V022,97.0,0.9522034363092963
2026-05-25,2026-05-25 11:26:54,V022,97.0,0.9577218504895966
2026-05-25,2026-05-25 11:26:55,V022,97.0,0.9574063992833113
2026-05-25,2026-05-25 11:26:56,V022,97.0,0.9702362042761113
2026-05-25,2026-05-25 11:26:57,V022,96.0,0.9700636974220226
2026-05-25,2026-05-25 11:26:58,V022,96.0,0.9772512671791839
2026-05-25,2026-05-25 11:26:59,V022,96.0,0.9637406648943263
2026-05-25,2026-05-25 11:27:00,V022,96.0,0.9699877779843253
2026-05-25,2026-05-25 11:27:01,V022,95.0,0.9604744560715847
2026-05-25,2026-05-25 11:27:02,V022,95.0,0.9818337722054594
2026-05-25,2026-05-25 11:27:03,V022,95.0,0.9710717899557899
2026-05-25,2026-05-25 11:27:04,V022,94.0,1.0004736359656365
2026-05-25,2026-05-25 11:27:05,V022,94.0,0.9816085514760416
2026-05-25,2026-05-25 11:27:06,V022,94.0,1.0062365290255195
2026-05-25,2026-05-25 11:27:07,V022,94.0,0.9966557486257661
2026-05-25,2026-05-25 11:27:08,V022,94.0,1.0407848411368756
2026-05-25,2026-05-25 11:27:09,V022,94.0,0.9836789473101484
2026-05-25,2026-05-25 11:27:10,V022,94.0,0.9618503726343022
2026-05-25,2026-05-25 11:27:11,V022,94.0,0.9621909760244216
2026-05-25,2026-05-25 11:27:12,V022,94.0,0.9586721950921793
2026-05-25,2026-05-25 11:27:13,V022,94.0,0.9712105330355923
2026-05-25,2026-05-25 11:27:14,V022,94.0,0.9597224422381517
2026-05-25,2026-05-25 11:27:15,V022,94.0,0.9606058986532945
2026-05-25,2026-05-25 11:27:16,V022,95.0,0.9672377824403567
2026-05-25,2026-05-25 11:27:17,V022,95.0,0.9731590852968104
2026-05-25,2026-05-25 11:27:18,V022,95.0,0.9751606981547646
2026-05-25,2026-05-25 11:27:19,V022,96.0,1.001342984466746
2026-05-25,2026-05-25 11:27:20,V022,96.0,0.9626608191819799
2026-05-25,2026-05-25 11:27:21,V022,97.0,0.9556492995974358
2026-05-25,2026-05-25 11:27:22,V022,98.0,0.9537978947350589
2026-05-25,2026-05-25 11:27:23,V022,99.0,0.9461958480568787
2026-05-25,2026-05-25 11:27:24,V022,99.0,0.9890336462699556
2026-05-25,2026-05-25 11:27:25,V022,99.0,1.0022837747551325
2026-05-25,2026-05-25 11:27:26,V022,99.0,1.0191559035127422
2026-05-25,2026-05-25 11:27:27,V022,99.0,0.988666412516343
2026-05-25,2026-05-25 11:27:28,V022,99.0,1.0177857161359847
2026-05-25,2026-05-25 11:27:29,V022,99.0,0.9678168017170188
2026-05-25,2026-05-25 11:27:30,V022,99.0,0.97845075029463
2026-05-25,2026-05-25 11:27:31,V022,99.0,0.9629541310944197
2026-05-25,2026-05-25 11:27:32,V022,99.0,0.9720606448800148
2026-05-25,2026-05-25 11:27:33,V022,99.0,0.9900515149928247
2026-05-25,2026-05-25 11:27:34,V022,99.0,0.9549364033951371
2026-05-25,2026-05-25 11:27:35,V022,99.0,0.981501244571121
2026-05-25,2026-05-25 11:27:36,V022,99.0,0.983793345160718
2026-05-25,2026-05-25 11:27:37,V022,99.0,0.9881589619132586
2026-05-25,2026-05-25 11:27:38,V022,99.0,0.9643733255507375
2026-05-25,2026-05-25 11:27:39,V022,100.0,0.9810396093643395
2026-05-25,2026-05-25 11:27:40,V022,100.0,0.9757739230198242
2026-05-25,2026-05-25 11:27:41,V022,101.0,0.9516317797370591
2026-05-25,2026-05-25 11:27:42,V022,101.0,0.9715335095319614
2026-05-25,2026-05-25 11:27:43,V022,102.0,0.9489805030669193
2026-05-25,2026-05-25 11:27:44,V022,102.0,0.9472522707118108
2026-05-25,2026-05-25 11:27:45,V022,103.0,0.953449746173137
2026-05-25,2026-05-25 11:27:46,V022,103.0,1.0027767595492425
2026-05-25,2026-05-25 11:27:47,V022,103.0,1.0123769543405108
2026-05-25,2026-05-25 11:27:48,V022,104.0,1.041827779899042
2026-05-25,2026-05-25 11:27:49,V022,104.0,1.0276332244341577
2026-05-25,2026-05-25 11:27:50,V022,104.0,0.9560160144077554
2026-05-25,2026-05-25 11:27:51,V022,104.0,0.9509563597645658
2026-05-25,2026-05-25 11:27:52,V022,105.0,0.9899463336002167
2026-05-25,2026-05-25 11:27:53,V022,105.0,0.9656805860218336
2026-05-25,2026-05-25 11:27:54,V022,105.0,0.9956252195562008
2026-05-25,2026-05-25 11:27:55,V022,106.0,0.9669809408891837
2026-05-25,2026-05-25 11:27:56,V022,106.0,0.9674097054119342
2026-05-25,2026-05-25 11:27:57,V022,107.0,0.962599991488701
2026-05-25,2026-05-25 11:27:58,V022,107.0,0.9486308242178049
2026-05-25,2026-05-25 11:27:59,V022,108.0,0.9902260573637226
2026-05-25,2026-05-25 11:28:00,V022,108.0,0.9690627123024121
2026-05-25,2026-05-25 11:28:01,V022,108.0,0.9733184260299607
2026-05-25,2026-05-25 11:28:02,V022,108.0,0.9210793040594903
2026-05-25,2026-05-25 11:28:03,V022,108.0,0.9929515828953046
2026-05-25,2026-05-25 11:28:04,V022,108.0,0.9704759635618937
2026-05-25,2026-05-25 11:28:05,V022,107.0,0.938856159971629
2026-05-25,2026-05-25 11:28:06,V022,106.0,0.9515684690364227
2026-05-25,2026-05-25 11:28:07,V022,105.0,0.9313842837882989
2026-05-25,2026-05-25 11:28:08,V022,105.0,0.9583496731134521
2026-05-25,2026-05-25 11:28:09,V022,104.0,0.9305769577609536
2026-05-25,2026-05-25 11:28:10,V022,103.0,0.9514914896343721
2026-05-25,2026-05-25 11:28:11,V022,103.0,0.942104216644647
2026-05-25,2026-05-25 11:28:12,V022,102.0,0.9325802879071711
2026-05-25,2026-05-25 11:28:13,V022,103.0,0.9320399869177175
2026-05-25,2026-05-25 11:28:14,V022,103.0,0.9559664800978693
2026-05-25,2026-05-25 11:28:15,V022,103.0,0.9398626005532746
2026-05-25,2026-05-25 11:28:16,V022,103.0,0.9496365249366308
2026-05-25,2026-05-25 11:28:17,V022,103.0,0.9458193450028207
2026-05-25,2026-05-25 11:28:18,V022,103.0,0.9436968862536882
2026-05-25,2026-05-25 11:28:19,V022,103.0,0.9771905781951672
2026-05-25,2026-05-25 11:28:20,V022,102.0,0.9809158893178704
2026-05-25,2026-05-25 11:28:21,V022,101.0,0.9609273132603585
2026-05-25,2026-05-25 11:28:22,V022,100.0,0.9987270936260086
2026-05-25,2026-05-25 11:28:23,V022,98.0,0.9394694489063362
2026-05-25,2026-05-25 11:28:24,V022,96.0,0.9217916701291163
2026-05-25,2026-05-25 11:28:25,V022,95.0,0.9641114954791328
2026-05-25,2026-05-25 11:28:26,V022,95.0,0.9384851508435648
2026-05-25,2026-05-25 11:28:27,V022,95.0,0.9377548534633529
2026-05-25,2026-05-25 11:28:28,V022,95.0,0.9349857198000743
2026-05-25,2026-05-25 11:28:29,V022,95.0,0.9324187627837298
2026-05-25,2026-05-25 11:28:30,V022,96.0,0.9404722904717414
2026-05-25,2026-05-25 11:28:31,V022,96.0,0.9459065600467826
2026-05-25,2026-05-25 11:28:32,V022,96.0,0.9479211323550326
2026-05-25,2026-05-25 11:28:33,V022,96.0,0.942365995422878
2026-05-25,2026-05-25 11:28:34,V022,95.0,0.967862720933831
2026-05-25,2026-05-25 11:28:35,V022,95.0,0.990398579509983
2026-05-25,2026-05-25 11:28:36,V022,94.0,0.8901686622021129
2026-05-25,2026-05-25 11:28:37,V022,93.0,0.9580409553572183
2026-05-25,2026-05-25 11:28:38,V022,92.0,0.9016265926673087
2026-05-25,2026-05-25 11:28:39,V022,90.0,1.0651289757952904
2026-05-25,2026-05-25 11:28:40,V022,89.0,0.867886200234692
2026-05-25,2026-05-25 11:28:41,V022,87.0,0.9300494613681951
2026-05-25,2026-05-25 11:28:42,V022,86.0,0.963854299881173
2026-05-25,2026-05-25 11:28:43,V022,85.0,0.9735162799893096
2026-05-25,2026-05-25 11:28:44,V022,84.0,0.9589262057532489
2026-05-25,2026-05-25 11:28:45,V022,84.0,1.013161341022892
2026-05-25,2026-05-25 11:28:46,V022,84.0,0.9063509476541394
2026-05-25,2026-05-25 11:28:47,V022,84.0,0.9701128912793607
2026-05-25,2026-05-25 11:28:48,V022,84.0,0.9690491408215745
2026-05-25,2026-05-25 11:28:49,V022,85.0,0.9769879266522425
2026-05-25,2026-05-25 11:28:50,V022,86.0,0.9677078918689931
2026-05-25,2026-05-25 11:28:51,V022,86.0,0.993377905917365
2026-05-25,2026-05-25 11:28:52,V022,86.0,0.9567017602944605
2026-05-25,2026-05-25 11:28:53,V022,87.0,0.9462837408108511
2026-05-25,2026-05-25 11:28:54,V022,87.0,0.9583326977811161
2026-05-25,2026-05-25 11:28:55,V022,87.0,0.9462765611830174
2026-05-25,2026-05-25 11:28:56,V022,88.0,0.9551809308560967
2026-05-25,2026-05-25 11:28:57,V022,88.0,0.9611333845879652
2026-05-25,2026-05-25 11:28:58,V022,89.0,0.9530927713779733
2026-05-25,2026-05-25 11:28:59,V022,89.0,0.9542865052683189
2026-05-25,2026-05-25 11:29:00,V022,89.0,0.9556659439321642
2026-05-25,2026-05-25 11:29:01,V022,89.0,0.9719730664285416
2026-05-25,2026-05-25 11:29:02,V022,89.0,0.9286871841628414
2026-05-25,2026-05-25 11:29:03,V022,90.0,0.9565548396526793
2026-05-25,2026-05-25 11:29:04,V022,90.0,0.9573447331491965
2026-05-25,2026-05-25 11:29:05,V022,90.0,0.9699380779896501
2026-05-25,2026-05-25 11:29:06,V022,90.0,0.9354072708479234
2026-05-25,2026-05-25 11:29:07,V022,90.0,1.086790239479783
2026-05-25,2026-05-25 11:29:08,V022,90.0,0.9258556148338697
2026-05-25,2026-05-25 11:29:09,V022,90.0,0.9548643900424953
2026-05-25,2026-05-25 11:29:10,V022,89.0,0.9659845601182663
2026-05-25,2026-05-25 11:29:11,V022,89.0,0.940128112056808
2026-05-25,2026-05-25 11:29:12,V022,89.0,0.9042894184625697
2026-05-25,2026-05-25 11:29:13,V022,89.0,1.0479914711896765
2026-05-25,2026-05-25 11:29:14,V022,89.0,0.9056057233107464
2026-05-25,2026-05-25 11:29:15,V022,88.0,0.9487335600138599
2026-05-25,2026-05-25 11:29:16,V022,88.0,0.9398359076160064
2026-05-25,2026-05-25 11:29:17,V022,88.0,0.9292399470473844
2026-05-25,2026-05-25 11:29:18,V022,88.0,1.104809552225026
2026-05-25,2026-05-25 11:29:19,V022,88.0,1.0752898834641438
2026-05-25,2026-05-25 11:29:20,V022,88.0,0.999197659388287
2026-05-25,2026-05-25 11:29:21,V022,89.0,1.0029574424039205
2026-05-25,2026-05-25 11:29:22,V022,89.0,1.0225522845784514
2026-05-25,2026-05-25 11:29:23,V022,90.0,1.4104409870248722
2026-05-25,2026-05-25 11:29:24,V022,90.0,1.0221658357418457
2026-05-25,2026-05-25 11:29:25,V022,89.0,1.0000527141454125
2026-05-25,2026-05-25 11:29:26,V022,89.0,1.003489994530395
2026-05-25,2026-05-25 11:29:27,V022,88.0,0.9949811264411244
2026-05-25,2026-05-25 11:29:28,V022,87.0,1.009894318086156
2026-05-25,2026-05-25 11:29:29,V022,87.0,1.007112012821081
2026-05-25,2026-05-25 11:29:30,V022,86.0,1.014525709072811
2026-05-25,2026-05-25 11:29:31,V022,86.0,1.0133548324822101
2026-05-25,2026-05-25 11:29:32,V022,86.0,1.0058159667698792
2026-05-25,2026-05-25 11:29:33,V022,86.0,1.0034724594457063
2026-05-25,2026-05-25 11:29:34,V022,86.0,1.0043152653006309
2026-05-25,2026-05-25 11:29:35,V022,85.0,1.011699157332856
2026-05-25,2026-05-25 11:29:36,V022,85.0,0.9883237411718625
2026-05-25,2026-05-25 11:29:37,V022,84.0,1.025881389834274
2026-05-25,2026-05-25 11:29:38,V022,84.0,1.0084454095008064
2026-05-25,2026-05-25 11:29:39,V022,83.0,1.0264922250751245
2026-05-25,2026-05-25 11:29:40,V022,82.0,0.9972139941407924
2026-05-25,2026-05-25 11:29:41,V022,80.0,0.9993861395295638
2026-05-25,2026-05-25 11:29:42,V022,80.0,0.993052164292539
2026-05-25,2026-05-25 11:29:43,V022,79.0,0.9864468465097088
2026-05-25,2026-05-25 11:29:44,V022,79.0,0.9928675434323961
2026-05-25,2026-05-25 11:29:45,V022,79.0,0.9716278138876369
2026-05-25,2026-05-25 11:29:46,V022,79.0,0.98112662700251
2026-05-25,2026-05-25 11:29:47,V022,79.0,0.9871793999077346
2026-05-25,2026-05-25 11:29:48,V022,79.0,0.9768714963690286
2026-05-25,2026-05-25 11:29:49,V022,79.0,0.9801543504001652
2026-05-25,2026-05-25 11:29:50,V022,79.0,0.97771952084854
2026-05-25,2026-05-25 11:29:51,V022,78.0,0.9792808411314772
2026-05-25,2026-05-25 11:29:52,V022,77.0,0.9817710229222567
2026-05-25,2026-05-25 11:29:53,V022,77.0,0.9911598742129917
2026-05-25,2026-05-25 11:29:54,V022,76.0,0.989206428009208
2026-05-25,2026-05-25 11:29:55,V022,76.0,0.9911243219469698
2026-05-25,2026-05-25 11:29:56,V022,75.0,0.9907433931977133
2026-05-25,2026-05-25 11:29:57,V022,75.0,1.0134572190916675
2026-05-25,2026-05-25 11:29:58,V022,75.0,0.9718013280668732
2026-05-25,2026-05-25 11:29:59,V022,74.0,0.9590844724428079
2026-05-25,2026-05-25 11:30:00,V022,74.0,0.9454088044575393
2026-05-25,2026-05-25 11:30:01,V022,74.0,0.9669935086832896
2026-05-25,2026-05-25 11:30:02,V022,74.0,0.9574230776356948
2026-05-25,2026-05-25 11:30:03,V022,73.0,0.9406026739473629
2026-05-25,2026-05-25 11:30:04,V022,73.0,0.9473630440896847
2026-05-25,2026-05-25 11:30:05,V022,73.0,0.9455313629038635
2026-05-25,2026-05-25 11:30:06,V022,73.0,0.9437111374427403
2026-05-25,2026-05-25 11:30:07,V022,73.0,0.9444297024811836
2026-05-25,2026-05-25 11:30:08,V022,73.0,0.9605646032927525
2026-05-25,2026-05-25 11:30:09,V022,74.0,0.9500262671611553
2026-05-25,2026-05-25 11:30:10,V022,74.0,0.9480694938454206
2026-05-25,2026-05-25 11:30:11,V022,75.0,0.9417182811066099
2026-05-25,2026-05-25 11:30:12,V022,75.0,0.9365982014779037
2026-05-25,2026-05-25 11:30:13,V022,75.0,0.9483221383579722
2026-05-25,2026-05-25 11:30:14,V022,75.0,0.9288841194465843
2026-05-25,2026-05-25 11:30:15,V022,75.0,0.9389115394967158
2026-05-25,2026-05-25 11:30:16,V022,75.0,0.9338348022077542
2026-05-25,2026-05-25 11:30:17,V022,74.0,0.9452795005862048
2026-05-25,2026-05-25 11:30:18,V022,73.0,0.9376575398447577
2026-05-25,2026-05-25 11:30:19,V022,72.0,0.9464291173278107
2026-05-25,2026-05-25 11:30:20,V022,72.0,0.9496263307533032
2026-05-25,2026-05-25 11:30:21,V022,71.0,0.9487289522463535
2026-05-25,2026-05-25 11:30:22,V022,70.0,0.9484656263342438
2026-05-25,2026-05-25 11:30:23,V022,70.0,0.9521482202288273
2026-05-25,2026-05-25 11:30:24,V022,69.0,0.9358652756717013
2026-05-25,2026-05-25 11:30:25,V022,69.0,0.9599186479473346
2026-05-25,2026-05-25 11:30:26,V022,68.0,0.9511874331923998
2026-05-25,2026-05-25 11:30:27,V022,68.0,0.9544863169440875
2026-05-25,2026-05-25 11:30:28,V022,68.0,0.9448762501376514
2026-05-25,2026-05-25 11:30:29,V022,68.0,0.9401043421044962
2026-05-25,2026-05-25 11:30:30,V022,68.0,0.9383186779270706
2026-05-25,2026-05-25 11:30:31,V022,69.0,0.9375260766833919
2026-05-25,2026-05-25 11:30:32,V022,69.0,0.9373173602011363
2026-05-25,2026-05-25 11:30:33,V022,70.0,0.9413170525186537
2026-05-25,2026-05-25 11:30:34,V022,71.0,0.9394347096408737
2026-05-25,2026-05-25 11:30:35,V022,73.0,0.9397210306914113
2026-05-25,2026-05-25 11:30:36,V022,74.0,0.9412078594742355
2026-05-25,2026-05-25 11:30:37,V022,74.0,0.939142302407196
2026-05-25,2026-05-25 11:30:38,V022,74.0,0.9378362103849945
2026-05-25,2026-05-25 11:30:39,V022,74.0,0.9427978986166876
2026-05-25,2026-05-25 11:30:40,V022,74.0,0.941695980305424
2026-05-25,2026-05-25 11:30:41,V022,74.0,0.9400819679710557
2026-05-25,2026-05-25 11:30:42,V022,74.0,0.9453352517432363
2026-05-25,2026-05-25 11:30:43,V022,74.0,0.9541587578375771
2026-05-25,2026-05-25 11:30:44,V022,74.0,0.9501618558013052
2026-05-25,2026-05-25 11:30:45,V022,73.0,0.9504734452225221
2026-05-25,2026-05-25 11:30:46,V022,73.0,0.9508442321528372
2026-05-25,2026-05-25 11:30:47,V022,72.0,0.991100690152522
2026-05-25,2026-05-25 11:30:48,V022,72.0,0.9758340807688485
2026-05-25,2026-05-25 11:30:49,V022,71.0,0.972527962073319
2026-05-25,2026-05-25 11:30:50,V022,70.0,0.9468297503098293
2026-05-25,2026-05-25 11:30:51,V022,70.0,0.9447110189461606
2026-05-25,2026-05-25 11:30:52,V022,70.0,0.9452801435027565
2026-05-25,2026-05-25 11:30:53,V022,70.0,0.9506257034854881
2026-05-25,2026-05-25 11:30:54,V022,70.0,0.9514849631649018
2026-05-25,2026-05-25 11:30:55,V022,70.0,0.9445326448692098
2026-05-25,2026-05-25 11:30:56,V022,70.0,0.9441716294595272
2026-05-25,2026-05-25 11:30:57,V022,69.0,0.9483514109216252
2026-05-25,2026-05-25 11:30:58,V022,69.0,0.9448110303563544
2026-05-25,2026-05-25 11:30:59,V022,69.0,0.945396142991346
2026-05-25,2026-05-25 11:31:00,V022,68.0,0.9453329656866096
2026-05-25,2026-05-25 11:31:01,V022,68.0,0.9452274978646619
2026-05-25,2026-05-25 11:31:02,V022,68.0,0.9451166101642513
2026-05-25,2026-05-25 11:31:03,V022,68.0,0.9477009469016969
2026-05-25,2026-05-25 11:31:04,V022,68.0,0.9442601891109095
2026-05-25,2026-05-25 11:31:05,V022,68.0,0.946018572223277
2026-05-25,2026-05-25 11:31:06,V022,69.0,0.9486275458754935
2026-05-25,2026-05-25 11:31:07,V022,69.0,0.9549959303256947
2026-05-25,2026-05-25 11:31:08,V022,69.0,0.9391796860464517
2026-05-25,2026-05-25 11:31:09,V022,68.0,0.9368604477277801
2026-05-25,2026-05-25 11:31:10,V022,68.0,0.9378010385432249
2026-05-25,2026-05-25 11:31:11,V022,68.0,0.95827253076831
2026-05-25,2026-05-25 11:31:12,V022,68.0,0.9898738036132225
2026-05-25,2026-05-25 11:31:13,V022,69.0,0.9540918224288892
2026-05-25,2026-05-25 11:31:14,V022,69.0,0.9408504261698111
2026-05-25,2026-05-25 11:31:15,V022,70.0,0.9507858415632306
2026-05-25,2026-05-25 11:31:16,V022,70.0,0.9459646315198982
2026-05-25,2026-05-25 11:31:17,V022,70.0,0.9432763760815142
2026-05-25,2026-05-25 11:31:18,V022,71.0,0.942335725059236
2026-05-25,2026-05-25 11:31:19,V022,72.0,0.9450298675567063
2026-05-25,2026-05-25 11:31:20,V022,72.0,0.9438091548700999
2026-05-25,2026-05-25 11:31:21,V022,73.0,0.947569277996112
2026-05-25,2026-05-25 11:31:22,V022,74.0,0.9516255572450143
2026-05-25,2026-05-25 11:31:23,V022,75.0,0.9482160497564404
2026-05-25,2026-05-25 11:31:24,V022,75.0,0.9467748558781899
2026-05-25,2026-05-25 11:31:25,V022,76.0,1.0487397645726897
2026-05-25,2026-05-25 11:31:26,V022,76.0,0.9723366809324524
2026-05-25,2026-05-25 11:31:27,V022,76.0,0.9698489280536735
2026-05-25,2026-05-25 11:31:28,V022,75.0,0.9598668551084124
2026-05-25,2026-05-25 11:31:29,V022,74.0,0.9495996488247689
2026-05-25,2026-05-25 11:31:30,V022,74.0,0.9420423437015839
2026-05-25,2026-05-25 11:31:31,V022,73.0,0.9442038039384472
2026-05-25,2026-05-25 11:31:32,V022,72.0,0.934788134768403
2026-05-25,2026-05-25 11:31:33,V022,71.0,0.9440498519732254
2026-05-25,2026-05-25 11:31:34,V022,71.0,0.9414682631343182
2026-05-25,2026-05-25 11:31:35,V022,71.0,0.9402695059913078
2026-05-25,2026-05-25 11:31:36,V022,71.0,0.943643736139406
2026-05-25,2026-05-25 11:31:37,V022,72.0,0.9404642479167209
2026-05-25,2026-05-25 11:31:38,V022,72.0,0.9515199498913277
2026-05-25,2026-05-25 11:31:39,V022,72.0,0.9389745969943568
2026-05-25,2026-05-25 11:31:40,V022,73.0,0.9426072839715913
2026-05-25,2026-05-25 11:31:41,V022,73.0,0.9454786886845358
2026-05-25,2026-05-25 11:31:42,V022,73.0,0.9449886832504335
2026-05-25,2026-05-25 11:31:43,V022,72.0,0.9419084754909705
2026-05-25,2026-05-25 11:31:44,V022,72.0,0.9434344391080745
2026-05-25,2026-05-25 11:31:45,V022,71.0,0.9434638960754085
2026-05-25,2026-05-25 11:31:46,V022,70.0,0.941702821793327
2026-05-25,2026-05-25 11:31:47,V022,69.0,0.9445193485121857
2026-05-25,2026-05-25 11:31:48,V022,68.0,0.9433799805878759
2026-05-25,2026-05-25 11:31:49,V022,67.0,0.942648601657035
2026-05-25,2026-05-25 11:31:50,V022,67.0,0.9428887840969453
2026-05-25,2026-05-25 11:31:51,V022,66.0,0.9454214930499409
2026-05-25,2026-05-25 11:31:52,V022,66.0,0.9435725354291867
2026-05-25,2026-05-25 11:31:53,V022,67.0,0.94332512854975
2026-05-25,2026-05-25 11:31:54,V022,68.0,0.9464339676629804
2026-05-25,2026-05-25 11:31:55,V022,69.0,0.9428750701823467
2026-05-25,2026-05-25 11:31:56,V022,69.0,0.9494045764637001
2026-05-25,2026-05-25 11:31:57,V022,70.0,0.9447104649064658
2026-05-25,2026-05-25 11:31:58,V022,70.0,0.9462355953730696
2026-05-25,2026-05-25 11:31:59,V022,69.0,0.948865972092562
2026-05-25,2026-05-25 11:32:00,V022,69.0,0.9443095662096406
2026-05-25,2026-05-25 11:32:01,V022,68.0,0.9472101816509524
2026-05-25,2026-05-25 11:32:02,V022,67.0,0.941399323460825
2026-05-25,2026-05-25 11:32:03,V022,67.0,0.9461948075721943
2026-05-25,2026-05-25 11:32:04,V022,66.0,0.9429435493054039
2026-05-25,2026-05-25 11:32:05,V022,67.0,0.9434923190436542
2026-05-25,2026-05-25 11:32:06,V022,67.0,0.9446244580752384
2026-05-25,2026-05-25 11:32:07,V022,67.0,0.9460966692993693
2026-05-25,2026-05-25 11:32:08,V022,68.0,0.9426603512296263
2026-05-25,2026-05-25 11:32:09,V022,68.0,0.9471055073274499
2026-05-25,2026-05-25 11:32:10,V022,69.0,0.9492488120098858
2026-05-25,2026-05-25 11:32:11,V022,70.0,0.9468549156018392
2026-05-25,2026-05-25 11:32:12,V022,71.0,0.9478448492846476
2026-05-25,2026-05-25 11:32:13,V022,71.0,0.946789101134585
2026-05-25,2026-05-25 11:32:14,V022,71.0,0.9470579313727853
2026-05-25,2026-05-25 11:32:15,V022,71.0,0.9480948935295395
2026-05-25,2026-05-25 11:32:16,V022,71.0,0.9477222249423028
2026-05-25,2026-05-25 11:32:17,V022,72.0,0.9489393233686875
2026-05-25,2026-05-25 11:32:18,V022,72.0,0.9476320330654986
2026-05-25,2026-05-25 11:32:19,V022,73.0,0.9464535655732674
2026-05-25,2026-05-25 11:32:20,V022,74.0,0.9485590280059955
2026-05-25,2026-05-25 11:32:21,V022,74.0,0.9489097551080081
2026-05-25,2026-05-25 11:32:22,V022,75.0,0.9457452384620637
2026-05-25,2026-05-25 11:32:23,V022,74.0,0.9454186205652256
2026-05-25,2026-05-25 11:32:24,V022,73.0,0.9447506681237149
2026-05-25,2026-05-25 11:32:25,V022,72.0,0.9487940116682199
2026-05-25,2026-05-25 11:32:26,V022,71.0,0.9452837200589117
2026-05-25,2026-05-25 11:32:27,V022,70.0,0.9485962897722825
2026-05-25,2026-05-25 11:32:28,V022,70.0,0.9523349027493508
2026-05-25,2026-05-25 11:32:29,V022,70.0,0.9465297152589981
2026-05-25,2026-05-25 11:32:30,V022,69.0,0.9501760057593627
2026-05-25,2026-05-25 11:32:31,V022,69.0,0.9493801759348217
2026-05-25,2026-05-25 11:32:32,V022,68.0,0.9467841278581693
2026-05-25,2026-05-25 11:32:33,V022,69.0,0.9475449865332989
2026-05-25,2026-05-25 11:32:34,V022,70.0,0.9494754499385544
2026-05-25,2026-05-25 11:32:35,V022,72.0,0.9496561303766193
2026-05-25,2026-05-25 11:32:36,V022,73.0,0.9473301119123443
2026-05-25,2026-05-25 11:32:37,V022,74.0,0.9535381757439145
2026-05-25,2026-05-25 11:32:38,V022,74.0,0.9526089792090856
2026-05-25,2026-05-25 11:32:39,V022,73.0,0.9515733689229932
2026-05-25,2026-05-25 11:32:40,V022,72.0,0.9494435474381144
2026-05-25,2026-05-25 11:32:41,V022,71.0,0.9434214148464993
2026-05-25,2026-05-25 11:32:42,V022,70.0,0.9547547437687122
2026-05-25,2026-05-25 11:32:43,V022,69.0,0.9482363885892601
2026-05-25,2026-05-25 11:32:44,V022,69.0,0.9474900797335025
2026-05-25,2026-05-25 11:32:45,V022,69.0,0.94768900236769
2026-05-25,2026-05-25 11:32:46,V022,68.0,0.9486755301568307
2026-05-25,2026-05-25 11:32:47,V022,68.0,0.9540805689627505
2026-05-25,2026-05-25 11:32:48,V022,68.0,0.9529802757153298
2026-05-25,2026-05-25 11:32:49,V022,68.0,0.9499047982735007
2026-05-25,2026-05-25 11:32:50,V022,68.0,0.9533948883661384
2026-05-25,2026-05-25 11:32:51,V022,68.0,0.9536051031783787
2026-05-25,2026-05-25 11:32:52,V022,68.0,0.9513891618559684
2026-05-25,2026-05-25 11:32:53,V022,69.0,0.9500522361416812
2026-05-25,2026-05-25 11:32:54,V022,69.0,0.9489065059484509
2026-05-25,2026-05-25 11:32:55,V022,70.0,0.9487348507821031
2026-05-25,2026-05-25 11:32:56,V022,70.0,0.9492639248183472
2026-05-25,2026-05-25 11:32:57,V022,70.0,0.9507401555564964
2026-05-25,2026-05-25 11:32:58,V022,70.0,0.9506795988157241
2026-05-25,2026-05-25 11:32:59,V022,70.0,0.9511780923867382
2026-05-25,2026-05-25 11:33:00,V022,70.0,0.9506290859759042
2026-05-25,2026-05-25 11:33:01,V022,70.0,0.9502406862681169
2026-05-25,2026-05-25 11:33:02,V022,71.0,0.9504892412142951
2026-05-25,2026-05-25 11:33:03,V022,71.0,0.9494740338043386
2026-05-25,2026-05-25 11:33:04,V022,70.0,0.9223522839336069
2026-05-25,2026-05-25 11:33:05,V022,70.0,0.9095585296182804
2026-05-25,2026-05-25 11:33:06,V022,70.0,1.0905122578196964
2026-05-25,2026-05-25 11:33:07,V022,69.0,0.9942829544523377
2026-05-25,2026-05-25 11:33:08,V022,69.0,0.9623671161061638
2026-05-25,2026-05-25 11:33:09,V022,68.0,0.9705741805148432
2026-05-25,2026-05-25 11:33:10,V022,67.0,0.9683385333873327
2026-05-25,2026-05-25 11:33:11,V022,67.0,0.9696313396918641
2026-05-25,2026-05-25 11:33:12,V022,67.0,0.9706627582432042
2026-05-25,2026-05-25 11:33:13,V022,67.0,0.9697827163435755
2026-05-25,2026-05-25 11:33:14,V022,67.0,0.9712798538105277
2026-05-25,2026-05-25 11:33:15,V022,67.0,0.9672603807537337
2026-05-25,2026-05-25 11:33:16,V022,66.0,0.9723335138080546
2026-05-25,2026-05-25 11:33:17,V022,67.0,0.9685899420279799
2026-05-25,2026-05-25 11:33:18,V022,67.0,0.9697205598298831
2026-05-25,2026-05-25 11:33:19,V022,67.0,0.9696718365976505
2026-05-25,2026-05-25 11:33:20,V022,67.0,0.9724730194753756
2026-05-25,2026-05-25 11:33:21,V022,67.0,0.9681401846633629
2026-05-25,2026-05-25 11:33:22,V022,68.0,0.9693535377605028
2026-05-25,2026-05-25 11:33:23,V022,68.0,0.9693009459468963
2026-05-25,2026-05-25 11:33:24,V022,68.0,0.9671320623365937
2026-05-25,2026-05-25 11:33:25,V022,69.0,0.9683312852532725
2026-05-25,2026-05-25 11:33:26,V022,69.0,0.9675872959153329
2026-05-25,2026-05-25 11:33:27,V022,70.0,0.9675497958639757
2026-05-25,2026-05-25 11:33:28,V022,71.0,0.9679770734658228
2026-05-25,2026-05-25 11:33:29,V022,71.0,0.968890952768765
2026-05-25,2026-05-25 11:33:30,V022,70.0,0.9688096153804111
2026-05-25,2026-05-25 11:33:31,V022,69.0,0.9678144499211087
2026-05-25,2026-05-25 11:33:32,V022,69.0,0.968558433270475
2026-05-25,2026-05-25 11:33:33,V022,68.0,0.9686655824250993
2026-05-25,2026-05-25 11:33:34,V022,67.0,0.9688896206921581
2026-05-25,2026-05-25 11:33:35,V022,66.0,0.9687415870463674
2026-05-25,2026-05-25 11:33:36,V022,65.0,0.9690404716222981
2026-05-25,2026-05-25 11:33:37,V022,64.0,0.9690201578833066
2026-05-25,2026-05-25 11:33:38,V022,63.0,0.9686283466759795
2026-05-25,2026-05-25 11:33:39,V022,61.0,0.9684352544580075
2026-05-25,2026-05-25 11:33:40,V022,60.0,0.9675585372777152
2026-05-25,2026-05-25 11:33:41,V022,59.0,0.9668508874348342
2026-05-25,2026-05-25 11:33:42,V022,58.0,0.9677385721275714
2026-05-25,2026-05-25 11:33:43,V022,58.0,0.9673570018745664
2026-05-25,2026-05-25 11:33:44,V022,58.0,0.9685151652661956
2026-05-25,2026-05-25 11:33:45,V022,58.0,0.9688448530241861
2026-05-25,2026-05-25 11:33:46,V022,59.0,0.9677542241469476
2026-05-25,2026-05-25 11:33:47,V022,59.0,0.9683588549486694
2026-05-25,2026-05-25 11:33:48,V022,59.0,0.9686893537577682
2026-05-25,2026-05-25 11:33:49,V022,59.0,0.9683220241450214
2026-05-25,2026-05-25 11:33:50,V022,59.0,0.969618323002114
2026-05-25,2026-05-25 11:33:51,V022,58.0,0.966436431365087
2026-05-25,2026-05-25 11:33:52,V022,57.0,0.9683128589150582
2026-05-25,2026-05-25 11:33:53,V022,57.0,0.9720955555079526
2026-05-25,2026-05-25 11:33:54,V022,57.0,0.9677782985041712
2026-05-25,2026-05-25 11:33:55,V022,57.0,0.9754862583992086
2026-05-25,2026-05-25 11:33:56,V022,58.0,0.9759926571968047
2026-05-25,2026-05-25 11:33:57,V022,58.0,0.9763014457661868
2026-05-25,2026-05-25 11:33:58,V022,58.0,0.9766227708557679
2026-05-25,2026-05-25 11:33:59,V022,58.0,0.9765340357908286
2026-05-25,2026-05-25 11:34:00,V022,58.0,0.9758195793703964
2026-05-25,2026-05-25 11:34:01,V022,59.0,0.9758348261123042
2026-05-25,2026-05-25 11:34:02,V022,59.0,0.9762843322172815
2026-05-25,2026-05-25 11:34:03,V022,60.0,0.9766579772362093
2026-05-25,2026-05-25 11:34:04,V022,60.0,0.97623203047548
2026-05-25,2026-05-25 11:34:05,V022,59.0,0.9759077343261525
2026-05-25,2026-05-25 11:34:06,V022,59.0,0.976250472070138
2026-05-25,2026-05-25 11:34:07,V022,57.0,0.975991969314916
2026-05-25,2026-05-25 11:34:08,V022,56.0,0.9761548843676654
2026-05-25,2026-05-25 11:34:09,V022,55.0,0.9756612600039227
2026-05-25,2026-05-25 11:34:10,V022,55.0,0.9759924628478552
2026-05-25,2026-05-25 11:34:11,V022,55.0,0.9756867922548559
2026-05-25,2026-05-25 11:34:12,V022,55.0,0.9757869935984638
2026-05-25,2026-05-25 11:34:13,V022,56.0,0.9751249113462198
2026-05-25,2026-05-25 11:34:14,V022,56.0,0.9760625177886895
2026-05-25,2026-05-25 11:34:15,V022,58.0,0.9753176161053875
2026-05-25,2026-05-25 11:34:16,V022,59.0,0.9759769020724341
2026-05-25,2026-05-25 11:34:17,V022,60.0,0.9764040342460789
2026-05-25,2026-05-25 11:34:18,V022,61.0,0.9757584129066902
2026-05-25,2026-05-25 11:34:19,V022,61.0,0.9753022504218568
2026-05-25,2026-05-25 11:34:20,V022,61.0,0.9754457556479337
2026-05-25,2026-05-25 11:34:21,V022,60.0,0.9756931425080043
2026-05-25,2026-05-25 11:34:22,V022,60.0,0.9745035366144795
2026-05-25,2026-05-25 11:34:23,V022,60.0,0.9760059441296826
2026-05-25,2026-05-25 11:34:24,V022,59.0,0.9753586272692161
2026-05-25,2026-05-25 11:34:25,V022,59.0,0.9753099338404999
2026-05-25,2026-05-25 11:34:26,V022,59.0,0.9751431504494684
2026-05-25,2026-05-25 11:34:27,V022,59.0,0.9758126552118909
2026-05-25,2026-05-25 11:34:28,V022,59.0,0.9756211266751755
2026-05-25,2026-05-25 11:34:29,V022,59.0,0.975832168887888
2026-05-25,2026-05-25 11:34:30,V022,59.0,0.9754044392625436
2026-05-25,2026-05-25 11:34:31,V022,60.0,0.9750559019787227
2026-05-25,2026-05-25 11:34:32,V022,60.0,0.9756339063420633
2026-05-25,2026-05-25 11:34:33,V022,60.0,0.9753256615334979
2026-05-25,2026-05-25 11:34:34,V022,59.0,0.9754179344829083
2026-05-25,2026-05-25 11:34:35,V022,59.0,0.9754653949420955
2026-05-25,2026-05-25 11:34:36,V022,58.0,0.975180897646805
2026-05-25,2026-05-25 11:34:37,V022,57.0,0.9741891031155132
2026-05-25,2026-05-25 11:34:38,V022,57.0,0.9746979597040624
2026-05-25,2026-05-25 11:34:39,V022,57.0,0.9754455248598844
2026-05-25,2026-05-25 11:34:40,V022,57.0,0.9755868856865457
2026-05-25,2026-05-25 11:34:41,V022,57.0,0.9749312529802376
2026-05-25,2026-05-25 11:34:42,V022,57.0,0.9754668705307092
2026-05-25,2026-05-25 11:34:43,V022,58.0,0.9755672657763005
2026-05-25,2026-05-25 11:34:44,V022,58.0,0.9751150996218091
2026-05-25,2026-05-25 11:34:45,V022,58.0,0.9747850348069484
2026-05-25,2026-05-25 11:34:46,V022,59.0,0.9751404125302048
2026-05-25,2026-05-25 11:34:47,V022,60.0,0.9751640700699165
2026-05-25,2026-05-25 11:34:48,V022,60.0,0.9747284587154239
2026-05-25,2026-05-25 11:34:49,V022,60.0,0.9745426107549422
2026-05-25,2026-05-25 11:34:50,V022,61.0,0.9758111154069115
2026-05-25,2026-05-25 11:34:51,V022,61.0,0.974383454171381
2026-05-25,2026-05-25 11:34:52,V022,61.0,0.9740593436394218
2026-05-25,2026-05-25 11:34:53,V022,61.0,0.975141675408252
2026-05-25,2026-05-25 11:34:54,V022,61.0,0.9745945380517583
2026-05-25,2026-05-25 11:34:55,V022,61.0,0.9746671950745793
2026-05-25,2026-05-25 11:34:56,V022,61.0,0.9744856292392221
2026-05-25,2026-05-25 11:34:57,V022,62.0,0.9751140430376926
2026-05-25,2026-05-25 11:34:58,V022,63.0,0.9752005345134754
2026-05-25,2026-05-25 11:34:59,V022,62.0,0.9745758559699426
2026-05-25,2026-05-25 11:35:00,V022,62.0,0.9751467229423602
2026-05-25,2026-05-25 11:35:01,V022,61.0,0.9752947124425345
2026-05-25,2026-05-25 11:35:02,V022,61.0,0.9748776249687071
2026-05-25,2026-05-25 11:35:03,V022,60.0,0.9742244385672473
2026-05-25,2026-05-25 11:35:04,V022,59.0,0.9748289116003961
2026-05-25,2026-05-25 11:35:05,V022,59.0,0.974297214919467
2026-05-25,2026-05-25 11:35:06,V022,58.0,0.9748811462111597
2026-05-25,2026-05-25 11:35:07,V022,59.0,0.9755976612013791
2026-05-25,2026-05-25 11:35:08,V022,60.0,0.9744897122550285
2026-05-25,2026-05-25 11:35:09,V022,61.0,0.9747482513369855
2026-05-25,2026-05-25 11:35:10,V022,62.0,0.9743849950388136
2026-05-25,2026-05-25 11:35:11,V022,62.0,0.9739747882022356
2026-05-25,2026-05-25 11:35:12,V022,62.0,0.9746330447291421
2026-05-25,2026-05-25 11:35:13,V022,62.0,0.9747883329647501
2026-05-25,2026-05-25 11:35:14,V022,62.0,0.9742946513500179
2026-05-25,2026-05-25 11:35:15,V022,62.0,0.9746275900993164
2026-05-25,2026-05-25 11:35:16,V022,63.0,0.9747013049261659
2026-05-25,2026-05-25 11:35:17,V022,63.0,0.9744443462864931
2026-05-25,2026-05-25 11:35:18,V022,63.0,0.9749840389600075
2026-05-25,2026-05-25 11:35:19,V022,62.0,0.9755329956860312
2026-05-25,2026-05-25 11:35:20,V022,62.0,0.9767652790446092
2026-05-25,2026-05-25 11:35:21,V022,62.0,0.9773919108782736
2026-05-25,2026-05-25 11:35:22,V022,61.0,0.9775537611999587
2026-05-25,2026-05-25 11:35:23,V022,61.0,0.977059686699254
2026-05-25,2026-05-25 11:35:24,V022,61.0,0.977210045745357
2026-05-25,2026-05-25 11:35:25,V022,61.0,0.9777574822061723
2026-05-25,2026-05-25 11:35:26,V022,61.0,0.9766686474797626
2026-05-25,2026-05-25 11:35:27,V022,60.0,0.9776130983681055
2026-05-25,2026-05-25 11:35:28,V022,60.0,0.9776607622436296
2026-05-25,2026-05-25 11:35:29,V022,59.0,0.9743363780692595
2026-05-25,2026-05-25 11:35:30,V022,58.0,0.9742106680936169
2026-05-25,2026-05-25 11:35:31,V022,58.0,0.9742642171576515
2026-05-25,2026-05-25 11:35:32,V022,57.0,0.9748348976714772
2026-05-25,2026-05-25 11:35:33,V022,57.0,0.9752554745253229
2026-05-25,2026-05-25 11:35:34,V022,57.0,0.9746269408708537
2026-05-25,2026-05-25 11:35:35,V022,57.0,0.9743649059572047
2026-05-25,2026-05-25 11:35:36,V022,57.0,0.9742085984477915
2026-05-25,2026-05-25 11:35:37,V022,57.0,0.9745325079273256
2026-05-25,2026-05-25 11:35:38,V022,57.0,0.9745730273307236
2026-05-25,2026-05-25 11:35:39,V022,57.0,0.974853079803634
2026-05-25,2026-05-25 11:35:40,V022,58.0,0.974599210535329
2026-05-25,2026-05-25 11:35:41,V022,58.0,0.9741270503628238
2026-05-25,2026-05-25 11:35:42,V022,58.0,0.9742982669030321
2026-05-25,2026-05-25 11:35:43,V022,57.0,0.974856177480695
2026-05-25,2026-05-25 11:35:44,V022,56.0,0.9744548059326326
2026-05-25,2026-05-25 11:35:45,V022,55.0,0.9740710890260761
2026-05-25,2026-05-25 11:35:46,V022,54.0,0.9740593116000701
2026-05-25,2026-05-25 11:35:47,V022,53.0,0.9749336460019273
2026-05-25,2026-05-25 11:35:48,V022,53.0,0.9743662450700596
2026-05-25,2026-05-25 11:35:49,V022,52.0,0.9735628283968951
2026-05-25,2026-05-25 11:35:50,V022,52.0,0.9736338226986581
2026-05-25,2026-05-25 11:35:51,V022,52.0,0.9745038562444484
2026-05-25,2026-05-25 11:35:52,V022,52.0,0.9743233847318687
2026-05-25,2026-05-25 11:35:53,V022,52.0,0.9738402324159722
2026-05-25,2026-05-25 11:35:54,V022,52.0,0.974231307476495
2026-05-25,2026-05-25 11:35:55,V022,52.0,0.9740777030610304
2026-05-25,2026-05-25 11:35:56,V022,52.0,0.9743151717785865
2026-05-25,2026-05-25 11:35:57,V022,53.0,0.9741945435482342
2026-05-25,2026-05-25 11:35:58,V022,53.0,0.9741897840163811
2026-05-25,2026-05-25 11:35:59,V022,54.0,0.9744451016618368
2026-05-25,2026-05-25 11:36:00,V022,55.0,0.9741448371732445
2026-05-25,2026-05-25 11:36:01,V022,55.0,0.9741760202686172
2026-05-25,2026-05-25 11:36:02,V022,56.0,0.9743758012179085
2026-05-25,2026-05-25 11:36:03,V022,56.0,0.9619538160542374
2026-05-25,2026-05-25 11:36:04,V022,57.0,0.9830488848212416
2026-05-25,2026-05-25 11:36:05,V022,57.0,0.9283340987012894
2026-05-25,2026-05-25 11:36:06,V022,57.0,0.9890639442123105
2026-05-25,2026-05-25 11:36:07,V022,57.0,1.0617545888737512
2026-05-25,2026-05-25 11:36:08,V022,58.0,1.0384847215793565
2026-05-25,2026-05-25 11:36:09,V022,59.0,1.037552475158849
2026-05-25,2026-05-25 11:36:10,V022,60.0,1.0380840410933712
2026-05-25,2026-05-25 11:36:11,V022,60.0,1.0379240320652643
2026-05-25,2026-05-25 11:36:12,V022,60.0,1.0378459044735064
2026-05-25,2026-05-25 11:36:13,V022,61.0,1.0367062637168312
2026-05-25,2026-05-25 11:36:14,V022,61.0,1.0374307231100344
2026-05-25,2026-05-25 11:36:15,V022,63.0,1.037435064145303
2026-05-25,2026-05-25 11:36:16,V022,63.0,1.0371517881167576
2026-05-25,2026-05-25 11:36:17,V022,64.0,1.0373638643293674
2026-05-25,2026-05-25 11:36:18,V022,64.0,1.0369357378332407
2026-05-25,2026-05-25 11:36:19,V022,64.0,1.0353638228217779
2026-05-25,2026-05-25 11:36:20,V022,64.0,1.03720425811586
2026-05-25,2026-05-25 11:36:21,V022,63.0,1.036958622262958
2026-05-25,2026-05-25 11:36:22,V022,63.0,1.036371249549754
2026-05-25,2026-05-25 11:36:23,V022,62.0,1.0364226259320235
2026-05-25,2026-05-25 11:36:24,V022,62.0,1.0363380980445693
2026-05-25,2026-05-25 11:36:25,V022,61.0,1.036882955246272
2026-05-25,2026-05-25 11:36:26,V022,60.0,1.0362373896407162
2026-05-25,2026-05-25 11:36:27,V022,59.0,1.036685020280835
2026-05-25,2026-05-25 11:36:28,V022,58.0,1.0366576659543536
2026-05-25,2026-05-25 11:36:29,V022,57.0,1.0366786717467489
2026-05-25,2026-05-25 11:36:30,V022,56.0,1.0364064469368812
2026-05-25,2026-05-25 11:36:31,V022,56.0,1.0369507054975269
2026-05-25,2026-05-25 11:36:32,V022,55.0,1.0363450662775857
2026-05-25,2026-05-25 11:36:33,V022,55.0,1.0364312880488429
2026-05-25,2026-05-25 11:36:34,V022,55.0,1.0372500924199304
2026-05-25,2026-05-25 11:36:35,V022,55.0,1.0363041275171676
2026-05-25,2026-05-25 11:36:36,V022,55.0,1.0368422370591566
2026-05-25,2026-05-25 11:36:37,V022,54.0,1.0366624131227062
2026-05-25,2026-05-25 11:36:38,V022,54.0,1.0365378609994977
2026-05-25,2026-05-25 11:36:39,V022,53.0,1.0367697186583835
2026-05-25,2026-05-25 11:36:40,V022,53.0,1.037025831613427
2026-05-25,2026-05-25 11:36:41,V022,53.0,1.036718371564596
2026-05-25,2026-05-25 11:36:42,V022,53.0,1.036802751634561
2026-05-25,2026-05-25 11:36:43,V022,53.0,1.0370412816481311
2026-05-25,2026-05-25 11:36:44,V022,53.0,1.0363352007776354
2026-05-25,2026-05-25 11:36:45,V022,53.0,1.0367994252574215
2026-05-25,2026-05-25 11:36:46,V022,53.0,1.0367114369198462
2026-05-25,2026-05-25 11:36:47,V022,53.0,1.0368773208866215
2026-05-25,2026-05-25 11:36:48,V022,53.0,1.0364378328660302
2026-05-25,2026-05-25 11:36:49,V022,53.0,1.0370864155085657
2026-05-25,2026-05-25 11:36:50,V022,53.0,1.0368694594654724
2026-05-25,2026-05-25 11:36:51,V022,53.0,1.0370850917514378
2026-05-25,2026-05-25 11:36:52,V022,52.0,1.036881338451263
2026-05-25,2026-05-25 11:36:53,V022,52.0,1.0375554743134958
2026-05-25,2026-05-25 11:36:54,V022,52.0,1.0362785689504816
2026-05-25,2026-05-25 11:36:55,V022,52.0,1.0365632368370223
2026-05-25,2026-05-25 11:36:56,V022,52.0,1.036486983988887
2026-05-25,2026-05-25 11:36:57,V022,53.0,1.0371065800449202
2026-05-25,2026-05-25 11:36:58,V022,53.0,1.0367338878556334
2026-05-25,2026-05-25 11:36:59,V022,53.0,1.0366581047468992
2026-05-25,2026-05-25 11:37:00,V022,53.0,1.0372055690549085
2026-05-25,2026-05-25 11:37:01,V022,53.0,1.0371773122914947
2026-05-25,2026-05-25 11:37:02,V022,53.0,1.0369629313546411
2026-05-25,2026-05-25 11:37:03,V022,53.0,1.0369954462501734
2026-05-25,2026-05-25 11:37:04,V022,53.0,1.0365377649867555
2026-05-25,2026-05-25 11:37:05,V022,53.0,1.036725515950707
2026-05-25,2026-05-25 11:37:06,V022,53.0,1.0373463106741856
2026-05-25,2026-05-25 11:37:07,V022,53.0,1.036933153978961
2026-05-25,2026-05-25 11:37:08,V022,54.0,1.0370806568858066
2026-05-25,2026-05-25 11:37:09,V022,54.0,1.0368916363480507
2026-05-25,2026-05-25 11:37:10,V022,54.0,1.0370602670606024
2026-05-25,2026-05-25 11:37:11,V022,54.0,1.0364386737810753
2026-05-25,2026-05-25 11:37:12,V022,54.0,1.03708180902449
2026-05-25,2026-05-25 11:37:13,V022,54.0,1.0366874743562828
2026-05-25,2026-05-25 11:37:14,V022,54.0,1.0368159280926312
2026-05-25,2026-05-25 11:37:15,V022,54.0,1.037258590699581
2026-05-25,2026-05-25 11:37:16,V022,53.0,1.0369663828871905
2026-05-25,2026-05-25 11:37:17,V022,54.0,1.0368430110516287
2026-05-25,2026-05-25 11:37:18,V022,54.0,1.037300002592201
2026-05-25,2026-05-25 11:37:19,V022,54.0,1.0375251598213235
2026-05-25,2026-05-25 11:37:20,V022,54.0,1.037247122808022
2026-05-25,2026-05-25 11:37:21,V022,54.0,1.0376239645170495
2026-05-25,2026-05-25 11:37:22,V022,54.0,1.0367383366658482
2026-05-25,2026-05-25 11:37:23,V022,54.0,1.0370280465704562
2026-05-25,2026-05-25 11:37:24,V022,54.0,1.037404435600156
2026-05-25,2026-05-25 11:37:25,V022,54.0,1.037241251824409
2026-05-25,2026-05-25 11:37:26,V022,54.0,1.037461351362509
2026-05-25,2026-05-25 11:37:27,V022,54.0,1.0375835061083873
2026-05-25,2026-05-25 11:37:28,V022,55.0,1.037255331500131
2026-05-25,2026-05-25 11:37:29,V022,54.0,1.0374303063693047
2026-05-25,2026-05-25 11:37:30,V022,54.0,1.0372629823408064
2026-05-25,2026-05-25 11:37:31,V022,54.0,1.0372868200562435
2026-05-25,2026-05-25 11:37:32,V022,54.0,1.0373336724717663
2026-05-25,2026-05-25 11:37:33,V022,54.0,1.0368680372053187
2026-05-25,2026-05-25 11:37:34,V022,54.0,1.037340066100523
2026-05-25,2026-05-25 11:37:35,V022,54.0,1.0371968103775546
2026-05-25,2026-05-25 11:37:36,V022,54.0,1.037518786464161
2026-05-25,2026-05-25 11:37:37,V022,53.0,1.0374932058039044
2026-05-25,2026-05-25 11:37:38,V022,53.0,1.0376022767322244
2026-05-25,2026-05-25 11:37:39,V022,53.0,1.0373677533201597
2026-05-25,2026-05-25 11:37:40,V022,53.0,1.0369053282537164
2026-05-25,2026-05-25 11:37:41,V022,53.0,1.0378296629937442
2026-05-25,2026-05-25 11:37:42,V022,53.0,1.0371656871178814
2026-05-25,2026-05-25 11:37:43,V022,53.0,1.0371517824093741
2026-05-25,2026-05-25 11:37:44,V022,52.0,1.037407546888019
2026-05-25,2026-05-25 11:37:45,V022,52.0,1.0365569536849641
2026-05-25,2026-05-25 11:37:46,V022,52.0,1.0372482826833385
2026-05-25,2026-05-25 11:37:47,V022,52.0,1.0366959849953394
2026-05-25,2026-05-25 11:37:48,V022,52.0,1.0372659532535067
2026-05-25,2026-05-25 11:37:49,V022,51.0,1.0366697450487816
2026-05-25,2026-05-25 11:37:50,V022,51.0,1.0375943918478763
2026-05-25,2026-05-25 11:37:51,V022,52.0,1.0373010446744095
2026-05-25,2026-05-25 11:37:52,V022,52.0,1.036767587562309
2026-05-25,2026-05-25 11:37:53,V022,52.0,1.0372296486577124
2026-05-25,2026-05-25 11:37:54,V022,52.0,1.0378657293643054
2026-05-25,2026-05-25 11:37:55,V022,52.0,1.0374136879719553
2026-05-25,2026-05-25 11:37:56,V022,52.0,1.0371469537882512
2026-05-25,2026-05-25 11:37:57,V022,52.0,1.0370547547425468
2026-05-25,2026-05-25 11:37:58,V022,53.0,1.0372814291303567
2026-05-25,2026-05-25 11:37:59,V022,53.0,1.036976697278573
2026-05-25,2026-05-25 11:38:00,V022,54.0,1.0373373255823346
2026-05-25,2026-05-25 11:38:01,V022,54.0,1.0373920957213474
2026-05-25,2026-05-25 11:38:02,V022,54.0,1.0374906925987817
2026-05-25,2026-05-25 11:38:03,V022,54.0,1.0370272508084095
2026-05-25,2026-05-25 11:38:04,V022,54.0,1.0374535096337085
2026-05-25,2026-05-25 11:38:05,V022,54.0,1.037352725129606
2026-05-25,2026-05-25 11:38:06,V022,54.0,1.0371482814796884
2026-05-25,2026-05-25 11:38:07,V022,54.0,1.0369143151336786
2026-05-25,2026-05-25 11:38:08,V022,54.0,1.036721862907959
2026-05-25,2026-05-25 11:38:09,V022,54.0,1.037353947406125
2026-05-25,2026-05-25 11:38:10,V022,55.0,1.0371397663847968
2026-05-25,2026-05-25 11:38:11,V022,55.0,1.0375937914409825
2026-05-25,2026-05-25 11:38:12,V022,56.0,1.0372847196274957
2026-05-25,2026-05-25 11:38:13,V022,56.0,1.036886676701166
2026-05-25,2026-05-25 11:38:14,V022,56.0,1.0367395514227307
2026-05-25,2026-05-25 11:38:15,V022,58.0,1.0374526680870655
2026-05-25,2026-05-25 11:38:16,V022,58.0,1.0373477046272594
2026-05-25,2026-05-25 11:38:17,V022,60.0,1.0366278490087204
2026-05-25,2026-05-25 11:38:18,V022,61.0,1.0369426408758289
2026-05-25,2026-05-25 11:38:19,V022,60.0,1.0373643415966063
2026-05-25,2026-05-25 11:38:20,V022,60.0,1.037449911683353
2026-05-25,2026-05-25 11:38:21,V022,58.0,1.0374703181815874
2026-05-25,2026-05-25 11:38:22,V022,57.0,1.0367530728840468
2026-05-25,2026-05-25 11:38:23,V022,56.0,1.036927090154007
2026-05-25,2026-05-25 11:38:24,V022,56.0,1.0369112220201213
2026-05-25,2026-05-25 11:38:25,V022,56.0,1.0377807314877217
2026-05-25,2026-05-25 11:38:26,V022,56.0,1.0369993110566587
2026-05-25,2026-05-25 11:38:27,V022,56.0,1.0368691488168895
2026-05-25,2026-05-25 11:38:28,V022,57.0,1.0369860562470057
2026-05-25,2026-05-25 11:38:29,V022,57.0,1.03743324341273
2026-05-25,2026-05-25 11:38:30,V022,57.0,1.0373792973401228
2026-05-25,2026-05-25 11:38:31,V022,57.0,1.0375813413612027
2026-05-25,2026-05-25 11:38:32,V022,57.0,1.0376015956571771
2026-05-25,2026-05-25 11:38:33,V022,56.0,1.0368495880134427
2026-05-25,2026-05-25 11:38:34,V022,56.0,1.0373146225890981
2026-05-25,2026-05-25 11:38:35,V022,56.0,1.0374768968251094
2026-05-25,2026-05-25 11:38:36,V022,56.0,1.0371773835604337
2026-05-25,2026-05-25 11:38:37,V022,56.0,1.0367135279753226
2026-05-25,2026-05-25 11:38:38,V022,56.0,1.037154650968501
2026-05-25,2026-05-25 11:38:39,V022,56.0,1.0369772591083453
2026-05-25,2026-05-25 11:38:40,V022,56.0,1.0375307295457263
2026-05-25,2026-05-25 11:38:41,V022,57.0,1.0369518847522907
2026-05-25,2026-05-25 11:38:42,V022,57.0,1.0364719320939428
2026-05-25,2026-05-25 11:38:43,V022,57.0,1.0365697897998547
2026-05-25,2026-05-25 11:38:44,V022,57.0,1.0368089310102169
2026-05-25,2026-05-25 11:38:45,V022,57.0,1.0366592633279763
2026-05-25,2026-05-25 11:38:46,V022,56.0,1.0369423578109223
2026-05-25,2026-05-25 11:38:47,V022,56.0,1.0367183997604619
2026-05-25,2026-05-25 11:38:48,V022,56.0,1.0369936273345448
2026-05-25,2026-05-25 11:38:49,V022,56.0,1.0368815404359324
2026-05-25,2026-05-25 11:38:50,V022,56.0,1.0369710687436904
2026-05-25,2026-05-25 11:38:51,V022,56.0,1.0366324208916726
2026-05-25,2026-05-25 11:38:52,V022,56.0,1.0376221225347606
2026-05-25,2026-05-25 11:38:53,V022,56.0,1.0371648331597156
2026-05-25,2026-05-25 11:38:54,V022,55.0,1.0368564642544404
2026-05-25,2026-05-25 11:38:55,V022,55.0,1.0369715258955343
2026-05-25,2026-05-25 11:38:56,V022,55.0,1.0368844950757474
2026-05-25,2026-05-25 11:38:57,V022,55.0,1.036902443448344
2026-05-25,2026-05-25 11:38:58,V022,55.0,1.0365931048308785
2026-05-25,2026-05-25 11:38:59,V022,55.0,1.0370884763335668
2026-05-25,2026-05-25 11:39:00,V022,55.0,1.0373520710883446
2026-05-25,2026-05-25 11:39:01,V022,55.0,1.0365294091043378
2026-05-25,2026-05-25 11:39:02,V022,54.0,1.0364940368850046
2026-05-25,2026-05-25 11:39:03,V022,54.0,1.037410230887676
2026-05-25,2026-05-25 11:39:04,V022,54.0,1.0373256418113215
2026-05-25,2026-05-25 11:39:05,V022,54.0,1.03704151874617
2026-05-25,2026-05-25 11:39:06,V022,54.0,1.036762422219773
2026-05-25,2026-05-25 11:39:07,V022,54.0,1.036952897057331
2026-05-25,2026-05-25 11:39:08,V022,54.0,1.0373618286675128
2026-05-25,2026-05-25 11:39:09,V022,54.0,1.0368276163615298
2026-05-25,2026-05-25 11:39:10,V022,54.0,1.0368187311081531
2026-05-25,2026-05-25 11:39:11,V022,54.0,1.037108895882838
2026-05-25,2026-05-25 11:39:12,V022,54.0,1.0371463037270021
2026-05-25,2026-05-25 11:39:13,V022,54.0,1.0368478254954208
2026-05-25,2026-05-25 11:39:14,V022,55.0,1.0369460776231463
2026-05-25,2026-05-25 11:39:15,V022,55.0,1.037036564859532
2026-05-25,2026-05-25 11:39:16,V022,54.0,1.0369918470859583
2026-05-25,2026-05-25 11:39:17,V022,53.0,1.0371193939880063
2026-05-25,2026-05-25 11:39:18,V022,53.0,1.0369410568174804
2026-05-25,2026-05-25 11:39:19,V022,53.0,1.0370571914370375
2026-05-25,2026-05-25 11:39:20,V022,53.0,1.0375006910016193
2026-05-25,2026-05-25 11:39:21,V022,53.0,1.0367086593993362
2026-05-25,2026-05-25 11:39:22,V022,53.0,1.0371993294789488
2026-05-25,2026-05-25 11:39:23,V022,53.0,1.037118004865578
2026-05-25,2026-05-25 11:39:24,V022,53.0,1.0369240887550768
2026-05-25,2026-05-25 11:39:25,V022,53.0,1.0374359010703509
2026-05-25,2026-05-25 11:39:26,V022,53.0,1.0366562023602641
2026-05-25,2026-05-25 11:39:27,V022,54.0,1.0366869602709734
2026-05-25,2026-05-25 11:39:28,V022,54.0,1.036595578902112
2026-05-25,2026-05-25 11:39:29,V022,54.0,1.037190045557413
2026-05-25,2026-05-25 11:39:30,V022,54.0,1.0363432924753868
2026-05-25,2026-05-25 11:39:31,V022,53.0,1.0369610423095732
2026-05-25,2026-05-25 11:39:32,V022,53.0,1.0368466448359281
2026-05-25,2026-05-25 11:39:33,V022,53.0,1.0369878102652608
2026-05-25,2026-05-25 11:39:34,V022,52.0,1.0369440164213426
2026-05-25,2026-05-25 11:39:35,V022,52.0,1.0370936249110903
2026-05-25,2026-05-25 11:39:36,V022,52.0,1.036533784387239
2026-05-25,2026-05-25 11:39:37,V022,52.0,1.0370677277181157
2026-05-25,2026-05-25 11:39:38,V022,52.0,1.037409868928528
2026-05-25,2026-05-25 11:39:39,V022,52.0,1.0367900728028308
2026-05-25,2026-05-25 11:39:40,V022,52.0,1.0370546523862705
2026-05-25,2026-05-25 11:39:41,V022,52.0,1.0370856748195398
2026-05-25,2026-05-25 11:39:42,V022,52.0,1.03681119219224
2026-05-25,2026-05-25 11:39:43,V022,52.0,1.0375137034691542
2026-05-25,2026-05-25 11:39:44,V022,53.0,1.037159568683922
2026-05-25,2026-05-25 11:39:45,V022,52.0,1.037139778798761
2026-05-25,2026-05-25 11:39:46,V022,52.0,1.0371667182025792
2026-05-25,2026-05-25 11:39:47,V022,52.0,1.0369849180121684
2026-05-25,2026-05-25 11:39:48,V022,52.0,1.0367669663414856
2026-05-25,2026-05-25 11:39:49,V022,52.0,1.037254133097841
2026-05-25,2026-05-25 11:39:50,V022,52.0,1.037082157956953
2026-05-25,2026-05-25 11:39:51,V022,53.0,1.0361395226605659
2026-05-25,2026-05-25 11:39:52,V022,53.0,1.036787444180034
2026-05-25,2026-05-25 11:39:53,V022,53.0,1.0369252250002834
2026-05-25,2026-05-25 11:39:54,V022,53.0,1.037095678262866
2026-05-25,2026-05-25 11:39:55,V022,53.0,1.037176459500984
2026-05-25,2026-05-25 11:39:56,V022,53.0,1.0369372271574806
2026-05-25,2026-05-25 11:39:57,V022,54.0,1.036704130145501
2026-05-25,2026-05-25 11:39:58,V022,54.0,1.0370509912138526
2026-05-25,2026-05-25 11:39:59,V022,55.0,1.0371678334530803
2026-05-25,2026-05-25 11:40:00,V022,55.0,1.0372912912264982
2026-05-25,2026-05-25 11:40:01,V022,55.0,1.0375023340765404
2026-05-25,2026-05-25 11:40:02,V022,55.0,1.0364322423580337
2026-05-25,2026-05-25 11:40:03,V022,55.0,1.0370833053518294
2026-05-25,2026-05-25 11:40:04,V022,55.0,1.0370649942541958
2026-05-25,2026-05-25 11:40:05,V022,56.0,1.0366153493913555
2026-05-25,2026-05-25 11:40:06,V022,57.0,1.0372869338917285
2026-05-25,2026-05-25 11:40:07,V022,58.0,1.0372611159033365
2026-05-25,2026-05-25 11:40:08,V022,59.0,1.036883975513192
2026-05-25,2026-05-25 11:40:09,V022,59.0,1.0371046726811368
2026-05-25,2026-05-25 11:40:10,V022,60.0,1.03714311625635
2026-05-25,2026-05-25 11:40:11,V022,59.0,1.0367999742139806
2026-05-25,2026-05-25 11:40:12,V022,59.0,1.0374176359005827
2026-05-25,2026-05-25 11:40:13,V022,58.0,1.0369951625928235
2026-05-25,2026-05-25 11:40:14,V022,58.0,1.0363586841951506
2026-05-25,2026-05-25 11:40:15,V022,57.0,1.0373979759369234
2026-05-25,2026-05-25 11:40:16,V022,57.0,1.0372650072815996
2026-05-25,2026-05-25 11:40:17,V022,57.0,1.0366792199666806
2026-05-25,2026-05-25 11:40:18,V022,56.0,1.0365358815088217
2026-05-25,2026-05-25 11:40:19,V022,56.0,1.036987528890071
2026-05-25,2026-05-25 11:40:20,V022,56.0,1.037723022033285
2026-05-25,2026-05-25 11:40:21,V022,56.0,1.0363788653806745
2026-05-25,2026-05-25 11:40:22,V022,56.0,1.0369893844044578
2026-05-25,2026-05-25 11:40:23,V022,56.0,1.0373468565904118
2026-05-25,2026-05-25 11:40:24,V022,55.0,1.0372706478086575
2026-05-25,2026-05-25 11:40:25,V022,55.0,1.036356688745611
2026-05-25,2026-05-25 11:40:26,V022,55.0,1.0371419710322247
2026-05-25,2026-05-25 11:40:27,V022,55.0,1.036438346376612
2026-05-25,2026-05-25 11:40:28,V022,55.0,1.0361821357081014
2026-05-25,2026-05-25 11:40:29,V022,55.0,1.0368817076588142
2026-05-25,2026-05-25 11:40:30,V022,56.0,1.0372879518506533
2026-05-25,2026-05-25 11:40:31,V022,56.0,1.036929529095078
2026-05-25,2026-05-25 11:40:32,V022,56.0,1.0371295056194538
2026-05-25,2026-05-25 11:40:33,V022,56.0,1.036877847127242
2026-05-25,2026-05-25 11:40:34,V022,56.0,1.036948705950584
2026-05-25,2026-05-25 11:40:35,V022,56.0,1.036142986345692
2026-05-25,2026-05-25 11:40:36,V022,56.0,1.0367490299843805
2026-05-25,2026-05-25 11:40:37,V022,55.0,1.0371924367558745
2026-05-25,2026-05-25 11:40:38,V022,55.0,1.0372655173492096
2026-05-25,2026-05-25 11:40:39,V022,55.0,1.0369737646236985
2026-05-25,2026-05-25 11:40:40,V022,55.0,1.0367729639981016
2026-05-25,2026-05-25 11:40:41,V022,56.0,1.0370693881916448
2026-05-25,2026-05-25 11:40:42,V022,56.0,1.0367302296690601
2026-05-25,2026-05-25 11:40:43,V022,56.0,1.0368844914146078
2026-05-25,2026-05-25 11:40:44,V022,56.0,1.0364911823870642
2026-05-25,2026-05-25 11:40:45,V022,56.0,1.0370207042838995
2026-05-25,2026-05-25 11:40:46,V022,56.0,1.0367568624710157
2026-05-25,2026-05-25 11:40:47,V022,56.0,1.0366004231378618
2026-05-25,2026-05-25 11:40:48,V022,57.0,1.0364410569874438
2026-05-25,2026-05-25 11:40:49,V022,57.0,1.0366591629726816
2026-05-25,2026-05-25 11:40:50,V022,57.0,1.036886814814075
2026-05-25,2026-05-25 11:40:51,V022,56.0,1.0368506595130138
2026-05-25,2026-05-25 11:40:52,V022,56.0,1.0371878997916253
2026-05-25,2026-05-25 11:40:53,V022,56.0,1.0364930590874042
2026-05-25,2026-05-25 11:40:54,V022,56.0,1.0364697452384593
2026-05-25,2026-05-25 11:40:55,V022,56.0,1.036822042570712
2026-05-25,2026-05-25 11:40:56,V022,56.0,1.0370470460486385
2026-05-25,2026-05-25 11:40:57,V022,56.0,1.037201948769602
2026-05-25,2026-05-25 11:40:58,V022,57.0,1.0362259170218227
2026-05-25,2026-05-25 11:40:59,V022,57.0,1.0367339382197176
2026-05-25,2026-05-25 11:41:00,V022,57.0,1.0364730913578244
2026-05-25,2026-05-25 11:41:01,V022,57.0,1.0368551335816225
2026-05-25,2026-05-25 11:41:02,V022,57.0,1.0369685034396983
2026-05-25,2026-05-25 11:41:03,V022,57.0,1.0369839556698404
2026-05-25,2026-05-25 11:41:04,V022,56.0,1.0365792214991127
2026-05-25,2026-05-25 11:41:05,V022,56.0,1.0366097153191467
2026-05-25,2026-05-25 11:41:06,V022,56.0,1.0372289860632145
2026-05-25,2026-05-25 11:41:07,V022,56.0,1.036661701426002
2026-05-25,2026-05-25 11:41:08,V022,55.0,1.036838992478797
2026-05-25,2026-05-25 11:41:09,V022,55.0,1.0367675834555146
2026-05-25,2026-05-25 11:41:10,V022,55.0,1.0366400164316494
2026-05-25,2026-05-25 11:41:11,V022,55.0,1.036639928407953
2026-05-25,2026-05-25 11:41:12,V022,56.0,1.0373880512637337
2026-05-25,2026-05-25 11:41:13,V022,56.0,1.036895800905857
2026-05-25,2026-05-25 11:41:14,V022,56.0,1.036935335292455
2026-05-25,2026-05-25 11:41:15,V022,56.0,1.0369186259904335
2026-05-25,2026-05-25 11:41:16,V022,56.0,1.0371457368108972
2026-05-25,2026-05-25 11:41:17,V022,56.0,1.0368963420871937
2026-05-25,2026-05-25 11:41:18,V022,56.0,1.0373917345844157
2026-05-25,2026-05-25 11:41:19,V022,56.0,1.046482310025481
2026-05-25,2026-05-25 11:41:20,V022,57.0,1.0575680297361945
2026-05-25,2026-05-25 11:41:21,V022,58.0,0.9478399824512095
2026-05-25,2026-05-25 11:41:22,V022,59.0,0.955203172297607
2026-05-25,2026-05-25 11:41:23,V022,59.0,0.9485618153954126
2026-05-25,2026-05-25 11:41:24,V022,60.0,0.9517317403893448
2026-05-25,2026-05-25 11:41:25,V022,59.0,0.9567011410472003
2026-05-25,2026-05-25 11:41:26,V022,58.0,0.9422752961780669
2026-05-25,2026-05-25 11:41:27,V022,57.0,0.9298399512920874
2026-05-25,2026-05-25 11:41:28,V022,57.0,0.9267172578132401
2026-05-25,2026-05-25 11:41:29,V022,56.0,0.9350005001555052
2026-05-25,2026-05-25 11:41:30,V022,56.0,0.934731007022508
2026-05-25,2026-05-25 11:41:31,V022,58.0,0.9868630195435897
2026-05-25,2026-05-25 11:41:32,V022,59.0,0.9822399039104569
2026-05-25,2026-05-25 11:41:33,V022,60.0,0.970776419662954
2026-05-25,2026-05-25 11:41:34,V022,61.0,0.9712975376855626
2026-05-25,2026-05-25 11:41:35,V022,63.0,0.9696921954265809
2026-05-25,2026-05-25 11:41:36,V022,64.0,0.974257589779051
2026-05-25,2026-05-25 11:41:37,V022,65.0,0.9711830291869782
2026-05-25,2026-05-25 11:41:38,V022,66.0,1.0060491067048463
2026-05-25,2026-05-25 11:41:39,V022,67.0,0.9906076560088607
2026-05-25,2026-05-25 11:41:40,V022,69.0,1.0852353252107427
2026-05-25,2026-05-25 11:41:41,V022,70.0,1.0893093158428455
2026-05-25,2026-05-25 11:41:42,V022,71.0,1.0131877169514836
2026-05-25,2026-05-25 11:41:43,V022,73.0,0.9984674982975764
2026-05-25,2026-05-25 11:41:44,V022,74.0,1.0256263686070097
2026-05-25,2026-05-25 11:41:45,V022,74.0,1.264518954603467
2026-05-25,2026-05-25 11:41:46,V022,75.0,1.1196148608976295
2026-05-25,2026-05-25 11:41:47,V022,74.0,1.0995545205317336
2026-05-25,2026-05-25 11:41:48,V022,74.0,1.077153961067447
2026-05-25,2026-05-25 11:41:49,V022,74.0,1.1935233521158328
2026-05-25,2026-05-25 11:41:50,V022,74.0,1.429385925719548
2026-05-25,2026-05-25 11:41:51,V022,74.0,1.138402794539841
2026-05-25,2026-05-25 11:41:52,V022,74.0,1.1177253652998427
2026-05-25,2026-05-25 11:41:53,V022,73.0,1.0655455034657042
2026-05-25,2026-05-25 11:41:54,V022,73.0,1.0762083972658851
2026-05-25,2026-05-25 11:41:55,V022,73.0,1.0676100352190578
2026-05-25,2026-05-25 11:41:56,V022,72.0,1.062791951991802
2026-05-25,2026-05-25 11:41:57,V022,74.0,1.0654576414530685
2026-05-25,2026-05-25 11:41:58,V022,75.0,1.0390426494824274
2026-05-25,2026-05-25 11:41:59,V022,76.0,1.0242348016011389
2026-05-25,2026-05-25 11:42:00,V022,77.0,1.1158560884294202
2026-05-25,2026-05-25 11:42:01,V022,77.0,0.9977730891010279
2026-05-25,2026-05-25 11:42:02,V022,77.0,1.1042913414266393
2026-05-25,2026-05-25 11:42:03,V022,77.0,1.0537386582496824
2026-05-25,2026-05-25 11:42:04,V022,77.0,1.1029265908676502
2026-05-25,2026-05-25 11:42:05,V022,76.0,1.075672767977334
2026-05-25,2026-05-25 11:42:06,V022,75.0,1.3251923811076656
2026-05-25,2026-05-25 11:42:07,V022,75.0,1.060240470687044
2026-05-25,2026-05-25 11:42:08,V022,75.0,1.085697424359743
2026-05-25,2026-05-25 11:42:09,V022,75.0,1.1714598306194228
2026-05-25,2026-05-25 11:42:10,V022,75.0,1.0467871810788554
2026-05-25,2026-05-25 11:42:11,V022,76.0,1.0431846913715204
2026-05-25,2026-05-25 11:42:12,V022,76.0,0.9938482303810298
2026-05-25,2026-05-25 11:42:13,V022,77.0,0.9584646362312844
2026-05-25,2026-05-25 11:42:14,V022,77.0,1.0867664225524698
2026-05-25,2026-05-25 11:42:15,V022,78.0,1.0802477119086762
2026-05-25,2026-05-25 11:42:16,V022,79.0,1.053640013535579
2026-05-25,2026-05-25 11:42:17,V022,80.0,1.0466369700715457
2026-05-25,2026-05-25 11:42:18,V022,82.0,1.0398813488490357
2026-05-25,2026-05-25 11:42:19,V022,85.0,1.1258935446420217
2026-05-25,2026-05-25 11:42:20,V022,88.0,1.3238453214059003
2026-05-25,2026-05-25 11:42:21,V022,91.0,0.9387898759245655
2026-05-25,2026-05-25 11:42:22,V022,93.0,0.9925804494533381
2026-05-25,2026-05-25 11:42:23,V022,95.0,1.036340049959623
2026-05-25,2026-05-25 11:42:24,V022,97.0,0.99337897108199
2026-05-25,2026-05-25 11:42:25,V022,96.0,1.035893303779539
2026-05-25,2026-05-25 11:42:26,V022,96.0,0.94775905642148
2026-05-25,2026-05-25 11:42:27,V022,95.0,0.9355340896307014
2026-05-25,2026-05-25 11:42:28,V022,94.0,0.9858400588078721
2026-05-25,2026-05-25 11:42:29,V022,94.0,0.9789254970215157
2026-05-25,2026-05-25 11:42:30,V022,93.0,0.9649799664442237
2026-05-25,2026-05-25 11:42:31,V022,93.0,0.9817431516210517
2026-05-25,2026-05-25 11:42:32,V022,93.0,0.9853162579079856
2026-05-25,2026-05-25 11:42:33,V022,93.0,0.9486966671588069
2026-05-25,2026-05-25 11:42:34,V022,92.0,0.9870420181029051
2026-05-25,2026-05-25 11:42:35,V022,92.0,1.014323638662282
2026-05-25,2026-05-25 11:42:36,V022,92.0,1.2880521692769178
2026-05-25,2026-05-25 11:42:37,V022,92.0,0.9736425309350196
2026-05-25,2026-05-25 11:42:38,V022,92.0,1.0673911842628276
2026-05-25,2026-05-25 11:42:39,V022,92.0,1.053191535718182
2026-05-25,2026-05-25 11:42:40,V022,92.0,1.0317437953697424
2026-05-25,2026-05-25 11:42:41,V022,92.0,0.9503046975096853
2026-05-25,2026-05-25 11:42:42,V022,92.0,0.9427517445074243
2026-05-25,2026-05-25 11:42:43,V022,92.0,1.0409108688801287
2026-05-25,2026-05-25 11:42:44,V022,92.0,0.9328048358667892
2026-05-25,2026-05-25 11:42:45,V022,92.0,0.9484772175273013
2026-05-25,2026-05-25 11:42:46,V022,92.0,1.0001218100927842
2026-05-25,2026-05-25 11:42:47,V022,92.0,0.9977059401253109
2026-05-25,2026-05-25 11:42:48,V022,92.0,0.9683608448805509
2026-05-25,2026-05-25 11:42:49,V022,92.0,0.9621441809719724
2026-05-25,2026-05-25 11:42:50,V022,92.0,0.9839009120281419
2026-05-25,2026-05-25 11:42:51,V022,92.0,0.9767503034019183
2026-05-25,2026-05-25 11:42:52,V022,92.0,0.9648339195804922
2026-05-25,2026-05-25 11:42:53,V022,92.0,0.9812827253762756
2026-05-25,2026-05-25 11:42:54,V022,91.0,1.0041259756486123
2026-05-25,2026-05-25 11:42:55,V022,90.0,0.9899671532863389
2026-05-25,2026-05-25 11:42:56,V022,89.0,1.0256629328662459
2026-05-25,2026-05-25 11:42:57,V022,88.0,1.0358955101358003
2026-05-25,2026-05-25 11:42:58,V022,87.0,1.0081371554738678
2026-05-25,2026-05-25 11:42:59,V022,86.0,1.0174317809748565
2026-05-25,2026-05-25 11:43:00,V022,86.0,0.9603765282711848
2026-05-25,2026-05-25 11:43:01,V022,87.0,1.22419680484586
2026-05-25,2026-05-25 11:43:02,V022,87.0,1.06750551407099
2026-05-25,2026-05-25 11:43:03,V022,88.0,1.0413315441175433
2026-05-25,2026-05-25 11:43:04,V022,88.0,0.9990650908043677
2026-05-25,2026-05-25 11:43:05,V022,88.0,0.9975171478184458
2026-05-25,2026-05-25 11:43:06,V022,88.0,0.998527123551157
2026-05-25,2026-05-25 11:43:07,V022,89.0,0.9588607735023748
2026-05-25,2026-05-25 11:43:08,V022,89.0,1.0372059542576115
2026-05-25,2026-05-25 11:43:09,V022,89.0,1.0447775849311347
2026-05-25,2026-05-25 11:43:10,V022,89.0,1.1339456327174076
2026-05-25,2026-05-25 11:43:11,V022,89.0,0.9255040675763374
2026-05-25,2026-05-25 11:43:12,V022,89.0,1.1639812692504066
2026-05-25,2026-05-25 11:43:13,V022,88.0,1.0187807133127664
2026-05-25,2026-05-25 11:43:14,V022,88.0,1.0246016859156866
2026-05-25,2026-05-25 11:43:15,V022,88.0,1.010157715317805
2026-05-25,2026-05-25 11:43:16,V022,89.0,1.016548825294857
2026-05-25,2026-05-25 11:43:17,V022,89.0,1.0483472741655182
2026-05-25,2026-05-25 11:43:18,V022,89.0,0.9777154395767633
2026-05-25,2026-05-25 11:43:19,V022,89.0,1.0097431488652944
2026-05-25,2026-05-25 11:43:20,V022,90.0,0.9803385107022299
2026-05-25,2026-05-25 11:43:21,V022,90.0,0.9977736976867091
2026-05-25,2026-05-25 11:43:22,V022,90.0,0.9892741893189649
2026-05-25,2026-05-25 11:43:23,V022,90.0,0.9989912967477652
2026-05-25,2026-05-25 11:43:24,V022,90.0,1.0152589108098122
2026-05-25,2026-05-25 11:43:25,V022,91.0,1.0108113949987017
2026-05-25,2026-05-25 11:43:26,V022,91.0,1.0093565356484941
2026-05-25,2026-05-25 11:43:27,V022,91.0,1.0406915709611608
2026-05-25,2026-05-25 11:43:28,V022,91.0,1.0087599952649389
2026-05-25,2026-05-25 11:43:29,V022,91.0,1.0327031847667196
2026-05-25,2026-05-25 11:43:30,V022,90.0,0.9004506007463507
2026-05-25,2026-05-25 11:43:31,V022,89.0,1.3349682167958532
2026-05-25,2026-05-25 11:43:32,V022,89.0,1.0031296040273077
2026-05-25,2026-05-25 11:43:33,V022,89.0,1.0025476978642152
2026-05-25,2026-05-25 11:43:34,V022,88.0,1.0082189782527518
2026-05-25,2026-05-25 11:43:35,V022,88.0,1.0131186450159269
2026-05-25,2026-05-25 11:43:36,V022,88.0,1.0057235119074661
2026-05-25,2026-05-25 11:43:37,V022,87.0,1.0049275097531378
2026-05-25,2026-05-25 11:43:38,V022,86.0,0.9999659080016647
2026-05-25,2026-05-25 11:43:39,V022,85.0,1.0063061573520058
2026-05-25,2026-05-25 11:43:40,V022,84.0,1.0442389508436285
2026-05-25,2026-05-25 11:43:41,V022,83.0,1.0030217782023818
2026-05-25,2026-05-25 11:43:42,V022,82.0,0.9989754284613552
2026-05-25,2026-05-25 11:43:43,V022,82.0,1.0067867363425835
2026-05-25,2026-05-25 11:43:44,V022,81.0,0.997681434060882
2026-05-25,2026-05-25 11:43:45,V022,81.0,1.0004220122307006
2026-05-25,2026-05-25 11:43:46,V022,81.0,1.0123087905169215
2026-05-25,2026-05-25 11:43:47,V022,81.0,1.0084940285129336
2026-05-25,2026-05-25 11:43:48,V022,82.0,1.0105500484611687
2026-05-25,2026-05-25 11:43:49,V022,82.0,1.0071210360898624
2026-05-25,2026-05-25 11:43:50,V022,83.0,1.008367391502259
2026-05-25,2026-05-25 11:43:51,V022,83.0,1.0036289930881541
2026-05-25,2026-05-25 11:43:52,V022,84.0,1.0079745928626502
2026-05-25,2026-05-25 11:43:53,V022,84.0,1.0097971791180458
2026-05-25,2026-05-25 11:43:54,V022,85.0,1.0057712543523798
2026-05-25,2026-05-25 11:43:55,V022,85.0,1.0096025257785857
2026-05-25,2026-05-25 11:43:56,V022,85.0,1.0042322645665065
2026-05-25,2026-05-25 11:43:57,V022,86.0,1.005451251855499
2026-05-25,2026-05-25 11:43:58,V022,86.0,1.0097283308012202
2026-05-25,2026-05-25 11:43:59,V022,86.0,1.0064458992337553
2026-05-25,2026-05-25 11:44:00,V022,86.0,1.0071514869325549
2026-05-25,2026-05-25 11:44:01,V022,86.0,1.0033796118488283
2026-05-25,2026-05-25 11:44:02,V022,86.0,1.0065053062386473
2026-05-25,2026-05-25 11:44:03,V022,86.0,1.007117700958143
2026-05-25,2026-05-25 11:44:04,V022,86.0,1.010453540552496
2026-05-25,2026-05-25 11:44:05,V022,86.0,0.9986505243524846
2026-05-25,2026-05-25 11:44:06,V022,86.0,0.9958525720228246
2026-05-25,2026-05-25 11:44:07,V022,86.0,1.0830528087856957
2026-05-25,2026-05-25 11:44:08,V022,86.0,1.0089366636669514
2026-05-25,2026-05-25 11:44:09,V022,86.0,1.0098083682414263
2026-05-25,2026-05-25 11:44:10,V022,86.0,1.0049954016383058
2026-05-25,2026-05-25 11:44:11,V022,86.0,1.0067474780680492
2026-05-25,2026-05-25 11:44:12,V022,86.0,1.0094419924722116
2026-05-25,2026-05-25 11:44:13,V022,86.0,1.0120507767833835
2026-05-25,2026-05-25 11:44:14,V022,85.0,1.0084568458235745
2026-05-25,2026-05-25 11:44:15,V022,86.0,1.005830333831802
2026-05-25,2026-05-25 11:44:16,V022,86.0,1.0068082315475906
2026-05-25,2026-05-25 11:44:17,V022,86.0,1.0039753333422097
2026-05-25,2026-05-25 11:44:18,V022,87.0,1.0112131723221884
2026-05-25,2026-05-25 11:44:19,V022,87.0,1.0183472232537236
2026-05-25,2026-05-25 11:44:20,V022,88.0,1.0108535133868892
2026-05-25,2026-05-25 11:44:21,V022,87.0,1.022051992142897
2026-05-25,2026-05-25 11:44:22,V022,87.0,1.0048600336575702
2026-05-25,2026-05-25 11:44:23,V022,86.0,1.0073790427655875
2026-05-25,2026-05-25 11:44:24,V022,86.0,1.0131378952640704
2026-05-25,2026-05-25 11:44:25,V022,85.0,1.0071109499757191
2026-05-25,2026-05-25 11:44:26,V022,85.0,1.0068790581040636
2026-05-25,2026-05-25 11:44:27,V022,84.0,1.0099294595188495
2026-05-25,2026-05-25 11:44:28,V022,84.0,1.0086678794946045
2026-05-25,2026-05-25 11:44:29,V022,83.0,1.0047700891828912
2026-05-25,2026-05-25 11:44:30,V022,83.0,1.007395610090513
2026-05-25,2026-05-25 11:44:31,V022,83.0,1.0051479334537186
2026-05-25,2026-05-25 11:44:32,V022,83.0,1.005603353442523
2026-05-25,2026-05-25 11:44:33,V022,83.0,0.9996489633564798
2026-05-25,2026-05-25 11:44:34,V022,83.0,1.0439369291446878
2026-05-25,2026-05-25 11:44:35,V022,83.0,0.9420971023184703
2026-05-25,2026-05-25 11:44:36,V022,83.0,1.0698599431766296
2026-05-25,2026-05-25 11:44:37,V022,83.0,1.0179705388672937
2026-05-25,2026-05-25 11:44:38,V022,82.0,1.0161110570388647
2026-05-25,2026-05-25 11:44:39,V022,82.0,1.0247246901973464
2026-05-25,2026-05-25 11:44:40,V022,82.0,1.0686548843730181
2026-05-25,2026-05-25 11:44:41,V022,82.0,0.9854901608605623
2026-05-25,2026-05-25 11:44:42,V022,81.0,1.0039157271263301
2026-05-25,2026-05-25 11:44:43,V022,81.0,0.9899787493404202
2026-05-25,2026-05-25 11:44:44,V022,80.0,1.2410829532193712
2026-05-25,2026-05-25 11:44:45,V022,80.0,1.00823173514282
2026-05-25,2026-05-25 11:44:46,V022,79.0,1.0062910430518388
2026-05-25,2026-05-25 11:44:47,V022,79.0,1.007923420328202
2026-05-25,2026-05-25 11:44:48,V022,79.0,1.0081136402001052
2026-05-25,2026-05-25 11:44:49,V022,78.0,1.0081928134434825
2026-05-25,2026-05-25 11:44:50,V022,78.0,1.0050399877503888
2026-05-25,2026-05-25 11:44:51,V022,77.0,0.9941516444223987
2026-05-25,2026-05-25 11:44:52,V022,76.0,0.9903218052754973
2026-05-25,2026-05-25 11:44:53,V022,76.0,1.011597030727603
2026-05-25,2026-05-25 11:44:54,V022,75.0,1.0079487748177418
2026-05-25,2026-05-25 11:44:55,V022,75.0,1.008303528802719
2026-05-25,2026-05-25 11:44:56,V022,74.0,1.00747510054212
2026-05-25,2026-05-25 11:44:57,V022,73.0,1.0078508103585382
2026-05-25,2026-05-25 11:44:58,V022,73.0,1.0078301181439155
2026-05-25,2026-05-25 11:44:59,V022,73.0,1.007894926657004
2026-05-25,2026-05-25 11:45:00,V022,72.0,1.0072602376307387
2026-05-25,2026-05-25 11:45:01,V022,71.0,1.0086751150717592
2026-05-25,2026-05-25 11:45:02,V022,70.0,1.0083238151230773
2026-05-25,2026-05-25 11:45:03,V022,69.0,1.0077211695056247
2026-05-25,2026-05-25 11:45:04,V022,69.0,1.0079855996687372
2026-05-25,2026-05-25 11:45:05,V022,68.0,1.0074515679574862
2026-05-25,2026-05-25 11:45:06,V022,68.0,1.0070466298644964
2026-05-25,2026-05-25 11:45:07,V022,67.0,1.0108777516355305
2026-05-25,2026-05-25 11:45:08,V022,67.0,1.011107065106203
2026-05-25,2026-05-25 11:45:09,V022,67.0,1.0190463310162547
2026-05-25,2026-05-25 11:45:10,V022,66.0,1.0611177447267894
2026-05-25,2026-05-25 11:45:11,V022,66.0,0.9515975740451702
2026-05-25,2026-05-25 11:45:12,V022,66.0,1.03257413648934
2026-05-25,2026-05-25 11:45:13,V022,65.0,1.0335922178353905
2026-05-25,2026-05-25 11:45:14,V022,65.0,0.9881742151228773
2026-05-25,2026-05-25 11:45:15,V022,64.0,0.9821743355016965
2026-05-25,2026-05-25 11:45:16,V022,64.0,1.176915252439496
2026-05-25,2026-05-25 11:45:17,V022,63.0,0.9148392095040089
2026-05-25,2026-05-25 11:45:18,V022,62.0,1.0078870587167916
2026-05-25,2026-05-25 11:45:19,V022,60.0,1.0085106381870956
2026-05-25,2026-05-25 11:45:20,V022,59.0,1.0081917771874223
2026-05-25,2026-05-25 11:45:21,V022,59.0,1.0071150575542083
2026-05-25,2026-05-25 11:45:22,V022,60.0,1.007248084895754
2026-05-25,2026-05-25 11:45:23,V022,60.0,1.0074975131572939
2026-05-25,2026-05-25 11:45:24,V022,60.0,1.00703168834315
2026-05-25,2026-05-25 11:45:25,V022,60.0,1.008235561690999
2026-05-25,2026-05-25 11:45:26,V022,60.0,1.0071713997870466
2026-05-25,2026-05-25 11:45:27,V022,60.0,1.007209467234242
2026-05-25,2026-05-25 11:45:28,V022,60.0,1.0059841761370218
2026-05-25,2026-05-25 11:45:29,V022,60.0,1.0073554467350716
2026-05-25,2026-05-25 11:45:30,V022,60.0,1.0062714475483727
2026-05-25,2026-05-25 11:45:31,V022,60.0,1.0079079715599566
2026-05-25,2026-05-25 11:45:32,V022,60.0,1.007476387907646
2026-05-25,2026-05-25 11:45:33,V022,59.0,1.0076410140823542
2026-05-25,2026-05-25 11:45:34,V022,59.0,1.007178933126382
2026-05-25,2026-05-25 11:45:35,V022,58.0,1.0071069949703504
2026-05-25,2026-05-25 11:45:36,V022,58.0,1.0074383172710935
2026-05-25,2026-05-25 11:45:37,V022,58.0,1.0073025949541654
2026-05-25,2026-05-25 11:45:38,V022,57.0,1.0914614704788386
2026-05-25,2026-05-25 11:45:39,V022,57.0,0.9593963336955019
2026-05-25,2026-05-25 11:45:40,V022,58.0,0.9974409517861768
2026-05-25,2026-05-25 11:45:41,V022,58.0,1.0394231909716838
2026-05-25,2026-05-25 11:45:42,V022,58.0,1.0307553329072918
2026-05-25,2026-05-25 11:45:43,V022,58.0,0.987759202099416
2026-05-25,2026-05-25 11:45:44,V022,58.0,1.013003792596679
2026-05-25,2026-05-25 11:45:45,V022,58.0,1.0294386523882018
2026-05-25,2026-05-25 11:45:46,V022,58.0,0.9821347311394365
2026-05-25,2026-05-25 11:45:47,V022,59.0,1.0369764785934281
2026-05-25,2026-05-25 11:45:48,V022,59.0,1.1157594453649013
2026-05-25,2026-05-25 11:45:49,V022,59.0,1.0078028444587077
2026-05-25,2026-05-25 11:45:50,V022,59.0,1.0083746581074418
2026-05-25,2026-05-25 11:45:51,V022,59.0,1.0082347506325766
2026-05-25,2026-05-25 11:45:52,V022,59.0,1.0084376965610968
2026-05-25,2026-05-25 11:45:53,V022,59.0,1.0083546831674386
2026-05-25,2026-05-25 11:45:54,V022,59.0,1.007791668054674
2026-05-25,2026-05-25 11:45:55,V022,,1.0086952026767217
2026-05-25,2026-05-25 11:45:56,V022,,1.008289858211266
2026-05-25,2026-05-25 11:45:57,V022,,1.0087957943668018
2026-05-25,2026-05-25 11:45:58,V022,,1.0078274382512686
2026-05-25,2026-05-25 11:45:59,V022,,1.0083817741574255
2026-05-25,2026-05-25 11:46:00,V022,,1.0089041931844962
2026-05-25,2026-05-25 11:46:01,V022,,1.0085838298315581
2026-05-25,2026-05-25 11:46:02,V022,,1.0083388482491171
2026-05-25,2026-05-25 11:46:03,V022,,1.094561215014024
2026-05-25,2026-05-25 11:46:04,V022,,0.9439146449561979
