Date,Timestamp,SensorID,HeartRate,AccNorm
2026-05-25,2026-05-25 11:09:08,V015,,1.0014369302072506
2026-05-25,2026-05-25 11:09:09,V015,,1.0001876272712946
2026-05-25,2026-05-25 11:09:10,V015,,1.000167772082013
2026-05-25,2026-05-25 11:09:11,V015,,1.0003937952556108
2026-05-25,2026-05-25 11:09:12,V015,,1.0016364563586906
2026-05-25,2026-05-25 11:09:13,V015,,1.0007685170718315
2026-05-25,2026-05-25 11:09:14,V015,,1.0002093817063122
2026-05-25,2026-05-25 11:09:15,V015,,1.0005011028625699
2026-05-25,2026-05-25 11:09:16,V015,,1.000388634395716
2026-05-25,2026-05-25 11:09:17,V015,,1.0009366871087382
2026-05-25,2026-05-25 11:09:18,V015,,0.9992329699817792
2026-05-25,2026-05-25 11:09:19,V015,,1.0010238030990062
2026-05-25,2026-05-25 11:09:20,V015,,1.0003251501331922
2026-05-25,2026-05-25 11:09:21,V015,,0.9999862757160162
2026-05-25,2026-05-25 11:09:22,V015,,0.9996334399034636
2026-05-25,2026-05-25 11:09:23,V015,,1.0001717851221086
2026-05-25,2026-05-25 11:09:24,V015,,0.9995611455750161
2026-05-25,2026-05-25 11:09:25,V015,,1.000910109583613
2026-05-25,2026-05-25 11:09:26,V015,,0.9998151121916198
2026-05-25,2026-05-25 11:09:27,V015,,1.0001372423106216
2026-05-25,2026-05-25 11:09:28,V015,,0.9998529857078445
2026-05-25,2026-05-25 11:09:29,V015,,1.0005510899018424
2026-05-25,2026-05-25 11:09:30,V015,,1.0001665798650337
2026-05-25,2026-05-25 11:09:31,V015,,0.99889646911601
2026-05-25,2026-05-25 11:09:32,V015,,0.9998565451410192
2026-05-25,2026-05-25 11:09:33,V015,,0.9997889699371345
2026-05-25,2026-05-25 11:09:34,V015,,0.9993473985193043
2026-05-25,2026-05-25 11:09:35,V015,,0.9998663085604295
2026-05-25,2026-05-25 11:09:36,V015,,0.9999324889525925
2026-05-25,2026-05-25 11:09:37,V015,,1.000203384727484
2026-05-25,2026-05-25 11:09:38,V015,,0.9994156868518164
2026-05-25,2026-05-25 11:09:39,V015,,1.000714257373382
2026-05-25,2026-05-25 11:09:40,V015,,0.9997234165125646
2026-05-25,2026-05-25 11:09:41,V015,,1.0005083548446563
2026-05-25,2026-05-25 11:09:42,V015,,1.0003318735862066
2026-05-25,2026-05-25 11:09:43,V015,,0.9998693258544332
2026-05-25,2026-05-25 11:09:44,V015,,1.0008100994409441
2026-05-25,2026-05-25 11:09:45,V015,,1.0012814692744594
2026-05-25,2026-05-25 11:09:46,V015,,1.0058831808016804
2026-05-25,2026-05-25 11:09:47,V015,,0.9974565895577211
2026-05-25,2026-05-25 11:09:48,V015,,0.9969175982614374
2026-05-25,2026-05-25 11:09:49,V015,,0.9682368976159544
2026-05-25,2026-05-25 11:09:50,V015,,0.9999075245496308
2026-05-25,2026-05-25 11:09:51,V015,,0.9998251197251515
2026-05-25,2026-05-25 11:09:52,V015,,0.9995667082812681
2026-05-25,2026-05-25 11:09:53,V015,,0.9997729272609263
2026-05-25,2026-05-25 11:09:54,V015,,0.9996238091539789
2026-05-25,2026-05-25 11:09:55,V015,,0.9992111123101136
2026-05-25,2026-05-25 11:09:56,V015,,0.9996638810878796
2026-05-25,2026-05-25 11:09:57,V015,,0.9999419514861771
2026-05-25,2026-05-25 11:09:58,V015,,0.9999411682407517
2026-05-25,2026-05-25 11:09:59,V015,,0.999750982005831
2026-05-25,2026-05-25 11:10:00,V015,,1.0003216073047752
2026-05-25,2026-05-25 11:10:01,V015,,1.0005926912962668
2026-05-25,2026-05-25 11:10:02,V015,,0.9996647729824001
2026-05-25,2026-05-25 11:10:03,V015,,0.9998821424474857
2026-05-25,2026-05-25 11:10:04,V015,,1.000258354851458
2026-05-25,2026-05-25 11:10:05,V015,,1.0000073358071702
2026-05-25,2026-05-25 11:10:06,V015,,1.000491698458128
2026-05-25,2026-05-25 11:10:07,V015,,1.0000185995649513
2026-05-25,2026-05-25 11:10:08,V015,,1.00006436323196
2026-05-25,2026-05-25 11:10:09,V015,,0.9993550881547305
2026-05-25,2026-05-25 11:10:10,V015,,0.9992269716591156
2026-05-25,2026-05-25 11:10:11,V015,,1.0002145786785834
2026-05-25,2026-05-25 11:10:12,V015,,1.0001012992999339
2026-05-25,2026-05-25 11:10:13,V015,,0.9994696200572026
2026-05-25,2026-05-25 11:10:14,V015,,1.0000829907852484
2026-05-25,2026-05-25 11:10:15,V015,,0.9999911051187952
2026-05-25,2026-05-25 11:10:16,V015,,1.0004606702829295
2026-05-25,2026-05-25 11:10:17,V015,,1.0000843122608614
2026-05-25,2026-05-25 11:10:18,V015,,1.0004502895989345
2026-05-25,2026-05-25 11:10:19,V015,,1.0005141646257707
2026-05-25,2026-05-25 11:10:20,V015,,1.0024070625389911
2026-05-25,2026-05-25 11:10:21,V015,,1.0807406238685993
2026-05-25,2026-05-25 11:10:22,V015,,0.9850064189935149
2026-05-25,2026-05-25 11:10:23,V015,,0.991520566158215
2026-05-25,2026-05-25 11:10:24,V015,,0.9997339522247856
2026-05-25,2026-05-25 11:10:25,V015,,1.001330394898521
2026-05-25,2026-05-25 11:10:26,V015,,0.9994125540451201
2026-05-25,2026-05-25 11:10:27,V015,,0.9990976651833569
2026-05-25,2026-05-25 11:10:28,V015,,0.9997728700689094
2026-05-25,2026-05-25 11:10:29,V015,,1.0004101828583682
2026-05-25,2026-05-25 11:10:30,V015,,1.0004894266605926
2026-05-25,2026-05-25 11:10:31,V015,,1.0033676764654915
2026-05-25,2026-05-25 11:10:32,V015,,1.020630855708703
2026-05-25,2026-05-25 11:10:33,V015,,0.9992821422666418
2026-05-25,2026-05-25 11:10:34,V015,,0.9993960980989399
2026-05-25,2026-05-25 11:10:35,V015,,0.9995272711023268
2026-05-25,2026-05-25 11:10:36,V015,,1.0005190248426137
2026-05-25,2026-05-25 11:10:37,V015,,0.9990255493879286
2026-05-25,2026-05-25 11:10:38,V015,,0.9997837245763033
2026-05-25,2026-05-25 11:10:39,V015,,0.9997303904423156
2026-05-25,2026-05-25 11:10:40,V015,,1.0000495938937197
2026-05-25,2026-05-25 11:10:41,V015,,0.9956760591343756
2026-05-25,2026-05-25 11:10:42,V015,,1.004857961436825
2026-05-25,2026-05-25 11:10:43,V015,,1.02657524330339
2026-05-25,2026-05-25 11:10:44,V015,,0.9853546336345417
2026-05-25,2026-05-25 11:10:45,V015,,1.0089193458431516
2026-05-25,2026-05-25 11:10:46,V015,,1.1015543369902607
2026-05-25,2026-05-25 11:10:47,V015,,1.0017386460811921
2026-05-25,2026-05-25 11:10:48,V015,,0.9986632237783614
2026-05-25,2026-05-25 11:10:49,V015,,1.0088638892875545
2026-05-25,2026-05-25 11:10:50,V015,,1.0007551478497165
2026-05-25,2026-05-25 11:10:51,V015,,0.9997972619829687
2026-05-25,2026-05-25 11:10:52,V015,,0.9999956634917949
2026-05-25,2026-05-25 11:10:53,V015,89.0,1.1759497436857298
2026-05-25,2026-05-25 11:10:54,V015,88.0,1.0461544717968523
2026-05-25,2026-05-25 11:10:55,V015,88.0,1.0000408126619251
2026-05-25,2026-05-25 11:10:56,V015,88.0,0.9993152827541957
2026-05-25,2026-05-25 11:10:57,V015,87.0,0.9998847891126402
2026-05-25,2026-05-25 11:10:58,V015,87.0,0.999968918652218
2026-05-25,2026-05-25 11:10:59,V015,86.0,0.9995142470827508
2026-05-25,2026-05-25 11:11:00,V015,85.0,0.9991207190298327
2026-05-25,2026-05-25 11:11:01,V015,85.0,0.9996709944307096
2026-05-25,2026-05-25 11:11:02,V015,84.0,0.9999382567456316
2026-05-25,2026-05-25 11:11:03,V015,84.0,0.999731013432432
2026-05-25,2026-05-25 11:11:04,V015,84.0,0.9995093692395831
2026-05-25,2026-05-25 11:11:05,V015,84.0,0.9998971606692443
2026-05-25,2026-05-25 11:11:06,V015,84.0,0.9998275407172784
2026-05-25,2026-05-25 11:11:07,V015,84.0,1.0001357197050686
2026-05-25,2026-05-25 11:11:08,V015,84.0,1.0001628862871206
2026-05-25,2026-05-25 11:11:09,V015,84.0,0.9994962412750863
2026-05-25,2026-05-25 11:11:10,V015,84.0,0.9998890328424119
2026-05-25,2026-05-25 11:11:11,V015,83.0,0.999542983765813
2026-05-25,2026-05-25 11:11:12,V015,83.0,0.9999942654702124
2026-05-25,2026-05-25 11:11:13,V015,82.0,0.9995284396867605
2026-05-25,2026-05-25 11:11:14,V015,82.0,0.9992887376456882
2026-05-25,2026-05-25 11:11:15,V015,82.0,1.0001394440460551
2026-05-25,2026-05-25 11:11:16,V015,82.0,0.9992670312794389
2026-05-25,2026-05-25 11:11:17,V015,81.0,0.9995622481841717
2026-05-25,2026-05-25 11:11:18,V015,81.0,1.0004149724453946
2026-05-25,2026-05-25 11:11:19,V015,81.0,0.9992679003496391
2026-05-25,2026-05-25 11:11:20,V015,81.0,0.9987926096890782
2026-05-25,2026-05-25 11:11:21,V015,80.0,0.9996861929592523
2026-05-25,2026-05-25 11:11:22,V015,80.0,0.9994008125359969
2026-05-25,2026-05-25 11:11:23,V015,80.0,1.000314072441621
2026-05-25,2026-05-25 11:11:24,V015,79.0,0.9985364696478265
2026-05-25,2026-05-25 11:11:25,V015,79.0,0.9994337211461766
2026-05-25,2026-05-25 11:11:26,V015,79.0,0.9994959238257118
2026-05-25,2026-05-25 11:11:27,V015,79.0,0.9994516246292515
2026-05-25,2026-05-25 11:11:28,V015,79.0,0.9999267649191197
2026-05-25,2026-05-25 11:11:29,V015,78.0,0.9994190138770596
2026-05-25,2026-05-25 11:11:30,V015,78.0,0.999680798110979
2026-05-25,2026-05-25 11:11:31,V015,78.0,0.9994083539391153
2026-05-25,2026-05-25 11:11:32,V015,78.0,0.9993469906084909
2026-05-25,2026-05-25 11:11:33,V015,77.0,1.0001365794482244
2026-05-25,2026-05-25 11:11:34,V015,77.0,0.9990926651297908
2026-05-25,2026-05-25 11:11:35,V015,76.0,0.9997014101421272
2026-05-25,2026-05-25 11:11:36,V015,75.0,0.9995884122928949
2026-05-25,2026-05-25 11:11:37,V015,74.0,0.9996836520108621
2026-05-25,2026-05-25 11:11:38,V015,73.0,0.9988230889495787
2026-05-25,2026-05-25 11:11:39,V015,72.0,0.9988782171571757
2026-05-25,2026-05-25 11:11:40,V015,72.0,0.998952149468226
2026-05-25,2026-05-25 11:11:41,V015,71.0,0.9970805566224845
2026-05-25,2026-05-25 11:11:42,V015,70.0,1.0004025700177783
2026-05-25,2026-05-25 11:11:43,V015,70.0,0.9992366070056707
2026-05-25,2026-05-25 11:11:44,V015,71.0,0.9988868857066532
2026-05-25,2026-05-25 11:11:45,V015,71.0,0.9995366135717397
2026-05-25,2026-05-25 11:11:46,V015,71.0,0.9996836380844839
2026-05-25,2026-05-25 11:11:47,V015,71.0,0.9992058623968346
2026-05-25,2026-05-25 11:11:48,V015,71.0,0.9993372957278318
2026-05-25,2026-05-25 11:11:49,V015,71.0,0.9975327610967204
2026-05-25,2026-05-25 11:11:50,V015,71.0,0.9994890434894256
2026-05-25,2026-05-25 11:11:51,V015,71.0,1.0005139021754677
2026-05-25,2026-05-25 11:11:52,V015,71.0,1.0004378920422898
2026-05-25,2026-05-25 11:11:53,V015,71.0,0.9997596612991969
2026-05-25,2026-05-25 11:11:54,V015,71.0,0.9986707027275513
2026-05-25,2026-05-25 11:11:55,V015,71.0,0.9997333829737781
2026-05-25,2026-05-25 11:11:56,V015,71.0,0.9984653634046413
2026-05-25,2026-05-25 11:11:57,V015,72.0,0.9996931546248499
2026-05-25,2026-05-25 11:11:58,V015,73.0,0.9988127118458854
2026-05-25,2026-05-25 11:11:59,V015,73.0,0.9986732481849049
2026-05-25,2026-05-25 11:12:00,V015,72.0,0.9998482329786783
2026-05-25,2026-05-25 11:12:01,V015,71.0,0.99957954878496
2026-05-25,2026-05-25 11:12:02,V015,71.0,0.9992550381791026
2026-05-25,2026-05-25 11:12:03,V015,71.0,0.9988826123610489
2026-05-25,2026-05-25 11:12:04,V015,72.0,0.9999675444277142
2026-05-25,2026-05-25 11:12:05,V015,73.0,0.9984705714505627
2026-05-25,2026-05-25 11:12:06,V015,74.0,0.998715605877383
2026-05-25,2026-05-25 11:12:07,V015,74.0,0.9996938766444385
2026-05-25,2026-05-25 11:12:08,V015,74.0,0.9994600782086236
2026-05-25,2026-05-25 11:12:09,V015,75.0,1.0000710781484798
2026-05-25,2026-05-25 11:12:10,V015,75.0,0.9996003982176168
2026-05-25,2026-05-25 11:12:11,V015,75.0,0.9991920492138834
2026-05-25,2026-05-25 11:12:12,V015,75.0,1.000703408784961
2026-05-25,2026-05-25 11:12:13,V015,75.0,0.9987984816656333
2026-05-25,2026-05-25 11:12:14,V015,75.0,0.999559819211924
2026-05-25,2026-05-25 11:12:15,V015,75.0,1.0001377475130284
2026-05-25,2026-05-25 11:12:16,V015,75.0,0.9992463885447278
2026-05-25,2026-05-25 11:12:17,V015,74.0,0.9941838904545196
2026-05-25,2026-05-25 11:12:18,V015,73.0,0.9993742162628416
2026-05-25,2026-05-25 11:12:19,V015,73.0,0.9998332963555465
2026-05-25,2026-05-25 11:12:20,V015,72.0,0.9993091865799869
2026-05-25,2026-05-25 11:12:21,V015,71.0,0.9988026166727452
2026-05-25,2026-05-25 11:12:22,V015,70.0,1.0005115636671034
2026-05-25,2026-05-25 11:12:23,V015,69.0,0.9999394268654376
2026-05-25,2026-05-25 11:12:24,V015,68.0,0.9982536819079779
2026-05-25,2026-05-25 11:12:25,V015,67.0,0.9998079296139148
2026-05-25,2026-05-25 11:12:26,V015,67.0,0.9989713598868419
2026-05-25,2026-05-25 11:12:27,V015,66.0,1.000014834670765
2026-05-25,2026-05-25 11:12:28,V015,66.0,0.9991410908322873
2026-05-25,2026-05-25 11:12:29,V015,66.0,0.9998138313858236
2026-05-25,2026-05-25 11:12:30,V015,65.0,0.9995937947684598
2026-05-25,2026-05-25 11:12:31,V015,65.0,0.9928337195924792
2026-05-25,2026-05-25 11:12:32,V015,65.0,1.0517026641879017
2026-05-25,2026-05-25 11:12:33,V015,64.0,1.0010725443905713
2026-05-25,2026-05-25 11:12:34,V015,63.0,0.9992769051422172
2026-05-25,2026-05-25 11:12:35,V015,63.0,1.0018713098424354
2026-05-25,2026-05-25 11:12:36,V015,62.0,1.0001184895306352
2026-05-25,2026-05-25 11:12:37,V015,61.0,1.0017707486175862
2026-05-25,2026-05-25 11:12:38,V015,61.0,1.00013959757587
2026-05-25,2026-05-25 11:12:39,V015,61.0,1.0011763024128046
2026-05-25,2026-05-25 11:12:40,V015,60.0,1.0026402001097585
2026-05-25,2026-05-25 11:12:41,V015,60.0,1.002086927873385
2026-05-25,2026-05-25 11:12:42,V015,60.0,1.0013929455830517
2026-05-25,2026-05-25 11:12:43,V015,60.0,1.0000693211784928
2026-05-25,2026-05-25 11:12:44,V015,60.0,0.9997681650853601
2026-05-25,2026-05-25 11:12:45,V015,60.0,1.0018915449427441
2026-05-25,2026-05-25 11:12:46,V015,61.0,1.0013144356845776
2026-05-25,2026-05-25 11:12:47,V015,61.0,0.9996640465829559
2026-05-25,2026-05-25 11:12:48,V015,61.0,0.999782853048144
2026-05-25,2026-05-25 11:12:49,V015,61.0,1.0032101154431388
2026-05-25,2026-05-25 11:12:50,V015,61.0,1.000607363404639
2026-05-25,2026-05-25 11:12:51,V015,61.0,0.999241659689523
2026-05-25,2026-05-25 11:12:52,V015,61.0,0.99970450077734
2026-05-25,2026-05-25 11:12:53,V015,61.0,0.9985274829980583
2026-05-25,2026-05-25 11:12:54,V015,61.0,0.9996574592050658
2026-05-25,2026-05-25 11:12:55,V015,61.0,0.9999191001352421
2026-05-25,2026-05-25 11:12:56,V015,61.0,1.000931058446111
2026-05-25,2026-05-25 11:12:57,V015,61.0,1.0003890222236698
2026-05-25,2026-05-25 11:12:58,V015,62.0,1.0003464648776088
2026-05-25,2026-05-25 11:12:59,V015,62.0,0.9993239809761921
2026-05-25,2026-05-25 11:13:00,V015,62.0,0.9995437532399036
2026-05-25,2026-05-25 11:13:01,V015,63.0,1.0017927433035212
2026-05-25,2026-05-25 11:13:02,V015,63.0,1.0023714007115612
2026-05-25,2026-05-25 11:13:03,V015,63.0,1.0017594981732436
2026-05-25,2026-05-25 11:13:04,V015,64.0,1.0002882806569104
2026-05-25,2026-05-25 11:13:05,V015,65.0,1.0024938245104247
2026-05-25,2026-05-25 11:13:06,V015,66.0,0.9989692110846432
2026-05-25,2026-05-25 11:13:07,V015,66.0,0.9969001171877518
2026-05-25,2026-05-25 11:13:08,V015,65.0,0.9994130890190533
2026-05-25,2026-05-25 11:13:09,V015,64.0,1.0006882809817945
2026-05-25,2026-05-25 11:13:10,V015,64.0,1.0008055288968822
2026-05-25,2026-05-25 11:13:11,V015,64.0,1.000548738834732
2026-05-25,2026-05-25 11:13:12,V015,63.0,1.0001855249187996
2026-05-25,2026-05-25 11:13:13,V015,63.0,1.0001570009606686
2026-05-25,2026-05-25 11:13:14,V015,64.0,1.0007600295642092
2026-05-25,2026-05-25 11:13:15,V015,64.0,1.001367187417324
2026-05-25,2026-05-25 11:13:16,V015,64.0,0.9999490417152247
2026-05-25,2026-05-25 11:13:17,V015,64.0,0.9992217745746118
2026-05-25,2026-05-25 11:13:18,V015,65.0,0.9995134957114169
2026-05-25,2026-05-25 11:13:19,V015,65.0,0.9987747494851331
2026-05-25,2026-05-25 11:13:20,V015,65.0,0.9996805804543233
2026-05-25,2026-05-25 11:13:21,V015,65.0,0.9989466696286564
2026-05-25,2026-05-25 11:13:22,V015,64.0,0.9996685410084023
2026-05-25,2026-05-25 11:13:23,V015,64.0,0.9994544681474312
2026-05-25,2026-05-25 11:13:24,V015,64.0,0.9966338956720089
2026-05-25,2026-05-25 11:13:25,V015,63.0,0.99844395155958
2026-05-25,2026-05-25 11:13:26,V015,63.0,0.9984024931596827
2026-05-25,2026-05-25 11:13:27,V015,62.0,0.9978378221899055
2026-05-25,2026-05-25 11:13:28,V015,63.0,1.0031190998855655
2026-05-25,2026-05-25 11:13:29,V015,63.0,0.9992566610605176
2026-05-25,2026-05-25 11:13:30,V015,64.0,1.0011745269463472
2026-05-25,2026-05-25 11:13:31,V015,64.0,0.9980579454760165
2026-05-25,2026-05-25 11:13:32,V015,64.0,1.000415494806322
2026-05-25,2026-05-25 11:13:33,V015,65.0,1.0007400345490638
2026-05-25,2026-05-25 11:13:34,V015,66.0,1.0005322017898528
2026-05-25,2026-05-25 11:13:35,V015,66.0,1.0008245817290402
2026-05-25,2026-05-25 11:13:36,V015,66.0,0.998367551163742
2026-05-25,2026-05-25 11:13:37,V015,66.0,0.9996653236592737
2026-05-25,2026-05-25 11:13:38,V015,66.0,0.9989729171632776
2026-05-25,2026-05-25 11:13:39,V015,66.0,1.0004104842468786
2026-05-25,2026-05-25 11:13:40,V015,66.0,0.9997556395379558
2026-05-25,2026-05-25 11:13:41,V015,66.0,1.0004995237318326
2026-05-25,2026-05-25 11:13:42,V015,66.0,0.9979954604856958
2026-05-25,2026-05-25 11:13:43,V015,67.0,1.0003726516189642
2026-05-25,2026-05-25 11:13:44,V015,67.0,0.9993005892841488
2026-05-25,2026-05-25 11:13:45,V015,68.0,1.0005960473614628
2026-05-25,2026-05-25 11:13:46,V015,69.0,0.9990513816254346
2026-05-25,2026-05-25 11:13:47,V015,69.0,0.9973185610637878
2026-05-25,2026-05-25 11:13:48,V015,70.0,0.9998872654863564
2026-05-25,2026-05-25 11:13:49,V015,71.0,1.000122189318771
2026-05-25,2026-05-25 11:13:50,V015,71.0,0.9990108372535744
2026-05-25,2026-05-25 11:13:51,V015,70.0,0.9995344710080325
2026-05-25,2026-05-25 11:13:52,V015,70.0,0.9995348778139876
2026-05-25,2026-05-25 11:13:53,V015,70.0,0.9989992965138788
2026-05-25,2026-05-25 11:13:54,V015,70.0,1.0015588901977608
2026-05-25,2026-05-25 11:13:55,V015,70.0,0.9989572607863848
2026-05-25,2026-05-25 11:13:56,V015,71.0,1.0004772446176964
2026-05-25,2026-05-25 11:13:57,V015,72.0,0.9997524312252745
2026-05-25,2026-05-25 11:13:58,V015,72.0,0.9999981217311429
2026-05-25,2026-05-25 11:13:59,V015,73.0,1.0009785433788316
2026-05-25,2026-05-25 11:14:00,V015,72.0,0.9989074053555578
2026-05-25,2026-05-25 11:14:01,V015,72.0,0.9998397780931646
2026-05-25,2026-05-25 11:14:02,V015,72.0,0.9956841911659617
2026-05-25,2026-05-25 11:14:03,V015,71.0,1.0009529291960393
2026-05-25,2026-05-25 11:14:04,V015,71.0,0.9904695403578625
2026-05-25,2026-05-25 11:14:05,V015,71.0,0.9959673343075363
2026-05-25,2026-05-25 11:14:06,V015,71.0,0.9982070938116547
2026-05-25,2026-05-25 11:14:07,V015,71.0,0.9978434358225876
2026-05-25,2026-05-25 11:14:08,V015,71.0,0.9985263995192989
2026-05-25,2026-05-25 11:14:09,V015,71.0,0.9996649781314809
2026-05-25,2026-05-25 11:14:10,V015,70.0,0.9987375698197015
2026-05-25,2026-05-25 11:14:11,V015,69.0,0.9988807806743241
2026-05-25,2026-05-25 11:14:12,V015,68.0,0.9991457671033824
2026-05-25,2026-05-25 11:14:13,V015,69.0,1.0004640534488207
2026-05-25,2026-05-25 11:14:14,V015,69.0,0.9999692672356575
2026-05-25,2026-05-25 11:14:15,V015,69.0,0.9989245260810965
2026-05-25,2026-05-25 11:14:16,V015,69.0,0.999901856787072
2026-05-25,2026-05-25 11:14:17,V015,69.0,0.9999106769410935
2026-05-25,2026-05-25 11:14:18,V015,69.0,1.000397360613354
2026-05-25,2026-05-25 11:14:19,V015,70.0,1.0003470361017923
2026-05-25,2026-05-25 11:14:20,V015,70.0,0.9996664962827528
2026-05-25,2026-05-25 11:14:21,V015,71.0,1.0004356463785637
2026-05-25,2026-05-25 11:14:22,V015,72.0,0.999075658953864
2026-05-25,2026-05-25 11:14:23,V015,71.0,1.00169586714724
2026-05-25,2026-05-25 11:14:24,V015,71.0,1.0022656605097868
2026-05-25,2026-05-25 11:14:25,V015,71.0,0.9992236266711345
2026-05-25,2026-05-25 11:14:26,V015,70.0,0.9901906976673027
2026-05-25,2026-05-25 11:14:27,V015,70.0,1.0008255785066413
2026-05-25,2026-05-25 11:14:28,V015,71.0,0.999941459481342
2026-05-25,2026-05-25 11:14:29,V015,71.0,1.0008164698853967
2026-05-25,2026-05-25 11:14:30,V015,71.0,0.9984041359894286
2026-05-25,2026-05-25 11:14:31,V015,71.0,0.9982992415698627
2026-05-25,2026-05-25 11:14:32,V015,71.0,1.002657947330705
2026-05-25,2026-05-25 11:14:33,V015,72.0,0.9900902067005335
2026-05-25,2026-05-25 11:14:34,V015,73.0,1.000994325432186
2026-05-25,2026-05-25 11:14:35,V015,74.0,0.9997445003304167
2026-05-25,2026-05-25 11:14:36,V015,75.0,1.0057416228973817
2026-05-25,2026-05-25 11:14:37,V015,75.0,0.9999679619989589
2026-05-25,2026-05-25 11:14:38,V015,74.0,1.0105314020916534
2026-05-25,2026-05-25 11:14:39,V015,75.0,0.999532922445577
2026-05-25,2026-05-25 11:14:40,V015,75.0,1.0053397301850715
2026-05-25,2026-05-25 11:14:41,V015,75.0,0.9966997520926827
2026-05-25,2026-05-25 11:14:42,V015,75.0,0.9984190122028735
2026-05-25,2026-05-25 11:14:43,V015,74.0,1.0000224884995799
2026-05-25,2026-05-25 11:14:44,V015,74.0,1.0003058450220903
2026-05-25,2026-05-25 11:14:45,V015,75.0,1.001385605011652
2026-05-25,2026-05-25 11:14:46,V015,75.0,0.9996213886316476
2026-05-25,2026-05-25 11:14:47,V015,75.0,0.9993348183017116
2026-05-25,2026-05-25 11:14:48,V015,75.0,0.9976865510637772
2026-05-25,2026-05-25 11:14:49,V015,75.0,0.9976442308331152
2026-05-25,2026-05-25 11:14:50,V015,75.0,1.000176031058507
2026-05-25,2026-05-25 11:14:51,V015,74.0,0.998898614475269
2026-05-25,2026-05-25 11:14:52,V015,73.0,0.9992274886594853
2026-05-25,2026-05-25 11:14:53,V015,73.0,0.9995328874555315
2026-05-25,2026-05-25 11:14:54,V015,73.0,0.9994093657828848
2026-05-25,2026-05-25 11:14:55,V015,73.0,0.999466451730197
2026-05-25,2026-05-25 11:14:56,V015,72.0,1.0000434243466199
2026-05-25,2026-05-25 11:14:57,V015,73.0,0.9993632933581553
2026-05-25,2026-05-25 11:14:58,V015,73.0,1.000984363081757
2026-05-25,2026-05-25 11:14:59,V015,73.0,0.9996994973801461
2026-05-25,2026-05-25 11:15:00,V015,72.0,0.9997658323891097
2026-05-25,2026-05-25 11:15:01,V015,72.0,0.9988050257438417
2026-05-25,2026-05-25 11:15:02,V015,72.0,0.9995216632809516
2026-05-25,2026-05-25 11:15:03,V015,72.0,1.0013703135694492
2026-05-25,2026-05-25 11:15:04,V015,71.0,1.008549138450708
2026-05-25,2026-05-25 11:15:05,V015,71.0,0.9917861256841638
2026-05-25,2026-05-25 11:15:06,V015,71.0,0.9990552043815282
2026-05-25,2026-05-25 11:15:07,V015,71.0,0.9979116471515129
2026-05-25,2026-05-25 11:15:08,V015,70.0,1.0002079322219222
2026-05-25,2026-05-25 11:15:09,V015,70.0,0.9986548897015234
2026-05-25,2026-05-25 11:15:10,V015,69.0,1.0004609744008865
2026-05-25,2026-05-25 11:15:11,V015,68.0,1.0000264086515855
2026-05-25,2026-05-25 11:15:12,V015,68.0,0.999991958437229
2026-05-25,2026-05-25 11:15:13,V015,67.0,1.0001905646527347
2026-05-25,2026-05-25 11:15:14,V015,66.0,1.000408883040904
2026-05-25,2026-05-25 11:15:15,V015,66.0,0.9950512404496717
2026-05-25,2026-05-25 11:15:16,V015,66.0,0.996332967159174
2026-05-25,2026-05-25 11:15:17,V015,66.0,0.9994381281046786
2026-05-25,2026-05-25 11:15:18,V015,66.0,0.9794085892654629
2026-05-25,2026-05-25 11:15:19,V015,65.0,1.0111870771967162
2026-05-25,2026-05-25 11:15:20,V015,65.0,1.2614594761339406
2026-05-25,2026-05-25 11:15:21,V015,65.0,1.0584664475835086
2026-05-25,2026-05-25 11:15:22,V015,64.0,1.043853370254535
2026-05-25,2026-05-25 11:15:23,V015,64.0,1.0736813506425553
2026-05-25,2026-05-25 11:15:24,V015,64.0,1.0249174897224822
2026-05-25,2026-05-25 11:15:25,V015,64.0,1.0225811241444367
2026-05-25,2026-05-25 11:15:26,V015,65.0,1.0319700168137462
2026-05-25,2026-05-25 11:15:27,V015,65.0,1.0430738361661647
2026-05-25,2026-05-25 11:15:28,V015,66.0,1.0369583299426752
2026-05-25,2026-05-25 11:15:29,V015,66.0,1.0148388995037996
2026-05-25,2026-05-25 11:15:30,V015,66.0,1.0084450890237802
2026-05-25,2026-05-25 11:15:31,V015,66.0,1.0549162661868106
2026-05-25,2026-05-25 11:15:32,V015,67.0,1.1876232816370418
2026-05-25,2026-05-25 11:15:33,V015,68.0,1.0682589866116177
2026-05-25,2026-05-25 11:15:34,V015,68.0,1.037853196494106
2026-05-25,2026-05-25 11:15:35,V015,68.0,1.0657119495744374
2026-05-25,2026-05-25 11:15:36,V015,69.0,1.0200270798030684
2026-05-25,2026-05-25 11:15:37,V015,70.0,1.0540253385622365
2026-05-25,2026-05-25 11:15:38,V015,71.0,1.0237475494190322
2026-05-25,2026-05-25 11:15:39,V015,72.0,1.0721957497065464
2026-05-25,2026-05-25 11:15:40,V015,73.0,1.0509063448385303
2026-05-25,2026-05-25 11:15:41,V015,73.0,1.1909710242764247
2026-05-25,2026-05-25 11:15:42,V015,74.0,1.0769219990455403
2026-05-25,2026-05-25 11:15:43,V015,76.0,1.0476911519111676
2026-05-25,2026-05-25 11:15:44,V015,77.0,1.0792996217078212
2026-05-25,2026-05-25 11:15:45,V015,77.0,1.0118937845300977
2026-05-25,2026-05-25 11:15:46,V015,79.0,1.0302988543734641
2026-05-25,2026-05-25 11:15:47,V015,82.0,1.0900962128212721
2026-05-25,2026-05-25 11:15:48,V015,83.0,1.1318520094830682
2026-05-25,2026-05-25 11:15:49,V015,83.0,1.0184509162264983
2026-05-25,2026-05-25 11:15:50,V015,84.0,1.0638860555055776
2026-05-25,2026-05-25 11:15:51,V015,86.0,1.0412183318515178
2026-05-25,2026-05-25 11:15:52,V015,86.0,0.997648175801629
2026-05-25,2026-05-25 11:15:53,V015,86.0,1.048130465279179
2026-05-25,2026-05-25 11:15:54,V015,86.0,1.0751821114226534
2026-05-25,2026-05-25 11:15:55,V015,87.0,1.1319397090759742
2026-05-25,2026-05-25 11:15:56,V015,87.0,1.0702473982723826
2026-05-25,2026-05-25 11:15:57,V015,87.0,1.041481030924734
2026-05-25,2026-05-25 11:15:58,V015,87.0,1.0550328787648646
2026-05-25,2026-05-25 11:15:59,V015,88.0,1.1107539170250047
2026-05-25,2026-05-25 11:16:00,V015,88.0,0.9973570578220466
2026-05-25,2026-05-25 11:16:01,V015,88.0,1.0652170712266738
2026-05-25,2026-05-25 11:16:02,V015,88.0,1.1494447455070702
2026-05-25,2026-05-25 11:16:03,V015,89.0,1.199647198632299
2026-05-25,2026-05-25 11:16:04,V015,89.0,0.9881222189677509
2026-05-25,2026-05-25 11:16:05,V015,89.0,1.0110370299738216
2026-05-25,2026-05-25 11:16:06,V015,90.0,1.0437933031761666
2026-05-25,2026-05-25 11:16:07,V015,90.0,1.0124262584380757
2026-05-25,2026-05-25 11:16:08,V015,90.0,1.0109376904925407
2026-05-25,2026-05-25 11:16:09,V015,90.0,0.9943497723598999
2026-05-25,2026-05-25 11:16:10,V015,91.0,1.0233614170378362
2026-05-25,2026-05-25 11:16:11,V015,91.0,0.9654157003327111
2026-05-25,2026-05-25 11:16:12,V015,91.0,1.0167654276005071
2026-05-25,2026-05-25 11:16:13,V015,91.0,1.02703576042022
2026-05-25,2026-05-25 11:16:14,V015,92.0,1.0297547815412762
2026-05-25,2026-05-25 11:16:15,V015,92.0,1.0059742938991525
2026-05-25,2026-05-25 11:16:16,V015,93.0,1.0169074701483127
2026-05-25,2026-05-25 11:16:17,V015,93.0,0.9956771539875597
2026-05-25,2026-05-25 11:16:18,V015,93.0,0.9995685765968645
2026-05-25,2026-05-25 11:16:19,V015,94.0,1.0050382214841918
2026-05-25,2026-05-25 11:16:20,V015,95.0,1.000179796062367
2026-05-25,2026-05-25 11:16:21,V015,95.0,1.0558997347525534
2026-05-25,2026-05-25 11:16:22,V015,95.0,1.0178640191240447
2026-05-25,2026-05-25 11:16:23,V015,96.0,1.0387902431975395
2026-05-25,2026-05-25 11:16:24,V015,96.0,0.9988753167177303
2026-05-25,2026-05-25 11:16:25,V015,96.0,1.0203781628498045
2026-05-25,2026-05-25 11:16:26,V015,96.0,1.0112262753731622
2026-05-25,2026-05-25 11:16:27,V015,95.0,1.0146618853048521
2026-05-25,2026-05-25 11:16:28,V015,95.0,1.0265319983829992
2026-05-25,2026-05-25 11:16:29,V015,95.0,0.9923619014598525
2026-05-25,2026-05-25 11:16:30,V015,95.0,1.0164645603364375
2026-05-25,2026-05-25 11:16:31,V015,95.0,0.9934224969355941
2026-05-25,2026-05-25 11:16:32,V015,95.0,1.0211615390471316
2026-05-25,2026-05-25 11:16:33,V015,95.0,1.0363627535312352
2026-05-25,2026-05-25 11:16:34,V015,95.0,1.0026739280894692
2026-05-25,2026-05-25 11:16:35,V015,95.0,0.9980135656415124
2026-05-25,2026-05-25 11:16:36,V015,95.0,1.005574677698461
2026-05-25,2026-05-25 11:16:37,V015,95.0,1.020110412017996
2026-05-25,2026-05-25 11:16:38,V015,96.0,1.1452327491611012
2026-05-25,2026-05-25 11:16:39,V015,96.0,1.0742974400785918
2026-05-25,2026-05-25 11:16:40,V015,96.0,1.18896886629599
2026-05-25,2026-05-25 11:16:41,V015,96.0,1.0451868225800758
2026-05-25,2026-05-25 11:16:42,V015,97.0,0.9991825377089167
2026-05-25,2026-05-25 11:16:43,V015,98.0,0.9995588924491482
2026-05-25,2026-05-25 11:16:44,V015,99.0,0.9995426260588616
2026-05-25,2026-05-25 11:16:45,V015,99.0,0.999330778753011
2026-05-25,2026-05-25 11:16:46,V015,100.0,0.9995737253483677
2026-05-25,2026-05-25 11:16:47,V015,100.0,0.9985087483927773
2026-05-25,2026-05-25 11:16:48,V015,100.0,0.9995311047599736
2026-05-25,2026-05-25 11:16:49,V015,100.0,1.0000508854055061
2026-05-25,2026-05-25 11:16:50,V015,100.0,1.2571162822603827
2026-05-25,2026-05-25 11:16:51,V015,100.0,1.0170159033161008
2026-05-25,2026-05-25 11:16:52,V015,100.0,1.2054299093637562
2026-05-25,2026-05-25 11:16:53,V015,100.0,1.0698871999097546
2026-05-25,2026-05-25 11:16:54,V015,100.0,1.0613829717910346
2026-05-25,2026-05-25 11:16:55,V015,100.0,1.106636321114539
2026-05-25,2026-05-25 11:16:56,V015,100.0,1.0657029637988038
2026-05-25,2026-05-25 11:16:57,V015,100.0,1.2077842945036634
2026-05-25,2026-05-25 11:16:58,V015,100.0,1.0599066459792226
2026-05-25,2026-05-25 11:16:59,V015,101.0,1.0207818269688973
2026-05-25,2026-05-25 11:17:00,V015,101.0,1.3274772025733481
2026-05-25,2026-05-25 11:17:01,V015,101.0,1.5209304860738744
2026-05-25,2026-05-25 11:17:02,V015,100.0,1.4827108901409989
2026-05-25,2026-05-25 11:17:03,V015,100.0,1.5808008547727155
2026-05-25,2026-05-25 11:17:04,V015,99.0,1.2703343851574698
2026-05-25,2026-05-25 11:17:05,V015,99.0,1.3894344658887303
2026-05-25,2026-05-25 11:17:06,V015,99.0,1.1122643639923153
2026-05-25,2026-05-25 11:17:07,V015,100.0,1.3384242563129403
2026-05-25,2026-05-25 11:17:08,V015,99.0,1.0786314770430452
2026-05-25,2026-05-25 11:17:09,V015,99.0,1.0740692282307194
2026-05-25,2026-05-25 11:17:10,V015,98.0,1.0541698100253714
2026-05-25,2026-05-25 11:17:11,V015,98.0,0.996958405521935
2026-05-25,2026-05-25 11:17:12,V015,98.0,1.1320397587717597
2026-05-25,2026-05-25 11:17:13,V015,97.0,1.028753920678666
2026-05-25,2026-05-25 11:17:14,V015,97.0,1.0804477672577788
2026-05-25,2026-05-25 11:17:15,V015,97.0,1.005246367835983
2026-05-25,2026-05-25 11:17:16,V015,97.0,1.1337607793099418
2026-05-25,2026-05-25 11:17:17,V015,97.0,0.9980437797621211
2026-05-25,2026-05-25 11:17:18,V015,97.0,1.0811413292372227
2026-05-25,2026-05-25 11:17:19,V015,97.0,1.0069189103647365
2026-05-25,2026-05-25 11:17:20,V015,97.0,1.028016533467042
2026-05-25,2026-05-25 11:17:21,V015,97.0,1.036735390998264
2026-05-25,2026-05-25 11:17:22,V015,98.0,1.0012690258154298
2026-05-25,2026-05-25 11:17:23,V015,98.0,1.0426183561337568
2026-05-25,2026-05-25 11:17:24,V015,99.0,1.0158452195278813
2026-05-25,2026-05-25 11:17:25,V015,100.0,1.0048791821773297
2026-05-25,2026-05-25 11:17:26,V015,101.0,1.0670349387031244
2026-05-25,2026-05-25 11:17:27,V015,102.0,1.0458971417241765
2026-05-25,2026-05-25 11:17:28,V015,103.0,1.0052990872834195
2026-05-25,2026-05-25 11:17:29,V015,104.0,1.0168501925138513
2026-05-25,2026-05-25 11:17:30,V015,104.0,1.0198029239362516
2026-05-25,2026-05-25 11:17:31,V015,104.0,1.01324315705225
2026-05-25,2026-05-25 11:17:32,V015,104.0,1.0159059213190869
2026-05-25,2026-05-25 11:17:33,V015,105.0,1.0447137898578036
2026-05-25,2026-05-25 11:17:34,V015,105.0,1.026735321319344
2026-05-25,2026-05-25 11:17:35,V015,106.0,1.0215771908624782
2026-05-25,2026-05-25 11:17:36,V015,106.0,1.0535196222788565
2026-05-25,2026-05-25 11:17:37,V015,107.0,1.0300776025829887
2026-05-25,2026-05-25 11:17:38,V015,107.0,1.029426626145668
2026-05-25,2026-05-25 11:17:39,V015,107.0,1.0216763159344515
2026-05-25,2026-05-25 11:17:40,V015,108.0,1.026509448659711
2026-05-25,2026-05-25 11:17:41,V015,108.0,1.0299479994712004
2026-05-25,2026-05-25 11:17:42,V015,108.0,1.018646830784536
2026-05-25,2026-05-25 11:17:43,V015,107.0,1.0378999641059874
2026-05-25,2026-05-25 11:17:44,V015,106.0,1.058808888352575
2026-05-25,2026-05-25 11:17:45,V015,106.0,1.050415739218174
2026-05-25,2026-05-25 11:17:46,V015,105.0,1.0542713853221979
2026-05-25,2026-05-25 11:17:47,V015,104.0,1.033464697838217
2026-05-25,2026-05-25 11:17:48,V015,104.0,1.0272402995418097
2026-05-25,2026-05-25 11:17:49,V015,101.0,1.0487770585244964
2026-05-25,2026-05-25 11:17:50,V015,99.0,1.0235345455504774
2026-05-25,2026-05-25 11:17:51,V015,99.0,0.9907280040139308
2026-05-25,2026-05-25 11:17:52,V015,98.0,1.0496317853721828
2026-05-25,2026-05-25 11:17:53,V015,97.0,1.0127250997267463
2026-05-25,2026-05-25 11:17:54,V015,97.0,1.0065933446947433
2026-05-25,2026-05-25 11:17:55,V015,96.0,1.0069916222288093
2026-05-25,2026-05-25 11:17:56,V015,95.0,1.0066099210282848
2026-05-25,2026-05-25 11:17:57,V015,94.0,1.0094280813535776
2026-05-25,2026-05-25 11:17:58,V015,93.0,0.9931042702621372
2026-05-25,2026-05-25 11:17:59,V015,91.0,1.0031898915783437
2026-05-25,2026-05-25 11:18:00,V015,90.0,0.9989915970017316
2026-05-25,2026-05-25 11:18:01,V015,89.0,0.9992779601855818
2026-05-25,2026-05-25 11:18:02,V015,89.0,1.0078953188894324
2026-05-25,2026-05-25 11:18:03,V015,89.0,1.0032208782254424
2026-05-25,2026-05-25 11:18:04,V015,89.0,1.0025084899053247
2026-05-25,2026-05-25 11:18:05,V015,88.0,1.002564191488082
2026-05-25,2026-05-25 11:18:06,V015,88.0,1.002892518287899
2026-05-25,2026-05-25 11:18:07,V015,88.0,1.0024792882064437
2026-05-25,2026-05-25 11:18:08,V015,87.0,1.0024339838172178
2026-05-25,2026-05-25 11:18:09,V015,87.0,1.0027547684817029
2026-05-25,2026-05-25 11:18:10,V015,86.0,1.0029904753612968
2026-05-25,2026-05-25 11:18:11,V015,86.0,1.005097456103142
2026-05-25,2026-05-25 11:18:12,V015,85.0,1.0036109957514499
2026-05-25,2026-05-25 11:18:13,V015,84.0,1.0057093053291424
2026-05-25,2026-05-25 11:18:14,V015,82.0,1.006640234510964
2026-05-25,2026-05-25 11:18:15,V015,81.0,1.005722296178487
2026-05-25,2026-05-25 11:18:16,V015,79.0,1.005917096063619
2026-05-25,2026-05-25 11:18:17,V015,78.0,1.0052800811973088
2026-05-25,2026-05-25 11:18:18,V015,76.0,1.0061385366114126
2026-05-25,2026-05-25 11:18:19,V015,74.0,1.0058794423701911
2026-05-25,2026-05-25 11:18:20,V015,73.0,1.0057378886515655
2026-05-25,2026-05-25 11:18:21,V015,72.0,1.0060678268535603
2026-05-25,2026-05-25 11:18:22,V015,72.0,1.0066841666722683
2026-05-25,2026-05-25 11:18:23,V015,72.0,1.0104885115028963
2026-05-25,2026-05-25 11:18:24,V015,72.0,1.0081464166609126
2026-05-25,2026-05-25 11:18:25,V015,72.0,0.9945802705046382
2026-05-25,2026-05-25 11:18:26,V015,73.0,1.0106445142450755
2026-05-25,2026-05-25 11:18:27,V015,73.0,0.9986414957344745
2026-05-25,2026-05-25 11:18:28,V015,73.0,1.0055649412484118
2026-05-25,2026-05-25 11:18:29,V015,73.0,0.9984387827775184
2026-05-25,2026-05-25 11:18:30,V015,73.0,0.9998931011132928
2026-05-25,2026-05-25 11:18:31,V015,73.0,1.0307159832785961
2026-05-25,2026-05-25 11:18:32,V015,73.0,1.0047070716707787
2026-05-25,2026-05-25 11:18:33,V015,72.0,1.0067819988367943
2026-05-25,2026-05-25 11:18:34,V015,72.0,1.004361489942206
2026-05-25,2026-05-25 11:18:35,V015,71.0,1.0042449936072426
2026-05-25,2026-05-25 11:18:36,V015,71.0,1.0042208121354368
2026-05-25,2026-05-25 11:18:37,V015,70.0,1.0040178103587023
2026-05-25,2026-05-25 11:18:38,V015,70.0,1.0043826344590692
2026-05-25,2026-05-25 11:18:39,V015,70.0,1.0046556253924972
2026-05-25,2026-05-25 11:18:40,V015,71.0,1.0048171306396247
2026-05-25,2026-05-25 11:18:41,V015,71.0,1.0047150325695582
2026-05-25,2026-05-25 11:18:42,V015,71.0,1.0041186533775506
2026-05-25,2026-05-25 11:18:43,V015,71.0,1.0040427362294335
2026-05-25,2026-05-25 11:18:44,V015,72.0,1.0043230995379975
2026-05-25,2026-05-25 11:18:45,V015,72.0,1.0044958526893033
2026-05-25,2026-05-25 11:18:46,V015,73.0,1.0043856460221965
2026-05-25,2026-05-25 11:18:47,V015,73.0,1.0044047960084905
2026-05-25,2026-05-25 11:18:48,V015,74.0,1.004175481920615
2026-05-25,2026-05-25 11:18:49,V015,74.0,1.0042632178632216
2026-05-25,2026-05-25 11:18:50,V015,73.0,1.00441773910868
2026-05-25,2026-05-25 11:18:51,V015,73.0,1.0045084982409727
2026-05-25,2026-05-25 11:18:52,V015,73.0,1.0045534184526443
2026-05-25,2026-05-25 11:18:53,V015,72.0,1.0041639744842037
2026-05-25,2026-05-25 11:18:54,V015,71.0,1.0034340642166064
2026-05-25,2026-05-25 11:18:55,V015,71.0,1.0061771289865638
2026-05-25,2026-05-25 11:18:56,V015,71.0,1.0043272084324142
2026-05-25,2026-05-25 11:18:57,V015,69.0,1.0063547137107087
2026-05-25,2026-05-25 11:18:58,V015,69.0,1.0039681982464501
2026-05-25,2026-05-25 11:18:59,V015,69.0,1.0026587371165496
2026-05-25,2026-05-25 11:19:00,V015,69.0,1.0052934012448649
2026-05-25,2026-05-25 11:19:01,V015,69.0,1.0030584680733503
2026-05-25,2026-05-25 11:19:02,V015,69.0,1.0036400990914054
2026-05-25,2026-05-25 11:19:03,V015,69.0,1.0040254811212852
2026-05-25,2026-05-25 11:19:04,V015,70.0,1.0046013167327106
2026-05-25,2026-05-25 11:19:05,V015,72.0,1.004733720548565
2026-05-25,2026-05-25 11:19:06,V015,73.0,1.0044709075335645
2026-05-25,2026-05-25 11:19:07,V015,73.0,1.0041242222433708
2026-05-25,2026-05-25 11:19:08,V015,73.0,1.004632820296893
2026-05-25,2026-05-25 11:19:09,V015,75.0,1.004624728810872
2026-05-25,2026-05-25 11:19:10,V015,75.0,1.002644312077087
2026-05-25,2026-05-25 11:19:11,V015,75.0,1.003686005417039
2026-05-25,2026-05-25 11:19:12,V015,75.0,1.0049810702917714
2026-05-25,2026-05-25 11:19:13,V015,75.0,1.0062664292041423
2026-05-25,2026-05-25 11:19:14,V015,75.0,1.0080289099297566
2026-05-25,2026-05-25 11:19:15,V015,75.0,1.002266507788077
2026-05-25,2026-05-25 11:19:16,V015,75.0,1.0054829236757887
2026-05-25,2026-05-25 11:19:17,V015,75.0,1.004197294536661
2026-05-25,2026-05-25 11:19:18,V015,74.0,1.0041574755060458
2026-05-25,2026-05-25 11:19:19,V015,74.0,1.0037843211840494
2026-05-25,2026-05-25 11:19:20,V015,73.0,1.0036119016306186
2026-05-25,2026-05-25 11:19:21,V015,73.0,1.0009798134126968
2026-05-25,2026-05-25 11:19:22,V015,73.0,1.0035437733961996
2026-05-25,2026-05-25 11:19:23,V015,72.0,1.0027158962221576
2026-05-25,2026-05-25 11:19:24,V015,72.0,1.0026082288046805
2026-05-25,2026-05-25 11:19:25,V015,72.0,1.0022185527735938
2026-05-25,2026-05-25 11:19:26,V015,72.0,1.0002602861159167
2026-05-25,2026-05-25 11:19:27,V015,72.0,1.0082229288631515
2026-05-25,2026-05-25 11:19:28,V015,72.0,1.0056694158645783
2026-05-25,2026-05-25 11:19:29,V015,71.0,1.0067506005398763
2026-05-25,2026-05-25 11:19:30,V015,71.0,1.00845448234664
2026-05-25,2026-05-25 11:19:31,V015,71.0,1.0065193777069135
2026-05-25,2026-05-25 11:19:32,V015,71.0,1.0139218784159725
2026-05-25,2026-05-25 11:19:33,V015,71.0,1.0133382776243323
2026-05-25,2026-05-25 11:19:34,V015,70.0,1.023189269279475
2026-05-25,2026-05-25 11:19:35,V015,70.0,1.0265732739460764
2026-05-25,2026-05-25 11:19:36,V015,70.0,1.010544040271279
2026-05-25,2026-05-25 11:19:37,V015,69.0,0.997411326638067
2026-05-25,2026-05-25 11:19:38,V015,69.0,1.0267524121416352
2026-05-25,2026-05-25 11:19:39,V015,69.0,1.0095685402373962
2026-05-25,2026-05-25 11:19:40,V015,69.0,1.0131181220027687
2026-05-25,2026-05-25 11:19:41,V015,71.0,1.008449588966123
2026-05-25,2026-05-25 11:19:42,V015,72.0,1.0092227548313073
2026-05-25,2026-05-25 11:19:43,V015,72.0,1.007568907064963
2026-05-25,2026-05-25 11:19:44,V015,73.0,1.0081431003919965
2026-05-25,2026-05-25 11:19:45,V015,75.0,1.0077282705982464
2026-05-25,2026-05-25 11:19:46,V015,75.0,1.0075751935571822
2026-05-25,2026-05-25 11:19:47,V015,75.0,1.0079100398718905
2026-05-25,2026-05-25 11:19:48,V015,76.0,1.0078723154208145
2026-05-25,2026-05-25 11:19:49,V015,76.0,1.0074424476891322
2026-05-25,2026-05-25 11:19:50,V015,77.0,1.0076875611800415
2026-05-25,2026-05-25 11:19:51,V015,78.0,1.0079046094437765
2026-05-25,2026-05-25 11:19:52,V015,79.0,1.0079094501915966
2026-05-25,2026-05-25 11:19:53,V015,80.0,1.0077111280585895
2026-05-25,2026-05-25 11:19:54,V015,80.0,1.0077551723461957
2026-05-25,2026-05-25 11:19:55,V015,81.0,1.0076917704058361
2026-05-25,2026-05-25 11:19:56,V015,81.0,1.007835078767218
2026-05-25,2026-05-25 11:19:57,V015,80.0,1.0073281619503731
2026-05-25,2026-05-25 11:19:58,V015,80.0,1.0079155097516617
2026-05-25,2026-05-25 11:19:59,V015,80.0,1.007744384740745
2026-05-25,2026-05-25 11:20:00,V015,79.0,1.0075732538891886
2026-05-25,2026-05-25 11:20:01,V015,78.0,1.00756673410449
2026-05-25,2026-05-25 11:20:02,V015,77.0,1.007745001744931
2026-05-25,2026-05-25 11:20:03,V015,77.0,1.006568156434579
2026-05-25,2026-05-25 11:20:04,V015,77.0,1.0072847235397002
2026-05-25,2026-05-25 11:20:05,V015,76.0,1.0077835078361483
2026-05-25,2026-05-25 11:20:06,V015,75.0,1.0053693569643054
2026-05-25,2026-05-25 11:20:07,V015,75.0,1.008191967213576
2026-05-25,2026-05-25 11:20:08,V015,74.0,1.008614739718021
2026-05-25,2026-05-25 11:20:09,V015,73.0,1.0043372086656466
2026-05-25,2026-05-25 11:20:10,V015,73.0,1.0056804497904608
2026-05-25,2026-05-25 11:20:11,V015,73.0,1.0083628892056813
2026-05-25,2026-05-25 11:20:12,V015,73.0,1.0093171070775142
2026-05-25,2026-05-25 11:20:13,V015,73.0,1.0304879391276551
2026-05-25,2026-05-25 11:20:14,V015,73.0,1.0202173133437533
2026-05-25,2026-05-25 11:20:15,V015,73.0,1.0078653612234618
2026-05-25,2026-05-25 11:20:16,V015,74.0,1.0130867806990949
2026-05-25,2026-05-25 11:20:17,V015,77.0,1.0094341834094844
2026-05-25,2026-05-25 11:20:18,V015,78.0,1.0094634865224066
2026-05-25,2026-05-25 11:20:19,V015,79.0,1.009067698240114
2026-05-25,2026-05-25 11:20:20,V015,81.0,1.007357033328744
2026-05-25,2026-05-25 11:20:21,V015,81.0,1.0085605373865851
2026-05-25,2026-05-25 11:20:22,V015,82.0,1.0084486771488148
2026-05-25,2026-05-25 11:20:23,V015,83.0,1.0083622452217542
2026-05-25,2026-05-25 11:20:24,V015,84.0,1.0081408295346197
2026-05-25,2026-05-25 11:20:25,V015,85.0,1.0079795363804964
2026-05-25,2026-05-25 11:20:26,V015,87.0,1.0078477383093543
2026-05-25,2026-05-25 11:20:27,V015,88.0,1.007839511799069
2026-05-25,2026-05-25 11:20:28,V015,89.0,1.0084021037970479
2026-05-25,2026-05-25 11:20:29,V015,90.0,1.0080457902091018
2026-05-25,2026-05-25 11:20:30,V015,90.0,1.0081774486270314
2026-05-25,2026-05-25 11:20:31,V015,89.0,1.0077420524570504
2026-05-25,2026-05-25 11:20:32,V015,89.0,1.008338069103062
2026-05-25,2026-05-25 11:20:33,V015,88.0,1.0083046531772157
2026-05-25,2026-05-25 11:20:34,V015,87.0,1.0082538020334852
2026-05-25,2026-05-25 11:20:35,V015,87.0,1.0079754611092089
2026-05-25,2026-05-25 11:20:36,V015,87.0,1.0081106928304424
2026-05-25,2026-05-25 11:20:37,V015,86.0,1.0081370992832148
2026-05-25,2026-05-25 11:20:38,V015,85.0,1.008170673462101
2026-05-25,2026-05-25 11:20:39,V015,84.0,1.00784978323204
2026-05-25,2026-05-25 11:20:40,V015,83.0,1.0087103951415197
2026-05-25,2026-05-25 11:20:41,V015,82.0,1.008080236820463
2026-05-25,2026-05-25 11:20:42,V015,81.0,1.00968912745187
2026-05-25,2026-05-25 11:20:43,V015,80.0,1.0086232654127543
2026-05-25,2026-05-25 11:20:44,V015,80.0,1.008485683571755
2026-05-25,2026-05-25 11:20:45,V015,79.0,1.008344235399679
2026-05-25,2026-05-25 11:20:46,V015,78.0,1.0085726383776767
2026-05-25,2026-05-25 11:20:47,V015,78.0,1.0082069928100497
2026-05-25,2026-05-25 11:20:48,V015,78.0,1.0087836185032941
2026-05-25,2026-05-25 11:20:49,V015,77.0,1.0083239214128092
2026-05-25,2026-05-25 11:20:50,V015,77.0,1.0084871129979358
2026-05-25,2026-05-25 11:20:51,V015,77.0,1.0078781905206353
2026-05-25,2026-05-25 11:20:52,V015,77.0,1.0083719436623837
2026-05-25,2026-05-25 11:20:53,V015,77.0,1.0081727757617307
2026-05-25,2026-05-25 11:20:54,V015,77.0,1.0082051893309767
2026-05-25,2026-05-25 11:20:55,V015,78.0,1.0087715432707922
2026-05-25,2026-05-25 11:20:56,V015,79.0,1.0083778894318476
2026-05-25,2026-05-25 11:20:57,V015,80.0,1.0082231175354073
2026-05-25,2026-05-25 11:20:58,V015,81.0,1.0084255099692527
2026-05-25,2026-05-25 11:20:59,V015,81.0,1.0086666747369388
2026-05-25,2026-05-25 11:21:00,V015,81.0,1.0083545491878876
2026-05-25,2026-05-25 11:21:01,V015,80.0,1.0086655463068
2026-05-25,2026-05-25 11:21:02,V015,79.0,1.0076266351950993
2026-05-25,2026-05-25 11:21:03,V015,79.0,1.0068289377102528
2026-05-25,2026-05-25 11:21:04,V015,78.0,1.0139768495851933
2026-05-25,2026-05-25 11:21:05,V015,78.0,1.0046636136584426
2026-05-25,2026-05-25 11:21:06,V015,78.0,1.0074319348405536
2026-05-25,2026-05-25 11:21:07,V015,77.0,1.0248310527327265
2026-05-25,2026-05-25 11:21:08,V015,77.0,1.0137246460191949
2026-05-25,2026-05-25 11:21:09,V015,77.0,1.031685563083315
2026-05-25,2026-05-25 11:21:10,V015,77.0,1.0221084612187548
2026-05-25,2026-05-25 11:21:11,V015,77.0,1.0387774266832628
2026-05-25,2026-05-25 11:21:12,V015,77.0,1.014095125814761
2026-05-25,2026-05-25 11:21:13,V015,77.0,1.034433463427789
2026-05-25,2026-05-25 11:21:14,V015,77.0,1.0068525237748789
2026-05-25,2026-05-25 11:21:15,V015,77.0,1.0239936636716565
2026-05-25,2026-05-25 11:21:16,V015,76.0,0.9956763178768878
2026-05-25,2026-05-25 11:21:17,V015,77.0,1.024778687485181
2026-05-25,2026-05-25 11:21:18,V015,77.0,1.0500160290102198
2026-05-25,2026-05-25 11:21:19,V015,78.0,0.9551164364066881
2026-05-25,2026-05-25 11:21:20,V015,78.0,1.118151806607315
2026-05-25,2026-05-25 11:21:21,V015,79.0,1.0786410973786316
2026-05-25,2026-05-25 11:21:22,V015,80.0,1.134922286172102
2026-05-25,2026-05-25 11:21:23,V015,80.0,1.1045686171378721
2026-05-25,2026-05-25 11:21:24,V015,80.0,1.1186666273705888
2026-05-25,2026-05-25 11:21:25,V015,80.0,1.1179477698191311
2026-05-25,2026-05-25 11:21:26,V015,80.0,1.0182826187753051
2026-05-25,2026-05-25 11:21:27,V015,80.0,1.0069112775121272
2026-05-25,2026-05-25 11:21:28,V015,80.0,1.0588890369860424
2026-05-25,2026-05-25 11:21:29,V015,79.0,1.0449793416788806
2026-05-25,2026-05-25 11:21:30,V015,78.0,1.097435153920265
2026-05-25,2026-05-25 11:21:31,V015,77.0,1.0273040552693795
2026-05-25,2026-05-25 11:21:32,V015,76.0,1.0101785656834013
2026-05-25,2026-05-25 11:21:33,V015,74.0,1.0581168633929743
2026-05-25,2026-05-25 11:21:34,V015,75.0,1.02688417310365
2026-05-25,2026-05-25 11:21:35,V015,77.0,1.0213686774910382
2026-05-25,2026-05-25 11:21:36,V015,78.0,1.0161846049008698
2026-05-25,2026-05-25 11:21:37,V015,79.0,1.0312439869630494
2026-05-25,2026-05-25 11:21:38,V015,80.0,0.9856661757432245
2026-05-25,2026-05-25 11:21:39,V015,81.0,1.0306906184108982
2026-05-25,2026-05-25 11:21:40,V015,82.0,1.0075829771482927
2026-05-25,2026-05-25 11:21:41,V015,83.0,1.0062976904696876
2026-05-25,2026-05-25 11:21:42,V015,84.0,1.0324097836649142
2026-05-25,2026-05-25 11:21:43,V015,86.0,1.0352533157652997
2026-05-25,2026-05-25 11:21:44,V015,87.0,0.9882807644576544
2026-05-25,2026-05-25 11:21:45,V015,88.0,1.0298007351348668
2026-05-25,2026-05-25 11:21:46,V015,89.0,1.0317824718809825
2026-05-25,2026-05-25 11:21:47,V015,90.0,1.0083202259981836
2026-05-25,2026-05-25 11:21:48,V015,90.0,1.020483669850524
2026-05-25,2026-05-25 11:21:49,V015,91.0,1.0291318821873383
2026-05-25,2026-05-25 11:21:50,V015,91.0,1.0330814112527231
2026-05-25,2026-05-25 11:21:51,V015,92.0,1.0282929437992125
2026-05-25,2026-05-25 11:21:52,V015,93.0,1.0419838708689013
2026-05-25,2026-05-25 11:21:53,V015,94.0,1.0310244772085444
2026-05-25,2026-05-25 11:21:54,V015,95.0,1.03521385652675
2026-05-25,2026-05-25 11:21:55,V015,95.0,1.0232114971560646
2026-05-25,2026-05-25 11:21:56,V015,94.0,1.0241386525379716
2026-05-25,2026-05-25 11:21:57,V015,94.0,1.012857745697505
2026-05-25,2026-05-25 11:21:58,V015,94.0,1.0426427881039124
2026-05-25,2026-05-25 11:21:59,V015,94.0,1.0220298268963353
2026-05-25,2026-05-25 11:22:00,V015,94.0,1.0022503182221105
2026-05-25,2026-05-25 11:22:01,V015,94.0,1.0836469094625176
2026-05-25,2026-05-25 11:22:02,V015,93.0,1.0203358923329535
2026-05-25,2026-05-25 11:22:03,V015,93.0,1.0199122106120517
2026-05-25,2026-05-25 11:22:04,V015,91.0,1.0667207634078206
2026-05-25,2026-05-25 11:22:05,V015,90.0,1.0211030897118307
2026-05-25,2026-05-25 11:22:06,V015,89.0,1.0511425229300617
2026-05-25,2026-05-25 11:22:07,V015,86.0,1.0717640841873786
2026-05-25,2026-05-25 11:22:08,V015,85.0,1.0440939815309045
2026-05-25,2026-05-25 11:22:09,V015,84.0,1.0481606029865844
2026-05-25,2026-05-25 11:22:10,V015,84.0,1.1239076057431914
2026-05-25,2026-05-25 11:22:11,V015,84.0,1.0822189408622978
2026-05-25,2026-05-25 11:22:12,V015,84.0,1.0332473985430417
2026-05-25,2026-05-25 11:22:13,V015,84.0,1.0345465146189932
2026-05-25,2026-05-25 11:22:14,V015,84.0,1.0084861735441661
2026-05-25,2026-05-25 11:22:15,V015,85.0,1.0351669116664644
2026-05-25,2026-05-25 11:22:16,V015,85.0,1.0362127682825553
2026-05-25,2026-05-25 11:22:17,V015,85.0,1.0681947460242396
2026-05-25,2026-05-25 11:22:18,V015,86.0,1.0262977999031266
2026-05-25,2026-05-25 11:22:19,V015,87.0,1.0100746350589482
2026-05-25,2026-05-25 11:22:20,V015,88.0,1.0497242889234923
2026-05-25,2026-05-25 11:22:21,V015,88.0,1.147164779550724
2026-05-25,2026-05-25 11:22:22,V015,89.0,1.1244855464209749
2026-05-25,2026-05-25 11:22:23,V015,91.0,1.0344237745247167
2026-05-25,2026-05-25 11:22:24,V015,91.0,1.0249676529055873
2026-05-25,2026-05-25 11:22:25,V015,91.0,1.0285230447891438
2026-05-25,2026-05-25 11:22:26,V015,92.0,1.0343119978725974
2026-05-25,2026-05-25 11:22:27,V015,93.0,1.0375337643591234
2026-05-25,2026-05-25 11:22:28,V015,94.0,1.041931638118114
2026-05-25,2026-05-25 11:22:29,V015,94.0,1.0613218086510487
2026-05-25,2026-05-25 11:22:30,V015,95.0,1.0491972416690003
2026-05-25,2026-05-25 11:22:31,V015,95.0,1.0424934815098126
2026-05-25,2026-05-25 11:22:32,V015,96.0,1.0203215166755806
2026-05-25,2026-05-25 11:22:33,V015,96.0,1.0542392430112095
2026-05-25,2026-05-25 11:22:34,V015,97.0,1.0528645939528931
2026-05-25,2026-05-25 11:22:35,V015,98.0,1.0846666124502284
2026-05-25,2026-05-25 11:22:36,V015,97.0,1.0512421422072609
2026-05-25,2026-05-25 11:22:37,V015,97.0,1.0456632754128194
2026-05-25,2026-05-25 11:22:38,V015,96.0,1.053211554379568
2026-05-25,2026-05-25 11:22:39,V015,96.0,1.0417753212217906
2026-05-25,2026-05-25 11:22:40,V015,95.0,1.0281124492649665
2026-05-25,2026-05-25 11:22:41,V015,94.0,1.0196400623654704
2026-05-25,2026-05-25 11:22:42,V015,95.0,1.0335434867533635
2026-05-25,2026-05-25 11:22:43,V015,96.0,1.0738703456216647
2026-05-25,2026-05-25 11:22:44,V015,96.0,1.2210421280644481
2026-05-25,2026-05-25 11:22:45,V015,96.0,1.0706167420104498
2026-05-25,2026-05-25 11:22:46,V015,96.0,1.0401519453195442
2026-05-25,2026-05-25 11:22:47,V015,96.0,1.0340589587359856
2026-05-25,2026-05-25 11:22:48,V015,97.0,1.0542095133834235
2026-05-25,2026-05-25 11:22:49,V015,97.0,1.0371440043762459
2026-05-25,2026-05-25 11:22:50,V015,97.0,1.0465379546502096
2026-05-25,2026-05-25 11:22:51,V015,98.0,1.0332770556779016
2026-05-25,2026-05-25 11:22:52,V015,98.0,1.0228622364841182
2026-05-25,2026-05-25 11:22:53,V015,98.0,1.0551220782565631
2026-05-25,2026-05-25 11:22:54,V015,98.0,0.9938211416985293
2026-05-25,2026-05-25 11:22:55,V015,98.0,1.0395961870886863
2026-05-25,2026-05-25 11:22:56,V015,98.0,1.2075230553036826
2026-05-25,2026-05-25 11:22:57,V015,98.0,1.0570717649832093
2026-05-25,2026-05-25 11:22:58,V015,99.0,1.0793111946625882
2026-05-25,2026-05-25 11:22:59,V015,99.0,1.0240260603593663
2026-05-25,2026-05-25 11:23:00,V015,99.0,1.0306249367376412
2026-05-25,2026-05-25 11:23:01,V015,99.0,1.0095323419862252
2026-05-25,2026-05-25 11:23:02,V015,99.0,1.0695301463514675
2026-05-25,2026-05-25 11:23:03,V015,99.0,1.1114656752444374
2026-05-25,2026-05-25 11:23:04,V015,100.0,1.2454742691000544
2026-05-25,2026-05-25 11:23:05,V015,100.0,1.0884607679905702
2026-05-25,2026-05-25 11:23:06,V015,100.0,1.0597272628989378
2026-05-25,2026-05-25 11:23:07,V015,100.0,1.0495307307946673
2026-05-25,2026-05-25 11:23:08,V015,100.0,0.9395124289646453
2026-05-25,2026-05-25 11:23:09,V015,100.0,1.1400522721611244
2026-05-25,2026-05-25 11:23:10,V015,100.0,1.0445188929733478
2026-05-25,2026-05-25 11:23:11,V015,100.0,1.1673064105763364
2026-05-25,2026-05-25 11:23:12,V015,100.0,1.0208348933510216
2026-05-25,2026-05-25 11:23:13,V015,100.0,1.2188392130416361
2026-05-25,2026-05-25 11:23:14,V015,101.0,1.0722664287100199
2026-05-25,2026-05-25 11:23:15,V015,102.0,1.088576488934693
2026-05-25,2026-05-25 11:23:16,V015,103.0,1.0423034489068292
2026-05-25,2026-05-25 11:23:17,V015,103.0,1.0541506397595974
2026-05-25,2026-05-25 11:23:18,V015,103.0,1.0454720101339452
2026-05-25,2026-05-25 11:23:19,V015,105.0,1.080887608757904
2026-05-25,2026-05-25 11:23:20,V015,105.0,1.0357206946674882
2026-05-25,2026-05-25 11:23:21,V015,105.0,1.07299440694216
2026-05-25,2026-05-25 11:23:22,V015,106.0,1.083028887079857
2026-05-25,2026-05-25 11:23:23,V015,108.0,1.0536736071082602
2026-05-25,2026-05-25 11:23:24,V015,109.0,1.0591376430721835
2026-05-25,2026-05-25 11:23:25,V015,109.0,1.0438927478186688
2026-05-25,2026-05-25 11:23:26,V015,110.0,1.0149177858786578
2026-05-25,2026-05-25 11:23:27,V015,115.0,1.0332407744466092
2026-05-25,2026-05-25 11:23:28,V015,117.0,1.0495562399539764
2026-05-25,2026-05-25 11:23:29,V015,117.0,1.070414842407566
2026-05-25,2026-05-25 11:23:30,V015,117.0,1.046155434649259
2026-05-25,2026-05-25 11:23:31,V015,117.0,1.0511710602405813
2026-05-25,2026-05-25 11:23:32,V015,118.0,1.1295942072438436
2026-05-25,2026-05-25 11:23:33,V015,118.0,1.0771211374755105
2026-05-25,2026-05-25 11:23:34,V015,117.0,1.0503805105123534
2026-05-25,2026-05-25 11:23:35,V015,117.0,1.0050416741782788
2026-05-25,2026-05-25 11:23:36,V015,117.0,1.0129594240234512
2026-05-25,2026-05-25 11:23:37,V015,117.0,1.1293245576871662
2026-05-25,2026-05-25 11:23:38,V015,117.0,1.0576632794175027
2026-05-25,2026-05-25 11:23:39,V015,117.0,1.026582083042373
2026-05-25,2026-05-25 11:23:40,V015,117.0,1.025782333727132
2026-05-25,2026-05-25 11:23:41,V015,117.0,1.1497134466828338
2026-05-25,2026-05-25 11:23:42,V015,117.0,1.0781460871205455
2026-05-25,2026-05-25 11:23:43,V015,117.0,1.0283765062425134
2026-05-25,2026-05-25 11:23:44,V015,117.0,1.0496638308720925
2026-05-25,2026-05-25 11:23:45,V015,117.0,1.0510512930946116
2026-05-25,2026-05-25 11:23:46,V015,117.0,1.0379043769989522
2026-05-25,2026-05-25 11:23:47,V015,117.0,1.0459382717881467
2026-05-25,2026-05-25 11:23:48,V015,117.0,1.0422808675365265
2026-05-25,2026-05-25 11:23:49,V015,117.0,1.044957022311309
2026-05-25,2026-05-25 11:23:50,V015,117.0,1.0565890877902542
2026-05-25,2026-05-25 11:23:51,V015,117.0,1.043322580625249
2026-05-25,2026-05-25 11:23:52,V015,117.0,1.0708610848051716
2026-05-25,2026-05-25 11:23:53,V015,117.0,1.0496693045505245
2026-05-25,2026-05-25 11:23:54,V015,117.0,1.0412322933032179
2026-05-25,2026-05-25 11:23:55,V015,117.0,1.0136669001194005
2026-05-25,2026-05-25 11:23:56,V015,117.0,1.0301672779773907
2026-05-25,2026-05-25 11:23:57,V015,117.0,1.0053599021237019
2026-05-25,2026-05-25 11:23:58,V015,117.0,1.0340608468654207
2026-05-25,2026-05-25 11:23:59,V015,117.0,1.032011256270984
2026-05-25,2026-05-25 11:24:00,V015,117.0,1.0629021928170126
2026-05-25,2026-05-25 11:24:01,V015,116.0,1.0527862544357676
2026-05-25,2026-05-25 11:24:02,V015,116.0,1.0988477207531626
2026-05-25,2026-05-25 11:24:03,V015,116.0,1.074366995679608
2026-05-25,2026-05-25 11:24:04,V015,116.0,1.0537947140895414
2026-05-25,2026-05-25 11:24:05,V015,116.0,1.0433196426097489
2026-05-25,2026-05-25 11:24:06,V015,115.0,1.0722954649763174
2026-05-25,2026-05-25 11:24:07,V015,114.0,1.0535764896045385
2026-05-25,2026-05-25 11:24:08,V015,113.0,1.1180936979780112
2026-05-25,2026-05-25 11:24:09,V015,113.0,1.0455054793531704
2026-05-25,2026-05-25 11:24:10,V015,113.0,1.0483477205886238
2026-05-25,2026-05-25 11:24:11,V015,113.0,1.0684691232455164
2026-05-25,2026-05-25 11:24:12,V015,113.0,1.0489075176247513
2026-05-25,2026-05-25 11:24:13,V015,113.0,1.0469778510373433
2026-05-25,2026-05-25 11:24:14,V015,113.0,1.0447953334521571
2026-05-25,2026-05-25 11:24:15,V015,113.0,1.0351915767663822
2026-05-25,2026-05-25 11:24:16,V015,113.0,1.0540071076340076
2026-05-25,2026-05-25 11:24:17,V015,113.0,1.0368020888020735
2026-05-25,2026-05-25 11:24:18,V015,113.0,0.9864591036617364
2026-05-25,2026-05-25 11:24:19,V015,113.0,1.1271914940646381
2026-05-25,2026-05-25 11:24:20,V015,113.0,1.053578490628185
2026-05-25,2026-05-25 11:24:21,V015,113.0,1.165437240015905
2026-05-25,2026-05-25 11:24:22,V015,113.0,1.0892239032356423
2026-05-25,2026-05-25 11:24:23,V015,113.0,1.0687270169841672
2026-05-25,2026-05-25 11:24:24,V015,113.0,1.0600588924604777
2026-05-25,2026-05-25 11:24:25,V015,112.0,1.1132692568880673
2026-05-25,2026-05-25 11:24:26,V015,112.0,1.05496628973795
2026-05-25,2026-05-25 11:24:27,V015,112.0,1.0299412800420586
2026-05-25,2026-05-25 11:24:28,V015,112.0,1.0553259319089696
2026-05-25,2026-05-25 11:24:29,V015,113.0,1.0552787485405113
2026-05-25,2026-05-25 11:24:30,V015,113.0,1.0688243385948355
2026-05-25,2026-05-25 11:24:31,V015,113.0,1.067672394471507
2026-05-25,2026-05-25 11:24:32,V015,114.0,1.0824089245138897
2026-05-25,2026-05-25 11:24:33,V015,114.0,1.0598438219397321
2026-05-25,2026-05-25 11:24:34,V015,114.0,1.0593647767513434
2026-05-25,2026-05-25 11:24:35,V015,115.0,1.0391887310422263
2026-05-25,2026-05-25 11:24:36,V015,115.0,1.0720461225611337
2026-05-25,2026-05-25 11:24:37,V015,115.0,1.0705976884359583
2026-05-25,2026-05-25 11:24:38,V015,114.0,1.0421216018658541
2026-05-25,2026-05-25 11:24:39,V015,114.0,1.0566444898089749
2026-05-25,2026-05-25 11:24:40,V015,114.0,1.0498883264329464
2026-05-25,2026-05-25 11:24:41,V015,114.0,1.0575661237573382
2026-05-25,2026-05-25 11:24:42,V015,114.0,1.0398387550198345
2026-05-25,2026-05-25 11:24:43,V015,114.0,1.048330202538624
2026-05-25,2026-05-25 11:24:44,V015,114.0,1.05995234418407
2026-05-25,2026-05-25 11:24:45,V015,114.0,1.0727324235545483
2026-05-25,2026-05-25 11:24:46,V015,113.0,1.0426733677603601
2026-05-25,2026-05-25 11:24:47,V015,113.0,1.051327945409036
2026-05-25,2026-05-25 11:24:48,V015,113.0,1.067805113195971
2026-05-25,2026-05-25 11:24:49,V015,112.0,1.04072247236635
2026-05-25,2026-05-25 11:24:50,V015,112.0,1.0593971952450894
2026-05-25,2026-05-25 11:24:51,V015,111.0,1.1321667764142824
2026-05-25,2026-05-25 11:24:52,V015,111.0,1.087491240869331
2026-05-25,2026-05-25 11:24:53,V015,111.0,1.1132496656085138
2026-05-25,2026-05-25 11:24:54,V015,111.0,1.1739065508731479
2026-05-25,2026-05-25 11:24:55,V015,111.0,1.1146063184021646
2026-05-25,2026-05-25 11:24:56,V015,111.0,1.052254996663204
2026-05-25,2026-05-25 11:24:57,V015,111.0,1.0820019771245126
2026-05-25,2026-05-25 11:24:58,V015,111.0,1.0761219639698327
2026-05-25,2026-05-25 11:24:59,V015,110.0,1.0843256360026878
2026-05-25,2026-05-25 11:25:00,V015,110.0,1.0651314191193746
2026-05-25,2026-05-25 11:25:01,V015,110.0,1.0747168627090333
2026-05-25,2026-05-25 11:25:02,V015,109.0,1.0567273879405767
2026-05-25,2026-05-25 11:25:03,V015,109.0,1.0786694865710647
2026-05-25,2026-05-25 11:25:04,V015,108.0,1.0694378578610597
2026-05-25,2026-05-25 11:25:05,V015,108.0,1.0477285030965038
2026-05-25,2026-05-25 11:25:06,V015,107.0,1.082024563868738
2026-05-25,2026-05-25 11:25:07,V015,106.0,1.0493895609377166
2026-05-25,2026-05-25 11:25:08,V015,106.0,1.078991148489805
2026-05-25,2026-05-25 11:25:09,V015,105.0,1.0681202348899963
2026-05-25,2026-05-25 11:25:10,V015,105.0,1.043973531328718
2026-05-25,2026-05-25 11:25:11,V015,105.0,1.0487852463465066
2026-05-25,2026-05-25 11:25:12,V015,105.0,1.0313404533715878
2026-05-25,2026-05-25 11:25:13,V015,105.0,1.0780224462787555
2026-05-25,2026-05-25 11:25:14,V015,106.0,1.05733396912323
2026-05-25,2026-05-25 11:25:15,V015,106.0,1.048693248922912
2026-05-25,2026-05-25 11:25:16,V015,107.0,1.0790730786608422
2026-05-25,2026-05-25 11:25:17,V015,107.0,1.0747783235447521
2026-05-25,2026-05-25 11:25:18,V015,107.0,1.0634924688180707
2026-05-25,2026-05-25 11:25:19,V015,108.0,1.076792215430926
2026-05-25,2026-05-25 11:25:20,V015,108.0,1.0656858286154662
2026-05-25,2026-05-25 11:25:21,V015,109.0,1.0359135495923721
2026-05-25,2026-05-25 11:25:22,V015,109.0,1.0386398832712203
2026-05-25,2026-05-25 11:25:23,V015,110.0,1.059477903008898
2026-05-25,2026-05-25 11:25:24,V015,110.0,1.0559935400359413
2026-05-25,2026-05-25 11:25:25,V015,110.0,1.0469480376249052
2026-05-25,2026-05-25 11:25:26,V015,111.0,1.0817362642496335
2026-05-25,2026-05-25 11:25:27,V015,111.0,1.0507082457815546
2026-05-25,2026-05-25 11:25:28,V015,111.0,1.0382852013184465
2026-05-25,2026-05-25 11:25:29,V015,111.0,1.0896819134976505
2026-05-25,2026-05-25 11:25:30,V015,111.0,1.0789541960776858
2026-05-25,2026-05-25 11:25:31,V015,111.0,1.0756959033125129
2026-05-25,2026-05-25 11:25:32,V015,111.0,1.0474870540833914
2026-05-25,2026-05-25 11:25:33,V015,111.0,1.0464255521117327
2026-05-25,2026-05-25 11:25:34,V015,111.0,1.0881654649904666
2026-05-25,2026-05-25 11:25:35,V015,111.0,1.1033444856945809
2026-05-25,2026-05-25 11:25:36,V015,111.0,1.0784760690060664
2026-05-25,2026-05-25 11:25:37,V015,111.0,1.1036868129111859
2026-05-25,2026-05-25 11:25:38,V015,111.0,1.078835940199869
2026-05-25,2026-05-25 11:25:39,V015,111.0,1.0911609922453125
2026-05-25,2026-05-25 11:25:40,V015,111.0,1.0476518021872376
2026-05-25,2026-05-25 11:25:41,V015,110.0,1.0740925781656085
2026-05-25,2026-05-25 11:25:42,V015,110.0,1.0610853174926436
2026-05-25,2026-05-25 11:25:43,V015,110.0,1.056957889054425
2026-05-25,2026-05-25 11:25:44,V015,110.0,1.0405409552078893
2026-05-25,2026-05-25 11:25:45,V015,110.0,1.0266693130193008
2026-05-25,2026-05-25 11:25:46,V015,110.0,1.0443182588319297
2026-05-25,2026-05-25 11:25:47,V015,110.0,1.0530208789707232
2026-05-25,2026-05-25 11:25:48,V015,110.0,1.0794693936101438
2026-05-25,2026-05-25 11:25:49,V015,109.0,1.0639882783168872
2026-05-25,2026-05-25 11:25:50,V015,109.0,1.102125779479791
2026-05-25,2026-05-25 11:25:51,V015,109.0,1.0412896038721493
2026-05-25,2026-05-25 11:25:52,V015,109.0,1.0889202839145788
2026-05-25,2026-05-25 11:25:53,V015,109.0,1.06655158456618
2026-05-25,2026-05-25 11:25:54,V015,110.0,1.0409315945615902
2026-05-25,2026-05-25 11:25:55,V015,110.0,1.0418681507981238
2026-05-25,2026-05-25 11:25:56,V015,110.0,1.0454975474336634
2026-05-25,2026-05-25 11:25:57,V015,109.0,1.0440630205064165
2026-05-25,2026-05-25 11:25:58,V015,109.0,1.0470704045148036
2026-05-25,2026-05-25 11:25:59,V015,109.0,1.0633236560631734
2026-05-25,2026-05-25 11:26:00,V015,110.0,1.0572237616352447
2026-05-25,2026-05-25 11:26:01,V015,110.0,1.0561922543045694
2026-05-25,2026-05-25 11:26:02,V015,110.0,1.051162169308786
2026-05-25,2026-05-25 11:26:03,V015,110.0,1.0662242180072719
2026-05-25,2026-05-25 11:26:04,V015,110.0,1.0559912536294034
2026-05-25,2026-05-25 11:26:05,V015,111.0,1.0662195879113063
2026-05-25,2026-05-25 11:26:06,V015,111.0,1.0525388798967918
2026-05-25,2026-05-25 11:26:07,V015,111.0,1.0536523901741277
2026-05-25,2026-05-25 11:26:08,V015,112.0,1.0399924397572848
2026-05-25,2026-05-25 11:26:09,V015,112.0,1.0529313982551984
2026-05-25,2026-05-25 11:26:10,V015,112.0,1.0720895635241552
2026-05-25,2026-05-25 11:26:11,V015,112.0,1.0481686481707966
2026-05-25,2026-05-25 11:26:12,V015,113.0,1.029418914528077
2026-05-25,2026-05-25 11:26:13,V015,113.0,1.0700527189204478
2026-05-25,2026-05-25 11:26:14,V015,113.0,1.0431835652529717
2026-05-25,2026-05-25 11:26:15,V015,113.0,1.0791908006886337
2026-05-25,2026-05-25 11:26:16,V015,113.0,1.066139017920575
2026-05-25,2026-05-25 11:26:17,V015,113.0,1.0502332939435475
2026-05-25,2026-05-25 11:26:18,V015,113.0,1.0849976164583242
2026-05-25,2026-05-25 11:26:19,V015,113.0,1.075443336234353
2026-05-25,2026-05-25 11:26:20,V015,113.0,1.0433586956886756
2026-05-25,2026-05-25 11:26:21,V015,115.0,1.0171338774949747
2026-05-25,2026-05-25 11:26:22,V015,115.0,1.0229733306022633
2026-05-25,2026-05-25 11:26:23,V015,115.0,1.0467281114562959
2026-05-25,2026-05-25 11:26:24,V015,117.0,1.0558711644612782
2026-05-25,2026-05-25 11:26:25,V015,118.0,1.0437085677865041
2026-05-25,2026-05-25 11:26:26,V015,119.0,1.0424416687919802
2026-05-25,2026-05-25 11:26:27,V015,120.0,1.0385378504773501
2026-05-25,2026-05-25 11:26:28,V015,119.0,1.0547429505819834
2026-05-25,2026-05-25 11:26:29,V015,119.0,1.0408205239341441
2026-05-25,2026-05-25 11:26:30,V015,119.0,1.0473253479513045
2026-05-25,2026-05-25 11:26:31,V015,119.0,1.044197545948886
2026-05-25,2026-05-25 11:26:32,V015,119.0,1.0474827020401376
2026-05-25,2026-05-25 11:26:33,V015,120.0,1.0848006298593744
2026-05-25,2026-05-25 11:26:34,V015,120.0,1.0401101444514618
2026-05-25,2026-05-25 11:26:35,V015,120.0,1.0315753258985012
2026-05-25,2026-05-25 11:26:36,V015,120.0,1.0383542243186592
2026-05-25,2026-05-25 11:26:37,V015,120.0,1.0360831089404208
2026-05-25,2026-05-25 11:26:38,V015,120.0,1.058284259467844
2026-05-25,2026-05-25 11:26:39,V015,120.0,1.0289971324917886
2026-05-25,2026-05-25 11:26:40,V015,120.0,1.0410154062908006
2026-05-25,2026-05-25 11:26:41,V015,120.0,1.0227285998460909
2026-05-25,2026-05-25 11:26:42,V015,120.0,1.0201352366760281
2026-05-25,2026-05-25 11:26:43,V015,120.0,1.0403892917962578
2026-05-25,2026-05-25 11:26:44,V015,120.0,1.0698386259862072
2026-05-25,2026-05-25 11:26:45,V015,119.0,1.0730740327730441
2026-05-25,2026-05-25 11:26:46,V015,119.0,1.0559264972744133
2026-05-25,2026-05-25 11:26:47,V015,119.0,1.051448911960535
2026-05-25,2026-05-25 11:26:48,V015,119.0,1.0522234523335396
2026-05-25,2026-05-25 11:26:49,V015,119.0,1.0455610957078503
2026-05-25,2026-05-25 11:26:50,V015,119.0,1.0370080036080398
2026-05-25,2026-05-25 11:26:51,V015,119.0,1.0394386137203862
2026-05-25,2026-05-25 11:26:52,V015,119.0,1.041008919935102
2026-05-25,2026-05-25 11:26:53,V015,119.0,1.0477602439243596
2026-05-25,2026-05-25 11:26:54,V015,119.0,1.0497899441496157
2026-05-25,2026-05-25 11:26:55,V015,119.0,1.0423463286050085
2026-05-25,2026-05-25 11:26:56,V015,119.0,1.0319926375279624
2026-05-25,2026-05-25 11:26:57,V015,119.0,1.0427811361465418
2026-05-25,2026-05-25 11:26:58,V015,119.0,1.0519500004650377
2026-05-25,2026-05-25 11:26:59,V015,119.0,1.0329510716660133
2026-05-25,2026-05-25 11:27:00,V015,119.0,1.039321211926658
2026-05-25,2026-05-25 11:27:01,V015,118.0,1.0409894283858963
2026-05-25,2026-05-25 11:27:02,V015,118.0,1.0272791553782044
2026-05-25,2026-05-25 11:27:03,V015,118.0,1.0289915002957783
2026-05-25,2026-05-25 11:27:04,V015,117.0,1.0234064999068821
2026-05-25,2026-05-25 11:27:05,V015,116.0,1.0373522482002056
2026-05-25,2026-05-25 11:27:06,V015,116.0,1.042170395447424
2026-05-25,2026-05-25 11:27:07,V015,116.0,1.0465582192531708
2026-05-25,2026-05-25 11:27:08,V015,116.0,1.0628272206868028
2026-05-25,2026-05-25 11:27:09,V015,116.0,1.046717507644439
2026-05-25,2026-05-25 11:27:10,V015,116.0,1.0631484908507847
2026-05-25,2026-05-25 11:27:11,V015,116.0,1.0485717730789872
2026-05-25,2026-05-25 11:27:12,V015,116.0,1.0880776765318776
2026-05-25,2026-05-25 11:27:13,V015,116.0,1.077510192318249
2026-05-25,2026-05-25 11:27:14,V015,116.0,1.061502643335019
2026-05-25,2026-05-25 11:27:15,V015,116.0,1.062557697327471
2026-05-25,2026-05-25 11:27:16,V015,116.0,1.0433230057066758
2026-05-25,2026-05-25 11:27:17,V015,116.0,1.0524727967577667
2026-05-25,2026-05-25 11:27:18,V015,117.0,1.0360778794524148
2026-05-25,2026-05-25 11:27:19,V015,117.0,1.0639245782915947
2026-05-25,2026-05-25 11:27:20,V015,117.0,1.0581337178800734
2026-05-25,2026-05-25 11:27:21,V015,118.0,1.033147835247197
2026-05-25,2026-05-25 11:27:22,V015,119.0,1.055661832758376
2026-05-25,2026-05-25 11:27:23,V015,119.0,1.0491191728967244
2026-05-25,2026-05-25 11:27:24,V015,119.0,1.0787815795016733
2026-05-25,2026-05-25 11:27:25,V015,120.0,1.0809523468271756
2026-05-25,2026-05-25 11:27:26,V015,119.0,1.0586185427786334
2026-05-25,2026-05-25 11:27:27,V015,119.0,1.0528964582273317
2026-05-25,2026-05-25 11:27:28,V015,119.0,1.055651768578716
2026-05-25,2026-05-25 11:27:29,V015,119.0,1.0618441431638856
2026-05-25,2026-05-25 11:27:30,V015,119.0,1.0568096185943778
2026-05-25,2026-05-25 11:27:31,V015,119.0,1.0498922722645334
2026-05-25,2026-05-25 11:27:32,V015,119.0,1.04094211664282
2026-05-25,2026-05-25 11:27:33,V015,119.0,1.0866708495166673
2026-05-25,2026-05-25 11:27:34,V015,119.0,1.0728077247503562
2026-05-25,2026-05-25 11:27:35,V015,119.0,1.05897505679737
2026-05-25,2026-05-25 11:27:36,V015,119.0,1.04136538157885
2026-05-25,2026-05-25 11:27:37,V015,119.0,1.0443594944104573
2026-05-25,2026-05-25 11:27:38,V015,119.0,1.0550596794566798
2026-05-25,2026-05-25 11:27:39,V015,119.0,1.0447999417884248
2026-05-25,2026-05-25 11:27:40,V015,118.0,1.0624659588072654
2026-05-25,2026-05-25 11:27:41,V015,118.0,1.0392971479514401
2026-05-25,2026-05-25 11:27:42,V015,118.0,1.045344850900425
2026-05-25,2026-05-25 11:27:43,V015,118.0,1.0719318782568354
2026-05-25,2026-05-25 11:27:44,V015,118.0,1.0533920352809427
2026-05-25,2026-05-25 11:27:45,V015,118.0,1.0709796980792328
2026-05-25,2026-05-25 11:27:46,V015,118.0,1.0502669418039883
2026-05-25,2026-05-25 11:27:47,V015,118.0,1.1165011246821888
2026-05-25,2026-05-25 11:27:48,V015,118.0,1.0468647638402973
2026-05-25,2026-05-25 11:27:49,V015,118.0,1.0974594405979012
2026-05-25,2026-05-25 11:27:50,V015,118.0,1.053787192980691
2026-05-25,2026-05-25 11:27:51,V015,118.0,1.0574258269064882
2026-05-25,2026-05-25 11:27:52,V015,118.0,1.0539215964254838
2026-05-25,2026-05-25 11:27:53,V015,117.0,1.0746240296636376
2026-05-25,2026-05-25 11:27:54,V015,117.0,1.0410561080602527
2026-05-25,2026-05-25 11:27:55,V015,117.0,1.0333976269267213
2026-05-25,2026-05-25 11:27:56,V015,116.0,1.0679670012508
2026-05-25,2026-05-25 11:27:57,V015,116.0,1.044969507101348
2026-05-25,2026-05-25 11:27:58,V015,116.0,1.0313942259101947
2026-05-25,2026-05-25 11:27:59,V015,116.0,1.0244418316053545
2026-05-25,2026-05-25 11:28:00,V015,116.0,1.0627692070933672
2026-05-25,2026-05-25 11:28:01,V015,116.0,1.0530963352956857
2026-05-25,2026-05-25 11:28:02,V015,117.0,1.0218753313938935
2026-05-25,2026-05-25 11:28:03,V015,117.0,1.0397996839616839
2026-05-25,2026-05-25 11:28:04,V015,117.0,1.0147461442100902
2026-05-25,2026-05-25 11:28:05,V015,117.0,1.0646154948663737
2026-05-25,2026-05-25 11:28:06,V015,118.0,1.0454805601700023
2026-05-25,2026-05-25 11:28:07,V015,118.0,1.0334174771587632
2026-05-25,2026-05-25 11:28:08,V015,118.0,1.035397774841142
2026-05-25,2026-05-25 11:28:09,V015,118.0,1.0443446116820987
2026-05-25,2026-05-25 11:28:10,V015,118.0,1.051120719213154
2026-05-25,2026-05-25 11:28:11,V015,118.0,1.045081299502725
2026-05-25,2026-05-25 11:28:12,V015,118.0,1.0186688156110422
2026-05-25,2026-05-25 11:28:13,V015,118.0,1.0148682304726355
2026-05-25,2026-05-25 11:28:14,V015,118.0,1.0210801481347236
2026-05-25,2026-05-25 11:28:15,V015,118.0,1.0291950700067725
2026-05-25,2026-05-25 11:28:16,V015,118.0,1.027076988625664
2026-05-25,2026-05-25 11:28:17,V015,118.0,1.0154515186105069
2026-05-25,2026-05-25 11:28:18,V015,118.0,1.0325206097443764
2026-05-25,2026-05-25 11:28:19,V015,118.0,1.0256471816149988
2026-05-25,2026-05-25 11:28:20,V015,118.0,1.0954321534634692
2026-05-25,2026-05-25 11:28:21,V015,118.0,1.0752265848581724
2026-05-25,2026-05-25 11:28:22,V015,118.0,1.138164635615089
2026-05-25,2026-05-25 11:28:23,V015,118.0,1.0251241520241985
2026-05-25,2026-05-25 11:28:24,V015,118.0,1.0628080383859444
2026-05-25,2026-05-25 11:28:25,V015,118.0,1.0646466157173569
2026-05-25,2026-05-25 11:28:26,V015,118.0,1.0122754583852656
2026-05-25,2026-05-25 11:28:27,V015,118.0,1.0791645690555869
2026-05-25,2026-05-25 11:28:28,V015,118.0,1.0236040373837199
2026-05-25,2026-05-25 11:28:29,V015,118.0,1.0378406030738843
2026-05-25,2026-05-25 11:28:30,V015,118.0,1.0511206956469117
2026-05-25,2026-05-25 11:28:31,V015,118.0,1.0412985371633992
2026-05-25,2026-05-25 11:28:32,V015,118.0,1.0451439996608878
2026-05-25,2026-05-25 11:28:33,V015,118.0,1.060571413985999
2026-05-25,2026-05-25 11:28:34,V015,118.0,1.0593987197164816
2026-05-25,2026-05-25 11:28:35,V015,118.0,1.052542885425616
2026-05-25,2026-05-25 11:28:36,V015,118.0,1.0338853649258886
2026-05-25,2026-05-25 11:28:37,V015,118.0,1.0463655296056644
2026-05-25,2026-05-25 11:28:38,V015,118.0,1.0220238541308022
2026-05-25,2026-05-25 11:28:39,V015,118.0,1.039618752465319
2026-05-25,2026-05-25 11:28:40,V015,118.0,1.0597616002373862
2026-05-25,2026-05-25 11:28:41,V015,118.0,1.0387938515178479
2026-05-25,2026-05-25 11:28:42,V015,118.0,1.0504867004335559
2026-05-25,2026-05-25 11:28:43,V015,118.0,1.0541778972220768
2026-05-25,2026-05-25 11:28:44,V015,118.0,0.9946545014229353
2026-05-25,2026-05-25 11:28:45,V015,118.0,1.1151016836149044
2026-05-25,2026-05-25 11:28:46,V015,118.0,1.0232896810013032
2026-05-25,2026-05-25 11:28:47,V015,118.0,1.038961604844416
2026-05-25,2026-05-25 11:28:48,V015,118.0,1.0649723796897737
2026-05-25,2026-05-25 11:28:49,V015,118.0,1.0329412990593922
2026-05-25,2026-05-25 11:28:50,V015,118.0,1.0243552728287575
2026-05-25,2026-05-25 11:28:51,V015,118.0,1.0131392163894177
2026-05-25,2026-05-25 11:28:52,V015,118.0,1.0605148821206618
2026-05-25,2026-05-25 11:28:53,V015,117.0,1.0247691037776678
2026-05-25,2026-05-25 11:28:54,V015,117.0,1.0326759142233093
2026-05-25,2026-05-25 11:28:55,V015,117.0,1.0314584020975552
2026-05-25,2026-05-25 11:28:56,V015,117.0,1.0625657589007387
2026-05-25,2026-05-25 11:28:57,V015,116.0,1.0712000479309574
2026-05-25,2026-05-25 11:28:58,V015,116.0,1.02232328414079
2026-05-25,2026-05-25 11:28:59,V015,116.0,1.0899528481094196
2026-05-25,2026-05-25 11:29:00,V015,116.0,1.0323319922163123
2026-05-25,2026-05-25 11:29:01,V015,116.0,1.0303473065206392
2026-05-25,2026-05-25 11:29:02,V015,116.0,1.0674995456011989
2026-05-25,2026-05-25 11:29:03,V015,117.0,1.039765374325502
2026-05-25,2026-05-25 11:29:04,V015,117.0,1.0664632956366604
2026-05-25,2026-05-25 11:29:05,V015,118.0,1.0990995943737847
2026-05-25,2026-05-25 11:29:06,V015,118.0,1.0526825204301908
2026-05-25,2026-05-25 11:29:07,V015,119.0,1.0437453101614718
2026-05-25,2026-05-25 11:29:08,V015,119.0,1.0507322945654491
2026-05-25,2026-05-25 11:29:09,V015,119.0,1.0053821128111626
2026-05-25,2026-05-25 11:29:10,V015,119.0,1.0161316578454225
2026-05-25,2026-05-25 11:29:11,V015,118.0,1.0210166250147632
2026-05-25,2026-05-25 11:29:12,V015,118.0,1.0335672552187118
2026-05-25,2026-05-25 11:29:13,V015,118.0,1.013649408369465
2026-05-25,2026-05-25 11:29:14,V015,119.0,1.0160197536372613
2026-05-25,2026-05-25 11:29:15,V015,119.0,1.0249823810305332
2026-05-25,2026-05-25 11:29:16,V015,119.0,1.0124749915990208
2026-05-25,2026-05-25 11:29:17,V015,119.0,1.0269999156299978
2026-05-25,2026-05-25 11:29:18,V015,118.0,1.0229740077270724
2026-05-25,2026-05-25 11:29:19,V015,118.0,1.0198842504535464
2026-05-25,2026-05-25 11:29:20,V015,118.0,1.0200426467401738
2026-05-25,2026-05-25 11:29:21,V015,118.0,1.033583828432449
2026-05-25,2026-05-25 11:29:22,V015,118.0,1.0213758361186547
2026-05-25,2026-05-25 11:29:23,V015,118.0,1.0480515884426063
2026-05-25,2026-05-25 11:29:24,V015,118.0,1.020291560193976
2026-05-25,2026-05-25 11:29:25,V015,118.0,1.0135209271126022
2026-05-25,2026-05-25 11:29:26,V015,118.0,1.0162705646375516
2026-05-25,2026-05-25 11:29:27,V015,117.0,1.0069759671265068
2026-05-25,2026-05-25 11:29:28,V015,117.0,1.0183298474331337
2026-05-25,2026-05-25 11:29:29,V015,117.0,1.0322341094739822
2026-05-25,2026-05-25 11:29:30,V015,117.0,1.0134682083048794
2026-05-25,2026-05-25 11:29:31,V015,116.0,1.0160942962980968
2026-05-25,2026-05-25 11:29:32,V015,115.0,1.0223388850605475
2026-05-25,2026-05-25 11:29:33,V015,115.0,1.0118241779140382
2026-05-25,2026-05-25 11:29:34,V015,114.0,1.0173841294496524
2026-05-25,2026-05-25 11:29:35,V015,112.0,1.018450833138429
2026-05-25,2026-05-25 11:29:36,V015,112.0,1.0165750799631543
2026-05-25,2026-05-25 11:29:37,V015,112.0,1.0152346413558662
2026-05-25,2026-05-25 11:29:38,V015,111.0,1.0162054730862295
2026-05-25,2026-05-25 11:29:39,V015,109.0,1.021034203610487
2026-05-25,2026-05-25 11:29:40,V015,109.0,1.01791132922779
2026-05-25,2026-05-25 11:29:41,V015,109.0,1.020149560490207
2026-05-25,2026-05-25 11:29:42,V015,108.0,1.0153585613450056
2026-05-25,2026-05-25 11:29:43,V015,106.0,1.0151136400968412
2026-05-25,2026-05-25 11:29:44,V015,105.0,1.0196310016450831
2026-05-25,2026-05-25 11:29:45,V015,105.0,1.0162456225043979
2026-05-25,2026-05-25 11:29:46,V015,104.0,1.017283126921479
2026-05-25,2026-05-25 11:29:47,V015,103.0,1.0175632835378452
2026-05-25,2026-05-25 11:29:48,V015,102.0,1.0167895958987603
2026-05-25,2026-05-25 11:29:49,V015,100.0,1.0192761949817857
2026-05-25,2026-05-25 11:29:50,V015,99.0,1.017982368686537
2026-05-25,2026-05-25 11:29:51,V015,97.0,1.0167681368976618
2026-05-25,2026-05-25 11:29:52,V015,94.0,1.0158319719335944
2026-05-25,2026-05-25 11:29:53,V015,93.0,1.0336605695996193
2026-05-25,2026-05-25 11:29:54,V015,92.0,1.0193724483451205
2026-05-25,2026-05-25 11:29:55,V015,91.0,1.017976218509699
2026-05-25,2026-05-25 11:29:56,V015,91.0,1.0182146612696839
2026-05-25,2026-05-25 11:29:57,V015,91.0,1.0181947435313132
2026-05-25,2026-05-25 11:29:58,V015,92.0,1.0164673313304677
2026-05-25,2026-05-25 11:29:59,V015,93.0,1.01717348927769
2026-05-25,2026-05-25 11:30:00,V015,93.0,1.0168667374040334
2026-05-25,2026-05-25 11:30:01,V015,93.0,1.0196514407638586
2026-05-25,2026-05-25 11:30:02,V015,94.0,1.016173248429091
2026-05-25,2026-05-25 11:30:03,V015,94.0,1.01665772360788
2026-05-25,2026-05-25 11:30:04,V015,94.0,1.0159664130782347
2026-05-25,2026-05-25 11:30:05,V015,94.0,1.017822107447507
2026-05-25,2026-05-25 11:30:06,V015,94.0,1.0193472002958182
2026-05-25,2026-05-25 11:30:07,V015,95.0,1.0157036732424551
2026-05-25,2026-05-25 11:30:08,V015,95.0,1.0180975977719242
2026-05-25,2026-05-25 11:30:09,V015,95.0,1.016290499580997
2026-05-25,2026-05-25 11:30:10,V015,95.0,1.017204519911001
2026-05-25,2026-05-25 11:30:11,V015,95.0,1.0198434470221505
2026-05-25,2026-05-25 11:30:12,V015,95.0,1.0217172265488592
2026-05-25,2026-05-25 11:30:13,V015,95.0,1.014337740356598
2026-05-25,2026-05-25 11:30:14,V015,95.0,1.0295095614066743
2026-05-25,2026-05-25 11:30:15,V015,94.0,1.0181189691413979
2026-05-25,2026-05-25 11:30:16,V015,94.0,1.0203073446892819
2026-05-25,2026-05-25 11:30:17,V015,94.0,1.0149377885688586
2026-05-25,2026-05-25 11:30:18,V015,94.0,1.0217489152964851
2026-05-25,2026-05-25 11:30:19,V015,93.0,1.0033193137892709
2026-05-25,2026-05-25 11:30:20,V015,93.0,1.0206670872199637
2026-05-25,2026-05-25 11:30:21,V015,93.0,1.0216658664119482
2026-05-25,2026-05-25 11:30:22,V015,92.0,1.0165575520739418
2026-05-25,2026-05-25 11:30:23,V015,92.0,1.027375334436562
2026-05-25,2026-05-25 11:30:24,V015,92.0,1.011966320330984
2026-05-25,2026-05-25 11:30:25,V015,92.0,1.0121138317001048
2026-05-25,2026-05-25 11:30:26,V015,92.0,1.013362171698521
2026-05-25,2026-05-25 11:30:27,V015,92.0,1.0387676460729878
2026-05-25,2026-05-25 11:30:28,V015,91.0,1.0097923173818601
2026-05-25,2026-05-25 11:30:29,V015,90.0,1.0116494323961227
2026-05-25,2026-05-25 11:30:30,V015,89.0,1.009894855468442
2026-05-25,2026-05-25 11:30:31,V015,88.0,1.0166989619641777
2026-05-25,2026-05-25 11:30:32,V015,87.0,1.0172339703917612
2026-05-25,2026-05-25 11:30:33,V015,87.0,1.0172402552385056
2026-05-25,2026-05-25 11:30:34,V015,86.0,1.0177869432147175
2026-05-25,2026-05-25 11:30:35,V015,85.0,1.019088550637904
2026-05-25,2026-05-25 11:30:36,V015,85.0,1.0128117859114711
2026-05-25,2026-05-25 11:30:37,V015,84.0,1.017641491301448
2026-05-25,2026-05-25 11:30:38,V015,83.0,1.0165494151456222
2026-05-25,2026-05-25 11:30:39,V015,83.0,1.0194827980709302
2026-05-25,2026-05-25 11:30:40,V015,82.0,1.018615147738221
2026-05-25,2026-05-25 11:30:41,V015,82.0,1.0200973286093153
2026-05-25,2026-05-25 11:30:42,V015,83.0,1.0165181993723718
2026-05-25,2026-05-25 11:30:43,V015,83.0,1.017891266078906
2026-05-25,2026-05-25 11:30:44,V015,84.0,1.019346615991086
2026-05-25,2026-05-25 11:30:45,V015,84.0,1.0168078118238155
2026-05-25,2026-05-25 11:30:46,V015,85.0,1.018143046214269
2026-05-25,2026-05-25 11:30:47,V015,85.0,1.015869842338872
2026-05-25,2026-05-25 11:30:48,V015,86.0,1.0189720188750542
2026-05-25,2026-05-25 11:30:49,V015,87.0,1.017329490354866
2026-05-25,2026-05-25 11:30:50,V015,88.0,1.0162325209309275
2026-05-25,2026-05-25 11:30:51,V015,88.0,1.0178601865740253
2026-05-25,2026-05-25 11:30:52,V015,89.0,1.0342444818960543
2026-05-25,2026-05-25 11:30:53,V015,89.0,0.9770255677342218
2026-05-25,2026-05-25 11:30:54,V015,89.0,0.9920114099879965
2026-05-25,2026-05-25 11:30:55,V015,89.0,1.0115980265916469
2026-05-25,2026-05-25 11:30:56,V015,90.0,1.0229016747706423
2026-05-25,2026-05-25 11:30:57,V015,90.0,1.0169825848075407
2026-05-25,2026-05-25 11:30:58,V015,91.0,1.0178937509472887
2026-05-25,2026-05-25 11:30:59,V015,92.0,1.017578249902493
2026-05-25,2026-05-25 11:31:00,V015,93.0,1.0172949551119905
2026-05-25,2026-05-25 11:31:01,V015,94.0,1.0175559005168386
2026-05-25,2026-05-25 11:31:02,V015,94.0,1.0195332229821574
2026-05-25,2026-05-25 11:31:03,V015,95.0,1.0199697605201454
2026-05-25,2026-05-25 11:31:04,V015,96.0,1.0186108614503209
2026-05-25,2026-05-25 11:31:05,V015,96.0,1.0237679620787512
2026-05-25,2026-05-25 11:31:06,V015,97.0,1.0150428455370724
2026-05-25,2026-05-25 11:31:07,V015,97.0,1.019902509528729
2026-05-25,2026-05-25 11:31:08,V015,97.0,1.020059810853462
2026-05-25,2026-05-25 11:31:09,V015,97.0,1.0161190624363912
2026-05-25,2026-05-25 11:31:10,V015,98.0,1.018515994882777
2026-05-25,2026-05-25 11:31:11,V015,97.0,1.0159724276251698
2026-05-25,2026-05-25 11:31:12,V015,97.0,1.0229106621399155
2026-05-25,2026-05-25 11:31:13,V015,97.0,1.0205645327750599
2026-05-25,2026-05-25 11:31:14,V015,96.0,1.0238895906066656
2026-05-25,2026-05-25 11:31:15,V015,96.0,1.015805520703409
2026-05-25,2026-05-25 11:31:16,V015,96.0,1.0145682349226195
2026-05-25,2026-05-25 11:31:17,V015,96.0,1.0169118102651082
2026-05-25,2026-05-25 11:31:18,V015,96.0,1.0176225719738863
2026-05-25,2026-05-25 11:31:19,V015,96.0,1.0187759309952429
2026-05-25,2026-05-25 11:31:20,V015,95.0,1.016649445445467
2026-05-25,2026-05-25 11:31:21,V015,94.0,1.0155902500181582
2026-05-25,2026-05-25 11:31:22,V015,93.0,1.0196775809345435
2026-05-25,2026-05-25 11:31:23,V015,92.0,1.0178992768164805
2026-05-25,2026-05-25 11:31:24,V015,91.0,1.0161124027431696
2026-05-25,2026-05-25 11:31:25,V015,90.0,1.0155025020565989
2026-05-25,2026-05-25 11:31:26,V015,90.0,1.0422504654861928
2026-05-25,2026-05-25 11:31:27,V015,89.0,1.0657213980426834
2026-05-25,2026-05-25 11:31:28,V015,88.0,1.027823129227687
2026-05-25,2026-05-25 11:31:29,V015,88.0,1.0505063613306524
2026-05-25,2026-05-25 11:31:30,V015,87.0,1.0203780184800326
2026-05-25,2026-05-25 11:31:31,V015,86.0,1.0151908654218689
2026-05-25,2026-05-25 11:31:32,V015,85.0,1.0044191003431966
2026-05-25,2026-05-25 11:31:33,V015,83.0,1.0155505913793006
2026-05-25,2026-05-25 11:31:34,V015,83.0,1.0092304783371444
2026-05-25,2026-05-25 11:31:35,V015,82.0,1.0093015716642322
2026-05-25,2026-05-25 11:31:36,V015,82.0,1.0072991692722706
2026-05-25,2026-05-25 11:31:37,V015,82.0,1.018050090594541
2026-05-25,2026-05-25 11:31:38,V015,82.0,1.014474823060763
2026-05-25,2026-05-25 11:31:39,V015,84.0,1.010282386561667
2026-05-25,2026-05-25 11:31:40,V015,84.0,1.0128058463217915
2026-05-25,2026-05-25 11:31:41,V015,85.0,1.0230115150829864
2026-05-25,2026-05-25 11:31:42,V015,85.0,1.0135579208433168
2026-05-25,2026-05-25 11:31:43,V015,85.0,1.0191131732022571
2026-05-25,2026-05-25 11:31:44,V015,84.0,1.015599883229291
2026-05-25,2026-05-25 11:31:45,V015,83.0,1.0182430369336057
2026-05-25,2026-05-25 11:31:46,V015,83.0,1.0179173475847398
2026-05-25,2026-05-25 11:31:47,V015,81.0,1.0162474915219342
2026-05-25,2026-05-25 11:31:48,V015,80.0,1.0160772242397886
2026-05-25,2026-05-25 11:31:49,V015,79.0,1.019779560356845
2026-05-25,2026-05-25 11:31:50,V015,78.0,1.0209989249589841
2026-05-25,2026-05-25 11:31:51,V015,76.0,1.0091365239083228
2026-05-25,2026-05-25 11:31:52,V015,75.0,1.0238130015671527
2026-05-25,2026-05-25 11:31:53,V015,75.0,1.0162465062849286
2026-05-25,2026-05-25 11:31:54,V015,74.0,1.017587139975266
2026-05-25,2026-05-25 11:31:55,V015,74.0,1.0172859704588277
2026-05-25,2026-05-25 11:31:56,V015,74.0,1.0168190310565786
2026-05-25,2026-05-25 11:31:57,V015,74.0,1.0177362716204632
2026-05-25,2026-05-25 11:31:58,V015,74.0,1.0174979981913774
2026-05-25,2026-05-25 11:31:59,V015,74.0,1.0159911988511452
2026-05-25,2026-05-25 11:32:00,V015,74.0,1.0167186953536593
2026-05-25,2026-05-25 11:32:01,V015,75.0,1.0160883719376161
2026-05-25,2026-05-25 11:32:02,V015,75.0,1.020178202868768
2026-05-25,2026-05-25 11:32:03,V015,75.0,1.01264805600551
2026-05-25,2026-05-25 11:32:04,V015,75.0,1.0152074648462877
2026-05-25,2026-05-25 11:32:05,V015,75.0,1.0234980087134888
2026-05-25,2026-05-25 11:32:06,V015,76.0,1.0221793801870456
2026-05-25,2026-05-25 11:32:07,V015,76.0,1.0128929858320928
2026-05-25,2026-05-25 11:32:08,V015,77.0,1.0148747379234726
2026-05-25,2026-05-25 11:32:09,V015,78.0,1.0144399785916034
2026-05-25,2026-05-25 11:32:10,V015,79.0,1.0201169249489193
2026-05-25,2026-05-25 11:32:11,V015,79.0,1.0118852736870199
2026-05-25,2026-05-25 11:32:12,V015,80.0,1.0168258478055112
2026-05-25,2026-05-25 11:32:13,V015,82.0,1.0151801307550576
2026-05-25,2026-05-25 11:32:14,V015,83.0,1.0150489461708485
2026-05-25,2026-05-25 11:32:15,V015,84.0,1.0158643501070461
2026-05-25,2026-05-25 11:32:16,V015,85.0,1.014228030420269
2026-05-25,2026-05-25 11:32:17,V015,87.0,1.0162854576656628
2026-05-25,2026-05-25 11:32:18,V015,88.0,1.0149057795751413
2026-05-25,2026-05-25 11:32:19,V015,89.0,1.0153060410169288
2026-05-25,2026-05-25 11:32:20,V015,90.0,1.0149324518045566
2026-05-25,2026-05-25 11:32:21,V015,91.0,1.0151608453371113
2026-05-25,2026-05-25 11:32:22,V015,91.0,1.0163925534623746
2026-05-25,2026-05-25 11:32:23,V015,91.0,1.013510331260496
2026-05-25,2026-05-25 11:32:24,V015,90.0,1.0170473367597388
2026-05-25,2026-05-25 11:32:25,V015,90.0,1.0135410337473643
2026-05-25,2026-05-25 11:32:26,V015,90.0,1.0212348945789482
2026-05-25,2026-05-25 11:32:27,V015,90.0,1.0126172000535056
2026-05-25,2026-05-25 11:32:28,V015,89.0,1.0169978377255975
2026-05-25,2026-05-25 11:32:29,V015,89.0,1.015163814797685
2026-05-25,2026-05-25 11:32:30,V015,88.0,1.0178574728044623
2026-05-25,2026-05-25 11:32:31,V015,87.0,1.0132061067366998
2026-05-25,2026-05-25 11:32:32,V015,86.0,1.018798272997511
2026-05-25,2026-05-25 11:32:33,V015,84.0,1.0164589208224761
2026-05-25,2026-05-25 11:32:34,V015,83.0,1.0226807515285725
2026-05-25,2026-05-25 11:32:35,V015,82.0,1.0141809752815467
2026-05-25,2026-05-25 11:32:36,V015,81.0,1.0160933721305454
2026-05-25,2026-05-25 11:32:37,V015,81.0,1.0188807479693727
2026-05-25,2026-05-25 11:32:38,V015,81.0,1.0163141327966634
2026-05-25,2026-05-25 11:32:39,V015,81.0,1.0158294239513055
2026-05-25,2026-05-25 11:32:40,V015,82.0,1.0178425151630925
2026-05-25,2026-05-25 11:32:41,V015,83.0,1.0157071021187485
2026-05-25,2026-05-25 11:32:42,V015,84.0,1.0166958525530092
2026-05-25,2026-05-25 11:32:43,V015,85.0,1.0222812617643036
2026-05-25,2026-05-25 11:32:44,V015,85.0,1.0137523038190508
2026-05-25,2026-05-25 11:32:45,V015,85.0,1.018035066472498
2026-05-25,2026-05-25 11:32:46,V015,86.0,1.0195358837709658
2026-05-25,2026-05-25 11:32:47,V015,86.0,1.020912072236676
2026-05-25,2026-05-25 11:32:48,V015,88.0,1.015599279726775
2026-05-25,2026-05-25 11:32:49,V015,90.0,1.0158032177427792
2026-05-25,2026-05-25 11:32:50,V015,90.0,1.0182340441016062
2026-05-25,2026-05-25 11:32:51,V015,90.0,1.0161067854682582
2026-05-25,2026-05-25 11:32:52,V015,91.0,1.0164842747350586
2026-05-25,2026-05-25 11:32:53,V015,92.0,1.017713927235255
2026-05-25,2026-05-25 11:32:54,V015,93.0,1.0185734259944466
2026-05-25,2026-05-25 11:32:55,V015,93.0,1.0147233669056401
2026-05-25,2026-05-25 11:32:56,V015,93.0,1.0178099652547734
2026-05-25,2026-05-25 11:32:57,V015,92.0,1.0165592999250832
2026-05-25,2026-05-25 11:32:58,V015,91.0,1.0164890431500644
2026-05-25,2026-05-25 11:32:59,V015,91.0,1.0169031175903727
2026-05-25,2026-05-25 11:33:00,V015,91.0,1.032397697782715
2026-05-25,2026-05-25 11:33:01,V015,89.0,1.0175344108958873
2026-05-25,2026-05-25 11:33:02,V015,89.0,1.0159584264285806
2026-05-25,2026-05-25 11:33:03,V015,89.0,1.015729439903467
2026-05-25,2026-05-25 11:33:04,V015,88.0,1.018743709678799
2026-05-25,2026-05-25 11:33:05,V015,86.0,0.9305803152455795
2026-05-25,2026-05-25 11:33:06,V015,86.0,1.149830329108772
2026-05-25,2026-05-25 11:33:07,V015,86.0,1.0656500076352144
2026-05-25,2026-05-25 11:33:08,V015,87.0,1.027087672481376
2026-05-25,2026-05-25 11:33:09,V015,90.0,1.0307567658941759
2026-05-25,2026-05-25 11:33:10,V015,92.0,1.0042519387043334
2026-05-25,2026-05-25 11:33:11,V015,92.0,1.0121098137842475
2026-05-25,2026-05-25 11:33:12,V015,94.0,1.0087983686294968
2026-05-25,2026-05-25 11:33:13,V015,96.0,1.008983512763959
2026-05-25,2026-05-25 11:33:14,V015,97.0,1.007372033745387
2026-05-25,2026-05-25 11:33:15,V015,98.0,1.0181536096044377
2026-05-25,2026-05-25 11:33:16,V015,100.0,1.0051774711669776
2026-05-25,2026-05-25 11:33:17,V015,101.0,1.0099914918350594
2026-05-25,2026-05-25 11:33:18,V015,102.0,1.008273106315895
2026-05-25,2026-05-25 11:33:19,V015,103.0,1.010599077587825
2026-05-25,2026-05-25 11:33:20,V015,103.0,1.0072383743207816
2026-05-25,2026-05-25 11:33:21,V015,104.0,1.0149277310605984
2026-05-25,2026-05-25 11:33:22,V015,104.0,1.0140486597713576
2026-05-25,2026-05-25 11:33:23,V015,104.0,1.0130674334963758
2026-05-25,2026-05-25 11:33:24,V015,104.0,1.0127708737098557
2026-05-25,2026-05-25 11:33:25,V015,104.0,1.0138511378047608
2026-05-25,2026-05-25 11:33:26,V015,104.0,1.01310904925282
2026-05-25,2026-05-25 11:33:27,V015,104.0,1.0124326845265212
2026-05-25,2026-05-25 11:33:28,V015,104.0,1.0127686478228666
2026-05-25,2026-05-25 11:33:29,V015,103.0,1.0129865099284026
2026-05-25,2026-05-25 11:33:30,V015,103.0,1.0130772438468478
2026-05-25,2026-05-25 11:33:31,V015,103.0,1.0128688653632998
2026-05-25,2026-05-25 11:33:32,V015,103.0,1.0129958925031104
2026-05-25,2026-05-25 11:33:33,V015,101.0,1.011912032134023
2026-05-25,2026-05-25 11:33:34,V015,101.0,1.0036762489448938
2026-05-25,2026-05-25 11:33:35,V015,101.0,1.021479502224197
2026-05-25,2026-05-25 11:33:36,V015,99.0,1.0150492736289174
2026-05-25,2026-05-25 11:33:37,V015,95.0,1.017506836547585
2026-05-25,2026-05-25 11:33:38,V015,94.0,1.0134775359005879
2026-05-25,2026-05-25 11:33:39,V015,94.0,1.0211047760348506
2026-05-25,2026-05-25 11:33:40,V015,91.0,1.016135084940304
2026-05-25,2026-05-25 11:33:41,V015,89.0,1.0089886784296231
2026-05-25,2026-05-25 11:33:42,V015,89.0,1.0101436029048827
2026-05-25,2026-05-25 11:33:43,V015,89.0,1.0093319688033844
2026-05-25,2026-05-25 11:33:44,V015,88.0,1.0099561084897095
2026-05-25,2026-05-25 11:33:45,V015,86.0,1.0115567213172942
2026-05-25,2026-05-25 11:33:46,V015,86.0,1.005990722144569
2026-05-25,2026-05-25 11:33:47,V015,86.0,1.0166522976105574
2026-05-25,2026-05-25 11:33:48,V015,85.0,1.0184653507363486
2026-05-25,2026-05-25 11:33:49,V015,84.0,1.0120472753482388
2026-05-25,2026-05-25 11:33:50,V015,85.0,1.0186921342537196
2026-05-25,2026-05-25 11:33:51,V015,85.0,1.009122761054431
2026-05-25,2026-05-25 11:33:52,V015,86.0,1.0127370099955817
2026-05-25,2026-05-25 11:33:53,V015,87.0,1.0120107195676813
2026-05-25,2026-05-25 11:33:54,V015,88.0,1.008320243217797
2026-05-25,2026-05-25 11:33:55,V015,90.0,1.0118410619052873
2026-05-25,2026-05-25 11:33:56,V015,91.0,1.0112778538186837
2026-05-25,2026-05-25 11:33:57,V015,93.0,1.0116777575979399
2026-05-25,2026-05-25 11:33:58,V015,94.0,1.0119051171412545
2026-05-25,2026-05-25 11:33:59,V015,94.0,1.0116487620374728
2026-05-25,2026-05-25 11:34:00,V015,95.0,1.012110189045856
2026-05-25,2026-05-25 11:34:01,V015,97.0,1.0116966609787545
2026-05-25,2026-05-25 11:34:02,V015,98.0,1.0154495391733058
2026-05-25,2026-05-25 11:34:03,V015,99.0,1.0144842941959242
2026-05-25,2026-05-25 11:34:04,V015,100.0,1.010816619580395
2026-05-25,2026-05-25 11:34:05,V015,100.0,1.012857755067418
2026-05-25,2026-05-25 11:34:06,V015,101.0,1.012523245531016
2026-05-25,2026-05-25 11:34:07,V015,100.0,1.0111385921670715
2026-05-25,2026-05-25 11:34:08,V015,100.0,1.0105011951094216
2026-05-25,2026-05-25 11:34:09,V015,99.0,1.0108967847436314
2026-05-25,2026-05-25 11:34:10,V015,98.0,1.011554376586745
2026-05-25,2026-05-25 11:34:11,V015,97.0,1.0111425901688205
2026-05-25,2026-05-25 11:34:12,V015,95.0,1.0106867844422702
2026-05-25,2026-05-25 11:34:13,V015,94.0,1.0099802608348367
2026-05-25,2026-05-25 11:34:14,V015,92.0,1.0102487514830176
2026-05-25,2026-05-25 11:34:15,V015,91.0,1.0102136157875412
2026-05-25,2026-05-25 11:34:16,V015,89.0,1.0104479321863
2026-05-25,2026-05-25 11:34:17,V015,88.0,1.010346277492244
2026-05-25,2026-05-25 11:34:18,V015,87.0,1.0095324168776394
2026-05-25,2026-05-25 11:34:19,V015,87.0,1.0102403417952073
2026-05-25,2026-05-25 11:34:20,V015,86.0,1.0101475608052564
2026-05-25,2026-05-25 11:34:21,V015,86.0,1.0102438953470354
2026-05-25,2026-05-25 11:34:22,V015,85.0,1.0098876289282201
2026-05-25,2026-05-25 11:34:23,V015,84.0,1.0104684184460155
2026-05-25,2026-05-25 11:34:24,V015,83.0,1.009571095446928
2026-05-25,2026-05-25 11:34:25,V015,81.0,1.009326987294607
2026-05-25,2026-05-25 11:34:26,V015,80.0,1.0090766940252842
2026-05-25,2026-05-25 11:34:27,V015,79.0,1.0090110610834129
2026-05-25,2026-05-25 11:34:28,V015,77.0,1.0128348855598401
2026-05-25,2026-05-25 11:34:29,V015,75.0,1.0080699155541177
2026-05-25,2026-05-25 11:34:30,V015,75.0,1.0110018204588045
2026-05-25,2026-05-25 11:34:31,V015,74.0,1.0106939452610901
2026-05-25,2026-05-25 11:34:32,V015,73.0,1.0109551221958202
2026-05-25,2026-05-25 11:34:33,V015,72.0,1.0106487278914194
2026-05-25,2026-05-25 11:34:34,V015,71.0,1.011666804722136
2026-05-25,2026-05-25 11:34:35,V015,71.0,1.0111496088026293
2026-05-25,2026-05-25 11:34:36,V015,70.0,1.0118373483573182
2026-05-25,2026-05-25 11:34:37,V015,70.0,1.0115227306217351
2026-05-25,2026-05-25 11:34:38,V015,71.0,1.0109630104502423
2026-05-25,2026-05-25 11:34:39,V015,71.0,1.0126445936051065
2026-05-25,2026-05-25 11:34:40,V015,72.0,1.011773211234368
2026-05-25,2026-05-25 11:34:41,V015,72.0,1.0102158241055963
2026-05-25,2026-05-25 11:34:42,V015,72.0,1.0133414705172177
2026-05-25,2026-05-25 11:34:43,V015,72.0,1.010852333943872
2026-05-25,2026-05-25 11:34:44,V015,72.0,1.0112964158509687
2026-05-25,2026-05-25 11:34:45,V015,72.0,1.0196943066308959
2026-05-25,2026-05-25 11:34:46,V015,73.0,1.0014043286056529
2026-05-25,2026-05-25 11:34:47,V015,73.0,1.018275194639447
2026-05-25,2026-05-25 11:34:48,V015,73.0,1.0078393936518981
2026-05-25,2026-05-25 11:34:49,V015,74.0,1.0207980406254595
2026-05-25,2026-05-25 11:34:50,V015,74.0,1.0156311349240599
2026-05-25,2026-05-25 11:34:51,V015,75.0,1.0166222811391847
2026-05-25,2026-05-25 11:34:52,V015,76.0,1.0160833344775009
2026-05-25,2026-05-25 11:34:53,V015,76.0,1.0156182423390763
2026-05-25,2026-05-25 11:34:54,V015,76.0,1.0151948226444418
2026-05-25,2026-05-25 11:34:55,V015,77.0,1.01628659637511
2026-05-25,2026-05-25 11:34:56,V015,76.0,1.015655881817578
2026-05-25,2026-05-25 11:34:57,V015,76.0,1.0158944395206264
2026-05-25,2026-05-25 11:34:58,V015,76.0,1.0157896290616013
2026-05-25,2026-05-25 11:34:59,V015,77.0,1.015754443902844
2026-05-25,2026-05-25 11:35:00,V015,77.0,1.015633688050591
2026-05-25,2026-05-25 11:35:01,V015,77.0,1.0157125105666407
2026-05-25,2026-05-25 11:35:02,V015,77.0,1.0157741378432588
2026-05-25,2026-05-25 11:35:03,V015,77.0,1.0160142213289778
2026-05-25,2026-05-25 11:35:04,V015,77.0,1.0162767850613934
2026-05-25,2026-05-25 11:35:05,V015,77.0,1.015862464690014
2026-05-25,2026-05-25 11:35:06,V015,77.0,1.0152708630973168
2026-05-25,2026-05-25 11:35:07,V015,77.0,1.0153954036201973
2026-05-25,2026-05-25 11:35:08,V015,77.0,1.015522319991569
2026-05-25,2026-05-25 11:35:09,V015,76.0,1.0170732502076447
2026-05-25,2026-05-25 11:35:10,V015,76.0,1.0151073768565904
2026-05-25,2026-05-25 11:35:11,V015,75.0,1.0168199348038018
2026-05-25,2026-05-25 11:35:12,V015,74.0,1.0168533645372484
2026-05-25,2026-05-25 11:35:13,V015,74.0,1.0154058516574451
2026-05-25,2026-05-25 11:35:14,V015,74.0,1.0144378795166684
2026-05-25,2026-05-25 11:35:15,V015,73.0,1.0152441867831503
2026-05-25,2026-05-25 11:35:16,V015,72.0,1.0154939887209524
2026-05-25,2026-05-25 11:35:17,V015,71.0,1.015271522818565
2026-05-25,2026-05-25 11:35:18,V015,71.0,1.0147490819441796
2026-05-25,2026-05-25 11:35:19,V015,71.0,1.0152154697240956
2026-05-25,2026-05-25 11:35:20,V015,72.0,1.015514989702388
2026-05-25,2026-05-25 11:35:21,V015,73.0,1.0146715903797223
2026-05-25,2026-05-25 11:35:22,V015,73.0,1.0150340049605817
2026-05-25,2026-05-25 11:35:23,V015,73.0,1.0146686756341134
2026-05-25,2026-05-25 11:35:24,V015,74.0,1.0153601445550904
2026-05-25,2026-05-25 11:35:25,V015,73.0,1.016168309498774
2026-05-25,2026-05-25 11:35:26,V015,72.0,1.015865695469794
2026-05-25,2026-05-25 11:35:27,V015,71.0,1.0158906024679888
2026-05-25,2026-05-25 11:35:28,V015,70.0,1.0157300012161632
2026-05-25,2026-05-25 11:35:29,V015,70.0,1.0150978990815123
2026-05-25,2026-05-25 11:35:30,V015,69.0,1.014546764832866
2026-05-25,2026-05-25 11:35:31,V015,69.0,1.0164403397460615
2026-05-25,2026-05-25 11:35:32,V015,69.0,1.014862727408279
2026-05-25,2026-05-25 11:35:33,V015,70.0,1.0146696550847019
2026-05-25,2026-05-25 11:35:34,V015,71.0,1.0152323718201541
2026-05-25,2026-05-25 11:35:35,V015,72.0,1.0156413559364907
2026-05-25,2026-05-25 11:35:36,V015,73.0,1.015303718209685
2026-05-25,2026-05-25 11:35:37,V015,73.0,1.0150577609449238
2026-05-25,2026-05-25 11:35:38,V015,72.0,1.0147618365061677
2026-05-25,2026-05-25 11:35:39,V015,71.0,1.0159646860028528
2026-05-25,2026-05-25 11:35:40,V015,71.0,1.0149600124820493
2026-05-25,2026-05-25 11:35:41,V015,70.0,1.0149357098103962
2026-05-25,2026-05-25 11:35:42,V015,70.0,1.0149515960343727
2026-05-25,2026-05-25 11:35:43,V015,70.0,1.0156691844469914
2026-05-25,2026-05-25 11:35:44,V015,69.0,1.015156824517641
2026-05-25,2026-05-25 11:35:45,V015,70.0,1.0157155195300251
2026-05-25,2026-05-25 11:35:46,V015,71.0,1.0155321490521518
2026-05-25,2026-05-25 11:35:47,V015,72.0,1.014385290554653
2026-05-25,2026-05-25 11:35:48,V015,72.0,1.0145812828957386
2026-05-25,2026-05-25 11:35:49,V015,73.0,1.0154602955684657
2026-05-25,2026-05-25 11:35:50,V015,73.0,1.0155284885474765
2026-05-25,2026-05-25 11:35:51,V015,73.0,1.015262848992201
2026-05-25,2026-05-25 11:35:52,V015,72.0,1.01411261577746
2026-05-25,2026-05-25 11:35:53,V015,72.0,1.014848261934306
2026-05-25,2026-05-25 11:35:54,V015,71.0,1.0146218376902947
2026-05-25,2026-05-25 11:35:55,V015,71.0,1.01575546417265
2026-05-25,2026-05-25 11:35:56,V015,71.0,1.0142731776717986
2026-05-25,2026-05-25 11:35:57,V015,71.0,1.0150209575760396
2026-05-25,2026-05-25 11:35:58,V015,71.0,1.0146340058882093
2026-05-25,2026-05-25 11:35:59,V015,71.0,1.0153949801542321
2026-05-25,2026-05-25 11:36:00,V015,70.0,1.0144598412892953
2026-05-25,2026-05-25 11:36:01,V015,70.0,1.0143005986988063
2026-05-25,2026-05-25 11:36:02,V015,70.0,1.01531069851161
2026-05-25,2026-05-25 11:36:03,V015,70.0,1.023421071667104
2026-05-25,2026-05-25 11:36:04,V015,71.0,1.00154526536963
2026-05-25,2026-05-25 11:36:05,V015,71.0,1.045506832788924
2026-05-25,2026-05-25 11:36:06,V015,71.0,1.013608183157503
2026-05-25,2026-05-25 11:36:07,V015,71.0,1.0293435078276645
2026-05-25,2026-05-25 11:36:08,V015,72.0,0.9806244316620937
2026-05-25,2026-05-25 11:36:09,V015,72.0,1.0427660904537515
2026-05-25,2026-05-25 11:36:10,V015,72.0,0.9960374163317317
2026-05-25,2026-05-25 11:36:11,V015,71.0,0.9976229724613644
2026-05-25,2026-05-25 11:36:12,V015,71.0,0.9962741223885616
2026-05-25,2026-05-25 11:36:13,V015,71.0,0.9984919418486954
2026-05-25,2026-05-25 11:36:14,V015,71.0,0.9966040765284613
2026-05-25,2026-05-25 11:36:15,V015,70.0,0.9973111809916637
2026-05-25,2026-05-25 11:36:16,V015,69.0,0.997697865438796
2026-05-25,2026-05-25 11:36:17,V015,69.0,0.9969369674604962
2026-05-25,2026-05-25 11:36:18,V015,68.0,0.9974252747988628
2026-05-25,2026-05-25 11:36:19,V015,67.0,0.9971883635251487
2026-05-25,2026-05-25 11:36:20,V015,67.0,0.996510197150537
2026-05-25,2026-05-25 11:36:21,V015,67.0,0.9968805012017515
2026-05-25,2026-05-25 11:36:22,V015,68.0,0.996886943534592
2026-05-25,2026-05-25 11:36:23,V015,68.0,0.9973743653117936
2026-05-25,2026-05-25 11:36:24,V015,69.0,0.9968696886868245
2026-05-25,2026-05-25 11:36:25,V015,69.0,0.9969679862373301
2026-05-25,2026-05-25 11:36:26,V015,69.0,0.997322843083184
2026-05-25,2026-05-25 11:36:27,V015,70.0,0.9970624491902645
2026-05-25,2026-05-25 11:36:28,V015,70.0,0.9974245419398159
2026-05-25,2026-05-25 11:36:29,V015,70.0,0.9972188260461469
2026-05-25,2026-05-25 11:36:30,V015,70.0,0.9970289474199955
2026-05-25,2026-05-25 11:36:31,V015,70.0,0.9977339384369567
2026-05-25,2026-05-25 11:36:32,V015,70.0,0.9971292679190136
2026-05-25,2026-05-25 11:36:33,V015,70.0,0.9968011196019804
2026-05-25,2026-05-25 11:36:34,V015,70.0,0.996839010986035
2026-05-25,2026-05-25 11:36:35,V015,71.0,0.9976919082780947
2026-05-25,2026-05-25 11:36:36,V015,71.0,0.9969716279376881
2026-05-25,2026-05-25 11:36:37,V015,71.0,0.9967092939392554
2026-05-25,2026-05-25 11:36:38,V015,70.0,0.9967514551740257
2026-05-25,2026-05-25 11:36:39,V015,70.0,0.9973563628324901
2026-05-25,2026-05-25 11:36:40,V015,70.0,0.9970745061519461
2026-05-25,2026-05-25 11:36:41,V015,70.0,0.9965717704194619
2026-05-25,2026-05-25 11:36:42,V015,70.0,0.9966248253071192
2026-05-25,2026-05-25 11:36:43,V015,70.0,0.9974655534141448
2026-05-25,2026-05-25 11:36:44,V015,69.0,0.9964364039953664
2026-05-25,2026-05-25 11:36:45,V015,69.0,0.9965077616831344
2026-05-25,2026-05-25 11:36:46,V015,68.0,0.9974407821032092
2026-05-25,2026-05-25 11:36:47,V015,68.0,0.9969830696646557
2026-05-25,2026-05-25 11:36:48,V015,69.0,0.9965586383599365
2026-05-25,2026-05-25 11:36:49,V015,69.0,0.9969545711879414
2026-05-25,2026-05-25 11:36:50,V015,69.0,0.9965155618282849
2026-05-25,2026-05-25 11:36:51,V015,68.0,0.9966871922842552
2026-05-25,2026-05-25 11:36:52,V015,67.0,0.9965788610534432
2026-05-25,2026-05-25 11:36:53,V015,67.0,0.9962689438598812
2026-05-25,2026-05-25 11:36:54,V015,67.0,0.996720772067042
2026-05-25,2026-05-25 11:36:55,V015,67.0,0.996759222833768
2026-05-25,2026-05-25 11:36:56,V015,67.0,0.997468065350797
2026-05-25,2026-05-25 11:36:57,V015,67.0,0.9975538182533558
2026-05-25,2026-05-25 11:36:58,V015,67.0,0.996929592585524
2026-05-25,2026-05-25 11:36:59,V015,67.0,0.9971811623806587
2026-05-25,2026-05-25 11:37:00,V015,67.0,0.9972957316082756
2026-05-25,2026-05-25 11:37:01,V015,66.0,0.9966366057304229
2026-05-25,2026-05-25 11:37:02,V015,65.0,0.9971744232508438
2026-05-25,2026-05-25 11:37:03,V015,65.0,0.9965855239051732
2026-05-25,2026-05-25 11:37:04,V015,65.0,0.9969872675197585
2026-05-25,2026-05-25 11:37:05,V015,65.0,0.9965896368389275
2026-05-25,2026-05-25 11:37:06,V015,65.0,0.9969714922067384
2026-05-25,2026-05-25 11:37:07,V015,65.0,0.9968670689991863
2026-05-25,2026-05-25 11:37:08,V015,65.0,0.9974248712755218
2026-05-25,2026-05-25 11:37:09,V015,65.0,0.9968731601782077
2026-05-25,2026-05-25 11:37:10,V015,64.0,0.9970412956392076
2026-05-25,2026-05-25 11:37:11,V015,64.0,0.9969839166439776
2026-05-25,2026-05-25 11:37:12,V015,64.0,0.9966131815231125
2026-05-25,2026-05-25 11:37:13,V015,64.0,0.9966029214117395
2026-05-25,2026-05-25 11:37:14,V015,64.0,0.996917392739203
2026-05-25,2026-05-25 11:37:15,V015,64.0,0.9969790886456887
2026-05-25,2026-05-25 11:37:16,V015,64.0,0.9972143845978275
2026-05-25,2026-05-25 11:37:17,V015,64.0,0.9973587898888551
2026-05-25,2026-05-25 11:37:18,V015,64.0,0.9970568450064428
2026-05-25,2026-05-25 11:37:19,V015,64.0,0.9971765703112521
2026-05-25,2026-05-25 11:37:20,V015,64.0,0.9971251135420407
2026-05-25,2026-05-25 11:37:21,V015,64.0,0.9971272339883919
2026-05-25,2026-05-25 11:37:22,V015,64.0,0.9974544694573805
2026-05-25,2026-05-25 11:37:23,V015,64.0,0.9972005136751079
2026-05-25,2026-05-25 11:37:24,V015,64.0,0.9971583405053859
2026-05-25,2026-05-25 11:37:25,V015,64.0,0.9974074046021985
2026-05-25,2026-05-25 11:37:26,V015,64.0,0.9970012178405883
2026-05-25,2026-05-25 11:37:27,V015,64.0,0.9968658475743559
2026-05-25,2026-05-25 11:37:28,V015,65.0,0.9965964116168821
2026-05-25,2026-05-25 11:37:29,V015,64.0,0.9972202649536768
2026-05-25,2026-05-25 11:37:30,V015,64.0,0.9967998398150678
2026-05-25,2026-05-25 11:37:31,V015,64.0,0.9965181569250485
2026-05-25,2026-05-25 11:37:32,V015,63.0,0.997102061350305
2026-05-25,2026-05-25 11:37:33,V015,62.0,0.9965328984081964
2026-05-25,2026-05-25 11:37:34,V015,61.0,0.9967966178874356
2026-05-25,2026-05-25 11:37:35,V015,62.0,0.9971309302317424
2026-05-25,2026-05-25 11:37:36,V015,62.0,0.9972872346328457
2026-05-25,2026-05-25 11:37:37,V015,63.0,0.9967511822758277
2026-05-25,2026-05-25 11:37:38,V015,64.0,0.9974284664500785
2026-05-25,2026-05-25 11:37:39,V015,65.0,0.9968560878799034
2026-05-25,2026-05-25 11:37:40,V015,65.0,0.9969604376044889
2026-05-25,2026-05-25 11:37:41,V015,64.0,0.9970983048669876
2026-05-25,2026-05-25 11:37:42,V015,63.0,0.9971609373395589
2026-05-25,2026-05-25 11:37:43,V015,62.0,0.9969430462433577
2026-05-25,2026-05-25 11:37:44,V015,61.0,0.9973123044630686
2026-05-25,2026-05-25 11:37:45,V015,61.0,0.9972148212396013
2026-05-25,2026-05-25 11:37:46,V015,60.0,0.9967034712735761
2026-05-25,2026-05-25 11:37:47,V015,59.0,0.9972653459529075
2026-05-25,2026-05-25 11:37:48,V015,59.0,0.9967720141730374
2026-05-25,2026-05-25 11:37:49,V015,59.0,0.997252504292007
2026-05-25,2026-05-25 11:37:50,V015,60.0,0.9971336370118771
2026-05-25,2026-05-25 11:37:51,V015,60.0,0.9969427142637559
2026-05-25,2026-05-25 11:37:52,V015,60.0,0.9971407486711255
2026-05-25,2026-05-25 11:37:53,V015,60.0,0.9967520958319921
2026-05-25,2026-05-25 11:37:54,V015,61.0,0.9971007989419538
2026-05-25,2026-05-25 11:37:55,V015,61.0,0.9970887457465701
2026-05-25,2026-05-25 11:37:56,V015,61.0,0.9977750065556108
2026-05-25,2026-05-25 11:37:57,V015,61.0,0.9970567510656804
2026-05-25,2026-05-25 11:37:58,V015,60.0,0.9974860776812369
2026-05-25,2026-05-25 11:37:59,V015,59.0,0.9966344735039495
2026-05-25,2026-05-25 11:38:00,V015,59.0,0.9967070432197342
2026-05-25,2026-05-25 11:38:01,V015,59.0,0.997197177980165
2026-05-25,2026-05-25 11:38:02,V015,59.0,0.9970723645935585
2026-05-25,2026-05-25 11:38:03,V015,59.0,0.9963528288238425
2026-05-25,2026-05-25 11:38:04,V015,60.0,0.9972306480710601
2026-05-25,2026-05-25 11:38:05,V015,59.0,0.9970809259055728
2026-05-25,2026-05-25 11:38:06,V015,59.0,0.9966887490427294
2026-05-25,2026-05-25 11:38:07,V015,59.0,0.9970914042337767
2026-05-25,2026-05-25 11:38:08,V015,59.0,0.9970219756289156
2026-05-25,2026-05-25 11:38:09,V015,59.0,0.996942101111608
2026-05-25,2026-05-25 11:38:10,V015,59.0,0.997143547128328
2026-05-25,2026-05-25 11:38:11,V015,60.0,0.997129018516222
2026-05-25,2026-05-25 11:38:12,V015,60.0,0.9969639808366106
2026-05-25,2026-05-25 11:38:13,V015,61.0,0.996939095374172
2026-05-25,2026-05-25 11:38:14,V015,62.0,0.996912083230316
2026-05-25,2026-05-25 11:38:15,V015,62.0,0.9971946422602284
2026-05-25,2026-05-25 11:38:16,V015,63.0,0.9971469597786942
2026-05-25,2026-05-25 11:38:17,V015,63.0,0.9970533174503095
2026-05-25,2026-05-25 11:38:18,V015,62.0,0.9969597048033003
2026-05-25,2026-05-25 11:38:19,V015,62.0,0.9965493142748199
2026-05-25,2026-05-25 11:38:20,V015,62.0,0.9973512245550172
2026-05-25,2026-05-25 11:38:21,V015,62.0,0.9964755378116348
2026-05-25,2026-05-25 11:38:22,V015,62.0,0.9969709670101858
2026-05-25,2026-05-25 11:38:23,V015,62.0,0.9976635281349522
2026-05-25,2026-05-25 11:38:24,V015,62.0,0.9970497664528717
2026-05-25,2026-05-25 11:38:25,V015,62.0,0.9963900798715124
2026-05-25,2026-05-25 11:38:26,V015,62.0,0.9967580798818373
2026-05-25,2026-05-25 11:38:27,V015,62.0,0.9966129480557917
2026-05-25,2026-05-25 11:38:28,V015,62.0,0.9975382694256141
2026-05-25,2026-05-25 11:38:29,V015,62.0,0.9971681188637496
2026-05-25,2026-05-25 11:38:30,V015,62.0,0.9965461093818143
2026-05-25,2026-05-25 11:38:31,V015,63.0,0.9966964372685154
2026-05-25,2026-05-25 11:38:32,V015,63.0,0.9967785604587206
2026-05-25,2026-05-25 11:38:33,V015,62.0,0.9975044947271654
2026-05-25,2026-05-25 11:38:34,V015,62.0,0.9973413856865336
2026-05-25,2026-05-25 11:38:35,V015,61.0,0.9969868312016718
2026-05-25,2026-05-25 11:38:36,V015,61.0,0.9967151626522689
2026-05-25,2026-05-25 11:38:37,V015,62.0,0.997036300671558
2026-05-25,2026-05-25 11:38:38,V015,62.0,0.9974207774091971
2026-05-25,2026-05-25 11:38:39,V015,63.0,0.9961964890514753
2026-05-25,2026-05-25 11:38:40,V015,63.0,0.9970214426938625
2026-05-25,2026-05-25 11:38:41,V015,63.0,0.9967731362659658
2026-05-25,2026-05-25 11:38:42,V015,63.0,0.9973386099039259
2026-05-25,2026-05-25 11:38:43,V015,63.0,0.9968261862657082
2026-05-25,2026-05-25 11:38:44,V015,63.0,0.9972271981303207
2026-05-25,2026-05-25 11:38:45,V015,63.0,0.996781023281666
2026-05-25,2026-05-25 11:38:46,V015,63.0,0.9972317373670617
2026-05-25,2026-05-25 11:38:47,V015,63.0,0.9973566903077404
2026-05-25,2026-05-25 11:38:48,V015,63.0,0.9969781203014625
2026-05-25,2026-05-25 11:38:49,V015,63.0,0.9970154513312205
2026-05-25,2026-05-25 11:38:50,V015,64.0,0.9970777640969872
2026-05-25,2026-05-25 11:38:51,V015,64.0,0.9968472591482811
2026-05-25,2026-05-25 11:38:52,V015,64.0,0.9965401502424716
2026-05-25,2026-05-25 11:38:53,V015,64.0,0.9968836025452429
2026-05-25,2026-05-25 11:38:54,V015,64.0,0.9967577600544434
2026-05-25,2026-05-25 11:38:55,V015,64.0,0.9968321234728693
2026-05-25,2026-05-25 11:38:56,V015,64.0,0.9969101590195852
2026-05-25,2026-05-25 11:38:57,V015,65.0,0.9971342404196084
2026-05-25,2026-05-25 11:38:58,V015,65.0,0.997101798197736
2026-05-25,2026-05-25 11:38:59,V015,65.0,0.9972230819036153
2026-05-25,2026-05-25 11:39:00,V015,65.0,0.9969379581830604
2026-05-25,2026-05-25 11:39:01,V015,65.0,0.9970369347473127
2026-05-25,2026-05-25 11:39:02,V015,65.0,0.9973315472204329
2026-05-25,2026-05-25 11:39:03,V015,65.0,0.9963734416417733
2026-05-25,2026-05-25 11:39:04,V015,65.0,0.9973175001250304
2026-05-25,2026-05-25 11:39:05,V015,65.0,0.9970092058142485
2026-05-25,2026-05-25 11:39:06,V015,66.0,0.9971446082732791
2026-05-25,2026-05-25 11:39:07,V015,66.0,0.9971598955120647
2026-05-25,2026-05-25 11:39:08,V015,66.0,0.9968166838631558
2026-05-25,2026-05-25 11:39:09,V015,67.0,0.9968574365684334
2026-05-25,2026-05-25 11:39:10,V015,67.0,0.9967738814768813
2026-05-25,2026-05-25 11:39:11,V015,67.0,0.9971535814438571
2026-05-25,2026-05-25 11:39:12,V015,68.0,0.997207628066134
2026-05-25,2026-05-25 11:39:13,V015,69.0,0.9965411569653801
2026-05-25,2026-05-25 11:39:14,V015,69.0,0.9972505573281222
2026-05-25,2026-05-25 11:39:15,V015,69.0,0.9969290580012685
2026-05-25,2026-05-25 11:39:16,V015,69.0,0.9965389988805113
2026-05-25,2026-05-25 11:39:17,V015,68.0,0.996584190986689
2026-05-25,2026-05-25 11:39:18,V015,68.0,0.9970422486823206
2026-05-25,2026-05-25 11:39:19,V015,68.0,0.9974997947982388
2026-05-25,2026-05-25 11:39:20,V015,67.0,0.9974240343478621
2026-05-25,2026-05-25 11:39:21,V015,66.0,0.9972175722190897
2026-05-25,2026-05-25 11:39:22,V015,66.0,0.9971262883253227
2026-05-25,2026-05-25 11:39:23,V015,66.0,0.9972942344222328
2026-05-25,2026-05-25 11:39:24,V015,66.0,0.9967001402619851
2026-05-25,2026-05-25 11:39:25,V015,65.0,0.9968283626443043
2026-05-25,2026-05-25 11:39:26,V015,64.0,0.997043554945852
2026-05-25,2026-05-25 11:39:27,V015,64.0,0.9971861736141596
2026-05-25,2026-05-25 11:39:28,V015,64.0,0.9966437731670034
2026-05-25,2026-05-25 11:39:29,V015,64.0,0.9970627409898455
2026-05-25,2026-05-25 11:39:30,V015,64.0,0.9971882494186296
2026-05-25,2026-05-25 11:39:31,V015,64.0,0.9972512132297484
2026-05-25,2026-05-25 11:39:32,V015,64.0,0.9973516505539746
2026-05-25,2026-05-25 11:39:33,V015,64.0,0.9967848053167446
2026-05-25,2026-05-25 11:39:34,V015,64.0,0.9969213368864552
2026-05-25,2026-05-25 11:39:35,V015,63.0,0.9970716759270724
2026-05-25,2026-05-25 11:39:36,V015,63.0,0.996764682837978
2026-05-25,2026-05-25 11:39:37,V015,62.0,0.9973803037522669
2026-05-25,2026-05-25 11:39:38,V015,62.0,0.9970832250866031
2026-05-25,2026-05-25 11:39:39,V015,62.0,0.9968858619533297
2026-05-25,2026-05-25 11:39:40,V015,62.0,0.9972695229390739
2026-05-25,2026-05-25 11:39:41,V015,61.0,0.996810885434586
2026-05-25,2026-05-25 11:39:42,V015,61.0,0.9971765718508316
2026-05-25,2026-05-25 11:39:43,V015,61.0,0.9974447913702806
2026-05-25,2026-05-25 11:39:44,V015,61.0,0.9967064235574348
2026-05-25,2026-05-25 11:39:45,V015,61.0,0.9969576508940137
2026-05-25,2026-05-25 11:39:46,V015,61.0,0.9972167411434063
2026-05-25,2026-05-25 11:39:47,V015,61.0,0.996715757477379
2026-05-25,2026-05-25 11:39:48,V015,61.0,0.9970802230767905
2026-05-25,2026-05-25 11:39:49,V015,61.0,0.9968060196830595
2026-05-25,2026-05-25 11:39:50,V015,61.0,0.9969815921322326
2026-05-25,2026-05-25 11:39:51,V015,61.0,0.9969480825223301
2026-05-25,2026-05-25 11:39:52,V015,61.0,0.9967799177759575
2026-05-25,2026-05-25 11:39:53,V015,62.0,0.9968314121932396
2026-05-25,2026-05-25 11:39:54,V015,62.0,0.9971889257171456
2026-05-25,2026-05-25 11:39:55,V015,62.0,0.99719375420872
2026-05-25,2026-05-25 11:39:56,V015,62.0,0.9970377490220844
2026-05-25,2026-05-25 11:39:57,V015,62.0,0.9969917411158227
2026-05-25,2026-05-25 11:39:58,V015,61.0,0.9969374920349314
2026-05-25,2026-05-25 11:39:59,V015,61.0,0.9967760201866913
2026-05-25,2026-05-25 11:40:00,V015,61.0,0.996677386561633
2026-05-25,2026-05-25 11:40:01,V015,61.0,0.9972838433939191
2026-05-25,2026-05-25 11:40:02,V015,61.0,0.9971393038809357
2026-05-25,2026-05-25 11:40:03,V015,61.0,0.9971049582142469
2026-05-25,2026-05-25 11:40:04,V015,62.0,0.9968312873936754
2026-05-25,2026-05-25 11:40:05,V015,62.0,0.9972393862522466
2026-05-25,2026-05-25 11:40:06,V015,63.0,0.9967351155875743
2026-05-25,2026-05-25 11:40:07,V015,63.0,0.996859739147315
2026-05-25,2026-05-25 11:40:08,V015,63.0,0.9970577197544384
2026-05-25,2026-05-25 11:40:09,V015,64.0,0.9970451869611319
2026-05-25,2026-05-25 11:40:10,V015,63.0,0.9964732408257504
2026-05-25,2026-05-25 11:40:11,V015,63.0,0.9968125497150413
2026-05-25,2026-05-25 11:40:12,V015,63.0,0.9972182899839058
2026-05-25,2026-05-25 11:40:13,V015,63.0,0.9969403179857439
2026-05-25,2026-05-25 11:40:14,V015,62.0,0.9970359086567026
2026-05-25,2026-05-25 11:40:15,V015,62.0,0.9967999650037741
2026-05-25,2026-05-25 11:40:16,V015,62.0,0.9968946709905369
2026-05-25,2026-05-25 11:40:17,V015,62.0,0.9968011214483399
2026-05-25,2026-05-25 11:40:18,V015,63.0,0.9969780033574431
2026-05-25,2026-05-25 11:40:19,V015,64.0,0.9970560973151765
2026-05-25,2026-05-25 11:40:20,V015,65.0,0.996723369875749
2026-05-25,2026-05-25 11:40:21,V015,65.0,0.9971225685605495
2026-05-25,2026-05-25 11:40:22,V015,65.0,0.9973756130127381
2026-05-25,2026-05-25 11:40:23,V015,65.0,0.9970077595810832
2026-05-25,2026-05-25 11:40:24,V015,64.0,0.9968047614161027
2026-05-25,2026-05-25 11:40:25,V015,62.0,0.9972206563362883
2026-05-25,2026-05-25 11:40:26,V015,61.0,0.9973478813255814
2026-05-25,2026-05-25 11:40:27,V015,60.0,0.9968382875190697
2026-05-25,2026-05-25 11:40:28,V015,59.0,0.9971555073679991
2026-05-25,2026-05-25 11:40:29,V015,59.0,0.997209932481862
2026-05-25,2026-05-25 11:40:30,V015,59.0,0.9968123294383779
2026-05-25,2026-05-25 11:40:31,V015,59.0,0.997035456852901
2026-05-25,2026-05-25 11:40:32,V015,59.0,0.9971234903732471
2026-05-25,2026-05-25 11:40:33,V015,59.0,0.9970532448598258
2026-05-25,2026-05-25 11:40:34,V015,60.0,0.9974177690193862
2026-05-25,2026-05-25 11:40:35,V015,60.0,0.9969919955858114
2026-05-25,2026-05-25 11:40:36,V015,60.0,0.9968287329623347
2026-05-25,2026-05-25 11:40:37,V015,60.0,0.9971303441146696
2026-05-25,2026-05-25 11:40:38,V015,60.0,0.9973212569589697
2026-05-25,2026-05-25 11:40:39,V015,60.0,0.996951950474027
2026-05-25,2026-05-25 11:40:40,V015,61.0,0.9975058381535576
2026-05-25,2026-05-25 11:40:41,V015,61.0,0.99694941351562
2026-05-25,2026-05-25 11:40:42,V015,61.0,0.9972031261457093
2026-05-25,2026-05-25 11:40:43,V015,61.0,0.9966990926670255
2026-05-25,2026-05-25 11:40:44,V015,61.0,0.9967291806136928
2026-05-25,2026-05-25 11:40:45,V015,61.0,0.9971470695420832
2026-05-25,2026-05-25 11:40:46,V015,61.0,0.9970324096034596
2026-05-25,2026-05-25 11:40:47,V015,61.0,0.9966254863556654
2026-05-25,2026-05-25 11:40:48,V015,61.0,0.9967532311133547
2026-05-25,2026-05-25 11:40:49,V015,61.0,0.9972887717054804
2026-05-25,2026-05-25 11:40:50,V015,61.0,0.9970030452624138
2026-05-25,2026-05-25 11:40:51,V015,61.0,0.9977617035761148
2026-05-25,2026-05-25 11:40:52,V015,61.0,0.9965224633727161
2026-05-25,2026-05-25 11:40:53,V015,62.0,0.9967971857215635
2026-05-25,2026-05-25 11:40:54,V015,62.0,0.997110143239796
2026-05-25,2026-05-25 11:40:55,V015,61.0,0.9971607952314041
2026-05-25,2026-05-25 11:40:56,V015,61.0,0.996615692745668
2026-05-25,2026-05-25 11:40:57,V015,61.0,0.9969101818367375
2026-05-25,2026-05-25 11:40:58,V015,60.0,0.9971090668989442
2026-05-25,2026-05-25 11:40:59,V015,60.0,0.9966215250687327
2026-05-25,2026-05-25 11:41:00,V015,59.0,0.9974993113240727
2026-05-25,2026-05-25 11:41:01,V015,60.0,0.996812342429893
2026-05-25,2026-05-25 11:41:02,V015,60.0,0.9969556989722763
2026-05-25,2026-05-25 11:41:03,V015,61.0,0.9969257863755103
2026-05-25,2026-05-25 11:41:04,V015,61.0,0.9969042569701989
2026-05-25,2026-05-25 11:41:05,V015,62.0,0.9969825623946956
2026-05-25,2026-05-25 11:41:06,V015,63.0,0.9969081856483343
2026-05-25,2026-05-25 11:41:07,V015,63.0,0.9967723888800191
2026-05-25,2026-05-25 11:41:08,V015,63.0,0.9974718292325286
2026-05-25,2026-05-25 11:41:09,V015,63.0,0.9972406842724821
2026-05-25,2026-05-25 11:41:10,V015,63.0,0.9972556208120349
2026-05-25,2026-05-25 11:41:11,V015,63.0,0.9967572884071272
2026-05-25,2026-05-25 11:41:12,V015,63.0,0.9967885444687978
2026-05-25,2026-05-25 11:41:13,V015,63.0,0.9968531743460596
2026-05-25,2026-05-25 11:41:14,V015,63.0,0.9973018490402246
2026-05-25,2026-05-25 11:41:15,V015,63.0,0.997453751795209
2026-05-25,2026-05-25 11:41:16,V015,62.0,0.9971902972000516
2026-05-25,2026-05-25 11:41:17,V015,62.0,0.9968096074111625
2026-05-25,2026-05-25 11:41:18,V015,62.0,0.9972082386259509
2026-05-25,2026-05-25 11:41:19,V015,62.0,0.9970796214232854
2026-05-25,2026-05-25 11:41:20,V015,62.0,0.9971235280012897
2026-05-25,2026-05-25 11:41:21,V015,63.0,0.9998370993967247
2026-05-25,2026-05-25 11:41:22,V015,63.0,1.047798547070745
2026-05-25,2026-05-25 11:41:23,V015,63.0,0.9928188247340269
2026-05-25,2026-05-25 11:41:24,V015,64.0,1.0102175864562497
2026-05-25,2026-05-25 11:41:25,V015,64.0,1.030664672697192
2026-05-25,2026-05-25 11:41:26,V015,64.0,1.0147154446193647
2026-05-25,2026-05-25 11:41:27,V015,63.0,1.0077117190267544
2026-05-25,2026-05-25 11:41:28,V015,63.0,1.023510002903312
2026-05-25,2026-05-25 11:41:29,V015,63.0,1.009088030677579
2026-05-25,2026-05-25 11:41:30,V015,63.0,1.006436505756935
2026-05-25,2026-05-25 11:41:31,V015,64.0,1.0062767812955014
2026-05-25,2026-05-25 11:41:32,V015,65.0,1.0047309035528587
2026-05-25,2026-05-25 11:41:33,V015,65.0,1.0051159022305944
2026-05-25,2026-05-25 11:41:34,V015,65.0,1.006701235818797
2026-05-25,2026-05-25 11:41:35,V015,65.0,1.0042751482622774
2026-05-25,2026-05-25 11:41:36,V015,65.0,1.0040029796297203
2026-05-25,2026-05-25 11:41:37,V015,65.0,1.0048095037555014
2026-05-25,2026-05-25 11:41:38,V015,65.0,1.004476618147781
2026-05-25,2026-05-25 11:41:39,V015,65.0,1.0040547290733814
2026-05-25,2026-05-25 11:41:40,V015,65.0,1.0040965462724267
2026-05-25,2026-05-25 11:41:41,V015,65.0,1.0037304368652455
2026-05-25,2026-05-25 11:41:42,V015,66.0,1.0034888213276774
2026-05-25,2026-05-25 11:41:43,V015,67.0,1.006565942095261
2026-05-25,2026-05-25 11:41:44,V015,67.0,1.0297324554467369
2026-05-25,2026-05-25 11:41:45,V015,68.0,1.0751193447177687
2026-05-25,2026-05-25 11:41:46,V015,68.0,0.9994031588701993
2026-05-25,2026-05-25 11:41:47,V015,68.0,1.0200443068568579
2026-05-25,2026-05-25 11:41:48,V015,68.0,1.0008115532779727
2026-05-25,2026-05-25 11:41:49,V015,68.0,1.0105984048342205
2026-05-25,2026-05-25 11:41:50,V015,68.0,1.0165963442743144
2026-05-25,2026-05-25 11:41:51,V015,69.0,1.1263167411595412
2026-05-25,2026-05-25 11:41:52,V015,69.0,1.0951618685677613
2026-05-25,2026-05-25 11:41:53,V015,69.0,1.122345793456054
2026-05-25,2026-05-25 11:41:54,V015,69.0,1.1293887358665877
2026-05-25,2026-05-25 11:41:55,V015,69.0,1.1898402424923167
2026-05-25,2026-05-25 11:41:56,V015,69.0,1.0400328571228707
2026-05-25,2026-05-25 11:41:57,V015,69.0,1.0516379393648425
2026-05-25,2026-05-25 11:41:58,V015,69.0,1.1321627839228068
2026-05-25,2026-05-25 11:41:59,V015,68.0,1.4889219653800014
2026-05-25,2026-05-25 11:42:00,V015,68.0,1.5199124461583153
2026-05-25,2026-05-25 11:42:01,V015,69.0,1.5315166554714352
2026-05-25,2026-05-25 11:42:02,V015,69.0,1.3842813265209089
2026-05-25,2026-05-25 11:42:03,V015,69.0,0.9978809192334908
2026-05-25,2026-05-25 11:42:04,V015,69.0,1.2585357849922199
2026-05-25,2026-05-25 11:42:05,V015,69.0,0.9561887673664002
2026-05-25,2026-05-25 11:42:06,V015,69.0,1.0084265772608727
2026-05-25,2026-05-25 11:42:07,V015,69.0,0.9974561931991973
2026-05-25,2026-05-25 11:42:08,V015,70.0,0.9928068456882605
2026-05-25,2026-05-25 11:42:09,V015,73.0,1.0006450492939931
2026-05-25,2026-05-25 11:42:10,V015,75.0,1.0290070168147556
2026-05-25,2026-05-25 11:42:11,V015,77.0,1.0015208496313779
2026-05-25,2026-05-25 11:42:12,V015,79.0,1.1549810005147465
2026-05-25,2026-05-25 11:42:13,V015,82.0,1.0267865748582272
2026-05-25,2026-05-25 11:42:14,V015,85.0,1.0093327552304483
2026-05-25,2026-05-25 11:42:15,V015,87.0,1.0154506698108774
2026-05-25,2026-05-25 11:42:16,V015,89.0,1.0196111613759342
2026-05-25,2026-05-25 11:42:17,V015,89.0,1.399323168544292
2026-05-25,2026-05-25 11:42:18,V015,91.0,0.9946879247694569
2026-05-25,2026-05-25 11:42:19,V015,92.0,1.0055739838436648
2026-05-25,2026-05-25 11:42:20,V015,93.0,0.9973737571872691
2026-05-25,2026-05-25 11:42:21,V015,93.0,0.9969987280417225
2026-05-25,2026-05-25 11:42:22,V015,94.0,0.9966824782543243
2026-05-25,2026-05-25 11:42:23,V015,94.0,0.9965851343745217
2026-05-25,2026-05-25 11:42:24,V015,94.0,0.9964701082485126
2026-05-25,2026-05-25 11:42:25,V015,94.0,0.9959541924042697
2026-05-25,2026-05-25 11:42:26,V015,95.0,0.996732950681239
2026-05-25,2026-05-25 11:42:27,V015,94.0,0.9960864927735359
2026-05-25,2026-05-25 11:42:28,V015,94.0,0.9969421136232194
2026-05-25,2026-05-25 11:42:29,V015,94.0,0.9970581152792196
2026-05-25,2026-05-25 11:42:30,V015,93.0,0.9968171401928794
2026-05-25,2026-05-25 11:42:31,V015,93.0,0.9971122001153867
2026-05-25,2026-05-25 11:42:32,V015,94.0,0.9944504300184
2026-05-25,2026-05-25 11:42:33,V015,94.0,0.9969602413604445
2026-05-25,2026-05-25 11:42:34,V015,94.0,0.9968732922672285
2026-05-25,2026-05-25 11:42:35,V015,95.0,0.9986855013863764
2026-05-25,2026-05-25 11:42:36,V015,96.0,1.0040858640309118
2026-05-25,2026-05-25 11:42:37,V015,96.0,0.9975074519905085
2026-05-25,2026-05-25 11:42:38,V015,96.0,0.9971158419340255
2026-05-25,2026-05-25 11:42:39,V015,98.0,0.9968404569111233
2026-05-25,2026-05-25 11:42:40,V015,99.0,0.9973163930225992
2026-05-25,2026-05-25 11:42:41,V015,99.0,0.996867571298898
2026-05-25,2026-05-25 11:42:42,V015,100.0,0.997107845216901
2026-05-25,2026-05-25 11:42:43,V015,101.0,1.186193702385245
2026-05-25,2026-05-25 11:42:44,V015,102.0,1.2529457794626198
2026-05-25,2026-05-25 11:42:45,V015,102.0,1.183878570317674
2026-05-25,2026-05-25 11:42:46,V015,101.0,1.1620550900444926
2026-05-25,2026-05-25 11:42:47,V015,100.0,1.074579841469841
2026-05-25,2026-05-25 11:42:48,V015,100.0,0.9774941313394271
2026-05-25,2026-05-25 11:42:49,V015,100.0,1.0218105339856138
2026-05-25,2026-05-25 11:42:50,V015,101.0,1.0106279427691411
2026-05-25,2026-05-25 11:42:51,V015,101.0,1.0047759959394078
2026-05-25,2026-05-25 11:42:52,V015,101.0,1.0138745240411873
2026-05-25,2026-05-25 11:42:53,V015,101.0,1.0170448470986713
2026-05-25,2026-05-25 11:42:54,V015,102.0,0.9812778053921085
2026-05-25,2026-05-25 11:42:55,V015,102.0,1.0134178741987623
2026-05-25,2026-05-25 11:42:56,V015,102.0,1.01894188402841
2026-05-25,2026-05-25 11:42:57,V015,101.0,1.0133851350258247
2026-05-25,2026-05-25 11:42:58,V015,101.0,1.023806959296638
2026-05-25,2026-05-25 11:42:59,V015,102.0,0.9941873067597661
2026-05-25,2026-05-25 11:43:00,V015,102.0,1.0005896403667294
2026-05-25,2026-05-25 11:43:01,V015,102.0,0.994800294373612
2026-05-25,2026-05-25 11:43:02,V015,102.0,1.0098787428757852
2026-05-25,2026-05-25 11:43:03,V015,102.0,0.9952259861185478
2026-05-25,2026-05-25 11:43:04,V015,102.0,0.9990845493074264
2026-05-25,2026-05-25 11:43:05,V015,102.0,1.0156136346805678
2026-05-25,2026-05-25 11:43:06,V015,102.0,1.0175027785392183
2026-05-25,2026-05-25 11:43:07,V015,102.0,1.0069249923603258
2026-05-25,2026-05-25 11:43:08,V015,102.0,1.009636809843598
2026-05-25,2026-05-25 11:43:09,V015,102.0,1.0107158968195546
2026-05-25,2026-05-25 11:43:10,V015,103.0,0.9974709281534899
2026-05-25,2026-05-25 11:43:11,V015,104.0,1.0039837176214303
2026-05-25,2026-05-25 11:43:12,V015,104.0,1.0034287405139437
2026-05-25,2026-05-25 11:43:13,V015,104.0,1.0202147677307392
2026-05-25,2026-05-25 11:43:14,V015,104.0,1.0110240204201726
2026-05-25,2026-05-25 11:43:15,V015,103.0,0.9991558713761921
2026-05-25,2026-05-25 11:43:16,V015,103.0,1.0059970894208052
2026-05-25,2026-05-25 11:43:17,V015,103.0,1.006761757785593
2026-05-25,2026-05-25 11:43:18,V015,102.0,1.0148123217806022
2026-05-25,2026-05-25 11:43:19,V015,101.0,1.007040180781003
2026-05-25,2026-05-25 11:43:20,V015,101.0,1.0212541212835302
2026-05-25,2026-05-25 11:43:21,V015,101.0,1.0011179184688361
2026-05-25,2026-05-25 11:43:22,V015,100.0,1.0230049327688473
2026-05-25,2026-05-25 11:43:23,V015,100.0,0.9931232412901642
2026-05-25,2026-05-25 11:43:24,V015,99.0,1.0031366458153739
2026-05-25,2026-05-25 11:43:25,V015,99.0,1.0103786967526072
2026-05-25,2026-05-25 11:43:26,V015,98.0,0.9883144952402949
2026-05-25,2026-05-25 11:43:27,V015,98.0,1.0032107435519544
2026-05-25,2026-05-25 11:43:28,V015,96.0,0.9977984971314532
2026-05-25,2026-05-25 11:43:29,V015,95.0,1.0051257752116287
2026-05-25,2026-05-25 11:43:30,V015,94.0,1.0123907851809593
2026-05-25,2026-05-25 11:43:31,V015,90.0,0.9832697172659987
2026-05-25,2026-05-25 11:43:32,V015,88.0,1.006009786380118
2026-05-25,2026-05-25 11:43:33,V015,86.0,1.0155437743154658
2026-05-25,2026-05-25 11:43:34,V015,85.0,0.9875161238219559
2026-05-25,2026-05-25 11:43:35,V015,85.0,0.993248209112193
2026-05-25,2026-05-25 11:43:36,V015,85.0,1.090065929198422
2026-05-25,2026-05-25 11:43:37,V015,85.0,0.9936266215182827
2026-05-25,2026-05-25 11:43:38,V015,85.0,1.0292690596154592
2026-05-25,2026-05-25 11:43:39,V015,86.0,1.0590461566136793
2026-05-25,2026-05-25 11:43:40,V015,86.0,1.0221403485633136
2026-05-25,2026-05-25 11:43:41,V015,86.0,0.9789249448969907
2026-05-25,2026-05-25 11:43:42,V015,87.0,1.012146102399982
2026-05-25,2026-05-25 11:43:43,V015,89.0,0.9989450027763743
2026-05-25,2026-05-25 11:43:44,V015,90.0,1.0259463471044439
2026-05-25,2026-05-25 11:43:45,V015,93.0,1.0986429326031788
2026-05-25,2026-05-25 11:43:46,V015,96.0,1.0278357877199387
2026-05-25,2026-05-25 11:43:47,V015,99.0,0.9999705508995455
2026-05-25,2026-05-25 11:43:48,V015,102.0,0.9984175619209538
2026-05-25,2026-05-25 11:43:49,V015,104.0,0.9989004034947484
2026-05-25,2026-05-25 11:43:50,V015,106.0,0.996632138931308
2026-05-25,2026-05-25 11:43:51,V015,106.0,0.9980095174640876
2026-05-25,2026-05-25 11:43:52,V015,106.0,1.0017962688519315
2026-05-25,2026-05-25 11:43:53,V015,106.0,0.9968627063858102
2026-05-25,2026-05-25 11:43:54,V015,106.0,0.9979646833393541
2026-05-25,2026-05-25 11:43:55,V015,106.0,0.9979667476503933
2026-05-25,2026-05-25 11:43:56,V015,106.0,0.9994541415708761
2026-05-25,2026-05-25 11:43:57,V015,106.0,0.9985714273824641
2026-05-25,2026-05-25 11:43:58,V015,106.0,0.9933707265116091
2026-05-25,2026-05-25 11:43:59,V015,106.0,0.9989249366924565
2026-05-25,2026-05-25 11:44:00,V015,105.0,0.9979656987286943
2026-05-25,2026-05-25 11:44:01,V015,105.0,0.9992803484303436
2026-05-25,2026-05-25 11:44:02,V015,104.0,0.995356845647488
2026-05-25,2026-05-25 11:44:03,V015,103.0,0.9960168672206325
2026-05-25,2026-05-25 11:44:04,V015,102.0,0.9959668287282889
2026-05-25,2026-05-25 11:44:05,V015,99.0,0.9987348158714495
2026-05-25,2026-05-25 11:44:06,V015,97.0,0.9981464823060563
2026-05-25,2026-05-25 11:44:07,V015,95.0,1.0146619921590376
2026-05-25,2026-05-25 11:44:08,V015,94.0,0.9955584133938192
2026-05-25,2026-05-25 11:44:09,V015,95.0,1.0004612362532987
2026-05-25,2026-05-25 11:44:10,V015,95.0,1.0007712611102222
2026-05-25,2026-05-25 11:44:11,V015,95.0,0.998634542914686
2026-05-25,2026-05-25 11:44:12,V015,94.0,0.9999324561878229
2026-05-25,2026-05-25 11:44:13,V015,94.0,0.989079940044823
2026-05-25,2026-05-25 11:44:14,V015,94.0,1.0004279875723496
2026-05-25,2026-05-25 11:44:15,V015,94.0,1.0001845929059485
2026-05-25,2026-05-25 11:44:16,V015,94.0,1.0055405147650516
2026-05-25,2026-05-25 11:44:17,V015,94.0,0.9966685502763544
2026-05-25,2026-05-25 11:44:18,V015,94.0,0.9971251272242573
2026-05-25,2026-05-25 11:44:19,V015,94.0,0.9984803609291685
2026-05-25,2026-05-25 11:44:20,V015,94.0,1.009685170160802
2026-05-25,2026-05-25 11:44:21,V015,94.0,0.9865877561346201
2026-05-25,2026-05-25 11:44:22,V015,95.0,0.9908107343602359
2026-05-25,2026-05-25 11:44:23,V015,95.0,0.9966574200585803
2026-05-25,2026-05-25 11:44:24,V015,95.0,1.0026028114952243
2026-05-25,2026-05-25 11:44:25,V015,95.0,0.9968309950773943
2026-05-25,2026-05-25 11:44:26,V015,95.0,0.9999968713348221
2026-05-25,2026-05-25 11:44:27,V015,96.0,0.999580642081829
2026-05-25,2026-05-25 11:44:28,V015,96.0,1.0006460236790597
2026-05-25,2026-05-25 11:44:29,V015,96.0,0.996990808333626
2026-05-25,2026-05-25 11:44:30,V015,96.0,0.9987601466305216
2026-05-25,2026-05-25 11:44:31,V015,95.0,0.9974963073171363
2026-05-25,2026-05-25 11:44:32,V015,95.0,1.0009152371256074
2026-05-25,2026-05-25 11:44:33,V015,95.0,1.0107408175825472
2026-05-25,2026-05-25 11:44:34,V015,95.0,1.103016882751601
2026-05-25,2026-05-25 11:44:35,V015,94.0,0.9626054720305122
2026-05-25,2026-05-25 11:44:36,V015,94.0,1.0144060108419648
2026-05-25,2026-05-25 11:44:37,V015,94.0,1.0116036276406561
2026-05-25,2026-05-25 11:44:38,V015,94.0,1.0388294184988853
2026-05-25,2026-05-25 11:44:39,V015,94.0,1.0294267954292016
2026-05-25,2026-05-25 11:44:40,V015,94.0,0.9638120548783595
2026-05-25,2026-05-25 11:44:41,V015,94.0,1.0116314872940662
2026-05-25,2026-05-25 11:44:42,V015,94.0,0.9783855962126615
2026-05-25,2026-05-25 11:44:43,V015,94.0,1.0050303160853058
2026-05-25,2026-05-25 11:44:44,V015,94.0,1.0845776396579703
2026-05-25,2026-05-25 11:44:45,V015,94.0,1.0333008597689841
2026-05-25,2026-05-25 11:44:46,V015,94.0,1.002542038173603
2026-05-25,2026-05-25 11:44:47,V015,94.0,0.999807031561619
2026-05-25,2026-05-25 11:44:48,V015,94.0,0.9992219559142064
2026-05-25,2026-05-25 11:44:49,V015,94.0,0.9989479212653433
2026-05-25,2026-05-25 11:44:50,V015,94.0,0.995000821216993
2026-05-25,2026-05-25 11:44:51,V015,94.0,0.995735213234525
2026-05-25,2026-05-25 11:44:52,V015,93.0,0.9710448455563013
2026-05-25,2026-05-25 11:44:53,V015,93.0,0.9947286126428171
2026-05-25,2026-05-25 11:44:54,V015,93.0,0.99859234208297
2026-05-25,2026-05-25 11:44:55,V015,92.0,0.9995255725431511
2026-05-25,2026-05-25 11:44:56,V015,91.0,0.998887131992294
2026-05-25,2026-05-25 11:44:57,V015,91.0,0.9990443974444801
2026-05-25,2026-05-25 11:44:58,V015,90.0,0.9987047054551076
2026-05-25,2026-05-25 11:44:59,V015,90.0,0.9986132641913437
2026-05-25,2026-05-25 11:45:00,V015,90.0,0.9986652476861447
2026-05-25,2026-05-25 11:45:01,V015,90.0,0.9982799919023434
2026-05-25,2026-05-25 11:45:02,V015,90.0,0.9965588572371283
2026-05-25,2026-05-25 11:45:03,V015,90.0,0.9986651098215792
2026-05-25,2026-05-25 11:45:04,V015,90.0,0.999338728265267
2026-05-25,2026-05-25 11:45:05,V015,90.0,0.9989057367879102
2026-05-25,2026-05-25 11:45:06,V015,89.0,0.9982604534465688
2026-05-25,2026-05-25 11:45:07,V015,89.0,1.0025194334121932
2026-05-25,2026-05-25 11:45:08,V015,89.0,0.9994268026223608
2026-05-25,2026-05-25 11:45:09,V015,88.0,1.0032275175111036
2026-05-25,2026-05-25 11:45:10,V015,88.0,
2026-05-25,2026-05-25 11:45:11,V015,88.0,
2026-05-25,2026-05-25 11:45:12,V015,87.0,
